{"type":"FeatureCollection","features":[{"type":"Feature","properties":{"name":"TET_LV-01_20250730","lengthKm":830.4},"geometry":{"type":"LineString","coordinates":[[23.55938,56.33545],[23.55886,56.3367],[23.55825,56.33736],[23.55676,56.33885],[23.55451,56.34111],[23.55281,56.3425],[23.55189,56.34312],[23.54963,56.34392],[23.54864,56.34478],[23.54667,56.34566],[23.54484,56.34661],[23.54263,56.34782],[23.54039,56.34905],[23.53566,56.35165],[23.53319,56.35304],[23.53201,56.35371],[23.52704,56.35647],[23.52559,56.35708],[23.5226,56.35832],[23.5194,56.35959],[23.51296,56.36194],[23.50876,56.3634],[23.50152,56.35322],[23.49986,56.35189],[23.49899,56.35133],[23.49763,56.3509],[23.49461,56.34994],[23.49305,56.3495],[23.48968,56.34867],[23.48846,56.34839],[23.48649,56.34881],[23.48569,56.34959],[23.4808,56.35527],[23.47678,56.36005],[23.47594,56.36215],[23.47537,56.36289],[23.47448,56.36402],[23.48138,56.36438],[23.48571,56.36483],[23.4887,56.36594],[23.48603,56.36667],[23.48361,56.36694],[23.47672,56.36838],[23.47374,56.36932],[23.47074,56.36984],[23.46679,56.37061],[23.46458,56.37105],[23.46137,56.37263],[23.45894,56.37337],[23.4581,56.37396],[23.45743,56.37469],[23.45538,56.37559],[23.45282,56.37586],[23.45144,56.37647],[23.45035,56.37722],[23.447,56.37675],[23.44511,56.37641],[23.44296,56.37635],[23.44129,56.37554],[23.43704,56.37418],[23.435,56.374],[23.43263,56.37443],[23.43017,56.37489],[23.42837,56.37454],[23.42325,56.37416],[23.42123,56.37418],[23.41839,56.37502],[23.41529,56.37638],[23.41403,56.37801],[23.41451,56.37886],[23.4138,56.37949],[23.41447,56.3802],[23.41633,56.38036],[23.4155,56.38134],[23.41492,56.38203],[23.41415,56.38262],[23.41193,56.38309],[23.41023,56.38424],[23.40808,56.38578],[23.40386,56.38855],[23.39838,56.38837],[23.39292,56.38782],[23.38992,56.38779],[23.38623,56.38949],[23.38331,56.39088],[23.38033,56.39198],[23.3749,56.39255],[23.37089,56.39277],[23.36647,56.39298],[23.35563,56.39346],[23.35208,56.39363],[23.35,56.3937],[23.34661,56.39209],[23.33645,56.39089],[23.33446,56.39035],[23.33289,56.38919],[23.33172,56.38781],[23.32792,56.38287],[23.32682,56.38211],[23.32335,56.38218],[23.32026,56.38235],[23.31856,56.38243],[23.31019,56.38288],[23.30866,56.383],[23.30651,56.3841],[23.30598,56.38326],[23.30527,56.38261],[23.30254,56.3813],[23.29727,56.37988],[23.29474,56.37888],[23.29275,56.37785],[23.29128,56.37733],[23.28967,56.37655],[23.28768,56.37628],[23.28432,56.37611],[23.28112,56.37617],[23.27967,56.37676],[23.27755,56.37835],[23.27528,56.38008],[23.27294,56.38187],[23.26697,56.38635],[23.26352,56.38903],[23.26188,56.38959],[23.25885,56.38937],[23.25734,56.38931],[23.25518,56.39018],[23.2547,56.39086],[23.25398,56.39274],[23.25297,56.39545],[23.25227,56.39691],[23.25068,56.39768],[23.24956,56.39879],[23.24993,56.39975],[23.25305,56.40067],[23.25067,56.40123],[23.2481,56.40218],[23.24469,56.40303],[23.2408,56.40371],[23.23925,56.40417],[23.23754,56.40448],[23.23562,56.40451],[23.23166,56.40504],[23.22783,56.40622],[23.2228,56.40809],[23.21925,56.40832],[23.21755,56.40863],[23.21603,56.40923],[23.21486,56.40993],[23.21264,56.41123],[23.2093,56.41181],[23.20627,56.41208],[23.20511,56.41262],[23.20381,56.41348],[23.19952,56.41619],[23.19698,56.41808],[23.19599,56.41902],[23.19478,56.41996],[23.19337,56.42091],[23.19182,56.42172],[23.18908,56.42349],[23.18771,56.42442],[23.18671,56.42525],[23.18633,56.4262],[23.18624,56.42708],[23.18674,56.42786],[23.18748,56.42867],[23.18775,56.42938],[23.18707,56.43018],[23.18605,56.43108],[23.18405,56.43307],[23.18302,56.43384],[23.18062,56.43536],[23.17931,56.43601],[23.17845,56.43667],[23.17686,56.43934],[23.17657,56.44136],[23.1762,56.44216],[23.17578,56.44302],[23.17499,56.44381],[23.17261,56.44529],[23.17221,56.44621],[23.17166,56.44696],[23.17075,56.44762],[23.16947,56.44849],[23.16767,56.44754],[23.16653,56.44719],[23.16471,56.44618],[23.16026,56.44574],[23.15892,56.44578],[23.15651,56.44628],[23.154,56.44725],[23.15132,56.44822],[23.14987,56.44847],[23.14706,56.44894],[23.14575,56.44877],[23.14332,56.44903],[23.14131,56.44958],[23.1399,56.44965],[23.13843,56.44977],[23.13599,56.44998],[23.1332,56.44958],[23.13055,56.44926],[23.12549,56.44956],[23.12356,56.44932],[23.12217,56.44919],[23.11884,56.44885],[23.11583,56.44879],[23.11458,56.44832],[23.11095,56.4481],[23.10512,56.44776],[23.1025,56.44793],[23.09996,56.4478],[23.09588,56.44801],[23.09091,56.44768],[23.08748,56.44748],[23.08602,56.44746],[23.08186,56.44771],[23.07998,56.44717],[23.07873,56.44694],[23.0749,56.44701],[23.07303,56.44687],[23.07026,56.44621],[23.06749,56.44601],[23.06513,56.44566],[23.06301,56.44496],[23.05902,56.44489],[23.05878,56.4476],[23.05869,56.44885],[23.05863,56.45197],[23.05857,56.4566],[23.05936,56.45992],[23.05988,56.46198],[23.05768,56.46059],[23.05563,56.45838],[23.05378,56.45842],[23.05222,56.45844],[23.04897,56.45864],[23.0475,56.45914],[23.04428,56.45997],[23.04224,56.45979],[23.04076,56.45985],[23.03905,56.45987],[23.03426,56.45982],[23.03334,56.46106],[23.03245,56.46269],[23.03151,56.46431],[23.0295,56.46663],[23.02936,56.469],[23.029,56.46979],[23.02748,56.47246],[23.02756,56.47356],[23.02814,56.47526],[23.02805,56.47614],[23.02784,56.47705],[23.02714,56.47939],[23.03008,56.48002],[23.03022,56.48095],[23.03111,56.48201],[23.03092,56.48277],[23.03017,56.48348],[23.02816,56.48496],[23.02583,56.48667],[23.02218,56.48877],[23.02066,56.48908],[23.01689,56.48952],[23.01274,56.48962],[23.00464,56.48945],[23.00094,56.48984],[22.99926,56.48989],[22.99555,56.48955],[22.99144,56.48972],[22.98944,56.48983],[22.9878,56.49001],[22.98487,56.49155],[22.9819,56.49311],[22.98017,56.49361],[22.97593,56.49436],[22.96943,56.4952],[22.96766,56.49562],[22.96606,56.49636],[22.96308,56.4982],[22.96151,56.49896],[22.95974,56.49958],[22.9578,56.50024],[22.95189,56.50213],[22.95013,56.50225],[22.94655,56.50208],[22.94391,56.50269],[22.94241,56.50323],[22.94082,56.50353],[22.93907,56.50358],[22.93718,56.50338],[22.93193,56.50278],[22.93062,56.50266],[22.92895,56.50219],[22.92781,56.50182],[22.92355,56.50147],[22.92204,56.50163],[22.92074,56.50189],[22.91824,56.50306],[22.91691,56.50373],[22.9143,56.50459],[22.91313,56.50516],[22.91167,56.50556],[22.91012,56.50572],[22.90885,56.50595],[22.90805,56.50669],[22.90637,56.50851],[22.90538,56.50928],[22.90298,56.51025],[22.90186,56.51187],[22.89996,56.51177],[22.89856,56.51174],[22.89731,56.5115],[22.89168,56.51132],[22.89031,56.51143],[22.88894,56.51169],[22.88665,56.51239],[22.88457,56.51332],[22.88228,56.51381],[22.88057,56.51478],[22.87927,56.51539],[22.87807,56.5151],[22.87687,56.51427],[22.86963,56.51407],[22.86509,56.51337],[22.86153,56.5129],[22.85969,56.513],[22.85964,56.51221],[22.85917,56.51104],[22.85982,56.50984],[22.86133,56.5084],[22.86077,56.50771],[22.85832,56.50729],[22.85589,56.50632],[22.85407,56.50511],[22.85282,56.50451],[22.85026,56.50334],[22.84816,56.50204],[22.84599,56.50063],[22.84498,56.50007],[22.84382,56.49965],[22.84114,56.49892],[22.83917,56.4988],[22.83709,56.49873],[22.83358,56.49856],[22.83208,56.49843],[22.83063,56.4984],[22.82831,56.49929],[22.8259,56.49984],[22.82452,56.5],[22.82318,56.49997],[22.82085,56.50054],[22.82023,56.50166],[22.81905,56.50306],[22.81618,56.50404],[22.81653,56.5053],[22.81711,56.50654],[22.81685,56.50775],[22.81414,56.50954],[22.81325,56.51016],[22.81262,56.51081],[22.81177,56.51369],[22.80928,56.51502],[22.80834,56.5163],[22.808,56.52084],[22.80663,56.52323],[22.80939,56.52693],[22.80538,56.52704],[22.80183,56.52661],[22.79838,56.52622],[22.79691,56.52605],[22.7855,56.52461],[22.78309,56.52262],[22.78062,56.52047],[22.7782,56.51832],[22.77524,56.51585],[22.76124,56.50758],[22.75981,56.50685],[22.75315,56.50436],[22.74346,56.50077],[22.74183,56.49996],[22.73636,56.49642],[22.73432,56.49746],[22.73197,56.49873],[22.72802,56.50143],[22.72262,56.50328],[22.7166,56.50522],[22.71029,56.50748],[22.70894,56.50818],[22.70778,56.509],[22.70676,56.50994],[22.70439,56.51268],[22.70346,56.51334],[22.70218,56.51374],[22.70412,56.51415],[22.70592,56.51453],[22.70671,56.51546],[22.70764,56.5167],[22.70944,56.51784],[22.71421,56.52083],[22.71625,56.52206],[22.71843,56.52304],[22.71996,56.524],[22.72065,56.52523],[22.71995,56.5278],[22.71905,56.53141],[22.71269,56.53091],[22.71046,56.531],[22.70813,56.53187],[22.70527,56.53352],[22.70353,56.53368],[22.7064,56.53606],[22.70835,56.53733],[22.71022,56.53845],[22.70818,56.53901],[22.70681,56.53972],[22.70508,56.54097],[22.70393,56.54213],[22.70185,56.54256],[22.70013,56.54257],[22.69589,56.54375],[22.69324,56.5436],[22.69062,56.54489],[22.68918,56.54524],[22.68813,56.54605],[22.68699,56.5469],[22.68431,56.54868],[22.68108,56.55002],[22.67821,56.55088],[22.67679,56.55095],[22.6752,56.5504],[22.67532,56.54926],[22.67483,56.54798],[22.67388,56.5474],[22.6731,56.54675],[22.67176,56.54551],[22.67107,56.54421],[22.67048,56.54262],[22.66953,56.54166],[22.67006,56.53879],[22.67029,56.53802],[22.67148,56.53593],[22.67172,56.53461],[22.6687,56.53519],[22.66435,56.53609],[22.66257,56.53698],[22.66129,56.53775],[22.66009,56.53878],[22.659,56.53969],[22.65802,56.54088],[22.65506,56.54322],[22.65383,56.54397],[22.65216,56.54466],[22.65181,56.54539],[22.6508,56.54609],[22.65166,56.54712],[22.65341,56.5478],[22.65417,56.54843],[22.65322,56.55],[22.65365,56.55249],[22.65171,56.55325],[22.64948,56.55441],[22.64628,56.5559],[22.64467,56.55721],[22.64392,56.55791],[22.64299,56.55848],[22.64061,56.55946],[22.63668,56.56094],[22.63536,56.56153],[22.63212,56.56251],[22.63155,56.56155],[22.63189,56.56229],[22.63082,56.5631],[22.63026,56.56379],[22.62962,56.56524],[22.62618,56.56522],[22.62495,56.56485],[22.6238,56.56266],[22.6232,56.56192],[22.62244,56.56121],[22.62108,56.55967],[22.61681,56.55833],[22.61334,56.55746],[22.61212,56.55692],[22.61078,56.55652],[22.6091,56.55628],[22.60708,56.55546],[22.60299,56.55552],[22.60171,56.55567],[22.59653,56.55609],[22.58755,56.55693],[22.58606,56.557],[22.58288,56.5557],[22.58168,56.55502],[22.58059,56.55418],[22.57861,56.55247],[22.57596,56.55133],[22.57468,56.55097],[22.57021,56.54871],[22.56655,56.54719],[22.56523,56.54689],[22.56365,56.54674],[22.56226,56.54666],[22.56093,56.54632],[22.55675,56.54473],[22.55416,56.54359],[22.55285,56.54332],[22.54826,56.54364],[22.54581,56.54361],[22.54373,56.54284],[22.54086,56.5423],[22.53966,56.54192],[22.53853,56.54138],[22.53712,56.54108],[22.53579,56.54064],[22.53195,56.53943],[22.53061,56.53919],[22.52619,56.53905],[22.52324,56.53837],[22.52197,56.53798],[22.52109,56.53734],[22.52029,56.53666],[22.51915,56.53605],[22.51538,56.53526],[22.51189,56.53518],[22.51005,56.53441],[22.50755,56.53401],[22.50627,56.53359],[22.50394,56.53269],[22.50095,56.53285],[22.49795,56.53302],[22.49528,56.53257],[22.49425,56.53198],[22.49191,56.53076],[22.49012,56.52928],[22.4889,56.52864],[22.48755,56.52805],[22.48535,56.5266],[22.48417,56.52601],[22.48116,56.5254],[22.47658,56.5251],[22.47361,56.5251],[22.47145,56.52456],[22.47034,56.52264],[22.4685,56.52192],[22.46312,56.52132],[22.45799,56.52089],[22.455,56.51964],[22.45371,56.51925],[22.44989,56.51956],[22.44582,56.51879],[22.44204,56.51929],[22.43956,56.5186],[22.43812,56.51854],[22.43612,56.51792],[22.43478,56.51766],[22.43239,56.51709],[22.42921,56.51718],[22.42578,56.51726],[22.42207,56.51711],[22.41926,56.5165],[22.41819,56.51593],[22.41692,56.51538],[22.41264,56.51368],[22.40887,56.51214],[22.40775,56.51159],[22.40599,56.51042],[22.40451,56.50943],[22.401,56.51137],[22.39952,56.51123],[22.39859,56.51069],[22.39945,56.50924],[22.40093,56.50691],[22.40221,56.50515],[22.40323,56.50375],[22.40702,56.49849],[22.40575,56.49794],[22.40505,56.4973],[22.4042,56.4965],[22.40297,56.49577],[22.40043,56.49333],[22.39949,56.4927],[22.39661,56.49164],[22.39556,56.49087],[22.39446,56.49031],[22.39298,56.49003],[22.39158,56.48952],[22.39045,56.48868],[22.38921,56.48803],[22.38598,56.48768],[22.38211,56.48701],[22.38041,56.48673],[22.37876,56.48621],[22.37386,56.48507],[22.37065,56.48573],[22.36934,56.48604],[22.36779,56.4859],[22.36284,56.48488],[22.35944,56.4849],[22.35795,56.48513],[22.35594,56.48521],[22.35341,56.48447],[22.35195,56.4838],[22.35073,56.48309],[22.3493,56.48255],[22.34807,56.48192],[22.34698,56.48111],[22.34372,56.47991],[22.34187,56.4794],[22.33821,56.47855],[22.33702,56.47824],[22.33431,56.4789],[22.33306,56.47952],[22.33195,56.48027],[22.32957,56.47896],[22.32671,56.47731],[22.32369,56.47557],[22.32052,56.47375],[22.31431,56.47014],[22.30987,56.46757],[22.30858,56.46724],[22.307,56.46735],[22.30453,56.46774],[22.30438,56.46685],[22.30632,56.46135],[22.30663,56.45918],[22.30623,56.45807],[22.3043,56.45596],[22.30243,56.45406],[22.30201,56.45319],[22.30219,56.45227],[22.29371,56.44783],[22.28561,56.44191],[22.27688,56.44034],[22.27207,56.43956],[22.27021,56.43909],[22.26666,56.4376],[22.25978,56.43446],[22.25646,56.43132],[22.25882,56.42078],[22.24573,56.41962],[22.23022,56.41445],[22.22676,56.41462],[22.225,56.41383],[22.22313,56.41332],[22.22093,56.41234],[22.21957,56.41264],[22.21772,56.41213],[22.21669,56.41257],[22.21792,56.41212],[22.21922,56.41246],[22.21985,56.41379],[22.22007,56.41467],[22.21824,56.41509],[22.2173,56.41672],[22.21629,56.419],[22.21534,56.42038],[22.21461,56.42143],[22.21217,56.42387],[22.21118,56.42468],[22.21217,56.42547],[22.21456,56.426],[22.21799,56.42656],[22.21852,56.4275],[22.21841,56.42895],[22.21781,56.43049],[22.21383,56.435],[22.21256,56.43649],[22.21255,56.43724],[22.2126,56.43812],[22.21105,56.44082],[22.21124,56.44187],[22.21181,56.44478],[22.21246,56.44573],[22.21312,56.44665],[22.21335,56.44872],[22.21273,56.45471],[22.2089,56.45437],[22.2077,56.45382],[22.20484,56.45243],[22.20094,56.45047],[22.19966,56.4503],[22.19828,56.45115],[22.19428,56.45019],[22.19177,56.44934],[22.18991,56.45045],[22.18777,56.45119],[22.18476,56.45169],[22.18328,56.45196],[22.1822,56.45251],[22.18128,56.45316],[22.18045,56.45382],[22.1783,56.45551],[22.16833,56.45583],[22.16661,56.45592],[22.16327,56.45623],[22.15988,56.45688],[22.15876,56.45728],[22.15799,56.45808],[22.15652,56.45997],[22.15326,56.46232],[22.14917,56.46452],[22.14819,56.46508],[22.14743,56.46589],[22.14638,56.46672],[22.14442,56.46825],[22.14223,56.46913],[22.1352,56.4712],[22.13368,56.47212],[22.13345,56.47286],[22.13465,56.47386],[22.13689,56.47454],[22.13968,56.4754],[22.14094,56.47599],[22.14564,56.47849],[22.13918,56.48157],[22.13614,56.48304],[22.12866,56.48665],[22.12729,56.48727],[22.1256,56.48754],[22.12158,56.48748],[22.11753,56.48743],[22.11358,56.48739],[22.1103,56.48723],[22.10874,56.4869],[22.1071,56.48656],[22.10544,56.48641],[22.1025,56.48665],[22.09993,56.48701],[22.09703,56.48869],[22.09605,56.48937],[22.09465,56.48985],[22.09306,56.49025],[22.0884,56.49152],[22.08538,56.49265],[22.0809,56.49416],[22.0794,56.49446],[22.07753,56.49509],[22.07596,56.49601],[22.07397,56.49696],[22.07192,56.49823],[22.07037,56.4988],[22.06847,56.49934],[22.06996,56.49989],[22.0685,56.4994],[22.06713,56.49874],[22.06592,56.49817],[22.06369,56.49782],[22.06201,56.49632],[22.05891,56.49695],[22.05756,56.49711],[22.05482,56.49698],[22.05283,56.49707],[22.05181,56.49846],[22.051,56.50027],[22.05057,56.50109],[22.0495,56.50258],[22.04898,56.50353],[22.04699,56.50449],[22.05308,56.51475],[22.05262,56.51562],[22.04969,56.5185],[22.04711,56.51843],[22.04526,56.51835],[22.04318,56.51865],[22.03942,56.51913],[22.03696,56.51767],[22.03467,56.51814],[22.03381,56.51882],[22.03303,56.5195],[22.03387,56.52071],[22.03408,56.52143],[22.02867,56.52578],[22.02362,56.52429],[22.01816,56.52221],[22.01419,56.52068],[22.01296,56.52142],[22.01256,56.52315],[22.0122,56.524],[22.01143,56.52469],[22.0103,56.52537],[22.00955,56.52613],[22.00908,56.52708],[22.00862,56.52781],[22.00768,56.52849],[22.00696,56.52939],[22.00591,56.53118],[22.00579,56.53213],[22.00569,56.53307],[22.00463,56.535],[22.00439,56.53677],[22.00371,56.53779],[22.00278,56.53867],[22.00081,56.54026],[21.99937,56.54268],[21.99925,56.54347],[21.99992,56.54427],[22.00054,56.54511],[22.00081,56.54591],[22.00012,56.54762],[21.99994,56.54853],[22.00003,56.55068],[22.00062,56.55383],[22.00079,56.55481],[22.00086,56.55591],[22.00075,56.55686],[22.00027,56.55778],[21.99871,56.56036],[21.9978,56.56093],[21.99377,56.56202],[21.99232,56.56153],[21.99012,56.56042],[21.98759,56.55915],[21.98651,56.55853],[21.98566,56.55791],[21.98677,56.5561],[21.98641,56.55464],[21.98593,56.5538],[21.98494,56.55301],[21.9839,56.55237],[21.98066,56.55178],[21.97909,56.55143],[21.97593,56.55065],[21.97448,56.55056],[21.97266,56.55072],[21.97123,56.55079],[21.96826,56.55037],[21.96695,56.54998],[21.96401,56.54874],[21.96079,56.54772],[21.95596,56.54616],[21.95339,56.54553],[21.95127,56.54478],[21.94997,56.54405],[21.94951,56.54298],[21.94895,56.541],[21.94866,56.54029],[21.94825,56.53956],[21.94642,56.53639],[21.94465,56.5355],[21.94262,56.53503],[21.94074,56.53484],[21.93835,56.53545],[21.93959,56.5376],[21.94097,56.53962],[21.94167,56.54072],[21.94275,56.54304],[21.94358,56.54414],[21.94197,56.54474],[21.94068,56.54518],[21.93837,56.5465],[21.93569,56.54818],[21.93296,56.5499],[21.92762,56.55319],[21.92569,56.55434],[21.92345,56.55726],[21.91482,56.55676],[21.91316,56.55695],[21.91175,56.55725],[21.90854,56.55791],[21.90735,56.55836],[21.90671,56.55913],[21.90639,56.56001],[21.90658,56.56185],[21.90728,56.56552],[21.90666,56.56628],[21.90539,56.56689],[21.90296,56.568],[21.90113,56.56883],[21.89912,56.56851],[21.89703,56.56884],[21.89576,56.56929],[21.89426,56.5696],[21.89202,56.56999],[21.89019,56.57081],[21.88864,56.57167],[21.88103,56.57182],[21.877,56.57098],[21.8745,56.57042],[21.86815,56.57014],[21.86482,56.56995],[21.86027,56.56865],[21.85717,56.56773],[21.85589,56.5674],[21.85346,56.56705],[21.85278,56.56773],[21.85246,56.56886],[21.8505,56.56854],[21.84834,56.56798],[21.84744,56.56868],[21.847,56.5695],[21.84602,56.57127],[21.845,56.57312],[21.84467,56.57407],[21.84468,56.57513],[21.84584,56.57834],[21.84728,56.58138],[21.84702,56.58224],[21.84609,56.58288],[21.84446,56.58327],[21.84196,56.58344],[21.83902,56.58326],[21.83595,56.58441],[21.83429,56.58569],[21.83358,56.58648],[21.83239,56.58693],[21.83243,56.58848],[21.83237,56.58996],[21.83229,56.59092],[21.83624,56.59131],[21.83644,56.5923],[21.83582,56.5936],[21.83507,56.5943],[21.83404,56.59484],[21.83188,56.59592],[21.83122,56.59664],[21.83047,56.59726],[21.82857,56.59841],[21.82676,56.59987],[21.82589,56.60043],[21.82523,56.60109],[21.82442,56.60252],[21.82509,56.6038],[21.82527,56.60457],[21.825,56.60535],[21.82333,56.60659],[21.82317,56.60806],[21.8226,56.60883],[21.82152,56.60953],[21.81889,56.61095],[21.81782,56.61175],[21.81659,56.61341],[21.81589,56.61533],[21.81441,56.61689],[21.81559,56.6183],[21.8165,56.61898],[21.81746,56.62108],[21.81681,56.62206],[21.81664,56.62399],[21.81636,56.62537],[21.81735,56.62641],[21.8168,56.62854],[21.81693,56.63074],[21.81546,56.63199],[21.81337,56.6333],[21.81262,56.634],[21.81244,56.63478],[21.81267,56.63552],[21.81243,56.63623],[21.81113,56.6379],[21.81032,56.63866],[21.80946,56.63927],[21.80807,56.6402],[21.80712,56.64092],[21.80609,56.64172],[21.80399,56.64335],[21.80293,56.64414],[21.79745,56.64688],[21.79585,56.64788],[21.7951,56.649],[21.7957,56.65087],[21.79525,56.65195],[21.78283,56.65459],[21.78118,56.65485],[21.78012,56.65572],[21.77777,56.65634],[21.7708,56.65775],[21.77357,56.66527],[21.77504,56.66636],[21.77628,56.66679],[21.77727,56.66733],[21.77796,56.66943],[21.77873,56.67158],[21.7782,56.67281],[21.77672,56.67323],[21.77315,56.67381],[21.77088,56.67376],[21.76834,56.67392],[21.76644,56.67388],[21.76484,56.67428],[21.76271,56.67323],[21.76078,56.67256],[21.75905,56.67321],[21.75672,56.67344],[21.75221,56.67428],[21.75039,56.67499],[21.7487,56.67583],[21.74788,56.67687],[21.74624,56.67793],[21.74472,56.6787],[21.7395,56.68173],[21.7385,56.68315],[21.73837,56.68399],[21.73803,56.68571],[21.73793,56.68657],[21.73845,56.68792],[21.73535,56.68884],[21.7248,56.69033],[21.72312,56.69052],[21.72149,56.69046],[21.71411,56.69007],[21.712,56.68974],[21.70979,56.68964],[21.70838,56.68917],[21.70519,56.69003],[21.70155,56.69128],[21.69971,56.6903],[21.69728,56.68917],[21.69057,56.68659],[21.68926,56.6859],[21.68712,56.68417],[21.68637,56.68324],[21.68512,56.68044],[21.68528,56.67957],[21.68582,56.67875],[21.68575,56.67799],[21.6852,56.67711],[21.68471,56.6763],[21.68461,56.67542],[21.68546,56.67233],[21.68601,56.67025],[21.6861,56.66931],[21.68564,56.6684],[21.68472,56.66751],[21.68349,56.66664],[21.68215,56.66582],[21.67741,56.66362],[21.6746,56.66245],[21.67083,56.66159],[21.6668,56.66104],[21.66165,56.65925],[21.65966,56.65888],[21.65762,56.65871],[21.64984,56.65833],[21.64819,56.65796],[21.64694,56.65753],[21.64556,56.65706],[21.64387,56.65645],[21.64065,56.65595],[21.63666,56.65523],[21.63454,56.65587],[21.63193,56.65642],[21.62665,56.65754],[21.62002,56.65478],[21.61794,56.65411],[21.61703,56.65469],[21.61474,56.65631],[21.61315,56.65721],[21.61099,56.65873],[21.60921,56.65923],[21.60734,56.6594],[21.60454,56.6601],[21.60209,56.66067],[21.59932,56.6613],[21.59881,56.66331],[21.59946,56.6647],[21.60098,56.66629],[21.60169,56.66704],[21.60242,56.66777],[21.60338,56.66843],[21.60595,56.66942],[21.60701,56.67005],[21.60745,56.67082],[21.60781,56.67165],[21.60819,56.67294],[21.60681,56.67487],[21.60494,56.67572],[21.60207,56.67645],[21.59947,56.67895],[21.59928,56.67975],[21.6,56.68161],[21.60129,56.68456],[21.59989,56.68477],[21.59712,56.68512],[21.5941,56.6855],[21.59069,56.68594],[21.58613,56.68643],[21.58223,56.68565],[21.5756,56.68707],[21.57445,56.68747],[21.57218,56.68869],[21.57095,56.68935],[21.56977,56.68995],[21.56614,56.69144],[21.56487,56.69209],[21.56475,56.69354],[21.56399,56.69528],[21.56295,56.69709],[21.56166,56.69918],[21.5601,56.70093],[21.55794,56.70167],[21.55657,56.70265],[21.55422,56.70421],[21.55289,56.70482],[21.5522,56.70548],[21.55217,56.7077],[21.55462,56.70867],[21.55724,56.71017],[21.55793,56.71183],[21.55971,56.71275],[21.55834,56.71506],[21.55833,56.71631],[21.55844,56.71768],[21.55918,56.72012],[21.55864,56.72118],[21.55975,56.72315],[21.56106,56.72403],[21.56211,56.72473],[21.56287,56.72545],[21.56393,56.7259],[21.56303,56.72737],[21.56223,56.72797],[21.56177,56.72871],[21.56385,56.72901],[21.56905,56.73004],[21.57158,56.72935],[21.57701,56.72712],[21.5788,56.72625],[21.57986,56.72527],[21.5833,56.72541],[21.58496,56.72486],[21.58651,56.72509],[21.58608,56.72613],[21.58523,56.72761],[21.58445,56.7292],[21.58443,56.73004],[21.5844,56.73195],[21.58439,56.73401],[21.58444,56.73606],[21.5848,56.73709],[21.58606,56.74015],[21.58538,56.74171],[21.58555,56.74274],[21.58683,56.74351],[21.58859,56.74547],[21.5899,56.74765],[21.5879,56.74875],[21.58613,56.7493],[21.58543,56.75016],[21.58446,56.74941],[21.58267,56.74978],[21.58135,56.75004],[21.5808,56.75155],[21.57813,56.75425],[21.57494,56.75818],[21.57417,56.76053],[21.56707,56.76413],[21.56284,56.7646],[21.55812,56.7651],[21.55686,56.76636],[21.55622,56.76708],[21.55582,56.7679],[21.55495,56.76936],[21.55341,56.77072],[21.55282,56.77151],[21.55237,56.77223],[21.55276,56.77378],[21.55425,56.77497],[21.55486,56.77578],[21.55597,56.77732],[21.55611,56.779],[21.55627,56.78093],[21.55636,56.78182],[21.5566,56.78307],[21.55721,56.78401],[21.55776,56.78535],[21.55725,56.7862],[21.55656,56.78707],[21.55454,56.78955],[21.55145,56.79007],[21.54876,56.79001],[21.54451,56.78991],[21.54105,56.79039],[21.53674,56.79178],[21.534,56.79281],[21.5295,56.79448],[21.52634,56.79563],[21.52327,56.79676],[21.51887,56.79837],[21.51521,56.79972],[21.51294,56.80084],[21.51163,56.80143],[21.51114,56.80223],[21.51035,56.80305],[21.50881,56.80375],[21.50701,56.80406],[21.50569,56.80418],[21.50685,56.80352],[21.50635,56.80278],[21.50679,56.80356],[21.50515,56.80354],[21.5041,56.8045],[21.50387,56.8055],[21.49848,56.80651],[21.4968,56.80344],[21.49779,56.80228],[21.49849,56.80098],[21.49857,56.79992],[21.49875,56.79853],[21.49597,56.79835],[21.49284,56.79833],[21.48957,56.79808],[21.48389,56.79734],[21.48064,56.79757],[21.47905,56.79792],[21.47454,56.79904],[21.47321,56.79904],[21.47095,56.79936],[21.46988,56.7999],[21.46892,56.80055],[21.46646,56.80191],[21.46486,56.8025],[21.46318,56.80312],[21.4601,56.80433],[21.45871,56.80466],[21.45338,56.80433],[21.4504,56.80387],[21.44704,56.80305],[21.44571,56.80278],[21.44223,56.80258],[21.43872,56.8024],[21.43635,56.80247],[21.43317,56.80297],[21.42311,56.8048],[21.4198,56.80649],[21.41831,56.8069],[21.41521,56.80769],[21.41148,56.80898],[21.40961,56.81236],[21.41003,56.81404],[21.4098,56.81524],[21.40763,56.81665],[21.40712,56.81757],[21.40554,56.81866],[21.4047,56.81922],[21.40366,56.82046],[21.40254,56.82103],[21.40004,56.82234],[21.39781,56.82376],[21.39662,56.82418],[21.39511,56.82429],[21.39354,56.82414],[21.39037,56.82368],[21.38481,56.82288],[21.38132,56.82333],[21.37956,56.82337],[21.37837,56.82498],[21.37759,56.82795],[21.37734,56.82896],[21.37714,56.83002],[21.37686,56.83112],[21.36754,56.8317],[21.36586,56.83076],[21.3649,56.83007],[21.36326,56.82834],[21.36064,56.82573],[21.35932,56.82412],[21.35704,56.82259],[21.35472,56.82124],[21.35385,56.82056],[21.35336,56.81986],[21.35318,56.819],[21.35269,56.8183],[21.35143,56.81762],[21.34926,56.81623],[21.34869,56.81554],[21.3485,56.81394],[21.34825,56.81307],[21.34764,56.81236],[21.34655,56.8117],[21.3453,56.81099],[21.34244,56.80965],[21.34106,56.80912],[21.33966,56.80879],[21.33749,56.80832],[21.33693,56.80898],[21.3365,56.81074],[21.33625,56.81173],[21.33549,56.81454],[21.33329,56.81538],[21.33201,56.816],[21.32909,56.81755],[21.32604,56.81918],[21.32194,56.82137],[21.29757,56.82007],[21.2894,56.8195],[21.2889,56.82061],[21.28839,56.82273],[21.28809,56.8239],[21.28779,56.82509],[21.2857,56.83303],[21.27996,56.8345],[21.2731,56.83737],[21.2574,56.84266],[21.25126,56.84465],[21.24978,56.84509],[21.2469,56.84518],[21.24371,56.84569],[21.23852,56.84666],[21.23487,56.84734],[21.23138,56.84834],[21.22631,56.85006],[21.22493,56.85032],[21.22141,56.85013],[21.21804,56.84993],[21.21575,56.85054],[21.21481,56.85112],[21.213,56.85229],[21.21101,56.85279],[21.20704,56.85232],[21.20473,56.85186],[21.20281,56.85132],[21.20206,56.85035],[21.20034,56.84993],[21.19897,56.85014],[21.1961,56.8509],[21.19472,56.85145],[21.19334,56.85211],[21.19023,56.85304],[21.18654,56.85406],[21.17526,56.85702],[21.17021,56.858],[21.16379,56.85888],[21.15236,56.85761],[21.14651,56.85685],[21.14166,56.85621],[21.13921,56.85781],[21.1375,56.85919],[21.13692,56.86009],[21.1334,56.86608],[21.13329,56.86699],[21.13328,56.86909],[21.13505,56.86977],[21.13608,56.87044],[21.13708,56.87133],[21.13755,56.87253],[21.13805,56.8736],[21.14044,56.87351],[21.14173,56.87411],[21.14388,56.87533],[21.14563,56.87621],[21.14719,56.87729],[21.14954,56.87786],[21.15066,56.87834],[21.15306,56.87892],[21.15532,56.87945],[21.15614,56.88038],[21.15729,56.88089],[21.15886,56.88117],[21.16026,56.88123],[21.16346,56.88164],[21.16642,56.88255],[21.16964,56.88161],[21.17373,56.88089],[21.17685,56.88078],[21.17841,56.88137],[21.17958,56.88249],[21.18072,56.88371],[21.18178,56.88445],[21.18203,56.88546],[21.18408,56.88757],[21.18674,56.88735],[21.1886,56.88704],[21.19139,56.8867],[21.19209,56.88758],[21.19266,56.88834],[21.19445,56.8882],[21.19822,56.88913],[21.20156,56.88996],[21.2069,56.8914],[21.2107,56.89239],[21.21291,56.89297],[21.2148,56.89342],[21.21935,56.89464],[21.22193,56.89535],[21.22436,56.89635],[21.22643,56.89723],[21.23176,56.89959],[21.23301,56.90081],[21.23327,56.90176],[21.23298,56.90291],[21.23229,56.90539],[21.23274,56.90659],[21.23358,56.90776],[21.23438,56.9089],[21.23508,56.90989],[21.23583,56.91066],[21.23688,56.9113],[21.23925,56.91236],[21.24147,56.91336],[21.24334,56.91422],[21.24467,56.91509],[21.24653,56.9164],[21.24862,56.91753],[21.25151,56.9185],[21.25673,56.91938],[21.25859,56.91987],[21.26157,56.92146],[21.26403,56.92293],[21.26513,56.92377],[21.26686,56.9259],[21.26963,56.92918],[21.2707,56.93026],[21.27308,56.93236],[21.27562,56.9355],[21.27638,56.93639],[21.27726,56.93707],[21.27999,56.93885],[21.28063,56.93954],[21.27976,56.94036],[21.27675,56.94117],[21.27863,56.94065],[21.28076,56.93978],[21.27987,56.93886],[21.28254,56.94059],[21.28463,56.942],[21.28704,56.94357],[21.29002,56.94504],[21.29339,56.94636],[21.29715,56.94745],[21.30059,56.94885],[21.30406,56.95002],[21.30783,56.95114],[21.30988,56.95159],[21.31192,56.95208],[21.31387,56.95274],[21.31563,56.95358],[21.31888,56.95543],[21.32217,56.9573],[21.32385,56.95825],[21.32748,56.95999],[21.32931,56.96083],[21.333,56.96252],[21.33677,56.96426],[21.33815,56.96519],[21.34044,56.96729],[21.34165,56.96835],[21.343,56.96942],[21.34449,56.9704],[21.34752,56.97205],[21.34914,56.97276],[21.3544,56.97478],[21.35961,56.97677],[21.36067,56.97754],[21.36117,56.97848],[21.36107,56.97945],[21.36074,56.98037],[21.35981,56.98297],[21.3593,56.9845],[21.35847,56.98677],[21.35848,56.98758],[21.35931,56.98907],[21.36074,56.99037],[21.36187,56.99101],[21.36464,56.99215],[21.36831,56.99365],[21.38011,56.99855],[21.3818,56.99934],[21.38305,57.00029],[21.38405,57.00133],[21.38693,57.00646],[21.38678,57.00719],[21.38694,57.00894],[21.39001,57.01215],[21.39201,57.01367],[21.39362,57.0159],[21.39617,57.0189],[21.39832,57.02093],[21.40071,57.02296],[21.4108,57.0303],[21.41315,57.03212],[21.41423,57.03304],[21.4149,57.03413],[21.416,57.03583],[21.41764,57.03847],[21.41742,57.03956],[21.41667,57.04036],[21.41277,57.04437],[21.41223,57.04506],[21.41226,57.04582],[21.41327,57.04787],[21.41314,57.04986],[21.4145,57.05111],[21.41557,57.05159],[21.41827,57.05217],[21.42043,57.05257],[21.42211,57.05367],[21.42265,57.05525],[21.42266,57.05814],[21.42203,57.06022],[21.42067,57.06446],[21.42066,57.06566],[21.41987,57.06751],[21.4196,57.06972],[21.42143,57.07422],[21.42251,57.0766],[21.42407,57.08021],[21.42429,57.08137],[21.42406,57.08358],[21.42493,57.08414],[21.42541,57.08564],[21.42717,57.08709],[21.428,57.08784],[21.43042,57.09133],[21.43156,57.09348],[21.43195,57.09449],[21.43227,57.09563],[21.43263,57.0974],[21.43113,57.09992],[21.42733,57.1001],[21.42602,57.10026],[21.42826,57.10331],[21.43,57.10497],[21.4329,57.10742],[21.43399,57.10822],[21.43472,57.11129],[21.43362,57.11315],[21.43943,57.11316],[21.44418,57.11302],[21.44623,57.11309],[21.44749,57.11345],[21.44846,57.11413],[21.44977,57.11533],[21.4507,57.11667],[21.45224,57.1184],[21.45255,57.11956],[21.45364,57.12206],[21.45437,57.12302],[21.45483,57.12468],[21.45462,57.1273],[21.45374,57.13003],[21.45334,57.13084],[21.4513,57.13239],[21.44939,57.13389],[21.44929,57.13506],[21.44737,57.13619],[21.44688,57.13696],[21.44674,57.13779],[21.44525,57.13922],[21.44486,57.14006],[21.44404,57.14087],[21.44218,57.14161],[21.44077,57.14157],[21.43926,57.14251],[21.43796,57.14303],[21.43645,57.14355],[21.43532,57.14406],[21.43523,57.14561],[21.43512,57.14641],[21.43453,57.14708],[21.4336,57.14775],[21.43286,57.14849],[21.43251,57.14936],[21.43177,57.15006],[21.4306,57.15078],[21.42956,57.15149],[21.42848,57.15217],[21.42754,57.15309],[21.42748,57.15504],[21.42734,57.15653],[21.42485,57.15666],[21.41506,57.15544],[21.41298,57.15595],[21.4115,57.15673],[21.41238,57.15851],[21.41369,57.15952],[21.41836,57.15977],[21.42355,57.16129],[21.43002,57.16204],[21.43022,57.16366],[21.4299,57.16761],[21.43026,57.16896],[21.43119,57.17163],[21.43206,57.17439],[21.43245,57.17585],[21.43243,57.17736],[21.4315,57.18351],[21.43164,57.18488],[21.43833,57.19547],[21.43922,57.1964],[21.44067,57.19774],[21.44141,57.19852],[21.44238,57.1998],[21.44345,57.20131],[21.44407,57.20284],[21.44438,57.20403],[21.44154,57.20661],[21.43921,57.20997],[21.43655,57.2125],[21.43401,57.21514],[21.42811,57.21269],[21.42672,57.2117],[21.42587,57.21016],[21.42174,57.20959],[21.42001,57.20914],[21.41873,57.20884],[21.41729,57.20913],[21.41604,57.20955],[21.41802,57.20943],[21.4185,57.2112],[21.41881,57.2125],[21.41782,57.2134],[21.4174,57.21461],[21.41872,57.21521],[21.41937,57.21585],[21.42099,57.21617],[21.42402,57.21601],[21.42576,57.21627],[21.42733,57.21747],[21.42894,57.21815],[21.43193,57.21882],[21.43283,57.22012],[21.43337,57.2208],[21.43567,57.2221],[21.4377,57.22358],[21.44119,57.2246],[21.44636,57.22607],[21.45103,57.22628],[21.45703,57.22216],[21.4583,57.2218],[21.46527,57.22756],[21.4667,57.22002],[21.46727,57.21936],[21.47372,57.21248],[21.477,57.20851],[21.478,57.20769],[21.47927,57.20696],[21.48248,57.20536],[21.48686,57.2032],[21.49219,57.20173],[21.49357,57.20118],[21.4966,57.19954],[21.49782,57.19878],[21.49948,57.19676],[21.50109,57.1946],[21.49823,57.1941],[21.49501,57.19362],[21.49716,57.19235],[21.49961,57.19123],[21.49998,57.18976],[21.50066,57.18733],[21.50254,57.18625],[21.50647,57.18396],[21.5071,57.18258],[21.50651,57.18111],[21.50467,57.17952],[21.50334,57.17832],[21.503,57.17663],[21.50235,57.1755],[21.50164,57.17432],[21.50083,57.17299],[21.49604,57.16498],[21.49801,57.16148],[21.5,57.15696],[21.50441,57.1514],[21.50508,57.15071],[21.50872,57.14949],[21.51741,57.14779],[21.51893,57.14738],[21.52554,57.14561],[21.53071,57.14367],[21.53585,57.14661],[21.53628,57.15345],[21.53634,57.15573],[21.53635,57.15848],[21.53893,57.15893],[21.54246,57.1596],[21.55028,57.16129],[21.55448,57.16124],[21.55633,57.16115],[21.55776,57.15924],[21.55564,57.15576],[21.55461,57.15269],[21.55352,57.14955],[21.55085,57.14204],[21.55029,57.14021],[21.54854,57.13867],[21.54795,57.13777],[21.5479,57.13696],[21.54871,57.13498],[21.54959,57.13276],[21.55005,57.13162],[21.55224,57.1261],[21.55436,57.12566],[21.55668,57.12586],[21.55932,57.12616],[21.56201,57.12635],[21.56181,57.12751],[21.56289,57.12794],[21.566,57.12773],[21.56937,57.12754],[21.57796,57.12772],[21.5911,57.12897],[21.59732,57.12959],[21.60179,57.13002],[21.62571,57.13237],[21.63673,57.13344],[21.64135,57.13389],[21.66659,57.13636],[21.67277,57.13696],[21.68024,57.11667],[21.68097,57.11438],[21.6818,57.11179],[21.68192,57.11101],[21.68412,57.11027],[21.68727,57.10919],[21.694,57.10749],[21.70008,57.10545],[21.70364,57.10441],[21.70747,57.10432],[21.71137,57.10443],[21.71941,57.10582],[21.7219,57.10647],[21.72425,57.10675],[21.72753,57.10795],[21.72969,57.10875],[21.75872,57.10089],[21.76056,57.10139],[21.76063,57.10277],[21.76335,57.10444],[21.76494,57.10571],[21.76601,57.10648],[21.76734,57.10652],[21.76902,57.10601],[21.77193,57.10563],[21.77874,57.10756],[21.78394,57.10879],[21.78811,57.1094],[21.79599,57.11015],[21.79508,57.11091],[21.79473,57.11187],[21.79521,57.11263],[21.79271,57.11277],[21.78867,57.11369],[21.786,57.11375],[21.78416,57.1153],[21.7824,57.11695],[21.77768,57.12144],[21.77752,57.12251],[21.78157,57.12382],[21.78494,57.1249],[21.79024,57.1265],[21.79299,57.12729],[21.79514,57.12777],[21.80236,57.12739],[21.80568,57.12775],[21.8033,57.13023],[21.79923,57.13339],[21.79723,57.1353],[21.79412,57.13838],[21.79709,57.14067],[21.79846,57.14129],[21.80049,57.14246],[21.80199,57.14553],[21.80221,57.14652],[21.80351,57.14944],[21.80513,57.15138],[21.80582,57.15222],[21.80652,57.154],[21.81135,57.15986],[21.81315,57.16292],[21.81491,57.16782],[21.81483,57.1698],[21.81553,57.17137],[21.81582,57.17251],[21.81699,57.17349],[21.8167,57.17502],[21.81647,57.17722],[21.81801,57.17879],[21.81886,57.17939],[21.82117,57.18033],[21.82176,57.18169],[21.82309,57.1844],[21.82349,57.18533],[21.82378,57.18714],[21.8244,57.19],[21.82501,57.19196],[21.82578,57.19398],[21.82626,57.19479],[21.82673,57.19547],[21.82752,57.19621],[21.82952,57.19747],[21.83229,57.19795],[21.83335,57.19848],[21.83449,57.19909],[21.8356,57.19949],[21.83862,57.20044],[21.83955,57.20125],[21.83788,57.2019],[21.83502,57.20192],[21.8327,57.20178],[21.82905,57.202],[21.82587,57.20243],[21.82416,57.20304],[21.82153,57.20257],[21.81992,57.20251],[21.81543,57.20241],[21.81336,57.20261],[21.81016,57.20331],[21.80911,57.20401],[21.80723,57.20453],[21.80512,57.20546],[21.8039,57.20637],[21.80298,57.20709],[21.8017,57.20742],[21.80048,57.20915],[21.798,57.21003],[21.7972,57.21094],[21.79444,57.21161],[21.79208,57.21257],[21.7894,57.21377],[21.78606,57.21452],[21.78495,57.21498],[21.78372,57.21578],[21.78255,57.21714],[21.78371,57.21754],[21.78633,57.21881],[21.79175,57.22147],[21.79306,57.22193],[21.79471,57.2222],[21.79659,57.22211],[21.80064,57.22181],[21.8052,57.22149],[21.81221,57.22109],[21.8282,57.2213],[21.82975,57.22141],[21.83478,57.22266],[21.83624,57.2232],[21.83747,57.22397],[21.84301,57.23103],[21.84319,57.23204],[21.84351,57.23279],[21.8447,57.23476],[21.8467,57.23779],[21.84839,57.23978],[21.84942,57.24193],[21.85055,57.24429],[21.85548,57.25467],[21.85602,57.25569],[21.8581,57.2572],[21.85911,57.25807],[21.86297,57.25844],[21.86553,57.25906],[21.86728,57.25825],[21.86919,57.25787],[21.87085,57.25711],[21.87218,57.25638],[21.87392,57.25554],[21.87576,57.25439],[21.87671,57.25348],[21.87845,57.25331],[21.88003,57.25273],[21.88148,57.25181],[21.88351,57.25105],[21.88486,57.25058],[21.88653,57.25025],[21.88891,57.24979],[21.88797,57.25172],[21.88722,57.25327],[21.88538,57.25643],[21.88651,57.25753],[21.88873,57.25806],[21.8899,57.25856],[21.89112,57.25948],[21.89618,57.26038],[21.89682,57.26125],[21.89743,57.26195],[21.89734,57.26319],[21.89855,57.2654],[21.89879,57.26708],[21.89995,57.26774],[21.90224,57.2676],[21.90378,57.26838],[21.90762,57.2698],[21.90917,57.26999],[21.91135,57.26954],[21.91147,57.26874],[21.91237,57.26804],[21.91375,57.26749],[21.9156,57.26687],[21.91722,57.26776],[21.91853,57.26961],[21.92162,57.26908],[21.92611,57.26863],[21.92867,57.26926],[21.93107,57.27022],[21.93393,57.27067],[21.93703,57.27124],[21.94132,57.27224],[21.94221,57.27283],[21.94292,57.2735],[21.94406,57.27405],[21.9469,57.27469],[21.95134,57.27494],[21.95298,57.2745],[21.95804,57.27433],[21.96097,57.27426],[21.96382,57.27431],[21.96766,57.27481],[21.97311,57.27555],[21.97476,57.27584],[21.97899,57.27684],[21.98562,57.2763],[21.9874,57.27636],[21.99087,57.27658],[21.9926,57.27656],[21.99608,57.27627],[21.9976,57.2763],[21.99891,57.27667],[22.00009,57.27727],[22.0029,57.27919],[22.00523,57.2791],[22.00754,57.27902],[22.01326,57.27844],[22.02095,57.27692],[22.02025,57.2746],[22.02324,57.28145],[22.02396,57.2832],[22.02536,57.28355],[22.02685,57.28367],[22.02846,57.28357],[22.02999,57.28314],[22.03157,57.28298],[22.03482,57.28354],[22.03593,57.28421],[22.03811,57.28594],[22.03881,57.28674],[22.03848,57.28883],[22.03976,57.29205],[22.04024,57.29431],[22.04109,57.29671],[22.04267,57.30138],[22.04443,57.30454],[22.04555,57.30674],[22.04493,57.31365],[22.04519,57.31462],[22.04776,57.31864],[22.05243,57.32609],[22.0528,57.32689],[22.0506,57.32617],[22.04779,57.32519],[22.04119,57.32285],[22.03953,57.32303],[22.03782,57.32333],[22.01711,57.32689],[22.01114,57.32849],[22.00966,57.32936],[22.00842,57.32903],[22.00738,57.32824],[22.00428,57.32896],[22.00148,57.32991],[22.00039,57.33041],[21.99489,57.33631],[21.9947,57.33707],[21.99399,57.3377],[21.99299,57.33846],[21.99224,57.33929],[21.99094,57.3404],[21.99227,57.34068],[21.99325,57.3415],[21.99298,57.34269],[21.99302,57.34354],[21.99061,57.34397],[21.98815,57.34482],[21.98649,57.34512],[21.98431,57.34525],[21.98244,57.34817],[21.98185,57.34998],[21.97994,57.35218],[21.97956,57.35334],[21.97871,57.35462],[21.97753,57.35638],[21.97718,57.35752],[21.97554,57.35857],[21.97403,57.36034],[21.97283,57.36148],[21.97135,57.36381],[21.97042,57.36511],[21.96932,57.36712],[21.96903,57.36785],[21.96878,57.36922],[21.96849,57.37084],[21.96811,57.3724],[21.96681,57.37378],[21.96549,57.37466],[21.95769,57.37728],[21.95771,57.37913],[21.95902,57.38096],[21.95954,57.38175],[21.95931,57.38262],[21.95849,57.3836],[21.9566,57.38573],[21.95289,57.39007],[21.9513,57.39334],[21.94949,57.39496],[21.94838,57.39784],[21.94767,57.39878],[21.94538,57.40062],[21.94354,57.40273],[21.94076,57.40594],[21.93908,57.40785],[21.93799,57.40866],[21.93652,57.40917],[21.93386,57.40939],[21.93195,57.41023],[21.93048,57.41081],[21.9273,57.41206],[21.92391,57.41322],[21.92208,57.41357],[21.92049,57.41408],[21.91502,57.41667],[21.91426,57.41746],[21.91401,57.41846],[21.91378,57.4195],[21.91328,57.42167],[21.91304,57.42273],[21.91296,57.42364],[21.91338,57.4245],[21.91386,57.42548],[21.91395,57.42645],[21.91328,57.42738],[21.9109,57.42941],[21.90764,57.43221],[21.90932,57.43068],[21.90802,57.43186],[21.906,57.43342],[21.90367,57.43519],[21.90246,57.4361],[21.89872,57.43887],[21.88696,57.44756],[21.88638,57.44848],[21.88667,57.44957],[21.8864,57.45163],[21.88736,57.45299],[21.88915,57.45627],[21.89032,57.45722],[21.891,57.45906],[21.8915,57.4618],[21.89136,57.46449],[21.89338,57.4711],[21.89485,57.47599],[21.8958,57.47946],[21.89682,57.48144],[21.89821,57.48278],[21.90018,57.48422],[21.90331,57.48625],[21.90345,57.48824],[21.90299,57.48892],[21.9022,57.4896],[21.90105,57.49066],[21.89741,57.49214],[21.89618,57.4929],[21.89437,57.49565],[21.89424,57.49742],[21.89434,57.50016],[21.8947,57.50101],[21.89533,57.50279],[21.89431,57.50674],[21.89435,57.50891],[21.89542,57.51398],[21.89581,57.51555],[21.89401,57.5161],[21.89228,57.51601],[21.89039,57.51624],[21.88802,57.51695],[21.88607,57.51677],[21.88391,57.5165],[21.88194,57.51654],[21.87994,57.51715],[21.87909,57.51774],[21.87808,57.51823],[21.87678,57.5203],[21.87677,57.5221],[21.87696,57.52356],[21.87654,57.52464],[21.87645,57.52536],[21.87528,57.52693],[21.87457,57.52767],[21.87273,57.52862],[21.87023,57.52944],[21.86764,57.52986],[21.86498,57.52975],[21.86377,57.53006],[21.86121,57.53042],[21.86137,57.53171],[21.8619,57.53677],[21.86173,57.53786],[21.86082,57.54177],[21.85979,57.54224],[21.85794,57.54309],[21.85786,57.54383],[21.85853,57.54529],[21.85937,57.54798],[21.85952,57.54968],[21.86022,57.55036],[21.8615,57.55073],[21.86266,57.55168],[21.8668,57.55224],[21.86415,57.55201],[21.86273,57.55172],[21.85855,57.55244],[21.85861,57.55344],[21.85876,57.55582],[21.86002,57.55766],[21.86209,57.55945],[21.86387,57.55894],[21.86739,57.55894],[21.8687,57.55924],[21.87028,57.55959],[21.87432,57.5603],[21.87738,57.56066],[21.87927,57.56088],[21.88163,57.56152],[21.88288,57.56209],[21.88555,57.56312],[21.88757,57.56335],[21.88942,57.56272],[21.89128,57.56274],[21.89046,57.56332],[21.89182,57.56466],[21.89373,57.56569],[21.89476,57.56644],[21.89795,57.56762],[21.89949,57.56787],[21.9029,57.56879],[21.90692,57.56938],[21.91001,57.56992],[21.91122,57.57044],[21.91018,57.57115],[21.9112,57.57184],[21.91023,57.57295],[21.90832,57.57368],[21.90582,57.5743],[21.90476,57.57489],[21.89642,57.57345],[21.89869,57.57623],[21.90002,57.57802],[21.89988,57.57887],[21.89941,57.58059],[21.89912,57.58233],[21.89922,57.58525],[21.89818,57.59048],[21.9003,57.59077],[21.90447,57.5911],[21.9084,57.59191],[21.9085,57.59366],[21.9126,57.59563],[21.91687,57.59593],[21.92225,57.5963],[21.92793,57.59709],[21.92935,57.59715],[21.93726,57.59705],[21.93899,57.59705],[21.94043,57.59687],[21.9437,57.59633],[21.94672,57.59664],[21.94948,57.59699],[21.95174,57.59705],[21.95591,57.59718],[21.95811,57.59744],[21.96257,57.59798],[21.96908,57.5977],[21.97215,57.59832],[21.97327,57.59883],[21.97599,57.59913],[21.97777,57.59931],[21.9788,57.59881],[21.97995,57.59785],[21.98374,57.59697],[21.98605,57.59683],[21.98832,57.59713],[21.99053,57.59745],[21.99666,57.59838],[21.99898,57.59873],[22.00373,57.59966],[22.0051,57.59985],[22.01007,57.60058],[22.0174,57.6023],[22.02339,57.60452],[22.03646,57.60767],[22.04159,57.60899],[22.04451,57.60981],[22.04386,57.61085],[22.04687,57.61205],[22.04829,57.61274],[22.04962,57.613],[22.051,57.61235],[22.05246,57.6126],[22.05445,57.61268],[22.05585,57.61307],[22.05964,57.61413],[22.06211,57.61478],[22.0675,57.61627],[22.07131,57.61731],[22.07515,57.61838],[22.08343,57.61922],[22.08493,57.61971],[22.08525,57.61833],[22.08479,57.61724],[22.08381,57.61649],[22.08412,57.61562],[22.08262,57.61519],[22.08181,57.61452],[22.08028,57.61326],[22.08033,57.61253],[22.08357,57.61176],[22.08702,57.61067],[22.09019,57.60971],[22.0919,57.6094],[22.09383,57.60944],[22.09575,57.60985],[22.11073,57.61363],[22.11004,57.61444],[22.11112,57.61701],[22.11502,57.62103],[22.11688,57.62273],[22.11947,57.62367],[22.12168,57.62391],[22.1303,57.62682],[22.13531,57.63111],[22.13667,57.63232],[22.13809,57.63353],[22.14085,57.63587],[22.14265,57.63681],[22.16585,57.64229],[22.16876,57.64274],[22.1734,57.64325],[22.17908,57.64435],[22.18267,57.64503],[22.18584,57.64677],[22.18924,57.64879],[22.19091,57.64972],[22.19375,57.65136],[22.19542,57.65207],[22.20043,57.65304],[22.20491,57.65409],[22.21393,57.65581],[22.2248,57.65659],[22.23392,57.65926],[22.2432,57.66172],[22.24534,57.66226],[22.2673,57.66825],[22.2766,57.67068],[22.28724,57.67352],[22.2904,57.67432],[22.29751,57.67514],[22.29976,57.67571],[22.301,57.67605],[22.30342,57.67668],[22.30427,57.67785],[22.30503,57.67867],[22.30454,57.67947],[22.30329,57.67994],[22.30389,57.6806],[22.30436,57.68162],[22.30412,57.68236],[22.3051,57.68299],[22.30676,57.68311],[22.30967,57.68425],[22.31121,57.68452],[22.31306,57.6844],[22.31471,57.68407],[22.31598,57.68368],[22.31728,57.6831],[22.3175,57.68406],[22.32046,57.68496],[22.32243,57.6857],[22.32462,57.68661],[22.32584,57.68707],[22.32802,57.68745],[22.33027,57.68726],[22.33455,57.68813],[22.33659,57.68888],[22.33898,57.69003],[22.3411,57.69064],[22.34321,57.69106],[22.34453,57.69165],[22.34633,57.6921],[22.34897,57.69275],[22.35224,57.69306],[22.35433,57.69379],[22.35745,57.69432],[22.35994,57.6953],[22.36041,57.69603],[22.36126,57.69768],[22.36409,57.69839],[22.36517,57.69908],[22.36595,57.69974],[22.3705,57.69989],[22.37252,57.70015],[22.37489,57.7003],[22.37641,57.70067],[22.3786,57.70151],[22.38017,57.70177],[22.38249,57.70279],[22.38551,57.70266],[22.38632,57.70359],[22.38843,57.70484],[22.39016,57.70574],[22.39196,57.7065],[22.39391,57.70614],[22.39659,57.70686],[22.39915,57.70764],[22.40039,57.70858],[22.40162,57.7092],[22.4036,57.71031],[22.40479,57.71105],[22.40645,57.7116],[22.4076,57.71231],[22.41012,57.71296],[22.41362,57.71371],[22.4152,57.714],[22.41777,57.71478],[22.42068,57.71529],[22.42329,57.71582],[22.4246,57.71618],[22.42775,57.71649],[22.42894,57.71692],[22.4296,57.71762],[22.43098,57.71806],[22.4327,57.71811],[22.43435,57.71774],[22.43525,57.71694],[22.43678,57.71732],[22.4387,57.718],[22.44253,57.71914],[22.44367,57.71977],[22.44567,57.71995],[22.44899,57.72094],[22.45393,57.72278],[22.45631,57.72358],[22.45756,57.72398],[22.45978,57.725],[22.4623,57.72553],[22.46386,57.72605],[22.4731,57.72916],[22.47567,57.73012],[22.47751,57.73093],[22.48021,57.73152],[22.48143,57.73046],[22.48439,57.72907],[22.48689,57.72779],[22.49062,57.7259],[22.49186,57.72546],[22.49693,57.72693],[22.50076,57.72804],[22.50488,57.72922],[22.51435,57.73198],[22.51746,57.73287],[22.51876,57.73323],[22.52329,57.73455],[22.52576,57.73539],[22.53362,57.73881],[22.53941,57.7404],[22.54817,57.74264],[22.55742,57.7446],[22.55974,57.74508],[22.58093,57.75117],[22.5905,57.75392],[22.59334,57.75474],[22.59791,57.75605],[22.60003,57.75667],[22.5987,57.75626],[22.59493,57.75523],[22.59323,57.75526],[22.59119,57.75672],[22.59247,57.75595],[22.59363,57.75501],[22.59505,57.7539],[22.59584,57.75307],[22.59612,57.75219],[22.59577,57.75141],[22.59303,57.74872],[22.59206,57.74695],[22.59042,57.7461],[22.58867,57.74532],[22.5855,57.74315],[22.58432,57.7422],[22.58346,57.7412],[22.58238,57.73864],[22.58181,57.7376],[22.58123,57.73622],[22.5806,57.73454],[22.57981,57.73246],[22.579,57.72916],[22.57885,57.72804],[22.57832,57.7256],[22.5767,57.72186],[22.57572,57.72089],[22.57433,57.72006],[22.57331,57.71911],[22.57244,57.71809],[22.57186,57.71697],[22.57098,57.71328],[22.56986,57.71069],[22.56921,57.70684],[22.56946,57.70443],[22.56855,57.70192],[22.56819,57.70001],[22.56856,57.69907],[22.56946,57.69809],[22.5713,57.69601],[22.57181,57.69494],[22.57224,57.69139],[22.57188,57.68897],[22.57135,57.6878],[22.57042,57.68667],[22.56885,57.68459],[22.56991,57.68257],[22.56967,57.68149],[22.56847,57.67929],[22.56819,57.67817],[22.57067,57.67123],[22.57094,57.67003],[22.57066,57.6688],[22.5704,57.66771],[22.57038,57.66535],[22.57037,57.66416],[22.57037,57.66055],[22.57115,57.65857],[22.57155,57.6576],[22.57227,57.65596],[22.5726,57.65452],[22.57291,57.65324],[22.57062,57.65266],[22.56976,57.65187],[22.56821,57.6514],[22.56653,57.65042],[22.56508,57.64945],[22.56197,57.64895],[22.55913,57.64777],[22.55799,57.64677],[22.55551,57.64618],[22.5538,57.64559],[22.55124,57.64475],[22.54329,57.64193],[22.54209,57.6401],[22.54203,57.63897],[22.54134,57.63818],[22.54008,57.63723],[22.53824,57.63578],[22.53683,57.63499],[22.53537,57.63384],[22.53459,57.63311],[22.53718,57.63129],[22.53958,57.63001],[22.54462,57.6282],[22.54612,57.62734],[22.54836,57.62683],[22.5505,57.62609],[22.55268,57.62554],[22.55544,57.62414],[22.55748,57.62288],[22.55882,57.62168],[22.56024,57.62051],[22.56343,57.61816],[22.56559,57.61658],[22.56672,57.61543],[22.56841,57.61447],[22.57145,57.61352],[22.57319,57.61246],[22.57532,57.61153],[22.57637,57.61052],[22.57861,57.60927],[22.58015,57.60815],[22.58129,57.60697],[22.58271,57.60588],[22.58467,57.60392],[22.58713,57.60059],[22.5888,57.59882],[22.59011,57.59771],[22.59061,57.59677],[22.59,57.59773],[22.58893,57.59865],[22.58836,57.59933],[22.59027,57.59753],[22.5907,57.59665],[22.59164,57.5959],[22.59381,57.59365],[22.59399,57.59273],[22.59459,57.59162],[22.59541,57.59049],[22.59635,57.58938],[22.59699,57.58838],[22.59806,57.58759],[22.6,57.58541],[22.60189,57.58403],[22.60286,57.58335],[22.60359,57.58233],[22.60494,57.58176],[22.60598,57.5807],[22.60768,57.57855],[22.60826,57.57787],[22.61152,57.57381],[22.61235,57.57291],[22.61261,57.57178],[22.61499,57.56973],[22.618,57.56722],[22.62016,57.56557],[22.62314,57.56337],[22.62533,57.56044],[22.62797,57.55863],[22.63,57.5571],[22.6328,57.55569],[22.63613,57.55452],[22.63761,57.55415],[22.64082,57.55415],[22.64464,57.55425],[22.6472,57.55238],[22.64597,57.5519],[22.64588,57.55091],[22.64504,57.54966],[22.64539,57.54879],[22.64751,57.5476],[22.65211,57.54438],[22.65525,57.54229],[22.6583,57.54023],[22.65999,57.53937],[22.66171,57.53859],[22.66364,57.53775],[22.66538,57.53681],[22.66726,57.53587],[22.6695,57.53535],[22.67097,57.53479],[22.67328,57.53415],[22.67499,57.53336],[22.67653,57.53254],[22.67825,57.53194],[22.67981,57.5312],[22.68067,57.53003],[22.68024,57.52922],[22.67945,57.52857],[22.67818,57.52825],[22.67692,57.52761],[22.67781,57.52642],[22.67951,57.52433],[22.6812,57.52206],[22.68231,57.51968],[22.68337,57.51599],[22.68427,57.51345],[22.68566,57.51092],[22.68846,57.50605],[22.6895,57.50507],[22.69092,57.50427],[22.69272,57.50368],[22.69484,57.50326],[22.69928,57.50246],[22.70338,57.50168],[22.70521,57.50109],[22.70677,57.50031],[22.70801,57.49938],[22.71087,57.49617],[22.7128,57.49393],[22.71799,57.48805],[22.71669,57.48654],[22.71575,57.48573],[22.71374,57.48394],[22.71261,57.48305],[22.7111,57.48233],[22.71013,57.48149],[22.71138,57.48011],[22.71264,57.47847],[22.71455,57.47752],[22.71642,57.47635],[22.71753,57.47515],[22.71958,57.47432],[22.7221,57.47299],[22.72326,57.4724],[22.72401,57.47177],[22.72425,57.47051],[22.7222,57.46882],[22.72041,57.46784],[22.72039,57.46712],[22.72081,57.46525],[22.72119,57.46334],[22.7221,57.46174],[22.72213,57.46098],[22.72203,57.46007],[22.72292,57.45892],[22.72615,57.45697],[22.72835,57.45659],[22.72989,57.45561],[22.73155,57.45459],[22.73227,57.45341],[22.73317,57.45036],[22.73154,57.4492],[22.73025,57.44779],[22.72726,57.44619],[22.72655,57.44557],[22.72573,57.44496],[22.72412,57.44435],[22.72352,57.44303],[22.72218,57.44176],[22.72203,57.43965],[22.72161,57.43832],[22.72096,57.43734],[22.72208,57.43628],[22.72478,57.43558],[22.72521,57.43485],[22.72311,57.43255],[22.72146,57.43114],[22.72022,57.42943],[22.71861,57.42763],[22.71607,57.42614],[22.71204,57.42322],[22.71089,57.42166],[22.71309,57.42078],[22.71597,57.42022],[22.71863,57.41914],[22.7206,57.41815],[22.7221,57.41759],[22.72313,57.41636],[22.72425,57.41576],[22.72493,57.41502],[22.72735,57.41353],[22.72724,57.41276],[22.72599,57.41174],[22.72509,57.41104],[22.72699,57.40992],[22.72808,57.40861],[22.72893,57.40767],[22.72977,57.40706],[22.73325,57.40524],[22.73558,57.40466],[22.73704,57.404],[22.73843,57.403],[22.73985,57.40174],[22.74165,57.40059],[22.7433,57.39983],[22.74508,57.39888],[22.74492,57.39797],[22.74413,57.39734],[22.74569,57.39447],[22.74676,57.39388],[22.74931,57.39271],[22.75412,57.39399],[22.75623,57.39344],[22.75876,57.39247],[22.76044,57.39237],[22.76316,57.39297],[22.76433,57.39332],[22.76579,57.3934],[22.76954,57.39181],[22.77137,57.39156],[22.7729,57.39087],[22.7748,57.3894],[22.77377,57.38856],[22.77302,57.38755],[22.77381,57.38669],[22.7751,57.38607],[22.7757,57.38511],[22.77538,57.38297],[22.77616,57.38234],[22.77877,57.38106],[22.7806,57.38057],[22.78237,57.37932],[22.78454,57.37814],[22.7871,57.37728],[22.78878,57.3766],[22.79063,57.37507],[22.79203,57.37412],[22.797,57.37079],[22.79839,57.37015],[22.8001,57.36874],[22.80397,57.36641],[22.80735,57.36419],[22.80862,57.36324],[22.81169,57.3615],[22.81321,57.36084],[22.8149,57.35971],[22.81635,57.35882],[22.81829,57.35754],[22.81931,57.35649],[22.82115,57.35503],[22.82184,57.35396],[22.82603,57.3544],[22.82838,57.35293],[22.82933,57.35224],[22.83059,57.35182],[22.8336,57.35112],[22.83578,57.35021],[22.83814,57.35052],[22.84022,57.35138],[22.84137,57.35208],[22.8445,57.35323],[22.84579,57.35249],[22.84632,57.35074],[22.8475,57.34982],[22.84979,57.34837],[22.85263,57.3472],[22.85433,57.34627],[22.8555,57.34566],[22.85544,57.34396],[22.85559,57.34219],[22.85701,57.34034],[22.85941,57.33734],[22.86055,57.3357],[22.86099,57.33428],[22.87032,57.33354],[22.87633,57.3331],[22.88067,57.33276],[22.8898,57.33228],[22.89212,57.3323],[22.89445,57.33254],[22.90113,57.33354],[22.90305,57.334],[22.90756,57.33601],[22.90835,57.3372],[22.91058,57.33693],[22.91188,57.33642],[22.91514,57.33562],[22.91866,57.33485],[22.92031,57.33422],[22.92379,57.33269],[22.92859,57.33061],[22.92954,57.32998],[22.92989,57.32904],[22.93074,57.32712],[22.93183,57.32646],[22.93492,57.32587],[22.93716,57.32507],[22.93974,57.325],[22.94045,57.32435],[22.94192,57.32332],[22.94261,57.32266],[22.94307,57.32135],[22.94415,57.32002],[22.94631,57.31906],[22.94616,57.31704],[22.94455,57.31588],[22.94371,57.31452],[22.94526,57.31241],[22.94568,57.31167],[22.94552,57.31089],[22.94431,57.30963],[22.94202,57.30868],[22.94128,57.30807],[22.9411,57.30676],[22.9408,57.30604],[22.94007,57.30536],[22.93908,57.30472],[22.93837,57.30406],[22.93778,57.30338],[22.93618,57.30245],[22.93609,57.30172],[22.93565,57.30098],[22.93472,57.2983],[22.93508,57.29758],[22.93427,57.29637],[22.93449,57.29527],[22.93531,57.29345],[22.93741,57.29309],[22.93943,57.29301],[22.94094,57.29325],[22.94266,57.29328],[22.94453,57.29339],[22.94608,57.29354],[22.94775,57.29363],[22.95237,57.29403],[22.95451,57.29417],[22.9596,57.29455],[22.96038,57.29228],[22.96105,57.28933],[22.95929,57.28916],[22.9566,57.28894],[22.95162,57.28853],[22.95144,57.28693],[22.952,57.28456],[22.95259,57.28387],[22.95445,57.28258],[22.9552,57.28151],[22.95465,57.27998],[22.95482,57.27912],[22.95493,57.27775],[22.9553,57.27678],[22.95648,57.27599],[22.95794,57.27534],[22.95888,57.27472],[22.9603,57.2743],[22.96131,57.27364],[22.96322,57.27281],[22.96325,57.27173],[22.96245,57.26929],[22.96177,57.26745],[22.96535,57.2665],[22.96902,57.26598],[22.973,57.26542],[22.97694,57.26484],[22.97825,57.26428],[22.98064,57.26296],[22.98398,57.26203],[22.99376,57.26033],[22.99577,57.2601],[23.00322,57.25926],[23.00483,57.25922],[23.0089,57.25819],[23.01028,57.25733],[23.01136,57.25654],[23.02003,57.25396],[23.01722,57.25004],[23.02301,57.24899],[23.02755,57.24804],[23.03422,57.24781],[23.03348,57.247],[23.03189,57.24566],[23.03216,57.24454],[23.03419,57.24284],[23.03532,57.24191],[23.03775,57.23985],[23.04142,57.23677],[23.04202,57.23592],[23.04223,57.23493],[23.0437,57.22818],[23.04786,57.20906],[23.04971,57.20812],[23.0528,57.20786],[23.05511,57.20534],[23.06328,57.20554],[23.06519,57.20546],[23.06724,57.20557],[23.07137,57.20582],[23.07534,57.20599],[23.07921,57.20573],[23.08054,57.20562],[23.08145,57.2046],[23.08288,57.20296],[23.08399,57.20102],[23.08474,57.20032],[23.08685,57.19896],[23.09121,57.19715],[23.09264,57.19694],[23.0942,57.19681],[23.09574,57.1965],[23.0989,57.19565],[23.10211,57.19451],[23.10361,57.19388],[23.1066,57.19232],[23.11256,57.18909],[23.11405,57.18831],[23.11527,57.18753],[23.11851,57.18477],[23.11919,57.18396],[23.11904,57.1831],[23.11808,57.18113],[23.11762,57.18023],[23.11765,57.17936],[23.11796,57.17848],[23.11779,57.17753],[23.11866,57.17582],[23.11865,57.17491],[23.11911,57.17423],[23.12378,57.17144],[23.12521,57.17075],[23.13707,57.16976],[23.14618,57.16929],[23.14859,57.16918],[23.15343,57.16893],[23.16485,57.16838],[23.16655,57.16827],[23.17107,57.16669],[23.17273,57.16665],[23.17622,57.16744],[23.17879,57.16899],[23.1812,57.17054],[23.18245,57.17091],[23.18424,57.1702],[23.18814,57.16783],[23.18994,57.16723],[23.19179,57.16671],[23.19242,57.16526],[23.19442,57.16487],[23.19623,57.16506],[23.19866,57.16534],[23.20056,57.16514],[23.20297,57.16523],[23.20534,57.16542],[23.20802,57.16502],[23.20929,57.16443],[23.21174,57.16373],[23.21577,57.16408],[23.21807,57.1635],[23.21893,57.16294],[23.2236,57.16376],[23.22523,57.16393],[23.22658,57.16353],[23.22774,57.16263],[23.22908,57.16165],[23.22974,57.16077],[23.22956,57.15956],[23.22919,57.15882],[23.22888,57.15722],[23.23072,57.15132],[23.23068,57.14979],[23.23015,57.14766],[23.2294,57.14617],[23.2282,57.14308],[23.228,57.14174],[23.22802,57.1396],[23.2292,57.13327],[23.22904,57.13111],[23.22819,57.12595],[23.228,57.12491],[23.22621,57.12498],[23.22425,57.12508],[23.22089,57.1254],[23.22028,57.12684],[23.21938,57.12758],[23.21746,57.12656],[23.21483,57.12611],[23.21573,57.12415],[23.21747,57.12147],[23.21793,57.11943],[23.21655,57.11934],[23.20923,57.11932],[23.20924,57.11857],[23.20953,57.11766],[23.20492,57.11711],[23.20321,57.11713],[23.20168,57.11702],[23.19925,57.11675],[23.19401,57.11587],[23.19016,57.11542],[23.1887,57.11411],[23.18768,57.11463],[23.18511,57.11577],[23.18695,57.11503],[23.18807,57.11427],[23.18675,57.11367],[23.18587,57.11228],[23.18479,57.11171],[23.18344,57.11138],[23.18198,57.11124],[23.18095,57.11076],[23.17888,57.10925],[23.17727,57.10742],[23.17681,57.10646],[23.1767,57.10417],[23.1795,57.10419],[23.18225,57.10419],[23.18202,57.10321],[23.18051,57.1024],[23.17894,57.10156],[23.17956,57.10039],[23.18158,57.0987],[23.18386,57.0975],[23.18465,57.09692],[23.18608,57.09552],[23.18757,57.09399],[23.1894,57.09178],[23.18998,57.09048],[23.18883,57.09007],[23.18756,57.08944],[23.18642,57.08828],[23.18421,57.08823],[23.18131,57.08869],[23.17932,57.08868],[23.17783,57.08884],[23.17675,57.08791],[23.17515,57.08636],[23.17368,57.08528],[23.17193,57.0842],[23.17135,57.08345],[23.16968,57.08323],[23.16833,57.08287],[23.16672,57.08229],[23.16536,57.08266],[23.16367,57.08254],[23.16122,57.08302],[23.15957,57.08288],[23.1581,57.0825],[23.15654,57.08231],[23.15552,57.08282],[23.15396,57.08382],[23.1522,57.08311],[23.15029,57.08241],[23.14797,57.08243],[23.14561,57.0815],[23.14435,57.08121],[23.14294,57.081],[23.14159,57.08101],[23.13934,57.08073],[23.13725,57.08112],[23.13593,57.08094],[23.13463,57.0807],[23.13223,57.08093],[23.1309,57.08098],[23.12708,57.08158],[23.12417,57.07991],[23.12093,57.0792],[23.12002,57.07795],[23.11955,57.07695],[23.11765,57.07676],[23.1159,57.07541],[23.11587,57.07393],[23.11575,57.07289],[23.11759,57.07194],[23.11912,57.07023],[23.11749,57.06964],[23.11398,57.06917],[23.11226,57.06952],[23.11181,57.07057],[23.11058,57.07134],[23.10941,57.07202],[23.10655,57.07251],[23.10384,57.07277],[23.10271,57.07355],[23.10187,57.07507],[23.09784,57.07552],[23.09507,57.07514],[23.09316,57.07556],[23.09134,57.07612],[23.09057,57.07693],[23.08883,57.07804],[23.08899,57.07955],[23.08981,57.08045],[23.09191,57.08173],[23.09312,57.0833],[23.09313,57.08416],[23.092,57.08526],[23.09066,57.08553],[23.0877,57.08622],[23.08444,57.08711],[23.08086,57.08801],[23.07917,57.08847],[23.07788,57.08909],[23.07694,57.08992],[23.07544,57.09188],[23.07403,57.09276],[23.07233,57.09363],[23.06887,57.09528],[23.06538,57.0967],[23.05963,57.09851],[23.05636,57.09991],[23.05439,57.1005],[23.0504,57.10158],[23.04866,57.1022],[23.0449,57.10365],[23.04125,57.10508],[23.03969,57.10589],[23.0384,57.10681],[23.03726,57.10762],[23.03593,57.10814],[23.0325,57.10886],[23.03026,57.10947],[23.02911,57.10989],[23.02742,57.10837],[23.02542,57.10824],[23.02363,57.1076],[23.02133,57.10588],[23.0201,57.10493],[23.01837,57.10443],[23.01511,57.1032],[23.01394,57.10247],[23.01312,57.10175],[23.01156,57.10172],[23.00866,57.10238],[23.00697,57.10219],[23.00554,57.10219],[23.00436,57.10149],[23.00273,57.10133],[23.00168,57.10065],[22.99999,57.09951],[22.9984,57.09876],[22.99416,57.09809],[22.98575,57.09671],[22.97648,57.09616],[22.97735,57.09484],[22.97635,57.09622],[22.97003,57.09582],[22.96883,57.09539],[22.9827,57.08966],[22.98578,57.08836],[22.98032,57.08477],[22.97707,57.08375],[22.97174,57.08224],[22.97001,57.08154],[22.96662,57.08004],[22.96373,57.07816],[22.96101,57.07651],[22.9589,57.07519],[22.95888,57.07424],[22.95934,57.0728],[22.95996,57.07087],[22.96059,57.06933],[22.96273,57.06437],[22.96103,57.06334],[22.95848,57.06226],[22.95775,57.06153],[22.95706,57.06056],[22.9556,57.05857],[22.95414,57.05662],[22.95237,57.05498],[22.95034,57.05361],[22.95013,57.05264],[22.95051,57.05067],[22.94914,57.04904],[22.94768,57.04828],[22.94322,57.04708],[22.94061,57.04669],[22.93789,57.0466],[22.93604,57.04625],[22.93339,57.04489],[22.93007,57.04368],[22.92533,57.04205],[22.92313,57.04131],[22.92183,57.04087],[22.92033,57.04036],[22.91163,57.03735],[22.91251,57.03795],[22.9115,57.03731],[22.90894,57.0364],[22.90718,57.03577],[22.90894,57.03492],[22.91313,57.03357],[22.91607,57.03273],[22.91898,57.03189],[22.92108,57.02964],[22.9227,57.02653],[22.92419,57.02119],[22.92151,57.01932],[22.91931,57.01819],[22.91849,57.01656],[22.922,57.01206],[22.91997,57.01115],[22.91886,57.01069],[22.91772,57.01032],[22.91401,57.00963],[22.90802,57.0085],[22.9077,57.00742],[22.90885,57.00622],[22.90812,57.00468],[22.90794,57.00343],[22.9068,57.00252],[22.90524,57.00174],[22.90502,56.99987],[22.90628,56.99751],[22.90754,56.99659],[22.90889,56.99482],[22.90972,56.99409],[22.90972,56.99304],[22.90983,56.99208],[22.90908,56.99101],[22.90653,56.99038],[22.90292,56.98972],[22.90116,56.98904],[22.89884,56.98991],[22.8977,56.99065],[22.89666,56.99159],[22.89558,56.99258],[22.89442,56.99346],[22.88966,56.99594],[22.88816,56.99675],[22.8865,56.99735],[22.88225,56.99766],[22.87773,56.99785],[22.87462,56.99798],[22.87507,56.99619],[22.87602,56.99453],[22.87689,56.99336],[22.87756,56.99143],[22.8783,56.98933],[22.87932,56.98779],[22.8804,56.98615],[22.88147,56.98297],[22.88411,56.97995],[22.88253,56.97855],[22.88152,56.9777],[22.88108,56.97684],[22.88004,56.97564],[22.87889,56.9752],[22.87672,56.97457],[22.87449,56.97496],[22.87254,56.97574],[22.87064,56.97507],[22.86858,56.97373],[22.86652,56.9741],[22.86403,56.9749],[22.86331,56.97421],[22.86269,56.97215],[22.86208,56.97006],[22.86186,56.96928],[22.86303,56.96836],[22.86437,56.96787],[22.86546,56.96724],[22.86773,56.96548],[22.8744,56.96032],[22.87577,56.95968],[22.87738,56.95916],[22.87869,56.95867],[22.86668,56.95302],[22.86493,56.95282],[22.86119,56.95251],[22.85697,56.95243],[22.85555,56.95224],[22.85211,56.95157],[22.84998,56.94993],[22.84874,56.94937],[22.84718,56.9488],[22.84586,56.94836],[22.84224,56.94663],[22.84056,56.94509],[22.83996,56.94442],[22.84006,56.94361],[22.84058,56.94292],[22.84185,56.9423],[22.84326,56.94161],[22.84598,56.94021],[22.84694,56.93946],[22.84827,56.93894],[22.84937,56.93829],[22.85022,56.9375],[22.85102,56.93661],[22.84905,56.93649],[22.84682,56.9354],[22.84605,56.93467],[22.84566,56.93363],[22.84477,56.93142],[22.84409,56.93042],[22.84335,56.92953],[22.84226,56.92886],[22.84101,56.92863],[22.83641,56.92886],[22.83328,56.92868],[22.83128,56.9297],[22.82833,56.92984],[22.82635,56.92903],[22.82312,56.92819],[22.82183,56.92766],[22.81886,56.92704],[22.8176,56.92658],[22.81632,56.92633],[22.8155,56.92524],[22.81507,56.92413],[22.80969,56.92489],[22.80549,56.92554],[22.80478,56.92422],[22.80431,56.92351],[22.80333,56.92283],[22.80315,56.92176],[22.80106,56.9214],[22.79967,56.9209],[22.7985,56.92012],[22.79728,56.91912],[22.79593,56.91807],[22.79213,56.91542],[22.79103,56.915],[22.79119,56.9142],[22.79142,56.91333],[22.74944,56.90097],[22.74667,56.90132],[22.74228,56.90402],[22.74062,56.90397],[22.73816,56.90385],[22.73567,56.90386],[22.73343,56.90375],[22.73114,56.90346],[22.72979,56.90337],[22.72844,56.9033],[22.72711,56.90322],[22.72465,56.90308],[22.72229,56.90296],[22.71976,56.90284],[22.7173,56.90271],[22.71537,56.90261],[22.71525,56.90337],[22.71494,56.90408],[22.71488,56.90487],[22.7136,56.90527],[22.71226,56.90506],[22.71052,56.90512],[22.70857,56.90503],[22.70725,56.905],[22.70551,56.90518],[22.70387,56.90481],[22.70225,56.90434],[22.69966,56.90382],[22.69667,56.90351],[22.69507,56.90409],[22.69379,56.9043],[22.69162,56.90427],[22.68993,56.90463],[22.68867,56.90501],[22.68734,56.90536],[22.686,56.90565],[22.68639,56.90489],[22.68623,56.9041],[22.68578,56.90339],[22.68569,56.90267],[22.68637,56.902],[22.68701,56.90134],[22.68753,56.90051],[22.68804,56.89958],[22.68854,56.89883],[22.68898,56.89812],[22.68955,56.89722],[22.69004,56.89639],[22.69156,56.894],[22.6943,56.89192],[22.69545,56.89101],[22.69623,56.8904],[22.69701,56.88978],[22.69783,56.88913],[22.69866,56.88847],[22.69948,56.88783],[22.70028,56.88717],[22.70113,56.8865],[22.70194,56.88585],[22.703,56.88502],[22.70645,56.88209],[22.71458,56.87824],[22.72503,56.87352],[22.7332,56.87269],[22.73468,56.87235],[22.73334,56.87151],[22.7232,56.86533],[22.72726,56.86433],[22.72961,56.86419],[22.73207,56.86352],[22.73326,56.86261],[22.73761,56.85879],[22.73531,56.85828],[22.72994,56.85678],[22.71707,56.85255],[22.71463,56.85175],[22.71194,56.8507],[22.71141,56.84998],[22.7112,56.84902],[22.7102,56.84819],[22.70901,56.84716],[22.70669,56.84582],[22.71243,56.8407],[22.71546,56.83868],[22.72183,56.8354],[22.72395,56.835],[22.72615,56.83509],[22.72804,56.83553],[22.73204,56.83708],[22.73312,56.83605],[22.73885,56.83646],[22.74323,56.83672],[22.74404,56.83449],[22.74461,56.83291],[22.7447,56.83159],[22.74516,56.83051],[22.74558,56.82964],[22.74683,56.82933],[22.75388,56.82738],[22.75506,56.82681],[22.75874,56.8254],[22.7618,56.82447],[22.76383,56.82401],[22.76669,56.82422],[22.7739,56.82585],[22.77597,56.82658],[22.77869,56.82642],[22.78336,56.82621],[22.7853,56.82606],[22.78781,56.82499],[22.78934,56.82515],[22.79115,56.8253],[22.79109,56.82607],[22.79065,56.82699],[22.79085,56.82816],[22.79153,56.82883],[22.79242,56.82945],[22.79439,56.83081],[22.79517,56.83158],[22.79825,56.83478],[22.79912,56.83539],[22.80124,56.83633],[22.80284,56.83664],[22.80809,56.83742],[22.81244,56.83807],[22.81374,56.83755],[22.8149,56.83695],[22.81646,56.83643],[22.81988,56.83521],[22.82417,56.83264],[22.8261,56.83067],[22.82704,56.82968],[22.82836,56.82883],[22.84136,56.82335],[22.84251,56.82261],[22.84339,56.82168],[22.84445,56.82104],[22.84802,56.8203],[22.85331,56.81935],[22.8551,56.81941],[22.85647,56.81927],[22.86379,56.81421],[22.86663,56.81238],[22.86806,56.81164],[22.8698,56.81097],[22.87137,56.81019],[22.87272,56.80942],[22.8752,56.80686],[22.87615,56.80623],[22.88961,56.81029],[22.89111,56.80821],[22.89315,56.80622],[22.89477,56.80524],[22.89616,56.80462],[22.89771,56.80369],[22.90121,56.80408],[22.90186,56.80472],[22.9041,56.8048],[22.9056,56.80449],[22.90708,56.80468],[22.91139,56.80294],[22.9125,56.80336],[22.9121,56.80412],[22.91255,56.80481],[22.91444,56.80473],[22.91702,56.80618],[22.91918,56.80725],[22.92051,56.80775],[22.9218,56.80853],[22.92286,56.80896],[22.92442,56.8096],[22.92449,56.81078],[22.9232,56.81228],[22.92425,56.81337],[22.92515,56.81414],[22.92563,56.81489],[22.92573,56.8157],[22.92458,56.81677],[22.92335,56.8175],[22.92109,56.81801],[22.9204,56.81936],[22.92198,56.81955],[22.92481,56.82139],[22.92538,56.82224],[22.92616,56.82297],[22.92732,56.8236],[22.93065,56.82411],[22.93428,56.82461],[22.93821,56.82508],[22.94879,56.82557],[22.95089,56.82579],[22.95902,56.82722],[22.96157,56.82767],[22.96452,56.82815],[22.96895,56.82835],[22.96912,56.82742],[22.96886,56.82565],[22.96975,56.82403],[22.97406,56.82252],[22.97557,56.82203],[22.97861,56.82104],[22.97978,56.82044],[23.00167,56.8152],[23.00556,56.81497],[23.01205,56.81347],[23.01478,56.815],[23.01763,56.81582],[23.01707,56.81254],[23.01693,56.80209],[23.0131,56.80196],[23.01085,56.80152],[23.00795,56.79948],[23.00637,56.79655],[22.99813,56.79588],[22.99087,56.7982],[22.98691,56.79885],[22.98459,56.79966],[22.98035,56.80012],[22.97404,56.79906],[22.97183,56.79912],[22.97061,56.79852],[22.96764,56.79799],[22.96162,56.79703],[22.96131,56.79887],[22.96024,56.79998],[22.95764,56.80087],[22.95497,56.80159],[22.95121,56.79964],[22.94836,56.79884],[22.94524,56.79789],[22.94179,56.79681],[22.93705,56.79535],[22.93237,56.79394],[22.92327,56.79108],[22.92195,56.79039],[22.92238,56.78953],[22.92129,56.78876],[22.91965,56.788],[22.91785,56.78824],[22.91739,56.78743],[22.915,56.78661],[22.91433,56.78598],[22.913,56.78468],[22.91103,56.78316],[22.90348,56.78128],[22.90201,56.78118],[22.89883,56.78142],[22.89577,56.78099],[22.89293,56.78017],[22.89181,56.77957],[22.88958,56.77813],[22.8904,56.77727],[22.8919,56.77659],[22.89318,56.776],[22.8943,56.77515],[22.89534,56.77414],[22.89745,56.77202],[22.89974,56.76995],[22.90114,56.76903],[22.90533,56.76632],[22.90813,56.76441],[22.91501,56.75957],[22.91961,56.75658],[22.92413,56.7539],[22.92538,56.75335],[22.93776,56.75169],[22.94351,56.75006],[22.95072,56.74797],[22.9531,56.74735],[22.95637,56.7447],[22.95765,56.74402],[22.96539,56.74044],[22.96714,56.74002],[22.96917,56.73997],[22.97338,56.73993],[22.97954,56.73945],[22.98148,56.73917],[22.9853,56.73831],[22.99289,56.73654],[22.99638,56.73555],[22.99899,56.73475],[23.00131,56.73425],[23.00465,56.73393],[23.0081,56.73297],[23.01246,56.73147],[23.01131,56.73011],[23.01376,56.73024],[23.01464,56.73078],[23.01615,56.73062],[23.02036,56.72974],[23.02167,56.72984],[23.02342,56.73011],[23.02521,56.73006],[23.03797,56.73001],[23.03876,56.73068],[23.04033,56.73123],[23.04255,56.73094],[23.04526,56.73285],[23.04647,56.73316],[23.04842,56.73364],[23.05137,56.73552],[23.06133,56.7357],[23.06477,56.73581],[23.06551,56.73643],[23.06891,56.73615],[23.06878,56.7352],[23.06883,56.73446],[23.06896,56.73304],[23.06828,56.73184],[23.06526,56.73095],[23.06614,56.72905],[23.06778,56.72678],[23.07188,56.72678],[23.07323,56.72733],[23.0742,56.72829],[23.07699,56.72887],[23.07854,56.72905],[23.08023,56.72935],[23.08739,56.7313],[23.0912,56.7321],[23.09648,56.7338],[23.10271,56.73477],[23.10376,56.73526],[23.10553,56.7355],[23.10682,56.73582],[23.10954,56.7365],[23.11251,56.73714],[23.1137,56.73769],[23.11575,56.73926],[23.11654,56.74013],[23.11819,56.74159],[23.11889,56.74342],[23.11962,56.74434],[23.12033,56.74621],[23.12066,56.74712],[23.12054,56.74837],[23.12219,56.74909],[23.1206,56.75208],[23.11841,56.75509],[23.11617,56.75809],[23.11528,56.7602],[23.11444,56.76121],[23.11143,56.76402],[23.10815,56.76667],[23.10681,56.76769],[23.10804,56.76806],[23.11048,56.76824],[23.11416,56.76904],[23.11552,56.76953],[23.11667,56.77025],[23.11964,56.77141],[23.12106,56.77193],[23.12564,56.7724],[23.13036,56.77339],[23.13189,56.77358],[23.13366,56.77373],[23.13394,56.77269],[23.13594,56.77211],[23.13729,56.77214],[23.13798,56.77347],[23.13957,56.77429],[23.14141,56.77508],[23.14469,56.77544],[23.14287,56.77521],[23.14222,56.776],[23.14352,56.77661],[23.14564,56.77678],[23.15048,56.77669],[23.15368,56.77668],[23.15494,56.77698],[23.15589,56.77758],[23.15862,56.77858],[23.16389,56.78024],[23.17323,56.78177],[23.17411,56.78234],[23.17467,56.78313],[23.17525,56.78396],[23.17578,56.78474],[23.17578,56.78554],[23.17473,56.78724],[23.1729,56.79031],[23.17359,56.79171],[23.17249,56.79299],[23.17494,56.79386],[23.17617,56.79527],[23.17845,56.79891],[23.18139,56.79977],[23.19231,56.80239],[23.19533,56.80289],[23.19741,56.80315],[23.19445,56.80395],[23.19166,56.80438],[23.19296,56.8065],[23.19366,56.80778],[23.19342,56.80858],[23.19315,56.80934],[23.19237,56.81105],[23.19201,56.81205],[23.19129,56.81403],[23.19123,56.8149],[23.192,56.81554],[23.19409,56.81651],[23.19688,56.81766],[23.20411,56.82065],[23.20447,56.82157],[23.2021,56.82261],[23.2011,56.82332],[23.20025,56.82419],[23.19846,56.82606],[23.19341,56.8314],[23.19321,56.83213],[23.19359,56.83296],[23.19408,56.83385],[23.19453,56.83466],[23.19463,56.83632],[23.19788,56.8378],[23.20088,56.83877],[23.20271,56.84229],[23.20524,56.84289],[23.2128,56.84309],[23.21374,56.84431],[23.21403,56.84643],[23.21671,56.84665],[23.21693,56.84779],[23.21632,56.84959],[23.21563,56.85171],[23.21498,56.85398],[23.21406,56.85937],[23.2133,56.86375],[23.21504,56.8668],[23.21573,56.8679],[23.21943,56.8729],[23.21963,56.87439],[23.21975,56.87563],[23.22045,56.87773],[23.21891,56.87767],[23.22044,56.87784],[23.22078,56.87857],[23.22083,56.87981],[23.22089,56.88111],[23.22145,56.88282],[23.22165,56.88378],[23.22307,56.88562],[23.22492,56.88877],[23.22582,56.89098],[23.22733,56.89467],[23.23113,56.89363],[23.23406,56.89247],[23.2366,56.89143],[23.23835,56.89086],[23.24211,56.88961],[23.24599,56.8883],[23.25641,56.88486],[23.25818,56.88341],[23.26347,56.87935],[23.27495,56.87068],[23.28142,56.86964],[23.28617,56.86952],[23.28784,56.86996],[23.28964,56.87072],[23.29175,56.87092],[23.30231,56.8706],[23.30427,56.87013],[23.30478,56.86874],[23.30913,56.86861],[23.31374,56.86834],[23.32042,56.86783],[23.32175,56.86757],[23.32385,56.86669],[23.32697,56.86776],[23.33145,56.86901],[23.33941,56.87072],[23.34125,56.87102],[23.34308,56.87115],[23.3458,56.87083],[23.34749,56.87005],[23.34882,56.86963],[23.35433,56.86925],[23.35957,56.86898],[23.3608,56.86869],[23.36163,56.86804],[23.36237,56.8667],[23.36142,56.86834],[23.36451,56.86856],[23.36885,56.86801],[23.37381,56.86785],[23.37514,56.86793],[23.37648,56.86856],[23.37924,56.8689],[23.38384,56.86936],[23.38597,56.86847],[23.38689,56.86764],[23.39086,56.86413],[23.39218,56.8623],[23.39359,56.8604],[23.39436,56.85825],[23.39524,56.85595],[23.3988,56.84443],[23.39918,56.84332],[23.39756,56.84283],[23.39754,56.84158],[23.39873,56.83884],[23.39948,56.83456],[23.39994,56.83135],[23.40015,56.83021],[23.40077,56.82932],[23.40171,56.82821],[23.40393,56.82567],[23.40641,56.82633],[23.409,56.82716],[23.41047,56.82745],[23.415,56.82789],[23.41791,56.82817],[23.42069,56.82843],[23.42368,56.82877],[23.42634,56.82901],[23.42884,56.82928],[23.45006,56.8313],[23.45294,56.83151],[23.45435,56.83141],[23.45849,56.83094],[23.46249,56.83252],[23.46461,56.83223],[23.46739,56.83093],[23.46989,56.83065],[23.4734,56.83117],[23.49037,56.82858],[23.49236,56.82828],[23.49443,56.82819],[23.49668,56.82866],[23.49891,56.82938],[23.5011,56.83005],[23.50305,56.83062],[23.5051,56.83071],[23.50684,56.83039],[23.50729,56.83114],[23.50831,56.8321],[23.5092,56.83346],[23.51027,56.83525],[23.51235,56.83663],[23.51442,56.83645],[23.51748,56.83651],[23.5193,56.83596],[23.52134,56.83644],[23.52306,56.83704],[23.5252,56.8368],[23.52852,56.83698],[23.53065,56.83737],[23.5338,56.83675],[23.53713,56.83637],[23.53939,56.83629],[23.54425,56.83417],[23.54654,56.834],[23.55044,56.834],[23.55235,56.83423],[23.55413,56.83327],[23.55524,56.8321],[23.56092,56.83342],[23.57318,56.83543],[23.57764,56.83614],[23.57907,56.8366],[23.58132,56.83797],[23.5878,56.84245],[23.58873,56.84307],[23.5932,56.84623],[23.59444,56.84556],[23.59516,56.84466],[23.59689,56.84396],[23.59889,56.84345],[23.60033,56.84361],[23.60413,56.84466],[23.606,56.84488],[23.60822,56.84537],[23.61016,56.84539],[23.6153,56.84689],[23.61583,56.84802],[23.6171,56.84909],[23.61887,56.84979],[23.61986,56.85097],[23.62085,56.853],[23.62122,56.8544],[23.62263,56.85558],[23.62379,56.85693],[23.62513,56.85791],[23.62595,56.859],[23.62734,56.86],[23.63064,56.86016],[23.62958,56.86118],[23.62847,56.86183],[23.62696,56.8627],[23.62469,56.86367],[23.62697,56.86458],[23.6279,56.86404],[23.63047,56.86326],[23.63299,56.8627],[23.63642,56.86375],[23.64286,56.86424],[23.64557,56.86402],[23.64836,56.86394],[23.65045,56.86446],[23.65431,56.86481],[23.65703,56.86488],[23.65983,56.86551],[23.6608,56.86606],[23.66255,56.86639],[23.66462,56.86716],[23.66553,56.8678],[23.66776,56.86771],[23.6691,56.86807],[23.67048,56.86774],[23.67206,56.86772],[23.67288,56.86837],[23.67578,56.86843],[23.67765,56.86823],[23.67941,56.86909],[23.68155,56.86884],[23.68291,56.86808],[23.68517,56.86812],[23.68776,56.86857],[23.68978,56.86866],[23.69412,56.86929],[23.69596,56.87012],[23.69797,56.87095],[23.69942,56.87125],[23.70131,56.87146],[23.70282,56.87113],[23.7039,56.87179],[23.70687,56.87159],[23.7087,56.87115],[23.71074,56.87124],[23.71201,56.87172],[23.71542,56.87221],[23.71866,56.87278],[23.72057,56.87344],[23.72254,56.8738],[23.72506,56.87463],[23.72681,56.8752],[23.72662,56.87606],[23.72862,56.87657],[23.73002,56.87736],[23.73171,56.87735],[23.73341,56.87748],[23.73544,56.87767],[23.73705,56.87808],[23.73993,56.87886],[23.74148,56.87966],[23.74303,56.88091],[23.7446,56.88106],[23.74591,56.88189],[23.74693,56.88239],[23.7484,56.88186],[23.75056,56.8816],[23.75299,56.88178],[23.75819,56.88294],[23.76227,56.88311],[23.7648,56.88361],[23.76744,56.88418],[23.77018,56.88482],[23.77285,56.88518],[23.77477,56.8858],[23.78075,56.88709],[23.78318,56.88724],[23.78449,56.88752],[23.78659,56.888],[23.79054,56.88924],[23.79475,56.8897],[23.79823,56.8911],[23.80043,56.8925],[23.80086,56.8944],[23.80205,56.89493],[23.80324,56.89433],[23.8035,56.89197],[23.80389,56.89119],[23.80486,56.89056],[23.81008,56.88852],[23.82041,56.88928],[23.82264,56.88898],[23.82572,56.88835],[23.83422,56.88673],[23.85376,56.8949],[23.85656,56.89568],[23.85798,56.89772],[23.86113,56.8994],[23.86466,56.90023],[23.86605,56.90065],[23.87144,56.90253],[23.87433,56.90265],[23.87696,56.9017],[23.87736,56.89972],[23.87777,56.89892],[23.87943,56.89826],[23.88048,56.89725],[23.88288,56.89651],[23.88413,56.89613],[23.88503,56.89543],[23.88621,56.89481],[23.88741,56.89445],[23.88997,56.89453],[23.89185,56.89418],[23.89157,56.89627],[23.88989,56.897],[23.88922,56.8983],[23.88828,56.89777],[23.88605,56.89815],[23.88461,56.89872],[23.88382,56.8993],[23.88233,56.89954],[23.88245,56.90038],[23.88396,56.90099],[23.88656,56.90299],[23.88809,56.90299],[23.88879,56.90551],[23.89021,56.90663],[23.8911,56.90736],[23.90267,56.91674],[23.90468,56.91605],[23.90923,56.91425],[23.91033,56.91377],[23.9129,56.91282],[23.91416,56.91233],[23.91542,56.91189],[23.91473,56.91465],[23.91435,56.91653],[23.91437,56.91906],[23.91453,56.92105],[23.91495,56.92178],[23.91775,56.9214],[23.91983,56.92127],[23.93215,56.92074],[23.93668,56.92052],[23.944,56.92017],[23.95809,56.91882],[23.96269,56.91834],[23.96472,56.91751],[23.96528,56.91683],[23.9656,56.91596],[23.96614,56.9137],[23.96491,56.9072],[23.96471,56.90584],[23.9638,56.90031],[23.96554,56.89851],[23.9668,56.89779],[23.9667,56.89681],[23.96941,56.89667],[23.97801,56.89734],[23.97789,56.89878],[23.97833,56.90046],[23.97688,56.9009],[23.97413,56.90171],[23.97332,56.90264],[23.97181,56.90411],[23.97172,56.9051],[23.97275,56.9063],[23.9741,56.90785],[23.97698,56.90858],[23.97957,56.90804],[23.9825,56.90824],[23.98448,56.90833],[23.98924,56.90843],[23.99039,56.90794],[23.99113,56.90887],[23.99425,56.90974],[23.9958,56.91053],[23.99936,56.91079],[24.00402,56.9111],[24.01139,56.91646],[24.01142,56.91775],[24.01111,56.91902],[24.01502,56.91926],[24.01668,56.91945],[24.0241,56.91997],[24.0305,56.92042],[24.04077,56.92108],[24.04342,56.92128],[24.04885,56.92164],[24.0515,56.92186],[24.05342,56.92292],[24.05607,56.92453],[24.05824,56.92526],[24.05793,56.92624],[24.05867,56.92545],[24.06138,56.92633],[24.06257,56.92815],[24.06048,56.92909],[24.05922,56.92965],[24.05723,56.93078],[24.05638,56.93134],[24.05631,56.93214],[24.05848,56.93207],[24.06006,56.9324],[24.05922,56.93356],[24.05827,56.93485],[24.05881,56.93754],[24.05848,56.93852],[24.06212,56.93877],[24.06441,56.93948],[24.06934,56.94102],[24.07279,56.94213],[24.07369,56.94333],[24.0744,56.94422]]}},{"type":"Feature","properties":{"name":"TET_LV-02_20260519","lengthKm":323.4},"geometry":{"type":"LineString","coordinates":[[24.07369,56.94498],[24.07813,56.94749],[24.08224,56.9487],[24.10223,56.95236],[24.10113,56.95164],[24.10016,56.9525],[24.09845,56.95272],[24.09767,56.95399],[24.09719,56.95477],[24.09691,56.9556],[24.09727,56.95644],[24.09786,56.95729],[24.09827,56.95811],[24.09824,56.95906],[24.09852,56.95979],[24.0985,56.96061],[24.09847,56.96139],[24.09839,56.96275],[24.09826,56.96366],[24.09804,56.96455],[24.09801,56.9655],[24.098,56.96647],[24.09799,56.9674],[24.09797,56.96821],[24.09792,56.96895],[24.09793,56.96986],[24.09805,56.9708],[24.09855,56.97174],[24.09952,56.9726],[24.10058,56.97335],[24.10162,56.9741],[24.10299,56.97467],[24.10451,56.97503],[24.10598,56.97528],[24.10822,56.97542],[24.11019,56.97488],[24.1116,56.97458],[24.11292,56.97599],[24.11376,56.97706],[24.11461,56.97808],[24.11514,56.97875],[24.1162,56.97998],[24.11704,56.98095],[24.11775,56.98187],[24.11854,56.98285],[24.1193,56.98379],[24.12011,56.98479],[24.12088,56.9858],[24.12128,56.98687],[24.12155,56.98794],[24.12181,56.98895],[24.12199,56.98983],[24.12229,56.99119],[24.12245,56.99201],[24.12254,56.99276],[24.12138,56.9935],[24.12042,56.99417],[24.11958,56.99485],[24.11876,56.99551],[24.11802,56.99625],[24.11752,56.99701],[24.1172,56.99823],[24.11805,56.99959],[24.11843,57.00041],[24.11844,57.00131],[24.11841,57.00211],[24.11861,57.00294],[24.11886,57.00373],[24.11925,57.0045],[24.11975,57.00517],[24.12026,57.00588],[24.1208,57.00663],[24.12145,57.00751],[24.12243,57.00834],[24.12351,57.00912],[24.12427,57.00992],[24.12461,57.01084],[24.12464,57.01181],[24.12449,57.01282],[24.12436,57.01376],[24.12422,57.01472],[24.12382,57.01549],[24.12317,57.01623],[24.12361,57.01712],[24.12469,57.0179],[24.12562,57.01847],[24.12737,57.01964],[24.12836,57.02031],[24.1294,57.02097],[24.13038,57.02163],[24.13137,57.0223],[24.13239,57.02291],[24.13355,57.02367],[24.13476,57.02444],[24.13597,57.02521],[24.13702,57.02599],[24.13759,57.02694],[24.13778,57.02795],[24.13744,57.02898],[24.13656,57.02986],[24.13537,57.03063],[24.13407,57.03118],[24.13328,57.03192],[24.13542,57.03237],[24.13664,57.03189],[24.13733,57.03126],[24.13484,57.03158],[24.13369,57.03198],[24.13168,57.03269],[24.1297,57.03349],[24.12887,57.03415],[24.12811,57.03476],[24.12692,57.03512],[24.12548,57.035],[24.124,57.03475],[24.12258,57.03464],[24.12018,57.03474],[24.1182,57.03527],[24.11627,57.03593],[24.11491,57.0369],[24.11392,57.03812],[24.11292,57.03925],[24.11147,57.03981],[24.11055,57.04042],[24.1104,57.04116],[24.11129,57.04182],[24.11209,57.04259],[24.11293,57.04316],[24.11392,57.04378],[24.11497,57.04448],[24.11559,57.04522],[24.11535,57.04595],[24.11513,57.04695],[24.11497,57.0477],[24.11566,57.04855],[24.11562,57.04976],[24.1159,57.05081],[24.11665,57.0516],[24.11585,57.05242],[24.11494,57.05321],[24.11366,57.05392],[24.11291,57.05475],[24.1117,57.05534],[24.11051,57.05597],[24.10945,57.05677],[24.10835,57.0576],[24.10823,57.05833],[24.10903,57.05916],[24.11035,57.05994],[24.11152,57.06073],[24.11272,57.06148],[24.11369,57.06226],[24.11515,57.06308],[24.1164,57.06374],[24.11793,57.06424],[24.11956,57.06468],[24.12102,57.06504],[24.12222,57.06539],[24.12354,57.06572],[24.12487,57.06571],[24.12492,57.06654],[24.12439,57.06724],[24.12378,57.06796],[24.12305,57.06884],[24.12251,57.06974],[24.12168,57.07048],[24.1212,57.07116],[24.12056,57.07179],[24.12,57.07253],[24.11937,57.07322],[24.1187,57.07398],[24.11926,57.07471],[24.12043,57.07515],[24.12091,57.07583],[24.12154,57.07652],[24.12268,57.07691],[24.12388,57.07768],[24.12508,57.07801],[24.12646,57.07797],[24.12801,57.07747],[24.12944,57.07742],[24.13072,57.07785],[24.13203,57.0783],[24.13308,57.07884],[24.13376,57.0795],[24.13464,57.0802],[24.13572,57.08065],[24.13718,57.08117],[24.13864,57.08157],[24.13994,57.08214],[24.14122,57.08267],[24.14263,57.0822],[24.14388,57.08264],[24.1444,57.08353],[24.1454,57.0844],[24.14665,57.08505],[24.14838,57.08537],[24.14992,57.08565],[24.15152,57.08585],[24.15298,57.08532],[24.15458,57.08487],[24.1559,57.08383],[24.15679,57.08282],[24.15838,57.08221],[24.15983,57.08192],[24.15956,57.08098],[24.15946,57.08021],[24.15922,57.07879],[24.15853,57.07325],[24.16001,57.07313],[24.16057,57.07247],[24.16247,57.07201],[24.16443,57.07142],[24.16612,57.07108],[24.16795,57.07057],[24.17004,57.07028],[24.17185,57.07025],[24.17347,57.07028],[24.17519,57.07004],[24.1768,57.06958],[24.17828,57.06964],[24.18023,57.06935],[24.18136,57.06893],[24.18261,57.06843],[24.18365,57.06788],[24.18383,57.06693],[24.18429,57.06616],[24.1857,57.06601],[24.18705,57.06588],[24.18891,57.06561],[24.18999,57.06493],[24.19096,57.06435],[24.19157,57.06362],[24.19216,57.06286],[24.19339,57.06224],[24.19486,57.06153],[24.19632,57.06083],[24.19833,57.06046],[24.19995,57.06008],[24.20151,57.06009],[24.20333,57.06042],[24.20495,57.06104],[24.20675,57.06175],[24.20861,57.06213],[24.21056,57.06248],[24.2123,57.06246],[24.21392,57.06276],[24.21572,57.06278],[24.21703,57.06294],[24.21803,57.06378],[24.21936,57.06448],[24.22095,57.06489],[24.22268,57.06505],[24.22377,57.06561],[24.22304,57.06627],[24.22354,57.06702],[24.22398,57.06779],[24.22467,57.06843],[24.2235,57.068],[24.22254,57.06882],[24.22179,57.06961],[24.22104,57.07022],[24.22027,57.07087],[24.22155,57.07145],[24.22313,57.07169],[24.2246,57.07177],[24.22598,57.07192],[24.2279,57.07188],[24.22903,57.0713],[24.23073,57.07162],[24.23232,57.07161],[24.2335,57.07221],[24.23314,57.07293],[24.23252,57.07367],[24.23186,57.07445],[24.23123,57.07517],[24.2318,57.07592],[24.23368,57.07644],[24.23568,57.07678],[24.2373,57.07678],[24.23874,57.07688],[24.24061,57.077],[24.24265,57.07714],[24.24456,57.07711],[24.24675,57.077],[24.24844,57.07681],[24.24909,57.07759],[24.24975,57.07848],[24.25059,57.07963],[24.25132,57.08073],[24.25285,57.08073],[24.25434,57.08052],[24.25599,57.08028],[24.25768,57.07993],[24.25942,57.07953],[24.26129,57.07912],[24.2632,57.0787],[24.26497,57.0783],[24.26669,57.07792],[24.26853,57.07751],[24.27052,57.07706],[24.27248,57.07662],[24.27433,57.07622],[24.27598,57.07583],[24.27717,57.07527],[24.27862,57.07444],[24.27781,57.07376],[24.27601,57.07274],[24.27507,57.07222],[24.27355,57.07134],[24.27209,57.07051],[24.27079,57.06966],[24.2702,57.06851],[24.27115,57.06747],[24.27255,57.06663],[24.27423,57.06582],[24.27523,57.06479],[24.27677,57.06394],[24.27788,57.06352],[24.27918,57.06308],[24.28047,57.06273],[24.28282,57.06187],[24.28428,57.0616],[24.28668,57.06163],[24.28877,57.06074],[24.28964,57.06],[24.29048,57.05929],[24.29153,57.05873],[24.29291,57.05828],[24.29423,57.05786],[24.29536,57.05739],[24.29705,57.05681],[24.29879,57.05656],[24.3005,57.05607],[24.30203,57.05599],[24.30316,57.05637],[24.30467,57.057],[24.30512,57.05771],[24.30592,57.05847],[24.30773,57.05901],[24.30907,57.05933],[24.311,57.05957],[24.31278,57.05964],[24.31455,57.05957],[24.31591,57.05966],[24.31721,57.05987],[24.31754,57.06097],[24.31738,57.06178],[24.31834,57.06251],[24.31771,57.06355],[24.31658,57.06429],[24.31595,57.06539],[24.31572,57.06623],[24.31538,57.06703],[24.31546,57.06782],[24.31641,57.06854],[24.31713,57.06936],[24.31831,57.06857],[24.31964,57.0685],[24.32097,57.0685],[24.32292,57.06864],[24.32505,57.06878],[24.32645,57.06883],[24.32778,57.0689],[24.33001,57.06903],[24.33229,57.06924],[24.33456,57.06993],[24.33571,57.07031],[24.3367,57.07085],[24.33525,57.07169],[24.33426,57.07226],[24.33318,57.07286],[24.33213,57.07343],[24.33086,57.07446],[24.33002,57.07504],[24.32936,57.07573],[24.3283,57.077],[24.32732,57.07778],[24.3282,57.07852],[24.32975,57.07938],[24.33165,57.07971],[24.33417,57.07976],[24.33655,57.07982],[24.33783,57.08083],[24.33821,57.08155],[24.33888,57.08249],[24.33951,57.0832],[24.3404,57.08387],[24.34156,57.08449],[24.34297,57.08509],[24.34431,57.08565],[24.34567,57.08623],[24.34692,57.08675],[24.34825,57.08655],[24.34945,57.08538],[24.35038,57.08416],[24.35212,57.08396],[24.35358,57.08409],[24.35519,57.08423],[24.35686,57.0842],[24.35846,57.08412],[24.36,57.08399],[24.36162,57.0837],[24.36335,57.08341],[24.36497,57.08314],[24.36694,57.08241],[24.36747,57.08156],[24.36845,57.081],[24.36944,57.08048],[24.37024,57.07988],[24.37223,57.07951],[24.37379,57.07958],[24.37525,57.07982],[24.37664,57.08032],[24.37809,57.08105],[24.3795,57.08173],[24.38189,57.08206],[24.38344,57.08195],[24.38549,57.0816],[24.38715,57.08198],[24.38901,57.08294],[24.39024,57.08344],[24.39148,57.0839],[24.39264,57.08428],[24.39521,57.08474],[24.39669,57.08487],[24.39807,57.08511],[24.39933,57.08543],[24.40189,57.08542],[24.40323,57.08515],[24.40479,57.08515],[24.40762,57.08476],[24.40918,57.08434],[24.41053,57.08398],[24.41206,57.08366],[24.41342,57.08345],[24.41518,57.08354],[24.41689,57.0836],[24.4183,57.08365],[24.41945,57.08401],[24.42054,57.08456],[24.42195,57.08479],[24.42324,57.085],[24.4257,57.08457],[24.42719,57.08467],[24.42871,57.08471],[24.43021,57.08472],[24.43238,57.0852],[24.43419,57.08641],[24.43534,57.08705],[24.43659,57.08775],[24.4378,57.08845],[24.43907,57.08905],[24.44067,57.08935],[24.44242,57.08954],[24.44384,57.0897],[24.44534,57.08984],[24.44686,57.08992],[24.44843,57.09],[24.44997,57.08993],[24.45218,57.08928],[24.45373,57.08925],[24.45523,57.08923],[24.45665,57.08933],[24.45805,57.08979],[24.45938,57.09031],[24.46083,57.09061],[24.46249,57.09087],[24.46404,57.09107],[24.466,57.09142],[24.46757,57.09241],[24.46874,57.09315],[24.46997,57.09392],[24.4712,57.0947],[24.47242,57.09547],[24.47351,57.09619],[24.47458,57.09681],[24.47582,57.09739],[24.47707,57.0979],[24.47844,57.0983],[24.47981,57.09867],[24.48115,57.099],[24.48247,57.09952],[24.48377,57.10004],[24.48521,57.10045],[24.48654,57.10091],[24.48783,57.10148],[24.4891,57.10206],[24.49035,57.10263],[24.49156,57.10316],[24.49351,57.1042],[24.49454,57.10486],[24.49571,57.10552],[24.49682,57.10614],[24.49779,57.10667],[24.49964,57.10754],[24.4999,57.10838],[24.50109,57.10929],[24.50291,57.11015],[24.50455,57.11105],[24.50639,57.11192],[24.50791,57.11262],[24.50908,57.11313],[24.51032,57.11351],[24.51165,57.11407],[24.51242,57.11468],[24.51345,57.1155],[24.51436,57.11626],[24.51546,57.117],[24.51652,57.11776],[24.51766,57.11832],[24.51864,57.11892],[24.5201,57.11942],[24.52123,57.1198],[24.52252,57.12012],[24.52407,57.12022],[24.52536,57.12078],[24.52697,57.12158],[24.52761,57.12261],[24.52879,57.1236],[24.53072,57.12448],[24.53187,57.12489],[24.53401,57.12576],[24.53511,57.12618],[24.53724,57.12699],[24.53911,57.12781],[24.54107,57.12877],[24.54211,57.12932],[24.54319,57.12988],[24.54427,57.13046],[24.54545,57.13103],[24.54657,57.13152],[24.54849,57.13263],[24.54956,57.13327],[24.55068,57.13389],[24.5516,57.13446],[24.5532,57.13513],[24.55517,57.13612],[24.55623,57.13669],[24.55725,57.1373],[24.55816,57.13786],[24.55923,57.13835],[24.56023,57.13891],[24.56125,57.13947],[24.56233,57.14001],[24.56322,57.14059],[24.56415,57.14116],[24.56517,57.1417],[24.56691,57.14256],[24.56825,57.14344],[24.5708,57.14349],[24.57219,57.14349],[24.57477,57.14377],[24.57618,57.14385],[24.5775,57.14398],[24.57891,57.14421],[24.58099,57.14451],[24.58251,57.14401],[24.58377,57.14367],[24.58577,57.14278],[24.58726,57.14241],[24.58894,57.14213],[24.59065,57.14192],[24.59224,57.14184],[24.5936,57.14199],[24.59631,57.14221],[24.5989,57.14189],[24.6017,57.14147],[24.60321,57.1412],[24.60459,57.14098],[24.6062,57.14094],[24.60873,57.14072],[24.61105,57.1405],[24.61227,57.14016],[24.6137,57.13997],[24.61506,57.13989],[24.61649,57.13966],[24.61795,57.13946],[24.61965,57.13935],[24.62137,57.13924],[24.62288,57.13909],[24.6243,57.13896],[24.62569,57.13856],[24.62737,57.13814],[24.62893,57.1378],[24.63118,57.13708],[24.63247,57.13672],[24.6339,57.13632],[24.63512,57.13597],[24.63633,57.13566],[24.63756,57.1353],[24.63901,57.13499],[24.64067,57.13476],[24.64233,57.13443],[24.64384,57.1341],[24.64524,57.13372],[24.64666,57.13343],[24.64825,57.1332],[24.64963,57.13297],[24.65117,57.13274],[24.65327,57.13242],[24.65529,57.13195],[24.65698,57.13164],[24.65816,57.13114],[24.65811,57.13015],[24.65762,57.12888],[24.65756,57.12771],[24.65821,57.1269],[24.65995,57.12642],[24.66168,57.12613],[24.6607,57.12695],[24.6606,57.12778],[24.66157,57.1284],[24.66249,57.12913],[24.66371,57.12973],[24.66483,57.13015],[24.6656,57.13101],[24.66626,57.13172],[24.66779,57.13211],[24.66978,57.13196],[24.67173,57.13202],[24.67258,57.13292],[24.67399,57.13331],[24.67598,57.13339],[24.67834,57.13396],[24.67961,57.13421],[24.68101,57.13449],[24.68235,57.13482],[24.68366,57.1352],[24.68491,57.13553],[24.68613,57.13582],[24.68749,57.13599],[24.68873,57.13625],[24.69025,57.13721],[24.69093,57.13794],[24.69109,57.13925],[24.69272,57.14046],[24.69399,57.14095],[24.69561,57.14141],[24.69711,57.14178],[24.6985,57.142],[24.69962,57.14256],[24.70095,57.14322],[24.70222,57.14373],[24.70382,57.1449],[24.70515,57.14537],[24.70614,57.14617],[24.70709,57.14686],[24.70783,57.14776],[24.7087,57.14865],[24.71008,57.14941],[24.71128,57.15003],[24.71238,57.15068],[24.71327,57.15129],[24.7132,57.15201],[24.71137,57.15274],[24.71216,57.1536],[24.71399,57.1544],[24.7152,57.15534],[24.71519,57.15607],[24.71718,57.15625],[24.71902,57.1564],[24.72069,57.15654],[24.72245,57.15663],[24.72307,57.15597],[24.72513,57.15565],[24.72665,57.15521],[24.72691,57.15421],[24.72735,57.15309],[24.72779,57.15217],[24.72878,57.15157],[24.73041,57.15156],[24.73197,57.15178],[24.73372,57.15245],[24.73476,57.15309],[24.73633,57.15374],[24.73826,57.1545],[24.74036,57.15509],[24.74189,57.15586],[24.74334,57.1568],[24.74412,57.15762],[24.74302,57.15827],[24.74198,57.15889],[24.74076,57.15988],[24.74077,57.16098],[24.74176,57.16163],[24.74327,57.16207],[24.7448,57.16251],[24.74611,57.16299],[24.74687,57.16377],[24.74766,57.16456],[24.74857,57.16513],[24.75011,57.16513],[24.75165,57.16471],[24.75342,57.16437],[24.75531,57.1642],[24.75724,57.16422],[24.75927,57.16431],[24.76109,57.16441],[24.76294,57.1645],[24.76468,57.16457],[24.76628,57.16464],[24.76786,57.16464],[24.76869,57.16378],[24.76806,57.1647],[24.77081,57.16487],[24.77246,57.1652],[24.77241,57.16671],[24.77235,57.16766],[24.77229,57.16865],[24.77225,57.16961],[24.77228,57.17046],[24.77256,57.17132],[24.77284,57.17206],[24.77294,57.17341],[24.77281,57.17417],[24.77255,57.17525],[24.77682,57.18325],[24.77768,57.18455],[24.7794,57.18393],[24.78083,57.18337],[24.78265,57.18314],[24.78397,57.18335],[24.7854,57.18363],[24.78739,57.18484],[24.78834,57.18558],[24.78928,57.1863],[24.79013,57.18693],[24.79185,57.1876],[24.79362,57.18817],[24.7953,57.18925],[24.79712,57.18935],[24.8004,57.18934],[24.80188,57.19149],[24.80334,57.19333],[24.80739,57.19622],[24.81327,57.19752],[24.81471,57.19745],[24.81629,57.19681],[24.81814,57.19655],[24.82014,57.19644],[24.8252,57.1954],[24.82734,57.1964],[24.82924,57.19655],[24.83438,57.19936],[24.83742,57.1998],[24.83992,57.20081],[24.84111,57.20171],[24.84414,57.20281],[24.84275,57.20406],[24.8423,57.20494],[24.84135,57.206],[24.84066,57.20719],[24.83895,57.20936],[24.83985,57.21005],[24.83948,57.21126],[24.83867,57.21225],[24.83777,57.21291],[24.8382,57.21512],[24.83808,57.21753],[24.83989,57.21795],[24.84076,57.21853],[24.84186,57.21968],[24.84331,57.22191],[24.84387,57.22391],[24.84571,57.2266],[24.84686,57.22767],[24.85076,57.2295],[24.85079,57.22876],[24.85164,57.22744],[24.85293,57.22699],[24.85327,57.22771],[24.85341,57.22852],[24.85331,57.22931],[24.85402,57.2302],[24.85494,57.23092],[24.85585,57.23169],[24.85709,57.23243],[24.85812,57.23303],[24.85903,57.2336],[24.85966,57.23436],[24.86014,57.23528],[24.8611,57.23583],[24.86316,57.23576],[24.86467,57.23569],[24.86608,57.236],[24.86774,57.23642],[24.86934,57.23663],[24.8706,57.23699],[24.87206,57.23738],[24.87302,57.23789],[24.87436,57.238],[24.87352,57.23898],[24.87284,57.23969],[24.87252,57.2404],[24.87223,57.24113],[24.87203,57.24185],[24.87206,57.24304],[24.87112,57.24448],[24.87151,57.2452],[24.87256,57.24566],[24.87391,57.24579],[24.87547,57.24593],[24.87674,57.24642],[24.87817,57.24658],[24.87951,57.24665],[24.88127,57.24672],[24.88311,57.2468],[24.88489,57.24685],[24.88566,57.24753],[24.88622,57.24836],[24.88693,57.24934],[24.88745,57.25017],[24.88868,57.25097],[24.89103,57.25083],[24.89236,57.25065],[24.89362,57.25023],[24.89487,57.24984],[24.89625,57.24954],[24.89719,57.25022],[24.89819,57.25094],[24.89932,57.2517],[24.90027,57.25237],[24.90126,57.25301],[24.90248,57.25385],[24.90334,57.25447],[24.90461,57.25523],[24.90564,57.256],[24.90664,57.25669],[24.90747,57.25744],[24.90855,57.2581],[24.91,57.25882],[24.91134,57.25963],[24.91256,57.26047],[24.91317,57.26139],[24.91444,57.26226],[24.91579,57.26315],[24.91717,57.26379],[24.91833,57.26447],[24.91937,57.2653],[24.91952,57.2662],[24.91867,57.26744],[24.91809,57.26814],[24.91751,57.26895],[24.91694,57.26976],[24.91632,57.27053],[24.91542,57.27128],[24.91463,57.27197],[24.91476,57.27337],[24.91455,57.27469],[24.91372,57.27546],[24.91292,57.27613],[24.91244,57.27685],[24.91229,57.27767],[24.9124,57.27848],[24.91226,57.27921],[24.91142,57.27996],[24.91067,57.2806],[24.90992,57.28144],[24.91103,57.28249],[24.9118,57.28345],[24.91258,57.28444],[24.91319,57.28521],[24.91391,57.2861],[24.91469,57.28705],[24.91546,57.28799],[24.91633,57.28903],[24.91732,57.29016],[24.91839,57.29127],[24.91947,57.29237],[24.92047,57.29337],[24.92144,57.29436],[24.9223,57.29523],[24.92297,57.2959],[24.92435,57.29644],[24.92595,57.29641],[24.92767,57.29623],[24.92964,57.29622],[24.93143,57.29628],[24.93291,57.29655],[24.93429,57.29726],[24.93573,57.29778],[24.9374,57.29794],[24.93929,57.29766],[24.94104,57.29756],[24.94287,57.29789],[24.9444,57.29837],[24.94529,57.29898],[24.94669,57.30006],[24.94818,57.30121],[24.94881,57.30202],[24.94937,57.30288],[24.95006,57.30359],[24.95137,57.30405],[24.95285,57.30453],[24.95426,57.30517],[24.9556,57.30592],[24.95715,57.30664],[24.95855,57.3071],[24.95991,57.30765],[24.96116,57.30831],[24.96229,57.30885],[24.96355,57.30942],[24.96475,57.31019],[24.96504,57.31123],[24.96617,57.31228],[24.96805,57.31322],[24.96989,57.31411],[24.97103,57.31468],[24.9722,57.31524],[24.97369,57.31589],[24.97547,57.31478],[24.97642,57.3142],[24.97755,57.31373],[24.97869,57.31322],[24.98064,57.31217],[24.98162,57.31147],[24.98274,57.31083],[24.98386,57.31017],[24.98524,57.30957],[24.98662,57.30912],[24.98796,57.30865],[24.98893,57.30809],[24.98985,57.30747],[24.99136,57.30626],[24.99207,57.30557],[24.99285,57.30497],[24.99389,57.3045],[24.99559,57.30347],[24.99682,57.30245],[24.99814,57.30139],[24.99916,57.30058],[24.99971,57.29986],[25.00003,57.29889],[25.00021,57.29816],[25.00065,57.29731],[25.00136,57.29651],[25.0021,57.29573],[25.00287,57.29494],[25.00363,57.29423],[25.0045,57.29338],[25.00589,57.29246],[25.00706,57.29159],[25.00753,57.29064],[25.00809,57.28953],[25.00901,57.28867],[25.0094,57.28759],[25.00981,57.28651],[25.00991,57.28542],[25.01085,57.28462],[25.01156,57.2838],[25.01261,57.28308],[25.01375,57.28215],[25.01488,57.28141],[25.01607,57.28068],[25.01739,57.27972],[25.01874,57.27869],[25.01979,57.27759],[25.0209,57.27664],[25.02263,57.27599],[25.02396,57.27525],[25.02516,57.27445],[25.02651,57.27396],[25.02723,57.27327],[25.02855,57.27244],[25.02995,57.27132],[25.0292,57.27036],[25.02805,57.26998],[25.02653,57.26952],[25.0246,57.26916],[25.02253,57.26888],[25.02053,57.26858],[25.01853,57.26812],[25.01655,57.26756],[25.01487,57.26706],[25.01342,57.26664],[25.01204,57.26628],[25.01288,57.26563],[25.01341,57.26494],[25.01457,57.26442],[25.01602,57.26425],[25.01758,57.26403],[25.01928,57.26357],[25.02093,57.26312],[25.02232,57.26243],[25.02379,57.26187],[25.02544,57.26151],[25.02662,57.26111],[25.02782,57.2605],[25.02865,57.25924],[25.02854,57.25845],[25.02752,57.2574],[25.02889,57.25698],[25.03019,57.25657],[25.03145,57.25603],[25.03296,57.2558],[25.03542,57.25531],[25.03687,57.25515],[25.0384,57.25521],[25.03999,57.25539],[25.04159,57.25568],[25.043,57.25593],[25.04428,57.25563],[25.04437,57.2548],[25.04511,57.25403],[25.04751,57.25407],[25.04927,57.25361],[25.04831,57.25276],[25.04669,57.25193],[25.04529,57.25092],[25.04428,57.24989],[25.0448,57.24853],[25.04573,57.24794],[25.04676,57.24738],[25.04687,57.24621],[25.04534,57.24525],[25.04443,57.24397],[25.04367,57.24336],[25.04222,57.24222],[25.04141,57.24158],[25.04058,57.24096],[25.03997,57.2403],[25.03978,57.23957],[25.03966,57.23855],[25.03904,57.23754],[25.03772,57.23659],[25.03658,57.23577],[25.03645,57.23476],[25.03678,57.23374],[25.03804,57.23304],[25.03961,57.23367],[25.04089,57.2329],[25.04276,57.23278],[25.04513,57.23253],[25.04647,57.23296],[25.04772,57.23337],[25.04911,57.23349],[25.05082,57.23424],[25.05191,57.23474],[25.0526,57.23548],[25.05308,57.23621],[25.05367,57.23688],[25.05476,57.23758],[25.05556,57.23844],[25.05643,57.23929],[25.05764,57.24003],[25.05864,57.24098],[25.0596,57.24191],[25.06095,57.24279],[25.06256,57.2436],[25.06425,57.24441],[25.06597,57.24522],[25.06741,57.24611],[25.0685,57.24702],[25.07017,57.24773],[25.07208,57.2484],[25.07387,57.24906],[25.07561,57.24975],[25.07696,57.25061],[25.07759,57.25171],[25.07839,57.25419],[25.07641,57.25584],[25.06995,57.25531],[25.07631,57.25594],[25.07854,57.25467],[25.07881,57.25557],[25.0794,57.25638],[25.08079,57.25688],[25.08247,57.25724],[25.08425,57.25762],[25.08579,57.25785],[25.08772,57.2587],[25.0889,57.25938],[25.0905,57.25996],[25.09216,57.26056],[25.09349,57.26123],[25.09458,57.26199],[25.09617,57.26271],[25.09787,57.26346],[25.09945,57.26415],[25.10129,57.26472],[25.10308,57.26522],[25.10453,57.26561],[25.10612,57.26599],[25.10799,57.26646],[25.1099,57.2669],[25.11186,57.26732],[25.11368,57.26777],[25.11539,57.26818],[25.11679,57.26853],[25.11823,57.26863],[25.11953,57.26846],[25.12048,57.26786],[25.12148,57.26685],[25.1228,57.26581],[25.12419,57.2648],[25.12566,57.26382],[25.12723,57.26286],[25.12886,57.26203],[25.13052,57.26139],[25.13182,57.26091],[25.13321,57.2607],[25.13455,57.2606],[25.13676,57.26099],[25.13755,57.26192],[25.13926,57.26234],[25.14089,57.26198],[25.14308,57.26142],[25.1449,57.26087],[25.14664,57.26039],[25.14814,57.26026],[25.14968,57.26028],[25.15103,57.25983],[25.15345,57.26035],[25.15506,57.26019],[25.1567,57.25977],[25.15832,57.25932],[25.15977,57.25886],[25.16115,57.25841],[25.16247,57.25797],[25.16451,57.25706],[25.16599,57.25627],[25.17468,57.25155],[25.18746,57.24925],[25.20217,57.24431],[25.20347,57.24533],[25.20625,57.24408],[25.20761,57.2456],[25.21422,57.24679],[25.21626,57.25029],[25.22112,57.25585],[25.2217,57.2578],[25.22239,57.25902],[25.2215,57.26042],[25.22173,57.26158],[25.2191,57.26479],[25.22069,57.26666],[25.22013,57.2697],[25.22077,57.27218],[25.22186,57.27354],[25.22313,57.27459],[25.22301,57.27603],[25.22722,57.27661],[25.22917,57.2773],[25.23117,57.27789],[25.23263,57.27802],[25.23394,57.27781],[25.23647,57.27809],[25.23771,57.27863],[25.23891,57.27916],[25.23976,57.27979],[25.24145,57.28102],[25.24191,57.2819],[25.24217,57.28282],[25.24293,57.28367],[25.24411,57.28434],[25.24516,57.28479],[25.24557,57.28555],[25.2459,57.28642],[25.24571,57.28718],[25.24526,57.28798],[25.2453,57.28888],[25.24546,57.28996],[25.24587,57.29101],[25.24644,57.29209],[25.24703,57.29321],[25.2474,57.29413],[25.24834,57.29557],[25.24878,57.29681],[25.24925,57.29798],[25.24968,57.29896],[25.25008,57.29996],[25.25045,57.30088],[25.25142,57.30199],[25.25337,57.30285],[25.25544,57.30379],[25.25655,57.30428],[25.25768,57.30477],[25.25912,57.30587],[25.26024,57.30682],[25.26154,57.30773],[25.26296,57.30859],[25.26444,57.30936],[25.26607,57.31005],[25.26775,57.31018],[25.26936,57.31043],[25.27102,57.31078],[25.27267,57.31127],[25.27388,57.3117],[25.27468,57.31242],[25.27487,57.31318],[25.27551,57.31411],[25.27603,57.31512],[25.27766,57.31571],[25.27886,57.31605],[25.28081,57.31667],[25.28249,57.31726],[25.28437,57.31807],[25.28554,57.31857],[25.28758,57.31939],[25.28948,57.32006],[25.29099,57.31987],[25.29278,57.31928],[25.2943,57.31883],[25.2959,57.31833],[25.29766,57.31804],[25.30004,57.31764],[25.30211,57.31727],[25.30382,57.31688],[25.30583,57.31669],[25.3058,57.31587],[25.3056,57.31473],[25.30534,57.31354],[25.30509,57.31243],[25.30725,57.31183],[25.30852,57.31156],[25.31118,57.31173],[25.31257,57.31193],[25.31396,57.31209],[25.31539,57.31217],[25.31759,57.3122],[25.31979,57.31225],[25.32133,57.31224],[25.32309,57.31222],[25.32534,57.31215],[25.32766,57.31208],[25.32994,57.31197],[25.33215,57.31163],[25.33443,57.31131],[25.33639,57.31107],[25.33828,57.31077],[25.34018,57.31041],[25.34221,57.31004],[25.34449,57.30984],[25.34672,57.30966],[25.3486,57.30951],[25.35022,57.30961],[25.35159,57.31003],[25.35291,57.31058],[25.35411,57.31123],[25.35523,57.31189],[25.35638,57.31253],[25.35755,57.31318],[25.35863,57.31373],[25.3598,57.3142],[25.36112,57.31455],[25.36263,57.31467],[25.36411,57.31491],[25.36536,57.31536],[25.36736,57.31604],[25.36834,57.31658],[25.36947,57.31732],[25.37071,57.31823],[25.37191,57.31913],[25.37316,57.32004],[25.37441,57.32094],[25.37587,57.32177],[25.37768,57.32254],[25.37961,57.32336],[25.38156,57.3242],[25.38351,57.325],[25.38531,57.32576],[25.38688,57.32643],[25.38809,57.32718],[25.38888,57.3282],[25.38962,57.32931],[25.39023,57.33021],[25.39244,57.33096],[25.39491,57.33086],[25.39626,57.33153],[25.39599,57.33233],[25.39669,57.33309],[25.39718,57.33379],[25.39846,57.33426],[25.39944,57.33477],[25.40057,57.33544],[25.40215,57.33602],[25.40277,57.33701],[25.4035,57.33801],[25.40467,57.33852],[25.40577,57.33929],[25.40666,57.34014],[25.40747,57.34114],[25.40826,57.34216],[25.40807,57.3433],[25.40825,57.34432],[25.40952,57.34524],[25.41043,57.34627],[25.41074,57.34738],[25.41065,57.34811],[25.41055,57.34883],[25.41043,57.35003],[25.41101,57.35128],[25.41167,57.35192],[25.41165,57.35331],[25.4114,57.35408],[25.4111,57.35489],[25.41062,57.35566],[25.40961,57.35651],[25.4095,57.35739],[25.40939,57.35822],[25.40982,57.35894],[25.41059,57.35967],[25.41161,57.36034],[25.41271,57.36106],[25.41408,57.36175],[25.4156,57.36247],[25.41715,57.3632],[25.41846,57.3638],[25.42024,57.36403],[25.4224,57.36456],[25.42472,57.36525],[25.42695,57.36589],[25.42819,57.36628],[25.42951,57.3667],[25.43074,57.36712],[25.43186,57.36771],[25.43296,57.36836],[25.43392,57.36891],[25.43555,57.36982],[25.43663,57.3704],[25.43628,57.37134],[25.43584,57.37281],[25.43559,57.37366],[25.43533,57.37451],[25.43505,57.37544],[25.4347,57.37653],[25.43435,57.37767],[25.43401,57.37875],[25.43371,57.37968],[25.43344,57.38055],[25.43319,57.38133],[25.43286,57.38221],[25.4314,57.3819],[25.42937,57.38137],[25.42795,57.38197],[25.42721,57.38313],[25.42635,57.38404],[25.42481,57.38485],[25.42331,57.38599],[25.42173,57.38717],[25.42089,57.38783],[25.42009,57.38844],[25.41874,57.38947],[25.4178,57.39014],[25.42372,57.39718],[25.42455,57.39804],[25.42543,57.39892],[25.42639,57.39989],[25.42711,57.40063],[25.42634,57.4016],[25.42561,57.40249],[25.42486,57.40338],[25.42403,57.40422],[25.42306,57.40501],[25.42189,57.40576],[25.42051,57.40656],[25.419,57.40731],[25.41765,57.40797],[25.41661,57.40849],[25.41546,57.40919],[25.41461,57.4099],[25.41309,57.40987],[25.41156,57.40973],[25.41076,57.41049],[25.40939,57.41097],[25.40732,57.41159],[25.40592,57.41179],[25.40364,57.41227],[25.40216,57.41272],[25.40164,57.4136],[25.40157,57.41447],[25.40153,57.41548],[25.40137,57.41685],[25.40128,57.41768],[25.40138,57.41855],[25.40218,57.41926],[25.40596,57.41902],[25.40995,57.42016],[25.41221,57.42066],[25.41318,57.42121],[25.41409,57.42233],[25.41467,57.42323],[25.41488,57.42452],[25.41599,57.42504],[25.41691,57.42561],[25.41798,57.42619],[25.41861,57.42702],[25.41939,57.42796],[25.42012,57.43001],[25.4208,57.43069],[25.42145,57.43262],[25.4207,57.43344],[25.4205,57.43463],[25.41887,57.43616],[25.4192,57.43758],[25.41998,57.43898],[25.42153,57.43916],[25.42315,57.43929],[25.4249,57.43944],[25.42566,57.43873],[25.42692,57.43827],[25.4285,57.43828],[25.43074,57.4379],[25.43207,57.43778],[25.43374,57.4377],[25.43537,57.43758],[25.43682,57.43756],[25.43829,57.43757],[25.43989,57.43759],[25.44175,57.43732],[25.44173,57.43655],[25.44133,57.4357],[25.44065,57.43473],[25.43991,57.43369],[25.43917,57.43267],[25.43869,57.43164],[25.43858,57.43056],[25.43857,57.42943],[25.43882,57.42836],[25.43901,57.42741],[25.43891,57.4264],[25.43873,57.42541],[25.43834,57.42447],[25.43777,57.42346],[25.43725,57.42253],[25.43683,57.42171],[25.43667,57.42098],[25.43873,57.42072],[25.44164,57.42045],[25.44347,57.42045],[25.44537,57.42044],[25.4472,57.42026],[25.44867,57.42018],[25.45024,57.42054],[25.45163,57.42092],[25.45289,57.42143],[25.45414,57.42198],[25.45569,57.42255],[25.45735,57.42319],[25.45833,57.42249],[25.45959,57.42148],[25.46067,57.42054],[25.46194,57.41987],[25.46342,57.42017],[25.46477,57.4201],[25.46625,57.42031],[25.4678,57.42051],[25.46947,57.42071],[25.47117,57.42092],[25.47281,57.4211],[25.47438,57.42161],[25.47543,57.42237],[25.47653,57.42312],[25.47763,57.4237],[25.47858,57.42459],[25.47924,57.42534],[25.47984,57.42612],[25.48077,57.427],[25.48173,57.42785],[25.48073,57.42875],[25.48068,57.42964],[25.48131,57.4305],[25.48123,57.43158],[25.48079,57.43262],[25.48033,57.43341],[25.47908,57.43382],[25.4777,57.43428],[25.47637,57.43471],[25.47487,57.4352],[25.47345,57.43549],[25.47191,57.43557],[25.47037,57.43563],[25.46898,57.43571],[25.46759,57.43579],[25.46944,57.43584],[25.47071,57.43616],[25.47119,57.43698],[25.47163,57.43788],[25.47312,57.43799],[25.47465,57.43793],[25.47506,57.4387],[25.47639,57.43904],[25.47725,57.43972],[25.47827,57.44019],[25.47921,57.44075],[25.47993,57.4416],[25.48144,57.44236],[25.48199,57.44324],[25.48386,57.44346],[25.48535,57.44319],[25.48699,57.44284],[25.48865,57.44252],[25.49062,57.4424],[25.49227,57.4424],[25.49155,57.44389],[25.49103,57.4449],[25.49048,57.44594],[25.4899,57.44701],[25.48932,57.4481],[25.48874,57.4492],[25.48816,57.45028],[25.48759,57.45133],[25.48708,57.45236],[25.48675,57.45338],[25.48691,57.45446],[25.4874,57.45565],[25.48787,57.45686],[25.48823,57.45808],[25.48823,57.45925],[25.48836,57.46043],[25.48892,57.46152],[25.49,57.46244],[25.49069,57.46324],[25.49071,57.46425],[25.49019,57.46523],[25.48964,57.46604],[25.48915,57.46676],[25.48853,57.46773],[25.48809,57.46842],[25.4876,57.46916],[25.48714,57.46984],[25.48873,57.47032],[25.49089,57.47001],[25.49329,57.47018],[25.49503,57.4703],[25.49681,57.47087],[25.49816,57.47126],[25.49965,57.47163],[25.50101,57.47199],[25.5024,57.47255],[25.50383,57.47316],[25.50524,57.47375],[25.50659,57.4743],[25.50762,57.47476],[25.5079,57.47562],[25.50733,57.47718],[25.50698,57.47816],[25.50665,57.47904],[25.50638,57.4798],[25.50573,57.48088],[25.50726,57.48133],[25.50937,57.48196],[25.51149,57.48206],[25.51272,57.48267],[25.51163,57.48365],[25.5105,57.48466],[25.51099,57.48533],[25.5122,57.48634],[25.51369,57.48756],[25.51421,57.4883],[25.51461,57.48926],[25.51505,57.49031],[25.51552,57.49138],[25.51593,57.49241],[25.51623,57.49343],[25.51667,57.4945],[25.51718,57.49547],[25.51771,57.49635],[25.5187,57.49714],[25.51975,57.498],[25.5206,57.49874],[25.52181,57.49914],[25.52319,57.49901],[25.52491,57.49882],[25.52691,57.49861],[25.52894,57.49842],[25.53104,57.4982],[25.53318,57.49798],[25.5353,57.49773],[25.53732,57.49752],[25.5392,57.49733],[25.54094,57.49714],[25.54232,57.49698],[25.54431,57.49669],[25.54637,57.49726],[25.54764,57.49771],[25.54889,57.49829],[25.54983,57.49883],[25.55103,57.49956],[25.5528,57.50064],[25.55382,57.50126],[25.5547,57.50181],[25.55561,57.50236],[25.5574,57.50329],[25.55876,57.50362],[25.56018,57.50395],[25.5616,57.50429],[25.56297,57.50459],[25.56442,57.50494],[25.56582,57.50527],[25.56724,57.50559],[25.56864,57.50592],[25.57,57.50623],[25.57157,57.50641],[25.57339,57.50653],[25.57543,57.50667],[25.57749,57.50683],[25.57942,57.50695],[25.58127,57.50708],[25.58288,57.50717],[25.58449,57.50706],[25.58598,57.50698],[25.58742,57.50709],[25.59015,57.50743],[25.59163,57.50743],[25.59368,57.50804],[25.59481,57.50862],[25.59608,57.50927],[25.59729,57.50986],[25.59806,57.51046],[25.59828,57.51129],[25.5986,57.51219],[25.59923,57.51313],[25.59986,57.51406],[25.60044,57.51502],[25.60081,57.51587],[25.60048,57.51672],[25.59983,57.51758],[25.59985,57.51841],[25.60006,57.51928],[25.59986,57.52008],[25.59908,57.52071],[25.59787,57.52138],[25.59671,57.52201],[25.59561,57.52262],[25.59484,57.52334],[25.59437,57.52409],[25.59368,57.5252],[25.59202,57.52545],[25.59196,57.52653],[25.59212,57.5275],[25.59094,57.52872],[25.59002,57.52965],[25.58905,57.5306],[25.58725,57.53135],[25.58598,57.53177],[25.58492,57.53226],[25.5843,57.53308],[25.58365,57.53395],[25.58287,57.53474],[25.5818,57.5356],[25.58067,57.5364],[25.57958,57.53719],[25.57853,57.53794],[25.57748,57.53912],[25.57744,57.53986],[25.57614,57.54057],[25.57474,57.54062],[25.57315,57.54069],[25.57144,57.54089],[25.56985,57.54141],[25.5682,57.54203],[25.56623,57.54257],[25.56408,57.54315],[25.562,57.54372],[25.56002,57.54426],[25.55812,57.54477],[25.55642,57.54524],[25.5548,57.54571],[25.55318,57.54604],[25.55152,57.54617],[25.55013,57.54629],[25.54778,57.54676],[25.54596,57.54663],[25.54632,57.54734],[25.54705,57.54814],[25.54819,57.54897],[25.55017,57.54957],[25.55067,57.55036],[25.55172,57.55189],[25.55237,57.55283],[25.55302,57.55376],[25.55356,57.55452],[25.55348,57.55569],[25.5524,57.55627],[25.55006,57.55704],[25.54794,57.55768],[25.54584,57.55764],[25.544,57.55741],[25.54157,57.55764],[25.5392,57.5578],[25.53769,57.55858],[25.53572,57.55944],[25.53448,57.55975],[25.53247,57.56061],[25.5314,57.56106],[25.53002,57.56135],[25.52864,57.56162],[25.52733,57.56205],[25.52614,57.56255],[25.52504,57.56319],[25.52408,57.56385],[25.52316,57.56459],[25.52232,57.56537],[25.52149,57.56604],[25.52099,57.56682],[25.52036,57.56748],[25.51939,57.56845],[25.51924,57.56917],[25.52027,57.56977],[25.52164,57.5707],[25.52286,57.57165],[25.52374,57.57224],[25.52502,57.57299],[25.52658,57.57378],[25.52759,57.57468],[25.52857,57.57565],[25.52992,57.57637],[25.53191,57.57694],[25.53288,57.57744],[25.53498,57.5781],[25.53724,57.57837],[25.53915,57.57854],[25.54135,57.57848],[25.544,57.57828],[25.54655,57.57806],[25.54792,57.57785],[25.54929,57.57755],[25.55166,57.57683],[25.55278,57.57637],[25.55424,57.57602],[25.55536,57.57664],[25.55579,57.57741],[25.55595,57.57818],[25.55592,57.57933],[25.55638,57.58027],[25.55702,57.581],[25.5566,57.5817],[25.55693,57.58257],[25.55668,57.58341],[25.55758,57.58419],[25.55897,57.5847],[25.56042,57.58497],[25.56209,57.58528],[25.56388,57.58559],[25.56541,57.58569],[25.56701,57.58602],[25.56842,57.58635],[25.56981,57.58673],[25.57133,57.58685],[25.57282,57.58712],[25.5744,57.58709],[25.57594,57.58679],[25.57686,57.5875],[25.576,57.58683],[25.57722,57.58645],[25.57897,57.58615],[25.58076,57.5858],[25.58292,57.58582],[25.58449,57.58579],[25.58626,57.58595],[25.58784,57.58566],[25.59002,57.58541],[25.59173,57.58497],[25.59299,57.58417],[25.59436,57.58285],[25.59514,57.58206],[25.59587,57.58128],[25.59647,57.58046],[25.59759,57.58155],[25.59869,57.58228],[25.59949,57.58303],[25.60025,57.5843],[25.60062,57.58514],[25.60124,57.586],[25.6019,57.58679],[25.60233,57.58752],[25.60319,57.58816],[25.60381,57.58882],[25.60452,57.58959],[25.60507,57.59049],[25.60539,57.59141],[25.60542,57.59232],[25.60554,57.59328],[25.60586,57.59429],[25.6063,57.59522],[25.60678,57.59616],[25.60735,57.59714],[25.60782,57.59808],[25.6083,57.59892],[25.60927,57.59966],[25.61038,57.60046],[25.61146,57.60129],[25.6123,57.60215],[25.61311,57.603],[25.61402,57.60382],[25.6149,57.60469],[25.61567,57.60563],[25.61633,57.60642],[25.61739,57.60708],[25.61805,57.60778],[25.6204,57.60853],[25.62193,57.60879],[25.62355,57.60895],[25.62501,57.60892],[25.62633,57.60909],[25.62775,57.60943],[25.62905,57.60987],[25.63029,57.61055],[25.63167,57.61125],[25.63325,57.61185],[25.63486,57.61238],[25.63629,57.61284],[25.6373,57.61337],[25.63851,57.61372],[25.64065,57.6135],[25.64211,57.61359],[25.64364,57.61366],[25.64502,57.61344],[25.6462,57.61301],[25.64838,57.61285],[25.64993,57.61318],[25.65126,57.6135],[25.65326,57.61401],[25.65523,57.61413],[25.65709,57.61417],[25.65857,57.61401],[25.6605,57.61418],[25.66173,57.61466],[25.66301,57.6152],[25.66404,57.61585],[25.66508,57.61635],[25.66673,57.61656],[25.6686,57.6166],[25.67057,57.61685],[25.67205,57.61711],[25.6737,57.61713],[25.67528,57.61691],[25.67709,57.61645],[25.67891,57.61618],[25.68122,57.6164],[25.68285,57.61669],[25.68434,57.61764],[25.68656,57.6182],[25.68812,57.61806],[25.68975,57.61777],[25.69141,57.61757],[25.6933,57.61752],[25.69511,57.61747],[25.6969,57.6175],[25.69857,57.61754],[25.70085,57.61734],[25.70123,57.61805],[25.7014,57.61903],[25.70108,57.6201],[25.70011,57.62062],[25.69913,57.62112],[25.69813,57.62167],[25.69715,57.62219],[25.6962,57.62271],[25.69523,57.62324],[25.69411,57.62404],[25.69363,57.62473],[25.69292,57.62579],[25.69243,57.62664],[25.69292,57.63136],[25.69235,57.63213],[25.68592,57.6303],[25.68425,57.62927],[25.68509,57.62736],[25.68523,57.62652],[25.68594,57.62515],[25.68357,57.62496],[25.68197,57.62497],[25.68049,57.62508],[25.67909,57.62519],[25.67775,57.62529],[25.67633,57.62551],[25.67482,57.62575],[25.67339,57.62624],[25.67173,57.62609],[25.66962,57.62582],[25.66757,57.62565],[25.66521,57.62547],[25.66328,57.62531],[25.66146,57.62505],[25.66192,57.62433],[25.66243,57.62359],[25.6628,57.62245],[25.66217,57.6214],[25.66132,57.62046],[25.66106,57.61936],[25.66008,57.61844],[25.65902,57.61796],[25.65793,57.61744],[25.6567,57.61694],[25.65519,57.61664],[25.65674,57.61688],[25.65948,57.61811],[25.66109,57.61937],[25.66129,57.62043],[25.6623,57.62187],[25.66287,57.62284],[25.66134,57.62519],[25.66033,57.6258],[25.65925,57.62632],[25.65795,57.62691],[25.65646,57.62755],[25.65483,57.62824],[25.65327,57.6289],[25.65154,57.62963],[25.64993,57.63032],[25.64857,57.63084],[25.647,57.63113],[25.64578,57.63175],[25.64576,57.63317],[25.64551,57.63454],[25.64553,57.63549],[25.64555,57.63649],[25.64558,57.63756],[25.64561,57.63865],[25.64563,57.63972],[25.64567,57.64086],[25.64569,57.64193],[25.6457,57.64294],[25.64573,57.64393],[25.64578,57.64495],[25.64585,57.64589],[25.64701,57.64641],[25.64867,57.64639],[25.65062,57.64637],[25.65283,57.64635],[25.65511,57.64634],[25.65727,57.64632],[25.65896,57.64631],[25.66147,57.64707],[25.66277,57.64763],[25.66474,57.64779],[25.66626,57.6475],[25.66835,57.64695],[25.6702,57.64625],[25.67152,57.64608],[25.67281,57.64577],[25.67427,57.64558],[25.67593,57.64547],[25.67756,57.64539],[25.67901,57.6453],[25.68142,57.64515],[25.68282,57.64496],[25.68444,57.64463],[25.68498,57.6453],[25.68519,57.64624],[25.68541,57.64729],[25.68568,57.64846],[25.68595,57.6496],[25.68619,57.65073],[25.68646,57.65173],[25.68689,57.65252],[25.6877,57.65329],[25.6898,57.65289],[25.69206,57.65248],[25.69452,57.65202],[25.69599,57.65201],[25.69737,57.65323],[25.69812,57.65393],[25.69899,57.65473],[25.69987,57.65552],[25.70076,57.65634],[25.70151,57.65705],[25.70234,57.65781],[25.70352,57.65895],[25.70441,57.65981],[25.70567,57.66093],[25.7068,57.66202],[25.70786,57.66275],[25.70911,57.66337],[25.71065,57.66413],[25.71216,57.66489],[25.71387,57.66572],[25.71557,57.66655],[25.71727,57.66739],[25.71891,57.66818],[25.7207,57.66905],[25.72213,57.66976],[25.72352,57.66984],[25.72482,57.66911],[25.72655,57.66808],[25.72808,57.66721],[25.72927,57.66651],[25.7308,57.66564],[25.73221,57.66483],[25.73304,57.66413],[25.73222,57.66322],[25.73157,57.66242],[25.7326,57.66172],[25.73434,57.66191],[25.73573,57.66226],[25.73712,57.66199],[25.73802,57.66145],[25.73902,57.66085],[25.74001,57.66027],[25.7411,57.65973],[25.74212,57.65913],[25.74313,57.65852],[25.74417,57.65789],[25.74525,57.65722],[25.74673,57.6565],[25.74773,57.6558],[25.74894,57.65516],[25.74997,57.65456],[25.75133,57.65381],[25.75233,57.65325],[25.75245,57.65251],[25.75181,57.65161],[25.75122,57.6507],[25.7512,57.64955],[25.75159,57.64832],[25.752,57.64705],[25.75172,57.64558],[25.75095,57.64449],[25.75095,57.64375],[25.74902,57.64292],[25.74776,57.64247],[25.74656,57.64204],[25.74454,57.64134],[25.74356,57.64065],[25.7429,57.63963],[25.74211,57.63899],[25.74156,57.63811],[25.74126,57.63715],[25.74096,57.63619],[25.74077,57.63521],[25.74143,57.63426],[25.74219,57.6333],[25.74302,57.63216],[25.74369,57.63129],[25.74438,57.63047],[25.74484,57.62978],[25.74356,57.62955],[25.74218,57.62955],[25.74204,57.62879],[25.74128,57.62801],[25.74133,57.62725],[25.74118,57.62652],[25.74157,57.62572],[25.74171,57.62484],[25.74233,57.62384],[25.74342,57.62313],[25.74415,57.62237],[25.74399,57.62132],[25.74337,57.62045],[25.74487,57.61988],[25.74686,57.61956],[25.74825,57.6192],[25.74917,57.6185],[25.7503,57.61782],[25.7516,57.61717],[25.75257,57.61654],[25.75333,57.6159],[25.75417,57.61512],[25.75564,57.61482],[25.75707,57.61471],[25.75818,57.61388],[25.75956,57.61363],[25.76144,57.6137],[25.76285,57.61375],[25.76424,57.61385],[25.76558,57.61405],[25.7674,57.6141],[25.76898,57.61433],[25.76968,57.61523],[25.77057,57.61594],[25.77154,57.61654],[25.77307,57.61737],[25.77426,57.61808],[25.7749,57.61914],[25.77617,57.61978],[25.77836,57.62032],[25.77982,57.62108],[25.78064,57.62196],[25.78276,57.62242],[25.78459,57.62258],[25.7863,57.6229],[25.78766,57.62318],[25.78913,57.62309],[25.79029,57.62252],[25.79162,57.62194],[25.79317,57.6214],[25.79458,57.62102],[25.79605,57.62069],[25.79763,57.62055],[25.79938,57.6205],[25.80135,57.62051],[25.80342,57.62064],[25.80563,57.62079],[25.80783,57.62093],[25.80998,57.62107],[25.81199,57.62118],[25.81411,57.62134],[25.81634,57.62154],[25.81854,57.62176],[25.8208,57.62199],[25.82307,57.62221],[25.82529,57.62244],[25.82706,57.62261],[25.82889,57.62281],[25.83085,57.62299],[25.83288,57.6232],[25.83495,57.6234],[25.83691,57.62359],[25.83882,57.6237],[25.84086,57.62369],[25.8427,57.62365],[25.84413,57.62369],[25.84605,57.62408],[25.84745,57.62395],[25.84891,57.62383],[25.8503,57.6237],[25.85164,57.62353],[25.85298,57.62338],[25.85431,57.62321],[25.85683,57.62309],[25.85814,57.62292],[25.86071,57.6229],[25.86207,57.62296],[25.86343,57.62295],[25.86605,57.62271],[25.86748,57.62271],[25.86886,57.62271],[25.87028,57.6226],[25.87289,57.62238],[25.87542,57.62212],[25.87678,57.62204],[25.87921,57.62199],[25.88052,57.62182],[25.88194,57.62167],[25.88332,57.62154],[25.8853,57.62135],[25.88777,57.62118],[25.89013,57.62082],[25.89183,57.62073],[25.89384,57.62057],[25.89568,57.62032],[25.89725,57.62043],[25.89886,57.62045],[25.90026,57.62015],[25.90187,57.61995],[25.90358,57.61976],[25.90506,57.61949],[25.90701,57.61944],[25.9093,57.61933],[25.91157,57.61925],[25.91387,57.61921],[25.91532,57.6197],[25.91683,57.61997],[25.91978,57.62036],[25.92128,57.62095],[25.92281,57.62146],[25.92475,57.62159],[25.92668,57.62135],[25.92897,57.62194],[25.93008,57.6224],[25.93206,57.62318],[25.93409,57.62391],[25.93585,57.62469],[25.93791,57.62517],[25.9397,57.62542],[25.94176,57.62589],[25.94412,57.62615],[25.94642,57.6266],[25.94856,57.6272],[25.95083,57.62782],[25.95267,57.62863],[25.95461,57.62917],[25.95632,57.62936],[25.95718,57.63015],[25.95823,57.63098],[25.95844,57.63215],[25.95874,57.63349],[25.95897,57.63471],[25.95921,57.63598],[25.9595,57.63705],[25.95942,57.63798],[25.95836,57.6387],[25.95756,57.63975],[25.95724,57.64096],[25.9564,57.64194],[25.95637,57.64327],[25.95635,57.64405],[25.9566,57.64478],[25.95676,57.64616],[25.958,57.64744],[25.95899,57.64812],[25.95979,57.64878],[25.96049,57.64949],[25.9626,57.65007],[25.96466,57.65078],[25.96589,57.65111],[25.96712,57.65147],[25.9682,57.65197],[25.96899,57.65265],[25.97046,57.65344],[25.97175,57.6542],[25.97354,57.6549],[25.97404,57.65595],[25.97373,57.65712],[25.9733,57.65803],[25.97323,57.65887],[25.97278,57.65964],[25.97268,57.66073],[25.97305,57.66168],[25.97308,57.66254],[25.97305,57.66362],[25.97335,57.66464],[25.97283,57.66552],[25.97274,57.66637],[25.97312,57.66727],[25.97413,57.66821],[25.97506,57.66904],[25.97559,57.66999],[25.97564,57.67095],[25.97616,57.67166],[25.97742,57.67229],[25.97946,57.67284],[25.98149,57.6736],[25.98394,57.6741],[25.98527,57.67432],[25.98773,57.67463],[25.9904,57.67471],[25.99179,57.6746],[25.99362,57.67375],[25.99531,57.67323],[25.99725,57.67345],[25.99847,57.67389],[25.99872,57.67312],[25.99868,57.67236],[25.9987,57.67124],[26.00066,57.67102],[26.00229,57.67048],[26.00312,57.6699],[26.00481,57.66994],[26.0067,57.66972],[26.00811,57.6702],[26.00917,57.67106],[26.01089,57.67101],[26.01238,57.67122],[26.01385,57.67146],[26.01595,57.67121],[26.01804,57.67097],[26.0208,57.67106],[26.02254,57.67139],[26.0244,57.6716],[26.02641,57.67178],[26.02851,57.67197],[26.03061,57.67209],[26.03272,57.67219],[26.03478,57.67238],[26.0368,57.67261],[26.0389,57.67281],[26.04104,57.67307],[26.04305,57.67334],[26.04484,57.67357],[26.04638,57.674],[26.04805,57.67462],[26.04941,57.6751],[26.05218,57.67489],[26.05384,57.67468],[26.05525,57.67446],[26.05664,57.67393],[26.05794,57.67335],[26.05913,57.67284],[26.06057,57.67267],[26.06228,57.67279],[26.06354,57.67316],[26.06416,57.67383],[26.06442,57.67456],[26.06485,57.6754],[26.06629,57.67553],[26.06797,57.67526],[26.07013,57.67521],[26.07252,57.67529],[26.0746,57.67483],[26.07643,57.674],[26.0779,57.67314],[26.07909,57.67209],[26.07993,57.67097],[26.08013,57.6697],[26.08135,57.66856],[26.08197,57.66791],[26.0836,57.66694],[26.08475,57.66654],[26.08659,57.6658],[26.08778,57.66478],[26.08853,57.66416],[26.08987,57.66331],[26.09084,57.66219],[26.09083,57.66123],[26.09139,57.66038],[26.09262,57.65987],[26.09337,57.65923],[26.09421,57.65849],[26.09559,57.6577],[26.09718,57.65737],[26.09868,57.6575],[26.10012,57.65761],[26.10131,57.65805],[26.10241,57.65855],[26.1037,57.65894],[26.10554,57.65904],[26.10735,57.65903],[26.10917,57.65882],[26.11102,57.65848],[26.11259,57.65812],[26.11402,57.65802],[26.11532,57.6583],[26.11731,57.65845],[26.11862,57.65864],[26.12015,57.65896],[26.12077,57.65807],[26.12028,57.65724],[26.12197,57.65694],[26.12335,57.65681],[26.12521,57.6563],[26.12666,57.65601],[26.12789,57.6556],[26.1295,57.65537],[26.13167,57.65526],[26.1333,57.65511],[26.13434,57.65593],[26.1356,57.65672],[26.13605,57.65788],[26.13709,57.65887],[26.13819,57.65987],[26.14032,57.66057],[26.1426,57.66106],[26.14375,57.66052],[26.14472,57.65979],[26.14443,57.659],[26.14492,57.65823],[26.14509,57.65718],[26.14511,57.65635],[26.14546,57.65533],[26.14502,57.65463],[26.14448,57.65375],[26.14459,57.65288],[26.1452,57.65209],[26.1458,57.65097],[26.14616,57.65025],[26.14632,57.64953],[26.1463,57.64851],[26.14603,57.64757],[26.14591,57.64664],[26.14526,57.64599],[26.14521,57.64498],[26.14577,57.6443],[26.14602,57.64353],[26.1461,57.64271],[26.14497,57.64223],[26.14406,57.64169],[26.14404,57.64082],[26.14427,57.63992],[26.14437,57.63907],[26.14451,57.63811],[26.14463,57.63729],[26.14476,57.63649],[26.14489,57.63575],[26.14504,57.63487],[26.14727,57.63551],[26.14843,57.63592],[26.15021,57.63685],[26.15163,57.63668],[26.15417,57.63713],[26.15558,57.63725],[26.15702,57.63758],[26.15817,57.63798],[26.15973,57.63881],[26.16184,57.63987],[26.16315,57.64038],[26.16475,57.6407],[26.16622,57.64111],[26.16722,57.64181],[26.16827,57.64236],[26.16964,57.64227],[26.17072,57.64176],[26.17173,57.64127],[26.17355,57.64082],[26.17507,57.64077],[26.17689,57.64069],[26.17845,57.6409],[26.17983,57.64108],[26.18122,57.64114],[26.18247,57.64146],[26.18416,57.6417],[26.18582,57.64214],[26.18738,57.64254],[26.18875,57.64295],[26.19031,57.64336],[26.19171,57.64386],[26.19057,57.64448],[26.19019,57.64521],[26.19036,57.64607],[26.19102,57.6472],[26.19114,57.64805],[26.19107,57.64892],[26.19179,57.64965],[26.19429,57.64998],[26.19565,57.65033],[26.19724,57.65067],[26.19883,57.65098],[26.20033,57.65126],[26.20187,57.6514],[26.20334,57.65159],[26.20466,57.65109],[26.20426,57.64987],[26.20395,57.64859],[26.20376,57.64753],[26.20375,57.6463],[26.20387,57.64521],[26.20512,57.64411],[26.20477,57.64305],[26.20432,57.642],[26.20338,57.64137],[26.205,57.64068],[26.20624,57.63996],[26.20647,57.63895],[26.20594,57.63815],[26.20574,57.63718],[26.20619,57.63611],[26.20673,57.63525],[26.2073,57.63449],[26.20736,57.63373],[26.20684,57.63288],[26.20652,57.63211],[26.2057,57.63132],[26.20532,57.6303],[26.20503,57.62927],[26.20489,57.6283],[26.2048,57.62743],[26.20436,57.62646],[26.20402,57.62565],[26.20378,57.62469],[26.20371,57.62384],[26.20303,57.62317],[26.20234,57.62228],[26.20156,57.62141],[26.20127,57.62065],[26.20043,57.61976],[26.1993,57.61898],[26.19815,57.61808],[26.19729,57.61709],[26.19669,57.61596],[26.19632,57.61478],[26.19605,57.61364],[26.19533,57.61269],[26.19575,57.61155],[26.19683,57.61049],[26.19639,57.60922],[26.19598,57.608],[26.19658,57.60696],[26.1956,57.60594],[26.19394,57.60518],[26.19269,57.60404],[26.19208,57.60335],[26.18996,57.60235],[26.18885,57.60193],[26.18778,57.60122],[26.18697,57.60019],[26.18583,57.59939],[26.18605,57.59856],[26.1852,57.59769],[26.18437,57.59677],[26.18344,57.59576],[26.18133,57.59535],[26.17896,57.59512],[26.17719,57.59431],[26.17548,57.59366],[26.17401,57.59275],[26.17253,57.5919],[26.17013,57.59147],[26.16873,57.59102],[26.16892,57.58971],[26.16909,57.58873],[26.16925,57.58777],[26.16937,57.58701],[26.16879,57.58606],[26.1683,57.585],[26.16794,57.58427],[26.16756,57.58341],[26.16711,57.58255],[26.16668,57.58164],[26.16636,57.58083],[26.16627,57.58003],[26.16618,57.57928],[26.16668,57.57802],[26.16697,57.57728],[26.16771,57.57591],[26.16835,57.57525],[26.1689,57.57404],[26.16999,57.57345],[26.17123,57.57285],[26.17233,57.57185],[26.17421,57.57113],[26.17662,57.57041],[26.17792,57.56997],[26.17914,57.56953],[26.18039,57.56918],[26.18191,57.56855],[26.18264,57.56793],[26.18342,57.56727],[26.18408,57.56664],[26.18402,57.56541],[26.18429,57.56411],[26.18569,57.56344],[26.18759,57.56374],[26.18852,57.56278],[26.18856,57.56205],[26.18943,57.56075],[26.19069,57.56018],[26.19229,57.56015],[26.19281,57.55931],[26.19349,57.55828],[26.19414,57.5572],[26.19465,57.55616],[26.19492,57.55513],[26.19498,57.55404],[26.19493,57.55291],[26.19487,57.55176],[26.19465,57.55064],[26.19438,57.5495],[26.19409,57.54831],[26.19383,57.54726],[26.1936,57.54628],[26.1936,57.54526],[26.19415,57.5443],[26.19506,57.54338],[26.19588,57.54239],[26.19648,57.54129],[26.19688,57.54011],[26.19729,57.53897],[26.19778,57.53758],[26.1982,57.53635],[26.1986,57.53518],[26.19883,57.53407],[26.19875,57.53297],[26.19846,57.53181],[26.19828,57.53079],[26.19829,57.53],[26.19867,57.52876],[26.19908,57.52799],[26.19971,57.52714],[26.20032,57.52632],[26.20112,57.52522],[26.20197,57.52405],[26.20305,57.5229],[26.2038,57.52175],[26.20459,57.52113],[26.20548,57.52046],[26.20589,57.51976],[26.20568,57.51888],[26.20541,57.51789],[26.2051,57.51685],[26.20479,57.51588],[26.20473,57.51495],[26.205,57.51393],[26.20504,57.51292],[26.20463,57.51188],[26.20396,57.51081],[26.20323,57.50974],[26.20251,57.50867],[26.20187,57.50766],[26.20124,57.50667],[26.20041,57.50567],[26.19935,57.50466],[26.19824,57.50371],[26.19739,57.50285],[26.19726,57.5019],[26.19798,57.50097],[26.19944,57.5],[26.20078,57.4991],[26.20187,57.49829],[26.20282,57.4973],[26.20369,57.49624],[26.20447,57.4952],[26.20505,57.49426],[26.20589,57.49353],[26.20731,57.49303],[26.20878,57.49252],[26.21007,57.49185],[26.21123,57.49107],[26.21222,57.49038],[26.21296,57.48971],[26.21379,57.48863],[26.21533,57.48876],[26.21809,57.489],[26.21966,57.48905],[26.22125,57.48911],[26.22292,57.48917],[26.2246,57.48925],[26.22604,57.48931],[26.22782,57.49036],[26.22853,57.49099],[26.23107,57.49158],[26.23261,57.49158],[26.23397,57.49183],[26.23568,57.49218],[26.23747,57.49254],[26.23898,57.4928],[26.2413,57.49216],[26.2423,57.49151],[26.24319,57.49077],[26.24416,57.49003],[26.24517,57.48932],[26.24605,57.48867],[26.2466,57.48796],[26.24664,57.48712],[26.24675,57.4864],[26.24813,57.48533],[26.24941,57.48416],[26.24969,57.48334],[26.25098,57.48373],[26.25236,57.48413],[26.25364,57.48468],[26.25463,57.48521],[26.25543,57.48593],[26.25644,57.48648],[26.25786,57.48673],[26.25982,57.48729],[26.26087,57.48864],[26.26003,57.48983],[26.26081,57.49115],[26.26189,57.49164],[26.26424,57.49224],[26.26587,57.49297],[26.26739,57.49376],[26.26869,57.49506],[26.26975,57.49579],[26.27102,57.49648],[26.27212,57.49706],[26.27319,57.49766],[26.27451,57.49835],[26.27578,57.49905],[26.27678,57.49966],[26.27764,57.50044],[26.2784,57.50112],[26.27947,57.50174],[26.28047,57.50224],[26.28161,57.50271],[26.2813,57.50341],[26.28084,57.50419],[26.28064,57.50494],[26.2803,57.50576],[26.27982,57.50651],[26.27912,57.50733],[26.27866,57.50815],[26.27833,57.50911],[26.27799,57.51001],[26.27831,57.51102],[26.27893,57.51174],[26.27926,57.51252],[26.27976,57.51321],[26.27957,57.51409],[26.27891,57.515],[26.27851,57.5159],[26.27864,57.51663],[26.27861,57.51741],[26.27859,57.51826],[26.27925,57.51896],[26.28008,57.51956],[26.28141,57.51998],[26.28282,57.51993],[26.28377,57.52046],[26.28445,57.52108],[26.28569,57.52136],[26.28583,57.52225],[26.28552,57.5232],[26.28554,57.52395],[26.28591,57.52474],[26.28548,57.52561],[26.28558,57.52659],[26.28498,57.52724],[26.28518,57.52801],[26.28627,57.52859],[26.2877,57.5287],[26.28919,57.52854],[26.29041,57.52887],[26.29164,57.52946],[26.29091,57.53011],[26.29047,57.53114],[26.29118,57.53198],[26.29182,57.533],[26.29165,57.53391],[26.29224,57.53469],[26.29311,57.53537],[26.29418,57.53589],[26.29549,57.53635],[26.29651,57.53692],[26.29723,57.53757],[26.29804,57.53825],[26.29985,57.5379],[26.3016,57.53811],[26.30287,57.5386],[26.30418,57.53909],[26.30536,57.53964],[26.30532,57.54075],[26.30585,57.54142],[26.30723,57.54154],[26.30831,57.54242],[26.30958,57.54302],[26.31219,57.54331],[26.31485,57.54289],[26.31615,57.54236],[26.31751,57.54197],[26.31921,57.54161],[26.32091,57.54153],[26.32274,57.54132],[26.32475,57.54098],[26.32681,57.54066],[26.32891,57.54034],[26.33074,57.54003],[26.3324,57.53952],[26.33416,57.53908],[26.33616,57.53866],[26.33786,57.53821],[26.33933,57.53786],[26.34083,57.53782],[26.34219,57.53881],[26.34349,57.53976],[26.34484,57.54041],[26.3463,57.5406],[26.34811,57.54082],[26.34986,57.54074],[26.35144,57.54064],[26.35327,57.54062],[26.35502,57.54103],[26.35676,57.5406],[26.35927,57.54056],[26.36096,57.54053],[26.3624,57.54051],[26.36471,57.54014],[26.36611,57.53967],[26.36821,57.5392],[26.36957,57.53861],[26.37055,57.5379],[26.37063,57.5369],[26.37077,57.53616],[26.37158,57.53496],[26.37256,57.53422],[26.37365,57.53343],[26.37474,57.53262],[26.37578,57.53185],[26.37654,57.53111],[26.37691,57.53017],[26.37717,57.52914],[26.37736,57.52827],[26.37653,57.52698],[26.37728,57.52627],[26.37822,57.52549],[26.37931,57.52457],[26.38025,57.52376],[26.38075,57.52299],[26.38092,57.52192],[26.38109,57.52086],[26.38126,57.51996],[26.38174,57.51916],[26.38276,57.51842],[26.38398,57.51784],[26.3855,57.51738],[26.38718,57.51696],[26.38879,57.51658],[26.39047,57.51633],[26.3923,57.51644],[26.39405,57.51657],[26.39567,57.51669],[26.39729,57.51682],[26.39863,57.51691],[26.40045,57.51668],[26.39908,57.51715],[26.39871,57.51808],[26.39863,57.51923],[26.39853,57.52032],[26.39849,57.52139],[26.40108,57.52761],[26.40076,57.53138],[26.39822,57.53362],[26.39594,57.53869],[26.39738,57.53987],[26.39783,57.54277],[26.3976,57.54357],[26.39723,57.5447],[26.39631,57.54534],[26.39558,57.54597],[26.39511,57.54681],[26.39475,57.54754],[26.39412,57.54884],[26.39372,57.54967],[26.3933,57.5505],[26.39292,57.55129],[26.39246,57.5521],[26.39185,57.55295],[26.39117,57.55381],[26.39046,57.55465],[26.39005,57.55547],[26.38991,57.55629],[26.38974,57.55703],[26.38905,57.55769],[26.38801,57.55819],[26.3872,57.55933],[26.38773,57.56011],[26.38828,57.56095],[26.3888,57.56174],[26.3891,57.56302],[26.38835,57.56367],[26.38742,57.56438],[26.38657,57.56499],[26.38543,57.56554],[26.38406,57.56606],[26.38273,57.5666],[26.38134,57.56715],[26.38004,57.56765],[26.37896,57.56826],[26.37789,57.5689],[26.37682,57.56952],[26.3758,57.57013],[26.37473,57.57077],[26.37365,57.57142],[26.37265,57.57204],[26.37181,57.57261],[26.37123,57.57329],[26.3708,57.57407],[26.37033,57.57492],[26.3699,57.57574],[26.36935,57.57642],[26.36843,57.57706],[26.36731,57.57769],[26.3662,57.57829],[26.36519,57.57884],[26.36357,57.57971],[26.36264,57.58035],[26.36262,57.58046]]}},{"type":"Feature","properties":{"name":"TET_LV-03_20260519","lengthKm":649.1},"geometry":{"type":"LineString","coordinates":[[24.07369,56.94488],[24.07403,56.94559],[24.07647,56.94582],[24.07901,56.94573],[24.08104,56.94542],[24.08255,56.94471],[24.08416,56.94382],[24.08587,56.94333],[24.08694,56.94274],[24.08806,56.94216],[24.08913,56.9416],[24.09081,56.94072],[24.09194,56.9402],[24.09336,56.94073],[24.09448,56.9412],[24.09564,56.94182],[24.09701,56.94251],[24.09843,56.94322],[24.09994,56.94397],[24.10144,56.94469],[24.10283,56.94538],[24.10398,56.94595],[24.10549,56.94581],[24.10644,56.94519],[24.10781,56.94476],[24.10926,56.94404],[24.11129,56.94355],[24.11284,56.94295],[24.11465,56.94252],[24.11608,56.94225],[24.11789,56.94194],[24.1193,56.94163],[24.12039,56.94113],[24.12197,56.94044],[24.12346,56.9398],[24.12564,56.93983],[24.12764,56.93985],[24.12863,56.93912],[24.13061,56.93888],[24.13254,56.93891],[24.13396,56.93885],[24.13521,56.93909],[24.13723,56.93888],[24.13909,56.93861],[24.141,56.93851],[24.14228,56.93815],[24.14444,56.93788],[24.14655,56.93783],[24.1487,56.93781],[24.15102,56.93766],[24.15225,56.93736],[24.15345,56.93702],[24.15521,56.93628],[24.15651,56.93549],[24.15801,56.93466],[24.15943,56.93376],[24.16059,56.93254],[24.1612,56.93188],[24.16191,56.93125],[24.16265,56.93058],[24.16377,56.92922],[24.16453,56.9285],[24.16547,56.92786],[24.1672,56.92682],[24.16848,56.92724],[24.16951,56.92675],[24.17021,56.92602],[24.17103,56.92513],[24.17021,56.92413],[24.17265,56.92527],[24.17385,56.926],[24.17479,56.92671],[24.17591,56.92746],[24.17696,56.92812],[24.17804,56.92881],[24.17912,56.92952],[24.18038,56.93008],[24.18221,56.92972],[24.18344,56.92916],[24.18456,56.92858],[24.18551,56.92801],[24.18637,56.92719],[24.18715,56.9263],[24.18787,56.9255],[24.18854,56.92461],[24.18957,56.92378],[24.19049,56.92285],[24.19152,56.92201],[24.19252,56.92127],[24.19346,56.92056],[24.1951,56.92094],[24.19625,56.92134],[24.19739,56.92175],[24.20011,56.92209],[24.202,56.9221],[24.20381,56.92214],[24.20531,56.92215],[24.20664,56.92218],[24.20911,56.9222],[24.21047,56.92222],[24.2118,56.9222],[24.21421,56.92232],[24.21575,56.92234],[24.21715,56.92235],[24.21864,56.92241],[24.22017,56.92243],[24.22169,56.92247],[24.22316,56.92249],[24.2246,56.92251],[24.22602,56.92252],[24.22836,56.92255],[24.23079,56.92257],[24.23215,56.92261],[24.23355,56.92262],[24.23493,56.92261],[24.23635,56.92262],[24.23783,56.92264],[24.23919,56.92268],[24.24192,56.92272],[24.24426,56.92274],[24.24609,56.92279],[24.24824,56.9229],[24.25085,56.92293],[24.25217,56.92295],[24.25367,56.92254],[24.2552,56.922],[24.25687,56.92208],[24.25759,56.92125],[24.25949,56.92115],[24.26154,56.92121],[24.26333,56.92122],[24.26469,56.9213],[24.26571,56.92208],[24.26564,56.92313],[24.26573,56.92409],[24.26746,56.92457],[24.26878,56.92508],[24.26997,56.9263],[24.27131,56.92746],[24.27313,56.928],[24.27541,56.9282],[24.27688,56.9282],[24.27839,56.92795],[24.27978,56.92772],[24.28167,56.92742],[24.28277,56.92654],[24.28355,56.92534],[24.28415,56.92463],[24.28621,56.92362],[24.2874,56.9232],[24.28879,56.92287],[24.29019,56.9226],[24.29165,56.92243],[24.29307,56.92219],[24.29547,56.92205],[24.29698,56.9221],[24.299,56.92216],[24.2998,56.92146],[24.30176,56.92182],[24.30357,56.92205],[24.30542,56.92227],[24.3064,56.92133],[24.30752,56.92081],[24.3092,56.92067],[24.31111,56.92053],[24.31314,56.92035],[24.31498,56.92021],[24.31662,56.92009],[24.31844,56.91994],[24.31969,56.91918],[24.32107,56.91876],[24.32224,56.91842],[24.32322,56.91775],[24.32423,56.91696],[24.32534,56.91637],[24.32612,56.91578],[24.327,56.91508],[24.32721,56.91397],[24.3266,56.91325],[24.32599,56.91254],[24.32773,56.91231],[24.33081,56.91237],[24.33257,56.91278],[24.33382,56.91323],[24.33653,56.91317],[24.33893,56.91352],[24.34069,56.9139],[24.34222,56.9135],[24.34327,56.9128],[24.34426,56.91334],[24.3456,56.91402],[24.3473,56.91472],[24.34985,56.91469],[24.35183,56.91476],[24.35314,56.91521],[24.35653,56.91466],[24.35793,56.91421],[24.35936,56.91385],[24.36083,56.91364],[24.36293,56.91325],[24.36522,56.91257],[24.36752,56.91229],[24.37009,56.91211],[24.37156,56.91199],[24.37306,56.91188],[24.37451,56.91158],[24.37593,56.91103],[24.37735,56.91046],[24.37876,56.90989],[24.38014,56.90934],[24.38156,56.90927],[24.38302,56.91003],[24.38477,56.91094],[24.38645,56.91179],[24.38817,56.91242],[24.39004,56.91248],[24.39224,56.91272],[24.39431,56.91367],[24.3951,56.91436],[24.39583,56.91549],[24.39606,56.91621],[24.39627,56.91719],[24.39793,56.91728],[24.39953,56.91824],[24.4004,56.91882],[24.40176,56.91962],[24.4035,56.91999],[24.40497,56.92013],[24.40645,56.92026],[24.408,56.9204],[24.40963,56.92054],[24.41137,56.92071],[24.41303,56.92088],[24.4108,56.92092],[24.40904,56.92074],[24.41028,56.92148],[24.41195,56.92269],[24.41339,56.92315],[24.41473,56.92383],[24.41666,56.92516],[24.41676,56.92637],[24.41666,56.92779],[24.41662,56.92925],[24.41636,56.93041],[24.41563,56.93143],[24.41498,56.93226],[24.41383,56.93327],[24.4124,56.93472],[24.41103,56.93617],[24.4095,56.93768],[24.40841,56.93921],[24.40803,56.94065],[24.40776,56.94148],[24.40911,56.9417],[24.41054,56.94259],[24.41292,56.94393],[24.41428,56.94498],[24.41677,56.94519],[24.41844,56.9455],[24.42126,56.94648],[24.42214,56.94769],[24.42332,56.94852],[24.42496,56.94852],[24.42588,56.94776],[24.42759,56.94862],[24.42575,56.95066],[24.42426,56.95075],[24.42316,56.95203],[24.42221,56.95291],[24.42353,56.95376],[24.42035,56.95545],[24.41794,56.95565],[24.41385,56.95642],[24.41209,56.95719],[24.41068,56.95759],[24.40847,56.95883],[24.40643,56.95969],[24.40667,56.96042],[24.40939,56.95995],[24.41092,56.95969],[24.41245,56.95972],[24.41372,56.96029],[24.41191,56.96139],[24.40838,56.96213],[24.40694,56.96199],[24.40381,56.9626],[24.40262,56.96155],[24.40005,56.96171],[24.39845,56.96214],[24.39404,56.96006],[24.40084,56.95665],[24.40335,56.95574],[24.40515,56.95472],[24.40483,56.95361],[24.40504,56.95266],[24.40694,56.95072],[24.40786,56.95008],[24.409,56.94864],[24.41041,56.94807],[24.41072,56.94727],[24.41154,56.94607],[24.41028,56.94507],[24.40998,56.94422],[24.40767,56.94346],[24.40639,56.94265],[24.40716,56.94173],[24.40864,56.94201],[24.41013,56.94258],[24.4129,56.94393],[24.41431,56.945],[24.41674,56.94519],[24.41843,56.9455],[24.42125,56.94648],[24.42218,56.94771],[24.42332,56.94852],[24.42496,56.94852],[24.42588,56.94776],[24.42759,56.94862],[24.42575,56.95066],[24.42426,56.95075],[24.42316,56.95203],[24.42221,56.95291],[24.42353,56.95376],[24.42035,56.95545],[24.41794,56.95565],[24.41385,56.95642],[24.41209,56.95719],[24.41068,56.95759],[24.40847,56.95883],[24.40643,56.95969],[24.40667,56.96042],[24.40939,56.95995],[24.41092,56.95969],[24.41245,56.95972],[24.41372,56.96029],[24.41191,56.96139],[24.40838,56.96213],[24.40694,56.96199],[24.40845,56.96295],[24.41061,56.96433],[24.4121,56.96523],[24.41383,56.96634],[24.41526,56.96719],[24.41651,56.96802],[24.41676,56.9691],[24.41775,56.9705],[24.41749,56.97121],[24.41732,56.97218],[24.41769,56.97318],[24.41847,56.97419],[24.41945,56.97505],[24.41969,56.9759],[24.41623,56.97589],[24.4125,56.97559],[24.40929,56.9758],[24.408,56.97698],[24.40682,56.97878],[24.40734,56.9802],[24.40772,56.98104],[24.40606,56.98193],[24.40504,56.98354],[24.40548,56.98479],[24.40585,56.98607],[24.40638,56.98737],[24.40719,56.98841],[24.40912,56.98858],[24.41107,56.98889],[24.41334,56.98894],[24.41541,56.98824],[24.41662,56.98744],[24.41802,56.98634],[24.42058,56.98587],[24.42272,56.98611],[24.4243,56.98626],[24.42667,56.98589],[24.42877,56.98581],[24.43036,56.9861],[24.43167,56.98633],[24.43368,56.98641],[24.43565,56.98623],[24.43731,56.98589],[24.43925,56.98551],[24.44119,56.98559],[24.44366,56.98524],[24.44625,56.98505],[24.44831,56.98524],[24.45147,56.98576],[24.45458,56.98616],[24.45792,56.98577],[24.46082,56.98528],[24.46309,56.98446],[24.46528,56.98403],[24.46829,56.98335],[24.47169,56.98284],[24.47416,56.98204],[24.47676,56.98127],[24.47978,56.98075],[24.48149,56.9805],[24.48343,56.98084],[24.48497,56.98073],[24.48737,56.98069],[24.48959,56.98069],[24.49192,56.98103],[24.49454,56.98148],[24.49701,56.98239],[24.4989,56.98303],[24.49928,56.98436],[24.50222,56.98504],[24.50494,56.9853],[24.50786,56.98567],[24.51068,56.98598],[24.51326,56.98639],[24.51563,56.98659],[24.51697,56.98687],[24.51878,56.98733],[24.52065,56.98784],[24.52328,56.98801],[24.52587,56.9882],[24.5278,56.98881],[24.52959,56.98884],[24.53195,56.98868],[24.53333,56.9891],[24.53524,56.98956],[24.53691,56.99013],[24.53878,56.99093],[24.53989,56.99151],[24.54098,56.99205],[24.54204,56.99261],[24.54321,56.99319],[24.54496,56.99406],[24.54596,56.99456],[24.54743,56.99538],[24.549,56.99575],[24.55075,56.99628],[24.55232,56.99681],[24.55467,56.99751],[24.55604,56.99775],[24.55763,56.99818],[24.55902,56.99859],[24.56017,56.99905],[24.56189,56.99936],[24.56401,57.00009],[24.56533,57.00033],[24.56693,57.00091],[24.56918,57.00154],[24.57056,57.00195],[24.57173,57.00237],[24.57348,57.00309],[24.57451,57.00357],[24.57642,57.0028],[24.58169,56.99898],[24.58267,56.99845],[24.58429,56.99747],[24.58592,56.99644],[24.5865,56.99576],[24.58711,56.99441],[24.58815,56.99291],[24.58918,56.9914],[24.58898,56.99007],[24.58816,56.98932],[24.58897,56.98839],[24.59078,56.98699],[24.59295,56.98716],[24.59591,56.98749],[24.59779,56.98665],[24.59959,56.98503],[24.60088,56.98439],[24.60253,56.98419],[24.60434,56.98316],[24.60719,56.98273],[24.61078,56.98232],[24.61427,56.98184],[24.61756,56.98162],[24.62082,56.98179],[24.62385,56.98187],[24.62678,56.98195],[24.62956,56.98181],[24.63102,56.98134],[24.63124,56.98007],[24.63152,56.97852],[24.63192,56.97693],[24.63266,56.97538],[24.63309,56.97432],[24.63346,56.97362],[24.63579,56.97335],[24.63781,56.97278],[24.63964,56.97221],[24.64204,56.97175],[24.64333,56.97152],[24.64556,56.97115],[24.64619,56.97186],[24.64675,56.97301],[24.64743,56.97402],[24.64787,56.97494],[24.64745,56.97413],[24.64865,56.97366],[24.65014,56.973],[24.65003,56.97216],[24.64938,56.97108],[24.65088,56.97017],[24.6525,56.96984],[24.65429,56.96949],[24.65632,56.96911],[24.65846,56.96871],[24.66057,56.9683],[24.66268,56.96797],[24.66472,56.96776],[24.66672,56.96766],[24.66875,56.96765],[24.67079,56.9678],[24.67272,56.96796],[24.67456,56.96808],[24.6764,56.96785],[24.67793,56.96725],[24.67919,56.96659],[24.68077,56.96639],[24.68214,56.96673],[24.68355,56.967],[24.68481,56.9675],[24.68617,56.96809],[24.68762,56.9687],[24.68909,56.96928],[24.69062,56.96981],[24.69234,56.97016],[24.69434,56.97029],[24.69617,56.97041],[24.69772,56.97086],[24.69925,56.97149],[24.70066,56.97203],[24.70254,56.97243],[24.70459,56.97283],[24.7065,56.97319],[24.70847,56.97345],[24.7104,56.97366],[24.71202,56.97371],[24.71357,56.97344],[24.71524,56.97302],[24.71676,56.97255],[24.7181,56.97219],[24.7194,56.97197],[24.72076,56.97175],[24.7221,56.97154],[24.72439,56.97119],[24.72565,56.97082],[24.72687,56.9704],[24.7282,56.96995],[24.72962,56.96943],[24.73116,56.9689],[24.73265,56.96839],[24.73388,56.96797],[24.73516,56.967],[24.7367,56.96611],[24.73787,56.96569],[24.73893,56.96523],[24.74002,56.96424],[24.7415,56.96433],[24.74377,56.9648],[24.74591,56.96502],[24.74819,56.96505],[24.75077,56.96498],[24.75238,56.96494],[24.75398,56.96516],[24.7556,56.96537],[24.75713,56.96547],[24.75869,56.9654],[24.76044,56.96536],[24.76231,56.96537],[24.76413,56.96538],[24.76572,56.96539],[24.76713,56.96545],[24.7687,56.96558],[24.77058,56.96574],[24.77258,56.9659],[24.77453,56.96605],[24.77655,56.96607],[24.77846,56.9661],[24.78006,56.96611],[24.7814,56.96554],[24.78177,56.96483],[24.78268,56.96402],[24.78525,56.96434],[24.78662,56.96447],[24.78882,56.96508],[24.79041,56.96512],[24.79173,56.96517],[24.79267,56.96435],[24.7929,56.96346],[24.7929,56.96249],[24.79287,56.9614],[24.7928,56.96028],[24.79279,56.9593],[24.79224,56.95842],[24.79125,56.95753],[24.79047,56.95678],[24.79039,56.9559],[24.79049,56.95485],[24.79056,56.95389],[24.79031,56.95304],[24.79042,56.95195],[24.79076,56.95118],[24.79132,56.95019],[24.79356,56.95063],[24.79504,56.95103],[24.79491,56.9502],[24.79527,56.9495],[24.7975,56.94857],[24.79938,56.94868],[24.80079,56.94874],[24.80211,56.94879],[24.80356,56.94885],[24.80508,56.94892],[24.80653,56.94898],[24.80799,56.94905],[24.8096,56.94913],[24.81139,56.94917],[24.81321,56.94923],[24.81479,56.94928],[24.81614,56.94934],[24.81769,56.94939],[24.81921,56.94946],[24.82062,56.9495],[24.8222,56.94957],[24.82381,56.94965],[24.82547,56.9497],[24.82715,56.94974],[24.82876,56.94982],[24.83038,56.94989],[24.83202,56.94994],[24.83369,56.95001],[24.83537,56.95006],[24.83703,56.95013],[24.83865,56.9502],[24.84026,56.95027],[24.8417,56.95032],[24.84306,56.95035],[24.84522,56.95043],[24.84662,56.95048],[24.8493,56.95058],[24.85193,56.95069],[24.85443,56.95077],[24.85705,56.95089],[24.85838,56.95095],[24.8597,56.95097],[24.86206,56.95095],[24.86417,56.9508],[24.86642,56.95047],[24.86764,56.95019],[24.86896,56.94991],[24.87025,56.9496],[24.87153,56.9493],[24.87279,56.94899],[24.874,56.94868],[24.87525,56.94838],[24.87651,56.9481],[24.87784,56.94779],[24.87922,56.94749],[24.88175,56.94687],[24.88304,56.94658],[24.88434,56.94627],[24.88564,56.94594],[24.88691,56.94563],[24.88935,56.94508],[24.89079,56.94483],[24.89219,56.94466],[24.89368,56.94456],[24.89511,56.94452],[24.89656,56.94448],[24.89812,56.94443],[24.89965,56.9444],[24.90106,56.94436],[24.9025,56.94434],[24.90384,56.94429],[24.90525,56.94418],[24.90659,56.94402],[24.90873,56.94364],[24.91028,56.9432],[24.91247,56.94245],[24.91348,56.94196],[24.91494,56.94114],[24.91585,56.94051],[24.91673,56.93982],[24.91757,56.93915],[24.91841,56.9385],[24.91931,56.9378],[24.92016,56.93711],[24.92098,56.93635],[24.92162,56.93559],[24.92209,56.93487],[24.92246,56.93409],[24.92273,56.93326],[24.92284,56.93236],[24.92281,56.9315],[24.92278,56.9306],[24.92273,56.92915],[24.92273,56.92828],[24.92271,56.9275],[24.92268,56.92673],[24.92264,56.92589],[24.92262,56.9249],[24.92259,56.92392],[24.92266,56.92297],[24.92289,56.92207],[24.92328,56.92121],[24.9238,56.92041],[24.92448,56.91961],[24.92531,56.91885],[24.92623,56.91816],[24.92712,56.91758],[24.92827,56.91697],[24.92959,56.9164],[24.9309,56.91584],[24.93214,56.91531],[24.93359,56.91551],[24.9345,56.91651],[24.93533,56.91742],[24.93595,56.91841],[24.93631,56.91954],[24.93656,56.92071],[24.93679,56.92184],[24.93701,56.92293],[24.93729,56.92411],[24.93749,56.92521],[24.93951,56.92544],[24.94169,56.92589],[24.94306,56.92617],[24.94436,56.92604],[24.94595,56.92577],[24.94793,56.92544],[24.94952,56.92511],[24.9508,56.92477],[24.953,56.92402],[24.95456,56.92293],[24.95542,56.92211],[24.95614,56.92147],[24.95816,56.92136],[24.95997,56.92196],[24.96158,56.92223],[24.96304,56.92291],[24.96427,56.9236],[24.96512,56.92453],[24.96504,56.92555],[24.96455,56.9268],[24.96389,56.9281],[24.96396,56.92918],[24.96422,56.93029],[24.96494,56.93126],[24.96627,56.93186],[24.96838,56.93196],[24.97012,56.93207],[24.97177,56.93218],[24.97335,56.9318],[24.97477,56.93151],[24.9766,56.93103],[24.97768,56.9305],[24.97891,56.92983],[24.98004,56.92898],[24.98058,56.92817],[24.98116,56.92739],[24.9819,56.92649],[24.98342,56.92616],[24.98554,56.92608],[24.98759,56.92636],[24.98958,56.92693],[24.99192,56.92713],[24.99378,56.92756],[24.99611,56.92816],[24.99814,56.92869],[24.99953,56.9291],[25.00126,56.9296],[25.00357,56.93028],[25.00504,56.93115],[25.00602,56.93169],[25.00706,56.9323],[25.008,56.93284],[25.00907,56.93329],[25.01066,56.93446],[25.01225,56.93566],[25.01302,56.93635],[25.01403,56.93515],[25.01422,56.93437],[25.01443,56.93349],[25.01434,56.9327],[25.01404,56.9319],[25.01231,56.93167],[25.0139,56.9317],[25.0143,56.93246],[25.01443,56.93338],[25.01419,56.93433],[25.01398,56.93518],[25.01375,56.93604],[25.01347,56.93725],[25.01301,56.93803],[25.01189,56.93872],[25.01033,56.93929],[25.00856,56.9398],[25.00674,56.9404],[25.00515,56.94104],[25.00408,56.94174],[25.00346,56.94257],[25.00322,56.94353],[25.00284,56.94452],[25.00173,56.94532],[25.00032,56.94595],[24.99868,56.94664],[24.99728,56.94728],[24.99626,56.94791],[24.99501,56.94858],[24.99371,56.94927],[24.9924,56.94988],[24.99093,56.95048],[24.98963,56.95103],[24.98874,56.95161],[24.9884,56.95243],[24.98832,56.95335],[24.98826,56.95431],[24.98821,56.95531],[24.98811,56.95624],[24.98959,56.95612],[24.99085,56.95544],[24.99212,56.95476],[24.99331,56.95412],[24.99449,56.95352],[24.99554,56.95293],[24.99669,56.95233],[24.99778,56.95184],[24.99904,56.95156],[25.00174,56.95102],[25.00336,56.95068],[25.00486,56.95046],[25.00652,56.95053],[25.00849,56.95061],[25.01049,56.9507],[25.01241,56.95079],[25.01422,56.95087],[25.01592,56.95093],[25.01726,56.95113],[25.01522,56.95237],[25.01397,56.95312],[25.01287,56.9538],[25.01199,56.95436],[25.01087,56.95499],[25.00974,56.95566],[25.00902,56.95703],[25.0106,56.95698],[25.01248,56.95716],[25.01441,56.95736],[25.01637,56.95757],[25.01831,56.95778],[25.02025,56.95798],[25.02207,56.95823],[25.02369,56.95869],[25.02541,56.95925],[25.02727,56.95976],[25.02921,56.96027],[25.03119,56.96074],[25.03321,56.96124],[25.03511,56.9617],[25.03697,56.96225],[25.03884,56.96291],[25.04056,56.96374],[25.04221,56.96455],[25.04369,56.96529],[25.04522,56.96582],[25.04673,56.96649],[25.04807,56.96725],[25.04907,56.96818],[25.05045,56.96908],[25.05205,56.96984],[25.0536,56.97032],[25.05576,56.97044],[25.05809,56.97059],[25.06044,56.97073],[25.06282,56.97088],[25.065,56.97106],[25.06705,56.97131],[25.06912,56.97169],[25.07124,56.97222],[25.07334,56.97281],[25.07546,56.97343],[25.07759,56.97401],[25.07978,56.97456],[25.08178,56.97507],[25.08352,56.97562],[25.08501,56.97631],[25.0866,56.97708],[25.08816,56.97781],[25.08963,56.97861],[25.09059,56.97955],[25.09137,56.98064],[25.09213,56.98173],[25.09294,56.98285],[25.09377,56.98405],[25.09462,56.98522],[25.09542,56.98633],[25.09619,56.9874],[25.09693,56.98846],[25.09767,56.98938],[25.09801,56.99027],[25.09769,56.99129],[25.09728,56.9924],[25.09688,56.99352],[25.09656,56.99451],[25.09627,56.99529],[25.09594,56.99618],[25.09778,56.99609],[25.10669,56.99426],[25.10907,56.99324],[25.11324,56.99477],[25.1249,57.00398],[25.1186,57.00618],[25.12427,57.01084],[25.12975,57.0153],[25.13057,57.01595],[25.13141,57.01661],[25.13232,57.01731],[25.13326,57.01807],[25.1342,57.01877],[25.13509,57.01947],[25.13597,57.02018],[25.13686,57.02082],[25.13836,57.02129],[25.14064,57.02107],[25.14197,57.02097],[25.14328,57.02086],[25.14488,57.02074],[25.1465,57.02061],[25.14819,57.02046],[25.14987,57.02032],[25.1515,57.02018],[25.15291,57.02005],[25.15429,57.01993],[25.15574,57.01981],[25.15717,57.01969],[25.15863,57.0197],[25.15977,57.02046],[25.16094,57.02089],[25.16209,57.02132],[25.16412,57.02217],[25.16531,57.02261],[25.16722,57.02296],[25.16951,57.02328],[25.17168,57.02422],[25.1728,57.02474],[25.17451,57.0255],[25.17585,57.02522],[25.17736,57.02471],[25.1782,57.02552],[25.17843,57.02626],[25.17825,57.02702],[25.178,57.02784],[25.17773,57.02877],[25.17744,57.02968],[25.17718,57.03061],[25.17729,57.03141],[25.178,57.03234],[25.17863,57.03321],[25.17899,57.03413],[25.1796,57.03503],[25.18028,57.03578],[25.18129,57.03625],[25.18109,57.0378],[25.18075,57.03882],[25.18048,57.03985],[25.18037,57.04093],[25.18025,57.04188],[25.18027,57.0428],[25.1803,57.04354],[25.1805,57.04427],[25.18086,57.045],[25.18224,57.04486],[25.18449,57.0445],[25.18661,57.04432],[25.18754,57.04329],[25.18818,57.04189],[25.18894,57.04077],[25.19004,57.04001],[25.19217,57.03945],[25.19401,57.0398],[25.19571,57.04059],[25.19773,57.04073],[25.19965,57.04033],[25.20182,57.04014],[25.20312,57.04032],[25.20533,57.04093],[25.20748,57.04125],[25.20822,57.04236],[25.20891,57.04313],[25.21034,57.0437],[25.21098,57.04434],[25.21186,57.04498],[25.21342,57.04535],[25.21517,57.04548],[25.21717,57.04554],[25.21931,57.04521],[25.22061,57.04553],[25.22196,57.0458],[25.22288,57.04637],[25.22424,57.04648],[25.22609,57.04631],[25.22824,57.04634],[25.23019,57.04649],[25.23177,57.04681],[25.23347,57.04711],[25.23563,57.0475],[25.23725,57.04787],[25.23898,57.04711],[25.23959,57.04632],[25.23955,57.0453],[25.23941,57.04424],[25.23968,57.04316],[25.24069,57.04211],[25.24176,57.04125],[25.2423,57.04031],[25.24236,57.03932],[25.24342,57.0384],[25.24464,57.03751],[25.24515,57.03642],[25.24574,57.03528],[25.24618,57.03406],[25.24664,57.03283],[25.24673,57.03184],[25.24698,57.03109],[25.24895,57.03115],[25.25155,57.03118],[25.253,57.03129],[25.25468,57.03137],[25.25619,57.03151],[25.25752,57.03172],[25.2587,57.03213],[25.25986,57.03272],[25.26126,57.03318],[25.26259,57.03359],[25.26386,57.03409],[25.26508,57.0346],[25.26651,57.03557],[25.26765,57.03657],[25.26905,57.03665],[25.27061,57.0366],[25.27215,57.03647],[25.27377,57.03634],[25.27526,57.03621],[25.27671,57.03611],[25.2795,57.03598],[25.2809,57.03593],[25.28351,57.03563],[25.28483,57.03533],[25.28707,57.03544],[25.28875,57.03603],[25.2883,57.0368],[25.28655,57.03799],[25.28543,57.03894],[25.2866,57.03975],[25.28812,57.04047],[25.2878,57.04137],[25.28717,57.04279],[25.28637,57.04396],[25.28534,57.04481],[25.28495,57.04558],[25.2861,57.04624],[25.286,57.04701],[25.28483,57.04763],[25.28502,57.04848],[25.28653,57.04895],[25.28895,57.04935],[25.29127,57.04993],[25.29295,57.0504],[25.29451,57.04981],[25.29583,57.05006],[25.29665,57.05124],[25.29737,57.0522],[25.2979,57.05296],[25.29744,57.05431],[25.29692,57.05502],[25.29677,57.05655],[25.29698,57.05774],[25.29839,57.05763],[25.29992,57.05734],[25.30155,57.05696],[25.30302,57.05639],[25.30429,57.05568],[25.30559,57.05513],[25.30707,57.05441],[25.30866,57.05373],[25.31019,57.05291],[25.3117,57.05245],[25.31302,57.05192],[25.31434,57.05115],[25.31555,57.05037],[25.31689,57.04953],[25.31847,57.04892],[25.32029,57.04846],[25.32217,57.04765],[25.32346,57.04679],[25.32469,57.04599],[25.32596,57.04524],[25.32685,57.04449],[25.32718,57.04364],[25.32831,57.04282],[25.32889,57.04217],[25.3311,57.04193],[25.33279,57.04164],[25.33447,57.04135],[25.33589,57.0411],[25.33761,57.04119],[25.33955,57.0413],[25.34124,57.0414],[25.34298,57.04156],[25.34489,57.04141],[25.34689,57.04121],[25.34868,57.04101],[25.35051,57.04082],[25.35228,57.04058],[25.35419,57.04035],[25.35611,57.04011],[25.35755,57.0398],[25.35891,57.03927],[25.3601,57.03878],[25.36122,57.03833],[25.36267,57.03785],[25.36443,57.03749],[25.36603,57.03768],[25.36758,57.03851],[25.36903,57.03953],[25.37137,57.03979],[25.37279,57.03985],[25.37553,57.03952],[25.37719,57.03943],[25.37869,57.03937],[25.38027,57.03931],[25.38179,57.03908],[25.38341,57.03883],[25.38501,57.03864],[25.38733,57.03829],[25.3892,57.0384],[25.39096,57.03808],[25.39305,57.03774],[25.395,57.03754],[25.39595,57.03684],[25.39748,57.03634],[25.39932,57.03629],[25.40083,57.03633],[25.40225,57.03685],[25.404,57.037],[25.40573,57.03616],[25.40671,57.03564],[25.40782,57.03517],[25.4101,57.03434],[25.41131,57.03394],[25.41343,57.03329],[25.41483,57.03307],[25.41641,57.03295],[25.41813,57.03289],[25.41979,57.0327],[25.42122,57.03249],[25.42279,57.03236],[25.42416,57.03226],[25.42653,57.03235],[25.42885,57.03262],[25.43161,57.03277],[25.43327,57.03288],[25.43491,57.03304],[25.43648,57.03325],[25.43912,57.03313],[25.44157,57.033],[25.4428,57.03339],[25.44472,57.03428],[25.44662,57.0352],[25.44829,57.03543],[25.4498,57.03576],[25.45129,57.03611],[25.45281,57.0364],[25.45417,57.03678],[25.45544,57.03718],[25.45741,57.03804],[25.45833,57.03858],[25.46047,57.03868],[25.46252,57.03916],[25.46375,57.03956],[25.46571,57.0402],[25.46722,57.04082],[25.46953,57.04133],[25.47091,57.04127],[25.47344,57.04074],[25.47482,57.04081],[25.4769,57.04165],[25.47798,57.04239],[25.47893,57.043],[25.48161,57.04329],[25.48331,57.04331],[25.48499,57.04332],[25.48744,57.04307],[25.48861,57.04257],[25.48982,57.04188],[25.49093,57.04112],[25.4921,57.04046],[25.4934,57.03992],[25.49426,57.03919],[25.49499,57.03832],[25.49555,57.03749],[25.49628,57.03688],[25.49842,57.03613],[25.49994,57.03612],[25.50169,57.03622],[25.50317,57.03617],[25.50436,57.03571],[25.50526,57.03495],[25.50631,57.03406],[25.50744,57.03328],[25.5091,57.03298],[25.51104,57.0334],[25.51309,57.03393],[25.51507,57.03481],[25.51722,57.03496],[25.51899,57.03555],[25.51933,57.03634],[25.51978,57.03711],[25.52051,57.0379],[25.52093,57.03879],[25.5214,57.03975],[25.52199,57.04068],[25.52241,57.04153],[25.52264,57.04229],[25.5235,57.04291],[25.52479,57.04325],[25.52602,57.04362],[25.5268,57.04496],[25.52739,57.04592],[25.52793,57.04682],[25.52852,57.04759],[25.52912,57.04827],[25.5297,57.04901],[25.53034,57.04969],[25.53108,57.0503],[25.53125,57.05105],[25.53147,57.05244],[25.53198,57.05319],[25.53252,57.05394],[25.53306,57.05475],[25.53339,57.05545],[25.53299,57.05648],[25.53205,57.05713],[25.53111,57.0578],[25.5298,57.05835],[25.52852,57.0588],[25.52729,57.05926],[25.52672,57.05999],[25.52696,57.06081],[25.52734,57.06164],[25.52759,57.06243],[25.52808,57.06314],[25.52737,57.06419],[25.5268,57.06504],[25.52928,57.06552],[25.53091,57.06567],[25.53265,57.06571],[25.53428,57.06577],[25.53566,57.06606],[25.537,57.06654],[25.53835,57.06685],[25.53961,57.06733],[25.54073,57.06796],[25.5432,57.06838],[25.5445,57.06872],[25.54586,57.06901],[25.54704,57.06935],[25.54926,57.0702],[25.55051,57.07054],[25.55192,57.07059],[25.5535,57.0706],[25.55486,57.07078],[25.55601,57.07114],[25.55762,57.07137],[25.55927,57.07162],[25.56062,57.07187],[25.56195,57.07239],[25.56311,57.07287],[25.56563,57.07317],[25.56814,57.07356],[25.56945,57.07404],[25.57067,57.07458],[25.57173,57.07511],[25.57298,57.07548],[25.57488,57.07451],[25.57708,57.07376],[25.5776,57.07304],[25.57781,57.07221],[25.57856,57.07161],[25.57992,57.07112],[25.58104,57.07055],[25.58204,57.06997],[25.58256,57.06923],[25.58275,57.06846],[25.58381,57.06792],[25.58528,57.06757],[25.58626,57.06703],[25.58686,57.06629],[25.58794,57.0656],[25.58916,57.06522],[25.59159,57.06427],[25.59299,57.06365],[25.59449,57.06309],[25.59605,57.06251],[25.59719,57.06204],[25.59872,57.06166],[25.60036,57.0614],[25.60204,57.06129],[25.60325,57.06087],[25.60452,57.06027],[25.6059,57.0598],[25.60763,57.05973],[25.60907,57.05963],[25.61013,57.05837],[25.61119,57.05779],[25.61266,57.05741],[25.61432,57.057],[25.61595,57.0566],[25.61742,57.05632],[25.61876,57.05599],[25.61997,57.05557],[25.62147,57.0545],[25.62277,57.05368],[25.62399,57.05337],[25.62575,57.05286],[25.62714,57.05269],[25.62849,57.05257],[25.63028,57.05223],[25.6299,57.05092],[25.62898,57.04973],[25.62792,57.04906],[25.62681,57.04835],[25.62599,57.04754],[25.62544,57.04666],[25.62462,57.046],[25.62357,57.04543],[25.62304,57.04455],[25.62258,57.04365],[25.62219,57.0427],[25.62173,57.04182],[25.62112,57.04103],[25.62062,57.04025],[25.61997,57.03941],[25.6193,57.03858],[25.6187,57.03771],[25.61813,57.03686],[25.61742,57.036],[25.61681,57.03517],[25.61691,57.03418],[25.61724,57.03331],[25.61649,57.03268],[25.61719,57.03157],[25.61923,57.03119],[25.62151,57.03075],[25.62294,57.0305],[25.62425,57.03034],[25.62533,57.02985],[25.62656,57.02947],[25.62772,57.02886],[25.62881,57.02814],[25.62991,57.02763],[25.63113,57.02724],[25.63199,57.02666],[25.63226,57.02581],[25.63251,57.02508],[25.63331,57.0243],[25.63455,57.02362],[25.63696,57.02365],[25.63843,57.0236],[25.64083,57.02337],[25.64323,57.02289],[25.64473,57.02267],[25.64625,57.02235],[25.6476,57.02206],[25.64907,57.02112],[25.65042,57.0203],[25.65095,57.0194],[25.65081,57.01858],[25.65064,57.01772],[25.65053,57.01688],[25.65077,57.01611],[25.6508,57.01473],[25.65061,57.01391],[25.6507,57.01308],[25.65287,57.0132],[25.65564,57.01279],[25.65712,57.01258],[25.65851,57.01176],[25.66066,57.01076],[25.6618,57.0103],[25.66372,57.00923],[25.66486,57.00868],[25.6677,57.0084],[25.66951,57.00833],[25.67099,57.00826],[25.67261,57.00831],[25.67407,57.00855],[25.67519,57.00901],[25.67648,57.0092],[25.67892,57.00872],[25.68045,57.00794],[25.68151,57.00716],[25.68319,57.007],[25.68519,57.00706],[25.68688,57.00709],[25.68963,57.00669],[25.69122,57.00653],[25.69273,57.00642],[25.69417,57.00625],[25.69573,57.00606],[25.6982,57.00553],[25.69918,57.00497],[25.70038,57.00448],[25.70202,57.0043],[25.70307,57.00482],[25.70424,57.00524],[25.70576,57.00559],[25.7071,57.00599],[25.70823,57.00646],[25.70991,57.00759],[25.71137,57.00872],[25.71212,57.00978],[25.71192,57.01083],[25.71138,57.01196],[25.7113,57.01333],[25.71167,57.01406],[25.71204,57.01486],[25.71238,57.01561],[25.71303,57.01628],[25.71485,57.01562],[25.71696,57.01472],[25.71786,57.01417],[25.71894,57.01317],[25.72018,57.01284],[25.72178,57.01234],[25.72385,57.01234],[25.72539,57.01226],[25.72698,57.01219],[25.7284,57.01213],[25.73087,57.01222],[25.73211,57.01255],[25.73348,57.01275],[25.73486,57.01304],[25.73615,57.01352],[25.7372,57.01397],[25.73828,57.01446],[25.73947,57.01491],[25.74078,57.01517],[25.74201,57.01552],[25.74337,57.01581],[25.74357,57.01463],[25.74373,57.01384],[25.74433,57.01257],[25.7463,57.01162],[25.74664,57.01033],[25.74621,57.00954],[25.74627,57.00874],[25.74652,57.00797],[25.74627,57.0072],[25.7457,57.00651],[25.74486,57.00589],[25.7444,57.00457],[25.74468,57.00384],[25.7445,57.00309],[25.74471,57.00185],[25.74482,57.00104],[25.74518,56.9998],[25.74624,56.99862],[25.74706,56.99803],[25.7478,56.9974],[25.74854,56.99677],[25.74938,56.99613],[25.75105,56.99509],[25.75184,56.99444],[25.75271,56.99382],[25.75378,56.99327],[25.75483,56.99278],[25.75579,56.99219],[25.75664,56.99153],[25.75764,56.991],[25.75887,56.99045],[25.75991,56.98986],[25.76097,56.9892],[25.76195,56.98864],[25.76304,56.98818],[25.76427,56.98731],[25.76543,56.98613],[25.76625,56.98507],[25.76733,56.98447],[25.76854,56.98388],[25.76975,56.98346],[25.77108,56.98309],[25.77309,56.98251],[25.77469,56.98214],[25.7765,56.98165],[25.77805,56.98123],[25.77808,56.9801],[25.77849,56.97934],[25.78078,56.97873],[25.78195,56.97838],[25.78311,56.97801],[25.78423,56.97739],[25.78528,56.97672],[25.78628,56.97609],[25.78727,56.97551],[25.78857,56.97497],[25.78976,56.9745],[25.79107,56.97438],[25.79249,56.97436],[25.79517,56.97457],[25.79727,56.9738],[25.79968,56.97328],[25.8013,56.97328],[25.80265,56.97328],[25.80415,56.97239],[25.80516,56.97113],[25.80577,56.9704],[25.80594,56.96959],[25.80556,56.96828],[25.80693,56.96715],[25.80834,56.96614],[25.80867,56.96483],[25.8088,56.96401],[25.80891,56.96328],[25.80848,56.96209],[25.80931,56.96097],[25.81012,56.96028],[25.81091,56.95963],[25.8121,56.95867],[25.81357,56.95843],[25.8157,56.95816],[25.8171,56.95784],[25.81867,56.95764],[25.82099,56.95714],[25.82344,56.95679],[25.8248,56.9569],[25.82613,56.95693],[25.82756,56.95677],[25.82962,56.95624],[25.832,56.95684],[25.83344,56.95714],[25.83491,56.95736],[25.83626,56.95753],[25.83774,56.95739],[25.8402,56.95693],[25.8413,56.95651],[25.84281,56.95541],[25.84481,56.95483],[25.8461,56.95501],[25.84706,56.95553],[25.84804,56.95613],[25.84895,56.95673],[25.84996,56.95731],[25.85116,56.95786],[25.85366,56.95784],[25.85503,56.95734],[25.85627,56.95686],[25.85776,56.95696],[25.85891,56.95805],[25.85959,56.9587],[25.86153,56.95947],[25.86288,56.95959],[25.86431,56.95939],[25.86572,56.95923],[25.86706,56.95927],[25.86855,56.95885],[25.86922,56.95822],[25.87072,56.95699],[25.87168,56.95645],[25.87223,56.95574],[25.87352,56.95458],[25.87434,56.95401],[25.87506,56.95323],[25.8758,56.9524],[25.87655,56.95166],[25.87729,56.95087],[25.87765,56.95004],[25.87836,56.94927],[25.87939,56.94869],[25.88049,56.94806],[25.8815,56.94748],[25.882,56.9467],[25.88219,56.94589],[25.88169,56.94518],[25.88088,56.94441],[25.88021,56.94367],[25.87983,56.94207],[25.87968,56.9411],[25.87935,56.94031],[25.87806,56.93913],[25.87806,56.9384],[25.87864,56.9376],[25.88066,56.93665],[25.88175,56.93615],[25.88285,56.93566],[25.88348,56.93444],[25.88299,56.93373],[25.88266,56.93238],[25.88316,56.93113],[25.88288,56.93003],[25.88246,56.92906],[25.88328,56.92836],[25.88463,56.92826],[25.88694,56.92808],[25.88972,56.92777],[25.8911,56.92749],[25.89261,56.92711],[25.89422,56.9267],[25.89572,56.92632],[25.89713,56.92596],[25.89859,56.92573],[25.90006,56.92568],[25.90145,56.92588],[25.90258,56.9264],[25.904,56.92664],[25.90582,56.9267],[25.90748,56.92666],[25.9089,56.92683],[25.91026,56.92702],[25.91197,56.92707],[25.91383,56.9271],[25.91538,56.92704],[25.91667,56.92676],[25.9181,56.92662],[25.92056,56.92711],[25.92231,56.92805],[25.92462,56.92876],[25.92579,56.92923],[25.92718,56.9297],[25.92868,56.93008],[25.9302,56.93033],[25.93174,56.93048],[25.93327,56.93044],[25.93481,56.93046],[25.93639,56.93023],[25.93799,56.92998],[25.93977,56.92988],[25.94131,56.92973],[25.94277,56.92947],[25.9442,56.92955],[25.94552,56.9299],[25.94688,56.93],[25.94843,56.92977],[25.94994,56.92966],[25.95151,56.92969],[25.95277,56.93003],[25.95412,56.93055],[25.95532,56.93102],[25.95689,56.93144],[25.9571,56.93068],[25.95713,56.92986],[25.95716,56.92902],[25.95723,56.92821],[25.95759,56.92732],[25.9581,56.92658],[25.95888,56.92537],[25.95937,56.9246],[25.9599,56.92322],[25.96001,56.92227],[25.96009,56.92132],[25.96012,56.92042],[25.9599,56.91957],[25.95936,56.91871],[25.9587,56.91778],[25.95786,56.91703],[25.9573,56.91619],[25.95671,56.91525],[25.95618,56.91436],[25.95597,56.91351],[25.95581,56.91267],[25.95513,56.91194],[25.9542,56.91126],[25.95348,56.91044],[25.95276,56.90954],[25.95203,56.90866],[25.95143,56.90787],[25.95126,56.90703],[25.95109,56.9062],[25.95037,56.9054],[25.94959,56.90471],[25.94844,56.90411],[25.94732,56.90372],[25.94647,56.90304],[25.94589,56.9021],[25.94556,56.90115],[25.94507,56.90027],[25.94443,56.89928],[25.94384,56.89831],[25.94326,56.89741],[25.94297,56.89658],[25.94307,56.89566],[25.94331,56.89468],[25.94355,56.89367],[25.94377,56.89266],[25.94397,56.89164],[25.94416,56.8906],[25.94435,56.88951],[25.94451,56.88852],[25.94477,56.88766],[25.9455,56.88689],[25.94663,56.88628],[25.94815,56.88588],[25.94978,56.88563],[25.95115,56.88537],[25.95255,56.88429],[25.95338,56.88314],[25.95414,56.8821],[25.95477,56.88122],[25.95534,56.88048],[25.95633,56.87973],[25.95736,56.87897],[25.95832,56.87822],[25.95913,56.87761],[25.96024,56.87722],[25.96158,56.877],[25.96299,56.87649],[25.96228,56.87572],[25.96063,56.87509],[25.95912,56.87488],[25.96062,56.87504],[25.96217,56.87564],[25.96325,56.87606],[25.96256,56.87678],[25.96403,56.87589],[25.96539,56.87514],[25.96593,56.874],[25.96481,56.8731],[25.96392,56.87234],[25.96398,56.87155],[25.96311,56.87598],[25.96469,56.87569],[25.96545,56.87506],[25.96599,56.87436],[25.96553,56.87361],[25.96482,56.87297],[25.96397,56.87216],[25.96469,56.87131],[25.96473,56.87053],[25.96487,56.86967],[25.96427,56.86894],[25.96295,56.86847],[25.96162,56.8682],[25.96041,56.86784],[25.95907,56.86739],[25.95761,56.86746],[25.95631,56.86763],[25.95502,56.86778],[25.95344,56.86758],[25.95205,56.8672],[25.95063,56.86715],[25.94952,56.86661],[25.94811,56.86636],[25.9472,56.86556],[25.94588,56.86554],[25.94438,56.86572],[25.94297,56.8653],[25.94271,56.86382],[25.94255,56.86242],[25.94241,56.86163],[25.94289,56.86042],[25.94383,56.85935],[25.94389,56.85861],[25.94398,56.85716],[25.9442,56.85637],[25.94513,56.85513],[25.946,56.85378],[25.94665,56.85314],[25.94717,56.8524],[25.94864,56.85145],[25.94922,56.85018],[25.9476,56.84924],[25.94644,56.8483],[25.94459,56.84839],[25.94315,56.84826],[25.94188,56.8476],[25.94117,56.84661],[25.93992,56.84538],[25.93782,56.84517],[25.93604,56.84515],[25.93534,56.84447],[25.93624,56.84392],[25.93748,56.84342],[25.9386,56.84295],[25.9398,56.84248],[25.94032,56.84175],[25.93949,56.84028],[25.93904,56.83956],[25.94012,56.8383],[25.94033,56.83756],[25.94026,56.83683],[25.94042,56.83605],[25.94054,56.83529],[25.93964,56.83398],[25.93787,56.83375],[25.93536,56.83423],[25.93317,56.83348],[25.93052,56.83299],[25.92905,56.83269],[25.92739,56.83172],[25.92715,56.83084],[25.92736,56.82994],[25.92747,56.82902],[25.92732,56.8282],[25.92668,56.8274],[25.92591,56.82661],[25.92511,56.82578],[25.92417,56.82516],[25.92281,56.82477],[25.92138,56.82434],[25.92008,56.82402],[25.91867,56.82365],[25.91776,56.82306],[25.91701,56.82227],[25.91629,56.82166],[25.915,56.82131],[25.91353,56.82111],[25.91237,56.82068],[25.91188,56.82001],[25.91133,56.81923],[25.91104,56.81841],[25.91065,56.81751],[25.90885,56.81653],[25.90742,56.8157],[25.90649,56.81512],[25.90538,56.81449],[25.90473,56.81386],[25.90425,56.81304],[25.90361,56.81222],[25.90285,56.81149],[25.90186,56.81087],[25.9007,56.81048],[25.89931,56.81005],[25.89834,56.80948],[25.89787,56.80879],[25.8981,56.80802],[25.89781,56.80728],[25.89692,56.8066],[25.89636,56.80519],[25.89598,56.80445],[25.89483,56.80365],[25.89636,56.80314],[25.89571,56.80216],[25.89393,56.80102],[25.89296,56.80032],[25.89225,56.79916],[25.89355,56.79804],[25.89416,56.79672],[25.89454,56.7959],[25.89485,56.79508],[25.89514,56.79432],[25.89541,56.79353],[25.89573,56.79276],[25.89605,56.79198],[25.89017,56.79189],[25.8877,56.79268],[25.88577,56.79285],[25.88293,56.79252],[25.88118,56.793],[25.87973,56.79294],[25.87813,56.79305],[25.87607,56.79308],[25.87487,56.79268],[25.8731,56.7926],[25.87192,56.79175],[25.87153,56.79083],[25.86947,56.79039],[25.86729,56.78852],[25.86585,56.78525],[25.86339,56.78117],[25.86384,56.77976],[25.86105,56.77546],[25.8584,56.77409],[25.86316,56.7681],[25.86416,56.76725],[25.86606,56.76603],[25.86759,56.7646],[25.86854,56.76274],[25.86999,56.76142],[25.87079,56.76079],[25.87281,56.76004],[25.87511,56.75849],[25.87639,56.75793],[25.87867,56.75693],[25.87959,56.75563],[25.88156,56.75478],[25.88237,56.75359],[25.88384,56.75273],[25.88573,56.75204],[25.88706,56.75193],[25.8891,56.75148],[25.88808,56.75073],[25.88709,56.74989],[25.88567,56.74998],[25.88427,56.74959],[25.88366,56.74867],[25.88324,56.74796],[25.88352,56.74686],[25.88362,56.74608],[25.8829,56.74543],[25.88264,56.74449],[25.88253,56.74369],[25.88177,56.7429],[25.88108,56.7418],[25.88035,56.74097],[25.88,56.74019],[25.88032,56.73933],[25.88071,56.7385],[25.88103,56.73743],[25.88128,56.73642],[25.88136,56.73554],[25.88168,56.73475],[25.88107,56.73375],[25.88082,56.73283],[25.88095,56.73204],[25.88057,56.73126],[25.87941,56.73063],[25.87825,56.73002],[25.87729,56.72927],[25.8763,56.72846],[25.87541,56.72759],[25.87474,56.72673],[25.87417,56.72594],[25.87297,56.72491],[25.87312,56.72403],[25.87343,56.72332],[25.87421,56.72209],[25.87412,56.72078],[25.87409,56.71951],[25.87367,56.71854],[25.87441,56.71769],[25.87576,56.71692],[25.87756,56.71618],[25.87926,56.71529],[25.88018,56.71434],[25.88153,56.71375],[25.8834,56.71299],[25.88468,56.7125],[25.88557,56.71193],[25.88668,56.71127],[25.88748,56.71033],[25.88842,56.70975],[25.88977,56.7092],[25.89081,56.70858],[25.89108,56.70778],[25.89151,56.70696],[25.89178,56.70617],[25.89219,56.70516],[25.89278,56.70443],[25.89388,56.70388],[25.89549,56.70348],[25.8969,56.70318],[25.89573,56.7026],[25.89453,56.70217],[25.89438,56.70126],[25.89449,56.70021],[25.89453,56.69948],[25.8938,56.69843],[25.89382,56.69746],[25.89432,56.69672],[25.89564,56.69627],[25.89702,56.69595],[25.89847,56.69583],[25.90026,56.69573],[25.90196,56.69526],[25.9024,56.69456],[25.9032,56.69358],[25.90321,56.69272],[25.90378,56.69176],[25.90574,56.69124],[25.90729,56.6907],[25.90782,56.68973],[25.90801,56.69092],[25.90819,56.69203],[25.90849,56.69311],[25.90873,56.69415],[25.90892,56.69511],[25.909,56.69595],[25.90927,56.6972],[25.90945,56.69798],[25.91153,56.69784],[25.91319,56.69761],[25.91451,56.69776],[25.91591,56.69786],[25.9168,56.69703],[25.91817,56.69688],[25.91975,56.69669],[25.92075,56.69614],[25.92247,56.69593],[25.92417,56.69567],[25.92574,56.69526],[25.92733,56.69484],[25.92858,56.69446],[25.9301,56.69407],[25.93138,56.69389],[25.93174,56.69298],[25.93159,56.692],[25.93155,56.69091],[25.93286,56.69043],[25.93555,56.69035],[25.93696,56.69031],[25.93832,56.69025],[25.94084,56.69015],[25.94229,56.69011],[25.94376,56.69007],[25.94526,56.69001],[25.94681,56.68995],[25.94837,56.6899],[25.94996,56.68986],[25.95152,56.68981],[25.95315,56.68949],[25.95337,56.68839],[25.95616,56.68836],[25.95787,56.68838],[25.95953,56.68824],[25.96096,56.68806],[25.9629,56.68805],[25.96527,56.68878],[25.96649,56.68917],[25.96843,56.68979],[25.9699,56.6894],[25.97009,56.68836],[25.96991,56.68717],[25.96948,56.68614],[25.96917,56.68543],[25.96868,56.68449],[25.96792,56.68357],[25.96756,56.68282],[25.96672,56.68179],[25.96599,56.68054],[25.96727,56.67997],[25.96881,56.67986],[25.97052,56.67976],[25.97234,56.67962],[25.97412,56.6795],[25.97592,56.67937],[25.97774,56.67924],[25.97957,56.67912],[25.98138,56.679],[25.98285,56.6789],[25.98486,56.67877],[25.98704,56.67862],[25.98932,56.67846],[25.99114,56.67866],[25.99311,56.67916],[25.99437,56.67792],[25.99509,56.67706],[25.99588,56.67615],[25.99664,56.67528],[25.99726,56.67451],[25.99763,56.67368],[25.99763,56.6729],[25.99869,56.67245],[25.99999,56.67283],[26.00128,56.67321],[26.00265,56.67356],[26.00403,56.67388],[26.00528,56.67424],[26.00647,56.67483],[26.0079,56.67601],[26.00821,56.67686],[26.00828,56.6778],[26.00831,56.67876],[26.008,56.67967],[26.0076,56.68041],[26.00727,56.68127],[26.00712,56.68215],[26.00668,56.68284],[26.00548,56.68364],[26.00689,56.68418],[26.00893,56.68442],[26.00872,56.68523],[26.00822,56.68631],[26.00735,56.68749],[26.00654,56.68881],[26.00581,56.68997],[26.00669,56.69119],[26.00751,56.69245],[26.00841,56.69366],[26.00902,56.69431],[26.01083,56.6953],[26.01228,56.69627],[26.0142,56.69693],[26.01644,56.69745],[26.01885,56.69748],[26.02044,56.69755],[26.02146,56.69823],[26.02194,56.6994],[26.02265,56.70066],[26.02287,56.70147],[26.02316,56.70247],[26.02307,56.70354],[26.02305,56.70437],[26.02429,56.70503],[26.02539,56.70558],[26.02685,56.706],[26.02816,56.70619],[26.02959,56.70653],[26.03103,56.70648],[26.03254,56.70655],[26.03385,56.70688],[26.03538,56.7071],[26.0369,56.70723],[26.03788,56.70629],[26.03873,56.70548],[26.04057,56.70526],[26.04271,56.70526],[26.04448,56.70489],[26.04642,56.70396],[26.04819,56.70307],[26.04996,56.7024],[26.05161,56.70185],[26.05342,56.70123],[26.05468,56.70091],[26.05597,56.70063],[26.0585,56.70039],[26.06014,56.70031],[26.06118,56.70109],[26.06292,56.70139],[26.06419,56.70171],[26.0657,56.7021],[26.06748,56.70254],[26.06941,56.7031],[26.07082,56.70362],[26.0725,56.7042],[26.074,56.70478],[26.07529,56.70514],[26.07659,56.70551],[26.07839,56.70605],[26.08054,56.70625],[26.08234,56.70666],[26.08349,56.70756],[26.08534,56.70833],[26.08685,56.70918],[26.08882,56.7097],[26.09066,56.71024],[26.09216,56.71093],[26.09407,56.7115],[26.09535,56.71174],[26.09754,56.71214],[26.09929,56.71242],[26.09878,56.71388],[26.0982,56.71484],[26.09801,56.71579],[26.09826,56.71689],[26.09854,56.71802],[26.09882,56.71898],[26.0987,56.72001],[26.09868,56.72107],[26.09885,56.72206],[26.09899,56.72293],[26.10066,56.72343],[26.10206,56.72456],[26.10362,56.72563],[26.10443,56.72626],[26.10542,56.72677],[26.1077,56.72715],[26.1092,56.72752],[26.1111,56.7282],[26.11275,56.72914],[26.11387,56.73034],[26.11451,56.73158],[26.11493,56.73259],[26.11414,56.73395],[26.11296,56.73518],[26.11254,56.73625],[26.11289,56.73757],[26.11273,56.7383],[26.1125,56.73904],[26.11198,56.74027],[26.11202,56.74102],[26.11252,56.74228],[26.11381,56.7433],[26.11524,56.74434],[26.1159,56.74506],[26.1165,56.7458],[26.11753,56.74675],[26.11894,56.74584],[26.11982,56.74517],[26.12107,56.74457],[26.1228,56.74351],[26.1235,56.74285],[26.12419,56.74206],[26.1249,56.7413],[26.12533,56.74046],[26.12579,56.73959],[26.12634,56.73873],[26.12688,56.7379],[26.12838,56.73666],[26.12955,56.73608],[26.13049,56.73545],[26.13168,56.73494],[26.1329,56.7345],[26.134,56.7339],[26.13497,56.73324],[26.13614,56.73264],[26.13739,56.73201],[26.13853,56.7314],[26.13972,56.73095],[26.14147,56.73008],[26.14296,56.72884],[26.14354,56.72804],[26.14404,56.72723],[26.14489,56.72654],[26.14578,56.72584],[26.14672,56.72513],[26.14763,56.72449],[26.14926,56.72348],[26.15148,56.72294],[26.15353,56.72208],[26.15564,56.72142],[26.15697,56.72091],[26.15818,56.72047],[26.15913,56.71993],[26.15972,56.71918],[26.16005,56.71834],[26.16035,56.71755],[26.16124,56.71687],[26.16258,56.71648],[26.16417,56.71628],[26.16592,56.71606],[26.16773,56.71582],[26.16954,56.71558],[26.1714,56.71534],[26.17334,56.71512],[26.17518,56.71488],[26.17688,56.71465],[26.1786,56.71444],[26.18007,56.71425],[26.18205,56.714],[26.1836,56.71382],[26.18543,56.71361],[26.18787,56.71341],[26.18975,56.71317],[26.19856,56.71956],[26.19925,56.72035],[26.20016,56.72118],[26.20129,56.72199],[26.20243,56.72284],[26.20357,56.72369],[26.20452,56.72451],[26.20528,56.7254],[26.20607,56.72615],[26.20703,56.72669],[26.20841,56.72723],[26.20999,56.72784],[26.21159,56.72842],[26.2132,56.72904],[26.21467,56.72966],[26.21581,56.73038],[26.21666,56.73121],[26.21726,56.73217],[26.21782,56.7332],[26.21825,56.73406],[26.21901,56.7348],[26.21995,56.73549],[26.22039,56.73635],[26.22085,56.73719],[26.22126,56.73801],[26.22137,56.7389],[26.22124,56.73989],[26.2213,56.74092],[26.22142,56.742],[26.22154,56.74294],[26.22203,56.7437],[26.22273,56.74499],[26.22254,56.74588],[26.22248,56.74681],[26.22274,56.74772],[26.22299,56.7486],[26.22335,56.74953],[26.22379,56.75035],[26.22394,56.75119],[26.22431,56.75227],[26.22591,56.75262],[26.22769,56.75302],[26.22953,56.75348],[26.23126,56.7539],[26.23394,56.75454],[26.23553,56.75492],[26.23712,56.75531],[26.23871,56.7557],[26.24006,56.75603],[26.24117,56.7565],[26.24231,56.75709],[26.2434,56.75762],[26.24478,56.75804],[26.24628,56.75844],[26.24764,56.75887],[26.24896,56.75942],[26.25018,56.75996],[26.25143,56.76051],[26.25245,56.761],[26.25314,56.76163],[26.25392,56.76236],[26.25468,56.76307],[26.25542,56.76375],[26.25609,56.76453],[26.25667,56.76532],[26.25717,56.76605],[26.25773,56.76675],[26.25825,56.76752],[26.25876,56.76825],[26.25954,56.7694],[26.25944,56.77034],[26.25885,56.77099],[26.25878,56.77188],[26.25914,56.7728],[26.2603,56.7737],[26.26157,56.77447],[26.26255,56.77539],[26.26417,56.77598],[26.26557,56.77668],[26.26643,56.77744],[26.26817,56.77766],[26.26875,56.7786],[26.26985,56.77921],[26.27156,56.77973],[26.27328,56.77981],[26.27473,56.78025],[26.27647,56.78027],[26.27837,56.78021],[26.27844,56.78131],[26.27866,56.78228],[26.27982,56.78311],[26.28115,56.78405],[26.28263,56.78486],[26.2838,56.78564],[26.28524,56.78598],[26.28564,56.787],[26.28638,56.78809],[26.28754,56.78855],[26.28701,56.78972],[26.28575,56.79055],[26.28466,56.7913],[26.28375,56.7921],[26.28306,56.79295],[26.28235,56.79382],[26.28229,56.79504],[26.28267,56.79642],[26.28304,56.79778],[26.28422,56.79898],[26.28561,56.79938],[26.28681,56.79989],[26.28797,56.80034],[26.28978,56.80113],[26.29111,56.80206],[26.29283,56.8023],[26.29275,56.80341],[26.29276,56.80428],[26.29301,56.8053],[26.2933,56.80634],[26.29351,56.8072],[26.29362,56.80796],[26.29337,56.80869],[26.29278,56.80942],[26.29245,56.8102],[26.29397,56.81138],[26.29506,56.812],[26.29598,56.81261],[26.29682,56.81389],[26.29638,56.81459],[26.29634,56.81541],[26.2964,56.81634],[26.29651,56.81711],[26.29803,56.81842],[26.29855,56.81918],[26.29901,56.82],[26.29947,56.82078],[26.29996,56.82157],[26.30041,56.82233],[26.30084,56.8231],[26.30126,56.8238],[26.30211,56.82483],[26.30302,56.82578],[26.30375,56.82673],[26.30431,56.82816],[26.30447,56.82892],[26.30388,56.82966],[26.30327,56.83046],[26.303,56.83134],[26.30276,56.8322],[26.3026,56.83301],[26.30245,56.83406],[26.30494,56.83402],[26.30679,56.83391],[26.30888,56.83379],[26.31112,56.83366],[26.31334,56.83354],[26.31558,56.83341],[26.31795,56.83327],[26.32036,56.83315],[26.32287,56.83302],[26.32541,56.83289],[26.32793,56.83278],[26.33027,56.83266],[26.33246,56.83254],[26.33472,56.83243],[26.33705,56.83228],[26.33938,56.83201],[26.34174,56.83158],[26.34401,56.83103],[26.34625,56.83047],[26.34847,56.82989],[26.35067,56.82927],[26.35293,56.82866],[26.35519,56.82805],[26.35749,56.82929],[26.3606,56.83057],[26.36277,56.83136],[26.36514,56.82988],[26.36495,56.82913],[26.36357,56.82816],[26.3632,56.82684],[26.36285,56.82543],[26.36264,56.82415],[26.36268,56.82222],[26.36184,56.82119],[26.36274,56.81994],[26.36391,56.81803],[26.3653,56.81371],[26.3671,56.81106],[26.36885,56.80947],[26.37177,56.80801],[26.37389,56.80728],[26.38576,56.80618],[26.38553,56.80886],[26.38783,56.81103],[26.39066,56.8119],[26.39227,56.81182],[26.39414,56.81107],[26.40179,56.81646],[26.40375,56.81592],[26.40611,56.81523],[26.40852,56.81451],[26.41053,56.81391],[26.41233,56.81338],[26.41399,56.8129],[26.4156,56.81254],[26.41713,56.81225],[26.4186,56.81197],[26.41998,56.81171],[26.42199,56.81132],[26.42338,56.81102],[26.42259,56.80993],[26.42152,56.80928],[26.42052,56.80862],[26.41925,56.80808],[26.41759,56.80754],[26.41638,56.80711],[26.41576,56.80643],[26.41494,56.80577],[26.41361,56.80562],[26.41187,56.80501],[26.41127,56.80419],[26.41038,56.80335],[26.40945,56.80263],[26.40708,56.80228],[26.40572,56.8012],[26.40384,56.80045],[26.40209,56.80012],[26.40123,56.79939],[26.40007,56.79873],[26.39891,56.79822],[26.39761,56.79793],[26.39713,56.79699],[26.39812,56.79574],[26.39754,56.79434],[26.39671,56.79377],[26.39554,56.79325],[26.39442,56.79266],[26.39326,56.79204],[26.39198,56.7914],[26.39072,56.79073],[26.38949,56.79011],[26.38811,56.78961],[26.38648,56.78917],[26.38498,56.78875],[26.3838,56.78823],[26.38287,56.78755],[26.38216,56.78645],[26.38235,56.78513],[26.38171,56.7839],[26.38094,56.78308],[26.38017,56.78214],[26.37946,56.78125],[26.37895,56.78056],[26.37917,56.77981],[26.37965,56.7789],[26.38015,56.77794],[26.38066,56.77697],[26.38103,56.77623],[26.37877,56.77577],[26.37726,56.77557],[26.37565,56.77535],[26.37413,56.77505],[26.3726,56.77454],[26.37114,56.77399],[26.36973,56.77347],[26.36844,56.77294],[26.36762,56.77185],[26.36775,56.77111],[26.37033,56.77049],[26.37179,56.76995],[26.37323,56.76924],[26.37479,56.76848],[26.37634,56.76773],[26.37787,56.76695],[26.37947,56.76612],[26.38111,56.76526],[26.38275,56.76441],[26.3842,56.76366],[26.3856,56.76294],[26.38711,56.76214],[26.38863,56.7613],[26.38992,56.7606],[26.39086,56.76008],[26.3901,56.75933],[26.38787,56.75855],[26.3864,56.75852],[26.38473,56.75853],[26.38301,56.75848],[26.3814,56.75825],[26.37993,56.75767],[26.37841,56.75703],[26.37685,56.75632],[26.37546,56.75556],[26.37411,56.75482],[26.37277,56.75438],[26.37108,56.75428],[26.36955,56.75423],[26.36808,56.75389],[26.36649,56.75345],[26.36489,56.75287],[26.36326,56.75226],[26.36174,56.75169],[26.36013,56.75116],[26.35828,56.75079],[26.35643,56.75047],[26.35503,56.75017],[26.35363,56.74985],[26.35194,56.74938],[26.35041,56.74897],[26.34801,56.74869],[26.34652,56.74856],[26.345,56.7482],[26.34359,56.74798],[26.34193,56.74796],[26.34017,56.74771],[26.33845,56.74733],[26.337,56.74694],[26.3352,56.74646],[26.33524,56.74561],[26.33556,56.74478],[26.33587,56.74381],[26.33616,56.74292],[26.3365,56.74193],[26.34269,56.74211],[26.34634,56.74176],[26.35202,56.74121],[26.35456,56.74057],[26.36149,56.73939],[26.36953,56.73694],[26.37169,56.73464],[26.37416,56.73341],[26.37506,56.73259],[26.37684,56.73307],[26.37918,56.73345],[26.38085,56.7333],[26.38259,56.73316],[26.38443,56.73301],[26.38623,56.73288],[26.3878,56.73276],[26.38922,56.73284],[26.3909,56.73314],[26.3927,56.73347],[26.39447,56.73379],[26.3963,56.73411],[26.39802,56.73442],[26.39976,56.73474],[26.40163,56.73506],[26.40339,56.73535],[26.40495,56.73567],[26.40671,56.73578],[26.40873,56.73579],[26.41078,56.73582],[26.4126,56.73584],[26.41435,56.73597],[26.41618,56.73625],[26.41788,56.73661],[26.41927,56.73709],[26.42026,56.73783],[26.42124,56.73872],[26.42213,56.73951],[26.42324,56.74017],[26.4247,56.74071],[26.42613,56.74112],[26.4276,56.74167],[26.4289,56.74215],[26.42985,56.74281],[26.43071,56.7437],[26.4317,56.74462],[26.43279,56.74558],[26.43388,56.74645],[26.4347,56.7472],[26.43574,56.74771],[26.43728,56.74812],[26.43875,56.74841],[26.44028,56.74843],[26.44167,56.74872],[26.44306,56.74925],[26.44446,56.74964],[26.44604,56.74985],[26.44761,56.75024],[26.44894,56.75063],[26.45112,56.75138],[26.45139,56.75218],[26.45124,56.75304],[26.45129,56.75391],[26.45182,56.75478],[26.45352,56.75557],[26.45503,56.75568],[26.45647,56.75601],[26.45784,56.75663],[26.45912,56.75725],[26.46064,56.75765],[26.46233,56.75798],[26.46413,56.75837],[26.46599,56.75879],[26.46782,56.75915],[26.46942,56.75954],[26.47083,56.7597],[26.47257,56.75954],[26.47451,56.75933],[26.47664,56.75907],[26.47878,56.75883],[26.48089,56.7586],[26.4829,56.75837],[26.48463,56.75817],[26.48617,56.75797],[26.4865,56.75716],[26.48677,56.75597],[26.48681,56.75504],[26.48697,56.75395],[26.48703,56.75282],[26.48703,56.75171],[26.48707,56.75062],[26.48718,56.74956],[26.48732,56.74856],[26.48735,56.74773],[26.48759,56.74686],[26.488,56.74593],[26.48839,56.74509],[26.48876,56.74437],[26.48913,56.74357],[26.48964,56.74265],[26.49022,56.74167],[26.49078,56.74066],[26.49132,56.73973],[26.49187,56.73887],[26.49292,56.73812],[26.49415,56.73743],[26.49524,56.73681],[26.49634,56.73619],[26.49738,56.73546],[26.49827,56.73461],[26.49902,56.73375],[26.49957,56.73254],[26.49899,56.73106],[26.49852,56.73022],[26.49826,56.72942],[26.49823,56.72869],[26.49797,56.72749],[26.49819,56.72664],[26.49841,56.72574],[26.49864,56.72484],[26.49885,56.72397],[26.49895,56.72305],[26.49906,56.72208],[26.4992,56.72117],[26.49936,56.72029],[26.49948,56.71939],[26.4996,56.71854],[26.49974,56.7178],[26.49889,56.7168],[26.49771,56.71622],[26.49648,56.71559],[26.49531,56.71503],[26.49265,56.71464],[26.49114,56.71452],[26.48966,56.7144],[26.48785,56.71376],[26.48706,56.71301],[26.48621,56.71226],[26.48601,56.71152],[26.48726,56.711],[26.48852,56.71061],[26.49046,56.71091],[26.49148,56.70996],[26.49258,56.70894],[26.49362,56.708],[26.49459,56.70714],[26.49556,56.70625],[26.49652,56.70538],[26.49755,56.7049],[26.49898,56.70494],[26.50043,56.70496],[26.50188,56.70504],[26.50325,56.70505],[26.50481,56.70508],[26.50624,56.70509],[26.50805,56.70512],[26.50945,56.70513],[26.51101,56.70514],[26.5126,56.70515],[26.51539,56.70517],[26.51714,56.7052],[26.51904,56.70523],[26.52104,56.70525],[26.52298,56.70526],[26.52496,56.70529],[26.5271,56.70532],[26.52925,56.70536],[26.53147,56.70539],[26.53353,56.70541],[26.53553,56.70543],[26.53761,56.70543],[26.5397,56.70546],[26.54178,56.70548],[26.54348,56.70551],[26.54522,56.70553],[26.54716,56.70557],[26.54903,56.7056],[26.55088,56.70561],[26.55293,56.70562],[26.55483,56.70564],[26.55675,56.70567],[26.55884,56.70571],[26.56082,56.70573],[26.56287,56.70577],[26.56503,56.7058],[26.56722,56.70583],[26.56945,56.70585],[26.57166,56.70589],[26.5739,56.70592],[26.57602,56.70594],[26.57765,56.70598],[26.57923,56.70505],[26.57965,56.7042],[26.58128,56.70312],[26.58273,56.70298],[26.58421,56.70317],[26.58579,56.70323],[26.58754,56.70317],[26.58939,56.70312],[26.59094,56.70308],[26.59238,56.70293],[26.59187,56.70153],[26.59166,56.7005],[26.59166,56.69933],[26.59165,56.69812],[26.59137,56.69687],[26.59082,56.69555],[26.59022,56.6942],[26.58957,56.69275],[26.58889,56.69126],[26.58822,56.68979],[26.58756,56.68832],[26.5869,56.68685],[26.58624,56.68539],[26.5856,56.68395],[26.58499,56.68258],[26.58445,56.68136],[26.58366,56.68035],[26.58226,56.67946],[26.58069,56.6785],[26.57906,56.67752],[26.57741,56.67654],[26.57572,56.67558],[26.574,56.67461],[26.57227,56.67364],[26.57068,56.67274],[26.56912,56.67185],[26.56759,56.671],[26.56628,56.67025],[26.56531,56.66969],[26.56407,56.66897],[26.56229,56.66989],[26.56097,56.67113],[26.56034,56.67184],[26.55894,56.6729],[26.55777,56.67338],[26.55664,56.67384],[26.55557,56.67427],[26.55427,56.67463],[26.55297,56.67484],[26.55164,56.67517],[26.55029,56.67582],[26.54951,56.67646],[26.54814,56.6764],[26.54588,56.676],[26.54386,56.6756],[26.5422,56.6753],[26.54029,56.67498],[26.53817,56.67507],[26.5363,56.67516],[26.53555,56.67427],[26.53541,56.67349],[26.53529,56.6727],[26.53518,56.67198],[26.53505,56.67119],[26.53482,56.66974],[26.5347,56.66898],[26.53457,56.66825],[26.53441,56.66679],[26.53423,56.6653],[26.53412,56.6645],[26.53404,56.66375],[26.5339,56.66295],[26.53229,56.66274],[26.53086,56.66255],[26.52921,56.66221],[26.52735,56.66187],[26.52543,56.66154],[26.5235,56.66118],[26.52159,56.66083],[26.51985,56.66051],[26.51857,56.66002],[26.51733,56.65929],[26.51613,56.65852],[26.5151,56.6578],[26.51391,56.65736],[26.51215,56.6572],[26.51019,56.65703],[26.50833,56.65687],[26.50643,56.65671],[26.50443,56.6568],[26.50242,56.65699],[26.50041,56.65708],[26.49834,56.65712],[26.49659,56.65712],[26.49471,56.65688],[26.49286,56.65642],[26.49129,56.65605],[26.49015,56.6555],[26.48947,56.65462],[26.48883,56.65386],[26.48779,56.65336],[26.48646,56.65298],[26.48525,56.65264],[26.48404,56.65224],[26.48253,56.65205],[26.48076,56.65186],[26.47897,56.65166],[26.47725,56.65148],[26.47554,56.65148],[26.47387,56.65149],[26.47112,56.651],[26.46967,56.65058],[26.46822,56.65016],[26.46684,56.64977],[26.46557,56.64941],[26.46426,56.64904],[26.46302,56.64871],[26.46178,56.64845],[26.46025,56.64846],[26.45893,56.64848],[26.45729,56.6486],[26.45505,56.64877],[26.45363,56.64886],[26.45203,56.64897],[26.4503,56.64908],[26.4485,56.64918],[26.44666,56.6493],[26.44478,56.64942],[26.44289,56.64954],[26.44097,56.64966],[26.43931,56.64977],[26.43777,56.64981],[26.43603,56.64973],[26.43413,56.64965],[26.4322,56.64954],[26.43032,56.64943],[26.42856,56.64935],[26.42685,56.64938],[26.42554,56.6494],[26.42334,56.64964],[26.4221,56.64989],[26.42081,56.65014],[26.41953,56.65038],[26.41825,56.65065],[26.41602,56.65108],[26.4144,56.65084],[26.41306,56.65025],[26.41162,56.64948],[26.41011,56.64873],[26.40835,56.64809],[26.41005,56.64868],[26.41152,56.64942],[26.41278,56.65019],[26.41423,56.65076],[26.4158,56.65109],[26.41795,56.65068],[26.41931,56.65043],[26.4207,56.65015],[26.42204,56.64989],[26.42436,56.64946],[26.42672,56.64937],[26.42815,56.64934],[26.42969,56.64937],[26.43123,56.64947],[26.43287,56.64957],[26.43452,56.64965],[26.43618,56.64972],[26.43771,56.64979],[26.43917,56.64976],[26.44079,56.64965],[26.44249,56.64955],[26.44423,56.64945],[26.44597,56.64933],[26.4476,56.64923],[26.44924,56.64912],[26.45085,56.64901],[26.45223,56.64893],[26.45362,56.64884],[26.45493,56.64876],[26.45738,56.6486],[26.45944,56.64847],[26.46156,56.64843],[26.46375,56.6489],[26.46509,56.64925],[26.46639,56.64962],[26.4677,56.65001],[26.46909,56.65041],[26.47049,56.65081],[26.47194,56.65123],[26.4732,56.65146],[26.47472,56.65147],[26.47634,56.65145],[26.47802,56.65155],[26.47987,56.65176],[26.48165,56.65195],[26.48315,56.65209],[26.48527,56.65262],[26.48769,56.65332],[26.48936,56.6545],[26.49,56.65532],[26.49087,56.65592],[26.49229,56.65626],[26.49375,56.65663],[26.49526,56.65697],[26.49679,56.65711],[26.4987,56.65708],[26.5005,56.65706],[26.50221,56.65697],[26.50407,56.6568],[26.50592,56.65667],[26.50774,56.65679],[26.50967,56.65697],[26.51152,56.65712],[26.51318,56.65727],[26.5145,56.65749],[26.51552,56.65808],[26.51657,56.65883],[26.51771,56.65954],[26.51879,56.66017],[26.52022,56.66056],[26.52199,56.66088],[26.52383,56.66122],[26.52567,56.66155],[26.5275,56.66187],[26.52924,56.66218],[26.53071,56.66248],[26.5324,56.66273],[26.53426,56.66295],[26.53604,56.66318],[26.53756,56.66337],[26.53916,56.66343],[26.54091,56.6634],[26.54275,56.66345],[26.54447,56.6635],[26.54608,56.66355],[26.54764,56.66368],[26.54923,56.664],[26.55093,56.66437],[26.55264,56.66473],[26.55444,56.66501],[26.55645,56.66511],[26.55812,56.66514],[26.55961,56.6654],[26.56117,56.66566],[26.56273,56.66573],[26.56416,56.66599],[26.56597,56.66638],[26.56691,56.66574],[26.56773,56.66515],[26.56893,56.66463],[26.57022,56.6641],[26.5714,56.66361],[26.57284,56.66316],[26.57443,56.66389],[26.57697,56.66441],[26.57859,56.66459],[26.58037,56.66477],[26.58217,56.66497],[26.58386,56.66514],[26.5856,56.66534],[26.58744,56.66554],[26.58938,56.66579],[26.59132,56.66604],[26.59293,56.66624],[26.59439,56.66627],[26.59602,56.66638],[26.59772,56.66651],[26.5994,56.66667],[26.60119,56.66683],[26.60308,56.66701],[26.605,56.6672],[26.60667,56.66735],[26.60828,56.66751],[26.60997,56.66778],[26.61168,56.66832],[26.61312,56.66892],[26.61445,56.66948],[26.61554,56.66995],[26.6166,56.67039],[26.61773,56.67089],[26.61888,56.67138],[26.61995,56.67184],[26.62125,56.67223],[26.62274,56.67156],[26.62375,56.6711],[26.62482,56.67064],[26.62618,56.67007],[26.62734,56.67088],[26.62892,56.67182],[26.62953,56.67248],[26.63059,56.67386],[26.63108,56.67464],[26.63147,56.67536],[26.63178,56.67614],[26.6323,56.67685],[26.63288,56.67753],[26.63369,56.67816],[26.63461,56.67881],[26.63556,56.67945],[26.63656,56.68012],[26.63759,56.68077],[26.63991,56.68163],[26.64139,56.68202],[26.64288,56.68242],[26.64445,56.68283],[26.64586,56.68321],[26.64725,56.68358],[26.64858,56.68399],[26.64977,56.68452],[26.65075,56.68508],[26.65197,56.68548],[26.65353,56.68578],[26.6551,56.68612],[26.65646,56.68643],[26.65808,56.68664],[26.65969,56.6868],[26.66104,56.68695],[26.66243,56.68712],[26.66402,56.68707],[26.66577,56.68696],[26.6672,56.68687],[26.66869,56.68693],[26.67008,56.68714],[26.67157,56.68734],[26.67384,56.68746],[26.67549,56.68629],[26.6762,56.68558],[26.67706,56.68486],[26.67806,56.68404],[26.67913,56.68319],[26.68014,56.68237],[26.68106,56.68164],[26.68198,56.6805],[26.68173,56.67971],[26.68147,56.67891],[26.68132,56.67811],[26.68138,56.67732],[26.68155,56.67657],[26.68308,56.67688],[26.68505,56.67661],[26.68625,56.67623],[26.68885,56.67606],[26.6904,56.6759],[26.69183,56.67578],[26.69401,56.67544],[26.69399,56.67649],[26.69417,56.6778],[26.69396,56.67893],[26.69472,56.6799],[26.6958,56.68048],[26.69679,56.68113],[26.69767,56.68182],[26.69863,56.68247],[26.69956,56.68322],[26.70049,56.6839],[26.70208,56.68514],[26.7029,56.68587],[26.70368,56.68664],[26.70506,56.68759],[26.70636,56.68832],[26.70692,56.6893],[26.70833,56.69013],[26.70945,56.69064],[26.70785,56.68978],[26.70655,56.68892],[26.70594,56.68797],[26.70411,56.68702],[26.7033,56.68625],[26.70251,56.6855],[26.70164,56.6848],[26.70004,56.6836],[26.6991,56.68286],[26.69818,56.68217],[26.69721,56.6815],[26.69632,56.68084],[26.69536,56.68026],[26.69387,56.67931],[26.69434,56.67825],[26.69407,56.6775],[26.69399,56.67673],[26.69426,56.67574],[26.6941,56.67702],[26.69439,56.67828],[26.69385,56.67924],[26.69542,56.68029],[26.69647,56.6809],[26.69733,56.68154],[26.69826,56.68219],[26.69921,56.68294],[26.70016,56.68368],[26.70098,56.6843],[26.7019,56.68499],[26.70274,56.68569],[26.70355,56.68647],[26.70426,56.68715],[26.70599,56.688],[26.70665,56.68905],[26.70805,56.68993],[26.70923,56.69056],[26.70892,56.69139],[26.7067,56.69243],[26.70531,56.69309],[26.70387,56.69379],[26.70247,56.69447],[26.70109,56.69513],[26.69969,56.69581],[26.69832,56.69648],[26.69728,56.69713],[26.69662,56.69797],[26.69661,56.69894],[26.6967,56.69999],[26.69677,56.7011],[26.69684,56.70224],[26.6969,56.70334],[26.69695,56.70447],[26.69702,56.70563],[26.69707,56.7068],[26.69715,56.70798],[26.69723,56.70918],[26.6973,56.71039],[26.69736,56.71158],[26.69744,56.71268],[26.69751,56.7139],[26.6976,56.71513],[26.69768,56.71637],[26.69778,56.71762],[26.69786,56.71885],[26.69801,56.71997],[26.69821,56.72086],[26.69904,56.72153],[26.70027,56.72234],[26.70157,56.72322],[26.70291,56.7241],[26.70424,56.72501],[26.70561,56.72593],[26.70698,56.72686],[26.70834,56.72776],[26.70957,56.72859],[26.7107,56.72936],[26.71175,56.73008],[26.71273,56.73059],[26.71414,56.73082],[26.71581,56.73096],[26.71762,56.73111],[26.71945,56.73126],[26.72112,56.7314],[26.72355,56.73197],[26.72433,56.73255],[26.72481,56.73346],[26.72608,56.73376],[26.72815,56.7329],[26.72952,56.73234],[26.73091,56.73174],[26.73241,56.73128],[26.73421,56.73084],[26.73606,56.73039],[26.73796,56.72996],[26.73987,56.72949],[26.74184,56.72898],[26.74389,56.72847],[26.74594,56.72796],[26.74804,56.72745],[26.75012,56.72696],[26.75219,56.72641],[26.75424,56.72581],[26.75622,56.72524],[26.75813,56.72469],[26.75997,56.72416],[26.76163,56.72369],[26.76307,56.72329],[26.76488,56.72257],[26.76518,56.72181],[26.76549,56.72085],[26.76586,56.71979],[26.76622,56.71869],[26.76659,56.71759],[26.76691,56.71652],[26.76717,56.71566],[26.76848,56.71485],[26.76996,56.7146],[26.77168,56.71434],[26.77351,56.71406],[26.77516,56.7138],[26.77687,56.71354],[26.77882,56.71326],[26.78086,56.71298],[26.78284,56.71271],[26.78458,56.71246],[26.78616,56.71213],[26.7875,56.71166],[26.78833,56.711],[26.78916,56.71016],[26.79,56.70935],[26.79106,56.70878],[26.79239,56.70854],[26.7945,56.70871],[26.79605,56.70892],[26.79789,56.70917],[26.79978,56.70942],[26.80135,56.70964],[26.80255,56.70999],[26.80383,56.7106],[26.80532,56.71126],[26.80686,56.71194],[26.8083,56.71264],[26.80965,56.71343],[26.81095,56.71421],[26.81211,56.71497],[26.81288,56.7158],[26.81361,56.71677],[26.81436,56.71775],[26.81513,56.71864],[26.81585,56.71934],[26.8168,56.71986],[26.81813,56.7203],[26.8198,56.72067],[26.82155,56.72104],[26.82318,56.72142],[26.82481,56.72182],[26.82662,56.72223],[26.82852,56.72267],[26.83031,56.72309],[26.8318,56.72341],[26.8333,56.72346],[26.83509,56.72325],[26.837,56.72302],[26.83895,56.72275],[26.84095,56.72249],[26.8429,56.72225],[26.84476,56.72202],[26.84657,56.72194],[26.84861,56.72194],[26.8506,56.72195],[26.85236,56.722],[26.85423,56.72224],[26.85624,56.7225],[26.85817,56.72276],[26.85992,56.72311],[26.86155,56.72367],[26.86318,56.7243],[26.86465,56.72486],[26.86718,56.72518],[26.86841,56.72486],[26.86939,56.72423],[26.87031,56.72369],[26.87125,56.72258],[26.87303,56.72175],[26.87393,56.72111],[26.8752,56.72009],[26.87533,56.71878],[26.87596,56.71748],[26.87664,56.71672],[26.87723,56.71607],[26.87735,56.71533],[26.87732,56.71456],[26.87823,56.71334],[26.87933,56.71286],[26.88046,56.71239],[26.88153,56.71195],[26.88191,56.71069],[26.88072,56.70987],[26.87953,56.7088],[26.87934,56.70808],[26.87914,56.70736],[26.87993,56.70606],[26.88058,56.70526],[26.88119,56.70452],[26.88166,56.70371],[26.88204,56.70293],[26.8827,56.70172],[26.88377,56.70089],[26.88505,56.70041],[26.88637,56.70001],[26.88878,56.69946],[26.89013,56.69918],[26.89157,56.69887],[26.89284,56.69856],[26.89415,56.69812],[26.8956,56.69766],[26.89718,56.69715],[26.89878,56.69664],[26.90033,56.69605],[26.90183,56.69542],[26.90338,56.69477],[26.90495,56.6941],[26.9065,56.69344],[26.90804,56.69278],[26.90962,56.6921],[26.9112,56.69142],[26.91278,56.69074],[26.91435,56.69007],[26.91596,56.68939],[26.91755,56.6887],[26.91914,56.68803],[26.92041,56.6875],[26.92182,56.68685],[26.9222,56.68596],[26.92358,56.68575],[26.92582,56.68537],[26.92708,56.68493],[26.92842,56.68445],[26.92975,56.68396],[26.93127,56.68341],[26.93276,56.68288],[26.93421,56.68227],[26.9355,56.68161],[26.93764,56.68106],[26.94006,56.68063],[26.94147,56.68041],[26.94287,56.68026],[26.94441,56.68008],[26.94601,56.67989],[26.94767,56.67987],[26.94949,56.67984],[26.95106,56.67982],[26.95256,56.67977],[26.95421,56.6796],[26.95583,56.67929],[26.95751,56.67887],[26.95915,56.67829],[26.96085,56.67776],[26.96271,56.67735],[26.96462,56.67703],[26.96663,56.67686],[26.96876,56.67682],[26.97093,56.67676],[26.97302,56.67673],[26.97523,56.67669],[26.97749,56.67665],[26.97982,56.6766],[26.98222,56.67656],[26.98458,56.67651],[26.98697,56.67647],[26.98936,56.67637],[26.99174,56.6761],[26.9941,56.67583],[26.99653,56.67553],[26.99897,56.67524],[27.00124,56.67497],[27.00327,56.67473],[27.00506,56.67452],[27.00537,56.67375],[27.00518,56.67294],[27.00499,56.67202],[27.0048,56.67106],[27.00461,56.67002],[27.00442,56.66898],[27.00422,56.66794],[27.00402,56.66703],[27.00392,56.6662],[27.00393,56.66525],[27.004,56.6644],[27.00381,56.66368],[27.00321,56.6629],[27.00256,56.66207],[27.00182,56.66124],[27.00105,56.66041],[27.00053,56.65968],[27.00061,56.65828],[27.00182,56.65691],[27.00262,56.65616],[27.00324,56.65544],[27.00367,56.65471],[27.00342,56.65318],[27.00312,56.65221],[27.00283,56.65129],[27.00256,56.65053],[27.00191,56.64976],[27.0012,56.64893],[27.00057,56.64818],[27.00015,56.64731],[26.99988,56.64636],[26.99957,56.64543],[26.99936,56.6446],[26.99903,56.64347],[26.99994,56.64263],[27.00183,56.6418],[27.003,56.64128],[27.00414,56.64069],[27.00521,56.64002],[27.00628,56.63936],[27.00736,56.63873],[27.00849,56.63801],[27.00962,56.63732],[27.0106,56.63661],[27.01157,56.63596],[27.01263,56.63534],[27.01413,56.6344],[27.01466,56.63338],[27.01432,56.63244],[27.01498,56.63137],[27.01561,56.63061],[27.01625,56.62982],[27.01688,56.62903],[27.0175,56.62823],[27.01814,56.62741],[27.01878,56.62663],[27.01955,56.62565],[27.01986,56.6243],[27.01992,56.62339],[27.01996,56.62239],[27.01993,56.62135],[27.01982,56.6203],[27.0197,56.61923],[27.01957,56.6183],[27.01927,56.61736],[27.0189,56.61637],[27.01852,56.61536],[27.01847,56.61438],[27.01915,56.61336],[27.01997,56.61226],[27.02079,56.61118],[27.02163,56.61012],[27.02243,56.60908],[27.02316,56.60815],[27.02384,56.6073],[27.02444,56.60655],[27.02499,56.60548],[27.02664,56.60596],[27.028,56.60653],[27.02909,56.60702],[27.02904,56.60618],[27.02925,56.60539],[27.02951,56.60463],[27.02926,56.60333],[27.02875,56.60224],[27.03056,56.60115],[27.03153,56.60056],[27.03343,56.59985],[27.03505,56.59969],[27.03676,56.5995],[27.03843,56.59933],[27.04002,56.59916],[27.04148,56.59902],[27.04286,56.59885],[27.04476,56.59827],[27.04614,56.5974],[27.04779,56.59661],[27.04935,56.59587],[27.05079,56.59521],[27.05232,56.59494],[27.0556,56.59567],[27.05734,56.59546],[27.05938,56.59444],[27.06197,56.59403],[27.06468,56.59295],[27.06694,56.59242],[27.06963,56.59213],[27.07231,56.59115],[27.07532,56.59037],[27.07653,56.58965],[27.07827,56.58997],[27.07972,56.58908],[27.08081,56.58862],[27.08254,56.58769],[27.08309,56.58682],[27.08356,56.58612],[27.08541,56.58544],[27.08704,56.58528],[27.08876,56.58513],[27.0904,56.58499],[27.09174,56.58483],[27.09286,56.58445],[27.09415,56.58411],[27.0959,56.58393],[27.0977,56.58372],[27.09932,56.58354],[27.10115,56.58352],[27.10314,56.58358],[27.10519,56.58365],[27.10735,56.58369],[27.10935,56.58373],[27.11122,56.58375],[27.11295,56.58375],[27.11443,56.58384],[27.11593,56.58407],[27.1186,56.58418],[27.12006,56.5843],[27.12138,56.58439],[27.12294,56.58447],[27.12443,56.58464],[27.126,56.58478],[27.12687,56.58345],[27.12763,56.5827],[27.12839,56.58202],[27.12906,56.58139],[27.12988,56.58065],[27.13133,56.5804],[27.13257,56.58013],[27.13396,56.57985],[27.1363,56.57935],[27.13778,56.57897],[27.13917,56.57862],[27.14064,56.57833],[27.14224,56.57808],[27.14391,56.57798],[27.14568,56.57796],[27.14761,56.57793],[27.14952,56.5779],[27.15142,56.57787],[27.15328,56.57776],[27.15507,56.57761],[27.15671,56.57746],[27.15842,56.57743],[27.16034,56.57755],[27.16198,56.57766],[27.16345,56.57751],[27.16511,56.57711],[27.16689,56.5767],[27.16871,56.57626],[27.1704,56.57583],[27.17179,56.57535],[27.17303,56.57476],[27.17451,56.57426],[27.17592,56.57399],[27.17737,56.57379],[27.17906,56.57329],[27.18072,56.57193],[27.18154,56.57122],[27.18227,56.57057],[27.1837,56.57016],[27.18554,56.56998],[27.18766,56.5695],[27.18988,56.56911],[27.1918,56.56857],[27.19362,56.56781],[27.19465,56.56727],[27.19588,56.56675],[27.19727,56.56619],[27.19856,56.5657],[27.20018,56.56534],[27.20171,56.56501],[27.20335,56.56476],[27.20518,56.56458],[27.20703,56.56441],[27.20868,56.56426],[27.21029,56.56421],[27.21208,56.56422],[27.2138,56.56423],[27.21539,56.56419],[27.21688,56.56412],[27.21839,56.56403],[27.21989,56.56393],[27.22228,56.56355],[27.22349,56.56322],[27.22564,56.56258],[27.22763,56.56198],[27.22927,56.56154],[27.23112,56.56149],[27.23245,56.56169],[27.23503,56.56186],[27.23656,56.56179],[27.23799,56.56168],[27.23939,56.56146],[27.24078,56.56118],[27.24256,56.56079],[27.24168,56.56014],[27.24055,56.55959],[27.23928,56.55894],[27.23788,56.55824],[27.23659,56.55758],[27.23538,56.55695],[27.23412,56.55643],[27.23285,56.5561],[27.23159,56.55578],[27.22909,56.55522],[27.2278,56.55493],[27.22547,56.55444],[27.22349,56.55454],[27.22212,56.55408],[27.22107,56.55318],[27.21941,56.55197],[27.21859,56.55113],[27.21777,56.55031],[27.21704,56.54957],[27.2164,56.54891],[27.21571,56.54808],[27.21504,56.54724],[27.21446,56.54649],[27.21377,56.54527],[27.21314,56.54385],[27.2129,56.54311],[27.21298,56.54238],[27.21357,56.54118],[27.21436,56.54032],[27.21455,56.53943],[27.2146,56.53845],[27.21572,56.53791],[27.21656,56.53695],[27.21679,56.53593],[27.21618,56.53527],[27.21439,56.53431],[27.2136,56.53372],[27.21294,56.53304],[27.215,56.5331],[27.21658,56.53317],[27.21839,56.53327],[27.22046,56.53339],[27.22262,56.5335],[27.22489,56.53361],[27.22719,56.53373],[27.22946,56.53386],[27.23178,56.53398],[27.23389,56.53408],[27.23559,56.53411],[27.23699,56.53405],[27.237,56.53261],[27.23699,56.53185],[27.23693,56.53088],[27.23666,56.52967],[27.23654,56.52877],[27.23618,56.52763],[27.23547,56.52535],[27.23614,56.52117],[27.23351,56.51913],[27.23319,56.51811],[27.23201,56.51708],[27.23194,56.51292],[27.23313,56.5106],[27.23254,56.50923],[27.23446,56.51018],[27.24283,56.51123],[27.24915,56.51207],[27.25157,56.51257],[27.25253,56.51196],[27.25416,56.51136],[27.2562,56.51103],[27.25826,56.51071],[27.25974,56.51077],[27.2611,56.51089],[27.26266,56.51094],[27.26203,56.51012],[27.26152,56.50931],[27.26136,56.5083],[27.26154,56.50923],[27.26222,56.51023],[27.26275,56.51096],[27.26506,56.51123],[27.26722,56.5115],[27.26874,56.51142],[27.26991,56.51088],[27.27206,56.51046],[27.27347,56.51014],[27.27489,56.50985],[27.27633,56.50952],[27.27764,56.50927],[27.27908,56.50939],[27.28057,56.5096],[27.28201,56.50978],[27.28341,56.50984],[27.28482,56.50977],[27.28615,56.50986],[27.28859,56.51046],[27.29004,56.51083],[27.29158,56.51117],[27.29309,56.51146],[27.29457,56.51149],[27.29614,56.51149],[27.29765,56.51159],[27.29893,56.51186],[27.30093,56.51263],[27.30229,56.51287],[27.30363,56.51312],[27.30511,56.51338],[27.30615,56.51275],[27.30742,56.51179],[27.30853,56.51076],[27.30969,56.50996],[27.31088,56.50933],[27.31272,56.50863],[27.31459,56.508],[27.31662,56.5076],[27.318,56.50761],[27.31824,56.50629],[27.31932,56.50511],[27.32059,56.50399],[27.32163,56.50294],[27.32278,56.50208],[27.32429,56.50128],[27.32602,56.50073],[27.32742,56.50028],[27.3294,56.49983],[27.33111,56.49937],[27.33319,56.49937],[27.33328,56.49839],[27.3345,56.49809],[27.33532,56.49749],[27.33536,56.49639],[27.33524,56.49525],[27.33545,56.49396],[27.33529,56.49274],[27.33515,56.49147],[27.33514,56.49065],[27.33681,56.49059],[27.33883,56.49065],[27.34076,56.49067],[27.3415,56.48986],[27.34185,56.48888],[27.34191,56.48784],[27.34229,56.48665],[27.34265,56.48541],[27.34409,56.48458],[27.34611,56.4847],[27.34745,56.48431],[27.34661,56.48345],[27.34512,56.48263],[27.34382,56.48183],[27.34362,56.48082],[27.34424,56.4797],[27.34423,56.47855],[27.34475,56.47739],[27.34444,56.47606],[27.34408,56.47486],[27.34398,56.47348],[27.34466,56.47223],[27.34475,56.47099],[27.34476,56.46974],[27.34497,56.46861],[27.34618,56.46751],[27.34664,56.46678],[27.34714,56.46565],[27.34825,56.46462],[27.3483,56.46387],[27.34826,56.4629],[27.34825,56.46218],[27.34833,56.46079],[27.34842,56.45934],[27.34821,56.45862],[27.34804,56.45748],[27.34746,56.4565],[27.34718,56.4555],[27.34731,56.45469],[27.3472,56.45381],[27.34706,56.45281],[27.34704,56.45192],[27.34841,56.45127],[27.34833,56.45049],[27.34749,56.4499],[27.3461,56.44923],[27.34488,56.44871],[27.34467,56.44782],[27.34418,56.44672],[27.34306,56.44569],[27.34219,56.44507],[27.34155,56.44443],[27.34119,56.4437],[27.34087,56.443],[27.33982,56.44244],[27.33891,56.4418],[27.33838,56.44103],[27.33759,56.44036],[27.33715,56.43956],[27.33738,56.4388],[27.33765,56.43778],[27.33716,56.43708],[27.33671,56.43633],[27.33554,56.43554],[27.33387,56.43552],[27.33204,56.4359],[27.33059,56.43639],[27.32953,56.43727],[27.32878,56.43794],[27.32778,56.43868],[27.32721,56.43948],[27.32651,56.43881],[27.32551,56.43827],[27.32422,56.43776],[27.32373,56.43699],[27.32387,56.43611],[27.3242,56.43506],[27.32386,56.43408],[27.32401,56.43319],[27.32482,56.4325],[27.32522,56.43137],[27.3256,56.43019],[27.32534,56.42909],[27.32508,56.42808],[27.32563,56.42712],[27.32642,56.42636],[27.32565,56.4255],[27.32631,56.42461],[27.3277,56.42376],[27.32968,56.42319],[27.33196,56.42378],[27.33443,56.42403],[27.33517,56.42339],[27.33453,56.42227],[27.33362,56.42129],[27.33453,56.42029],[27.33509,56.41921],[27.33612,56.41836],[27.33608,56.41716],[27.33723,56.41591],[27.33825,56.41545],[27.3403,56.41481],[27.34228,56.4143],[27.34307,56.41352],[27.34309,56.41229],[27.3435,56.41158],[27.34388,56.41085],[27.34552,56.40992],[27.34651,56.40935],[27.34816,56.40849],[27.34959,56.4076],[27.35067,56.40659],[27.35278,56.40589],[27.35469,56.40486],[27.35617,56.40391],[27.35723,56.40318],[27.35842,56.40352],[27.36045,56.40308],[27.36152,56.40265],[27.36329,56.40235],[27.36455,56.40255],[27.36696,56.40247],[27.36925,56.40201],[27.37156,56.40153],[27.37285,56.40122],[27.37477,56.40119],[27.37731,56.40175],[27.37851,56.40204],[27.38122,56.40163],[27.38276,56.40133],[27.38402,56.40107],[27.38589,56.40074],[27.38604,56.4],[27.3857,56.39877],[27.38459,56.39752],[27.38401,56.39618],[27.38353,56.39493],[27.38175,56.39422],[27.37926,56.39405],[27.3769,56.39355],[27.37438,56.39305],[27.3729,56.39208],[27.37096,56.3914],[27.36975,56.39113],[27.36755,56.39046],[27.36513,56.39033],[27.36375,56.39045],[27.36143,56.39049],[27.35901,56.39031],[27.35778,56.38978],[27.35745,56.38862],[27.35791,56.38729],[27.3584,56.38605],[27.35827,56.38496],[27.35732,56.3841],[27.35777,56.38317],[27.35922,56.38281],[27.36083,56.38241],[27.36202,56.38211],[27.36297,56.38159],[27.36386,56.38101],[27.36503,56.3806],[27.36627,56.38034],[27.36739,56.37975],[27.36856,56.37916],[27.37063,56.37859],[27.37155,56.37808],[27.3726,56.37753],[27.37352,56.37699],[27.37442,56.37642],[27.37548,56.37593],[27.37687,56.37527],[27.3778,56.37444],[27.37973,56.37349],[27.38073,56.37298],[27.38208,56.3738],[27.38293,56.37439],[27.38394,56.37506],[27.38479,56.37564],[27.38563,56.3762],[27.38712,56.37718],[27.38766,56.37842],[27.38745,56.37916],[27.38835,56.38049],[27.38923,56.38108],[27.39024,56.38161],[27.39158,56.38188],[27.39307,56.38188],[27.4012,56.38227],[27.40245,56.38254],[27.4036,56.38296],[27.40484,56.38341],[27.40622,56.38377],[27.4075,56.38411],[27.4088,56.38414],[27.40996,56.38375],[27.41246,56.38323],[27.41378,56.38305],[27.41521,56.38283],[27.41553,56.38185],[27.4159,56.38064],[27.41782,56.37993],[27.41902,56.3796],[27.42159,56.37948],[27.42306,56.37954],[27.42442,56.3799],[27.4256,56.38027],[27.42744,56.38074],[27.42893,56.38079],[27.43051,56.38081],[27.43211,56.38052],[27.4337,56.38005],[27.43521,56.37962],[27.43657,56.37922],[27.43764,56.37879],[27.43795,56.37804],[27.43793,56.37714],[27.43785,56.37622],[27.4378,56.37529],[27.43754,56.37451],[27.43767,56.37333],[27.43798,56.37223],[27.437,56.37168],[27.43562,56.37078],[27.43432,56.37007],[27.43359,56.36906],[27.43434,56.36773],[27.43451,56.36701],[27.43443,56.36629],[27.43461,56.36556],[27.43465,56.36478],[27.43444,56.36365],[27.43543,56.36271],[27.43676,56.36217],[27.43844,56.36205],[27.43951,56.36127],[27.4418,56.3614],[27.44491,56.36156],[27.44668,56.36148],[27.44844,56.36128],[27.44952,56.36176],[27.45015,56.36258],[27.45129,56.36376],[27.45246,56.36409],[27.45364,56.36448],[27.45457,56.36501],[27.45537,56.36571],[27.4568,56.36555],[27.45817,56.36539],[27.45951,56.3652],[27.46084,56.36511],[27.46364,56.36539],[27.46537,56.36568],[27.46735,56.36602],[27.4694,56.36637],[27.47115,56.3665],[27.47283,56.36607],[27.47436,56.36546],[27.476,56.36484],[27.47738,56.36401],[27.4786,56.363],[27.47976,56.3621],[27.4809,56.36133],[27.48236,56.36044],[27.48392,56.35948],[27.48551,56.35855],[27.48704,56.35762],[27.48834,56.35681],[27.48961,56.35612],[27.49146,56.35577],[27.49353,56.35562],[27.49561,56.35544],[27.4977,56.35518],[27.49972,56.35483],[27.50145,56.35416],[27.50298,56.35328],[27.50447,56.35234],[27.50582,56.35137],[27.50719,56.3504],[27.50857,56.34944],[27.50977,56.34846],[27.51044,56.34733],[27.51089,56.34609],[27.5113,56.34484],[27.51157,56.34359],[27.51181,56.34226],[27.51087,56.34038],[27.50968,56.33948],[27.50815,56.33864],[27.50725,56.33785],[27.50735,56.33703],[27.50805,56.33571],[27.50838,56.33459],[27.50875,56.33363],[27.50985,56.33315],[27.51143,56.33248],[27.51231,56.33194],[27.51382,56.33151],[27.51504,56.33093],[27.51579,56.33015],[27.51664,56.32874],[27.51649,56.32788],[27.51601,56.32715],[27.51529,56.32587],[27.51486,56.32473],[27.51381,56.32428],[27.51264,56.32331],[27.51263,56.32215],[27.51285,56.32143],[27.51326,56.3207],[27.51348,56.31991],[27.51365,56.31908],[27.51378,56.31827],[27.514,56.31737],[27.51419,56.31659],[27.51467,56.31558],[27.51511,56.31467],[27.51466,56.31382],[27.5143,56.31299],[27.51421,56.31205],[27.51425,56.31107],[27.51431,56.31007],[27.51432,56.30902],[27.514,56.30789],[27.51348,56.30679],[27.51296,56.30569],[27.51257,56.30488],[27.51192,56.30363],[27.51126,56.30265],[27.51037,56.30162],[27.50941,56.30067],[27.50838,56.29969],[27.50743,56.29866],[27.50661,56.2976],[27.50593,56.29656],[27.50531,56.29548],[27.50477,56.29439],[27.50422,56.29335],[27.50371,56.29233],[27.50315,56.29126],[27.50251,56.2902],[27.50171,56.28914],[27.50076,56.28811],[27.49962,56.28713],[27.49832,56.28621],[27.49685,56.28534],[27.49542,56.2846],[27.49401,56.28387],[27.49258,56.28314],[27.49115,56.28246],[27.48934,56.28204],[27.48744,56.28169],[27.4856,56.28133],[27.4837,56.28106],[27.48164,56.2809],[27.47961,56.28097],[27.47778,56.28127],[27.47607,56.28171],[27.4742,56.2822],[27.47231,56.28271],[27.47057,56.28312],[27.46868,56.28322],[27.4666,56.28321],[27.46447,56.28316],[27.46239,56.28313],[27.46049,56.2834],[27.45864,56.28394],[27.4571,56.28463],[27.45562,56.28535],[27.45402,56.28579],[27.45271,56.28655],[27.45134,56.28723],[27.45031,56.28772],[27.44879,56.28846],[27.44724,56.28903],[27.44537,56.28961],[27.44418,56.29005],[27.44281,56.2904],[27.4414,56.29076],[27.43988,56.29125],[27.43838,56.29172],[27.43696,56.29204],[27.43492,56.29196],[27.43215,56.29162],[27.43054,56.29151],[27.42907,56.29112],[27.42837,56.29045],[27.42791,56.28968],[27.42628,56.28899],[27.42449,56.28824],[27.42378,56.28733],[27.42278,56.28644],[27.42172,56.28575],[27.42098,56.28505],[27.41992,56.28416],[27.41882,56.28322],[27.41802,56.28257],[27.41712,56.28195],[27.41633,56.28137],[27.41608,56.2806],[27.41594,56.27975],[27.41617,56.27846],[27.41634,56.27765],[27.41596,56.27637],[27.41405,56.27545],[27.41322,56.27474],[27.41204,56.27418],[27.41062,56.27372],[27.40935,56.27331],[27.40776,56.27307],[27.40622,56.27291],[27.40484,56.27258],[27.40365,56.27217],[27.40278,56.27154],[27.40196,56.27077],[27.40145,56.27],[27.40044,56.26932],[27.39911,56.26867],[27.3978,56.26821],[27.39626,56.2681],[27.39489,56.26787],[27.39336,56.26703],[27.39139,56.26777],[27.39012,56.26833],[27.38877,56.26877],[27.3872,56.26882],[27.38534,56.26877],[27.38352,56.2687],[27.38168,56.26866],[27.37968,56.26868],[27.37776,56.26858],[27.3761,56.26847],[27.37471,56.26827],[27.37333,56.26799],[27.37165,56.26794],[27.37029,56.26804],[27.36896,56.26855],[27.36758,56.26911],[27.36636,56.26979],[27.36545,56.27061],[27.36475,56.27161],[27.36403,56.27269],[27.36317,56.27368],[27.36189,56.27437],[27.36023,56.27493],[27.35868,56.2754],[27.3574,56.27606],[27.35654,56.27694],[27.35593,56.27779],[27.35487,56.27837],[27.35342,56.2787],[27.35169,56.27911],[27.35064,56.27836],[27.34931,56.27729],[27.34935,56.27648],[27.34954,56.27568],[27.34964,56.2748],[27.34983,56.27389],[27.34997,56.27308],[27.34913,56.27159],[27.34832,56.27076],[27.34774,56.27002],[27.34723,56.26899],[27.34777,56.27001],[27.34895,56.27133],[27.34958,56.27211],[27.34998,56.2728],[27.34987,56.2736],[27.34971,56.27446],[27.34956,56.27533],[27.34945,56.27617],[27.34931,56.27693],[27.34954,56.2778],[27.34929,56.27696],[27.34943,56.27616],[27.34954,56.2753],[27.34971,56.27435],[27.34988,56.27348],[27.3495,56.27205],[27.34871,56.27115],[27.34796,56.27037],[27.34747,56.26963],[27.34663,56.26854],[27.3447,56.26786],[27.34286,56.267],[27.34156,56.26663],[27.33976,56.26573],[27.33866,56.26492],[27.33811,56.26359],[27.33764,56.26291],[27.33645,56.26186],[27.33548,56.26084],[27.33495,56.25997],[27.33443,56.25909],[27.33412,56.25836],[27.33392,56.25752],[27.33363,56.25671],[27.33326,56.25594],[27.33299,56.25517],[27.33229,56.25456],[27.33152,56.2539],[27.33051,56.25336],[27.32987,56.2525],[27.32918,56.25172],[27.32838,56.2511],[27.32715,56.2507],[27.32605,56.25011],[27.32486,56.24958],[27.32379,56.24897],[27.32291,56.24834],[27.32198,56.24761],[27.32116,56.247],[27.32038,56.24635],[27.3195,56.24536],[27.31987,56.24426],[27.31921,56.24308],[27.31894,56.24169],[27.31881,56.24096],[27.31778,56.23972],[27.317,56.23914],[27.31633,56.23849],[27.31544,56.23793],[27.31414,56.23749],[27.31299,56.23704],[27.3113,56.23624],[27.30906,56.23584],[27.30674,56.23577],[27.30476,56.23488],[27.30383,56.23435],[27.30215,56.23357],[27.30025,56.23313],[27.2978,56.23325],[27.29574,56.23397],[27.29455,56.23444],[27.29349,56.23501],[27.29232,56.23547],[27.29033,56.23636],[27.28793,56.23626],[27.28684,56.23586],[27.28552,56.23555],[27.28417,56.23521],[27.2818,56.23509],[27.28052,56.23537],[27.27913,56.23577],[27.27794,56.23607],[27.27543,56.23623],[27.27382,56.23626],[27.27211,56.23618],[27.27039,56.23605],[27.26862,56.23577],[27.26697,56.23548],[27.26519,56.23528],[27.26344,56.2351],[27.26183,56.23499],[27.26023,56.23491],[27.25845,56.23485],[27.25672,56.23478],[27.25531,56.23474],[27.25358,56.23472],[27.2519,56.23464],[27.25048,56.23455],[27.24919,56.23476],[27.24727,56.2348],[27.24588,56.23483],[27.24417,56.23494],[27.24215,56.2352],[27.23953,56.23516],[27.23806,56.23507],[27.23659,56.23497],[27.23524,56.23489],[27.23311,56.23495],[27.23155,56.23505],[27.23001,56.2351],[27.22831,56.2356],[27.22726,56.23604],[27.22609,56.23653],[27.22477,56.23709],[27.22309,56.23783],[27.22191,56.23833],[27.22082,56.23892],[27.21977,56.23951],[27.21835,56.23989],[27.21712,56.24038],[27.21603,56.24086],[27.21512,56.24139],[27.21484,56.24217],[27.21527,56.24307],[27.21575,56.244],[27.21624,56.24493],[27.21669,56.24589],[27.21684,56.24695],[27.21668,56.24802],[27.21643,56.24908],[27.21622,56.24987],[27.21481,56.25071],[27.21352,56.25123],[27.2116,56.25194],[27.21053,56.25237],[27.20921,56.25287],[27.20772,56.25346],[27.20619,56.25407],[27.20475,56.25464],[27.20314,56.25525],[27.20154,56.25587],[27.20019,56.25638],[27.1989,56.25679],[27.19743,56.25682],[27.1958,56.25648],[27.19439,56.25615],[27.19317,56.25587],[27.1917,56.2556],[27.19016,56.25527],[27.18893,56.25501],[27.18764,56.25484],[27.18629,56.2548],[27.18472,56.2548],[27.18304,56.25484],[27.18111,56.25491],[27.17912,56.25496],[27.17726,56.25497],[27.17549,56.25501],[27.17378,56.2551],[27.17192,56.25513],[27.17018,56.25515],[27.16842,56.2552],[27.16661,56.25523],[27.16471,56.25526],[27.16288,56.25532],[27.16115,56.25569],[27.15955,56.25611],[27.15828,56.25671],[27.15721,56.2575],[27.15631,56.25819],[27.15521,56.25858],[27.15307,56.25789],[27.1519,56.25728],[27.15079,56.25662],[27.14972,56.25597],[27.14889,56.25534],[27.14781,56.25435],[27.14596,56.25539],[27.14515,56.25615],[27.1426,56.25647],[27.14109,56.25643],[27.13875,56.25656],[27.13789,56.25743],[27.13663,56.25828],[27.13453,56.25877],[27.13286,56.25889],[27.1312,56.25899],[27.12949,56.25906],[27.1277,56.25916],[27.12591,56.25926],[27.12425,56.25934],[27.12262,56.25945],[27.12118,56.25948],[27.11962,56.25956],[27.11821,56.25965],[27.11694,56.25991],[27.11562,56.26045],[27.11614,56.25949],[27.11683,56.25888],[27.11703,56.2581],[27.11694,56.25735],[27.11626,56.25664],[27.11535,56.25602],[27.11443,56.25542],[27.1142,56.25415],[27.11453,56.25343],[27.11584,56.2536],[27.11733,56.25289],[27.11757,56.25177],[27.11835,56.25029],[27.11893,56.24955],[27.11922,56.2488],[27.11892,56.24797],[27.11804,56.24721],[27.11691,56.24643],[27.11572,56.24582],[27.11484,56.24525],[27.1146,56.24448],[27.11457,56.24348],[27.1146,56.24239],[27.11463,56.24131],[27.11464,56.2403],[27.1145,56.23954],[27.11364,56.23889],[27.11249,56.23813],[27.11125,56.23745],[27.10981,56.2368],[27.10851,56.2362],[27.10615,56.23559],[27.10452,56.23537],[27.10272,56.23514],[27.10085,56.23491],[27.09915,56.23469],[27.09753,56.23437],[27.09612,56.23407],[27.09415,56.23379],[27.09196,56.23406],[27.09048,56.23394],[27.08887,56.23384],[27.08743,56.23373],[27.08597,56.23341],[27.08504,56.2329],[27.08428,56.23222],[27.08336,56.23157],[27.08281,56.23081],[27.08254,56.22979],[27.08237,56.22888],[27.08241,56.22803],[27.08271,56.22708],[27.08305,56.22603],[27.08339,56.22498],[27.08372,56.22401],[27.08388,56.22313],[27.08363,56.22229],[27.08301,56.22119],[27.0803,56.22117],[27.07836,56.22116],[27.0776,56.22034],[27.07575,56.21981],[27.07316,56.21953],[27.07179,56.21937],[27.06977,56.21908],[27.06828,56.21897],[27.06647,56.219],[27.06431,56.21922],[27.06251,56.21897],[27.06055,56.21886],[27.05847,56.21883],[27.05628,56.21866],[27.05453,56.21849],[27.05247,56.21883],[27.05096,56.21881],[27.04955,56.2185],[27.04701,56.21887],[27.0435,56.22034],[27.041,56.22259],[27.03823,56.2231],[27.03654,56.22344],[27.03467,56.22313],[27.03253,56.22304],[27.03104,56.22262],[27.02869,56.22264],[27.02735,56.22305],[27.02673,56.2238],[27.02611,56.22445],[27.02434,56.22399],[27.02301,56.22343],[27.02152,56.22285],[27.02007,56.22229],[27.01866,56.22174],[27.01717,56.22115],[27.01563,56.22055],[27.01413,56.21995],[27.0128,56.21942],[27.01159,56.21893],[27.01163,56.21781],[27.01267,56.21679],[27.01313,56.2157],[27.01313,56.2145],[27.0135,56.21334],[27.01252,56.21228],[27.01148,56.21116],[27.01042,56.21052],[27.00841,56.20992],[27.00673,56.20903],[27.00567,56.20799],[27.00461,56.20703],[27.00295,56.206],[27.00171,56.20488],[27.00195,56.20405],[27.00176,56.20324],[27.00076,56.2026],[26.99912,56.20221],[26.99727,56.2016],[26.99551,56.20107],[26.99373,56.20023],[26.99273,56.19955],[26.99175,56.19877],[26.99079,56.19794],[26.98974,56.1971],[26.98866,56.19632],[26.9875,56.19555],[26.98629,56.19474],[26.98502,56.19391],[26.98379,56.1931],[26.98256,56.19244],[26.981,56.19192],[26.97922,56.19153],[26.97739,56.19119],[26.97576,56.19076],[26.97431,56.19013],[26.97299,56.18934],[26.97189,56.18864],[26.97085,56.18795],[26.96985,56.1873],[26.96881,56.18659],[26.9704,56.18594],[26.9714,56.18457],[26.97157,56.18363],[26.97171,56.18262],[26.97175,56.18176],[26.97102,56.18113],[26.9709,56.17973],[26.97154,56.17882],[26.97224,56.17794],[26.97296,56.17702],[26.97368,56.17609],[26.97438,56.17515],[26.97509,56.17423],[26.97577,56.17334],[26.97638,56.17252],[26.97699,56.17172],[26.97766,56.1708],[26.97841,56.16985],[26.97913,56.16886],[26.97976,56.16798],[26.98052,56.16717],[26.98033,56.16607],[26.98065,56.16532],[26.98094,56.1646],[26.98114,56.16371],[26.98133,56.16288],[26.98174,56.162],[26.98223,56.16117],[26.98363,56.15993],[26.98465,56.15867],[26.98566,56.15809],[26.98635,56.15746],[26.98716,56.15677],[26.98778,56.15602],[26.98801,56.15478],[26.98764,56.15401],[26.98726,56.1533],[26.98686,56.15246],[26.98651,56.15157],[26.98612,56.15066],[26.98579,56.14959],[26.98712,56.14873],[26.98819,56.14807],[26.98933,56.14734],[26.99059,56.14655],[26.99177,56.14568],[26.99269,56.14483],[26.99354,56.14402],[26.99437,56.1432],[26.99522,56.14235],[26.99609,56.14151],[26.99698,56.14066],[26.99784,56.1398],[26.99873,56.13894],[26.99964,56.13807],[27.00039,56.13731],[27.00106,56.13669],[27.00207,56.13573],[27.00313,56.13465],[27.0037,56.13393],[27.00514,56.1329],[27.00642,56.13192],[27.00733,56.13086],[27.00817,56.12982],[27.00908,56.12905],[27.01196,56.12569],[27.01306,56.12529],[27.01192,56.12595],[27.01108,56.12662],[27.01025,56.12759],[27.00934,56.12865],[27.00977,56.1295],[27.01188,56.13005],[27.01317,56.13009],[27.01466,56.13001],[27.01629,56.12984],[27.01794,56.12967],[27.01964,56.12951],[27.02137,56.12933],[27.02314,56.12917],[27.02491,56.12898],[27.02676,56.12878],[27.02871,56.12856],[27.03071,56.12837],[27.03268,56.12817],[27.0346,56.12797],[27.0362,56.1278],[27.0385,56.12759],[27.03977,56.12733],[27.04125,56.12676],[27.043,56.12607],[27.04359,56.12478],[27.04504,56.12383],[27.04561,56.12305],[27.04707,56.12286],[27.0474,56.12191],[27.0481,56.12107],[27.04852,56.12023],[27.04878,56.11935],[27.0481,56.11829],[27.04859,56.11744],[27.04935,56.11659],[27.04963,56.11567],[27.04941,56.11488],[27.04863,56.11392],[27.048,56.11316],[27.04733,56.11226],[27.04696,56.11143],[27.04667,56.1107],[27.04622,56.10993],[27.04464,56.10952],[27.04643,56.10849],[27.04768,56.10789],[27.04889,56.10731],[27.0499,56.10685],[27.05089,56.10632],[27.0522,56.10566],[27.05359,56.10499],[27.05458,56.1045],[27.05568,56.10396],[27.05753,56.10328],[27.05943,56.1028],[27.06079,56.10202],[27.06209,56.10159],[27.06367,56.10194],[27.06509,56.10246],[27.06683,56.10312],[27.06881,56.10343],[27.07119,56.10358],[27.07332,56.10357],[27.07488,56.10384],[27.07666,56.10379],[27.0782,56.10322],[27.08021,56.10317],[27.08202,56.1035],[27.08376,56.10355],[27.08585,56.1039],[27.0874,56.10418],[27.08945,56.10379],[27.09147,56.10337],[27.09263,56.10271],[27.0943,56.1023],[27.09581,56.10216],[27.09748,56.10242],[27.09937,56.10242],[27.10082,56.10243],[27.10259,56.10181],[27.10339,56.10105],[27.10465,56.10135],[27.10606,56.10198],[27.10722,56.10237],[27.10914,56.10242],[27.11135,56.10178],[27.11198,56.10049],[27.11447,56.09934],[27.11892,56.09908],[27.12143,56.09729],[27.11895,56.09417],[27.11888,56.09343],[27.11849,56.0926],[27.1182,56.09128],[27.11822,56.09028],[27.1193,56.08905],[27.12039,56.08849],[27.12069,56.08694],[27.11982,56.08599],[27.11977,56.08503],[27.11975,56.08416],[27.11878,56.08333],[27.11987,56.08409],[27.12178,56.08544],[27.12276,56.08619],[27.12384,56.08767],[27.12527,56.08821],[27.12595,56.08902],[27.12753,56.08954],[27.12956,56.0896],[27.13164,56.08915],[27.13377,56.08898],[27.13553,56.08797],[27.13644,56.08743],[27.13801,56.08702],[27.13981,56.08663],[27.14166,56.08621],[27.14357,56.08643],[27.1449,56.08654],[27.14601,56.08549],[27.14755,56.08482],[27.14881,56.08449],[27.1511,56.0842],[27.15241,56.0842],[27.15381,56.08434],[27.1559,56.08393],[27.15655,56.08308],[27.15642,56.08218],[27.15567,56.08104],[27.15613,56.08005],[27.15655,56.07897],[27.1576,56.07779],[27.15849,56.07652],[27.15921,56.07544],[27.15808,56.07432],[27.15752,56.07301],[27.15693,56.07181],[27.15655,56.07111],[27.15724,56.06991],[27.15855,56.06895],[27.15948,56.06823],[27.15967,56.06688],[27.16045,56.06545],[27.16065,56.06472],[27.16155,56.0642],[27.16279,56.06379],[27.16399,56.06318],[27.16538,56.06315],[27.16698,56.0631],[27.16849,56.06303],[27.17005,56.06297],[27.17174,56.06289],[27.17315,56.06276],[27.17439,56.06238],[27.17568,56.06173],[27.17705,56.06101],[27.17844,56.06029],[27.17995,56.05958],[27.18151,56.05891],[27.18307,56.05826],[27.18464,56.0576],[27.18621,56.05693],[27.18764,56.05631],[27.18906,56.05577],[27.19066,56.0554],[27.19233,56.05512],[27.19378,56.05481],[27.19546,56.05469],[27.19739,56.05474],[27.19906,56.05481],[27.20023,56.05517],[27.20132,56.05556],[27.20277,56.05554],[27.20456,56.0554],[27.20615,56.05513],[27.20767,56.05459],[27.20921,56.05403],[27.21153,56.05371],[27.21277,56.05306],[27.2128,56.05225],[27.21286,56.05137],[27.2131,56.05056],[27.21462,56.05009],[27.21614,56.04943],[27.21823,56.04928],[27.21932,56.04868],[27.22171,56.04645],[27.22202,56.04494],[27.22138,56.04381],[27.21873,56.04269],[27.21568,56.04173],[27.2136,56.03904],[27.21286,56.03804],[27.21253,56.03728],[27.21227,56.0365],[27.21289,56.03566],[27.21491,56.03511],[27.2162,56.03494],[27.21767,56.03475],[27.21913,56.03453],[27.22081,56.03431],[27.22263,56.03413],[27.22446,56.03412],[27.2262,56.03395],[27.22804,56.034],[27.22976,56.03423],[27.23133,56.03478],[27.23312,56.03517],[27.23504,56.03545],[27.23686,56.03591],[27.23873,56.03637],[27.24021,56.03672],[27.24211,56.03701],[27.24444,56.03731],[27.24576,56.03758],[27.24786,56.03829],[27.24944,56.0393],[27.25089,56.0388],[27.25296,56.03851],[27.25443,56.03862],[27.25578,56.03883],[27.25869,56.03987],[27.26504,56.04079],[27.26688,56.04354],[27.269,56.04417],[27.27018,56.04332],[27.27449,56.0414],[27.2758,56.04061],[27.27768,56.03902],[27.28,56.03656],[27.28194,56.03737],[27.28348,56.03799],[27.28496,56.03858],[27.28653,56.03923],[27.28809,56.03993],[27.28966,56.04063],[27.29133,56.04116],[27.29313,56.04149],[27.29485,56.04176],[27.29688,56.04275],[27.29783,56.04357],[27.29885,56.04444],[27.29988,56.04518],[27.30087,56.04577],[27.30301,56.04629],[27.30435,56.04631],[27.30586,56.04633],[27.3075,56.04634],[27.30915,56.04635],[27.31081,56.04635],[27.31233,56.04617],[27.31444,56.04625],[27.31578,56.04658],[27.31722,56.04675],[27.31875,56.04673],[27.32022,56.04648],[27.32166,56.0463],[27.32314,56.04639],[27.32467,56.04679],[27.32606,56.04692],[27.32755,56.04693],[27.32902,56.04712],[27.3302,56.04767],[27.33118,56.04845],[27.33223,56.04924],[27.33302,56.05004],[27.33465,56.05116],[27.33541,56.05195],[27.3376,56.052],[27.33922,56.05202],[27.34101,56.05195],[27.34267,56.05169],[27.34418,56.05145],[27.34593,56.05135],[27.34772,56.05123],[27.34904,56.05103],[27.351,56.05017],[27.35257,56.05011],[27.35424,56.05022],[27.35584,56.05036],[27.35743,56.05049],[27.35879,56.05075],[27.36076,56.05143],[27.36218,56.05174],[27.36374,56.0518],[27.36606,56.05165],[27.36753,56.05146],[27.3691,56.05131],[27.37049,56.05105],[27.37241,56.05131],[27.37321,56.05191],[27.37444,56.05235],[27.3757,56.05255],[27.37697,56.05293],[27.37827,56.0534],[27.37969,56.05384],[27.38086,56.05433],[27.382,56.05469],[27.38352,56.05483],[27.38523,56.05471],[27.38695,56.05463],[27.38867,56.05446],[27.39006,56.05421],[27.39142,56.05403],[27.39397,56.05431],[27.39623,56.05395],[27.3924,56.05179],[27.39228,56.05033],[27.39053,56.0477],[27.39302,56.04641],[27.39458,56.04467],[27.39766,56.04187],[27.39637,56.04113],[27.3965,56.03999],[27.3955,56.0392],[27.39564,56.03735],[27.398,56.03353],[27.39661,56.03175],[27.40171,56.02671],[27.40421,56.02558],[27.40412,56.02472],[27.40355,56.02405],[27.40267,56.02339],[27.40227,56.0227],[27.40172,56.02195],[27.40095,56.02126],[27.40012,56.02054],[27.39911,56.0199],[27.39725,56.01918],[27.39537,56.01838],[27.39656,56.01703],[27.39752,56.0152],[27.39855,56.01398],[27.39836,56.01311],[27.39903,56.01107],[27.39925,56.00924],[27.39933,56.00776],[27.39987,56.00695],[27.40103,56.00565],[27.3997,56.00364],[27.39994,56.0015],[27.40299,55.9995],[27.40527,55.9987],[27.40608,55.99803],[27.4055,55.99732],[27.39881,55.99421],[27.39715,55.99234],[27.39437,55.98713],[27.38542,55.98048],[27.38211,55.97741],[27.37882,55.97681],[27.3783,55.97603],[27.37798,55.97511],[27.37747,55.97427],[27.37698,55.9734],[27.37661,55.97234],[27.37632,55.97142],[27.37738,55.97005],[27.37758,55.96872],[27.37661,55.96715],[27.37549,55.96652],[27.37335,55.96579],[27.36648,55.9631],[27.36363,55.96232],[27.36048,55.96167],[27.35706,55.96037],[27.35546,55.95949],[27.35468,55.95883],[27.35033,55.95712],[27.34018,55.95372],[27.33705,55.95289],[27.33427,55.95236],[27.33007,55.95192],[27.31563,55.951],[27.31259,55.95063],[27.3097,55.95002],[27.29989,55.94702],[27.29783,55.94883],[27.29345,55.95301],[27.29179,55.95409],[27.28777,55.95426],[27.28609,55.95493],[27.28499,55.95538],[27.28385,55.95583],[27.2826,55.95631],[27.28133,55.95682],[27.28016,55.95729],[27.27809,55.95753],[27.2767,55.95739],[27.27452,55.95683],[27.2736,55.95625],[27.27294,55.95477],[27.27269,55.95387],[27.27276,55.95303],[27.273,55.95217],[27.27325,55.95116],[27.27355,55.95013],[27.27379,55.94917],[27.27256,55.94874],[27.2714,55.94938],[27.26891,55.94935],[27.26747,55.94946],[27.26594,55.94972],[27.26449,55.94994],[27.26331,55.95037],[27.26238,55.95094],[27.26156,55.9517],[27.26091,55.95233],[27.26088,55.95313],[27.26098,55.95406],[27.26099,55.95497],[27.2608,55.956],[27.26058,55.95694],[27.2604,55.95775],[27.2608,55.95916],[27.2601,55.96053],[27.25926,55.96129],[27.25848,55.96202],[27.25698,55.9626],[27.25611,55.96184],[27.25539,55.96124],[27.25447,55.96066],[27.25369,55.96007],[27.25292,55.95935],[27.25222,55.95865],[27.25137,55.95789],[27.25068,55.95727],[27.2488,55.95658],[27.2463,55.95624],[27.24387,55.95603],[27.24327,55.95527],[27.24364,55.95458],[27.24353,55.95343],[27.24249,55.9523],[27.24087,55.95205],[27.23969,55.95172],[27.23857,55.95132],[27.23746,55.9509],[27.23631,55.95045],[27.23498,55.95003],[27.23352,55.9497],[27.23186,55.9495],[27.23012,55.9493],[27.22869,55.94911],[27.22745,55.94878],[27.22606,55.94857],[27.22452,55.94826],[27.223,55.9479],[27.22136,55.9474],[27.21975,55.94696],[27.21848,55.94655],[27.21588,55.94638],[27.21449,55.94642],[27.21299,55.94652],[27.21085,55.947],[27.20867,55.94632],[27.20775,55.9457],[27.20545,55.94512],[27.20425,55.94464],[27.20464,55.94386],[27.20549,55.94304],[27.20497,55.94207],[27.20558,55.94131],[27.20639,55.94072],[27.20742,55.93993],[27.20834,55.9393],[27.2086,55.93848],[27.20824,55.93745],[27.20719,55.93673],[27.20769,55.93562],[27.20782,55.93464],[27.2079,55.93381],[27.20705,55.93299],[27.20577,55.93276],[27.20396,55.93286],[27.20268,55.93268],[27.20127,55.9324],[27.19979,55.93192],[27.19864,55.93138],[27.19737,55.93103],[27.19598,55.9305],[27.19487,55.92972],[27.19453,55.92895],[27.19383,55.92825],[27.19233,55.92774],[27.19077,55.92711],[27.1898,55.92634],[27.19046,55.92556],[27.19036,55.92476],[27.19047,55.92404],[27.19148,55.92338],[27.19301,55.92315],[27.1948,55.92302],[27.19652,55.92307],[27.19854,55.92292],[27.20013,55.92321],[27.20052,55.92227],[27.19903,55.92205],[27.19706,55.92201],[27.19573,55.92206],[27.19357,55.92199],[27.19177,55.92202],[27.19076,55.92111],[27.18989,55.9199],[27.18905,55.91877],[27.18778,55.9177],[27.18677,55.91658],[27.1864,55.91581],[27.18605,55.91502],[27.18574,55.9143],[27.1841,55.9135],[27.18313,55.91302],[27.18199,55.91268],[27.18086,55.91228],[27.18055,55.9112],[27.17908,55.9107],[27.17722,55.91104],[27.17652,55.91036],[27.17736,55.90914],[27.17828,55.90799],[27.17881,55.90731],[27.17929,55.90659],[27.17964,55.90581],[27.18023,55.90469],[27.1805,55.90381],[27.17929,55.90309],[27.17855,55.90237],[27.17784,55.90169],[27.17714,55.90107],[27.1765,55.90042],[27.17593,55.89976],[27.17536,55.89911],[27.1745,55.89795],[27.17386,55.89692],[27.17192,55.89707],[27.16983,55.89721],[27.1679,55.89664],[27.16596,55.89602],[27.16451,55.89559],[27.16124,55.89706],[27.16002,55.89734],[27.15843,55.89745],[27.15707,55.8963],[27.15631,55.8957],[27.15557,55.89509],[27.15407,55.89414],[27.15265,55.89374],[27.15113,55.89396],[27.14969,55.89412],[27.14876,55.89362],[27.14743,55.89323],[27.14644,55.89273],[27.14563,55.89196],[27.14462,55.89124],[27.14313,55.89066],[27.1415,55.89061],[27.14019,55.89054],[27.13869,55.89035],[27.13706,55.8902],[27.1355,55.89007],[27.13378,55.88975],[27.13221,55.88932],[27.13122,55.88884],[27.12993,55.88798],[27.12876,55.88703],[27.12807,55.88766],[27.12836,55.8869],[27.12774,55.88595],[27.12722,55.88491],[27.12676,55.88403],[27.12602,55.88312],[27.1254,55.8823],[27.12497,55.8814],[27.12434,55.88036],[27.12337,55.87939],[27.12218,55.8786],[27.12113,55.87793],[27.1205,55.87723],[27.1218,55.87688],[27.1232,55.87736],[27.12498,55.87763],[27.12718,55.87794],[27.128,55.87737],[27.1275,55.87663],[27.12686,55.87571],[27.12629,55.87485],[27.12558,55.87406],[27.12466,55.87327],[27.12376,55.87258],[27.12255,55.87183],[27.12067,55.87136],[27.1185,55.87092],[27.11725,55.87069],[27.11466,55.87052],[27.11335,55.87062],[27.11089,55.87041],[27.10881,55.87039],[27.10656,55.87014],[27.10414,55.87013],[27.10282,55.8701],[27.10154,55.87005],[27.09909,55.86976],[27.09677,55.86998],[27.0955,55.8701],[27.09411,55.87014],[27.09168,55.87027],[27.09028,55.87039],[27.0889,55.87039],[27.08716,55.8703],[27.08517,55.8704],[27.08362,55.87093],[27.08273,55.87166],[27.08247,55.87264],[27.08164,55.87348],[27.0805,55.87441],[27.08088,55.87523],[27.08079,55.87599],[27.08082,55.87722],[27.08046,55.87833],[27.07939,55.87942],[27.07927,55.88017],[27.07971,55.8812],[27.07826,55.88199],[27.07645,55.88266],[27.07453,55.88348],[27.07336,55.88422],[27.07357,55.88532],[27.0731,55.88647],[27.07349,55.88728],[27.07381,55.88814],[27.07432,55.88908],[27.07526,55.88966],[27.07653,55.89032],[27.07602,55.89115],[27.07489,55.89181],[27.07339,55.89238],[27.07211,55.89275],[27.07062,55.89305],[27.06901,55.89318],[27.06757,55.89291],[27.06604,55.89302],[27.06454,55.89321],[27.06289,55.89316],[27.06144,55.89313],[27.0598,55.89325],[27.0583,55.89309],[27.057,55.89267],[27.05593,55.89209],[27.05476,55.89157],[27.05354,55.89125],[27.05217,55.89084],[27.05065,55.89044],[27.04928,55.88993],[27.0479,55.88945],[27.04774,55.88869],[27.0484,55.88788],[27.04836,55.88716],[27.04666,55.88707],[27.0452,55.88713],[27.04368,55.88633],[27.04196,55.8856],[27.04081,55.88485],[27.04121,55.88401],[27.04197,55.88321],[27.04368,55.88251],[27.04521,55.88193],[27.04545,55.8811],[27.04559,55.87996],[27.04573,55.87878],[27.04629,55.87777],[27.04692,55.87656],[27.04743,55.87533],[27.04714,55.87456],[27.04516,55.8737],[27.04396,55.87322],[27.04292,55.87269],[27.04162,55.87224],[27.04041,55.87185],[27.0392,55.87112],[27.04002,55.86976],[27.04051,55.86901],[27.04093,55.86825],[27.04134,55.86741],[27.04162,55.86657],[27.04177,55.86572],[27.04247,55.86432],[27.04153,55.86333],[27.04045,55.86283],[27.0395,55.86226],[27.03861,55.86171],[27.03734,55.8607],[27.03541,55.86089],[27.03314,55.86136],[27.03154,55.86163],[27.02967,55.86187],[27.0277,55.86209],[27.02562,55.86234],[27.02351,55.86259],[27.02138,55.86285],[27.01919,55.8631],[27.01702,55.86328],[27.0148,55.86337],[27.01258,55.86339],[27.01055,55.86339],[27.00847,55.86338],[27.00648,55.86337],[27.00478,55.86336],[27.00296,55.86345],[27.00221,55.86439],[27.00172,55.86547],[27.00173,55.86742],[26.99832,55.86767],[26.99623,55.86775],[26.99424,55.86768],[26.99181,55.86773],[26.98947,55.86777],[26.9811,55.86811],[26.97902,55.86815],[26.97678,55.86793],[26.97657,55.86683],[26.97693,55.86581],[26.97772,55.86488],[26.9779,55.86376],[26.97816,55.86273],[26.97563,55.86242],[26.97419,55.86231],[26.97246,55.86218],[26.97083,55.86204],[26.96938,55.86197],[26.96782,55.86162],[26.96154,55.86028],[26.94767,55.85874],[26.94043,55.85956],[26.92318,55.85996],[26.9224,55.85898],[26.91999,55.85706],[26.91926,55.85374],[26.91837,55.8525],[26.91762,55.8518],[26.91778,55.84876],[26.91696,55.84786],[26.91579,55.84678],[26.91272,55.84516],[26.91171,55.84422],[26.91213,55.84176],[26.91076,55.84022],[26.9105,55.83945],[26.91225,55.83559],[26.91124,55.83307],[26.9133,55.83264],[26.9099,55.83159],[26.90673,55.83099],[26.90418,55.83042],[26.90246,55.82996],[26.90057,55.82943],[26.89868,55.82891],[26.89682,55.82838],[26.89488,55.82783],[26.89288,55.82725],[26.89091,55.8267],[26.88892,55.82615],[26.88684,55.82556],[26.88485,55.82499],[26.8832,55.82453],[26.88183,55.82414],[26.87999,55.82363],[26.87832,55.82314],[26.87684,55.82272],[26.87504,55.82222],[26.87292,55.82177],[26.87122,55.82145],[26.87049,55.82052],[26.86994,55.81981],[26.86942,55.81907],[26.86891,55.81824],[26.86829,55.81748],[26.86744,55.81664],[26.86655,55.81572],[26.86561,55.81475],[26.86467,55.8138],[26.86379,55.81292],[26.863,55.81207],[26.86218,55.81124],[26.86122,55.8104],[26.86017,55.80997],[26.85897,55.80955],[26.85825,55.80807],[26.85813,55.80702],[26.85809,55.806],[26.85824,55.80504],[26.85794,55.80421],[26.85749,55.80327],[26.85667,55.80234],[26.85567,55.80139],[26.85463,55.80054],[26.85375,55.79966],[26.85312,55.79874],[26.85266,55.79791],[26.85231,55.79705],[26.85204,55.79618],[26.85199,55.79513],[26.85224,55.79416],[26.85247,55.79316],[26.85247,55.7921],[26.85267,55.7911],[26.85238,55.79024],[26.8519,55.78936],[26.85154,55.78863],[26.85003,55.78792],[26.84886,55.78758],[26.84751,55.78716],[26.84622,55.7867],[26.8451,55.78617],[26.84398,55.78549],[26.84281,55.78479],[26.84158,55.78407],[26.84064,55.7834],[26.84012,55.78272],[26.83957,55.7819],[26.8391,55.78118],[26.83851,55.7797],[26.8384,55.77876],[26.8383,55.77777],[26.83821,55.77683],[26.83812,55.77589],[26.83799,55.77492],[26.83787,55.77393],[26.83773,55.77308],[26.83918,55.77279],[26.84046,55.77273],[26.842,55.77266],[26.84347,55.77259],[26.84493,55.77249],[26.84625,55.77238],[26.8475,55.77219],[26.84951,55.77183],[26.85082,55.77202],[26.8526,55.77155],[26.85416,55.77145],[26.85598,55.77135],[26.85758,55.77148],[26.85903,55.77161],[26.86086,55.77156],[26.86219,55.77129],[26.86142,55.77068],[26.86009,55.77036],[26.85908,55.76991],[26.85864,55.76916],[26.85857,55.76836],[26.85739,55.76751],[26.85623,55.76714],[26.85486,55.76696],[26.85397,55.76622],[26.85338,55.76535],[26.8535,55.76455],[26.8531,55.76386],[26.85322,55.76293],[26.85369,55.76217],[26.85395,55.76145],[26.85381,55.76054],[26.85393,55.75954],[26.85313,55.75893],[26.85193,55.75852],[26.85021,55.7584],[26.84871,55.7582],[26.84709,55.75807],[26.84567,55.75793],[26.844,55.75798],[26.84212,55.75785],[26.84032,55.75795],[26.83864,55.75826],[26.8371,55.75881],[26.83812,55.7593],[26.83696,55.75885],[26.83565,55.75954],[26.82909,55.75809],[26.82512,55.75684],[26.82366,55.7571],[26.81918,55.75659],[26.81485,55.75642],[26.81249,55.75596],[26.81034,55.75444],[26.81293,55.75169],[26.81414,55.75093],[26.80968,55.74873],[26.80692,55.74675],[26.80503,55.74351],[26.8029,55.74277],[26.79364,55.74352]]}},{"type":"Feature","properties":{"name":"TET_LV-04_20250730","lengthKm":154.1},"geometry":{"type":"LineString","coordinates":[[26.424,56.81095],[26.46799,56.79859],[26.46847,56.80573],[26.5055,56.82786],[26.49445,56.82864],[26.48342,56.83607],[26.48712,56.83621],[26.48871,56.83626],[26.49416,56.83645],[26.49709,56.83654],[26.49928,56.83661],[26.50073,56.83665],[26.5043,56.83677],[26.50576,56.83681],[26.51016,56.83696],[26.51611,56.83716],[26.51936,56.83729],[26.52011,56.83488],[26.52029,56.83286],[26.52032,56.83197],[26.52367,56.83193],[26.52951,56.83206],[26.53177,56.8321],[26.5339,56.83299],[26.53578,56.83345],[26.53728,56.83373],[26.53893,56.83455],[26.54135,56.83693],[26.54216,56.83836],[26.543,56.83903],[26.54384,56.84068],[26.54493,56.84188],[26.54702,56.84193],[26.54935,56.84239],[26.55136,56.84293],[26.55678,56.84437],[26.56059,56.84536],[26.56286,56.846],[26.56467,56.84651],[26.56657,56.84644],[26.56743,56.84522],[26.56777,56.84388],[26.56828,56.84198],[26.56857,56.84081],[26.56895,56.83941],[26.57151,56.8377],[26.57369,56.83583],[26.5752,56.83429],[26.57642,56.83306],[26.57752,56.83193],[26.57818,56.83123],[26.57958,56.82967],[26.58091,56.82819],[26.58125,56.82699],[26.5814,56.82621],[26.58152,56.82493],[26.58168,56.82363],[26.58177,56.82242],[26.58181,56.82127],[26.58336,56.82145],[26.58458,56.82172],[26.58649,56.8215],[26.58793,56.82148],[26.58965,56.82177],[26.59276,56.82235],[26.59516,56.82262],[26.59755,56.82298],[26.5997,56.82361],[26.60195,56.82419],[26.60546,56.82528],[26.60913,56.8264],[26.61214,56.82728],[26.61571,56.82899],[26.61702,56.82957],[26.61852,56.82936],[26.61882,56.82844],[26.62218,56.82591],[26.624,56.82426],[26.62682,56.82505],[26.63011,56.82648],[26.63538,56.82875],[26.63842,56.83007],[26.64165,56.83147],[26.64711,56.83383],[26.64979,56.83497],[26.65191,56.83587],[26.65338,56.83647],[26.65475,56.83702],[26.65599,56.83832],[26.65703,56.84017],[26.65869,56.84196],[26.65961,56.84283],[26.66104,56.84422],[26.66479,56.84749],[26.66843,56.85003],[26.67308,56.85338],[26.67645,56.85532],[26.6793,56.85637],[26.67591,56.85815],[26.67308,56.85919],[26.67152,56.85977],[26.67075,56.86048],[26.67131,56.86198],[26.67223,56.86309],[26.67274,56.86406],[26.67398,56.86501],[26.67507,56.86607],[26.67755,56.86719],[26.67921,56.86799],[26.68103,56.86826],[26.68289,56.86883],[26.68591,56.86913],[26.68833,56.869],[26.68997,56.86962],[26.6909,56.87077],[26.69221,56.87215],[26.69381,56.87274],[26.69503,56.87308],[26.69617,56.8736],[26.69701,56.87433],[26.69711,56.87505],[26.69505,56.87559],[26.69366,56.8756],[26.6919,56.87547],[26.69161,56.87643],[26.69217,56.87731],[26.69265,56.87807],[26.69231,56.87887],[26.69367,56.87915],[26.69504,56.88009],[26.69589,56.8807],[26.6971,56.88168],[26.69771,56.88236],[26.69921,56.88271],[26.70033,56.88377],[26.70099,56.88443],[26.7016,56.88548],[26.70199,56.88621],[26.70282,56.8868],[26.70161,56.88711],[26.70098,56.88806],[26.70199,56.88882],[26.70207,56.88984],[26.70185,56.89055],[26.70055,56.89068],[26.69903,56.89076],[26.70245,56.88918],[26.70364,56.88952],[26.70567,56.89008],[26.70742,56.89015],[26.70916,56.89031],[26.70997,56.89089],[26.71052,56.8916],[26.71119,56.89257],[26.71292,56.89379],[26.71563,56.89566],[26.71775,56.8975],[26.71859,56.89822],[26.71759,56.89878],[26.71695,56.90035],[26.71689,56.90268],[26.71708,56.90424],[26.71572,56.90435],[26.71407,56.90431],[26.71402,56.90554],[26.71383,56.90653],[26.71362,56.90737],[26.71346,56.90818],[26.71502,56.91003],[26.71818,56.91281],[26.72087,56.91445],[26.72486,56.91651],[26.72642,56.9173],[26.72762,56.91793],[26.73033,56.91923],[26.73213,56.91962],[26.73418,56.91957],[26.73852,56.91865],[26.74188,56.91791],[26.7453,56.91736],[26.75272,56.9169],[26.75431,56.91682],[26.75671,56.91671],[26.75955,56.9168],[26.76125,56.91686],[26.76837,56.91722],[26.77258,56.91816],[26.7738,56.91861],[26.77471,56.91918],[26.77618,56.9206],[26.77879,56.92228],[26.78038,56.9231],[26.78302,56.92447],[26.78466,56.92573],[26.78654,56.92753],[26.7881,56.92844],[26.79007,56.92938],[26.79303,56.93042],[26.79434,56.93118],[26.7948,56.93187],[26.79598,56.93437],[26.79662,56.93512],[26.79781,56.9359],[26.80033,56.93737],[26.80248,56.93882],[26.80405,56.94076],[26.8051,56.9426],[26.80711,56.94355],[26.80925,56.94434],[26.81097,56.94527],[26.8127,56.94686],[26.81356,56.94862],[26.81394,56.94986],[26.81462,56.95221],[26.81536,56.95412],[26.81696,56.95692],[26.81752,56.95898],[26.81903,56.96151],[26.81945,56.96358],[26.82062,56.96524],[26.82126,56.96614],[26.82079,56.96766],[26.82142,56.96906],[26.82336,56.9705],[26.82469,56.97147],[26.82596,56.9724],[26.82673,56.97429],[26.82585,56.97841],[26.8253,56.98097],[26.82464,56.98378],[26.82423,56.98555],[26.82393,56.98664],[26.82381,56.98746],[26.82495,56.98937],[26.82615,56.99101],[26.82822,56.99396],[26.8306,56.99469],[26.83453,56.99544],[26.83785,56.99609],[26.84573,56.99759],[26.84831,56.99807],[26.85114,56.99863],[26.8536,56.9991],[26.85626,56.99961],[26.86394,57.00106],[26.8677,57.00209],[26.86945,57.00275],[26.8711,57.00342],[26.87509,57.00509],[26.87649,57.00566],[26.8779,57.00624],[26.87967,57.00696],[26.88164,57.00784],[26.88278,57.00834],[26.88331,57.00612],[26.88338,57.00509],[26.88345,57.0042],[26.8841,57.00353],[26.88524,57.00303],[26.88755,57.00283],[26.89021,57.00289],[26.89187,57.00319],[26.89446,57.00401],[26.89554,57.00444],[26.89685,57.00531],[26.89885,57.00617],[26.90017,57.00664],[26.9012,57.00733],[26.9025,57.00767],[26.90475,57.00804],[26.90422,57.00914],[26.90423,57.01008],[26.90492,57.01082],[26.90512,57.01179],[26.90595,57.01291],[26.90523,57.01465],[26.90435,57.01578],[26.90317,57.01674],[26.9018,57.01862],[26.90163,57.01944],[26.90303,57.01965],[26.90566,57.01962],[26.90768,57.02005],[26.90856,57.021],[26.91084,57.02216],[26.91279,57.02322],[26.91457,57.02434],[26.91497,57.02567],[26.91377,57.02626],[26.91309,57.02717],[26.91284,57.02849],[26.91198,57.03023],[26.91112,57.03126],[26.9092,57.03224],[26.90691,57.03259],[26.90656,57.0333],[26.90629,57.03407],[26.90634,57.03522],[26.9067,57.03594],[26.90869,57.0368],[26.91,57.03784],[26.91213,57.03903],[26.91563,57.04022],[26.91689,57.04084],[26.91862,57.04235],[26.91932,57.04328],[26.92177,57.04424],[26.92433,57.04432],[26.92595,57.04438],[26.92758,57.04452],[26.92985,57.04509],[26.93239,57.0458],[26.93389,57.04615],[26.93521,57.0463],[26.93677,57.04675],[26.93827,57.0474],[26.93898,57.04809],[26.9395,57.04911],[26.93983,57.05003],[26.9398,57.05093],[26.94029,57.05166],[26.9413,57.05219],[26.94333,57.05223],[26.9451,57.05222],[26.94673,57.05139],[26.94751,57.05041],[26.94861,57.04998],[26.95188,57.04904],[26.9539,57.04845],[26.95572,57.04806],[26.95796,57.04825],[26.96168,57.04861],[26.96324,57.04875],[26.96613,57.04902],[26.96765,57.04915],[26.96934,57.04931],[26.97243,57.05053],[26.9737,57.0508],[26.97542,57.05105],[26.97866,57.05152],[26.98075,57.0515],[26.9848,57.05041],[26.98829,57.04943],[26.98994,57.04898],[26.99118,57.04858],[26.99237,57.04821],[26.99373,57.04817],[26.99445,57.04917],[26.99595,57.04954],[26.99718,57.05032],[26.99838,57.05196],[26.99785,57.0534],[26.99614,57.05443],[26.99404,57.0548],[26.99279,57.05509],[26.99261,57.05584],[26.99265,57.05675],[26.99192,57.05743],[26.99071,57.05839],[26.99,57.05979],[26.98931,57.06083],[26.98836,57.06177],[26.98633,57.06231],[26.98557,57.06355],[26.98628,57.06422],[26.98491,57.06483],[26.9824,57.06513],[26.98109,57.06532],[26.9797,57.06583],[26.97885,57.06643],[26.9775,57.06762],[26.97705,57.06884],[26.97664,57.07027],[26.97635,57.07116],[26.97599,57.07198],[26.97551,57.07268],[26.97525,57.07355],[26.97522,57.07432],[26.97501,57.07585],[26.9746,57.07704],[26.9742,57.07805],[26.97359,57.07985],[26.97291,57.08096],[26.97269,57.08199],[26.97344,57.08321],[26.97404,57.08467],[26.97314,57.08532],[26.97236,57.08608],[26.97288,57.08733],[26.97344,57.08824],[26.97286,57.08963],[26.97262,57.09044],[26.97188,57.09119],[26.97047,57.09202],[26.97031,57.093],[26.97073,57.09374],[26.97093,57.09457],[26.97157,57.09537],[26.97199,57.09607],[26.97274,57.09678],[26.97343,57.09743],[26.97375,57.09829],[26.97351,57.09901],[26.97426,57.10011],[26.97487,57.10084],[26.97685,57.10191],[26.97856,57.10229],[26.97935,57.10292],[26.98048,57.10236],[26.97994,57.10308],[26.98007,57.10429],[26.98224,57.10488],[26.98383,57.10525],[26.98556,57.10561],[26.98712,57.10609],[26.98878,57.10651],[26.99033,57.10712],[26.99255,57.10671],[26.99489,57.10558],[26.99749,57.10435],[26.99889,57.10376],[27.00036,57.10385],[27.00213,57.10397],[27.00362,57.10421],[27.00515,57.10446],[27.00659,57.10494],[27.00806,57.1052],[27.00952,57.10572],[27.01119,57.1061],[27.01218,57.10659],[27.01313,57.1071],[27.01484,57.10723],[27.01683,57.10732],[27.01815,57.10754],[27.01956,57.10794],[27.02152,57.1087],[27.02376,57.10901],[27.02467,57.10973],[27.02592,57.11052],[27.02733,57.11114],[27.02798,57.11187],[27.02907,57.11316],[27.02958,57.11427],[27.0304,57.11524],[27.03167,57.11629],[27.03379,57.1169],[27.03556,57.11741],[27.03678,57.11861],[27.03789,57.11916],[27.04053,57.12043],[27.04113,57.12133],[27.04212,57.12212],[27.0449,57.12383],[27.04608,57.1245],[27.04941,57.12499],[27.05075,57.12502],[27.05238,57.12493],[27.05416,57.12449],[27.05859,57.12407],[27.06186,57.12361],[27.06314,57.12293],[27.06408,57.12233],[27.06493,57.12165],[27.06514,57.12073],[27.06642,57.11882],[27.06769,57.1171],[27.06994,57.1162],[27.07088,57.11564],[27.07363,57.11568],[27.07686,57.11577],[27.07819,57.1158],[27.08022,57.11583],[27.08017,57.11875],[27.0799,57.12069],[27.08109,57.12137],[27.08251,57.1219],[27.08374,57.12235],[27.08498,57.12271],[27.08693,57.12309],[27.0897,57.12359],[27.09261,57.12488],[27.09397,57.12561],[27.09586,57.1266],[27.098,57.12706],[27.09995,57.12728],[27.10167,57.12785],[27.10249,57.12856],[27.10485,57.13044],[27.10564,57.13125],[27.10568,57.13213],[27.10515,57.13286],[27.10325,57.13455],[27.10299,57.1358],[27.10454,57.13725],[27.10674,57.13902],[27.10789,57.13995],[27.10995,57.14163],[27.11113,57.14259],[27.11337,57.14442],[27.11461,57.14543],[27.116,57.14653],[27.11731,57.14757],[27.11889,57.14885],[27.11981,57.14966],[27.12068,57.15187],[27.1224,57.15398],[27.12455,57.15519],[27.12613,57.15605],[27.12707,57.15656],[27.1287,57.15733],[27.13023,57.15786],[27.13284,57.15862],[27.13584,57.15924],[27.13745,57.15971],[27.13944,57.16047],[27.14064,57.16094],[27.14127,57.16191],[27.141,57.16264],[27.13968,57.16273],[27.13547,57.16381],[27.13243,57.16495],[27.12966,57.16601],[27.12835,57.16653],[27.12663,57.16715],[27.12294,57.16853],[27.12137,57.16909],[27.11987,57.16962],[27.11861,57.17011],[27.11606,57.1711],[27.11398,57.17187],[27.11244,57.17244],[27.11019,57.17324],[27.10753,57.17423],[27.10542,57.17543],[27.10446,57.17622],[27.10537,57.17727],[27.1054,57.178],[27.10305,57.17808],[27.10199,57.17912],[27.10211,57.17985],[27.10403,57.18102],[27.1072,57.18284],[27.11132,57.1855],[27.11499,57.18714],[27.11602,57.18768],[27.11748,57.18899],[27.11939,57.1899],[27.12107,57.18961],[27.123,57.18996],[27.12497,57.19156],[27.12629,57.19193],[27.13074,57.19199],[27.13784,57.19208],[27.14116,57.1921],[27.14726,57.19214],[27.15277,57.19222],[27.15565,57.19226],[27.15722,57.19228],[27.16151,57.19231],[27.16669,57.19236],[27.17348,57.19247],[27.17926,57.19252],[27.18658,57.19256],[27.1898,57.19258],[27.19075,57.1933],[27.1907,57.19588],[27.19063,57.1991],[27.19055,57.2035],[27.19042,57.20797],[27.19039,57.21075],[27.19036,57.21213],[27.19032,57.21384],[27.19024,57.218],[27.1902,57.21999],[27.19017,57.22086],[27.19015,57.22195],[27.19057,57.22568],[27.1908,57.22641],[27.19038,57.22785],[27.18949,57.22863],[27.18822,57.22895],[27.18802,57.22995],[27.18892,57.23136],[27.18951,57.23314],[27.18947,57.23394],[27.18919,57.23466],[27.18891,57.23615],[27.1907,57.2375],[27.19485,57.23949],[27.1959,57.24028],[27.19692,57.24132],[27.19844,57.24271],[27.20044,57.24347],[27.2025,57.24542],[27.20421,57.24664],[27.21029,57.24926],[27.21324,57.2505],[27.21507,57.25225],[27.21883,57.2548],[27.22126,57.25537],[27.2229,57.25646],[27.22297,57.25752],[27.22036,57.25852],[27.21815,57.25909],[27.2171,57.26044],[27.21685,57.26132],[27.21464,57.26129],[27.21133,57.26076],[27.20987,57.26052],[27.20628,57.25996],[27.20491,57.25974],[27.20084,57.25909],[27.20094,57.25997],[27.20163,57.26073],[27.20234,57.26152],[27.20295,57.26228],[27.20346,57.26299],[27.20415,57.26376],[27.20503,57.2647],[27.20565,57.26547],[27.20649,57.26638],[27.20712,57.26708],[27.20774,57.26788],[27.20859,57.26879],[27.20946,57.26986],[27.21013,57.27076],[27.21111,57.27233],[27.21193,57.27392],[27.21308,57.27594],[27.2131,57.27713],[27.21194,57.27798],[27.21271,57.27884],[27.21167,57.28154],[27.21237,57.28424],[27.21351,57.28524],[27.21479,57.28626],[27.21963,57.28878],[27.22127,57.28954],[27.22538,57.29145],[27.2277,57.29251],[27.22861,57.29327],[27.22905,57.29525],[27.22891,57.29763],[27.22859,57.29848],[27.22891,57.29961],[27.22915,57.30049],[27.22971,57.30127],[27.23036,57.30207],[27.2297,57.30468],[27.22983,57.30541],[27.22998,57.30668],[27.23016,57.30969],[27.23021,57.311],[27.23031,57.31374],[27.23046,57.31923],[27.23051,57.32072],[27.23063,57.32289],[27.23084,57.32561],[27.23015,57.32649],[27.22918,57.32728],[27.22767,57.32745],[27.22548,57.32726],[27.22344,57.32721],[27.2221,57.32756],[27.22271,57.32822],[27.22348,57.32921],[27.22331,57.33009],[27.22361,57.3308],[27.22449,57.33254],[27.22519,57.33327],[27.22623,57.33452],[27.22679,57.33587],[27.22763,57.3368],[27.22948,57.33697],[27.23051,57.33764],[27.23154,57.33818],[27.23233,57.33915],[27.23367,57.3389],[27.23542,57.33795],[27.23644,57.33745],[27.23915,57.33828],[27.24302,57.33987],[27.24754,57.34074],[27.254,57.34257],[27.25831,57.34453],[27.26357,57.34675],[27.26473,57.34741],[27.2665,57.34839],[27.26934,57.34997],[27.27318,57.3519],[27.27493,57.35283],[27.27766,57.35344],[27.27989,57.35443],[27.28301,57.3559],[27.28584,57.35709],[27.28691,57.35757],[27.29203,57.36025],[27.29658,57.36234],[27.30022,57.36374],[27.30127,57.36448],[27.3022,57.36501],[27.30499,57.36628],[27.30607,57.36676],[27.30732,57.36734],[27.30966,57.36845],[27.31329,57.36936],[27.31746,57.37093],[27.31896,57.37125],[27.32049,57.37103],[27.32262,57.37041],[27.32382,57.37077],[27.32552,57.37242],[27.32839,57.37517],[27.32928,57.37645],[27.32982,57.37839],[27.33038,57.3806],[27.33064,57.38163],[27.33165,57.38577],[27.33187,57.38667],[27.33208,57.38746],[27.33238,57.38875],[27.33269,57.39003],[27.33336,57.39274],[27.3338,57.39454],[27.33401,57.39581],[27.3352,57.39627],[27.33689,57.39615],[27.33836,57.39604],[27.34005,57.39592],[27.34155,57.39581],[27.34328,57.39572],[27.34627,57.39609],[27.35025,57.39671],[27.35481,57.39777],[27.35635,57.39823],[27.35896,57.39911],[27.36036,57.40027],[27.36197,57.40199],[27.3645,57.40292],[27.366,57.40309],[27.36867,57.40304],[27.37234,57.40301],[27.37388,57.40299],[27.37574,57.40289],[27.37815,57.40259],[27.38191,57.40212],[27.38455,57.40181],[27.38694,57.40155],[27.38882,57.40105],[27.39276,57.39851],[27.39435,57.39897],[27.39595,57.39923],[27.39699,57.39972],[27.39814,57.40052],[27.39902,57.40116],[27.39979,57.40191],[27.40118,57.40273],[27.40217,57.40338],[27.40352,57.40374],[27.40534,57.40496],[27.40601,57.40566],[27.40706,57.40695],[27.40802,57.40755],[27.4106,57.40869],[27.41179,57.40925],[27.4134,57.41003],[27.41427,57.41064],[27.41655,57.41146],[27.41837,57.4116],[27.41975,57.41172],[27.42118,57.41186],[27.42302,57.41205],[27.42461,57.41222],[27.42546,57.41315],[27.42749,57.41411],[27.42886,57.41555],[27.4295,57.41657],[27.4315,57.41734],[27.43296,57.41797],[27.43394,57.41873],[27.43555,57.41948],[27.43633,57.42049],[27.4373,57.42276],[27.43823,57.42481],[27.44073,57.42876],[27.44187,57.42991],[27.44197,57.43102],[27.44186,57.43266],[27.44216,57.4337],[27.4414,57.43564],[27.44148,57.43702],[27.43967,57.43925],[27.43841,57.4404],[27.43708,57.4423],[27.43511,57.44509],[27.43894,57.44572],[27.44468,57.44619],[27.44918,57.44557],[27.4508,57.44507],[27.45243,57.44453],[27.45364,57.44403],[27.45486,57.44349],[27.45608,57.44319],[27.45746,57.44302],[27.45923,57.44277],[27.46064,57.4425],[27.46191,57.44218],[27.46313,57.44183],[27.46479,57.44193],[27.46612,57.44223],[27.46761,57.44255],[27.46926,57.44278],[27.47039,57.44332],[27.47083,57.44422],[27.47126,57.44522],[27.47189,57.44602],[27.47324,57.44709],[27.47518,57.44869],[27.47614,57.45008],[27.47679,57.45117],[27.47839,57.45348],[27.48076,57.45586],[27.48305,57.45784],[27.48432,57.45856],[27.48539,57.46001],[27.48723,57.4621],[27.48852,57.46404],[27.49005,57.46596],[27.49098,57.46711],[27.49231,57.46781],[27.49334,57.46911],[27.49432,57.47155],[27.49536,57.47233],[27.49693,57.47345],[27.49903,57.4756],[27.49945,57.47648],[27.50048,57.47696],[27.50188,57.47749],[27.50241,57.47881],[27.50022,57.4791],[27.49814,57.4796],[27.49673,57.47956],[27.49536,57.47944],[27.49315,57.47919],[27.49124,57.47931],[27.48942,57.47923],[27.48753,57.47949],[27.48583,57.47964],[27.48399,57.47989],[27.48328,57.47925],[27.48275,57.47811],[27.482,57.47715],[27.48177,57.47621],[27.48015,57.47597],[27.47853,57.47595],[27.47614,57.47592],[27.47473,57.4759],[27.47317,57.47578],[27.47058,57.47559],[27.46922,57.47583],[27.46619,57.47537],[27.46379,57.47539],[27.46058,57.47645],[27.45817,57.47716],[27.45676,57.47714],[27.45451,57.47757],[27.45251,57.47826],[27.451,57.479],[27.44886,57.48019],[27.44768,57.48067],[27.44836,57.48155],[27.44944,57.48386],[27.45012,57.48704],[27.44925,57.48977],[27.44997,57.49175],[27.45219,57.49316],[27.45399,57.49519],[27.45859,57.49796],[27.45989,57.49888],[27.45995,57.50046],[27.46019,57.50303],[27.45973,57.50428],[27.46049,57.50614],[27.46201,57.50751],[27.46228,57.50931],[27.46271,57.51204],[27.463,57.51389],[27.46374,57.51527],[27.46663,57.51641],[27.46944,57.51824],[27.4715,57.52099],[27.47414,57.5236],[27.47527,57.52434],[27.47616,57.52628],[27.47602,57.53013],[27.47597,57.53096],[27.47499,57.53208],[27.47261,57.53515]]}},{"type":"Feature","properties":{"name":"TET_LV-05_20260519","lengthKm":269.3},"geometry":{"type":"LineString","coordinates":[[24.5953,57.95723],[24.59571,57.95633],[24.59606,57.95541],[24.5965,57.95446],[24.59693,57.9535],[24.59732,57.95261],[24.59773,57.95169],[24.59812,57.9507],[24.59855,57.94966],[24.59897,57.94866],[24.59946,57.94756],[24.59996,57.94634],[24.60053,57.94498],[24.60087,57.94414],[24.60122,57.9433],[24.60159,57.94237],[24.602,57.94141],[24.60241,57.94042],[24.60282,57.93947],[24.60323,57.93853],[24.60364,57.93759],[24.60405,57.93659],[24.60449,57.93556],[24.60494,57.9345],[24.60539,57.93344],[24.60584,57.93238],[24.60625,57.9314],[24.60672,57.93033],[24.60721,57.92919],[24.60766,57.92808],[24.60817,57.9269],[24.6087,57.9257],[24.6092,57.92453],[24.60969,57.92339],[24.61015,57.9223],[24.61064,57.92113],[24.61117,57.9199],[24.61167,57.91873],[24.61208,57.91759],[24.61214,57.91633],[24.61222,57.91506],[24.6123,57.91377],[24.61235,57.91254],[24.61243,57.91131],[24.61251,57.91009],[24.61257,57.9089],[24.61265,57.90764],[24.61274,57.90639],[24.61282,57.90513],[24.61291,57.90388],[24.61299,57.90264],[24.61307,57.9014],[24.61314,57.90013],[24.61323,57.89885],[24.61331,57.89757],[24.61339,57.89631],[24.61345,57.89506],[24.61352,57.89387],[24.61363,57.89268],[24.61374,57.89175],[24.61441,57.89091],[24.61538,57.89017],[24.61655,57.88945],[24.61833,57.89002],[24.61994,57.89059],[24.62175,57.89125],[24.62362,57.89191],[24.62556,57.8926],[24.62745,57.89329],[24.62933,57.89393],[24.6314,57.89438],[24.63364,57.89453],[24.63586,57.89435],[24.63782,57.89388],[24.63957,57.89324],[24.641,57.8927],[24.64226,57.89223],[24.64389,57.89163],[24.64582,57.8909],[24.64767,57.89019],[24.64945,57.88952],[24.6509,57.88893],[24.6523,57.8882],[24.65349,57.88743],[24.65432,57.88684],[24.65316,57.88643],[24.65144,57.88621],[24.64971,57.88601],[24.64809,57.88582],[24.64664,57.88564],[24.6445,57.88526],[24.64487,57.88369],[24.6454,57.88266],[24.64594,57.88166],[24.64633,57.88077],[24.6467,57.8799],[24.64747,57.87907],[24.64819,57.87824],[24.64866,57.87734],[24.64906,57.87648],[24.64925,57.87554],[24.64968,57.87463],[24.65031,57.87388],[24.6512,57.87318],[24.65254,57.87267],[24.65378,57.87218],[24.65508,57.87181],[24.65668,57.87176],[24.65813,57.87151],[24.65937,57.87113],[24.66024,57.87052],[24.66091,57.86973],[24.66164,57.86902],[24.66281,57.86831],[24.66404,57.86752],[24.66541,57.86681],[24.66699,57.86617],[24.66865,57.86554],[24.6703,57.86497],[24.67174,57.86436],[24.67274,57.86349],[24.67368,57.86253],[24.67458,57.86162],[24.67545,57.86072],[24.67624,57.85986],[24.67703,57.85907],[24.67724,57.85818],[24.67755,57.85739],[24.6786,57.85662],[24.67981,57.85612],[24.68058,57.85543],[24.68158,57.85459],[24.68278,57.8537],[24.6841,57.85276],[24.68552,57.85189],[24.68705,57.85099],[24.68849,57.85014],[24.6896,57.84928],[24.69063,57.84858],[24.69219,57.84797],[24.69387,57.84751],[24.69564,57.84732],[24.69765,57.84721],[24.69959,57.84698],[24.70134,57.84675],[24.70316,57.84672],[24.70478,57.84639],[24.70602,57.84569],[24.70743,57.84505],[24.70877,57.84448],[24.70972,57.84368],[24.71077,57.84275],[24.71198,57.84187],[24.71329,57.84104],[24.71488,57.8403],[24.71657,57.83961],[24.7179,57.83903],[24.71962,57.83869],[24.72139,57.83836],[24.72331,57.83818],[24.72534,57.83808],[24.72727,57.83776],[24.72897,57.83739],[24.73045,57.83684],[24.73186,57.83622],[24.73305,57.8355],[24.73368,57.8348],[24.73543,57.83391],[24.73726,57.83315],[24.73825,57.83247],[24.73914,57.83186],[24.74058,57.83092],[24.74227,57.83005],[24.74454,57.82983],[24.7461,57.82992],[24.7459,57.83083],[24.74565,57.83209],[24.74551,57.83288],[24.74539,57.83365],[24.74493,57.83502],[24.74614,57.82987],[24.74814,57.82971],[24.74967,57.82943],[24.75131,57.82906],[24.75297,57.82883],[24.75473,57.82895],[24.75655,57.82931],[24.75823,57.82964],[24.76027,57.83005],[24.7621,57.82976],[24.76339,57.82948],[24.76544,57.82844],[24.76609,57.82766],[24.76673,57.82688],[24.76756,57.82622],[24.76878,57.82572],[24.77018,57.82544],[24.77149,57.82509],[24.77275,57.82472],[24.77502,57.82535],[24.7761,57.82581],[24.77811,57.82668],[24.77996,57.82751],[24.78199,57.82844],[24.78308,57.82897],[24.78423,57.82953],[24.78549,57.83049],[24.78651,57.83143],[24.78809,57.83223],[24.78914,57.83269],[24.79046,57.83374],[24.79136,57.83492],[24.79233,57.83548],[24.79327,57.8361],[24.79413,57.83681],[24.79502,57.83757],[24.79595,57.83833],[24.79662,57.83897],[24.79732,57.83959],[24.79801,57.84062],[24.79588,57.84099],[24.79447,57.84117],[24.79266,57.84116],[24.7904,57.84123],[24.78871,57.8416],[24.7875,57.84226],[24.78686,57.84291],[24.78732,57.84363],[24.78834,57.84429],[24.78949,57.84501],[24.79037,57.84558],[24.79105,57.84622],[24.79281,57.84675],[24.7937,57.84747],[24.79382,57.84834],[24.79417,57.84932],[24.795,57.8499],[24.79612,57.85068],[24.79693,57.8517],[24.79726,57.85285],[24.7972,57.85362],[24.79603,57.85423],[24.79737,57.85505],[24.7976,57.85604],[24.79782,57.85722],[24.79851,57.85836],[24.79618,57.85835],[24.79485,57.85804],[24.79357,57.85771],[24.79255,57.8572],[24.7914,57.85641],[24.79023,57.85594],[24.78952,57.85724],[24.78961,57.85815],[24.78964,57.85907],[24.78979,57.85981],[24.79191,57.86073],[24.79297,57.86125],[24.79432,57.86154],[24.79556,57.86278],[24.79576,57.86353],[24.79556,57.86445],[24.79551,57.86543],[24.79534,57.86633],[24.79512,57.86722],[24.79521,57.86813],[24.79536,57.86911],[24.79527,57.87008],[24.79492,57.87101],[24.7946,57.87179],[24.79607,57.87307],[24.79652,57.87393],[24.79651,57.87492],[24.79653,57.87588],[24.79664,57.87674],[24.79714,57.87757],[24.79772,57.87845],[24.79825,57.87928],[24.79868,57.88002],[24.79915,57.88077],[24.79979,57.88154],[24.80102,57.88242],[24.80236,57.88335],[24.80368,57.88429],[24.80492,57.88515],[24.80544,57.8859],[24.80577,57.88686],[24.80618,57.88782],[24.80618,57.8888],[24.80648,57.88961],[24.80596,57.89046],[24.80525,57.89137],[24.80512,57.89209],[24.80568,57.89291],[24.80562,57.89395],[24.80549,57.89493],[24.80605,57.89582],[24.80675,57.89674],[24.80713,57.8976],[24.80854,57.8983],[24.81031,57.89904],[24.81206,57.89975],[24.81387,57.90049],[24.81542,57.9011],[24.81688,57.90167],[24.81813,57.90214],[24.81987,57.90282],[24.82194,57.90291],[24.82378,57.90379],[24.82589,57.90454],[24.82821,57.90525],[24.82959,57.90554],[24.83096,57.90584],[24.83239,57.90618],[24.8339,57.90654],[24.83544,57.9069],[24.83689,57.90726],[24.83837,57.90761],[24.83991,57.90797],[24.84146,57.90833],[24.84297,57.90868],[24.84437,57.90889],[24.84575,57.90899],[24.84752,57.90907],[24.8489,57.90906],[24.85057,57.90899],[24.85219,57.90885],[24.85368,57.90839],[24.8556,57.90756],[24.85751,57.90672],[24.85976,57.90628],[24.86184,57.90645],[24.86402,57.90673],[24.86665,57.90736],[24.86832,57.90776],[24.86997,57.9082],[24.87167,57.90872],[24.87344,57.90934],[24.87525,57.91],[24.87706,57.91067],[24.87885,57.91131],[24.88067,57.91196],[24.88246,57.9126],[24.88429,57.91331],[24.88612,57.91404],[24.88804,57.91483],[24.89005,57.91566],[24.89205,57.91647],[24.89407,57.9173],[24.89614,57.91816],[24.89811,57.91898],[24.90008,57.9198],[24.90194,57.9206],[24.90369,57.92134],[24.90497,57.92185],[24.9072,57.92153],[24.90884,57.92104],[24.91068,57.92051],[24.91258,57.91995],[24.91436,57.91943],[24.91628,57.91885],[24.91828,57.91825],[24.92017,57.91769],[24.92208,57.91728],[24.92424,57.91728],[24.92659,57.91738],[24.92901,57.91746],[24.93134,57.91737],[24.93378,57.91716],[24.93632,57.91699],[24.93863,57.91688],[24.94039,57.91686],[24.94225,57.91732],[24.94426,57.91805],[24.94599,57.91868],[24.94716,57.91935],[24.94775,57.92035],[24.94832,57.92146],[24.94925,57.92227],[24.95076,57.92287],[24.95244,57.92319],[24.95373,57.92374],[24.95504,57.92471],[24.95632,57.92568],[24.95764,57.9265],[24.95917,57.92699],[24.96066,57.92728],[24.96261,57.9276],[24.96474,57.92795],[24.96685,57.92833],[24.96847,57.92889],[24.96998,57.92981],[24.97157,57.93081],[24.97316,57.93179],[24.97475,57.93277],[24.97634,57.93359],[24.97834,57.93417],[24.98049,57.93459],[24.98266,57.93474],[24.98503,57.93456],[24.98753,57.93436],[24.98989,57.93417],[24.99216,57.93415],[24.99442,57.93451],[24.99665,57.93505],[24.99883,57.93561],[25.00089,57.93612],[25.00262,57.93656],[25.00386,57.93693],[25.00572,57.93654],[25.00724,57.93557],[25.00812,57.935],[25.00908,57.93438],[25.01007,57.93376],[25.01107,57.93312],[25.01208,57.93249],[25.01308,57.93188],[25.01395,57.93124],[25.01477,57.93042],[25.01561,57.92955],[25.01668,57.92874],[25.01837,57.92802],[25.02009,57.92718],[25.02178,57.92658],[25.02389,57.92618],[25.02573,57.92543],[25.0272,57.92448],[25.02835,57.92345],[25.02931,57.92227],[25.03051,57.92106],[25.03177,57.91989],[25.03297,57.9188],[25.03405,57.91787],[25.03553,57.91716],[25.03697,57.9165],[25.0381,57.91598],[25.03957,57.91511],[25.04034,57.91442],[25.04108,57.91352],[25.04177,57.9125],[25.0425,57.91142],[25.04321,57.91036],[25.04343,57.90931],[25.04365,57.9082],[25.04375,57.90709],[25.04374,57.9059],[25.04393,57.90471],[25.04426,57.90355],[25.04466,57.90246],[25.04511,57.90131],[25.04547,57.90015],[25.04567,57.89908],[25.04529,57.89822],[25.04389,57.89804],[25.04198,57.8978],[25.04012,57.89756],[25.03825,57.89731],[25.0364,57.89708],[25.03464,57.89687],[25.03294,57.89687],[25.03126,57.897],[25.02942,57.89715],[25.02737,57.89733],[25.02531,57.89751],[25.02345,57.89767],[25.02194,57.89766],[25.02045,57.89755],[25.01902,57.89662],[25.01865,57.89583],[25.0188,57.89486],[25.01897,57.89387],[25.01912,57.89253],[25.01917,57.89164],[25.0192,57.8909],[25.01966,57.89015],[25.02068,57.88939],[25.02189,57.8889],[25.02301,57.88835],[25.02371,57.88772],[25.02457,57.88683],[25.02446,57.88603],[25.02426,57.88506],[25.02413,57.88418],[25.0239,57.88302],[25.02378,57.88211],[25.02364,57.88113],[25.02347,57.88011],[25.02331,57.87909],[25.02316,57.87817],[25.02301,57.87724],[25.02285,57.87624],[25.02269,57.8753],[25.02345,57.87406],[25.02425,57.87337],[25.02514,57.8726],[25.02598,57.87189],[25.0268,57.87116],[25.02772,57.87039],[25.02862,57.8696],[25.02954,57.86883],[25.03045,57.86807],[25.03138,57.86728],[25.03228,57.86652],[25.03304,57.86588],[25.03374,57.86525],[25.03502,57.86427],[25.03627,57.86349],[25.0374,57.86309],[25.03803,57.8622],[25.03677,57.86175],[25.03567,57.86112],[25.0367,57.86166],[25.03794,57.86205],[25.03857,57.86274],[25.04049,57.86245],[25.04209,57.86223],[25.04407,57.86193],[25.04588,57.86166],[25.04777,57.86138],[25.04963,57.86111],[25.0515,57.86084],[25.05351,57.86051],[25.05519,57.86026],[25.05572,57.85939],[25.05584,57.8584],[25.05462,57.85759],[25.0535,57.85717],[25.05216,57.85684],[25.05207,57.8559],[25.05245,57.8552],[25.05282,57.85445],[25.0534,57.85344],[25.05389,57.85245],[25.0544,57.8517],[25.05521,57.85063],[25.05574,57.84993],[25.05655,57.8489],[25.05712,57.84817],[25.05782,57.84728],[25.05849,57.84639],[25.05899,57.84557],[25.06125,57.84564],[25.06392,57.84621],[25.06533,57.84653],[25.06704,57.84692],[25.06888,57.84732],[25.07072,57.84772],[25.07269,57.84815],[25.07463,57.84859],[25.07671,57.84905],[25.07871,57.84948],[25.08065,57.84994],[25.08257,57.85041],[25.08444,57.85091],[25.08598,57.85132],[25.08747,57.85131],[25.08908,57.85],[25.09003,57.84921],[25.09099,57.8485],[25.09217,57.84782],[25.09328,57.84702],[25.09442,57.84622],[25.09547,57.84548],[25.09651,57.84477],[25.09774,57.8439],[25.09891,57.84314],[25.0999,57.84245],[25.10069,57.84171],[25.10088,57.84076],[25.10052,57.8397],[25.10038,57.83863],[25.10046,57.83759],[25.10086,57.83661],[25.10181,57.83586],[25.10329,57.83512],[25.10473,57.83443],[25.10622,57.83365],[25.10785,57.83283],[25.10957,57.83198],[25.11122,57.83115],[25.11238,57.83052],[25.11311,57.82894],[25.11336,57.82794],[25.1136,57.82699],[25.11383,57.82617],[25.11408,57.82528],[25.11402,57.82453],[25.1135,57.82371],[25.1128,57.82302],[25.11181,57.82235],[25.11061,57.82165],[25.10951,57.821],[25.10831,57.82029],[25.10715,57.81958],[25.10587,57.81887],[25.10424,57.81825],[25.10251,57.8177],[25.10106,57.81727],[25.09967,57.81681],[25.10159,57.81549],[25.10351,57.81443],[25.10538,57.81339],[25.10718,57.81239],[25.10895,57.81139],[25.11072,57.81033],[25.11248,57.80923],[25.11425,57.80812],[25.11601,57.80701],[25.11773,57.80595],[25.1195,57.80484],[25.1213,57.80372],[25.12311,57.80259],[25.1247,57.8015],[25.12621,57.80027],[25.12762,57.79893],[25.12893,57.79766],[25.13019,57.79641],[25.13152,57.79514],[25.1326,57.79408],[25.13382,57.79377],[25.13626,57.79455],[25.13772,57.79504],[25.1392,57.79553],[25.14053,57.79597],[25.14193,57.79646],[25.14353,57.79695],[25.14492,57.79743],[25.14635,57.79805],[25.14779,57.79883],[25.14915,57.79971],[25.15062,57.80064],[25.15216,57.80161],[25.15366,57.80257],[25.15496,57.80339],[25.15642,57.8043],[25.15808,57.8052],[25.16,57.8059],[25.16197,57.80653],[25.1637,57.80687],[25.1653,57.80674],[25.1672,57.8066],[25.16939,57.80642],[25.1717,57.80624],[25.17401,57.80607],[25.17629,57.8059],[25.17876,57.80571],[25.18124,57.80554],[25.18374,57.80535],[25.18614,57.80517],[25.18784,57.80492],[25.18946,57.80416],[25.19107,57.80336],[25.19265,57.8026],[25.19391,57.80197],[25.19535,57.80218],[25.19646,57.80296],[25.19769,57.80382],[25.19875,57.80465],[25.19994,57.80536],[25.20159,57.80606],[25.20319,57.80674],[25.20477,57.80744],[25.20625,57.80807],[25.2079,57.80879],[25.20963,57.80954],[25.21141,57.81031],[25.2133,57.81111],[25.21503,57.81186],[25.21665,57.81256],[25.21814,57.8134],[25.2197,57.81434],[25.22126,57.81531],[25.22285,57.81629],[25.22444,57.81726],[25.22597,57.8182],[25.22756,57.81918],[25.22914,57.82016],[25.2307,57.82113],[25.23224,57.82207],[25.23339,57.82278],[25.23471,57.82254],[25.23594,57.82191],[25.23743,57.82115],[25.23892,57.82034],[25.24035,57.8195],[25.24177,57.81868],[25.24311,57.81795],[25.24437,57.81743],[25.24621,57.81715],[25.2482,57.81684],[25.25028,57.81652],[25.25233,57.81621],[25.2543,57.8159],[25.2563,57.81558],[25.25828,57.81528],[25.26045,57.81494],[25.26271,57.8146],[25.26497,57.81423],[25.2672,57.81388],[25.26941,57.81354],[25.2715,57.81327],[25.27343,57.81323],[25.27563,57.81335],[25.27789,57.8135],[25.28018,57.81364],[25.28231,57.81375],[25.28419,57.8138],[25.2856,57.81393],[25.28678,57.81464],[25.28793,57.81563],[25.28889,57.81669],[25.28983,57.8177],[25.29065,57.81847],[25.29054,57.81927],[25.28996,57.82026],[25.2897,57.82127],[25.28973,57.82205],[25.29084,57.82275],[25.29233,57.82331],[25.2939,57.8239],[25.29526,57.82475],[25.29654,57.82553],[25.2978,57.82647],[25.29894,57.82751],[25.29997,57.82855],[25.30088,57.82956],[25.30153,57.83066],[25.30188,57.83177],[25.30251,57.83285],[25.30346,57.83383],[25.30413,57.8349],[25.30477,57.83604],[25.30537,57.83723],[25.30585,57.83844],[25.30635,57.83952],[25.30721,57.84053],[25.30785,57.84169],[25.30838,57.84278],[25.30929,57.84374],[25.31062,57.8444],[25.31195,57.84506],[25.313,57.84591],[25.31339,57.8469],[25.31367,57.84784],[25.31459,57.84886],[25.31558,57.84985],[25.3167,57.85069],[25.3183,57.85148],[25.31988,57.85216],[25.32103,57.85298],[25.32175,57.85411],[25.32251,57.85522],[25.32328,57.85622],[25.32398,57.85699],[25.32518,57.8576],[25.32695,57.85808],[25.32875,57.85855],[25.3303,57.85918],[25.33169,57.86002],[25.3329,57.86082],[25.33388,57.86161],[25.33502,57.86235],[25.3365,57.86291],[25.33799,57.86361],[25.33643,57.86489],[25.33515,57.86578],[25.33383,57.86659],[25.33307,57.86751],[25.33251,57.86867],[25.33197,57.86987],[25.3314,57.87112],[25.33075,57.87233],[25.32971,57.87349],[25.32856,57.87467],[25.32737,57.87588],[25.32619,57.87708],[25.32502,57.87826],[25.32388,57.87942],[25.32298,57.88034],[25.32226,57.8813],[25.3238,57.8823],[25.32446,57.88314],[25.32503,57.884],[25.32553,57.88484],[25.32601,57.88568],[25.32649,57.8865],[25.32686,57.88727],[25.32701,57.88803],[25.327,57.8888],[25.32689,57.88956],[25.32669,57.89032],[25.32649,57.89112],[25.3263,57.89195],[25.32607,57.89275],[25.32553,57.89347],[25.32527,57.89418],[25.32513,57.8951],[25.32537,57.89585],[25.32694,57.89597],[25.32556,57.89629],[25.32599,57.89704],[25.32657,57.8978],[25.32616,57.89887],[25.32603,57.89994],[25.32584,57.90094],[25.32438,57.90197],[25.32365,57.9026],[25.32164,57.90373],[25.32035,57.90432],[25.31915,57.90495],[25.31811,57.90562],[25.31696,57.9063],[25.31553,57.90693],[25.31411,57.90749],[25.31304,57.90801],[25.3125,57.9088],[25.31206,57.90969],[25.31164,57.9106],[25.31112,57.9114],[25.31031,57.91208],[25.30995,57.91358],[25.30976,57.91458],[25.30953,57.91559],[25.30922,57.91657],[25.30869,57.91745],[25.30786,57.91838],[25.30673,57.91925],[25.30589,57.91983],[25.3043,57.92014],[25.30253,57.92043],[25.3008,57.92071],[25.29938,57.92117],[25.29862,57.92193],[25.29745,57.92294],[25.29617,57.92404],[25.29499,57.92505],[25.29406,57.92584],[25.29382,57.92671],[25.29528,57.9268],[25.29685,57.92692],[25.29801,57.92736],[25.29854,57.92828],[25.29889,57.92938],[25.29915,57.93048],[25.29935,57.93145],[25.29979,57.9322],[25.30093,57.9327],[25.30262,57.9331],[25.30442,57.9335],[25.30578,57.93387],[25.30584,57.93548],[25.30572,57.93637],[25.30659,57.93706],[25.30823,57.93732],[25.3103,57.93736],[25.31247,57.93741],[25.31453,57.93742],[25.31633,57.93764],[25.31823,57.93824],[25.32008,57.93879],[25.32217,57.93903],[25.3242,57.93919],[25.32573,57.93932],[25.32794,57.93953],[25.32725,57.94047],[25.32756,57.94121],[25.32787,57.94199],[25.32827,57.94274],[25.32916,57.94352],[25.33014,57.94432],[25.33113,57.94507],[25.33207,57.94581],[25.33298,57.94653],[25.33384,57.94727],[25.33465,57.94795],[25.3354,57.94856],[25.33556,57.94932],[25.33626,57.95001],[25.33777,57.95124],[25.33864,57.95208],[25.33943,57.95289],[25.34014,57.9536],[25.34115,57.9542],[25.34243,57.95389],[25.34398,57.95343],[25.34627,57.9531],[25.3486,57.95349],[25.35059,57.95397],[25.35316,57.95459],[25.35459,57.95493],[25.35593,57.95526],[25.35724,57.95559],[25.35854,57.95595],[25.3598,57.9563],[25.36231,57.95687],[25.36365,57.95701],[25.36533,57.95709],[25.36594,57.95586],[25.36632,57.95512],[25.36679,57.95431],[25.36729,57.95347],[25.36783,57.95257],[25.3684,57.95163],[25.36898,57.9507],[25.36953,57.94982],[25.37004,57.94901],[25.37072,57.94783],[25.37032,57.94701],[25.37078,57.94602],[25.37208,57.945],[25.3728,57.94415],[25.37344,57.94346],[25.37528,57.94361],[25.37661,57.94378],[25.37811,57.94395],[25.37977,57.9441],[25.38136,57.94426],[25.38207,57.94493],[25.38078,57.94591],[25.3802,57.94663],[25.37957,57.94746],[25.37891,57.94828],[25.37827,57.94927],[25.38013,57.94967],[25.38144,57.94994],[25.38287,57.95023],[25.38446,57.95055],[25.38614,57.95088],[25.38772,57.95128],[25.38943,57.95183],[25.39117,57.95237],[25.39285,57.95286],[25.3947,57.95307],[25.39674,57.95297],[25.39888,57.95259],[25.40097,57.95216],[25.40295,57.95208],[25.40476,57.95208],[25.40667,57.95221],[25.4084,57.9512],[25.40941,57.95064],[25.41067,57.95034],[25.41218,57.95007],[25.41351,57.94982],[25.41507,57.94846],[25.41596,57.94763],[25.41841,57.94712],[25.41986,57.94708],[25.4212,57.94683],[25.42215,57.9463],[25.42449,57.94548],[25.42588,57.94505],[25.42714,57.94464],[25.42916,57.94414],[25.43048,57.94441],[25.43288,57.94455],[25.43427,57.94411],[25.4357,57.94364],[25.437,57.94325],[25.43814,57.9427],[25.43944,57.94227],[25.44097,57.94207],[25.44241,57.94202],[25.44406,57.94213],[25.44581,57.94221],[25.44717,57.94223],[25.44919,57.94105],[25.45043,57.94022],[25.45166,57.93939],[25.45257,57.93872],[25.4527,57.93781],[25.4528,57.93671],[25.45291,57.93556],[25.45303,57.9344],[25.45313,57.93325],[25.45323,57.93214],[25.45347,57.93114],[25.45398,57.93009],[25.45449,57.92903],[25.45507,57.92788],[25.45568,57.92668],[25.45629,57.92547],[25.45689,57.92431],[25.4574,57.92328],[25.4573,57.92232],[25.45707,57.92139],[25.45688,57.92064],[25.45567,57.91945],[25.4543,57.91883],[25.45254,57.91829],[25.45087,57.91763],[25.44926,57.91694],[25.44786,57.91615],[25.44678,57.91517],[25.44584,57.91417],[25.44491,57.9131],[25.44398,57.91204],[25.44303,57.91111],[25.44169,57.91034],[25.4399,57.90977],[25.43788,57.90939],[25.43585,57.90901],[25.43398,57.90865],[25.43226,57.90806],[25.43057,57.90746],[25.42905,57.90676],[25.42783,57.90586],[25.42691,57.9049],[25.4256,57.90405],[25.42401,57.90334],[25.42266,57.9026],[25.42191,57.90166],[25.42189,57.90066],[25.42244,57.89962],[25.42328,57.89859],[25.42412,57.89763],[25.42515,57.89673],[25.4264,57.89586],[25.42761,57.89505],[25.42895,57.89417],[25.43033,57.89326],[25.43175,57.89233],[25.43314,57.89141],[25.43448,57.8906],[25.43603,57.89001],[25.4374,57.88946],[25.43823,57.88888],[25.43909,57.88774],[25.44076,57.88752],[25.44235,57.88736],[25.44405,57.88725],[25.44581,57.88728],[25.44749,57.88733],[25.44926,57.88737],[25.45086,57.88742],[25.45186,57.88655],[25.45031,57.88581],[25.44849,57.88541],[25.44818,57.88454],[25.44914,57.88371],[25.44935,57.88252],[25.44854,57.88124],[25.44788,57.8805],[25.44689,57.87987],[25.44587,57.87924],[25.44489,57.87865],[25.44392,57.87806],[25.44295,57.87745],[25.44187,57.87679],[25.44072,57.87608],[25.43948,57.87531],[25.43811,57.87446],[25.43663,57.87355],[25.43515,57.87264],[25.43365,57.87173],[25.43214,57.8708],[25.43065,57.86989],[25.42916,57.86897],[25.42771,57.86808],[25.4264,57.86723],[25.42529,57.86623],[25.42451,57.86512],[25.42396,57.864],[25.42339,57.8628],[25.42283,57.86157],[25.42224,57.86033],[25.42162,57.85904],[25.42101,57.85774],[25.42029,57.85658],[25.41941,57.85584],[25.42053,57.85503],[25.42154,57.85431],[25.42273,57.8535],[25.42388,57.85253],[25.42518,57.85165],[25.42687,57.85087],[25.42859,57.85027],[25.43024,57.84979],[25.43214,57.84922],[25.43414,57.84845],[25.43574,57.8477],[25.43741,57.84714],[25.43925,57.8466],[25.44084,57.84586],[25.44229,57.84488],[25.44345,57.84406],[25.44621,57.84351],[25.44783,57.84333],[25.44973,57.8431],[25.45178,57.84285],[25.45393,57.84256],[25.45608,57.84207],[25.45816,57.84153],[25.46008,57.84108],[25.46173,57.84068],[25.46348,57.84005],[25.46522,57.83936],[25.46678,57.83877],[25.46852,57.83829],[25.47052,57.83783],[25.47256,57.83735],[25.47427,57.83693],[25.47586,57.83667],[25.47767,57.83655],[25.47923,57.83643],[25.48028,57.83591],[25.4814,57.83513],[25.48285,57.83442],[25.48439,57.83377],[25.4858,57.83315],[25.4872,57.83242],[25.48859,57.83176],[25.49015,57.83115],[25.49182,57.83064],[25.49375,57.83024],[25.4955,57.82989],[25.49725,57.8294],[25.49884,57.82894],[25.50035,57.82851],[25.50205,57.82771],[25.50409,57.82757],[25.5062,57.82679],[25.50728,57.82614],[25.50838,57.82546],[25.50934,57.82485],[25.51014,57.82413],[25.51106,57.82346],[25.51268,57.82239],[25.51287,57.82114],[25.51259,57.82036],[25.5125,57.8196],[25.51244,57.81875],[25.51239,57.81799],[25.51235,57.81712],[25.5123,57.8163],[25.51223,57.81536],[25.51216,57.81457],[25.51097,57.81326],[25.51022,57.81259],[25.50953,57.81192],[25.5091,57.8112],[25.50881,57.81046],[25.50826,57.80974],[25.50757,57.80899],[25.50676,57.80825],[25.50585,57.80759],[25.50497,57.80699],[25.50448,57.80616],[25.50405,57.80544],[25.50449,57.80418],[25.50413,57.80311],[25.5025,57.80219],[25.50125,57.80187],[25.50066,57.80121],[25.50082,57.80045],[25.50095,57.79969],[25.50034,57.79862],[25.50135,57.79918],[25.50256,57.79836],[25.50348,57.79738],[25.5042,57.79666],[25.50514,57.79601],[25.50709,57.79566],[25.50865,57.7955],[25.50996,57.79519],[25.51195,57.79524],[25.51341,57.79531],[25.51497,57.79498],[25.51643,57.79496],[25.51795,57.79497],[25.51973,57.79515],[25.52161,57.79558],[25.52272,57.79637],[25.52439,57.79683],[25.52618,57.7961],[25.52797,57.79539],[25.52998,57.79476],[25.532,57.7941],[25.53364,57.79319],[25.5347,57.79268],[25.53639,57.79177],[25.53755,57.79059],[25.53792,57.78984],[25.53871,57.789],[25.54026,57.7882],[25.54216,57.78773],[25.54439,57.7871],[25.54567,57.7867],[25.5477,57.78606],[25.54939,57.78556],[25.55104,57.78551],[25.55297,57.78524],[25.55486,57.78485],[25.55661,57.78436],[25.55851,57.78429],[25.56009,57.78399],[25.56136,57.78352],[25.5629,57.78342],[25.56116,57.78371],[25.55996,57.78413],[25.56087,57.78495],[25.56127,57.78642],[25.56127,57.78761],[25.56197,57.7886],[25.56411,57.78922],[25.56549,57.78955],[25.56735,57.78937],[25.5691,57.78883],[25.57114,57.78826],[25.57302,57.78763],[25.57396,57.78682],[25.57352,57.78583],[25.57178,57.7852],[25.57033,57.78466],[25.57131,57.78387],[25.57267,57.78359],[25.57427,57.78346],[25.57569,57.78339],[25.57723,57.78373],[25.57838,57.78326],[25.57954,57.78276],[25.58144,57.78305],[25.58368,57.78304],[25.58505,57.78309],[25.58753,57.78315],[25.58986,57.78302],[25.59123,57.78264],[25.59315,57.78235],[25.59524,57.78207],[25.59669,57.7818],[25.59826,57.78198],[25.6,57.78181],[25.60218,57.78157],[25.60407,57.78123],[25.60619,57.7809],[25.60819,57.7807],[25.60946,57.78023],[25.61071,57.77984],[25.61233,57.77939],[25.6136,57.77859],[25.61487,57.77785],[25.61627,57.77729],[25.61766,57.77668],[25.61877,57.77609],[25.62042,57.77598],[25.62121,57.77535],[25.62221,57.7744],[25.62296,57.77376],[25.62423,57.77333],[25.62538,57.77284],[25.62661,57.77216],[25.62768,57.77162],[25.62892,57.77129],[25.63109,57.77122],[25.63281,57.77131],[25.63449,57.77137],[25.63629,57.77156],[25.63765,57.7716],[25.63861,57.77092],[25.63934,57.77021],[25.63978,57.76935],[25.6403,57.76851],[25.64124,57.76768],[25.64237,57.76673],[25.64349,57.76581],[25.6444,57.76485],[25.64491,57.76382],[25.64534,57.76279],[25.64582,57.7617],[25.64633,57.76059],[25.64692,57.75944],[25.64758,57.75828],[25.64832,57.75713],[25.64902,57.75607],[25.6495,57.75513],[25.64985,57.7544],[25.64973,57.75314],[25.64847,57.75206],[25.64558,57.75194],[25.64365,57.75199],[25.64176,57.75199],[25.63997,57.75195],[25.6382,57.75203],[25.63628,57.75207],[25.63419,57.75204],[25.63208,57.75197],[25.63036,57.75198],[25.62916,57.7525],[25.62667,57.75288],[25.62475,57.75251],[25.62313,57.75194],[25.62166,57.75124],[25.61993,57.75072],[25.6181,57.75024],[25.61622,57.74985],[25.61413,57.7496],[25.61208,57.74947],[25.61014,57.74959],[25.60813,57.74998],[25.60632,57.75027],[25.6048,57.75034],[25.60299,57.75012],[25.60113,57.75001],[25.5994,57.7498],[25.59777,57.74948],[25.59621,57.74931],[25.5946,57.74894],[25.59302,57.74861],[25.59146,57.74829],[25.58963,57.74812],[25.58807,57.74798],[25.58697,57.74743],[25.58596,57.74636],[25.58515,57.74538],[25.58417,57.74483],[25.58298,57.74422],[25.58144,57.74334],[25.58049,57.74265],[25.57958,57.74203],[25.57863,57.74147],[25.57748,57.74091],[25.5762,57.7402],[25.57497,57.73947],[25.57407,57.73863],[25.57389,57.73774],[25.57443,57.73672],[25.57501,57.73573],[25.57597,57.73484],[25.57694,57.73399],[25.57787,57.73321],[25.57864,57.7321],[25.58051,57.73116],[25.58165,57.73072],[25.58286,57.73031],[25.58407,57.72995],[25.58629,57.72933],[25.5881,57.72882],[25.58957,57.7285],[25.59172,57.72857],[25.59397,57.72797],[25.5963,57.7273],[25.59801,57.72697],[25.60023,57.72687],[25.60221,57.72661],[25.60453,57.72612],[25.60653,57.72596],[25.60806,57.72533],[25.60973,57.72459],[25.61145,57.72412],[25.61333,57.72372],[25.61523,57.72309],[25.61702,57.72251],[25.61854,57.7218],[25.61994,57.72082],[25.61817,57.71983],[25.61668,57.71929],[25.61519,57.7188],[25.61366,57.71832],[25.61214,57.71781],[25.61057,57.71727],[25.609,57.71678],[25.60746,57.71629],[25.60617,57.71589],[25.60527,57.71535],[25.60472,57.71448],[25.60397,57.71363],[25.60324,57.71288],[25.60455,57.712],[25.60618,57.71162],[25.60798,57.71118],[25.60976,57.71077],[25.61154,57.71036],[25.61335,57.70994],[25.61524,57.7095],[25.61698,57.70908],[25.61845,57.70875],[25.61997,57.70855],[25.62193,57.70879],[25.62336,57.70791],[25.62316,57.70708],[25.62266,57.70636],[25.62163,57.70584],[25.6211,57.70465],[25.6215,57.70389],[25.622,57.70294],[25.62253,57.70201],[25.62348,57.70116],[25.62443,57.70038],[25.62553,57.69979],[25.62719,57.69943],[25.62913,57.6992],[25.63115,57.69893],[25.63308,57.69847],[25.63493,57.69793],[25.63665,57.69748],[25.63854,57.69696],[25.64042,57.69644],[25.64229,57.69591],[25.64401,57.69543],[25.64555,57.69489],[25.64719,57.69425],[25.64866,57.69369],[25.64979,57.69329],[25.65126,57.6927],[25.65156,57.69185],[25.65182,57.69069],[25.65152,57.68925],[25.65121,57.68847],[25.65091,57.68767],[25.65071,57.68678],[25.65046,57.68579],[25.65019,57.6847],[25.64993,57.68357],[25.6497,57.68251],[25.64959,57.68138],[25.64953,57.68027],[25.64946,57.67928],[25.6493,57.67842],[25.64895,57.67763],[25.64823,57.67678],[25.64751,57.67602],[25.64673,57.67523],[25.66108,57.6686],[25.66774,57.66447],[25.6776,57.66243],[25.68679,57.6557],[25.68748,57.65358],[25.68689,57.65252],[25.68646,57.65173],[25.68619,57.65073],[25.68595,57.6496],[25.68568,57.64846],[25.68541,57.64729],[25.68519,57.64624],[25.68498,57.6453],[25.68444,57.64463],[25.68282,57.64496],[25.68142,57.64515],[25.67901,57.6453],[25.67756,57.64539],[25.67593,57.64547],[25.67427,57.64558],[25.67281,57.64577],[25.67152,57.64608],[25.6702,57.64625],[25.66898,57.64657],[25.66752,57.64727],[25.66474,57.64779],[25.66277,57.64763],[25.66147,57.64707],[25.66019,57.64648],[25.65727,57.64632],[25.65511,57.64634],[25.65283,57.64635],[25.65062,57.64637],[25.64867,57.64639],[25.64701,57.64641],[25.64585,57.64589],[25.64578,57.64495],[25.64573,57.64393],[25.6457,57.64294],[25.64569,57.64193],[25.64567,57.64086],[25.64563,57.63972],[25.64561,57.63865],[25.64558,57.63756],[25.64555,57.63649],[25.64553,57.63549],[25.64551,57.63454],[25.64576,57.63317],[25.64575,57.63242],[25.64598,57.63132],[25.64857,57.63084],[25.64993,57.63032],[25.65154,57.62963],[25.65327,57.6289],[25.65483,57.62824],[25.65646,57.62755],[25.65795,57.62691],[25.65925,57.62632],[25.66033,57.6258],[25.66154,57.62521],[25.66287,57.62284],[25.6623,57.62187],[25.66198,57.62093],[25.66109,57.61937],[25.65948,57.61811],[25.65674,57.61688],[25.65519,57.61664],[25.6567,57.61694],[25.65793,57.61744],[25.65902,57.61796],[25.66008,57.61844],[25.66106,57.61936],[25.66132,57.62046],[25.66217,57.6214],[25.6628,57.62245],[25.66243,57.62359],[25.66192,57.62433],[25.66146,57.62505],[25.66328,57.62531],[25.66521,57.62547],[25.66757,57.62565],[25.66962,57.62582],[25.671,57.62597],[25.67283,57.62625],[25.67482,57.62575],[25.67633,57.62551],[25.67775,57.62529],[25.67909,57.62519],[25.68049,57.62508],[25.68197,57.62497],[25.68357,57.62496],[25.68514,57.62504],[25.68523,57.62652],[25.68509,57.62736],[25.68425,57.62927],[25.68622,57.62973],[25.69163,57.63154],[25.69226,57.62718],[25.69263,57.62627],[25.6932,57.62526],[25.69365,57.62446],[25.69437,57.62372],[25.6962,57.62271],[25.69715,57.62219],[25.69813,57.62167],[25.69913,57.62112],[25.70011,57.62062],[25.70108,57.6201],[25.7014,57.61903],[25.70123,57.61805],[25.70085,57.61734],[25.69857,57.61754],[25.6969,57.6175],[25.69511,57.61747],[25.6933,57.61752],[25.69141,57.61757],[25.68975,57.61777],[25.68812,57.61806],[25.68656,57.6182],[25.68511,57.61816],[25.68382,57.61706],[25.68197,57.61645],[25.68012,57.61629],[25.67799,57.61622],[25.67575,57.61535],[25.67543,57.61438],[25.67514,57.61346],[25.67488,57.61264],[25.67459,57.61165],[25.67431,57.61071],[25.67412,57.60982],[25.67384,57.60886],[25.67356,57.6078],[25.67325,57.60671],[25.67289,57.60566],[25.67244,57.60479],[25.67283,57.60358],[25.674,57.60302],[25.67537,57.60229],[25.6768,57.60152],[25.67839,57.60084],[25.68012,57.60024],[25.68172,57.59968],[25.68409,57.59955],[25.68524,57.59907],[25.68546,57.59836],[25.68494,57.59731],[25.68463,57.59653],[25.68411,57.59541],[25.68381,57.59452],[25.6852,57.59477],[25.68586,57.59547],[25.6871,57.59643],[25.68845,57.59669],[25.68882,57.59754],[25.68996,57.597],[25.69068,57.5963],[25.69134,57.59554],[25.69205,57.59478],[25.69301,57.59406],[25.6941,57.59341],[25.69544,57.5928],[25.69661,57.59205],[25.69767,57.59131],[25.69889,57.59059],[25.70008,57.5899],[25.7011,57.58907],[25.7022,57.58829],[25.70346,57.58754],[25.70471,57.58673],[25.70583,57.58586],[25.70663,57.58493],[25.70747,57.58402],[25.70868,57.58322],[25.71006,57.58248],[25.71122,57.58173],[25.71165,57.58086],[25.71176,57.58011],[25.7117,57.57939],[25.71153,57.5781],[25.7109,57.57732],[25.71029,57.57651],[25.70973,57.57579],[25.70892,57.57439],[25.70891,57.57365],[25.70926,57.57288],[25.70992,57.57217],[25.71049,57.57146],[25.71089,57.57076],[25.71157,57.56951],[25.71196,57.56875],[25.71271,57.56796],[25.71356,57.56715],[25.71418,57.56648],[25.71433,57.56506],[25.71491,57.56386],[25.71448,57.56231],[25.7142,57.56137],[25.7139,57.56037],[25.71359,57.55931],[25.71329,57.55825],[25.71296,57.55716],[25.71265,57.55607],[25.71233,57.555],[25.71201,57.5539],[25.71168,57.55281],[25.71135,57.55172],[25.71105,57.55062],[25.71085,57.54958],[25.71088,57.54866],[25.711,57.54779],[25.71113,57.54698],[25.71124,57.5462],[25.7109,57.54485],[25.71025,57.54418],[25.70915,57.54323],[25.70852,57.54254],[25.70766,57.54188],[25.70687,57.54117],[25.70876,57.54034],[25.71062,57.54026],[25.71237,57.5396],[25.71367,57.53863],[25.71491,57.53774],[25.71536,57.53698],[25.71575,57.53618],[25.71594,57.53527],[25.71603,57.53439],[25.71581,57.53347],[25.71537,57.53264],[25.71483,57.53172],[25.71452,57.53082],[25.71376,57.53004],[25.71269,57.52877],[25.7123,57.52803],[25.71197,57.52699],[25.71293,57.52569],[25.71415,57.52518],[25.71545,57.52462],[25.71623,57.52388],[25.71682,57.52297],[25.71722,57.52201],[25.71763,57.521],[25.7183,57.52001],[25.71912,57.519],[25.72006,57.51805],[25.72059,57.51717],[25.72096,57.5162],[25.72132,57.51518],[25.72149,57.51413],[25.72165,57.51304],[25.7218,57.51192],[25.72195,57.51088],[25.7223,57.50985],[25.72299,57.50882],[25.72358,57.50783],[25.72396,57.50682],[25.72393,57.50589],[25.72345,57.505],[25.7226,57.50397],[25.72157,57.50304],[25.72016,57.50227],[25.71878,57.5015],[25.7176,57.50053],[25.7165,57.49959],[25.71575,57.49862],[25.71521,57.49787],[25.71538,57.49651],[25.71569,57.49554],[25.7159,57.49443],[25.71611,57.49325],[25.7163,57.492],[25.71651,57.4907],[25.71671,57.48937],[25.71693,57.48806],[25.71717,57.48677],[25.71744,57.48544],[25.71772,57.48405],[25.71801,57.48267],[25.7183,57.48131],[25.71859,57.47995],[25.71888,57.4786],[25.71917,57.4773],[25.71932,57.47624],[25.71943,57.47542],[25.71988,57.47458],[25.72045,57.47382],[25.72152,57.47307],[25.72233,57.47228],[25.72327,57.47124],[25.72244,57.47042],[25.72179,57.46942],[25.72083,57.46876],[25.71986,57.46818],[25.71805,57.46709],[25.71687,57.46643],[25.71565,57.46576],[25.71422,57.46521],[25.71259,57.46471],[25.71089,57.4642],[25.70915,57.46368],[25.70744,57.46318],[25.70597,57.46274],[25.70449,57.4623],[25.70299,57.46184],[25.7015,57.46139],[25.69993,57.46096],[25.69834,57.46052],[25.69678,57.46009],[25.69513,57.45965],[25.69348,57.4592],[25.69217,57.45879],[25.69182,57.45764],[25.69224,57.45682],[25.69322,57.45602],[25.69435,57.45522],[25.69548,57.45461],[25.69638,57.45395],[25.69682,57.45316],[25.69748,57.45233],[25.69834,57.45154],[25.69905,57.45079],[25.69936,57.44988],[25.69958,57.449],[25.70087,57.44832],[25.70322,57.44823],[25.70409,57.4476],[25.70434,57.44674],[25.70439,57.44585],[25.70233,57.44568],[25.70189,57.44499],[25.70247,57.44375],[25.70287,57.44252],[25.70241,57.44129],[25.70198,57.43997],[25.70162,57.43861],[25.70133,57.43746],[25.70175,57.43656],[25.70221,57.43588],[25.70273,57.43513],[25.70335,57.43429],[25.7024,57.43367],[25.7011,57.43331],[25.69971,57.433],[25.6983,57.43259],[25.69709,57.43202],[25.696,57.43149],[25.69434,57.43028],[25.69329,57.42957],[25.69195,57.42888],[25.69053,57.42819],[25.68915,57.42752],[25.68764,57.42703],[25.68622,57.4264],[25.68506,57.4254],[25.68389,57.42443],[25.68226,57.4238],[25.68078,57.42281],[25.67905,57.42179],[25.67719,57.42072],[25.67559,57.41983],[25.67337,57.4193],[25.67106,57.41851],[25.66903,57.41764],[25.66769,57.41736],[25.66576,57.41649],[25.66457,57.41536],[25.66377,57.41462],[25.66302,57.41377],[25.66253,57.41281],[25.66207,57.41186],[25.66133,57.41117],[25.65996,57.41066],[25.65847,57.41014],[25.65699,57.4095],[25.65567,57.40885],[25.65425,57.40831],[25.65312,57.40785],[25.65223,57.40716],[25.65151,57.40633],[25.65052,57.40547],[25.64944,57.4046],[25.64834,57.40369],[25.64723,57.40281],[25.64635,57.40188],[25.64531,57.40105],[25.64418,57.40028],[25.64326,57.3994],[25.64253,57.39859],[25.64241,57.3978],[25.64256,57.39685],[25.6427,57.39589],[25.64265,57.39498],[25.64221,57.39401],[25.64167,57.39301],[25.6411,57.392],[25.6406,57.3911],[25.64042,57.39014],[25.63997,57.3893],[25.63908,57.38845],[25.63812,57.38758],[25.63698,57.38671],[25.63572,57.38589],[25.63437,57.38504],[25.63309,57.3842],[25.6319,57.38344],[25.63068,57.38264],[25.62954,57.38187],[25.6287,57.38099],[25.62836,57.38],[25.62814,57.37901],[25.62757,57.37802],[25.62695,57.37697],[25.6263,57.37588],[25.62564,57.37475],[25.62508,57.37364],[25.62475,57.37257],[25.62449,57.37152],[25.62441,57.37043],[25.62437,57.36929],[25.62419,57.36813],[25.62396,57.36699],[25.62372,57.36587],[25.62331,57.36478],[25.62263,57.36365],[25.62188,57.36262],[25.62138,57.36154],[25.62126,57.36036],[25.62122,57.35919],[25.62145,57.35804],[25.62197,57.35686],[25.62247,57.35572],[25.62291,57.35468],[25.62319,57.35373],[25.6232,57.35295],[25.62293,57.35218],[25.62282,57.35144],[25.62328,57.35067],[25.62383,57.34985],[25.62389,57.34896],[25.62349,57.34827],[25.62306,57.34754],[25.62249,57.34674],[25.62183,57.34591],[25.62133,57.3451],[25.62106,57.34431],[25.62053,57.34363],[25.61908,57.34235],[25.61837,57.34153],[25.61784,57.34064],[25.61741,57.33981],[25.6172,57.33903],[25.61659,57.33754],[25.61605,57.33678],[25.61548,57.33552],[25.61558,57.33461],[25.61431,57.33386],[25.61275,57.333],[25.61117,57.33228],[25.60988,57.33186],[25.60946,57.33081],[25.60982,57.32999],[25.61063,57.32919],[25.61178,57.32849],[25.61358,57.3289],[25.61491,57.32938],[25.61351,57.3301],[25.61215,57.33066],[25.61345,57.33011],[25.61448,57.32965],[25.61296,57.32871],[25.6113,57.32876],[25.61048,57.32936],[25.60956,57.33061],[25.60935,57.33139],[25.60749,57.33099],[25.60618,57.33007],[25.60465,57.329],[25.60321,57.32814],[25.60158,57.3273],[25.60154,57.32632],[25.60049,57.32502],[25.59975,57.32442],[25.5983,57.32347],[25.59918,57.32263],[25.60052,57.32226],[25.60218,57.32214],[25.60042,57.32231],[25.59862,57.32286],[25.59887,57.32383],[25.60047,57.32502],[25.60112,57.32566],[25.60141,57.32688],[25.5998,57.32693],[25.59847,57.32667],[25.59597,57.32657],[25.59438,57.32658],[25.5928,57.32656],[25.59142,57.32663],[25.58893,57.3269],[25.5872,57.32644],[25.58596,57.32587],[25.58479,57.32532],[25.58362,57.32476],[25.58245,57.32421],[25.58136,57.32371],[25.58024,57.32318],[25.57904,57.3226],[25.57779,57.32198],[25.57671,57.32139],[25.57517,57.32026],[25.57459,57.31959],[25.57448,57.31875],[25.57388,57.31801],[25.57287,57.31738],[25.57163,57.31699],[25.5704,57.31658],[25.56911,57.3153],[25.56842,57.31463],[25.56773,57.31398],[25.56727,57.31259],[25.56699,57.3118],[25.56668,57.31103],[25.56622,57.31016],[25.56584,57.30931],[25.56507,57.30853],[25.56405,57.30786],[25.5624,57.30704],[25.56077,57.30678],[25.55888,57.3062],[25.55717,57.30539],[25.55627,57.30476],[25.55488,57.30399],[25.55305,57.30368],[25.55083,57.30348],[25.5494,57.30314],[25.54798,57.30347],[25.54529,57.30361],[25.54371,57.30361],[25.54205,57.30365],[25.54054,57.30375],[25.53911,57.30365],[25.53761,57.30346],[25.53611,57.30343],[25.53457,57.3032],[25.53303,57.30301],[25.53144,57.3029],[25.52967,57.30298],[25.52789,57.30301],[25.52637,57.30327],[25.52484,57.30359],[25.52316,57.30382],[25.52149,57.30383],[25.52018,57.30363],[25.5189,57.30311],[25.51767,57.30266],[25.51623,57.30243],[25.51472,57.30209],[25.51322,57.30164],[25.51169,57.30127],[25.5101,57.30103],[25.50861,57.30078],[25.50697,57.3006],[25.50715,57.29974],[25.50773,57.29904],[25.50839,57.29794],[25.50774,57.29694],[25.50413,57.29678],[25.50355,57.2959],[25.5013,57.29515],[25.49941,57.29517],[25.49797,57.29448],[25.49823,57.29336],[25.49643,57.29253],[25.49483,57.29111],[25.49367,57.2906],[25.4896,57.28981],[25.48927,57.28895],[25.48982,57.28758],[25.49039,57.28658],[25.49084,57.28553],[25.4916,57.28447],[25.49247,57.28348],[25.4933,57.2826],[25.49395,57.28186],[25.49478,57.28092],[25.50106,57.28146],[25.49515,57.28018],[25.49371,57.27987],[25.49197,57.27958],[25.49327,57.27976],[25.49515,57.28011],[25.49655,57.2796],[25.49784,57.27917],[25.49922,57.2787],[25.50072,57.27817],[25.50203,57.27759],[25.5032,57.27684],[25.50435,57.27604],[25.50549,57.27529],[25.50665,57.27455],[25.50805,57.27388],[25.50966,57.2733],[25.51136,57.27276],[25.51311,57.27219],[25.51476,57.27157],[25.51634,57.27083],[25.51778,57.26994],[25.51907,57.26894],[25.52036,57.2679],[25.52167,57.26683],[25.52302,57.2657],[25.52439,57.26462],[25.52578,57.26358],[25.52734,57.26262],[25.5291,57.26176],[25.53094,57.26098],[25.53272,57.26023],[25.53435,57.25951],[25.53569,57.25885],[25.53683,57.25806],[25.53553,57.25669],[25.53442,57.25593],[25.53332,57.2552],[25.53244,57.2544],[25.53177,57.25355],[25.53068,57.25284],[25.52953,57.25214],[25.52886,57.25125],[25.52825,57.25032],[25.52735,57.24941],[25.52649,57.24859],[25.52578,57.24786],[25.52536,57.247],[25.52516,57.24611],[25.52494,57.24536],[25.52447,57.24452],[25.5237,57.24366],[25.5229,57.24277],[25.52206,57.24186],[25.52111,57.24094],[25.52015,57.24007],[25.51946,57.23936],[25.51863,57.23878],[25.51724,57.2387],[25.51564,57.23887],[25.51401,57.23927],[25.51233,57.23959],[25.5106,57.23964],[25.50907,57.23946],[25.50749,57.23901],[25.50585,57.23856],[25.50438,57.23812],[25.50352,57.23743],[25.50288,57.23647],[25.50221,57.23545],[25.50153,57.23444],[25.50083,57.2334],[25.50021,57.23247],[25.49951,57.23143],[25.49878,57.23035],[25.49806,57.22926],[25.49734,57.2282],[25.4966,57.22715],[25.49584,57.22604],[25.49511,57.22493],[25.4944,57.22388],[25.49376,57.22289],[25.49328,57.2218],[25.49284,57.22072],[25.49238,57.21966],[25.49195,57.21859],[25.49152,57.2175],[25.49108,57.21644],[25.49061,57.21533],[25.49011,57.21424],[25.48977,57.21346],[25.48766,57.2128],[25.48714,57.21159],[25.48587,57.21038],[25.48443,57.20977],[25.48296,57.2098],[25.4814,57.20984],[25.47984,57.20985],[25.47823,57.20988],[25.47651,57.20991],[25.47469,57.20993],[25.47291,57.20997],[25.47115,57.21001],[25.46939,57.21012],[25.46772,57.21031],[25.46607,57.21059],[25.4646,57.21091],[25.46328,57.21129],[25.46198,57.21176],[25.4607,57.2123],[25.45957,57.21288],[25.45857,57.21349],[25.45773,57.21408],[25.45693,57.21476],[25.45617,57.21546],[25.45535,57.2162],[25.4544,57.21693],[25.45335,57.2176],[25.45212,57.21823],[25.45074,57.2188],[25.44933,57.21936],[25.44798,57.21989],[25.44666,57.22039],[25.44526,57.22081],[25.44401,57.22106],[25.44263,57.22123],[25.44013,57.22127],[25.43878,57.22122],[25.43619,57.22092],[25.43472,57.22068],[25.43322,57.22037],[25.43184,57.21999],[25.43063,57.21957],[25.4295,57.21909],[25.42767,57.21808],[25.42737,57.21724],[25.42678,57.21571],[25.42635,57.2147],[25.42597,57.21377],[25.4256,57.21286],[25.42521,57.21191],[25.42497,57.21102],[25.42487,57.21011],[25.42478,57.20931],[25.42552,57.20853],[25.42679,57.20804],[25.42814,57.2075],[25.42963,57.20687],[25.4311,57.20626],[25.43233,57.20554],[25.43343,57.20464],[25.43451,57.20369],[25.43539,57.20278],[25.4357,57.2018],[25.43535,57.20076],[25.43482,57.19968],[25.43454,57.19854],[25.43467,57.1974],[25.43525,57.19633],[25.43633,57.19547],[25.43793,57.19473],[25.4376,57.19377],[25.43785,57.19261],[25.43878,57.19189],[25.43993,57.19142],[25.44088,57.19076],[25.44153,57.19002],[25.44194,57.18929],[25.44232,57.18852],[25.44241,57.18769],[25.44218,57.18676],[25.44212,57.18595],[25.44149,57.18519],[25.44056,57.18448],[25.44027,57.18358],[25.44023,57.18258],[25.44027,57.18169],[25.44016,57.18085],[25.44032,57.18004],[25.44068,57.1793],[25.44105,57.17848],[25.44098,57.1776],[25.44083,57.17667],[25.44063,57.17573],[25.44044,57.17493],[25.43986,57.17414],[25.43905,57.17333],[25.43841,57.1726],[25.4385,57.17174],[25.43906,57.1709],[25.43975,57.16999],[25.44033,57.16909],[25.44093,57.16825],[25.4416,57.16738],[25.44247,57.16671],[25.44365,57.16622],[25.44493,57.16583],[25.44614,57.16501],[25.44597,57.1642],[25.44576,57.16345],[25.44567,57.16267],[25.44563,57.16189],[25.44577,57.16112],[25.44615,57.16039],[25.44794,57.15954],[25.44734,57.15834],[25.44642,57.15782],[25.44571,57.15707],[25.44527,57.15621],[25.44478,57.15532],[25.44431,57.15448],[25.44387,57.1537],[25.44405,57.15291],[25.44484,57.15205],[25.44567,57.15119],[25.44663,57.15054],[25.44776,57.14989],[25.44868,57.14892],[25.44821,57.14764],[25.44825,57.14674],[25.44865,57.14604],[25.44879,57.14522],[25.44863,57.14443],[25.44912,57.1437],[25.44945,57.14296],[25.44821,57.14156],[25.44696,57.14094],[25.44544,57.14049],[25.44379,57.14011],[25.44241,57.13968],[25.44096,57.13891],[25.43988,57.13788],[25.44044,57.13715],[25.44124,57.13652],[25.44212,57.1359],[25.44301,57.13529],[25.44372,57.13465],[25.44475,57.13335],[25.44564,57.13265],[25.44652,57.13197],[25.44842,57.1308],[25.44937,57.13009],[25.45037,57.12946],[25.45153,57.12886],[25.45274,57.12833],[25.45415,57.12776],[25.45554,57.12718],[25.45694,57.12657],[25.45821,57.12598],[25.45919,57.12531],[25.46001,57.1245],[25.46078,57.12382],[25.46178,57.12332],[25.46255,57.12262],[25.46328,57.12188],[25.46413,57.1212],[25.46522,57.1204],[25.46627,57.11966],[25.46734,57.11893],[25.4683,57.11826],[25.46936,57.11751],[25.47042,57.11678],[25.47147,57.11602],[25.47277,57.11522],[25.4741,57.11444],[25.47539,57.1137],[25.47661,57.11295],[25.47785,57.11221],[25.47881,57.11141],[25.47978,57.11051],[25.48076,57.10962],[25.48175,57.10871],[25.48261,57.10789],[25.48358,57.10703],[25.48449,57.10618],[25.48541,57.1054],[25.48634,57.10478],[25.48756,57.10438],[25.48869,57.10392],[25.48916,57.10286],[25.48696,57.10221],[25.48533,57.10163],[25.48379,57.10111],[25.48225,57.10063],[25.48104,57.09998],[25.48043,57.09916],[25.47973,57.09833],[25.47875,57.0976],[25.47735,57.09652],[25.47622,57.09544],[25.47603,57.09472],[25.47611,57.094],[25.47571,57.09286],[25.47528,57.09208],[25.47726,57.09163],[25.47868,57.09123],[25.47998,57.09081],[25.48198,57.09062],[25.48427,57.0905],[25.48622,57.08975],[25.488,57.08951],[25.48951,57.08932],[25.48986,57.08857],[25.49184,57.08839],[25.49408,57.08817],[25.49462,57.08745],[25.49533,57.08672],[25.49622,57.08589],[25.49708,57.0851],[25.4978,57.08419],[25.49825,57.0833],[25.49907,57.08247],[25.49999,57.08172],[25.50071,57.08087],[25.5015,57.08006],[25.50264,57.07953],[25.50367,57.07898],[25.50476,57.07833],[25.50617,57.07792],[25.50783,57.07765],[25.50946,57.07738],[25.51104,57.07707],[25.51235,57.07671],[25.51375,57.07612],[25.51508,57.07553],[25.51612,57.07506],[25.51759,57.07367],[25.51849,57.07275],[25.51942,57.07181],[25.5204,57.07084],[25.52141,57.06981],[25.52252,57.06873],[25.52359,57.06766],[25.52459,57.06665],[25.52527,57.06591],[25.52655,57.06495]]}},{"type":"Feature","properties":{"name":"TET_LV-06_20260404","lengthKm":290.8},"geometry":{"type":"LineString","coordinates":[[26.18947,56.71324],[26.19104,56.7128],[26.19344,56.71208],[26.19515,56.71116],[26.19507,56.70964],[26.1951,56.7089],[26.19521,56.70759],[26.19496,56.70633],[26.19696,56.70586],[26.19862,56.70555],[26.20082,56.70472],[26.20245,56.70424],[26.2042,56.70354],[26.20581,56.70285],[26.20718,56.70219],[26.20833,56.70137],[26.21003,56.70062],[26.21119,56.70006],[26.21066,56.69923],[26.20956,56.6986],[26.20878,56.69776],[26.20816,56.69708],[26.2097,56.69605],[26.21057,56.69545],[26.21141,56.69484],[26.2115,56.6938],[26.20928,56.6928],[26.20748,56.69224],[26.206,56.69215],[26.20613,56.69093],[26.20591,56.69008],[26.20553,56.689],[26.20587,56.68781],[26.20636,56.6868],[26.20704,56.68596],[26.20884,56.68518],[26.21011,56.68414],[26.21032,56.6833],[26.20998,56.68221],[26.20996,56.6813],[26.20926,56.68042],[26.20979,56.68115],[26.21091,56.68043],[26.20997,56.68122],[26.20934,56.68056],[26.20883,56.67987],[26.2079,56.67926],[26.20818,56.67768],[26.20815,56.67645],[26.20803,56.67542],[26.20828,56.67466],[26.20634,56.67325],[26.20471,56.67274],[26.20371,56.67207],[26.20306,56.67122],[26.20269,56.67027],[26.20248,56.66906],[26.20161,56.66816],[26.20019,56.668],[26.19889,56.66775],[26.19826,56.66708],[26.19735,56.66634],[26.19513,56.66591],[26.19359,56.66551],[26.19343,56.66467],[26.19263,56.66368],[26.1921,56.66279],[26.19173,56.66193],[26.19097,56.6613],[26.18992,56.66062],[26.18945,56.6598],[26.18932,56.65885],[26.18843,56.65808],[26.18763,56.65717],[26.18673,56.65663],[26.18611,56.65501],[26.18618,56.65412],[26.18574,56.65315],[26.18465,56.65217],[26.18401,56.65133],[26.18359,56.65047],[26.18376,56.64958],[26.18455,56.64864],[26.18506,56.64791],[26.18253,56.6472],[26.18031,56.64657],[26.17886,56.64627],[26.17745,56.64548],[26.17666,56.64436],[26.1764,56.64361],[26.17577,56.64247],[26.17565,56.64175],[26.1753,56.64076],[26.17411,56.64004],[26.17381,56.63903],[26.17378,56.6383],[26.17328,56.63695],[26.173,56.63574],[26.1722,56.63448],[26.17117,56.63369],[26.17009,56.6329],[26.16952,56.63223],[26.16858,56.63089],[26.16818,56.62949],[26.168,56.62873],[26.16718,56.62797],[26.1665,56.62735],[26.16521,56.62604],[26.16426,56.62549],[26.16221,56.62465],[26.16066,56.62386],[26.15966,56.62337],[26.15859,56.62252],[26.16127,56.62214],[26.16415,56.62237],[26.16643,56.62256],[26.16805,56.62273],[26.16742,56.62172],[26.16811,56.62109],[26.17005,56.62053],[26.17165,56.62],[26.17324,56.6199],[26.17506,56.61957],[26.17698,56.61935],[26.17838,56.61925],[26.18019,56.61917],[26.18286,56.61894],[26.18491,56.61869],[26.18604,56.6182],[26.18427,56.61679],[26.18277,56.61654],[26.18123,56.61609],[26.17996,56.6155],[26.17861,56.61527],[26.17666,56.61505],[26.17477,56.61454],[26.17341,56.61395],[26.17175,56.61326],[26.17026,56.61265],[26.16841,56.61216],[26.16639,56.61156],[26.16445,56.6113],[26.1629,56.61114],[26.16154,56.6103],[26.16013,56.60983],[26.15951,56.60883],[26.15885,56.60771],[26.15904,56.60659],[26.15841,56.60589],[26.15701,56.60506],[26.15558,56.60393],[26.15498,56.60273],[26.15515,56.60153],[26.1546,56.60068],[26.15425,56.59997],[26.15541,56.59924],[26.15329,56.59934],[26.1513,56.59895],[26.14905,56.59852],[26.14743,56.59821],[26.14551,56.59775],[26.14411,56.59701],[26.14342,56.59579],[26.14249,56.59482],[26.14105,56.59386],[26.13942,56.59412],[26.13753,56.5942],[26.13567,56.59393],[26.13438,56.59378],[26.13305,56.59382],[26.13142,56.59396],[26.1301,56.59337],[26.12893,56.59254],[26.12852,56.59153],[26.12807,56.59047],[26.12697,56.58971],[26.12611,56.58853],[26.12451,56.58822],[26.12293,56.58784],[26.1212,56.58745],[26.11974,56.58711],[26.11831,56.58756],[26.1167,56.58807],[26.11473,56.5881],[26.11298,56.58787],[26.11086,56.58773],[26.10947,56.58743],[26.10793,56.58688],[26.10644,56.58648],[26.10512,56.58635],[26.1048,56.58563],[26.10496,56.58475],[26.1072,56.58391],[26.10804,56.58314],[26.10837,56.58214],[26.1068,56.58071],[26.10612,56.57989],[26.10473,56.57901],[26.10338,56.57874],[26.10184,56.57855],[26.10049,56.57819],[26.09861,56.57753],[26.09757,56.57639],[26.09632,56.57494],[26.09491,56.57465],[26.09344,56.57472],[26.09176,56.57421],[26.09073,56.57359],[26.08961,56.57298],[26.08851,56.57234],[26.08693,56.57169],[26.08566,56.57114],[26.08401,56.57037],[26.08224,56.56997],[26.08061,56.56953],[26.07915,56.56922],[26.07756,56.5687],[26.07587,56.56843],[26.07463,56.56812],[26.07307,56.56761],[26.07046,56.56736],[26.06907,56.56705],[26.06762,56.56675],[26.06612,56.56585],[26.06576,56.56513],[26.06492,56.56457],[26.06335,56.56346],[26.06258,56.56283],[26.06172,56.56221],[26.06081,56.56157],[26.06007,56.56084],[26.06046,56.55953],[26.06081,56.55803],[26.06111,56.5572],[26.06074,56.55628],[26.06042,56.55548],[26.06015,56.55459],[26.06055,56.55375],[26.06108,56.55307],[26.06188,56.55227],[26.06321,56.55194],[26.06377,56.55101],[26.06468,56.54996],[26.06649,56.54931],[26.06787,56.54881],[26.06847,56.54797],[26.06931,56.5471],[26.06916,56.54625],[26.06845,56.54551],[26.06869,56.54469],[26.06774,56.54348],[26.0671,56.5426],[26.06539,56.54192],[26.06464,56.54133],[26.06615,56.54085],[26.0673,56.53966],[26.06753,56.53876],[26.06707,56.53766],[26.06669,56.5365],[26.0664,56.53543],[26.06606,56.53439],[26.06586,56.53362],[26.06624,56.53264],[26.0667,56.53162],[26.06667,56.53065],[26.06654,56.52942],[26.0662,56.5282],[26.06597,56.52719],[26.06607,56.52598],[26.06606,56.52503],[26.06568,56.5243],[26.06542,56.52333],[26.06642,56.52229],[26.06823,56.52148],[26.07053,56.52096],[26.07047,56.52012],[26.07065,56.51914],[26.07006,56.51806],[26.07015,56.51702],[26.07072,56.51602],[26.07002,56.51482],[26.06982,56.51365],[26.06908,56.51262],[26.06903,56.51178],[26.06847,56.51102],[26.06963,56.51049],[26.06957,56.50958],[26.07007,56.50841],[26.0705,56.50772],[26.07057,56.5065],[26.07,56.50523],[26.07027,56.50408],[26.07065,56.50276],[26.07056,56.50204],[26.0708,56.50129],[26.07138,56.50059],[26.07155,56.49975],[26.07173,56.49891],[26.07013,56.49778],[26.06834,56.49673],[26.06652,56.49564],[26.06384,56.49528],[26.0623,56.49511],[26.06097,56.49497],[26.05872,56.49476],[26.05683,56.49492],[26.05512,56.4956],[26.05382,56.49613],[26.05244,56.49695],[26.05102,56.49775],[26.04909,56.49866],[26.04714,56.4986],[26.04496,56.49849],[26.04357,56.49802],[26.04201,56.49758],[26.04048,56.49725],[26.03922,56.49702],[26.03653,56.49655],[26.03464,56.49642],[26.03332,56.49644],[26.03181,56.49658],[26.02998,56.49694],[26.02877,56.49753],[26.03013,56.49694],[26.0314,56.4966],[26.03341,56.49643],[26.03529,56.49641],[26.03704,56.49664],[26.0388,56.49693],[26.03718,56.49668],[26.03494,56.49641],[26.03245,56.49649],[26.03045,56.4968],[26.02902,56.49741],[26.02743,56.49702],[26.02583,56.49649],[26.0244,56.4964],[26.02262,56.49637],[26.02108,56.49641],[26.01946,56.4963],[26.01811,56.49646],[26.01654,56.4969],[26.01465,56.49627],[26.01284,56.49601],[26.01272,56.49527],[26.01116,56.49529],[26.00901,56.49518],[26.00763,56.49531],[26.00623,56.49525],[26.00475,56.49508],[26.00357,56.49461],[26.00154,56.49416],[25.99932,56.49385],[25.9971,56.49425],[25.99572,56.49434],[25.9944,56.49425],[25.99313,56.49386],[25.99133,56.49308],[25.99032,56.4926],[25.98887,56.49234],[25.98671,56.49287],[25.98482,56.49353],[25.98357,56.49396],[25.98071,56.49426],[25.97943,56.49456],[25.97821,56.49494],[25.97689,56.49496],[25.97536,56.49495],[25.97277,56.49504],[25.97117,56.49508],[25.96957,56.49501],[25.96826,56.49468],[25.96699,56.49436],[25.96524,56.49458],[25.96432,56.49521],[25.96309,56.49607],[25.96216,56.49673],[25.96082,56.49677],[25.95909,56.49606],[25.95739,56.49534],[25.95557,56.49457],[25.95366,56.49376],[25.95201,56.49307],[25.95004,56.49224],[25.94862,56.49164],[25.94716,56.49102],[25.94575,56.4898],[25.94473,56.48922],[25.94334,56.48852],[25.9418,56.48775],[25.94043,56.48702],[25.93898,56.48687],[25.9372,56.488],[25.93464,56.4888],[25.9329,56.48903],[25.93126,56.48933],[25.93016,56.49006],[25.92761,56.4902],[25.92615,56.49025],[25.9243,56.49075],[25.92282,56.49134],[25.92166,56.49178],[25.92014,56.49179],[25.91848,56.49164],[25.91684,56.49119],[25.91448,56.49224],[25.91262,56.49299],[25.91019,56.49389],[25.90788,56.49473],[25.90603,56.49543],[25.90471,56.49607],[25.90329,56.4968],[25.9025,56.49739],[25.90111,56.49765],[25.89968,56.49806],[25.89793,56.4986],[25.89647,56.49933],[25.89541,56.50002],[25.89393,56.50047],[25.89205,56.5008],[25.89054,56.50105],[25.88865,56.50138],[25.88706,56.50162],[25.88511,56.5018],[25.88333,56.50195],[25.88194,56.50205],[25.87966,56.50182],[25.87832,56.50145],[25.87851,56.5004],[25.87848,56.49955],[25.87842,56.4984],[25.87848,56.49734],[25.87934,56.49582],[25.88021,56.49498],[25.8812,56.49414],[25.88216,56.49334],[25.88293,56.49265],[25.88373,56.49203],[25.8848,56.49112],[25.8858,56.48991],[25.88561,56.48914],[25.88483,56.48819],[25.88591,56.48774],[25.88733,56.4875],[25.88875,56.48729],[25.89042,56.4871],[25.8921,56.4869],[25.89384,56.48662],[25.8954,56.486],[25.897,56.4851],[25.89843,56.48429],[25.9002,56.48328],[25.90206,56.48223],[25.90356,56.48138],[25.90515,56.48026],[25.90638,56.47919],[25.90788,56.47791],[25.9088,56.47712],[25.90632,56.47677],[25.90493,56.47642],[25.90349,56.4765],[25.90178,56.47663],[25.89893,56.47661],[25.89742,56.47654],[25.89563,56.47739],[25.8943,56.47752],[25.8929,56.47753],[25.89194,56.47644],[25.89154,56.47566],[25.89055,56.47519],[25.88943,56.47362],[25.88938,56.47275],[25.88939,56.47185],[25.89008,56.47045],[25.89029,56.4695],[25.89049,56.46862],[25.89085,56.46771],[25.88965,56.46698],[25.88747,56.46677],[25.88559,56.46677],[25.88325,56.46681],[25.88154,56.46699],[25.88001,56.46737],[25.87837,56.4677],[25.87696,56.46775],[25.87531,56.46812],[25.87383,56.46891],[25.87208,56.46915],[25.87057,56.46936],[25.8687,56.4696],[25.86708,56.46982],[25.86511,56.47015],[25.86318,56.47044],[25.86274,56.47132],[25.86258,56.47216],[25.86114,56.47223],[25.85948,56.47239],[25.8578,56.47255],[25.85584,56.47276],[25.85384,56.4729],[25.85248,56.47296],[25.85076,56.4732],[25.84948,56.47334],[25.84818,56.47345],[25.84641,56.47351],[25.84421,56.47412],[25.8427,56.47497],[25.84169,56.47626],[25.84139,56.47722],[25.84102,56.47861],[25.84035,56.47971],[25.84,56.48096],[25.83979,56.48254],[25.8398,56.4833],[25.83998,56.48431],[25.83928,56.48497],[25.83656,56.48382],[25.83451,56.48306],[25.83242,56.4823],[25.83081,56.48155],[25.82913,56.48053],[25.82772,56.47932],[25.82683,56.47826],[25.82628,56.47748],[25.82363,56.47803],[25.82171,56.47866],[25.81999,56.47924],[25.81852,56.47974],[25.81779,56.48059],[25.81945,56.48009],[25.82109,56.47966],[25.82251,56.47929],[25.82355,56.48038],[25.82362,56.48151],[25.82351,56.48229],[25.82262,56.48282],[25.82179,56.48399],[25.82115,56.48482],[25.82051,56.48564],[25.8197,56.48628],[25.81933,56.48727],[25.8195,56.4886],[25.81818,56.48884],[25.81595,56.48873],[25.81486,56.48921],[25.81357,56.48984],[25.81301,56.49079],[25.81285,56.49175],[25.81246,56.49283],[25.81318,56.49377],[25.8135,56.49464],[25.81344,56.49542],[25.812,56.49586],[25.81013,56.49582],[25.8072,56.49579],[25.80582,56.49575],[25.8043,56.49565],[25.80457,56.49678],[25.80336,56.49711],[25.80134,56.49732],[25.79927,56.49717],[25.79796,56.49717],[25.79571,56.49706],[25.79356,56.49668],[25.79137,56.49641],[25.78924,56.49601],[25.78723,56.49585],[25.78524,56.49547],[25.78362,56.49576],[25.78104,56.49676],[25.77948,56.49727],[25.77854,56.49789],[25.77754,56.4988],[25.77657,56.49974],[25.77555,56.5006],[25.77447,56.50132],[25.77344,56.50197],[25.77256,56.50252],[25.77172,56.50316],[25.77062,56.50402],[25.76981,56.5048],[25.76936,56.50587],[25.76719,56.50708],[25.76595,56.50778],[25.76483,56.50841],[25.76273,56.50955],[25.76161,56.51004],[25.76016,56.51067],[25.75876,56.51128],[25.75759,56.51175],[25.75621,56.51144],[25.7546,56.51095],[25.75324,56.51046],[25.75235,56.50981],[25.75112,56.50911],[25.74955,56.50896],[25.74778,56.50898],[25.74565,56.50899],[25.74362,56.50876],[25.74144,56.50842],[25.73941,56.50803],[25.73797,56.5082],[25.73621,56.50786],[25.73407,56.50769],[25.73235,56.50762],[25.73072,56.50717],[25.72881,56.50646],[25.7274,56.50564],[25.72584,56.50449],[25.72446,56.5037],[25.7226,56.50297],[25.7202,56.50294],[25.7182,56.50317],[25.71592,56.50362],[25.71369,56.5041],[25.71181,56.50432],[25.70982,56.50417],[25.70825,56.50402],[25.70621,56.50432],[25.70426,56.50433],[25.703,56.50519],[25.70164,56.50613],[25.70012,56.50718],[25.69894,56.50801],[25.69809,56.50908],[25.69728,56.51017],[25.69624,56.51121],[25.69405,56.51178],[25.69289,56.5126],[25.69259,56.51369],[25.69126,56.51405],[25.68962,56.51422],[25.68786,56.51451],[25.68745,56.51525],[25.68623,56.51592],[25.68423,56.51629],[25.68204,56.51672],[25.67978,56.51702],[25.67763,56.51716],[25.67632,56.51701],[25.67496,56.51687],[25.67269,56.51696],[25.67085,56.51726],[25.66929,56.5178],[25.6677,56.51727],[25.66613,56.5166],[25.66607,56.51552],[25.66526,56.51493],[25.6644,56.51437],[25.66317,56.51408],[25.66111,56.51368],[25.65992,56.51333],[25.65804,56.5133],[25.65597,56.51255],[25.65409,56.5121],[25.65163,56.51254],[25.64945,56.5131],[25.6482,56.51288],[25.64615,56.51303],[25.64543,56.51207],[25.64572,56.5112],[25.64607,56.51014],[25.64634,56.50923],[25.64616,56.50833],[25.64545,56.50721],[25.64467,56.50578],[25.64418,56.50491],[25.64385,56.50408],[25.6437,56.50306],[25.64422,56.50197],[25.64435,56.50118],[25.64422,56.49978],[25.64396,56.49832],[25.64352,56.49759],[25.6427,56.49702],[25.64116,56.49634],[25.63973,56.49577],[25.63891,56.49501],[25.63797,56.49423],[25.63668,56.49379],[25.63488,56.49359],[25.6329,56.49286],[25.63145,56.49233],[25.62935,56.49098],[25.62836,56.49024],[25.6276,56.48942],[25.62773,56.48847],[25.62769,56.48747],[25.62618,56.48645],[25.6251,56.48578],[25.62416,56.4852],[25.6225,56.48454],[25.62054,56.48413],[25.619,56.48366],[25.61699,56.48303],[25.61525,56.48257],[25.61428,56.48178],[25.61418,56.4806],[25.61358,56.47974],[25.61226,56.47913],[25.61026,56.47868],[25.60841,56.4786],[25.60669,56.47839],[25.6056,56.47763],[25.60497,56.4764],[25.6045,56.47544],[25.60415,56.47443],[25.60327,56.47353],[25.60169,56.47272],[25.60058,56.47202],[25.59919,56.47091],[25.59753,56.46975],[25.59639,56.46886],[25.59514,56.46812],[25.59343,56.46759],[25.59191,56.46692],[25.59043,56.4663],[25.58879,56.46536],[25.5876,56.46477],[25.58619,56.46449],[25.5846,56.46463],[25.58314,56.46485],[25.58171,56.46469],[25.57994,56.4644],[25.57804,56.46436],[25.57585,56.46475],[25.57412,56.4651],[25.57193,56.4652],[25.57003,56.46523],[25.56866,56.46496],[25.5675,56.46456],[25.56737,56.46366],[25.56679,56.46288],[25.56539,56.46209],[25.56422,56.46141],[25.56294,56.46082],[25.56141,56.46036],[25.55956,56.45987],[25.55801,56.45924],[25.55733,56.45852],[25.55631,56.45758],[25.5549,56.45674],[25.55387,56.45517],[25.55328,56.45433],[25.55203,56.45373],[25.55028,56.45335],[25.54967,56.45249],[25.54906,56.4516],[25.54789,56.45068],[25.5472,56.44981],[25.54698,56.44896],[25.54631,56.44807],[25.54472,56.44763],[25.54329,56.44701],[25.54258,56.446],[25.54143,56.44502],[25.54059,56.44414],[25.54008,56.44294],[25.54011,56.44169],[25.54112,56.4407],[25.54296,56.43989],[25.54436,56.4394],[25.54257,56.43864],[25.54106,56.43829],[25.53948,56.43769],[25.53824,56.43721],[25.53656,56.43707],[25.53498,56.43646],[25.53323,56.43594],[25.53149,56.43537],[25.52989,56.43477],[25.52829,56.43447],[25.52637,56.43424],[25.52466,56.4339],[25.52316,56.43361],[25.52222,56.43302],[25.5213,56.4325],[25.51998,56.43179],[25.51902,56.43118],[25.51875,56.43024],[25.51819,56.42924],[25.5179,56.42829],[25.51781,56.42726],[25.51749,56.42635],[25.51666,56.4254],[25.51747,56.42442],[25.51844,56.42322],[25.5195,56.42197],[25.52053,56.42046],[25.5217,56.41983],[25.5229,56.41944],[25.5243,56.41912],[25.52695,56.41861],[25.52847,56.41848],[25.52983,56.41835],[25.5309,56.41774],[25.532,56.41725],[25.53331,56.41667],[25.53593,56.4162],[25.53762,56.41615],[25.53903,56.4159],[25.54023,56.41535],[25.54135,56.41469],[25.54284,56.41386],[25.54517,56.41432],[25.54757,56.41415],[25.54911,56.41418],[25.54975,56.41311],[25.5499,56.41205],[25.54947,56.41134],[25.55035,56.41001],[25.5515,56.40902],[25.55197,56.40806],[25.55182,56.40713],[25.55197,56.40584],[25.55234,56.40468],[25.55237,56.40321],[25.55242,56.40191],[25.55184,56.40089],[25.55116,56.39959],[25.55137,56.39834],[25.55196,56.39733],[25.55221,56.39606],[25.55192,56.3951],[25.5511,56.39384],[25.55023,56.39291],[25.54906,56.39233],[25.54702,56.3919],[25.54526,56.39114],[25.54428,56.39015],[25.54401,56.38908],[25.5434,56.3881],[25.54237,56.38693],[25.5415,56.386],[25.54027,56.38521],[25.53867,56.38433],[25.53711,56.38359],[25.537,56.38241],[25.53761,56.38139],[25.53851,56.38021],[25.53964,56.37932],[25.54068,56.37829],[25.5419,56.37717],[25.5423,56.37608],[25.54289,56.37485],[25.54387,56.37383],[25.54532,56.37285],[25.5471,56.37184],[25.54839,56.37113],[25.55053,56.37062],[25.55273,56.37017],[25.55441,56.36963],[25.55575,56.36889],[25.55671,56.36772],[25.55816,56.36667],[25.55901,56.36589],[25.55888,56.36485],[25.55841,56.3636],[25.5577,56.36269],[25.55785,56.36158],[25.55789,56.3606],[25.55787,56.3594],[25.55765,56.35809],[25.55707,56.35686],[25.5561,56.3557],[25.55522,56.35498],[25.55484,56.35391],[25.55454,56.353],[25.55472,56.35214],[25.55495,56.35131],[25.55546,56.35001],[25.55542,56.3489],[25.55514,56.34818],[25.55522,56.3474],[25.55588,56.34616],[25.55638,56.34542],[25.55591,56.34463],[25.55547,56.34371],[25.55479,56.34298],[25.55356,56.34379],[25.55259,56.3446],[25.55346,56.34394],[25.55162,56.34504],[25.55052,56.34554],[25.54889,56.34626],[25.54779,56.34555],[25.54665,56.34493],[25.5453,56.34443],[25.54407,56.34399],[25.54247,56.34384],[25.54118,56.34341],[25.53951,56.34289],[25.53741,56.3427],[25.5356,56.34238],[25.53429,56.34218],[25.53258,56.34184],[25.53087,56.34108],[25.52935,56.34037],[25.52795,56.33958],[25.52638,56.3391],[25.52517,56.33851],[25.52397,56.33763],[25.52307,56.337],[25.52191,56.33663],[25.5225,56.33596],[25.52332,56.33526],[25.52418,56.33424],[25.52454,56.33304],[25.52481,56.33217],[25.52256,56.33152],[25.51983,56.33107],[25.5176,56.33071],[25.51562,56.33039],[25.51371,56.33009],[25.51379,56.32892],[25.51629,56.32839],[25.51733,56.32789],[25.51798,56.32705],[25.5187,56.32609],[25.52014,56.32537],[25.52162,56.32513],[25.52204,56.32422],[25.52423,56.32377],[25.52579,56.32332],[25.52745,56.3227],[25.52826,56.32161],[25.52754,56.32041],[25.52676,56.3192],[25.52674,56.31835],[25.52702,56.31733],[25.52753,56.3161],[25.52805,56.31523],[25.52933,56.31489],[25.53132,56.31448],[25.53284,56.3141],[25.53457,56.31338],[25.53604,56.31278],[25.53784,56.31201],[25.53961,56.31129],[25.5411,56.31066],[25.54286,56.30993],[25.54428,56.30912],[25.54372,56.30819],[25.54292,56.30702],[25.54262,56.30599],[25.54307,56.3049],[25.54388,56.30414],[25.54437,56.30344],[25.54355,56.30283],[25.54181,56.30292],[25.54015,56.30297],[25.53834,56.30297],[25.53678,56.30303],[25.53487,56.30289],[25.53297,56.30278],[25.53125,56.30293],[25.53057,56.30211],[25.53026,56.30128],[25.52933,56.30039],[25.52871,56.29966],[25.52767,56.29836],[25.52865,56.29707],[25.52812,56.2963],[25.52733,56.29561],[25.52618,56.29507],[25.52505,56.29452],[25.5236,56.29412],[25.52219,56.29404],[25.52063,56.2929],[25.51822,56.2928],[25.5164,56.29305],[25.51508,56.29322],[25.51292,56.29249],[25.51172,56.29163],[25.51056,56.29122],[25.51114,56.29023],[25.51242,56.28935],[25.51363,56.28847],[25.51445,56.28737],[25.51465,56.2863],[25.51395,56.28486],[25.51336,56.28377],[25.51295,56.2827],[25.51282,56.2814],[25.51171,56.28008],[25.51085,56.27912],[25.50953,56.27798],[25.50877,56.27678],[25.50868,56.27555],[25.50792,56.27437],[25.50691,56.27348],[25.50632,56.27241],[25.50656,56.27141],[25.50631,56.27027],[25.50619,56.26919],[25.50706,56.26775],[25.50737,56.26661],[25.50762,56.26558],[25.50847,56.26477],[25.50973,56.2638],[25.51106,56.26271],[25.51256,56.26149],[25.51371,56.26048],[25.51552,56.25987],[25.51749,56.25977],[25.51972,56.25985],[25.52185,56.25996],[25.52362,56.26011],[25.52538,56.26008],[25.52729,56.2599],[25.52984,56.25964],[25.53043,56.25896],[25.53127,56.2584],[25.53292,56.25711],[25.53406,56.25656],[25.53565,56.25602],[25.53673,56.25556],[25.53756,56.25494],[25.53907,56.25361],[25.54023,56.25314],[25.54149,56.25231],[25.54193,56.25162],[25.54316,56.25056],[25.54348,56.24963],[25.54377,56.24877],[25.54409,56.24789],[25.54582,56.24696],[25.54713,56.24636],[25.54823,56.24588],[25.54924,56.24524],[25.5498,56.24422],[25.55051,56.24336],[25.55175,56.24235],[25.55299,56.24148],[25.55387,56.24059],[25.55316,56.23959],[25.55123,56.23899],[25.5494,56.23851],[25.54919,56.23742],[25.54965,56.23651],[25.55021,56.23551],[25.55078,56.23429],[25.55142,56.23301],[25.55189,56.23205],[25.55245,56.23094],[25.55283,56.23016],[25.55368,56.22951],[25.55516,56.22891],[25.55673,56.22826],[25.55819,56.22764],[25.56006,56.22686],[25.5617,56.22619],[25.56356,56.22542],[25.56528,56.2247],[25.56704,56.22442],[25.56898,56.22427],[25.5713,56.22408],[25.57363,56.22362],[25.57545,56.22295],[25.57751,56.22213],[25.57904,56.22151],[25.58043,56.22099],[25.582,56.22069],[25.58241,56.2195],[25.58182,56.21848],[25.58104,56.21761],[25.58047,56.21683],[25.58034,56.2159],[25.5805,56.21513],[25.58084,56.21417],[25.58142,56.21343],[25.58214,56.21263],[25.58373,56.21222],[25.58561,56.21186],[25.58753,56.2115],[25.58955,56.21116],[25.59166,56.211],[25.59346,56.21054],[25.59491,56.20955],[25.59624,56.20883],[25.59741,56.20804],[25.59891,56.20725],[25.5999,56.20661],[25.601,56.2062],[25.60278,56.20635],[25.60449,56.20646],[25.60475,56.20533],[25.60453,56.20439],[25.60579,56.20282],[25.60638,56.20199],[25.60664,56.20098],[25.60589,56.19981],[25.60485,56.19887],[25.60404,56.19786],[25.60346,56.19666],[25.60274,56.19544],[25.60215,56.19419],[25.60164,56.19312],[25.60066,56.19186],[25.59986,56.19081],[25.59914,56.1895],[25.59848,56.18855],[25.59713,56.18792],[25.59612,56.1874],[25.59613,56.18649],[25.59591,56.18547],[25.59465,56.18435],[25.59334,56.18345],[25.5925,56.18239],[25.59216,56.18106],[25.59192,56.18005],[25.59075,56.17936],[25.58938,56.17848],[25.58851,56.1772],[25.58724,56.17609],[25.58666,56.17505],[25.58637,56.17395],[25.58767,56.173],[25.5894,56.1724],[25.59073,56.17182],[25.59225,56.17108],[25.59393,56.17004],[25.5954,56.16902],[25.59709,56.16777],[25.59877,56.16646],[25.60008,56.16517],[25.60078,56.16407],[25.60119,56.16262],[25.6017,56.16115],[25.60235,56.15971],[25.60284,56.1586],[25.60317,56.15752],[25.60341,56.15621],[25.60354,56.15513],[25.60288,56.15377],[25.60229,56.15254],[25.60177,56.15144],[25.60132,56.15046],[25.60088,56.14958],[25.60043,56.1487],[25.60043,56.14743],[25.60291,56.14702],[25.60468,56.14701],[25.6062,56.147],[25.60765,56.147],[25.6097,56.14704],[25.61187,56.14702],[25.61327,56.14702],[25.61581,56.14717],[25.61726,56.14737],[25.61871,56.14756],[25.62141,56.14787],[25.62385,56.14818],[25.62521,56.14836],[25.62667,56.14856],[25.6281,56.14875],[25.63056,56.14908],[25.63203,56.14928],[25.63458,56.14942],[25.63594,56.14945],[25.63753,56.14942],[25.63948,56.14945],[25.64238,56.14947],[25.64416,56.14948],[25.64572,56.14949],[25.64762,56.14951],[25.64912,56.14953],[25.65055,56.14955],[25.65187,56.14958],[25.65437,56.14955],[25.65587,56.14956],[25.65777,56.14959],[25.65939,56.1496],[25.66109,56.14962],[25.66254,56.14964],[25.66408,56.14964],[25.66589,56.14965],[25.66794,56.14965],[25.66865,56.15067],[25.66894,56.15151],[25.66933,56.15223],[25.66987,56.15312],[25.67006,56.15398],[25.66976,56.15497],[25.66958,56.15578],[25.66964,56.15664],[25.67012,56.15747],[25.67118,56.15807],[25.67236,56.15873],[25.67338,56.15935],[25.67447,56.16015],[25.67533,56.16079],[25.67656,56.16227],[25.67711,56.16304],[25.67774,56.16387],[25.67825,56.16457],[25.67879,56.16529],[25.6791,56.16612],[25.67995,56.16682],[25.68093,56.16738],[25.68334,56.1673],[25.68513,56.16697],[25.68699,56.16663],[25.68884,56.16628],[25.69119,56.16617],[25.69215,56.16671],[25.69354,56.16688],[25.69538,56.16679],[25.69682,56.16677],[25.69847,56.16705],[25.69993,56.16736],[25.70178,56.16776],[25.70357,56.16815],[25.70491,56.16812],[25.70692,56.16781],[25.70875,56.16753],[25.71121,56.16716],[25.71305,56.16687],[25.71519,56.16655],[25.71682,56.16636],[25.71829,56.16623],[25.71987,56.16627],[25.71952,56.16529],[25.71919,56.16429],[25.71892,56.16338],[25.71721,56.1628],[25.71763,56.1613],[25.71874,56.16045],[25.71996,56.1598],[25.72109,56.15929],[25.72301,56.15926],[25.72426,56.15998],[25.72556,56.16073],[25.72707,56.16162],[25.72837,56.16242],[25.72973,56.16255],[25.73101,56.16203],[25.73224,56.16152],[25.73376,56.16088],[25.7351,56.16034],[25.73669,56.15969],[25.73781,56.15922],[25.73894,56.15872],[25.73996,56.15827],[25.74168,56.15842],[25.74259,56.15911],[25.74351,56.1598],[25.74423,56.16074],[25.74283,56.16082],[25.74193,56.16157],[25.74279,56.16076],[25.74413,56.16028],[25.74314,56.15958],[25.74217,56.15878],[25.74124,56.15813],[25.74077,56.15686],[25.74237,56.15598],[25.74355,56.15541],[25.74498,56.15472],[25.74624,56.15411],[25.74754,56.15348],[25.74863,56.15293],[25.74944,56.15214],[25.75045,56.15152],[25.75195,56.15111],[25.75303,56.15055],[25.75414,56.14942],[25.75529,56.14841],[25.75643,56.14749],[25.7562,56.14671],[25.75564,56.14577],[25.75597,56.14462],[25.7565,56.14359],[25.75712,56.1423],[25.75769,56.14109],[25.75824,56.13993],[25.75885,56.13863],[25.75954,56.13723],[25.76021,56.13583],[25.76099,56.13482],[25.76162,56.13351],[25.76204,56.13229],[25.76251,56.13084],[25.76301,56.12945],[25.76332,56.12854],[25.76539,56.12834],[25.76671,56.12809],[25.76829,56.1271],[25.76988,56.12618],[25.77149,56.1253],[25.77329,56.12418],[25.77502,56.12299],[25.77676,56.12181],[25.77844,56.12065],[25.77995,56.11962],[25.78181,56.11835],[25.78374,56.11702],[25.78534,56.1159],[25.78699,56.11476],[25.78864,56.11363],[25.79056,56.11231],[25.79213,56.11123],[25.794,56.1099],[25.79592,56.10855],[25.79772,56.10728],[25.7997,56.10615],[25.80108,56.10542],[25.8022,56.10463],[25.80261,56.10381],[25.80332,56.10314],[25.80476,56.1025],[25.80635,56.10191],[25.8079,56.10133],[25.80949,56.10069],[25.81065,56.10033],[25.8122,56.09957],[25.81444,56.09932],[25.8168,56.10007],[25.81829,56.10069],[25.81978,56.10147],[25.82132,56.10233],[25.82286,56.10323],[25.82418,56.10398],[25.82558,56.10477],[25.82677,56.10558],[25.82744,56.10685],[25.8283,56.10796],[25.82941,56.10912],[25.83087,56.11056],[25.83194,56.11174],[25.83272,56.11274],[25.83414,56.11353],[25.83613,56.11375],[25.83748,56.11408],[25.83634,56.11471],[25.83525,56.11548],[25.83403,56.11671],[25.83286,56.11809],[25.8319,56.11927],[25.83129,56.12038],[25.83095,56.12158],[25.83088,56.12276],[25.83101,56.12393],[25.83303,56.12299],[25.83535,56.12238],[25.83692,56.12181],[25.83901,56.12103],[25.84144,56.12021],[25.84331,56.11959],[25.84547,56.11871],[25.84714,56.11806],[25.84909,56.11747],[25.85083,56.11736],[25.85209,56.11759],[25.8542,56.11771],[25.85607,56.11746],[25.85881,56.11855],[25.8606,56.11946],[25.86203,56.12013],[25.86351,56.12089],[25.86514,56.12164],[25.86638,56.12211],[25.86797,56.12216],[25.86962,56.12205],[25.87172,56.12202],[25.87323,56.12203],[25.87483,56.12179],[25.87756,56.12199],[25.87904,56.12224],[25.88071,56.1225],[25.88201,56.12243],[25.8836,56.12235],[25.88553,56.12226],[25.88606,56.12132],[25.88494,56.12082],[25.88524,56.11963],[25.88496,56.11839],[25.88515,56.11741],[25.8868,56.11716],[25.88945,56.1169],[25.89125,56.11654],[25.89294,56.11602],[25.89462,56.11545],[25.89663,56.11475],[25.89874,56.11404],[25.90125,56.1132],[25.90311,56.1126],[25.9058,56.112],[25.90829,56.11146],[25.91042,56.11121],[25.91254,56.11102],[25.91469,56.11063],[25.91678,56.10986],[25.91869,56.10914],[25.92111,56.10832],[25.92345,56.10755],[25.92563,56.107],[25.92782,56.10656],[25.92965,56.10607],[25.93168,56.10581],[25.93375,56.10588],[25.93549,56.10558],[25.93821,56.10573],[25.94034,56.10611],[25.94269,56.10663],[25.9449,56.10687],[25.94656,56.10703],[25.94897,56.10655],[25.9509,56.10607],[25.95288,56.10554],[25.95451,56.10485],[25.95576,56.10397],[25.95689,56.1032],[25.95969,56.10263],[25.96106,56.10267],[25.96386,56.1023],[25.96588,56.10183],[25.96842,56.10125],[25.97096,56.10066],[25.97297,56.10021],[25.97532,56.09949],[25.97771,56.0985],[25.98007,56.09752],[25.98222,56.09657],[25.98427,56.0955],[25.98593,56.09482],[25.98854,56.09426],[25.99083,56.09373],[25.99311,56.09322],[25.99561,56.09264],[25.99762,56.09194],[25.99945,56.09165],[26.00147,56.09174],[26.00334,56.09239],[26.0051,56.09243],[26.00686,56.09182],[26.00854,56.0911],[26.00945,56.09028],[26.01061,56.08923],[26.01193,56.08853],[26.01384,56.0876],[26.01581,56.08703],[26.01743,56.08695],[26.01911,56.08699],[26.02032,56.08657],[26.02187,56.08622],[26.02412,56.0857],[26.02654,56.08515],[26.02841,56.08467],[26.03052,56.08424],[26.03169,56.0834],[26.03198,56.08208],[26.03217,56.08102],[26.0334,56.0801],[26.03505,56.07943],[26.03728,56.0787],[26.03926,56.07808],[26.04103,56.07745],[26.04295,56.07675],[26.04499,56.07589],[26.04652,56.07509],[26.04793,56.0744],[26.04985,56.07401],[26.05178,56.07385],[26.05376,56.07344],[26.05576,56.07283],[26.0577,56.07245],[26.06002,56.07238],[26.06259,56.07249],[26.06465,56.0725],[26.0671,56.07211],[26.06944,56.07161],[26.0711,56.07099],[26.07232,56.07014],[26.07373,56.06922],[26.07518,56.06893],[26.07737,56.06881],[26.07957,56.06842],[26.08162,56.06792],[26.08387,56.0675],[26.08618,56.06726],[26.08788,56.06716],[26.08973,56.06687],[26.0922,56.06646],[26.09509,56.06602],[26.09788,56.06558],[26.10055,56.06516],[26.1029,56.06479],[26.10495,56.06449],[26.1074,56.0644],[26.10933,56.06449],[26.11118,56.06527],[26.11311,56.06607],[26.11502,56.06686],[26.11675,56.06757],[26.11869,56.06839],[26.11995,56.06911],[26.1214,56.06964],[26.1232,56.06996],[26.12467,56.07027],[26.12671,56.06979],[26.12751,56.06915],[26.12822,56.06829],[26.12939,56.06737],[26.13046,56.06675],[26.13212,56.0666],[26.13419,56.0669],[26.13599,56.06765],[26.13753,56.068],[26.13744,56.06875],[26.13908,56.06937],[26.14016,56.07002],[26.14131,56.07072],[26.14229,56.07134],[26.14327,56.07213],[26.14435,56.0726],[26.14669,56.07265],[26.14893,56.07231],[26.15067,56.07174],[26.15145,56.07103],[26.15335,56.07153],[26.15463,56.07135],[26.15587,56.07112],[26.15729,56.07079],[26.15846,56.07043],[26.15993,56.07012],[26.1621,56.0699],[26.16338,56.06962],[26.16467,56.06923],[26.16646,56.06918],[26.16868,56.06869],[26.16998,56.06818],[26.17146,56.06799],[26.1729,56.06806],[26.17432,56.068],[26.17598,56.06757],[26.17756,56.06743],[26.17733,56.06654],[26.17703,56.06544],[26.17695,56.06417],[26.17661,56.06273],[26.17577,56.06179],[26.17514,56.06099],[26.17455,56.06012],[26.17439,56.05937],[26.17398,56.05857],[26.17387,56.05772],[26.17626,56.05674],[26.17728,56.05591],[26.17875,56.05473],[26.18027,56.05353],[26.18154,56.05267],[26.18343,56.0516],[26.18489,56.05078],[26.18635,56.04977],[26.1878,56.04855],[26.18904,56.04751],[26.19029,56.04647],[26.19188,56.04552],[26.19398,56.04457],[26.19562,56.04384],[26.19681,56.0429],[26.19976,56.0419],[26.20171,56.04094],[26.2025,56.04001],[26.20265,56.03869],[26.20353,56.03743],[26.20457,56.03612],[26.20564,56.03508],[26.20671,56.0343],[26.20848,56.03356],[26.20986,56.03311],[26.2119,56.03242],[26.21317,56.03198],[26.21452,56.03134],[26.21547,56.03051],[26.21609,56.02925],[26.21736,56.02874],[26.21891,56.02835],[26.21837,56.0296],[26.21879,56.03039],[26.21932,56.03106],[26.22024,56.03184],[26.22144,56.03287],[26.22246,56.03373],[26.22363,56.03472],[26.22434,56.03557],[26.22412,56.03656],[26.22396,56.03748],[26.2265,56.0383],[26.22781,56.0384],[26.22938,56.03852],[26.23181,56.03869],[26.23323,56.03967],[26.2348,56.03979],[26.23597,56.04044],[26.2371,56.04126],[26.23806,56.04195],[26.23942,56.04236],[26.24087,56.04275],[26.24223,56.0431],[26.24405,56.04346],[26.24573,56.04383],[26.24597,56.04194],[26.24607,56.04081],[26.2462,56.03962],[26.24675,56.03858],[26.24781,56.03749],[26.24847,56.03663],[26.24921,56.03592],[26.25065,56.03482],[26.25152,56.03424],[26.25246,56.03362],[26.25334,56.03293],[26.25532,56.0337],[26.25682,56.03451],[26.25818,56.0352],[26.25963,56.03617],[26.26103,56.03695],[26.26276,56.03774],[26.26449,56.03824],[26.26618,56.03889],[26.26799,56.03979],[26.26951,56.04046],[26.27082,56.04108],[26.27217,56.04139],[26.27392,56.04141],[26.27574,56.04138],[26.2771,56.04091],[26.27773,56.03971],[26.27744,56.03846],[26.27714,56.03726],[26.27674,56.03576],[26.27642,56.03448],[26.27601,56.03293],[26.27569,56.03172],[26.27537,56.03051],[26.27509,56.02942],[26.27649,56.02936],[26.27802,56.02964],[26.27997,56.02998],[26.28172,56.03029],[26.2839,56.03069],[26.2862,56.0311],[26.28841,56.03149],[26.29041,56.03179],[26.29218,56.03204],[26.29401,56.03261],[26.29559,56.03277],[26.29751,56.03258],[26.2988,56.03244],[26.29947,56.03115],[26.2996,56.03019],[26.29999,56.02937],[26.30089,56.02857],[26.30172,56.02781],[26.30299,56.027],[26.30388,56.02642],[26.30511,56.02601],[26.30533,56.02517],[26.30548,56.0243],[26.306,56.0234],[26.30677,56.02251],[26.30603,56.02114],[26.30573,56.02006],[26.3056,56.01929],[26.30659,56.01788],[26.30694,56.01702],[26.30711,56.01599],[26.30711,56.01505],[26.30657,56.01421],[26.30585,56.01321],[26.3054,56.01225],[26.30504,56.01139],[26.30526,56.01018],[26.30556,56.00912],[26.30534,56.00816],[26.30492,56.00701],[26.30484,56.00593],[26.30491,56.00508],[26.30477,56.00419],[26.30445,56.00332],[26.30393,56.0026],[26.3027,56.00123],[26.30099,56.00118],[26.30097,55.99981],[26.30118,55.9987],[26.30146,55.99761],[26.30171,55.99628],[26.30164,55.99523],[26.30109,55.99392],[26.30033,55.99259],[26.30031,55.99112],[26.30051,55.98962],[26.30072,55.98802],[26.30088,55.98647],[26.30107,55.98519],[26.30067,55.98417],[26.29992,55.98314],[26.29926,55.98214],[26.29902,55.98127],[26.29873,55.9805],[26.2984,55.97978],[26.298,55.97897],[26.29783,55.97822],[26.29674,55.97763],[26.29518,55.97745],[26.29389,55.97708],[26.29386,55.97604],[26.29319,55.97503],[26.29199,55.9738],[26.29034,55.97279],[26.28938,55.97225],[26.28825,55.97115],[26.28797,55.97035],[26.28648,55.96909],[26.28488,55.96785],[26.28405,55.9668],[26.28333,55.96585],[26.28277,55.96509],[26.28317,55.96384],[26.28406,55.96293],[26.28493,55.96193],[26.28588,55.96081],[26.28695,55.95949],[26.28788,55.95837],[26.28869,55.95739],[26.28964,55.95623],[26.29062,55.95506],[26.29151,55.95376],[26.29216,55.95246],[26.29267,55.95111],[26.29294,55.94989],[26.29306,55.94853],[26.29301,55.94717],[26.29292,55.9459],[26.29283,55.9446],[26.29272,55.94323],[26.29259,55.94173],[26.29246,55.94019],[26.29227,55.93869],[26.29203,55.93712],[26.29179,55.93566],[26.29167,55.93443],[26.29212,55.93288],[26.29338,55.93153],[26.29501,55.93056],[26.29731,55.92953],[26.29966,55.92845],[26.30158,55.9276],[26.30337,55.92679],[26.30538,55.92591],[26.30662,55.92532],[26.30756,55.92435],[26.30837,55.92335],[26.30933,55.92221],[26.31005,55.92122],[26.31004,55.92044],[26.30917,55.91965],[26.30786,55.91866],[26.30689,55.91754],[26.30632,55.91647],[26.30582,55.91498],[26.30544,55.91357],[26.30511,55.91231],[26.30422,55.91117],[26.30353,55.91034],[26.30321,55.90928],[26.30324,55.90839],[26.30412,55.90745],[26.3042,55.9066],[26.30351,55.90576],[26.30268,55.90479],[26.3019,55.90385],[26.30057,55.90314],[26.30051,55.90173],[26.30006,55.90076],[26.29891,55.89972],[26.29808,55.89878],[26.29774,55.89796],[26.29746,55.89682],[26.29757,55.89578],[26.29759,55.89468],[26.29732,55.89368],[26.29715,55.89267],[26.29805,55.89178],[26.29907,55.89075],[26.29975,55.88987],[26.30053,55.88907],[26.30173,55.88831],[26.30283,55.88743],[26.30379,55.88652],[26.30531,55.88597],[26.30675,55.88534],[26.30838,55.88471],[26.30943,55.88419],[26.30995,55.8833],[26.31057,55.88233],[26.31155,55.88158],[26.31272,55.88081],[26.31316,55.88006],[26.31304,55.87823],[26.31247,55.87741],[26.3116,55.87659],[26.31135,55.87575],[26.3122,55.8752],[26.31262,55.87402],[26.31233,55.87323],[26.312,55.87247],[26.31387,55.87121],[26.31406,55.86981],[26.31491,55.86908],[26.31666,55.86917],[26.31761,55.86986],[26.31988,55.87034],[26.32234,55.87107],[26.32343,55.8716],[26.32524,55.87215],[26.32631,55.87271],[26.32741,55.87323],[26.32903,55.87352],[26.32989,55.87478],[26.3324,55.87555],[26.33496,55.87745],[26.33787,55.87782],[26.33964,55.87767],[26.34132,55.87812],[26.34498,55.87892],[26.34643,55.87922],[26.35053,55.88009],[26.35183,55.88054],[26.35586,55.88052],[26.35778,55.88036],[26.36263,55.88001],[26.36297,55.87743],[26.36583,55.87741],[26.36808,55.87779],[26.3726,55.87785],[26.37454,55.87669],[26.37548,55.87465],[26.37718,55.87324],[26.37872,55.87258],[26.38263,55.86916],[26.38569,55.86669],[26.39025,55.86641],[26.39175,55.86612],[26.39214,55.86497],[26.39414,55.86182],[26.39712,55.85956],[26.39744,55.85834],[26.39605,55.85735],[26.39387,55.85761],[26.3915,55.85819],[26.38895,55.85699],[26.38599,55.85682],[26.38418,55.85674],[26.38221,55.85619],[26.3794,55.8562],[26.37662,55.85392],[26.37279,55.85267],[26.37147,55.85181],[26.36953,55.85027],[26.36875,55.84864],[26.36729,55.84754],[26.36778,55.84684],[26.36925,55.84655],[26.3706,55.84449],[26.37106,55.84226],[26.36961,55.84218],[26.3676,55.84236],[26.36577,55.84228],[26.36311,55.84281],[26.36017,55.84186],[26.35905,55.84121],[26.35591,55.84016],[26.35565,55.83846],[26.35408,55.83628],[26.35293,55.83527],[26.35196,55.83304],[26.35071,55.83214],[26.34924,55.83221],[26.34785,55.83273],[26.34495,55.83288],[26.34317,55.83313],[26.33826,55.8342],[26.33688,55.83395],[26.33285,55.83448],[26.32833,55.83508],[26.32828,55.83393],[26.32897,55.83285],[26.32952,55.83193],[26.32986,55.83097],[26.33016,55.82999],[26.33098,55.82905],[26.33146,55.82793],[26.33152,55.82673],[26.33143,55.82568],[26.332,55.82465],[26.33328,55.82384],[26.33455,55.82293],[26.33485,55.82188],[26.33488,55.82097],[26.33465,55.82003],[26.33357,55.8194],[26.3324,55.81886],[26.33203,55.81804],[26.33136,55.81699],[26.3314,55.81607],[26.33151,55.81523],[26.33256,55.81455],[26.3333,55.81394],[26.33311,55.81313],[26.33359,55.81192],[26.3347,55.81144],[26.33655,55.81099],[26.33784,55.81046],[26.33893,55.80969],[26.33996,55.80889],[26.34113,55.80834],[26.34259,55.80792],[26.34475,55.80699],[26.34557,55.80633],[26.34661,55.80563],[26.34824,55.80487],[26.34967,55.8042],[26.35113,55.80382],[26.35194,55.80298],[26.35325,55.80203],[26.35483,55.80095],[26.35589,55.80022],[26.35681,55.79953],[26.35733,55.79871],[26.35796,55.79755],[26.35827,55.79654],[26.35832,55.79554],[26.35837,55.79435],[26.35847,55.793],[26.35856,55.79204],[26.35863,55.79103],[26.35818,55.79028],[26.35614,55.79011],[26.35432,55.78993],[26.35286,55.78989],[26.35156,55.7894],[26.3517,55.78867],[26.35057,55.78742],[26.35049,55.78624],[26.35105,55.78508],[26.35165,55.78381],[26.35238,55.78307],[26.35358,55.78273],[26.35494,55.78236],[26.35642,55.78197],[26.35773,55.78161],[26.35904,55.78123],[26.36076,55.78127],[26.36245,55.7811],[26.36452,55.78088],[26.36629,55.78051],[26.36734,55.77988],[26.36795,55.77891],[26.36868,55.77762],[26.36964,55.77649],[26.37111,55.77526],[26.37267,55.77406],[26.37431,55.77278],[26.37566,55.77175],[26.37705,55.77092],[26.37907,55.76986],[26.38071,55.769],[26.38253,55.76804],[26.38383,55.76737],[26.38536,55.76685],[26.38743,55.76658],[26.3896,55.76668],[26.39128,55.76702],[26.39313,55.76765],[26.39473,55.768],[26.39674,55.76697],[26.39681,55.7658],[26.39679,55.76455],[26.39699,55.76353],[26.39782,55.76246],[26.39877,55.76119],[26.39897,55.7598],[26.39859,55.75858],[26.39827,55.75714],[26.39816,55.75563],[26.39826,55.75405],[26.39818,55.75246],[26.39787,55.75123],[26.39729,55.74958],[26.39682,55.7482],[26.39624,55.74655],[26.3957,55.74497],[26.39515,55.74362],[26.39422,55.74258],[26.3932,55.74171],[26.39233,55.7409],[26.39425,55.74006],[26.39572,55.73996],[26.39778,55.74006],[26.39924,55.74015],[26.40134,55.73948],[26.40199,55.73872],[26.40199,55.73785],[26.40169,55.73703],[26.40243,55.73573],[26.40378,55.73534],[26.40501,55.73395],[26.40591,55.73294],[26.40687,55.7321],[26.40771,55.73133],[26.40959,55.73131],[26.41145,55.73182],[26.41316,55.7322],[26.41458,55.73215],[26.41587,55.73187],[26.41701,55.73132],[26.4188,55.7311],[26.42062,55.73072],[26.42169,55.73029],[26.42245,55.72948],[26.42294,55.7288],[26.42436,55.72716],[26.42493,55.72616],[26.42522,55.72508],[26.42583,55.72442],[26.42694,55.72343],[26.42771,55.72245],[26.42799,55.72149],[26.42851,55.72049],[26.429,55.71982],[26.42978,55.71893],[26.43094,55.71842],[26.43273,55.7182],[26.43421,55.71815],[26.43582,55.71771],[26.43748,55.71702],[26.43914,55.71647],[26.44087,55.71592],[26.4423,55.7154],[26.44375,55.71473],[26.445,55.71394],[26.44595,55.71293],[26.44658,55.71205],[26.44779,55.71109],[26.44904,55.71076],[26.45131,55.71004],[26.45353,55.70931],[26.45547,55.70902],[26.45669,55.70985],[26.45802,55.70969],[26.45927,55.71059],[26.45971,55.71175],[26.45989,55.71249],[26.46005,55.71357],[26.46161,55.71412],[26.46293,55.71493],[26.46255,55.71573],[26.4619,55.71681],[26.46234,55.71769],[26.46313,55.71845],[26.46355,55.71916],[26.46432,55.72034],[26.46532,55.72166],[26.46611,55.72224],[26.46765,55.7218],[26.46839,55.72057],[26.4687,55.71987],[26.46882,55.71888],[26.47082,55.71819],[26.47238,55.71794],[26.47113,55.71607],[26.46953,55.71312],[26.46924,55.71151],[26.47116,55.71096],[26.47396,55.71111],[26.47647,55.71014],[26.4785,55.70947],[26.47954,55.70898],[26.48086,55.70867],[26.48394,55.70838],[26.4841,55.70739],[26.48583,55.70667],[26.48728,55.70624],[26.48856,55.70606],[26.48748,55.70542],[26.48654,55.70453],[26.48346,55.70278],[26.48216,55.70223],[26.48079,55.70156],[26.48054,55.70083],[26.48077,55.6996],[26.48183,55.69858],[26.48235,55.6975],[26.48583,55.69754],[26.48768,55.69755],[26.48905,55.69738],[26.49069,55.69704],[26.492,55.69668],[26.49447,55.69689],[26.49636,55.6967],[26.49792,55.69662],[26.49896,55.69598],[26.50046,55.6955],[26.50675,55.69607],[26.50798,55.69584],[26.50914,55.69461],[26.5101,55.69368],[26.51144,55.69256],[26.51247,55.69167],[26.51392,55.69097],[26.51604,55.69074],[26.51813,55.69081],[26.52031,55.69106],[26.52232,55.69128],[26.52461,55.69156],[26.52625,55.69181],[26.52836,55.69238],[26.53054,55.69298],[26.53242,55.6935],[26.53458,55.69409],[26.53668,55.69467],[26.53878,55.69532],[26.54047,55.69615],[26.54168,55.69709],[26.54283,55.69789],[26.54433,55.69838],[26.5467,55.69874],[26.54872,55.6991],[26.54997,55.69958],[26.55104,55.69904],[26.55207,55.69817],[26.55368,55.69699],[26.55521,55.69595],[26.5571,55.6947],[26.55873,55.6936],[26.56066,55.69231],[26.56256,55.69106],[26.56448,55.68978],[26.56601,55.68874],[26.56754,55.68764],[26.56919,55.68628],[26.57075,55.68484],[26.57201,55.68363],[26.57345,55.68226],[26.57489,55.68088],[26.57608,55.67976],[26.57748,55.67841],[26.57881,55.67714],[26.57979,55.67632],[26.5812,55.67568],[26.58301,55.67527],[26.58402,55.67616],[26.58596,55.6764],[26.58815,55.67673],[26.58976,55.67683],[26.59137,55.67704],[26.5928,55.6772],[26.5943,55.67754],[26.59556,55.67796],[26.59726,55.67862],[26.59838,55.67921],[26.59998,55.67976],[26.60129,55.6807],[26.60338,55.68119],[26.60523,55.68112],[26.60661,55.68168],[26.60831,55.68247],[26.60865,55.68353],[26.60768,55.68442],[26.60778,55.6856],[26.6071,55.68679],[26.60655,55.68758],[26.60737,55.6885],[26.6072,55.68967],[26.60681,55.69072],[26.60361,55.69131],[26.59417,55.69486],[26.59183,55.69648],[26.59127,55.69877],[26.58981,55.69976],[26.58803,55.70221],[26.58255,55.70451],[26.57746,55.70645],[26.58502,55.71024],[26.5917,55.71249],[26.59753,55.71303],[26.60219,55.71422],[26.60561,55.71577],[26.60733,55.71791],[26.60731,55.72009],[26.61149,55.72933],[26.61545,55.73317],[26.62171,55.73522],[26.62669,55.73662],[26.63188,55.73747],[26.63505,55.7401],[26.63688,55.74117],[26.64043,55.74317],[26.64209,55.74367],[26.64376,55.7439],[26.6466,55.74384],[26.64965,55.74421],[26.65581,55.74367],[26.6623,55.74226],[26.66808,55.74138],[26.67259,55.73972],[26.67475,55.73886],[26.67672,55.73841],[26.67965,55.73852],[26.68302,55.73829],[26.68907,55.7401],[26.69196,55.73926],[26.69356,55.739],[26.69487,55.73862],[26.69448,55.73679],[26.69503,55.73433],[26.69599,55.73344],[26.69651,55.73256],[26.6969,55.73098],[26.69803,55.73012],[26.69936,55.72942],[26.70046,55.72785],[26.70126,55.72702],[26.70404,55.72753],[26.70546,55.72791],[26.70675,55.72869],[26.70814,55.72946],[26.70891,55.73038],[26.70968,55.73127],[26.71156,55.73178],[26.71386,55.73219],[26.71579,55.73242],[26.71768,55.73262],[26.72005,55.73275],[26.72187,55.733],[26.72338,55.73276],[26.72531,55.73207],[26.72569,55.73126],[26.72604,55.73047],[26.72733,55.72971],[26.72863,55.72988],[26.73108,55.73018],[26.73383,55.72986],[26.73506,55.72941],[26.73653,55.73018],[26.7375,55.73086],[26.73858,55.73156],[26.73998,55.73236],[26.74142,55.73291],[26.74304,55.73368],[26.7442,55.73418],[26.74591,55.73431],[26.74734,55.73446],[26.74848,55.73482],[26.74905,55.73629],[26.74958,55.73762],[26.74903,55.73859],[26.74892,55.73946],[26.74934,55.74043],[26.74997,55.74146],[26.75143,55.74256],[26.75271,55.74343],[26.75377,55.74415],[26.75555,55.74501],[26.75696,55.74583],[26.75838,55.74666],[26.76001,55.74758],[26.76123,55.74833],[26.76254,55.74893],[26.76546,55.74904],[26.76714,55.74927],[26.76881,55.74979],[26.76997,55.75024],[26.77137,55.75066],[26.77295,55.751],[26.77467,55.7514],[26.77622,55.75196],[26.77776,55.75228],[26.77957,55.75238],[26.78045,55.75134],[26.78178,55.75033],[26.78309,55.7499],[26.78832,55.74934],[26.79364,55.74333]]}}]}