{"type":"FeatureCollection","features":[{"type":"Feature","properties":{"name":"Alternativa Espinama Sotres por carretera","country":"ES","lengthKm":46.9},"geometry":{"type":"LineString","coordinates":[[-4.60085,43.17906],[-4.60155,43.18374],[-4.60546,43.18822],[-4.60351,43.1914],[-4.60342,43.19393],[-4.60276,43.19474],[-4.60033,43.1962],[-4.59495,43.1959],[-4.58965,43.19942],[-4.58984,43.20077],[-4.5919,43.20307],[-4.59344,43.20382],[-4.59499,43.21148],[-4.59426,43.21208],[-4.59437,43.21266],[-4.59218,43.21337],[-4.59261,43.21592],[-4.59231,43.21682],[-4.58956,43.21927],[-4.58784,43.22017],[-4.58793,43.22165],[-4.58619,43.22281],[-4.58608,43.22423],[-4.58424,43.22571],[-4.58342,43.22764],[-4.58171,43.22893],[-4.58158,43.23101],[-4.57887,43.23268],[-4.57799,43.23496],[-4.57926,43.23594],[-4.58068,43.23951],[-4.58267,43.24045],[-4.5822,43.24184],[-4.58381,43.243],[-4.5837,43.24435],[-4.5858,43.24566],[-4.58675,43.24699],[-4.58881,43.24669],[-4.59205,43.24828],[-4.59462,43.24828],[-4.60003,43.24978],[-4.60134,43.24978],[-4.6034,43.25109],[-4.6061,43.25141],[-4.60941,43.25274],[-4.61168,43.25232],[-4.61252,43.25257],[-4.61329,43.25414],[-4.61542,43.25504],[-4.6161,43.25693],[-4.61771,43.25884],[-4.61945,43.26004],[-4.61958,43.26096],[-4.62196,43.26343],[-4.62372,43.26442],[-4.62863,43.2654],[-4.63151,43.26658],[-4.63194,43.26772],[-4.63484,43.26832],[-4.63653,43.27079],[-4.63754,43.27457],[-4.63711,43.27551],[-4.63539,43.2771],[-4.63353,43.27785],[-4.63125,43.27809],[-4.63039,43.28004],[-4.62713,43.28161],[-4.62615,43.28545],[-4.624,43.28841],[-4.62318,43.28875],[-4.62061,43.28834],[-4.61988,43.28856],[-4.61861,43.29087],[-4.61567,43.29143],[-4.61428,43.29281],[-4.6128,43.29328],[-4.61177,43.29416],[-4.60894,43.29493],[-4.60739,43.29611],[-4.6075,43.29787],[-4.60625,43.30032],[-4.6063,43.30199],[-4.60495,43.30411],[-4.60522,43.30527],[-4.60743,43.30742],[-4.60771,43.30916],[-4.60915,43.31032],[-4.60859,43.31124],[-4.60868,43.31409],[-4.6067,43.31566],[-4.60713,43.31768],[-4.6067,43.31909],[-4.60458,43.32064],[-4.59338,43.31999],[-4.59059,43.3207],[-4.58705,43.32188],[-4.58462,43.32315],[-4.58364,43.32446],[-4.58441,43.32626],[-4.59029,43.32742],[-4.59563,43.32448],[-4.59625,43.32304],[-4.59711,43.32246],[-4.59945,43.32229],[-4.60226,43.323],[-4.6102,43.32214],[-4.61125,43.32143],[-4.61183,43.32006],[-4.61406,43.31828],[-4.61638,43.31748],[-4.61883,43.31774],[-4.62409,43.31971],[-4.62896,43.31959],[-4.63363,43.32055],[-4.63784,43.32278],[-4.63951,43.32452],[-4.64526,43.32712],[-4.64876,43.32761],[-4.65132,43.32755],[-4.65325,43.32802],[-4.65477,43.32791],[-4.65732,43.32864],[-4.65928,43.32978],[-4.66209,43.32896],[-4.66588,43.32941],[-4.66764,43.32853],[-4.67301,43.32718],[-4.67608,43.32478],[-4.67769,43.32469],[-4.67885,43.32422],[-4.67743,43.31907],[-4.67839,43.31671],[-4.68043,43.31585],[-4.68548,43.3151],[-4.69105,43.31517],[-4.69814,43.31583],[-4.70075,43.31564],[-4.70968,43.31806],[-4.71371,43.31793],[-4.71659,43.31645],[-4.71777,43.31486],[-4.72335,43.31377],[-4.72738,43.3125],[-4.73221,43.31023],[-4.73466,43.308],[-4.7379,43.30678],[-4.73972,43.30551],[-4.74369,43.30441],[-4.74528,43.30343],[-4.74627,43.30156],[-4.74755,43.30053],[-4.75339,43.29699],[-4.75468,43.29665],[-4.75858,43.2969],[-4.76433,43.29581],[-4.76862,43.29626],[-4.77579,43.29596],[-4.78249,43.29729],[-4.78755,43.2998],[-4.79515,43.29811],[-4.79922,43.29828],[-4.80506,43.3007],[-4.80894,43.30068],[-4.80944,43.30152],[-4.81529,43.30184],[-4.81596,43.30253],[-4.81769,43.30292]]}},{"type":"Feature","properties":{"name":"TET_E-01-GAL-S_20260503","country":"ES","lengthKm":495.4},"geometry":{"type":"LineString","coordinates":[[-9.29767,43.05329],[-9.29678,43.0528],[-9.29443,43.04888],[-9.29342,43.04808],[-9.2926,43.04822],[-9.29124,43.05077],[-9.29037,43.0507],[-9.28279,43.04158],[-9.28202,43.03828],[-9.27958,43.03678],[-9.27896,43.03708],[-9.27776,43.03534],[-9.27698,43.03524],[-9.27453,43.03632],[-9.27128,43.03703],[-9.27121,43.03756],[-9.2704,43.03732],[-9.26812,43.03805],[-9.26791,43.03734],[-9.26871,43.03671],[-9.26871,43.03605],[-9.26796,43.03327],[-9.26745,43.03228],[-9.26686,43.03212],[-9.2669,43.03031],[-9.2649,43.02923],[-9.26523,43.02797],[-9.26455,43.02619],[-9.26207,43.02434],[-9.26266,43.02327],[-9.26191,43.02068],[-9.26223,43.01884],[-9.26165,43.01607],[-9.26055,43.01476],[-9.25931,43.01426],[-9.25938,43.01256],[-9.25863,43.0102],[-9.25553,43.00878],[-9.25129,43.00863],[-9.25005,43.01035],[-9.24992,43.01235],[-9.24917,43.0142],[-9.24841,43.01429],[-9.24616,43.01559],[-9.24541,43.01701],[-9.24462,43.01702],[-9.24314,43.01534],[-9.24347,43.01383],[-9.24276,43.01331],[-9.23804,43.0131],[-9.23702,43.01364],[-9.23534,43.01322],[-9.23169,43.01118],[-9.22955,43.0116],[-9.22896,43.01108],[-9.22776,43.01139],[-9.22453,43.00844],[-9.22093,43.00821],[-9.21888,43.00911],[-9.21671,43.00875],[-9.21642,43.00736],[-9.21798,43.00719],[-9.21827,43.00679],[-9.21873,43.0035],[-9.21781,42.99989],[-9.21634,42.99881],[-9.21576,42.99906],[-9.21253,42.99513],[-9.20998,42.99564],[-9.20737,42.99488],[-9.20778,42.99322],[-9.2103,42.98888],[-9.21061,42.98861],[-9.21137,42.98907],[-9.21201,42.98646],[-9.21301,42.98566],[-9.21256,42.98353],[-9.20898,42.9805],[-9.20864,42.97707],[-9.20771,42.97631],[-9.20694,42.9768],[-9.20323,42.97657],[-9.19904,42.97468],[-9.19766,42.97279],[-9.19919,42.97127],[-9.20831,42.96474],[-9.20966,42.96262],[-9.21026,42.95976],[-9.2093,42.95979],[-9.20924,42.96128],[-9.20745,42.96178],[-9.20674,42.96153],[-9.20553,42.96279],[-9.20319,42.96398],[-9.20233,42.96503],[-9.19965,42.96555],[-9.19769,42.96477],[-9.1956,42.96285],[-9.19372,42.96256],[-9.19397,42.96034],[-9.19338,42.95759],[-9.19084,42.95759],[-9.18779,42.95598],[-9.18665,42.95351],[-9.18502,42.95182],[-9.18445,42.95016],[-9.18168,42.94839],[-9.17961,42.94758],[-9.17928,42.94658],[-9.17653,42.94747],[-9.17375,42.94784],[-9.1712,42.94686],[-9.17104,42.94623],[-9.17177,42.94529],[-9.1718,42.94317],[-9.17331,42.94156],[-9.1727,42.93931],[-9.17165,42.93844],[-9.16874,42.93783],[-9.16748,42.9367],[-9.16636,42.93453],[-9.16565,42.93032],[-9.16282,42.92714],[-9.16207,42.92419],[-9.1606,42.92345],[-9.1563,42.92351],[-9.15406,42.92215],[-9.15105,42.92221],[-9.15006,42.92173],[-9.14897,42.91981],[-9.14664,42.91859],[-9.14544,42.91524],[-9.14552,42.91339],[-9.14336,42.91088],[-9.14167,42.9104],[-9.13655,42.91126],[-9.13464,42.91104],[-9.13286,42.91165],[-9.13101,42.91111],[-9.12944,42.91],[-9.12851,42.90858],[-9.12667,42.90793],[-9.12561,42.90802],[-9.12437,42.90972],[-9.1247,42.91131],[-9.12418,42.91277],[-9.12217,42.91328],[-9.12329,42.91364],[-9.12192,42.91417],[-9.12192,42.91569],[-9.12104,42.91628],[-9.12117,42.91671],[-9.12183,42.91642],[-9.12262,42.91672],[-9.12154,42.91941],[-9.12088,42.91936],[-9.11897,42.91773],[-9.11678,42.91707],[-9.11184,42.91821],[-9.10919,42.91778],[-9.10644,42.91902],[-9.10552,42.91856],[-9.10335,42.91834],[-9.10326,42.91775],[-9.1043,42.91732],[-9.10482,42.91623],[-9.10375,42.91367],[-9.10421,42.91244],[-9.10199,42.90907],[-9.10162,42.90869],[-9.10098,42.90912],[-9.09937,42.90917],[-9.09824,42.90853],[-9.09604,42.90529],[-9.09514,42.90341],[-9.09536,42.90219],[-9.0946,42.90098],[-9.09319,42.90078],[-9.09136,42.90138],[-9.09084,42.90122],[-9.08862,42.89878],[-9.08764,42.89862],[-9.08813,42.89577],[-9.08787,42.8947],[-9.08908,42.89428],[-9.08973,42.89463],[-9.09174,42.89438],[-9.09313,42.89315],[-9.09204,42.89061],[-9.09173,42.88817],[-9.08964,42.88599],[-9.08866,42.88555],[-9.08837,42.88444],[-9.08699,42.88381],[-9.08641,42.88196],[-9.08698,42.87991],[-9.09036,42.87522],[-9.09078,42.87294],[-9.09051,42.87354],[-9.08718,42.87588],[-9.08595,42.87547],[-9.0849,42.87732],[-9.08329,42.87228],[-9.08269,42.87245],[-9.08235,42.87318],[-9.07849,42.87198],[-9.07755,42.87089],[-9.07516,42.87064],[-9.07426,42.871],[-9.07365,42.87072],[-9.07226,42.8686],[-9.06776,42.8669],[-9.06687,42.86526],[-9.06415,42.86452],[-9.06273,42.86246],[-9.06089,42.86124],[-9.05931,42.85877],[-9.05827,42.85857],[-9.05732,42.85892],[-9.05556,42.86211],[-9.05393,42.86273],[-9.05166,42.8619],[-9.05062,42.85994],[-9.0483,42.85856],[-9.04825,42.85823],[-9.05013,42.85725],[-9.05115,42.8552],[-9.0534,42.85357],[-9.05284,42.85215],[-9.05368,42.85029],[-9.05215,42.84871],[-9.05088,42.84413],[-9.05253,42.84226],[-9.052,42.84043],[-9.0529,42.83654],[-9.05459,42.83486],[-9.05504,42.83224],[-9.05714,42.82891],[-9.0547,42.8303],[-9.05052,42.83074],[-9.04975,42.83028],[-9.04966,42.82937],[-9.04751,42.8261],[-9.0453,42.82478],[-9.04399,42.82497],[-9.04112,42.8232],[-9.03954,42.81977],[-9.03903,42.81552],[-9.04032,42.81395],[-9.03986,42.81208],[-9.04048,42.81148],[-9.03784,42.8112],[-9.03839,42.8106],[-9.03809,42.81007],[-9.03713,42.80939],[-9.03663,42.80948],[-9.035,42.80677],[-9.03439,42.80661],[-9.03436,42.80619],[-9.03488,42.806],[-9.03405,42.80521],[-9.03306,42.80308],[-9.0325,42.80315],[-9.03233,42.80219],[-9.03194,42.80274],[-9.03178,42.80138],[-9.03036,42.7991],[-9.03002,42.80178],[-9.02893,42.80257],[-9.02753,42.80256],[-9.02495,42.80093],[-9.02224,42.80203],[-9.02081,42.8037],[-9.0178,42.8043],[-9.01671,42.80485],[-9.01431,42.80425],[-9.01294,42.79897],[-9.01024,42.79502],[-9.00952,42.79169],[-9.00708,42.78857],[-9.00538,42.78749],[-8.98825,42.78172],[-8.98514,42.78426],[-8.98308,42.79182],[-8.98137,42.79375],[-8.97934,42.79421],[-8.97759,42.79196],[-8.97547,42.7919],[-8.97596,42.79297],[-8.97309,42.79661],[-8.97322,42.79835],[-8.97447,42.79991],[-8.97572,42.80394],[-8.97475,42.8041],[-8.97334,42.80602],[-8.97247,42.8065],[-8.97195,42.80653],[-8.97135,42.80543],[-8.97023,42.80534],[-8.96687,42.804],[-8.9666,42.80143],[-8.96721,42.80106],[-8.96782,42.80131],[-8.97007,42.80005],[-8.9652,42.79834],[-8.96481,42.79586],[-8.96411,42.79618],[-8.96176,42.79389],[-8.96059,42.79513],[-8.95942,42.79508],[-8.95863,42.7955],[-8.95728,42.79457],[-8.95687,42.79308],[-8.955,42.79542],[-8.95291,42.79459],[-8.95133,42.79557],[-8.95022,42.79732],[-8.95026,42.79871],[-8.94883,42.79989],[-8.94926,42.80095],[-8.94844,42.8014],[-8.94663,42.80144],[-8.94596,42.80293],[-8.94378,42.80336],[-8.94017,42.80669],[-8.9355,42.81218],[-8.9286,42.81212],[-8.92629,42.81263],[-8.92407,42.81416],[-8.92193,42.81762],[-8.92082,42.81856],[-8.90781,42.82366],[-8.90481,42.82444],[-8.90186,42.82472],[-8.8965,42.82409],[-8.89151,42.82189],[-8.88689,42.8176],[-8.8855,42.81522],[-8.88484,42.81229],[-8.88803,42.81027],[-8.88923,42.80854],[-8.88941,42.80712],[-8.88874,42.8029],[-8.88901,42.79972],[-8.88961,42.7985],[-8.89133,42.79729],[-8.92199,42.78437],[-8.92164,42.78409],[-8.92012,42.78466],[-8.91649,42.78498],[-8.9207,42.78306],[-8.92051,42.78063],[-8.91952,42.77903],[-8.91952,42.7811],[-8.91898,42.78153],[-8.91804,42.78149],[-8.91885,42.78083],[-8.91845,42.78004],[-8.91762,42.7808],[-8.91769,42.78008],[-8.91707,42.78039],[-8.91703,42.77992],[-8.91619,42.78031],[-8.91601,42.77838],[-8.91459,42.77946],[-8.91471,42.77749],[-8.91358,42.7784],[-8.91363,42.77699],[-8.91276,42.77459],[-8.9129,42.7716],[-8.91221,42.77052],[-8.91286,42.76881],[-8.91352,42.76843],[-8.91297,42.76787],[-8.91401,42.76789],[-8.91196,42.76611],[-8.91072,42.76416],[-8.90832,42.76204],[-8.90624,42.75932],[-8.90689,42.75834],[-8.90656,42.75707],[-8.90757,42.75541],[-8.90752,42.75466],[-8.90645,42.75393],[-8.90528,42.75212],[-8.90799,42.75304],[-8.90965,42.75278],[-8.91038,42.75136],[-8.90982,42.7496],[-8.91017,42.74735],[-8.91125,42.74687],[-8.91079,42.74655],[-8.91411,42.74604],[-8.91263,42.74549],[-8.91308,42.74263],[-8.91279,42.74234],[-8.91195,42.74297],[-8.91229,42.74042],[-8.91138,42.74043],[-8.91024,42.74128],[-8.90958,42.7412],[-8.91014,42.74045],[-8.91035,42.7384],[-8.91338,42.73817],[-8.90986,42.7364],[-8.90906,42.73533],[-8.90873,42.73381],[-8.91084,42.73573],[-8.91238,42.73601],[-8.91336,42.73517],[-8.91518,42.73677],[-8.91714,42.73726],[-8.91735,42.73587],[-8.91586,42.73261],[-8.91733,42.73299],[-8.91912,42.73265],[-8.92062,42.73283],[-8.9231,42.7338],[-8.92481,42.73403],[-8.92541,42.7338],[-8.92592,42.73273],[-8.92659,42.73274],[-8.92794,42.73178],[-8.93328,42.73147],[-8.93411,42.72719],[-8.93094,42.72526],[-8.92963,42.72364],[-8.93057,42.72177],[-8.92994,42.72003],[-8.92884,42.71898],[-8.92931,42.71789],[-8.92827,42.71504],[-8.92854,42.71307],[-8.93246,42.71375],[-8.93411,42.71359],[-8.93519,42.71298],[-8.93793,42.71286],[-8.93823,42.71185],[-8.93725,42.7101],[-8.94014,42.71007],[-8.94057,42.70882],[-8.9414,42.70808],[-8.94359,42.71003],[-8.94489,42.71042],[-8.94773,42.70947],[-8.95037,42.70765],[-8.95373,42.70821],[-8.9546,42.7053],[-8.95537,42.70437],[-8.9569,42.70498],[-8.95783,42.70469],[-8.95991,42.70247],[-8.96012,42.69962],[-8.96247,42.70037],[-8.96452,42.69839],[-8.96535,42.69834],[-8.9665,42.69732],[-8.96834,42.69763],[-8.97066,42.69526],[-8.97175,42.69486],[-8.97278,42.69312],[-8.97183,42.69383],[-8.97142,42.69257],[-8.97012,42.69125],[-8.96796,42.6905],[-8.96708,42.68971],[-8.96628,42.68806],[-8.96646,42.68684],[-8.96461,42.68482],[-8.96404,42.68263],[-8.96281,42.68039],[-8.9633,42.67955],[-8.96599,42.67923],[-8.96797,42.6773],[-8.96852,42.67579],[-8.9659,42.67077],[-8.96492,42.66993],[-8.96605,42.6687],[-8.96598,42.66741],[-8.96313,42.66511],[-8.96343,42.66448],[-8.96078,42.66168],[-8.96029,42.65874],[-8.95898,42.65586],[-8.95955,42.65394],[-8.9588,42.65301],[-8.95999,42.65253],[-8.95971,42.65196],[-8.96235,42.64842],[-8.96099,42.64901],[-8.95916,42.65107],[-8.95383,42.65257],[-8.95289,42.65352],[-8.95105,42.65691],[-8.95154,42.65906],[-8.95292,42.66029],[-8.95255,42.66359],[-8.95057,42.66399],[-8.94854,42.66341],[-8.94574,42.66387],[-8.94307,42.66241],[-8.94242,42.66132],[-8.94122,42.66121],[-8.9414,42.6609],[-8.93961,42.65991],[-8.936,42.65885],[-8.93446,42.65894],[-8.93297,42.65799],[-8.9316,42.65892],[-8.92996,42.65746],[-8.92573,42.65664],[-8.92509,42.65725],[-8.92489,42.65963],[-8.92421,42.66024],[-8.92452,42.6608],[-8.921,42.65905],[-8.9198,42.65927],[-8.91883,42.65994],[-8.91894,42.65865],[-8.91684,42.65726],[-8.9167,42.65912],[-8.91783,42.66025],[-8.91767,42.66106],[-8.91675,42.66091],[-8.91505,42.66146],[-8.91355,42.66141],[-8.91045,42.6602],[-8.91212,42.66271],[-8.91269,42.6646],[-8.91223,42.66586],[-8.91011,42.66594],[-8.90996,42.66675],[-8.91116,42.66739],[-8.90841,42.66997],[-8.91014,42.67266],[-8.90958,42.67349],[-8.90645,42.67445],[-8.90286,42.67338],[-8.90155,42.6757],[-8.9019,42.67645],[-8.90134,42.67676],[-8.90064,42.67645],[-8.89947,42.67436],[-8.89857,42.67362],[-8.8991,42.67079],[-8.89804,42.66966],[-8.89652,42.66916],[-8.8959,42.66946],[-8.89578,42.67138],[-8.89511,42.67277],[-8.89614,42.67342],[-8.89623,42.67462],[-8.89678,42.67499],[-8.89665,42.67586],[-8.89761,42.67664],[-8.89722,42.67763],[-8.89603,42.67855],[-8.89698,42.67937],[-8.89701,42.68015],[-8.89638,42.68043],[-8.89481,42.68331],[-8.89445,42.6833],[-8.89379,42.68171],[-8.89294,42.6818],[-8.89248,42.68137],[-8.89262,42.67831],[-8.88952,42.67889],[-8.88851,42.67791],[-8.88668,42.67782],[-8.88673,42.67851],[-8.88646,42.67804],[-8.88559,42.67844],[-8.88424,42.67834],[-8.88322,42.67808],[-8.88228,42.67726],[-8.88245,42.67923],[-8.88064,42.68151],[-8.88046,42.68533],[-8.87923,42.68739],[-8.87996,42.68962],[-8.87971,42.69126],[-8.88225,42.69441],[-8.88281,42.69616],[-8.88504,42.69702],[-8.88602,42.70021],[-8.88708,42.69996],[-8.88672,42.70326],[-8.884,42.70018],[-8.88271,42.69999],[-8.882,42.70083],[-8.88097,42.69896],[-8.87958,42.69834],[-8.87873,42.69692],[-8.87932,42.69525],[-8.87587,42.69401],[-8.87438,42.69429],[-8.874,42.69369],[-8.87407,42.69673],[-8.87131,42.69547],[-8.87111,42.69722],[-8.87033,42.69723],[-8.87003,42.69818],[-8.86876,42.69663],[-8.86541,42.69592],[-8.86532,42.69642],[-8.86476,42.69614],[-8.86451,42.69656],[-8.86199,42.69707],[-8.8579,42.69718],[-8.85588,42.69616],[-8.85236,42.69621],[-8.85233,42.69559],[-8.85085,42.69486],[-8.84838,42.69473],[-8.84517,42.69546],[-8.84474,42.69662],[-8.84107,42.6978],[-8.84067,42.69604],[-8.84107,42.695],[-8.84199,42.69466],[-8.84264,42.69349],[-8.84273,42.69022],[-8.84161,42.68971],[-8.8393,42.69039],[-8.83784,42.6915],[-8.83785,42.69213],[-8.83624,42.69369],[-8.83649,42.69473],[-8.83594,42.69562],[-8.83446,42.6957],[-8.83406,42.69715],[-8.83255,42.69759],[-8.83263,42.6995],[-8.83161,42.6984],[-8.83112,42.69577],[-8.8305,42.69662],[-8.82968,42.69632],[-8.82909,42.69795],[-8.82562,42.69908],[-8.82433,42.7026],[-8.82434,42.70415],[-8.82233,42.70764],[-8.82208,42.71079],[-8.81564,42.71294],[-8.81691,42.71336],[-8.81731,42.71447],[-8.81675,42.71655],[-8.81693,42.71798],[-8.81647,42.71877],[-8.81548,42.71931],[-8.8155,42.71869],[-8.81619,42.71817],[-8.81597,42.71745],[-8.81518,42.7172],[-8.81379,42.72137],[-8.81144,42.72285],[-8.81137,42.72431],[-8.81041,42.72429],[-8.8092,42.72244],[-8.80692,42.72226],[-8.80539,42.72169],[-8.80386,42.71994],[-8.80163,42.72148],[-8.80095,42.72432],[-8.79993,42.72588],[-8.79854,42.72657],[-8.79879,42.7298],[-8.79794,42.73237],[-8.79735,42.73319],[-8.79422,42.73516],[-8.79424,42.73592],[-8.79319,42.73716],[-8.79319,42.73859],[-8.79418,42.73965],[-8.79295,42.74444],[-8.79442,42.7472],[-8.79118,42.75047],[-8.7909,42.74951],[-8.78973,42.74856],[-8.78938,42.74967],[-8.78841,42.74991],[-8.7808,42.74785],[-8.78023,42.74812],[-8.77883,42.75069],[-8.77651,42.75073],[-8.77483,42.75009],[-8.77191,42.74993],[-8.76976,42.74734],[-8.76958,42.74613],[-8.76865,42.746],[-8.76783,42.74537],[-8.76634,42.74544],[-8.76616,42.74475],[-8.76524,42.74409],[-8.76313,42.74342],[-8.76179,42.74056],[-8.76011,42.73964],[-8.75962,42.73992],[-8.75902,42.74297],[-8.75781,42.74396],[-8.75453,42.74903],[-8.75214,42.75069],[-8.7488,42.75051],[-8.74558,42.74874],[-8.74519,42.74815],[-8.74454,42.74884],[-8.74425,42.7483],[-8.74385,42.74851],[-8.74312,42.74986],[-8.74217,42.74968],[-8.74065,42.74765],[-8.74125,42.74622],[-8.74073,42.74471],[-8.73823,42.74597],[-8.73762,42.74906],[-8.73613,42.74969],[-8.73632,42.74878],[-8.73473,42.74921],[-8.73445,42.74857],[-8.73367,42.74911],[-8.73378,42.74804],[-8.73268,42.74848],[-8.73291,42.74739],[-8.73177,42.74813],[-8.73157,42.74914],[-8.72992,42.74806],[-8.72847,42.7477],[-8.72826,42.74694],[-8.72946,42.74666],[-8.73151,42.74519],[-8.73162,42.74248],[-8.73234,42.74177],[-8.73334,42.74159],[-8.73479,42.73823],[-8.73573,42.7383],[-8.73605,42.73735],[-8.73546,42.73657],[-8.73438,42.73638],[-8.73399,42.73585],[-8.73279,42.73603],[-8.73111,42.73714],[-8.73058,42.73681],[-8.72861,42.73723],[-8.72909,42.73517],[-8.72757,42.73153],[-8.72806,42.7295],[-8.72674,42.72862],[-8.72622,42.72517],[-8.72577,42.72489],[-8.72542,42.72717],[-8.72464,42.72767],[-8.72498,42.72662],[-8.72433,42.72596],[-8.72353,42.72357],[-8.72262,42.72438],[-8.72173,42.72389],[-8.72342,42.72033],[-8.72473,42.72036],[-8.72529,42.71945],[-8.72633,42.71967],[-8.72751,42.71862],[-8.72955,42.71884],[-8.73219,42.72042],[-8.73495,42.72112],[-8.7358,42.721],[-8.73792,42.71965],[-8.74069,42.71946],[-8.73829,42.71888],[-8.7381,42.71775],[-8.73717,42.71726],[-8.73666,42.7163],[-8.73538,42.71592],[-8.73487,42.71485],[-8.73345,42.7143],[-8.7316,42.71446],[-8.73033,42.71373],[-8.72909,42.71365],[-8.73269,42.71182],[-8.73446,42.71147],[-8.73468,42.71111],[-8.73405,42.71068],[-8.73476,42.70842],[-8.73375,42.70662],[-8.73504,42.70529],[-8.73413,42.70494],[-8.73256,42.70591],[-8.73206,42.70552],[-8.73212,42.70405],[-8.73044,42.70328],[-8.72961,42.70389],[-8.72896,42.70327],[-8.72792,42.70313],[-8.72903,42.70225],[-8.72635,42.7012],[-8.7269,42.6991],[-8.73021,42.69513],[-8.72871,42.69444],[-8.73117,42.69141],[-8.73307,42.69061],[-8.7335,42.69007],[-8.73252,42.68647],[-8.73446,42.68306],[-8.73386,42.68234],[-8.73038,42.68093],[-8.73046,42.67945],[-8.72953,42.67697],[-8.72839,42.67722],[-8.71825,42.67621],[-8.71866,42.67498],[-8.71845,42.67352],[-8.71926,42.67126],[-8.71604,42.67029],[-8.71527,42.66938],[-8.71672,42.66876],[-8.71632,42.66735],[-8.71481,42.66652],[-8.71365,42.66734],[-8.71261,42.66739],[-8.70836,42.66506],[-8.70632,42.66583],[-8.70505,42.66301],[-8.70569,42.66169],[-8.70423,42.65946],[-8.7047,42.6596],[-8.70645,42.65885],[-8.7042,42.65715],[-8.70716,42.65528],[-8.70541,42.65254],[-8.70716,42.65122],[-8.70661,42.65048],[-8.70543,42.64996],[-8.70275,42.6494],[-8.70133,42.64849],[-8.70084,42.64855],[-8.70096,42.64731],[-8.69979,42.64663],[-8.70066,42.64485],[-8.69912,42.64393],[-8.7009,42.6428],[-8.69874,42.64313],[-8.69589,42.64274],[-8.69473,42.64307],[-8.69429,42.6437],[-8.69046,42.64434],[-8.68696,42.64396],[-8.6862,42.64459],[-8.68301,42.6459],[-8.68242,42.64585],[-8.68411,42.64501],[-8.68523,42.6429],[-8.6868,42.64205],[-8.69128,42.64183],[-8.69466,42.64008],[-8.69655,42.64026],[-8.69619,42.63981],[-8.69774,42.6386],[-8.69565,42.63927],[-8.69054,42.63934],[-8.68956,42.63844],[-8.68967,42.63793],[-8.69062,42.6376],[-8.69518,42.63763],[-8.69845,42.63494],[-8.69989,42.63443],[-8.70143,42.63452],[-8.70296,42.63378],[-8.70324,42.63193],[-8.70189,42.62984],[-8.701,42.62939],[-8.69738,42.62895],[-8.69451,42.62702],[-8.69478,42.62665],[-8.69701,42.62647],[-8.69689,42.62624],[-8.69365,42.62511],[-8.69694,42.62484],[-8.69817,42.62428],[-8.70091,42.62509],[-8.70359,42.62349],[-8.70508,42.62204],[-8.70435,42.62049],[-8.70448,42.61957],[-8.70767,42.6173],[-8.70994,42.61367],[-8.70936,42.60986],[-8.70991,42.60985],[-8.7096,42.60915],[-8.71188,42.60324],[-8.71195,42.60142],[-8.7126,42.60044],[-8.71239,42.59952],[-8.71446,42.59526],[-8.71421,42.59445],[-8.71622,42.59276],[-8.7196,42.59246],[-8.71982,42.59209],[-8.72135,42.59225],[-8.72208,42.59112],[-8.72118,42.59015],[-8.72341,42.58605],[-8.72444,42.58527],[-8.72574,42.58268],[-8.72617,42.58278],[-8.72714,42.58199],[-8.73008,42.58328],[-8.73234,42.58306],[-8.73299,42.58363],[-8.73371,42.58332],[-8.73619,42.58329],[-8.73658,42.58372],[-8.73751,42.58297],[-8.73762,42.58016],[-8.73873,42.58038],[-8.73712,42.5788],[-8.73806,42.57766],[-8.73966,42.57793],[-8.74072,42.57651],[-8.73906,42.57626],[-8.7384,42.57545],[-8.73586,42.57456],[-8.73606,42.57375],[-8.73521,42.57326],[-8.73648,42.57261],[-8.73652,42.57133],[-8.73841,42.57086],[-8.737,42.57007],[-8.73715,42.56942],[-8.73668,42.56932],[-8.73726,42.56461],[-8.73875,42.56248],[-8.73992,42.562],[-8.74127,42.56049],[-8.74119,42.55857],[-8.74218,42.5571],[-8.74291,42.55459],[-8.74368,42.55446],[-8.7436,42.55281],[-8.74319,42.55245],[-8.7438,42.55215],[-8.74402,42.5512],[-8.7414,42.55003],[-8.73836,42.54962],[-8.73753,42.54868],[-8.73635,42.54935],[-8.73492,42.54933],[-8.7348,42.54755],[-8.73302,42.54802],[-8.72911,42.55083],[-8.72533,42.5471],[-8.72847,42.54642],[-8.72957,42.54532],[-8.72745,42.54489],[-8.72754,42.5433],[-8.72825,42.54221],[-8.73039,42.54273],[-8.73124,42.54077],[-8.73216,42.54134],[-8.73311,42.54038],[-8.73228,42.5395],[-8.7337,42.5379],[-8.73156,42.53711],[-8.72956,42.53541],[-8.73091,42.53493],[-8.73058,42.53426],[-8.73184,42.53275],[-8.73592,42.52958],[-8.73481,42.52911],[-8.73459,42.52825],[-8.73307,42.52778],[-8.73467,42.52613],[-8.73343,42.52566],[-8.7345,42.52349],[-8.73161,42.52238],[-8.7318,42.52161],[-8.73049,42.51934],[-8.72791,42.51965],[-8.72695,42.51879],[-8.72795,42.51767],[-8.72981,42.51815],[-8.73212,42.51814],[-8.73353,42.51655],[-8.73231,42.51454],[-8.73423,42.51111],[-8.73288,42.51062],[-8.73282,42.50638],[-8.73325,42.50522],[-8.7351,42.5046],[-8.73553,42.50355],[-8.73506,42.50321],[-8.73526,42.50288],[-8.73401,42.50211],[-8.73158,42.50224],[-8.73111,42.50108],[-8.72993,42.50074],[-8.73037,42.49984],[-8.72857,42.49938],[-8.7287,42.49741],[-8.72588,42.49651],[-8.7236,42.49409],[-8.7214,42.49399],[-8.72079,42.49231],[-8.71934,42.49154],[-8.71876,42.49158],[-8.71738,42.49411],[-8.71644,42.49198],[-8.71515,42.49088],[-8.71543,42.49003],[-8.71401,42.48876],[-8.71363,42.48877],[-8.71346,42.49016],[-8.71042,42.49463],[-8.70918,42.49542],[-8.70733,42.49593],[-8.70619,42.49549],[-8.70676,42.49437],[-8.7055,42.49213],[-8.70572,42.49102],[-8.70726,42.48928],[-8.70846,42.4865],[-8.70956,42.48084],[-8.70851,42.47821],[-8.70898,42.4776],[-8.70885,42.47684],[-8.70753,42.47458],[-8.70742,42.47318],[-8.70838,42.47253],[-8.7083,42.47208],[-8.70704,42.4729],[-8.70681,42.47449],[-8.7074,42.47746],[-8.70711,42.47936],[-8.70801,42.48046],[-8.70772,42.48161],[-8.70556,42.48537],[-8.70162,42.4872],[-8.70429,42.48454],[-8.70511,42.48266],[-8.70209,42.48396],[-8.70133,42.48379],[-8.7033,42.48285],[-8.70389,42.48209],[-8.70219,42.48228],[-8.69894,42.47961],[-8.69556,42.47911],[-8.69371,42.47708],[-8.69397,42.47593],[-8.69323,42.47441],[-8.69369,42.47375],[-8.69136,42.47406],[-8.69095,42.47365],[-8.69115,42.47539],[-8.6877,42.48075],[-8.68714,42.47898],[-8.6865,42.48089],[-8.68704,42.48207],[-8.68806,42.48247],[-8.68857,42.48393],[-8.68927,42.48453],[-8.68905,42.48527],[-8.69029,42.48622],[-8.69012,42.48651],[-8.68916,42.48648],[-8.68813,42.48583],[-8.68817,42.48638],[-8.69109,42.48822],[-8.69009,42.48851],[-8.68849,42.48803],[-8.68636,42.48611],[-8.6858,42.48719],[-8.68431,42.48774],[-8.68342,42.48887],[-8.68205,42.48963],[-8.68282,42.49064],[-8.68356,42.48951],[-8.68476,42.48884],[-8.68487,42.4908],[-8.68402,42.49342],[-8.68301,42.49407],[-8.68357,42.4959],[-8.68287,42.49651],[-8.68173,42.49675],[-8.68068,42.49891],[-8.67651,42.50053],[-8.67538,42.49811],[-8.67561,42.49644],[-8.67509,42.49587],[-8.67664,42.49393],[-8.67707,42.49223],[-8.67484,42.49172],[-8.67177,42.48988],[-8.67061,42.48983],[-8.66906,42.49046],[-8.66841,42.49148],[-8.66702,42.49129],[-8.66607,42.49157],[-8.66512,42.4912],[-8.66642,42.49063],[-8.66815,42.48889],[-8.66824,42.48662],[-8.66762,42.48523],[-8.66655,42.48492],[-8.66615,42.48393],[-8.66537,42.48458],[-8.66593,42.48676],[-8.66495,42.48724],[-8.66274,42.48947],[-8.66179,42.4895],[-8.66162,42.48873],[-8.66083,42.48934],[-8.65925,42.48946],[-8.6573,42.48803],[-8.65658,42.48816],[-8.65523,42.48725],[-8.65489,42.48752],[-8.65364,42.4866],[-8.6534,42.48713],[-8.65223,42.48734],[-8.65189,42.4863],[-8.65105,42.48687],[-8.65049,42.48635],[-8.65099,42.48223],[-8.65055,42.48112],[-8.65013,42.48125],[-8.64989,42.48243],[-8.64785,42.48363],[-8.64805,42.48498],[-8.64533,42.4849],[-8.64462,42.48369],[-8.64195,42.48262],[-8.64169,42.48196],[-8.6424,42.47887],[-8.6455,42.47589],[-8.64534,42.47491],[-8.6449,42.47498],[-8.64436,42.47534],[-8.6445,42.47629],[-8.64412,42.4765],[-8.64421,42.47521],[-8.64309,42.47505],[-8.64197,42.47558],[-8.64226,42.47632],[-8.64071,42.47617],[-8.63956,42.47691],[-8.63862,42.47949],[-8.63874,42.48154],[-8.63943,42.48288],[-8.63907,42.48352],[-8.63804,42.48333],[-8.63701,42.48395],[-8.63577,42.48383],[-8.63446,42.48572],[-8.63384,42.48094],[-8.63275,42.48053],[-8.63181,42.48067],[-8.63212,42.48317],[-8.63168,42.48348],[-8.63165,42.48523],[-8.63109,42.48586],[-8.63115,42.48748],[-8.62955,42.48991],[-8.62834,42.48982],[-8.62614,42.49133],[-8.62438,42.48933],[-8.62297,42.4919],[-8.62429,42.4943],[-8.62101,42.49757],[-8.61967,42.49741],[-8.61843,42.49794],[-8.61673,42.49548],[-8.61551,42.49517],[-8.61466,42.49536],[-8.6141,42.49607],[-8.61479,42.49741],[-8.61236,42.4993],[-8.61171,42.50068],[-8.61187,42.49927],[-8.61255,42.49826],[-8.61008,42.49951],[-8.60935,42.49741],[-8.6083,42.49667],[-8.60701,42.49828],[-8.60604,42.49896],[-8.6049,42.49914],[-8.60385,42.50046],[-8.60375,42.50493],[-8.60138,42.50831],[-8.60064,42.50687],[-8.59784,42.50617],[-8.59648,42.50426],[-8.5959,42.50507],[-8.59432,42.50415],[-8.59206,42.50155],[-8.59178,42.50067],[-8.59273,42.49798],[-8.59453,42.49735],[-8.59634,42.49771],[-8.59531,42.49676],[-8.59514,42.49515],[-8.59602,42.49337],[-8.59799,42.49177],[-8.59908,42.48911],[-8.60015,42.4879],[-8.60018,42.48736],[-8.59862,42.48551],[-8.59877,42.48446],[-8.59943,42.48402],[-8.59937,42.48333],[-8.60157,42.48213],[-8.60198,42.48149],[-8.60127,42.47675],[-8.60298,42.47533],[-8.60295,42.47457],[-8.6018,42.47301],[-8.60031,42.47215],[-8.60048,42.47114],[-8.59959,42.46969],[-8.59812,42.46887],[-8.598,42.46809],[-8.59694,42.46689],[-8.59683,42.4666],[-8.59766,42.46604],[-8.59707,42.46383],[-8.59377,42.46162],[-8.5896,42.4611],[-8.58521,42.45672],[-8.58555,42.45405],[-8.5871,42.45277],[-8.58727,42.45152],[-8.58882,42.45006],[-8.58825,42.44927],[-8.5868,42.44906],[-8.58473,42.44705],[-8.58365,42.44687],[-8.58198,42.44576],[-8.58146,42.44447],[-8.58291,42.44345],[-8.58461,42.44329],[-8.58543,42.44271],[-8.58802,42.44207],[-8.58909,42.44008],[-8.58894,42.43898],[-8.58719,42.43613],[-8.58941,42.43399],[-8.5891,42.4331],[-8.58812,42.43247],[-8.58716,42.43262],[-8.58505,42.43171],[-8.58445,42.42969],[-8.58276,42.4296],[-8.58179,42.42778],[-8.58172,42.42665],[-8.58224,42.42607],[-8.58156,42.42525],[-8.5818,42.4254],[-8.5821,42.42492],[-8.5823,42.42525],[-8.58385,42.42533],[-8.58372,42.4273],[-8.58527,42.4283],[-8.58503,42.42671],[-8.58609,42.42602],[-8.58669,42.425],[-8.58692,42.42291],[-8.58458,42.42235],[-8.58339,42.42082],[-8.58258,42.42087],[-8.58105,42.42009],[-8.58005,42.41907],[-8.57896,42.41863],[-8.57798,42.41755],[-8.57801,42.41691],[-8.57723,42.41763],[-8.57709,42.41854],[-8.5739,42.41942],[-8.57356,42.41871],[-8.5739,42.41847],[-8.57347,42.41845],[-8.57381,42.41788],[-8.57185,42.41887],[-8.5697,42.41851],[-8.56783,42.41751],[-8.56747,42.4169],[-8.56791,42.41592],[-8.56633,42.41471],[-8.56639,42.41397],[-8.56252,42.41404],[-8.56162,42.41347],[-8.56228,42.41242],[-8.56294,42.41262],[-8.56389,42.41219],[-8.56364,42.41134],[-8.56241,42.41087],[-8.56218,42.41026],[-8.56243,42.40929],[-8.56402,42.40839],[-8.56919,42.40899],[-8.5704,42.40879],[-8.57135,42.40826],[-8.57307,42.40616],[-8.57595,42.40564],[-8.57461,42.40306],[-8.57902,42.4022],[-8.58331,42.40208],[-8.58636,42.40152],[-8.5866,42.40067],[-8.58793,42.39964],[-8.58872,42.39953],[-8.58803,42.39829],[-8.58634,42.39701],[-8.58598,42.39533],[-8.5844,42.39411],[-8.58246,42.39349],[-8.58135,42.39266],[-8.58133,42.39183],[-8.58223,42.39097],[-8.5828,42.38955],[-8.58372,42.38898],[-8.58586,42.38862],[-8.59086,42.38961],[-8.59187,42.39148],[-8.59337,42.39242],[-8.59421,42.39482],[-8.59524,42.39583],[-8.59468,42.39825],[-8.59608,42.39995],[-8.59787,42.3992],[-8.59845,42.39818],[-8.59826,42.39728],[-8.59933,42.39635],[-8.59848,42.39431],[-8.59896,42.39147],[-8.59979,42.39104],[-8.60201,42.39079],[-8.60306,42.38954],[-8.60517,42.38923],[-8.60582,42.38876],[-8.60339,42.38784],[-8.60224,42.38786],[-8.60159,42.38708],[-8.60084,42.38693],[-8.60004,42.38729],[-8.59854,42.38709],[-8.59602,42.38816],[-8.59569,42.38795],[-8.59605,42.38693],[-8.59545,42.38638],[-8.59415,42.3875],[-8.59404,42.38457],[-8.59283,42.38371],[-8.59283,42.38238],[-8.59358,42.38139],[-8.59309,42.38079],[-8.5917,42.38099],[-8.59101,42.38064],[-8.59049,42.37954],[-8.58945,42.37886],[-8.58877,42.37902],[-8.58793,42.37766],[-8.5866,42.37756],[-8.58482,42.38045],[-8.58358,42.38028],[-8.58264,42.378],[-8.58282,42.37657],[-8.58134,42.37619],[-8.5788,42.3777],[-8.57766,42.37921],[-8.5762,42.37982],[-8.57691,42.37697],[-8.57668,42.37571],[-8.57542,42.37517],[-8.57196,42.37577],[-8.57087,42.37565],[-8.57032,42.37625],[-8.56987,42.37601],[-8.56884,42.37625],[-8.56778,42.37573],[-8.56684,42.37588],[-8.56595,42.37619],[-8.5657,42.37688],[-8.5649,42.37731],[-8.56376,42.37752],[-8.56539,42.37418],[-8.56733,42.37318],[-8.56808,42.3734],[-8.56981,42.37291],[-8.57256,42.3728],[-8.573,42.37179],[-8.57564,42.36989],[-8.57747,42.36728],[-8.58228,42.36544],[-8.58198,42.36227],[-8.5815,42.36148],[-8.57764,42.35906],[-8.57691,42.35781],[-8.57702,42.35698],[-8.57947,42.35706],[-8.58288,42.35772],[-8.58339,42.35707],[-8.58269,42.35567],[-8.58316,42.35531],[-8.58242,42.3547],[-8.5806,42.35445],[-8.58046,42.35402],[-8.58174,42.35381],[-8.58192,42.35251],[-8.58423,42.35415],[-8.58602,42.35352],[-8.58451,42.35358],[-8.58437,42.35292],[-8.58511,42.3529],[-8.58493,42.35242],[-8.58273,42.34998],[-8.58073,42.34862],[-8.57835,42.34751],[-8.57634,42.34771],[-8.57574,42.345],[-8.57455,42.34466],[-8.57382,42.34493],[-8.57359,42.34408],[-8.57068,42.34289],[-8.56961,42.34321],[-8.56864,42.34279],[-8.56771,42.34338],[-8.56649,42.3424],[-8.56625,42.34155],[-8.56682,42.34055],[-8.56884,42.33852],[-8.56871,42.33778],[-8.56943,42.33666],[-8.56896,42.33645],[-8.56989,42.3352],[-8.5698,42.33418],[-8.57047,42.33282],[-8.57006,42.333],[-8.57012,42.33244],[-8.56909,42.33222],[-8.56792,42.33061],[-8.56927,42.32974],[-8.57045,42.32684],[-8.5711,42.32687],[-8.57371,42.32849],[-8.57666,42.32779],[-8.57849,42.32785],[-8.57995,42.32728],[-8.58193,42.32539],[-8.5826,42.32549],[-8.58901,42.32255],[-8.58764,42.32159],[-8.58683,42.32215],[-8.58266,42.32329],[-8.58132,42.32152],[-8.57983,42.32129],[-8.57808,42.32256],[-8.57923,42.32109],[-8.57956,42.31923],[-8.5802,42.31859],[-8.58102,42.31845],[-8.58223,42.31655],[-8.58143,42.31654],[-8.58122,42.31576],[-8.57957,42.31494],[-8.58024,42.31415],[-8.57991,42.31204],[-8.58057,42.31026],[-8.57984,42.30932],[-8.57867,42.30938],[-8.58006,42.30742],[-8.58011,42.30612],[-8.57943,42.30484],[-8.5765,42.30461],[-8.57139,42.30932],[-8.56816,42.31101],[-8.5667,42.31125],[-8.56721,42.30969],[-8.5669,42.30876],[-8.56848,42.30625],[-8.5686,42.30303],[-8.57004,42.30084],[-8.57004,42.29974],[-8.56936,42.2985],[-8.56787,42.29757],[-8.56441,42.29698],[-8.56298,42.29575],[-8.56102,42.29601],[-8.55921,42.29727],[-8.5584,42.29715],[-8.5575,42.29672],[-8.55756,42.29608],[-8.55586,42.29601],[-8.55446,42.29541],[-8.55444,42.29445],[-8.55243,42.29331],[-8.55454,42.2929],[-8.55524,42.29138],[-8.55692,42.28997],[-8.55989,42.28949],[-8.56115,42.28886],[-8.56176,42.28802],[-8.56159,42.28641],[-8.5622,42.28567],[-8.56376,42.28497],[-8.56447,42.28561],[-8.56546,42.2852],[-8.56901,42.28159],[-8.57273,42.28169],[-8.57866,42.28006],[-8.57976,42.2804],[-8.58119,42.27978],[-8.58128,42.27907],[-8.58071,42.27838],[-8.58131,42.27833],[-8.58048,42.2779],[-8.58119,42.27715],[-8.58238,42.27694],[-8.58454,42.27776],[-8.58409,42.27663],[-8.5833,42.2767],[-8.58255,42.27622],[-8.57974,42.27384],[-8.5758,42.27239],[-8.57852,42.27243],[-8.57821,42.27139],[-8.57713,42.27156],[-8.57348,42.27035],[-8.57181,42.27027],[-8.56644,42.27132],[-8.56576,42.26643],[-8.56457,42.2656],[-8.56186,42.26616],[-8.56153,42.26545],[-8.56304,42.26399],[-8.56286,42.26334],[-8.56033,42.26155],[-8.55882,42.26106],[-8.55799,42.26152],[-8.55775,42.26035],[-8.55635,42.25916],[-8.55427,42.25576],[-8.55452,42.25398],[-8.55299,42.25126],[-8.55328,42.25053],[-8.55489,42.25031],[-8.55512,42.24974],[-8.55467,42.24915],[-8.55577,42.24885],[-8.5575,42.24965],[-8.56096,42.24927],[-8.56172,42.24883],[-8.56593,42.24971],[-8.56891,42.24924],[-8.56952,42.24891],[-8.56877,42.24762],[-8.57155,42.24754],[-8.57191,42.24577],[-8.57283,42.24549],[-8.5768,42.24156],[-8.57751,42.23951],[-8.57584,42.23768],[-8.57738,42.2345],[-8.5797,42.2345],[-8.58032,42.23407],[-8.5797,42.23109],[-8.57901,42.22948],[-8.57798,42.22858],[-8.5752,42.22778],[-8.57404,42.22795],[-8.57186,42.2263],[-8.57074,42.22612],[-8.56955,42.22396],[-8.56931,42.22249],[-8.5697,42.22195],[-8.57346,42.22215],[-8.57484,42.22036],[-8.57668,42.22104],[-8.57864,42.22126],[-8.58121,42.22087],[-8.58487,42.22116],[-8.58535,42.21801],[-8.58473,42.21664],[-8.58022,42.21402],[-8.57898,42.21258],[-8.57708,42.21182],[-8.57624,42.21101],[-8.57475,42.21078],[-8.57551,42.21136],[-8.57323,42.21083],[-8.57309,42.20997],[-8.5734,42.20954],[-8.57537,42.20883],[-8.57887,42.20825],[-8.58012,42.20849],[-8.58284,42.2082],[-8.58288,42.2065],[-8.58512,42.20444],[-8.58587,42.20317],[-8.58355,42.20274],[-8.58111,42.20292],[-8.58035,42.20205],[-8.57767,42.20167],[-8.57465,42.20228],[-8.57318,42.20331],[-8.57132,42.20397],[-8.57017,42.20543],[-8.5687,42.20601],[-8.56887,42.20528],[-8.57003,42.20448],[-8.56944,42.20375],[-8.56998,42.20258],[-8.56961,42.20168],[-8.56848,42.20131],[-8.56777,42.20006],[-8.56618,42.1996],[-8.56608,42.20006],[-8.56531,42.20042],[-8.5658,42.20115],[-8.56524,42.20262],[-8.56547,42.20349],[-8.56458,42.20344],[-8.5635,42.20265],[-8.56258,42.20045],[-8.56007,42.19893],[-8.55853,42.19848],[-8.55773,42.19993],[-8.55772,42.20107],[-8.55714,42.20154],[-8.55655,42.20133],[-8.55666,42.20201],[-8.55602,42.20289],[-8.55486,42.20335],[-8.55332,42.20341],[-8.55212,42.20447],[-8.55109,42.20464],[-8.55202,42.20737],[-8.55044,42.20642],[-8.54965,42.20645],[-8.54959,42.20723],[-8.54836,42.2067],[-8.54577,42.20647],[-8.54466,42.20588],[-8.54261,42.20563],[-8.54164,42.20523],[-8.54097,42.20416],[-8.54018,42.20441],[-8.53944,42.2041],[-8.53974,42.20262],[-8.5391,42.20214],[-8.53822,42.19909],[-8.53647,42.19781],[-8.53479,42.19721],[-8.53485,42.19556],[-8.5326,42.19507],[-8.53528,42.19351],[-8.53552,42.19198],[-8.53427,42.19249],[-8.53349,42.19069],[-8.53142,42.18923],[-8.52809,42.1881],[-8.52455,42.18597],[-8.5199,42.18194],[-8.51952,42.17958],[-8.51795,42.17848],[-8.50847,42.17736],[-8.5087,42.17959],[-8.50717,42.18278],[-8.50693,42.18471],[-8.5062,42.18458],[-8.5058,42.18533],[-8.50402,42.18488],[-8.50283,42.18355],[-8.50231,42.18508],[-8.50053,42.186],[-8.50019,42.18749],[-8.49696,42.18847],[-8.49891,42.1901],[-8.49956,42.1922],[-8.49611,42.19633],[-8.49209,42.1981],[-8.49117,42.19945],[-8.49118,42.20119],[-8.49038,42.20109],[-8.48943,42.19944],[-8.48742,42.19888],[-8.48649,42.19936],[-8.48347,42.19904],[-8.48278,42.19964],[-8.48099,42.19868],[-8.48047,42.19996],[-8.47955,42.20007],[-8.48007,42.19946],[-8.47875,42.19458],[-8.47797,42.19593],[-8.47708,42.19585],[-8.47526,42.19665],[-8.47433,42.19888],[-8.4732,42.19869],[-8.47177,42.19905],[-8.46971,42.20075],[-8.46809,42.19995],[-8.46605,42.19977],[-8.46402,42.20236],[-8.46263,42.20186],[-8.46136,42.20215],[-8.45974,42.20521],[-8.45898,42.20554],[-8.45946,42.20573],[-8.45861,42.20636],[-8.45372,42.2072],[-8.45192,42.20837],[-8.4498,42.20812],[-8.44848,42.20905],[-8.44594,42.20979],[-8.44327,42.2117],[-8.43916,42.21197],[-8.43774,42.21464],[-8.43845,42.21482],[-8.43909,42.21436],[-8.44111,42.21407],[-8.44029,42.21512],[-8.44289,42.21525],[-8.44161,42.21618],[-8.44233,42.21697],[-8.444,42.21762],[-8.44175,42.21847],[-8.4407,42.22051],[-8.4397,42.22111],[-8.43809,42.2233],[-8.4349,42.22458],[-8.43253,42.22615],[-8.43164,42.22605],[-8.43161,42.22684],[-8.43223,42.22724],[-8.43134,42.2271],[-8.42935,42.22849],[-8.42753,42.22821],[-8.42947,42.22723],[-8.42994,42.22557],[-8.42961,42.22466],[-8.42781,42.22418],[-8.42769,42.22536],[-8.4269,42.22561],[-8.42291,42.22365],[-8.42223,42.22228],[-8.42041,42.22125],[-8.42128,42.2192],[-8.41856,42.22174],[-8.41932,42.22305],[-8.42096,42.22428],[-8.42056,42.22512],[-8.42103,42.22707],[-8.42001,42.22643],[-8.41936,42.225],[-8.41826,42.22455],[-8.41686,42.22322],[-8.41633,42.22182],[-8.41671,42.22121],[-8.4144,42.2184],[-8.41536,42.21718],[-8.41725,42.21651],[-8.41783,42.21493],[-8.41648,42.21245],[-8.41633,42.21104],[-8.41498,42.2092],[-8.41477,42.20462],[-8.41354,42.20218],[-8.41082,42.20175],[-8.40871,42.20282],[-8.40696,42.20497],[-8.40551,42.2077],[-8.40395,42.208],[-8.40412,42.20905],[-8.40058,42.20934],[-8.39984,42.20884],[-8.39687,42.21166],[-8.39477,42.21199],[-8.39396,42.21255],[-8.39133,42.2113],[-8.39012,42.21185],[-8.38644,42.21509],[-8.38637,42.21698],[-8.38714,42.21712],[-8.38781,42.21787],[-8.38663,42.21929],[-8.38343,42.21812],[-8.38226,42.21993],[-8.38259,42.21807],[-8.3814,42.21683],[-8.38149,42.21823],[-8.37982,42.21916],[-8.3792,42.22041],[-8.3787,42.22045],[-8.37776,42.22026],[-8.37538,42.21784],[-8.37547,42.21709],[-8.37645,42.217],[-8.37596,42.21652],[-8.3772,42.21598],[-8.37645,42.21558],[-8.37513,42.21579],[-8.37405,42.21546],[-8.37297,42.21683],[-8.37165,42.21751],[-8.36874,42.21695],[-8.37147,42.21617],[-8.37177,42.21498],[-8.37029,42.2158],[-8.36705,42.21492],[-8.365,42.21513],[-8.36352,42.21575],[-8.36337,42.21644],[-8.36269,42.21665],[-8.36337,42.21781],[-8.36262,42.21813],[-8.36225,42.21761],[-8.36038,42.21699],[-8.35836,42.21491],[-8.35823,42.21436],[-8.35916,42.21314],[-8.3546,42.21187],[-8.35667,42.20975],[-8.35577,42.20936],[-8.3548,42.21025],[-8.35401,42.21],[-8.35265,42.21107],[-8.35016,42.21079],[-8.34909,42.21112],[-8.34823,42.21082],[-8.34837,42.21009],[-8.34763,42.20964],[-8.34771,42.21007],[-8.34692,42.20984],[-8.34625,42.21021],[-8.34479,42.21019],[-8.34457,42.21111],[-8.34288,42.21124],[-8.34275,42.21424],[-8.34643,42.21634],[-8.34547,42.21733],[-8.34452,42.21744],[-8.34488,42.21669],[-8.34456,42.21547],[-8.34129,42.21404],[-8.34083,42.21278],[-8.33978,42.21246],[-8.33991,42.21101],[-8.33919,42.21027],[-8.33845,42.21013],[-8.33737,42.21071],[-8.33759,42.21183],[-8.33676,42.20998],[-8.3346,42.20732],[-8.33641,42.2125],[-8.33621,42.21501],[-8.33488,42.21548],[-8.33365,42.21698],[-8.33229,42.21743],[-8.33131,42.21699],[-8.33319,42.21609],[-8.33417,42.21363],[-8.33374,42.21152],[-8.33162,42.21049],[-8.33025,42.21122],[-8.32986,42.21248],[-8.32786,42.21422],[-8.32702,42.21567],[-8.3248,42.21659],[-8.32157,42.21656],[-8.32001,42.21955],[-8.32011,42.22135],[-8.31925,42.22279],[-8.32048,42.22769],[-8.31766,42.22888],[-8.31562,42.22913],[-8.31509,42.22969],[-8.31589,42.23201],[-8.31572,42.23332],[-8.31307,42.24052],[-8.3142,42.24113],[-8.31524,42.24122],[-8.31635,42.24275],[-8.31793,42.24259],[-8.32051,42.24315],[-8.32091,42.24633],[-8.31962,42.24998],[-8.31988,42.25198],[-8.31933,42.25389],[-8.31794,42.25435],[-8.31563,42.25273],[-8.31438,42.25237],[-8.31302,42.25274],[-8.31141,42.25205],[-8.31099,42.25132],[-8.3107,42.25345],[-8.30974,42.25492],[-8.30964,42.25595],[-8.30675,42.2565],[-8.30638,42.25698],[-8.30637,42.25792],[-8.30743,42.25958],[-8.30654,42.26127],[-8.30387,42.26324],[-8.30302,42.26351],[-8.30092,42.26325],[-8.29996,42.26449],[-8.29913,42.26399],[-8.2982,42.26475],[-8.29691,42.26482],[-8.29615,42.26373],[-8.29652,42.2623],[-8.29569,42.2616],[-8.29507,42.25764],[-8.29415,42.25698],[-8.29505,42.25407],[-8.29459,42.25281],[-8.29341,42.25545],[-8.29039,42.25743],[-8.29006,42.2574],[-8.29029,42.25514],[-8.29082,42.25477],[-8.29039,42.25385],[-8.29009,42.25346],[-8.28864,42.25343],[-8.28739,42.25287],[-8.28399,42.25488],[-8.28281,42.25661],[-8.28092,42.25798],[-8.28119,42.25694],[-8.27987,42.25746],[-8.27856,42.25407],[-8.27714,42.25376],[-8.27599,42.25297],[-8.27304,42.24977],[-8.27161,42.25006],[-8.26804,42.24858],[-8.26732,42.24915],[-8.26629,42.2487],[-8.26448,42.24875],[-8.26198,42.24563],[-8.26017,42.24551],[-8.25914,42.24461],[-8.25699,42.24424],[-8.25995,42.24596],[-8.26124,42.24617],[-8.26275,42.24749],[-8.2629,42.25291],[-8.26417,42.25698],[-8.26386,42.25853],[-8.26476,42.2605],[-8.26319,42.25914],[-8.26226,42.2597],[-8.26101,42.26139],[-8.25628,42.26179],[-8.25508,42.25842],[-8.25355,42.2578],[-8.25234,42.25674],[-8.24967,42.25567],[-8.25018,42.25659],[-8.24957,42.25781],[-8.245,42.25931],[-8.24393,42.26036],[-8.24278,42.26062],[-8.24238,42.26133],[-8.24312,42.26462],[-8.24175,42.26532],[-8.2404,42.26686],[-8.23885,42.2665],[-8.23713,42.26725],[-8.23632,42.26792],[-8.23586,42.26924],[-8.23281,42.27108],[-8.23276,42.27163],[-8.23372,42.27233],[-8.23142,42.27341],[-8.22915,42.27268],[-8.22928,42.26944],[-8.22884,42.26862],[-8.22831,42.26865],[-8.22762,42.26738],[-8.22586,42.26724],[-8.22589,42.26587],[-8.22455,42.26433],[-8.22593,42.26415],[-8.22628,42.26361],[-8.22419,42.26336],[-8.22253,42.26417],[-8.22171,42.26378],[-8.21952,42.26493],[-8.21789,42.26318],[-8.21644,42.26344],[-8.21679,42.26205],[-8.21752,42.26147],[-8.21732,42.25888],[-8.21805,42.25807],[-8.21694,42.25664],[-8.21264,42.25876],[-8.20639,42.265],[-8.20431,42.26814],[-8.19981,42.27212],[-8.19828,42.27212],[-8.19707,42.27268],[-8.19515,42.27288],[-8.19136,42.27253],[-8.18812,42.27367],[-8.1851,42.27379],[-8.18379,42.27453],[-8.18068,42.27489],[-8.17902,42.27549],[-8.17816,42.27461],[-8.17875,42.27336],[-8.17772,42.27223],[-8.17665,42.27218],[-8.17605,42.27158],[-8.175,42.27482],[-8.17387,42.2748],[-8.17246,42.27374],[-8.17,42.27295],[-8.16923,42.27208],[-8.16678,42.27217],[-8.16542,42.27047],[-8.16353,42.26942],[-8.16283,42.2696],[-8.16398,42.27062],[-8.16258,42.27065],[-8.16164,42.27027],[-8.16074,42.26924],[-8.16089,42.26767],[-8.16042,42.26837],[-8.16045,42.27004],[-8.16236,42.27257],[-8.16218,42.27492],[-8.15987,42.27666],[-8.15646,42.27836],[-8.15588,42.27912],[-8.15155,42.28099],[-8.14883,42.28173],[-8.1463,42.28388],[-8.14647,42.28481],[-8.14459,42.28587],[-8.14469,42.28863],[-8.14323,42.28945],[-8.14277,42.29018],[-8.14166,42.29024],[-8.14129,42.28924],[-8.13973,42.28855],[-8.13983,42.28776],[-8.14095,42.28674],[-8.13976,42.28479],[-8.14138,42.28301],[-8.14195,42.28167],[-8.1415,42.28089],[-8.13944,42.28094],[-8.1392,42.27988],[-8.14204,42.27927],[-8.14291,42.27842],[-8.14563,42.27706],[-8.14783,42.27299],[-8.14756,42.27275],[-8.14655,42.27436],[-8.14545,42.27488],[-8.14459,42.27595],[-8.14445,42.27387],[-8.14378,42.27304],[-8.1439,42.27145],[-8.14262,42.27066],[-8.14102,42.26849],[-8.13969,42.26824],[-8.13966,42.26858],[-8.14068,42.26908],[-8.14038,42.27316],[-8.13972,42.2725],[-8.13893,42.27335],[-8.13904,42.27179],[-8.13562,42.2683],[-8.13523,42.26918],[-8.13497,42.26875],[-8.1344,42.27006],[-8.13349,42.27058],[-8.13298,42.27029],[-8.12414,42.27147],[-8.12347,42.27201],[-8.12236,42.27112],[-8.12185,42.27199],[-8.12109,42.27143],[-8.11989,42.26814],[-8.11895,42.26776],[-8.11753,42.26839],[-8.11221,42.26917],[-8.11123,42.27101],[-8.11041,42.27053],[-8.1084,42.27031],[-8.10838,42.26916],[-8.10886,42.26867],[-8.10813,42.26727],[-8.10702,42.2676],[-8.1057,42.26644],[-8.101,42.26439],[-8.09734,42.26472],[-8.09421,42.26374],[-8.0922,42.26427],[-8.09171,42.26681],[-8.0906,42.26754],[-8.08774,42.26847],[-8.08486,42.26827],[-8.08377,42.26907],[-8.0801,42.26875],[-8.07969,42.26921],[-8.07981,42.27043],[-8.07874,42.27075],[-8.07745,42.27057],[-8.07666,42.26827],[-8.07399,42.26846],[-8.07208,42.26719],[-8.06776,42.26724],[-8.06714,42.26667],[-8.06506,42.26659],[-8.06438,42.26521],[-8.06337,42.26457],[-8.06377,42.26303],[-8.06269,42.26069],[-8.06523,42.2583],[-8.05946,42.25829],[-8.06042,42.25745],[-8.06139,42.25731],[-8.05865,42.25615],[-8.05743,42.25492],[-8.0573,42.25363],[-8.05643,42.25212],[-8.05664,42.25127],[-8.0559,42.25117],[-8.0562,42.25002],[-8.05457,42.25046],[-8.05409,42.25023],[-8.05456,42.2484],[-8.05304,42.24752],[-8.05176,42.24887],[-8.05237,42.24937],[-8.04749,42.2506],[-8.04573,42.24968],[-8.0438,42.24928],[-8.044,42.24721],[-8.04321,42.24697],[-8.04337,42.24457],[-8.0428,42.24354],[-8.04155,42.24327],[-8.03992,42.24363],[-8.03946,42.24306],[-8.04138,42.24181],[-8.04378,42.24169],[-8.04511,42.24118],[-8.04691,42.23857],[-8.05193,42.23705],[-8.04663,42.23473],[-8.04193,42.23583],[-8.03807,42.23741],[-8.03866,42.2361],[-8.03881,42.2334],[-8.04164,42.23046],[-8.04171,42.22983],[-8.03961,42.22726],[-8.04,42.22622],[-8.03904,42.22543],[-8.03948,42.22485],[-8.03929,42.22378],[-8.0388,42.22312],[-8.03719,42.22275],[-8.03829,42.22123],[-8.03915,42.22134],[-8.03915,42.22107],[-8.03751,42.21994],[-8.03745,42.21949],[-8.0345,42.2184],[-8.0342,42.21786],[-8.03853,42.21724],[-8.039,42.21678],[-8.03878,42.21615],[-8.03973,42.2155],[-8.03844,42.21438],[-8.03433,42.2145],[-8.03383,42.21415],[-8.03872,42.2135],[-8.04295,42.21232],[-8.04462,42.21269],[-8.04444,42.21209],[-8.04564,42.21228],[-8.04739,42.21129],[-8.04897,42.21121],[-8.04709,42.21027],[-8.04846,42.20731],[-8.04949,42.20621],[-8.05188,42.20709],[-8.0541,42.20583],[-8.05826,42.20541],[-8.05942,42.20499],[-8.0606,42.20513],[-8.06119,42.2042],[-8.06121,42.20344],[-8.06077,42.20315],[-8.06175,42.2016],[-8.05988,42.20062],[-8.05899,42.19917],[-8.05998,42.19811],[-8.06136,42.19762],[-8.0634,42.19545],[-8.06352,42.19476],[-8.06277,42.19323],[-8.06299,42.19256],[-8.06432,42.19221],[-8.06373,42.19123],[-8.06454,42.19057],[-8.0637,42.1904],[-8.06193,42.18844],[-8.06642,42.18636],[-8.07,42.18635],[-8.07193,42.18709],[-8.07523,42.18599],[-8.07624,42.18526],[-8.07641,42.18365],[-8.07572,42.18255],[-8.07587,42.18186],[-8.07704,42.18109],[-8.07788,42.18113],[-8.07968,42.1804],[-8.07522,42.1783],[-8.07455,42.17755],[-8.0746,42.17661],[-8.07282,42.17617],[-8.07231,42.17532],[-8.07115,42.17574],[-8.06984,42.17559],[-8.06752,42.17413],[-8.06681,42.17322],[-8.06673,42.17295],[-8.06855,42.1739],[-8.0713,42.17351],[-8.07132,42.17321],[-8.06928,42.17205],[-8.07157,42.17122],[-8.07334,42.16986],[-8.0735,42.16918],[-8.07271,42.16832],[-8.07137,42.16797],[-8.07096,42.16707],[-8.07147,42.16471],[-8.06909,42.1596],[-8.06949,42.15835],[-8.0683,42.15686],[-8.06831,42.15607],[-8.06955,42.15584],[-8.06906,42.15383],[-8.06809,42.15389],[-8.06853,42.15296],[-8.06751,42.15231],[-8.06839,42.15124],[-8.06785,42.15024],[-8.06855,42.14967],[-8.0704,42.14925],[-8.07226,42.15124],[-8.07287,42.15079],[-8.07635,42.15063],[-8.07817,42.15002],[-8.08075,42.15048],[-8.08129,42.151],[-8.08116,42.14703],[-8.08134,42.14627],[-8.08225,42.14564],[-8.08355,42.14608],[-8.08424,42.14538],[-8.08525,42.14592],[-8.0864,42.14569],[-8.08698,42.14509],[-8.08712,42.14346],[-8.08778,42.14326],[-8.08917,42.14385],[-8.08992,42.14335],[-8.09021,42.14448],[-8.09322,42.14491],[-8.09494,42.14655],[-8.09725,42.14534],[-8.09685,42.1448],[-8.09864,42.14179],[-8.09794,42.14298],[-8.09711,42.14346],[-8.09577,42.14357],[-8.09509,42.14256],[-8.09514,42.14115],[-8.0939,42.14097],[-8.09453,42.14029],[-8.09455,42.13845],[-8.09302,42.13795],[-8.09012,42.13826],[-8.08881,42.13757],[-8.08912,42.13708],[-8.09169,42.13615],[-8.09186,42.13539],[-8.09118,42.13437],[-8.0916,42.13376],[-8.09284,42.13354],[-8.09279,42.13157],[-8.09148,42.13113],[-8.08981,42.13182],[-8.08963,42.13027],[-8.08807,42.13129],[-8.08813,42.12999],[-8.08681,42.12942],[-8.08521,42.12932],[-8.08483,42.12904],[-8.08531,42.1283],[-8.08337,42.12961],[-8.08245,42.1296],[-8.08124,42.12836],[-8.07649,42.12883],[-8.07514,42.12824],[-8.0743,42.12729],[-8.07415,42.12688],[-8.07526,42.12518],[-8.0783,42.12384],[-8.07723,42.12344],[-8.07628,42.1199],[-8.07451,42.11877],[-8.07533,42.11783],[-8.07748,42.11806],[-8.07734,42.11665],[-8.07613,42.1152],[-8.0738,42.11534],[-8.07464,42.11395],[-8.07324,42.11286],[-8.07326,42.11086],[-8.07195,42.10876],[-8.0744,42.10679],[-8.07467,42.10563],[-8.0755,42.10669],[-8.07531,42.10754],[-8.07598,42.10661],[-8.07605,42.10774],[-8.07733,42.10872],[-8.07758,42.10821],[-8.07882,42.10786],[-8.08041,42.10899],[-8.08163,42.1089],[-8.08264,42.10672],[-8.08221,42.10589],[-8.07924,42.10481],[-8.08116,42.10359],[-8.08023,42.10333],[-8.07998,42.10143],[-8.0801,42.1012],[-8.08139,42.10193],[-8.08236,42.10189],[-8.08205,42.10125],[-8.08258,42.10086],[-8.08203,42.10055],[-8.08146,42.0983],[-8.08313,42.09901],[-8.08433,42.09909],[-8.08409,42.09788],[-8.08503,42.09593],[-8.08474,42.09512],[-8.08513,42.09418],[-8.08803,42.09428],[-8.08934,42.09569],[-8.09044,42.09614],[-8.0945,42.09607],[-8.09659,42.09712],[-8.09811,42.09646],[-8.09685,42.09629],[-8.09518,42.09429],[-8.09714,42.08971],[-8.09644,42.08774],[-8.09654,42.08643],[-8.09589,42.08537],[-8.09664,42.0834],[-8.09859,42.08467],[-8.1001,42.08489],[-8.10005,42.08235],[-8.10059,42.08116],[-8.10009,42.08033],[-8.10137,42.08073],[-8.10213,42.08052],[-8.10125,42.08009],[-8.10122,42.07852],[-8.10353,42.07526],[-8.10117,42.0742],[-8.09848,42.07368],[-8.09628,42.07255],[-8.09564,42.07054],[-8.0947,42.06968],[-8.09435,42.06756],[-8.09334,42.06703],[-8.09329,42.06544],[-8.0896,42.06052],[-8.08639,42.0625],[-8.08639,42.06447],[-8.08563,42.0654],[-8.08426,42.06548],[-8.08246,42.06503],[-8.07986,42.06596],[-8.07771,42.06562],[-8.07649,42.06482],[-8.0759,42.06344],[-8.07468,42.06333],[-8.07042,42.06436],[-8.06875,42.06649],[-8.06749,42.0669],[-8.06921,42.06132],[-8.06888,42.06006],[-8.0679,42.05919],[-8.06631,42.05486],[-8.06296,42.05244],[-8.06136,42.05213],[-8.0565,42.05271],[-8.05429,42.05377],[-8.04862,42.0504],[-8.04562,42.05009],[-8.04404,42.04914],[-8.03922,42.04183],[-8.03617,42.04069],[-8.03366,42.04052],[-8.02576,42.03872],[-8.02496,42.03767],[-8.02337,42.03304],[-8.02382,42.03094],[-8.01925,42.02722],[-8.01882,42.02632],[-8.0178,42.02598],[-8.01508,42.02357],[-8.01281,42.02329],[-8.01163,42.02243],[-8.01023,42.02238],[-8.00906,42.02075],[-8.00682,42.01942],[-8.00335,42.01957],[-8.00218,42.01832],[-8.00119,42.01796],[-7.99963,42.01838],[-7.99908,42.0197],[-7.99757,42.02057],[-7.99733,42.02146],[-7.99685,42.02114],[-7.99643,42.01941],[-7.99368,42.01923],[-7.9919,42.01973],[-7.9911,42.01955],[-7.98956,42.02067],[-7.98777,42.02059],[-7.98743,42.01973],[-7.9881,42.01951],[-7.98821,42.01902],[-7.9876,42.01764],[-7.98877,42.01572],[-7.98779,42.01498],[-7.98772,42.01403],[-7.98677,42.01389],[-7.98673,42.01325],[-7.98563,42.01302],[-7.98564,42.01172],[-7.98617,42.01106],[-7.98448,42.01027],[-7.98242,42.01052],[-7.98144,42.0095],[-7.98083,42.0084],[-7.98145,42.00682],[-7.98043,42.00603],[-7.97862,42.00614],[-7.97637,42.00504],[-7.97524,42.0032],[-7.97344,42.00264],[-7.9716,42.00148],[-7.97084,42.00245],[-7.97122,42.00394],[-7.97049,42.00404],[-7.96928,42.00218],[-7.96757,42.00142],[-7.96708,42.00071],[-7.96749,42.00164],[-7.96905,42.00243],[-7.96976,42.00424],[-7.97071,42.00486],[-7.96895,42.00458],[-7.96875,42.00418],[-7.96815,42.00475],[-7.9671,42.00428],[-7.96608,42.00439],[-7.96495,42.005],[-7.96327,42.00515],[-7.96301,42.00603],[-7.95752,42.00225],[-7.95633,42.00188],[-7.95609,41.99889],[-7.95733,41.99796],[-7.95734,41.99741],[-7.95367,41.99354],[-7.9534,41.99186],[-7.95161,41.98792],[-7.95197,41.98574],[-7.95026,41.98066],[-7.95056,41.97981],[-7.95249,41.97873],[-7.95091,41.97834],[-7.94971,41.97869],[-7.94852,41.97986],[-7.94751,41.9795],[-7.94928,41.97759],[-7.94826,41.97597],[-7.94834,41.97538],[-7.95154,41.97444],[-7.95413,41.97283],[-7.95435,41.97194],[-7.95174,41.97169],[-7.9481,41.97303],[-7.94708,41.97289],[-7.94497,41.97195],[-7.94444,41.97133],[-7.94153,41.97093],[-7.93928,41.96756],[-7.9382,41.96762],[-7.93654,41.96831],[-7.93812,41.96634],[-7.93768,41.96497],[-7.93593,41.96632],[-7.93608,41.96555],[-7.93148,41.96676],[-7.93058,41.9665],[-7.92921,41.96428],[-7.92739,41.96358],[-7.92495,41.96141],[-7.92329,41.96243],[-7.92038,41.96341],[-7.91789,41.9635],[-7.91556,41.96161],[-7.91331,41.96114],[-7.91099,41.95955],[-7.91004,41.95928],[-7.90847,41.95968],[-7.91013,41.95832],[-7.90919,41.95696],[-7.91026,41.95581],[-7.90952,41.95251],[-7.91006,41.95088],[-7.90884,41.94948],[-7.90829,41.94778],[-7.90848,41.94668],[-7.90698,41.94654],[-7.90538,41.94397],[-7.90347,41.9388],[-7.90306,41.93859],[-7.90167,41.93916],[-7.90192,41.93547],[-7.90503,41.93306],[-7.90522,41.93103],[-7.90603,41.92965],[-7.90542,41.9285],[-7.90772,41.92816],[-7.90802,41.9275],[-7.90601,41.92716],[-7.90198,41.92732],[-7.89903,41.92653]]}},{"type":"Feature","properties":{"name":"TET_E-02-GAL-C_20241226","country":"ES","lengthKm":350.4},"geometry":{"type":"LineString","coordinates":[[-6.96848,42.73887],[-6.96983,42.73844],[-6.97054,42.7355],[-6.97253,42.73428],[-6.97299,42.73067],[-6.97262,42.72731],[-6.97374,42.72215],[-6.97523,42.72095],[-6.97905,42.71994],[-6.97999,42.72],[-6.98066,42.72159],[-6.98264,42.7217],[-6.98329,42.72298],[-6.98523,42.7237],[-6.98557,42.72433],[-6.98737,42.72552],[-6.98987,42.72579],[-6.9974,42.7295],[-6.99739,42.72881],[-6.99637,42.72784],[-6.99609,42.72556],[-6.99898,42.72668],[-7.00021,42.72464],[-7.00328,42.72371],[-7.00571,42.72542],[-7.01149,42.72758],[-7.01288,42.72763],[-7.0147,42.72703],[-7.01708,42.72751],[-7.01805,42.72801],[-7.01862,42.7291],[-7.02028,42.72828],[-7.0223,42.7289],[-7.02305,42.72833],[-7.02635,42.72737],[-7.02814,42.72826],[-7.02854,42.72889],[-7.02641,42.73091],[-7.02549,42.73117],[-7.02409,42.73396],[-7.02498,42.73428],[-7.02473,42.73529],[-7.02657,42.73652],[-7.0275,42.73911],[-7.02757,42.74095],[-7.03087,42.74594],[-7.03669,42.75003],[-7.03882,42.75235],[-7.04162,42.75342],[-7.04272,42.75615],[-7.04408,42.75798],[-7.045,42.75869],[-7.04698,42.759],[-7.04816,42.75962],[-7.05008,42.7613],[-7.05066,42.76306],[-7.05315,42.76407],[-7.05845,42.76531],[-7.05938,42.76593],[-7.0596,42.76635],[-7.05908,42.7669],[-7.06082,42.76997],[-7.06509,42.77033],[-7.06748,42.7701],[-7.06925,42.76938],[-7.07029,42.76954],[-7.07433,42.77189],[-7.07564,42.77357],[-7.07837,42.77386],[-7.07878,42.77498],[-7.081,42.77695],[-7.08225,42.77751],[-7.083,42.77867],[-7.08614,42.78104],[-7.08889,42.78389],[-7.0902,42.78475],[-7.09164,42.78476],[-7.09274,42.78546],[-7.09275,42.787],[-7.09488,42.78819],[-7.0947,42.7914],[-7.09528,42.79221],[-7.09496,42.79389],[-7.09618,42.79667],[-7.09598,42.80043],[-7.09664,42.80158],[-7.09845,42.80224],[-7.09971,42.80373],[-7.10136,42.80435],[-7.10369,42.80739],[-7.10626,42.80803],[-7.10758,42.80793],[-7.10926,42.80928],[-7.11105,42.80811],[-7.11092,42.80618],[-7.11239,42.80485],[-7.11262,42.80542],[-7.11384,42.80595],[-7.1167,42.80674],[-7.11825,42.80661],[-7.11916,42.80724],[-7.11855,42.80609],[-7.11688,42.80574],[-7.11623,42.80518],[-7.11662,42.80343],[-7.11721,42.80292],[-7.11865,42.80291],[-7.12088,42.8041],[-7.12276,42.8028],[-7.12554,42.8021],[-7.12907,42.80279],[-7.13088,42.80389],[-7.12948,42.80406],[-7.13044,42.80471],[-7.13089,42.80561],[-7.12978,42.80541],[-7.12883,42.80588],[-7.1317,42.80852],[-7.13497,42.81007],[-7.13685,42.80994],[-7.13806,42.81037],[-7.13904,42.81031],[-7.14199,42.80887],[-7.14475,42.81295],[-7.14569,42.81295],[-7.14836,42.81502],[-7.14868,42.81785],[-7.15033,42.82221],[-7.15176,42.82321],[-7.15111,42.82448],[-7.15016,42.82482],[-7.14827,42.82497],[-7.14744,42.82467],[-7.14734,42.82364],[-7.14727,42.82624],[-7.14787,42.82653],[-7.15143,42.82612],[-7.15322,42.82478],[-7.15457,42.82558],[-7.15653,42.8231],[-7.15603,42.82089],[-7.1565,42.82065],[-7.15746,42.82132],[-7.15871,42.82316],[-7.15857,42.82414],[-7.15643,42.82547],[-7.15574,42.8267],[-7.1544,42.82772],[-7.15517,42.83031],[-7.15403,42.8303],[-7.15157,42.82951],[-7.15039,42.83048],[-7.14825,42.83125],[-7.14737,42.8321],[-7.14596,42.83176],[-7.1448,42.83269],[-7.1429,42.83337],[-7.14162,42.83244],[-7.14103,42.83145],[-7.1417,42.83534],[-7.14387,42.83912],[-7.14373,42.84047],[-7.14425,42.84143],[-7.14079,42.84259],[-7.14086,42.84444],[-7.13963,42.84503],[-7.14015,42.8464],[-7.14247,42.847],[-7.14313,42.84783],[-7.14395,42.84791],[-7.14637,42.84965],[-7.14898,42.85009],[-7.14892,42.85089],[-7.14761,42.85219],[-7.15198,42.85127],[-7.15838,42.85051],[-7.15941,42.85095],[-7.16216,42.85338],[-7.16119,42.85161],[-7.16211,42.85076],[-7.16199,42.84879],[-7.16292,42.84759],[-7.1649,42.84823],[-7.16638,42.84819],[-7.16768,42.8491],[-7.16884,42.84883],[-7.1694,42.84752],[-7.17118,42.8472],[-7.17575,42.84747],[-7.1774,42.84812],[-7.17941,42.84836],[-7.1781,42.84743],[-7.1781,42.84651],[-7.17628,42.84545],[-7.17634,42.84455],[-7.17577,42.84381],[-7.17457,42.84443],[-7.17386,42.84426],[-7.17471,42.84324],[-7.17534,42.84124],[-7.17702,42.83962],[-7.18039,42.83909],[-7.18091,42.83536],[-7.18207,42.83416],[-7.18527,42.83348],[-7.18786,42.83474],[-7.18997,42.83515],[-7.19002,42.83475],[-7.1883,42.83298],[-7.18827,42.83207],[-7.19072,42.83028],[-7.19533,42.8286],[-7.19575,42.82703],[-7.19458,42.82615],[-7.19812,42.82433],[-7.20063,42.82252],[-7.20169,42.81983],[-7.20288,42.81956],[-7.20459,42.82024],[-7.20622,42.81942],[-7.20588,42.81862],[-7.20378,42.81754],[-7.20311,42.81631],[-7.20375,42.81512],[-7.20362,42.81363],[-7.20136,42.81128],[-7.20352,42.80868],[-7.20498,42.80858],[-7.2065,42.80796],[-7.20831,42.80837],[-7.20901,42.80802],[-7.20878,42.80733],[-7.2066,42.80636],[-7.20582,42.80326],[-7.20609,42.8026],[-7.20682,42.80246],[-7.20801,42.80289],[-7.2097,42.8024],[-7.21133,42.80265],[-7.21414,42.80074],[-7.21463,42.80092],[-7.21486,42.80219],[-7.21607,42.80277],[-7.21987,42.80219],[-7.22071,42.80252],[-7.21963,42.80612],[-7.2198,42.80731],[-7.22194,42.80822],[-7.22328,42.80829],[-7.22328,42.80974],[-7.22559,42.81051],[-7.22552,42.81144],[-7.22598,42.81176],[-7.22849,42.8123],[-7.22826,42.81341],[-7.22892,42.81538],[-7.22797,42.81727],[-7.22839,42.81943],[-7.22796,42.82112],[-7.2282,42.82237],[-7.22955,42.82461],[-7.23043,42.82517],[-7.23225,42.82539],[-7.23302,42.82595],[-7.23303,42.82727],[-7.22978,42.82776],[-7.23047,42.82835],[-7.23036,42.82893],[-7.23117,42.82851],[-7.23152,42.82869],[-7.23391,42.83141],[-7.23438,42.83108],[-7.23463,42.82971],[-7.237,42.82798],[-7.23924,42.82722],[-7.24141,42.82457],[-7.24247,42.82395],[-7.24356,42.82361],[-7.24706,42.82358],[-7.2501,42.82235],[-7.25149,42.8202],[-7.2537,42.82011],[-7.2551,42.81956],[-7.25607,42.81987],[-7.25649,42.82049],[-7.25972,42.82075],[-7.26169,42.82344],[-7.26615,42.82491],[-7.26824,42.82617],[-7.27148,42.82735],[-7.27559,42.82975],[-7.28156,42.83001],[-7.2837,42.83096],[-7.2894,42.8316],[-7.29275,42.83234],[-7.29723,42.83187],[-7.30137,42.83086],[-7.30356,42.82947],[-7.30464,42.828],[-7.30681,42.82688],[-7.30956,42.8236],[-7.31471,42.82149],[-7.31892,42.82047],[-7.3212,42.81775],[-7.32269,42.81671],[-7.32402,42.8163],[-7.32852,42.81606],[-7.33472,42.81398],[-7.33881,42.81345],[-7.34187,42.81388],[-7.34398,42.81355],[-7.36662,42.80338],[-7.37776,42.79767],[-7.38028,42.80188],[-7.38593,42.80405],[-7.38679,42.79884],[-7.38636,42.79628],[-7.38479,42.79404],[-7.40197,42.78519],[-7.4037,42.78393],[-7.40736,42.78288],[-7.4093,42.78191],[-7.40959,42.7822],[-7.4146,42.78201],[-7.41604,42.78511],[-7.41605,42.78612],[-7.41314,42.79037],[-7.41115,42.79438],[-7.41185,42.80083],[-7.41307,42.80457],[-7.4156,42.80583],[-7.42359,42.80782],[-7.4274,42.80821],[-7.42866,42.80908],[-7.42997,42.81115],[-7.43388,42.81249],[-7.43564,42.81501],[-7.43742,42.8193],[-7.43707,42.82495],[-7.44061,42.8314],[-7.44399,42.83091],[-7.44396,42.83044],[-7.44621,42.83004],[-7.44656,42.82962],[-7.44747,42.82972],[-7.44795,42.82931],[-7.44848,42.83002],[-7.44995,42.83047],[-7.45076,42.83158],[-7.45144,42.83154],[-7.45262,42.83044],[-7.45276,42.83113],[-7.45338,42.83105],[-7.45375,42.83164],[-7.45589,42.83241],[-7.45733,42.83191],[-7.45794,42.83082],[-7.46062,42.83032],[-7.46362,42.8281],[-7.46383,42.82732],[-7.46643,42.82573],[-7.46684,42.82568],[-7.46694,42.82625],[-7.46767,42.82623],[-7.46968,42.82561],[-7.47245,42.82046],[-7.47428,42.82203],[-7.47726,42.82272],[-7.47862,42.82241],[-7.47928,42.82329],[-7.48011,42.82289],[-7.48253,42.82279],[-7.48457,42.82319],[-7.48456,42.82271],[-7.48598,42.82246],[-7.48698,42.82313],[-7.48954,42.82234],[-7.4929,42.81985],[-7.49678,42.82019],[-7.4974,42.81667],[-7.49916,42.81602],[-7.5007,42.81487],[-7.5021,42.815],[-7.5083,42.81296],[-7.51042,42.81481],[-7.51511,42.81393],[-7.51854,42.81208],[-7.51859,42.81055],[-7.52045,42.8116],[-7.52069,42.81276],[-7.52245,42.81335],[-7.52118,42.81375],[-7.52252,42.81413],[-7.5215,42.81559],[-7.52596,42.81465],[-7.52611,42.8151],[-7.5246,42.81713],[-7.52501,42.81743],[-7.52567,42.8176],[-7.52793,42.81672],[-7.53048,42.81721],[-7.53272,42.81414],[-7.53341,42.81385],[-7.53345,42.81227],[-7.53617,42.81257],[-7.53655,42.81193],[-7.5359,42.81074],[-7.54048,42.80993],[-7.5416,42.80917],[-7.54223,42.80705],[-7.54589,42.8057],[-7.54823,42.80694],[-7.54843,42.80747],[-7.54712,42.80823],[-7.5478,42.80838],[-7.5492,42.80966],[-7.54943,42.81055],[-7.55109,42.81105],[-7.55058,42.81313],[-7.55644,42.8106],[-7.55869,42.80871],[-7.56224,42.80663],[-7.56496,42.80311],[-7.56642,42.80216],[-7.56725,42.80246],[-7.56768,42.80214],[-7.56829,42.80147],[-7.56783,42.80074],[-7.56969,42.79899],[-7.57157,42.79842],[-7.575,42.79637],[-7.57746,42.79595],[-7.57983,42.79428],[-7.58067,42.79409],[-7.5829,42.79471],[-7.58629,42.79395],[-7.5881,42.79457],[-7.5891,42.79423],[-7.59123,42.79428],[-7.59617,42.79529],[-7.60106,42.79555],[-7.60325,42.79631],[-7.60556,42.79632],[-7.60743,42.79708],[-7.60887,42.79658],[-7.60814,42.79771],[-7.60873,42.79908],[-7.61059,42.79966],[-7.61327,42.80219],[-7.61505,42.80215],[-7.61675,42.80509],[-7.618,42.8052],[-7.61888,42.80575],[-7.61995,42.80529],[-7.61927,42.80384],[-7.6234,42.80054],[-7.62506,42.79816],[-7.62576,42.79777],[-7.6268,42.79784],[-7.62879,42.79633],[-7.63461,42.7969],[-7.6398,42.79537],[-7.64261,42.79652],[-7.64324,42.79725],[-7.64372,42.79683],[-7.64357,42.79617],[-7.64167,42.79438],[-7.64377,42.79543],[-7.64776,42.79331],[-7.64841,42.79254],[-7.64996,42.79193],[-7.65252,42.79189],[-7.65455,42.79082],[-7.6596,42.7922],[-7.6602,42.79209],[-7.66138,42.79131],[-7.66209,42.78978],[-7.66645,42.78828],[-7.66567,42.78912],[-7.6676,42.78931],[-7.66911,42.78893],[-7.67726,42.78998],[-7.67854,42.78964],[-7.68047,42.79133],[-7.68111,42.79319],[-7.68186,42.79376],[-7.68336,42.79135],[-7.68332,42.79046],[-7.68406,42.78978],[-7.6879,42.78974],[-7.68907,42.79022],[-7.6902,42.78895],[-7.69038,42.7879],[-7.69614,42.78809],[-7.69883,42.78566],[-7.70181,42.78428],[-7.70511,42.78344],[-7.71109,42.77924],[-7.71351,42.77701],[-7.71427,42.77724],[-7.71649,42.77615],[-7.72049,42.77842],[-7.72221,42.78141],[-7.72341,42.78233],[-7.72568,42.78166],[-7.72669,42.78076],[-7.7276,42.77682],[-7.73064,42.7761],[-7.73216,42.77652],[-7.73366,42.77301],[-7.73513,42.77332],[-7.73904,42.77524],[-7.74031,42.77474],[-7.74077,42.77606],[-7.73915,42.77871],[-7.7447,42.78156],[-7.74635,42.78211],[-7.74835,42.78197],[-7.74838,42.78255],[-7.74985,42.78075],[-7.7501,42.77965],[-7.75052,42.77997],[-7.75472,42.77967],[-7.75714,42.78112],[-7.75986,42.78119],[-7.76068,42.78165],[-7.76205,42.7836],[-7.76581,42.78021],[-7.7675,42.78048],[-7.76896,42.78027],[-7.77061,42.77521],[-7.7701,42.77447],[-7.77181,42.77097],[-7.77603,42.77073],[-7.77798,42.77118],[-7.77927,42.77049],[-7.77902,42.76952],[-7.78142,42.76972],[-7.78249,42.76946],[-7.78356,42.77093],[-7.7877,42.77119],[-7.78729,42.77078],[-7.78948,42.76924],[-7.79012,42.76744],[-7.79093,42.76656],[-7.79117,42.7642],[-7.79207,42.7628],[-7.79144,42.76198],[-7.79267,42.76085],[-7.79269,42.76009],[-7.79431,42.75967],[-7.7953,42.76005],[-7.79768,42.75939],[-7.80026,42.75857],[-7.80295,42.757],[-7.80444,42.75453],[-7.80413,42.75232],[-7.8058,42.75109],[-7.80654,42.7512],[-7.80976,42.75327],[-7.81332,42.75397],[-7.81644,42.75504],[-7.81946,42.7551],[-7.81948,42.75413],[-7.82164,42.75392],[-7.82263,42.75435],[-7.82707,42.75431],[-7.8292,42.75526],[-7.83305,42.75581],[-7.83768,42.75725],[-7.84318,42.75779],[-7.8461,42.75736],[-7.84913,42.75626],[-7.84957,42.75541],[-7.85443,42.75512],[-7.85616,42.75542],[-7.858,42.75482],[-7.85866,42.75558],[-7.85949,42.75544],[-7.86045,42.75367],[-7.86138,42.75346],[-7.86175,42.75376],[-7.86829,42.75158],[-7.86974,42.75248],[-7.87124,42.75527],[-7.87349,42.75727],[-7.87719,42.75545],[-7.87917,42.7574],[-7.88294,42.75865],[-7.88463,42.76106],[-7.88837,42.76213],[-7.88821,42.76294],[-7.88896,42.76377],[-7.88959,42.7635],[-7.89161,42.76422],[-7.89374,42.76412],[-7.89382,42.76335],[-7.89483,42.76279],[-7.89709,42.76243],[-7.89856,42.76321],[-7.8979,42.764],[-7.89821,42.7641],[-7.90105,42.76363],[-7.90445,42.76479],[-7.90496,42.76444],[-7.90615,42.76482],[-7.90626,42.76643],[-7.90542,42.76698],[-7.90605,42.76841],[-7.90552,42.77062],[-7.90211,42.77282],[-7.90211,42.7732],[-7.90356,42.77373],[-7.90765,42.77377],[-7.90919,42.77439],[-7.9107,42.77626],[-7.91436,42.77887],[-7.91817,42.77944],[-7.92075,42.77913],[-7.92178,42.77947],[-7.922,42.7803],[-7.92361,42.78111],[-7.92349,42.78301],[-7.92572,42.78288],[-7.92588,42.78381],[-7.92681,42.78429],[-7.92914,42.78384],[-7.92999,42.78434],[-7.93187,42.78443],[-7.93569,42.78662],[-7.94178,42.78873],[-7.94386,42.79087],[-7.94538,42.79041],[-7.94686,42.79092],[-7.94766,42.79155],[-7.94717,42.79395],[-7.94547,42.7972],[-7.94636,42.79775],[-7.94726,42.79775],[-7.94836,42.79955],[-7.95031,42.79917],[-7.95426,42.79928],[-7.95582,42.7988],[-7.95838,42.80026],[-7.96106,42.79975],[-7.96382,42.80037],[-7.96617,42.79952],[-7.96835,42.80067],[-7.96976,42.79958],[-7.972,42.79894],[-7.97273,42.79883],[-7.97332,42.79943],[-7.97699,42.79914],[-7.97751,42.7986],[-7.97741,42.7979],[-7.98106,42.79683],[-7.99254,42.79728],[-7.99222,42.79686],[-7.99257,42.79598],[-7.99353,42.79595],[-7.99553,42.79685],[-7.99686,42.79681],[-7.99774,42.79648],[-7.99776,42.79606],[-7.99883,42.79595],[-8.00084,42.79698],[-8.00202,42.79702],[-8.00366,42.79796],[-8.00509,42.79815],[-8.00608,42.79791],[-8.00583,42.79685],[-8.00687,42.79654],[-8.00835,42.79717],[-8.00904,42.79657],[-8.0111,42.79655],[-8.01407,42.79467],[-8.01429,42.79375],[-8.01667,42.79467],[-8.02032,42.79507],[-8.02456,42.79215],[-8.0255,42.79108],[-8.03479,42.78625],[-8.03814,42.7878],[-8.04189,42.78862],[-8.04264,42.79043],[-8.04381,42.79072],[-8.0439,42.79224],[-8.04467,42.79346],[-8.04898,42.79476],[-8.04927,42.79593],[-8.0529,42.79668],[-8.05435,42.79805],[-8.05531,42.79735],[-8.05616,42.79767],[-8.05755,42.79715],[-8.05936,42.79854],[-8.0613,42.79878],[-8.06294,42.7984],[-8.06342,42.79764],[-8.06602,42.79634],[-8.06608,42.79741],[-8.06802,42.79747],[-8.0686,42.79812],[-8.06865,42.80011],[-8.07502,42.80132],[-8.07644,42.80106],[-8.07793,42.79984],[-8.08398,42.80091],[-8.08679,42.80061],[-8.08546,42.8002],[-8.08452,42.79936],[-8.08894,42.79766],[-8.0913,42.79781],[-8.09449,42.79743],[-8.0964,42.79826],[-8.09685,42.7997],[-8.09844,42.79943],[-8.09971,42.79976],[-8.10212,42.79861],[-8.10553,42.79798],[-8.10748,42.79872],[-8.10943,42.79845],[-8.1101,42.79747],[-8.11075,42.79169],[-8.11385,42.79007],[-8.115,42.79064],[-8.12069,42.79096],[-8.12237,42.79167],[-8.12563,42.79165],[-8.12666,42.79318],[-8.12691,42.79474],[-8.12868,42.79643],[-8.12983,42.7963],[-8.12979,42.79706],[-8.13045,42.79694],[-8.13194,42.79778],[-8.13738,42.79854],[-8.13867,42.80003],[-8.14225,42.80212],[-8.14255,42.80289],[-8.14359,42.80262],[-8.14443,42.80339],[-8.14857,42.80388],[-8.14836,42.80465],[-8.14966,42.80389],[-8.15046,42.8039],[-8.15268,42.80646],[-8.15376,42.80716],[-8.15488,42.80706],[-8.15586,42.80819],[-8.15595,42.80932],[-8.15645,42.80994],[-8.15689,42.8099],[-8.15674,42.81137],[-8.15745,42.81303],[-8.15684,42.81369],[-8.15722,42.81418],[-8.15946,42.81439],[-8.15947,42.81306],[-8.16012,42.81214],[-8.1637,42.81543],[-8.16444,42.8147],[-8.16541,42.81443],[-8.16905,42.81478],[-8.16918,42.81518],[-8.16645,42.81713],[-8.1671,42.81822],[-8.1673,42.82076],[-8.16665,42.82269],[-8.16593,42.82343],[-8.16328,42.82395],[-8.16189,42.82525],[-8.16263,42.82668],[-8.16358,42.82745],[-8.16732,42.82728],[-8.16862,42.82811],[-8.16906,42.82989],[-8.16801,42.8311],[-8.16719,42.83312],[-8.16815,42.83478],[-8.16958,42.83606],[-8.17019,42.84035],[-8.17112,42.84234],[-8.17197,42.84367],[-8.17524,42.84593],[-8.17643,42.84657],[-8.17903,42.84485],[-8.1821,42.8452],[-8.18465,42.84707],[-8.18774,42.84764],[-8.18935,42.84715],[-8.19097,42.84569],[-8.19187,42.84649],[-8.19293,42.84669],[-8.19666,42.84576],[-8.19635,42.84446],[-8.19467,42.84314],[-8.1974,42.84394],[-8.19749,42.84337],[-8.198,42.84325],[-8.19935,42.84387],[-8.20045,42.84347],[-8.20226,42.84193],[-8.2066,42.84152],[-8.2011,42.8447],[-8.20025,42.84774],[-8.20137,42.84569],[-8.20273,42.8457],[-8.20499,42.8445],[-8.20669,42.84425],[-8.20938,42.84663],[-8.20861,42.84833],[-8.21154,42.84878],[-8.21346,42.84989],[-8.21662,42.85007],[-8.21917,42.85123],[-8.22068,42.85123],[-8.22097,42.85222],[-8.22043,42.85347],[-8.22294,42.85412],[-8.2245,42.85079],[-8.22519,42.8508],[-8.22651,42.85118],[-8.22742,42.85195],[-8.22813,42.85338],[-8.23301,42.85536],[-8.23499,42.85394],[-8.23645,42.85415],[-8.23749,42.85385],[-8.23804,42.85236],[-8.23788,42.85059],[-8.23917,42.84971],[-8.2494,42.8503],[-8.25062,42.84957],[-8.25224,42.84972],[-8.25519,42.84748],[-8.25683,42.84707],[-8.2573,42.84756],[-8.26079,42.84861],[-8.26211,42.85129],[-8.26249,42.85084],[-8.26444,42.85083],[-8.26513,42.84968],[-8.26649,42.85191],[-8.26843,42.8512],[-8.27054,42.85206],[-8.27381,42.85149],[-8.27483,42.85075],[-8.27546,42.8508],[-8.27603,42.85119],[-8.27652,42.8531],[-8.27343,42.85513],[-8.276,42.85549],[-8.27948,42.85702],[-8.28078,42.85676],[-8.27954,42.85615],[-8.27982,42.85535],[-8.28305,42.85502],[-8.28364,42.85459],[-8.28629,42.85526],[-8.28963,42.85751],[-8.29105,42.85667],[-8.2945,42.85579],[-8.29724,42.8562],[-8.29947,42.85871],[-8.30135,42.85835],[-8.30451,42.85845],[-8.30706,42.85774],[-8.30745,42.85794],[-8.31029,42.8568],[-8.31125,42.85675],[-8.31304,42.85758],[-8.31747,42.85474],[-8.31899,42.85418],[-8.31941,42.85247],[-8.32094,42.85222],[-8.32617,42.85321],[-8.3273,42.85377],[-8.32758,42.85309],[-8.32663,42.85136],[-8.32685,42.85047],[-8.32617,42.84884],[-8.32959,42.84757],[-8.33136,42.84787],[-8.33235,42.8489],[-8.33375,42.84934],[-8.33569,42.84661],[-8.33958,42.84552],[-8.341,42.8444],[-8.34177,42.84499],[-8.34431,42.84269],[-8.34549,42.84264],[-8.34667,42.84156],[-8.3471,42.84046],[-8.34844,42.84044],[-8.34859,42.84141],[-8.34937,42.84209],[-8.35174,42.84039],[-8.35517,42.84405],[-8.35646,42.84087],[-8.35525,42.83975],[-8.35459,42.8368],[-8.35355,42.83634],[-8.35292,42.83432],[-8.35052,42.83299],[-8.34987,42.83223],[-8.35004,42.83058],[-8.35093,42.82901],[-8.35391,42.8303],[-8.3535,42.83161],[-8.35464,42.8321],[-8.35538,42.8318],[-8.35688,42.83403],[-8.35914,42.83404],[-8.36035,42.83466],[-8.36018,42.83569],[-8.36141,42.83603],[-8.36163,42.83734],[-8.36569,42.84171],[-8.36515,42.84391],[-8.3693,42.84598],[-8.37224,42.84305],[-8.37262,42.84336],[-8.37457,42.84325],[-8.37705,42.84372],[-8.38054,42.84278],[-8.38357,42.84527],[-8.40091,42.85625],[-8.40309,42.85973],[-8.40543,42.86191],[-8.40542,42.86315],[-8.40617,42.86471],[-8.40783,42.86583],[-8.40822,42.86691],[-8.41319,42.86673],[-8.41534,42.86711],[-8.41638,42.86848],[-8.41592,42.86908],[-8.4168,42.8703],[-8.41689,42.87323],[-8.41779,42.87439],[-8.41816,42.87632],[-8.42046,42.87834],[-8.4252,42.87898],[-8.42645,42.87949],[-8.42717,42.87898],[-8.42892,42.87914],[-8.43028,42.88001],[-8.43743,42.88046],[-8.43669,42.88668],[-8.43546,42.88962],[-8.43578,42.8904],[-8.4346,42.89187],[-8.43822,42.89415],[-8.43912,42.89543],[-8.4426,42.8963],[-8.44412,42.89801],[-8.44516,42.89808],[-8.44569,42.89857],[-8.44734,42.89817],[-8.44838,42.89846],[-8.44878,42.89971],[-8.44734,42.89978],[-8.44797,42.90093],[-8.45663,42.90565],[-8.45763,42.90676],[-8.46376,42.90625],[-8.46674,42.90774],[-8.46899,42.90838],[-8.47134,42.90846],[-8.47742,42.91035],[-8.48105,42.91197],[-8.48149,42.91277],[-8.48438,42.9146],[-8.48433,42.91525],[-8.48555,42.91532],[-8.48785,42.91708],[-8.49229,42.91906],[-8.48779,42.92175],[-8.48706,42.924],[-8.48321,42.926],[-8.47952,42.92937],[-8.48002,42.93012],[-8.47977,42.93052],[-8.48053,42.93192],[-8.48314,42.93298],[-8.4848,42.93486],[-8.48596,42.9353],[-8.48715,42.93462],[-8.48944,42.93417],[-8.48984,42.9393],[-8.48892,42.93958],[-8.48903,42.9416],[-8.49349,42.94189],[-8.49375,42.94477],[-8.50177,42.94639],[-8.50337,42.9462],[-8.50162,42.9508],[-8.502,42.95132],[-8.50449,42.95167],[-8.50756,42.95001],[-8.50785,42.95103],[-8.50884,42.95153],[-8.51154,42.95103],[-8.51328,42.95147],[-8.51654,42.9441],[-8.51892,42.94942],[-8.52149,42.9484],[-8.5208,42.9508],[-8.52557,42.94776],[-8.5275,42.94967],[-8.53206,42.94722],[-8.53195,42.9483],[-8.53338,42.94943],[-8.53322,42.95151],[-8.53538,42.95114],[-8.53732,42.95356],[-8.5386,42.95404],[-8.53907,42.95371],[-8.54167,42.95668],[-8.54778,42.95763],[-8.55156,42.96241],[-8.55646,42.96458],[-8.55784,42.96369],[-8.56106,42.96495],[-8.56305,42.96683],[-8.56388,42.9668],[-8.56531,42.9674],[-8.56543,42.9679],[-8.56435,42.96968],[-8.56153,42.97241],[-8.56067,42.97536],[-8.56208,42.97587],[-8.56198,42.97941],[-8.56027,42.98194],[-8.56112,42.98537],[-8.56068,42.98719],[-8.56126,42.98861],[-8.56266,42.99011],[-8.56395,42.98975],[-8.56481,42.98903],[-8.56515,42.98739],[-8.566,42.98754],[-8.56659,42.99053],[-8.56787,42.98986],[-8.56928,42.98989],[-8.56925,42.99013],[-8.57069,42.98987],[-8.5722,42.98897],[-8.57311,42.99051],[-8.57259,42.99314],[-8.57335,42.99405],[-8.5824,42.99654],[-8.58697,42.99714],[-8.58732,42.99786],[-8.58898,42.99814],[-8.59078,42.99957],[-8.59079,43.00075],[-8.59247,43.00114],[-8.59464,43.00108],[-8.59536,43.00173],[-8.59608,42.99984],[-8.5996,42.99889],[-8.60041,42.9978],[-8.60204,42.99683],[-8.60216,42.99585],[-8.60068,42.99531],[-8.59944,42.99402],[-8.5988,42.99238],[-8.59908,42.99064],[-8.59651,42.98536],[-8.59697,42.98418],[-8.59876,42.98408],[-8.59925,42.98295],[-8.5999,42.98268],[-8.60072,42.97962],[-8.60217,42.97919],[-8.6046,42.97913],[-8.6058,42.97935],[-8.60632,42.97987],[-8.60823,42.98006],[-8.60956,42.98],[-8.61072,42.97948],[-8.61204,42.98017],[-8.61389,42.98048],[-8.61581,42.97811],[-8.62021,42.98055],[-8.62467,42.98199],[-8.62485,42.98526],[-8.62926,42.98633],[-8.63117,42.9831],[-8.63302,42.9822],[-8.63319,42.98152],[-8.63453,42.98173],[-8.63667,42.98057],[-8.63884,42.98027],[-8.64026,42.97941],[-8.64192,42.97938],[-8.64455,42.98025],[-8.64576,42.97989],[-8.64746,42.98004],[-8.64827,42.97928],[-8.64853,42.97704],[-8.65178,42.97441],[-8.65195,42.97367],[-8.6534,42.97516],[-8.6547,42.9756],[-8.65571,42.97776],[-8.65653,42.97695],[-8.65648,42.97599],[-8.65823,42.97386],[-8.66065,42.97483],[-8.66226,42.97452],[-8.66273,42.97399],[-8.66475,42.97659],[-8.66384,42.977],[-8.66203,42.97692],[-8.65984,42.97746],[-8.6598,42.97851],[-8.66186,42.97899],[-8.66246,42.98126],[-8.66201,42.98195],[-8.66424,42.98265],[-8.66453,42.98465],[-8.66208,42.98645],[-8.66102,42.98679],[-8.65914,42.98903],[-8.66143,42.98947],[-8.66165,42.99041],[-8.66401,42.99178],[-8.66457,42.99271],[-8.66644,42.99362],[-8.66749,42.99497],[-8.66608,42.99573],[-8.66823,42.99756],[-8.66853,43.00232],[-8.67002,43.00465],[-8.67276,43.00382],[-8.67699,43.00518],[-8.67846,43.00611],[-8.68127,43.00635],[-8.6829,43.00527],[-8.68391,43.00555],[-8.68441,43.00586],[-8.68422,43.0068],[-8.68725,43.00828],[-8.68864,43.00938],[-8.68908,43.00912],[-8.68864,43.00823],[-8.69012,43.00807],[-8.69361,43.01177],[-8.69775,43.00964],[-8.69902,43.01065],[-8.6991,43.01117],[-8.70029,43.01095],[-8.70118,43.01128],[-8.70139,43.01432],[-8.70312,43.01726],[-8.70416,43.0175],[-8.70619,43.01695],[-8.70815,43.0169],[-8.71281,43.01954],[-8.71499,43.01964],[-8.71987,43.02165],[-8.72013,43.02214],[-8.72831,43.0234],[-8.7388,43.0264],[-8.74055,43.02508],[-8.74254,43.0248],[-8.74311,43.02749],[-8.74243,43.03183],[-8.7428,43.03256],[-8.74455,43.03357],[-8.74502,43.03359],[-8.74611,43.0326],[-8.7466,43.03306],[-8.74768,43.03225],[-8.75247,43.03102],[-8.75323,43.03012],[-8.75426,43.03027],[-8.75489,43.0292],[-8.75709,43.02734],[-8.75922,43.02744],[-8.75943,43.02615],[-8.75882,43.02456],[-8.76151,43.02277],[-8.76386,43.02015],[-8.76539,43.0194],[-8.76988,43.01583],[-8.77095,43.01159],[-8.77345,43.01281],[-8.77562,43.01108],[-8.77776,43.01207],[-8.78082,43.01018],[-8.78217,43.00988],[-8.78252,43.01018],[-8.78369,43.00922],[-8.78449,43.00923],[-8.78543,43.00811],[-8.78763,43.00883],[-8.79017,43.0059],[-8.79255,43.00692],[-8.7967,43.00717],[-8.79763,43.00835],[-8.80141,43.00816],[-8.81205,43.00852],[-8.81558,43.00953],[-8.81503,43.00692],[-8.82374,43.00797],[-8.82515,43.00364],[-8.82525,43.00018],[-8.82932,43.00158],[-8.83058,42.99999],[-8.83322,42.99885],[-8.8338,42.99931],[-8.83545,42.99796],[-8.83663,42.99767],[-8.83868,42.99807],[-8.84448,42.99254],[-8.85266,42.99681],[-8.85737,42.99268],[-8.856,42.99198],[-8.86095,42.98406],[-8.86245,42.98442],[-8.86328,42.98403],[-8.86614,42.98448],[-8.86762,42.983],[-8.86998,42.98609],[-8.87188,42.98459],[-8.87764,42.9875],[-8.88199,42.98833],[-8.8846,42.98767],[-8.88723,42.99036],[-8.88659,42.99085],[-8.89079,42.99239],[-8.89686,42.99295],[-8.89804,42.99261],[-8.90162,42.99282],[-8.90191,42.99206],[-8.90308,42.99117],[-8.90954,42.99307],[-8.91136,42.99159],[-8.91473,42.99276],[-8.91741,42.98871],[-8.92157,42.98952],[-8.9203,42.9918],[-8.92697,42.99313],[-8.92943,42.99307],[-8.93198,42.99228],[-8.93295,42.99149],[-8.93427,42.99163],[-8.93703,42.99028],[-8.93752,42.99074],[-8.9386,42.99049],[-8.9415,42.99234],[-8.94074,42.99406],[-8.93982,42.99426],[-8.9401,42.99601],[-8.9421,42.99609],[-8.94257,42.99745],[-8.94377,42.99711],[-8.94558,42.99752],[-8.94258,43.00022],[-8.94037,43.00105],[-8.9314,43.00745],[-8.93447,43.00989],[-8.93777,43.00959],[-8.93486,43.01628],[-8.93917,43.02049],[-8.93929,43.02133],[-8.94019,43.02232],[-8.94162,43.02302],[-8.9438,43.02513],[-8.94627,43.024],[-8.94871,43.02394],[-8.94767,43.02758],[-8.94866,43.02772],[-8.94921,43.02704],[-8.94958,43.02711],[-8.95022,43.02883],[-8.952,43.0305],[-8.95203,43.03099],[-8.95325,43.03051],[-8.95638,43.03127],[-8.96099,43.03136],[-8.96171,43.03076],[-8.96311,43.03057],[-8.96548,43.03126],[-8.96729,43.03225],[-8.96728,43.03309],[-8.965,43.03549],[-8.96331,43.03857],[-8.96356,43.04498],[-8.96496,43.0458],[-8.97008,43.04478],[-8.97313,43.04481],[-8.97554,43.04585],[-8.97758,43.0478],[-8.97814,43.04925],[-8.98016,43.05141],[-8.98342,43.05207],[-8.98586,43.05367],[-8.98578,43.0564],[-8.98661,43.05999],[-8.98705,43.05928],[-8.98688,43.0575],[-8.98799,43.05597],[-8.98803,43.0551],[-8.98779,43.05053],[-8.9869,43.04871],[-8.98707,43.04582],[-8.99421,43.04593],[-8.99656,43.04712],[-8.99848,43.04758],[-8.99905,43.04678],[-9.00263,43.04459],[-9.00382,43.044],[-9.00546,43.04408],[-9.00791,43.045],[-9.0068,43.04656],[-9.00945,43.04752],[-9.01356,43.03904],[-9.01513,43.03953],[-9.01552,43.03911],[-9.01538,43.0375],[-9.019,43.03701],[-9.01991,43.03719],[-9.0219,43.03506],[-9.02248,43.03303],[-9.02389,43.03094],[-9.02463,43.02999],[-9.02585,43.02973],[-9.02556,43.02576],[-9.02647,43.02425],[-9.02869,43.01498],[-9.02761,43.01451],[-9.02848,43.01284],[-9.02811,43.01053],[-9.0287,43.00995],[-9.02982,43.0097],[-9.03011,43.00888],[-9.03154,43.00774],[-9.03122,43.00677],[-9.0327,43.0037],[-9.03253,43.0011],[-9.0329,43.00001],[-9.03453,42.99879],[-9.03424,42.99804],[-9.03552,42.99599],[-9.03577,42.99358],[-9.03652,42.99276],[-9.0379,42.99215],[-9.03893,42.99284],[-9.04,42.99285],[-9.04115,42.99214],[-9.04309,42.99195],[-9.04392,42.99251],[-9.04575,42.99597],[-9.04657,42.99656],[-9.0467,42.99866],[-9.0506,42.9995],[-9.05073,42.99779],[-9.04837,42.99502],[-9.04945,42.9907],[-9.04911,42.98911],[-9.04949,42.98819],[-9.04898,42.98634],[-9.04854,42.98603],[-9.04692,42.98673],[-9.04657,42.98575],[-9.04719,42.98116],[-9.04456,42.98229],[-9.03972,42.98192],[-9.04218,42.98041],[-9.04381,42.97996],[-9.0452,42.97702],[-9.04631,42.97581],[-9.04704,42.97559],[-9.04697,42.97507],[-9.04451,42.97408],[-9.04341,42.97507],[-9.04157,42.97593],[-9.03868,42.97584],[-9.03525,42.97503],[-9.03619,42.97199],[-9.03629,42.96908],[-9.03762,42.96845],[-9.03705,42.96784],[-9.03686,42.96656],[-9.0404,42.96649],[-9.04221,42.96718],[-9.04324,42.96562],[-9.04411,42.96285],[-9.0471,42.96506],[-9.04989,42.96582],[-9.05346,42.96547],[-9.05534,42.96679],[-9.05745,42.96761],[-9.05946,42.96788],[-9.06167,42.96912],[-9.06329,42.9689],[-9.06333,42.96829],[-9.06471,42.96751],[-9.06447,42.96886],[-9.06567,42.97154],[-9.06741,42.97326],[-9.07129,42.97913],[-9.07516,42.98071],[-9.07783,42.98229],[-9.0771,42.98414],[-9.07797,42.9843],[-9.07946,42.98376],[-9.08214,42.98461],[-9.08275,42.9856],[-9.08372,42.9851],[-9.08571,42.98639],[-9.09161,42.98366],[-9.09398,42.98365],[-9.09604,42.98422],[-9.10072,42.98454],[-9.10815,42.98627],[-9.11091,42.98551],[-9.11339,42.98565],[-9.11925,42.9841],[-9.12196,42.97904],[-9.12197,42.9782],[-9.12458,42.97692],[-9.12617,42.97861],[-9.1257,42.98019],[-9.12698,42.98008],[-9.12718,42.98057],[-9.12926,42.9798],[-9.12988,42.98037],[-9.1356,42.98276],[-9.14364,42.98297],[-9.14892,42.98229],[-9.15059,42.98264],[-9.15334,42.98401],[-9.15537,42.98451],[-9.15576,42.98514],[-9.15779,42.98971],[-9.15813,42.99211],[-9.16042,42.9947],[-9.16601,43.00429],[-9.16575,43.00743],[-9.16734,43.00942],[-9.167,43.00971],[-9.16863,43.0089],[-9.17052,43.01028],[-9.17214,43.00964],[-9.17309,43.0088],[-9.17644,43.0033],[-9.17714,43.00349],[-9.17772,43.00253],[-9.17979,43.00254],[-9.18018,43.00311],[-9.1818,43.00045],[-9.18543,42.99628],[-9.18873,42.99561],[-9.18985,42.99659],[-9.19121,42.99553],[-9.19232,42.99783],[-9.19256,43.00079],[-9.19224,43.00281],[-9.19097,43.00349],[-9.19156,43.00349],[-9.19386,43.00542],[-9.19722,43.00535],[-9.20172,43.00676],[-9.20219,43.01023],[-9.20328,43.01167],[-9.20516,43.01109],[-9.2044,43.01209],[-9.20631,43.0123],[-9.20943,43.01392],[-9.21176,43.01355],[-9.21309,43.01477],[-9.21967,43.01631],[-9.22035,43.01727],[-9.22137,43.01751],[-9.22327,43.01687],[-9.2247,43.0169],[-9.22513,43.01611],[-9.22875,43.01451],[-9.22877,43.01355],[-9.2296,43.0153],[-9.2323,43.01596],[-9.23453,43.01807],[-9.2362,43.01834],[-9.25015,43.02635],[-9.25317,43.03021],[-9.25453,43.03131],[-9.25554,43.03343],[-9.26113,43.03341],[-9.26285,43.0364],[-9.26831,43.04003],[-9.26738,43.04121],[-9.27282,43.04024],[-9.28268,43.0425],[-9.28279,43.04158],[-9.29045,43.05077],[-9.29124,43.05077],[-9.2926,43.04822],[-9.29342,43.04808],[-9.29443,43.04888],[-9.29678,43.0528],[-9.29767,43.05329]]}},{"type":"Feature","properties":{"name":"TET_E-03-GAL-N_20241226","country":"ES","lengthKm":721.6},"geometry":{"type":"LineString","coordinates":[[-6.7395,42.60281],[-6.73893,42.60511],[-6.74025,42.60696],[-6.74318,42.60952],[-6.74329,42.61013],[-6.74461,42.61036],[-6.74516,42.61103],[-6.74823,42.61212],[-6.74809,42.61321],[-6.74703,42.61396],[-6.74729,42.61457],[-6.74844,42.61512],[-6.74888,42.61629],[-6.75083,42.61866],[-6.75194,42.61926],[-6.75293,42.61933],[-6.75368,42.61993],[-6.75428,42.6213],[-6.75632,42.62293],[-6.75643,42.62345],[-6.75494,42.6247],[-6.75795,42.63022],[-6.7613,42.6332],[-6.76496,42.63466],[-6.76547,42.63528],[-6.76442,42.63699],[-6.76555,42.63866],[-6.76295,42.63915],[-6.76264,42.64042],[-6.76526,42.6414],[-6.76545,42.64191],[-6.76469,42.64246],[-6.76505,42.64349],[-6.76467,42.64482],[-6.76311,42.64611],[-6.76432,42.64711],[-6.76462,42.64869],[-6.76338,42.65068],[-6.76398,42.65298],[-6.76362,42.65436],[-6.76519,42.65588],[-6.76573,42.65775],[-6.76703,42.65842],[-6.76761,42.65921],[-6.76719,42.65968],[-6.76735,42.66114],[-6.7687,42.66267],[-6.76864,42.66394],[-6.77135,42.66453],[-6.77265,42.66526],[-6.77396,42.66737],[-6.77316,42.6716],[-6.77204,42.67231],[-6.77199,42.67286],[-6.7707,42.67407],[-6.77094,42.67658],[-6.76953,42.67896],[-6.76907,42.68066],[-6.76564,42.68587],[-6.76548,42.68807],[-6.7649,42.68873],[-6.76347,42.68881],[-6.76308,42.69014],[-6.75999,42.69043],[-6.76245,42.69246],[-6.76185,42.69306],[-6.76218,42.6941],[-6.76032,42.69349],[-6.75842,42.69347],[-6.75961,42.69583],[-6.75968,42.69714],[-6.75924,42.69752],[-6.76256,42.69887],[-6.76531,42.70272],[-6.76773,42.70446],[-6.76958,42.70472],[-6.77026,42.70444],[-6.77065,42.70508],[-6.76675,42.7059],[-6.76436,42.70826],[-6.76492,42.70952],[-6.76496,42.71193],[-6.76702,42.71414],[-6.76969,42.71826],[-6.76978,42.7188],[-6.7691,42.71921],[-6.76978,42.72065],[-6.76874,42.72228],[-6.76724,42.72305],[-6.76708,42.72368],[-6.76783,42.72421],[-6.77058,42.72855],[-6.77058,42.72933],[-6.76646,42.73041],[-6.76645,42.73331],[-6.76798,42.7348],[-6.76621,42.73731],[-6.76645,42.73912],[-6.76593,42.74146],[-6.76537,42.74193],[-6.76366,42.74168],[-6.75926,42.74253],[-6.7585,42.74412],[-6.75855,42.7458],[-6.75928,42.74687],[-6.7585,42.74789],[-6.75882,42.75012],[-6.75668,42.75068],[-6.75813,42.75239],[-6.75994,42.75363],[-6.75993,42.75487],[-6.76142,42.7562],[-6.76071,42.75706],[-6.76209,42.76391],[-6.76373,42.76636],[-6.76601,42.76853],[-6.76667,42.77057],[-6.76752,42.76725],[-6.7688,42.76499],[-6.76846,42.76884],[-6.7711,42.77275],[-6.77247,42.77583],[-6.77231,42.77641],[-6.77384,42.77798],[-6.77421,42.78108],[-6.77368,42.78155],[-6.77441,42.78353],[-6.77433,42.78677],[-6.77304,42.78902],[-6.77392,42.79034],[-6.77395,42.79176],[-6.7747,42.79349],[-6.77231,42.79451],[-6.76974,42.79714],[-6.76976,42.79769],[-6.77118,42.79723],[-6.77167,42.79761],[-6.77335,42.79679],[-6.77308,42.79727],[-6.7745,42.79732],[-6.77402,42.79839],[-6.77602,42.79816],[-6.7759,42.79867],[-6.77519,42.79887],[-6.77482,42.79993],[-6.77414,42.80021],[-6.775,42.80109],[-6.7744,42.80162],[-6.77489,42.80204],[-6.77425,42.80226],[-6.77507,42.80316],[-6.76929,42.80408],[-6.76477,42.80393],[-6.76088,42.80275],[-6.75655,42.80285],[-6.75414,42.80183],[-6.75319,42.80104],[-6.75085,42.80184],[-6.74943,42.80148],[-6.74931,42.80205],[-6.74819,42.80131],[-6.74787,42.80023],[-6.74404,42.80207],[-6.74323,42.80213],[-6.74266,42.80089],[-6.74084,42.79908],[-6.74012,42.7957],[-6.73898,42.79499],[-6.73686,42.7977],[-6.73804,42.79855],[-6.7376,42.80003],[-6.73819,42.80238],[-6.73946,42.80341],[-6.73921,42.80512],[-6.73958,42.8057],[-6.73718,42.80481],[-6.73769,42.80628],[-6.74044,42.8079],[-6.73878,42.80814],[-6.73525,42.8079],[-6.73373,42.80715],[-6.73342,42.80655],[-6.73385,42.80781],[-6.73679,42.80988],[-6.73693,42.81039],[-6.73863,42.81076],[-6.73687,42.81196],[-6.73523,42.81202],[-6.7346,42.81172],[-6.73308,42.80987],[-6.7315,42.81002],[-6.73042,42.80962],[-6.7294,42.81036],[-6.72716,42.8101],[-6.72566,42.81073],[-6.72177,42.81026],[-6.72378,42.81154],[-6.71964,42.81123],[-6.71588,42.81026],[-6.71516,42.81045],[-6.71286,42.8101],[-6.70684,42.80734],[-6.70498,42.80867],[-6.70405,42.80877],[-6.70455,42.81074],[-6.70405,42.81208],[-6.70449,42.81261],[-6.70333,42.81264],[-6.70429,42.81355],[-6.70425,42.81404],[-6.7034,42.81423],[-6.70208,42.81634],[-6.69896,42.81783],[-6.69643,42.81839],[-6.69482,42.81819],[-6.69472,42.81767],[-6.69788,42.81704],[-6.69983,42.81621],[-6.70037,42.81515],[-6.69964,42.81469],[-6.69742,42.81358],[-6.69644,42.8136],[-6.69509,42.81511],[-6.69237,42.81604],[-6.6918,42.81573],[-6.69156,42.81444],[-6.69048,42.81316],[-6.69031,42.81475],[-6.68922,42.81584],[-6.68394,42.81779],[-6.68436,42.81906],[-6.68294,42.82004],[-6.68348,42.82039],[-6.6833,42.82129],[-6.68239,42.82269],[-6.68553,42.82253],[-6.68687,42.82293],[-6.68758,42.82322],[-6.68804,42.82444],[-6.69061,42.82438],[-6.6913,42.82463],[-6.69156,42.82576],[-6.69271,42.82569],[-6.69433,42.82637],[-6.69444,42.82701],[-6.69362,42.82809],[-6.69309,42.82769],[-6.69162,42.82774],[-6.69239,42.82895],[-6.69244,42.8312],[-6.69423,42.8343],[-6.69826,42.8377],[-6.69668,42.84187],[-6.6967,42.84356],[-6.69586,42.84559],[-6.69446,42.84742],[-6.69437,42.84932],[-6.6953,42.85108],[-6.69495,42.85238],[-6.69405,42.85324],[-6.69406,42.8557],[-6.69336,42.85672],[-6.69313,42.85827],[-6.69168,42.85818],[-6.68863,42.85613],[-6.68796,42.85604],[-6.68593,42.85787],[-6.68233,42.85791],[-6.68064,42.86022],[-6.67797,42.85997],[-6.67558,42.85892],[-6.67433,42.8578],[-6.67417,42.85661],[-6.67511,42.85403],[-6.6745,42.85284],[-6.67382,42.85252],[-6.67139,42.85307],[-6.66949,42.85281],[-6.66774,42.8523],[-6.66658,42.85127],[-6.66444,42.85171],[-6.66016,42.85136],[-6.65551,42.85266],[-6.65615,42.85292],[-6.65673,42.85443],[-6.65593,42.8558],[-6.65346,42.85717],[-6.65276,42.85718],[-6.65242,42.85668],[-6.6527,42.85595],[-6.652,42.85599],[-6.65161,42.85643],[-6.65152,42.85759],[-6.65294,42.859],[-6.65306,42.86015],[-6.65205,42.8621],[-6.65234,42.86276],[-6.65367,42.86356],[-6.65592,42.86326],[-6.65867,42.86357],[-6.65981,42.86504],[-6.65854,42.86619],[-6.65598,42.86658],[-6.65405,42.86752],[-6.649,42.86729],[-6.64627,42.86678],[-6.64382,42.86582],[-6.64009,42.86399],[-6.63739,42.86191],[-6.63513,42.8616],[-6.63371,42.86179],[-6.6324,42.86244],[-6.63277,42.86306],[-6.63366,42.8632],[-6.63432,42.86431],[-6.63851,42.86598],[-6.64218,42.86911],[-6.64474,42.86998],[-6.64615,42.8713],[-6.65155,42.87417],[-6.65734,42.87487],[-6.65978,42.87657],[-6.66468,42.87747],[-6.67073,42.87999],[-6.6692,42.88083],[-6.67,42.88196],[-6.6726,42.88353],[-6.67268,42.88519],[-6.67373,42.88695],[-6.67535,42.89232],[-6.67518,42.89332],[-6.67857,42.89609],[-6.68302,42.8985],[-6.68636,42.89848],[-6.6894,42.89922],[-6.6909,42.89803],[-6.69393,42.89806],[-6.70187,42.90051],[-6.70638,42.90124],[-6.71144,42.90144],[-6.71575,42.90333],[-6.71683,42.90433],[-6.72091,42.90469],[-6.72391,42.90402],[-6.72589,42.90307],[-6.72642,42.90217],[-6.72872,42.9011],[-6.72834,42.89982],[-6.72907,42.89842],[-6.73203,42.89745],[-6.73386,42.89733],[-6.73694,42.89495],[-6.73613,42.89749],[-6.73368,42.90127],[-6.73218,42.90336],[-6.73098,42.90407],[-6.7317,42.9041],[-6.73418,42.90279],[-6.7351,42.90272],[-6.73502,42.90332],[-6.73361,42.90456],[-6.73439,42.9045],[-6.73788,42.90264],[-6.738,42.90164],[-6.73863,42.90274],[-6.73756,42.90418],[-6.73746,42.90739],[-6.73255,42.91337],[-6.73025,42.91523],[-6.72934,42.91751],[-6.72888,42.92053],[-6.73137,42.91989],[-6.73166,42.9186],[-6.73311,42.91666],[-6.74108,42.91353],[-6.74524,42.91003],[-6.74467,42.91207],[-6.74652,42.91114],[-6.74486,42.91472],[-6.74485,42.91667],[-6.74408,42.91835],[-6.74654,42.91937],[-6.7488,42.91872],[-6.74904,42.91935],[-6.74656,42.92139],[-6.74717,42.92167],[-6.74929,42.92126],[-6.75155,42.92016],[-6.75276,42.91912],[-6.7526,42.91728],[-6.75619,42.91653],[-6.75627,42.91601],[-6.75774,42.91483],[-6.7577,42.91397],[-6.75639,42.91216],[-6.75608,42.91092],[-6.75694,42.90609],[-6.75843,42.90452],[-6.75989,42.90813],[-6.76462,42.91096],[-6.76534,42.9108],[-6.76694,42.9095],[-6.76824,42.91009],[-6.77021,42.90973],[-6.77035,42.9109],[-6.76991,42.91145],[-6.77038,42.91305],[-6.77579,42.91128],[-6.77559,42.91402],[-6.7748,42.9156],[-6.77605,42.91618],[-6.77656,42.91793],[-6.77717,42.91833],[-6.777,42.91731],[-6.77762,42.91763],[-6.78164,42.91741],[-6.78237,42.91753],[-6.78265,42.91864],[-6.78583,42.91894],[-6.78656,42.91884],[-6.78726,42.91796],[-6.78656,42.91884],[-6.78452,42.91857],[-6.7831,42.91878],[-6.78445,42.91857],[-6.78656,42.91884],[-6.78726,42.91796],[-6.78966,42.91716],[-6.79057,42.91747],[-6.79086,42.91899],[-6.79267,42.92013],[-6.79293,42.92156],[-6.79413,42.92193],[-6.79408,42.92125],[-6.79554,42.92201],[-6.79602,42.92083],[-6.79568,42.91907],[-6.79667,42.91888],[-6.79544,42.91665],[-6.79695,42.91631],[-6.79708,42.91482],[-6.79926,42.91271],[-6.80001,42.91259],[-6.80027,42.91176],[-6.79998,42.91048],[-6.80081,42.90913],[-6.79987,42.90693],[-6.80021,42.90597],[-6.80425,42.90553],[-6.80666,42.90648],[-6.80785,42.90635],[-6.80829,42.90597],[-6.80797,42.90355],[-6.80829,42.9029],[-6.81001,42.90232],[-6.81101,42.90141],[-6.81174,42.90157],[-6.81176,42.90253],[-6.81072,42.9034],[-6.81087,42.9042],[-6.81242,42.90601],[-6.8127,42.90765],[-6.81411,42.91002],[-6.81579,42.91055],[-6.81719,42.91018],[-6.81826,42.91039],[-6.8201,42.9093],[-6.8233,42.91182],[-6.8258,42.91668],[-6.82961,42.92057],[-6.83081,42.92212],[-6.83143,42.9239],[-6.83345,42.92576],[-6.83523,42.92827],[-6.83407,42.93206],[-6.83507,42.93572],[-6.83413,42.93825],[-6.83479,42.93916],[-6.83489,42.94044],[-6.83625,42.94057],[-6.83434,42.94238],[-6.8346,42.94421],[-6.8358,42.94517],[-6.83596,42.94581],[-6.83443,42.94879],[-6.83503,42.9496],[-6.8351,42.95281],[-6.83444,42.9558],[-6.83778,42.9567],[-6.83911,42.95756],[-6.84265,42.96264],[-6.84417,42.96405],[-6.84575,42.9671],[-6.84644,42.9672],[-6.84719,42.96797],[-6.84678,42.96897],[-6.84768,42.97072],[-6.84932,42.9707],[-6.85437,42.97226],[-6.85558,42.97322],[-6.85793,42.97423],[-6.85952,42.97775],[-6.86157,42.97858],[-6.86301,42.98004],[-6.86451,42.98343],[-6.86513,42.98392],[-6.86799,42.98366],[-6.86941,42.98468],[-6.87112,42.98863],[-6.87298,42.98873],[-6.8787,42.98463],[-6.88024,42.98478],[-6.88404,42.98373],[-6.88543,42.98438],[-6.88735,42.98641],[-6.88812,42.98636],[-6.88935,42.98553],[-6.89078,42.98668],[-6.89326,42.98695],[-6.8945,42.98795],[-6.89848,42.98921],[-6.90395,42.98825],[-6.90845,42.98904],[-6.91027,42.98988],[-6.91282,42.99019],[-6.91417,42.99088],[-6.916,42.99073],[-6.91787,42.99004],[-6.91956,42.99124],[-6.92295,42.99068],[-6.92642,42.99244],[-6.92781,42.99265],[-6.93292,42.99583],[-6.93247,42.99662],[-6.93259,42.99783],[-6.93515,43.00031],[-6.93659,43.00713],[-6.93777,43.00768],[-6.93847,43.0087],[-6.94077,43.00988],[-6.94132,43.01177],[-6.94177,43.01137],[-6.94217,43.01262],[-6.94553,43.01748],[-6.94811,43.01921],[-6.94855,43.02033],[-6.94921,43.01817],[-6.94749,43.01634],[-6.94901,43.01694],[-6.95144,43.0168],[-6.95038,43.01592],[-6.94943,43.01593],[-6.94928,43.01444],[-6.95,43.0141],[-6.95152,43.01412],[-6.95405,43.01306],[-6.95402,43.01356],[-6.95249,43.01401],[-6.95193,43.01469],[-6.95557,43.01609],[-6.95606,43.01673],[-6.95601,43.01731],[-6.95377,43.01971],[-6.9546,43.02159],[-6.95433,43.02257],[-6.95621,43.02324],[-6.9559,43.0256],[-6.95874,43.0274],[-6.9583,43.02877],[-6.96224,43.02907],[-6.96244,43.02959],[-6.96049,43.03189],[-6.96168,43.03426],[-6.96151,43.03479],[-6.962,43.03413],[-6.96178,43.03201],[-6.964,43.03075],[-6.96453,43.02979],[-6.96342,43.02737],[-6.96289,43.02705],[-6.96354,43.02612],[-6.96224,43.02458],[-6.96271,43.02421],[-6.96471,43.02548],[-6.96614,43.02711],[-6.96537,43.02447],[-6.96848,43.02322],[-6.96742,43.02406],[-6.96762,43.02528],[-6.97002,43.02571],[-6.97151,43.02552],[-6.97299,43.02663],[-6.97175,43.0282],[-6.9728,43.03028],[-6.97154,43.03108],[-6.97201,43.03236],[-6.97095,43.03358],[-6.97128,43.03534],[-6.97255,43.03678],[-6.97315,43.03939],[-6.97164,43.04242],[-6.97343,43.04405],[-6.97337,43.04771],[-6.97287,43.04875],[-6.97139,43.04927],[-6.97241,43.04814],[-6.97149,43.04641],[-6.97056,43.04619],[-6.97102,43.04657],[-6.9711,43.04784],[-6.96876,43.04923],[-6.96702,43.05124],[-6.96669,43.05224],[-6.97133,43.05305],[-6.97084,43.05416],[-6.97151,43.05531],[-6.9713,43.05692],[-6.97015,43.05867],[-6.97163,43.05908],[-6.97453,43.05839],[-6.97836,43.0584],[-6.97946,43.05915],[-6.97828,43.0604],[-6.97813,43.05986],[-6.97628,43.06002],[-6.97703,43.0602],[-6.97725,43.0631],[-6.97948,43.06507],[-6.97812,43.06703],[-6.97845,43.06583],[-6.97613,43.0645],[-6.97476,43.06479],[-6.97467,43.06544],[-6.97307,43.06659],[-6.97172,43.06579],[-6.96891,43.06678],[-6.96744,43.06604],[-6.96596,43.06624],[-6.96997,43.06864],[-6.97074,43.06961],[-6.97065,43.07077],[-6.97304,43.0716],[-6.97439,43.07286],[-6.97799,43.07485],[-6.97889,43.07652],[-6.9809,43.07777],[-6.98162,43.07752],[-6.98147,43.07506],[-6.98222,43.07406],[-6.98316,43.07412],[-6.98682,43.07625],[-6.98801,43.07962],[-6.9894,43.08094],[-6.99077,43.08122],[-6.99058,43.08174],[-6.99209,43.08315],[-6.99639,43.0831],[-6.99807,43.08368],[-6.99875,43.0855],[-6.99752,43.08799],[-6.99781,43.09086],[-7.00169,43.09016],[-7.00241,43.09046],[-7.00442,43.0945],[-7.00612,43.09367],[-7.00778,43.09211],[-7.00786,43.08872],[-7.00862,43.08742],[-7.01271,43.08836],[-7.01432,43.08961],[-7.01488,43.09057],[-7.01558,43.09064],[-7.01618,43.09025],[-7.01708,43.09042],[-7.02111,43.0918],[-7.02316,43.09384],[-7.02264,43.09485],[-7.02504,43.09545],[-7.02551,43.09595],[-7.0268,43.09902],[-7.02654,43.10041],[-7.0278,43.1008],[-7.02803,43.1027],[-7.03029,43.10484],[-7.03097,43.10489],[-7.03118,43.10623],[-7.03018,43.10693],[-7.03332,43.11107],[-7.03555,43.11189],[-7.03738,43.1115],[-7.03963,43.11199],[-7.04124,43.11127],[-7.04483,43.11139],[-7.04167,43.11268],[-7.04033,43.11428],[-7.04044,43.11625],[-7.03905,43.11661],[-7.04128,43.11776],[-7.03981,43.11838],[-7.04267,43.11864],[-7.04569,43.11659],[-7.0485,43.11644],[-7.04919,43.11689],[-7.05153,43.1204],[-7.05342,43.12519],[-7.05499,43.12657],[-7.05663,43.12696],[-7.05698,43.12739],[-7.05742,43.12987],[-7.05716,43.13176],[-7.05595,43.13329],[-7.0561,43.13457],[-7.0576,43.13485],[-7.05967,43.13418],[-7.06239,43.1348],[-7.06438,43.13451],[-7.0645,43.13212],[-7.06511,43.13161],[-7.06533,43.13054],[-7.06508,43.12993],[-7.06606,43.12861],[-7.06618,43.12743],[-7.06736,43.12673],[-7.0676,43.12826],[-7.07035,43.13152],[-7.07307,43.1359],[-7.07556,43.13784],[-7.07739,43.13799],[-7.07726,43.1386],[-7.07936,43.14052],[-7.08021,43.14243],[-7.0804,43.14364],[-7.07962,43.14737],[-7.0802,43.14869],[-7.0817,43.14962],[-7.08199,43.15193],[-7.082,43.15251],[-7.08088,43.15315],[-7.08156,43.15341],[-7.08253,43.15317],[-7.0832,43.15354],[-7.08304,43.15419],[-7.08411,43.1574],[-7.08369,43.15852],[-7.08422,43.15935],[-7.08416,43.1608],[-7.08628,43.16281],[-7.08597,43.16505],[-7.08351,43.16562],[-7.08175,43.16561],[-7.08052,43.16498],[-7.07965,43.16874],[-7.07995,43.16997],[-7.07829,43.1736],[-7.07732,43.17447],[-7.07372,43.17563],[-7.06978,43.17755],[-7.06965,43.17973],[-7.06875,43.1814],[-7.06754,43.18049],[-7.06431,43.18062],[-7.06343,43.17954],[-7.06284,43.17926],[-7.06222,43.17956],[-7.06294,43.18255],[-7.06245,43.1862],[-7.06277,43.18731],[-7.06184,43.1875],[-7.06006,43.18665],[-7.05802,43.18656],[-7.06026,43.18738],[-7.0609,43.18854],[-7.06233,43.18902],[-7.06099,43.18968],[-7.05811,43.19244],[-7.06042,43.19204],[-7.06144,43.19401],[-7.05982,43.19594],[-7.05756,43.19749],[-7.05771,43.19998],[-7.05714,43.20126],[-7.05534,43.20169],[-7.05343,43.20273],[-7.05156,43.20486],[-7.05083,43.20722],[-7.05239,43.21021],[-7.04852,43.21679],[-7.04646,43.21922],[-7.04514,43.21977],[-7.04446,43.21935],[-7.04233,43.22138],[-7.04357,43.22345],[-7.04195,43.22402],[-7.04111,43.22493],[-7.04135,43.22548],[-7.04382,43.22706],[-7.04285,43.2282],[-7.04487,43.22887],[-7.04777,43.23111],[-7.04895,43.23257],[-7.04963,43.23437],[-7.05199,43.23128],[-7.05537,43.23092],[-7.05735,43.22974],[-7.05757,43.23155],[-7.05914,43.23336],[-7.06012,43.2353],[-7.0603,43.23955],[-7.06386,43.24311],[-7.06704,43.24784],[-7.06791,43.24988],[-7.06786,43.25274],[-7.07144,43.25728],[-7.07234,43.26268],[-7.07493,43.26401],[-7.07847,43.26429],[-7.07878,43.26373],[-7.08082,43.2646],[-7.08167,43.26427],[-7.08243,43.2629],[-7.08147,43.26033],[-7.08498,43.26173],[-7.08511,43.26309],[-7.08468,43.26365],[-7.08608,43.26519],[-7.0876,43.26565],[-7.08763,43.26702],[-7.08844,43.26659],[-7.08889,43.26717],[-7.0888,43.27353],[-7.08951,43.27377],[-7.09086,43.27351],[-7.09154,43.27383],[-7.09223,43.27499],[-7.09142,43.27518],[-7.09144,43.27673],[-7.0926,43.27826],[-7.09466,43.27927],[-7.09475,43.27987],[-7.09181,43.28215],[-7.09214,43.28376],[-7.09099,43.28546],[-7.09107,43.28741],[-7.09221,43.29025],[-7.09395,43.29241],[-7.09402,43.29347],[-7.09278,43.29563],[-7.09465,43.29711],[-7.09841,43.29734],[-7.09911,43.2977],[-7.10352,43.30129],[-7.10336,43.30334],[-7.10237,43.30426],[-7.10259,43.30487],[-7.10206,43.30557],[-7.10265,43.30593],[-7.10331,43.30737],[-7.10237,43.30853],[-7.10495,43.31107],[-7.10398,43.31398],[-7.10439,43.31616],[-7.10472,43.31667],[-7.10532,43.31639],[-7.10798,43.31417],[-7.10844,43.31456],[-7.1099,43.31451],[-7.11269,43.31651],[-7.11415,43.31688],[-7.11523,43.32046],[-7.11485,43.32161],[-7.11708,43.32042],[-7.11749,43.32092],[-7.11508,43.3236],[-7.11609,43.32581],[-7.11787,43.32702],[-7.12185,43.32838],[-7.12497,43.33126],[-7.12662,43.3317],[-7.12786,43.33299],[-7.13164,43.33366],[-7.13522,43.33291],[-7.13776,43.33359],[-7.14227,43.33377],[-7.14546,43.33165],[-7.14645,43.33145],[-7.14845,43.33265],[-7.14941,43.33259],[-7.15109,43.33168],[-7.15303,43.33224],[-7.15774,43.33063],[-7.15799,43.33131],[-7.16039,43.33346],[-7.16199,43.33715],[-7.16641,43.33835],[-7.16677,43.33894],[-7.16752,43.33903],[-7.16773,43.33783],[-7.16902,43.33818],[-7.17104,43.3405],[-7.17295,43.34154],[-7.1764,43.34082],[-7.17824,43.34229],[-7.17858,43.3434],[-7.17823,43.34428],[-7.1799,43.34407],[-7.18258,43.34686],[-7.18328,43.34612],[-7.18347,43.34458],[-7.18552,43.34199],[-7.18601,43.3416],[-7.18723,43.34217],[-7.18892,43.34124],[-7.18793,43.33982],[-7.18849,43.33873],[-7.18917,43.339],[-7.19107,43.33812],[-7.1937,43.33852],[-7.19259,43.34652],[-7.19068,43.35165],[-7.19163,43.35363],[-7.19147,43.35463],[-7.19031,43.35605],[-7.19165,43.35769],[-7.19464,43.35915],[-7.19569,43.35918],[-7.19453,43.35978],[-7.19229,43.35955],[-7.1919,43.36105],[-7.19237,43.36208],[-7.19357,43.36127],[-7.19347,43.36261],[-7.19477,43.36387],[-7.19468,43.36325],[-7.19666,43.36404],[-7.19678,43.36488],[-7.19531,43.36663],[-7.19541,43.36774],[-7.19745,43.36774],[-7.20046,43.36998],[-7.20027,43.37106],[-7.20077,43.37169],[-7.20249,43.3722],[-7.20369,43.37337],[-7.20398,43.37404],[-7.20331,43.3751],[-7.2035,43.37582],[-7.2068,43.37395],[-7.20859,43.37341],[-7.20924,43.37373],[-7.20969,43.37556],[-7.21239,43.37686],[-7.21852,43.37643],[-7.22071,43.37785],[-7.22325,43.38007],[-7.22371,43.38139],[-7.22441,43.38111],[-7.22633,43.38195],[-7.22679,43.3829],[-7.22666,43.38442],[-7.22893,43.38872],[-7.22993,43.3889],[-7.234,43.39543],[-7.23557,43.3967],[-7.23934,43.39832],[-7.24101,43.40042],[-7.24094,43.40666],[-7.23988,43.40963],[-7.2356,43.41446],[-7.23619,43.41607],[-7.23796,43.41784],[-7.23957,43.42093],[-7.23929,43.42247],[-7.23774,43.42449],[-7.24091,43.42523],[-7.2425,43.42693],[-7.24249,43.42766],[-7.24148,43.42849],[-7.24091,43.4299],[-7.24177,43.43343],[-7.2445,43.43408],[-7.24622,43.43297],[-7.2481,43.43493],[-7.24917,43.43476],[-7.25059,43.43366],[-7.251,43.43428],[-7.25368,43.43539],[-7.26004,43.43379],[-7.26075,43.43397],[-7.26258,43.43303],[-7.26341,43.43335],[-7.26471,43.43266],[-7.27007,43.4342],[-7.27088,43.43403],[-7.27147,43.43179],[-7.27312,43.43073],[-7.27348,43.43004],[-7.27429,43.43027],[-7.27453,43.4308],[-7.27636,43.4301],[-7.27746,43.43069],[-7.27857,43.43219],[-7.27999,43.43261],[-7.28194,43.43022],[-7.28363,43.42995],[-7.28519,43.43069],[-7.28724,43.43063],[-7.29143,43.43126],[-7.29403,43.43098],[-7.2941,43.432],[-7.29579,43.43264],[-7.29776,43.43418],[-7.29874,43.43419],[-7.30039,43.43374],[-7.30192,43.43275],[-7.30525,43.42946],[-7.30671,43.42941],[-7.30629,43.43003],[-7.30895,43.42939],[-7.30813,43.43032],[-7.31005,43.42994],[-7.31096,43.43011],[-7.31163,43.42973],[-7.31139,43.43156],[-7.31287,43.43216],[-7.31396,43.42898],[-7.31548,43.4319],[-7.31798,43.43296],[-7.31904,43.43163],[-7.31997,43.43325],[-7.31966,43.43486],[-7.32093,43.43554],[-7.32234,43.43352],[-7.32584,43.43197],[-7.32779,43.43167],[-7.3307,43.43017],[-7.331,43.42915],[-7.33283,43.42784],[-7.33317,43.42968],[-7.33222,43.4327],[-7.33294,43.43295],[-7.33287,43.43345],[-7.33368,43.43309],[-7.3311,43.43642],[-7.32988,43.43722],[-7.32849,43.43743],[-7.32865,43.43848],[-7.33155,43.43818],[-7.33355,43.43747],[-7.33868,43.43459],[-7.3392,43.43703],[-7.3377,43.439],[-7.33761,43.44012],[-7.33807,43.44074],[-7.33767,43.44133],[-7.33547,43.44223],[-7.33611,43.44255],[-7.33688,43.44489],[-7.33887,43.44534],[-7.34081,43.44662],[-7.34363,43.44765],[-7.34407,43.44699],[-7.34462,43.44818],[-7.34763,43.44663],[-7.34883,43.44723],[-7.35063,43.44712],[-7.35241,43.44561],[-7.354,43.44512],[-7.35469,43.44542],[-7.35512,43.44635],[-7.35808,43.4466],[-7.35745,43.44815],[-7.35882,43.44972],[-7.35837,43.45135],[-7.35873,43.45188],[-7.36152,43.44929],[-7.36238,43.44898],[-7.36967,43.44905],[-7.37881,43.44658],[-7.3817,43.44664],[-7.38341,43.44623],[-7.38635,43.44666],[-7.38804,43.44651],[-7.39079,43.44448],[-7.38922,43.44724],[-7.38804,43.44829],[-7.38585,43.44883],[-7.38758,43.44884],[-7.39004,43.44767],[-7.39186,43.44622],[-7.39442,43.44628],[-7.39399,43.44586],[-7.39495,43.44571],[-7.39539,43.44448],[-7.40062,43.4432],[-7.40024,43.44405],[-7.40143,43.44408],[-7.40301,43.44353],[-7.40342,43.44263],[-7.40273,43.44092],[-7.40398,43.44012],[-7.40935,43.43965],[-7.41242,43.43873],[-7.41456,43.43852],[-7.41499,43.43902],[-7.41577,43.43892],[-7.41627,43.43937],[-7.417,43.4392],[-7.41706,43.4398],[-7.41645,43.4402],[-7.41738,43.4401],[-7.41926,43.43929],[-7.42867,43.43682],[-7.42966,43.43545],[-7.43034,43.43537],[-7.42989,43.43697],[-7.4263,43.43864],[-7.42648,43.43931],[-7.42738,43.43892],[-7.42899,43.43991],[-7.43064,43.43964],[-7.4311,43.44002],[-7.43061,43.44125],[-7.43351,43.44084],[-7.4342,43.44089],[-7.43427,43.44139],[-7.43666,43.4409],[-7.43617,43.4423],[-7.43644,43.44305],[-7.43261,43.44564],[-7.43411,43.44681],[-7.43488,43.4489],[-7.4364,43.44924],[-7.43857,43.45189],[-7.4435,43.45361],[-7.44781,43.45748],[-7.44785,43.45803],[-7.4468,43.45921],[-7.44803,43.46142],[-7.44739,43.46422],[-7.44886,43.46606],[-7.45223,43.46753],[-7.45399,43.46973],[-7.45829,43.47204],[-7.45877,43.47308],[-7.45809,43.47603],[-7.45927,43.47794],[-7.46044,43.4788],[-7.46122,43.47868],[-7.46154,43.47932],[-7.46091,43.4804],[-7.4581,43.4825],[-7.46096,43.48331],[-7.46079,43.4839],[-7.45833,43.48478],[-7.4574,43.48589],[-7.46166,43.48561],[-7.46163,43.48614],[-7.46065,43.48701],[-7.46048,43.48823],[-7.45843,43.4904],[-7.45771,43.49229],[-7.45724,43.4927],[-7.45599,43.49247],[-7.45567,43.49299],[-7.45497,43.49294],[-7.45088,43.49575],[-7.44965,43.4953],[-7.44906,43.49574],[-7.44874,43.49738],[-7.45112,43.501],[-7.4509,43.50216],[-7.4493,43.50221],[-7.44811,43.50292],[-7.44589,43.50658],[-7.44498,43.50952],[-7.44568,43.50977],[-7.44433,43.51167],[-7.44224,43.51331],[-7.44319,43.51494],[-7.44345,43.51672],[-7.44417,43.51653],[-7.44436,43.51748],[-7.44598,43.51866],[-7.44554,43.52078],[-7.44671,43.52148],[-7.44776,43.52371],[-7.4485,43.52401],[-7.44965,43.52381],[-7.45042,43.52295],[-7.45129,43.52289],[-7.45496,43.5241],[-7.45615,43.52527],[-7.45942,43.52577],[-7.46006,43.5267],[-7.46183,43.52647],[-7.46375,43.52729],[-7.4643,43.52837],[-7.46508,43.52862],[-7.46683,43.52781],[-7.46773,43.52894],[-7.46862,43.5319],[-7.47154,43.53397],[-7.47302,43.53353],[-7.47377,43.53534],[-7.47809,43.53832],[-7.47856,43.54079],[-7.47977,43.54156],[-7.48064,43.5416],[-7.48137,43.54112],[-7.48262,43.54118],[-7.48403,43.54191],[-7.48574,43.54151],[-7.48665,43.54619],[-7.48819,43.54838],[-7.48741,43.54986],[-7.488,43.55046],[-7.48749,43.55096],[-7.48769,43.55224],[-7.4849,43.55255],[-7.48278,43.55164],[-7.48032,43.55214],[-7.47991,43.55169],[-7.47791,43.553],[-7.47699,43.55452],[-7.47736,43.55943],[-7.47659,43.5603],[-7.47972,43.56171],[-7.47921,43.56212],[-7.47752,43.56189],[-7.47563,43.56101],[-7.47732,43.56228],[-7.4764,43.56374],[-7.47717,43.56406],[-7.47905,43.56472],[-7.48119,43.56451],[-7.48301,43.56545],[-7.48651,43.56552],[-7.48343,43.56626],[-7.4816,43.56788],[-7.4824,43.56808],[-7.48384,43.56768],[-7.48591,43.57049],[-7.48429,43.57124],[-7.47935,43.5703],[-7.47846,43.56977],[-7.47576,43.56972],[-7.46954,43.56884],[-7.4693,43.56978],[-7.4729,43.57393],[-7.47368,43.57435],[-7.47485,43.5745],[-7.47637,43.57555],[-7.47875,43.57641],[-7.48163,43.57464],[-7.48212,43.57815],[-7.48122,43.5792],[-7.4795,43.57936],[-7.47579,43.58318],[-7.47783,43.58623],[-7.47261,43.58758],[-7.47017,43.58983],[-7.46912,43.58992],[-7.46743,43.58943],[-7.46763,43.58829],[-7.46662,43.58871],[-7.46437,43.59044],[-7.4638,43.59228],[-7.46306,43.59232],[-7.46239,43.59133],[-7.45914,43.59251],[-7.45668,43.59248],[-7.45561,43.5911],[-7.45601,43.59065],[-7.45776,43.59032],[-7.45766,43.58975],[-7.45363,43.58741],[-7.44324,43.58657],[-7.4361,43.58555],[-7.43536,43.5858],[-7.43336,43.58772],[-7.42916,43.588],[-7.42481,43.59071],[-7.42244,43.59113],[-7.421,43.59266],[-7.41816,43.59265],[-7.4119,43.59565],[-7.40778,43.59971],[-7.40821,43.60249],[-7.40364,43.60736],[-7.40278,43.6081],[-7.39676,43.60995],[-7.395,43.61244],[-7.39356,43.61543],[-7.39515,43.62123],[-7.39357,43.62416],[-7.39375,43.62558],[-7.39084,43.62763],[-7.38683,43.62829],[-7.38196,43.6304],[-7.3811,43.63161],[-7.37854,43.63232],[-7.37796,43.63461],[-7.3764,43.63607],[-7.37702,43.63807],[-7.37517,43.64492],[-7.36796,43.64307],[-7.3647,43.64167],[-7.36077,43.64166],[-7.36366,43.64307],[-7.36253,43.64531],[-7.36319,43.64581],[-7.36686,43.64617],[-7.3677,43.64667],[-7.36833,43.64774],[-7.36643,43.64904],[-7.36694,43.64945],[-7.36918,43.64957],[-7.37354,43.65135],[-7.37573,43.65118],[-7.37737,43.65032],[-7.37717,43.65144],[-7.37579,43.65294],[-7.37601,43.65351],[-7.37544,43.6539],[-7.37455,43.65638],[-7.37442,43.65698],[-7.37542,43.65835],[-7.37306,43.65931],[-7.37344,43.65972],[-7.37528,43.66101],[-7.38133,43.66401],[-7.38365,43.66345],[-7.39014,43.66449],[-7.39394,43.66441],[-7.39613,43.66513],[-7.39821,43.66445],[-7.39967,43.66469],[-7.40043,43.6658],[-7.40355,43.66701],[-7.40426,43.66836],[-7.40411,43.66891],[-7.40932,43.67001],[-7.41193,43.67178],[-7.41378,43.67219],[-7.41628,43.6722],[-7.41653,43.67273],[-7.4181,43.67218],[-7.42163,43.67222],[-7.424,43.67285],[-7.42563,43.67223],[-7.4271,43.67356],[-7.42621,43.67582],[-7.42982,43.67625],[-7.43174,43.6751],[-7.43509,43.6741],[-7.43854,43.67456],[-7.43905,43.67714],[-7.44013,43.67787],[-7.43995,43.67906],[-7.43931,43.67945],[-7.43852,43.68141],[-7.43937,43.68254],[-7.43969,43.68485],[-7.4403,43.68518],[-7.44338,43.68493],[-7.44532,43.68301],[-7.44682,43.68356],[-7.4512,43.68341],[-7.45498,43.68457],[-7.45809,43.68831],[-7.45879,43.68858],[-7.46156,43.68848],[-7.46366,43.6874],[-7.4645,43.68734],[-7.46545,43.68748],[-7.46816,43.69053],[-7.47248,43.68975],[-7.47636,43.68982],[-7.47694,43.69198],[-7.47838,43.69422],[-7.4793,43.69452],[-7.48213,43.69676],[-7.48233,43.69746],[-7.48407,43.69904],[-7.48434,43.70033],[-7.48533,43.70036],[-7.48324,43.7051],[-7.48261,43.70556],[-7.48217,43.7073],[-7.48081,43.70867],[-7.48138,43.7115],[-7.4806,43.71264],[-7.47886,43.71381],[-7.47879,43.71549],[-7.48084,43.7147],[-7.48322,43.71484],[-7.48489,43.71512],[-7.48668,43.71622],[-7.48805,43.71658],[-7.4967,43.71569],[-7.50245,43.71622],[-7.5048,43.71719],[-7.50666,43.71724],[-7.50902,43.71803],[-7.51301,43.71806],[-7.51367,43.71774],[-7.51542,43.7182],[-7.51871,43.72346],[-7.52602,43.72552],[-7.52775,43.72545],[-7.52988,43.72462],[-7.53189,43.72695],[-7.53265,43.72729],[-7.53434,43.72698],[-7.53521,43.72728],[-7.53489,43.7284],[-7.53704,43.72923],[-7.53781,43.72916],[-7.53933,43.73047],[-7.54181,43.73022],[-7.54226,43.72912],[-7.5453,43.72982],[-7.54924,43.72877],[-7.55462,43.72979],[-7.55122,43.72712],[-7.54696,43.72666],[-7.54095,43.72494],[-7.54238,43.72488],[-7.54596,43.72347],[-7.55207,43.72244],[-7.55165,43.72187],[-7.54972,43.72064],[-7.54084,43.71871],[-7.53738,43.71762],[-7.53157,43.71421],[-7.53218,43.71175],[-7.53621,43.71075],[-7.53609,43.70588],[-7.5353,43.70393],[-7.53546,43.70286],[-7.53114,43.70163],[-7.52898,43.69956],[-7.528,43.6969],[-7.53335,43.69517],[-7.53414,43.69414],[-7.53372,43.6937],[-7.53138,43.69412],[-7.52917,43.69373],[-7.52793,43.69303],[-7.52893,43.69186],[-7.52928,43.69063],[-7.53188,43.68886],[-7.53206,43.68709],[-7.53258,43.68667],[-7.54183,43.6867],[-7.54417,43.68639],[-7.54532,43.68484],[-7.54354,43.68497],[-7.54154,43.68244],[-7.53963,43.68106],[-7.53777,43.67891],[-7.54199,43.67829],[-7.54188,43.67743],[-7.54332,43.67617],[-7.54655,43.67453],[-7.54766,43.67435],[-7.551,43.67455],[-7.55702,43.67716],[-7.55771,43.67715],[-7.55794,43.67556],[-7.5591,43.67478],[-7.56284,43.67553],[-7.56583,43.67503],[-7.56624,43.67453],[-7.5645,43.67216],[-7.56496,43.67154],[-7.5668,43.67107],[-7.57135,43.67118],[-7.57373,43.67073],[-7.57556,43.66888],[-7.57622,43.66647],[-7.57962,43.66771],[-7.58029,43.66754],[-7.58029,43.66688],[-7.58203,43.66544],[-7.58489,43.66424],[-7.58524,43.66367],[-7.58469,43.66311],[-7.58556,43.66318],[-7.5872,43.66425],[-7.58544,43.6655],[-7.58521,43.6661],[-7.59293,43.66386],[-7.59212,43.66557],[-7.59666,43.6625],[-7.59818,43.66297],[-7.60165,43.6648],[-7.60175,43.66827],[-7.60923,43.6697],[-7.61352,43.67325],[-7.61502,43.67522],[-7.61522,43.68592],[-7.61563,43.6865],[-7.61706,43.68716],[-7.61707,43.69024],[-7.6188,43.69174],[-7.61613,43.69529],[-7.61265,43.69808],[-7.61277,43.69876],[-7.61491,43.70104],[-7.61637,43.70169],[-7.61955,43.70133],[-7.62246,43.70355],[-7.62129,43.70441],[-7.62074,43.70564],[-7.61828,43.70745],[-7.61762,43.70941],[-7.61786,43.71158],[-7.61861,43.71116],[-7.62097,43.70765],[-7.62233,43.70695],[-7.62289,43.70727],[-7.62136,43.71227],[-7.62283,43.71127],[-7.62524,43.70831],[-7.6272,43.70709],[-7.628,43.7073],[-7.62663,43.71134],[-7.62646,43.71385],[-7.62702,43.71507],[-7.62858,43.71652],[-7.62967,43.71912],[-7.63311,43.72464],[-7.6335,43.72644],[-7.63282,43.72877],[-7.63369,43.72979],[-7.63698,43.73046],[-7.63868,43.73191],[-7.63845,43.73299],[-7.63769,43.73327],[-7.63682,43.73438],[-7.63706,43.73562],[-7.6363,43.73755],[-7.63723,43.73854],[-7.63731,43.73962],[-7.63824,43.74078],[-7.63981,43.7414],[-7.63693,43.7432],[-7.6367,43.74445],[-7.63455,43.7468],[-7.63541,43.74779],[-7.63575,43.7491],[-7.63756,43.74898],[-7.63776,43.75008],[-7.63887,43.75118],[-7.64196,43.75142],[-7.64286,43.75111],[-7.64434,43.75156],[-7.64593,43.75113],[-7.6479,43.74983],[-7.64839,43.7485],[-7.64777,43.74614],[-7.64855,43.74579],[-7.64867,43.74457],[-7.65384,43.7391],[-7.65471,43.73886],[-7.65793,43.73853],[-7.65851,43.73978],[-7.65679,43.74256],[-7.65668,43.74389],[-7.6575,43.74493],[-7.65839,43.74515],[-7.65991,43.74472],[-7.66152,43.7452],[-7.66537,43.74539],[-7.6679,43.74593],[-7.66965,43.74541],[-7.6702,43.74488],[-7.67015,43.74423],[-7.66835,43.74289],[-7.66797,43.74234],[-7.66832,43.74184],[-7.66912,43.74162],[-7.66994,43.74047],[-7.67252,43.74073],[-7.67389,43.73998],[-7.67413,43.73806],[-7.67241,43.73683],[-7.67207,43.73569],[-7.67451,43.73307],[-7.67629,43.7337],[-7.67773,43.73302],[-7.67841,43.73155],[-7.68021,43.73038],[-7.67928,43.72948],[-7.68083,43.72904],[-7.68914,43.72852],[-7.69472,43.73176],[-7.69626,43.73215],[-7.70152,43.73118],[-7.70231,43.73152],[-7.70254,43.73218],[-7.70188,43.73389],[-7.70401,43.73475],[-7.70561,43.73679],[-7.70646,43.7366],[-7.70822,43.7332],[-7.70853,43.73206],[-7.70801,43.72961],[-7.70896,43.72789],[-7.71024,43.72698],[-7.71469,43.72575],[-7.71559,43.72591],[-7.71671,43.72802],[-7.7189,43.72912],[-7.71975,43.72928],[-7.72266,43.728],[-7.72416,43.72792],[-7.72641,43.72903],[-7.72721,43.73078],[-7.7297,43.73078],[-7.73202,43.73206],[-7.7337,43.732],[-7.74064,43.72858],[-7.74211,43.72884],[-7.74285,43.7299],[-7.74494,43.73079],[-7.74532,43.73199],[-7.74778,43.73248],[-7.74816,43.73297],[-7.74635,43.73583],[-7.74571,43.73621],[-7.74277,43.73652],[-7.74284,43.73705],[-7.74144,43.73776],[-7.74286,43.73936],[-7.74468,43.74055],[-7.74499,43.74184],[-7.74744,43.74323],[-7.74756,43.74505],[-7.74949,43.74482],[-7.75144,43.74292],[-7.75301,43.74047],[-7.75779,43.73787],[-7.75863,43.7367],[-7.7638,43.73641],[-7.76761,43.73536],[-7.76968,43.73143],[-7.76952,43.72907],[-7.77011,43.72865],[-7.77368,43.72808],[-7.77892,43.72857],[-7.77929,43.72813],[-7.78188,43.7278],[-7.78497,43.72876],[-7.7865,43.72828],[-7.78586,43.72791],[-7.78578,43.72726],[-7.78787,43.72644],[-7.78776,43.72506],[-7.78837,43.72314],[-7.79271,43.71333],[-7.79461,43.71111],[-7.79546,43.71101],[-7.79755,43.71165],[-7.79863,43.71084],[-7.79668,43.7101],[-7.79439,43.70976],[-7.79391,43.70936],[-7.79331,43.70821],[-7.79201,43.70715],[-7.79086,43.70417],[-7.79104,43.70354],[-7.78951,43.70131],[-7.79039,43.70035],[-7.7921,43.70006],[-7.79354,43.69854],[-7.79432,43.69872],[-7.79537,43.69788],[-7.79526,43.69541],[-7.7961,43.69517],[-7.79734,43.69367],[-7.79675,43.69324],[-7.79614,43.69147],[-7.79728,43.69045],[-7.79877,43.69008],[-7.79991,43.68795],[-7.80006,43.68738],[-7.79855,43.687],[-7.79827,43.68645],[-7.79866,43.68546],[-7.803,43.68283],[-7.80294,43.68114],[-7.80462,43.6783],[-7.80591,43.67805],[-7.80669,43.6769],[-7.8054,43.67588],[-7.80561,43.67466],[-7.81086,43.67339],[-7.81474,43.67328],[-7.81768,43.67364],[-7.82348,43.67157],[-7.83142,43.67011],[-7.83183,43.66906],[-7.8312,43.66348],[-7.83168,43.66036],[-7.833,43.65953],[-7.83439,43.65932],[-7.8396,43.6572],[-7.84439,43.65621],[-7.84615,43.6564],[-7.84763,43.65385],[-7.84831,43.65372],[-7.85184,43.65532],[-7.85273,43.65529],[-7.85486,43.65436],[-7.85629,43.65597],[-7.85934,43.65674],[-7.86205,43.65632],[-7.86267,43.65658],[-7.86265,43.6585],[-7.86322,43.65905],[-7.86561,43.65904],[-7.86894,43.66033],[-7.87049,43.65991],[-7.87224,43.65765],[-7.87287,43.65585],[-7.87375,43.65561],[-7.87444,43.65594],[-7.87639,43.65528],[-7.87721,43.65535],[-7.87918,43.65633],[-7.87925,43.65752],[-7.88088,43.65804],[-7.88259,43.65925],[-7.88521,43.65968],[-7.88587,43.66065],[-7.88768,43.6604],[-7.88905,43.66081],[-7.88985,43.66246],[-7.89008,43.66607],[-7.89065,43.66635],[-7.89265,43.66542],[-7.89514,43.66543],[-7.9008,43.6673],[-7.90335,43.66955],[-7.90453,43.67008],[-7.90538,43.67032],[-7.90649,43.66944],[-7.90723,43.66974],[-7.90602,43.67139],[-7.90434,43.67192],[-7.90326,43.67338],[-7.90165,43.67404],[-7.90126,43.67458],[-7.89865,43.67513],[-7.89756,43.67757],[-7.89617,43.67841],[-7.89517,43.68021],[-7.89399,43.68103],[-7.89419,43.68301],[-7.89268,43.68442],[-7.89161,43.68689],[-7.89158,43.68824],[-7.89242,43.68999],[-7.89214,43.69056],[-7.89074,43.69129],[-7.89066,43.69182],[-7.89152,43.69355],[-7.89166,43.69607],[-7.89349,43.69747],[-7.89203,43.6991],[-7.89737,43.70055],[-7.90009,43.70231],[-7.90456,43.70287],[-7.9064,43.70793],[-7.9055,43.71043],[-7.90594,43.71181],[-7.90703,43.71337],[-7.90848,43.71416],[-7.9053,43.7161],[-7.90784,43.71551],[-7.9113,43.71586],[-7.91311,43.71528],[-7.91969,43.71031],[-7.92599,43.71046],[-7.92934,43.70984],[-7.93089,43.71044],[-7.93193,43.71233],[-7.93373,43.71262],[-7.93483,43.71354],[-7.93762,43.7137],[-7.93835,43.71411],[-7.94137,43.71765],[-7.94372,43.71863],[-7.94606,43.72149],[-7.95154,43.71805],[-7.95621,43.71213],[-7.95852,43.71043],[-7.96184,43.70901],[-7.96349,43.70686],[-7.96906,43.70829],[-7.9699,43.7083],[-7.97051,43.70788],[-7.97068,43.70727],[-7.9691,43.70577],[-7.9693,43.70516],[-7.97202,43.70267],[-7.9735,43.69979],[-7.9744,43.69956],[-7.975,43.69857],[-7.97685,43.69839],[-7.97997,43.69722],[-7.98363,43.69696],[-7.98622,43.69719],[-7.98656,43.69765],[-7.98614,43.69821],[-7.98748,43.69774],[-7.98819,43.69881],[-7.98882,43.69852],[-7.9895,43.69868],[-7.98937,43.70118],[-7.98955,43.70173],[-7.99024,43.70199],[-7.99091,43.70181],[-7.99173,43.70075],[-7.99286,43.69839],[-8.00302,43.69941],[-8.0041,43.70013],[-8.00823,43.70095],[-8.01099,43.70237],[-8.01201,43.70332],[-8.01189,43.70437],[-8.01313,43.70519],[-8.01443,43.70733],[-8.01925,43.70921],[-8.02088,43.70919],[-8.02289,43.70821],[-8.0235,43.70716],[-8.02614,43.70582],[-8.03405,43.70412],[-8.0358,43.70413],[-8.03853,43.70117],[-8.041,43.69944],[-8.0436,43.69875],[-8.04806,43.69515],[-8.05047,43.69077],[-8.05303,43.68884],[-8.0512,43.68615],[-8.051,43.68542],[-8.05151,43.68437],[-8.04847,43.68238],[-8.04812,43.67944],[-8.04893,43.67827],[-8.0494,43.67636],[-8.05063,43.67574],[-8.05233,43.67587],[-8.05512,43.67267],[-8.05487,43.67142],[-8.05649,43.66978],[-8.05752,43.66734],[-8.06182,43.66327],[-8.06097,43.66327],[-8.06006,43.66225],[-8.0577,43.66138],[-8.05748,43.66079],[-8.05664,43.66064],[-8.0564,43.66012],[-8.04934,43.65571],[-8.05043,43.65482],[-8.05068,43.65069],[-8.0534,43.64784],[-8.05365,43.64655],[-8.05157,43.64464],[-8.0511,43.64351],[-8.0496,43.64292],[-8.05123,43.64169],[-8.05052,43.63928],[-8.05188,43.63786],[-8.05189,43.63719],[-8.0516,43.63662],[-8.05006,43.63663],[-8.04857,43.63616],[-8.04801,43.6356],[-8.04821,43.63511],[-8.04971,43.63327],[-8.05108,43.63241],[-8.05517,43.63162],[-8.05759,43.63195],[-8.05634,43.63129],[-8.05662,43.63079],[-8.05744,43.63076],[-8.06212,43.63233],[-8.0628,43.63194],[-8.06547,43.63216],[-8.06907,43.63299],[-8.07361,43.63279],[-8.07333,43.63181],[-8.07396,43.63065],[-8.0736,43.62945],[-8.07497,43.62849],[-8.0767,43.62624],[-8.07747,43.62441],[-8.07772,43.62124],[-8.07892,43.61975],[-8.0795,43.61928],[-8.08041,43.61929],[-8.08259,43.62014],[-8.08512,43.62027],[-8.08582,43.61994],[-8.08644,43.61879],[-8.08638,43.61697],[-8.08407,43.61588],[-8.08411,43.61423],[-8.08216,43.61236],[-8.07853,43.61024],[-8.0761,43.60973],[-8.07312,43.60844],[-8.07063,43.60648],[-8.0676,43.60016],[-8.06745,43.5983],[-8.06942,43.59558],[-8.07132,43.59487],[-8.06882,43.5943],[-8.06453,43.59221],[-8.06251,43.59274],[-8.06176,43.59165],[-8.06273,43.58146],[-8.06227,43.581],[-8.05982,43.58022],[-8.05965,43.57893],[-8.06182,43.57792],[-8.06601,43.57707],[-8.06476,43.57647],[-8.0593,43.57673],[-8.05859,43.57705],[-8.05714,43.57647],[-8.0585,43.57515],[-8.05866,43.57397],[-8.06197,43.57283],[-8.06226,43.57238],[-8.06087,43.56965],[-8.06276,43.56777],[-8.06313,43.56547],[-8.06404,43.56446],[-8.06414,43.5621],[-8.0667,43.56247],[-8.06721,43.56193],[-8.06684,43.55737],[-8.06747,43.55702],[-8.07079,43.55721],[-8.07235,43.55862],[-8.07443,43.5578],[-8.07534,43.55542],[-8.08008,43.55443],[-8.08037,43.5532],[-8.08249,43.55231],[-8.08202,43.55067],[-8.0837,43.55109],[-8.08549,43.55081],[-8.08592,43.55022],[-8.08662,43.55012],[-8.08782,43.55111],[-8.08873,43.55131],[-8.09074,43.55033],[-8.09161,43.5503],[-8.09686,43.55116],[-8.09824,43.55191],[-8.09971,43.55359],[-8.10043,43.55375],[-8.10118,43.55194],[-8.10355,43.55101],[-8.10397,43.5505],[-8.10682,43.54549],[-8.10393,43.53788],[-8.10342,43.53448],[-8.10413,43.53443],[-8.10284,43.53255],[-8.10101,43.53149],[-8.09879,43.52718],[-8.0982,43.52549],[-8.09836,43.52439],[-8.09696,43.52379],[-8.09714,43.52331],[-8.09651,43.5229],[-8.09578,43.5228],[-8.09322,43.52116],[-8.09147,43.52095],[-8.09036,43.52018],[-8.09104,43.51852],[-8.09359,43.51676],[-8.09311,43.51409],[-8.09442,43.51213],[-8.09247,43.51326],[-8.09194,43.51216],[-8.08908,43.5123],[-8.08589,43.51157],[-8.08536,43.51041],[-8.08695,43.50887],[-8.08836,43.50836],[-8.0883,43.50779],[-8.08564,43.5061],[-8.08574,43.50438],[-8.08456,43.50403],[-8.08413,43.50309],[-8.08435,43.50185],[-8.08553,43.50081],[-8.08596,43.49921],[-8.08563,43.49795],[-8.08425,43.49732],[-8.08404,43.49459],[-8.08514,43.49285],[-8.08127,43.49168],[-8.08082,43.49117],[-8.07906,43.49106],[-8.07894,43.48849],[-8.07581,43.48843],[-8.07712,43.48765],[-8.07558,43.48757],[-8.07611,43.48726],[-8.07219,43.4862],[-8.07111,43.48467],[-8.06811,43.48355],[-8.06457,43.48314],[-8.06144,43.4821],[-8.05973,43.48098],[-8.05868,43.47937],[-8.05474,43.47841],[-8.05211,43.47617],[-8.04495,43.47418],[-8.04048,43.47499],[-8.03537,43.47424],[-8.03298,43.47511],[-8.03099,43.4784],[-8.02974,43.47914],[-8.02,43.4752],[-8.01837,43.47514],[-8.01813,43.47387],[-8.01949,43.47302],[-8.02068,43.46899],[-8.01979,43.46894],[-8.01703,43.47013],[-8.01329,43.4708],[-8.01097,43.47162],[-8.00724,43.4704],[-8.00602,43.46948],[-8.00484,43.46478],[-8.00223,43.46273],[-7.99839,43.46031],[-7.99143,43.45939],[-7.99053,43.45851],[-7.99115,43.45738],[-7.99268,43.45657],[-7.99715,43.45544],[-7.99978,43.45437],[-8.00047,43.4539],[-8.00051,43.45332],[-7.99878,43.45171],[-7.99725,43.45125],[-7.99377,43.45162],[-7.99209,43.45143],[-7.98991,43.45191],[-7.9865,43.45129],[-7.98506,43.45069],[-7.98525,43.44942],[-7.98358,43.4489],[-7.98355,43.44826],[-7.98293,43.44781],[-7.98297,43.44722],[-7.98798,43.44691],[-7.99036,43.44636],[-7.99095,43.4459],[-7.99029,43.4447],[-7.99076,43.44432],[-7.98972,43.44335],[-7.98837,43.43906],[-7.98789,43.43847],[-7.98628,43.43834],[-7.98613,43.43784],[-7.98406,43.4368],[-7.98397,43.43612],[-7.98439,43.43431],[-7.98658,43.43095],[-7.98701,43.42807],[-7.98826,43.42574],[-7.99108,43.42263],[-7.99257,43.41902],[-7.99512,43.41879],[-7.99657,43.41734],[-7.99896,43.41697],[-8.00201,43.41723],[-8.00597,43.41837],[-8.00978,43.41818],[-8.01207,43.4189],[-8.01634,43.41906],[-8.0168,43.41959],[-8.02167,43.42099],[-8.02439,43.41951],[-8.0269,43.41673],[-8.02688,43.41619],[-8.02382,43.41526],[-8.02579,43.41386],[-8.02826,43.41364],[-8.02984,43.4139],[-8.03282,43.41306],[-8.03519,43.41157],[-8.03602,43.41143],[-8.03667,43.41186],[-8.03909,43.41119],[-8.04205,43.41182],[-8.04597,43.41362],[-8.04679,43.4137],[-8.04759,43.41264],[-8.0482,43.41313],[-8.04818,43.41509],[-8.04859,43.41576],[-8.05266,43.41732],[-8.05468,43.4192],[-8.05653,43.41907],[-8.05699,43.42038],[-8.05763,43.42069],[-8.05746,43.41646],[-8.05642,43.41536],[-8.05401,43.415],[-8.054,43.41387],[-8.05166,43.41251],[-8.05093,43.41135],[-8.05215,43.41058],[-8.05235,43.40991],[-8.05135,43.40829],[-8.05182,43.40655],[-8.05107,43.40485],[-8.0501,43.40477],[-8.04651,43.40652],[-8.04083,43.40638],[-8.04009,43.40535],[-8.04081,43.40538],[-8.04047,43.40487],[-8.03886,43.40409],[-8.04102,43.40441],[-8.03848,43.40301],[-8.04006,43.40308],[-8.03805,43.40233],[-8.04212,43.40248],[-8.04298,43.4021],[-8.04267,43.40159],[-8.03772,43.40039],[-8.03698,43.39989],[-8.03377,43.39934],[-8.03286,43.39829],[-8.03353,43.39582],[-8.03209,43.39658],[-8.02622,43.39339],[-8.02403,43.38959],[-8.02261,43.38869],[-8.02193,43.38766],[-8.02371,43.38494],[-8.02172,43.38277],[-8.02182,43.38104],[-8.02089,43.38118],[-8.01903,43.37916],[-8.01586,43.37885],[-8.01373,43.37788],[-8.01316,43.37449],[-8.01074,43.37188],[-8.01089,43.36976],[-8.00999,43.36795],[-8.01007,43.36741],[-8.01159,43.36673],[-8.01205,43.36606],[-8.0126,43.3631],[-8.01229,43.36201],[-8.01304,43.35962],[-8.0127,43.35808],[-8.01384,43.35696],[-8.01418,43.35566],[-8.01415,43.35297],[-8.01218,43.35082],[-8.01458,43.34858],[-8.01541,43.34875],[-8.01849,43.34813],[-8.01607,43.34637],[-8.01309,43.34506],[-8.00943,43.34506],[-8.00518,43.34419],[-8.00173,43.3447],[-7.99851,43.3447],[-7.99631,43.34407],[-7.99634,43.34356],[-7.99892,43.34199],[-8.00142,43.33952],[-8.00293,43.33908],[-8.00109,43.33799],[-7.99968,43.33657],[-7.99815,43.33615],[-7.99723,43.33488],[-7.99706,43.33438],[-7.99911,43.33094],[-7.99908,43.33032],[-7.99685,43.32943],[-7.997,43.32699],[-7.99656,43.32649],[-7.99435,43.32657],[-7.99362,43.32624],[-7.99302,43.3244],[-7.99355,43.32197],[-7.99311,43.32128],[-7.99053,43.31875],[-7.98667,43.31715],[-7.98691,43.31517],[-7.99084,43.30969],[-7.99059,43.30765],[-7.9887,43.30636],[-7.99165,43.29875],[-7.99024,43.29502],[-7.98867,43.29524],[-7.98776,43.295],[-7.98678,43.29274],[-7.98792,43.28759],[-7.98739,43.2858],[-7.98656,43.28476],[-7.98569,43.28093],[-7.98608,43.28043],[-7.98704,43.28034],[-7.98754,43.27847],[-7.98755,43.27547],[-7.98589,43.27499],[-7.98799,43.26545],[-7.98904,43.26319],[-7.98884,43.25981],[-7.98925,43.25925],[-7.99513,43.25739],[-7.99586,43.25534],[-7.99687,43.24841],[-7.99672,43.24425],[-7.99977,43.2446],[-8.00049,43.24283],[-8.0002,43.2446],[-7.99715,43.24427],[-7.99663,43.24573],[-7.99685,43.24824],[-7.99586,43.25534],[-7.99521,43.25717],[-7.99482,43.25762],[-7.9905,43.25887],[-7.99513,43.25739],[-7.99586,43.25534],[-7.99687,43.24841],[-7.99672,43.24425],[-7.99977,43.2446],[-8.00033,43.2439],[-8.00065,43.24235],[-7.99973,43.24045],[-7.99702,43.23833],[-7.99615,43.23708],[-7.9985,43.23635],[-7.99924,43.23548],[-8.00143,43.23639],[-8.00077,43.23278],[-8.00193,43.23205],[-8.0027,43.23233],[-8.00327,43.23204],[-8.00342,43.23151],[-8.00287,43.23109],[-8.00361,43.2307],[-8.0043,43.23106],[-8.00466,43.23263],[-8.00534,43.23276],[-8.00657,43.23122],[-8.00989,43.23359],[-8.00962,43.23294],[-8.01241,43.23431],[-8.01566,43.23398],[-8.01604,43.23353],[-8.01587,43.23242],[-8.01191,43.23128],[-8.01228,43.23012],[-8.01337,43.22934],[-8.0128,43.22763],[-8.01303,43.2271],[-8.01396,43.22609],[-8.01611,43.22536],[-8.01807,43.22349],[-8.01997,43.22248],[-8.01912,43.22085],[-8.02128,43.2189],[-8.02041,43.21882],[-8.01912,43.21792],[-8.01859,43.21668],[-8.01853,43.21183],[-8.01879,43.21123],[-8.02033,43.2105],[-8.01838,43.20852],[-8.0189,43.20658],[-8.01841,43.20545],[-8.01936,43.20449],[-8.0161,43.20425],[-8.01543,43.20383],[-8.01582,43.20249],[-8.01689,43.20153],[-8.01658,43.1998],[-8.01776,43.19811],[-8.01952,43.19704],[-8.0172,43.1952],[-8.01662,43.19413],[-8.01283,43.19273],[-8.01198,43.19153],[-8.01219,43.19017],[-8.0148,43.1884],[-8.01461,43.18778],[-8.01508,43.18733],[-8.01776,43.18584],[-8.01912,43.18647],[-8.02334,43.18973],[-8.02503,43.19012],[-8.02642,43.18843],[-8.02635,43.18702],[-8.02716,43.1853],[-8.02879,43.1835],[-8.02895,43.18176],[-8.02987,43.18074],[-8.03287,43.18042],[-8.04655,43.1829],[-8.04782,43.18123],[-8.04852,43.18126],[-8.05053,43.1824],[-8.06244,43.18556],[-8.06401,43.1849],[-8.06409,43.18373],[-8.06697,43.1832],[-8.06682,43.17636],[-8.0728,43.17251],[-8.07407,43.17104],[-8.07556,43.17111],[-8.08418,43.17347],[-8.08726,43.17506],[-8.10044,43.17861],[-8.10499,43.1831],[-8.10937,43.18243],[-8.10951,43.18149],[-8.11058,43.18232],[-8.11133,43.1822],[-8.11258,43.17936],[-8.11318,43.17897],[-8.11406,43.1792],[-8.11534,43.18112],[-8.11826,43.18354],[-8.11824,43.18417],[-8.11985,43.18419],[-8.12158,43.18471],[-8.12206,43.18523],[-8.12273,43.18502],[-8.12353,43.18531],[-8.12779,43.18889],[-8.13107,43.18977],[-8.13269,43.19003],[-8.1329,43.18942],[-8.1393,43.19018],[-8.14323,43.18909],[-8.14555,43.18948],[-8.14968,43.18942],[-8.15218,43.19071],[-8.15216,43.192],[-8.15434,43.19256],[-8.15516,43.19234],[-8.15456,43.19135],[-8.15645,43.19121],[-8.15894,43.19303],[-8.15978,43.19311],[-8.16023,43.19418],[-8.16391,43.19729],[-8.1655,43.19831],[-8.16693,43.1985],[-8.16787,43.19963],[-8.16836,43.19831],[-8.16986,43.19789],[-8.17114,43.19884],[-8.17406,43.19988],[-8.17477,43.19978],[-8.17475,43.19866],[-8.17652,43.19654],[-8.17787,43.19604],[-8.18307,43.19856],[-8.18416,43.19933],[-8.18461,43.20037],[-8.18633,43.19913],[-8.18697,43.19958],[-8.18778,43.19959],[-8.18867,43.19854],[-8.19312,43.19909],[-8.19565,43.19838],[-8.19626,43.19781],[-8.19696,43.19815],[-8.19722,43.19951],[-8.19555,43.2014],[-8.19959,43.2005],[-8.20109,43.20081],[-8.20225,43.20261],[-8.20411,43.20384],[-8.20648,43.2038],[-8.20805,43.20417],[-8.21071,43.20582],[-8.21111,43.20536],[-8.21102,43.20418],[-8.21172,43.20455],[-8.21264,43.20436],[-8.21445,43.20635],[-8.21441,43.20742],[-8.21726,43.20874],[-8.21783,43.21044],[-8.21916,43.20995],[-8.21944,43.20936],[-8.22195,43.20912],[-8.22281,43.20928],[-8.22308,43.20983],[-8.22456,43.21057],[-8.22535,43.21166],[-8.22492,43.21293],[-8.22571,43.21475],[-8.22643,43.21138],[-8.23193,43.21096],[-8.23385,43.20717],[-8.23457,43.20709],[-8.2364,43.20785],[-8.23899,43.20648],[-8.24039,43.207],[-8.24061,43.20817],[-8.2419,43.20896],[-8.24234,43.21],[-8.244,43.21123],[-8.24542,43.21191],[-8.24617,43.21164],[-8.25047,43.21289],[-8.25182,43.21439],[-8.2519,43.21505],[-8.25527,43.21306],[-8.25926,43.21238],[-8.26223,43.21073],[-8.26291,43.21084],[-8.26394,43.21178],[-8.2646,43.21379],[-8.26538,43.21383],[-8.27088,43.21232],[-8.27482,43.2096],[-8.27863,43.21099],[-8.284,43.21399],[-8.28547,43.21344],[-8.28696,43.21338],[-8.28794,43.2143],[-8.2911,43.21498],[-8.2922,43.21403],[-8.29786,43.21319],[-8.29786,43.21569],[-8.29847,43.21625],[-8.3018,43.21498],[-8.30407,43.2158],[-8.3071,43.22035],[-8.30688,43.22094],[-8.30748,43.22204],[-8.30594,43.22243],[-8.30671,43.22353],[-8.30665,43.22418],[-8.30793,43.22342],[-8.30865,43.2259],[-8.31087,43.22575],[-8.31627,43.22175],[-8.31852,43.22126],[-8.32055,43.22159],[-8.32104,43.22118],[-8.32276,43.21855],[-8.32469,43.21711],[-8.32565,43.21534],[-8.32693,43.21044],[-8.32651,43.20927],[-8.3277,43.20568],[-8.33164,43.20346],[-8.33342,43.20121],[-8.3347,43.20027],[-8.33742,43.19931],[-8.33951,43.19781],[-8.34097,43.19612],[-8.34099,43.19543],[-8.34164,43.19563],[-8.34426,43.19871],[-8.34552,43.19808],[-8.34713,43.19863],[-8.34602,43.20266],[-8.34837,43.20205],[-8.35004,43.20072],[-8.35173,43.20099],[-8.3524,43.20055],[-8.35278,43.20099],[-8.35404,43.20034],[-8.35559,43.2003],[-8.35768,43.19853],[-8.36002,43.19748],[-8.36372,43.19392],[-8.36341,43.19266],[-8.36452,43.19193],[-8.3653,43.19016],[-8.36585,43.1897],[-8.36746,43.18942],[-8.36808,43.18599],[-8.36881,43.18593],[-8.36884,43.18777],[-8.36965,43.1879],[-8.3733,43.1856],[-8.37396,43.18589],[-8.374,43.18642],[-8.3748,43.18657],[-8.37725,43.1861],[-8.37693,43.18846],[-8.37782,43.18921],[-8.37747,43.1921],[-8.37969,43.19295],[-8.38042,43.19276],[-8.38269,43.19073],[-8.3843,43.19024],[-8.3884,43.19033],[-8.38955,43.19199],[-8.39207,43.1924],[-8.3927,43.19205],[-8.39241,43.19144],[-8.39353,43.18976],[-8.39617,43.19002],[-8.39905,43.18916],[-8.40184,43.1889],[-8.40168,43.19131],[-8.40186,43.19192],[-8.40302,43.1927],[-8.40305,43.19339],[-8.40252,43.19377],[-8.40261,43.19504],[-8.40133,43.19649],[-8.40519,43.19433],[-8.40508,43.19548],[-8.4064,43.19492],[-8.40519,43.1999],[-8.40024,43.20488],[-8.39956,43.20522],[-8.39704,43.20525],[-8.39504,43.20682],[-8.39311,43.20978],[-8.39324,43.21116],[-8.39584,43.21425],[-8.39549,43.21551],[-8.39926,43.21981],[-8.40084,43.22458],[-8.40048,43.22636],[-8.39933,43.22804],[-8.40108,43.22787],[-8.40286,43.22604],[-8.40475,43.22572],[-8.40538,43.22603],[-8.40381,43.22659],[-8.40349,43.22711],[-8.40435,43.22933],[-8.40554,43.23023],[-8.41047,43.22883],[-8.41514,43.22952],[-8.41774,43.22897],[-8.42039,43.22906],[-8.42372,43.2284],[-8.42524,43.22904],[-8.42907,43.22937],[-8.42702,43.23037],[-8.42466,43.23092],[-8.42844,43.23177],[-8.43043,43.23277],[-8.4314,43.23376],[-8.43213,43.23568],[-8.4316,43.23869],[-8.43036,43.24089],[-8.42674,43.24267],[-8.42336,43.24363],[-8.42024,43.24544],[-8.41926,43.24848],[-8.41758,43.25127],[-8.41821,43.25148],[-8.41813,43.2522],[-8.41948,43.25423],[-8.41678,43.25863],[-8.41682,43.25971],[-8.41609,43.25997],[-8.41712,43.26205],[-8.41709,43.26397],[-8.41761,43.26447],[-8.41908,43.26408],[-8.42071,43.26423],[-8.42212,43.26361],[-8.42373,43.26184],[-8.42595,43.26122],[-8.42873,43.26215],[-8.42955,43.26208],[-8.43109,43.26338],[-8.43683,43.26543],[-8.43978,43.26765],[-8.44364,43.26861],[-8.44388,43.26911],[-8.44553,43.26943],[-8.44645,43.26924],[-8.44403,43.27041],[-8.44211,43.27262],[-8.44246,43.27393],[-8.4421,43.27457],[-8.44394,43.28254],[-8.44365,43.28316],[-8.44645,43.28703],[-8.45111,43.28883],[-8.45315,43.29115],[-8.45463,43.2911],[-8.45672,43.29025],[-8.459,43.291],[-8.46183,43.29045],[-8.46254,43.29083],[-8.4644,43.29061],[-8.46584,43.2909],[-8.46719,43.29015],[-8.46749,43.2888],[-8.46813,43.28858],[-8.46921,43.29097],[-8.47074,43.29112],[-8.47222,43.29058],[-8.47287,43.29099],[-8.47378,43.28996],[-8.47613,43.28917],[-8.47735,43.2882],[-8.48007,43.28973],[-8.4811,43.29127],[-8.48315,43.29224],[-8.4841,43.29344],[-8.4854,43.29421],[-8.48546,43.2948],[-8.48367,43.29617],[-8.48984,43.29871],[-8.49149,43.29859],[-8.4983,43.29967],[-8.50468,43.302],[-8.50599,43.30001],[-8.50746,43.29963],[-8.50905,43.29991],[-8.51054,43.30065],[-8.51475,43.30394],[-8.51779,43.30507],[-8.51839,43.30615],[-8.51935,43.30672],[-8.5195,43.30779],[-8.52641,43.3073],[-8.53015,43.30839],[-8.53495,43.30906],[-8.53732,43.30903],[-8.53914,43.30949],[-8.53976,43.3092],[-8.54207,43.30502],[-8.54301,43.30616],[-8.54264,43.30833],[-8.54331,43.31002],[-8.54172,43.31153],[-8.54321,43.31098],[-8.54552,43.31163],[-8.54831,43.3095],[-8.55291,43.30865],[-8.55524,43.30925],[-8.55685,43.30897],[-8.55759,43.3104],[-8.56141,43.31167],[-8.56217,43.31065],[-8.56224,43.31177],[-8.56448,43.31178],[-8.56846,43.30813],[-8.56903,43.30641],[-8.57208,43.30414],[-8.57258,43.3024],[-8.57381,43.30108],[-8.58059,43.29829],[-8.58207,43.29883],[-8.58651,43.29911],[-8.58843,43.29809],[-8.58876,43.29862],[-8.58839,43.30101],[-8.58894,43.30299],[-8.59148,43.30484],[-8.59218,43.30592],[-8.59071,43.30671],[-8.59248,43.30693],[-8.59333,43.30788],[-8.59552,43.30881],[-8.597,43.31033],[-8.59953,43.31111],[-8.60181,43.30995],[-8.60706,43.30846],[-8.60785,43.30883],[-8.60523,43.30961],[-8.60689,43.31035],[-8.61012,43.31043],[-8.60741,43.31251],[-8.61175,43.31333],[-8.61496,43.315],[-8.61807,43.31482],[-8.62109,43.31538],[-8.62449,43.31477],[-8.62707,43.31335],[-8.62861,43.31302],[-8.63135,43.31086],[-8.63135,43.31014],[-8.62973,43.30848],[-8.62966,43.30724],[-8.63046,43.30699],[-8.63217,43.30721],[-8.63355,43.30661],[-8.63541,43.30794],[-8.63629,43.30799],[-8.63833,43.30692],[-8.63998,43.30693],[-8.64144,43.30629],[-8.64484,43.30579],[-8.64535,43.30516],[-8.65107,43.30279],[-8.65096,43.30221],[-8.64948,43.30084],[-8.65025,43.29977],[-8.64979,43.29857],[-8.65033,43.29812],[-8.6499,43.29761],[-8.639,43.29116],[-8.63881,43.29067],[-8.63931,43.28946],[-8.63894,43.28832],[-8.63997,43.28655],[-8.64246,43.28607],[-8.64399,43.28456],[-8.64371,43.28339],[-8.64423,43.28221],[-8.64372,43.28122],[-8.6443,43.28078],[-8.64587,43.28134],[-8.64622,43.28196],[-8.65016,43.28267],[-8.65105,43.28246],[-8.65318,43.28338],[-8.65471,43.28351],[-8.6551,43.28544],[-8.65914,43.28506],[-8.65977,43.28462],[-8.66345,43.28612],[-8.66578,43.2856],[-8.66789,43.28352],[-8.66978,43.28389],[-8.67291,43.28359],[-8.67581,43.2847],[-8.67821,43.28316],[-8.67957,43.28377],[-8.68094,43.28314],[-8.68345,43.28339],[-8.68596,43.2849],[-8.68686,43.28653],[-8.68852,43.28701],[-8.69019,43.28837],[-8.69167,43.28883],[-8.69117,43.29064],[-8.69846,43.28927],[-8.70224,43.28689],[-8.70367,43.28757],[-8.71369,43.28609],[-8.71696,43.28623],[-8.71723,43.28736],[-8.71863,43.28786],[-8.72006,43.28761],[-8.72028,43.28711],[-8.72131,43.28716],[-8.72227,43.28795],[-8.72473,43.28883],[-8.72552,43.28873],[-8.72873,43.28702],[-8.73165,43.28609],[-8.73265,43.28532],[-8.73358,43.28584],[-8.73766,43.28536],[-8.73897,43.28368],[-8.74174,43.284],[-8.74265,43.28506],[-8.7425,43.28634],[-8.74463,43.28762],[-8.74624,43.28976],[-8.74635,43.2903],[-8.74536,43.29131],[-8.74556,43.29179],[-8.74716,43.29168],[-8.74669,43.29278],[-8.74904,43.2933],[-8.74919,43.2927],[-8.75059,43.29297],[-8.75103,43.29505],[-8.75174,43.29527],[-8.75323,43.29467],[-8.75685,43.29509],[-8.75879,43.29712],[-8.76376,43.29929],[-8.76379,43.30042],[-8.7646,43.30067],[-8.76531,43.30028],[-8.76581,43.29906],[-8.7675,43.29885],[-8.76886,43.29909],[-8.76886,43.29976],[-8.7715,43.29816],[-8.77553,43.29825],[-8.77881,43.29386],[-8.78188,43.29168],[-8.78509,43.29249],[-8.78574,43.29199],[-8.78656,43.29203],[-8.78962,43.29483],[-8.79255,43.29665],[-8.79237,43.29791],[-8.79447,43.29782],[-8.79522,43.29815],[-8.79608,43.29785],[-8.79727,43.29865],[-8.79568,43.30151],[-8.79691,43.30334],[-8.79904,43.30459],[-8.79936,43.30518],[-8.8,43.30555],[-8.80037,43.30498],[-8.80114,43.305],[-8.80282,43.30722],[-8.80316,43.30898],[-8.80415,43.3105],[-8.80638,43.30975],[-8.80724,43.30998],[-8.80929,43.30944],[-8.80899,43.31212],[-8.81398,43.31354],[-8.81285,43.31592],[-8.81587,43.31828],[-8.81617,43.31894],[-8.81697,43.31919],[-8.81921,43.31879],[-8.81981,43.32061],[-8.82387,43.32116],[-8.82463,43.32206],[-8.83021,43.3247],[-8.83035,43.32536],[-8.83259,43.32429],[-8.83586,43.32441],[-8.83786,43.32519],[-8.83862,43.32513],[-8.83911,43.3247],[-8.84157,43.32462],[-8.84203,43.32416],[-8.8439,43.31898],[-8.84497,43.3182],[-8.84536,43.31718],[-8.84017,43.31272],[-8.84014,43.31006],[-8.84177,43.3074],[-8.84213,43.30562],[-8.84175,43.30413],[-8.84297,43.29982],[-8.84282,43.29856],[-8.84491,43.29649],[-8.84181,43.29245],[-8.84203,43.29192],[-8.8461,43.29024],[-8.84743,43.28906],[-8.85186,43.28772],[-8.85341,43.28777],[-8.85214,43.28611],[-8.85335,43.28318],[-8.85402,43.28282],[-8.85439,43.28026],[-8.85889,43.27794],[-8.85963,43.27815],[-8.86056,43.27716],[-8.86222,43.27725],[-8.86332,43.27567],[-8.86573,43.27614],[-8.86646,43.27508],[-8.86727,43.27505],[-8.86687,43.27316],[-8.86921,43.27187],[-8.87357,43.2711],[-8.87425,43.26795],[-8.87663,43.2679],[-8.87812,43.26682],[-8.87957,43.26717],[-8.88036,43.26699],[-8.88343,43.26248],[-8.88348,43.26087],[-8.88698,43.25962],[-8.88938,43.25671],[-8.8915,43.25589],[-8.89403,43.2561],[-8.89638,43.25408],[-8.8974,43.2525],[-8.89721,43.25012],[-8.89809,43.24658],[-8.89969,43.24355],[-8.90103,43.24266],[-8.90192,43.23879],[-8.90484,43.23421],[-8.90689,43.2331],[-8.90751,43.23074],[-8.91128,43.2253],[-8.91477,43.22206],[-8.91926,43.22036],[-8.92225,43.21846],[-8.92273,43.21731],[-8.92168,43.21372],[-8.9222,43.21198],[-8.92544,43.21004],[-8.92569,43.20822],[-8.92634,43.20715],[-8.92877,43.20516],[-8.93398,43.20288],[-8.93475,43.20267],[-8.9352,43.20311],[-8.93589,43.20284],[-8.93595,43.19912],[-8.93846,43.19946],[-8.93837,43.19713],[-8.94037,43.19598],[-8.94029,43.19231],[-8.94105,43.19275],[-8.94281,43.1929],[-8.94581,43.19174],[-8.94784,43.18967],[-8.94944,43.18902],[-8.95061,43.18761],[-8.95232,43.18751],[-8.95303,43.18786],[-8.95601,43.1879],[-8.95765,43.18835],[-8.95798,43.18894],[-8.95737,43.19071],[-8.95886,43.19146],[-8.95955,43.1926],[-8.96028,43.19298],[-8.95969,43.19269],[-8.95931,43.19315],[-8.9594,43.19456],[-8.96093,43.19691],[-8.96263,43.19685],[-8.96501,43.19737],[-8.96701,43.19847],[-8.96787,43.19844],[-8.9684,43.19956],[-8.96745,43.20146],[-8.96832,43.20377],[-8.96737,43.2066],[-8.96896,43.20799],[-8.9694,43.21071],[-8.97106,43.21217],[-8.97267,43.21445],[-8.97819,43.21676],[-8.9774,43.21896],[-8.97808,43.21891],[-8.97898,43.21792],[-8.98323,43.21641],[-8.98892,43.21365],[-8.98968,43.21369],[-8.99017,43.21418],[-8.99178,43.21401],[-8.9922,43.21454],[-8.99514,43.2136],[-9.00177,43.2142],[-9.0013,43.21284],[-9.00336,43.20874],[-9.00397,43.20837],[-9.00636,43.21066],[-9.00709,43.21072],[-9.00885,43.2094],[-9.00893,43.20399],[-9.01267,43.19946],[-9.01342,43.20058],[-9.01649,43.2009],[-9.01704,43.20127],[-9.01843,43.2043],[-9.02121,43.20567],[-9.02215,43.20736],[-9.02576,43.20893],[-9.02642,43.20854],[-9.02898,43.2101],[-9.03057,43.20982],[-9.03118,43.20819],[-9.03321,43.20557],[-9.03391,43.20112],[-9.03484,43.20024],[-9.03459,43.19786],[-9.03341,43.19615],[-9.03352,43.19563],[-9.03563,43.19456],[-9.03635,43.19328],[-9.03934,43.19352],[-9.04016,43.18715],[-9.04047,43.18659],[-9.04288,43.18643],[-9.04346,43.18242],[-9.04394,43.18202],[-9.05788,43.18283],[-9.06011,43.18224],[-9.06178,43.18366],[-9.06642,43.18359],[-9.06787,43.18409],[-9.06874,43.18496],[-9.07174,43.18588],[-9.07313,43.18519],[-9.07527,43.18261],[-9.07503,43.18139],[-9.07429,43.1805],[-9.0754,43.17957],[-9.07682,43.17956],[-9.07822,43.18021],[-9.07916,43.18119],[-9.08159,43.18092],[-9.0841,43.18114],[-9.08575,43.18046],[-9.08834,43.18014],[-9.08931,43.17899],[-9.09013,43.17911],[-9.09164,43.17855],[-9.09215,43.1791],[-9.09144,43.18239],[-9.09168,43.18369],[-9.09042,43.18552],[-9.09013,43.18775],[-9.09215,43.18867],[-9.09251,43.18808],[-9.09328,43.18804],[-9.09515,43.18916],[-9.09674,43.18949],[-9.09875,43.1885],[-9.09939,43.18727],[-9.10179,43.1868],[-9.10252,43.18564],[-9.10413,43.18539],[-9.10609,43.18435],[-9.10962,43.18445],[-9.11337,43.18297],[-9.11445,43.18374],[-9.11513,43.18379],[-9.11559,43.18337],[-9.11847,43.18513],[-9.11804,43.18332],[-9.11998,43.18415],[-9.12107,43.18501],[-9.12184,43.18668],[-9.12289,43.18757],[-9.12387,43.18766],[-9.12476,43.18734],[-9.1251,43.18627],[-9.12407,43.18459],[-9.124,43.1828],[-9.12582,43.18047],[-9.12576,43.18162],[-9.12673,43.18252],[-9.12645,43.183],[-9.12769,43.18529],[-9.13059,43.18855],[-9.13078,43.18806],[-9.13167,43.18855],[-9.13643,43.18933],[-9.14003,43.18859],[-9.14122,43.18784],[-9.13716,43.18599],[-9.14036,43.18666],[-9.14209,43.1866],[-9.14301,43.18483],[-9.14285,43.1817],[-9.1438,43.18194],[-9.14551,43.18146],[-9.14949,43.18133],[-9.15158,43.18011],[-9.152,43.17749],[-9.15277,43.17732],[-9.15402,43.17574],[-9.15473,43.17563],[-9.15879,43.17796],[-9.16209,43.17796],[-9.16306,43.177],[-9.16387,43.17682],[-9.16443,43.17712],[-9.16614,43.17936],[-9.16797,43.18074],[-9.16859,43.18244],[-9.17099,43.18523],[-9.17393,43.18417],[-9.17639,43.18387],[-9.17714,43.18271],[-9.17712,43.17994],[-9.17855,43.17763],[-9.17765,43.17511],[-9.17802,43.16922],[-9.17903,43.16778],[-9.17903,43.16563],[-9.18213,43.16403],[-9.18551,43.16163],[-9.18675,43.15963],[-9.18735,43.15924],[-9.18814,43.15941],[-9.18888,43.15839],[-9.18822,43.15659],[-9.18889,43.15568],[-9.19052,43.15509],[-9.19128,43.15613],[-9.19204,43.15643],[-9.19406,43.15538],[-9.19627,43.15565],[-9.19755,43.15483],[-9.19837,43.15367],[-9.19837,43.15262],[-9.1954,43.15128],[-9.19378,43.14899],[-9.19165,43.14696],[-9.18999,43.1466],[-9.1884,43.14694],[-9.18775,43.14658],[-9.18647,43.14509],[-9.18597,43.14095],[-9.1834,43.14096],[-9.18306,43.14036],[-9.18107,43.13955],[-9.17984,43.14114],[-9.17681,43.14347],[-9.17455,43.14771],[-9.17397,43.14815],[-9.17156,43.14849],[-9.16879,43.15003],[-9.16692,43.15123],[-9.16613,43.15289],[-9.16548,43.15318],[-9.16471,43.15302],[-9.16257,43.15133],[-9.1647,43.15305],[-9.16049,43.14977],[-9.1505,43.13919],[-9.14876,43.13813],[-9.14772,43.13642],[-9.1465,43.13581],[-9.14335,43.13527],[-9.14144,43.13616],[-9.13906,43.13621],[-9.13696,43.13705],[-9.13221,43.13782],[-9.13064,43.13751],[-9.12935,43.13679],[-9.12787,43.13671],[-9.12031,43.13872],[-9.11869,43.13846],[-9.11729,43.13772],[-9.11572,43.13807],[-9.11494,43.13781],[-9.11498,43.1373],[-9.11941,43.13267],[-9.11936,43.13093],[-9.11872,43.12979],[-9.11945,43.12874],[-9.117,43.12148],[-9.11719,43.12091],[-9.12007,43.12061],[-9.11918,43.11552],[-9.12116,43.1149],[-9.12093,43.11324],[-9.12212,43.11408],[-9.12253,43.11345],[-9.12216,43.11236],[-9.12403,43.10662],[-9.12584,43.10622],[-9.12828,43.10639],[-9.13148,43.10445],[-9.13321,43.10405],[-9.13612,43.10111],[-9.1389,43.09902],[-9.14366,43.09677],[-9.14507,43.09532],[-9.14587,43.0931],[-9.14754,43.09269],[-9.14944,43.09051],[-9.15029,43.09022],[-9.15239,43.09074],[-9.15364,43.09356],[-9.15453,43.09192],[-9.15603,43.09161],[-9.15662,43.09197],[-9.16131,43.09187],[-9.16237,43.0899],[-9.16323,43.08977],[-9.16671,43.08718],[-9.17215,43.08501],[-9.17411,43.08293],[-9.1759,43.08182],[-9.17503,43.07938],[-9.17577,43.07813],[-9.17779,43.07684],[-9.1789,43.0732],[-9.17816,43.06759],[-9.17948,43.06145],[-9.18057,43.06049],[-9.18148,43.06049],[-9.18294,43.05964],[-9.18407,43.05788],[-9.18419,43.05611],[-9.18668,43.05566],[-9.18924,43.05613],[-9.19165,43.05692],[-9.19334,43.05841],[-9.19477,43.05788],[-9.19592,43.05634],[-9.19781,43.05504],[-9.1984,43.05621],[-9.20021,43.05769],[-9.19978,43.05824],[-9.19976,43.06091],[-9.20144,43.06145],[-9.2032,43.06124],[-9.2045,43.06055],[-9.20605,43.0611],[-9.21091,43.05899],[-9.2147,43.05794],[-9.21622,43.05633],[-9.21718,43.05638],[-9.21901,43.05735],[-9.22043,43.0573],[-9.22118,43.05703],[-9.22343,43.05474],[-9.22464,43.05643],[-9.22617,43.05616],[-9.22883,43.0549],[-9.23034,43.0563],[-9.23349,43.05661],[-9.23454,43.05755],[-9.23543,43.0577],[-9.23913,43.0567],[-9.24397,43.05736],[-9.24558,43.05584],[-9.24657,43.05352],[-9.24954,43.05201],[-9.25057,43.05049],[-9.2508,43.04977],[-9.24801,43.04737],[-9.24922,43.04521],[-9.25075,43.04367],[-9.25109,43.04228],[-9.25244,43.04078],[-9.25561,43.0338]]}},{"type":"Feature","properties":{"name":"TET_E-04-CYL-N_20260503","country":"ES","lengthKm":685.6},"geometry":{"type":"LineString","coordinates":[[-2.85949,42.63661],[-2.86018,42.63655],[-2.86211,42.6352],[-2.86325,42.63383],[-2.86535,42.63327],[-2.86839,42.63329],[-2.87274,42.632],[-2.87558,42.63191],[-2.87802,42.63133],[-2.87922,42.63219],[-2.88137,42.63248],[-2.88183,42.63115],[-2.88248,42.63082],[-2.8841,42.63069],[-2.88516,42.631],[-2.88638,42.63054],[-2.8876,42.6308],[-2.89106,42.6298],[-2.89454,42.62974],[-2.89496,42.62874],[-2.89458,42.62809],[-2.89209,42.62732],[-2.89185,42.62644],[-2.89077,42.62573],[-2.89101,42.62425],[-2.89378,42.62255],[-2.89415,42.62179],[-2.89392,42.62113],[-2.8923,42.62064],[-2.89181,42.61971],[-2.89109,42.61941],[-2.89277,42.62031],[-2.89401,42.62043],[-2.89271,42.61985],[-2.89248,42.61927],[-2.89291,42.61886],[-2.88977,42.61504],[-2.88762,42.61159],[-2.88639,42.61057],[-2.8895,42.61005],[-2.89086,42.60823],[-2.89526,42.60852],[-2.89766,42.60791],[-2.90098,42.608],[-2.90161,42.6075],[-2.90444,42.60715],[-2.91025,42.60345],[-2.91146,42.60152],[-2.91258,42.60133],[-2.91072,42.59883],[-2.91017,42.59715],[-2.91515,42.59622],[-2.91852,42.59262],[-2.91776,42.59199],[-2.91687,42.58924],[-2.91681,42.58624],[-2.92559,42.58526],[-2.92913,42.58524],[-2.93268,42.58466],[-2.93378,42.58383],[-2.93689,42.58405],[-2.93886,42.58469],[-2.94166,42.58366],[-2.94591,42.58708],[-2.9482,42.59123],[-2.9509,42.59298],[-2.95219,42.59471],[-2.9539,42.5958],[-2.96011,42.60224],[-2.95914,42.60363],[-2.95931,42.60517],[-2.95826,42.60585],[-2.95807,42.60917],[-2.95938,42.61168],[-2.95985,42.61682],[-2.96074,42.61825],[-2.96043,42.61943],[-2.96134,42.62116],[-2.96154,42.62294],[-2.9628,42.6232],[-2.96348,42.62416],[-2.96699,42.62476],[-2.96842,42.62535],[-2.96932,42.62668],[-2.97104,42.62605],[-2.972,42.62627],[-2.97255,42.62756],[-2.97579,42.63156],[-2.97634,42.63501],[-2.97356,42.638],[-2.9724,42.64049],[-2.97133,42.64152],[-2.97117,42.64261],[-2.97257,42.64253],[-2.97766,42.64034],[-2.979,42.63908],[-2.98174,42.63945],[-2.98274,42.64124],[-2.98167,42.64624],[-2.98609,42.64669],[-2.98873,42.64909],[-2.9911,42.64776],[-2.9924,42.64758],[-2.99528,42.64902],[-2.99765,42.65073],[-2.99969,42.65146],[-3.0005,42.65244],[-3.00243,42.65356],[-3.00503,42.65433],[-3.01089,42.65796],[-3.01109,42.65898],[-3.01054,42.65967],[-3.01027,42.66302],[-3.00903,42.66424],[-3.00925,42.66475],[-3.01859,42.66303],[-3.01943,42.66683],[-3.0274,42.66613],[-3.02893,42.67146],[-3.03075,42.66999],[-3.03177,42.66836],[-3.03456,42.66981],[-3.03598,42.67462],[-3.03522,42.67675],[-3.03752,42.67973],[-3.04048,42.68968],[-3.03622,42.69182],[-3.03619,42.6929],[-3.03834,42.69556],[-3.03988,42.69672],[-3.0394,42.6969],[-3.03953,42.69731],[-3.04066,42.69782],[-3.03653,42.70127],[-3.03531,42.70335],[-3.03436,42.70408],[-3.03425,42.70541],[-3.03609,42.70784],[-3.03748,42.70843],[-3.04056,42.7082],[-3.04209,42.70903],[-3.04434,42.70936],[-3.04634,42.70941],[-3.04729,42.70902],[-3.05208,42.71063],[-3.05291,42.71019],[-3.05379,42.71032],[-3.05471,42.7119],[-3.05558,42.71253],[-3.05568,42.71377],[-3.05764,42.71427],[-3.05808,42.71472],[-3.05727,42.71572],[-3.05779,42.71715],[-3.05573,42.719],[-3.05314,42.72231],[-3.04524,42.72776],[-3.04423,42.7292],[-3.04524,42.73289],[-3.04788,42.7339],[-3.05139,42.73313],[-3.05363,42.73471],[-3.05589,42.73499],[-3.05716,42.73555],[-3.05612,42.73709],[-3.05858,42.73895],[-3.05948,42.74023],[-3.06091,42.74465],[-3.05882,42.74564],[-3.05804,42.74659],[-3.05426,42.74777],[-3.05074,42.7482],[-3.04786,42.74991],[-3.04786,42.75446],[-3.04687,42.75684],[-3.0458,42.76183],[-3.04702,42.76648],[-3.04816,42.76634],[-3.04907,42.76744],[-3.04854,42.76989],[-3.04947,42.76873],[-3.05275,42.77024],[-3.05529,42.77168],[-3.0551,42.77282],[-3.05804,42.77483],[-3.05951,42.77419],[-3.0602,42.77308],[-3.06325,42.77414],[-3.06595,42.77844],[-3.06667,42.77914],[-3.06758,42.77919],[-3.06841,42.78034],[-3.06837,42.77512],[-3.06925,42.77387],[-3.06941,42.7718],[-3.07039,42.77154],[-3.07064,42.77085],[-3.0702,42.76714],[-3.07197,42.76594],[-3.07208,42.7648],[-3.07248,42.76477],[-3.07635,42.76731],[-3.0778,42.76767],[-3.08114,42.76739],[-3.082,42.76624],[-3.08255,42.76144],[-3.08483,42.75885],[-3.08593,42.75895],[-3.08743,42.75998],[-3.08906,42.76201],[-3.09041,42.76522],[-3.09493,42.76663],[-3.09598,42.76768],[-3.10034,42.76814],[-3.10254,42.76786],[-3.10573,42.76533],[-3.10831,42.76538],[-3.11036,42.76474],[-3.11387,42.76221],[-3.11489,42.76058],[-3.11608,42.76006],[-3.11872,42.75986],[-3.1204,42.76065],[-3.12341,42.75958],[-3.12495,42.7595],[-3.12692,42.76015],[-3.12956,42.7595],[-3.13051,42.75887],[-3.13188,42.75934],[-3.13441,42.7592],[-3.13773,42.75877],[-3.14172,42.75763],[-3.14449,42.75764],[-3.148,42.75706],[-3.15083,42.75757],[-3.15734,42.76073],[-3.15809,42.76207],[-3.16101,42.76311],[-3.16317,42.76474],[-3.16511,42.76543],[-3.1651,42.76718],[-3.16462,42.76757],[-3.16553,42.76797],[-3.16698,42.76779],[-3.16759,42.76619],[-3.16886,42.76687],[-3.16936,42.76773],[-3.17115,42.76809],[-3.17259,42.76978],[-3.17508,42.77071],[-3.17527,42.77202],[-3.17815,42.77198],[-3.17831,42.77138],[-3.18151,42.77103],[-3.18557,42.77166],[-3.18803,42.77354],[-3.18913,42.77373],[-3.18965,42.77455],[-3.19504,42.77862],[-3.19562,42.77964],[-3.19946,42.78107],[-3.20076,42.78284],[-3.20512,42.78605],[-3.20726,42.79046],[-3.20832,42.79136],[-3.20976,42.79096],[-3.2097,42.79178],[-3.21083,42.79227],[-3.21236,42.79408],[-3.21407,42.79444],[-3.21696,42.79634],[-3.21856,42.7928],[-3.21881,42.79109],[-3.21833,42.79032],[-3.2195,42.78979],[-3.2265,42.79243],[-3.22749,42.79385],[-3.22938,42.7941],[-3.22974,42.79741],[-3.2318,42.79671],[-3.23603,42.79645],[-3.24265,42.79746],[-3.24618,42.79839],[-3.25068,42.79855],[-3.25314,42.80076],[-3.25314,42.80218],[-3.25661,42.80415],[-3.25905,42.80216],[-3.26104,42.80271],[-3.26131,42.8038],[-3.26043,42.80438],[-3.26195,42.80563],[-3.26143,42.80673],[-3.26017,42.80763],[-3.26026,42.80855],[-3.25964,42.80911],[-3.25552,42.81057],[-3.25503,42.81124],[-3.25283,42.8116],[-3.25207,42.81232],[-3.25496,42.81677],[-3.25705,42.81626],[-3.25785,42.81647],[-3.259,42.82018],[-3.25828,42.82104],[-3.25318,42.82232],[-3.25529,42.82431],[-3.25441,42.82426],[-3.25749,42.83064],[-3.25844,42.83409],[-3.26077,42.8357],[-3.2599,42.8365],[-3.25953,42.83918],[-3.25851,42.83925],[-3.25703,42.83851],[-3.25645,42.83917],[-3.25652,42.84053],[-3.26073,42.84367],[-3.26289,42.84702],[-3.26431,42.84753],[-3.268,42.85101],[-3.27173,42.85055],[-3.27228,42.84988],[-3.27349,42.84971],[-3.27409,42.84904],[-3.27589,42.84888],[-3.27561,42.84944],[-3.27626,42.84986],[-3.27828,42.84983],[-3.27817,42.8507],[-3.28073,42.85291],[-3.28055,42.85387],[-3.28146,42.85574],[-3.2811,42.85625],[-3.28189,42.85781],[-3.28092,42.85933],[-3.28081,42.86055],[-3.27999,42.86096],[-3.27883,42.86075],[-3.27808,42.86158],[-3.27843,42.86228],[-3.27812,42.86312],[-3.27965,42.86652],[-3.28225,42.87003],[-3.28237,42.87209],[-3.28414,42.87508],[-3.28386,42.87603],[-3.28567,42.878],[-3.2867,42.87811],[-3.28676,42.87756],[-3.28744,42.87794],[-3.28845,42.87734],[-3.28903,42.8751],[-3.2907,42.87541],[-3.29122,42.87489],[-3.28998,42.8725],[-3.29014,42.87206],[-3.29121,42.87209],[-3.29113,42.87128],[-3.29184,42.87068],[-3.29149,42.86984],[-3.29264,42.86862],[-3.29461,42.87133],[-3.29606,42.87249],[-3.29813,42.87232],[-3.29817,42.87191],[-3.30186,42.87044],[-3.30459,42.87164],[-3.30701,42.87443],[-3.30742,42.87589],[-3.30875,42.87697],[-3.31072,42.8778],[-3.3122,42.87954],[-3.31403,42.87985],[-3.31309,42.88084],[-3.31381,42.88146],[-3.31547,42.88119],[-3.31897,42.88205],[-3.32212,42.88216],[-3.32368,42.88115],[-3.32459,42.87867],[-3.32927,42.87599],[-3.33116,42.87371],[-3.33127,42.87445],[-3.33416,42.872],[-3.3361,42.8719],[-3.33802,42.87287],[-3.33954,42.87443],[-3.34041,42.87666],[-3.34151,42.87769],[-3.34167,42.87901],[-3.34361,42.8799],[-3.34541,42.87981],[-3.34589,42.88103],[-3.34537,42.88465],[-3.34711,42.88645],[-3.34813,42.89167],[-3.35461,42.8939],[-3.35446,42.89421],[-3.35312,42.8944],[-3.35039,42.89394],[-3.35116,42.89602],[-3.35191,42.89565],[-3.35424,42.89545],[-3.35835,42.89688],[-3.35984,42.8962],[-3.36049,42.89414],[-3.36161,42.89354],[-3.36246,42.89242],[-3.36491,42.8923],[-3.36698,42.89048],[-3.36735,42.88584],[-3.36878,42.88547],[-3.36978,42.88469],[-3.36977,42.88232],[-3.3704,42.88263],[-3.37092,42.88438],[-3.37167,42.88486],[-3.37102,42.88645],[-3.37526,42.8845],[-3.38197,42.88449],[-3.38368,42.88358],[-3.38643,42.88038],[-3.38805,42.87382],[-3.39368,42.86882],[-3.39749,42.86384],[-3.40002,42.8661],[-3.40117,42.8696],[-3.40487,42.87101],[-3.4083,42.87342],[-3.40936,42.87524],[-3.41068,42.87584],[-3.41133,42.87737],[-3.41385,42.87955],[-3.41354,42.88025],[-3.41892,42.88163],[-3.42086,42.88377],[-3.42255,42.88428],[-3.4248,42.88897],[-3.42576,42.89254],[-3.4354,42.90109],[-3.4386,42.90584],[-3.44025,42.90756],[-3.44185,42.90816],[-3.44483,42.91047],[-3.44795,42.91169],[-3.44843,42.91283],[-3.45055,42.91226],[-3.45344,42.91205],[-3.45413,42.9123],[-3.46074,42.91138],[-3.46292,42.91064],[-3.46347,42.90951],[-3.46482,42.90902],[-3.4671,42.91002],[-3.46787,42.90945],[-3.47076,42.90873],[-3.47313,42.90918],[-3.47401,42.90984],[-3.4764,42.90989],[-3.47846,42.91044],[-3.47893,42.90846],[-3.48005,42.90836],[-3.48097,42.90874],[-3.48448,42.90676],[-3.48469,42.90568],[-3.48379,42.90516],[-3.48291,42.9053],[-3.48079,42.90361],[-3.4817,42.90185],[-3.48249,42.90139],[-3.48198,42.90036],[-3.47977,42.89868],[-3.48276,42.89652],[-3.49207,42.89661],[-3.49603,42.8976],[-3.49586,42.89658],[-3.49837,42.89338],[-3.4985,42.89268],[-3.49999,42.89413],[-3.50167,42.89792],[-3.50355,42.89955],[-3.50448,42.901],[-3.5123,42.90509],[-3.51339,42.90496],[-3.51342,42.90366],[-3.51489,42.90314],[-3.5157,42.90655],[-3.51656,42.90759],[-3.51763,42.90801],[-3.51835,42.91024],[-3.51906,42.91102],[-3.52164,42.9131],[-3.52298,42.91308],[-3.5232,42.91551],[-3.52641,42.91378],[-3.52794,42.91358],[-3.52925,42.91496],[-3.52988,42.9171],[-3.53358,42.9159],[-3.53561,42.91646],[-3.5368,42.91567],[-3.53759,42.91607],[-3.53638,42.91482],[-3.53678,42.91456],[-3.53654,42.91422],[-3.5394,42.91181],[-3.54006,42.91184],[-3.54328,42.91013],[-3.54689,42.90895],[-3.55443,42.9073],[-3.56148,42.9049],[-3.5636,42.90167],[-3.56665,42.89856],[-3.56871,42.89509],[-3.57077,42.89437],[-3.57068,42.89395],[-3.5713,42.89401],[-3.57176,42.89314],[-3.57523,42.89073],[-3.58034,42.88892],[-3.58338,42.8885],[-3.58394,42.88787],[-3.5879,42.88971],[-3.58752,42.89035],[-3.58979,42.8908],[-3.59339,42.89293],[-3.59822,42.88315],[-3.59788,42.88118],[-3.59932,42.88017],[-3.59896,42.87949],[-3.59659,42.87799],[-3.59585,42.87637],[-3.59586,42.87177],[-3.59247,42.86849],[-3.59181,42.86717],[-3.59244,42.86347],[-3.59155,42.85942],[-3.59269,42.85917],[-3.59263,42.85705],[-3.59441,42.85594],[-3.5956,42.8546],[-3.59606,42.85331],[-3.60399,42.85052],[-3.60639,42.84428],[-3.60864,42.84305],[-3.61042,42.84138],[-3.60891,42.84078],[-3.60966,42.83987],[-3.6098,42.83886],[-3.61026,42.83899],[-3.61048,42.83992],[-3.61105,42.83988],[-3.61069,42.83881],[-3.61171,42.83762],[-3.61108,42.83601],[-3.61166,42.83586],[-3.61385,42.83662],[-3.61485,42.83566],[-3.61305,42.83123],[-3.61076,42.82817],[-3.61125,42.82816],[-3.61451,42.83059],[-3.6156,42.83201],[-3.61601,42.83169],[-3.61323,42.8268],[-3.61353,42.82638],[-3.617,42.82848],[-3.61876,42.83055],[-3.61977,42.83071],[-3.62063,42.83024],[-3.6216,42.82754],[-3.62164,42.82327],[-3.62255,42.8206],[-3.62217,42.81931],[-3.62012,42.81875],[-3.61897,42.81747],[-3.61707,42.81142],[-3.61543,42.80307],[-3.62128,42.78896],[-3.61565,42.77507],[-3.61642,42.76517],[-3.61319,42.75368],[-3.61422,42.745],[-3.61294,42.74059],[-3.61394,42.73669],[-3.61303,42.73108],[-3.61354,42.72835],[-3.61278,42.72636],[-3.61368,42.7239],[-3.61376,42.72018],[-3.61846,42.72188],[-3.62207,42.72562],[-3.62481,42.72735],[-3.62579,42.72934],[-3.62658,42.73002],[-3.62785,42.73033],[-3.63001,42.73055],[-3.63407,42.72929],[-3.63671,42.72769],[-3.6388,42.7258],[-3.64283,42.72699],[-3.64345,42.72671],[-3.64476,42.72565],[-3.6469,42.72468],[-3.64763,42.72347],[-3.64774,42.7222],[-3.65067,42.71841],[-3.6347,42.70921],[-3.63655,42.70813],[-3.63833,42.70594],[-3.64194,42.7071],[-3.64363,42.70705],[-3.64531,42.70442],[-3.64808,42.70194],[-3.64978,42.70118],[-3.65117,42.6999],[-3.65323,42.6992],[-3.65411,42.69814],[-3.65966,42.69666],[-3.66119,42.69481],[-3.66487,42.69504],[-3.66707,42.69476],[-3.66713,42.69559],[-3.67141,42.69442],[-3.6737,42.69484],[-3.67493,42.69593],[-3.67811,42.69616],[-3.67985,42.69539],[-3.68239,42.69598],[-3.68285,42.69643],[-3.68357,42.6961],[-3.69374,42.69675],[-3.69524,42.69657],[-3.69676,42.69758],[-3.69866,42.70023],[-3.7003,42.70037],[-3.70177,42.70251],[-3.70409,42.70336],[-3.71282,42.70175],[-3.7147,42.7023],[-3.71652,42.70338],[-3.71901,42.70346],[-3.72045,42.70466],[-3.72294,42.70492],[-3.72466,42.70634],[-3.72814,42.70729],[-3.7291,42.70846],[-3.73433,42.71008],[-3.7369,42.70998],[-3.74475,42.71285],[-3.74776,42.71252],[-3.74537,42.71206],[-3.75019,42.71016],[-3.75052,42.70874],[-3.7533,42.70402],[-3.75237,42.70165],[-3.75221,42.70016],[-3.75275,42.69892],[-3.75161,42.69578],[-3.75178,42.69436],[-3.7536,42.68884],[-3.75592,42.68627],[-3.75505,42.68512],[-3.75595,42.68344],[-3.75632,42.67949],[-3.75692,42.67865],[-3.7595,42.67658],[-3.76505,42.67416],[-3.76734,42.67236],[-3.76849,42.67034],[-3.77041,42.66869],[-3.77132,42.66875],[-3.77409,42.66704],[-3.77871,42.666],[-3.78134,42.66363],[-3.78047,42.66311],[-3.78289,42.66246],[-3.79006,42.65911],[-3.79406,42.6567],[-3.80011,42.65442],[-3.80477,42.65379],[-3.80739,42.65236],[-3.81104,42.65281],[-3.81197,42.65361],[-3.81429,42.65431],[-3.81747,42.65416],[-3.82047,42.65295],[-3.82036,42.65254],[-3.81952,42.65243],[-3.82009,42.65169],[-3.82013,42.65036],[-3.8204,42.65061],[-3.82164,42.65044],[-3.82217,42.64986],[-3.82356,42.65022],[-3.82382,42.65069],[-3.82624,42.65072],[-3.82804,42.65005],[-3.82921,42.64842],[-3.82881,42.64718],[-3.82959,42.64589],[-3.82945,42.64529],[-3.83109,42.64359],[-3.83062,42.64025],[-3.83095,42.63895],[-3.8301,42.63779],[-3.82654,42.63504],[-3.8262,42.63423],[-3.82693,42.63324],[-3.82958,42.63255],[-3.83096,42.63086],[-3.83579,42.62876],[-3.8383,42.62665],[-3.84331,42.62523],[-3.84398,42.62257],[-3.84562,42.62016],[-3.84887,42.62117],[-3.85639,42.62149],[-3.8605,42.62321],[-3.86193,42.62255],[-3.86543,42.62326],[-3.86788,42.62333],[-3.87307,42.62221],[-3.87395,42.62334],[-3.8785,42.62411],[-3.88085,42.62411],[-3.88139,42.62392],[-3.88146,42.62275],[-3.88285,42.62133],[-3.8829,42.61986],[-3.88464,42.61943],[-3.88629,42.61957],[-3.88854,42.61874],[-3.88891,42.61985],[-3.89113,42.62077],[-3.89545,42.61766],[-3.90121,42.61717],[-3.90279,42.61714],[-3.90165,42.61736],[-3.90074,42.61807],[-3.90009,42.61936],[-3.89909,42.61969],[-3.90201,42.62126],[-3.90332,42.62108],[-3.90585,42.62189],[-3.9028,42.62279],[-3.90341,42.62368],[-3.90658,42.62383],[-3.90805,42.62472],[-3.90828,42.62565],[-3.90667,42.62788],[-3.91652,42.62723],[-3.92605,42.62771],[-3.93321,42.62933],[-3.93859,42.63145],[-3.94268,42.63218],[-3.94431,42.63324],[-3.94607,42.63791],[-3.94862,42.64055],[-3.95479,42.64449],[-3.95997,42.64723],[-3.96396,42.64883],[-3.96466,42.64866],[-3.96618,42.64659],[-3.96698,42.64449],[-3.96797,42.64439],[-3.96985,42.64519],[-3.97806,42.64617],[-3.9802,42.64756],[-3.98607,42.64934],[-3.98711,42.64919],[-3.99212,42.64992],[-3.99228,42.6494],[-3.99488,42.64866],[-3.99726,42.64847],[-3.99931,42.64766],[-4.0009,42.64775],[-4.00658,42.64965],[-4.01011,42.65231],[-4.0092,42.65267],[-4.00805,42.65408],[-4.01139,42.65472],[-4.01359,42.65618],[-4.01857,42.65685],[-4.01958,42.65739],[-4.02144,42.65764],[-4.02633,42.65739],[-4.03123,42.65863],[-4.03289,42.65966],[-4.03386,42.65807],[-4.03436,42.65606],[-4.03608,42.65572],[-4.03611,42.6545],[-4.03713,42.65401],[-4.03824,42.65262],[-4.04063,42.652],[-4.04266,42.65302],[-4.04312,42.65381],[-4.04299,42.65539],[-4.0443,42.65567],[-4.044,42.6568],[-4.04475,42.65762],[-4.04701,42.65647],[-4.05002,42.6586],[-4.05539,42.66068],[-4.05756,42.66255],[-4.06263,42.66362],[-4.06884,42.66398],[-4.07493,42.66629],[-4.07792,42.66618],[-4.07919,42.66744],[-4.08029,42.66773],[-4.08072,42.66918],[-4.07768,42.67358],[-4.07754,42.67614],[-4.07688,42.67753],[-4.07641,42.67783],[-4.07319,42.6776],[-4.07061,42.67792],[-4.06776,42.67956],[-4.06654,42.67969],[-4.06642,42.68007],[-4.07345,42.68191],[-4.07519,42.68331],[-4.07911,42.68506],[-4.0801,42.68606],[-4.08098,42.68752],[-4.07942,42.69016],[-4.08124,42.69179],[-4.08061,42.69198],[-4.07899,42.69127],[-4.0769,42.69112],[-4.07678,42.69177],[-4.07751,42.69255],[-4.08196,42.69318],[-4.08761,42.69696],[-4.09224,42.69867],[-4.09655,42.70149],[-4.1151,42.70878],[-4.1192,42.70983],[-4.12627,42.71079],[-4.14014,42.71405],[-4.1605,42.71632],[-4.16915,42.71644],[-4.17334,42.71708],[-4.17151,42.71809],[-4.17374,42.71778],[-4.17058,42.71926],[-4.17138,42.7196],[-4.17034,42.72051],[-4.169,42.72037],[-4.16563,42.72132],[-4.16147,42.72098],[-4.16025,42.72177],[-4.15885,42.72162],[-4.15867,42.72187],[-4.16043,42.7226],[-4.16411,42.72296],[-4.16986,42.7226],[-4.17569,42.72159],[-4.18307,42.71888],[-4.19043,42.71518],[-4.20067,42.71213],[-4.20043,42.71297],[-4.19865,42.71462],[-4.19694,42.71546],[-4.19503,42.71723],[-4.1909,42.72397],[-4.19137,42.7263],[-4.1918,42.72705],[-4.19245,42.72708],[-4.19189,42.72867],[-4.19222,42.72894],[-4.19386,42.7287],[-4.19476,42.73001],[-4.19471,42.73085],[-4.19405,42.73163],[-4.19418,42.73236],[-4.1917,42.73506],[-4.19152,42.73641],[-4.19005,42.73611],[-4.1867,42.73847],[-4.18157,42.73904],[-4.17672,42.73928],[-4.17299,42.73816],[-4.17208,42.7382],[-4.16206,42.74692],[-4.16777,42.74984],[-4.17474,42.75267],[-4.17776,42.75527],[-4.18104,42.75651],[-4.18004,42.7579],[-4.18222,42.75881],[-4.18473,42.76069],[-4.18242,42.76238],[-4.1851,42.76434],[-4.18465,42.76595],[-4.1881,42.76765],[-4.19522,42.77309],[-4.1952,42.77737],[-4.19829,42.77702],[-4.20733,42.79026],[-4.21199,42.79224],[-4.20879,42.79672],[-4.21384,42.80225],[-4.21557,42.80611],[-4.2175,42.80645],[-4.21799,42.80741],[-4.21886,42.80731],[-4.21863,42.80789],[-4.221,42.80684],[-4.22274,42.80663],[-4.22415,42.80764],[-4.22347,42.80883],[-4.22428,42.81015],[-4.2255,42.80943],[-4.23008,42.80937],[-4.23082,42.80993],[-4.23112,42.81125],[-4.23311,42.81083],[-4.23595,42.81256],[-4.23909,42.81365],[-4.23984,42.81486],[-4.24079,42.81527],[-4.24403,42.81493],[-4.2458,42.81417],[-4.246,42.81366],[-4.24783,42.81366],[-4.25063,42.81449],[-4.24981,42.8158],[-4.25104,42.81626],[-4.25131,42.81759],[-4.25304,42.81701],[-4.25368,42.81614],[-4.25444,42.81589],[-4.25538,42.81656],[-4.25616,42.81801],[-4.25743,42.81832],[-4.25806,42.81662],[-4.26018,42.81423],[-4.26212,42.81559],[-4.26283,42.8157],[-4.26446,42.81467],[-4.26667,42.8148],[-4.26968,42.81659],[-4.26967,42.81714],[-4.27218,42.81816],[-4.27227,42.81899],[-4.27326,42.81858],[-4.27438,42.81991],[-4.27757,42.82074],[-4.27783,42.82319],[-4.27857,42.82303],[-4.27862,42.82494],[-4.28002,42.82666],[-4.28027,42.82809],[-4.28074,42.8283],[-4.28164,42.8278],[-4.28247,42.82836],[-4.28504,42.83189],[-4.28812,42.83422],[-4.28809,42.83525],[-4.28645,42.83596],[-4.2881,42.83763],[-4.28704,42.83874],[-4.28973,42.84078],[-4.29273,42.84216],[-4.29513,42.84277],[-4.29872,42.84302],[-4.29898,42.84336],[-4.30014,42.84319],[-4.30181,42.84375],[-4.30662,42.84403],[-4.30802,42.8438],[-4.31091,42.84611],[-4.31924,42.84727],[-4.32218,42.84849],[-4.32498,42.8468],[-4.33193,42.84868],[-4.33052,42.85316],[-4.3388,42.85316],[-4.34165,42.85222],[-4.34424,42.85418],[-4.34399,42.85543],[-4.34435,42.85601],[-4.35047,42.85733],[-4.35266,42.85664],[-4.3559,42.8571],[-4.35723,42.85667],[-4.36319,42.85734],[-4.3667,42.85724],[-4.36731,42.85686],[-4.36645,42.85623],[-4.36795,42.85215],[-4.37106,42.85228],[-4.37406,42.85424],[-4.37494,42.8532],[-4.37844,42.85361],[-4.37916,42.85155],[-4.37822,42.84922],[-4.37925,42.84743],[-4.38183,42.84833],[-4.38798,42.84881],[-4.38964,42.8484],[-4.39278,42.84639],[-4.39439,42.84581],[-4.39641,42.84563],[-4.39977,42.84603],[-4.40445,42.8453],[-4.40785,42.84569],[-4.40915,42.84647],[-4.41092,42.84675],[-4.41135,42.84552],[-4.41539,42.84291],[-4.41698,42.84067],[-4.41906,42.8395],[-4.41883,42.83816],[-4.42235,42.83529],[-4.42222,42.83359],[-4.42017,42.83032],[-4.41973,42.8281],[-4.41778,42.82604],[-4.41617,42.82525],[-4.41452,42.82585],[-4.41128,42.82478],[-4.41017,42.82524],[-4.41005,42.82478],[-4.40779,42.82463],[-4.40432,42.82264],[-4.39966,42.82186],[-4.39695,42.81998],[-4.39384,42.81868],[-4.39202,42.81838],[-4.39025,42.8176],[-4.38798,42.8174],[-4.38496,42.81522],[-4.37981,42.81294],[-4.38043,42.8118],[-4.37883,42.81108],[-4.38116,42.81112],[-4.38588,42.8103],[-4.39045,42.8092],[-4.39283,42.80803],[-4.40232,42.81233],[-4.41435,42.81524],[-4.41661,42.81635],[-4.41693,42.81739],[-4.42527,42.81787],[-4.42824,42.81759],[-4.42977,42.81611],[-4.43098,42.81556],[-4.43094,42.81397],[-4.43153,42.81243],[-4.4322,42.81156],[-4.43372,42.81083],[-4.43424,42.80995],[-4.43383,42.80844],[-4.43566,42.80817],[-4.43501,42.80478],[-4.43736,42.80583],[-4.43692,42.80336],[-4.43803,42.80445],[-4.44132,42.80633],[-4.44197,42.80656],[-4.44268,42.80622],[-4.44486,42.80746],[-4.45029,42.80915],[-4.45169,42.81163],[-4.45346,42.81312],[-4.45452,42.81307],[-4.45551,42.81435],[-4.45745,42.81427],[-4.46069,42.81547],[-4.46568,42.81496],[-4.4669,42.81512],[-4.46919,42.81412],[-4.47149,42.81393],[-4.47402,42.81319],[-4.47997,42.81336],[-4.48184,42.81298],[-4.48455,42.81434],[-4.48545,42.81342],[-4.48664,42.81351],[-4.48776,42.81279],[-4.49148,42.80943],[-4.49558,42.80492],[-4.49679,42.80446],[-4.50509,42.79776],[-4.50761,42.79735],[-4.50901,42.79623],[-4.5112,42.79568],[-4.51288,42.79609],[-4.51281,42.7971],[-4.51162,42.7984],[-4.51819,42.79921],[-4.51913,42.80102],[-4.52482,42.80182],[-4.52895,42.80339],[-4.52917,42.80378],[-4.53041,42.8037],[-4.53374,42.80615],[-4.53568,42.80609],[-4.53925,42.80749],[-4.54063,42.80756],[-4.54571,42.81075],[-4.54856,42.81128],[-4.54832,42.81229],[-4.54885,42.81282],[-4.55137,42.8135],[-4.55376,42.81396],[-4.55481,42.81322],[-4.55639,42.81319],[-4.56016,42.81481],[-4.56276,42.81476],[-4.56673,42.81381],[-4.57182,42.81392],[-4.57784,42.8125],[-4.57948,42.81183],[-4.58103,42.81015],[-4.58289,42.8096],[-4.59655,42.81214],[-4.59806,42.81162],[-4.59922,42.81228],[-4.61029,42.81469],[-4.61086,42.81492],[-4.61214,42.81693],[-4.61562,42.81783],[-4.61768,42.81922],[-4.61773,42.81966],[-4.62413,42.82187],[-4.6274,42.82137],[-4.63052,42.82208],[-4.63166,42.82281],[-4.63389,42.82183],[-4.63424,42.82084],[-4.64069,42.82103],[-4.63694,42.82236],[-4.63153,42.82668],[-4.62757,42.82757],[-4.6274,42.82808],[-4.63101,42.82934],[-4.6367,42.82893],[-4.64695,42.82724],[-4.65391,42.82711],[-4.65392,42.82405],[-4.6607,42.82371],[-4.66046,42.8224],[-4.66242,42.82064],[-4.66249,42.81814],[-4.65668,42.81681],[-4.65587,42.81486],[-4.65611,42.81382],[-4.66105,42.81347],[-4.66121,42.81247],[-4.66042,42.8111],[-4.66062,42.81006],[-4.65881,42.80782],[-4.66126,42.80685],[-4.66159,42.80573],[-4.66589,42.80635],[-4.66882,42.80615],[-4.67026,42.80394],[-4.67147,42.80435],[-4.6733,42.80439],[-4.67572,42.80256],[-4.67539,42.80105],[-4.67483,42.80013],[-4.67396,42.79985],[-4.6739,42.79936],[-4.67601,42.79317],[-4.67824,42.79532],[-4.67819,42.79584],[-4.68137,42.79845],[-4.68228,42.79835],[-4.68176,42.79626],[-4.68223,42.79589],[-4.68236,42.79394],[-4.68431,42.7943],[-4.68573,42.79581],[-4.68886,42.79522],[-4.68949,42.79553],[-4.69278,42.79524],[-4.69352,42.79632],[-4.69453,42.79589],[-4.69633,42.79692],[-4.69978,42.79612],[-4.70146,42.7964],[-4.70306,42.79608],[-4.70545,42.79728],[-4.70742,42.79675],[-4.71133,42.79313],[-4.71129,42.79258],[-4.71251,42.79146],[-4.71672,42.78975],[-4.72182,42.7897],[-4.72182,42.78794],[-4.7232,42.78724],[-4.71993,42.78784],[-4.72198,42.78688],[-4.72401,42.78515],[-4.72481,42.785],[-4.72429,42.7845],[-4.72489,42.78398],[-4.7262,42.78349],[-4.72694,42.78374],[-4.72681,42.78307],[-4.72824,42.78181],[-4.72978,42.78118],[-4.7321,42.77924],[-4.73531,42.77445],[-4.73605,42.77161],[-4.73755,42.77027],[-4.738,42.76836],[-4.74235,42.76861],[-4.7459,42.76743],[-4.7461,42.76438],[-4.74703,42.76419],[-4.74838,42.76527],[-4.7483,42.7625],[-4.7487,42.7618],[-4.75136,42.75991],[-4.75427,42.7588],[-4.75574,42.75726],[-4.7599,42.75566],[-4.76711,42.75393],[-4.76988,42.75295],[-4.77267,42.75129],[-4.77464,42.75085],[-4.77607,42.7489],[-4.77828,42.74796],[-4.78082,42.74581],[-4.7837,42.74059],[-4.78943,42.73691],[-4.79164,42.73666],[-4.79317,42.73537],[-4.79298,42.73488],[-4.7979,42.72927],[-4.79674,42.72736],[-4.79508,42.72679],[-4.79465,42.72475],[-4.79142,42.72128],[-4.79115,42.72003],[-4.78753,42.7182],[-4.78578,42.71819],[-4.78529,42.71781],[-4.78549,42.7166],[-4.78406,42.71435],[-4.78432,42.71201],[-4.78355,42.7107],[-4.78078,42.70967],[-4.7796,42.7087],[-4.77853,42.70671],[-4.77889,42.70507],[-4.77747,42.70472],[-4.77665,42.70359],[-4.77473,42.703],[-4.773,42.70304],[-4.77139,42.70217],[-4.76943,42.70023],[-4.76727,42.69932],[-4.76962,42.69512],[-4.77169,42.69314],[-4.79482,42.68602],[-4.79632,42.68722],[-4.8055,42.688],[-4.80531,42.68765],[-4.80597,42.68743],[-4.80682,42.68633],[-4.80948,42.68491],[-4.8166,42.68332],[-4.81676,42.6815],[-4.81738,42.68086],[-4.81754,42.68124],[-4.81879,42.68165],[-4.81997,42.68161],[-4.82905,42.6799],[-4.8299,42.68145],[-4.83296,42.68209],[-4.83534,42.68332],[-4.83859,42.68207],[-4.84399,42.6824],[-4.84833,42.68135],[-4.8594,42.6839],[-4.8617,42.68617],[-4.86251,42.68644],[-4.86758,42.68595],[-4.87279,42.68702],[-4.8734,42.68908],[-4.87199,42.69887],[-4.87527,42.70264],[-4.87741,42.70352],[-4.87787,42.70447],[-4.88107,42.7065],[-4.88191,42.70846],[-4.88512,42.71309],[-4.88566,42.71741],[-4.88752,42.71961],[-4.89031,42.72164],[-4.89783,42.71336],[-4.89611,42.70222],[-4.89795,42.69716],[-4.90148,42.69308],[-4.90375,42.69151],[-4.90809,42.68952],[-4.91319,42.68781],[-4.91875,42.68694],[-4.92217,42.68691],[-4.9312,42.68358],[-4.93525,42.68363],[-4.93637,42.67977],[-4.93877,42.67616],[-4.94081,42.6749],[-4.94244,42.67277],[-4.94798,42.66961],[-4.94903,42.66819],[-4.95158,42.66717],[-4.95295,42.6658],[-4.95522,42.66159],[-4.95728,42.6596],[-4.95844,42.65709],[-4.95958,42.65601],[-4.96065,42.65396],[-4.96173,42.65311],[-4.96178,42.65225],[-4.96302,42.65031],[-4.96535,42.64836],[-4.96599,42.64668],[-4.9691,42.64459],[-4.9694,42.64199],[-4.97071,42.63785],[-4.97195,42.63698],[-4.97222,42.63605],[-4.97364,42.63451],[-4.97674,42.63198],[-4.97856,42.62845],[-4.98084,42.62539],[-4.98434,42.62213],[-4.98496,42.61991],[-4.98598,42.61852],[-4.99357,42.61373],[-4.99811,42.60963],[-4.99894,42.60851],[-4.99888,42.60356],[-4.99996,42.60133],[-5.00171,42.59936],[-5.00319,42.59561],[-5.00454,42.59473],[-5.00959,42.59418],[-5.01427,42.59233],[-5.01667,42.58881],[-5.0176,42.58833],[-5.01804,42.5861],[-5.02121,42.58352],[-5.02327,42.58279],[-5.02459,42.58285],[-5.02623,42.58221],[-5.02737,42.58226],[-5.03024,42.58153],[-5.03378,42.57845],[-5.04087,42.57559],[-5.04453,42.575],[-5.0462,42.56738],[-5.04684,42.56865],[-5.04877,42.56941],[-5.04969,42.56886],[-5.0549,42.56874],[-5.05878,42.56878],[-5.05917,42.5696],[-5.06409,42.56959],[-5.06556,42.5691],[-5.06563,42.57005],[-5.06958,42.57256],[-5.07239,42.5734],[-5.08586,42.57311],[-5.09019,42.5721],[-5.09155,42.57217],[-5.09379,42.57286],[-5.10507,42.57827],[-5.10819,42.57678],[-5.11064,42.57374],[-5.10976,42.57051],[-5.11335,42.57013],[-5.11838,42.57124],[-5.12197,42.57133],[-5.12424,42.57229],[-5.12888,42.57547],[-5.13299,42.57543],[-5.13468,42.57344],[-5.13833,42.57302],[-5.13826,42.57248],[-5.13969,42.57191],[-5.14403,42.56859],[-5.14698,42.56737],[-5.14732,42.56756],[-5.14617,42.56862],[-5.14509,42.57096],[-5.14847,42.56948],[-5.15528,42.57146],[-5.16169,42.57274],[-5.172,42.57271],[-5.17404,42.57559],[-5.17601,42.57704],[-5.18181,42.57578],[-5.18503,42.57631],[-5.18772,42.57798],[-5.19003,42.57759],[-5.19172,42.58048],[-5.19257,42.58105],[-5.1933,42.58096],[-5.19487,42.58154],[-5.19492,42.58319],[-5.1957,42.58441],[-5.19646,42.58738],[-5.19905,42.58881],[-5.20174,42.58943],[-5.20402,42.59193],[-5.21019,42.5952],[-5.21245,42.59522],[-5.2127,42.5956],[-5.21773,42.59345],[-5.21932,42.59666],[-5.22107,42.59676],[-5.22258,42.5976],[-5.2206,42.60149],[-5.22198,42.60302],[-5.22142,42.60417],[-5.21999,42.60434],[-5.21977,42.60646],[-5.2185,42.60878],[-5.21641,42.61162],[-5.21422,42.61358],[-5.21329,42.61566],[-5.21732,42.6176],[-5.22682,42.62402],[-5.22822,42.62299],[-5.24469,42.6149],[-5.24543,42.61277],[-5.2509,42.61102],[-5.25424,42.60912],[-5.25655,42.6084],[-5.25723,42.60708],[-5.25906,42.60559],[-5.26544,42.60326],[-5.26908,42.60588],[-5.27148,42.61348],[-5.27301,42.61496],[-5.27511,42.61547],[-5.27534,42.61514],[-5.27681,42.6178],[-5.27745,42.62069],[-5.27896,42.62264],[-5.2804,42.62262],[-5.2819,42.62186],[-5.28403,42.62211],[-5.28831,42.62144],[-5.29052,42.62035],[-5.29505,42.62029],[-5.29627,42.62277],[-5.29814,42.62342],[-5.29903,42.62305],[-5.3022,42.62613],[-5.30343,42.62229],[-5.30475,42.62235],[-5.30764,42.62121],[-5.3095,42.62155],[-5.31206,42.62043],[-5.31888,42.62052],[-5.32117,42.62141],[-5.32407,42.62319],[-5.32841,42.62047],[-5.33626,42.62141],[-5.33735,42.62208],[-5.3411,42.62278],[-5.34421,42.62458],[-5.34853,42.62794],[-5.34904,42.62873],[-5.35165,42.62819],[-5.35434,42.63012],[-5.35487,42.63132],[-5.35581,42.63168],[-5.35633,42.63411],[-5.35739,42.63486],[-5.35692,42.63625],[-5.35767,42.63762],[-5.35751,42.63865],[-5.35837,42.63916],[-5.36027,42.63943],[-5.36709,42.64239],[-5.37091,42.64202],[-5.37286,42.64277],[-5.3756,42.64255],[-5.37458,42.64499],[-5.37298,42.64597],[-5.37273,42.6479],[-5.37427,42.64946],[-5.37553,42.6523],[-5.38043,42.65511],[-5.38296,42.65526],[-5.38333,42.65556],[-5.38434,42.65662],[-5.38454,42.6579],[-5.38562,42.6602],[-5.38601,42.66026],[-5.38351,42.66322],[-5.38257,42.66318],[-5.37905,42.67044],[-5.37834,42.6731],[-5.37946,42.67304],[-5.38058,42.67442],[-5.38023,42.67673],[-5.37904,42.67794],[-5.37967,42.67884],[-5.38148,42.67816],[-5.37973,42.68283],[-5.38367,42.6791],[-5.38467,42.67948],[-5.38446,42.68254],[-5.3849,42.68449],[-5.38696,42.68798],[-5.38996,42.69033],[-5.39124,42.69199],[-5.39207,42.69224],[-5.39242,42.6919],[-5.39239,42.6895],[-5.3934,42.68864],[-5.40045,42.68966],[-5.40248,42.69142],[-5.40352,42.6943],[-5.40532,42.69738],[-5.40401,42.69877],[-5.40388,42.69981],[-5.4028,42.70069],[-5.40267,42.70189],[-5.40329,42.70132],[-5.40592,42.70076],[-5.40936,42.70068],[-5.41047,42.70023],[-5.4134,42.69995],[-5.42199,42.70258],[-5.42604,42.7051],[-5.43081,42.70648],[-5.43316,42.70322],[-5.42979,42.69813],[-5.42752,42.69653],[-5.42904,42.69312],[-5.43189,42.69475],[-5.4339,42.69525],[-5.43609,42.69633],[-5.44356,42.69729],[-5.44585,42.69711],[-5.44656,42.69846],[-5.44874,42.6995],[-5.45217,42.70039],[-5.45485,42.70176],[-5.45729,42.70193],[-5.46391,42.70549],[-5.46626,42.70628],[-5.46808,42.70742],[-5.46583,42.71114],[-5.46814,42.71147],[-5.48375,42.71047],[-5.48487,42.70822],[-5.48567,42.70761],[-5.48948,42.7056],[-5.49093,42.70436],[-5.49529,42.70275],[-5.49887,42.69969],[-5.49995,42.70036],[-5.50119,42.70222],[-5.50278,42.70361],[-5.50508,42.70447],[-5.50497,42.70598],[-5.50541,42.70698],[-5.50346,42.70756],[-5.50256,42.70667],[-5.50202,42.70727],[-5.50251,42.70923],[-5.50402,42.71087],[-5.50328,42.71357],[-5.50422,42.7143],[-5.50542,42.71426],[-5.50673,42.71489],[-5.51103,42.71474],[-5.51396,42.71389],[-5.51409,42.71452],[-5.51235,42.71676],[-5.51125,42.72024],[-5.5122,42.72625],[-5.51112,42.72972],[-5.51152,42.73054],[-5.51065,42.73251],[-5.51057,42.73704],[-5.50922,42.74009],[-5.50889,42.74341],[-5.50801,42.74559],[-5.50835,42.74739],[-5.50784,42.74943],[-5.50725,42.75001],[-5.50684,42.75229],[-5.50506,42.75477],[-5.50405,42.76195],[-5.50297,42.76344],[-5.50343,42.76471],[-5.50315,42.7688],[-5.50382,42.76921],[-5.50242,42.77106],[-5.50216,42.77522],[-5.50149,42.77578],[-5.50099,42.7785],[-5.49975,42.78046],[-5.50078,42.78361],[-5.49979,42.78581],[-5.49847,42.78623],[-5.5061,42.78781],[-5.50809,42.77973],[-5.51113,42.77035],[-5.51993,42.77248],[-5.52372,42.77418],[-5.5339,42.78475],[-5.54424,42.78973],[-5.54688,42.79013],[-5.54861,42.79113],[-5.55191,42.79186],[-5.55505,42.79177],[-5.5572,42.79285],[-5.5587,42.7931],[-5.56542,42.79272],[-5.56744,42.7922],[-5.56795,42.7976],[-5.58224,42.79712],[-5.58359,42.79746],[-5.58855,42.79699],[-5.60029,42.79676],[-5.60348,42.79724],[-5.60645,42.79711],[-5.60941,42.79781],[-5.61045,42.79905],[-5.60926,42.79958],[-5.6032,42.80008],[-5.60372,42.80205],[-5.60552,42.80175],[-5.6091,42.80237],[-5.61859,42.80144],[-5.62283,42.80048],[-5.62634,42.80069],[-5.62746,42.80016],[-5.62851,42.79845],[-5.6291,42.80073],[-5.62873,42.8031],[-5.63185,42.80568],[-5.6339,42.80644],[-5.63686,42.80145],[-5.63686,42.80073],[-5.63756,42.80031],[-5.63747,42.79984],[-5.63873,42.79972],[-5.63949,42.79653],[-5.64001,42.79607],[-5.64159,42.79719],[-5.6448,42.79785],[-5.64573,42.79852],[-5.6474,42.79825],[-5.64972,42.79617],[-5.6498,42.79396],[-5.65158,42.79335],[-5.65289,42.79213],[-5.6575,42.78974],[-5.65887,42.7878],[-5.65699,42.78759],[-5.65735,42.78735],[-5.65967,42.78703],[-5.66099,42.78733],[-5.66358,42.7872],[-5.66577,42.78585],[-5.66821,42.78561],[-5.66979,42.78645],[-5.67513,42.78666],[-5.67773,42.78589],[-5.68152,42.78612],[-5.68815,42.78573],[-5.6944,42.7868],[-5.69626,42.78857],[-5.69682,42.78854],[-5.69716,42.78794],[-5.69862,42.78808],[-5.69926,42.78729],[-5.701,42.78755],[-5.70235,42.78843],[-5.70551,42.78923],[-5.70443,42.78775],[-5.7046,42.78721],[-5.70336,42.7867],[-5.70368,42.78581],[-5.70261,42.78559],[-5.70211,42.78472],[-5.69989,42.7835],[-5.70229,42.78315],[-5.70171,42.78211],[-5.69979,42.78109],[-5.69744,42.78074],[-5.69676,42.77989],[-5.69893,42.77965],[-5.70381,42.7813],[-5.70106,42.77831],[-5.70126,42.77783],[-5.70178,42.77776],[-5.70448,42.77934],[-5.70599,42.77931],[-5.70822,42.78077],[-5.70847,42.77961],[-5.70778,42.77824],[-5.70868,42.777],[-5.71003,42.77789],[-5.71174,42.77997],[-5.71325,42.77781],[-5.71293,42.77695],[-5.71339,42.77651],[-5.71229,42.77459],[-5.71246,42.77342],[-5.71183,42.77257],[-5.71233,42.77206],[-5.713,42.7721],[-5.71663,42.7751],[-5.71685,42.77461],[-5.71514,42.77088],[-5.71608,42.76922],[-5.71686,42.76873],[-5.71856,42.76968],[-5.72013,42.7739],[-5.721,42.77272],[-5.72195,42.77266],[-5.72099,42.77088],[-5.72195,42.76981],[-5.71956,42.766],[-5.71963,42.76512],[-5.71876,42.76396],[-5.71864,42.76281],[-5.71628,42.75926],[-5.71763,42.75702],[-5.71752,42.75445],[-5.72047,42.74951],[-5.72012,42.74654],[-5.72053,42.74641],[-5.72185,42.74069],[-5.72516,42.73477],[-5.72572,42.73271],[-5.72786,42.73325],[-5.73127,42.73196],[-5.73492,42.73126],[-5.74008,42.72855],[-5.75532,42.72213],[-5.76329,42.72051],[-5.76455,42.7196],[-5.77055,42.71918],[-5.77646,42.71987],[-5.78236,42.72169],[-5.78666,42.72172],[-5.78882,42.72261],[-5.78893,42.72439],[-5.78775,42.72578],[-5.78673,42.72572],[-5.79207,42.72844],[-5.79371,42.72554],[-5.79461,42.722],[-5.79812,42.7184],[-5.80628,42.71267],[-5.807,42.71063],[-5.8095,42.7117],[-5.81122,42.712],[-5.81328,42.71382],[-5.81598,42.71518],[-5.816,42.71602],[-5.81691,42.71668],[-5.82045,42.7167],[-5.82259,42.7176],[-5.82747,42.71844],[-5.82888,42.71821],[-5.83003,42.71866],[-5.83279,42.71863],[-5.83644,42.71768],[-5.83891,42.71769],[-5.84144,42.71712],[-5.84592,42.71782],[-5.85342,42.71743],[-5.85448,42.71821],[-5.85188,42.7197],[-5.85179,42.72063],[-5.85205,42.72179],[-5.85393,42.72366],[-5.85367,42.72441],[-5.85633,42.72436],[-5.85934,42.72379],[-5.86326,42.72396],[-5.87159,42.72311],[-5.87379,42.72392],[-5.87888,42.72424],[-5.8813,42.72386],[-5.88485,42.7247],[-5.88618,42.72559],[-5.88688,42.72552],[-5.88675,42.72374],[-5.8852,42.72139],[-5.88578,42.71793],[-5.88491,42.71556],[-5.88442,42.71194],[-5.88081,42.70942],[-5.87836,42.70652],[-5.87899,42.70272],[-5.87868,42.70009],[-5.87978,42.69722],[-5.87945,42.69645],[-5.87879,42.69584],[-5.87796,42.69643],[-5.87777,42.69711],[-5.87641,42.69774],[-5.87482,42.69634],[-5.87147,42.69505],[-5.86902,42.69462],[-5.86649,42.69594],[-5.8656,42.69496],[-5.8644,42.69509],[-5.86271,42.69446],[-5.86194,42.69265],[-5.86012,42.6917],[-5.86112,42.69094],[-5.86116,42.69001],[-5.86183,42.68917],[-5.86043,42.68702],[-5.8597,42.68241],[-5.85784,42.67975],[-5.85573,42.67818],[-5.85441,42.67658],[-5.85231,42.67256],[-5.84904,42.67182],[-5.84312,42.66938],[-5.84337,42.66845],[-5.83724,42.66755],[-5.83818,42.66366],[-5.83164,42.66203],[-5.83282,42.66108],[-5.83204,42.65954],[-5.83252,42.65866],[-5.83239,42.65725],[-5.83508,42.65755],[-5.83751,42.6589],[-5.84152,42.65692],[-5.8451,42.65457],[-5.8436,42.65358],[-5.84143,42.64898],[-5.83999,42.64859],[-5.84035,42.64449],[-5.83982,42.64301],[-5.83696,42.63955],[-5.83744,42.6373],[-5.83859,42.63532],[-5.84245,42.63223],[-5.84282,42.63087],[-5.83837,42.63075],[-5.83466,42.63118],[-5.83444,42.62826],[-5.83247,42.62102],[-5.83091,42.61174],[-5.84281,42.61198],[-5.84311,42.60973],[-5.8557,42.61373],[-5.86349,42.61384],[-5.8644,42.61312],[-5.86676,42.61339],[-5.87172,42.61248],[-5.88105,42.60837],[-5.87933,42.60243],[-5.87486,42.59809],[-5.87223,42.59296],[-5.87244,42.59156],[-5.87474,42.59339],[-5.87586,42.59206],[-5.87903,42.59419],[-5.88402,42.5964],[-5.8915,42.59331],[-5.89762,42.59808],[-5.90976,42.5972],[-5.91078,42.59764],[-5.91514,42.59582],[-5.91709,42.59401],[-5.91771,42.59389],[-5.91745,42.5933],[-5.91938,42.58897],[-5.92369,42.58475],[-5.92428,42.58242],[-5.92597,42.58091],[-5.92729,42.58116],[-5.92841,42.58005],[-5.92886,42.58084],[-5.92954,42.5811],[-5.93293,42.58018],[-5.93852,42.58161],[-5.94102,42.58122],[-5.9437,42.57779],[-5.94345,42.57684],[-5.94386,42.57672],[-5.94767,42.5768],[-5.94972,42.57861],[-5.9568,42.58257],[-5.96203,42.58008],[-5.9669,42.5845],[-5.9784,42.58409],[-5.99574,42.58129],[-5.99764,42.59093],[-6.00075,42.59567],[-6.00664,42.59979],[-6.01611,42.60494],[-6.01585,42.60673],[-6.01663,42.60965],[-6.02078,42.61701],[-6.02072,42.61914],[-6.0237,42.61862],[-6.02995,42.6184],[-6.03242,42.61715],[-6.03364,42.61527],[-6.03478,42.61606],[-6.03584,42.61529],[-6.03607,42.61445],[-6.03803,42.61625],[-6.04233,42.61818],[-6.04331,42.61586],[-6.0486,42.61789],[-6.05137,42.61798],[-6.05184,42.6166],[-6.05491,42.61688],[-6.0596,42.61938],[-6.05989,42.62014],[-6.05951,42.62082],[-6.05789,42.62077],[-6.05769,42.62224],[-6.05901,42.62228],[-6.06059,42.62524],[-6.06233,42.62633],[-6.06448,42.62698],[-6.0662,42.629],[-6.0689,42.62189],[-6.07149,42.62172],[-6.07309,42.62202],[-6.07596,42.62336],[-6.07625,42.62515],[-6.07737,42.62715],[-6.08247,42.62947],[-6.08295,42.63028],[-6.08251,42.63134],[-6.08335,42.63071],[-6.08545,42.63041],[-6.09401,42.63035],[-6.10491,42.6297],[-6.10496,42.62616],[-6.11313,42.62564],[-6.1247,42.62657],[-6.13628,42.63152],[-6.13576,42.63072],[-6.13957,42.62939],[-6.1412,42.62688],[-6.14314,42.62539],[-6.14539,42.62555],[-6.1447,42.62478],[-6.14472,42.62398],[-6.14519,42.62417],[-6.14505,42.62357],[-6.14655,42.62174],[-6.14884,42.62136],[-6.15139,42.61995],[-6.15634,42.62076],[-6.15862,42.62156],[-6.15964,42.62139],[-6.16069,42.62011],[-6.16557,42.61993],[-6.16679,42.62052],[-6.16807,42.62035],[-6.17076,42.62091],[-6.17225,42.62092],[-6.17349,42.6205],[-6.17929,42.62181],[-6.18141,42.62178],[-6.18278,42.62089],[-6.18554,42.61993],[-6.18937,42.61925],[-6.19299,42.61901],[-6.19682,42.61942],[-6.20077,42.61896],[-6.20271,42.6194],[-6.20693,42.61949],[-6.20919,42.61681],[-6.21247,42.61638],[-6.20993,42.61424],[-6.21409,42.61224],[-6.21459,42.60994],[-6.21601,42.61021],[-6.21721,42.60817],[-6.22047,42.601],[-6.22083,42.59523],[-6.22124,42.59473],[-6.22599,42.59931],[-6.23719,42.60291],[-6.24297,42.60547],[-6.24329,42.60692],[-6.24189,42.60802],[-6.24181,42.60852],[-6.24373,42.60924],[-6.24434,42.61021],[-6.24648,42.61006],[-6.24681,42.61088],[-6.2477,42.61023],[-6.24788,42.6085],[-6.24875,42.60702],[-6.24997,42.60632],[-6.2515,42.60699],[-6.25286,42.60617],[-6.25352,42.60617],[-6.25509,42.60718],[-6.25569,42.60873],[-6.25629,42.60893],[-6.25854,42.60884],[-6.25935,42.60809],[-6.26111,42.60823],[-6.26087,42.60764],[-6.26737,42.606],[-6.26975,42.60608],[-6.27051,42.60573],[-6.27219,42.60609],[-6.27434,42.60593],[-6.27439,42.60654],[-6.2738,42.60646],[-6.27311,42.6072],[-6.27225,42.60725],[-6.27119,42.60812],[-6.27136,42.60882],[-6.27267,42.60963],[-6.27272,42.61011],[-6.27369,42.60969],[-6.27545,42.61042],[-6.2767,42.61242],[-6.27908,42.61362],[-6.27828,42.61381],[-6.2783,42.61412],[-6.2813,42.61634],[-6.28127,42.61706],[-6.282,42.61653],[-6.28344,42.61673],[-6.28277,42.61795],[-6.28266,42.62088],[-6.28193,42.62226],[-6.27975,42.62455],[-6.28006,42.6253],[-6.2796,42.62564],[-6.28023,42.6268],[-6.27988,42.62803],[-6.28024,42.62816],[-6.28169,42.62648],[-6.28185,42.62454],[-6.28258,42.62434],[-6.28229,42.62507],[-6.28339,42.62443],[-6.28388,42.62354],[-6.28435,42.62414],[-6.28634,42.62418],[-6.28647,42.62518],[-6.28871,42.6256],[-6.29169,42.62551],[-6.29424,42.62382],[-6.29686,42.62432],[-6.29541,42.62515],[-6.29485,42.62721],[-6.29414,42.62784],[-6.29404,42.62966],[-6.29153,42.63065],[-6.29253,42.63321],[-6.28982,42.63435],[-6.28952,42.63527],[-6.28993,42.63666],[-6.28725,42.63733],[-6.28602,42.63937],[-6.28775,42.63978],[-6.28792,42.64047],[-6.28739,42.6415],[-6.28876,42.64191],[-6.2897,42.64283],[-6.29242,42.64301],[-6.29372,42.64365],[-6.29534,42.64391],[-6.29603,42.6436],[-6.2979,42.64367],[-6.29998,42.64412],[-6.30032,42.64345],[-6.3011,42.64313],[-6.30801,42.64105],[-6.31427,42.64097],[-6.31626,42.64053],[-6.31752,42.64071],[-6.31839,42.64146],[-6.3181,42.64272],[-6.32012,42.6432],[-6.32128,42.64301],[-6.32393,42.64197],[-6.32729,42.63904],[-6.32875,42.63892],[-6.3293,42.63929],[-6.33109,42.63842],[-6.33323,42.63902],[-6.33549,42.63878],[-6.33666,42.63718],[-6.33932,42.63516],[-6.34004,42.63552],[-6.33962,42.63599],[-6.343,42.63652],[-6.34615,42.63809],[-6.3467,42.63767],[-6.34763,42.63804],[-6.34982,42.63728],[-6.35436,42.63481],[-6.35583,42.63432],[-6.35619,42.63475],[-6.35702,42.63289],[-6.36199,42.6316],[-6.36268,42.63106],[-6.3681,42.63083],[-6.36915,42.63237],[-6.37096,42.63362],[-6.37149,42.63536],[-6.37286,42.63595],[-6.37226,42.638],[-6.38193,42.63712],[-6.38545,42.63716],[-6.39342,42.63307],[-6.39409,42.63376],[-6.39571,42.63297],[-6.40102,42.63371],[-6.40186,42.63422],[-6.4025,42.63277],[-6.40214,42.62989],[-6.40589,42.62964],[-6.40742,42.62911],[-6.40884,42.62943],[-6.41014,42.62867],[-6.4118,42.62954],[-6.41338,42.62956],[-6.41638,42.63088],[-6.41868,42.63139],[-6.4191,42.6338],[-6.41828,42.63525],[-6.41753,42.63886],[-6.41623,42.64078],[-6.41619,42.64113],[-6.41696,42.64124],[-6.41697,42.64186],[-6.41864,42.64058],[-6.41941,42.64074],[-6.42069,42.63987],[-6.42128,42.64011],[-6.42146,42.63982],[-6.42249,42.63982],[-6.42286,42.64016],[-6.42237,42.64219],[-6.42365,42.64257],[-6.42533,42.64195],[-6.42608,42.64218],[-6.42627,42.64375],[-6.42717,42.64297],[-6.42819,42.64279],[-6.42963,42.64454],[-6.43279,42.64514],[-6.43474,42.6449],[-6.43628,42.64513],[-6.4378,42.6462],[-6.43894,42.6461],[-6.43956,42.64641],[-6.44013,42.64519],[-6.44261,42.64422],[-6.44306,42.64435],[-6.44333,42.64533],[-6.44544,42.64542],[-6.45109,42.64455],[-6.44982,42.6428],[-6.45546,42.64224],[-6.45576,42.64162],[-6.45722,42.64213],[-6.45853,42.64188],[-6.46248,42.64262],[-6.46503,42.64264],[-6.46681,42.6436],[-6.47788,42.64495],[-6.479,42.64614],[-6.48007,42.64896],[-6.47915,42.65068],[-6.48066,42.6519],[-6.48318,42.65285],[-6.48543,42.65341],[-6.48537,42.65243],[-6.48379,42.65086],[-6.48399,42.65035],[-6.48554,42.65026],[-6.48786,42.65162],[-6.48994,42.6518],[-6.49207,42.65327],[-6.49436,42.65216],[-6.49919,42.65334],[-6.50173,42.65469],[-6.50235,42.65547],[-6.50476,42.6549],[-6.50687,42.65549],[-6.50704,42.65691],[-6.50557,42.65967],[-6.5057,42.66204],[-6.50411,42.66331],[-6.50428,42.66446],[-6.50391,42.66507],[-6.503,42.66541],[-6.50274,42.66636],[-6.50287,42.66663],[-6.50855,42.66306],[-6.50823,42.66595],[-6.5073,42.66705],[-6.50474,42.66842],[-6.50402,42.67007],[-6.50372,42.6697],[-6.5012,42.66949],[-6.50113,42.67173],[-6.49986,42.67188],[-6.49991,42.67305],[-6.50198,42.67828],[-6.50381,42.68053],[-6.5053,42.68161],[-6.50624,42.6832],[-6.50616,42.68656],[-6.5053,42.68823],[-6.50485,42.6921],[-6.50633,42.69689],[-6.5077,42.69827],[-6.50815,42.69986],[-6.50994,42.70056],[-6.51038,42.70146],[-6.51339,42.70339],[-6.5118,42.701],[-6.51339,42.69829],[-6.51523,42.69688],[-6.51872,42.69507],[-6.52063,42.69564],[-6.52463,42.69377],[-6.52719,42.69328],[-6.52771,42.69331],[-6.5282,42.69487],[-6.53019,42.69406],[-6.53424,42.69086],[-6.5367,42.68959],[-6.53764,42.68967],[-6.53891,42.69051],[-6.53949,42.69033],[-6.53979,42.68896],[-6.54214,42.68943],[-6.54199,42.68997],[-6.54285,42.69047],[-6.54502,42.6907],[-6.54918,42.69259],[-6.54858,42.69327],[-6.54891,42.69386],[-6.54986,42.69427],[-6.5508,42.69312],[-6.55448,42.69189],[-6.55594,42.69079],[-6.55673,42.69117],[-6.55806,42.69058],[-6.56148,42.68817],[-6.5641,42.68813],[-6.56588,42.68881],[-6.56626,42.68667],[-6.57242,42.68626],[-6.57354,42.68333],[-6.58058,42.67951],[-6.58184,42.67917],[-6.58454,42.67931],[-6.58638,42.67827],[-6.58732,42.67844],[-6.5878,42.67719],[-6.59235,42.67392],[-6.59305,42.67296],[-6.59392,42.66888],[-6.59579,42.66724],[-6.60146,42.66044],[-6.60253,42.65831],[-6.60419,42.65693],[-6.60759,42.65503],[-6.61697,42.65227],[-6.62,42.65017],[-6.62947,42.64675],[-6.63353,42.64423],[-6.6385,42.64303],[-6.6425,42.64259],[-6.64579,42.6437],[-6.64658,42.64444],[-6.64969,42.64429],[-6.65154,42.64547],[-6.65394,42.64441],[-6.65691,42.64549],[-6.66079,42.64587],[-6.66213,42.64576],[-6.66437,42.64474],[-6.66562,42.6453],[-6.66656,42.64291],[-6.666,42.64171],[-6.66596,42.63956],[-6.66369,42.63816],[-6.66283,42.63801],[-6.66273,42.63749],[-6.67174,42.62897],[-6.6739,42.62649],[-6.67416,42.62478],[-6.67727,42.62146],[-6.68112,42.61962],[-6.68427,42.61745],[-6.69046,42.6182],[-6.69185,42.61938],[-6.69382,42.6221],[-6.69414,42.62298],[-6.69377,42.62396],[-6.69489,42.62347],[-6.69466,42.62197],[-6.69513,42.62125],[-6.69773,42.62207],[-6.69866,42.62272],[-6.70119,42.62176],[-6.70316,42.62198],[-6.70689,42.61958],[-6.70678,42.61834],[-6.71046,42.61536],[-6.71407,42.61476],[-6.7154,42.61304],[-6.71721,42.61281],[-6.71713,42.61091],[-6.71867,42.60804],[-6.72143,42.60769],[-6.7253,42.60775],[-6.72659,42.60563],[-6.72775,42.59988],[-6.73138,42.6001],[-6.73415,42.60077],[-6.73524,42.59854],[-6.73758,42.59785],[-6.74009,42.59763],[-6.74027,42.59795],[-6.74227,42.59838],[-6.7431,42.59928],[-6.74381,42.59921],[-6.74391,42.59865],[-6.74613,42.59866],[-6.74661,42.59981],[-6.74704,42.59931],[-6.74899,42.599],[-6.75026,42.59797],[-6.75203,42.59504],[-6.75505,42.59579],[-6.75604,42.59663],[-6.75584,42.5971],[-6.75637,42.5966],[-6.76008,42.59607],[-6.76151,42.59571],[-6.76203,42.59513],[-6.76346,42.5949],[-6.7634,42.59562],[-6.7647,42.5957],[-6.76484,42.59429],[-6.76791,42.59486],[-6.76971,42.59447],[-6.77294,42.59475],[-6.77379,42.59434],[-6.77876,42.59611],[-6.78405,42.59543],[-6.78655,42.59603],[-6.7884,42.59605],[-6.78798,42.59781],[-6.78962,42.59872],[-6.79038,42.5998],[-6.78889,42.59976],[-6.78835,42.6029],[-6.7896,42.60393],[-6.79179,42.60474],[-6.79109,42.60516],[-6.79124,42.60549],[-6.79243,42.60614],[-6.79253,42.60698],[-6.79343,42.60795],[-6.79446,42.60847],[-6.79741,42.60897],[-6.79764,42.60938],[-6.80429,42.6089],[-6.80475,42.6094],[-6.80737,42.6097],[-6.80843,42.60837],[-6.80869,42.60979],[-6.81026,42.60974],[-6.81123,42.60899],[-6.81253,42.60953],[-6.81307,42.61017],[-6.81312,42.61189],[-6.81198,42.61363],[-6.81364,42.61621],[-6.81701,42.61789],[-6.81889,42.61741],[-6.82484,42.62089],[-6.82521,42.62159],[-6.82418,42.62275],[-6.82414,42.62362],[-6.82677,42.6272],[-6.82938,42.62866],[-6.83231,42.62853],[-6.83341,42.62908],[-6.83511,42.63094],[-6.83692,42.63183],[-6.84001,42.63516],[-6.84224,42.6357],[-6.84304,42.6364],[-6.8449,42.63706],[-6.84599,42.63979],[-6.85011,42.6424],[-6.85134,42.64393],[-6.85427,42.64578],[-6.85651,42.646],[-6.85965,42.64991],[-6.86149,42.65133],[-6.86433,42.65701],[-6.8647,42.65954],[-6.86365,42.66155],[-6.86386,42.66315],[-6.86456,42.66321],[-6.8646,42.66422],[-6.86586,42.66538],[-6.8667,42.66584],[-6.86882,42.66598],[-6.8709,42.66906],[-6.87256,42.67017],[-6.87262,42.67143],[-6.87178,42.67258],[-6.87384,42.67466],[-6.87395,42.67589],[-6.8705,42.68121],[-6.87181,42.68493],[-6.872,42.68662],[-6.87159,42.68747],[-6.86674,42.69222],[-6.86359,42.6931],[-6.86372,42.69421],[-6.8644,42.69529],[-6.86724,42.69755],[-6.86846,42.69765],[-6.87094,42.69862],[-6.8716,42.70027],[-6.87107,42.70185],[-6.87236,42.70468],[-6.87587,42.70446],[-6.87738,42.70515],[-6.87673,42.70707],[-6.87805,42.70927],[-6.87788,42.71211],[-6.88013,42.70934],[-6.88027,42.70695],[-6.88675,42.70714],[-6.88923,42.70556],[-6.88984,42.70432],[-6.89092,42.70446],[-6.89275,42.70643],[-6.89478,42.70716],[-6.89616,42.70698],[-6.89678,42.70619],[-6.89913,42.7065],[-6.90055,42.70476],[-6.90011,42.70315],[-6.90089,42.70362],[-6.90298,42.70288],[-6.90496,42.70381],[-6.90501,42.70476],[-6.90614,42.70644],[-6.90451,42.70714],[-6.90421,42.7092],[-6.90312,42.71096],[-6.9036,42.71149],[-6.90495,42.71114],[-6.905,42.71021],[-6.90604,42.70953],[-6.9066,42.7085],[-6.90878,42.70851],[-6.91014,42.70741],[-6.90996,42.70812],[-6.91087,42.70672],[-6.91258,42.70623],[-6.91284,42.70522],[-6.91212,42.70484],[-6.91311,42.70384],[-6.91478,42.70396],[-6.91544,42.7052],[-6.91656,42.70528],[-6.91972,42.70441],[-6.92317,42.7043],[-6.92241,42.70484],[-6.92326,42.7058],[-6.9233,42.70652],[-6.9242,42.70716],[-6.9242,42.7115],[-6.92469,42.71195],[-6.92718,42.71258],[-6.92765,42.71313],[-6.92646,42.71271],[-6.92473,42.71285],[-6.92436,42.71504],[-6.92512,42.71399],[-6.92547,42.71405],[-6.92545,42.71612],[-6.92594,42.71699],[-6.92481,42.72036],[-6.92548,42.7215],[-6.92675,42.72223],[-6.92715,42.72509],[-6.92869,42.72773],[-6.93299,42.72829],[-6.9332,42.72773],[-6.93471,42.72727],[-6.93524,42.72633],[-6.93457,42.72536],[-6.93634,42.72375],[-6.93712,42.72407],[-6.93835,42.7264],[-6.93993,42.7275],[-6.9404,42.72849],[-6.94282,42.72651],[-6.94505,42.72637],[-6.94723,42.72751],[-6.94853,42.72926],[-6.94894,42.73128],[-6.94801,42.73283],[-6.94728,42.73307],[-6.94624,42.73464],[-6.94514,42.7353],[-6.94783,42.73533],[-6.95097,42.73606],[-6.9514,42.73583],[-6.95401,42.73699],[-6.95578,42.74209],[-6.95583,42.7428],[-6.95519,42.74324],[-6.95614,42.7452],[-6.95691,42.74487],[-6.95842,42.74108],[-6.96028,42.74087],[-6.95942,42.74032],[-6.96075,42.73894],[-6.96014,42.73736],[-6.9607,42.73602],[-6.9618,42.73626],[-6.96431,42.73784],[-6.9664,42.73812],[-6.96843,42.73888]]}},{"type":"Feature","properties":{"name":"TET_E-05-CYL-NO_20241226","country":"ES","lengthKm":149.5},"geometry":{"type":"LineString","coordinates":[[-6.00435,43.05841],[-6.00457,43.05752],[-6.00621,43.05681],[-6.00674,43.05495],[-6.00797,43.05309],[-6.01137,43.05248],[-6.01249,43.05118],[-6.01365,43.05082],[-6.01457,43.04985],[-6.0168,43.04926],[-6.01978,43.04901],[-6.02286,43.04986],[-6.0235,43.04952],[-6.01888,43.04602],[-6.01463,43.04558],[-6.01426,43.04475],[-6.0124,43.04317],[-6.01236,43.04137],[-6.01346,43.04049],[-6.01331,43.03948],[-6.01424,43.03662],[-6.01383,43.03642],[-6.01258,43.03684],[-6.01205,43.0362],[-6.01377,43.03494],[-6.0163,43.03406],[-6.0174,43.0325],[-6.01685,43.03239],[-6.01566,43.03351],[-6.01478,43.0337],[-6.01203,43.03196],[-6.00909,43.03158],[-6.0068,43.02867],[-6.00523,43.0283],[-6.00382,43.02683],[-6.00129,43.02558],[-6.00081,43.02473],[-6.00053,43.01757],[-5.99817,43.01163],[-5.99623,43.00843],[-5.99646,43.00605],[-5.9959,43.00254],[-5.99875,42.99761],[-5.99814,42.99275],[-6.00168,42.98169],[-6.00054,42.97585],[-6.00079,42.97181],[-6.00043,42.97135],[-6.00133,42.97056],[-6.00315,42.96604],[-6.00291,42.96105],[-6.00124,42.95819],[-6.00269,42.95444],[-6.00271,42.95087],[-6.00017,42.94831],[-5.99865,42.9478],[-5.99201,42.94306],[-5.98919,42.94295],[-5.98584,42.94215],[-5.98216,42.94283],[-5.98021,42.94272],[-5.97909,42.94229],[-5.97789,42.94107],[-5.97767,42.94037],[-5.97813,42.93922],[-5.97744,42.93832],[-5.9737,42.93782],[-5.97173,42.93841],[-5.9706,42.93833],[-5.96774,42.93548],[-5.96522,42.93353],[-5.96335,42.93272],[-5.96003,42.92873],[-5.95664,42.9275],[-5.95586,42.92659],[-5.95963,42.92409],[-5.96123,42.92242],[-5.96291,42.92172],[-5.96323,42.92049],[-5.96244,42.91866],[-5.96047,42.9168],[-5.95466,42.91622],[-5.95122,42.91382],[-5.95082,42.91218],[-5.95152,42.90938],[-5.94866,42.90679],[-5.94675,42.90569],[-5.94664,42.90234],[-5.94749,42.90082],[-5.94902,42.90103],[-5.94922,42.90169],[-5.95062,42.90197],[-5.95473,42.89957],[-5.95736,42.89863],[-5.95906,42.89871],[-5.96265,42.89774],[-5.96464,42.89762],[-5.96605,42.8952],[-5.96871,42.8938],[-5.97011,42.89381],[-5.97116,42.89319],[-5.97471,42.89339],[-5.97509,42.89046],[-5.97832,42.88895],[-5.97835,42.8872],[-5.97926,42.88675],[-5.97962,42.88603],[-5.98074,42.88588],[-5.98159,42.88492],[-5.98147,42.8834],[-5.9807,42.88293],[-5.98434,42.88284],[-5.9873,42.87988],[-5.98999,42.88032],[-5.99061,42.88094],[-5.99299,42.88142],[-5.99612,42.88081],[-5.99643,42.88161],[-5.99723,42.88197],[-5.99809,42.88157],[-5.99909,42.88168],[-6.00152,42.88024],[-5.99929,42.88106],[-5.99822,42.87964],[-5.99959,42.8793],[-5.99973,42.87795],[-6.00207,42.8763],[-6.00488,42.87534],[-6.00551,42.87476],[-6.00473,42.87421],[-6.00375,42.87174],[-6.00337,42.86819],[-6.00392,42.86657],[-6.00471,42.86638],[-6.00403,42.86491],[-6.00437,42.86297],[-6.00593,42.86062],[-6.00585,42.85854],[-6.00686,42.8553],[-6.00603,42.85424],[-6.0076,42.85401],[-6.00855,42.85455],[-6.00919,42.85356],[-6.00771,42.85303],[-6.00953,42.85293],[-6.01198,42.85128],[-6.01308,42.85126],[-6.01612,42.84831],[-6.01766,42.84841],[-6.01866,42.84794],[-6.01963,42.84441],[-6.02048,42.84387],[-6.02034,42.84203],[-6.0236,42.84232],[-6.02401,42.84035],[-6.02611,42.83988],[-6.02796,42.84009],[-6.03146,42.8432],[-6.03189,42.83826],[-6.03335,42.83702],[-6.03402,42.83727],[-6.03497,42.83613],[-6.03607,42.83635],[-6.03539,42.83451],[-6.03817,42.83302],[-6.03817,42.83187],[-6.03729,42.83122],[-6.03663,42.82899],[-6.03679,42.82816],[-6.03762,42.82693],[-6.04076,42.82475],[-6.04086,42.82402],[-6.03831,42.82206],[-6.03808,42.82089],[-6.04321,42.82011],[-6.04402,42.82065],[-6.04329,42.82162],[-6.04476,42.82168],[-6.04613,42.82088],[-6.04717,42.82081],[-6.04664,42.81986],[-6.04849,42.81868],[-6.04977,42.81983],[-6.0525,42.82071],[-6.05488,42.82206],[-6.05669,42.82235],[-6.05641,42.82289],[-6.05987,42.82301],[-6.05861,42.82119],[-6.05896,42.81999],[-6.0583,42.81889],[-6.05461,42.81594],[-6.05493,42.81548],[-6.05387,42.81284],[-6.05367,42.81052],[-6.05429,42.80949],[-6.05421,42.8083],[-6.05325,42.8069],[-6.05306,42.80555],[-6.05366,42.80392],[-6.05497,42.80369],[-6.05667,42.80424],[-6.0573,42.80375],[-6.05677,42.80322],[-6.05789,42.80322],[-6.05757,42.80267],[-6.05852,42.80171],[-6.05829,42.80077],[-6.05898,42.80064],[-6.05805,42.79979],[-6.05795,42.79876],[-6.05486,42.7956],[-6.0513,42.7938],[-6.04905,42.7932],[-6.04544,42.79116],[-6.04517,42.78987],[-6.04402,42.7892],[-6.04389,42.78839],[-6.04993,42.78717],[-6.0513,42.78764],[-6.05274,42.78963],[-6.05862,42.78995],[-6.06195,42.79165],[-6.06307,42.79177],[-6.06517,42.79104],[-6.06665,42.78941],[-6.068,42.78896],[-6.06755,42.78752],[-6.07136,42.78663],[-6.07458,42.78523],[-6.07725,42.78459],[-6.07883,42.78359],[-6.08021,42.78336],[-6.08317,42.78206],[-6.08474,42.78088],[-6.08604,42.78052],[-6.08847,42.78076],[-6.0917,42.7823],[-6.09565,42.78255],[-6.0974,42.78137],[-6.10012,42.7804],[-6.1043,42.78106],[-6.10766,42.78033],[-6.11266,42.78091],[-6.11797,42.78347],[-6.12241,42.78297],[-6.12445,42.78218],[-6.131,42.78302],[-6.13312,42.7837],[-6.13523,42.78372],[-6.13844,42.7845],[-6.14016,42.78444],[-6.14449,42.78542],[-6.14592,42.7865],[-6.15314,42.78964],[-6.15641,42.79038],[-6.15884,42.79028],[-6.15905,42.78958],[-6.15857,42.78883],[-6.15615,42.78752],[-6.15592,42.78574],[-6.15652,42.78542],[-6.15419,42.78379],[-6.15364,42.78296],[-6.15443,42.78108],[-6.15556,42.78022],[-6.15695,42.7799],[-6.15612,42.77947],[-6.15467,42.77954],[-6.15559,42.77881],[-6.15839,42.77784],[-6.15957,42.77832],[-6.16142,42.77801],[-6.16359,42.77669],[-6.16071,42.77637],[-6.15984,42.77557],[-6.15994,42.77424],[-6.16132,42.77257],[-6.16118,42.771],[-6.15984,42.77087],[-6.15947,42.77002],[-6.15796,42.76981],[-6.15964,42.76844],[-6.15877,42.76476],[-6.16308,42.76732],[-6.17317,42.76856],[-6.1764,42.76966],[-6.18159,42.7695],[-6.18264,42.76999],[-6.18428,42.77008],[-6.18617,42.77146],[-6.18832,42.77158],[-6.19148,42.77294],[-6.19426,42.77559],[-6.19338,42.7776],[-6.19348,42.77862],[-6.19475,42.78069],[-6.19623,42.78139],[-6.19466,42.77882],[-6.19686,42.77955],[-6.19631,42.77896],[-6.1982,42.7787],[-6.19724,42.77846],[-6.19686,42.77789],[-6.1974,42.77794],[-6.19854,42.77675],[-6.19975,42.77614],[-6.2008,42.77474],[-6.20252,42.77396],[-6.20362,42.77274],[-6.20351,42.77046],[-6.20434,42.7695],[-6.20432,42.76838],[-6.20488,42.76747],[-6.20444,42.76672],[-6.2073,42.76336],[-6.20568,42.75985],[-6.20553,42.75567],[-6.20464,42.75394],[-6.20426,42.75136],[-6.20348,42.75013],[-6.20347,42.74789],[-6.20173,42.74619],[-6.20084,42.74449],[-6.19978,42.74362],[-6.19866,42.74363],[-6.19933,42.74285],[-6.20113,42.74251],[-6.20038,42.74206],[-6.19848,42.74195],[-6.19801,42.74106],[-6.19855,42.74056],[-6.20304,42.7406],[-6.20416,42.73876],[-6.20658,42.73702],[-6.20639,42.73601],[-6.20763,42.73479],[-6.20899,42.73241],[-6.20798,42.73094],[-6.20682,42.73074],[-6.20739,42.73018],[-6.20827,42.73011],[-6.20818,42.72986],[-6.20716,42.72952],[-6.20615,42.72967],[-6.20651,42.72945],[-6.20948,42.72883],[-6.20957,42.72949],[-6.21103,42.72952],[-6.2114,42.72927],[-6.21116,42.72817],[-6.21177,42.72795],[-6.21281,42.72888],[-6.21395,42.73124],[-6.21535,42.73191],[-6.21419,42.73262],[-6.21602,42.73241],[-6.21524,42.73283],[-6.21609,42.73356],[-6.21611,42.73313],[-6.2181,42.73314],[-6.21766,42.7336],[-6.21838,42.73374],[-6.21927,42.73349],[-6.21967,42.73248],[-6.22103,42.73321],[-6.22153,42.733],[-6.22013,42.72994],[-6.22047,42.72867],[-6.22013,42.72805],[-6.22073,42.72732],[-6.22089,42.72547],[-6.22385,42.72361],[-6.22507,42.71982],[-6.2237,42.71692],[-6.22209,42.71628],[-6.22227,42.71584],[-6.2216,42.71488],[-6.2183,42.71193],[-6.21885,42.71025],[-6.22183,42.7063],[-6.22264,42.70387],[-6.22543,42.70116],[-6.22931,42.6995],[-6.2299,42.69972],[-6.22974,42.70052],[-6.23018,42.70086],[-6.23188,42.6996],[-6.23472,42.69987],[-6.23549,42.69926],[-6.23477,42.69869],[-6.23492,42.69835],[-6.23758,42.69846],[-6.23843,42.699],[-6.24049,42.69772],[-6.24283,42.69691],[-6.2437,42.69733],[-6.24475,42.69886],[-6.24574,42.69906],[-6.24582,42.70024],[-6.24468,42.70094],[-6.24449,42.70248],[-6.24214,42.70418],[-6.24362,42.70546],[-6.24398,42.70649],[-6.24274,42.70746],[-6.24587,42.70868],[-6.2449,42.71156],[-6.24628,42.71208],[-6.24703,42.71509],[-6.24837,42.71562],[-6.2495,42.71702],[-6.24908,42.71848],[-6.25099,42.71954],[-6.25144,42.72041],[-6.25068,42.72454],[-6.24811,42.72655],[-6.24696,42.72696],[-6.24579,42.72848],[-6.24523,42.73053],[-6.24442,42.73116],[-6.24537,42.73321],[-6.24388,42.73423],[-6.24601,42.73353],[-6.24607,42.73229],[-6.24746,42.73082],[-6.24738,42.72925],[-6.24884,42.72835],[-6.2506,42.72852],[-6.25287,42.72999],[-6.25535,42.72962],[-6.25924,42.73014],[-6.26159,42.72986],[-6.26282,42.7302],[-6.26473,42.72975],[-6.26327,42.72862],[-6.26179,42.72809],[-6.26364,42.72766],[-6.26667,42.72624],[-6.26798,42.72595],[-6.26909,42.72615],[-6.26924,42.72562],[-6.27049,42.72632],[-6.26998,42.72715],[-6.27124,42.7269],[-6.27525,42.72723],[-6.27523,42.72636],[-6.27602,42.72636],[-6.27656,42.72534],[-6.27767,42.72569],[-6.27727,42.72717],[-6.27883,42.72939],[-6.27779,42.73328],[-6.2784,42.73495],[-6.27934,42.73306],[-6.27937,42.73099],[-6.2807,42.73008],[-6.2826,42.73005],[-6.28236,42.72906],[-6.28472,42.72859],[-6.28467,42.7267],[-6.2876,42.72418],[-6.28871,42.7247],[-6.2877,42.72582],[-6.28723,42.72758],[-6.28613,42.72928],[-6.28515,42.72992],[-6.28536,42.73088],[-6.28305,42.73222],[-6.28322,42.73303],[-6.28385,42.73346],[-6.28667,42.73371],[-6.28715,42.73431],[-6.28832,42.73474],[-6.29036,42.73445],[-6.29114,42.73557],[-6.29218,42.73568],[-6.29216,42.73717],[-6.29405,42.73797],[-6.29758,42.73705],[-6.29864,42.7362],[-6.29968,42.73685],[-6.30154,42.73678],[-6.30197,42.73759],[-6.301,42.73814],[-6.30078,42.73936],[-6.30132,42.73993],[-6.30321,42.74067],[-6.30639,42.74036],[-6.30746,42.74059],[-6.30844,42.74258],[-6.30777,42.74243],[-6.30821,42.74318],[-6.30957,42.74357],[-6.30997,42.74462],[-6.31176,42.74558],[-6.3132,42.74507],[-6.31422,42.74696],[-6.31726,42.74624],[-6.31776,42.74736],[-6.31919,42.74781],[-6.3198,42.74885],[-6.32101,42.74883],[-6.32399,42.74774],[-6.32491,42.74969],[-6.32557,42.75007],[-6.32873,42.74964],[-6.32893,42.75199],[-6.32961,42.753],[-6.33383,42.75115],[-6.33478,42.75031],[-6.33877,42.7494],[-6.34005,42.75031],[-6.33945,42.75211],[-6.34058,42.75283],[-6.34214,42.75298],[-6.34447,42.75239],[-6.34448,42.75489],[-6.34604,42.75483],[-6.34884,42.75391],[-6.3513,42.75483],[-6.3522,42.7542],[-6.35329,42.75116],[-6.35409,42.75061],[-6.35117,42.75189],[-6.34842,42.75198],[-6.34775,42.75035],[-6.34636,42.74954],[-6.34409,42.74925],[-6.34499,42.74816],[-6.34441,42.74734],[-6.33957,42.74601],[-6.34046,42.74491],[-6.34257,42.74375],[-6.34252,42.74483],[-6.34315,42.74548],[-6.34577,42.74618],[-6.3481,42.74631],[-6.34968,42.74533],[-6.35013,42.74395],[-6.35095,42.74326],[-6.35347,42.74238],[-6.3558,42.74247],[-6.3573,42.74208],[-6.36082,42.74347],[-6.36297,42.74323],[-6.36484,42.7438],[-6.3681,42.74348],[-6.36887,42.74381],[-6.37237,42.74658],[-6.3728,42.74861],[-6.37568,42.7522],[-6.38068,42.75504],[-6.38227,42.75648],[-6.3844,42.75728],[-6.39035,42.7578],[-6.39081,42.757],[-6.39218,42.75629],[-6.39591,42.75897],[-6.3982,42.75941],[-6.40076,42.75873],[-6.40214,42.75602],[-6.40355,42.75557],[-6.40435,42.75584],[-6.40703,42.75818],[-6.40694,42.75865],[-6.40561,42.75956],[-6.40426,42.76179],[-6.40573,42.76327],[-6.40562,42.76673],[-6.40723,42.76708],[-6.40984,42.76648],[-6.41109,42.76669],[-6.41137,42.76712],[-6.40966,42.76794],[-6.40955,42.76849],[-6.41085,42.76933],[-6.41396,42.77032],[-6.41466,42.77106],[-6.41166,42.77273],[-6.41021,42.77412],[-6.4068,42.77507],[-6.40623,42.77634],[-6.40688,42.77778],[-6.40631,42.77893],[-6.40406,42.78031],[-6.40352,42.78128],[-6.40113,42.78063],[-6.39806,42.7808],[-6.3971,42.78164],[-6.39431,42.78244],[-6.39138,42.78408],[-6.38905,42.78456],[-6.38762,42.78588],[-6.38616,42.78659],[-6.38132,42.78608],[-6.38021,42.78698],[-6.376,42.78863],[-6.37574,42.78972],[-6.37466,42.79054],[-6.37504,42.79133],[-6.37878,42.79176],[-6.3798,42.79226],[-6.38191,42.79477],[-6.38537,42.79754],[-6.38885,42.79745],[-6.39305,42.79852],[-6.39534,42.80161],[-6.39709,42.80172],[-6.39928,42.80078],[-6.40036,42.80071],[-6.40358,42.80186],[-6.40569,42.80193],[-6.40684,42.80286],[-6.41017,42.80342],[-6.41194,42.80434],[-6.41534,42.80407],[-6.42306,42.80481],[-6.42479,42.80462],[-6.42568,42.80416],[-6.42858,42.80565],[-6.43228,42.80423],[-6.43364,42.80457],[-6.43483,42.80342],[-6.43723,42.80285],[-6.44123,42.8024],[-6.4448,42.80279],[-6.44802,42.80183],[-6.44814,42.7994],[-6.44887,42.79897],[-6.451,42.79874],[-6.45232,42.79802],[-6.45542,42.79826],[-6.45748,42.79772],[-6.45959,42.79888],[-6.46068,42.79907],[-6.46176,42.79846],[-6.46402,42.79866],[-6.46541,42.79931],[-6.46675,42.79928],[-6.46764,42.80016],[-6.46949,42.80098],[-6.47118,42.80063],[-6.47485,42.80086],[-6.4779,42.8006],[-6.47834,42.80094],[-6.47893,42.79986],[-6.48042,42.79975],[-6.48203,42.79887],[-6.48335,42.79904],[-6.48494,42.79848],[-6.48749,42.79883],[-6.48879,42.79823],[-6.49066,42.79809],[-6.49512,42.79516],[-6.49699,42.79501],[-6.49872,42.79301],[-6.50073,42.79178],[-6.50135,42.79183],[-6.50173,42.79106],[-6.50348,42.79026],[-6.50411,42.78868],[-6.50566,42.78715],[-6.5064,42.78687],[-6.50766,42.78706],[-6.50592,42.78583],[-6.51053,42.78531],[-6.5133,42.78439],[-6.51196,42.78223],[-6.51283,42.78123],[-6.51396,42.78104],[-6.51356,42.78019],[-6.51438,42.78046],[-6.5138,42.77923],[-6.51545,42.77937],[-6.51671,42.77905],[-6.51716,42.7795],[-6.52328,42.77903],[-6.52617,42.7744],[-6.52701,42.77393],[-6.52639,42.77471],[-6.52654,42.77534],[-6.52739,42.77356],[-6.52937,42.77137],[-6.52994,42.76868],[-6.52926,42.76596],[-6.53074,42.76136],[-6.52943,42.75936],[-6.52917,42.75815],[-6.53527,42.75301],[-6.53527,42.75098],[-6.53333,42.74336],[-6.53359,42.7415],[-6.53221,42.73739],[-6.531,42.73591],[-6.52977,42.73523],[-6.52762,42.73513],[-6.52657,42.73442],[-6.52438,42.72932],[-6.52399,42.72707],[-6.51812,42.72036],[-6.51789,42.71829],[-6.51863,42.71481],[-6.51578,42.71087],[-6.51567,42.70565],[-6.51349,42.70336]]}},{"type":"Feature","properties":{"name":"TET_E-06-AS_20260503","country":"ES","lengthKm":299.1},"geometry":{"type":"LineString","coordinates":[[-4.60005,43.1803],[-4.60203,43.18445],[-4.60549,43.18799],[-4.60344,43.19214],[-4.60027,43.19634],[-4.59491,43.19608],[-4.58944,43.19954],[-4.59032,43.20142],[-4.59332,43.20403],[-4.59509,43.21097],[-4.59227,43.21733],[-4.58768,43.22065],[-4.57832,43.23525],[-4.58344,43.24436],[-4.5877,43.24673],[-4.6117,43.25236],[-4.61523,43.25497],[-4.62388,43.26451],[-4.62935,43.26509],[-4.63553,43.26986],[-4.63747,43.27492],[-4.63553,43.27795],[-4.63182,43.27839],[-4.62741,43.28142],[-4.62617,43.2859],[-4.60852,43.29545],[-4.60552,43.30528],[-4.6087,43.31438],[-4.60658,43.3154],[-4.60676,43.31872],[-4.60446,43.32075],[-4.59211,43.32017],[-4.58629,43.32248],[-4.58417,43.32552],[-4.59052,43.32754],[-4.59846,43.32262],[-4.60129,43.3232],[-4.60746,43.32277],[-4.61046,43.32205],[-4.61258,43.31944],[-4.61664,43.31742],[-4.6237,43.31944],[-4.62705,43.31973],[-4.63341,43.32103],[-4.64541,43.32696],[-4.65918,43.32942],[-4.66535,43.32985],[-4.67524,43.32523],[-4.67859,43.3245],[-4.677,43.31843],[-4.67965,43.31626],[-4.68512,43.31554],[-4.69147,43.31525],[-4.69783,43.31612],[-4.70332,43.31639],[-4.70773,43.31769],[-4.71338,43.31783],[-4.71726,43.3148],[-4.72167,43.31407],[-4.7282,43.31234],[-4.73739,43.30676],[-4.74412,43.30398],[-4.748,43.30036],[-4.75347,43.29747],[-4.76311,43.29602],[-4.76893,43.2966],[-4.77264,43.29616],[-4.77934,43.29657],[-4.78259,43.29735],[-4.78555,43.29909],[-4.78807,43.29979],[-4.79455,43.29818],[-4.79889,43.29822],[-4.80112,43.29887],[-4.80452,43.30063],[-4.80859,43.30067],[-4.80964,43.30152],[-4.81541,43.30189],[-4.81606,43.30258],[-4.81779,43.30293],[-4.82592,43.30611],[-4.82754,43.30733],[-4.83309,43.30812],[-4.83764,43.31062],[-4.83925,43.31276],[-4.84157,43.31378],[-4.8425,43.31487],[-4.84466,43.31483],[-4.84613,43.31571],[-4.85343,43.31597],[-4.85774,43.317],[-4.86058,43.31678],[-4.86247,43.31619],[-4.86336,43.31509],[-4.86577,43.31496],[-4.86818,43.31563],[-4.87191,43.31693],[-4.87335,43.31858],[-4.87299,43.32087],[-4.87339,43.32113],[-4.87388,43.32086],[-4.87336,43.32147],[-4.87353,43.32202],[-4.87432,43.32261],[-4.87666,43.32332],[-4.87789,43.32466],[-4.87839,43.32862],[-4.87892,43.3289],[-4.87983,43.32768],[-4.87968,43.32616],[-4.87887,43.32469],[-4.87941,43.32382],[-4.87944,43.3211],[-4.88006,43.32063],[-4.88008,43.32112],[-4.88196,43.32156],[-4.88341,43.32401],[-4.88521,43.3243],[-4.8871,43.3257],[-4.8865,43.3265],[-4.88713,43.32791],[-4.88705,43.33067],[-4.88855,43.33417],[-4.89001,43.33393],[-4.89023,43.33343],[-4.89285,43.33302],[-4.89454,43.33316],[-4.89551,43.3336],[-4.89462,43.3343],[-4.89518,43.335],[-4.89795,43.33605],[-4.89935,43.33719],[-4.9022,43.33807],[-4.90523,43.33736],[-4.90795,43.3357],[-4.91208,43.3364],[-4.91467,43.33833],[-4.9164,43.33756],[-4.92196,43.33757],[-4.92492,43.33873],[-4.92679,43.33886],[-4.92789,43.33954],[-4.93017,43.33959],[-4.93225,43.33796],[-4.9343,43.33802],[-4.93669,43.33704],[-4.94042,43.33644],[-4.94445,43.3351],[-4.94622,43.33507],[-4.94903,43.33413],[-4.95195,43.33405],[-4.95505,43.33513],[-4.96365,43.33518],[-4.96972,43.33472],[-4.97256,43.33513],[-4.9753,43.33625],[-4.99202,43.33787],[-4.99808,43.33716],[-5.00154,43.33768],[-5.00392,43.33737],[-5.00569,43.33759],[-5.00722,43.33858],[-5.0103,43.33914],[-5.01144,43.34013],[-5.01354,43.34088],[-5.01536,43.34252],[-5.01677,43.34533],[-5.02268,43.34872],[-5.02436,43.34859],[-5.02897,43.34723],[-5.04387,43.34613],[-5.0463,43.34494],[-5.0497,43.34403],[-5.05112,43.34453],[-5.05247,43.34719],[-5.05524,43.34817],[-5.05869,43.34776],[-5.06087,43.34697],[-5.06751,43.34837],[-5.0685,43.34781],[-5.06899,43.3461],[-5.07115,43.34513],[-5.07385,43.34573],[-5.07829,43.34763],[-5.08246,43.34795],[-5.08643,43.34694],[-5.08378,43.34382],[-5.08462,43.34021],[-5.08566,43.33932],[-5.08559,43.33704],[-5.08668,43.33991],[-5.0866,43.34191],[-5.08768,43.33998],[-5.08794,43.33778],[-5.08877,43.33677],[-5.08986,43.33689],[-5.08985,43.33537],[-5.09243,43.33394],[-5.09684,43.33523],[-5.09906,43.33347],[-5.09713,43.32632],[-5.09896,43.32578],[-5.09945,43.32517],[-5.09832,43.32354],[-5.0986,43.323],[-5.09656,43.32215],[-5.09721,43.32116],[-5.0962,43.32108],[-5.09648,43.32055],[-5.09754,43.32034],[-5.09691,43.31956],[-5.09758,43.31864],[-5.09684,43.31698],[-5.09775,43.31613],[-5.09807,43.31707],[-5.09867,43.31663],[-5.09856,43.31616],[-5.09997,43.31666],[-5.09981,43.31618],[-5.10086,43.31455],[-5.10296,43.315],[-5.1038,43.31643],[-5.10495,43.3169],[-5.10623,43.31695],[-5.10703,43.31769],[-5.10747,43.31767],[-5.10757,43.31726],[-5.10863,43.31897],[-5.10755,43.32046],[-5.10756,43.32155],[-5.10987,43.32348],[-5.11191,43.32678],[-5.11446,43.3231],[-5.11537,43.32271],[-5.11736,43.32289],[-5.11973,43.32906],[-5.12107,43.32747],[-5.1204,43.32622],[-5.12057,43.32569],[-5.12239,43.32497],[-5.12157,43.32266],[-5.12243,43.32163],[-5.12383,43.321],[-5.12519,43.32136],[-5.12732,43.32127],[-5.12492,43.32281],[-5.12558,43.3237],[-5.12757,43.32494],[-5.12752,43.3257],[-5.12795,43.32518],[-5.12774,43.32434],[-5.12843,43.32484],[-5.1284,43.32603],[-5.12785,43.32667],[-5.12815,43.32732],[-5.12996,43.32661],[-5.13016,43.32621],[-5.1345,43.32469],[-5.13745,43.32449],[-5.13856,43.32493],[-5.13957,43.32372],[-5.14192,43.32458],[-5.14319,43.32605],[-5.14315,43.32657],[-5.14366,43.3267],[-5.14723,43.32476],[-5.14909,43.32493],[-5.15141,43.32306],[-5.15931,43.31887],[-5.16061,43.31732],[-5.16267,43.31606],[-5.1639,43.31377],[-5.16729,43.31233],[-5.16985,43.31066],[-5.17128,43.31032],[-5.17492,43.30759],[-5.17585,43.30736],[-5.17449,43.30928],[-5.17448,43.31003],[-5.1759,43.31058],[-5.1768,43.31249],[-5.17661,43.31362],[-5.17638,43.31409],[-5.17465,43.31437],[-5.17366,43.31526],[-5.17441,43.31598],[-5.17328,43.31803],[-5.17131,43.31838],[-5.17107,43.31947],[-5.17253,43.32027],[-5.17213,43.32168],[-5.17269,43.32156],[-5.17262,43.32234],[-5.17207,43.32374],[-5.17019,43.32486],[-5.16966,43.32425],[-5.16854,43.32409],[-5.16635,43.32488],[-5.16636,43.32609],[-5.16469,43.32585],[-5.16382,43.32608],[-5.16329,43.32713],[-5.16112,43.3273],[-5.1598,43.32882],[-5.15997,43.32966],[-5.15926,43.32968],[-5.15869,43.33056],[-5.15654,43.33076],[-5.15525,43.33235],[-5.15337,43.33252],[-5.151,43.33393],[-5.14888,43.33698],[-5.14613,43.33886],[-5.14488,43.34047],[-5.14507,43.34109],[-5.14375,43.34142],[-5.14287,43.34261],[-5.14309,43.3433],[-5.14716,43.34455],[-5.14913,43.34465],[-5.14918,43.34387],[-5.1499,43.34495],[-5.15049,43.34343],[-5.15198,43.34328],[-5.15202,43.34272],[-5.15295,43.34328],[-5.15392,43.34315],[-5.15519,43.34501],[-5.15457,43.34689],[-5.15832,43.34677],[-5.15778,43.34737],[-5.15798,43.34776],[-5.16093,43.34913],[-5.16066,43.35006],[-5.16177,43.35103],[-5.16088,43.35181],[-5.16554,43.35152],[-5.16583,43.35289],[-5.16521,43.35386],[-5.16804,43.35588],[-5.16796,43.35825],[-5.1692,43.35945],[-5.1708,43.36268],[-5.1718,43.36344],[-5.17075,43.36431],[-5.169,43.36419],[-5.16847,43.36461],[-5.16921,43.36469],[-5.17047,43.36592],[-5.17007,43.36663],[-5.17374,43.36706],[-5.17605,43.36675],[-5.17744,43.36695],[-5.17791,43.36611],[-5.17735,43.36466],[-5.17907,43.36565],[-5.17999,43.36672],[-5.18433,43.36679],[-5.18446,43.368],[-5.18532,43.36891],[-5.18921,43.36778],[-5.19188,43.3675],[-5.19283,43.36655],[-5.19285,43.36506],[-5.19558,43.36221],[-5.19719,43.36402],[-5.19855,43.36477],[-5.19577,43.36676],[-5.19662,43.3675],[-5.19866,43.36726],[-5.19977,43.36801],[-5.19972,43.37192],[-5.20234,43.37244],[-5.20355,43.37335],[-5.20475,43.3748],[-5.20515,43.37685],[-5.20759,43.37726],[-5.2104,43.37899],[-5.21041,43.37968],[-5.21089,43.37997],[-5.2144,43.38071],[-5.21411,43.3818],[-5.21549,43.38274],[-5.21559,43.38341],[-5.21682,43.38418],[-5.21688,43.38492],[-5.218,43.38563],[-5.21867,43.38744],[-5.22536,43.38712],[-5.22569,43.3857],[-5.22704,43.3853],[-5.22782,43.3844],[-5.22853,43.38493],[-5.23271,43.38412],[-5.23366,43.38461],[-5.23749,43.38337],[-5.23791,43.38365],[-5.23785,43.38291],[-5.24153,43.38214],[-5.2463,43.38341],[-5.24715,43.3833],[-5.24695,43.38273],[-5.24868,43.38193],[-5.2501,43.38324],[-5.25279,43.38444],[-5.25449,43.3835],[-5.25598,43.38334],[-5.25715,43.38449],[-5.2584,43.384],[-5.25952,43.38285],[-5.26184,43.38227],[-5.26251,43.3814],[-5.26441,43.38138],[-5.26899,43.38007],[-5.26932,43.3793],[-5.27038,43.3787],[-5.27189,43.37988],[-5.27164,43.3811],[-5.27295,43.38193],[-5.27602,43.38093],[-5.27673,43.38033],[-5.27665,43.37981],[-5.27716,43.38027],[-5.27823,43.38018],[-5.279,43.38085],[-5.27831,43.38136],[-5.27881,43.38152],[-5.28147,43.38065],[-5.28217,43.38102],[-5.28395,43.38056],[-5.28523,43.38066],[-5.28751,43.38153],[-5.29022,43.38328],[-5.29265,43.38376],[-5.29527,43.3849],[-5.29795,43.38454],[-5.30087,43.38491],[-5.29976,43.38504],[-5.30099,43.38539],[-5.29734,43.38599],[-5.297,43.38633],[-5.29791,43.38718],[-5.29989,43.38794],[-5.30029,43.38858],[-5.30177,43.38806],[-5.30274,43.38811],[-5.30368,43.38927],[-5.30334,43.39094],[-5.30627,43.39189],[-5.30768,43.39158],[-5.30796,43.39113],[-5.30839,43.39121],[-5.30847,43.39184],[-5.31075,43.39117],[-5.31093,43.39056],[-5.3123,43.39005],[-5.31214,43.38943],[-5.31301,43.38939],[-5.31263,43.38782],[-5.31391,43.38353],[-5.3157,43.38693],[-5.31706,43.38821],[-5.31991,43.38927],[-5.3211,43.39012],[-5.32235,43.39005],[-5.32626,43.39149],[-5.3267,43.39086],[-5.32597,43.38988],[-5.32761,43.39034],[-5.32717,43.38961],[-5.32614,43.38917],[-5.32704,43.38898],[-5.33077,43.39047],[-5.33407,43.39089],[-5.33495,43.39167],[-5.33674,43.39122],[-5.33967,43.39186],[-5.3406,43.39113],[-5.3424,43.39081],[-5.34298,43.38959],[-5.34189,43.38569],[-5.3442,43.3865],[-5.34405,43.38527],[-5.3462,43.38542],[-5.34654,43.38471],[-5.34742,43.38424],[-5.34714,43.38287],[-5.3497,43.38195],[-5.34827,43.38108],[-5.35019,43.37957],[-5.35655,43.37722],[-5.35741,43.37624],[-5.36041,43.3752],[-5.36216,43.37524],[-5.36243,43.37704],[-5.3632,43.37752],[-5.36296,43.37631],[-5.36374,43.37577],[-5.36405,43.37487],[-5.36957,43.37272],[-5.37475,43.37192],[-5.37792,43.37004],[-5.38214,43.36678],[-5.38264,43.36551],[-5.38199,43.36457],[-5.38302,43.36349],[-5.3831,43.36274],[-5.38615,43.36113],[-5.38605,43.36061],[-5.39079,43.36165],[-5.39716,43.36036],[-5.39769,43.35993],[-5.3972,43.35942],[-5.3973,43.35861],[-5.39841,43.35774],[-5.39774,43.35709],[-5.39636,43.3575],[-5.39557,43.35725],[-5.39589,43.35689],[-5.39542,43.35668],[-5.39448,43.35693],[-5.39652,43.35405],[-5.39472,43.3549],[-5.39411,43.35445],[-5.39692,43.35172],[-5.39639,43.35091],[-5.3978,43.34983],[-5.39781,43.34923],[-5.39914,43.34918],[-5.39819,43.34775],[-5.3997,43.34684],[-5.40122,43.34677],[-5.40308,43.34611],[-5.4043,43.34641],[-5.40491,43.34721],[-5.40583,43.34696],[-5.41353,43.34283],[-5.41569,43.34217],[-5.41626,43.34176],[-5.41632,43.34044],[-5.41793,43.34007],[-5.41923,43.33927],[-5.42033,43.33775],[-5.42382,43.33614],[-5.42523,43.33444],[-5.42628,43.33395],[-5.42701,43.33401],[-5.42597,43.3334],[-5.4243,43.33356],[-5.42636,43.33227],[-5.42402,43.33258],[-5.42681,43.33015],[-5.42828,43.3297],[-5.42638,43.3291],[-5.42457,43.32919],[-5.42491,43.3284],[-5.42413,43.32804],[-5.42189,43.32834],[-5.42476,43.3269],[-5.42607,43.32693],[-5.4272,43.32744],[-5.42963,43.32739],[-5.42854,43.32585],[-5.42927,43.32495],[-5.4288,43.32456],[-5.42895,43.32408],[-5.43395,43.32136],[-5.43347,43.32054],[-5.43618,43.31913],[-5.43708,43.31648],[-5.43762,43.31674],[-5.43895,43.31599],[-5.43991,43.31596],[-5.43936,43.31731],[-5.44033,43.31728],[-5.44129,43.31666],[-5.44247,43.31686],[-5.44396,43.31807],[-5.44466,43.31764],[-5.44525,43.31676],[-5.44467,43.31688],[-5.44553,43.31533],[-5.44543,43.31388],[-5.44685,43.31156],[-5.4464,43.30966],[-5.44727,43.30879],[-5.44816,43.3091],[-5.44801,43.30872],[-5.44914,43.30831],[-5.44968,43.3072],[-5.44968,43.30616],[-5.44921,43.30581],[-5.44719,43.30559],[-5.44576,43.30592],[-5.44502,43.30514],[-5.44301,43.30594],[-5.44219,43.30705],[-5.44044,43.3076],[-5.43854,43.30879],[-5.43775,43.309],[-5.43738,43.30844],[-5.43563,43.30956],[-5.43296,43.31014],[-5.42934,43.3128],[-5.42689,43.31159],[-5.42529,43.31173],[-5.42235,43.31392],[-5.41932,43.31508],[-5.41836,43.31637],[-5.41752,43.31545],[-5.41713,43.31587],[-5.41551,43.31612],[-5.41476,43.31689],[-5.41244,43.31793],[-5.41389,43.31635],[-5.41485,43.31418],[-5.41626,43.31409],[-5.41781,43.31272],[-5.4187,43.31276],[-5.41819,43.31087],[-5.41867,43.31011],[-5.42002,43.30977],[-5.42122,43.30832],[-5.42286,43.30784],[-5.42394,43.30869],[-5.42633,43.30807],[-5.42616,43.30664],[-5.42706,43.30593],[-5.42576,43.30436],[-5.42617,43.30306],[-5.42797,43.30165],[-5.42868,43.30146],[-5.42963,43.30185],[-5.42989,43.30101],[-5.43074,43.30103],[-5.43032,43.30015],[-5.43098,43.29949],[-5.42914,43.2994],[-5.42768,43.29776],[-5.42872,43.2973],[-5.42877,43.29652],[-5.43044,43.29594],[-5.42944,43.29558],[-5.42835,43.29326],[-5.42949,43.29227],[-5.43225,43.2913],[-5.43076,43.29133],[-5.43163,43.29099],[-5.42983,43.29088],[-5.4263,43.29131],[-5.4283,43.29004],[-5.43332,43.29004],[-5.43479,43.29074],[-5.43637,43.29076],[-5.4372,43.29147],[-5.43938,43.2913],[-5.44095,43.29205],[-5.4425,43.2916],[-5.44385,43.29264],[-5.44669,43.29158],[-5.44791,43.29167],[-5.44911,43.29126],[-5.45069,43.29204],[-5.45259,43.29114],[-5.45381,43.29147],[-5.45513,43.29133],[-5.45625,43.29066],[-5.4566,43.29099],[-5.45764,43.2904],[-5.45729,43.29071],[-5.45751,43.29182],[-5.45982,43.29314],[-5.46451,43.2941],[-5.46416,43.29436],[-5.46458,43.29456],[-5.46728,43.29445],[-5.46916,43.29476],[-5.47118,43.29548],[-5.47229,43.29654],[-5.47294,43.29601],[-5.47521,43.29749],[-5.4782,43.29727],[-5.47841,43.29891],[-5.47695,43.29895],[-5.47781,43.29922],[-5.47832,43.3001],[-5.47889,43.29934],[-5.47974,43.29933],[-5.48133,43.30085],[-5.48189,43.30171],[-5.48008,43.30095],[-5.48095,43.30162],[-5.481,43.30295],[-5.4855,43.30415],[-5.48592,43.30361],[-5.48689,43.30367],[-5.48767,43.30478],[-5.48942,43.30546],[-5.48969,43.30638],[-5.49054,43.30709],[-5.48951,43.30764],[-5.49345,43.30822],[-5.49239,43.30898],[-5.49277,43.30985],[-5.49307,43.30912],[-5.49417,43.30856],[-5.49359,43.30953],[-5.49384,43.31077],[-5.49451,43.31105],[-5.49604,43.31068],[-5.49628,43.3117],[-5.49783,43.31272],[-5.49555,43.31378],[-5.49531,43.31426],[-5.49683,43.3155],[-5.49867,43.31806],[-5.50055,43.31932],[-5.50007,43.3208],[-5.50103,43.32028],[-5.50203,43.31882],[-5.50424,43.31819],[-5.50503,43.31758],[-5.50613,43.31592],[-5.50815,43.31528],[-5.50947,43.31614],[-5.51097,43.31615],[-5.51215,43.31699],[-5.51315,43.31666],[-5.51523,43.31686],[-5.5165,43.31661],[-5.51708,43.31713],[-5.52058,43.31476],[-5.52072,43.31522],[-5.52291,43.3146],[-5.52266,43.31359],[-5.52149,43.31249],[-5.5215,43.3115],[-5.52037,43.31019],[-5.52053,43.30941],[-5.51993,43.30798],[-5.519,43.30765],[-5.51783,43.30622],[-5.51667,43.3061],[-5.51503,43.30504],[-5.51456,43.30267],[-5.51348,43.30105],[-5.51307,43.2993],[-5.51333,43.2986],[-5.51482,43.29785],[-5.51549,43.29696],[-5.51622,43.2966],[-5.5167,43.29676],[-5.51795,43.29593],[-5.51829,43.29504],[-5.5202,43.29576],[-5.52024,43.2944],[-5.52126,43.29441],[-5.5223,43.29369],[-5.52333,43.29133],[-5.52329,43.29018],[-5.52415,43.28944],[-5.5248,43.28981],[-5.52415,43.289],[-5.52195,43.28947],[-5.52329,43.28771],[-5.52313,43.28699],[-5.52384,43.28691],[-5.52199,43.28624],[-5.51771,43.28638],[-5.51639,43.28541],[-5.51495,43.28528],[-5.51441,43.28557],[-5.514,43.28431],[-5.51256,43.2851],[-5.51219,43.2828],[-5.51035,43.28198],[-5.50985,43.27937],[-5.51076,43.27766],[-5.51056,43.27584],[-5.51127,43.27557],[-5.51073,43.27491],[-5.51096,43.27416],[-5.51193,43.27349],[-5.51071,43.27157],[-5.51069,43.26901],[-5.51167,43.26778],[-5.51353,43.26794],[-5.51585,43.26647],[-5.51694,43.26443],[-5.51683,43.26246],[-5.51657,43.26211],[-5.51614,43.26343],[-5.51447,43.26464],[-5.5148,43.26309],[-5.51377,43.26184],[-5.51366,43.26233],[-5.5129,43.26102],[-5.51215,43.26151],[-5.51107,43.26051],[-5.51037,43.26032],[-5.50988,43.26083],[-5.50816,43.26025],[-5.50867,43.25689],[-5.50722,43.25498],[-5.50655,43.25486],[-5.50637,43.2542],[-5.50345,43.2524],[-5.50348,43.25006],[-5.50174,43.24896],[-5.50134,43.24647],[-5.50187,43.24578],[-5.50165,43.24458],[-5.49995,43.24387],[-5.50123,43.24308],[-5.50179,43.24167],[-5.50315,43.2405],[-5.50311,43.23949],[-5.50444,43.23769],[-5.50451,43.23672],[-5.50368,43.23674],[-5.50416,43.23566],[-5.50398,43.23452],[-5.50821,43.23525],[-5.51249,43.23366],[-5.51383,43.23353],[-5.51663,43.23425],[-5.51925,43.23421],[-5.52307,43.23536],[-5.52575,43.23503],[-5.53016,43.23298],[-5.53207,43.23262],[-5.53394,43.23302],[-5.53723,43.23476],[-5.54047,43.23562],[-5.54223,43.23548],[-5.54789,43.23634],[-5.55231,43.23521],[-5.55636,43.23558],[-5.55606,43.23472],[-5.55509,43.23428],[-5.5553,43.23341],[-5.55441,43.23314],[-5.55399,43.23248],[-5.55241,43.23321],[-5.55273,43.23244],[-5.55214,43.23132],[-5.55287,43.22879],[-5.55458,43.22776],[-5.55459,43.22736],[-5.55315,43.2262],[-5.55227,43.22611],[-5.55222,43.22675],[-5.55119,43.22559],[-5.551,43.226],[-5.54948,43.22523],[-5.5494,43.22281],[-5.54883,43.22228],[-5.54741,43.2221],[-5.54651,43.22384],[-5.54615,43.22331],[-5.54626,43.22174],[-5.54787,43.22046],[-5.54692,43.22003],[-5.54732,43.21837],[-5.54943,43.21655],[-5.54846,43.21593],[-5.54837,43.21516],[-5.54954,43.21434],[-5.54877,43.21275],[-5.54971,43.21143],[-5.54876,43.21077],[-5.54825,43.20929],[-5.5492,43.20804],[-5.5506,43.20722],[-5.55003,43.20664],[-5.55087,43.20483],[-5.54967,43.20331],[-5.54992,43.20247],[-5.55143,43.20094],[-5.55352,43.20048],[-5.55477,43.19962],[-5.55563,43.19867],[-5.55579,43.19726],[-5.55513,43.19594],[-5.55533,43.19552],[-5.55644,43.19533],[-5.55579,43.19575],[-5.55603,43.19646],[-5.55625,43.19587],[-5.55717,43.19581],[-5.5569,43.19622],[-5.5588,43.19545],[-5.56079,43.19738],[-5.56231,43.19721],[-5.56325,43.19892],[-5.56568,43.19957],[-5.56796,43.20155],[-5.56752,43.20242],[-5.5683,43.20193],[-5.56726,43.19809],[-5.5688,43.19764],[-5.56848,43.1957],[-5.57093,43.19539],[-5.56964,43.19372],[-5.56966,43.19298],[-5.57127,43.19266],[-5.57162,43.19069],[-5.57265,43.1902],[-5.57418,43.19022],[-5.57455,43.1898],[-5.57399,43.18826],[-5.57481,43.18563],[-5.57074,43.18509],[-5.57054,43.18385],[-5.5713,43.18252],[-5.57061,43.18283],[-5.57084,43.18101],[-5.56996,43.18009],[-5.57097,43.17965],[-5.57238,43.17785],[-5.57246,43.1766],[-5.57475,43.17615],[-5.57608,43.1747],[-5.57521,43.17476],[-5.57475,43.17519],[-5.57517,43.17438],[-5.57435,43.1745],[-5.57588,43.17292],[-5.57687,43.1699],[-5.57516,43.16862],[-5.57583,43.16858],[-5.57602,43.16767],[-5.57543,43.16642],[-5.57529,43.16319],[-5.57463,43.16214],[-5.57523,43.16065],[-5.57439,43.15944],[-5.57565,43.15864],[-5.5769,43.15637],[-5.57755,43.15643],[-5.57824,43.15572],[-5.57675,43.15451],[-5.577,43.15291],[-5.57647,43.15247],[-5.57725,43.15239],[-5.5797,43.15333],[-5.58098,43.15295],[-5.58289,43.15306],[-5.5833,43.15267],[-5.58462,43.153],[-5.58412,43.15262],[-5.58398,43.15146],[-5.58468,43.15077],[-5.58223,43.15005],[-5.58257,43.14927],[-5.58043,43.14656],[-5.58072,43.14584],[-5.58025,43.14494],[-5.5797,43.14449],[-5.57802,43.14519],[-5.57876,43.14404],[-5.57838,43.14387],[-5.57881,43.14298],[-5.57983,43.14259],[-5.57839,43.14116],[-5.57503,43.13925],[-5.57338,43.13902],[-5.57276,43.13856],[-5.57224,43.13584],[-5.56821,43.13137],[-5.56622,43.13035],[-5.56511,43.12537],[-5.56419,43.12434],[-5.56465,43.1228],[-5.56908,43.11561],[-5.57233,43.11254],[-5.57278,43.11055],[-5.57405,43.10835],[-5.57533,43.10862],[-5.57781,43.10696],[-5.57896,43.10757],[-5.57773,43.10756],[-5.57923,43.10822],[-5.58086,43.10969],[-5.58227,43.11012],[-5.58341,43.11001],[-5.5843,43.10903],[-5.58481,43.11004],[-5.58609,43.10958],[-5.5908,43.10965],[-5.59022,43.11037],[-5.59059,43.11125],[-5.59368,43.11016],[-5.59577,43.11],[-5.60076,43.10867],[-5.60168,43.10595],[-5.60142,43.10521],[-5.59988,43.10497],[-5.59761,43.10525],[-5.59789,43.10457],[-5.59626,43.10456],[-5.59512,43.10323],[-5.59407,43.10273],[-5.59176,43.10288],[-5.59046,43.10194],[-5.59025,43.10124],[-5.59131,43.10071],[-5.59503,43.09995],[-5.5966,43.09863],[-5.59616,43.10036],[-5.59728,43.09921],[-5.59867,43.09852],[-5.59823,43.09916],[-5.59903,43.09888],[-5.60051,43.09756],[-5.60075,43.09503],[-5.60205,43.09685],[-5.60405,43.09722],[-5.60528,43.09611],[-5.60462,43.09612],[-5.60474,43.09557],[-5.60366,43.09543],[-5.60379,43.09448],[-5.60519,43.09322],[-5.60615,43.09357],[-5.60881,43.09217],[-5.60946,43.09326],[-5.61111,43.0941],[-5.61228,43.09433],[-5.61411,43.09389],[-5.61738,43.09503],[-5.61911,43.09789],[-5.62034,43.09839],[-5.6223,43.10074],[-5.62275,43.10216],[-5.62248,43.10354],[-5.62054,43.10596],[-5.62097,43.1064],[-5.62257,43.10571],[-5.62299,43.1048],[-5.62435,43.1041],[-5.6279,43.10431],[-5.6293,43.10488],[-5.62808,43.10302],[-5.62643,43.10302],[-5.62493,43.10229],[-5.62545,43.10002],[-5.62417,43.09847],[-5.62446,43.09794],[-5.624,43.09617],[-5.62469,43.09426],[-5.62411,43.09173],[-5.62585,43.0905],[-5.62452,43.08911],[-5.6242,43.08753],[-5.62474,43.08721],[-5.62503,43.08582],[-5.62471,43.08418],[-5.62557,43.08385],[-5.62628,43.08298],[-5.62669,43.07998],[-5.62484,43.07882],[-5.62475,43.07795],[-5.62835,43.07746],[-5.62861,43.07693],[-5.62809,43.07623],[-5.62853,43.07582],[-5.62993,43.07685],[-5.62997,43.07567],[-5.63128,43.07599],[-5.63253,43.07783],[-5.63457,43.07791],[-5.63542,43.07911],[-5.63706,43.07881],[-5.63705,43.07924],[-5.63793,43.07871],[-5.63889,43.0793],[-5.63983,43.07907],[-5.64029,43.07939],[-5.64036,43.08152],[-5.63948,43.08223],[-5.64048,43.08282],[-5.64184,43.0825],[-5.64281,43.08375],[-5.64463,43.08442],[-5.64429,43.08532],[-5.64334,43.08601],[-5.64382,43.08667],[-5.64637,43.08803],[-5.6492,43.08834],[-5.6501,43.08926],[-5.65133,43.08976],[-5.65288,43.08902],[-5.65384,43.0877],[-5.65616,43.08753],[-5.65811,43.08659],[-5.65827,43.08756],[-5.65906,43.08712],[-5.66022,43.08754],[-5.66252,43.08571],[-5.66319,43.08456],[-5.6645,43.08498],[-5.66658,43.08437],[-5.66579,43.08505],[-5.66697,43.08462],[-5.66814,43.08309],[-5.66805,43.08207],[-5.67033,43.0791],[-5.67112,43.07657],[-5.67152,43.07642],[-5.67168,43.07704],[-5.6726,43.07745],[-5.67152,43.07471],[-5.67326,43.07597],[-5.67261,43.0739],[-5.67174,43.07368],[-5.67143,43.07273],[-5.67226,43.07332],[-5.67256,43.07341],[-5.67247,43.07296],[-5.67292,43.0732],[-5.67302,43.07234],[-5.67187,43.07169],[-5.67284,43.07191],[-5.67291,43.07157],[-5.67367,43.07177],[-5.67397,43.07249],[-5.67502,43.07309],[-5.67537,43.07439],[-5.67665,43.07517],[-5.6775,43.07634],[-5.67814,43.07657],[-5.67936,43.07617],[-5.67878,43.0799],[-5.67966,43.0798],[-5.6821,43.07814],[-5.68205,43.07745],[-5.68103,43.07695],[-5.68636,43.07704],[-5.6861,43.07646],[-5.68844,43.07682],[-5.68797,43.07645],[-5.68949,43.07646],[-5.69484,43.07816],[-5.69688,43.08116],[-5.70015,43.08369],[-5.70007,43.08019],[-5.70024,43.08057],[-5.70127,43.07959],[-5.70087,43.08045],[-5.7012,43.08108],[-5.7013,43.08035],[-5.70261,43.0797],[-5.70209,43.08061],[-5.70339,43.07947],[-5.70341,43.07895],[-5.70375,43.07961],[-5.70329,43.08079],[-5.70445,43.08159],[-5.70461,43.08234],[-5.70491,43.08151],[-5.7046,43.08107],[-5.70532,43.08161],[-5.70546,43.08135],[-5.70574,43.08208],[-5.70951,43.08262],[-5.7099,43.08393],[-5.71238,43.08396],[-5.71068,43.08336],[-5.71118,43.08213],[-5.70936,43.08115],[-5.70937,43.07968],[-5.71023,43.08046],[-5.71324,43.08159],[-5.71577,43.08116],[-5.71747,43.0822],[-5.71954,43.08286],[-5.72221,43.08463],[-5.72186,43.08601],[-5.7249,43.08432],[-5.72837,43.085],[-5.73066,43.08395],[-5.73211,43.08498],[-5.73211,43.08363],[-5.73315,43.08195],[-5.73261,43.08027],[-5.73324,43.07999],[-5.73346,43.07889],[-5.73494,43.07735],[-5.73566,43.07508],[-5.73743,43.07359],[-5.74159,43.07491],[-5.74363,43.07447],[-5.74566,43.07549],[-5.74854,43.07566],[-5.74932,43.07622],[-5.7508,43.0761],[-5.75004,43.0756],[-5.7511,43.07516],[-5.75362,43.07526],[-5.75576,43.07636],[-5.75652,43.07812],[-5.75942,43.07833],[-5.75898,43.07959],[-5.75951,43.08034],[-5.76042,43.07987],[-5.76082,43.07829],[-5.76211,43.0784],[-5.76499,43.07784],[-5.76695,43.07703],[-5.76814,43.07717],[-5.77192,43.0785],[-5.77415,43.07828],[-5.78234,43.08186],[-5.78466,43.08548],[-5.78576,43.08921],[-5.78783,43.09071],[-5.79108,43.09192],[-5.79365,43.09352],[-5.79764,43.09407],[-5.80243,43.09744],[-5.80346,43.09965],[-5.80531,43.1011],[-5.80953,43.10195],[-5.81218,43.10475],[-5.81649,43.10512],[-5.81796,43.10614],[-5.81924,43.10483],[-5.81923,43.10337],[-5.82077,43.10131],[-5.82105,43.09975],[-5.82269,43.09905],[-5.82368,43.09779],[-5.82387,43.09511],[-5.82463,43.09186],[-5.82572,43.09003],[-5.82573,43.08844],[-5.82815,43.08658],[-5.82918,43.0866],[-5.82945,43.08778],[-5.83073,43.08792],[-5.8333,43.0875],[-5.84194,43.08967],[-5.84238,43.08966],[-5.84265,43.0891],[-5.84325,43.08916],[-5.84463,43.09032],[-5.84589,43.09232],[-5.84745,43.09192],[-5.84836,43.09276],[-5.84884,43.09247],[-5.85008,43.09265],[-5.85358,43.09473],[-5.85489,43.0948],[-5.85523,43.09528],[-5.85595,43.09509],[-5.85633,43.09576],[-5.85719,43.09502],[-5.85927,43.09523],[-5.85792,43.09367],[-5.86013,43.09432],[-5.8584,43.09204],[-5.86029,43.09296],[-5.86294,43.09326],[-5.86385,43.09401],[-5.86577,43.09369],[-5.86693,43.09228],[-5.86762,43.09275],[-5.86879,43.0923],[-5.86921,43.09274],[-5.87086,43.09304],[-5.87094,43.0935],[-5.8747,43.09257],[-5.87563,43.09267],[-5.8754,43.09354],[-5.87612,43.09325],[-5.87626,43.09213],[-5.87379,43.09137],[-5.87274,43.08979],[-5.87116,43.08989],[-5.87031,43.08888],[-5.86938,43.08897],[-5.86887,43.08829],[-5.86808,43.0881],[-5.86447,43.08793],[-5.86792,43.0864],[-5.86925,43.0854],[-5.87011,43.08556],[-5.87115,43.08499],[-5.8728,43.0849],[-5.87459,43.08432],[-5.87575,43.08337],[-5.87939,43.08358],[-5.88157,43.08161],[-5.88168,43.08358],[-5.88124,43.08467],[-5.88163,43.08595],[-5.88398,43.08862],[-5.88486,43.09094],[-5.886,43.09235],[-5.8854,43.09344],[-5.88604,43.09647],[-5.88552,43.09876],[-5.88605,43.10057],[-5.88464,43.10186],[-5.88411,43.10363],[-5.88418,43.10797],[-5.88148,43.10978],[-5.88137,43.11124],[-5.88164,43.11163],[-5.8833,43.11203],[-5.88555,43.11361],[-5.88599,43.11573],[-5.88719,43.11632],[-5.88828,43.11856],[-5.88879,43.11879],[-5.88774,43.12007],[-5.88808,43.12107],[-5.88732,43.12318],[-5.88936,43.12427],[-5.89174,43.12437],[-5.89233,43.1249],[-5.89218,43.12594],[-5.89338,43.12829],[-5.89666,43.12997],[-5.89845,43.13303],[-5.90076,43.13283],[-5.90329,43.13722],[-5.90306,43.13814],[-5.90373,43.13985],[-5.90518,43.14102],[-5.90523,43.14245],[-5.90601,43.14343],[-5.9074,43.14372],[-5.9084,43.14535],[-5.90929,43.1457],[-5.91137,43.14571],[-5.91299,43.14503],[-5.9139,43.14392],[-5.91483,43.14402],[-5.91538,43.14717],[-5.91797,43.14764],[-5.91864,43.14811],[-5.91849,43.14859],[-5.91654,43.14945],[-5.91628,43.1504],[-5.91732,43.15164],[-5.91982,43.15209],[-5.92051,43.15257],[-5.91985,43.15426],[-5.92017,43.15713],[-5.92089,43.15745],[-5.92196,43.1569],[-5.92364,43.15507],[-5.92661,43.1556],[-5.92757,43.1569],[-5.92876,43.15679],[-5.93038,43.15567],[-5.93059,43.15474],[-5.93177,43.15374],[-5.93157,43.15243],[-5.93206,43.15152],[-5.9331,43.15116],[-5.93735,43.15132],[-5.93827,43.14973],[-5.93993,43.15055],[-5.94182,43.15039],[-5.94278,43.15187],[-5.94367,43.15172],[-5.94492,43.15075],[-5.94691,43.15132],[-5.94882,43.15317],[-5.94936,43.15284],[-5.94959,43.15141],[-5.94865,43.15014],[-5.94887,43.1496],[-5.95408,43.14834],[-5.95648,43.14863],[-5.95845,43.14941],[-5.96023,43.14882],[-5.96079,43.14757],[-5.95973,43.14398],[-5.96147,43.14149],[-5.96194,43.13759],[-5.96288,43.13678],[-5.96288,43.13603],[-5.96494,43.13445],[-5.96506,43.13226],[-5.96729,43.12969],[-5.96826,43.12914],[-5.96805,43.12854],[-5.97007,43.12447],[-5.97035,43.12256],[-5.97164,43.1223],[-5.97574,43.11952],[-5.9751,43.11796],[-5.97505,43.11612],[-5.97819,43.11312],[-5.97779,43.10998],[-5.97817,43.10838],[-5.98039,43.10683],[-5.98029,43.10253],[-5.98129,43.10178],[-5.98169,43.1003],[-5.98158,43.0983],[-5.98071,43.0963],[-5.98098,43.09568],[-5.97992,43.0946],[-5.98161,43.0935],[-5.98276,43.09106],[-5.9822,43.0909],[-5.98044,43.09204],[-5.97882,43.09087],[-5.97691,43.09046],[-5.97689,43.08995],[-5.97913,43.08934],[-5.98176,43.08987],[-5.98821,43.08936],[-5.98882,43.09113],[-5.98795,43.09239],[-5.98626,43.09346],[-5.9875,43.09444],[-5.989,43.0948],[-5.99052,43.09583],[-5.99482,43.09577],[-5.99752,43.09447],[-5.99798,43.09368],[-5.9992,43.09356],[-6.00255,43.09187],[-6.00293,43.09338],[-6.00667,43.09411],[-6.00624,43.09576],[-6.00456,43.0968],[-6.00683,43.0963],[-6.0073,43.09555],[-6.00835,43.09501],[-6.00904,43.09298],[-6.00804,43.09194],[-6.00717,43.09183],[-6.00816,43.09171],[-6.0098,43.09236],[-6.0103,43.09362],[-6.01042,43.09194],[-6.00867,43.09079],[-6.00852,43.08957],[-6.00713,43.08825],[-6.00927,43.08937],[-6.01009,43.09058],[-6.01027,43.08943],[-6.01221,43.08804],[-6.0121,43.08704],[-6.01002,43.08679],[-6.00705,43.0848],[-6.00738,43.08385],[-6.00896,43.08347],[-6.00933,43.08301],[-6.00829,43.08088],[-6.00863,43.07809],[-6.00717,43.07704],[-6.00412,43.07808],[-6.00293,43.07807],[-6.00182,43.07708],[-6.00047,43.07418],[-5.99704,43.07179],[-5.99906,43.07054],[-5.99847,43.06908],[-5.99978,43.0685],[-6.00208,43.06835],[-6.00209,43.06567],[-6.00031,43.06468],[-6.00206,43.06335],[-6.0027,43.061],[-6.00231,43.06041],[-6.00433,43.05844]]}},{"type":"Feature","properties":{"name":"TET_E-07-CAN_20241226","country":"ES","lengthKm":280.2},"geometry":{"type":"LineString","coordinates":[[-3.21508,43.28612],[-3.21768,43.2891],[-3.21916,43.29266],[-3.22052,43.29347],[-3.22469,43.2942],[-3.22502,43.29573],[-3.22597,43.29705],[-3.22577,43.29765],[-3.2266,43.29873],[-3.22539,43.30059],[-3.22578,43.3083],[-3.2231,43.30926],[-3.22336,43.30965],[-3.21802,43.31446],[-3.21832,43.3147],[-3.21754,43.31595],[-3.21765,43.31742],[-3.21667,43.32133],[-3.21585,43.32224],[-3.21665,43.32546],[-3.21781,43.32595],[-3.21692,43.32632],[-3.21567,43.32625],[-3.21702,43.32729],[-3.22088,43.32901],[-3.2211,43.32945],[-3.2221,43.32945],[-3.22202,43.33085],[-3.22265,43.33152],[-3.21924,43.33107],[-3.21737,43.33165],[-3.21718,43.33226],[-3.21807,43.33259],[-3.21716,43.33432],[-3.21845,43.33417],[-3.21864,43.33472],[-3.21902,43.33429],[-3.22098,43.33457],[-3.22244,43.33524],[-3.2257,43.33473],[-3.22631,43.33399],[-3.22634,43.33074],[-3.22705,43.32957],[-3.22678,43.32875],[-3.22838,43.33046],[-3.22792,43.33111],[-3.2287,43.33192],[-3.22845,43.33291],[-3.22918,43.335],[-3.22969,43.33523],[-3.23027,43.33845],[-3.23109,43.3392],[-3.23375,43.33995],[-3.23807,43.34224],[-3.23822,43.34345],[-3.23758,43.34514],[-3.23878,43.34527],[-3.23758,43.34855],[-3.23434,43.3526],[-3.23316,43.35631],[-3.23228,43.35665],[-3.23124,43.35813],[-3.2319,43.3589],[-3.23155,43.36134],[-3.23011,43.36212],[-3.23058,43.36305],[-3.23166,43.36288],[-3.23483,43.36367],[-3.2369,43.36592],[-3.23967,43.36663],[-3.24164,43.36758],[-3.24041,43.36782],[-3.23847,43.36752],[-3.23896,43.36891],[-3.23836,43.37028],[-3.23718,43.3703],[-3.23574,43.37092],[-3.23398,43.37251],[-3.23411,43.37335],[-3.23352,43.374],[-3.23554,43.37497],[-3.2355,43.37586],[-3.23678,43.37592],[-3.23759,43.37551],[-3.24246,43.37723],[-3.24557,43.37765],[-3.24896,43.37953],[-3.25678,43.38258],[-3.26838,43.38138],[-3.26885,43.37936],[-3.27353,43.37982],[-3.27616,43.38056],[-3.27891,43.38024],[-3.28016,43.37752],[-3.28095,43.37705],[-3.28426,43.37745],[-3.28623,43.37819],[-3.28902,43.37765],[-3.29062,43.37775],[-3.28903,43.37683],[-3.29123,43.37729],[-3.29264,43.377],[-3.29296,43.37624],[-3.29941,43.37339],[-3.29914,43.37263],[-3.29768,43.3713],[-3.2979,43.37001],[-3.30099,43.36778],[-3.29548,43.36554],[-3.29229,43.36283],[-3.29177,43.36101],[-3.29313,43.35967],[-3.29177,43.36101],[-3.29229,43.36283],[-3.29548,43.36554],[-3.29984,43.36722],[-3.29548,43.36554],[-3.29229,43.36283],[-3.29177,43.36101],[-3.29313,43.35967],[-3.28888,43.35826],[-3.28688,43.35799],[-3.28564,43.35719],[-3.28405,43.35691],[-3.28209,43.35548],[-3.28169,43.35375],[-3.28212,43.35165],[-3.28164,43.35051],[-3.28361,43.34913],[-3.28371,43.34823],[-3.28596,43.34625],[-3.28653,43.34644],[-3.28615,43.34758],[-3.28504,43.34849],[-3.28515,43.34994],[-3.28436,43.35053],[-3.28493,43.35195],[-3.28683,43.35222],[-3.28904,43.3535],[-3.29021,43.35308],[-3.29184,43.35344],[-3.29265,43.35403],[-3.29384,43.3542],[-3.2941,43.35489],[-3.29484,43.35484],[-3.29669,43.3557],[-3.29773,43.35497],[-3.29985,43.35536],[-3.29915,43.35431],[-3.2995,43.354],[-3.30099,43.35523],[-3.30169,43.35525],[-3.30044,43.3534],[-3.30073,43.35306],[-3.30486,43.35557],[-3.30601,43.35589],[-3.30809,43.3577],[-3.31027,43.3572],[-3.31165,43.35791],[-3.31267,43.35792],[-3.31449,43.35536],[-3.31586,43.35551],[-3.31719,43.35407],[-3.3196,43.35307],[-3.32565,43.35467],[-3.32587,43.35427],[-3.32547,43.35444],[-3.32416,43.35933],[-3.32269,43.3609],[-3.32497,43.36237],[-3.3285,43.36286],[-3.32981,43.36361],[-3.33003,43.36499],[-3.32917,43.36509],[-3.329,43.36554],[-3.33033,43.36622],[-3.33093,43.36719],[-3.33249,43.36794],[-3.3329,43.36703],[-3.33413,43.36738],[-3.33573,43.36695],[-3.33579,43.36666],[-3.33722,43.36708],[-3.33808,43.36694],[-3.33991,43.36586],[-3.34128,43.36424],[-3.34262,43.3642],[-3.34312,43.36312],[-3.34441,43.36216],[-3.34605,43.36333],[-3.34816,43.36372],[-3.34898,43.36449],[-3.35105,43.36511],[-3.35193,43.36592],[-3.35334,43.3659],[-3.35506,43.365],[-3.35603,43.36368],[-3.35764,43.36311],[-3.35627,43.36116],[-3.35887,43.3609],[-3.35918,43.36008],[-3.36138,43.35907],[-3.36243,43.358],[-3.36285,43.35697],[-3.36148,43.35526],[-3.3622,43.35406],[-3.36391,43.3532],[-3.36289,43.35177],[-3.36389,43.35052],[-3.36978,43.35053],[-3.3719,43.35246],[-3.37298,43.355],[-3.37544,43.35769],[-3.37711,43.358],[-3.3823,43.36102],[-3.38774,43.3626],[-3.38813,43.36199],[-3.38773,43.36121],[-3.38915,43.36004],[-3.38849,43.35916],[-3.39174,43.35844],[-3.39258,43.35782],[-3.39254,43.35708],[-3.39312,43.35646],[-3.39226,43.35616],[-3.39267,43.35583],[-3.39266,43.35464],[-3.39217,43.35372],[-3.39304,43.35338],[-3.39332,43.35274],[-3.39421,43.35292],[-3.39451,43.35154],[-3.39629,43.3505],[-3.39785,43.34864],[-3.39712,43.34696],[-3.39801,43.34588],[-3.39952,43.34621],[-3.39936,43.34587],[-3.40019,43.34576],[-3.40119,43.34474],[-3.40129,43.34398],[-3.40008,43.34358],[-3.40139,43.34333],[-3.40325,43.34413],[-3.40404,43.34318],[-3.40504,43.34273],[-3.40781,43.34242],[-3.41001,43.34162],[-3.41646,43.34374],[-3.4168,43.34328],[-3.41931,43.34496],[-3.42179,43.34574],[-3.42298,43.34458],[-3.4269,43.34298],[-3.43219,43.33743],[-3.43222,43.33825],[-3.43069,43.34032],[-3.43327,43.33849],[-3.43425,43.33703],[-3.43612,43.33623],[-3.43776,43.33641],[-3.43636,43.3376],[-3.43677,43.33832],[-3.44077,43.33764],[-3.44266,43.3357],[-3.44369,43.33376],[-3.44376,43.33256],[-3.44533,43.33239],[-3.44662,43.33169],[-3.4542,43.32537],[-3.46091,43.32303],[-3.46118,43.32104],[-3.46363,43.31934],[-3.46504,43.31696],[-3.46731,43.31717],[-3.46959,43.31844],[-3.47279,43.31695],[-3.4741,43.31459],[-3.47396,43.31227],[-3.4758,43.31134],[-3.47629,43.31068],[-3.47667,43.31115],[-3.47642,43.31253],[-3.47842,43.314],[-3.48102,43.314],[-3.48493,43.31644],[-3.48636,43.31662],[-3.48986,43.31446],[-3.49156,43.31417],[-3.49293,43.31455],[-3.49477,43.31305],[-3.49476,43.31246],[-3.49255,43.31235],[-3.4915,43.31164],[-3.49118,43.31086],[-3.49201,43.30987],[-3.49732,43.30872],[-3.49823,43.30806],[-3.50321,43.30647],[-3.50397,43.30676],[-3.50448,43.30611],[-3.50588,43.30583],[-3.50932,43.30592],[-3.51138,43.30698],[-3.51311,43.30609],[-3.51305,43.30699],[-3.51451,43.30581],[-3.51571,43.30646],[-3.51588,43.30717],[-3.51726,43.3076],[-3.51832,43.3074],[-3.51993,43.3063],[-3.52154,43.30718],[-3.52291,43.30741],[-3.52422,43.30717],[-3.52515,43.30781],[-3.5234,43.30854],[-3.52586,43.30861],[-3.52774,43.30928],[-3.52882,43.31028],[-3.53102,43.31122],[-3.53033,43.31189],[-3.53078,43.31258],[-3.52908,43.31386],[-3.52948,43.31619],[-3.5275,43.31609],[-3.52407,43.3147],[-3.52337,43.31549],[-3.52407,43.31804],[-3.52249,43.31847],[-3.52086,43.31817],[-3.52038,43.3185],[-3.52094,43.32075],[-3.52296,43.32262],[-3.52237,43.32371],[-3.52166,43.32408],[-3.5173,43.32405],[-3.51587,43.32448],[-3.51382,43.32628],[-3.5133,43.32809],[-3.51569,43.32887],[-3.51704,43.32891],[-3.52054,43.32792],[-3.52563,43.32745],[-3.52869,43.3276],[-3.5306,43.32846],[-3.53824,43.32975],[-3.54319,43.33111],[-3.54636,43.33353],[-3.54738,43.33397],[-3.54953,43.33385],[-3.55196,43.33424],[-3.55343,43.33561],[-3.55604,43.33508],[-3.55696,43.33413],[-3.55689,43.33536],[-3.55631,43.33567],[-3.55815,43.3353],[-3.5588,43.33575],[-3.56085,43.33546],[-3.55566,43.33671],[-3.55538,43.33704],[-3.55572,43.33729],[-3.56043,43.33638],[-3.56272,43.33661],[-3.56359,43.33704],[-3.56472,43.33665],[-3.56349,43.33568],[-3.56442,43.33432],[-3.56299,43.33141],[-3.56775,43.33483],[-3.56774,43.33561],[-3.5695,43.33596],[-3.56933,43.33767],[-3.57028,43.33689],[-3.57018,43.33557],[-3.57059,43.33537],[-3.57081,43.33634],[-3.57402,43.33867],[-3.57423,43.33993],[-3.57482,43.34053],[-3.57811,43.34078],[-3.5822,43.34046],[-3.58571,43.33858],[-3.58738,43.33714],[-3.59132,43.33714],[-3.59339,43.3357],[-3.59341,43.33495],[-3.59455,43.334],[-3.59895,43.3332],[-3.60073,43.33175],[-3.60211,43.33128],[-3.60487,43.3314],[-3.60507,43.3309],[-3.60431,43.32988],[-3.60504,43.3291],[-3.60514,43.32774],[-3.6056,43.32748],[-3.60751,43.3284],[-3.60809,43.32674],[-3.60788,43.32611],[-3.6084,43.32553],[-3.61158,43.32572],[-3.61404,43.32731],[-3.61501,43.32872],[-3.61708,43.32767],[-3.61832,43.32749],[-3.62197,43.32297],[-3.62366,43.3226],[-3.62404,43.32196],[-3.62734,43.32055],[-3.6273,43.31901],[-3.62793,43.3175],[-3.62741,43.31627],[-3.62802,43.31525],[-3.63005,43.31399],[-3.63138,43.31393],[-3.63239,43.31313],[-3.63546,43.31293],[-3.63593,43.31121],[-3.63679,43.31075],[-3.63842,43.31111],[-3.64046,43.31048],[-3.6417,43.3086],[-3.64246,43.3082],[-3.64341,43.30589],[-3.6452,43.30463],[-3.64381,43.30509],[-3.64285,43.30483],[-3.64401,43.30468],[-3.64651,43.30312],[-3.64469,43.30339],[-3.64451,43.30291],[-3.64667,43.30252],[-3.64802,43.30319],[-3.65006,43.30245],[-3.65321,43.30234],[-3.64958,43.30133],[-3.65162,43.3005],[-3.65048,43.29886],[-3.64885,43.29777],[-3.64933,43.2966],[-3.6482,43.29562],[-3.64866,43.29476],[-3.64678,43.29379],[-3.64837,43.293],[-3.64748,43.29151],[-3.64732,43.29009],[-3.64622,43.28908],[-3.64755,43.28799],[-3.64778,43.28666],[-3.64828,43.28808],[-3.65027,43.28984],[-3.65095,43.29123],[-3.65357,43.2916],[-3.65496,43.29299],[-3.65475,43.2952],[-3.65544,43.29565],[-3.65513,43.29713],[-3.6566,43.29665],[-3.65708,43.2972],[-3.65933,43.29742],[-3.66136,43.29861],[-3.66721,43.29926],[-3.66777,43.29809],[-3.67049,43.29697],[-3.67198,43.29486],[-3.6717,43.29468],[-3.67353,43.29452],[-3.67431,43.29374],[-3.67552,43.29456],[-3.67555,43.29528],[-3.67806,43.29606],[-3.67777,43.29645],[-3.67829,43.29752],[-3.68036,43.29906],[-3.68175,43.30082],[-3.68156,43.30285],[-3.68285,43.30295],[-3.68556,43.30241],[-3.6862,43.30174],[-3.6881,43.30117],[-3.69048,43.29973],[-3.69546,43.29859],[-3.69764,43.29714],[-3.69922,43.29668],[-3.69995,43.29576],[-3.70066,43.29556],[-3.70163,43.29407],[-3.70341,43.29509],[-3.70437,43.29676],[-3.7051,43.29724],[-3.70581,43.29715],[-3.70578,43.2968],[-3.70625,43.29771],[-3.70642,43.2967],[-3.70731,43.29599],[-3.70804,43.29449],[-3.70667,43.29344],[-3.70768,43.29326],[-3.70835,43.29221],[-3.70799,43.29148],[-3.70618,43.29015],[-3.7053,43.28817],[-3.70361,43.28768],[-3.70235,43.2853],[-3.70294,43.28465],[-3.70315,43.28323],[-3.70651,43.28208],[-3.70792,43.28112],[-3.71021,43.27915],[-3.71053,43.27813],[-3.7128,43.2767],[-3.71327,43.2749],[-3.71533,43.2748],[-3.7164,43.27449],[-3.71731,43.27364],[-3.7196,43.27344],[-3.7203,43.27243],[-3.72102,43.27267],[-3.72086,43.27358],[-3.72118,43.27359],[-3.72276,43.2723],[-3.72281,43.27119],[-3.72393,43.2716],[-3.72302,43.27065],[-3.72355,43.27038],[-3.72479,43.27034],[-3.72705,43.27147],[-3.72886,43.2705],[-3.73007,43.27061],[-3.73112,43.26993],[-3.73154,43.26868],[-3.73304,43.26991],[-3.73583,43.27078],[-3.74136,43.26928],[-3.74491,43.2728],[-3.74565,43.27422],[-3.75233,43.27922],[-3.75706,43.27897],[-3.76216,43.2798],[-3.76242,43.27952],[-3.76135,43.27777],[-3.76115,43.27622],[-3.76043,43.27544],[-3.76062,43.27424],[-3.76182,43.27258],[-3.76144,43.27085],[-3.76243,43.27029],[-3.76403,43.27018],[-3.76409,43.27163],[-3.76497,43.27313],[-3.76605,43.2733],[-3.76609,43.27389],[-3.76677,43.27433],[-3.76819,43.27437],[-3.7686,43.27517],[-3.77082,43.27497],[-3.7705,43.27668],[-3.77179,43.277],[-3.773,43.2784],[-3.77556,43.27803],[-3.7759,43.27743],[-3.77773,43.27694],[-3.77951,43.27697],[-3.78046,43.27605],[-3.78101,43.27603],[-3.78138,43.2769],[-3.78099,43.27869],[-3.78513,43.28051],[-3.78569,43.28124],[-3.78577,43.28253],[-3.78767,43.2828],[-3.78772,43.28462],[-3.79049,43.28324],[-3.79107,43.28533],[-3.79245,43.2867],[-3.79204,43.28726],[-3.79472,43.28683],[-3.79763,43.28778],[-3.80025,43.28681],[-3.8013,43.28688],[-3.80097,43.2852],[-3.80196,43.28415],[-3.80227,43.28306],[-3.80352,43.28204],[-3.80394,43.28276],[-3.8053,43.28288],[-3.80662,43.2838],[-3.80951,43.28492],[-3.81099,43.28599],[-3.8125,43.28811],[-3.81512,43.28938],[-3.81353,43.28998],[-3.8153,43.29009],[-3.81686,43.29078],[-3.81554,43.29142],[-3.81754,43.29184],[-3.81982,43.29331],[-3.82105,43.2931],[-3.81944,43.29405],[-3.82087,43.29432],[-3.82285,43.29543],[-3.82911,43.29943],[-3.83127,43.3013],[-3.83304,43.30164],[-3.83493,43.30288],[-3.8446,43.30536],[-3.85385,43.30899],[-3.85774,43.30735],[-3.85574,43.301],[-3.85586,43.29873],[-3.85537,43.29672],[-3.85262,43.29669],[-3.84935,43.29456],[-3.85089,43.29325],[-3.84964,43.29325],[-3.84897,43.29115],[-3.85051,43.28827],[-3.85126,43.28826],[-3.85148,43.28621],[-3.85079,43.28601],[-3.84995,43.28502],[-3.84759,43.28481],[-3.85047,43.2842],[-3.85226,43.28338],[-3.8507,43.28337],[-3.85471,43.28227],[-3.85763,43.28224],[-3.85845,43.28275],[-3.85986,43.28235],[-3.86537,43.28252],[-3.86749,43.28225],[-3.86952,43.28061],[-3.87089,43.28133],[-3.87139,43.28124],[-3.8723,43.27769],[-3.87299,43.27756],[-3.87414,43.27799],[-3.87391,43.27741],[-3.87445,43.27659],[-3.87407,43.27406],[-3.87673,43.27364],[-3.87621,43.27247],[-3.87679,43.27128],[-3.87645,43.26942],[-3.87769,43.26841],[-3.87917,43.26591],[-3.88163,43.26542],[-3.88179,43.2632],[-3.88114,43.25944],[-3.88203,43.25867],[-3.88283,43.25979],[-3.88441,43.2598],[-3.88551,43.25764],[-3.88891,43.2572],[-3.88983,43.25603],[-3.89173,43.25487],[-3.8914,43.25328],[-3.89446,43.25358],[-3.89402,43.25413],[-3.89656,43.25315],[-3.89655,43.25424],[-3.89995,43.25198],[-3.90117,43.25189],[-3.9019,43.24995],[-3.90145,43.24794],[-3.90435,43.24994],[-3.90457,43.24901],[-3.90535,43.24915],[-3.90451,43.24733],[-3.90542,43.24583],[-3.90531,43.24517],[-3.9046,43.24419],[-3.90347,43.24482],[-3.90212,43.2447],[-3.90048,43.24278],[-3.90159,43.2433],[-3.90234,43.24324],[-3.90276,43.24283],[-3.90204,43.24222],[-3.90355,43.24186],[-3.90433,43.2411],[-3.90611,43.24191],[-3.90805,43.24204],[-3.91034,43.24132],[-3.90958,43.24156],[-3.91362,43.23822],[-3.9174,43.23734],[-3.91776,43.236],[-3.91727,43.23319],[-3.91625,43.23135],[-3.91559,43.23094],[-3.91257,43.23176],[-3.90957,43.23106],[-3.90622,43.23078],[-3.90411,43.22929],[-3.90147,43.22962],[-3.90214,43.22693],[-3.90159,43.22619],[-3.9012,43.22214],[-3.90232,43.2208],[-3.90221,43.22039],[-3.89965,43.21964],[-3.8982,43.21851],[-3.89717,43.21838],[-3.89535,43.21654],[-3.8927,43.21518],[-3.89123,43.21332],[-3.8913,43.21132],[-3.88995,43.21011],[-3.89065,43.20863],[-3.89238,43.20738],[-3.89301,43.20626],[-3.89256,43.20584],[-3.88846,43.20615],[-3.88428,43.20535],[-3.87761,43.20091],[-3.8807,43.19582],[-3.88548,43.19288],[-3.88524,43.19481],[-3.88434,43.1963],[-3.88376,43.19653],[-3.88389,43.19779],[-3.88311,43.19876],[-3.88473,43.19805],[-3.88411,43.19903],[-3.88535,43.19841],[-3.88554,43.19755],[-3.88738,43.19698],[-3.89206,43.19254],[-3.89063,43.19302],[-3.89195,43.1916],[-3.89259,43.1901],[-3.89142,43.18967],[-3.88942,43.18666],[-3.89013,43.18411],[-3.88955,43.18263],[-3.89035,43.1791],[-3.88484,43.17627],[-3.8839,43.17416],[-3.88259,43.17465],[-3.88137,43.1744],[-3.88084,43.17379],[-3.8796,43.17392],[-3.87586,43.17453],[-3.87472,43.17486],[-3.87434,43.1755],[-3.87364,43.17554],[-3.87316,43.17505],[-3.87424,43.17434],[-3.87461,43.17269],[-3.87414,43.17384],[-3.86882,43.17561],[-3.86807,43.17554],[-3.86841,43.17323],[-3.86731,43.17172],[-3.86755,43.17078],[-3.86977,43.17266],[-3.87764,43.16874],[-3.88347,43.16915],[-3.88843,43.1682],[-3.89499,43.16829],[-3.89667,43.16969],[-3.89786,43.17005],[-3.89781,43.16943],[-3.89591,43.1685],[-3.89564,43.16783],[-3.89658,43.16629],[-3.89855,43.16454],[-3.89875,43.1633],[-3.89581,43.15816],[-3.89756,43.15573],[-3.89689,43.1535],[-3.89916,43.14764],[-3.90044,43.14683],[-3.90307,43.14693],[-3.90457,43.14634],[-3.906,43.14638],[-3.90833,43.14574],[-3.90843,43.14533],[-3.91135,43.1439],[-3.91419,43.14371],[-3.9163,43.14231],[-3.91686,43.14245],[-3.91554,43.14377],[-3.91761,43.14302],[-3.92056,43.14416],[-3.92137,43.14286],[-3.92254,43.14219],[-3.92425,43.14298],[-3.92508,43.14264],[-3.92686,43.14381],[-3.92811,43.1433],[-3.92873,43.14341],[-3.92818,43.14246],[-3.92876,43.14098],[-3.9305,43.14079],[-3.9335,43.13881],[-3.93513,43.13847],[-3.93446,43.1398],[-3.93591,43.139],[-3.93797,43.13875],[-3.93743,43.13812],[-3.93765,43.13703],[-3.93786,43.1376],[-3.94015,43.13568],[-3.94602,43.13269],[-3.9485,43.13092],[-3.94877,43.1315],[-3.95134,43.1322],[-3.95451,43.13435],[-3.95605,43.13758],[-3.96218,43.13996],[-3.96488,43.14235],[-3.96934,43.14227],[-3.97276,43.14352],[-3.97407,43.14484],[-3.97523,43.14505],[-3.97687,43.14406],[-3.97896,43.1438],[-3.9798,43.14281],[-3.98144,43.14303],[-3.97903,43.14245],[-3.97936,43.14142],[-3.98081,43.14216],[-3.98467,43.14215],[-3.98579,43.14258],[-3.98607,43.142],[-3.98689,43.14218],[-3.98844,43.14159],[-3.99188,43.14127],[-3.99393,43.14286],[-3.99835,43.14377],[-4.00054,43.14651],[-4.00198,43.14722],[-4.00391,43.14786],[-4.00931,43.14839],[-4.00876,43.14929],[-4.00981,43.14944],[-4.01067,43.15031],[-4.01004,43.15053],[-4.01092,43.1513],[-4.01009,43.15116],[-4.0099,43.15142],[-4.01202,43.15281],[-4.01103,43.15286],[-4.0108,43.15428],[-4.01451,43.15761],[-4.01185,43.15721],[-4.01107,43.15763],[-4.01039,43.15907],[-4.00859,43.15981],[-4.00756,43.16306],[-4.00962,43.16371],[-4.00982,43.1646],[-4.00806,43.16616],[-4.00621,43.16599],[-4.00756,43.16951],[-4.00872,43.17104],[-4.01078,43.17225],[-4.01304,43.16997],[-4.01626,43.1688],[-4.01983,43.16946],[-4.02121,43.16861],[-4.02308,43.1687],[-4.02352,43.17094],[-4.02256,43.17377],[-4.02384,43.17583],[-4.02317,43.17777],[-4.02459,43.17889],[-4.02646,43.17911],[-4.02913,43.18056],[-4.03082,43.18029],[-4.03222,43.17875],[-4.03153,43.17819],[-4.0286,43.17771],[-4.03086,43.17625],[-4.03001,43.17463],[-4.03228,43.17458],[-4.03363,43.17413],[-4.03304,43.17487],[-4.03188,43.17498],[-4.03265,43.17511],[-4.03249,43.17547],[-4.03519,43.17502],[-4.03602,43.17538],[-4.03518,43.17538],[-4.03474,43.17594],[-4.04234,43.17711],[-4.04086,43.1781],[-4.04193,43.17857],[-4.04235,43.17936],[-4.04283,43.18233],[-4.04233,43.18445],[-4.04294,43.18473],[-4.04404,43.18459],[-4.0457,43.18606],[-4.04677,43.18636],[-4.04789,43.1882],[-4.05071,43.18725],[-4.05035,43.18653],[-4.05129,43.18698],[-4.05417,43.19261],[-4.05481,43.19541],[-4.05662,43.19533],[-4.05849,43.19574],[-4.06269,43.19503],[-4.0655,43.19411],[-4.06659,43.1956],[-4.06583,43.19664],[-4.06594,43.19725],[-4.06463,43.19732],[-4.06324,43.19798],[-4.06498,43.19823],[-4.06691,43.19959],[-4.06796,43.2009],[-4.07048,43.20256],[-4.07289,43.20518],[-4.07495,43.20579],[-4.07823,43.20762],[-4.07932,43.21036],[-4.07896,43.21195],[-4.0797,43.21376],[-4.07967,43.21543],[-4.08116,43.217],[-4.08042,43.21777],[-4.08169,43.21913],[-4.08287,43.21989],[-4.08427,43.22021],[-4.08704,43.2191],[-4.08942,43.21963],[-4.09041,43.22084],[-4.09343,43.22059],[-4.0974,43.22107],[-4.1003,43.22071],[-4.10151,43.22115],[-4.10188,43.22171],[-4.10118,43.22247],[-4.09876,43.22293],[-4.09803,43.22397],[-4.09769,43.2262],[-4.09862,43.22683],[-4.09873,43.22757],[-4.1001,43.22705],[-4.09918,43.22986],[-4.09825,43.23063],[-4.09818,43.23252],[-4.09715,43.23475],[-4.09759,43.23576],[-4.09562,43.2381],[-4.09651,43.24],[-4.09526,43.24156],[-4.09442,43.24414],[-4.0936,43.24507],[-4.09339,43.24741],[-4.09073,43.25106],[-4.09031,43.25246],[-4.09172,43.25221],[-4.0944,43.25083],[-4.09418,43.25199],[-4.09456,43.2522],[-4.09529,43.25124],[-4.09632,43.25086],[-4.09761,43.24843],[-4.09983,43.24664],[-4.09887,43.24854],[-4.10003,43.24836],[-4.10491,43.24892],[-4.10767,43.24788],[-4.10975,43.24833],[-4.10951,43.25003],[-4.1102,43.25309],[-4.10883,43.25444],[-4.10899,43.25618],[-4.10469,43.263],[-4.10719,43.26216],[-4.10936,43.26194],[-4.1102,43.26256],[-4.10942,43.26284],[-4.10946,43.26351],[-4.10848,43.26431],[-4.10746,43.26969],[-4.10539,43.27195],[-4.10557,43.2727],[-4.10832,43.27251],[-4.10982,43.27302],[-4.11064,43.27352],[-4.11068,43.27418],[-4.11266,43.27519],[-4.11677,43.27516],[-4.11896,43.27468],[-4.12248,43.27489],[-4.12419,43.27396],[-4.12619,43.27452],[-4.12718,43.27417],[-4.12812,43.27447],[-4.12882,43.27396],[-4.13058,43.2741],[-4.13099,43.27441],[-4.12943,43.27493],[-4.12927,43.27596],[-4.12743,43.276],[-4.12643,43.27726],[-4.12781,43.277],[-4.12941,43.27798],[-4.13185,43.27813],[-4.13399,43.27991],[-4.13547,43.27955],[-4.13697,43.27991],[-4.13867,43.2792],[-4.14005,43.27952],[-4.14066,43.27876],[-4.14246,43.27816],[-4.14558,43.27845],[-4.14924,43.27683],[-4.15126,43.27716],[-4.15149,43.27793],[-4.15368,43.27756],[-4.1558,43.27864],[-4.15705,43.27885],[-4.15864,43.28039],[-4.16005,43.28052],[-4.16099,43.28114],[-4.16169,43.28098],[-4.16451,43.28195],[-4.1649,43.28323],[-4.16652,43.28311],[-4.16704,43.28446],[-4.1689,43.28539],[-4.16928,43.2874],[-4.17049,43.28791],[-4.17114,43.28871],[-4.17096,43.29019],[-4.17174,43.2908],[-4.17133,43.29125],[-4.17247,43.29109],[-4.17255,43.29162],[-4.17199,43.29214],[-4.17215,43.29636],[-4.1728,43.29706],[-4.17393,43.29696],[-4.17728,43.29833],[-4.17814,43.29889],[-4.1776,43.29931],[-4.17812,43.30055],[-4.18054,43.3024],[-4.18432,43.30341],[-4.18735,43.30574],[-4.19011,43.30933],[-4.19136,43.31342],[-4.19315,43.31388],[-4.19328,43.31477],[-4.19473,43.31413],[-4.19617,43.31241],[-4.19587,43.31067],[-4.19673,43.30934],[-4.2029,43.30561],[-4.20804,43.30054],[-4.20905,43.29801],[-4.21273,43.29549],[-4.21592,43.29468],[-4.21752,43.29332],[-4.2205,43.29175],[-4.22637,43.2892],[-4.22725,43.28825],[-4.23208,43.28684],[-4.23452,43.28504],[-4.2393,43.27711],[-4.24086,43.27676],[-4.24455,43.27691],[-4.24539,43.27655],[-4.24575,43.27577],[-4.24554,43.27249],[-4.24714,43.27055],[-4.26795,43.25868],[-4.27038,43.25975],[-4.27339,43.26041],[-4.27647,43.26035],[-4.27762,43.26091],[-4.27918,43.26283],[-4.28137,43.26363],[-4.28421,43.26278],[-4.28829,43.2622],[-4.29124,43.26306],[-4.29378,43.26243],[-4.29402,43.26186],[-4.29311,43.26055],[-4.29371,43.26097],[-4.2946,43.26057],[-4.2948,43.25968],[-4.29387,43.25948],[-4.29214,43.25822],[-4.2901,43.25606],[-4.28932,43.25595],[-4.28705,43.25663],[-4.29054,43.2538],[-4.29465,43.25398],[-4.29599,43.25441],[-4.29649,43.25381],[-4.29781,43.25355],[-4.29531,43.25317],[-4.29491,43.25241],[-4.29344,43.2515],[-4.29402,43.25034],[-4.2948,43.25043],[-4.2949,43.24991],[-4.30123,43.24707],[-4.3055,43.24677],[-4.31424,43.2474],[-4.31888,43.24567],[-4.31899,43.24449],[-4.32344,43.24306],[-4.32427,43.24101],[-4.32588,43.23962],[-4.32609,43.23893],[-4.33087,43.23611],[-4.33288,43.23624],[-4.33248,43.23559],[-4.33348,43.23543],[-4.3348,43.23444],[-4.33742,43.22914],[-4.33641,43.2287],[-4.33598,43.22752],[-4.33739,43.22594],[-4.33944,43.2249],[-4.34145,43.22582],[-4.34493,43.22546],[-4.34727,43.22709],[-4.34859,43.22726],[-4.34914,43.22791],[-4.34899,43.22956],[-4.34992,43.22997],[-4.3524,43.22941],[-4.35314,43.22882],[-4.35425,43.22868],[-4.35626,43.22911],[-4.35778,43.22981],[-4.35892,43.23093],[-4.35971,43.23305],[-4.36061,43.23346],[-4.36231,43.23292],[-4.36469,43.23278],[-4.36644,43.23297],[-4.37356,43.23573],[-4.37636,43.23497],[-4.37735,43.23505],[-4.38632,43.24077],[-4.38839,43.24163],[-4.3909,43.24188],[-4.39018,43.2425],[-4.39245,43.2427],[-4.39574,43.24244],[-4.39867,43.2434],[-4.39909,43.24389],[-4.39625,43.24392],[-4.39315,43.24505],[-4.39691,43.24514],[-4.39876,43.24647],[-4.40072,43.24687],[-4.40344,43.24596],[-4.40429,43.24448],[-4.40489,43.24544],[-4.40483,43.24638],[-4.40327,43.24845],[-4.40315,43.24955],[-4.40248,43.24992],[-4.40479,43.24971],[-4.40514,43.251],[-4.40653,43.25072],[-4.40598,43.25263],[-4.4067,43.253],[-4.40739,43.25422],[-4.40879,43.25468],[-4.40941,43.2554],[-4.41113,43.25519],[-4.41157,43.25436],[-4.41114,43.25374],[-4.41563,43.25202],[-4.41474,43.25314],[-4.41543,43.25409],[-4.41728,43.25185],[-4.41924,43.25096],[-4.4205,43.25084],[-4.42156,43.25112],[-4.42462,43.25323],[-4.42729,43.25272],[-4.42929,43.25409],[-4.42671,43.25038],[-4.42922,43.25201],[-4.43229,43.25335],[-4.43517,43.25372],[-4.43768,43.25355],[-4.44104,43.25447],[-4.44439,43.25483],[-4.44644,43.2546],[-4.44969,43.25504],[-4.44858,43.25359],[-4.44568,43.25165],[-4.44905,43.25006],[-4.44936,43.24822],[-4.44693,43.24598],[-4.44359,43.24376],[-4.44488,43.2417],[-4.44452,43.23839],[-4.44584,43.23904],[-4.44514,43.23666],[-4.44572,43.23421],[-4.44545,43.23242],[-4.44336,43.23133],[-4.43965,43.23054],[-4.43925,43.23005],[-4.44064,43.2284],[-4.4447,43.22623],[-4.44526,43.22367],[-4.44645,43.22229],[-4.44619,43.22431],[-4.44975,43.22746],[-4.45426,43.22915],[-4.45247,43.22702],[-4.45629,43.22871],[-4.46039,43.22941],[-4.46222,43.23188],[-4.46146,43.23238],[-4.46201,43.23267],[-4.46333,43.23238],[-4.4633,43.231],[-4.4652,43.23336],[-4.46516,43.23171],[-4.466,43.23112],[-4.46718,43.22918],[-4.46755,43.23003],[-4.46817,43.22996],[-4.46768,43.2308],[-4.46854,43.23372],[-4.47057,43.23545],[-4.47006,43.23652],[-4.46889,43.237],[-4.47195,43.23736],[-4.47261,43.23887],[-4.47329,43.23488],[-4.47218,43.23382],[-4.47257,43.23297],[-4.47512,43.2346],[-4.47751,43.23504],[-4.47709,43.23365],[-4.47902,43.23369],[-4.48036,43.23322],[-4.48077,43.23344],[-4.48214,43.23277],[-4.47943,43.22919],[-4.47985,43.22887],[-4.47975,43.22781],[-4.47834,43.22662],[-4.47632,43.22593],[-4.47664,43.22524],[-4.47613,43.22295],[-4.478,43.21748],[-4.47858,43.21777],[-4.47928,43.21731],[-4.47981,43.21816],[-4.48106,43.21741],[-4.48287,43.21997],[-4.48556,43.22166],[-4.48655,43.22038],[-4.49188,43.21943],[-4.48912,43.21679],[-4.48852,43.21512],[-4.49082,43.21429],[-4.49808,43.21276],[-4.5,43.21179],[-4.50108,43.21169],[-4.49992,43.21233],[-4.50119,43.21238],[-4.50271,43.21321],[-4.50378,43.21474],[-4.50488,43.21549],[-4.50621,43.21545],[-4.50696,43.21431],[-4.51064,43.2149],[-4.51294,43.21484],[-4.51373,43.21381],[-4.51593,43.21367],[-4.51629,43.21313],[-4.51591,43.21261],[-4.51231,43.21038],[-4.50961,43.20699],[-4.51365,43.20586],[-4.51352,43.20658],[-4.51394,43.20676],[-4.51682,43.20681],[-4.51982,43.20747],[-4.52203,43.20744],[-4.52318,43.20674],[-4.52593,43.20661],[-4.52351,43.20528],[-4.52178,43.20335],[-4.52217,43.2015],[-4.52187,43.20086],[-4.51938,43.20005],[-4.51892,43.19957],[-4.51909,43.19757],[-4.52016,43.19874],[-4.52305,43.19979],[-4.52438,43.20175],[-4.52646,43.19975],[-4.52875,43.19836],[-4.53035,43.198],[-4.53329,43.19818],[-4.5338,43.19479],[-4.53503,43.19484],[-4.53681,43.19299],[-4.53893,43.1918],[-4.53872,43.19084],[-4.53931,43.19045],[-4.53822,43.18808],[-4.53879,43.18826],[-4.53875,43.18736],[-4.54005,43.18797],[-4.54227,43.18725],[-4.54351,43.18729],[-4.54434,43.18666],[-4.54329,43.18662],[-4.54425,43.18571],[-4.54397,43.18537],[-4.54818,43.18546],[-4.54889,43.18486],[-4.54937,43.18372],[-4.54777,43.1832],[-4.54639,43.18175],[-4.54783,43.18075],[-4.54579,43.18032],[-4.54719,43.17975],[-4.54585,43.17933],[-4.54973,43.17841],[-4.54873,43.17801],[-4.54856,43.17742],[-4.55238,43.17711],[-4.55748,43.17751],[-4.56073,43.17835],[-4.56297,43.17963],[-4.56645,43.18027],[-4.56827,43.17961],[-4.57121,43.1797],[-4.57936,43.18172],[-4.58491,43.18145],[-4.58854,43.18233],[-4.5902,43.1835],[-4.59351,43.18397],[-4.59507,43.18469],[-4.59829,43.18701],[-4.59892,43.18843],[-4.60026,43.18693],[-4.59923,43.18311],[-4.5997,43.18029],[-4.60006,43.18032]]}},{"type":"Feature","properties":{"name":"TET_E-08-CAN link_20241226","country":"ES","lengthKm":34.2},"geometry":{"type":"LineString","coordinates":[[-3.81384,43.45311],[-3.81586,43.45663],[-3.81845,43.45515],[-3.82437,43.45354],[-3.82539,43.4524],[-3.82653,43.452],[-3.82747,43.45211],[-3.82846,43.45406],[-3.82894,43.4542],[-3.8295,43.45371],[-3.83639,43.4518],[-3.84078,43.45005],[-3.85041,43.44921],[-3.85243,43.44863],[-3.85442,43.4475],[-3.85688,43.44372],[-3.86079,43.43961],[-3.86157,43.43783],[-3.86087,43.43621],[-3.85756,43.43446],[-3.85665,43.43338],[-3.85699,43.42927],[-3.85669,43.42557],[-3.85386,43.42432],[-3.852,43.42248],[-3.84953,43.42204],[-3.84651,43.42018],[-3.84359,43.41195],[-3.84223,43.41034],[-3.8425,43.40813],[-3.84209,43.40734],[-3.83744,43.40495],[-3.83204,43.40416],[-3.823,43.39956],[-3.8199,43.39718],[-3.81601,43.395],[-3.81457,43.39128],[-3.81502,43.39054],[-3.8137,43.38948],[-3.81203,43.38891],[-3.81094,43.38772],[-3.80947,43.38756],[-3.80944,43.38647],[-3.80836,43.38544],[-3.80645,43.38674],[-3.80625,43.38765],[-3.8056,43.38807],[-3.8039,43.38788],[-3.80179,43.38875],[-3.80091,43.38773],[-3.79902,43.3876],[-3.79515,43.38842],[-3.79274,43.38962],[-3.79024,43.39032],[-3.78457,43.39006],[-3.78248,43.39049],[-3.78165,43.39021],[-3.77793,43.39183],[-3.77561,43.39209],[-3.7746,43.39105],[-3.76917,43.39032],[-3.75968,43.38787],[-3.75936,43.38423],[-3.75384,43.38057],[-3.75403,43.37649],[-3.75331,43.37581],[-3.75519,43.37438],[-3.75504,43.37519],[-3.75626,43.37394],[-3.75896,43.37246],[-3.76511,43.37037],[-3.76694,43.36926],[-3.76943,43.36862],[-3.77005,43.36802],[-3.77222,43.36852],[-3.7746,43.36767],[-3.77605,43.36562],[-3.77889,43.36398],[-3.77877,43.36291],[-3.77974,43.36251],[-3.78087,43.36225],[-3.78126,43.36278],[-3.7827,43.36289],[-3.78283,43.36403],[-3.78498,43.36503],[-3.78758,43.3648],[-3.78873,43.36302],[-3.79277,43.36284],[-3.79604,43.36139],[-3.79895,43.36196],[-3.79903,43.36242],[-3.80064,43.36292],[-3.80081,43.36329],[-3.8035,43.36335],[-3.80482,43.36274],[-3.80521,43.36147],[-3.80759,43.36003],[-3.80798,43.3587],[-3.80933,43.35796],[-3.81542,43.35758],[-3.81592,43.35837],[-3.81651,43.35848],[-3.81669,43.3594],[-3.81748,43.35961],[-3.81933,43.3581],[-3.8222,43.35815],[-3.82315,43.35352],[-3.82135,43.34919],[-3.82178,43.34434],[-3.82081,43.34345],[-3.81901,43.33989],[-3.82096,43.33948],[-3.82044,43.33552],[-3.81934,43.33514],[-3.81967,43.33477],[-3.81893,43.33436],[-3.81978,43.33147],[-3.82401,43.32668],[-3.82851,43.3247],[-3.83093,43.32297],[-3.83343,43.32231],[-3.83532,43.31998],[-3.83637,43.31929],[-3.83754,43.31887],[-3.83887,43.31892],[-3.84207,43.31782],[-3.84465,43.31806],[-3.84589,43.31745],[-3.84815,43.3154],[-3.85124,43.31459],[-3.85096,43.31371],[-3.85234,43.31303],[-3.85379,43.3114],[-3.85382,43.30963]]}},{"type":"Feature","properties":{"name":"TET_E-09-CYL-NE_20241226","country":"ES","lengthKm":82.9},"geometry":{"type":"LineString","coordinates":[[-3.2231,43.17292],[-3.22805,43.16837],[-3.23101,43.16499],[-3.23434,43.16384],[-3.23627,43.16265],[-3.23804,43.16225],[-3.23826,43.16179],[-3.24019,43.16151],[-3.24022,43.15951],[-3.24171,43.15954],[-3.23798,43.15767],[-3.23776,43.15632],[-3.237,43.15532],[-3.23865,43.15252],[-3.24044,43.1507],[-3.24168,43.14674],[-3.24162,43.14469],[-3.24031,43.14362],[-3.23879,43.14312],[-3.23696,43.14085],[-3.23577,43.141],[-3.23532,43.13998],[-3.23353,43.13894],[-3.23335,43.13962],[-3.23192,43.14034],[-3.23232,43.14094],[-3.23196,43.14194],[-3.23287,43.14405],[-3.23249,43.14491],[-3.23125,43.14536],[-3.22646,43.14457],[-3.22477,43.14032],[-3.22199,43.1381],[-3.21568,43.13562],[-3.21085,43.13313],[-3.21,43.13211],[-3.20803,43.13131],[-3.20721,43.13043],[-3.20589,43.1245],[-3.20683,43.12292],[-3.20678,43.12202],[-3.20512,43.12145],[-3.20464,43.12008],[-3.20522,43.11827],[-3.20437,43.11733],[-3.20451,43.11546],[-3.20381,43.11513],[-3.20095,43.11639],[-3.19975,43.11564],[-3.19974,43.11427],[-3.20115,43.11202],[-3.2012,43.11066],[-3.1999,43.11033],[-3.19928,43.10883],[-3.19834,43.10793],[-3.19671,43.1078],[-3.19622,43.10592],[-3.19722,43.10435],[-3.19772,43.10436],[-3.19831,43.10542],[-3.20069,43.10621],[-3.2016,43.10797],[-3.20231,43.10831],[-3.20519,43.10594],[-3.20634,43.10311],[-3.20735,43.10328],[-3.20987,43.10216],[-3.20989,43.10297],[-3.20879,43.1044],[-3.20895,43.10511],[-3.20949,43.10525],[-3.21296,43.10306],[-3.21443,43.10157],[-3.21557,43.10239],[-3.21571,43.10442],[-3.21634,43.10471],[-3.22136,43.10187],[-3.22193,43.10255],[-3.22422,43.10314],[-3.2244,43.10538],[-3.22493,43.10582],[-3.22623,43.10553],[-3.22873,43.104],[-3.23042,43.10392],[-3.23426,43.10552],[-3.2338,43.10664],[-3.23487,43.10723],[-3.2374,43.10632],[-3.23699,43.10516],[-3.24083,43.10494],[-3.2427,43.10373],[-3.24365,43.1055],[-3.24518,43.10619],[-3.2481,43.10624],[-3.25,43.10792],[-3.25043,43.10744],[-3.25048,43.1055],[-3.25127,43.10486],[-3.25511,43.10519],[-3.25643,43.10217],[-3.25746,43.0979],[-3.25814,43.09679],[-3.25947,43.0965],[-3.26354,43.09778],[-3.26497,43.09893],[-3.26917,43.09957],[-3.27031,43.10027],[-3.2732,43.10075],[-3.28186,43.09898],[-3.28247,43.1],[-3.28215,43.10041],[-3.28299,43.10075],[-3.28527,43.10004],[-3.28666,43.10106],[-3.30419,43.10136],[-3.30734,43.10186],[-3.31031,43.10301],[-3.31207,43.10323],[-3.32134,43.1005],[-3.32995,43.10009],[-3.33846,43.09652],[-3.34386,43.0934],[-3.35332,43.09158],[-3.35859,43.09196],[-3.3614,43.09263],[-3.36283,43.09239],[-3.3639,43.09104],[-3.36627,43.09167],[-3.37069,43.09363],[-3.37684,43.09473],[-3.37884,43.09481],[-3.38361,43.09377],[-3.38478,43.09475],[-3.38751,43.09483],[-3.38914,43.09438],[-3.38998,43.09201],[-3.39099,43.0916],[-3.39145,43.09038],[-3.39259,43.08924],[-3.39683,43.08927],[-3.3986,43.09005],[-3.40126,43.09004],[-3.40177,43.09037],[-3.40163,43.09182],[-3.40271,43.09211],[-3.40247,43.09276],[-3.40521,43.09368],[-3.40689,43.09352],[-3.41015,43.0946],[-3.41525,43.09404],[-3.41999,43.09306],[-3.42157,43.09329],[-3.42173,43.09394],[-3.42233,43.09366],[-3.42274,43.094],[-3.42341,43.09381],[-3.42247,43.09455],[-3.4307,43.09242],[-3.43468,43.09213],[-3.44112,43.08964],[-3.44513,43.08711],[-3.44472,43.0865],[-3.44813,43.08296],[-3.4515,43.08119],[-3.45438,43.08063],[-3.45359,43.08318],[-3.45412,43.08341],[-3.4608,43.08161],[-3.46352,43.08149],[-3.46482,43.08047],[-3.46647,43.07998],[-3.46799,43.07874],[-3.46898,43.07883],[-3.46882,43.07634],[-3.46927,43.07495],[-3.47341,43.06983],[-3.47558,43.06847],[-3.47742,43.06656],[-3.47975,43.06554],[-3.4823,43.0634],[-3.48374,43.06282],[-3.48667,43.06244],[-3.49046,43.06028],[-3.49128,43.06042],[-3.49375,43.05968],[-3.49599,43.0605],[-3.4967,43.06023],[-3.49692,43.05998],[-3.496,43.05896],[-3.49603,43.05814],[-3.49669,43.05801],[-3.49628,43.057],[-3.49664,43.05381],[-3.49592,43.05256],[-3.49576,43.04645],[-3.49679,43.04394],[-3.49675,43.04268],[-3.49741,43.04207],[-3.49727,43.03969],[-3.49839,43.03885],[-3.50291,43.03778],[-3.50826,43.03538],[-3.50966,43.03446],[-3.51089,43.03232],[-3.51257,43.03199],[-3.5146,43.03089],[-3.51622,43.03181],[-3.51624,43.03298],[-3.51792,43.03452],[-3.51768,43.03525],[-3.51901,43.03796],[-3.51919,43.04079],[-3.52229,43.04553],[-3.52282,43.0438],[-3.52437,43.04458],[-3.52519,43.04619],[-3.52739,43.04748],[-3.5307,43.04807],[-3.5344,43.04785],[-3.53848,43.04679],[-3.53938,43.04606],[-3.54098,43.04236],[-3.54252,43.0405],[-3.53992,43.03894],[-3.53778,43.03681],[-3.53743,43.0359],[-3.5337,43.03473],[-3.533,43.0338],[-3.53466,43.02907],[-3.53947,43.02766],[-3.54054,43.0266],[-3.53991,43.02451],[-3.54089,43.02242],[-3.54099,43.01945],[-3.53895,43.01835],[-3.53869,43.0166],[-3.53709,43.01529],[-3.53674,43.01325],[-3.5353,43.01191],[-3.53658,43.0105],[-3.53578,43.00993],[-3.53614,43.00909],[-3.53843,43.00858],[-3.5415,43.01012],[-3.54247,43.01],[-3.54345,43.01085],[-3.54593,43.01126],[-3.54755,43.01315],[-3.54777,43.01148],[-3.54817,43.01133],[-3.55163,43.01212],[-3.56196,43.01271],[-3.56415,43.01243],[-3.56903,43.01446],[-3.57302,43.01427],[-3.57487,43.01353],[-3.57395,43.01226],[-3.57442,43.011],[-3.57619,43.0099],[-3.57716,43.00759],[-3.57629,43.0061],[-3.57882,43.00381],[-3.57504,43.00219],[-3.57443,43.00131],[-3.57523,43.00023],[-3.5746,42.99969],[-3.57199,42.99958],[-3.568,43.00014],[-3.56476,42.9997],[-3.56485,42.99884],[-3.5634,42.99559],[-3.56112,42.99376],[-3.56337,42.99017],[-3.56467,42.99006],[-3.56882,42.98823],[-3.57241,42.98715],[-3.57879,42.98704],[-3.5857,42.98613],[-3.58651,42.98706],[-3.58743,42.9873],[-3.58884,42.98987],[-3.59399,42.99088],[-3.5957,42.99178],[-3.60288,42.99299],[-3.6042,42.99169],[-3.609,42.98995],[-3.61153,42.98818],[-3.61001,42.98062],[-3.60889,42.9781],[-3.60899,42.97593],[-3.60768,42.97108],[-3.60522,42.97139],[-3.60389,42.97013],[-3.60196,42.97],[-3.60161,42.96634],[-3.59806,42.95636],[-3.5957,42.95295],[-3.59437,42.95173],[-3.59295,42.94653],[-3.59178,42.94545],[-3.58978,42.94625],[-3.58599,42.94595],[-3.57597,42.94669],[-3.57561,42.94599],[-3.57624,42.94269],[-3.57154,42.93958],[-3.5769,42.92836],[-3.5741,42.92806],[-3.57358,42.92755],[-3.57276,42.92438],[-3.56834,42.9205],[-3.56698,42.92013],[-3.56581,42.91925],[-3.56391,42.91735],[-3.56428,42.9166],[-3.56344,42.91569],[-3.56051,42.91469],[-3.55684,42.91236],[-3.55923,42.90918],[-3.55941,42.90709],[-3.55834,42.90601]]}},{"type":"Feature","properties":{"name":"TET_E-10-EUS-NO_20241226","country":"ES","lengthKm":47.5},"geometry":{"type":"LineString","coordinates":[[-3.07241,43.3521],[-3.07416,43.35316],[-3.07467,43.35304],[-3.07452,43.35268],[-3.06934,43.35054],[-3.07104,43.34853],[-3.07529,43.35067],[-3.07754,43.35256],[-3.07848,43.35202],[-3.08039,43.35231],[-3.0816,43.35182],[-3.08355,43.34676],[-3.08316,43.3407],[-3.08405,43.34167],[-3.08531,43.34475],[-3.08948,43.34618],[-3.09021,43.34736],[-3.09056,43.34681],[-3.08912,43.34526],[-3.08935,43.34405],[-3.08892,43.34252],[-3.08935,43.34232],[-3.08991,43.34263],[-3.08986,43.34165],[-3.09207,43.34111],[-3.09049,43.34],[-3.09119,43.33888],[-3.08845,43.33816],[-3.08717,43.33721],[-3.08658,43.33477],[-3.08755,43.33302],[-3.08785,43.33132],[-3.08911,43.32981],[-3.08866,43.32918],[-3.08932,43.3288],[-3.08873,43.32787],[-3.08911,43.32667],[-3.08982,43.32554],[-3.09103,43.32486],[-3.08975,43.32439],[-3.09015,43.32266],[-3.09166,43.32194],[-3.09242,43.32056],[-3.09254,43.31868],[-3.09132,43.31872],[-3.09126,43.31812],[-3.09253,43.31779],[-3.09415,43.3181],[-3.0923,43.31743],[-3.09149,43.31646],[-3.09227,43.31472],[-3.09161,43.31372],[-3.09266,43.31376],[-3.0929,43.31335],[-3.09528,43.31357],[-3.09748,43.31267],[-3.09734,43.31178],[-3.101,43.31167],[-3.10234,43.31121],[-3.10252,43.3107],[-3.10389,43.30995],[-3.10451,43.31096],[-3.10437,43.31205],[-3.10551,43.31308],[-3.10621,43.3133],[-3.10771,43.31213],[-3.10766,43.31276],[-3.10852,43.31395],[-3.11186,43.31569],[-3.11291,43.31749],[-3.1136,43.31713],[-3.11388,43.31923],[-3.11622,43.31925],[-3.11957,43.32096],[-3.12518,43.31814],[-3.12691,43.31873],[-3.12732,43.31836],[-3.12894,43.31895],[-3.1297,43.31859],[-3.13177,43.31934],[-3.13087,43.31841],[-3.13089,43.31764],[-3.13318,43.31756],[-3.13853,43.31538],[-3.13423,43.3153],[-3.13716,43.31468],[-3.13809,43.31318],[-3.13992,43.31324],[-3.14303,43.31163],[-3.1438,43.31197],[-3.14416,43.31373],[-3.1463,43.31348],[-3.1449,43.31312],[-3.14582,43.31284],[-3.14802,43.3133],[-3.14989,43.31508],[-3.14936,43.31406],[-3.15089,43.31438],[-3.14963,43.31302],[-3.15104,43.31343],[-3.1517,43.31311],[-3.15106,43.31308],[-3.14915,43.31143],[-3.14797,43.30913],[-3.14477,43.30658],[-3.14603,43.30448],[-3.14811,43.30228],[-3.14934,43.30273],[-3.15003,43.30353],[-3.1525,43.30422],[-3.15423,43.30344],[-3.15372,43.30226],[-3.15471,43.30114],[-3.15601,43.30092],[-3.15583,43.29977],[-3.15624,43.29951],[-3.1592,43.3009],[-3.16083,43.30063],[-3.16167,43.2997],[-3.16347,43.30008],[-3.1643,43.3007],[-3.16702,43.29915],[-3.16846,43.29954],[-3.16985,43.29947],[-3.17169,43.30062],[-3.17324,43.30072],[-3.17426,43.30008],[-3.17829,43.2999],[-3.1792,43.30015],[-3.18006,43.30129],[-3.18278,43.29901],[-3.18707,43.29862],[-3.1884,43.29919],[-3.19078,43.29893],[-3.19373,43.30015],[-3.19407,43.29838],[-3.19749,43.29734],[-3.1984,43.29579],[-3.19904,43.29277],[-3.20514,43.2902],[-3.20662,43.28691],[-3.20917,43.28409],[-3.21199,43.28399],[-3.21399,43.28487],[-3.21504,43.28602],[-3.21488,43.28527],[-3.21315,43.28317],[-3.21298,43.28197],[-3.21364,43.28031],[-3.2127,43.27902],[-3.21361,43.27788],[-3.21597,43.27704],[-3.21456,43.27529],[-3.21753,43.27387],[-3.22089,43.27062],[-3.22191,43.26855],[-3.22217,43.26706],[-3.22163,43.26554],[-3.22236,43.26453],[-3.22365,43.26434],[-3.22683,43.26495],[-3.22828,43.26473],[-3.22789,43.26337],[-3.23029,43.26084],[-3.22808,43.25821],[-3.22842,43.25679],[-3.22811,43.25625],[-3.22451,43.25421],[-3.22368,43.25321],[-3.22262,43.25318],[-3.22186,43.25248],[-3.22096,43.25233],[-3.22169,43.2517],[-3.22158,43.2509],[-3.2198,43.25144],[-3.21996,43.25076],[-3.21943,43.24986],[-3.22161,43.24767],[-3.22322,43.24718],[-3.22339,43.24678],[-3.22226,43.24521],[-3.22058,43.24393],[-3.2174,43.24334],[-3.21725,43.2423],[-3.21872,43.24049],[-3.21785,43.23994],[-3.21606,43.24011],[-3.21607,43.23985],[-3.21892,43.23636],[-3.21998,43.23626],[-3.22141,43.2352],[-3.22223,43.23399],[-3.22208,43.23191],[-3.22536,43.22912],[-3.2259,43.22803],[-3.22853,43.22709],[-3.2314,43.22155],[-3.23107,43.22086],[-3.23145,43.21921],[-3.23342,43.2152],[-3.23287,43.21428],[-3.23345,43.21362],[-3.23416,43.21408],[-3.23468,43.21283],[-3.23406,43.21286],[-3.23308,43.21156],[-3.23434,43.21203],[-3.23697,43.20872],[-3.23787,43.20879],[-3.24097,43.2077],[-3.24141,43.20709],[-3.24085,43.20671],[-3.24121,43.20518],[-3.24456,43.20388],[-3.24469,43.20306],[-3.24677,43.20035],[-3.24597,43.19846],[-3.24271,43.19662],[-3.24463,43.19617],[-3.24702,43.1947],[-3.24336,43.19491],[-3.24039,43.19433],[-3.23856,43.19347],[-3.24049,43.19335],[-3.24205,43.19265],[-3.23688,43.19136],[-3.23532,43.1899],[-3.23513,43.18873],[-3.23347,43.18748],[-3.23368,43.18556],[-3.23323,43.18516],[-3.23411,43.18522],[-3.23252,43.18434],[-3.23343,43.18294],[-3.23327,43.18235],[-3.23169,43.18078],[-3.23042,43.18125],[-3.22909,43.18015],[-3.2305,43.18044],[-3.23204,43.17968],[-3.23158,43.17942],[-3.232,43.17927],[-3.22794,43.17778],[-3.22613,43.17753],[-3.22366,43.17433],[-3.22112,43.17441],[-3.22312,43.17282]]}},{"type":"Feature","properties":{"name":"TET_E-11-EUS-S_20241226","country":"ES","lengthKm":59.3},"geometry":{"type":"LineString","coordinates":[[-2.49894,42.61086],[-2.50264,42.61135],[-2.5046,42.61255],[-2.50768,42.6133],[-2.50702,42.6126],[-2.50802,42.61128],[-2.51026,42.61073],[-2.51105,42.60748],[-2.51144,42.60721],[-2.51291,42.6076],[-2.51403,42.60378],[-2.5163,42.60237],[-2.51576,42.60023],[-2.5174,42.59667],[-2.5182,42.5968],[-2.5179,42.59852],[-2.52231,42.60259],[-2.52404,42.60322],[-2.52443,42.6028],[-2.52619,42.60249],[-2.52751,42.6038],[-2.52959,42.60365],[-2.53081,42.6045],[-2.53134,42.60575],[-2.53403,42.60423],[-2.5357,42.60408],[-2.53692,42.60338],[-2.53905,42.60335],[-2.54081,42.6038],[-2.54186,42.60338],[-2.54205,42.60265],[-2.53931,42.60055],[-2.53887,42.59937],[-2.53957,42.59888],[-2.54186,42.59861],[-2.54394,42.59908],[-2.54465,42.59963],[-2.54513,42.60103],[-2.54749,42.60002],[-2.5488,42.59987],[-2.54906,42.59936],[-2.54988,42.59975],[-2.55033,42.59814],[-2.55168,42.59743],[-2.55274,42.59602],[-2.56018,42.59634],[-2.56225,42.59724],[-2.56432,42.59631],[-2.56594,42.59676],[-2.56726,42.59672],[-2.5731,42.59539],[-2.57472,42.59443],[-2.57389,42.59424],[-2.57256,42.5915],[-2.57269,42.59086],[-2.57356,42.58906],[-2.57508,42.58791],[-2.57656,42.58436],[-2.58017,42.58176],[-2.58027,42.5783],[-2.5815,42.57735],[-2.58093,42.57411],[-2.58383,42.57418],[-2.58789,42.5737],[-2.59628,42.57434],[-2.60233,42.57605],[-2.60708,42.57604],[-2.61987,42.57946],[-2.62237,42.57946],[-2.62363,42.57875],[-2.62598,42.57867],[-2.63368,42.58114],[-2.63812,42.58002],[-2.64135,42.58112],[-2.64838,42.57971],[-2.65094,42.58127],[-2.65432,42.5803],[-2.65629,42.58629],[-2.65822,42.58661],[-2.65969,42.58753],[-2.66149,42.58754],[-2.663,42.5856],[-2.66506,42.58463],[-2.66687,42.58459],[-2.66548,42.58535],[-2.66474,42.58626],[-2.66663,42.58598],[-2.6688,42.58706],[-2.66689,42.58907],[-2.67158,42.59054],[-2.67302,42.59011],[-2.67536,42.59023],[-2.67945,42.59079],[-2.68093,42.59144],[-2.68238,42.59292],[-2.68099,42.59451],[-2.68411,42.5981],[-2.68409,42.59947],[-2.68559,42.59929],[-2.68859,42.60032],[-2.69122,42.60042],[-2.69561,42.60159],[-2.70079,42.60012],[-2.70259,42.60076],[-2.70425,42.60059],[-2.70649,42.60217],[-2.70983,42.60247],[-2.71206,42.60369],[-2.71476,42.60392],[-2.71448,42.60555],[-2.71567,42.60687],[-2.71671,42.60758],[-2.72252,42.60927],[-2.72326,42.61158],[-2.72911,42.61556],[-2.72931,42.61645],[-2.7308,42.61761],[-2.73047,42.61425],[-2.72846,42.61165],[-2.7286,42.61088],[-2.73112,42.61109],[-2.73099,42.61038],[-2.73181,42.61031],[-2.73333,42.61161],[-2.7349,42.61199],[-2.73535,42.61259],[-2.73476,42.61411],[-2.73547,42.61491],[-2.73804,42.61406],[-2.73859,42.61297],[-2.74007,42.61229],[-2.74199,42.61315],[-2.74316,42.61308],[-2.74391,42.6145],[-2.7445,42.61459],[-2.74468,42.61328],[-2.74754,42.61025],[-2.75004,42.60945],[-2.75125,42.60953],[-2.75183,42.60902],[-2.75202,42.60844],[-2.75125,42.60718],[-2.75156,42.60629],[-2.75324,42.6057],[-2.754,42.60448],[-2.75556,42.6042],[-2.75615,42.60372],[-2.75621,42.60418],[-2.75809,42.60507],[-2.75827,42.6062],[-2.75902,42.60683],[-2.76155,42.60631],[-2.76565,42.60668],[-2.76683,42.60588],[-2.76774,42.60587],[-2.76912,42.60636],[-2.76974,42.60723],[-2.77307,42.60857],[-2.77661,42.60674],[-2.77854,42.60719],[-2.7803,42.60679],[-2.78185,42.60723],[-2.78326,42.60596],[-2.78265,42.61042],[-2.78161,42.61174],[-2.78551,42.61314],[-2.78732,42.61488],[-2.78878,42.61477],[-2.79078,42.61623],[-2.79265,42.61562],[-2.79335,42.61589],[-2.79402,42.61458],[-2.79383,42.61333],[-2.79318,42.61251],[-2.79272,42.61257],[-2.79338,42.61241],[-2.7947,42.61338],[-2.79555,42.61599],[-2.79545,42.61329],[-2.79442,42.61167],[-2.79604,42.61116],[-2.79782,42.60963],[-2.79751,42.60857],[-2.79863,42.6053],[-2.79848,42.6014],[-2.79893,42.59972],[-2.79738,42.59715],[-2.79739,42.59622],[-2.79797,42.5955],[-2.79798,42.59355],[-2.79661,42.59142],[-2.79665,42.59035],[-2.79558,42.58991],[-2.79605,42.5865],[-2.79453,42.58661],[-2.7937,42.58559],[-2.79584,42.58409],[-2.79719,42.58211],[-2.79916,42.58193],[-2.7993,42.57985],[-2.80489,42.57935],[-2.80656,42.57875],[-2.80763,42.57725],[-2.80723,42.5747],[-2.8102,42.57241],[-2.81247,42.57213],[-2.81488,42.57257],[-2.81594,42.57224],[-2.81749,42.57362],[-2.81902,42.57315],[-2.82242,42.57108],[-2.82629,42.57005],[-2.82747,42.571],[-2.82594,42.57231],[-2.82453,42.57287],[-2.82447,42.57406],[-2.82323,42.57554],[-2.82321,42.57687],[-2.82128,42.57999],[-2.82165,42.58031],[-2.82766,42.58036],[-2.82928,42.5807],[-2.83132,42.58253],[-2.83313,42.58521],[-2.83384,42.58542],[-2.84593,42.58247],[-2.84826,42.5808],[-2.84985,42.58015],[-2.85066,42.57902],[-2.85237,42.57892],[-2.85625,42.58093],[-2.85838,42.58134],[-2.86049,42.5853],[-2.85938,42.58852],[-2.85989,42.58913],[-2.86144,42.5894],[-2.86174,42.59071],[-2.86256,42.59168],[-2.86031,42.59217],[-2.85937,42.59416],[-2.85586,42.59668],[-2.85517,42.59761],[-2.85443,42.60242],[-2.85449,42.60623],[-2.85349,42.60867],[-2.8547,42.61015],[-2.85582,42.61405],[-2.8555,42.61517],[-2.85673,42.61535],[-2.85646,42.6178],[-2.85531,42.61861],[-2.8548,42.62098],[-2.85557,42.6226],[-2.85632,42.62337],[-2.8572,42.62357],[-2.85783,42.62521],[-2.85725,42.62781],[-2.8581,42.63044],[-2.85584,42.63079],[-2.85557,42.6313],[-2.85631,42.63203],[-2.85771,42.63598],[-2.85867,42.63675],[-2.8595,42.63661]]}},{"type":"Feature","properties":{"name":"TET_E-12-NA-C_20241226","country":"ES","lengthKm":203.8},"geometry":{"type":"LineString","coordinates":[[-1.34157,42.34323],[-1.34172,42.3441],[-1.34395,42.34401],[-1.34542,42.34354],[-1.34702,42.34412],[-1.35006,42.34304],[-1.35261,42.34336],[-1.35408,42.34423],[-1.35506,42.34612],[-1.35599,42.34637],[-1.35974,42.34546],[-1.36367,42.34524],[-1.36962,42.34905],[-1.37237,42.34923],[-1.37211,42.35421],[-1.37401,42.35285],[-1.37677,42.35169],[-1.38024,42.35267],[-1.37929,42.35372],[-1.38032,42.35442],[-1.38588,42.35676],[-1.38974,42.35776],[-1.39327,42.35921],[-1.39352,42.35962],[-1.39278,42.36152],[-1.39309,42.36188],[-1.39435,42.36023],[-1.3959,42.35985],[-1.39802,42.36052],[-1.39936,42.36147],[-1.40296,42.36241],[-1.40965,42.36525],[-1.41382,42.36831],[-1.41693,42.36919],[-1.41946,42.36926],[-1.42027,42.36989],[-1.42033,42.37047],[-1.4238,42.37157],[-1.42546,42.37245],[-1.42529,42.37288],[-1.42738,42.37321],[-1.43078,42.37519],[-1.43578,42.37334],[-1.43714,42.37327],[-1.43841,42.37394],[-1.44226,42.3728],[-1.44289,42.37338],[-1.44437,42.37844],[-1.44609,42.37889],[-1.44655,42.38079],[-1.44948,42.38079],[-1.45533,42.38258],[-1.45549,42.38626],[-1.45748,42.39108],[-1.46006,42.39329],[-1.4592,42.39443],[-1.45953,42.39619],[-1.45471,42.39962],[-1.45359,42.40094],[-1.45501,42.40295],[-1.45273,42.40698],[-1.45027,42.40911],[-1.45083,42.4103],[-1.45069,42.41236],[-1.44958,42.41535],[-1.44747,42.41718],[-1.44739,42.41776],[-1.44825,42.4189],[-1.44621,42.42151],[-1.4458,42.42488],[-1.44733,42.42553],[-1.44729,42.42621],[-1.44519,42.42763],[-1.44539,42.42936],[-1.4444,42.43035],[-1.4427,42.43092],[-1.44191,42.43162],[-1.44086,42.43151],[-1.44046,42.43215],[-1.44217,42.43297],[-1.44383,42.43247],[-1.44375,42.43582],[-1.445,42.43806],[-1.44611,42.43907],[-1.44645,42.44069],[-1.44508,42.44053],[-1.4451,42.44105],[-1.44414,42.4415],[-1.4433,42.44276],[-1.44161,42.444],[-1.44305,42.44646],[-1.44741,42.44902],[-1.44726,42.44985],[-1.44828,42.45131],[-1.44804,42.4533],[-1.45146,42.45662],[-1.45207,42.45877],[-1.45338,42.45988],[-1.4528,42.46152],[-1.4536,42.46253],[-1.45345,42.46362],[-1.45539,42.46561],[-1.45431,42.46727],[-1.45471,42.46775],[-1.46094,42.46924],[-1.46305,42.47087],[-1.46872,42.47281],[-1.47013,42.47603],[-1.47282,42.47983],[-1.47585,42.48251],[-1.47928,42.48719],[-1.48044,42.49191],[-1.48137,42.49286],[-1.48128,42.49418],[-1.48356,42.49535],[-1.4846,42.49736],[-1.48861,42.50069],[-1.49091,42.5017],[-1.49247,42.50181],[-1.49441,42.50361],[-1.49677,42.50439],[-1.4981,42.50562],[-1.49822,42.50704],[-1.50193,42.50912],[-1.50649,42.51347],[-1.50817,42.5139],[-1.5094,42.51475],[-1.51088,42.51421],[-1.51224,42.51574],[-1.51132,42.51826],[-1.51196,42.51966],[-1.51458,42.52188],[-1.51527,42.52577],[-1.51654,42.52678],[-1.51978,42.52733],[-1.52129,42.52671],[-1.52276,42.52665],[-1.52649,42.52492],[-1.52733,42.52497],[-1.52738,42.52397],[-1.53107,42.52276],[-1.53299,42.52436],[-1.53433,42.52434],[-1.53371,42.52276],[-1.53453,42.52198],[-1.54012,42.52143],[-1.54079,42.52222],[-1.54181,42.52246],[-1.54304,42.52401],[-1.54706,42.52593],[-1.54922,42.52578],[-1.54892,42.52631],[-1.55,42.52651],[-1.55292,42.52589],[-1.55381,42.52607],[-1.55433,42.52665],[-1.55411,42.52811],[-1.55454,42.52876],[-1.55579,42.5277],[-1.55692,42.52546],[-1.55878,42.52558],[-1.56065,42.52404],[-1.56333,42.52313],[-1.56428,42.52229],[-1.56401,42.52386],[-1.56446,42.52412],[-1.56583,42.52322],[-1.56741,42.52291],[-1.56849,42.5221],[-1.57242,42.52063],[-1.57966,42.51964],[-1.58566,42.51672],[-1.58893,42.5146],[-1.59421,42.51429],[-1.60845,42.51489],[-1.61445,42.51659],[-1.62346,42.5174],[-1.62676,42.51733],[-1.63271,42.51804],[-1.63558,42.51881],[-1.64593,42.52034],[-1.64988,42.52135],[-1.64975,42.52187],[-1.65066,42.52235],[-1.64953,42.52311],[-1.64959,42.52386],[-1.64899,42.52444],[-1.64955,42.52474],[-1.6495,42.52525],[-1.6474,42.5267],[-1.6476,42.52808],[-1.64676,42.52849],[-1.64487,42.5288],[-1.64205,42.52819],[-1.64101,42.52845],[-1.63954,42.52772],[-1.63953,42.52706],[-1.63837,42.52582],[-1.63931,42.52506],[-1.63881,42.52472],[-1.63534,42.52533],[-1.63459,42.52593],[-1.63349,42.52534],[-1.62954,42.52585],[-1.62865,42.52682],[-1.62801,42.52948],[-1.62625,42.52961],[-1.62556,42.53008],[-1.62645,42.53189],[-1.62581,42.53309],[-1.62645,42.53386],[-1.62723,42.53402],[-1.62709,42.53507],[-1.62853,42.53747],[-1.62772,42.53776],[-1.62768,42.53861],[-1.62723,42.53887],[-1.62526,42.53887],[-1.62378,42.53999],[-1.621,42.53973],[-1.61916,42.54147],[-1.61441,42.53943],[-1.60501,42.53949],[-1.60428,42.54123],[-1.60296,42.5415],[-1.60251,42.54226],[-1.6002,42.54319],[-1.59908,42.54319],[-1.5986,42.54361],[-1.59477,42.54369],[-1.59391,42.54495],[-1.59161,42.54656],[-1.59031,42.54703],[-1.58767,42.54644],[-1.58697,42.54753],[-1.58348,42.5485],[-1.58391,42.55038],[-1.58636,42.55094],[-1.58701,42.55144],[-1.58986,42.55143],[-1.591,42.55187],[-1.59222,42.55155],[-1.59365,42.55215],[-1.59543,42.55214],[-1.59465,42.55371],[-1.59051,42.55622],[-1.59007,42.55741],[-1.59081,42.55807],[-1.58952,42.55979],[-1.59044,42.56016],[-1.58984,42.5609],[-1.58832,42.561],[-1.58855,42.5615],[-1.59048,42.5624],[-1.59252,42.56259],[-1.59646,42.5669],[-1.59728,42.56711],[-1.5987,42.56674],[-1.59893,42.56582],[-1.59943,42.56663],[-1.60174,42.56699],[-1.60148,42.56748],[-1.60186,42.56766],[-1.60287,42.56644],[-1.60377,42.56626],[-1.60528,42.56763],[-1.60787,42.56861],[-1.6112,42.56865],[-1.61139,42.56807],[-1.61245,42.56744],[-1.61655,42.5664],[-1.61768,42.56515],[-1.61931,42.56484],[-1.61789,42.56554],[-1.61863,42.56575],[-1.62204,42.56511],[-1.62189,42.56557],[-1.62099,42.56571],[-1.61906,42.56693],[-1.61908,42.56823],[-1.61984,42.56908],[-1.61959,42.57001],[-1.62047,42.57095],[-1.62026,42.57189],[-1.62081,42.57264],[-1.62225,42.57299],[-1.62222,42.57357],[-1.62478,42.57428],[-1.62702,42.57382],[-1.6291,42.57177],[-1.63082,42.57152],[-1.63266,42.57011],[-1.63509,42.56896],[-1.63654,42.56981],[-1.63934,42.57066],[-1.63975,42.57114],[-1.64313,42.57096],[-1.64315,42.57187],[-1.64471,42.57171],[-1.64484,42.57237],[-1.64525,42.57111],[-1.64833,42.5707],[-1.65046,42.57267],[-1.65423,42.5732],[-1.6557,42.57309],[-1.65779,42.57515],[-1.66024,42.57585],[-1.66097,42.57661],[-1.66817,42.5783],[-1.6715,42.5767],[-1.67828,42.57584],[-1.68089,42.57627],[-1.68204,42.57695],[-1.68513,42.57686],[-1.68714,42.57811],[-1.68928,42.57866],[-1.69316,42.57827],[-1.69658,42.57865],[-1.69844,42.57834],[-1.69993,42.57913],[-1.70186,42.5786],[-1.7036,42.57992],[-1.70296,42.58096],[-1.70629,42.5799],[-1.70861,42.58046],[-1.71141,42.57904],[-1.71416,42.57872],[-1.71532,42.57738],[-1.7168,42.57666],[-1.7172,42.5753],[-1.71792,42.57576],[-1.71827,42.57511],[-1.71903,42.57539],[-1.72093,42.57527],[-1.72058,42.57662],[-1.71962,42.57742],[-1.72081,42.5781],[-1.72293,42.57635],[-1.72397,42.57715],[-1.72518,42.5768],[-1.72765,42.57812],[-1.72881,42.57832],[-1.72871,42.57764],[-1.73049,42.57898],[-1.73242,42.57915],[-1.735,42.57849],[-1.74039,42.57899],[-1.74397,42.57995],[-1.74927,42.58174],[-1.75202,42.58406],[-1.75402,42.58498],[-1.76145,42.58754],[-1.76492,42.58737],[-1.76403,42.58934],[-1.76432,42.59044],[-1.76374,42.59115],[-1.76399,42.59213],[-1.76536,42.59206],[-1.76545,42.59254],[-1.76099,42.59445],[-1.75927,42.59661],[-1.75899,42.59795],[-1.75787,42.59917],[-1.75623,42.60261],[-1.75419,42.60471],[-1.75326,42.60492],[-1.75181,42.60417],[-1.75141,42.6046],[-1.75013,42.60756],[-1.75004,42.60881],[-1.74663,42.61151],[-1.74562,42.61277],[-1.74519,42.61361],[-1.74601,42.61466],[-1.74483,42.61527],[-1.74325,42.61771],[-1.74401,42.61932],[-1.74624,42.61992],[-1.74678,42.62071],[-1.74665,42.62157],[-1.74786,42.62263],[-1.74783,42.62334],[-1.74892,42.62388],[-1.75092,42.62392],[-1.75102,42.62451],[-1.75172,42.62488],[-1.75162,42.6254],[-1.75304,42.62235],[-1.75182,42.61921],[-1.75223,42.61707],[-1.75109,42.61469],[-1.75216,42.61293],[-1.75551,42.61322],[-1.75786,42.61397],[-1.7607,42.61266],[-1.76031,42.6146],[-1.76056,42.6173],[-1.76201,42.61807],[-1.76274,42.6175],[-1.76373,42.61767],[-1.76433,42.6184],[-1.76638,42.619],[-1.76724,42.62043],[-1.7673,42.62171],[-1.76936,42.62338],[-1.76979,42.62466],[-1.77033,42.62487],[-1.77082,42.62479],[-1.77116,42.62316],[-1.77386,42.62342],[-1.77479,42.62408],[-1.77533,42.62376],[-1.77756,42.62365],[-1.77765,42.62419],[-1.77886,42.62322],[-1.78299,42.62315],[-1.78379,42.62368],[-1.78672,42.62396],[-1.78729,42.6244],[-1.78841,42.62428],[-1.78926,42.62366],[-1.79135,42.62339],[-1.79525,42.62351],[-1.79842,42.6243],[-1.79981,42.62564],[-1.80355,42.62579],[-1.80517,42.62628],[-1.81137,42.62705],[-1.81501,42.62625],[-1.81726,42.62623],[-1.82465,42.62781],[-1.83125,42.62837],[-1.83384,42.62657],[-1.8353,42.62684],[-1.83786,42.62572],[-1.83799,42.62457],[-1.8399,42.62303],[-1.84135,42.62043],[-1.84312,42.62058],[-1.84374,42.62132],[-1.84476,42.62166],[-1.84475,42.62316],[-1.84571,42.62428],[-1.84566,42.62994],[-1.84601,42.63059],[-1.84712,42.6311],[-1.84713,42.63378],[-1.84908,42.63582],[-1.85035,42.63675],[-1.85334,42.63795],[-1.8554,42.64031],[-1.85976,42.64328],[-1.86362,42.64452],[-1.86346,42.6451],[-1.86427,42.64545],[-1.8668,42.64593],[-1.86736,42.64446],[-1.86493,42.64328],[-1.86278,42.64116],[-1.8603,42.63771],[-1.86204,42.63777],[-1.86329,42.63826],[-1.86433,42.63813],[-1.86644,42.63879],[-1.86741,42.638],[-1.87055,42.63824],[-1.87202,42.63764],[-1.87455,42.64041],[-1.87442,42.64142],[-1.8748,42.6417],[-1.87639,42.64186],[-1.87682,42.64103],[-1.87763,42.64073],[-1.87788,42.64202],[-1.88012,42.64202],[-1.88,42.64264],[-1.87888,42.64312],[-1.87993,42.64565],[-1.88188,42.64651],[-1.88385,42.64621],[-1.88327,42.64801],[-1.88386,42.64903],[-1.88512,42.6501],[-1.88693,42.65019],[-1.88706,42.65075],[-1.88862,42.65192],[-1.89008,42.65167],[-1.89105,42.65258],[-1.89055,42.65331],[-1.89107,42.6542],[-1.89191,42.65463],[-1.89338,42.65466],[-1.89312,42.65608],[-1.89358,42.6567],[-1.89509,42.65651],[-1.89757,42.65847],[-1.89896,42.65848],[-1.89935,42.6591],[-1.90164,42.65916],[-1.90186,42.65959],[-1.9013,42.66056],[-1.90161,42.66094],[-1.907,42.66319],[-1.90876,42.66467],[-1.90871,42.66323],[-1.91015,42.66381],[-1.91204,42.66233],[-1.91176,42.66084],[-1.91359,42.66239],[-1.91325,42.65979],[-1.91194,42.65853],[-1.91152,42.65663],[-1.91051,42.65599],[-1.9119,42.65441],[-1.91297,42.65453],[-1.91443,42.65351],[-1.91527,42.65223],[-1.91515,42.65119],[-1.91388,42.64919],[-1.91399,42.64758],[-1.91616,42.64439],[-1.91709,42.64379],[-1.91704,42.64135],[-1.91815,42.64057],[-1.91852,42.63942],[-1.91837,42.63777],[-1.9172,42.63693],[-1.91657,42.63558],[-1.91427,42.6335],[-1.91346,42.63211],[-1.91631,42.63244],[-1.91796,42.63169],[-1.91843,42.63037],[-1.92027,42.63134],[-1.92097,42.63116],[-1.92157,42.62993],[-1.9222,42.63033],[-1.92548,42.62994],[-1.92789,42.62785],[-1.92967,42.62915],[-1.93246,42.6304],[-1.93869,42.63096],[-1.94622,42.63406],[-1.94719,42.63465],[-1.94907,42.63691],[-1.95231,42.63898],[-1.95505,42.64009],[-1.95711,42.64159],[-1.95866,42.64365],[-1.96011,42.64474],[-1.96222,42.64565],[-1.96538,42.64632],[-1.96875,42.64915],[-1.97318,42.65182],[-1.96888,42.6573],[-1.96683,42.65848],[-1.96555,42.66089],[-1.96225,42.66347],[-1.96181,42.66432],[-1.9621,42.66514],[-1.96078,42.66597],[-1.96131,42.66697],[-1.95936,42.66749],[-1.95978,42.66819],[-1.96181,42.66744],[-1.96249,42.66808],[-1.96357,42.66806],[-1.96432,42.66853],[-1.96391,42.66919],[-1.9642,42.67137],[-1.96315,42.67259],[-1.96512,42.67377],[-1.96698,42.67558],[-1.96741,42.67747],[-1.96876,42.67961],[-1.9688,42.68062],[-1.97024,42.68181],[-1.97092,42.68373],[-1.97416,42.68331],[-1.9759,42.68257],[-1.98042,42.68507],[-1.98353,42.68817],[-1.98463,42.68863],[-1.98819,42.68886],[-1.98884,42.68961],[-1.98807,42.69091],[-1.99321,42.69171],[-1.99516,42.69051],[-1.99467,42.68985],[-1.99487,42.68905],[-1.99747,42.68918],[-1.99965,42.68822],[-2.00004,42.68904],[-2.00101,42.68882],[-2.00431,42.68653],[-2.00742,42.6861],[-2.01061,42.68202],[-2.01385,42.6814],[-2.01508,42.67995],[-2.01615,42.67971],[-2.01725,42.67892],[-2.01814,42.67717],[-2.01967,42.67644],[-2.02113,42.67664],[-2.02214,42.67624],[-2.02334,42.67512],[-2.02267,42.67393],[-2.02336,42.67191],[-2.02602,42.67182],[-2.02583,42.67075],[-2.02526,42.67058],[-2.03184,42.66654],[-2.0305,42.66905],[-2.03129,42.6694],[-2.03031,42.67059],[-2.03523,42.67229],[-2.0353,42.67376],[-2.03704,42.67343],[-2.03855,42.6739],[-2.03907,42.67267],[-2.03993,42.67243],[-2.03984,42.67202],[-2.04048,42.67268],[-2.0404,42.67361],[-2.04139,42.67461],[-2.0451,42.67497],[-2.04574,42.67474],[-2.04576,42.67428],[-2.04387,42.67264],[-2.04434,42.67048],[-2.04387,42.66817],[-2.04637,42.66544],[-2.0481,42.66507],[-2.04871,42.66334],[-2.05072,42.66134],[-2.0539,42.66156],[-2.05619,42.66078],[-2.0558,42.65967],[-2.05707,42.65901],[-2.05643,42.65768],[-2.05473,42.65587],[-2.05484,42.65546],[-2.06412,42.65613],[-2.06877,42.655],[-2.07007,42.65512],[-2.07283,42.65331],[-2.07335,42.65475],[-2.07531,42.65523],[-2.08124,42.65534],[-2.08447,42.65585],[-2.08452,42.65672],[-2.08577,42.65766],[-2.09163,42.65655],[-2.08991,42.65407],[-2.09118,42.65355],[-2.09142,42.65231],[-2.09359,42.65008],[-2.09218,42.6493],[-2.09183,42.64833],[-2.09068,42.64733],[-2.09086,42.64669],[-2.08945,42.64613],[-2.08975,42.64539],[-2.09055,42.64537],[-2.09189,42.64403],[-2.09738,42.64544],[-2.09895,42.64631],[-2.10619,42.64765],[-2.10587,42.64467],[-2.10893,42.64459],[-2.10915,42.64302],[-2.10986,42.64269],[-2.10972,42.64156],[-2.11119,42.64049],[-2.11148,42.63891],[-2.1106,42.63893],[-2.11,42.63994],[-2.10688,42.63926],[-2.10637,42.63992],[-2.1028,42.6381],[-2.10294,42.6371],[-2.10179,42.6359],[-2.1017,42.63373],[-2.10243,42.63203],[-2.10427,42.63026],[-2.10908,42.62868],[-2.11414,42.62871],[-2.11594,42.62809],[-2.1194,42.62594],[-2.12243,42.62586],[-2.124,42.62388],[-2.12693,42.62157],[-2.12773,42.61989],[-2.13145,42.61743],[-2.13416,42.61733],[-2.13653,42.61667],[-2.13752,42.61684],[-2.13962,42.61898],[-2.13916,42.62097],[-2.13964,42.62191],[-2.14062,42.62237],[-2.14359,42.62243],[-2.14508,42.62304],[-2.14746,42.62135],[-2.14785,42.62043],[-2.14972,42.61926],[-2.15041,42.61815],[-2.15175,42.61736],[-2.15537,42.61594],[-2.157,42.61598],[-2.15779,42.61468],[-2.15888,42.6153],[-2.15953,42.61525],[-2.15903,42.61437],[-2.15949,42.61316],[-2.16074,42.61304],[-2.16014,42.61229],[-2.15697,42.61121],[-2.15637,42.61046],[-2.15849,42.6093],[-2.15828,42.60833],[-2.15687,42.60718],[-2.15734,42.60648],[-2.15659,42.60611],[-2.15773,42.60599],[-2.15907,42.60527],[-2.15904,42.60318],[-2.15987,42.60323],[-2.1604,42.60279],[-2.16538,42.60311],[-2.16658,42.60272],[-2.16835,42.60283],[-2.17008,42.60216],[-2.17059,42.60048],[-2.17018,42.59809],[-2.17078,42.59606],[-2.17371,42.59446],[-2.17624,42.5944],[-2.17757,42.59218],[-2.18159,42.59002],[-2.18366,42.59215],[-2.189,42.59531],[-2.18998,42.59929],[-2.19095,42.60016],[-2.19111,42.60099],[-2.19268,42.60192],[-2.19151,42.60345],[-2.19153,42.60526],[-2.19322,42.60905],[-2.19234,42.61125],[-2.19324,42.61168],[-2.19145,42.6121],[-2.19082,42.61317],[-2.18866,42.61416],[-2.18696,42.61413],[-2.18616,42.61473],[-2.18404,42.61508],[-2.17977,42.61516],[-2.17951,42.61584],[-2.1802,42.61682],[-2.1798,42.61681],[-2.17971,42.61741],[-2.17799,42.61773],[-2.17757,42.6187],[-2.17783,42.61925],[-2.17906,42.61931],[-2.17982,42.62014],[-2.18041,42.62847],[-2.17654,42.63108],[-2.18013,42.6315],[-2.18353,42.63138],[-2.18715,42.63189],[-2.18542,42.63258],[-2.18413,42.63371],[-2.18611,42.6345],[-2.18954,42.63465],[-2.19288,42.6353],[-2.1941,42.63872],[-2.20089,42.63983],[-2.20485,42.63823],[-2.20383,42.63692],[-2.20543,42.63723],[-2.20808,42.63702],[-2.20888,42.63797],[-2.20958,42.63785],[-2.2106,42.63842],[-2.21043,42.63936],[-2.21166,42.63985],[-2.21882,42.64009],[-2.22363,42.64148],[-2.22698,42.64181],[-2.23066,42.64272],[-2.23177,42.64272],[-2.23286,42.64201],[-2.2338,42.64195],[-2.23324,42.64129],[-2.23525,42.64186],[-2.23527,42.64161],[-2.23703,42.64272],[-2.23952,42.64706],[-2.24701,42.65084],[-2.25259,42.64807],[-2.25269,42.64688],[-2.2566,42.64789],[-2.25718,42.64768],[-2.25757,42.6468],[-2.25927,42.64638],[-2.26004,42.64437],[-2.2596,42.64089],[-2.26038,42.63834],[-2.26676,42.63888],[-2.26918,42.63854],[-2.2713,42.63887],[-2.27997,42.63787],[-2.28029,42.63646],[-2.28391,42.63636],[-2.28461,42.63504],[-2.28688,42.63375],[-2.28727,42.63315],[-2.28893,42.63303],[-2.29118,42.63057],[-2.29047,42.62826],[-2.29301,42.62641],[-2.29738,42.62664],[-2.29748,42.627],[-2.29865,42.62684],[-2.29896,42.62884],[-2.30178,42.63325],[-2.30297,42.63408],[-2.30677,42.63503],[-2.31268,42.63466],[-2.31425,42.63496],[-2.31331,42.63321],[-2.31441,42.63207],[-2.31384,42.63132],[-2.31379,42.63016],[-2.31462,42.62789],[-2.31339,42.62671],[-2.31381,42.62633],[-2.3203,42.62431],[-2.32318,42.62512],[-2.32683,42.6254],[-2.32837,42.62617],[-2.33039,42.62587],[-2.33153,42.62617],[-2.33263,42.62569],[-2.33212,42.62485],[-2.33407,42.62439],[-2.33486,42.62458],[-2.3353,42.6242],[-2.33564,42.62328],[-2.33384,42.62171],[-2.33244,42.61815],[-2.33343,42.61467],[-2.33207,42.6128],[-2.33191,42.61173],[-2.33243,42.61015],[-2.33361,42.60994],[-2.33395,42.60933],[-2.33476,42.60931],[-2.33628,42.61069],[-2.33656,42.61352],[-2.33919,42.61624],[-2.34285,42.61752],[-2.3437,42.61863],[-2.34644,42.61969],[-2.34856,42.6199],[-2.35032,42.61885],[-2.35409,42.61771],[-2.3539,42.616],[-2.35444,42.6157],[-2.35465,42.61473],[-2.35477,42.61591],[-2.35566,42.61745],[-2.35632,42.61737],[-2.35679,42.618],[-2.35987,42.61944],[-2.36159,42.62155],[-2.3632,42.62248],[-2.36509,42.62242],[-2.36599,42.62358],[-2.36726,42.62385],[-2.36868,42.62486],[-2.36984,42.62667],[-2.37062,42.62661],[-2.37145,42.62729],[-2.37209,42.62873],[-2.3741,42.63062],[-2.37429,42.63147],[-2.37576,42.63244],[-2.37721,42.6325],[-2.37748,42.63298],[-2.37979,42.63383],[-2.38155,42.63359],[-2.38559,42.63476],[-2.39331,42.63321],[-2.39823,42.63002],[-2.39892,42.62877],[-2.40222,42.62781],[-2.40538,42.62637],[-2.40683,42.62621],[-2.40881,42.62305],[-2.41169,42.62157],[-2.41356,42.62179],[-2.41307,42.62107],[-2.41412,42.61964],[-2.41816,42.61782],[-2.42011,42.61617],[-2.42145,42.61437],[-2.42122,42.61331],[-2.41978,42.61218],[-2.41797,42.60951],[-2.41193,42.60634],[-2.4121,42.60508],[-2.414,42.60635],[-2.42348,42.60863],[-2.42442,42.60957],[-2.42777,42.61075],[-2.42945,42.61092],[-2.43413,42.60883],[-2.43592,42.60948],[-2.43776,42.60907],[-2.44093,42.61023],[-2.4441,42.61072],[-2.44491,42.6105],[-2.44706,42.60877],[-2.44793,42.60868],[-2.45048,42.60736],[-2.45385,42.60688],[-2.4584,42.60475],[-2.46501,42.60276],[-2.46781,42.60249],[-2.47085,42.60292],[-2.47091,42.60428],[-2.47278,42.60623],[-2.47704,42.60699],[-2.48082,42.60899],[-2.48278,42.6093],[-2.4842,42.61],[-2.48947,42.61142],[-2.49298,42.61131],[-2.49418,42.6108],[-2.496,42.61177],[-2.49891,42.61086]]}},{"type":"Feature","properties":{"name":"TET_E-13-NA-S_20241226","country":"ES","lengthKm":203.3},"geometry":{"type":"LineString","coordinates":[[-1.37237,42.34923],[-1.37564,42.33713],[-1.38553,42.32588],[-1.40304,42.33863],[-1.41023,42.34194],[-1.41132,42.34055],[-1.41143,42.33889],[-1.41296,42.33732],[-1.41395,42.33472],[-1.41112,42.32572],[-1.41184,42.32107],[-1.41145,42.31963],[-1.41183,42.31746],[-1.41451,42.31425],[-1.41747,42.30188],[-1.42144,42.30055],[-1.42241,42.29857],[-1.42047,42.29444],[-1.41817,42.29285],[-1.41827,42.29159],[-1.41744,42.28944],[-1.41791,42.28575],[-1.41633,42.28244],[-1.41532,42.27698],[-1.41582,42.27388],[-1.41693,42.27163],[-1.41683,42.26909],[-1.4188,42.26648],[-1.41846,42.26499],[-1.41898,42.26175],[-1.41873,42.25903],[-1.4183,42.2573],[-1.41513,42.2551],[-1.41623,42.25373],[-1.41937,42.25179],[-1.4253,42.25255],[-1.42909,42.25353],[-1.43102,42.25184],[-1.4313,42.24729],[-1.43348,42.24558],[-1.43526,42.24236],[-1.43555,42.24089],[-1.44049,42.23666],[-1.44314,42.23565],[-1.44645,42.23575],[-1.4486,42.23355],[-1.45074,42.23263],[-1.45299,42.23054],[-1.45426,42.22992],[-1.45532,42.22802],[-1.45561,42.22552],[-1.45726,42.22169],[-1.45865,42.22041],[-1.46131,42.2199],[-1.46361,42.21792],[-1.46572,42.22026],[-1.4681,42.22135],[-1.47522,42.22661],[-1.47819,42.22653],[-1.48104,42.22705],[-1.48531,42.22987],[-1.48778,42.23023],[-1.4893,42.22977],[-1.49208,42.22813],[-1.49304,42.22529],[-1.50234,42.22177],[-1.50716,42.21949],[-1.51252,42.21476],[-1.51309,42.21304],[-1.51293,42.21102],[-1.51561,42.20946],[-1.51477,42.20943],[-1.50905,42.20695],[-1.50566,42.2072],[-1.50143,42.20518],[-1.48871,42.19257],[-1.48428,42.18731],[-1.48422,42.18584],[-1.48135,42.1841],[-1.47822,42.18286],[-1.47576,42.18305],[-1.464,42.18138],[-1.46068,42.18185],[-1.45882,42.18159],[-1.45226,42.17571],[-1.44866,42.17307],[-1.44727,42.17248],[-1.43881,42.16551],[-1.43326,42.16294],[-1.43193,42.16288],[-1.43059,42.16337],[-1.42272,42.16994],[-1.41961,42.17156],[-1.41529,42.17507],[-1.40924,42.17355],[-1.40042,42.17304],[-1.39698,42.17347],[-1.39626,42.17106],[-1.39385,42.16874],[-1.39374,42.16686],[-1.39602,42.16347],[-1.39679,42.16077],[-1.39421,42.15756],[-1.39034,42.15729],[-1.38791,42.15568],[-1.38854,42.15384],[-1.38788,42.1465],[-1.38735,42.14535],[-1.38553,42.14432],[-1.38083,42.14437],[-1.37785,42.14383],[-1.37477,42.14504],[-1.36291,42.13032],[-1.35651,42.12552],[-1.33449,42.11417],[-1.33328,42.1129],[-1.32502,42.09883],[-1.32395,42.09825],[-1.32221,42.09848],[-1.3193,42.10015],[-1.31644,42.10045],[-1.3195,42.09857],[-1.32107,42.09679],[-1.31851,42.09661],[-1.31724,42.0958],[-1.31687,42.0951],[-1.31581,42.09566],[-1.31402,42.09539],[-1.31327,42.09463],[-1.31403,42.09414],[-1.31452,42.09243],[-1.31349,42.09111],[-1.31235,42.09232],[-1.31106,42.09182],[-1.30956,42.09239],[-1.30856,42.09371],[-1.30765,42.09327],[-1.30577,42.09347],[-1.30532,42.09296],[-1.30396,42.09385],[-1.30322,42.09353],[-1.30299,42.09284],[-1.3017,42.09235],[-1.30063,42.09317],[-1.29785,42.09387],[-1.29658,42.093],[-1.29673,42.09177],[-1.29622,42.09113],[-1.29531,42.09097],[-1.29374,42.08983],[-1.2931,42.08878],[-1.29372,42.08804],[-1.29356,42.087],[-1.29813,42.08732],[-1.29973,42.08639],[-1.29987,42.08459],[-1.30081,42.08532],[-1.30269,42.08509],[-1.30314,42.08429],[-1.3026,42.08402],[-1.30327,42.08258],[-1.30279,42.08045],[-1.30362,42.08024],[-1.30401,42.08118],[-1.30476,42.08121],[-1.30762,42.07872],[-1.30737,42.0804],[-1.30643,42.08198],[-1.30743,42.0825],[-1.30845,42.08033],[-1.30973,42.07994],[-1.30946,42.0788],[-1.31144,42.07754],[-1.30564,42.0754],[-1.30442,42.0743],[-1.3043,42.07268],[-1.30466,42.07219],[-1.30571,42.07233],[-1.30574,42.07208],[-1.3043,42.07095],[-1.30355,42.07088],[-1.30305,42.06963],[-1.3009,42.0689],[-1.30037,42.06795],[-1.30079,42.06745],[-1.30243,42.06796],[-1.30401,42.06778],[-1.30425,42.06745],[-1.30355,42.06738],[-1.30361,42.06675],[-1.3052,42.06679],[-1.30558,42.06629],[-1.30464,42.06507],[-1.30617,42.06445],[-1.30774,42.06457],[-1.30585,42.06367],[-1.3051,42.06289],[-1.30475,42.06128],[-1.3036,42.06113],[-1.30288,42.06042],[-1.30335,42.05997],[-1.30253,42.05906],[-1.30286,42.05855],[-1.30193,42.05876],[-1.29986,42.05829],[-1.30061,42.05748],[-1.30202,42.0574],[-1.30249,42.05581],[-1.29941,42.05558],[-1.29941,42.05495],[-1.30089,42.05453],[-1.30021,42.05397],[-1.29931,42.05394],[-1.30004,42.05325],[-1.2973,42.05307],[-1.29642,42.05172],[-1.29685,42.05104],[-1.29846,42.05155],[-1.29775,42.04987],[-1.29835,42.04902],[-1.29928,42.04895],[-1.29803,42.04748],[-1.29878,42.04635],[-1.29991,42.0468],[-1.29991,42.04573],[-1.30154,42.04565],[-1.29997,42.0449],[-1.29792,42.04468],[-1.29699,42.04321],[-1.29527,42.04249],[-1.295,42.04138],[-1.29334,42.04022],[-1.29324,42.03974],[-1.29524,42.03771],[-1.29865,42.03723],[-1.29941,42.03676],[-1.30128,42.03744],[-1.30139,42.03711],[-1.30204,42.03704],[-1.30195,42.03647],[-1.3028,42.03621],[-1.30489,42.03746],[-1.30581,42.03757],[-1.30599,42.03687],[-1.30549,42.03597],[-1.30663,42.03565],[-1.30711,42.03242],[-1.30572,42.03099],[-1.30506,42.0314],[-1.30467,42.03091],[-1.30606,42.0292],[-1.30475,42.02829],[-1.30451,42.02752],[-1.30497,42.02718],[-1.30581,42.02733],[-1.30662,42.0287],[-1.30728,42.02896],[-1.30809,42.02869],[-1.30761,42.02693],[-1.30848,42.02577],[-1.30951,42.02586],[-1.30989,42.02709],[-1.3109,42.02607],[-1.31167,42.02615],[-1.31035,42.02455],[-1.31132,42.02424],[-1.30968,42.02334],[-1.30865,42.02118],[-1.30908,42.02123],[-1.3099,42.02275],[-1.31277,42.02375],[-1.31444,42.02298],[-1.31756,42.01912],[-1.31839,42.01887],[-1.32147,42.0193],[-1.32391,42.01797],[-1.32262,42.01948],[-1.31958,42.02084],[-1.31887,42.02316],[-1.31932,42.0257],[-1.31808,42.02761],[-1.31442,42.02995],[-1.31167,42.03228],[-1.31129,42.03495],[-1.31285,42.0367],[-1.31308,42.03812],[-1.30561,42.04282],[-1.30775,42.04455],[-1.30831,42.04551],[-1.30825,42.04657],[-1.30777,42.04759],[-1.30433,42.05005],[-1.30379,42.05107],[-1.30263,42.05198],[-1.30619,42.05492],[-1.30691,42.05672],[-1.30815,42.05728],[-1.30705,42.05924],[-1.30972,42.06204],[-1.31111,42.06245],[-1.31213,42.06344],[-1.31268,42.065],[-1.31204,42.06586],[-1.31275,42.06932],[-1.31057,42.07226],[-1.3137,42.073],[-1.31735,42.07207],[-1.32092,42.07197],[-1.32491,42.0731],[-1.32874,42.07266],[-1.33263,42.07294],[-1.34259,42.07146],[-1.34596,42.07167],[-1.34838,42.07228],[-1.34986,42.07405],[-1.35212,42.07476],[-1.35284,42.0759],[-1.35389,42.07607],[-1.35957,42.08599],[-1.36429,42.09085],[-1.36172,42.09764],[-1.36242,42.10408],[-1.36523,42.10732],[-1.36823,42.10637],[-1.36859,42.10573],[-1.36977,42.10512],[-1.37084,42.10547],[-1.37119,42.10626],[-1.37059,42.10723],[-1.37118,42.10897],[-1.373,42.10995],[-1.37422,42.11169],[-1.37519,42.11195],[-1.37886,42.11022],[-1.37905,42.10946],[-1.37999,42.10879],[-1.38233,42.10551],[-1.38468,42.10564],[-1.38684,42.1063],[-1.39272,42.11027],[-1.39368,42.11168],[-1.39661,42.11067],[-1.3998,42.10814],[-1.40399,42.10728],[-1.4065,42.10514],[-1.41255,42.10456],[-1.41689,42.10096],[-1.4249,42.0984],[-1.43385,42.09361],[-1.43706,42.0925],[-1.44383,42.09119],[-1.4504,42.08862],[-1.44687,42.08779],[-1.44552,42.08662],[-1.44374,42.08611],[-1.44116,42.08466],[-1.4386,42.08187],[-1.43846,42.08036],[-1.43683,42.07742],[-1.43311,42.07462],[-1.43262,42.07362],[-1.43004,42.07116],[-1.42802,42.07029],[-1.42746,42.06843],[-1.43127,42.06586],[-1.43224,42.06433],[-1.43248,42.06255],[-1.43367,42.0615],[-1.43385,42.06081],[-1.43825,42.05857],[-1.43898,42.05622],[-1.43996,42.05527],[-1.44052,42.05369],[-1.43961,42.05156],[-1.44092,42.05063],[-1.44161,42.04806],[-1.44533,42.04526],[-1.44933,42.04107],[-1.45021,42.04069],[-1.45068,42.03898],[-1.45565,42.03812],[-1.45734,42.03698],[-1.45876,42.03689],[-1.46236,42.03579],[-1.4632,42.03451],[-1.46821,42.03149],[-1.46987,42.02795],[-1.47243,42.02502],[-1.47587,42.02635],[-1.4776,42.02509],[-1.47888,42.02494],[-1.4835,42.02754],[-1.48776,42.02789],[-1.48579,42.02986],[-1.48374,42.03085],[-1.48337,42.03317],[-1.48427,42.03537],[-1.48348,42.04024],[-1.48396,42.04086],[-1.48413,42.04463],[-1.48277,42.04774],[-1.4842,42.04897],[-1.48226,42.05117],[-1.4821,42.05231],[-1.48286,42.05332],[-1.48368,42.05645],[-1.48352,42.05766],[-1.48493,42.0589],[-1.48679,42.05929],[-1.48765,42.06015],[-1.48802,42.0609],[-1.48757,42.06247],[-1.49177,42.06367],[-1.49386,42.06513],[-1.49453,42.06688],[-1.49622,42.06669],[-1.49751,42.0646],[-1.50002,42.0639],[-1.5011,42.06479],[-1.50299,42.06495],[-1.50535,42.06623],[-1.50442,42.06806],[-1.50748,42.06852],[-1.51306,42.07059],[-1.51381,42.07007],[-1.51554,42.07005],[-1.51742,42.07112],[-1.52337,42.07189],[-1.52671,42.07314],[-1.52744,42.07498],[-1.52688,42.07578],[-1.52665,42.07755],[-1.5281,42.07817],[-1.52716,42.08003],[-1.53199,42.08053],[-1.53512,42.07748],[-1.54113,42.07579],[-1.54076,42.07369],[-1.54454,42.071],[-1.54885,42.06935],[-1.54935,42.07049],[-1.5504,42.07089],[-1.55104,42.07073],[-1.55751,42.06613],[-1.55824,42.06218],[-1.5595,42.06253],[-1.5619,42.06422],[-1.56301,42.06409],[-1.5668,42.06524],[-1.56797,42.06471],[-1.56854,42.06566],[-1.56811,42.0672],[-1.56919,42.06783],[-1.57105,42.07006],[-1.57226,42.07308],[-1.56418,42.07668],[-1.5685,42.08082],[-1.56948,42.0863],[-1.57081,42.08813],[-1.57374,42.08961],[-1.5737,42.09045],[-1.57549,42.09134],[-1.57688,42.09301],[-1.58118,42.09401],[-1.58317,42.09376],[-1.58467,42.09403],[-1.58575,42.09369],[-1.58599,42.09529],[-1.58502,42.09811],[-1.58195,42.103],[-1.5806,42.1065],[-1.57791,42.11024],[-1.57893,42.11451],[-1.57406,42.11481],[-1.57339,42.11787],[-1.56601,42.12703],[-1.56599,42.12849],[-1.56326,42.12988],[-1.56187,42.13145],[-1.56198,42.13271],[-1.56145,42.13335],[-1.55953,42.13423],[-1.55958,42.13584],[-1.55662,42.13867],[-1.55814,42.14027],[-1.55942,42.14586],[-1.5606,42.14742],[-1.561,42.14973],[-1.5597,42.1518],[-1.55917,42.15443],[-1.56692,42.15603],[-1.57039,42.15765],[-1.57368,42.15996],[-1.57657,42.16421],[-1.5744,42.16368],[-1.57265,42.16423],[-1.56953,42.16426],[-1.562,42.16812],[-1.56023,42.17003],[-1.55822,42.17029],[-1.55647,42.17175],[-1.5536,42.17283],[-1.55671,42.17469],[-1.55775,42.17604],[-1.56903,42.17602],[-1.57291,42.17693],[-1.57778,42.17588],[-1.57469,42.17955],[-1.57494,42.18108],[-1.57271,42.18593],[-1.57297,42.18739],[-1.57381,42.18836],[-1.57292,42.18981],[-1.57376,42.19104],[-1.57064,42.19225],[-1.56922,42.19217],[-1.56773,42.19311],[-1.56782,42.19398],[-1.57161,42.19703],[-1.57214,42.19852],[-1.57291,42.19848],[-1.57333,42.19903],[-1.5754,42.1989],[-1.58493,42.20502],[-1.58387,42.20598],[-1.5839,42.20674],[-1.58253,42.20794],[-1.58325,42.20807],[-1.58312,42.20846],[-1.58028,42.21197],[-1.58064,42.21241],[-1.58377,42.21406],[-1.58414,42.21375],[-1.58448,42.21433],[-1.59118,42.21836],[-1.60061,42.22527],[-1.60123,42.22622],[-1.60536,42.22777],[-1.60939,42.23011],[-1.60802,42.23198],[-1.60865,42.23379],[-1.60778,42.23595],[-1.60863,42.23774],[-1.60912,42.24052],[-1.60698,42.24416],[-1.60723,42.24636],[-1.60081,42.24585],[-1.59959,42.2462],[-1.59813,42.24845],[-1.59688,42.2518],[-1.59639,42.2575],[-1.59668,42.25857],[-1.59713,42.25917],[-1.59827,42.25934],[-1.60109,42.26095],[-1.60207,42.26237],[-1.60387,42.26298],[-1.60401,42.26452],[-1.60349,42.2662],[-1.6013,42.26666],[-1.5999,42.26762],[-1.59946,42.26873],[-1.59753,42.26987],[-1.59612,42.27189],[-1.594,42.27367],[-1.59052,42.27796],[-1.58686,42.28147],[-1.58568,42.28392],[-1.58386,42.28437],[-1.58514,42.28513],[-1.5907,42.28639],[-1.59341,42.28349],[-1.5991,42.28619],[-1.60043,42.28478],[-1.60443,42.28354],[-1.60821,42.28526],[-1.61539,42.28643],[-1.61947,42.28932],[-1.62384,42.29176],[-1.62859,42.29713],[-1.63347,42.30102],[-1.6458,42.30633],[-1.64795,42.30759],[-1.64857,42.30632],[-1.64846,42.30786],[-1.64246,42.32067],[-1.64232,42.3226],[-1.64334,42.32496],[-1.64738,42.32722],[-1.65389,42.33233],[-1.65655,42.33472],[-1.65701,42.33613],[-1.65595,42.33787],[-1.6562,42.33856],[-1.64837,42.34481],[-1.64744,42.34508],[-1.64902,42.34714],[-1.64749,42.34761],[-1.64711,42.34988],[-1.64631,42.35027],[-1.64554,42.35181],[-1.64564,42.35511],[-1.64396,42.35854],[-1.64399,42.36316],[-1.64639,42.36308],[-1.64921,42.36213],[-1.65054,42.36211],[-1.65867,42.36494],[-1.66682,42.36576],[-1.669,42.36751],[-1.66878,42.36657],[-1.66815,42.3665],[-1.65697,42.37371],[-1.65691,42.37782],[-1.6585,42.38292],[-1.6609,42.38786],[-1.66047,42.39639],[-1.66666,42.39651],[-1.67004,42.39729],[-1.67319,42.3969],[-1.67359,42.40136],[-1.67529,42.40212],[-1.67915,42.40206],[-1.68375,42.4048],[-1.68477,42.40491],[-1.68525,42.40602],[-1.68435,42.40857],[-1.6867,42.41347],[-1.68747,42.41415],[-1.69188,42.41574],[-1.69353,42.41674],[-1.69274,42.41985],[-1.69407,42.42169],[-1.69132,42.4262],[-1.6914,42.42859],[-1.69083,42.4272],[-1.68906,42.42705],[-1.68379,42.42858],[-1.6855,42.43049],[-1.68309,42.43138],[-1.66641,42.43347],[-1.66357,42.43664],[-1.6631,42.43941],[-1.6648,42.444],[-1.66452,42.44502],[-1.66494,42.44707],[-1.66748,42.45283],[-1.66604,42.4552],[-1.66472,42.45613],[-1.66205,42.46148],[-1.65897,42.46528],[-1.65814,42.46793],[-1.65431,42.47417],[-1.65423,42.47528],[-1.65024,42.47869],[-1.64275,42.48175],[-1.63972,42.48559],[-1.63806,42.48678],[-1.62646,42.48936],[-1.62589,42.49051],[-1.62666,42.49111],[-1.62787,42.49388],[-1.62722,42.49541],[-1.62845,42.49599],[-1.62728,42.4978],[-1.62797,42.49897],[-1.62707,42.50124],[-1.62833,42.50284],[-1.62658,42.50502],[-1.62598,42.50672],[-1.62296,42.50783],[-1.62205,42.50705],[-1.62169,42.5059],[-1.62098,42.50581],[-1.62047,42.5065],[-1.61759,42.50779],[-1.61475,42.51237],[-1.61268,42.51241],[-1.6093,42.51382],[-1.60851,42.5149]]}},{"type":"Feature","properties":{"name":"TET_E-14-ARA-N_20260503","country":"ES","lengthKm":413.8},"geometry":{"type":"LineString","coordinates":[[0.7015,42.19053],[0.70035,42.18932],[0.70072,42.1913],[0.69944,42.19185],[0.69853,42.19181],[0.69853,42.19243],[0.6964,42.19248],[0.69587,42.19416],[0.69416,42.19633],[0.69463,42.19801],[0.69297,42.19751],[0.69171,42.19783],[0.68858,42.20038],[0.68819,42.19881],[0.68985,42.19664],[0.68953,42.19527],[0.68924,42.19661],[0.6875,42.19724],[0.68599,42.19846],[0.68488,42.19863],[0.68446,42.20032],[0.68317,42.2015],[0.68057,42.20205],[0.67895,42.20195],[0.67787,42.20251],[0.67607,42.20207],[0.67457,42.20264],[0.67394,42.20256],[0.67358,42.20189],[0.67131,42.2012],[0.67098,42.20434],[0.66939,42.20368],[0.6682,42.20377],[0.66743,42.20288],[0.66604,42.20258],[0.66409,42.20474],[0.66564,42.20838],[0.66443,42.20857],[0.66189,42.20732],[0.66088,42.20811],[0.66134,42.20957],[0.65893,42.20965],[0.65744,42.2112],[0.65706,42.21517],[0.65264,42.21631],[0.65165,42.21612],[0.65068,42.21697],[0.65078,42.2182],[0.64879,42.21951],[0.64763,42.22141],[0.64898,42.22222],[0.64917,42.2247],[0.65,42.22561],[0.64931,42.22713],[0.65013,42.22825],[0.65026,42.23098],[0.64731,42.23165],[0.64756,42.2326],[0.64568,42.23242],[0.64501,42.23329],[0.64548,42.23548],[0.64489,42.23769],[0.64304,42.23929],[0.63991,42.24328],[0.6393,42.24493],[0.63855,42.24536],[0.63865,42.24775],[0.63785,42.24951],[0.63889,42.24977],[0.63832,42.25153],[0.6354,42.25203],[0.63137,42.25397],[0.62793,42.25722],[0.62697,42.2592],[0.6259,42.25929],[0.62188,42.25717],[0.62129,42.25717],[0.61785,42.25506],[0.61642,42.25508],[0.61596,42.25395],[0.61433,42.25308],[0.61371,42.25322],[0.61331,42.25427],[0.61204,42.25418],[0.60979,42.25543],[0.60894,42.25545],[0.6083,42.25483],[0.60758,42.25498],[0.60488,42.25312],[0.60288,42.25455],[0.6018,42.25614],[0.60155,42.25737],[0.59953,42.25941],[0.59772,42.2601],[0.59801,42.26112],[0.5976,42.26169],[0.59826,42.26371],[0.59937,42.26422],[0.59909,42.26628],[0.59792,42.26612],[0.59638,42.26651],[0.59571,42.26484],[0.59524,42.26468],[0.59194,42.26646],[0.59171,42.26697],[0.593,42.26801],[0.59041,42.26973],[0.59048,42.27059],[0.58888,42.27165],[0.58816,42.27282],[0.5878,42.27284],[0.58722,42.27108],[0.58572,42.27197],[0.58578,42.27286],[0.58508,42.27356],[0.58541,42.27447],[0.58452,42.27476],[0.58487,42.27569],[0.58438,42.27585],[0.58284,42.27517],[0.58219,42.27525],[0.58062,42.27344],[0.57606,42.27382],[0.57423,42.27437],[0.5738,42.27549],[0.57468,42.2777],[0.57604,42.27907],[0.5754,42.27923],[0.57307,42.27875],[0.57269,42.27747],[0.56892,42.27951],[0.56732,42.27784],[0.56728,42.27714],[0.56845,42.27584],[0.56759,42.27614],[0.56556,42.27567],[0.56486,42.27585],[0.56454,42.2765],[0.56504,42.27911],[0.56415,42.2805],[0.5643,42.28098],[0.56548,42.28158],[0.56745,42.28411],[0.5692,42.28436],[0.57048,42.2856],[0.57218,42.28644],[0.57235,42.28778],[0.57316,42.28845],[0.57353,42.28985],[0.57217,42.29138],[0.57053,42.29105],[0.56947,42.29179],[0.56682,42.29236],[0.56524,42.29154],[0.56433,42.29156],[0.56384,42.2925],[0.56285,42.29258],[0.56262,42.29296],[0.56448,42.29331],[0.56452,42.29417],[0.56344,42.29442],[0.56149,42.29595],[0.55994,42.2958],[0.5591,42.29652],[0.55891,42.29599],[0.55677,42.29703],[0.55598,42.29621],[0.55488,42.29599],[0.55307,42.29489],[0.55168,42.29471],[0.5477,42.2952],[0.54692,42.29591],[0.54572,42.29616],[0.54584,42.29687],[0.54466,42.296],[0.54509,42.29796],[0.54391,42.3011],[0.54342,42.30088],[0.54274,42.30126],[0.54156,42.30281],[0.54114,42.30123],[0.53971,42.29947],[0.53926,42.29766],[0.5394,42.29569],[0.53765,42.2934],[0.53693,42.28985],[0.53438,42.28806],[0.53457,42.28555],[0.53558,42.28431],[0.53558,42.28358],[0.53483,42.28293],[0.52993,42.28089],[0.52928,42.28015],[0.52991,42.27858],[0.53217,42.27708],[0.53148,42.27458],[0.5267,42.27141],[0.52413,42.26916],[0.52232,42.26625],[0.51986,42.26495],[0.51726,42.26257],[0.51707,42.26078],[0.51788,42.25914],[0.51759,42.258],[0.51656,42.25658],[0.51329,42.25709],[0.51437,42.25616],[0.51425,42.25519],[0.51368,42.25478],[0.51456,42.25391],[0.51279,42.25281],[0.51276,42.25189],[0.51081,42.25134],[0.50968,42.25041],[0.50749,42.25035],[0.50549,42.24918],[0.50256,42.24963],[0.50307,42.24789],[0.50204,42.24729],[0.50402,42.24661],[0.50421,42.24481],[0.50382,42.24427],[0.50294,42.24509],[0.50014,42.24642],[0.49973,42.24703],[0.4984,42.24747],[0.4969,42.24743],[0.49463,42.24862],[0.49449,42.24884],[0.49628,42.24905],[0.49478,42.24971],[0.49242,42.24958],[0.48933,42.25007],[0.48826,42.2494],[0.48589,42.24938],[0.48228,42.251],[0.48354,42.25351],[0.48378,42.25618],[0.48337,42.25754],[0.4835,42.25816],[0.48406,42.25809],[0.48415,42.25837],[0.48316,42.25887],[0.48276,42.25972],[0.48132,42.26037],[0.47974,42.26313],[0.47828,42.26409],[0.47785,42.26622],[0.47592,42.26548],[0.47489,42.26567],[0.4742,42.26639],[0.47332,42.26626],[0.47069,42.26742],[0.47058,42.26805],[0.46843,42.26857],[0.46729,42.27003],[0.46339,42.27109],[0.46198,42.27095],[0.46105,42.27015],[0.45819,42.26988],[0.45756,42.26934],[0.45553,42.26966],[0.45409,42.27035],[0.45353,42.27221],[0.45183,42.27229],[0.44765,42.27434],[0.44745,42.27472],[0.44874,42.27626],[0.44624,42.27596],[0.44472,42.27626],[0.44363,42.27529],[0.44198,42.27568],[0.43939,42.2747],[0.4379,42.27502],[0.43581,42.27346],[0.42794,42.27135],[0.42739,42.27042],[0.42603,42.27015],[0.42117,42.26558],[0.41996,42.26414],[0.41938,42.2625],[0.41674,42.26242],[0.41669,42.26297],[0.41246,42.26244],[0.41209,42.26319],[0.40947,42.26316],[0.40701,42.26153],[0.40604,42.25979],[0.40431,42.25965],[0.40237,42.25876],[0.39742,42.25962],[0.39704,42.25887],[0.3964,42.25932],[0.39472,42.25952],[0.39501,42.26154],[0.39779,42.2641],[0.39807,42.26637],[0.397,42.26828],[0.40047,42.2698],[0.40236,42.2712],[0.40183,42.27234],[0.40209,42.27282],[0.40021,42.2715],[0.3995,42.27148],[0.399,42.27193],[0.40022,42.27266],[0.39958,42.27308],[0.40107,42.27373],[0.40015,42.27381],[0.40133,42.27447],[0.40195,42.27854],[0.40151,42.27899],[0.40355,42.27991],[0.40465,42.28241],[0.4102,42.28845],[0.41314,42.29035],[0.41569,42.29054],[0.42023,42.29603],[0.42052,42.29808],[0.41964,42.29914],[0.42039,42.2991],[0.42017,42.29967],[0.42069,42.30105],[0.42003,42.30385],[0.42117,42.30514],[0.42204,42.30529],[0.42285,42.30619],[0.42172,42.30561],[0.42051,42.30568],[0.42147,42.30809],[0.42194,42.30797],[0.42178,42.30907],[0.42027,42.31167],[0.41893,42.31152],[0.41624,42.31248],[0.41476,42.31232],[0.4142,42.31259],[0.41367,42.31133],[0.40838,42.30745],[0.40861,42.30696],[0.40744,42.30673],[0.40599,42.30558],[0.40467,42.30518],[0.40335,42.30543],[0.40346,42.3045],[0.40186,42.30253],[0.39651,42.30001],[0.39525,42.29995],[0.39302,42.30057],[0.39209,42.3013],[0.38981,42.30079],[0.38843,42.30197],[0.38816,42.303],[0.38646,42.30359],[0.37963,42.30285],[0.37868,42.30223],[0.37708,42.30207],[0.37009,42.30334],[0.37151,42.3037],[0.3708,42.30402],[0.36819,42.30365],[0.3683,42.30413],[0.36691,42.3033],[0.36542,42.30304],[0.36577,42.30347],[0.36486,42.30422],[0.35857,42.2966],[0.35659,42.28813],[0.35723,42.28493],[0.35675,42.28495],[0.35584,42.28666],[0.35493,42.28622],[0.35362,42.28677],[0.3506,42.28656],[0.3506,42.28809],[0.34988,42.28499],[0.35036,42.28328],[0.34792,42.28546],[0.34695,42.28521],[0.34587,42.28564],[0.3449,42.2853],[0.34359,42.28546],[0.34157,42.28688],[0.3452,42.28678],[0.34226,42.28878],[0.34199,42.28967],[0.3437,42.29199],[0.34217,42.29205],[0.3416,42.29328],[0.33941,42.2948],[0.33574,42.29618],[0.33524,42.29761],[0.33589,42.30056],[0.33511,42.30115],[0.33438,42.30324],[0.33354,42.30406],[0.33258,42.30456],[0.33097,42.30471],[0.33138,42.30649],[0.33058,42.30792],[0.32726,42.31114],[0.33074,42.31095],[0.3333,42.3117],[0.33462,42.31088],[0.3358,42.31076],[0.33748,42.31112],[0.3384,42.31225],[0.33964,42.31304],[0.34045,42.31309],[0.3413,42.3129],[0.34107,42.31177],[0.34192,42.31239],[0.34212,42.31342],[0.34153,42.31364],[0.3419,42.31479],[0.34045,42.31476],[0.33965,42.31604],[0.33827,42.31617],[0.3368,42.31582],[0.33634,42.31483],[0.3339,42.31483],[0.33197,42.31358],[0.33112,42.31388],[0.33068,42.31455],[0.33043,42.31647],[0.32915,42.31591],[0.32822,42.31471],[0.32607,42.31314],[0.32224,42.31371],[0.3218,42.31474],[0.32281,42.3164],[0.32409,42.31708],[0.32415,42.31797],[0.32629,42.31766],[0.32696,42.31793],[0.3257,42.31851],[0.32511,42.32009],[0.32441,42.3207],[0.32368,42.32427],[0.32188,42.32257],[0.31751,42.3208],[0.31454,42.31878],[0.31389,42.31761],[0.31157,42.31682],[0.31079,42.31574],[0.30837,42.31469],[0.30748,42.31311],[0.30664,42.31263],[0.30582,42.31141],[0.30754,42.31025],[0.30639,42.3101],[0.3077,42.30947],[0.30937,42.30647],[0.3102,42.3061],[0.30841,42.30394],[0.30704,42.30353],[0.30668,42.30513],[0.30577,42.30588],[0.30321,42.30607],[0.30099,42.30537],[0.29955,42.30625],[0.29731,42.3048],[0.29728,42.30713],[0.29541,42.30758],[0.29506,42.30809],[0.2951,42.3089],[0.29596,42.30994],[0.29541,42.31148],[0.29441,42.31224],[0.29291,42.31171],[0.29385,42.31132],[0.29413,42.31016],[0.29237,42.31112],[0.29191,42.31107],[0.29189,42.31065],[0.29011,42.31071],[0.28976,42.31],[0.29002,42.30893],[0.28916,42.30742],[0.28828,42.31035],[0.28884,42.31123],[0.28862,42.31076],[0.28737,42.3104],[0.28723,42.30837],[0.28643,42.30799],[0.28668,42.3076],[0.28561,42.30777],[0.28529,42.30851],[0.28466,42.30786],[0.28347,42.309],[0.28138,42.30879],[0.28042,42.30807],[0.28019,42.30715],[0.27818,42.30488],[0.27575,42.30287],[0.27542,42.30197],[0.27383,42.30197],[0.27147,42.30009],[0.26744,42.30022],[0.26428,42.30192],[0.26166,42.30403],[0.2609,42.30556],[0.25915,42.30726],[0.25922,42.30795],[0.25979,42.30833],[0.25823,42.30879],[0.25801,42.31064],[0.25132,42.30633],[0.24993,42.3074],[0.24895,42.30596],[0.24781,42.30584],[0.24667,42.30631],[0.24645,42.30944],[0.24566,42.30992],[0.24386,42.30919],[0.24276,42.31049],[0.24278,42.31322],[0.23913,42.31213],[0.23735,42.30961],[0.2373,42.308],[0.23847,42.3061],[0.23822,42.30383],[0.23757,42.30261],[0.23887,42.29899],[0.23821,42.29699],[0.2386,42.29596],[0.2375,42.29468],[0.23655,42.29205],[0.23475,42.29111],[0.22997,42.29089],[0.22876,42.29043],[0.22672,42.29064],[0.226,42.29197],[0.22235,42.29354],[0.22337,42.29548],[0.22318,42.29595],[0.2191,42.29538],[0.2153,42.29609],[0.21267,42.29386],[0.21129,42.28984],[0.20655,42.28656],[0.20329,42.28516],[0.20079,42.28478],[0.20044,42.28423],[0.20084,42.2831],[0.19875,42.28152],[0.19763,42.28137],[0.19588,42.28218],[0.19579,42.28081],[0.19315,42.27853],[0.18813,42.27813],[0.18738,42.27864],[0.18486,42.27873],[0.1832,42.28013],[0.18181,42.2806],[0.17722,42.27891],[0.17451,42.27903],[0.17164,42.27828],[0.17098,42.27891],[0.16754,42.27998],[0.1663,42.27962],[0.16534,42.2802],[0.16163,42.2799],[0.16113,42.28105],[0.15961,42.27853],[0.15989,42.27709],[0.15689,42.27444],[0.15637,42.2725],[0.15693,42.27072],[0.15368,42.26691],[0.15419,42.2647],[0.15302,42.26227],[0.15323,42.25988],[0.14955,42.25808],[0.14806,42.25796],[0.14728,42.25724],[0.14753,42.25648],[0.14691,42.25579],[0.1447,42.25431],[0.14442,42.25275],[0.14379,42.25233],[0.14416,42.25227],[0.14317,42.25152],[0.14364,42.25123],[0.14166,42.24993],[0.14049,42.24834],[0.13874,42.24803],[0.1406,42.24768],[0.1419,42.24572],[0.14304,42.24538],[0.14465,42.24556],[0.14708,42.24486],[0.14664,42.24404],[0.14548,42.24368],[0.14652,42.2426],[0.14767,42.24238],[0.14906,42.24139],[0.14891,42.24086],[0.14828,42.24101],[0.14794,42.23964],[0.14635,42.23748],[0.14651,42.23686],[0.14426,42.2349],[0.14332,42.23341],[0.1444,42.2308],[0.14406,42.22875],[0.14292,42.22709],[0.14348,42.22532],[0.14329,42.22288],[0.14373,42.21969],[0.14488,42.21702],[0.14318,42.21464],[0.14336,42.21307],[0.14232,42.2094],[0.14252,42.20875],[0.14385,42.20891],[0.14571,42.20805],[0.14643,42.20542],[0.14811,42.20311],[0.14711,42.20239],[0.14633,42.2024],[0.14576,42.20366],[0.14264,42.20412],[0.13966,42.20524],[0.1359,42.20605],[0.13485,42.20692],[0.1345,42.2084],[0.1336,42.20752],[0.13151,42.20958],[0.12802,42.20984],[0.12528,42.21079],[0.12291,42.21237],[0.12259,42.2141],[0.1224,42.21356],[0.1213,42.21289],[0.11965,42.21372],[0.11876,42.21369],[0.11895,42.21499],[0.11795,42.21492],[0.11489,42.21577],[0.11318,42.21442],[0.11087,42.21529],[0.10941,42.21471],[0.10874,42.21491],[0.10799,42.21427],[0.10834,42.21146],[0.11119,42.20976],[0.11206,42.20853],[0.11212,42.20738],[0.1152,42.20453],[0.11512,42.20378],[0.11738,42.20025],[0.11733,42.19887],[0.11476,42.19651],[0.11496,42.19563],[0.11263,42.19342],[0.11263,42.19287],[0.1116,42.19264],[0.11118,42.19212],[0.1109,42.1916],[0.1115,42.19109],[0.1106,42.19042],[0.10811,42.18957],[0.10227,42.18909],[0.0988,42.18613],[0.09787,42.18405],[0.09363,42.18117],[0.09227,42.18067],[0.09131,42.17906],[0.09201,42.17881],[0.09227,42.17808],[0.09352,42.17831],[0.09375,42.17803],[0.09295,42.17788],[0.09255,42.17724],[0.08896,42.17749],[0.087,42.17613],[0.08709,42.1755],[0.08593,42.17585],[0.08487,42.175],[0.08478,42.17545],[0.08355,42.17418],[0.08342,42.17465],[0.08203,42.17372],[0.0809,42.17349],[0.08032,42.1725],[0.07929,42.1732],[0.07937,42.17409],[0.07761,42.173],[0.07759,42.17224],[0.07691,42.17247],[0.07641,42.17453],[0.07438,42.17366],[0.07178,42.17394],[0.06926,42.17361],[0.06809,42.17422],[0.06854,42.17488],[0.06787,42.17629],[0.06847,42.17731],[0.06841,42.17871],[0.06787,42.17911],[0.06686,42.179],[0.06581,42.17833],[0.06352,42.17797],[0.06373,42.17919],[0.06306,42.18028],[0.06364,42.18112],[0.06323,42.18169],[0.06555,42.18271],[0.06555,42.18307],[0.0642,42.18315],[0.06279,42.18381],[0.06349,42.18502],[0.06201,42.18525],[0.06171,42.18595],[0.06257,42.1868],[0.06352,42.18701],[0.06351,42.18744],[0.06136,42.18731],[0.0614,42.18871],[0.0605,42.19055],[0.05962,42.19052],[0.05919,42.18996],[0.0599,42.18828],[0.05946,42.18627],[0.0572,42.18598],[0.05882,42.18483],[0.05766,42.18442],[0.05808,42.18343],[0.05696,42.18336],[0.0569,42.18206],[0.05618,42.18174],[0.05473,42.18277],[0.05411,42.18271],[0.05373,42.18127],[0.05216,42.18034],[0.05132,42.1791],[0.04921,42.17874],[0.04915,42.17919],[0.05085,42.18038],[0.05269,42.18312],[0.05401,42.18384],[0.05532,42.18396],[0.05547,42.185],[0.05428,42.1866],[0.05459,42.18733],[0.0538,42.18846],[0.0539,42.18925],[0.05266,42.1897],[0.052,42.19066],[0.0522,42.19214],[0.04999,42.19368],[0.05099,42.19701],[0.04975,42.19938],[0.0506,42.20027],[0.05037,42.20099],[0.04956,42.20134],[0.04619,42.20141],[0.04422,42.20296],[0.04391,42.20455],[0.0445,42.20634],[0.04556,42.20927],[0.04683,42.20992],[0.04686,42.21032],[0.04469,42.21091],[0.04404,42.21183],[0.04267,42.21201],[0.04265,42.21308],[0.04366,42.21355],[0.04369,42.2145],[0.04132,42.21518],[0.04108,42.21559],[0.0418,42.21605],[0.04385,42.21588],[0.04705,42.21413],[0.04677,42.21627],[0.04917,42.21642],[0.04953,42.21696],[0.04727,42.21737],[0.04574,42.21859],[0.04558,42.21961],[0.04663,42.22055],[0.04672,42.22129],[0.04934,42.22162],[0.05098,42.22121],[0.0527,42.22139],[0.05112,42.22234],[0.0512,42.22402],[0.05254,42.22598],[0.05083,42.22665],[0.051,42.22787],[0.05199,42.22872],[0.05474,42.22945],[0.05696,42.22914],[0.05614,42.23207],[0.05775,42.23179],[0.06147,42.23316],[0.06323,42.23311],[0.06526,42.23371],[0.06612,42.23449],[0.06934,42.24088],[0.07071,42.24135],[0.07107,42.24241],[0.07316,42.24367],[0.07283,42.24433],[0.07023,42.24467],[0.06904,42.24526],[0.06769,42.24671],[0.06747,42.24754],[0.06873,42.25406],[0.07048,42.25444],[0.07276,42.25815],[0.07156,42.26084],[0.06833,42.26233],[0.06306,42.26191],[0.0617,42.26128],[0.06081,42.2617],[0.06357,42.26455],[0.06313,42.26588],[0.06516,42.26608],[0.06646,42.26737],[0.06619,42.26871],[0.06688,42.26926],[0.06818,42.26925],[0.06949,42.2703],[0.06959,42.27306],[0.07228,42.27527],[0.07276,42.27658],[0.07401,42.27741],[0.075,42.27735],[0.07581,42.27852],[0.07667,42.27868],[0.07697,42.27941],[0.07848,42.28008],[0.07846,42.2812],[0.07976,42.281],[0.08024,42.28129],[0.08052,42.28256],[0.07886,42.2874],[0.07703,42.28872],[0.07494,42.28849],[0.07377,42.28783],[0.07225,42.28864],[0.07168,42.29465],[0.07234,42.29594],[0.07249,42.29976],[0.06782,42.30142],[0.06069,42.30179],[0.05946,42.30238],[0.05475,42.30299],[0.05311,42.30438],[0.05151,42.3041],[0.05029,42.30444],[0.04962,42.30577],[0.04851,42.3066],[0.04187,42.30713],[0.03597,42.30866],[0.02884,42.30808],[0.02526,42.30844],[0.0239,42.30894],[0.02301,42.30989],[0.02089,42.31105],[0.01996,42.31359],[0.01801,42.31422],[0.0168,42.31664],[0.01545,42.31715],[0.01455,42.31801],[0.01483,42.32064],[0.01406,42.32166],[0.01364,42.32399],[0.01447,42.32546],[0.01421,42.32716],[0.01347,42.32975],[0.0124,42.33075],[0.01175,42.33219],[0.01003,42.33266],[0.00816,42.33585],[0.00729,42.33593],[0.00683,42.3366],[0.00497,42.33597],[0.00326,42.33608],[-0.00046,42.33969],[-0.00228,42.34013],[-0.0022,42.34222],[-0.00351,42.34768],[-0.00311,42.35247],[-0.00369,42.3533],[-0.00587,42.35401],[-0.00661,42.35593],[-0.00757,42.35618],[-0.00729,42.35728],[-0.00843,42.35784],[-0.00808,42.35972],[-0.00859,42.36106],[-0.00977,42.36183],[-0.01006,42.36321],[-0.01131,42.36294],[-0.01456,42.36362],[-0.01565,42.36446],[-0.01827,42.36425],[-0.01993,42.36316],[-0.02179,42.3633],[-0.02161,42.36386],[-0.02279,42.36449],[-0.02308,42.36515],[-0.025,42.36534],[-0.02662,42.36481],[-0.02877,42.36471],[-0.02862,42.36526],[-0.02948,42.36536],[-0.03012,42.36468],[-0.03091,42.36474],[-0.03156,42.36549],[-0.03158,42.36645],[-0.03234,42.36655],[-0.03259,42.36616],[-0.03263,42.36651],[-0.03356,42.36676],[-0.03146,42.36912],[-0.03147,42.3701],[-0.03078,42.37007],[-0.03144,42.37157],[-0.03011,42.37152],[-0.02915,42.3722],[-0.02948,42.37338],[-0.02839,42.37383],[-0.0285,42.37626],[-0.02633,42.37723],[-0.02553,42.3783],[-0.02742,42.38153],[-0.0297,42.38226],[-0.03158,42.38208],[-0.03261,42.38146],[-0.03334,42.38226],[-0.03103,42.38326],[-0.03158,42.38352],[-0.03294,42.38305],[-0.03329,42.38346],[-0.0362,42.38393],[-0.03786,42.38522],[-0.0376,42.38669],[-0.03847,42.38728],[-0.03925,42.38716],[-0.03943,42.38761],[-0.04085,42.38774],[-0.0413,42.38855],[-0.04241,42.38881],[-0.04183,42.38993],[-0.04142,42.39349],[-0.04289,42.39513],[-0.04502,42.39576],[-0.04479,42.39733],[-0.04728,42.40095],[-0.04868,42.40139],[-0.04989,42.4002],[-0.05056,42.40006],[-0.05164,42.40101],[-0.05349,42.40099],[-0.05723,42.40319],[-0.05875,42.40317],[-0.06245,42.40493],[-0.06472,42.40462],[-0.06545,42.40379],[-0.07028,42.40531],[-0.07112,42.40379],[-0.07389,42.40219],[-0.07662,42.40239],[-0.07785,42.40281],[-0.0781,42.40342],[-0.07934,42.40419],[-0.08217,42.40403],[-0.08402,42.40619],[-0.08642,42.40637],[-0.08751,42.40701],[-0.09026,42.40752],[-0.09098,42.40808],[-0.09256,42.40773],[-0.09601,42.40818],[-0.09846,42.40907],[-0.10005,42.40904],[-0.10165,42.40959],[-0.10381,42.40942],[-0.10568,42.40978],[-0.10863,42.40936],[-0.10977,42.40999],[-0.11093,42.40963],[-0.11167,42.41002],[-0.11347,42.41008],[-0.1138,42.41073],[-0.11542,42.41094],[-0.11592,42.41294],[-0.11646,42.41301],[-0.11749,42.41207],[-0.11838,42.41341],[-0.12067,42.4142],[-0.12124,42.41406],[-0.12165,42.41262],[-0.12477,42.41236],[-0.12683,42.41327],[-0.12779,42.41204],[-0.12912,42.41229],[-0.12949,42.41084],[-0.13046,42.41076],[-0.13186,42.40987],[-0.13237,42.40903],[-0.13431,42.4082],[-0.1358,42.40684],[-0.13733,42.40789],[-0.1382,42.40725],[-0.13934,42.40724],[-0.13953,42.40778],[-0.14035,42.40815],[-0.1413,42.40729],[-0.14163,42.40625],[-0.14401,42.40577],[-0.14491,42.40626],[-0.14515,42.4069],[-0.14698,42.40674],[-0.14866,42.40715],[-0.14817,42.40838],[-0.14939,42.408],[-0.15138,42.40851],[-0.15393,42.40824],[-0.1549,42.40915],[-0.15603,42.4083],[-0.15709,42.40809],[-0.1583,42.4085],[-0.15827,42.40921],[-0.15882,42.40942],[-0.16096,42.40764],[-0.16446,42.4081],[-0.16728,42.40587],[-0.16918,42.40548],[-0.17123,42.40436],[-0.1743,42.40586],[-0.17666,42.40605],[-0.17968,42.40533],[-0.1818,42.40574],[-0.18497,42.40559],[-0.18672,42.40422],[-0.18853,42.40517],[-0.19056,42.40504],[-0.19151,42.40715],[-0.19381,42.40695],[-0.19447,42.40803],[-0.19798,42.40774],[-0.20012,42.40913],[-0.20302,42.40838],[-0.20497,42.40873],[-0.20736,42.40773],[-0.20992,42.4086],[-0.21137,42.40864],[-0.21258,42.40924],[-0.21548,42.40829],[-0.21627,42.40855],[-0.21734,42.40964],[-0.21975,42.4091],[-0.22301,42.40944],[-0.22475,42.40799],[-0.22677,42.40813],[-0.22979,42.40691],[-0.23216,42.40662],[-0.23533,42.40532],[-0.23691,42.40515],[-0.238,42.40409],[-0.24179,42.40429],[-0.24401,42.40388],[-0.24503,42.40328],[-0.24685,42.4034],[-0.24882,42.40177],[-0.25043,42.40112],[-0.25467,42.40122],[-0.26081,42.3998],[-0.26289,42.39726],[-0.26955,42.39435],[-0.27114,42.39195],[-0.27228,42.39121],[-0.27407,42.39093],[-0.27278,42.3905],[-0.27229,42.3898],[-0.27071,42.3897],[-0.2698,42.3901],[-0.26745,42.38932],[-0.26683,42.38793],[-0.26332,42.38781],[-0.2628,42.38651],[-0.26193,42.38592],[-0.2618,42.384],[-0.26114,42.38254],[-0.26005,42.38162],[-0.25711,42.38056],[-0.2554,42.3804],[-0.25476,42.37996],[-0.25369,42.38041],[-0.25192,42.38042],[-0.25074,42.38022],[-0.25044,42.37974],[-0.24914,42.37988],[-0.24838,42.37933],[-0.24715,42.37914],[-0.24608,42.37764],[-0.24598,42.37606],[-0.24478,42.37538],[-0.24419,42.37418],[-0.24587,42.37278],[-0.24575,42.37162],[-0.2442,42.37075],[-0.24621,42.36932],[-0.24502,42.36861],[-0.24612,42.36721],[-0.24374,42.36661],[-0.2445,42.36595],[-0.24426,42.36504],[-0.2416,42.36118],[-0.24018,42.36035],[-0.2365,42.3595],[-0.2365,42.3586],[-0.23595,42.35804],[-0.23731,42.35773],[-0.23656,42.35687],[-0.23773,42.356],[-0.23963,42.35585],[-0.24029,42.35508],[-0.24149,42.35456],[-0.24152,42.35371],[-0.24365,42.35319],[-0.2437,42.35206],[-0.24505,42.35074],[-0.24539,42.3485],[-0.24705,42.34737],[-0.2471,42.34637],[-0.24855,42.34352],[-0.25086,42.34181],[-0.25184,42.33883],[-0.25277,42.3382],[-0.25388,42.33803],[-0.25524,42.33677],[-0.25794,42.33528],[-0.25923,42.33396],[-0.26294,42.33356],[-0.26231,42.33236],[-0.26153,42.33208],[-0.26058,42.33094],[-0.26038,42.33016],[-0.26086,42.32932],[-0.25971,42.32745],[-0.26098,42.32705],[-0.26222,42.32565],[-0.26465,42.32514],[-0.26469,42.32441],[-0.26562,42.32396],[-0.26642,42.32436],[-0.26789,42.32381],[-0.26829,42.32267],[-0.26723,42.32179],[-0.26746,42.32054],[-0.26676,42.3196],[-0.26707,42.3184],[-0.26846,42.31725],[-0.26946,42.31708],[-0.27143,42.3176],[-0.27266,42.31846],[-0.27431,42.31697],[-0.2777,42.3169],[-0.27734,42.3162],[-0.27882,42.31664],[-0.27868,42.31719],[-0.27919,42.31734],[-0.27932,42.318],[-0.28133,42.31813],[-0.28345,42.31678],[-0.28615,42.3163],[-0.28896,42.3166],[-0.29017,42.31623],[-0.29084,42.31485],[-0.29175,42.31477],[-0.29232,42.31354],[-0.29208,42.31436],[-0.29268,42.31381],[-0.29316,42.31474],[-0.29708,42.31462],[-0.29799,42.3165],[-0.29958,42.31745],[-0.30072,42.31907],[-0.30171,42.31805],[-0.30365,42.3184],[-0.30449,42.31793],[-0.30553,42.31814],[-0.3066,42.3171],[-0.30843,42.31717],[-0.30908,42.3164],[-0.31011,42.316],[-0.31202,42.31632],[-0.31326,42.31543],[-0.31486,42.31506],[-0.31561,42.31545],[-0.31659,42.31737],[-0.31657,42.31842],[-0.31724,42.31766],[-0.31705,42.31582],[-0.31755,42.31682],[-0.31807,42.31589],[-0.31857,42.31699],[-0.32002,42.3159],[-0.3232,42.31505],[-0.32496,42.31543],[-0.32444,42.31667],[-0.32636,42.31701],[-0.33285,42.31704],[-0.33449,42.31609],[-0.33515,42.31677],[-0.33751,42.31509],[-0.34114,42.31384],[-0.34337,42.31439],[-0.34749,42.3137],[-0.3493,42.31262],[-0.34802,42.31124],[-0.3504,42.31077],[-0.3515,42.3111],[-0.3528,42.31014],[-0.35612,42.31093],[-0.35719,42.31084],[-0.35909,42.31025],[-0.35947,42.30971],[-0.36199,42.30925],[-0.36291,42.30851],[-0.37011,42.30841],[-0.3741,42.30703],[-0.3763,42.30873],[-0.37841,42.30961],[-0.38103,42.31005],[-0.38137,42.31098],[-0.38196,42.31121],[-0.38216,42.31074],[-0.3828,42.31075],[-0.38328,42.31028],[-0.38263,42.30979],[-0.3823,42.3085],[-0.38441,42.30801],[-0.38473,42.30763],[-0.38805,42.30738],[-0.38969,42.30832],[-0.39113,42.3081],[-0.38927,42.30691],[-0.3891,42.30486],[-0.386,42.30365],[-0.38847,42.30182],[-0.38332,42.30029],[-0.38794,42.30031],[-0.38629,42.29948],[-0.38659,42.29805],[-0.38771,42.29928],[-0.38786,42.29787],[-0.38849,42.29896],[-0.38923,42.29759],[-0.38655,42.29601],[-0.38684,42.29482],[-0.38556,42.29477],[-0.38422,42.29161],[-0.38659,42.28891],[-0.39046,42.28699],[-0.39213,42.28673],[-0.3931,42.28518],[-0.39461,42.28554],[-0.39664,42.287],[-0.39844,42.28667],[-0.40132,42.28787],[-0.40148,42.28644],[-0.40216,42.28536],[-0.40311,42.28502],[-0.40425,42.28544],[-0.40566,42.28514],[-0.40442,42.28417],[-0.40319,42.28191],[-0.40209,42.28132],[-0.40247,42.28024],[-0.4014,42.27987],[-0.40105,42.27882],[-0.40149,42.27695],[-0.40464,42.27585],[-0.40425,42.27475],[-0.40327,42.27484],[-0.40329,42.2744],[-0.40275,42.27416],[-0.40299,42.27134],[-0.4055,42.2708],[-0.40667,42.26991],[-0.40701,42.26822],[-0.40794,42.26723],[-0.40847,42.26554],[-0.40773,42.2639],[-0.40637,42.26326],[-0.40622,42.26234],[-0.40419,42.26148],[-0.40378,42.25995],[-0.40403,42.25909],[-0.40202,42.25898],[-0.40016,42.25737],[-0.3995,42.25745],[-0.39956,42.25559],[-0.39872,42.25716],[-0.39889,42.25535],[-0.39814,42.25461],[-0.39928,42.25407],[-0.39857,42.25297],[-0.39925,42.2521],[-0.3985,42.25155],[-0.39662,42.25119],[-0.39706,42.25018],[-0.40176,42.25202],[-0.40317,42.25033],[-0.40299,42.24858],[-0.40609,42.25088],[-0.40758,42.24967],[-0.40822,42.24967],[-0.40895,42.25022],[-0.4097,42.24984],[-0.41074,42.25028],[-0.41231,42.24905],[-0.41343,42.24948],[-0.41364,42.2485],[-0.41291,42.24691],[-0.41555,42.24792],[-0.41636,42.24874],[-0.41684,42.24755],[-0.41875,42.24702],[-0.41872,42.24384],[-0.41753,42.24222],[-0.41322,42.23801],[-0.40506,42.23274],[-0.4048,42.22732],[-0.40282,42.22552],[-0.40354,42.22488],[-0.40422,42.22509],[-0.40992,42.22334],[-0.41384,42.22328],[-0.4161,42.22254],[-0.41652,42.22205],[-0.4172,42.22246],[-0.4188,42.22206],[-0.42676,42.21724],[-0.42904,42.21636],[-0.43047,42.21534],[-0.43043,42.21491],[-0.43401,42.21346],[-0.4353,42.21444],[-0.43737,42.21931],[-0.44092,42.22355],[-0.44376,42.23521],[-0.44495,42.23822],[-0.44499,42.24031],[-0.44694,42.24237],[-0.4467,42.24396],[-0.44744,42.24657],[-0.44659,42.24792],[-0.44286,42.25912],[-0.44062,42.2625],[-0.44033,42.26418],[-0.43965,42.26458],[-0.43882,42.26607],[-0.43711,42.26695],[-0.43627,42.2665],[-0.43702,42.265],[-0.43604,42.26427],[-0.43594,42.26271],[-0.43537,42.2627],[-0.4353,42.26446],[-0.43434,42.26656],[-0.43398,42.27163],[-0.43305,42.27245],[-0.43,42.27364],[-0.42865,42.27676],[-0.42488,42.27853],[-0.42353,42.28023],[-0.4235,42.28174],[-0.42488,42.28456],[-0.42275,42.29169],[-0.42591,42.29698],[-0.42638,42.30255],[-0.426,42.30478],[-0.42443,42.30785],[-0.42424,42.30982],[-0.42336,42.30993],[-0.42368,42.30939],[-0.42536,42.30938],[-0.42566,42.30871],[-0.42513,42.30757],[-0.42566,42.30682],[-0.42662,42.30659],[-0.42851,42.30689],[-0.42872,42.30947],[-0.43024,42.31164],[-0.4299,42.31506],[-0.43177,42.31529],[-0.43254,42.31486],[-0.4335,42.31522],[-0.43466,42.31475],[-0.43661,42.3155],[-0.44013,42.31581],[-0.44211,42.31725],[-0.44537,42.31629],[-0.44687,42.31658],[-0.44927,42.31543],[-0.45179,42.31596],[-0.45251,42.31577],[-0.45316,42.31614],[-0.45559,42.3159],[-0.45697,42.31613],[-0.45823,42.3154],[-0.45956,42.31577],[-0.4614,42.31522],[-0.4638,42.31537],[-0.46843,42.31647],[-0.47078,42.31846],[-0.47389,42.31958],[-0.47618,42.32398],[-0.47873,42.32587],[-0.48215,42.32984],[-0.48461,42.33175],[-0.48542,42.33073],[-0.4863,42.33096],[-0.48715,42.3318],[-0.48629,42.33188],[-0.48652,42.33266],[-0.48805,42.33304],[-0.49215,42.33705],[-0.49498,42.3385],[-0.49708,42.33848],[-0.49811,42.33906],[-0.4998,42.33825],[-0.50164,42.33993],[-0.50512,42.34131],[-0.50768,42.34021],[-0.5091,42.34052],[-0.51208,42.33985],[-0.51377,42.34061],[-0.51568,42.34029],[-0.51685,42.34127],[-0.51836,42.34143],[-0.51971,42.34234],[-0.52099,42.34243],[-0.52439,42.34445],[-0.52589,42.34475],[-0.53195,42.34729],[-0.53528,42.35002],[-0.53956,42.35064],[-0.54309,42.35345],[-0.5467,42.35519],[-0.54828,42.35509],[-0.54902,42.356],[-0.55061,42.35687],[-0.5514,42.35839],[-0.55398,42.36068],[-0.55357,42.36142],[-0.55607,42.36333],[-0.55678,42.36526],[-0.55824,42.36586],[-0.55921,42.3668],[-0.5616,42.36676],[-0.56204,42.36817],[-0.56653,42.37019],[-0.56684,42.37135],[-0.56938,42.37311],[-0.57212,42.37239],[-0.57582,42.37271],[-0.57734,42.37384],[-0.57761,42.37499],[-0.57875,42.37565],[-0.57987,42.37571],[-0.58207,42.37481],[-0.58354,42.37583],[-0.58487,42.37578],[-0.58703,42.37659],[-0.58858,42.37642],[-0.59036,42.37717],[-0.5996,42.37362],[-0.60304,42.37363],[-0.60541,42.37252],[-0.60722,42.37234],[-0.60906,42.37132],[-0.61147,42.3727],[-0.61473,42.37186],[-0.61554,42.37116],[-0.61918,42.37046],[-0.62335,42.37305],[-0.6265,42.3711],[-0.62975,42.37144],[-0.63588,42.37114],[-0.63846,42.37207],[-0.64325,42.37227],[-0.64532,42.37365],[-0.64775,42.37392],[-0.64951,42.3736],[-0.65244,42.37764],[-0.65642,42.37693],[-0.65769,42.37705],[-0.66083,42.38104],[-0.6675,42.38317],[-0.66879,42.38401],[-0.6752,42.38474],[-0.67587,42.38502],[-0.67611,42.38579],[-0.67759,42.38593],[-0.67771,42.38474],[-0.67861,42.38404],[-0.68229,42.384],[-0.6924,42.38195],[-0.69234,42.38099],[-0.69585,42.38099],[-0.69587,42.38051],[-0.70979,42.38046],[-0.71187,42.38131],[-0.71209,42.37854],[-0.71274,42.37828],[-0.70936,42.37753],[-0.70858,42.37698],[-0.70074,42.37477],[-0.69881,42.3739],[-0.69952,42.37292],[-0.69934,42.37226],[-0.70069,42.37053],[-0.70366,42.3689],[-0.70104,42.36893],[-0.69985,42.36822],[-0.7,42.36776],[-0.69951,42.3677],[-0.69822,42.36626],[-0.69868,42.36549],[-0.69765,42.36491],[-0.6958,42.36272],[-0.69663,42.36126],[-0.6955,42.36093],[-0.69498,42.36113],[-0.69418,42.35983],[-0.6923,42.35908],[-0.69128,42.35814],[-0.68913,42.3575],[-0.68843,42.35624],[-0.68976,42.35676],[-0.68706,42.35329],[-0.68683,42.35195],[-0.68596,42.35122],[-0.68522,42.3511],[-0.68466,42.34891],[-0.68494,42.34783],[-0.68364,42.34632],[-0.68355,42.34542],[-0.68586,42.34445],[-0.68839,42.34162],[-0.69045,42.34068],[-0.69288,42.33846],[-0.69345,42.33574],[-0.69301,42.33472],[-0.69437,42.33419],[-0.69472,42.3325],[-0.6946,42.33181],[-0.69291,42.3298],[-0.69271,42.32883],[-0.69208,42.32822],[-0.69033,42.32764],[-0.68736,42.32843],[-0.68645,42.32486],[-0.68348,42.32569],[-0.6814,42.32423],[-0.68065,42.323],[-0.68188,42.32219],[-0.68179,42.32183],[-0.68039,42.32015],[-0.67997,42.31854],[-0.67934,42.31793],[-0.67809,42.31751],[-0.67765,42.31784],[-0.67602,42.31744],[-0.67455,42.31591],[-0.67142,42.31589],[-0.6711,42.31483],[-0.67186,42.31425],[-0.67232,42.31452],[-0.67478,42.31403],[-0.6755,42.31424],[-0.67645,42.31387],[-0.67575,42.31371],[-0.67601,42.31338],[-0.67381,42.31282],[-0.67162,42.3114],[-0.66986,42.31088],[-0.66782,42.31086],[-0.66653,42.31132],[-0.66569,42.31094],[-0.66681,42.309],[-0.667,42.30769],[-0.66811,42.30636],[-0.67256,42.30626],[-0.67582,42.30711],[-0.6803,42.3075],[-0.68549,42.30952],[-0.68916,42.31205],[-0.69257,42.31304],[-0.6935,42.31389],[-0.69412,42.31576],[-0.69496,42.31644],[-0.69653,42.31661],[-0.69759,42.3177],[-0.701,42.31877],[-0.70299,42.32167],[-0.70451,42.32209],[-0.71254,42.31799],[-0.71142,42.31696],[-0.71323,42.31724],[-0.71536,42.31829],[-0.71792,42.31854],[-0.72343,42.31751],[-0.72803,42.31799],[-0.72876,42.31589],[-0.73016,42.31548],[-0.73188,42.31558],[-0.73347,42.31503],[-0.73336,42.31458],[-0.73467,42.31339],[-0.74044,42.30994],[-0.74136,42.30843],[-0.74299,42.30719],[-0.74374,42.30576],[-0.7456,42.30444],[-0.74685,42.30406],[-0.74753,42.30181],[-0.74737,42.30095],[-0.74902,42.29757],[-0.74723,42.29816],[-0.74856,42.29692],[-0.74813,42.29693],[-0.74809,42.29641],[-0.74869,42.29482],[-0.7486,42.29279],[-0.74766,42.29073],[-0.74667,42.28968],[-0.74672,42.28616],[-0.74714,42.28603],[-0.74761,42.28393],[-0.74805,42.28012],[-0.74953,42.27789],[-0.74921,42.27731],[-0.75066,42.27641],[-0.75012,42.2744],[-0.74843,42.27425],[-0.74778,42.27347],[-0.74903,42.27212],[-0.74977,42.26952],[-0.7512,42.26833],[-0.75188,42.26577],[-0.75001,42.25908],[-0.75139,42.25806],[-0.75064,42.25817],[-0.7507,42.25644],[-0.75306,42.24719],[-0.75276,42.23883],[-0.75187,42.23733],[-0.75435,42.23149],[-0.75248,42.22166],[-0.75211,42.20698],[-0.75557,42.20432],[-0.75569,42.20121],[-0.75873,42.19912],[-0.76065,42.20245],[-0.75996,42.20324],[-0.76339,42.20478],[-0.76326,42.20744],[-0.76607,42.20632],[-0.76669,42.20553],[-0.7708,42.20425],[-0.77284,42.20287],[-0.77388,42.20284],[-0.7735,42.20398],[-0.77291,42.20426],[-0.77287,42.20542],[-0.77454,42.20699],[-0.77321,42.20836],[-0.77378,42.20937],[-0.77451,42.20936],[-0.77563,42.21],[-0.77666,42.20965],[-0.77716,42.20894],[-0.7772,42.2064],[-0.77881,42.20457],[-0.78079,42.20378],[-0.78286,42.20524],[-0.78404,42.20537],[-0.78554,42.20611],[-0.78688,42.20605],[-0.7894,42.20662],[-0.79119,42.20798],[-0.79261,42.20776],[-0.796,42.20859],[-0.79741,42.2094],[-0.79887,42.2086],[-0.79998,42.20866],[-0.80244,42.21024],[-0.80429,42.20772],[-0.80722,42.20752],[-0.80839,42.2063],[-0.81086,42.20654],[-0.81395,42.20554],[-0.81464,42.20555],[-0.81635,42.2065],[-0.81637,42.20772],[-0.81792,42.20729],[-0.8198,42.20735],[-0.82054,42.20695],[-0.82274,42.20801],[-0.82558,42.20785],[-0.82711,42.20936],[-0.82959,42.21061],[-0.83036,42.21357],[-0.82994,42.21537],[-0.83237,42.21706],[-0.835,42.22117],[-0.83728,42.2221],[-0.83763,42.22288],[-0.83837,42.22315],[-0.84018,42.22186],[-0.84181,42.21967],[-0.84295,42.21941],[-0.84408,42.21849],[-0.84531,42.21888],[-0.84575,42.21861],[-0.84548,42.21794],[-0.84449,42.21768],[-0.84413,42.21719],[-0.84561,42.2146],[-0.84791,42.21438],[-0.84698,42.2112],[-0.84734,42.21054],[-0.84897,42.2103],[-0.85394,42.20688],[-0.85674,42.20699],[-0.85893,42.20476],[-0.85773,42.20271],[-0.86068,42.1996],[-0.8603,42.19711],[-0.86295,42.19661],[-0.86391,42.19504],[-0.86363,42.19385],[-0.86533,42.19422],[-0.86768,42.19361],[-0.87074,42.19385],[-0.87174,42.19451],[-0.87204,42.1953],[-0.87356,42.19603],[-0.87381,42.19688],[-0.87478,42.19773],[-0.87696,42.198],[-0.87862,42.19874],[-0.88078,42.2007],[-0.88278,42.19938],[-0.88561,42.19983],[-0.88598,42.19936],[-0.88809,42.19901],[-0.88828,42.19855],[-0.88914,42.19843],[-0.89138,42.19664],[-0.89407,42.19604],[-0.89494,42.19539],[-0.89671,42.19545],[-0.89807,42.19495],[-0.89977,42.19302],[-0.90032,42.19161],[-0.90171,42.1908],[-0.90151,42.19131],[-0.90189,42.19146],[-0.90412,42.19035],[-0.90442,42.1894],[-0.90627,42.18882],[-0.90743,42.18768],[-0.90796,42.18664],[-0.90728,42.18567],[-0.90851,42.18511],[-0.90897,42.18384],[-0.90812,42.18044],[-0.90872,42.17961],[-0.90783,42.17692],[-0.90892,42.17639],[-0.91003,42.17788],[-0.91188,42.17738],[-0.91179,42.17669],[-0.91246,42.17641],[-0.91304,42.17541],[-0.91181,42.17463],[-0.91191,42.17371],[-0.91099,42.17257],[-0.91259,42.17214],[-0.91199,42.1707],[-0.91242,42.16988],[-0.91302,42.1696],[-0.91415,42.16997],[-0.91589,42.16985],[-0.91722,42.16877],[-0.91904,42.16941],[-0.92302,42.16962],[-0.92391,42.17012],[-0.92462,42.17006],[-0.92525,42.17091],[-0.9278,42.17092],[-0.93,42.16974],[-0.93176,42.17112],[-0.93428,42.17423],[-0.93419,42.17547],[-0.93514,42.17431],[-0.93522,42.17298],[-0.93763,42.17337],[-0.93779,42.1717],[-0.93844,42.17253],[-0.93929,42.17228],[-0.93961,42.17255],[-0.93864,42.17393],[-0.93772,42.17443],[-0.93989,42.17614],[-0.94118,42.17627],[-0.94173,42.1769],[-0.94305,42.17735],[-0.94455,42.17736],[-0.9456,42.1768],[-0.94646,42.17684],[-0.94795,42.17836],[-0.95014,42.1788],[-0.95188,42.17977],[-0.95258,42.17966],[-0.95384,42.17855],[-0.95344,42.17778],[-0.95378,42.17576],[-0.95487,42.1758],[-0.95582,42.17994],[-0.95258,42.18142],[-0.95274,42.184],[-0.95708,42.19056],[-0.95697,42.19264],[-0.9588,42.19386],[-0.96092,42.19714],[-0.96256,42.19865],[-0.96408,42.19926],[-0.96404,42.20222],[-0.96483,42.20324],[-0.96488,42.20426],[-0.96622,42.20421],[-0.96679,42.20453],[-0.9665,42.20524],[-0.96579,42.20552],[-0.96623,42.20658],[-0.96772,42.20732],[-0.96764,42.20857],[-0.96874,42.20978],[-0.96828,42.21109],[-0.96927,42.21366],[-0.97308,42.21206],[-0.97317,42.21168],[-0.97726,42.21098],[-0.97994,42.20998],[-0.98067,42.20933],[-0.98277,42.20975],[-0.98464,42.20965],[-0.98644,42.20868],[-0.98785,42.20855],[-0.98838,42.21076],[-0.99004,42.20845],[-0.99087,42.20831],[-0.99149,42.20769],[-0.99203,42.20844],[-0.99263,42.20832],[-0.9938,42.20909],[-0.9953,42.20762],[-0.99575,42.20858],[-0.99958,42.20987],[-1.00004,42.21151],[-1.0014,42.21175],[-1.00373,42.21355],[-1.00311,42.21175],[-1.00364,42.21113],[-1.00302,42.21013],[-1.00391,42.20942],[-1.00419,42.20836],[-1.00579,42.20796],[-1.00638,42.20679],[-1.00695,42.20658],[-1.00953,42.20743],[-1.0096,42.20992],[-1.01008,42.21056],[-1.01286,42.21102],[-1.01267,42.20993],[-1.01379,42.20929],[-1.0142,42.20747],[-1.01417,42.20367],[-1.01482,42.20283],[-1.01521,42.20059],[-1.01713,42.19829],[-1.01684,42.19669],[-1.01763,42.19576],[-1.0155,42.19246],[-1.01852,42.19308],[-1.02145,42.19582],[-1.02163,42.19671],[-1.02597,42.19899],[-1.02756,42.20056],[-1.02875,42.20262],[-1.03177,42.20142],[-1.03295,42.20137],[-1.03448,42.20388],[-1.03482,42.20305],[-1.03594,42.20231],[-1.03666,42.20341],[-1.03786,42.20387],[-1.03898,42.20371],[-1.04,42.20689],[-1.03905,42.20824],[-1.03843,42.21028],[-1.04064,42.21131],[-1.04126,42.21222],[-1.04234,42.21266],[-1.04515,42.21628],[-1.04764,42.21653],[-1.05021,42.21758],[-1.05161,42.2188],[-1.05328,42.21929],[-1.05516,42.22093],[-1.05662,42.22159],[-1.05767,42.22305],[-1.06043,42.22315],[-1.0622,42.22276],[-1.06858,42.22456],[-1.06985,42.22414],[-1.07193,42.22493],[-1.07341,42.22467],[-1.0765,42.22617],[-1.07964,42.22248],[-1.08351,42.22322],[-1.08466,42.22301],[-1.08598,42.22331],[-1.08709,42.22281],[-1.09334,42.2244],[-1.09565,42.22215],[-1.09706,42.22256],[-1.09783,42.22445],[-1.09769,42.22525],[-1.09749,42.22547],[-1.09529,42.22467],[-1.09575,42.22521],[-1.09477,42.2252],[-1.09434,42.22581],[-1.09435,42.22688],[-1.09574,42.22839],[-1.09558,42.22958],[-1.09657,42.23014],[-1.09603,42.23189],[-1.09759,42.23331],[-1.09862,42.23304],[-1.10193,42.23403],[-1.10252,42.23555],[-1.1065,42.23924],[-1.10615,42.24049],[-1.11129,42.24082],[-1.11227,42.24286],[-1.11689,42.24776],[-1.11825,42.25053],[-1.1179,42.25156],[-1.11887,42.25424],[-1.11952,42.25488],[-1.11925,42.2572],[-1.11984,42.25764],[-1.12201,42.25754],[-1.12334,42.25565],[-1.12614,42.25476],[-1.1267,42.25392],[-1.13171,42.25415],[-1.13373,42.25365],[-1.13716,42.25081],[-1.14569,42.25103],[-1.15066,42.25414],[-1.1546,42.25577],[-1.15944,42.25492],[-1.16254,42.25564],[-1.16648,42.25461],[-1.1684,42.25616],[-1.1723,42.25787],[-1.17614,42.25886],[-1.17754,42.2599],[-1.18267,42.26057],[-1.18663,42.26271],[-1.18744,42.26267],[-1.18929,42.2616],[-1.18968,42.26184],[-1.19276,42.2653],[-1.19352,42.26698],[-1.19523,42.2684],[-1.19662,42.27132],[-1.20318,42.2766],[-1.20675,42.28012],[-1.20896,42.2815],[-1.21116,42.28481],[-1.21241,42.28591],[-1.21798,42.28577],[-1.21985,42.28664],[-1.2221,42.28682],[-1.22587,42.28795],[-1.22745,42.28695],[-1.22929,42.28762],[-1.23042,42.28736],[-1.2302,42.28902],[-1.23082,42.28975],[-1.2326,42.29034],[-1.23382,42.29035],[-1.23558,42.29147],[-1.2415,42.2938],[-1.24417,42.29592],[-1.24725,42.2963],[-1.24965,42.29593],[-1.25312,42.29358],[-1.25824,42.29089],[-1.26132,42.29232],[-1.26201,42.29335],[-1.26544,42.29476],[-1.26836,42.2974],[-1.26977,42.29772],[-1.27108,42.29965],[-1.27056,42.3007],[-1.27093,42.30198],[-1.2715,42.30239],[-1.2732,42.30229],[-1.27599,42.30141],[-1.27763,42.29969],[-1.27927,42.29903],[-1.282,42.29926],[-1.28299,42.29875],[-1.28847,42.30533],[-1.28959,42.30762],[-1.28909,42.30957],[-1.28659,42.31083],[-1.28706,42.31223],[-1.28823,42.31363],[-1.28822,42.31685],[-1.29043,42.31728],[-1.29512,42.31735],[-1.29785,42.31788],[-1.30384,42.31584],[-1.30744,42.31589],[-1.31125,42.31344],[-1.31572,42.31334],[-1.32184,42.31238],[-1.32361,42.31313],[-1.32687,42.31538],[-1.32953,42.31832],[-1.33127,42.31908],[-1.34165,42.32793],[-1.34268,42.33055],[-1.33999,42.33764],[-1.34017,42.33827],[-1.34284,42.33993],[-1.34147,42.34199],[-1.34154,42.34302]]}},{"type":"Feature","properties":{"name":"TET_E-15-CAT-NO_20241226","country":"ES","lengthKm":173.8},"geometry":{"type":"LineString","coordinates":[[1.41974,42.54636],[1.41774,42.54712],[1.41571,42.55054],[1.41799,42.55311],[1.41922,42.55348],[1.41956,42.55494],[1.41872,42.55422],[1.41822,42.5543],[1.4164,42.55321],[1.41471,42.55276],[1.41638,42.55392],[1.41701,42.55525],[1.41585,42.55444],[1.41349,42.55375],[1.41501,42.55508],[1.41487,42.556],[1.41553,42.55732],[1.41389,42.55967],[1.41249,42.56054],[1.41305,42.55954],[1.4131,42.55775],[1.41085,42.55802],[1.41033,42.55687],[1.41012,42.55853],[1.40954,42.55763],[1.4091,42.55849],[1.40953,42.55555],[1.40856,42.55315],[1.40666,42.55627],[1.40457,42.55806],[1.40387,42.5599],[1.40256,42.56077],[1.40197,42.56683],[1.39957,42.56897],[1.39865,42.57081],[1.3978,42.57037],[1.39607,42.57066],[1.39451,42.57011],[1.39292,42.57085],[1.39005,42.5713],[1.38622,42.57017],[1.38527,42.57021],[1.384,42.57047],[1.38329,42.57123],[1.38179,42.57176],[1.37993,42.57153],[1.3739,42.57237],[1.37207,42.57402],[1.3691,42.57446],[1.3649,42.57313],[1.36259,42.57305],[1.36052,42.57213],[1.35938,42.57104],[1.35781,42.57064],[1.35715,42.56981],[1.35689,42.56835],[1.35618,42.56737],[1.35604,42.56488],[1.35475,42.56207],[1.35462,42.56096],[1.35581,42.55942],[1.35488,42.55774],[1.35521,42.55593],[1.35417,42.55544],[1.3546,42.55468],[1.35395,42.55359],[1.34888,42.55374],[1.3485,42.55507],[1.34731,42.55626],[1.34794,42.55747],[1.34745,42.56035],[1.34598,42.56065],[1.34607,42.56132],[1.34562,42.56155],[1.34384,42.56129],[1.34163,42.56241],[1.34088,42.56182],[1.34042,42.5605],[1.33838,42.55914],[1.338,42.55823],[1.33803,42.55722],[1.33942,42.55621],[1.33787,42.55453],[1.33858,42.55384],[1.33813,42.55278],[1.33711,42.5522],[1.33593,42.55225],[1.33498,42.55142],[1.33166,42.54987],[1.32698,42.54959],[1.32651,42.54887],[1.32392,42.54866],[1.32327,42.54827],[1.32402,42.54989],[1.32643,42.55054],[1.32486,42.5503],[1.32258,42.55054],[1.32019,42.5499],[1.3194,42.55009],[1.31784,42.54979],[1.31681,42.54796],[1.31123,42.5428],[1.3117,42.54247],[1.31094,42.54047],[1.30753,42.53867],[1.30745,42.5381],[1.30869,42.53755],[1.30581,42.53671],[1.30456,42.53556],[1.30335,42.53584],[1.29885,42.53422],[1.29722,42.53153],[1.29515,42.53013],[1.29279,42.53077],[1.29109,42.52926],[1.2888,42.52945],[1.28707,42.52844],[1.28526,42.52834],[1.28351,42.52757],[1.28117,42.52795],[1.28007,42.52759],[1.27996,42.52663],[1.28047,42.5261],[1.2816,42.52598],[1.28029,42.52547],[1.27262,42.52689],[1.27181,42.52658],[1.2673,42.52639],[1.26553,42.52685],[1.26018,42.52508],[1.25898,42.52568],[1.25564,42.5252],[1.25437,42.52307],[1.25173,42.52167],[1.25,42.5199],[1.2508,42.51709],[1.24917,42.51887],[1.24932,42.51671],[1.24721,42.52026],[1.24771,42.5214],[1.24684,42.52082],[1.24643,42.51795],[1.24807,42.51462],[1.24585,42.51577],[1.24468,42.51525],[1.24431,42.51847],[1.24338,42.51909],[1.23868,42.51877],[1.2373,42.51913],[1.23839,42.51969],[1.24121,42.51989],[1.2426,42.52075],[1.24296,42.52133],[1.24281,42.52157],[1.24244,42.52133],[1.2427,42.52281],[1.24202,42.52285],[1.24026,42.52181],[1.23827,42.5222],[1.23722,42.52204],[1.23584,42.5214],[1.23326,42.51896],[1.23291,42.51635],[1.23393,42.51422],[1.23267,42.51179],[1.23019,42.50957],[1.22779,42.51028],[1.22688,42.51002],[1.22511,42.50696],[1.22243,42.50461],[1.22074,42.50145],[1.21799,42.49833],[1.21518,42.49637],[1.21201,42.4955],[1.20947,42.49697],[1.20881,42.49913],[1.20805,42.49988],[1.20687,42.50036],[1.20478,42.50036],[1.20378,42.50097],[1.20267,42.50437],[1.20285,42.50706],[1.20049,42.50968],[1.19602,42.51154],[1.19471,42.5127],[1.19506,42.51587],[1.19268,42.51936],[1.19354,42.52174],[1.19276,42.52344],[1.18914,42.52535],[1.18568,42.52573],[1.18398,42.52796],[1.18081,42.52894],[1.17932,42.53025],[1.17863,42.53186],[1.17597,42.53309],[1.1746,42.53614],[1.17227,42.53841],[1.17067,42.5393],[1.16893,42.54113],[1.16445,42.5437],[1.15616,42.54982],[1.15486,42.54996],[1.15437,42.55201],[1.15392,42.55172],[1.15411,42.55021],[1.15376,42.55084],[1.15359,42.55055],[1.15465,42.54862],[1.15288,42.54847],[1.1522,42.54698],[1.15093,42.54594],[1.14882,42.54582],[1.14784,42.54482],[1.14574,42.54492],[1.14454,42.54536],[1.14304,42.54474],[1.14206,42.54538],[1.13744,42.54529],[1.13736,42.54483],[1.13439,42.54371],[1.13302,42.54271],[1.13161,42.5426],[1.12945,42.54074],[1.12959,42.53993],[1.13234,42.54145],[1.13597,42.5413],[1.13652,42.54022],[1.13756,42.54098],[1.13867,42.54092],[1.14059,42.53973],[1.13906,42.53985],[1.13778,42.53942],[1.1364,42.5378],[1.13367,42.53848],[1.13121,42.53771],[1.1326,42.53764],[1.13502,42.53664],[1.13643,42.53551],[1.13939,42.53599],[1.14021,42.53504],[1.14096,42.53487],[1.13894,42.53439],[1.13766,42.53353],[1.1363,42.53335],[1.13132,42.53444],[1.13015,42.5317],[1.12193,42.53069],[1.11932,42.52851],[1.11723,42.52575],[1.1146,42.52499],[1.11268,42.52356],[1.1107,42.52347],[1.1071,42.52224],[1.10611,42.52299],[1.10411,42.52364],[1.10324,42.52476],[1.10358,42.52538],[1.10279,42.52597],[1.10274,42.5271],[1.10014,42.52747],[1.09913,42.52794],[1.09603,42.53058],[1.0957,42.52898],[1.09653,42.52843],[1.09656,42.52664],[1.0977,42.52443],[1.09929,42.52261],[1.10189,42.52065],[1.10339,42.51841],[1.10146,42.5199],[1.09519,42.52269],[1.09375,42.525],[1.08958,42.52715],[1.08835,42.53084],[1.08732,42.53178],[1.08644,42.53354],[1.08589,42.53649],[1.08494,42.53339],[1.08319,42.53315],[1.08059,42.53161],[1.07758,42.53192],[1.07171,42.53038],[1.07286,42.52836],[1.07415,42.5271],[1.0742,42.52347],[1.07041,42.52274],[1.06764,42.52308],[1.06573,42.52272],[1.06371,42.52214],[1.06352,42.52075],[1.06447,42.51944],[1.06602,42.51876],[1.06607,42.51707],[1.06766,42.51621],[1.06707,42.51447],[1.0675,42.51365],[1.07123,42.51069],[1.0728,42.50992],[1.07307,42.50939],[1.07208,42.50775],[1.07247,42.50537],[1.073,42.50479],[1.07536,42.50388],[1.07749,42.5001],[1.0776,42.49923],[1.07639,42.49817],[1.07509,42.49547],[1.07263,42.49765],[1.07143,42.49793],[1.07067,42.49854],[1.06923,42.50145],[1.06445,42.50299],[1.06215,42.50543],[1.05978,42.50523],[1.05549,42.50626],[1.05375,42.50583],[1.05298,42.50631],[1.05306,42.50487],[1.05213,42.50383],[1.05198,42.50086],[1.05078,42.49927],[1.04908,42.49806],[1.0489,42.49694],[1.04739,42.4962],[1.04733,42.49418],[1.04618,42.49402],[1.04324,42.49271],[1.04256,42.49232],[1.04267,42.49179],[1.03975,42.49171],[1.03929,42.49113],[1.03945,42.48942],[1.03652,42.48678],[1.03672,42.48596],[1.03521,42.48293],[1.0338,42.47739],[1.03218,42.47698],[1.02915,42.47827],[1.02359,42.47664],[1.023,42.47471],[1.02332,42.4721],[1.02126,42.46926],[1.02136,42.46652],[1.02064,42.46497],[1.02183,42.46241],[1.02182,42.46078],[1.02416,42.45852],[1.02077,42.46033],[1.01982,42.46234],[1.01894,42.46275],[1.0187,42.46523],[1.01785,42.46473],[1.01615,42.46521],[1.0141,42.46773],[1.01425,42.46554],[1.01301,42.46733],[1.0124,42.46549],[1.01206,42.46747],[1.01174,42.46642],[1.01098,42.46743],[1.01182,42.46871],[1.01043,42.46768],[1.0105,42.46667],[1.00921,42.46566],[1.00981,42.46499],[1.00986,42.46369],[1.01086,42.46304],[1.00865,42.46376],[1.00866,42.46472],[1.00702,42.4644],[1.00672,42.46399],[1.00671,42.46261],[1.0071,42.46217],[1.0078,42.46217],[1.00735,42.46189],[1.0084,42.4621],[1.01064,42.46158],[1.00701,42.46097],[1.0045,42.46251],[1.0042,42.4652],[1.00456,42.46567],[1.00384,42.46619],[1.00417,42.46562],[1.00163,42.46168],[1.003,42.46112],[1.00616,42.45855],[1.00409,42.45933],[1.0013,42.45973],[1.00321,42.459],[1.00449,42.4578],[1.00579,42.45745],[1.00407,42.45661],[1.00426,42.45619],[1.00369,42.45644],[1.00387,42.45603],[1.00301,42.45646],[1.0036,42.45696],[1.0026,42.45702],[1.00124,42.45793],[0.9975,42.45913],[0.99978,42.45719],[0.99662,42.45864],[0.99791,42.4577],[0.99816,42.45701],[0.99605,42.45825],[0.99669,42.45711],[0.99536,42.45817],[0.99499,42.459],[0.99543,42.4577],[0.99484,42.45727],[0.99479,42.45625],[0.99242,42.46225],[0.99266,42.45812],[0.99103,42.45503],[0.98951,42.45411],[0.98917,42.45313],[0.98967,42.44635],[0.98861,42.44354],[0.98928,42.4423],[0.98857,42.439],[0.98902,42.43696],[0.98671,42.43439],[0.98658,42.43079],[0.98392,42.42629],[0.98253,42.42493],[0.97979,42.41221],[0.97794,42.41065],[0.97784,42.40893],[0.97646,42.40701],[0.97473,42.40645],[0.97398,42.40555],[0.9741,42.40462],[0.97308,42.40337],[0.97263,42.40127],[0.97053,42.39889],[0.96838,42.39779],[0.96627,42.39558],[0.96476,42.39358],[0.96471,42.39284],[0.96312,42.39173],[0.96235,42.39009],[0.96234,42.38886],[0.96051,42.38734],[0.96051,42.38607],[0.96193,42.38344],[0.96175,42.37968],[0.96395,42.3764],[0.9643,42.37392],[0.96576,42.37192],[0.96542,42.37093],[0.96628,42.36997],[0.96702,42.36786],[0.96679,42.36698],[0.96562,42.36589],[0.96622,42.36409],[0.96481,42.35983],[0.9632,42.35864],[0.96476,42.35625],[0.96515,42.3548],[0.96476,42.35205],[0.96396,42.35064],[0.96074,42.34848],[0.96024,42.34443],[0.9607,42.34262],[0.95763,42.3401],[0.95512,42.34106],[0.95432,42.34092],[0.95379,42.33988],[0.95041,42.33752],[0.9477,42.3349],[0.94485,42.33464],[0.94289,42.33385],[0.94271,42.33223],[0.93911,42.32898],[0.93987,42.32703],[0.93949,42.32611],[0.93661,42.32433],[0.93639,42.32494],[0.93704,42.32597],[0.93374,42.32812],[0.93202,42.33224],[0.92795,42.33458],[0.92446,42.33584],[0.92315,42.33704],[0.9216,42.3395],[0.91803,42.3412],[0.91476,42.34334],[0.90767,42.34529],[0.90585,42.34616],[0.90208,42.34953],[0.89966,42.35255],[0.89581,42.35573],[0.89301,42.35683],[0.89054,42.35882],[0.88893,42.35935],[0.88702,42.35939],[0.88211,42.35813],[0.87914,42.35847],[0.87323,42.36072],[0.87125,42.36257],[0.8678,42.36472],[0.86587,42.36833],[0.86606,42.37034],[0.86381,42.37278],[0.86421,42.3737],[0.86398,42.37445],[0.86489,42.37519],[0.86486,42.37903],[0.86681,42.38182],[0.86719,42.3835],[0.86866,42.38555],[0.86873,42.38632],[0.87141,42.38883],[0.87306,42.38971],[0.87398,42.39091],[0.87238,42.3939],[0.87235,42.39178],[0.8713,42.3913],[0.87005,42.39134],[0.86905,42.39046],[0.86811,42.39031],[0.86678,42.39181],[0.86472,42.39264],[0.86297,42.39402],[0.86259,42.39475],[0.86097,42.39448],[0.85303,42.39683],[0.85238,42.3977],[0.85161,42.39656],[0.85193,42.39754],[0.85152,42.39819],[0.85085,42.39638],[0.85012,42.3957],[0.85198,42.39528],[0.84956,42.39527],[0.84967,42.39653],[0.84913,42.39624],[0.84904,42.39555],[0.84883,42.39599],[0.84795,42.39615],[0.84853,42.39574],[0.84651,42.3955],[0.84778,42.39539],[0.8466,42.39471],[0.84765,42.39448],[0.84763,42.39323],[0.84439,42.39325],[0.8418,42.39413],[0.84031,42.39703],[0.83796,42.39804],[0.84062,42.39794],[0.84188,42.39893],[0.84271,42.40084],[0.84168,42.40166],[0.84164,42.40297],[0.83982,42.40523],[0.83873,42.40748],[0.84199,42.40867],[0.84603,42.40851],[0.84619,42.40972],[0.84473,42.41196],[0.84163,42.41273],[0.84073,42.41349],[0.83954,42.41379],[0.84037,42.41311],[0.83953,42.413],[0.83811,42.41392],[0.83811,42.41485],[0.8388,42.41571],[0.83821,42.41786],[0.84141,42.42049],[0.84214,42.42236],[0.84157,42.42309],[0.8426,42.42379],[0.84262,42.42422],[0.84277,42.42315],[0.84331,42.42382],[0.8428,42.42496],[0.84428,42.42559],[0.84449,42.42676],[0.84807,42.42928],[0.84903,42.4308],[0.84775,42.43188],[0.84209,42.43235],[0.84113,42.43162],[0.84017,42.43152],[0.84008,42.43084],[0.83723,42.42973],[0.83648,42.42811],[0.83485,42.42712],[0.83492,42.42414],[0.83378,42.42339],[0.83385,42.42144],[0.82824,42.41966],[0.827,42.41844],[0.82472,42.41805],[0.82326,42.41622],[0.82279,42.41627],[0.82342,42.4146],[0.82177,42.41467],[0.8208,42.41408],[0.82029,42.41435],[0.82067,42.41357],[0.81979,42.41395],[0.82013,42.41217],[0.81934,42.41175],[0.82105,42.41144],[0.81942,42.41102],[0.81853,42.41035],[0.81844,42.4092],[0.81515,42.40961],[0.81464,42.40927],[0.81469,42.40982],[0.81652,42.41013],[0.8149,42.41073],[0.81365,42.41029],[0.81253,42.40913],[0.81264,42.40942],[0.81218,42.40947],[0.81294,42.41065],[0.81232,42.41059],[0.81287,42.41107],[0.81145,42.41113],[0.81112,42.41153],[0.8117,42.41227],[0.81156,42.41314],[0.80754,42.41078],[0.80613,42.41024],[0.80561,42.41057],[0.80484,42.40961],[0.80447,42.41045],[0.80382,42.41006],[0.80375,42.41084],[0.80313,42.41027],[0.80248,42.41072],[0.8032,42.41168],[0.8029,42.41293],[0.80486,42.41447],[0.80333,42.414],[0.80215,42.41418],[0.7982,42.4099],[0.79768,42.40835],[0.79536,42.40773],[0.79222,42.4047],[0.78953,42.40334],[0.7889,42.3999],[0.78947,42.39893],[0.78952,42.39742],[0.78885,42.39647],[0.78866,42.39482],[0.78712,42.39461],[0.7861,42.39385],[0.78207,42.39467],[0.77831,42.39458],[0.77696,42.39493],[0.77518,42.39432],[0.77349,42.39468],[0.76984,42.39372],[0.76825,42.394],[0.76723,42.39355],[0.76523,42.39371],[0.76283,42.39456],[0.76154,42.39379],[0.75879,42.39311],[0.75642,42.39154],[0.75617,42.38981],[0.75366,42.39079],[0.75183,42.38958],[0.74994,42.38994],[0.74855,42.38902],[0.74657,42.38913],[0.74593,42.38943],[0.74566,42.39022],[0.74665,42.39227],[0.747,42.39444],[0.74603,42.39605],[0.74366,42.39842],[0.74264,42.40099],[0.74206,42.40109],[0.7403,42.3999],[0.7406,42.39819],[0.74179,42.39698],[0.74064,42.39418],[0.74156,42.39263],[0.742,42.38994],[0.74066,42.38888],[0.74017,42.38779],[0.74265,42.38476],[0.74224,42.38304],[0.74252,42.382],[0.74104,42.37898],[0.74189,42.37666],[0.74081,42.37477],[0.74108,42.37257],[0.73992,42.37028],[0.7378,42.36794],[0.73607,42.3675],[0.7336,42.36776],[0.73211,42.3683],[0.7316,42.36793],[0.73325,42.36651],[0.73351,42.36554],[0.73492,42.36529],[0.73618,42.36393],[0.73809,42.36368],[0.73969,42.36237],[0.74164,42.36166],[0.74229,42.36001],[0.74063,42.35877],[0.74122,42.35838],[0.74267,42.35834],[0.74316,42.35739],[0.74551,42.35618],[0.74713,42.35348],[0.74647,42.35243],[0.74691,42.3517],[0.74642,42.35063],[0.74672,42.34949],[0.7462,42.34875],[0.74475,42.34831],[0.74353,42.34738],[0.74113,42.34772],[0.73501,42.34636],[0.73378,42.34474],[0.73447,42.34359],[0.73176,42.34248],[0.73016,42.34104],[0.72979,42.33989],[0.73011,42.33944],[0.73084,42.33938],[0.73264,42.34037],[0.73543,42.34067],[0.73743,42.3395],[0.73815,42.33743],[0.73671,42.33665],[0.73605,42.33553],[0.73572,42.33202],[0.73891,42.33051],[0.74025,42.32882],[0.7403,42.32793],[0.74124,42.32643],[0.74258,42.32564],[0.7415,42.32303],[0.74184,42.32158],[0.74621,42.31937],[0.74672,42.3185],[0.7464,42.31788],[0.74487,42.31708],[0.74452,42.31414],[0.74217,42.31326],[0.73981,42.31101],[0.73307,42.30036],[0.73356,42.29652],[0.73651,42.29258],[0.7349,42.28599],[0.73564,42.28267],[0.73749,42.27983],[0.73684,42.27719],[0.73441,42.27451],[0.73377,42.27219],[0.73555,42.25978],[0.73549,42.25586],[0.73503,42.25531],[0.72736,42.25176],[0.72532,42.24723],[0.72111,42.24261],[0.71584,42.2355],[0.71513,42.23321],[0.7148,42.2268],[0.71266,42.22245],[0.71334,42.21882],[0.71221,42.21525],[0.71252,42.21098],[0.71157,42.20945],[0.70869,42.20716],[0.70713,42.20462],[0.70705,42.20327],[0.70813,42.19983],[0.70637,42.19555],[0.7045,42.19278],[0.70152,42.19053]]}},{"type":"Feature","properties":{"name":"TET_E-16-CAT-O_20241226","country":"ES","lengthKm":557.4},"geometry":{"type":"LineString","coordinates":[[0.73609,42.84928],[0.73165,42.844],[0.73065,42.84149],[0.73172,42.83885],[0.73027,42.83544],[0.73149,42.83537],[0.73262,42.83463],[0.73209,42.83256],[0.73281,42.83281],[0.73196,42.83205],[0.73512,42.83367],[0.73689,42.83402],[0.73904,42.83382],[0.74205,42.83237],[0.74435,42.83173],[0.74488,42.8304],[0.74772,42.82869],[0.74873,42.8288],[0.75249,42.82792],[0.75574,42.82798],[0.7575,42.82703],[0.75957,42.82691],[0.76008,42.82725],[0.76348,42.82678],[0.76851,42.8258],[0.77145,42.82462],[0.77557,42.82539],[0.77724,42.82523],[0.77899,42.82426],[0.7799,42.82415],[0.78146,42.82443],[0.78854,42.82431],[0.79132,42.82491],[0.79419,42.8246],[0.79548,42.82326],[0.7994,42.82159],[0.80097,42.8216],[0.80305,42.82025],[0.80372,42.81905],[0.80994,42.81761],[0.81188,42.81756],[0.80995,42.81613],[0.80874,42.81582],[0.80949,42.81563],[0.81111,42.81612],[0.80922,42.81485],[0.80959,42.81338],[0.80745,42.81348],[0.80903,42.81189],[0.80961,42.81187],[0.80951,42.81083],[0.80915,42.81119],[0.80909,42.81082],[0.81051,42.80887],[0.80834,42.81027],[0.80647,42.80998],[0.80667,42.81136],[0.80394,42.81343],[0.80111,42.81381],[0.80022,42.8144],[0.79863,42.81453],[0.79797,42.81496],[0.7968,42.81496],[0.79661,42.81543],[0.79439,42.81662],[0.79077,42.81807],[0.78679,42.81899],[0.78159,42.81867],[0.78059,42.81825],[0.77851,42.81849],[0.77784,42.81794],[0.77604,42.81881],[0.77487,42.81833],[0.7726,42.8189],[0.77027,42.81809],[0.76942,42.81758],[0.76916,42.8169],[0.7704,42.8137],[0.77015,42.81209],[0.76964,42.81191],[0.76984,42.81045],[0.76686,42.81186],[0.76242,42.81763],[0.76135,42.81773],[0.75969,42.81702],[0.75888,42.8158],[0.75723,42.81525],[0.75737,42.81389],[0.75616,42.81322],[0.75502,42.81116],[0.75425,42.80705],[0.75444,42.80573],[0.75375,42.80446],[0.75151,42.80346],[0.7507,42.80398],[0.75068,42.80615],[0.7498,42.80931],[0.75029,42.80954],[0.7504,42.81062],[0.74794,42.81443],[0.74755,42.81773],[0.74668,42.81916],[0.74366,42.82041],[0.74203,42.82216],[0.7408,42.82176],[0.73929,42.8197],[0.73786,42.81912],[0.73465,42.81659],[0.73292,42.81596],[0.73233,42.81338],[0.73173,42.81264],[0.73067,42.8124],[0.7299,42.81174],[0.72947,42.81063],[0.7284,42.80995],[0.72907,42.81065],[0.72899,42.81248],[0.72946,42.81364],[0.72788,42.81109],[0.72707,42.81054],[0.72716,42.80997],[0.72603,42.80964],[0.72587,42.80911],[0.72581,42.80974],[0.72652,42.81004],[0.72628,42.81074],[0.72707,42.81202],[0.72725,42.81415],[0.72842,42.81518],[0.72675,42.81436],[0.72378,42.81032],[0.72354,42.81145],[0.72442,42.81234],[0.7248,42.81495],[0.72641,42.81684],[0.7257,42.81672],[0.72363,42.81527],[0.72279,42.81342],[0.72216,42.81329],[0.7199,42.81092],[0.71613,42.80926],[0.7149,42.80811],[0.71503,42.80894],[0.71391,42.80801],[0.71383,42.8084],[0.71032,42.80548],[0.71069,42.80617],[0.70875,42.80533],[0.70791,42.80408],[0.70646,42.80406],[0.70544,42.80473],[0.70665,42.80623],[0.70575,42.80661],[0.70363,42.80367],[0.70317,42.80107],[0.69808,42.79459],[0.69805,42.79185],[0.69684,42.78944],[0.69433,42.78831],[0.69236,42.78542],[0.69346,42.78517],[0.69397,42.78578],[0.69522,42.78606],[0.69548,42.78655],[0.69749,42.78394],[0.69754,42.78108],[0.69616,42.77907],[0.69667,42.77856],[0.69646,42.7781],[0.69465,42.7767],[0.69317,42.77619],[0.69228,42.77523],[0.69238,42.77456],[0.69375,42.77583],[0.69567,42.77593],[0.6968,42.77643],[0.69841,42.77613],[0.69675,42.77603],[0.69594,42.77496],[0.69511,42.77462],[0.69939,42.77511],[0.69666,42.77407],[0.69584,42.77295],[0.69457,42.77226],[0.69414,42.77118],[0.69507,42.77209],[0.69612,42.77236],[0.69434,42.77046],[0.69694,42.7718],[0.69518,42.77003],[0.69453,42.76846],[0.69519,42.76823],[0.69497,42.76902],[0.69704,42.77079],[0.69962,42.77104],[0.70378,42.77285],[0.70166,42.77048],[0.70083,42.77047],[0.70019,42.77002],[0.69919,42.76883],[0.69918,42.76772],[0.70129,42.76604],[0.70198,42.76501],[0.70146,42.76447],[0.70198,42.76372],[0.70415,42.76266],[0.70544,42.76142],[0.70709,42.76083],[0.70714,42.75814],[0.70842,42.75833],[0.71108,42.75777],[0.70859,42.75901],[0.70797,42.75891],[0.70853,42.7592],[0.70988,42.75878],[0.71154,42.75872],[0.71188,42.75899],[0.71126,42.75992],[0.70966,42.76063],[0.70959,42.76204],[0.70776,42.76274],[0.71144,42.76386],[0.71415,42.76183],[0.71353,42.76462],[0.71431,42.7665],[0.71385,42.767],[0.71486,42.76606],[0.71593,42.76623],[0.7171,42.76557],[0.71699,42.76331],[0.71915,42.76185],[0.72053,42.75951],[0.7209,42.76459],[0.72154,42.76242],[0.7227,42.76091],[0.72174,42.75739],[0.72275,42.75686],[0.72573,42.7564],[0.72807,42.75414],[0.73401,42.75319],[0.73578,42.75349],[0.74218,42.75244],[0.74624,42.75278],[0.7493,42.75239],[0.74569,42.75203],[0.74253,42.75081],[0.7398,42.75059],[0.737,42.74824],[0.7339,42.74804],[0.73048,42.74916],[0.72768,42.7492],[0.7295,42.74822],[0.72853,42.74801],[0.72713,42.74858],[0.72793,42.74787],[0.72689,42.74813],[0.72657,42.74756],[0.72823,42.74729],[0.72955,42.74635],[0.73275,42.74562],[0.73829,42.74519],[0.7402,42.74547],[0.74347,42.74659],[0.74524,42.74623],[0.74486,42.74695],[0.74983,42.74645],[0.75117,42.74695],[0.75373,42.74926],[0.75454,42.75034],[0.75451,42.75155],[0.75565,42.75152],[0.75667,42.75203],[0.75766,42.75423],[0.7584,42.75459],[0.75857,42.75563],[0.75947,42.75557],[0.76041,42.75601],[0.76073,42.75669],[0.76186,42.75714],[0.76184,42.75757],[0.76343,42.75772],[0.76413,42.75896],[0.76482,42.75857],[0.76674,42.75848],[0.76815,42.75866],[0.77035,42.75967],[0.7707,42.76087],[0.77498,42.76399],[0.77515,42.76574],[0.77612,42.76674],[0.78036,42.76897],[0.78,42.76945],[0.78094,42.77038],[0.7805,42.77092],[0.78208,42.77206],[0.78639,42.77225],[0.78653,42.77273],[0.78723,42.77265],[0.78933,42.77363],[0.78695,42.77356],[0.78573,42.77395],[0.78532,42.77451],[0.78589,42.77416],[0.78737,42.77479],[0.78685,42.77606],[0.78977,42.7763],[0.7907,42.77699],[0.79199,42.77661],[0.79537,42.77673],[0.79941,42.77602],[0.80146,42.77614],[0.80605,42.77503],[0.80873,42.77539],[0.81175,42.77511],[0.81561,42.77596],[0.81898,42.77602],[0.82245,42.77655],[0.82686,42.77617],[0.82929,42.77693],[0.83144,42.77713],[0.83254,42.77639],[0.83127,42.77551],[0.83409,42.77488],[0.83526,42.77497],[0.83849,42.77397],[0.84451,42.77373],[0.84665,42.7725],[0.85121,42.77162],[0.85259,42.77095],[0.85195,42.77189],[0.85326,42.77149],[0.85515,42.77158],[0.85791,42.77081],[0.8552,42.77255],[0.85909,42.77204],[0.86123,42.77113],[0.86309,42.77091],[0.86567,42.76952],[0.86661,42.76942],[0.86633,42.76881],[0.86686,42.76807],[0.86636,42.76785],[0.86725,42.76706],[0.86833,42.76652],[0.87003,42.76651],[0.87129,42.76501],[0.87349,42.76432],[0.87434,42.76316],[0.87425,42.76211],[0.87522,42.76152],[0.87828,42.76166],[0.88057,42.76125],[0.88324,42.76048],[0.88528,42.75891],[0.88734,42.75864],[0.88957,42.75781],[0.89037,42.75788],[0.89226,42.75711],[0.89301,42.75663],[0.89177,42.75592],[0.89151,42.75531],[0.89228,42.75452],[0.89367,42.75366],[0.89354,42.75437],[0.8939,42.75439],[0.89466,42.75318],[0.89574,42.75265],[0.89519,42.75324],[0.89555,42.7539],[0.89526,42.7545],[0.89834,42.75344],[0.89801,42.75256],[0.89942,42.75151],[0.89895,42.75084],[0.89749,42.75061],[0.89708,42.74938],[0.89746,42.74901],[0.8968,42.74891],[0.89654,42.74828],[0.89707,42.7475],[0.89691,42.74651],[0.89996,42.7444],[0.90051,42.74209],[0.9013,42.74109],[0.90131,42.74223],[0.9018,42.74173],[0.90252,42.7386],[0.90205,42.73775],[0.90195,42.73539],[0.90148,42.73502],[0.90271,42.73447],[0.90256,42.73397],[0.90396,42.73457],[0.9052,42.73445],[0.90489,42.73479],[0.90355,42.73486],[0.90348,42.73516],[0.90469,42.73656],[0.90562,42.73666],[0.90495,42.7374],[0.90649,42.73652],[0.906,42.73772],[0.90853,42.7364],[0.90824,42.73533],[0.91073,42.73269],[0.91068,42.73395],[0.91153,42.73464],[0.91167,42.73559],[0.9105,42.73764],[0.91183,42.73861],[0.91316,42.7376],[0.91444,42.73373],[0.91412,42.73189],[0.9161,42.73002],[0.9138,42.72438],[0.91424,42.72292],[0.91408,42.7211],[0.91669,42.72016],[0.91661,42.71908],[0.91764,42.71821],[0.91684,42.71907],[0.91724,42.72015],[0.91601,42.72108],[0.91723,42.72183],[0.91596,42.72218],[0.91879,42.72239],[0.91996,42.72132],[0.91991,42.72059],[0.92065,42.71967],[0.92172,42.71919],[0.92245,42.71758],[0.922,42.71642],[0.91927,42.71357],[0.91935,42.71211],[0.92042,42.71035],[0.91989,42.7089],[0.92044,42.70934],[0.92077,42.70863],[0.92155,42.70834],[0.92777,42.70764],[0.9312,42.70776],[0.93304,42.70737],[0.93509,42.70628],[0.93179,42.70669],[0.93435,42.70556],[0.93598,42.70556],[0.93805,42.70361],[0.93934,42.70316],[0.93864,42.70271],[0.93656,42.70311],[0.9362,42.70409],[0.93554,42.70407],[0.93543,42.70248],[0.93764,42.70163],[0.93438,42.70171],[0.93293,42.70222],[0.93205,42.70338],[0.93152,42.70301],[0.93217,42.70166],[0.93434,42.70107],[0.93446,42.70076],[0.93165,42.7013],[0.92928,42.70234],[0.92874,42.70302],[0.92891,42.70196],[0.93166,42.69964],[0.93357,42.69945],[0.93421,42.69822],[0.93918,42.69417],[0.94425,42.69138],[0.94686,42.68823],[0.95464,42.68239],[0.95813,42.67804],[0.95923,42.67542],[0.96064,42.67387],[0.95959,42.67422],[0.96064,42.67387],[0.96872,42.66811],[0.96882,42.66844],[0.96626,42.67032],[0.96523,42.67195],[0.96285,42.67421],[0.9662,42.67223],[0.96735,42.67062],[0.96895,42.67014],[0.96771,42.67066],[0.96712,42.67228],[0.96349,42.67546],[0.96666,42.67368],[0.96952,42.67141],[0.97733,42.66875],[0.97803,42.66814],[0.978,42.66573],[0.97875,42.66418],[0.97991,42.66383],[0.98074,42.66409],[0.98188,42.66346],[0.98304,42.66355],[0.98797,42.66196],[0.99118,42.6614],[0.99307,42.66012],[0.99538,42.66052],[0.99876,42.65988],[0.99861,42.65862],[0.99974,42.65764],[0.99809,42.65775],[0.99787,42.65743],[0.99917,42.65722],[1.00142,42.65475],[1.0023,42.65432],[1.00128,42.65438],[1.00101,42.65373],[1.00025,42.65403],[0.99971,42.65303],[1.00119,42.65181],[0.99981,42.65169],[1.00197,42.65091],[1.00203,42.65248],[1.0035,42.65015],[1.00198,42.65006],[1.00135,42.64889],[1.00279,42.64795],[1.00328,42.64864],[1.00373,42.64853],[1.00362,42.64798],[1.00482,42.64867],[1.00484,42.64772],[1.00643,42.64884],[1.00726,42.64878],[1.00776,42.6484],[1.00654,42.6471],[1.00644,42.64636],[1.0081,42.64759],[1.01013,42.64722],[1.00865,42.64714],[1.00773,42.64659],[1.00737,42.64527],[1.00832,42.64636],[1.00825,42.64523],[1.0093,42.64622],[1.01152,42.64611],[1.02178,42.64332],[1.02669,42.64247],[1.02685,42.64221],[1.02405,42.64228],[1.02615,42.64034],[1.03018,42.63818],[1.03449,42.6376],[1.03735,42.63785],[1.03855,42.63737],[1.03963,42.63635],[1.04165,42.63557],[1.04004,42.6367],[1.03903,42.63858],[1.0375,42.63911],[1.0375,42.63944],[1.03897,42.63957],[1.04133,42.63903],[1.04322,42.63789],[1.04529,42.63817],[1.04825,42.63789],[1.05559,42.64173],[1.05995,42.64317],[1.06519,42.64373],[1.06801,42.6436],[1.069,42.64329],[1.07044,42.64213],[1.07143,42.64209],[1.07484,42.64312],[1.07745,42.64347],[1.0811,42.64573],[1.08219,42.64682],[1.08264,42.64618],[1.08034,42.6442],[1.08136,42.64296],[1.09087,42.64134],[1.09445,42.63917],[1.10241,42.63689],[1.10492,42.6346],[1.10803,42.63264],[1.10923,42.63158],[1.11214,42.62622],[1.1147,42.62386],[1.11698,42.62077],[1.11854,42.61638],[1.12425,42.609],[1.12842,42.60548],[1.12901,42.60389],[1.13011,42.60268],[1.12991,42.60092],[1.13067,42.59949],[1.13039,42.59785],[1.13177,42.59446],[1.13353,42.587],[1.13337,42.58435],[1.13517,42.58288],[1.13769,42.57883],[1.14142,42.57634],[1.14244,42.57419],[1.1413,42.56972],[1.14296,42.56754],[1.14475,42.56652],[1.14586,42.56517],[1.14648,42.56042],[1.14875,42.55617],[1.15397,42.55278],[1.15635,42.54968],[1.16445,42.5437],[1.16893,42.54113],[1.17067,42.5393],[1.17227,42.53841],[1.1746,42.53614],[1.17597,42.53309],[1.17863,42.53186],[1.17932,42.53025],[1.18081,42.52894],[1.18398,42.52796],[1.18568,42.52573],[1.18914,42.52535],[1.19276,42.52344],[1.19354,42.52174],[1.19268,42.51936],[1.19506,42.51587],[1.19471,42.5127],[1.19602,42.51154],[1.20018,42.50989],[1.20274,42.50731],[1.20267,42.50437],[1.20397,42.50078],[1.20478,42.50036],[1.20687,42.50036],[1.20805,42.49988],[1.20881,42.49913],[1.20947,42.49697],[1.21199,42.49559],[1.21146,42.49411],[1.2124,42.49269],[1.21085,42.49094],[1.2107,42.48916],[1.2125,42.48703],[1.21202,42.48612],[1.21051,42.48493],[1.20752,42.4832],[1.20573,42.47971],[1.20342,42.47846],[1.20339,42.47682],[1.20182,42.47306],[1.20261,42.47035],[1.19995,42.46682],[1.19632,42.46677],[1.19243,42.46726],[1.1885,42.46592],[1.18293,42.46595],[1.17773,42.46269],[1.1711,42.46006],[1.16667,42.4561],[1.1625,42.45552],[1.15958,42.45454],[1.15634,42.45215],[1.15368,42.45182],[1.15178,42.45055],[1.15049,42.45051],[1.14913,42.44986],[1.14553,42.44975],[1.14286,42.44799],[1.13765,42.44772],[1.13586,42.44691],[1.13539,42.44379],[1.1306,42.43632],[1.13155,42.43414],[1.13313,42.43242],[1.13254,42.43018],[1.13081,42.42816],[1.13222,42.42585],[1.13216,42.42436],[1.13361,42.42116],[1.1322,42.41742],[1.13267,42.41388],[1.1318,42.41202],[1.12793,42.41001],[1.12717,42.40897],[1.131,42.40134],[1.13052,42.40048],[1.1288,42.39958],[1.1274,42.39827],[1.12566,42.39442],[1.12549,42.392],[1.12202,42.38848],[1.11864,42.38752],[1.11721,42.38663],[1.11616,42.38371],[1.11174,42.37992],[1.11204,42.37641],[1.10976,42.37416],[1.1086,42.37203],[1.10381,42.36768],[1.09771,42.36573],[1.09403,42.3632],[1.09034,42.36136],[1.08515,42.36034],[1.08249,42.35933],[1.07882,42.35946],[1.07667,42.35868],[1.07568,42.35788],[1.07371,42.35277],[1.06963,42.34947],[1.06779,42.34585],[1.06785,42.3444],[1.06986,42.34237],[1.06962,42.34119],[1.06821,42.33938],[1.06574,42.33817],[1.06468,42.3366],[1.06511,42.33449],[1.06818,42.33027],[1.0672,42.32685],[1.06536,42.3241],[1.06375,42.32264],[1.0623,42.31961],[1.0605,42.31818],[1.05997,42.31717],[1.05993,42.31372],[1.06116,42.3112],[1.06152,42.31127],[1.06115,42.31214],[1.06198,42.31321],[1.06286,42.31191],[1.06272,42.30973],[1.06304,42.30845],[1.06365,42.30802],[1.06215,42.30829],[1.06129,42.30715],[1.06273,42.30738],[1.06211,42.30656],[1.0625,42.30473],[1.06326,42.30363],[1.06166,42.30378],[1.05573,42.30155],[1.05191,42.3014],[1.05365,42.30079],[1.05791,42.30073],[1.05612,42.29999],[1.05385,42.29989],[1.05003,42.29787],[1.04785,42.29725],[1.04611,42.29717],[1.04295,42.29549],[1.04672,42.29628],[1.0517,42.29634],[1.05299,42.29717],[1.05618,42.2974],[1.0581,42.2969],[1.05967,42.29702],[1.06112,42.29652],[1.05956,42.29674],[1.05782,42.2962],[1.05527,42.29619],[1.05423,42.29593],[1.05395,42.29516],[1.05457,42.29572],[1.05591,42.29579],[1.05809,42.29532],[1.06538,42.29522],[1.06823,42.29589],[1.06871,42.29641],[1.06986,42.29579],[1.07137,42.29606],[1.07233,42.29582],[1.07396,42.29682],[1.075,42.29675],[1.07527,42.29596],[1.07784,42.29446],[1.08207,42.29553],[1.08391,42.29552],[1.08433,42.29457],[1.08734,42.29317],[1.08208,42.29442],[1.08316,42.29299],[1.08111,42.29335],[1.08614,42.29124],[1.09431,42.28699],[1.10262,42.28433],[1.1044,42.28258],[1.10462,42.28115],[1.11174,42.28043],[1.11417,42.27906],[1.11894,42.27853],[1.119,42.27606],[1.11983,42.27573],[1.12043,42.27665],[1.12288,42.27814],[1.12672,42.2772],[1.12843,42.2762],[1.12701,42.27493],[1.12656,42.27392],[1.13004,42.27119],[1.1308,42.27084],[1.13646,42.27203],[1.14099,42.26915],[1.14153,42.2684],[1.14189,42.26844],[1.14256,42.27115],[1.14354,42.27286],[1.14675,42.27344],[1.14707,42.27424],[1.14585,42.27471],[1.1464,42.2757],[1.14566,42.27681],[1.14353,42.27824],[1.14405,42.27933],[1.14345,42.2802],[1.1496,42.28121],[1.1533,42.28132],[1.15539,42.28076],[1.15452,42.28183],[1.15444,42.28303],[1.15589,42.28308],[1.15653,42.28233],[1.15739,42.28273],[1.15969,42.28525],[1.15922,42.2853],[1.16042,42.28745],[1.16224,42.28825],[1.16496,42.28821],[1.17076,42.28653],[1.17459,42.28597],[1.17739,42.28401],[1.17685,42.28156],[1.17816,42.28064],[1.17828,42.27966],[1.17915,42.27867],[1.18163,42.2781],[1.18264,42.27842],[1.18428,42.27804],[1.18473,42.27729],[1.18675,42.27647],[1.18765,42.27568],[1.19264,42.2747],[1.19304,42.27504],[1.19202,42.27562],[1.19172,42.27653],[1.19349,42.27778],[1.19449,42.27958],[1.19974,42.28119],[1.20089,42.28127],[1.20324,42.28059],[1.20415,42.28091],[1.20512,42.28072],[1.20471,42.28278],[1.20319,42.28406],[1.20931,42.28246],[1.21124,42.28241],[1.21191,42.2836],[1.21346,42.28352],[1.21778,42.28517],[1.21885,42.28413],[1.22017,42.28378],[1.22042,42.28241],[1.22125,42.2817],[1.22164,42.28031],[1.22261,42.27962],[1.22405,42.28022],[1.22456,42.27854],[1.22387,42.27924],[1.22313,42.27883],[1.22058,42.27886],[1.22304,42.27648],[1.22284,42.27591],[1.22359,42.27563],[1.22381,42.2738],[1.22644,42.27411],[1.22451,42.27255],[1.22693,42.2729],[1.23333,42.27039],[1.2347,42.27051],[1.23529,42.27022],[1.23507,42.26941],[1.2338,42.26844],[1.23284,42.26596],[1.23191,42.26487],[1.23424,42.26476],[1.23657,42.26324],[1.23694,42.2639],[1.2368,42.26193],[1.23539,42.25951],[1.23631,42.2578],[1.23618,42.2566],[1.23532,42.25637],[1.23603,42.25506],[1.2377,42.25434],[1.23944,42.25258],[1.24302,42.25166],[1.24453,42.2521],[1.24691,42.25078],[1.24914,42.25083],[1.25134,42.24916],[1.25332,42.24917],[1.25617,42.24747],[1.25306,42.24824],[1.25165,42.24754],[1.25056,42.24755],[1.24833,42.24833],[1.24672,42.24765],[1.24522,42.2481],[1.2434,42.24766],[1.24086,42.24776],[1.24415,42.24686],[1.24506,42.24701],[1.24428,42.24667],[1.2387,42.2467],[1.24433,42.2453],[1.24257,42.24514],[1.24444,42.24445],[1.24185,42.24443],[1.24444,42.24344],[1.24131,42.2434],[1.2441,42.24238],[1.24282,42.24189],[1.24234,42.24212],[1.24416,42.23919],[1.24265,42.23879],[1.24212,42.23918],[1.24234,42.23845],[1.24524,42.23805],[1.24617,42.23747],[1.24981,42.2382],[1.25184,42.23778],[1.25205,42.23701],[1.25848,42.23676],[1.26317,42.23557],[1.2641,42.23445],[1.26534,42.23488],[1.26611,42.23471],[1.26697,42.23519],[1.26788,42.23491],[1.26898,42.23526],[1.27001,42.23485],[1.27048,42.2341],[1.27301,42.23425],[1.27613,42.23293],[1.27676,42.23139],[1.27744,42.23202],[1.27829,42.23191],[1.27975,42.23259],[1.28371,42.23017],[1.28292,42.22692],[1.28416,42.22675],[1.28577,42.22719],[1.28667,42.22808],[1.29059,42.22808],[1.29311,42.22783],[1.29416,42.22734],[1.29462,42.2252],[1.29609,42.22516],[1.2996,42.22613],[1.2991,42.22385],[1.30574,42.22281],[1.30758,42.22311],[1.31202,42.22255],[1.3125,42.22228],[1.31268,42.22027],[1.3137,42.21871],[1.31365,42.21766],[1.31727,42.21722],[1.31778,42.21807],[1.31921,42.21829],[1.32287,42.21582],[1.32171,42.21518],[1.31816,42.21553],[1.31511,42.21527],[1.31111,42.2156],[1.31012,42.2162],[1.30973,42.21605],[1.31023,42.2153],[1.31175,42.21467],[1.31235,42.21197],[1.31161,42.21062],[1.31222,42.2089],[1.31109,42.20727],[1.30956,42.20608],[1.30978,42.20463],[1.30763,42.20372],[1.30471,42.20355],[1.30303,42.20274],[1.30095,42.20273],[1.30028,42.20343],[1.29968,42.20324],[1.29884,42.20392],[1.29779,42.20408],[1.29709,42.2036],[1.29535,42.2037],[1.29461,42.20289],[1.29306,42.2033],[1.29459,42.20345],[1.29485,42.20443],[1.29605,42.20462],[1.29509,42.20474],[1.2942,42.20396],[1.29275,42.20416],[1.29183,42.2034],[1.28848,42.20336],[1.28692,42.20392],[1.28631,42.20343],[1.28659,42.2022],[1.28585,42.20186],[1.28505,42.20227],[1.28548,42.20299],[1.28498,42.20353],[1.28399,42.20405],[1.28148,42.20431],[1.28107,42.20383],[1.28201,42.20297],[1.28155,42.20209],[1.2822,42.20158],[1.28183,42.20124],[1.28101,42.2015],[1.28068,42.20315],[1.27978,42.20405],[1.28075,42.20502],[1.27924,42.20433],[1.27668,42.20507],[1.27491,42.20285],[1.27248,42.20147],[1.27176,42.20127],[1.26971,42.20182],[1.26891,42.20117],[1.26761,42.20205],[1.26693,42.20204],[1.26527,42.20044],[1.26429,42.20139],[1.26252,42.20155],[1.25966,42.20312],[1.25836,42.20314],[1.25797,42.20284],[1.25503,42.20344],[1.25462,42.20211],[1.25265,42.1998],[1.25367,42.20573],[1.25771,42.20549],[1.25422,42.20645],[1.25178,42.2067],[1.25149,42.20656],[1.25222,42.20549],[1.2511,42.2066],[1.25148,42.20711],[1.24796,42.20742],[1.25001,42.20818],[1.25036,42.20884],[1.24941,42.20843],[1.24693,42.20864],[1.24314,42.20773],[1.24215,42.20794],[1.23906,42.20739],[1.23532,42.20617],[1.23115,42.20661],[1.22861,42.20602],[1.22339,42.20556],[1.22292,42.20505],[1.22114,42.20515],[1.21805,42.20441],[1.22016,42.20345],[1.21317,42.20358],[1.21159,42.20326],[1.21136,42.20213],[1.20815,42.20218],[1.2061,42.20151],[1.20299,42.20188],[1.20593,42.20301],[1.20587,42.20333],[1.2031,42.20375],[1.20488,42.20443],[1.20496,42.20513],[1.20079,42.20524],[1.2,42.20741],[1.19823,42.20752],[1.19508,42.20845],[1.1934,42.20814],[1.18801,42.20882],[1.18502,42.2079],[1.18493,42.20743],[1.1823,42.20727],[1.18185,42.20659],[1.18158,42.20281],[1.18098,42.2017],[1.18174,42.20103],[1.18019,42.20079],[1.1797,42.19987],[1.17876,42.19959],[1.17393,42.19921],[1.17364,42.19819],[1.17232,42.19802],[1.17371,42.19734],[1.17506,42.19748],[1.17632,42.197],[1.17677,42.19523],[1.17856,42.19268],[1.18046,42.19174],[1.18116,42.19069],[1.18319,42.18976],[1.18268,42.189],[1.18297,42.18797],[1.18373,42.18788],[1.18437,42.18638],[1.18607,42.18591],[1.18681,42.18617],[1.18785,42.18559],[1.19082,42.186],[1.19197,42.18568],[1.19202,42.18464],[1.18927,42.18313],[1.18515,42.18183],[1.18651,42.1833],[1.18249,42.18345],[1.18158,42.18411],[1.18097,42.1841],[1.1783,42.18029],[1.17697,42.18001],[1.17502,42.18018],[1.17441,42.1781],[1.17247,42.17842],[1.17275,42.17732],[1.17164,42.17653],[1.17116,42.17648],[1.16961,42.17754],[1.16909,42.17736],[1.16873,42.17607],[1.16657,42.17506],[1.16457,42.17571],[1.16452,42.17509],[1.16569,42.17313],[1.16464,42.17276],[1.16462,42.17213],[1.16378,42.17196],[1.16327,42.17111],[1.16052,42.173],[1.15876,42.17243],[1.157,42.17337],[1.15773,42.1708],[1.15909,42.17042],[1.15952,42.16994],[1.15927,42.16935],[1.15994,42.16835],[1.15939,42.16795],[1.15948,42.1672],[1.16095,42.16578],[1.16085,42.16449],[1.15693,42.16288],[1.15537,42.16157],[1.15528,42.16053],[1.15363,42.15986],[1.15318,42.1592],[1.15151,42.1606],[1.15003,42.16029],[1.14838,42.16087],[1.14697,42.16081],[1.14595,42.16015],[1.14802,42.15842],[1.14564,42.15833],[1.14209,42.15705],[1.1454,42.15526],[1.14564,42.1545],[1.14666,42.1542],[1.14513,42.15275],[1.14527,42.15138],[1.14246,42.14921],[1.14347,42.14843],[1.14273,42.14617],[1.1407,42.14557],[1.14229,42.14395],[1.14147,42.14309],[1.14144,42.14117],[1.14335,42.14173],[1.14474,42.14154],[1.14523,42.13823],[1.14444,42.13604],[1.14378,42.13694],[1.14348,42.13597],[1.14632,42.13224],[1.14511,42.13142],[1.14485,42.1307],[1.14426,42.13057],[1.14479,42.1293],[1.14432,42.12836],[1.14333,42.12807],[1.1453,42.12441],[1.1453,42.12315],[1.14451,42.12276],[1.14432,42.12199],[1.14583,42.11987],[1.14699,42.11588],[1.14639,42.11541],[1.14564,42.11546],[1.14494,42.11619],[1.14442,42.11806],[1.14328,42.11855],[1.14215,42.11799],[1.14061,42.11992],[1.13856,42.1175],[1.1387,42.11397],[1.13785,42.11322],[1.13807,42.11237],[1.13717,42.11144],[1.13903,42.10949],[1.13879,42.10808],[1.13833,42.10783],[1.13628,42.1097],[1.13536,42.10952],[1.13438,42.10989],[1.1337,42.1088],[1.1344,42.10696],[1.13366,42.10659],[1.13324,42.10556],[1.13235,42.10547],[1.13166,42.10447],[1.13188,42.102],[1.1308,42.10186],[1.13028,42.10084],[1.13076,42.09935],[1.13007,42.09864],[1.13104,42.09557],[1.13083,42.09471],[1.13227,42.09325],[1.13124,42.0929],[1.13066,42.09215],[1.13116,42.08839],[1.13002,42.0883],[1.12925,42.08862],[1.12788,42.09023],[1.12799,42.09102],[1.12705,42.09259],[1.12629,42.09216],[1.12656,42.09133],[1.12569,42.09049],[1.12298,42.09049],[1.12124,42.091],[1.12116,42.08985],[1.12226,42.08817],[1.12027,42.08803],[1.1203,42.08599],[1.11724,42.08769],[1.11672,42.08714],[1.11653,42.08561],[1.11538,42.08455],[1.11471,42.08451],[1.11394,42.08573],[1.11299,42.08629],[1.11248,42.08606],[1.11221,42.08505],[1.11138,42.08472],[1.11064,42.08231],[1.11083,42.07906],[1.10874,42.08025],[1.10839,42.08],[1.10931,42.07643],[1.10752,42.07678],[1.10594,42.07878],[1.1047,42.07755],[1.10555,42.075],[1.10242,42.07489],[1.10275,42.07376],[1.10223,42.07315],[1.10296,42.07236],[1.10287,42.07178],[1.10424,42.07102],[1.1041,42.07013],[1.10494,42.06899],[1.10683,42.0682],[1.10556,42.06712],[1.10565,42.06662],[1.10703,42.06381],[1.10932,42.06101],[1.10883,42.06078],[1.10696,42.06135],[1.10554,42.06248],[1.10515,42.06185],[1.10539,42.06023],[1.10164,42.06164],[1.10285,42.05893],[1.10214,42.05818],[1.10205,42.05727],[1.09997,42.05727],[1.09874,42.0567],[1.09838,42.05604],[1.09883,42.05402],[1.09862,42.05263],[1.10065,42.04913],[1.10084,42.04717],[1.09965,42.0481],[1.10001,42.04639],[1.09869,42.04699],[1.0958,42.04709],[1.09496,42.05146],[1.09125,42.05328],[1.08976,42.05508],[1.08881,42.05522],[1.08719,42.05507],[1.08593,42.05431],[1.08414,42.05399],[1.08342,42.05328],[1.08155,42.05268],[1.08035,42.0518],[1.07759,42.05108],[1.07453,42.04783],[1.06877,42.04382],[1.06774,42.04353],[1.06664,42.04373],[1.06529,42.04516],[1.06387,42.04592],[1.05748,42.04306],[1.05634,42.04325],[1.05432,42.04256],[1.05317,42.04271],[1.04961,42.0404],[1.04809,42.03997],[1.0476,42.04006],[1.04748,42.04146],[1.04597,42.04147],[1.04518,42.0421],[1.04586,42.04353],[1.045,42.04447],[1.04077,42.04493],[1.03747,42.04439],[1.03713,42.04473],[1.03746,42.04507],[1.03536,42.04468],[1.03501,42.04494],[1.03573,42.04576],[1.0343,42.0457],[1.03368,42.04653],[1.03186,42.04727],[1.03064,42.04861],[1.02835,42.04945],[1.02423,42.04713],[1.02247,42.04743],[1.0234,42.04629],[1.02297,42.04472],[1.02095,42.04517],[1.02155,42.0437],[1.02024,42.04312],[1.01974,42.04216],[1.02148,42.0418],[1.0216,42.04083],[1.01982,42.03841],[1.01933,42.03565],[1.02218,42.03353],[1.02334,42.03343],[1.0247,42.03235],[1.02642,42.032],[1.02818,42.03085],[1.02809,42.0304],[1.02649,42.02985],[1.0282,42.02971],[1.02781,42.02735],[1.02883,42.02706],[1.03068,42.02816],[1.0325,42.02768],[1.03568,42.02469],[1.03485,42.02356],[1.03485,42.02262],[1.03309,42.02045],[1.03481,42.01885],[1.0336,42.01572],[1.03313,42.01582],[1.03338,42.0186],[1.03158,42.01954],[1.03018,42.02087],[1.02945,42.01872],[1.02838,42.01723],[1.02897,42.01554],[1.02877,42.01377],[1.02757,42.0138],[1.02307,42.01253],[1.02459,42.01204],[1.02339,42.01119],[1.02318,42.01053],[1.02473,42.01019],[1.02715,42.00892],[1.02679,42.00804],[1.02608,42.00776],[1.02347,42.00848],[1.02241,42.00789],[1.02064,42.00878],[1.01899,42.00842],[1.01843,42.00986],[1.01908,42.01048],[1.01726,42.01092],[1.01522,42.01208],[1.01361,42.01227],[1.01275,42.01155],[1.01103,42.01125],[1.00843,42.01151],[1.00621,42.01242],[1.00524,42.01176],[1.00316,42.0117],[1.0025,42.01235],[1.0009,42.01257],[1.00041,42.01361],[0.99924,42.01444],[0.99894,42.0159],[0.99832,42.01576],[0.99775,42.0161],[0.99717,42.01532],[0.99519,42.01526],[0.99229,42.01662],[0.98995,42.01536],[0.98893,42.01548],[0.98772,42.01637],[0.98672,42.01491],[0.98258,42.01463],[0.98141,42.01385],[0.98041,42.01462],[0.98085,42.01531],[0.97859,42.01562],[0.97677,42.01508],[0.97582,42.0143],[0.97445,42.01516],[0.96756,42.01455],[0.96496,42.01385],[0.96516,42.01304],[0.96157,42.0125],[0.96048,42.01294],[0.95773,42.01246],[0.95711,42.01359],[0.95602,42.01392],[0.95459,42.01383],[0.95193,42.01298],[0.95112,42.01318],[0.95126,42.01241],[0.95368,42.01173],[0.95328,42.0105],[0.95366,42.00987],[0.954,42.01047],[0.95512,42.00939],[0.9568,42.00968],[0.95756,42.0087],[0.9584,42.00859],[0.96055,42.0069],[0.9667,42.0052],[0.96887,42.00362],[0.97073,42.00385],[0.9723,42.00327],[0.97481,42.00326],[0.9756,42.00283],[0.97479,42.00248],[0.97581,42.00226],[0.97633,42.0026],[0.97819,42.00262],[0.98013,42.00376],[0.98111,42.00339],[0.98275,42.00196],[0.98303,42.00019],[0.98518,41.99909],[0.98351,41.9982],[0.98371,41.99789],[0.9845,41.99771],[0.98528,41.99673],[0.98916,41.99552],[0.9896,41.99492],[0.9909,41.99437],[0.99088,41.9927],[0.98844,41.99181],[0.98808,41.99075],[0.98701,41.9901],[0.98911,41.98867],[0.98978,41.98751],[0.9914,41.98679],[0.99089,41.98565],[0.99186,41.98542],[0.99071,41.98363],[0.99068,41.98257],[0.98983,41.98242],[0.99021,41.98196],[0.99207,41.98187],[0.99226,41.981],[0.99151,41.98116],[0.98975,41.9807],[0.98419,41.98311],[0.98294,41.97927],[0.9819,41.97861],[0.98208,41.97757],[0.9803,41.97726],[0.97774,41.97609],[0.97894,41.97607],[0.98038,41.9752],[0.98292,41.97259],[0.98473,41.97178],[0.98614,41.97015],[0.9868,41.97015],[0.98971,41.9685],[0.99122,41.96845],[0.99211,41.96736],[0.99344,41.96742],[0.994,41.96612],[0.99737,41.96332],[0.9982,41.96305],[1.0013,41.95975],[1.00125,41.95906],[1.00014,41.95866],[0.99958,41.95924],[0.99983,41.95783],[1.00119,41.95679],[1.00288,41.95657],[1.00144,41.95434],[0.99848,41.95471],[0.99626,41.95564],[0.99381,41.9548],[0.99318,41.9552],[0.99188,41.95012],[0.99047,41.94851],[0.99068,41.94706],[0.98856,41.94237],[0.98667,41.94058],[0.98713,41.93943],[0.98571,41.93728],[0.98674,41.93645],[0.9867,41.93444],[0.98774,41.934],[0.98925,41.93407],[0.98933,41.93174],[0.99041,41.92994],[0.9892,41.92899],[0.99056,41.92889],[0.99152,41.92811],[0.9905,41.92729],[0.99108,41.92668],[0.98974,41.92682],[0.98976,41.92577],[0.99101,41.92437],[0.9907,41.92228],[0.98806,41.92065],[0.98717,41.91866],[0.98647,41.92029],[0.98618,41.92001],[0.98536,41.92076],[0.98384,41.91785],[0.98252,41.91662],[0.98235,41.91496],[0.98145,41.91552],[0.97815,41.91439],[0.9769,41.91323],[0.97734,41.91134],[0.97671,41.91164],[0.97515,41.91069],[0.9758,41.91004],[0.97474,41.90959],[0.97222,41.90906],[0.97102,41.90937],[0.97089,41.90909],[0.96955,41.90955],[0.96772,41.91179],[0.9669,41.91211],[0.96583,41.91157],[0.96006,41.9117],[0.95657,41.91281],[0.95643,41.91195],[0.95247,41.91076],[0.94913,41.91211],[0.94672,41.91202],[0.94537,41.91153],[0.94249,41.90936],[0.93802,41.90872],[0.93567,41.90722],[0.93682,41.90712],[0.93808,41.90759],[0.93708,41.90659],[0.93844,41.90726],[0.93753,41.90589],[0.93583,41.9048],[0.93629,41.90457],[0.93777,41.90515],[0.93596,41.90347],[0.93636,41.90147],[0.93481,41.90003],[0.93482,41.89811],[0.93395,41.8978],[0.93281,41.90054],[0.93195,41.89703],[0.93011,41.89312],[0.93199,41.89353],[0.92873,41.89105],[0.9284,41.89326],[0.92626,41.88891],[0.922,41.88669],[0.92082,41.88554],[0.92035,41.88414],[0.91761,41.88257],[0.91633,41.88292],[0.91407,41.88215],[0.91182,41.88218],[0.91294,41.88142],[0.91135,41.88094],[0.91018,41.87973],[0.9081,41.87924],[0.90687,41.87966],[0.90832,41.87999],[0.9065,41.88168],[0.90592,41.88098],[0.90399,41.88136],[0.90139,41.88049],[0.9012,41.88004],[0.89999,41.8801],[0.89838,41.87932],[0.89489,41.87884],[0.89464,41.87738],[0.89563,41.87649],[0.89392,41.87483],[0.89223,41.8752],[0.8901,41.87434],[0.88924,41.87464],[0.88877,41.87533],[0.88784,41.87508],[0.8867,41.87538],[0.88648,41.87472],[0.88531,41.87444],[0.88395,41.8746],[0.88388,41.87419],[0.88215,41.87436],[0.88125,41.87473],[0.881,41.87527],[0.88075,41.87453],[0.88182,41.87313],[0.88008,41.87352],[0.88232,41.8721],[0.88185,41.87007],[0.88257,41.86715],[0.88496,41.86506],[0.88514,41.8643],[0.89925,41.85829],[0.89969,41.85768],[0.89945,41.85663],[0.90159,41.85504],[0.9034,41.85565],[0.90647,41.85753],[0.90938,41.8583],[0.9133,41.8587],[0.91437,41.85851],[0.91452,41.85683],[0.91624,41.85532],[0.91514,41.85363],[0.92111,41.85362],[0.9259,41.85286],[0.9349,41.85367],[0.9341,41.85353],[0.93372,41.85245],[0.93482,41.85175],[0.93436,41.84983],[0.9323,41.84995],[0.93106,41.84933],[0.93098,41.84791],[0.9332,41.84665],[0.93287,41.84481],[0.93318,41.84366],[0.93671,41.84539],[0.94225,41.84559],[0.94862,41.84753],[0.94931,41.84734],[0.95008,41.84511],[0.94987,41.84422],[0.95044,41.84377],[0.94923,41.84185],[0.94912,41.84073],[0.94702,41.83846],[0.94714,41.83682],[0.94629,41.83686],[0.9456,41.83616],[0.94538,41.83357],[0.94793,41.83364],[0.95023,41.83292],[0.95572,41.83252],[0.95602,41.83111],[0.95728,41.8297],[0.95602,41.82947],[0.95474,41.82673],[0.95154,41.82515],[0.95024,41.82496],[0.94851,41.82331],[0.94779,41.82198],[0.94804,41.82061],[0.94684,41.81674],[0.94743,41.81637],[0.94827,41.81255],[0.94765,41.81108],[0.94802,41.80888],[0.94697,41.8045],[0.94718,41.80303],[0.94891,41.80287],[0.95062,41.80326],[0.9529,41.80264],[0.95576,41.8032],[0.95963,41.80288],[0.961,41.80264],[0.96161,41.80214],[0.96291,41.80235],[0.96289,41.80183],[0.96561,41.80143],[0.9693,41.80012],[0.97333,41.79966],[0.98044,41.79983],[0.98658,41.79805],[0.98163,41.79074],[0.98123,41.78919],[0.97935,41.78755],[0.97772,41.78519],[0.97105,41.78086],[0.97519,41.77694],[0.97446,41.77472],[0.97439,41.77162],[0.97128,41.76981],[0.96842,41.76663],[0.9662,41.76215],[0.96575,41.76017],[0.96492,41.75963],[0.96486,41.75783],[0.96185,41.75726],[0.95972,41.75465],[0.95649,41.75258],[0.95442,41.74919],[0.94806,41.74218],[0.94788,41.74017],[0.94483,41.73795],[0.94355,41.72923],[0.94099,41.72851],[0.94016,41.72759],[0.93894,41.72723],[0.94414,41.71582],[0.94675,41.71338],[0.95027,41.70704],[0.95126,41.70362],[0.95135,41.70172],[0.9503,41.69756],[0.95104,41.6969],[0.94801,41.69102],[0.9467,41.68939],[0.94491,41.68836],[0.94036,41.68757],[0.93214,41.68444],[0.93462,41.6818],[0.93512,41.68013],[0.9351,41.67733],[0.93444,41.67622],[0.93976,41.67421],[0.94209,41.67279],[0.94422,41.67057],[0.95021,41.66786],[0.95702,41.6634],[0.95791,41.66214],[0.95882,41.65874],[0.95921,41.65503],[0.95893,41.65338],[0.96011,41.65244],[0.96134,41.65027],[0.96365,41.64946],[0.96636,41.64776],[0.96405,41.6441],[0.96421,41.63908],[0.96342,41.63828],[0.96212,41.63803],[0.96214,41.63752],[0.96304,41.63728],[0.9606,41.62982],[0.9615,41.62747],[0.96153,41.62454],[0.95839,41.61748],[0.9583,41.6159],[0.95889,41.61483],[0.96198,41.61458],[0.96703,41.613],[0.96759,41.61332],[0.96927,41.61136],[0.96872,41.61109],[0.96894,41.6108],[0.97362,41.60555],[0.97438,41.6032],[0.97554,41.60148],[0.9776,41.5999],[0.98585,41.59503],[0.98886,41.59258],[0.99241,41.59162],[1.00291,41.5875],[0.99912,41.58329],[0.99909,41.58148],[1.00133,41.57826],[1.00905,41.57387],[1.01052,41.57245],[1.01368,41.5678],[1.01499,41.56309],[1.01716,41.56012],[1.01625,41.5591],[1.01603,41.55755],[1.0117,41.55452],[1.00841,41.54846],[1.00629,41.54806],[1.00403,41.54642],[1.00047,41.54137],[0.99835,41.54108],[0.99471,41.53971],[0.98933,41.53658],[0.98784,41.53629],[0.98545,41.53235],[0.98581,41.53206],[0.98543,41.5306],[0.98634,41.53005],[0.98602,41.5291],[0.98799,41.52913],[0.98926,41.52848],[0.99069,41.5259],[0.99032,41.52535],[0.99167,41.52453],[0.99027,41.52351],[0.99041,41.52271],[0.99107,41.52228],[0.99057,41.51902],[0.99201,41.51779],[0.99186,41.51733],[0.99287,41.51638],[0.99403,41.51334],[0.99152,41.51427],[0.98901,41.51602],[0.97992,41.51741],[0.97956,41.51705],[0.97983,41.51629],[0.97906,41.51575],[0.97819,41.51572],[0.97856,41.51312],[0.97809,41.51249],[0.97573,41.51272],[0.97557,41.51096],[0.96783,41.50749],[0.96588,41.50582],[0.96526,41.50446],[0.96541,41.50201],[0.96845,41.50116],[0.96987,41.49872],[0.97112,41.49826],[0.97275,41.49642],[0.97345,41.49428],[0.97644,41.49271],[0.97737,41.49146],[0.97984,41.49117],[0.98056,41.49145],[0.98188,41.49109],[0.98328,41.49179],[0.98481,41.49059],[0.98809,41.48931],[0.99198,41.48991],[0.99145,41.48938],[0.99192,41.48878],[0.99091,41.48764],[0.99143,41.48679],[0.98973,41.48599],[0.98978,41.48515],[0.98861,41.4841],[0.98833,41.48342],[0.98866,41.48308],[0.98739,41.48181],[0.98683,41.48054],[0.98707,41.47973],[0.98642,41.47914],[0.98588,41.47702],[0.98416,41.47406],[0.98294,41.4735],[0.98043,41.4735],[0.97578,41.47596],[0.97503,41.47598],[0.97579,41.47458],[0.9752,41.4731],[0.97586,41.47266],[0.97482,41.47246],[0.97366,41.47275],[0.97442,41.47112],[0.97508,41.4708],[0.974,41.46928],[0.97398,41.46836],[0.97444,41.46828],[0.97378,41.46801],[0.97284,41.46902],[0.96664,41.47046],[0.9633,41.47267],[0.96228,41.47258],[0.96118,41.47189],[0.96034,41.47242],[0.9579,41.47212],[0.95723,41.47274],[0.95509,41.47319],[0.95203,41.47147],[0.94876,41.47172],[0.94915,41.47149],[0.94757,41.47115],[0.94786,41.47045],[0.94727,41.46986],[0.94562,41.46966],[0.94436,41.46855],[0.94507,41.46607],[0.95054,41.46492],[0.95075,41.46365],[0.94928,41.46151],[0.94862,41.45961],[0.94641,41.45756],[0.94597,41.45528],[0.94439,41.45436],[0.94366,41.45307],[0.94557,41.44895],[0.9452,41.44733],[0.9443,41.44645],[0.94568,41.44683],[0.94678,41.44496],[0.94568,41.44339],[0.94491,41.44315],[0.94414,41.44226],[0.94643,41.44033],[0.94576,41.4402],[0.94417,41.43689],[0.94399,41.43256],[0.94131,41.42869],[0.9441,41.42723],[0.94334,41.42655],[0.93819,41.42519],[0.93444,41.42587],[0.92915,41.42525],[0.92574,41.42238],[0.92352,41.42198],[0.92055,41.42204],[0.91831,41.4227],[0.91757,41.42211],[0.91554,41.42189],[0.91354,41.42254],[0.91094,41.4225],[0.90673,41.42154],[0.90427,41.4214],[0.9033,41.42038],[0.90035,41.4201],[0.89837,41.41937],[0.89668,41.42016],[0.8957,41.42011],[0.89415,41.4189],[0.89175,41.42016],[0.88639,41.42041],[0.88397,41.41948],[0.88323,41.41839],[0.88078,41.41679],[0.87687,41.41615],[0.87511,41.41696],[0.87273,41.41705],[0.86822,41.41908],[0.86642,41.42164],[0.86554,41.4223],[0.86385,41.42279],[0.86281,41.42423],[0.85816,41.42817],[0.85721,41.42719],[0.85768,41.42572],[0.85675,41.42516],[0.85654,41.42413],[0.85474,41.42326],[0.85103,41.42308],[0.84842,41.42396],[0.84562,41.42395],[0.8457,41.4232],[0.84662,41.42312],[0.84478,41.42169],[0.84471,41.42119],[0.84377,41.42098],[0.84393,41.41901],[0.8429,41.4193],[0.83816,41.41795],[0.83689,41.4185],[0.83683,41.41801],[0.83589,41.41759],[0.83432,41.41792],[0.83378,41.417],[0.83283,41.41706],[0.83172,41.41796],[0.8305,41.41707],[0.83528,41.41348],[0.83472,41.4125],[0.83463,41.41091],[0.83569,41.40962],[0.8352,41.40829],[0.83565,41.40756],[0.83538,41.40565],[0.83622,41.40369],[0.8352,41.40256],[0.83524,41.40166],[0.83657,41.40064],[0.8357,41.39955],[0.83581,41.3985],[0.83632,41.39736],[0.83922,41.39511],[0.83938,41.39429],[0.84093,41.39364],[0.83932,41.39117],[0.83891,41.38883],[0.83981,41.38697],[0.84071,41.3862],[0.84063,41.38305],[0.83983,41.3819],[0.83889,41.38178],[0.83892,41.38032],[0.83957,41.37934],[0.84029,41.37921],[0.84191,41.37778],[0.84236,41.37689],[0.84223,41.37618],[0.84086,41.3768],[0.83922,41.37658],[0.83826,41.37388],[0.83584,41.37396],[0.8347,41.37438],[0.8334,41.37374],[0.83212,41.37633],[0.83079,41.37627],[0.82929,41.37692],[0.82788,41.37872],[0.82657,41.37707],[0.82388,41.37619],[0.823,41.37834],[0.8215,41.3795],[0.82224,41.38048],[0.82178,41.38268],[0.82,41.38339],[0.81927,41.38445],[0.81975,41.38517],[0.81834,41.38601],[0.81739,41.38829],[0.81567,41.38922],[0.81302,41.3915],[0.81058,41.39048],[0.81086,41.39022],[0.81168,41.39039],[0.81086,41.3887],[0.80993,41.38701],[0.80829,41.38611],[0.80608,41.38616],[0.80427,41.38832],[0.80193,41.38958],[0.80131,41.3892],[0.80137,41.38747],[0.80031,41.38658],[0.79958,41.38652],[0.79795,41.38476],[0.79327,41.38278],[0.79196,41.38156],[0.79092,41.3818],[0.78992,41.38075],[0.79048,41.37973],[0.79,41.38015],[0.78886,41.38],[0.78745,41.37881],[0.78643,41.37901],[0.78628,41.37972],[0.78525,41.37983],[0.78473,41.37924],[0.78348,41.37883],[0.7842,41.3772],[0.78364,41.37622],[0.77986,41.37691],[0.77859,41.37607],[0.77764,41.37619],[0.77815,41.37547],[0.77966,41.37496],[0.77919,41.37355],[0.77789,41.37407],[0.77694,41.37327],[0.77619,41.37316],[0.77534,41.37463],[0.77385,41.37522],[0.77289,41.37664],[0.77162,41.37701],[0.76887,41.37676],[0.76707,41.37736],[0.76338,41.37695],[0.75945,41.37579],[0.7589,41.37525],[0.7589,41.3759],[0.75838,41.37595],[0.75786,41.37546],[0.75633,41.37551],[0.75567,41.37507],[0.75432,41.37504],[0.75352,41.37444],[0.75245,41.37507],[0.75155,41.37481],[0.75245,41.37353],[0.75231,41.37218],[0.75349,41.3709],[0.75488,41.37093],[0.75561,41.36976],[0.75658,41.36976],[0.75602,41.369],[0.75637,41.3677],[0.7571,41.36799],[0.75803,41.36754],[0.75775,41.367],[0.75869,41.36674],[0.75987,41.36562],[0.76081,41.36557],[0.76245,41.36478],[0.76268,41.36401],[0.7576,41.36404],[0.75666,41.36437],[0.75616,41.3651],[0.75422,41.36546],[0.75282,41.36349],[0.7516,41.36308],[0.75121,41.36143],[0.75016,41.36337],[0.74867,41.36082],[0.74717,41.36042],[0.7453,41.35933],[0.74283,41.35911],[0.74288,41.35517],[0.74354,41.35387],[0.74435,41.35422],[0.74429,41.35349],[0.74333,41.35336],[0.74203,41.35407],[0.73941,41.35739],[0.73875,41.36066],[0.73989,41.36129],[0.73689,41.36678],[0.7367,41.36866],[0.735,41.36934],[0.73195,41.37199],[0.72543,41.37382],[0.72231,41.37527],[0.72106,41.37686],[0.71926,41.37753],[0.7217,41.3743],[0.72298,41.37383],[0.72458,41.37133],[0.72643,41.36969],[0.72779,41.36748],[0.72902,41.3635],[0.73086,41.36165],[0.7339,41.35955],[0.73588,41.35276],[0.73946,41.35011],[0.74065,41.34769],[0.74773,41.33832],[0.74843,41.33839],[0.74951,41.33935],[0.75064,41.33747],[0.75291,41.33669],[0.75396,41.33531],[0.75726,41.33331],[0.75687,41.3333],[0.75739,41.33129],[0.7558,41.33035],[0.7553,41.32931],[0.75397,41.32884],[0.75437,41.32644],[0.75275,41.32604],[0.75204,41.32445],[0.75118,41.32412],[0.75117,41.3232],[0.75201,41.32236],[0.75129,41.32124],[0.75122,41.31998],[0.75189,41.31853],[0.75282,41.3178],[0.7519,41.31519],[0.74911,41.31272],[0.74218,41.31092],[0.74037,41.30919],[0.73706,41.30888],[0.73549,41.3093],[0.72881,41.30961],[0.72807,41.30912],[0.72678,41.30903],[0.72592,41.30775],[0.72434,41.30777],[0.72071,41.30674],[0.71909,41.30694],[0.71898,41.30601],[0.71969,41.30561],[0.71969,41.30493],[0.7182,41.30323],[0.71481,41.30303],[0.71373,41.30224],[0.71257,41.30233],[0.71161,41.30298],[0.71022,41.30272],[0.70669,41.30308],[0.70246,41.30178],[0.70078,41.30214],[0.69878,41.30173],[0.69818,41.30226],[0.69559,41.30258],[0.69435,41.30339],[0.69253,41.30288],[0.69029,41.30392],[0.68617,41.30437],[0.68506,41.3051],[0.68479,41.306],[0.68428,41.3056],[0.68333,41.3057],[0.68252,41.30483],[0.6817,41.30484],[0.68102,41.30571],[0.68139,41.30606],[0.68046,41.30675],[0.6806,41.30721],[0.68022,41.30687],[0.67905,41.30741],[0.6774,41.30685],[0.67652,41.30704],[0.67542,41.30637],[0.67279,41.30655],[0.67079,41.30607],[0.66905,41.30366],[0.6661,41.302],[0.66133,41.30117],[0.66068,41.3004],[0.65824,41.29972],[0.65804,41.2985],[0.65618,41.29832],[0.65546,41.29742],[0.65443,41.29766],[0.65411,41.29653],[0.65224,41.29708],[0.65118,41.29611],[0.64993,41.29616],[0.65031,41.29552],[0.64937,41.29511],[0.64897,41.29398],[0.64782,41.29305],[0.64778,41.29218],[0.64874,41.29156],[0.6487,41.2906],[0.64991,41.28958],[0.65013,41.28792],[0.64959,41.28752],[0.64619,41.28836],[0.64485,41.28825],[0.64301,41.28699],[0.64371,41.28527],[0.64344,41.28495],[0.64172,41.28503],[0.64126,41.28271],[0.64216,41.28215],[0.64222,41.28105],[0.64072,41.28026],[0.6418,41.27956],[0.64148,41.27848],[0.6396,41.2763],[0.63708,41.27618],[0.63691,41.27447],[0.63884,41.27157],[0.63765,41.27019],[0.63888,41.26896],[0.63806,41.26809],[0.63629,41.26726],[0.63343,41.26739],[0.63439,41.26617],[0.63372,41.2656],[0.63277,41.26551],[0.63234,41.26611],[0.63189,41.26586],[0.63068,41.26711],[0.62968,41.26748],[0.62813,41.26744],[0.6276,41.26703],[0.6274,41.26514],[0.62862,41.26426],[0.62923,41.26305],[0.62798,41.26248],[0.62865,41.26213],[0.62885,41.26061],[0.63022,41.2601],[0.63017,41.25911],[0.62951,41.25886],[0.6299,41.25856],[0.62863,41.25758],[0.63007,41.25733],[0.63062,41.2567],[0.6301,41.25607],[0.62832,41.25698],[0.62624,41.25624],[0.62439,41.25722],[0.62463,41.25687],[0.62121,41.25619],[0.6213,41.25566],[0.61921,41.25518],[0.61612,41.25714],[0.61603,41.25641],[0.61502,41.25579],[0.61357,41.25536],[0.61235,41.25545],[0.61011,41.25445],[0.60078,41.25388],[0.60002,41.25333],[0.59756,41.25303],[0.59648,41.25247],[0.59152,41.25205],[0.58651,41.25064],[0.58366,41.24909],[0.58197,41.24934],[0.57942,41.24878],[0.57528,41.24644],[0.57206,41.2458],[0.57088,41.24459],[0.56531,41.24531],[0.56306,41.24595],[0.56195,41.24692],[0.56019,41.24736],[0.55819,41.24707],[0.55795,41.24848],[0.55685,41.24868],[0.55711,41.24615],[0.55314,41.24339],[0.55026,41.23752],[0.54684,41.23495],[0.54669,41.23426],[0.54777,41.23194],[0.54759,41.23128],[0.54352,41.22843],[0.54234,41.22584],[0.53968,41.22447],[0.53963,41.22313],[0.53827,41.22243],[0.53759,41.22073],[0.53536,41.2188],[0.53453,41.21812],[0.53329,41.21782],[0.53131,41.21573],[0.52603,41.21224],[0.5244,41.21161],[0.52335,41.21036],[0.52107,41.20931],[0.52086,41.20832],[0.51724,41.20559],[0.5169,41.20479],[0.518,41.20401],[0.51765,41.2029],[0.51976,41.20216],[0.51797,41.20147],[0.51767,41.20054],[0.51848,41.20021],[0.51854,41.19971],[0.52109,41.19938],[0.5232,41.19848],[0.52338,41.19782],[0.5258,41.19744],[0.52714,41.19614],[0.52919,41.19527],[0.53264,41.19521],[0.53351,41.19483],[0.53415,41.19374],[0.53784,41.1935],[0.54081,41.19287],[0.54225,41.19161],[0.54429,41.19145],[0.54908,41.1894],[0.54996,41.18877],[0.55065,41.18663],[0.55255,41.18626],[0.5509,41.18535],[0.54839,41.18483],[0.54651,41.18355],[0.54488,41.1834],[0.54359,41.18244],[0.54248,41.18246],[0.54066,41.18175],[0.53854,41.18251],[0.53573,41.18214],[0.53509,41.18266],[0.53426,41.18176],[0.53343,41.18197],[0.53042,41.18162],[0.52904,41.18192],[0.52468,41.18111],[0.52021,41.18213],[0.51729,41.18141],[0.51322,41.18107],[0.51278,41.18059],[0.5137,41.17996],[0.51341,41.17908],[0.50992,41.17878],[0.51178,41.17866],[0.51213,41.17784],[0.51339,41.17771],[0.51401,41.17697],[0.51574,41.177],[0.51649,41.17755],[0.51752,41.17684],[0.52003,41.17735],[0.52728,41.17592],[0.53191,41.17741],[0.53462,41.17767],[0.53776,41.17667],[0.54114,41.17634],[0.53765,41.17564],[0.53626,41.17574],[0.53144,41.17377],[0.53142,41.17331],[0.53094,41.17319],[0.53,41.17049],[0.53127,41.16998],[0.53147,41.1693],[0.52918,41.16864],[0.52833,41.16723],[0.52953,41.1662],[0.53108,41.16616],[0.53232,41.1639],[0.52439,41.1647],[0.52175,41.16419],[0.51779,41.16415],[0.51719,41.16299],[0.51791,41.16213],[0.51601,41.16345],[0.51224,41.16256],[0.51212,41.161],[0.5093,41.15942],[0.50833,41.15932],[0.50979,41.15902],[0.50795,41.15809],[0.50747,41.15697],[0.50542,41.15761],[0.50438,41.15721],[0.50097,41.15816],[0.50194,41.15738],[0.5015,41.15689],[0.50063,41.15677],[0.49858,41.15509],[0.49703,41.15512],[0.49547,41.15438],[0.49415,41.15174],[0.49431,41.15034],[0.49375,41.14885],[0.49111,41.15016],[0.48911,41.15005],[0.48754,41.15042],[0.48677,41.14991],[0.48829,41.14653],[0.48699,41.14366],[0.48656,41.1413],[0.48135,41.14336],[0.47794,41.14422],[0.4788,41.1449],[0.48116,41.14922],[0.47755,41.14912],[0.47462,41.15009],[0.47458,41.1493],[0.47214,41.14928],[0.47254,41.14895],[0.4709,41.14812],[0.47147,41.1476],[0.46757,41.14551],[0.46702,41.14449],[0.46994,41.14003],[0.46512,41.13819],[0.46299,41.13864],[0.45952,41.13746],[0.45708,41.1374],[0.45622,41.13699],[0.45491,41.1351],[0.45224,41.13372],[0.45006,41.12986],[0.45075,41.12869],[0.45721,41.12622],[0.4577,41.1256],[0.45763,41.1236],[0.45717,41.12329],[0.4577,41.12253],[0.45879,41.12415],[0.45935,41.12331],[0.45931,41.12098],[0.45892,41.12054],[0.45965,41.11963],[0.46358,41.11774],[0.46564,41.11476],[0.46579,41.11387],[0.46747,41.1122],[0.46791,41.11021],[0.46469,41.10962],[0.46283,41.11056],[0.46311,41.11119],[0.46219,41.11162],[0.46232,41.11221],[0.46148,41.11383],[0.45984,41.11478],[0.46076,41.11378],[0.46062,41.11278],[0.45886,41.11399],[0.45619,41.11484],[0.45676,41.11408],[0.45671,41.1128],[0.45762,41.11171],[0.4575,41.11071],[0.45847,41.11071],[0.4595,41.10947],[0.4582,41.11024],[0.45695,41.10999],[0.45608,41.11072],[0.4557,41.11011],[0.45623,41.10921],[0.45594,41.10844],[0.45539,41.10927],[0.45297,41.11089],[0.45313,41.11169],[0.45236,41.11246],[0.45183,41.11238],[0.45024,41.11369],[0.44825,41.11396],[0.44473,41.11533],[0.443,41.1154],[0.44091,41.11657],[0.43989,41.11667],[0.43727,41.1158],[0.43641,41.11339],[0.43792,41.11028],[0.43848,41.11001],[0.43804,41.10864],[0.43616,41.10991],[0.43404,41.10897],[0.43289,41.11074],[0.43072,41.11248],[0.42967,41.11234],[0.42794,41.11294],[0.42736,41.11261],[0.42448,41.11504],[0.42249,41.11613],[0.41907,41.11747],[0.41614,41.11736],[0.41476,41.11823],[0.41221,41.11882],[0.4108,41.12089],[0.40736,41.12042],[0.40522,41.12222],[0.40145,41.12214],[0.40051,41.1228],[0.3984,41.12323],[0.3981,41.12387],[0.39536,41.12361],[0.38962,41.12503],[0.3873,41.12459],[0.38423,41.12519],[0.38272,41.12742],[0.38317,41.12805],[0.38206,41.12788],[0.37859,41.1284],[0.37803,41.12813],[0.37674,41.12957],[0.37378,41.12951],[0.36803,41.12788],[0.36692,41.12828],[0.3665,41.1273],[0.36491,41.12813],[0.36136,41.12683],[0.35756,41.12657],[0.35143,41.1251],[0.3496,41.12491],[0.34668,41.12582],[0.34625,41.12513],[0.3468,41.12425],[0.34566,41.12375],[0.3446,41.12408],[0.34401,41.12309],[0.34561,41.12197],[0.34425,41.12029],[0.34239,41.12005],[0.34233,41.11925],[0.33937,41.11648],[0.34042,41.11584],[0.34128,41.11432],[0.34235,41.11346],[0.3422,41.11182],[0.34145,41.11142],[0.34115,41.11031],[0.34191,41.10896],[0.34062,41.10864],[0.34119,41.1077],[0.34001,41.10613],[0.3366,41.10798],[0.33478,41.10816],[0.33372,41.10582],[0.33444,41.10509],[0.33428,41.10442],[0.33118,41.10298],[0.32838,41.10331],[0.32864,41.10269],[0.32809,41.10209],[0.3259,41.10251],[0.3274,41.10166],[0.32729,41.10115],[0.32568,41.09991],[0.32288,41.10025],[0.32306,41.09939],[0.32094,41.09866],[0.32062,41.0979],[0.31652,41.09658],[0.31634,41.09621],[0.31796,41.09596],[0.31751,41.09573],[0.31748,41.09402],[0.31842,41.09389],[0.31928,41.09302],[0.31776,41.0922],[0.31694,41.09245],[0.31649,41.0922],[0.31335,41.09345],[0.31273,41.09352],[0.31206,41.09285],[0.30759,41.09424],[0.30646,41.09708],[0.30586,41.09782],[0.30465,41.09793],[0.30435,41.09832],[0.30456,41.09995],[0.30339,41.10108],[0.30398,41.10208],[0.30399,41.10384],[0.30229,41.10621],[0.29933,41.10861],[0.29739,41.11206],[0.2946,41.11466],[0.2917,41.11528],[0.28874,41.11506],[0.2867,41.11548],[0.28422,41.11624],[0.28317,41.11747],[0.27982,41.11799],[0.27702,41.11926],[0.27382,41.11987],[0.27361,41.11907],[0.27194,41.1189],[0.2708,41.11818],[0.26884,41.11847],[0.26708,41.11706],[0.26625,41.11741],[0.265,41.11628],[0.26366,41.11646],[0.26267,41.11707],[0.26194,41.11656],[0.25976,41.11634],[0.25799,41.11716],[0.25664,41.11723],[0.25575,41.11812],[0.25513,41.11785],[0.25067,41.11842],[0.24866,41.12024],[0.24676,41.12023],[0.2459,41.12065],[0.24369,41.12086],[0.2429,41.12165],[0.24171,41.12206],[0.23267,41.12192],[0.22894,41.12261],[0.22635,41.12354],[0.22206,41.12378],[0.22074,41.12439],[0.21918,41.1241],[0.21462,41.12486],[0.21266,41.12638],[0.21071,41.12572],[0.20868,41.12899]]}},{"type":"Feature","properties":{"name":"TET_E-17-CAT-NE_20260503","country":"ES","lengthKm":355.8},"geometry":{"type":"LineString","coordinates":[[2.74898,42.42118],[2.74763,42.42181],[2.74731,42.4216],[2.74849,42.42032],[2.7497,42.41992],[2.75028,42.41875],[2.75286,42.41716],[2.75309,42.41508],[2.75034,42.41455],[2.75071,42.41233],[2.74911,42.41125],[2.74949,42.41062],[2.74702,42.41073],[2.74893,42.41017],[2.74761,42.41013],[2.74108,42.41207],[2.74049,42.41134],[2.74037,42.41008],[2.74102,42.41076],[2.7412,42.40916],[2.74038,42.4073],[2.741,42.40798],[2.74208,42.40813],[2.74132,42.40796],[2.74014,42.40583],[2.7386,42.40476],[2.74027,42.40534],[2.73922,42.40429],[2.73733,42.40387],[2.73561,42.40427],[2.73615,42.40328],[2.73582,42.4032],[2.73555,42.40388],[2.73545,42.40328],[2.73594,42.40255],[2.73721,42.4024],[2.73643,42.40224],[2.73987,42.40207],[2.739,42.40173],[2.73966,42.40156],[2.74094,42.40185],[2.74182,42.40272],[2.74116,42.40135],[2.73862,42.40079],[2.73817,42.39968],[2.73747,42.39937],[2.73657,42.39983],[2.73467,42.39995],[2.73303,42.40114],[2.73409,42.39949],[2.73537,42.39913],[2.73637,42.39822],[2.73896,42.39802],[2.73657,42.39771],[2.73521,42.3979],[2.73501,42.39735],[2.73681,42.39747],[2.74073,42.39652],[2.74143,42.39667],[2.74316,42.39461],[2.74444,42.39438],[2.74226,42.39464],[2.74371,42.39383],[2.74131,42.39357],[2.74289,42.39281],[2.74339,42.39319],[2.74422,42.39311],[2.74657,42.39207],[2.74673,42.39167],[2.74644,42.392],[2.7452,42.39211],[2.74627,42.39163],[2.74692,42.39063],[2.75025,42.39085],[2.75071,42.39125],[2.75104,42.39043],[2.75069,42.3897],[2.74906,42.38952],[2.74983,42.38771],[2.74915,42.38642],[2.74846,42.38633],[2.74814,42.38583],[2.74926,42.38526],[2.75014,42.38588],[2.75042,42.38553],[2.75148,42.38597],[2.75363,42.38541],[2.75379,42.38575],[2.75818,42.38338],[2.75854,42.38275],[2.76056,42.38232],[2.76063,42.38106],[2.7618,42.38026],[2.76457,42.37915],[2.76711,42.37883],[2.77234,42.3743],[2.77547,42.37315],[2.77717,42.37127],[2.77863,42.36823],[2.78018,42.36744],[2.77708,42.3677],[2.77665,42.36625],[2.77527,42.36589],[2.77472,42.36529],[2.77377,42.3654],[2.77083,42.36754],[2.76947,42.36738],[2.76726,42.36816],[2.76707,42.36742],[2.7678,42.36709],[2.76832,42.3662],[2.76524,42.36594],[2.76277,42.36644],[2.76039,42.36529],[2.7581,42.36639],[2.75474,42.36618],[2.75505,42.36518],[2.75407,42.36471],[2.75367,42.36366],[2.7548,42.36324],[2.75308,42.36253],[2.75294,42.36213],[2.75467,42.36077],[2.7554,42.36066],[2.75369,42.36015],[2.75599,42.35924],[2.7573,42.35798],[2.75742,42.35721],[2.75855,42.35771],[2.75811,42.35705],[2.7587,42.35728],[2.75784,42.35601],[2.759,42.35658],[2.75882,42.35617],[2.76001,42.35608],[2.76008,42.35564],[2.76065,42.35579],[2.76213,42.35535],[2.76072,42.35531],[2.75918,42.35398],[2.76102,42.35452],[2.76197,42.35344],[2.76187,42.3526],[2.76094,42.35361],[2.75975,42.35281],[2.76085,42.35295],[2.76113,42.35221],[2.76237,42.35159],[2.76133,42.3518],[2.76208,42.35071],[2.76264,42.35069],[2.76186,42.35042],[2.76108,42.35107],[2.76108,42.35029],[2.76256,42.34966],[2.7612,42.34952],[2.76308,42.34892],[2.76082,42.34885],[2.76188,42.34816],[2.76245,42.34834],[2.76413,42.34768],[2.76355,42.34667],[2.76738,42.3441],[2.76926,42.34335],[2.77,42.34384],[2.77333,42.34363],[2.77566,42.34388],[2.77647,42.34459],[2.78017,42.34329],[2.78172,42.34332],[2.78366,42.34212],[2.78688,42.34108],[2.78642,42.34058],[2.78685,42.34011],[2.79107,42.33792],[2.7906,42.33736],[2.78995,42.33727],[2.79047,42.337],[2.79077,42.3349],[2.78837,42.33462],[2.78672,42.33312],[2.7863,42.33109],[2.78535,42.32937],[2.78576,42.32781],[2.7846,42.32745],[2.78528,42.32682],[2.78723,42.32701],[2.78791,42.32668],[2.7885,42.32531],[2.78816,42.32388],[2.78873,42.3236],[2.78925,42.32138],[2.78784,42.3203],[2.78377,42.32057],[2.78098,42.31976],[2.78114,42.31669],[2.77834,42.31604],[2.77316,42.31246],[2.76758,42.31194],[2.76433,42.31101],[2.76312,42.31042],[2.76199,42.30891],[2.76014,42.30923],[2.74882,42.30882],[2.74324,42.30816],[2.73932,42.30699],[2.73282,42.30618],[2.73307,42.30509],[2.73519,42.30493],[2.73408,42.30451],[2.73105,42.30441],[2.72812,42.30276],[2.72343,42.30239],[2.72444,42.30197],[2.72619,42.302],[2.7227,42.3012],[2.72718,42.30146],[2.72295,42.30015],[2.73151,42.29996],[2.73167,42.29963],[2.73103,42.29937],[2.72748,42.29858],[2.72758,42.29648],[2.73292,42.29719],[2.73389,42.29682],[2.73448,42.29604],[2.73647,42.29682],[2.73731,42.29495],[2.74031,42.29524],[2.74024,42.29368],[2.7407,42.29295],[2.74215,42.29323],[2.74387,42.2929],[2.74595,42.29329],[2.74792,42.29191],[2.74973,42.29173],[2.75051,42.29102],[2.75007,42.29013],[2.7506,42.28931],[2.7527,42.28963],[2.75229,42.28794],[2.75053,42.28655],[2.75165,42.28639],[2.7523,42.28559],[2.75214,42.28426],[2.75315,42.28153],[2.7532,42.27913],[2.75411,42.27904],[2.75632,42.27723],[2.7601,42.27613],[2.76365,42.27299],[2.76701,42.2732],[2.7694,42.27186],[2.77,42.27038],[2.76908,42.2713],[2.76919,42.27023],[2.76886,42.27056],[2.76873,42.26989],[2.77009,42.26859],[2.77013,42.26787],[2.76953,42.26819],[2.7701,42.26677],[2.77059,42.2667],[2.77155,42.26799],[2.77363,42.26788],[2.77648,42.26624],[2.78027,42.26646],[2.78231,42.26393],[2.78237,42.26308],[2.78405,42.26291],[2.78762,42.26035],[2.78999,42.26022],[2.79143,42.25972],[2.79699,42.25635],[2.79836,42.25441],[2.80295,42.25154],[2.80647,42.24861],[2.81079,42.24707],[2.81345,42.24713],[2.81316,42.24592],[2.81212,42.24396],[2.80998,42.24263],[2.80876,42.24071],[2.80911,42.24004],[2.80856,42.23865],[2.80731,42.23827],[2.80774,42.23772],[2.80724,42.23552],[2.80819,42.23487],[2.80837,42.23414],[2.8081,42.23351],[2.80588,42.23311],[2.80661,42.23059],[2.8062,42.22959],[2.80393,42.22748],[2.80195,42.2265],[2.79849,42.22782],[2.79779,42.22847],[2.79646,42.22869],[2.79599,42.22805],[2.79478,42.22801],[2.79331,42.22877],[2.79184,42.23045],[2.78968,42.23122],[2.78837,42.23258],[2.78692,42.23283],[2.78601,42.23378],[2.78392,42.23406],[2.78322,42.23496],[2.78189,42.23538],[2.78111,42.23615],[2.77492,42.23761],[2.76739,42.23845],[2.76478,42.23741],[2.76359,42.23739],[2.76181,42.2364],[2.76129,42.23488],[2.76066,42.23525],[2.75602,42.23444],[2.755,42.23321],[2.75359,42.23264],[2.75299,42.23139],[2.75204,42.23079],[2.75001,42.22594],[2.74869,42.226],[2.74754,42.22432],[2.74383,42.22595],[2.74236,42.22621],[2.74197,42.22797],[2.74283,42.22978],[2.74238,42.23227],[2.74098,42.23486],[2.73639,42.23792],[2.73536,42.23956],[2.73063,42.23901],[2.72756,42.23927],[2.72558,42.23843],[2.72284,42.23808],[2.72078,42.23864],[2.71847,42.23873],[2.71743,42.23923],[2.71578,42.23914],[2.71421,42.2402],[2.71313,42.23983],[2.71254,42.23877],[2.71228,42.23973],[2.71015,42.23747],[2.70915,42.23747],[2.70913,42.23701],[2.70869,42.23794],[2.70827,42.23796],[2.7074,42.23578],[2.7053,42.2343],[2.70471,42.23315],[2.7024,42.23393],[2.70321,42.23495],[2.70147,42.23457],[2.70001,42.23479],[2.69829,42.23355],[2.69608,42.23281],[2.69495,42.23161],[2.6953,42.2297],[2.6961,42.22916],[2.69693,42.22897],[2.69812,42.22954],[2.70011,42.2297],[2.70165,42.2274],[2.70182,42.22558],[2.7035,42.22404],[2.70415,42.2224],[2.70284,42.22335],[2.70238,42.22236],[2.7018,42.22261],[2.70123,42.22223],[2.70001,42.22223],[2.69979,42.22177],[2.69893,42.22212],[2.69813,42.22186],[2.69705,42.22295],[2.69657,42.22531],[2.69497,42.22427],[2.69359,42.22428],[2.6944,42.22231],[2.69299,42.22125],[2.69175,42.22132],[2.69208,42.22025],[2.69175,42.21992],[2.69279,42.21749],[2.68809,42.21078],[2.68824,42.21207],[2.68565,42.21664],[2.68603,42.22021],[2.68384,42.22404],[2.68337,42.22381],[2.68269,42.2205],[2.68215,42.22104],[2.6769,42.22073],[2.67604,42.21978],[2.67385,42.22001],[2.67306,42.21942],[2.6732,42.21824],[2.66944,42.21453],[2.66924,42.21336],[2.66864,42.21286],[2.66876,42.21151],[2.66655,42.21181],[2.66478,42.21259],[2.66302,42.21494],[2.66096,42.21532],[2.65973,42.2149],[2.65989,42.21615],[2.65911,42.21724],[2.65915,42.2195],[2.6562,42.22338],[2.65594,42.22634],[2.65653,42.23003],[2.65317,42.23208],[2.64922,42.23268],[2.64835,42.23378],[2.64517,42.23502],[2.64373,42.23508],[2.64332,42.23577],[2.63766,42.23447],[2.63607,42.23304],[2.63507,42.23298],[2.6347,42.23456],[2.63385,42.23541],[2.63383,42.2366],[2.62876,42.23671],[2.62695,42.23557],[2.62399,42.23526],[2.6216,42.23399],[2.61941,42.23376],[2.619,42.23301],[2.61638,42.23115],[2.61384,42.23055],[2.61334,42.22988],[2.61217,42.22962],[2.61167,42.22806],[2.61059,42.22946],[2.60497,42.22971],[2.59992,42.23281],[2.59849,42.23305],[2.5971,42.23239],[2.59635,42.23328],[2.59628,42.2347],[2.59526,42.23544],[2.59613,42.2367],[2.59605,42.23796],[2.59693,42.23849],[2.59563,42.24025],[2.59319,42.2415],[2.59281,42.24267],[2.59121,42.24306],[2.58941,42.24283],[2.58902,42.24314],[2.58677,42.24319],[2.58615,42.24369],[2.58423,42.24342],[2.58299,42.24308],[2.58279,42.2424],[2.58137,42.24198],[2.58052,42.24093],[2.57897,42.24269],[2.57794,42.24305],[2.5761,42.24273],[2.57506,42.24305],[2.57436,42.24253],[2.57122,42.24191],[2.57053,42.24097],[2.56437,42.24164],[2.56183,42.24069],[2.56141,42.24082],[2.56106,42.24018],[2.55869,42.23939],[2.55774,42.23849],[2.55788,42.24],[2.55635,42.23978],[2.55611,42.23879],[2.55598,42.24018],[2.55556,42.23922],[2.55486,42.23893],[2.55367,42.23955],[2.55502,42.24079],[2.55445,42.24337],[2.55234,42.24465],[2.55077,42.24455],[2.55017,42.24543],[2.54817,42.24633],[2.54712,42.24625],[2.54593,42.2472],[2.54626,42.24772],[2.54588,42.24817],[2.54349,42.24907],[2.54419,42.25016],[2.54398,42.25122],[2.54026,42.25263],[2.53831,42.25422],[2.53714,42.25443],[2.53628,42.25403],[2.53379,42.25514],[2.53206,42.25467],[2.53315,42.25553],[2.53276,42.25713],[2.5341,42.25603],[2.53647,42.25591],[2.53717,42.25864],[2.53525,42.25968],[2.53267,42.26223],[2.53239,42.26305],[2.53022,42.26352],[2.53049,42.26389],[2.5336,42.2646],[2.53377,42.26714],[2.5333,42.26902],[2.53125,42.26955],[2.52948,42.26901],[2.5282,42.27021],[2.52808,42.27091],[2.52929,42.27134],[2.53062,42.27248],[2.53461,42.27375],[2.53845,42.27632],[2.53833,42.27666],[2.5359,42.27556],[2.53409,42.27527],[2.53692,42.27714],[2.53714,42.27841],[2.53905,42.27911],[2.53658,42.27904],[2.53574,42.27798],[2.53486,42.27776],[2.53353,42.27934],[2.53078,42.27883],[2.5278,42.28095],[2.52622,42.28041],[2.5251,42.28053],[2.52306,42.27967],[2.51985,42.28093],[2.51842,42.28213],[2.51787,42.2837],[2.51644,42.2846],[2.514,42.28384],[2.51399,42.28495],[2.51175,42.28662],[2.51038,42.28647],[2.50901,42.28557],[2.50785,42.2829],[2.50652,42.28395],[2.50654,42.28467],[2.50578,42.28563],[2.5033,42.28571],[2.5012,42.28487],[2.49894,42.28576],[2.49674,42.28793],[2.49604,42.28746],[2.49568,42.28628],[2.49487,42.28647],[2.49314,42.28616],[2.49218,42.28722],[2.4935,42.28772],[2.49289,42.28861],[2.48991,42.29028],[2.48743,42.29078],[2.48654,42.29],[2.4849,42.29072],[2.48211,42.28973],[2.48196,42.28887],[2.48116,42.28835],[2.47946,42.28922],[2.47766,42.28921],[2.47668,42.28964],[2.47635,42.28792],[2.47522,42.28676],[2.47478,42.28689],[2.47413,42.28834],[2.4726,42.28867],[2.47157,42.2884],[2.47212,42.28823],[2.47106,42.28683],[2.47111,42.28631],[2.46938,42.28589],[2.46718,42.2862],[2.46503,42.28525],[2.46193,42.28583],[2.46154,42.28604],[2.46251,42.28729],[2.46162,42.28767],[2.45965,42.28755],[2.45829,42.28674],[2.45491,42.28575],[2.4528,42.28663],[2.45335,42.2869],[2.45227,42.28679],[2.45497,42.28785],[2.45543,42.28863],[2.45516,42.28967],[2.45254,42.29211],[2.45009,42.293],[2.449,42.29244],[2.44868,42.29158],[2.44921,42.2888],[2.4486,42.28645],[2.44725,42.28538],[2.44684,42.2844],[2.44578,42.28438],[2.44439,42.28366],[2.44314,42.28335],[2.44001,42.28343],[2.43704,42.28458],[2.43464,42.28493],[2.43346,42.28586],[2.43311,42.28695],[2.43142,42.28892],[2.43005,42.29001],[2.42703,42.28843],[2.42648,42.28735],[2.42284,42.28764],[2.42049,42.28699],[2.41894,42.28698],[2.41785,42.28609],[2.41743,42.28418],[2.41399,42.28367],[2.4135,42.28435],[2.41064,42.28459],[2.41074,42.28582],[2.41146,42.28661],[2.4113,42.29006],[2.40877,42.29004],[2.40579,42.29133],[2.4041,42.29079],[2.40181,42.28905],[2.4015,42.28783],[2.39968,42.28655],[2.39928,42.28575],[2.39789,42.2856],[2.39627,42.28607],[2.39512,42.28524],[2.39305,42.28516],[2.39071,42.28455],[2.38818,42.28473],[2.38504,42.28552],[2.38595,42.28584],[2.38571,42.28602],[2.38277,42.28608],[2.37426,42.28365],[2.37308,42.28239],[2.37282,42.28039],[2.37325,42.27741],[2.37445,42.2771],[2.37417,42.27638],[2.37218,42.2756],[2.3707,42.2744],[2.36971,42.2732],[2.36969,42.27158],[2.36858,42.27188],[2.36805,42.28343],[2.36645,42.28642],[2.36391,42.28798],[2.36012,42.29293],[2.35821,42.29754],[2.35757,42.30092],[2.3587,42.30254],[2.35945,42.30488],[2.36406,42.31065],[2.36573,42.31037],[2.36792,42.31165],[2.36835,42.31357],[2.37041,42.31317],[2.37345,42.31362],[2.38198,42.32021],[2.38344,42.32342],[2.38581,42.32378],[2.38763,42.32334],[2.3899,42.32498],[2.39599,42.32622],[2.39746,42.32696],[2.3974,42.32848],[2.39849,42.33221],[2.39827,42.33334],[2.39899,42.33389],[2.40091,42.33362],[2.40116,42.33419],[2.39639,42.33942],[2.39701,42.33952],[2.39945,42.33809],[2.39982,42.33932],[2.40196,42.34018],[2.40196,42.34119],[2.4011,42.34281],[2.40394,42.34106],[2.40579,42.3422],[2.40615,42.34304],[2.40709,42.34338],[2.40617,42.34803],[2.40752,42.3504],[2.40611,42.35175],[2.40562,42.35304],[2.40616,42.35635],[2.40569,42.35686],[2.40339,42.35735],[2.4058,42.35874],[2.40448,42.35998],[2.40456,42.36151],[2.40373,42.36365],[2.40405,42.36518],[2.40227,42.36617],[2.40197,42.36719],[2.40021,42.36727],[2.40023,42.36851],[2.40086,42.36905],[2.40029,42.36989],[2.40067,42.37107],[2.39979,42.37196],[2.39697,42.37743],[2.3953,42.37917],[2.39038,42.38194],[2.38471,42.38124],[2.38065,42.38018],[2.37686,42.38139],[2.37269,42.38192],[2.3717,42.38255],[2.36878,42.38244],[2.36683,42.38197],[2.36349,42.3825],[2.36122,42.38401],[2.36502,42.38315],[2.36712,42.38486],[2.36833,42.3848],[2.36706,42.3853],[2.36454,42.38484],[2.36439,42.38509],[2.36855,42.38622],[2.3722,42.38783],[2.36743,42.3884],[2.36523,42.38949],[2.36204,42.38969],[2.35994,42.39045],[2.35602,42.39118],[2.35417,42.39214],[2.35404,42.39189],[2.3563,42.39058],[2.35631,42.3902],[2.35444,42.38996],[2.35201,42.39064],[2.34924,42.38962],[2.34891,42.38904],[2.34971,42.38758],[2.34923,42.38679],[2.34931,42.38761],[2.348,42.38888],[2.34784,42.38958],[2.34883,42.39164],[2.34681,42.39273],[2.34566,42.39387],[2.34479,42.39708],[2.34423,42.39765],[2.34118,42.39944],[2.34174,42.40034],[2.3411,42.40204],[2.33924,42.40424],[2.33861,42.404],[2.33767,42.40438],[2.3373,42.402],[2.33525,42.4019],[2.33425,42.40085],[2.33523,42.39539],[2.33482,42.39513],[2.33298,42.39542],[2.33196,42.39519],[2.33217,42.39271],[2.33173,42.39205],[2.33018,42.39161],[2.32951,42.39047],[2.32854,42.39022],[2.32599,42.39058],[2.32476,42.3902],[2.32403,42.38919],[2.32281,42.38856],[2.32277,42.38646],[2.32128,42.38495],[2.31879,42.38536],[2.31695,42.38609],[2.3159,42.38693],[2.31603,42.38863],[2.31512,42.39046],[2.31362,42.39055],[2.31124,42.39232],[2.30815,42.3931],[2.3077,42.39358],[2.30775,42.39639],[2.31087,42.39742],[2.3117,42.39818],[2.31496,42.39862],[2.31614,42.40035],[2.31602,42.40099],[2.31404,42.3999],[2.3105,42.40077],[2.30806,42.39961],[2.30483,42.39995],[2.30416,42.40047],[2.3044,42.4011],[2.30335,42.40121],[2.30282,42.39932],[2.30196,42.3986],[2.30086,42.39853],[2.30017,42.39649],[2.29922,42.39644],[2.29868,42.39588],[2.29887,42.39262],[2.29836,42.39234],[2.29602,42.39267],[2.29275,42.39432],[2.28969,42.39455],[2.29326,42.39339],[2.2943,42.39196],[2.29746,42.3904],[2.30225,42.3871],[2.30335,42.38557],[2.30382,42.38384],[2.3033,42.3817],[2.30175,42.37965],[2.30257,42.37528],[2.29385,42.3645],[2.29258,42.36106],[2.29362,42.35804],[2.29231,42.35645],[2.2918,42.3529],[2.29286,42.35131],[2.2929,42.34986],[2.29773,42.34466],[2.29829,42.34222],[2.29672,42.34135],[2.29231,42.3399],[2.28868,42.33719],[2.28848,42.33745],[2.28972,42.33856],[2.28963,42.33932],[2.2917,42.34059],[2.29158,42.34143],[2.29261,42.34142],[2.29438,42.34246],[2.29244,42.34181],[2.29194,42.34208],[2.29088,42.34191],[2.29073,42.34094],[2.28757,42.34041],[2.287,42.3395],[2.28578,42.33877],[2.28358,42.33861],[2.28233,42.33936],[2.28154,42.33922],[2.27919,42.33989],[2.28131,42.33983],[2.28265,42.34022],[2.28403,42.33969],[2.28619,42.34176],[2.28749,42.34221],[2.28828,42.34337],[2.28974,42.34416],[2.28768,42.34377],[2.28875,42.34478],[2.28854,42.34501],[2.28632,42.34416],[2.28555,42.34336],[2.28396,42.34263],[2.28001,42.34424],[2.28273,42.34418],[2.28364,42.34511],[2.28068,42.34927],[2.28036,42.3492],[2.28076,42.34766],[2.27939,42.34815],[2.27724,42.34829],[2.27905,42.34908],[2.27714,42.35402],[2.2768,42.35397],[2.27693,42.35152],[2.27584,42.35057],[2.27153,42.34945],[2.274,42.35094],[2.2742,42.35162],[2.27285,42.354],[2.27042,42.35525],[2.27017,42.35505],[2.27167,42.35307],[2.27173,42.35205],[2.26936,42.35179],[2.2653,42.35014],[2.25876,42.3502],[2.25456,42.35138],[2.25226,42.35122],[2.25167,42.35188],[2.25128,42.35394],[2.25018,42.35511],[2.24569,42.35495],[2.24471,42.35433],[2.24421,42.35453],[2.2431,42.35592],[2.2438,42.3577],[2.24322,42.3595],[2.2427,42.3605],[2.24053,42.36211],[2.24063,42.35912],[2.24002,42.35827],[2.23827,42.3576],[2.23789,42.35606],[2.2359,42.35391],[2.23288,42.35543],[2.23121,42.35526],[2.23144,42.3545],[2.23098,42.35278],[2.23207,42.35025],[2.23079,42.34934],[2.23279,42.34662],[2.23439,42.34521],[2.23493,42.34353],[2.23173,42.34114],[2.22968,42.34113],[2.22947,42.34019],[2.22741,42.33987],[2.23013,42.33697],[2.23094,42.33697],[2.23187,42.33631],[2.23465,42.33614],[2.23818,42.333],[2.24141,42.33213],[2.24374,42.33191],[2.24178,42.33129],[2.23929,42.33112],[2.23645,42.32879],[2.235,42.32886],[2.23455,42.32515],[2.23091,42.32532],[2.22867,42.32493],[2.2265,42.32521],[2.22524,42.32595],[2.22462,42.32685],[2.22124,42.32652],[2.22051,42.32678],[2.21992,42.32783],[2.22009,42.32637],[2.22109,42.32526],[2.2219,42.32507],[2.22197,42.32459],[2.21977,42.3253],[2.21736,42.32738],[2.21726,42.32615],[2.21207,42.32542],[2.20905,42.32674],[2.20648,42.3251],[2.20464,42.32564],[2.20409,42.32523],[2.20262,42.3251],[2.20002,42.32657],[2.19757,42.3262],[2.19486,42.32645],[2.19363,42.32592],[2.19069,42.32551],[2.18739,42.32601],[2.18527,42.32584],[2.18237,42.32512],[2.18191,42.32562],[2.18142,42.32857],[2.18103,42.32874],[2.18063,42.32811],[2.18039,42.32311],[2.17928,42.32674],[2.17761,42.32862],[2.17713,42.32996],[2.17875,42.33339],[2.18028,42.33434],[2.17902,42.33432],[2.17684,42.33274],[2.175,42.32961],[2.17528,42.32587],[2.17428,42.3234],[2.17535,42.31741],[2.17611,42.31708],[2.17845,42.31713],[2.1802,42.31826],[2.18158,42.31855],[2.18316,42.31794],[2.18299,42.31753],[2.18352,42.31715],[2.18534,42.31699],[2.18638,42.31624],[2.18823,42.3159],[2.18895,42.31611],[2.18945,42.31571],[2.19027,42.31593],[2.19231,42.31488],[2.19324,42.31485],[2.19089,42.31459],[2.18966,42.31511],[2.18714,42.31525],[2.18501,42.31409],[2.18452,42.31274],[2.1834,42.31185],[2.18139,42.31199],[2.17938,42.31292],[2.17656,42.3131],[2.17475,42.312],[2.17342,42.31019],[2.17068,42.30868],[2.17072,42.30724],[2.17024,42.30751],[2.17002,42.31099],[2.16836,42.31335],[2.16745,42.31609],[2.16768,42.31858],[2.16941,42.32056],[2.169,42.32221],[2.16986,42.32668],[2.16939,42.33077],[2.17102,42.33253],[2.1708,42.33376],[2.17158,42.33479],[2.17141,42.33839],[2.17028,42.33957],[2.16814,42.34019],[2.16682,42.34157],[2.16679,42.34048],[2.16558,42.34077],[2.16585,42.34217],[2.16506,42.3412],[2.16497,42.34222],[2.16442,42.34268],[2.16364,42.33926],[2.16541,42.33884],[2.166,42.33736],[2.16569,42.33681],[2.16436,42.33775],[2.16322,42.33767],[2.16288,42.33722],[2.16135,42.33827],[2.16132,42.33689],[2.16051,42.3359],[2.15871,42.3385],[2.15857,42.34026],[2.15793,42.34058],[2.15427,42.34068],[2.15526,42.34016],[2.15632,42.33867],[2.15738,42.33633],[2.15729,42.33507],[2.15883,42.33317],[2.15688,42.33059],[2.1569,42.32821],[2.15527,42.3275],[2.15439,42.32665],[2.14897,42.32726],[2.1488,42.32514],[2.14657,42.32359],[2.14318,42.32487],[2.13809,42.3248],[2.13689,42.32596],[2.12993,42.32946],[2.12787,42.32878],[2.12643,42.32896],[2.12147,42.33103],[2.11809,42.33313],[2.11725,42.33189],[2.11583,42.33106],[2.11107,42.3304],[2.10965,42.33065],[2.10906,42.32986],[2.10751,42.32909],[2.1057,42.32944],[2.1046,42.33012],[2.10648,42.32797],[2.10765,42.32775],[2.10991,42.32856],[2.11125,42.32777],[2.11284,42.32803],[2.11395,42.3276],[2.11531,42.32821],[2.11555,42.32692],[2.1162,42.32673],[2.11532,42.32636],[2.11472,42.3273],[2.1137,42.32639],[2.1127,42.32657],[2.11177,42.32516],[2.11077,42.3258],[2.10884,42.32397],[2.10676,42.32325],[2.10481,42.32309],[2.10386,42.322],[2.10505,42.32254],[2.1059,42.32234],[2.10764,42.32047],[2.10658,42.31985],[2.10598,42.32103],[2.10386,42.31961],[2.1044,42.31834],[2.10329,42.31811],[2.10261,42.31826],[2.10156,42.3195],[2.10021,42.32024],[2.09979,42.32205],[2.09917,42.32192],[2.09824,42.32078],[2.0981,42.31927],[2.09621,42.31939],[2.09585,42.32057],[2.09291,42.32133],[2.09309,42.3226],[2.09135,42.32209],[2.09022,42.3222],[2.0894,42.32173],[2.08764,42.32238],[2.08673,42.32233],[2.08602,42.32312],[2.08474,42.32363],[2.08359,42.32297],[2.0819,42.32372],[2.07791,42.32349],[2.07417,42.32269],[2.071,42.32144],[2.06937,42.32169],[2.06856,42.32331],[2.06724,42.3238],[2.06307,42.32492],[2.05946,42.32506],[2.05614,42.32633],[2.05526,42.32623],[2.0542,42.32553],[2.05275,42.3256],[2.04993,42.32468],[2.04837,42.32331],[2.04581,42.32247],[2.03682,42.32216],[2.0349,42.32444],[2.03463,42.32411],[2.03548,42.32323],[2.03514,42.32261],[2.03094,42.3234],[2.02787,42.32353],[2.02453,42.3228],[2.02263,42.32166],[2.02172,42.32195],[2.021,42.32154],[2.01921,42.32162],[2.01843,42.32116],[2.01552,42.32109],[2.01432,42.32081],[2.01402,42.32024],[2.00986,42.31959],[2.00676,42.31999],[2.00529,42.31975],[2.00438,42.32065],[2.0051,42.32352],[2.00393,42.32462],[2.00311,42.32643],[2.00073,42.32835],[1.99994,42.33129],[1.99815,42.33246],[1.99673,42.33232],[1.99721,42.33026],[1.99606,42.32861],[1.9913,42.32888],[1.98594,42.33119],[1.98181,42.33155],[1.98023,42.33123],[1.97857,42.33226],[1.97594,42.33098],[1.97342,42.33075],[1.97091,42.33001],[1.96443,42.33107],[1.96218,42.33033],[1.95846,42.32608],[1.95547,42.32527],[1.95295,42.32791],[1.95158,42.32871],[1.94974,42.32897],[1.9485,42.33034],[1.94577,42.3316],[1.94559,42.33228],[1.94622,42.33348],[1.94516,42.33497],[1.94553,42.33594],[1.94723,42.33727],[1.94686,42.3385],[1.94583,42.33955],[1.94386,42.33988],[1.9418,42.33759],[1.93814,42.33565],[1.93639,42.33673],[1.93553,42.33664],[1.9343,42.33553],[1.93263,42.33674],[1.93244,42.33778],[1.93156,42.33826],[1.93018,42.33709],[1.92918,42.33738],[1.92898,42.33999],[1.93,42.34206],[1.92954,42.34352],[1.92812,42.34474],[1.92296,42.34675],[1.92409,42.34685],[1.92307,42.34763],[1.92159,42.34723],[1.92142,42.34771],[1.92063,42.34795],[1.92038,42.34937],[1.92101,42.35007],[1.92088,42.35055],[1.91849,42.35172],[1.91485,42.34966],[1.91406,42.35074],[1.91197,42.35184],[1.91124,42.35406],[1.9099,42.35531],[1.90849,42.35575],[1.90704,42.35567],[1.90922,42.35726],[1.91071,42.35711],[1.91024,42.35767],[1.90528,42.35864],[1.90384,42.3576],[1.90214,42.35864],[1.89947,42.3592],[1.89828,42.36023],[1.89721,42.36001],[1.89777,42.36114],[1.8966,42.36265],[1.89359,42.36187],[1.8938,42.36302],[1.89293,42.3642],[1.89207,42.36454],[1.8914,42.36546],[1.88933,42.36614],[1.88919,42.36767],[1.88543,42.36593],[1.88537,42.36471],[1.88676,42.36381],[1.88605,42.36274],[1.8852,42.36344],[1.88314,42.36372],[1.88186,42.36322],[1.88152,42.36208],[1.87952,42.36172],[1.88038,42.36223],[1.87921,42.3623],[1.87795,42.36179],[1.87801,42.36338],[1.87753,42.36345],[1.87638,42.36187],[1.8738,42.3612],[1.87204,42.36024],[1.86811,42.36159],[1.864,42.36069],[1.86029,42.3609],[1.85704,42.36011],[1.85524,42.35917],[1.85379,42.35997],[1.85163,42.36261],[1.85052,42.36865],[1.84585,42.36829],[1.83941,42.36426],[1.83558,42.36445],[1.83459,42.36491],[1.83372,42.36617],[1.8312,42.36655],[1.8187,42.36288],[1.81564,42.36265],[1.81191,42.36327],[1.80647,42.36284],[1.80331,42.36348],[1.80149,42.36536],[1.8004,42.36908],[1.79901,42.3701],[1.79234,42.37193],[1.78814,42.3735],[1.78494,42.37393],[1.78268,42.37498],[1.77838,42.37493],[1.77605,42.37417],[1.77736,42.37506],[1.77671,42.37527],[1.77713,42.37595],[1.77766,42.37598],[1.77637,42.37925],[1.77786,42.37828],[1.7777,42.37922],[1.77901,42.38005],[1.78139,42.37872],[1.7831,42.37966],[1.78104,42.37995],[1.78345,42.38141],[1.78457,42.38319],[1.78587,42.3832],[1.78532,42.38335],[1.78494,42.38432],[1.78582,42.38514],[1.78244,42.38572],[1.78082,42.38676],[1.77847,42.38688],[1.77936,42.38711],[1.77877,42.38752],[1.78202,42.38755],[1.77992,42.38887],[1.78322,42.3888],[1.78091,42.39017],[1.77905,42.3919],[1.77821,42.39337],[1.77774,42.3963],[1.77513,42.39993],[1.77225,42.40192],[1.77117,42.40342],[1.76953,42.40203],[1.76907,42.40091],[1.76823,42.40065],[1.7671,42.40098],[1.76805,42.403],[1.76511,42.40197],[1.76424,42.4021],[1.76545,42.40265],[1.76433,42.40303],[1.76256,42.40259],[1.76174,42.40297],[1.75805,42.403],[1.75447,42.40414],[1.75361,42.40329],[1.75314,42.40329],[1.75393,42.40243],[1.75302,42.40154],[1.75155,42.40155],[1.74491,42.39964],[1.7434,42.40009],[1.74244,42.40091],[1.74124,42.40223],[1.74085,42.40358],[1.74061,42.40308],[1.7395,42.40368],[1.73929,42.40453],[1.73498,42.40309],[1.73238,42.40317],[1.72993,42.40378],[1.72955,42.40477],[1.72761,42.40634],[1.72629,42.4061],[1.72578,42.4051],[1.72251,42.40345],[1.72122,42.40337],[1.71963,42.40423],[1.71925,42.40581],[1.71603,42.40763],[1.71535,42.41024],[1.71465,42.40952],[1.71463,42.40882],[1.71366,42.40969],[1.71418,42.41084],[1.71284,42.4114],[1.71282,42.41103],[1.71142,42.41177],[1.70983,42.41416],[1.70659,42.41275],[1.70546,42.41124],[1.70269,42.41843],[1.70302,42.42037],[1.70248,42.4219],[1.70215,42.41993],[1.69942,42.41848],[1.69826,42.41054],[1.69778,42.40911],[1.69695,42.4098],[1.6955,42.40494],[1.69366,42.40549],[1.69119,42.40547],[1.68917,42.40706],[1.68824,42.40918],[1.6876,42.40958],[1.68662,42.40937],[1.68676,42.40801],[1.68576,42.40789],[1.6864,42.4058],[1.68495,42.40533],[1.68586,42.40373],[1.6853,42.40182],[1.68546,42.39947],[1.6873,42.3968],[1.68764,42.39494],[1.68978,42.39305],[1.68947,42.39237],[1.6874,42.39136],[1.68774,42.38896],[1.68639,42.38771],[1.68561,42.38624],[1.68612,42.38523],[1.68784,42.38449],[1.68507,42.3848],[1.68339,42.38592],[1.67942,42.38541],[1.67678,42.38611],[1.67808,42.38896],[1.68068,42.39033],[1.68046,42.39128],[1.67908,42.39124],[1.677,42.39192],[1.67581,42.39168],[1.67493,42.39236],[1.67444,42.394],[1.67504,42.39506],[1.67492,42.39679],[1.67187,42.39676],[1.67123,42.39705],[1.67016,42.39819],[1.67004,42.39902],[1.67065,42.39968],[1.66884,42.4018],[1.66904,42.40297],[1.6674,42.40368],[1.66804,42.40555],[1.668,42.40762],[1.66691,42.40807],[1.66577,42.40987],[1.66595,42.41047],[1.66346,42.41093],[1.66249,42.40992],[1.66253,42.40829],[1.66394,42.40652],[1.66214,42.40716],[1.66406,42.40564],[1.66517,42.40538],[1.66397,42.40534],[1.66186,42.40627],[1.66492,42.40396],[1.66591,42.40439],[1.66489,42.40281],[1.66483,42.40164],[1.66568,42.40065],[1.66692,42.39585],[1.66569,42.39551],[1.66833,42.39339],[1.66847,42.39188],[1.66786,42.39106],[1.6683,42.38943],[1.66918,42.3886],[1.66878,42.38466],[1.66627,42.38413],[1.66527,42.38213],[1.66562,42.38132],[1.66501,42.38065],[1.6668,42.3802],[1.66796,42.37915],[1.66808,42.3789],[1.66726,42.37862],[1.66872,42.37754],[1.66966,42.37526],[1.67154,42.37356],[1.67334,42.37295],[1.67375,42.37544],[1.67249,42.37719],[1.67333,42.37736],[1.67324,42.37782],[1.67412,42.37854],[1.67426,42.38049],[1.67515,42.38157],[1.67672,42.37884],[1.67874,42.3781],[1.67966,42.37699],[1.67952,42.37577],[1.68017,42.37397],[1.68198,42.37371],[1.68265,42.37294],[1.68269,42.3717],[1.68444,42.3709],[1.68419,42.36945],[1.68564,42.36661],[1.68376,42.36844],[1.68329,42.37025],[1.68306,42.36933],[1.68521,42.36454],[1.68518,42.36305],[1.68617,42.36291],[1.6881,42.3615],[1.68986,42.36133],[1.68994,42.36075],[1.68734,42.36037],[1.68482,42.35949],[1.68325,42.35977],[1.68219,42.36116],[1.68122,42.3642],[1.67889,42.36593],[1.67747,42.36631],[1.67564,42.36596],[1.6702,42.36307],[1.6674,42.36224],[1.66612,42.36258],[1.66407,42.3641],[1.66065,42.3648],[1.65899,42.36635],[1.65767,42.36689],[1.65636,42.36688],[1.65512,42.36631],[1.65402,42.36411],[1.65064,42.36437],[1.64739,42.36678],[1.64674,42.36943],[1.64519,42.37165],[1.64353,42.37265],[1.63973,42.37357],[1.63998,42.37412],[1.6396,42.37405],[1.63902,42.37514],[1.64046,42.37776],[1.63979,42.37752],[1.64001,42.37804],[1.63801,42.37713],[1.63863,42.3778],[1.6354,42.37741],[1.63931,42.38008],[1.63829,42.37971],[1.63678,42.37981],[1.63517,42.37917],[1.63348,42.38015],[1.63242,42.38166],[1.63144,42.38142],[1.62975,42.38219],[1.62889,42.38431],[1.62765,42.38236],[1.62766,42.3808],[1.62563,42.38007],[1.6252,42.37836],[1.62456,42.37799],[1.62262,42.37866],[1.62239,42.38014],[1.62133,42.38162],[1.61852,42.38309],[1.61545,42.38396],[1.61529,42.38345],[1.61674,42.38178],[1.61712,42.37998],[1.61552,42.37807],[1.61596,42.37656],[1.61726,42.3753],[1.6167,42.37478],[1.61426,42.37488],[1.61246,42.37434],[1.61116,42.37497],[1.6104,42.37602],[1.61119,42.3778],[1.61118,42.37957],[1.60995,42.38158],[1.60909,42.38023],[1.60896,42.37853],[1.60771,42.37796],[1.60726,42.3765],[1.60632,42.37663],[1.60678,42.37452],[1.60631,42.37444],[1.60504,42.37519],[1.60634,42.37388],[1.60421,42.37492],[1.60376,42.3739],[1.60286,42.37395],[1.60218,42.37326],[1.6012,42.37322],[1.59991,42.37189],[1.59871,42.3714],[1.59796,42.37165],[1.59746,42.36992],[1.59483,42.36982],[1.59011,42.37047],[1.58792,42.36945],[1.58728,42.36855],[1.58611,42.36802],[1.58715,42.36987],[1.58873,42.37098],[1.58731,42.37065],[1.58653,42.3716],[1.58676,42.37338],[1.58577,42.37555],[1.5862,42.37552],[1.58828,42.37294],[1.58748,42.37641],[1.58549,42.37693],[1.58408,42.37882],[1.58401,42.3798],[1.58475,42.38035],[1.58452,42.38155],[1.58296,42.38435],[1.58402,42.38718],[1.58227,42.38622],[1.58022,42.38775],[1.57996,42.38703],[1.57977,42.38809],[1.58124,42.38825],[1.58144,42.38778],[1.58121,42.38857],[1.5804,42.38838],[1.57877,42.3888],[1.57754,42.38474],[1.5768,42.38403],[1.57559,42.38365],[1.57167,42.38476],[1.57478,42.38432],[1.57607,42.38493],[1.57625,42.38558],[1.57523,42.38476],[1.57353,42.38505],[1.57229,42.38573],[1.57116,42.38743],[1.56947,42.38806],[1.56889,42.388],[1.56833,42.38683],[1.56757,42.38759],[1.56447,42.38879],[1.56409,42.38931],[1.56193,42.38972],[1.55868,42.38913],[1.55598,42.38728],[1.5556,42.38754],[1.55538,42.3895],[1.55621,42.39115],[1.55459,42.39099],[1.55352,42.39036],[1.55247,42.39032],[1.55191,42.3911],[1.55027,42.39005],[1.54817,42.39031],[1.54571,42.39193],[1.54553,42.39262],[1.54544,42.39469],[1.54606,42.39587],[1.54538,42.39826],[1.54626,42.39895],[1.54605,42.40091],[1.54519,42.40159],[1.54548,42.40114],[1.5451,42.40027],[1.54305,42.40165],[1.54251,42.40375],[1.54091,42.40134],[1.54107,42.39986],[1.54011,42.39792],[1.53857,42.39708],[1.53896,42.3966],[1.53784,42.39375],[1.53786,42.39241],[1.53719,42.39205],[1.53716,42.39117],[1.53601,42.39093],[1.53609,42.38974],[1.53703,42.38815],[1.53707,42.38506],[1.53609,42.38397],[1.53547,42.38219],[1.53417,42.38041],[1.53304,42.38069],[1.5324,42.3799],[1.53009,42.38045],[1.52774,42.38043],[1.52679,42.38314],[1.52673,42.38665],[1.52582,42.38621],[1.52414,42.38731],[1.5226,42.38751],[1.52479,42.38776],[1.52646,42.38846],[1.52248,42.38866],[1.52028,42.39347],[1.52044,42.39547],[1.51948,42.39757],[1.51938,42.3957],[1.51782,42.39475],[1.5157,42.39677],[1.513,42.39843],[1.51081,42.39521],[1.51063,42.3958],[1.50991,42.39521],[1.5086,42.39494],[1.50925,42.39547],[1.50806,42.39539],[1.50762,42.39616],[1.50878,42.39611],[1.50997,42.39801],[1.50852,42.39728],[1.50799,42.39835],[1.50929,42.39872],[1.50943,42.39966],[1.50801,42.40155],[1.50789,42.40254],[1.50672,42.40342],[1.50722,42.40618],[1.50457,42.40505],[1.50197,42.40332],[1.5018,42.40431],[1.5032,42.40754],[1.50308,42.40882],[1.50218,42.40886],[1.50155,42.40997],[1.49993,42.40908],[1.49895,42.40918],[1.49728,42.4108],[1.49954,42.41006],[1.50174,42.41098],[1.50671,42.40912],[1.50822,42.4098],[1.51083,42.40856],[1.51232,42.40883],[1.51395,42.40994],[1.51574,42.41205],[1.52044,42.41242],[1.52233,42.41174],[1.52021,42.41336],[1.51627,42.41529],[1.51561,42.41614],[1.51542,42.41755],[1.51725,42.42163],[1.51685,42.42419],[1.51883,42.42363],[1.52066,42.42407],[1.52263,42.42401],[1.52256,42.42582],[1.52367,42.42642],[1.5215,42.42632],[1.52182,42.42688],[1.52119,42.42756],[1.5206,42.42648],[1.5199,42.42753],[1.51899,42.42694],[1.51716,42.42735],[1.51638,42.42781],[1.51682,42.42809],[1.51557,42.42834],[1.51164,42.42817],[1.50974,42.42734],[1.50931,42.42635],[1.50734,42.42718],[1.50661,42.42526],[1.50407,42.42441],[1.50285,42.42452],[1.50246,42.42413],[1.50244,42.4249],[1.50431,42.42519],[1.50502,42.42593],[1.502,42.42615],[1.50008,42.42422],[1.49927,42.42491],[1.49954,42.42571],[1.4985,42.42512],[1.49912,42.42346],[1.49878,42.42315],[1.49682,42.42218],[1.49653,42.42265],[1.49711,42.42302],[1.49468,42.42201],[1.48803,42.42119],[1.48641,42.41999],[1.48586,42.41839],[1.4848,42.41816],[1.48329,42.41703],[1.48198,42.41766],[1.47936,42.41783],[1.47781,42.41884],[1.4755,42.41912],[1.47678,42.41974],[1.48041,42.41982],[1.48174,42.42016],[1.47693,42.42124],[1.47336,42.42261],[1.47885,42.42222],[1.48004,42.42246],[1.4787,42.42245],[1.4721,42.42465],[1.47011,42.42461],[1.47228,42.42537],[1.47798,42.42535],[1.4781,42.42635],[1.48046,42.42591],[1.4821,42.42652],[1.48158,42.42894],[1.48202,42.42924],[1.48128,42.42917],[1.48063,42.42853],[1.48036,42.42901],[1.48105,42.43027],[1.4817,42.43046],[1.48061,42.43109],[1.47936,42.43119],[1.47708,42.4299],[1.47701,42.43076],[1.47604,42.43148],[1.47648,42.43247],[1.47382,42.43186],[1.47369,42.43125],[1.47316,42.43218],[1.4744,42.43319],[1.4718,42.43222],[1.47246,42.43323],[1.4706,42.4323],[1.47047,42.4319],[1.47036,42.4328],[1.46995,42.43282],[1.46955,42.43141],[1.46896,42.43133],[1.46905,42.43173],[1.46851,42.43183],[1.46793,42.43053],[1.46705,42.43014],[1.46636,42.42917],[1.46304,42.42703],[1.46261,42.42637],[1.46215,42.42649],[1.46642,42.42936],[1.46641,42.43163],[1.47263,42.43522]]}},{"type":"Feature","properties":{"name":"TET_E-18-CAT Link N_20241226","country":"ES","lengthKm":250.4},"geometry":{"type":"LineString","coordinates":[[2.08887,41.40817],[2.08633,41.40881],[2.08555,41.40766],[2.08423,41.40779],[2.08256,41.40721],[2.08231,41.40781],[2.08313,41.40873],[2.08199,41.40949],[2.08235,41.41017],[2.08169,41.41086],[2.08065,41.411],[2.08112,41.41307],[2.07976,41.41409],[2.07817,41.41428],[2.0776,41.41491],[2.07666,41.41508],[2.07609,41.41638],[2.07433,41.4175],[2.07296,41.41781],[2.0716,41.41927],[2.07057,41.41964],[2.06802,41.41846],[2.06731,41.41774],[2.06547,41.41777],[2.06465,41.41699],[2.06287,41.41728],[2.062,41.41675],[2.06067,41.41669],[2.05999,41.41587],[2.05931,41.41583],[2.05942,41.41686],[2.06075,41.41806],[2.06158,41.41964],[2.06104,41.42136],[2.06213,41.4255],[2.06137,41.42862],[2.05944,41.42818],[2.05845,41.42842],[2.05397,41.43112],[2.05332,41.4305],[2.0515,41.43013],[2.05053,41.42928],[2.04966,41.42948],[2.04812,41.42871],[2.04665,41.42684],[2.04618,41.42691],[2.04628,41.42787],[2.04564,41.4279],[2.04477,41.42866],[2.04347,41.42803],[2.04299,41.42872],[2.04143,41.42737],[2.04004,41.42753],[2.03804,41.42636],[2.03573,41.42607],[2.03231,41.42412],[2.03158,41.4228],[2.03043,41.42186],[2.02945,41.42158],[2.02836,41.42199],[2.02612,41.4208],[2.02402,41.41895],[2.02406,41.4182],[2.02329,41.41692],[2.02152,41.41578],[2.01792,41.41466],[2.01078,41.41416],[2.01367,41.40959],[2.01369,41.40912],[2.01307,41.40873],[2.0022,41.40532],[1.99325,41.4034],[1.98508,41.39972],[1.98264,41.40205],[1.97588,41.40366],[1.97503,41.40489],[1.97405,41.40856],[1.97288,41.40929],[1.97263,41.41015],[1.97125,41.41147],[1.96694,41.41337],[1.96386,41.41414],[1.96134,41.41413],[1.96007,41.41457],[1.95738,41.41407],[1.95384,41.41461],[1.95286,41.41531],[1.95188,41.41513],[1.95107,41.41539],[1.9484,41.41455],[1.94694,41.41446],[1.94396,41.41624],[1.9404,41.41774],[1.93782,41.4175],[1.93661,41.41692],[1.93559,41.41557],[1.93479,41.41535],[1.93347,41.41566],[1.93257,41.41663],[1.93274,41.41785],[1.9296,41.4177],[1.92873,41.41707],[1.92614,41.4167],[1.92524,41.41718],[1.92483,41.41811],[1.92249,41.41739],[1.92131,41.41769],[1.92052,41.4169],[1.91906,41.41646],[1.91749,41.41408],[1.91609,41.41375],[1.91359,41.41385],[1.91313,41.41461],[1.91219,41.41452],[1.91191,41.41518],[1.91045,41.41542],[1.91018,41.41607],[1.90878,41.41609],[1.90709,41.41555],[1.90422,41.41732],[1.90433,41.4188],[1.89964,41.41791],[1.89876,41.41683],[1.89823,41.41676],[1.89748,41.41793],[1.89927,41.41885],[1.89893,41.42118],[1.89501,41.42237],[1.89469,41.42373],[1.89743,41.42423],[1.89954,41.42408],[1.90072,41.42533],[1.90201,41.42585],[1.90123,41.42733],[1.9033,41.42984],[1.90339,41.43055],[1.90647,41.4324],[1.90825,41.43409],[1.90205,41.43392],[1.90022,41.43503],[1.89753,41.43435],[1.8973,41.43611],[1.89614,41.4368],[1.89581,41.43775],[1.89428,41.43899],[1.89205,41.4393],[1.89175,41.43818],[1.88965,41.43629],[1.88789,41.43583],[1.88617,41.43731],[1.8855,41.4387],[1.88093,41.44126],[1.88036,41.44123],[1.88026,41.44041],[1.87962,41.44033],[1.87771,41.4417],[1.87636,41.44174],[1.87519,41.44277],[1.87218,41.44179],[1.87258,41.44258],[1.87381,41.44336],[1.87366,41.44369],[1.87064,41.44229],[1.87047,41.44275],[1.87183,41.44388],[1.87162,41.44408],[1.86978,41.44316],[1.86845,41.44295],[1.86817,41.44255],[1.86717,41.44276],[1.86585,41.44205],[1.86717,41.44384],[1.86708,41.4444],[1.86538,41.44466],[1.86506,41.44637],[1.86417,41.44657],[1.86167,41.44656],[1.85923,41.44524],[1.85587,41.44651],[1.85471,41.44621],[1.85129,41.44351],[1.84733,41.44426],[1.8454,41.4431],[1.84386,41.4433],[1.84342,41.44454],[1.84118,41.44654],[1.8394,41.4472],[1.83784,41.4483],[1.83746,41.44953],[1.83531,41.45001],[1.83454,41.45168],[1.83476,41.45271],[1.83396,41.45373],[1.83293,41.45406],[1.83064,41.45666],[1.82929,41.45714],[1.82824,41.46004],[1.82551,41.46263],[1.82437,41.46484],[1.82051,41.46759],[1.81867,41.46955],[1.81119,41.47261],[1.81165,41.47334],[1.81382,41.47393],[1.81525,41.47476],[1.81783,41.47518],[1.81864,41.47481],[1.82071,41.47564],[1.82249,41.47538],[1.82577,41.47609],[1.82649,41.47685],[1.82522,41.47769],[1.8248,41.47995],[1.82585,41.47999],[1.82632,41.48078],[1.82768,41.48066],[1.82632,41.48326],[1.82713,41.48524],[1.82757,41.48589],[1.82856,41.48563],[1.83025,41.48995],[1.83111,41.49103],[1.83195,41.49133],[1.83221,41.49202],[1.83378,41.49276],[1.83459,41.49585],[1.83694,41.4983],[1.83408,41.49949],[1.83272,41.50047],[1.8305,41.5004],[1.82827,41.50091],[1.82806,41.50215],[1.82898,41.50342],[1.8284,41.50561],[1.82505,41.50864],[1.82527,41.50913],[1.82399,41.50846],[1.82472,41.5111],[1.82607,41.51139],[1.82565,41.51197],[1.82631,41.51287],[1.82407,41.5145],[1.8194,41.52017],[1.81916,41.52352],[1.81863,41.52483],[1.81917,41.5259],[1.81748,41.52651],[1.81646,41.52823],[1.8119,41.52961],[1.80821,41.5315],[1.8073,41.53233],[1.8045,41.53282],[1.80243,41.53425],[1.80133,41.53537],[1.8018,41.53616],[1.8009,41.5363],[1.80302,41.53701],[1.8052,41.53647],[1.8058,41.53672],[1.80421,41.53768],[1.80324,41.53754],[1.8018,41.53969],[1.79795,41.54097],[1.79617,41.54318],[1.79203,41.54481],[1.7904,41.54977],[1.78773,41.55064],[1.78456,41.55269],[1.78303,41.55551],[1.78305,41.55705],[1.78124,41.55954],[1.77539,41.56221],[1.77507,41.56269],[1.77555,41.56316],[1.77664,41.56281],[1.77709,41.56325],[1.77654,41.56378],[1.7778,41.56529],[1.78255,41.56783],[1.78075,41.57046],[1.78071,41.57136],[1.78246,41.57297],[1.78193,41.57362],[1.78225,41.57377],[1.78167,41.57383],[1.78108,41.5745],[1.7829,41.57518],[1.78474,41.57531],[1.78084,41.57823],[1.77988,41.58134],[1.77776,41.58446],[1.77584,41.58652],[1.77456,41.58732],[1.77275,41.59019],[1.7691,41.59381],[1.76831,41.5955],[1.76697,41.59658],[1.76596,41.59926],[1.76308,41.60066],[1.76013,41.60151],[1.75717,41.60066],[1.75357,41.60124],[1.75138,41.6028],[1.75004,41.60318],[1.74877,41.60492],[1.74826,41.60676],[1.74617,41.60853],[1.74569,41.60961],[1.74484,41.60972],[1.74409,41.6105],[1.74403,41.61208],[1.74656,41.61305],[1.74595,41.61501],[1.74494,41.61584],[1.74373,41.61627],[1.7425,41.61622],[1.74126,41.61678],[1.74023,41.61639],[1.73953,41.61712],[1.73737,41.61677],[1.73431,41.61732],[1.73121,41.61917],[1.72906,41.61951],[1.72633,41.62121],[1.72226,41.62116],[1.72061,41.62279],[1.71826,41.62294],[1.71755,41.62257],[1.71652,41.62297],[1.71703,41.62495],[1.71352,41.62713],[1.71301,41.62811],[1.71057,41.6283],[1.70778,41.63001],[1.70708,41.63119],[1.7044,41.63251],[1.70161,41.63269],[1.69612,41.6345],[1.69563,41.63417],[1.69381,41.63453],[1.69295,41.63359],[1.69127,41.63306],[1.69001,41.63337],[1.69022,41.63437],[1.69166,41.6357],[1.69166,41.63817],[1.6924,41.63883],[1.69204,41.64292],[1.69094,41.64448],[1.69131,41.64548],[1.68943,41.64671],[1.68863,41.64685],[1.6868,41.64834],[1.68676,41.64984],[1.68618,41.65071],[1.68274,41.6514],[1.68317,41.65248],[1.68268,41.65364],[1.68434,41.65484],[1.68555,41.65723],[1.68462,41.65923],[1.68058,41.65839],[1.67726,41.65821],[1.67289,41.65872],[1.66827,41.65844],[1.66681,41.65755],[1.66484,41.65857],[1.66302,41.66082],[1.65908,41.66326],[1.65725,41.66314],[1.65471,41.66449],[1.65063,41.6639],[1.64711,41.66498],[1.64594,41.66427],[1.64199,41.6642],[1.64099,41.66345],[1.63953,41.66353],[1.63753,41.66167],[1.63559,41.66096],[1.63332,41.66197],[1.63139,41.66224],[1.62742,41.66135],[1.62457,41.66196],[1.62309,41.66158],[1.62057,41.65978],[1.61837,41.66006],[1.61446,41.65843],[1.61189,41.6589],[1.61008,41.65831],[1.60803,41.65929],[1.60717,41.66085],[1.60555,41.66157],[1.6048,41.66122],[1.60423,41.66143],[1.60357,41.66431],[1.60217,41.66498],[1.60273,41.66578],[1.60246,41.66786],[1.60399,41.67026],[1.60402,41.67205],[1.6047,41.6734],[1.60599,41.67444],[1.60583,41.68135],[1.60534,41.6824],[1.60338,41.68333],[1.6024,41.6849],[1.6006,41.68568],[1.60042,41.68616],[1.59907,41.68682],[1.59899,41.68731],[1.59997,41.68823],[1.60033,41.68981],[1.60185,41.69083],[1.60269,41.69256],[1.60599,41.69314],[1.60624,41.69431],[1.6074,41.69544],[1.60745,41.69743],[1.60947,41.69915],[1.60942,41.69959],[1.61071,41.70103],[1.61282,41.7019],[1.61232,41.7025],[1.61237,41.70422],[1.61162,41.70463],[1.613,41.70557],[1.61457,41.70587],[1.61476,41.70665],[1.61392,41.70803],[1.61605,41.7097],[1.61745,41.70987],[1.61788,41.71212],[1.61931,41.71256],[1.61967,41.71332],[1.62162,41.71407],[1.62021,41.71562],[1.61788,41.71565],[1.61682,41.71626],[1.61598,41.71622],[1.61526,41.71546],[1.61405,41.71518],[1.61105,41.71618],[1.60877,41.71603],[1.60749,41.71633],[1.60703,41.71685],[1.59949,41.71758],[1.5974,41.71846],[1.59462,41.72024],[1.59324,41.72164],[1.59105,41.72213],[1.59013,41.72348],[1.58856,41.72362],[1.58659,41.72458],[1.58532,41.72469],[1.58401,41.72553],[1.58367,41.72833],[1.58271,41.72867],[1.58458,41.73166],[1.58434,41.73348],[1.58325,41.73382],[1.58197,41.73353],[1.58116,41.73378],[1.57734,41.73593],[1.57688,41.73568],[1.57679,41.73488],[1.57612,41.7349],[1.57587,41.73541],[1.57448,41.73536],[1.57543,41.73673],[1.57438,41.7367],[1.57354,41.73938],[1.57497,41.74208],[1.57672,41.74264],[1.57733,41.74366],[1.57573,41.74493],[1.57796,41.74561],[1.57868,41.74646],[1.57701,41.74774],[1.5746,41.74802],[1.57358,41.74985],[1.57478,41.75096],[1.57508,41.75187],[1.57296,41.75281],[1.57266,41.75339],[1.57415,41.75532],[1.57615,41.75564],[1.57936,41.75537],[1.58157,41.75622],[1.5812,41.75674],[1.57828,41.75717],[1.57656,41.759],[1.57444,41.75976],[1.57337,41.75975],[1.56748,41.76201],[1.56537,41.76203],[1.56134,41.7607],[1.5586,41.76068],[1.55591,41.75953],[1.55622,41.76028],[1.55562,41.76078],[1.55784,41.76443],[1.55878,41.76504],[1.55831,41.76596],[1.56103,41.76682],[1.56116,41.76758],[1.56253,41.76735],[1.56294,41.76778],[1.5653,41.76795],[1.56559,41.76844],[1.56793,41.76873],[1.56933,41.76852],[1.56957,41.77023],[1.57072,41.77036],[1.57374,41.77269],[1.57308,41.7741],[1.57358,41.77626],[1.57236,41.77711],[1.57327,41.77927],[1.57234,41.78015],[1.57305,41.78147],[1.57476,41.78194],[1.57374,41.78655],[1.57077,41.78743],[1.56324,41.79065],[1.56637,41.79145],[1.56582,41.79189],[1.56563,41.79306],[1.56623,41.79381],[1.56621,41.79744],[1.57173,41.80262],[1.57175,41.80442],[1.5683,41.80564],[1.56673,41.80574],[1.56327,41.8074],[1.55878,41.80758],[1.55691,41.80901],[1.5556,41.80918],[1.55354,41.81191],[1.5513,41.81259],[1.54855,41.81459],[1.54677,41.81649],[1.54695,41.81757],[1.54613,41.81888],[1.5452,41.81929],[1.54221,41.82227],[1.54115,41.82501],[1.53904,41.82692],[1.53822,41.82996],[1.53701,41.83059],[1.53665,41.83162],[1.53689,41.83192],[1.53794,41.83178],[1.53879,41.83209],[1.53893,41.83308],[1.53969,41.83384],[1.53856,41.83561],[1.53974,41.83795],[1.54245,41.83996],[1.54315,41.84265],[1.5454,41.84399],[1.54929,41.84875],[1.54876,41.85372],[1.54923,41.85504],[1.55009,41.85649],[1.55392,41.86029],[1.55612,41.86312],[1.55648,41.86474],[1.55482,41.86809],[1.5555,41.87197],[1.55755,41.87397],[1.55772,41.87547],[1.55861,41.87646],[1.56153,41.877],[1.56212,41.87744],[1.5627,41.88091],[1.56135,41.88281],[1.56214,41.88434],[1.56239,41.88623],[1.56201,41.88777],[1.56295,41.8896],[1.56488,41.89064],[1.56519,41.88944],[1.56637,41.8891],[1.56736,41.88823],[1.56891,41.88979],[1.57149,41.89115],[1.57441,41.89157],[1.57499,41.89332],[1.57682,41.89484],[1.57845,41.89726],[1.57814,41.89872],[1.57884,41.89984],[1.57829,41.90085],[1.57912,41.90356],[1.57862,41.9065],[1.57996,41.90879],[1.57862,41.91341],[1.57608,41.91799],[1.57111,41.92025],[1.5693,41.92197],[1.56792,41.92205],[1.56748,41.92274],[1.56764,41.92378],[1.56692,41.92494],[1.56623,41.92489],[1.5645,41.92329],[1.56405,41.92329],[1.56555,41.92701],[1.5665,41.92777],[1.56659,41.92874],[1.56748,41.92994],[1.57327,41.93242],[1.57472,41.93427],[1.57702,41.93492],[1.57804,41.93601],[1.58001,41.93673],[1.582,41.93822],[1.58308,41.93945],[1.58304,41.9405],[1.58048,41.94037],[1.57983,41.94089],[1.58019,41.94144],[1.58267,41.94227],[1.58444,41.94234],[1.58539,41.94163],[1.5878,41.94174],[1.59161,41.94044],[1.59228,41.94083],[1.59352,41.94311],[1.59573,41.94414],[1.59663,41.94554],[1.59926,41.94596],[1.60051,41.94703],[1.59946,41.94947],[1.5993,41.95102],[1.60078,41.95276],[1.60152,41.95292],[1.6031,41.95236],[1.60363,41.95327],[1.60184,41.95591],[1.59824,41.95924],[1.59866,41.95973],[1.60096,41.9604],[1.60139,41.96228],[1.6026,41.96319],[1.60691,41.96278],[1.60771,41.9632],[1.6087,41.96138],[1.6131,41.95957],[1.61512,41.95953],[1.61696,41.96054],[1.61913,41.96026],[1.61985,41.9605],[1.62074,41.96158],[1.62063,41.96463],[1.62275,41.96553],[1.62319,41.96615],[1.62301,41.96724],[1.62525,41.96803],[1.62544,41.96933],[1.62727,41.97215],[1.63079,41.98138],[1.6304,41.9832],[1.63086,41.98606],[1.63034,41.99015],[1.62946,41.99157],[1.63538,41.99151],[1.64099,41.99204],[1.64211,41.99081],[1.64345,41.99067],[1.64242,41.99169],[1.64312,41.99359],[1.64251,41.99464],[1.6428,41.9951],[1.645,41.99611],[1.64463,41.99745],[1.64492,41.99784],[1.64651,41.99757],[1.64935,41.99612],[1.64984,41.99488],[1.65038,41.99477],[1.64979,41.99678],[1.64686,41.99988],[1.64847,42.00204],[1.65159,42.00448],[1.65234,42.00584],[1.65233,42.00934],[1.65084,42.01301],[1.65122,42.01423],[1.6528,42.01628],[1.6519,42.01749],[1.65174,42.01907],[1.65321,42.02209],[1.65268,42.02324],[1.65177,42.02383],[1.65174,42.02518],[1.65082,42.02664],[1.65197,42.03044],[1.65133,42.03219],[1.65183,42.03553],[1.65288,42.03827],[1.65437,42.0404],[1.65476,42.04347],[1.65657,42.04564],[1.65607,42.0476],[1.65742,42.05143],[1.65725,42.05282],[1.65849,42.05534],[1.65786,42.05892],[1.6603,42.06055],[1.65971,42.06305],[1.66097,42.0642],[1.66086,42.06677],[1.66356,42.06922],[1.66345,42.07244],[1.66574,42.07533],[1.66613,42.07746],[1.66857,42.07998],[1.67067,42.08136],[1.67093,42.08248],[1.6722,42.08314],[1.67398,42.0853],[1.6754,42.08552],[1.67689,42.08484],[1.67763,42.08681],[1.6789,42.08765],[1.67931,42.08888],[1.68047,42.09013],[1.68161,42.09087],[1.68368,42.09132],[1.68838,42.09322],[1.68887,42.09381],[1.68894,42.09516],[1.68833,42.09756],[1.68922,42.10063],[1.69129,42.10183],[1.69529,42.10191],[1.69216,42.10336],[1.69292,42.10426],[1.69449,42.10461],[1.69399,42.10517],[1.69455,42.10549],[1.69445,42.10588],[1.69548,42.10557],[1.69622,42.10664],[1.69777,42.10692],[1.69749,42.10744],[1.69804,42.1075],[1.69852,42.1082],[1.69804,42.10917],[1.7017,42.10958],[1.70164,42.11064],[1.70342,42.11062],[1.70428,42.11117],[1.70415,42.1123],[1.70463,42.11312],[1.70824,42.11434],[1.70642,42.11431],[1.70553,42.11483],[1.70405,42.11443],[1.70306,42.11502],[1.70222,42.11491],[1.70007,42.11607],[1.69976,42.11685],[1.69912,42.11647],[1.69845,42.11662],[1.69629,42.1189],[1.69391,42.11916],[1.6935,42.11817],[1.69093,42.11837],[1.68805,42.11927],[1.68688,42.12011],[1.68318,42.12079],[1.68006,42.12292],[1.6782,42.12371],[1.67048,42.12537],[1.6696,42.12597],[1.6681,42.12612],[1.6656,42.1272],[1.66507,42.12842],[1.6657,42.13174],[1.66829,42.13363],[1.66855,42.13473],[1.66939,42.13543],[1.67184,42.13662],[1.67037,42.13738],[1.67092,42.1403],[1.67547,42.14285],[1.67046,42.14475],[1.6729,42.14501],[1.66498,42.14657],[1.66443,42.14728],[1.66244,42.14774],[1.66184,42.14838],[1.65646,42.15018],[1.65653,42.15083],[1.6585,42.14977],[1.66167,42.14949],[1.66189,42.15177],[1.66426,42.1532],[1.66447,42.15423],[1.66602,42.15571],[1.66552,42.15632],[1.6651,42.1556],[1.66315,42.1544],[1.66117,42.15361],[1.66003,42.15357],[1.66242,42.1554],[1.6599,42.15453],[1.65865,42.15694],[1.65903,42.15763],[1.65874,42.15862],[1.65492,42.161],[1.65329,42.16264],[1.65461,42.16227],[1.65541,42.16147],[1.65763,42.16046],[1.65818,42.16145],[1.65765,42.16252],[1.66032,42.16273],[1.66126,42.16349],[1.65859,42.16471],[1.657,42.1647],[1.65795,42.16556],[1.65776,42.16746],[1.65966,42.16793],[1.65995,42.16854],[1.65935,42.16868],[1.65938,42.16924],[1.65987,42.17043],[1.6627,42.17182],[1.66348,42.17294],[1.66548,42.17424],[1.66459,42.17507],[1.66769,42.17634],[1.66807,42.17741],[1.67244,42.17594],[1.67531,42.17727],[1.67851,42.17689],[1.68022,42.1757],[1.68273,42.17595],[1.68457,42.1777],[1.68617,42.1803],[1.6877,42.1813],[1.68693,42.18309],[1.68884,42.18592],[1.69013,42.18701],[1.69021,42.18761],[1.68961,42.18849],[1.6882,42.18905],[1.68703,42.1907],[1.68504,42.19071],[1.6867,42.1919],[1.68904,42.19122],[1.68956,42.19138],[1.68758,42.1925],[1.68672,42.19581],[1.68579,42.1971],[1.68276,42.19753],[1.68479,42.19829],[1.68388,42.19891],[1.68306,42.19872],[1.68162,42.19921],[1.68032,42.19886],[1.67777,42.19963],[1.67602,42.19708],[1.67619,42.19586],[1.67575,42.19553],[1.67423,42.19588],[1.673,42.19675],[1.67045,42.19718],[1.66838,42.19642],[1.66784,42.19541],[1.6666,42.19462],[1.66651,42.1959],[1.66438,42.20054],[1.66438,42.20177],[1.66576,42.20223],[1.66413,42.20306],[1.6645,42.20523],[1.66367,42.20452],[1.66244,42.20471],[1.66099,42.20555],[1.66007,42.20524],[1.66021,42.20726],[1.65873,42.20841],[1.65861,42.21074],[1.6578,42.21276],[1.65699,42.21348],[1.6544,42.21387],[1.65342,42.21453],[1.65219,42.21444],[1.651,42.21536],[1.65082,42.21769],[1.64997,42.21793],[1.64954,42.21872],[1.64643,42.21999],[1.64682,42.22239],[1.64596,42.22211],[1.64587,42.22132],[1.64455,42.22013],[1.64371,42.22013],[1.64428,42.22205],[1.64393,42.2233],[1.64754,42.22536],[1.6492,42.22577],[1.64905,42.22706],[1.65001,42.2278],[1.65206,42.22902],[1.65509,42.2301],[1.6529,42.22944],[1.64818,42.229],[1.65008,42.23],[1.65219,42.23035],[1.64974,42.23049],[1.6443,42.22933],[1.64317,42.22878],[1.6409,42.22902],[1.63656,42.2285],[1.63877,42.22988],[1.64065,42.23023],[1.64122,42.23135],[1.64041,42.23108],[1.63882,42.23141],[1.63445,42.2303],[1.63737,42.23262],[1.63546,42.23229],[1.63424,42.23142],[1.63278,42.23153],[1.63554,42.23325],[1.63055,42.23201],[1.63043,42.23139],[1.62657,42.2301],[1.62583,42.22946],[1.62532,42.23047],[1.62541,42.23187],[1.62435,42.23222],[1.62256,42.23182],[1.622,42.23279],[1.6197,42.23236],[1.61405,42.23323],[1.60799,42.23351],[1.61092,42.23239],[1.6125,42.23242],[1.61569,42.23109],[1.61594,42.23033],[1.61775,42.22993],[1.61616,42.2298],[1.6141,42.23054],[1.61188,42.23034],[1.61033,42.22951],[1.60556,42.23028],[1.6057,42.22996],[1.60732,42.22962],[1.60799,42.22886],[1.60708,42.22935],[1.60615,42.2292],[1.60397,42.22672],[1.60619,42.22806],[1.60709,42.22749],[1.60728,42.22614],[1.60819,42.22599],[1.60708,42.22564],[1.60598,42.22611],[1.60052,42.22286],[1.59698,42.22202],[1.59511,42.22219],[1.593,42.22043],[1.59339,42.21927],[1.59189,42.219],[1.59106,42.21802],[1.591,42.21615],[1.58977,42.21615],[1.5886,42.21691],[1.5877,42.21699],[1.58607,42.21573],[1.5857,42.21786],[1.58087,42.21887],[1.5777,42.22032],[1.57698,42.22004],[1.57642,42.22095],[1.57355,42.22186],[1.57372,42.22231],[1.57148,42.22468],[1.5697,42.22958],[1.56879,42.23057],[1.56802,42.23039],[1.56814,42.22939],[1.56712,42.22898],[1.56381,42.23106],[1.56436,42.23209],[1.56357,42.23161],[1.56289,42.2303],[1.56009,42.23047],[1.55622,42.22991],[1.55395,42.23118],[1.55096,42.23093],[1.54867,42.23143],[1.54722,42.23434],[1.54555,42.23526],[1.54349,42.23558],[1.54034,42.23677],[1.53816,42.23706],[1.53509,42.23847],[1.5329,42.23807],[1.52715,42.24121],[1.52521,42.23998],[1.5248,42.23889],[1.5251,42.2374],[1.52397,42.23792],[1.52373,42.23893],[1.52267,42.24],[1.5232,42.23877],[1.52296,42.23763],[1.52493,42.23629],[1.52432,42.23406],[1.52521,42.23401],[1.52572,42.23305],[1.52711,42.2323],[1.52671,42.23014],[1.52793,42.23063],[1.52906,42.23251],[1.53006,42.23291],[1.53012,42.23408],[1.53036,42.23281],[1.52939,42.23145],[1.52969,42.22927],[1.53152,42.22809],[1.53083,42.2275],[1.52674,42.2273],[1.52584,42.22652],[1.52325,42.22667],[1.52218,42.22619],[1.52144,42.2268],[1.5205,42.22657],[1.51884,42.22696],[1.51892,42.22602],[1.5197,42.22577],[1.5197,42.22523],[1.51836,42.22363],[1.51631,42.2224],[1.51801,42.22187],[1.51858,42.22133],[1.51459,42.21835],[1.51344,42.21827],[1.5121,42.2175],[1.51196,42.21651],[1.51021,42.21624],[1.50895,42.21529],[1.5083,42.21331],[1.50677,42.21173],[1.50502,42.20796],[1.50329,42.20578],[1.50161,42.20252],[1.49969,42.20043],[1.49825,42.20004],[1.49835,42.20097],[1.49703,42.20163],[1.49344,42.19977],[1.49281,42.19857],[1.48964,42.19719],[1.48747,42.19731],[1.48558,42.20148],[1.48581,42.20408],[1.48542,42.2043],[1.48106,42.20383],[1.48363,42.20483],[1.48501,42.20607],[1.48745,42.20686],[1.48723,42.20784],[1.48276,42.20764],[1.47973,42.206],[1.47618,42.20307],[1.48125,42.21023],[1.48236,42.21034],[1.48394,42.21207],[1.48416,42.2127],[1.48359,42.21386],[1.48475,42.2164],[1.48296,42.21731],[1.48021,42.21764],[1.47945,42.21859],[1.47898,42.2177],[1.47825,42.21731],[1.47918,42.21628],[1.47726,42.21753],[1.47747,42.21844],[1.47675,42.21902],[1.47668,42.21992],[1.47626,42.21764],[1.4738,42.21793],[1.47248,42.21769],[1.47227,42.21916],[1.47095,42.21705],[1.46894,42.21624],[1.46723,42.2145],[1.46635,42.21692],[1.46661,42.21833],[1.46592,42.21992],[1.46606,42.22215],[1.46474,42.2211],[1.46343,42.22123],[1.46093,42.2203],[1.46258,42.22028],[1.46454,42.21901],[1.462,42.2195],[1.45953,42.21746],[1.45928,42.21596],[1.46014,42.21685],[1.46017,42.21612],[1.46126,42.21534],[1.46071,42.2147],[1.46149,42.21372],[1.46024,42.21328],[1.46,42.21194],[1.45873,42.21056],[1.45914,42.21039],[1.45851,42.2072],[1.46099,42.20745],[1.4589,42.20663],[1.4605,42.20666],[1.45658,42.20558],[1.45435,42.20428],[1.45378,42.2031],[1.45577,42.20163],[1.45307,42.20263],[1.44841,42.20049],[1.44535,42.20088],[1.44158,42.20036],[1.43994,42.19978],[1.43891,42.1989],[1.44384,42.19909],[1.44496,42.19882],[1.44532,42.19808],[1.44481,42.19856],[1.44355,42.19863],[1.43959,42.1973],[1.43691,42.19747],[1.43482,42.19709],[1.43357,42.19576],[1.43332,42.19471],[1.42824,42.19442],[1.4267,42.19369],[1.42569,42.19396],[1.42439,42.19521],[1.42007,42.1972],[1.41714,42.19908],[1.40903,42.20155],[1.40463,42.20057],[1.40071,42.2003],[1.39975,42.20089],[1.39981,42.2023],[1.39937,42.20251],[1.39629,42.20104],[1.39355,42.20088],[1.39264,42.20114],[1.39185,42.20257],[1.38992,42.20413],[1.38965,42.2053],[1.39105,42.20602],[1.39112,42.20716],[1.39194,42.20812],[1.3899,42.20838],[1.389,42.20765],[1.3879,42.2075],[1.38674,42.20854],[1.38657,42.20956],[1.3848,42.21075],[1.38256,42.2116],[1.38161,42.21311],[1.38064,42.21265],[1.37974,42.21321],[1.37759,42.21567],[1.37668,42.21606],[1.37713,42.21725],[1.37667,42.21822],[1.37704,42.21855],[1.3755,42.21872],[1.37357,42.22027],[1.37398,42.22139],[1.3729,42.2203],[1.37266,42.21907],[1.37211,42.21891],[1.36703,42.22144],[1.3636,42.22116],[1.36171,42.21983],[1.36068,42.21855],[1.35817,42.21841],[1.35872,42.21905],[1.3583,42.21911],[1.35222,42.21727],[1.35162,42.21636],[1.3496,42.21515],[1.34928,42.21417],[1.34989,42.21323],[1.34853,42.21385],[1.34828,42.21317],[1.34559,42.21285],[1.34555,42.21358],[1.34451,42.21318],[1.34553,42.20988],[1.34549,42.20742],[1.34389,42.208],[1.34308,42.20928],[1.34178,42.20824],[1.34228,42.20755],[1.34162,42.20672],[1.34274,42.20573],[1.34268,42.20425],[1.3419,42.20415],[1.34296,42.20272],[1.34176,42.20315],[1.34074,42.20291],[1.33974,42.20319],[1.33892,42.20399],[1.33499,42.20473],[1.3341,42.20544],[1.3335,42.20698],[1.33419,42.21096],[1.33075,42.212],[1.3292,42.21082],[1.32931,42.21142],[1.32785,42.21131],[1.32407,42.21401],[1.32367,42.21514],[1.32287,42.21582]]}},{"type":"Feature","properties":{"name":"TET_E-19-CAT Link S_20241226","country":"ES","lengthKm":131.7},"geometry":{"type":"LineString","coordinates":[[1.84386,41.4433],[1.8416,41.44382],[1.8403,41.44332],[1.83923,41.44348],[1.83781,41.44242],[1.83578,41.44184],[1.83263,41.44373],[1.83001,41.44351],[1.82954,41.44271],[1.82847,41.44284],[1.82888,41.4405],[1.82771,41.43993],[1.82679,41.43831],[1.824,41.43655],[1.82331,41.43671],[1.82345,41.43868],[1.82394,41.43909],[1.82107,41.43822],[1.8206,41.4391],[1.81866,41.43978],[1.81774,41.43984],[1.81579,41.43923],[1.81429,41.43935],[1.81392,41.44023],[1.81225,41.4415],[1.81186,41.44321],[1.80826,41.4437],[1.80665,41.4408],[1.80542,41.44007],[1.805,41.43887],[1.80096,41.44012],[1.80175,41.44121],[1.80034,41.44045],[1.80049,41.43943],[1.80007,41.43973],[1.79813,41.43963],[1.79978,41.43803],[1.7998,41.43758],[1.79894,41.43687],[1.79913,41.43788],[1.79857,41.43887],[1.79736,41.43883],[1.79674,41.43819],[1.7966,41.4367],[1.79135,41.43912],[1.78966,41.4376],[1.78923,41.43749],[1.78858,41.43801],[1.78679,41.43725],[1.78639,41.43512],[1.78499,41.43393],[1.78498,41.43486],[1.78291,41.4382],[1.78301,41.43597],[1.77756,41.43247],[1.77806,41.432],[1.77735,41.4306],[1.77793,41.42942],[1.7763,41.42962],[1.77563,41.42895],[1.77536,41.4292],[1.77578,41.42968],[1.77464,41.42976],[1.77308,41.4294],[1.77188,41.4282],[1.77108,41.42847],[1.77001,41.4301],[1.76791,41.43002],[1.76689,41.42889],[1.76373,41.42808],[1.76075,41.42873],[1.75726,41.43022],[1.75503,41.42964],[1.75382,41.42996],[1.75478,41.42942],[1.75477,41.42779],[1.75621,41.42683],[1.75708,41.42562],[1.75478,41.42578],[1.75524,41.42521],[1.75249,41.42556],[1.75118,41.42449],[1.74978,41.4251],[1.75009,41.42593],[1.74569,41.42621],[1.74443,41.4258],[1.74304,41.42622],[1.73889,41.42273],[1.73658,41.42222],[1.73571,41.42113],[1.73438,41.42075],[1.73429,41.42019],[1.73362,41.41999],[1.73234,41.42134],[1.72936,41.42337],[1.72763,41.42234],[1.72485,41.42463],[1.72448,41.42364],[1.72134,41.4205],[1.72091,41.41937],[1.71643,41.41999],[1.71344,41.42113],[1.7107,41.41994],[1.70873,41.41966],[1.7054,41.41685],[1.70095,41.41774],[1.69751,41.41715],[1.69605,41.4163],[1.6928,41.41823],[1.69239,41.41782],[1.69018,41.41858],[1.68492,41.42231],[1.68131,41.42576],[1.68027,41.42493],[1.679,41.42597],[1.67911,41.4255],[1.67861,41.42561],[1.67768,41.42494],[1.67763,41.42411],[1.67696,41.42427],[1.67627,41.42378],[1.67497,41.42367],[1.6752,41.42327],[1.67614,41.42329],[1.67695,41.42272],[1.67627,41.42113],[1.67416,41.42095],[1.67197,41.42185],[1.67119,41.42171],[1.6707,41.42214],[1.6697,41.42198],[1.66861,41.42109],[1.66926,41.42072],[1.66824,41.42066],[1.66858,41.41989],[1.66768,41.41939],[1.66702,41.41952],[1.66355,41.4225],[1.66161,41.42305],[1.65875,41.42285],[1.65847,41.42199],[1.65785,41.42248],[1.65623,41.42244],[1.6553,41.42284],[1.65526,41.42171],[1.6543,41.4207],[1.65359,41.42264],[1.6516,41.42333],[1.6499,41.42313],[1.6463,41.42607],[1.64465,41.42538],[1.63985,41.42695],[1.63953,41.42652],[1.64004,41.42556],[1.63902,41.4257],[1.63763,41.42418],[1.63543,41.42336],[1.63578,41.42287],[1.63536,41.42193],[1.6364,41.42095],[1.63237,41.42232],[1.63148,41.42233],[1.63185,41.422],[1.6314,41.42192],[1.62911,41.42265],[1.62362,41.42335],[1.62294,41.42204],[1.62141,41.42249],[1.62103,41.42129],[1.62136,41.42088],[1.61979,41.42011],[1.61784,41.42045],[1.61628,41.41876],[1.61441,41.41997],[1.61369,41.42],[1.61114,41.41964],[1.60986,41.41864],[1.60721,41.41971],[1.60435,41.42033],[1.60095,41.42191],[1.59836,41.42521],[1.59841,41.42738],[1.59753,41.4279],[1.59636,41.42791],[1.59704,41.42714],[1.59643,41.42608],[1.59442,41.42619],[1.59525,41.42515],[1.59599,41.42297],[1.59757,41.42103],[1.59649,41.41997],[1.59722,41.41719],[1.59649,41.4172],[1.59598,41.41836],[1.59485,41.419],[1.59275,41.42124],[1.59335,41.41967],[1.5914,41.41301],[1.59203,41.40932],[1.59139,41.40598],[1.59319,41.40328],[1.58957,41.4057],[1.58798,41.40578],[1.58762,41.40616],[1.58684,41.40551],[1.58517,41.40566],[1.58529,41.40511],[1.58449,41.40477],[1.58278,41.40493],[1.58088,41.40684],[1.58032,41.40863],[1.57716,41.41177],[1.57407,41.41366],[1.57127,41.41431],[1.56911,41.41535],[1.56913,41.41361],[1.56998,41.41312],[1.56775,41.41248],[1.56514,41.41252],[1.56427,41.41221],[1.56427,41.41019],[1.56343,41.40959],[1.56324,41.40818],[1.5638,41.40745],[1.56336,41.40628],[1.56617,41.40503],[1.56449,41.40491],[1.56325,41.40527],[1.56327,41.40493],[1.56031,41.40535],[1.55824,41.40458],[1.55418,41.40471],[1.55325,41.40397],[1.55274,41.4026],[1.55533,41.39711],[1.5546,41.39605],[1.55733,41.39466],[1.55411,41.39565],[1.55412,41.3964],[1.55294,41.39736],[1.55314,41.3983],[1.55246,41.3988],[1.55097,41.39878],[1.55111,41.39965],[1.55063,41.40022],[1.54948,41.40011],[1.54785,41.39908],[1.54648,41.39878],[1.54308,41.39946],[1.54101,41.40084],[1.5391,41.40052],[1.53671,41.40264],[1.53646,41.40388],[1.53551,41.40431],[1.53172,41.40866],[1.53066,41.40913],[1.52796,41.4124],[1.52585,41.41401],[1.52228,41.41498],[1.52127,41.41474],[1.52048,41.41504],[1.51665,41.41505],[1.515,41.41434],[1.51381,41.41259],[1.5094,41.41033],[1.5075,41.40812],[1.50801,41.40664],[1.50683,41.40494],[1.50349,41.40325],[1.50344,41.40229],[1.50134,41.40193],[1.50226,41.40027],[1.50179,41.39878],[1.50228,41.39858],[1.50126,41.39819],[1.50146,41.39726],[1.50083,41.39626],[1.50136,41.39564],[1.50025,41.39328],[1.49896,41.39228],[1.49791,41.3903],[1.49963,41.39066],[1.50021,41.39044],[1.49902,41.38973],[1.49862,41.38838],[1.49613,41.38904],[1.49403,41.3861],[1.49256,41.38556],[1.49147,41.38594],[1.49087,41.38541],[1.49083,41.38462],[1.48966,41.38409],[1.48917,41.3816],[1.48761,41.38116],[1.48641,41.38178],[1.48542,41.38022],[1.48408,41.38068],[1.48372,41.38042],[1.48393,41.37991],[1.48217,41.38047],[1.47947,41.37938],[1.48138,41.37879],[1.48148,41.3782],[1.48063,41.37808],[1.47782,41.37869],[1.48013,41.3771],[1.48079,41.37579],[1.48183,41.37568],[1.47993,41.37563],[1.47941,41.37594],[1.4777,41.37536],[1.47483,41.37532],[1.47394,41.37588],[1.47437,41.37598],[1.47244,41.37619],[1.47219,41.37727],[1.47113,41.37677],[1.47066,41.37832],[1.46834,41.37982],[1.466,41.38212],[1.46416,41.38235],[1.4635,41.38186],[1.46201,41.38178],[1.46011,41.38203],[1.45766,41.38327],[1.45703,41.38247],[1.45462,41.38173],[1.45283,41.38238],[1.45198,41.38191],[1.45456,41.37963],[1.45648,41.37932],[1.45664,41.37795],[1.4551,41.37662],[1.45404,41.37715],[1.45307,41.37691],[1.45326,41.37454],[1.45039,41.37228],[1.44735,41.37172],[1.44718,41.37117],[1.44431,41.37097],[1.44007,41.3695],[1.44064,41.37014],[1.4404,41.37078],[1.44182,41.37159],[1.43739,41.37329],[1.43713,41.37425],[1.43851,41.37515],[1.43687,41.37556],[1.43518,41.37389],[1.43238,41.37384],[1.43118,41.37309],[1.42843,41.37335],[1.42823,41.3724],[1.43031,41.37157],[1.42965,41.37031],[1.42797,41.37041],[1.42682,41.36989],[1.4253,41.37046],[1.42326,41.36969],[1.4223,41.37046],[1.41876,41.36761],[1.416,41.36667],[1.416,41.366],[1.41825,41.36644],[1.41938,41.36632],[1.41803,41.3652],[1.41819,41.36272],[1.42014,41.36309],[1.42154,41.36279],[1.42317,41.36294],[1.42437,41.36269],[1.42328,41.36218],[1.42509,41.36193],[1.42547,41.36134],[1.42744,41.36136],[1.43089,41.36041],[1.42755,41.36046],[1.42726,41.35976],[1.43027,41.35877],[1.43027,41.35843],[1.42879,41.35791],[1.42628,41.35803],[1.42586,41.35749],[1.42434,41.35729],[1.42433,41.35655],[1.42335,41.35602],[1.42435,41.35457],[1.42789,41.35371],[1.42632,41.35292],[1.42295,41.35246],[1.42522,41.35218],[1.42485,41.35136],[1.42341,41.35041],[1.424,41.35183],[1.42293,41.35106],[1.4219,41.35099],[1.42059,41.35204],[1.41883,41.35243],[1.41815,41.35325],[1.41933,41.35483],[1.41578,41.35592],[1.4126,41.35554],[1.41028,41.35455],[1.40952,41.35471],[1.4084,41.35399],[1.40629,41.3542],[1.40404,41.35391],[1.40004,41.35244],[1.39763,41.35283],[1.39717,41.3541],[1.39694,41.35331],[1.39569,41.35269],[1.39275,41.35279],[1.39242,41.35356],[1.39119,41.35369],[1.39086,41.35424],[1.39024,41.35424],[1.38966,41.35503],[1.38579,41.35764],[1.38521,41.35951],[1.38362,41.36],[1.38363,41.36037],[1.38668,41.36169],[1.3893,41.36206],[1.38919,41.36318],[1.38605,41.3642],[1.38624,41.36457],[1.38754,41.36448],[1.38604,41.36517],[1.38542,41.36489],[1.38575,41.36618],[1.38625,41.36618],[1.3857,41.36648],[1.38428,41.36561],[1.38347,41.36586],[1.38092,41.36534],[1.37859,41.36546],[1.37513,41.36406],[1.37336,41.36417],[1.37147,41.36342],[1.3711,41.36415],[1.3714,41.36451],[1.37046,41.3645],[1.37097,41.36489],[1.36851,41.36958],[1.36728,41.37108],[1.36678,41.37461],[1.36713,41.37481],[1.36705,41.37672],[1.36578,41.37884],[1.36321,41.38018],[1.36318,41.38174],[1.36381,41.3829],[1.36262,41.38309],[1.36072,41.38204],[1.36056,41.3814],[1.35985,41.38186],[1.36049,41.38087],[1.35945,41.38006],[1.36013,41.38091],[1.35946,41.38111],[1.35691,41.38367],[1.35546,41.38597],[1.35381,41.38645],[1.35271,41.38732],[1.34812,41.38852],[1.34344,41.3921],[1.34005,41.39336],[1.33933,41.39413],[1.33568,41.39515],[1.33376,41.3951],[1.33126,41.39644],[1.33128,41.397],[1.32908,41.3978],[1.32686,41.39717],[1.32277,41.39673],[1.32034,41.39553],[1.31652,41.39469],[1.31616,41.39352],[1.31002,41.39073],[1.30506,41.38942],[1.30252,41.38803],[1.30208,41.38724],[1.29986,41.38688],[1.29851,41.38764],[1.29701,41.38764],[1.29562,41.38722],[1.29408,41.38615],[1.29322,41.38696],[1.29162,41.38717],[1.29072,41.38769],[1.28693,41.38779],[1.2842,41.38871],[1.2845,41.38915],[1.28397,41.38967],[1.28099,41.39069],[1.27903,41.39261],[1.27631,41.3938],[1.27597,41.39495],[1.27516,41.39427],[1.27225,41.39523],[1.26968,41.39484],[1.26981,41.39507],[1.26897,41.39528],[1.26872,41.39473],[1.26762,41.39473],[1.26515,41.39499],[1.26269,41.3959],[1.26036,41.39601],[1.25764,41.39361],[1.25064,41.39314],[1.24943,41.39339],[1.2487,41.39442],[1.24734,41.39454],[1.24583,41.39643],[1.24495,41.39676],[1.24345,41.39618],[1.24409,41.3952],[1.24371,41.39532],[1.2436,41.39418],[1.24101,41.39378],[1.23986,41.39405],[1.24037,41.39539],[1.23846,41.39622],[1.23809,41.39584],[1.23665,41.39567],[1.23195,41.39815],[1.22722,41.39992],[1.22518,41.40014],[1.22159,41.40168],[1.22091,41.40281],[1.21701,41.40143],[1.21495,41.40111],[1.21331,41.40003],[1.20806,41.40169],[1.20759,41.40142],[1.20603,41.40191],[1.20511,41.40176],[1.19951,41.4026],[1.19797,41.40194],[1.19776,41.40219],[1.19926,41.40348],[1.19889,41.40542],[1.19399,41.40516],[1.19228,41.40571],[1.19255,41.40655],[1.19093,41.40749],[1.18963,41.4077],[1.1883,41.40958],[1.18532,41.40857],[1.18149,41.40666],[1.17964,41.40487],[1.17788,41.40439],[1.17779,41.40366],[1.17623,41.40297],[1.17608,41.40227],[1.17502,41.4019],[1.1744,41.40082],[1.17222,41.39938],[1.17042,41.39886],[1.16851,41.39906],[1.16667,41.40156],[1.16136,41.40136],[1.15819,41.40317],[1.15428,41.40342],[1.15155,41.40502],[1.14912,41.40548],[1.14632,41.40389],[1.13754,41.40436],[1.13729,41.40539],[1.13583,41.4063],[1.13572,41.40749],[1.13528,41.40768],[1.13332,41.40694],[1.13288,41.4073],[1.131,41.40648],[1.1285,41.40731],[1.12585,41.41022],[1.12381,41.41137],[1.12343,41.41205],[1.12376,41.41303],[1.12348,41.41509],[1.12197,41.41679],[1.12157,41.41957],[1.11896,41.42256],[1.11334,41.4249],[1.11314,41.4256],[1.11134,41.42662],[1.11137,41.42815],[1.11059,41.42857],[1.11107,41.42888],[1.10969,41.43033],[1.10806,41.43327],[1.10879,41.43426],[1.10721,41.4363],[1.10732,41.43831],[1.10653,41.43881],[1.10514,41.43842],[1.10364,41.43671],[1.1021,41.43621],[1.10091,41.43504],[1.09991,41.4348],[1.09827,41.43517],[1.09837,41.43472],[1.09699,41.43396],[1.0975,41.43376],[1.09702,41.43221],[1.09607,41.43167],[1.09627,41.43094],[1.09441,41.43104],[1.09151,41.43189],[1.09098,41.43183],[1.09052,41.43112],[1.08958,41.43127],[1.08843,41.43174],[1.08631,41.434],[1.08503,41.43457],[1.0819,41.43318],[1.08042,41.43345],[1.07985,41.43467],[1.07914,41.43497],[1.07921,41.43606],[1.07805,41.43579],[1.07775,41.43652],[1.07697,41.43693],[1.07449,41.4362],[1.07152,41.43747],[1.07228,41.43687],[1.07232,41.43619],[1.07188,41.43637],[1.07028,41.43564],[1.06876,41.43632],[1.06873,41.43604],[1.06657,41.43544],[1.0663,41.43444],[1.06245,41.43606],[1.06174,41.43489],[1.06095,41.43443],[1.05875,41.43404],[1.05716,41.43492],[1.05593,41.43407],[1.05524,41.43451],[1.0529,41.43455],[1.0524,41.43563],[1.0508,41.4361],[1.04906,41.43578],[1.04779,41.43437],[1.04939,41.43368],[1.05088,41.4321],[1.04986,41.4308],[1.04837,41.4305],[1.04789,41.42997],[1.04718,41.43015],[1.04627,41.43111],[1.04516,41.43134],[1.04323,41.43071],[1.04276,41.43093],[1.04228,41.43175],[1.04246,41.43251],[1.04306,41.43233],[1.04311,41.43335],[1.03817,41.43416],[1.03732,41.43537],[1.03417,41.43519],[1.03082,41.43065],[1.03041,41.42853],[1.02886,41.426],[1.02733,41.42542],[1.01998,41.42516],[1.01741,41.42353],[1.01693,41.42201],[1.01413,41.41895],[1.01205,41.41789],[1.00729,41.41823],[1.00382,41.41926],[0.99919,41.41908],[0.99612,41.41985],[0.99319,41.42117],[0.98986,41.42164],[0.98872,41.42228],[0.9873,41.42423],[0.98488,41.4263],[0.98242,41.42745],[0.98179,41.42725],[0.97524,41.42819],[0.97204,41.42512],[0.9715,41.42379],[0.97049,41.42355],[0.96959,41.42116],[0.96746,41.42043],[0.96631,41.42089],[0.9668,41.42167],[0.96659,41.42213],[0.96563,41.42221],[0.96435,41.42309],[0.9643,41.42363],[0.96151,41.42338],[0.96038,41.42436],[0.95921,41.42402],[0.95731,41.42444],[0.94952,41.42795],[0.94766,41.42928],[0.94678,41.42816],[0.94506,41.42816],[0.9441,41.42723]]}},{"type":"Feature","properties":{"name":"TET_E-20-ARA-SE_20241226","country":"ES","lengthKm":332.1},"geometry":{"type":"LineString","coordinates":[[0.20868,41.129],[0.20687,41.13127],[0.20384,41.13156],[0.20152,41.13087],[0.20045,41.13185],[0.20072,41.134],[0.2002,41.13485],[0.19658,41.13773],[0.19421,41.13848],[0.19354,41.13655],[0.1923,41.13633],[0.18941,41.13419],[0.18517,41.13369],[0.18375,41.13198],[0.18191,41.13112],[0.18171,41.13051],[0.18038,41.12955],[0.17761,41.12862],[0.17195,41.1284],[0.16891,41.12682],[0.16374,41.12747],[0.16007,41.12494],[0.1568,41.12489],[0.1544,41.12406],[0.15385,41.12437],[0.15035,41.12125],[0.14984,41.12005],[0.14665,41.11886],[0.14675,41.11776],[0.14603,41.11775],[0.14353,41.11987],[0.14097,41.11704],[0.14124,41.11554],[0.13935,41.11472],[0.13856,41.11293],[0.13706,41.11148],[0.13587,41.10911],[0.13401,41.10735],[0.13151,41.10329],[0.12531,41.09827],[0.12415,41.09487],[0.12189,41.09388],[0.12115,41.09289],[0.1209,41.09046],[0.12293,41.08704],[0.12572,41.08574],[0.1291,41.08187],[0.12894,41.08149],[0.12765,41.08124],[0.12702,41.07988],[0.1251,41.07829],[0.12415,41.07839],[0.12344,41.07906],[0.12382,41.0795],[0.12316,41.08014],[0.12076,41.07933],[0.11915,41.07795],[0.11846,41.07573],[0.11944,41.07339],[0.11875,41.07237],[0.12077,41.0694],[0.12089,41.06671],[0.11813,41.06369],[0.11135,41.06198],[0.10931,41.06103],[0.10934,41.06009],[0.10771,41.05871],[0.10728,41.05764],[0.10482,41.05606],[0.1043,41.055],[0.10459,41.05382],[0.10585,41.05275],[0.10832,41.052],[0.108,41.05126],[0.10572,41.04947],[0.10359,41.04974],[0.10279,41.0505],[0.10192,41.04899],[0.09996,41.04771],[0.10019,41.04611],[0.09643,41.04482],[0.09507,41.04387],[0.0932,41.04327],[0.09298,41.04279],[0.09206,41.04275],[0.0891,41.04066],[0.08812,41.03933],[0.08491,41.03891],[0.08224,41.03782],[0.08038,41.03587],[0.079,41.03576],[0.07748,41.03648],[0.07383,41.03593],[0.07388,41.03428],[0.07274,41.03389],[0.07152,41.0324],[0.07105,41.03303],[0.07013,41.03261],[0.07016,41.03183],[0.0693,41.03087],[0.06905,41.02959],[0.06777,41.029],[0.06661,41.02741],[0.06655,41.02665],[0.06552,41.02642],[0.06434,41.02514],[0.06237,41.02513],[0.06072,41.02436],[0.05992,41.02485],[0.05987,41.02533],[0.05887,41.02535],[0.05923,41.02497],[0.05863,41.02443],[0.05905,41.0239],[0.05855,41.02321],[0.05796,41.02333],[0.05846,41.02264],[0.05789,41.02134],[0.05674,41.02142],[0.05602,41.02088],[0.05728,41.01854],[0.05346,41.01724],[0.05215,41.0151],[0.05404,41.0119],[0.05821,41.00899],[0.05676,41.00839],[0.05702,41.00499],[0.05817,41.00397],[0.05897,41.00115],[0.0583,40.99935],[0.05894,40.99711],[0.05711,40.9973],[0.0552,40.99466],[0.05348,40.9944],[0.05387,40.99158],[0.05578,40.99078],[0.05604,40.98905],[0.05559,40.98804],[0.05478,40.98728],[0.05396,40.98712],[0.05286,40.98555],[0.05444,40.98263],[0.05357,40.98201],[0.05596,40.98146],[0.05553,40.98117],[0.06011,40.98087],[0.06247,40.98217],[0.06256,40.98158],[0.06138,40.98109],[0.06261,40.97967],[0.06218,40.97671],[0.06254,40.97602],[0.06187,40.9759],[0.06122,40.97497],[0.06164,40.97458],[0.06145,40.97346],[0.0603,40.97293],[0.06016,40.97194],[0.06085,40.97109],[0.06024,40.97055],[0.05928,40.97042],[0.0599,40.97019],[0.0604,40.96839],[0.06187,40.96656],[0.06209,40.96584],[0.06156,40.96393],[0.0619,40.96275],[0.06075,40.96227],[0.05964,40.96239],[0.05881,40.96169],[0.05885,40.96096],[0.05855,40.96105],[0.06029,40.9597],[0.06048,40.95901],[0.05992,40.95782],[0.06107,40.95674],[0.06144,40.95574],[0.06208,40.95583],[0.06252,40.95527],[0.06282,40.95374],[0.06453,40.95324],[0.066,40.95144],[0.06721,40.95198],[0.06866,40.94875],[0.06737,40.9454],[0.06484,40.94506],[0.06293,40.94418],[0.06221,40.9432],[0.06296,40.94296],[0.06415,40.94328],[0.06424,40.94299],[0.06706,40.94261],[0.06831,40.94156],[0.06784,40.94128],[0.06427,40.94082],[0.05745,40.94099],[0.05545,40.94032],[0.05355,40.94019],[0.05339,40.93944],[0.05213,40.93898],[0.04882,40.93898],[0.04594,40.93979],[0.04568,40.94014],[0.0461,40.94039],[0.04552,40.9413],[0.04405,40.94096],[0.04268,40.94176],[0.04067,40.94211],[0.03955,40.94321],[0.03922,40.94427],[0.03704,40.94374],[0.03537,40.94178],[0.03257,40.94239],[0.02846,40.94203],[0.02784,40.94158],[0.02789,40.93997],[0.02696,40.93877],[0.02597,40.93956],[0.01986,40.9384],[0.0186,40.93933],[0.01742,40.93955],[0.01616,40.94189],[0.0168,40.94201],[0.01808,40.94324],[0.01794,40.94474],[0.01488,40.94342],[0.0126,40.94175],[0.01115,40.94179],[0.00962,40.9403],[0.00702,40.93974],[0.00644,40.93895],[0.00512,40.93823],[0.00417,40.93683],[0.00075,40.93643],[-0.00088,40.93568],[-0.00158,40.93583],[-0.00389,40.93375],[-0.00602,40.93323],[-0.00604,40.93229],[-0.00756,40.93078],[-0.0079,40.92944],[-0.00896,40.92905],[-0.01092,40.92922],[-0.0121,40.92888],[-0.01316,40.928],[-0.01755,40.92606],[-0.01923,40.92368],[-0.01897,40.92102],[-0.02016,40.92134],[-0.02054,40.9203],[-0.02295,40.92256],[-0.02361,40.92445],[-0.02453,40.92446],[-0.02595,40.9253],[-0.02756,40.9253],[-0.0306,40.92688],[-0.03323,40.92748],[-0.03411,40.92695],[-0.03369,40.92571],[-0.03499,40.92614],[-0.03594,40.92592],[-0.03621,40.9251],[-0.03671,40.92502],[-0.03695,40.92377],[-0.03987,40.92375],[-0.04008,40.92286],[-0.04128,40.92202],[-0.04499,40.92419],[-0.04669,40.92593],[-0.04794,40.92649],[-0.04867,40.92654],[-0.04915,40.9261],[-0.05059,40.92634],[-0.05214,40.92557],[-0.05516,40.92632],[-0.05663,40.92814],[-0.05887,40.92875],[-0.05878,40.92937],[-0.06334,40.92939],[-0.06754,40.9328],[-0.07227,40.93384],[-0.07269,40.93516],[-0.07191,40.93559],[-0.07246,40.93628],[-0.07224,40.93678],[-0.07269,40.93747],[-0.07331,40.93756],[-0.07365,40.93885],[-0.0745,40.93929],[-0.07479,40.94093],[-0.07596,40.94242],[-0.07654,40.94246],[-0.0766,40.94348],[-0.07847,40.94563],[-0.07936,40.94598],[-0.0803,40.94747],[-0.08149,40.94786],[-0.08071,40.94907],[-0.08133,40.95001],[-0.08079,40.95067],[-0.08096,40.95356],[-0.08053,40.95597],[-0.08129,40.95656],[-0.08252,40.95665],[-0.08435,40.95817],[-0.08451,40.96003],[-0.08545,40.96045],[-0.08822,40.96104],[-0.08931,40.9606],[-0.09063,40.96083],[-0.09311,40.95897],[-0.09321,40.95935],[-0.09424,40.95889],[-0.09561,40.95894],[-0.09806,40.95985],[-0.10004,40.95864],[-0.10178,40.95937],[-0.10243,40.96031],[-0.10362,40.96083],[-0.10393,40.96176],[-0.10727,40.96433],[-0.10696,40.96405],[-0.10783,40.96321],[-0.10955,40.96263],[-0.11174,40.96314],[-0.11388,40.96242],[-0.11416,40.96193],[-0.11543,40.96233],[-0.11582,40.96057],[-0.118,40.95999],[-0.11792,40.95928],[-0.11874,40.95873],[-0.11966,40.95621],[-0.12142,40.95616],[-0.1248,40.95497],[-0.12557,40.95525],[-0.12827,40.95489],[-0.13184,40.95595],[-0.13161,40.95751],[-0.13223,40.95688],[-0.1341,40.95712],[-0.13513,40.95679],[-0.13779,40.95752],[-0.13945,40.95752],[-0.1399,40.95905],[-0.14282,40.96092],[-0.14267,40.96193],[-0.14329,40.96393],[-0.14424,40.96446],[-0.1464,40.967],[-0.14745,40.96749],[-0.14734,40.96575],[-0.14942,40.9642],[-0.15055,40.9625],[-0.15132,40.96237],[-0.1523,40.96029],[-0.15388,40.95941],[-0.15384,40.95874],[-0.15533,40.95731],[-0.15648,40.95546],[-0.15667,40.9536],[-0.15835,40.95181],[-0.15816,40.95098],[-0.1633,40.951],[-0.16717,40.95166],[-0.16809,40.94995],[-0.16748,40.94909],[-0.16871,40.94789],[-0.16859,40.94704],[-0.16927,40.9468],[-0.16943,40.94601],[-0.16916,40.94382],[-0.16953,40.94316],[-0.16888,40.94166],[-0.16926,40.9413],[-0.17374,40.94115],[-0.1747,40.94005],[-0.17466,40.93952],[-0.17448,40.94075],[-0.1751,40.94135],[-0.17623,40.94005],[-0.17789,40.93976],[-0.17809,40.93901],[-0.17944,40.9389],[-0.17999,40.93963],[-0.18154,40.93767],[-0.1829,40.93668],[-0.18492,40.93359],[-0.18666,40.93354],[-0.19068,40.93176],[-0.19533,40.93068],[-0.19932,40.92986],[-0.20159,40.92976],[-0.20227,40.92941],[-0.20142,40.92894],[-0.2048,40.92908],[-0.20765,40.93024],[-0.20802,40.92798],[-0.20823,40.92861],[-0.21304,40.9302],[-0.21464,40.93112],[-0.21663,40.92992],[-0.21821,40.93005],[-0.21976,40.92883],[-0.22426,40.93089],[-0.2283,40.9313],[-0.22997,40.93384],[-0.23129,40.93451],[-0.23247,40.93434],[-0.233,40.93466],[-0.23163,40.93485],[-0.23143,40.93525],[-0.23216,40.93563],[-0.23283,40.937],[-0.23925,40.93691],[-0.24632,40.93566],[-0.24909,40.93608],[-0.25053,40.93454],[-0.24926,40.93249],[-0.25041,40.93166],[-0.2598,40.93239],[-0.26089,40.93162],[-0.26405,40.9305],[-0.26612,40.92791],[-0.26929,40.9262],[-0.26828,40.92303],[-0.26659,40.92213],[-0.26722,40.92071],[-0.26782,40.92044],[-0.2678,40.91991],[-0.26715,40.91959],[-0.26757,40.9192],[-0.27,40.91967],[-0.27295,40.9194],[-0.27567,40.91977],[-0.27786,40.9181],[-0.28111,40.91651],[-0.28125,40.91513],[-0.28231,40.91447],[-0.28356,40.91404],[-0.28702,40.91424],[-0.28844,40.91381],[-0.2906,40.91416],[-0.29261,40.91383],[-0.29473,40.91259],[-0.29946,40.91209],[-0.30041,40.91091],[-0.30114,40.91135],[-0.30176,40.91119],[-0.3032,40.90885],[-0.30382,40.90887],[-0.30465,40.9098],[-0.31454,40.90551],[-0.31661,40.90578],[-0.31691,40.90646],[-0.31883,40.90706],[-0.32007,40.90858],[-0.32729,40.90953],[-0.32773,40.91015],[-0.32972,40.90846],[-0.33046,40.9064],[-0.33009,40.90466],[-0.33039,40.90494],[-0.33213,40.90447],[-0.33266,40.90377],[-0.33405,40.90323],[-0.33699,40.90282],[-0.33974,40.90076],[-0.34251,40.89962],[-0.34473,40.89938],[-0.34885,40.89766],[-0.35116,40.89772],[-0.35201,40.89726],[-0.35166,40.89485],[-0.35046,40.894],[-0.35017,40.89299],[-0.3509,40.89253],[-0.35031,40.89169],[-0.35091,40.89101],[-0.35075,40.88923],[-0.34905,40.88685],[-0.34718,40.88555],[-0.34832,40.88529],[-0.34995,40.88568],[-0.35062,40.88635],[-0.35424,40.88738],[-0.35843,40.88731],[-0.36169,40.88669],[-0.36006,40.88599],[-0.36045,40.8853],[-0.35989,40.88476],[-0.36002,40.88379],[-0.35667,40.88286],[-0.35592,40.8813],[-0.35985,40.87804],[-0.36135,40.87602],[-0.3612,40.87542],[-0.36197,40.87532],[-0.36236,40.8747],[-0.36401,40.87442],[-0.36727,40.87439],[-0.36813,40.87365],[-0.36909,40.87346],[-0.3707,40.87248],[-0.37083,40.87119],[-0.37182,40.87021],[-0.3718,40.86883],[-0.37223,40.86831],[-0.37446,40.86777],[-0.37755,40.86641],[-0.37894,40.86511],[-0.38036,40.86448],[-0.38057,40.86355],[-0.37856,40.86303],[-0.37967,40.86211],[-0.38261,40.86075],[-0.38336,40.85914],[-0.38321,40.85794],[-0.38446,40.85753],[-0.38883,40.85471],[-0.38935,40.85328],[-0.39184,40.85203],[-0.39557,40.84771],[-0.39506,40.84649],[-0.39566,40.84577],[-0.39705,40.84643],[-0.39967,40.84617],[-0.39891,40.84524],[-0.39507,40.84399],[-0.39591,40.84203],[-0.39866,40.84157],[-0.39786,40.84114],[-0.39793,40.84078],[-0.39947,40.83961],[-0.40042,40.83945],[-0.4005,40.83873],[-0.40092,40.83911],[-0.40398,40.83862],[-0.40662,40.8376],[-0.40748,40.83649],[-0.41175,40.83352],[-0.41265,40.83352],[-0.41413,40.83276],[-0.41598,40.8326],[-0.41829,40.83169],[-0.41874,40.83104],[-0.4213,40.83047],[-0.42353,40.82841],[-0.42402,40.82693],[-0.42539,40.82643],[-0.42921,40.8263],[-0.43198,40.8254],[-0.43363,40.8244],[-0.43432,40.82448],[-0.43797,40.82318],[-0.43925,40.82186],[-0.44363,40.81889],[-0.44644,40.81845],[-0.44954,40.81961],[-0.45072,40.81855],[-0.45295,40.81812],[-0.45489,40.81723],[-0.45525,40.81538],[-0.45704,40.81253],[-0.45861,40.81199],[-0.45987,40.81067],[-0.46065,40.81046],[-0.46178,40.80899],[-0.46334,40.80799],[-0.46361,40.80726],[-0.46465,40.80711],[-0.46626,40.80605],[-0.46797,40.80329],[-0.47191,40.80009],[-0.47659,40.79816],[-0.47925,40.79576],[-0.48073,40.79105],[-0.48302,40.78797],[-0.4856,40.78614],[-0.4858,40.78465],[-0.48653,40.78434],[-0.48812,40.78444],[-0.48921,40.78286],[-0.49076,40.78201],[-0.49316,40.77926],[-0.49288,40.77641],[-0.49328,40.77465],[-0.49736,40.77303],[-0.49738,40.77239],[-0.49955,40.7708],[-0.5,40.76937],[-0.50098,40.76875],[-0.50244,40.76643],[-0.50461,40.76533],[-0.5054,40.76572],[-0.5088,40.76472],[-0.51053,40.76372],[-0.51352,40.76343],[-0.51847,40.7621],[-0.51903,40.76245],[-0.52216,40.7628],[-0.5252,40.76235],[-0.52485,40.76367],[-0.52632,40.7641],[-0.52988,40.76343],[-0.53585,40.76381],[-0.5362,40.76329],[-0.53782,40.7628],[-0.53967,40.7611],[-0.54072,40.7607],[-0.54197,40.75962],[-0.53631,40.75756],[-0.53643,40.75649],[-0.53827,40.75591],[-0.5378,40.75497],[-0.53817,40.75392],[-0.53711,40.75098],[-0.53771,40.7503],[-0.54002,40.74918],[-0.54075,40.74785],[-0.54045,40.74669],[-0.54082,40.7447],[-0.54306,40.7422],[-0.543,40.74088],[-0.54381,40.73874],[-0.54508,40.73762],[-0.54695,40.73701],[-0.54846,40.73702],[-0.55484,40.73827],[-0.55472,40.73736],[-0.55606,40.73624],[-0.55904,40.73677],[-0.56169,40.73553],[-0.56155,40.73488],[-0.56238,40.73379],[-0.56543,40.73384],[-0.565,40.73486],[-0.56727,40.7346],[-0.56938,40.73565],[-0.56944,40.73666],[-0.56868,40.7381],[-0.57061,40.73885],[-0.56686,40.73922],[-0.56686,40.7399],[-0.568,40.74036],[-0.56793,40.74135],[-0.5731,40.74381],[-0.57459,40.74519],[-0.57797,40.74681],[-0.58281,40.74644],[-0.58499,40.74555],[-0.58542,40.74488],[-0.58797,40.74329],[-0.58881,40.74328],[-0.58962,40.74378],[-0.59005,40.74475],[-0.59109,40.74389],[-0.59264,40.7438],[-0.59261,40.74424],[-0.59663,40.74193],[-0.59725,40.74081],[-0.59869,40.74065],[-0.5994,40.73928],[-0.5982,40.73741],[-0.59876,40.73725],[-0.59947,40.73757],[-0.59991,40.73579],[-0.60302,40.73336],[-0.60351,40.73206],[-0.60446,40.73231],[-0.60488,40.73192],[-0.6055,40.73198],[-0.60808,40.73283],[-0.60921,40.72982],[-0.61252,40.72691],[-0.61634,40.72174],[-0.6173,40.71839],[-0.61728,40.7164],[-0.61848,40.71432],[-0.61823,40.71001],[-0.6173,40.70907],[-0.61795,40.70699],[-0.61889,40.70559],[-0.62031,40.70634],[-0.62067,40.70582],[-0.62177,40.70648],[-0.62116,40.70326],[-0.61799,40.70072],[-0.61638,40.69993],[-0.61537,40.7002],[-0.61432,40.70002],[-0.61355,40.69905],[-0.61307,40.69625],[-0.61226,40.69589],[-0.61344,40.6954],[-0.61385,40.69467],[-0.61338,40.69319],[-0.61395,40.6935],[-0.61413,40.69298],[-0.61462,40.6935],[-0.61482,40.69177],[-0.61406,40.69043],[-0.61948,40.69052],[-0.62665,40.69235],[-0.62791,40.69117],[-0.62915,40.69078],[-0.63444,40.69161],[-0.63976,40.69114],[-0.64139,40.6925],[-0.6437,40.69259],[-0.64495,40.69436],[-0.64638,40.69446],[-0.64779,40.69578],[-0.64974,40.69562],[-0.65165,40.69633],[-0.65335,40.69614],[-0.65573,40.69649],[-0.65734,40.69702],[-0.65801,40.69819],[-0.66221,40.69909],[-0.66417,40.70076],[-0.66789,40.70065],[-0.67761,40.70239],[-0.67856,40.69883],[-0.67636,40.69877],[-0.67569,40.69829],[-0.67751,40.69602],[-0.67685,40.69416],[-0.67753,40.69254],[-0.67739,40.68911],[-0.67804,40.68739],[-0.67982,40.68641],[-0.68146,40.68486],[-0.68304,40.68442],[-0.68317,40.68313],[-0.68409,40.68265],[-0.68473,40.68154],[-0.68452,40.68015],[-0.68538,40.68013],[-0.68945,40.68198],[-0.69037,40.68207],[-0.69114,40.68088],[-0.69236,40.68022],[-0.69456,40.68105],[-0.69563,40.68052],[-0.69737,40.68067],[-0.69848,40.68001],[-0.70036,40.67615],[-0.703,40.67401],[-0.70441,40.67131],[-0.70314,40.67027],[-0.70209,40.67025],[-0.7014,40.66854],[-0.70164,40.66742],[-0.70528,40.66468],[-0.70664,40.66286],[-0.70572,40.66086],[-0.70602,40.65963],[-0.70511,40.65657],[-0.70785,40.65463],[-0.70812,40.65324],[-0.70906,40.6522],[-0.70785,40.65013],[-0.70914,40.64639],[-0.70958,40.64197],[-0.70759,40.63895],[-0.70843,40.63684],[-0.71192,40.63457],[-0.71265,40.63192],[-0.71293,40.62615],[-0.71175,40.61923],[-0.71297,40.61615],[-0.71273,40.61494],[-0.71331,40.61003],[-0.71317,40.60801],[-0.70911,40.60315],[-0.70606,40.60067],[-0.7024,40.59988],[-0.70298,40.59751],[-0.70191,40.59527],[-0.70138,40.59267],[-0.69909,40.59009],[-0.69691,40.58017],[-0.69536,40.5773],[-0.69575,40.5752],[-0.69989,40.57518],[-0.70325,40.57361],[-0.70391,40.57379],[-0.71012,40.56952],[-0.71092,40.56932],[-0.71249,40.56782],[-0.71389,40.56735],[-0.71685,40.56721],[-0.71884,40.56671],[-0.71891,40.56706],[-0.72103,40.56819],[-0.72329,40.56895],[-0.72356,40.56856],[-0.72304,40.56778],[-0.72309,40.56626],[-0.72542,40.56423],[-0.7278,40.56384],[-0.73359,40.56384],[-0.73791,40.56303],[-0.73917,40.56323],[-0.74061,40.56249],[-0.74216,40.56314],[-0.74424,40.56236],[-0.74503,40.56139],[-0.75105,40.55922],[-0.75227,40.55818],[-0.75356,40.55845],[-0.75416,40.55896],[-0.75548,40.55873],[-0.75605,40.55804],[-0.75564,40.55708],[-0.75746,40.558],[-0.75787,40.55776],[-0.75859,40.5556],[-0.7581,40.55411],[-0.76053,40.55746],[-0.7634,40.55665],[-0.7646,40.559],[-0.76375,40.56029],[-0.76503,40.56087],[-0.76618,40.56285],[-0.77154,40.56287],[-0.77388,40.56254],[-0.77719,40.56104],[-0.77803,40.56128],[-0.77866,40.56047],[-0.77976,40.56041],[-0.78024,40.56082],[-0.78173,40.56053],[-0.78303,40.56121],[-0.78527,40.55888],[-0.79013,40.55701],[-0.79156,40.55348],[-0.78984,40.55136],[-0.79083,40.54983],[-0.79055,40.54737],[-0.79126,40.54476],[-0.7924,40.5426],[-0.79242,40.54175],[-0.79406,40.53906],[-0.79523,40.53502],[-0.79734,40.53098],[-0.80207,40.52943],[-0.80606,40.52886],[-0.80947,40.5266],[-0.81021,40.5264],[-0.81136,40.52684],[-0.81099,40.5258],[-0.8114,40.5257],[-0.81373,40.52573],[-0.81402,40.52544],[-0.81454,40.52605],[-0.82042,40.52707],[-0.82294,40.51953],[-0.82452,40.51664],[-0.82527,40.51352],[-0.82674,40.51061],[-0.82939,40.49993],[-0.82888,40.49872],[-0.82867,40.49489],[-0.83023,40.49074],[-0.83045,40.48544],[-0.82943,40.48235],[-0.8302,40.47955],[-0.82881,40.4765],[-0.8299,40.47368],[-0.8392,40.47349],[-0.84019,40.47157],[-0.84316,40.47256],[-0.84753,40.47157],[-0.8448,40.46183],[-0.84519,40.45752],[-0.85401,40.45718],[-0.85258,40.44882],[-0.85018,40.44309],[-0.84862,40.44162],[-0.84907,40.44058],[-0.84841,40.43912],[-0.84914,40.43799],[-0.84762,40.43722],[-0.84549,40.43528],[-0.84504,40.43219],[-0.84292,40.42973],[-0.84095,40.42911],[-0.84033,40.42813],[-0.83915,40.42785],[-0.83204,40.42737],[-0.83174,40.42639],[-0.83055,40.42596],[-0.82851,40.42414],[-0.82362,40.42108],[-0.82296,40.41902],[-0.82201,40.41813],[-0.82036,40.41748],[-0.81902,40.41566],[-0.80845,40.41034],[-0.80416,40.40973],[-0.80265,40.40914],[-0.80046,40.40915],[-0.79714,40.40849],[-0.79554,40.40887],[-0.79589,40.40953],[-0.79436,40.40961],[-0.79255,40.40903],[-0.79273,40.40862],[-0.79383,40.40836],[-0.79174,40.40715],[-0.78911,40.40676],[-0.78392,40.40718],[-0.7825,40.40673],[-0.77663,40.40622],[-0.7737,40.40514],[-0.77175,40.40348],[-0.77032,40.40205],[-0.76905,40.3997],[-0.7697,40.39771],[-0.76783,40.3956],[-0.7684,40.39388],[-0.76784,40.39056],[-0.76842,40.38851],[-0.7704,40.38661],[-0.77231,40.38606],[-0.7719,40.38474],[-0.77328,40.38372],[-0.77339,40.38283],[-0.77097,40.37954],[-0.77234,40.37814],[-0.77312,40.37645],[-0.77206,40.37525],[-0.76978,40.37445],[-0.76903,40.37332],[-0.76715,40.37265],[-0.76519,40.37047],[-0.76368,40.36993],[-0.76186,40.37033],[-0.76027,40.36894],[-0.75863,40.36918],[-0.75765,40.36715],[-0.75613,40.36629],[-0.75733,40.36578],[-0.75734,40.36544],[-0.7548,40.3644],[-0.74968,40.36531],[-0.74812,40.36439],[-0.74758,40.36188],[-0.75076,40.35945],[-0.75025,40.35898],[-0.75072,40.3571],[-0.74481,40.35949],[-0.7428,40.36103],[-0.74227,40.36346],[-0.74336,40.36473],[-0.74407,40.36737],[-0.74055,40.36738],[-0.73818,40.36511],[-0.73659,40.36472],[-0.73461,40.36499],[-0.73339,40.36613],[-0.7296,40.36668],[-0.72765,40.36584],[-0.72648,40.36711],[-0.72711,40.36955],[-0.72628,40.37041],[-0.72457,40.37059],[-0.72395,40.37126],[-0.72182,40.37078],[-0.72001,40.37103],[-0.71652,40.37057],[-0.71231,40.36749],[-0.70817,40.36582],[-0.70589,40.36538],[-0.7033,40.36226],[-0.70098,40.36163],[-0.70111,40.35988],[-0.70044,40.35885],[-0.70012,40.35557],[-0.70075,40.35404],[-0.70121,40.35376],[-0.70362,40.35396],[-0.70755,40.35238],[-0.70981,40.35266],[-0.71306,40.352],[-0.71375,40.35113],[-0.71297,40.34864],[-0.7101,40.34608],[-0.70876,40.34394],[-0.70587,40.34199],[-0.70122,40.33977],[-0.69881,40.33653],[-0.69793,40.33611],[-0.69639,40.3341],[-0.69618,40.33279],[-0.69764,40.33084],[-0.69748,40.33024],[-0.69571,40.32934],[-0.69505,40.32944],[-0.69429,40.3289],[-0.69257,40.32854],[-0.69297,40.32654],[-0.69018,40.32711],[-0.68893,40.32627],[-0.68991,40.32632],[-0.69091,40.32579],[-0.69183,40.32364],[-0.69032,40.32322],[-0.68949,40.32237],[-0.68811,40.32255],[-0.68705,40.32134],[-0.68467,40.32054],[-0.68162,40.32088],[-0.68116,40.31793],[-0.68202,40.31715],[-0.68236,40.31498],[-0.68129,40.31281],[-0.68018,40.30836],[-0.67897,40.30743],[-0.67627,40.30659],[-0.67614,40.30602],[-0.67736,40.30426],[-0.6775,40.30327],[-0.67674,40.30259],[-0.67431,40.30208],[-0.67286,40.30088],[-0.67333,40.29979],[-0.67308,40.29803],[-0.67116,40.29663],[-0.6707,40.29557],[-0.67184,40.29298],[-0.67276,40.29255],[-0.67164,40.29206],[-0.67134,40.2913],[-0.67124,40.29007],[-0.6722,40.28919],[-0.67037,40.28885],[-0.67131,40.28799],[-0.67027,40.2877],[-0.67161,40.28725],[-0.6756,40.28296],[-0.67571,40.28164],[-0.67396,40.28036],[-0.67392,40.27989],[-0.67605,40.2801],[-0.6758,40.27864],[-0.67724,40.27858],[-0.6794,40.27932],[-0.68049,40.2787],[-0.6812,40.27887],[-0.68213,40.27717],[-0.68615,40.27459],[-0.68678,40.27314],[-0.68618,40.27316],[-0.6863,40.27287],[-0.68836,40.27109],[-0.69572,40.26115],[-0.6989,40.2607],[-0.70401,40.25877],[-0.70614,40.26098],[-0.70782,40.26141],[-0.70844,40.26125],[-0.70813,40.25955],[-0.70679,40.25756],[-0.70534,40.25409],[-0.70458,40.25102],[-0.70529,40.24894],[-0.70898,40.2463],[-0.71083,40.24682],[-0.71218,40.24585],[-0.71525,40.24555],[-0.71615,40.24508],[-0.71736,40.24498],[-0.71955,40.24543],[-0.72481,40.24433],[-0.72862,40.24191],[-0.73381,40.24002],[-0.73018,40.23752],[-0.72497,40.23144],[-0.72249,40.22984],[-0.72042,40.22904],[-0.71874,40.22888],[-0.71196,40.22942],[-0.70785,40.22807],[-0.70772,40.2277],[-0.70863,40.22646],[-0.70862,40.22486],[-0.70911,40.22457],[-0.70853,40.22369],[-0.70837,40.22207],[-0.70941,40.2212],[-0.7112,40.2179],[-0.71296,40.21674],[-0.71246,40.21621],[-0.71324,40.21398],[-0.71519,40.21315],[-0.7154,40.20971],[-0.71495,40.20835],[-0.71723,40.20568],[-0.71822,40.19996],[-0.71906,40.19884],[-0.72088,40.19846],[-0.72155,40.19721],[-0.72027,40.19586],[-0.71906,40.19336],[-0.71894,40.19137],[-0.72003,40.19007],[-0.72021,40.18877],[-0.7159,40.18525],[-0.71569,40.18573],[-0.71323,40.18242],[-0.71329,40.18168],[-0.71254,40.18112],[-0.71205,40.18126],[-0.71144,40.17869],[-0.7099,40.17572],[-0.70971,40.1743],[-0.71026,40.1724],[-0.70953,40.17078],[-0.70996,40.16962],[-0.70965,40.1673],[-0.71008,40.16526],[-0.70965,40.16266],[-0.7088,40.16141],[-0.70874,40.15589],[-0.70789,40.15413],[-0.70886,40.15246],[-0.70789,40.1494],[-0.70619,40.14916],[-0.70735,40.14655],[-0.70519,40.14547],[-0.70658,40.14474],[-0.70634,40.14376],[-0.7079,40.14346],[-0.70978,40.14058],[-0.71325,40.13942],[-0.71383,40.13983],[-0.71455,40.14159],[-0.7156,40.14178],[-0.71723,40.14034],[-0.71598,40.13921],[-0.71622,40.13854],[-0.71916,40.13783],[-0.72187,40.13907],[-0.72465,40.13755],[-0.72659,40.13726],[-0.72733,40.13803],[-0.73246,40.13901],[-0.73362,40.14007],[-0.73324,40.14162],[-0.73488,40.14233],[-0.73728,40.14186],[-0.7396,40.1419],[-0.73975,40.14338],[-0.73806,40.14454],[-0.73976,40.14427],[-0.74028,40.14468],[-0.742,40.14776],[-0.74565,40.14815],[-0.74763,40.14873],[-0.74902,40.14875],[-0.75177,40.14697],[-0.75262,40.14592],[-0.75483,40.1451],[-0.7561,40.14374],[-0.75828,40.14361],[-0.76196,40.14254],[-0.76398,40.14246],[-0.76723,40.14087],[-0.76993,40.14106],[-0.77305,40.14035],[-0.77491,40.14161],[-0.77819,40.14142],[-0.78303,40.14203],[-0.78682,40.14132],[-0.78794,40.14076],[-0.79072,40.14195],[-0.79331,40.14185],[-0.79918,40.14384],[-0.80076,40.14399],[-0.80205,40.14388],[-0.80245,40.14081],[-0.80345,40.14053],[-0.80573,40.14102],[-0.81171,40.14428],[-0.81328,40.14472],[-0.81338,40.14304],[-0.81402,40.14214],[-0.81719,40.14388],[-0.81791,40.14245],[-0.81827,40.14242],[-0.8183,40.14083],[-0.81984,40.14],[-0.82342,40.13621],[-0.82603,40.13476],[-0.82963,40.13368],[-0.83198,40.13247],[-0.83365,40.13247],[-0.83715,40.13116],[-0.83863,40.13225],[-0.84063,40.13247],[-0.85225,40.13256],[-0.8559,40.1322],[-0.86011,40.13124],[-0.86379,40.12983],[-0.86879,40.1294],[-0.87286,40.12821],[-0.87575,40.12696],[-0.87862,40.12503],[-0.89033,40.12322],[-0.89126,40.12172],[-0.89302,40.12051],[-0.89447,40.11852],[-0.89762,40.11575],[-0.89934,40.11301],[-0.90439,40.11111],[-0.90622,40.10875],[-0.90752,40.1078],[-0.90976,40.10687],[-0.91421,40.10627],[-0.91552,40.10581],[-0.91589,40.10516],[-0.91802,40.10447],[-0.92324,40.10575],[-0.92556,40.10696],[-0.92895,40.10753],[-0.93004,40.10814],[-0.9305,40.10958],[-0.9314,40.11056],[-0.93041,40.11207],[-0.93146,40.11563],[-0.93253,40.11577],[-0.93453,40.11444],[-0.93654,40.11452],[-0.93947,40.11533],[-0.94003,40.1167],[-0.94146,40.11755],[-0.9414,40.11893],[-0.94255,40.12197],[-0.94232,40.12326],[-0.9429,40.12562],[-0.9455,40.12657],[-0.94787,40.12627],[-0.94925,40.12654],[-0.9499,40.1274],[-0.95092,40.12778],[-0.95782,40.12592],[-0.95849,40.1251],[-0.96217,40.12478],[-0.96394,40.12401],[-0.96516,40.12428],[-0.96662,40.12543],[-0.96916,40.12589],[-0.97045,40.12567],[-0.97142,40.12431],[-0.97251,40.12382],[-0.97494,40.12399],[-0.97835,40.12306],[-0.97951,40.12435],[-0.98054,40.12458],[-0.98287,40.12366],[-0.98465,40.12455],[-0.98728,40.12371],[-0.98918,40.12351],[-0.99044,40.12385],[-0.99206,40.12497],[-0.99396,40.12757],[-0.99629,40.13231],[-0.99635,40.1338],[-1.00083,40.13141],[-1.00245,40.13003],[-1.00524,40.12326],[-1.00542,40.11673],[-1.00384,40.11215],[-1.00461,40.11063],[-1.00315,40.10902],[-1.00347,40.10863],[-1.00587,40.1089],[-1.00773,40.10842],[-1.00921,40.10898],[-1.00869,40.10741],[-1.00613,40.10708],[-1.00483,40.1046],[-1.00739,40.10267],[-1.01089,40.10213],[-1.01227,40.10139],[-1.01292,40.10261],[-1.0145,40.10358],[-1.01655,40.10392],[-1.01816,40.10484],[-1.02107,40.1076],[-1.02503,40.10687],[-1.02526,40.10649],[-1.02411,40.10437],[-1.02486,40.10026],[-1.02361,40.09652],[-1.02383,40.09624],[-1.02605,40.09619],[-1.02785,40.09512],[-1.02905,40.09225],[-1.03181,40.09115],[-1.03197,40.08984],[-1.03099,40.08938],[-1.03063,40.08864],[-1.03194,40.08698],[-1.03326,40.08667],[-1.03429,40.08553],[-1.03392,40.08421],[-1.03325,40.08379],[-1.03203,40.08154],[-1.03206,40.07869],[-1.03324,40.07716],[-1.03304,40.07686],[-1.0335,40.07694],[-1.03336,40.07886],[-1.03574,40.07912],[-1.03655,40.08007],[-1.03697,40.07999],[-1.03818,40.07779],[-1.03965,40.07674],[-1.04006,40.07575],[-1.04382,40.07204],[-1.04499,40.07176],[-1.04593,40.07021],[-1.04811,40.06846],[-1.04749,40.06617],[-1.04846,40.06563],[-1.04851,40.06471],[-1.04973,40.06421],[-1.04945,40.06342],[-1.05096,40.06099],[-1.05229,40.06028],[-1.05392,40.06006],[-1.05892,40.06104],[-1.05815,40.06001],[-1.05521,40.05791],[-1.05793,40.05806],[-1.05879,40.05843],[-1.05864,40.05807],[-1.05904,40.05811],[-1.06064,40.05997],[-1.06272,40.05948],[-1.06754,40.06009],[-1.07011,40.05954],[-1.07012,40.05733],[-1.07277,40.06165],[-1.07479,40.06259],[-1.0754,40.06374],[-1.07991,40.06781],[-1.07961,40.0685],[-1.07896,40.06826],[-1.07756,40.06908],[-1.07854,40.06914],[-1.08038,40.06998],[-1.08203,40.06975],[-1.08267,40.0702],[-1.08281,40.07104],[-1.07973,40.07485],[-1.07801,40.07956],[-1.07829,40.08191],[-1.07911,40.08057],[-1.08073,40.08332],[-1.08276,40.08412],[-1.0832,40.08483],[-1.08133,40.08416],[-1.07992,40.08552],[-1.07697,40.0867],[-1.06953,40.08677],[-1.0711,40.08845],[-1.07107,40.0914],[-1.06894,40.09198],[-1.06552,40.09421],[-1.06297,40.09441],[-1.06305,40.09554],[-1.07093,40.09652],[-1.07536,40.09527],[-1.07892,40.09378],[-1.08198,40.09323],[-1.08367,40.09331],[-1.08499,40.09417],[-1.0853,40.09485],[-1.0862,40.09464],[-1.08768,40.09496],[-1.091,40.0976],[-1.09589,40.09907],[-1.09652,40.09998],[-1.09886,40.10036],[-1.1003,40.10018],[-1.10111,40.10074],[-1.10333,40.10047],[-1.10556,40.10083],[-1.10592,40.09994],[-1.10747,40.10004],[-1.10858,40.09965],[-1.11078,40.09985],[-1.11214,40.09847],[-1.11377,40.09922],[-1.11545,40.09785],[-1.11624,40.09845],[-1.11631,40.09985],[-1.11569,40.10068],[-1.11595,40.10141],[-1.11556,40.10288],[-1.11805,40.1026],[-1.11934,40.1039],[-1.12034,40.10347],[-1.12064,40.10238],[-1.12139,40.10203],[-1.12191,40.10102],[-1.12156,40.10024],[-1.12407,40.10047],[-1.12406,40.10018],[-1.12221,40.09949],[-1.12351,40.09869],[-1.12389,40.09744],[-1.12503,40.09732],[-1.12539,40.09801],[-1.12384,40.0992],[-1.1268,40.09963],[-1.12674,40.10165],[-1.12839,40.1024],[-1.12922,40.10368],[-1.13058,40.10456],[-1.13224,40.10472],[-1.13408,40.10608],[-1.13557,40.10623],[-1.13768,40.10773],[-1.13827,40.10866],[-1.14147,40.10994],[-1.14587,40.1132],[-1.14476,40.11133],[-1.14711,40.11258],[-1.14698,40.1134],[-1.14767,40.11408],[-1.15151,40.11524],[-1.15035,40.11662],[-1.15137,40.11723],[-1.15171,40.11804],[-1.15206,40.11796],[-1.15214,40.11686],[-1.15325,40.11607],[-1.15702,40.11786],[-1.15825,40.11971],[-1.15898,40.12011],[-1.16107,40.12035],[-1.16357,40.11917],[-1.16683,40.11994],[-1.16989,40.12107],[-1.17058,40.12196],[-1.17159,40.12179],[-1.17211,40.12268],[-1.17204,40.12414],[-1.1726,40.12454],[-1.17479,40.12348],[-1.17577,40.12347],[-1.17719,40.12218],[-1.17896,40.12339],[-1.18003,40.12314],[-1.18247,40.12445],[-1.18313,40.1266],[-1.1842,40.12611],[-1.18526,40.12636],[-1.18668,40.12561],[-1.18722,40.12332],[-1.18783,40.12306],[-1.18995,40.12368],[-1.19029,40.12471],[-1.1925,40.12354],[-1.19269,40.12413],[-1.1935,40.12418],[-1.19407,40.12496],[-1.19731,40.12586],[-1.19824,40.12702],[-1.19823,40.12771],[-1.20023,40.1277],[-1.20364,40.12704],[-1.20481,40.12732],[-1.20748,40.13013],[-1.20735,40.13061],[-1.20477,40.1311],[-1.20417,40.1326],[-1.20567,40.13183],[-1.20717,40.13223],[-1.20759,40.13273],[-1.21001,40.13225],[-1.21244,40.13322],[-1.21374,40.13428],[-1.21487,40.13574],[-1.21497,40.13658],[-1.21564,40.13598],[-1.21732,40.13567],[-1.21853,40.13599],[-1.21892,40.1372],[-1.22195,40.13697],[-1.22204,40.13844],[-1.22414,40.13788],[-1.2244,40.1389],[-1.22593,40.13861],[-1.22691,40.13885],[-1.22691,40.14002],[-1.22785,40.1405],[-1.22804,40.14124],[-1.22564,40.14053],[-1.22514,40.141],[-1.22511,40.14206],[-1.22569,40.14315],[-1.22716,40.14335],[-1.22869,40.14278],[-1.23026,40.14292],[-1.23176,40.14222],[-1.23334,40.14209],[-1.2353,40.14255],[-1.23642,40.14324],[-1.23961,40.1425],[-1.24612,40.14377]]}},{"type":"Feature","properties":{"name":"TET_E-21-CM_20241226","country":"ES","lengthKm":264.4},"geometry":{"type":"LineString","coordinates":[[-1.24612,40.14377],[-1.24884,40.13984],[-1.25011,40.13912],[-1.25056,40.13833],[-1.25054,40.13505],[-1.24862,40.12968],[-1.24847,40.12752],[-1.25098,40.12588],[-1.25603,40.1252],[-1.25791,40.12449],[-1.26053,40.12204],[-1.26136,40.12065],[-1.2615,40.11919],[-1.26091,40.11741],[-1.25909,40.11543],[-1.25666,40.11395],[-1.25602,40.11288],[-1.25699,40.10981],[-1.25726,40.10625],[-1.25875,40.09935],[-1.25818,40.09549],[-1.25976,40.09481],[-1.26377,40.09457],[-1.26418,40.09306],[-1.26569,40.09136],[-1.26715,40.09112],[-1.26923,40.09162],[-1.26803,40.09092],[-1.26697,40.0893],[-1.26685,40.08689],[-1.26589,40.08555],[-1.26551,40.08375],[-1.26606,40.08081],[-1.26908,40.07816],[-1.26984,40.0767],[-1.27167,40.0756],[-1.27311,40.07293],[-1.27633,40.07021],[-1.28202,40.06622],[-1.28405,40.06568],[-1.28547,40.0628],[-1.28539,40.06005],[-1.28661,40.05877],[-1.28811,40.05892],[-1.28904,40.05961],[-1.2904,40.06198],[-1.2918,40.06319],[-1.29581,40.06478],[-1.29615,40.06433],[-1.29389,40.06248],[-1.29353,40.06048],[-1.29447,40.05887],[-1.29542,40.05827],[-1.29668,40.05835],[-1.29824,40.0579],[-1.29951,40.05864],[-1.30221,40.05903],[-1.30292,40.05956],[-1.30442,40.05822],[-1.3051,40.05807],[-1.30733,40.05899],[-1.30842,40.0602],[-1.30925,40.05895],[-1.31065,40.05859],[-1.3101,40.05775],[-1.31062,40.05735],[-1.31413,40.05668],[-1.31745,40.05773],[-1.31951,40.05653],[-1.3221,40.05593],[-1.3236,40.05878],[-1.32614,40.05979],[-1.32715,40.06151],[-1.32924,40.06145],[-1.33045,40.0607],[-1.33295,40.06289],[-1.33423,40.06313],[-1.3376,40.06256],[-1.33789,40.0621],[-1.34028,40.06238],[-1.34164,40.06135],[-1.34319,40.06122],[-1.34447,40.06156],[-1.3486,40.0604],[-1.34885,40.05969],[-1.35042,40.05932],[-1.35006,40.05804],[-1.35306,40.05577],[-1.35349,40.05491],[-1.3536,40.05203],[-1.35221,40.05082],[-1.35074,40.05039],[-1.34944,40.04949],[-1.34838,40.04826],[-1.34883,40.04686],[-1.35074,40.04698],[-1.3524,40.04612],[-1.35357,40.04605],[-1.35398,40.04498],[-1.35509,40.04467],[-1.35282,40.04381],[-1.352,40.04311],[-1.35137,40.0409],[-1.35473,40.03999],[-1.35398,40.03923],[-1.35463,40.03812],[-1.35187,40.0377],[-1.3512,40.03616],[-1.35142,40.03504],[-1.35211,40.03435],[-1.35531,40.03297],[-1.3551,40.03266],[-1.35348,40.0328],[-1.35306,40.03243],[-1.35449,40.02991],[-1.3548,40.02796],[-1.35389,40.02661],[-1.35484,40.02156],[-1.35465,40.02029],[-1.35282,40.01808],[-1.35282,40.01612],[-1.3517,40.01361],[-1.3466,40.00732],[-1.34624,40.00574],[-1.34338,40.0046],[-1.34308,40.00046],[-1.33995,39.9962],[-1.33317,39.99201],[-1.33077,39.98983],[-1.33047,39.98857],[-1.3316,39.98794],[-1.33262,39.9886],[-1.33427,39.98868],[-1.3361,39.98582],[-1.33779,39.98431],[-1.34017,39.9805],[-1.34176,39.97998],[-1.34379,39.97829],[-1.34419,39.97626],[-1.34355,39.97399],[-1.34418,39.97293],[-1.33983,39.97141],[-1.33674,39.9691],[-1.33742,39.96759],[-1.33981,39.96503],[-1.34419,39.96135],[-1.35054,39.96003],[-1.35073,39.96313],[-1.35192,39.96328],[-1.35361,39.96391],[-1.35408,39.96452],[-1.35592,39.96502],[-1.35762,39.96466],[-1.36058,39.9628],[-1.36236,39.96382],[-1.36357,39.96398],[-1.36712,39.96316],[-1.36907,39.9633],[-1.37026,39.96447],[-1.37229,39.96416],[-1.37296,39.96291],[-1.37318,39.9615],[-1.37248,39.96034],[-1.37362,39.95782],[-1.37332,39.95618],[-1.37497,39.95191],[-1.3749,39.9513],[-1.37378,39.95091],[-1.37502,39.94797],[-1.37494,39.9464],[-1.37415,39.94391],[-1.37337,39.94302],[-1.37305,39.94045],[-1.3711,39.9377],[-1.36707,39.93391],[-1.36772,39.933],[-1.36782,39.92893],[-1.36869,39.92798],[-1.36564,39.92487],[-1.36473,39.92246],[-1.36765,39.91517],[-1.36749,39.91309],[-1.36828,39.91161],[-1.36774,39.90977],[-1.36821,39.90817],[-1.36682,39.90631],[-1.36762,39.90314],[-1.36693,39.89926],[-1.36626,39.89789],[-1.36724,39.89202],[-1.36663,39.88986],[-1.3668,39.88726],[-1.36563,39.88209],[-1.36688,39.87723],[-1.36701,39.86976],[-1.36622,39.86579],[-1.3661,39.86206],[-1.36637,39.86058],[-1.36779,39.85801],[-1.36779,39.85706],[-1.37278,39.8498],[-1.37276,39.84845],[-1.37366,39.8456],[-1.37524,39.84278],[-1.37489,39.84098],[-1.37641,39.83516],[-1.37632,39.83024],[-1.37422,39.82598],[-1.37516,39.82406],[-1.3734,39.82244],[-1.37267,39.82044],[-1.37326,39.8171],[-1.37613,39.81491],[-1.37614,39.81428],[-1.3766,39.81589],[-1.37732,39.81587],[-1.37794,39.81708],[-1.38303,39.81777],[-1.38588,39.81435],[-1.38889,39.81386],[-1.39199,39.81414],[-1.3917,39.81191],[-1.39201,39.81131],[-1.39766,39.8058],[-1.39725,39.80299],[-1.39832,39.80237],[-1.39951,39.8023],[-1.40091,39.8005],[-1.40324,39.79958],[-1.40316,39.79811],[-1.4045,39.79725],[-1.40623,39.79682],[-1.40719,39.79524],[-1.40837,39.79431],[-1.40931,39.79417],[-1.40785,39.79249],[-1.40775,39.79109],[-1.40545,39.78966],[-1.40589,39.78777],[-1.40554,39.78661],[-1.407,39.78496],[-1.40922,39.78454],[-1.41121,39.78299],[-1.41243,39.78055],[-1.41411,39.77971],[-1.41683,39.77545],[-1.42161,39.76931],[-1.4242,39.767],[-1.42365,39.76709],[-1.42196,39.76529],[-1.42009,39.76468],[-1.41973,39.76292],[-1.4186,39.76343],[-1.4184,39.76474],[-1.41774,39.76511],[-1.41739,39.76404],[-1.41718,39.76435],[-1.41435,39.7645],[-1.41575,39.76372],[-1.41654,39.76239],[-1.41568,39.75779],[-1.41448,39.75569],[-1.4173,39.75496],[-1.41808,39.75429],[-1.41756,39.75281],[-1.41603,39.75179],[-1.41523,39.75194],[-1.41509,39.75144],[-1.41641,39.75001],[-1.42014,39.74901],[-1.42398,39.74358],[-1.42468,39.73931],[-1.42823,39.73723],[-1.42942,39.73608],[-1.4319,39.73036],[-1.43553,39.7289],[-1.43707,39.72783],[-1.43798,39.72544],[-1.43847,39.72149],[-1.43533,39.71978],[-1.43416,39.71839],[-1.43391,39.71743],[-1.43237,39.71632],[-1.42941,39.71508],[-1.42479,39.71442],[-1.42029,39.71326],[-1.41236,39.71447],[-1.41037,39.71623],[-1.40904,39.71582],[-1.40847,39.71651],[-1.40673,39.71703],[-1.40447,39.71609],[-1.4019,39.71417],[-1.40131,39.71305],[-1.39822,39.7118],[-1.3952,39.70904],[-1.39147,39.70804],[-1.3908,39.70748],[-1.38971,39.70529],[-1.39012,39.70374],[-1.38958,39.70117],[-1.3902,39.69806],[-1.38978,39.69753],[-1.38889,39.69198],[-1.38936,39.69026],[-1.39053,39.6879],[-1.39246,39.68629],[-1.39406,39.68273],[-1.39758,39.68129],[-1.40174,39.67624],[-1.40167,39.67488],[-1.40471,39.67333],[-1.40466,39.6729],[-1.40363,39.67263],[-1.40406,39.67184],[-1.40629,39.67002],[-1.4064,39.66649],[-1.40703,39.66524],[-1.40806,39.6646],[-1.40814,39.66301],[-1.40759,39.66213],[-1.4055,39.66046],[-1.40397,39.66014],[-1.40393,39.65874],[-1.4063,39.65767],[-1.40651,39.65719],[-1.40498,39.65269],[-1.40104,39.64941],[-1.40239,39.64774],[-1.39889,39.64484],[-1.39746,39.64495],[-1.3965,39.64464],[-1.39551,39.6451],[-1.38952,39.64062],[-1.38266,39.63686],[-1.37878,39.63907],[-1.37254,39.63753],[-1.36901,39.63589],[-1.3626,39.6346],[-1.35552,39.63116],[-1.35058,39.63107],[-1.34825,39.62954],[-1.34628,39.62711],[-1.34342,39.62536],[-1.34278,39.62434],[-1.34116,39.62433],[-1.34086,39.62277],[-1.3393,39.62102],[-1.3395,39.62029],[-1.33796,39.61694],[-1.33623,39.61594],[-1.33587,39.61313],[-1.33481,39.6104],[-1.33361,39.60941],[-1.33292,39.60791],[-1.3321,39.60745],[-1.32984,39.60452],[-1.33049,39.6029],[-1.33044,39.6012],[-1.32909,39.59699],[-1.3295,39.59634],[-1.32784,39.59364],[-1.32629,39.59247],[-1.32642,39.58852],[-1.32569,39.586],[-1.32621,39.58471],[-1.32625,39.58145],[-1.32563,39.5796],[-1.32809,39.57748],[-1.33293,39.57572],[-1.33409,39.57562],[-1.33817,39.57675],[-1.3427,39.57864],[-1.34719,39.58109],[-1.35552,39.58196],[-1.35834,39.58342],[-1.36191,39.58191],[-1.36236,39.58247],[-1.36422,39.58119],[-1.36419,39.57923],[-1.36361,39.57796],[-1.36528,39.57666],[-1.36497,39.57415],[-1.36541,39.57314],[-1.36515,39.57089],[-1.36441,39.56986],[-1.36449,39.56887],[-1.36383,39.56816],[-1.36343,39.56648],[-1.36435,39.56382],[-1.36363,39.56261],[-1.36296,39.55934],[-1.36146,39.55789],[-1.36181,39.55637],[-1.36069,39.55427],[-1.36067,39.55135],[-1.36048,39.55084],[-1.35976,39.55059],[-1.36055,39.55027],[-1.36113,39.54723],[-1.36355,39.54819],[-1.37011,39.54964],[-1.37073,39.5437],[-1.37183,39.54355],[-1.37102,39.54303],[-1.37055,39.5415],[-1.36892,39.5396],[-1.36801,39.53774],[-1.36778,39.53535],[-1.36684,39.53515],[-1.36645,39.53418],[-1.36513,39.53356],[-1.36465,39.53282],[-1.36437,39.53185],[-1.36572,39.52966],[-1.36534,39.52763],[-1.36157,39.52514],[-1.3611,39.52325],[-1.35957,39.52353],[-1.35843,39.52445],[-1.3543,39.52493],[-1.35299,39.52592],[-1.35278,39.52656],[-1.35141,39.52667],[-1.34885,39.52599],[-1.34701,39.52662],[-1.34644,39.52643],[-1.34518,39.52263],[-1.3455,39.51821],[-1.34512,39.51682],[-1.3468,39.51516],[-1.34715,39.5129],[-1.34842,39.51194],[-1.3495,39.51001],[-1.34823,39.50446],[-1.34501,39.50216],[-1.34532,39.50055],[-1.34688,39.4989],[-1.34674,39.49664],[-1.34776,39.49633],[-1.34657,39.49397],[-1.34665,39.49295],[-1.34535,39.49101],[-1.34524,39.48935],[-1.34757,39.48755],[-1.35239,39.48594],[-1.35632,39.48547],[-1.35729,39.48356],[-1.35809,39.48307],[-1.35982,39.48318],[-1.3605,39.48245],[-1.36099,39.48255],[-1.3624,39.48186],[-1.36698,39.48106],[-1.36847,39.48023],[-1.37269,39.47955],[-1.3737,39.47911],[-1.37448,39.47804],[-1.37643,39.4772],[-1.37971,39.47629],[-1.38013,39.47646],[-1.38084,39.4754],[-1.38205,39.47489],[-1.38347,39.47351],[-1.38526,39.47299],[-1.38546,39.47232],[-1.38653,39.47158],[-1.38691,39.46864],[-1.38769,39.46749],[-1.38734,39.46697],[-1.38796,39.46675],[-1.38845,39.46571],[-1.39,39.46433],[-1.39008,39.46355],[-1.39216,39.4622],[-1.39174,39.45968],[-1.39099,39.45962],[-1.39016,39.4585],[-1.38881,39.4577],[-1.38783,39.4566],[-1.38769,39.45533],[-1.38501,39.45257],[-1.38649,39.45157],[-1.38662,39.45088],[-1.38576,39.45085],[-1.38611,39.45011],[-1.38508,39.44914],[-1.38445,39.44944],[-1.38462,39.4483],[-1.38235,39.44624],[-1.38225,39.44446],[-1.38111,39.44395],[-1.38121,39.44343],[-1.38074,39.44316],[-1.38099,39.44247],[-1.38,39.4418],[-1.38056,39.44106],[-1.38026,39.44006],[-1.37785,39.43928],[-1.3762,39.43929],[-1.37368,39.43616],[-1.37049,39.43718],[-1.36823,39.43712],[-1.36858,39.43679],[-1.3698,39.43674],[-1.37127,39.43567],[-1.37209,39.43578],[-1.37278,39.43453],[-1.37189,39.43546],[-1.37042,39.43545],[-1.36828,39.43474],[-1.36693,39.43512],[-1.36621,39.43386],[-1.36646,39.43294],[-1.36517,39.43242],[-1.3663,39.43136],[-1.36653,39.42998],[-1.36462,39.42805],[-1.36479,39.42727],[-1.36571,39.42639],[-1.36504,39.42474],[-1.36623,39.4234],[-1.36586,39.42198],[-1.36715,39.41952],[-1.36626,39.41877],[-1.3672,39.41628],[-1.37113,39.41301],[-1.37131,39.41207],[-1.37218,39.41152],[-1.37252,39.4106],[-1.37472,39.41052],[-1.37526,39.41022],[-1.37454,39.40888],[-1.37363,39.40877],[-1.37419,39.40707],[-1.37379,39.40639],[-1.37405,39.40493],[-1.37647,39.40302],[-1.37744,39.40281],[-1.37753,39.40219],[-1.37827,39.40174],[-1.37818,39.39884],[-1.37878,39.39786],[-1.37769,39.39629],[-1.37859,39.39579],[-1.37742,39.39061],[-1.37829,39.39026],[-1.37781,39.38815],[-1.3804,39.38685],[-1.3812,39.38592],[-1.38023,39.3845],[-1.38103,39.38045],[-1.38204,39.37873],[-1.381,39.37724],[-1.38235,39.37638],[-1.38293,39.37533],[-1.38218,39.37353],[-1.38288,39.37346],[-1.38274,39.37185],[-1.38329,39.37123],[-1.38238,39.37],[-1.38276,39.36895],[-1.3825,39.36821],[-1.38347,39.36748],[-1.38414,39.3675],[-1.38351,39.3671],[-1.38231,39.36759],[-1.383,39.36644],[-1.3815,39.36166],[-1.3814,39.3597],[-1.38395,39.35469],[-1.38291,39.35434],[-1.37369,39.35632],[-1.37163,39.35553],[-1.37005,39.35657],[-1.36741,39.35726],[-1.36517,39.35734],[-1.36465,39.35806],[-1.3633,39.35853],[-1.36325,39.35799],[-1.36404,39.3573],[-1.36368,39.3568],[-1.36469,39.35646],[-1.36508,39.35559],[-1.36262,39.35225],[-1.36258,39.3515],[-1.35675,39.34842],[-1.35478,39.34617],[-1.35511,39.34521],[-1.35281,39.34321],[-1.3507,39.34224],[-1.34907,39.34084],[-1.34846,39.34079],[-1.34767,39.34137],[-1.3452,39.34101],[-1.34477,39.34129],[-1.34349,39.34085],[-1.34254,39.33728],[-1.33872,39.33466],[-1.33888,39.3342],[-1.33822,39.3338],[-1.33843,39.33225],[-1.33591,39.33045],[-1.33531,39.3296],[-1.33493,39.33075],[-1.33526,39.33174],[-1.33455,39.3328],[-1.3311,39.3337],[-1.32822,39.33761],[-1.32441,39.33861],[-1.32182,39.33721],[-1.31982,39.33866],[-1.31904,39.33851],[-1.3171,39.33952],[-1.31291,39.33814],[-1.31079,39.33692],[-1.30897,39.33764],[-1.3072,39.33742],[-1.30403,39.33503],[-1.30285,39.33474],[-1.30117,39.33132],[-1.29801,39.32992],[-1.29626,39.32989],[-1.294,39.33077],[-1.29313,39.33144],[-1.29252,39.33342],[-1.29171,39.33353],[-1.29066,39.33128],[-1.28864,39.32978],[-1.28987,39.32862],[-1.2876,39.32818],[-1.28615,39.32732],[-1.28401,39.32733],[-1.27903,39.32947],[-1.27651,39.33198],[-1.27348,39.33066],[-1.27269,39.33065],[-1.26678,39.32655],[-1.26335,39.32561],[-1.26025,39.32549],[-1.2555,39.3225],[-1.25293,39.32205],[-1.25065,39.3205],[-1.24984,39.32132],[-1.24656,39.31998],[-1.24519,39.31839],[-1.24509,39.31744],[-1.24386,39.31651],[-1.24411,39.3153],[-1.24544,39.31482],[-1.24625,39.31364],[-1.24539,39.31183],[-1.24628,39.31072],[-1.24611,39.30944],[-1.24755,39.30913],[-1.24847,39.30839],[-1.2499,39.30827],[-1.24962,39.30739],[-1.25015,39.30697],[-1.25018,39.30554],[-1.24967,39.30456],[-1.24631,39.30349],[-1.24564,39.30262],[-1.24614,39.3002],[-1.25242,39.2942],[-1.25188,39.29326],[-1.24783,39.29257],[-1.24728,39.2922],[-1.24673,39.28973],[-1.24827,39.28736],[-1.24968,39.28734],[-1.25197,39.28581],[-1.25259,39.28338],[-1.25402,39.28233],[-1.25482,39.28107],[-1.25408,39.28056],[-1.25168,39.28071],[-1.25055,39.27889],[-1.24869,39.27733],[-1.24813,39.27636],[-1.24834,39.27552],[-1.24766,39.27493],[-1.24669,39.27683],[-1.24533,39.27758],[-1.24487,39.27712],[-1.24247,39.27799],[-1.24214,39.27849],[-1.24209,39.277],[-1.24149,39.27629],[-1.24204,39.27589],[-1.24221,39.2744],[-1.24155,39.27364],[-1.2402,39.27337],[-1.23924,39.27184],[-1.23764,39.2716],[-1.23505,39.27189],[-1.23415,39.27128],[-1.23705,39.26898],[-1.23698,39.2676],[-1.23754,39.26747],[-1.23864,39.26537],[-1.24125,39.257],[-1.24149,39.25166],[-1.24517,39.23815],[-1.24717,39.2353],[-1.24997,39.23261],[-1.25286,39.23107],[-1.25292,39.22982],[-1.25604,39.22978],[-1.25546,39.22484],[-1.25898,39.22392],[-1.25908,39.22287],[-1.25843,39.22141],[-1.25696,39.22011],[-1.25595,39.21756],[-1.25661,39.21537],[-1.25553,39.21576],[-1.25437,39.21557],[-1.25428,39.21503],[-1.2537,39.21483],[-1.25273,39.21533],[-1.25157,39.21483],[-1.25021,39.21526],[-1.24942,39.21471],[-1.24868,39.2149],[-1.24805,39.21458],[-1.24701,39.21492],[-1.24542,39.21385],[-1.2442,39.2144],[-1.24286,39.21449],[-1.24509,39.2134],[-1.24906,39.21397],[-1.25215,39.21346],[-1.25369,39.21252],[-1.25629,39.21292],[-1.25643,39.21269],[-1.25479,39.21208],[-1.2547,39.21141],[-1.25414,39.21109],[-1.25168,39.21152],[-1.25175,39.2112],[-1.2532,39.21076],[-1.25207,39.21078],[-1.25177,39.21022],[-1.25083,39.21004],[-1.25225,39.20984],[-1.25065,39.2097],[-1.24877,39.21003],[-1.25007,39.20939],[-1.24845,39.20972],[-1.24732,39.20956],[-1.24561,39.21011],[-1.24387,39.2091],[-1.24202,39.20917],[-1.23988,39.20868],[-1.23965,39.20824],[-1.24035,39.207],[-1.24137,39.20728],[-1.24307,39.20696],[-1.24038,39.20654],[-1.23993,39.20582],[-1.23895,39.20553],[-1.23985,39.20534],[-1.23889,39.2046],[-1.23865,39.20267],[-1.23698,39.20104],[-1.23831,39.20148],[-1.23759,39.20071],[-1.233,39.19947],[-1.23443,39.19929],[-1.23611,39.19973],[-1.23692,39.1995],[-1.23924,39.1998],[-1.24067,39.19932],[-1.2424,39.1995],[-1.2438,39.19803],[-1.24529,39.19309],[-1.24453,39.1883],[-1.24566,39.18558],[-1.24555,39.18361],[-1.24437,39.18276],[-1.24408,39.18188],[-1.24505,39.18111],[-1.2471,39.17553],[-1.24812,39.17513],[-1.24842,39.17447],[-1.24848,39.17333],[-1.24787,39.17273],[-1.24773,39.17155],[-1.24832,39.16869],[-1.2473,39.1685],[-1.24559,39.17008],[-1.24545,39.17105],[-1.24441,39.17143],[-1.24323,39.17137],[-1.24182,39.17003],[-1.24198,39.16845],[-1.24142,39.1658],[-1.24239,39.16413],[-1.24165,39.16331],[-1.24225,39.16203],[-1.24217,39.16066],[-1.24111,39.15606],[-1.23886,39.1539],[-1.23889,39.1525],[-1.23984,39.15147],[-1.24008,39.14916],[-1.23975,39.14817],[-1.2403,39.14518],[-1.2418,39.14316],[-1.24211,39.14083],[-1.24176,39.13309],[-1.24028,39.1304],[-1.23994,39.12883],[-1.24078,39.1272],[-1.24072,39.12491],[-1.24283,39.12534],[-1.24318,39.12451],[-1.24547,39.1242],[-1.25019,39.12232],[-1.25119,39.12269],[-1.25506,39.12013],[-1.2565,39.11825],[-1.25901,39.11666],[-1.26057,39.11516],[-1.25994,39.11454],[-1.25751,39.1141],[-1.25726,39.11368],[-1.25784,39.11348],[-1.25743,39.11224],[-1.2594,39.11175],[-1.25989,39.1098],[-1.26151,39.10817],[-1.26182,39.10585],[-1.2613,39.1034],[-1.26333,39.10085],[-1.26309,39.09834],[-1.26252,39.0972],[-1.26283,39.09581],[-1.2637,39.09481],[-1.26366,39.09362],[-1.2648,39.09171],[-1.26378,39.08972],[-1.2648,39.08682],[-1.26874,39.08363],[-1.26919,39.08281],[-1.26873,39.08172],[-1.26894,39.07945],[-1.27075,39.07761],[-1.27287,39.07448],[-1.27485,39.0728],[-1.28352,39.0677],[-1.28534,39.06603],[-1.28768,39.06097],[-1.28865,39.05645],[-1.2895,39.05487],[-1.30104,39.04924],[-1.3081,39.04964],[-1.31025,39.05075],[-1.31229,39.05122],[-1.31173,39.0495],[-1.31245,39.04645],[-1.3114,39.04218],[-1.3138,39.03872],[-1.31402,39.0324],[-1.31841,39.026],[-1.31703,39.02572],[-1.31225,39.02578],[-1.30899,39.02408],[-1.3072,39.02449],[-1.30593,39.02724],[-1.3044,39.02896],[-1.30268,39.03021],[-1.30115,39.03048],[-1.30066,39.03006],[-1.29999,39.03082],[-1.2982,39.03066],[-1.29954,39.02826],[-1.29864,39.02839],[-1.29667,39.0279],[-1.29428,39.02648],[-1.29125,39.02649],[-1.28789,39.02807],[-1.28666,39.02906],[-1.28401,39.02974],[-1.27892,39.02794],[-1.27517,39.02714],[-1.27454,39.02773],[-1.27432,39.02921],[-1.27316,39.03063],[-1.27224,39.03099],[-1.27159,39.03042],[-1.27262,39.02916],[-1.27253,39.02808],[-1.27177,39.02906],[-1.27187,39.02811],[-1.27131,39.02752],[-1.2668,39.02407],[-1.26338,39.02208],[-1.2622,39.02022],[-1.26338,39.01847],[-1.26084,39.01436],[-1.26199,39.01049],[-1.26122,39.00831],[-1.26043,39.00783],[-1.25962,39.00632],[-1.25974,39.00479],[-1.26068,39.00298],[-1.25879,38.99943],[-1.25973,38.99698],[-1.25873,38.99591],[-1.25699,38.99529],[-1.25642,38.99471],[-1.2541,38.98189],[-1.2504,38.97366],[-1.24773,38.97069],[-1.24641,38.97027],[-1.24244,38.97418],[-1.23803,38.97316],[-1.23669,38.97243],[-1.23421,38.96726],[-1.23405,38.96615],[-1.2331,38.96511],[-1.23359,38.96345],[-1.23278,38.96265],[-1.2333,38.96163],[-1.23021,38.96038],[-1.23206,38.95855],[-1.22981,38.95734],[-1.22907,38.95012],[-1.22968,38.94745],[-1.22907,38.94448],[-1.2296,38.94175],[-1.2294,38.94013],[-1.22786,38.93807],[-1.22299,38.93484],[-1.22202,38.93241],[-1.22305,38.9272],[-1.22651,38.91962],[-1.22698,38.91695],[-1.23121,38.918],[-1.23254,38.91871],[-1.23623,38.91791],[-1.24282,38.91798],[-1.24929,38.90976],[-1.24957,38.90819],[-1.25206,38.90799],[-1.25388,38.90523],[-1.25403,38.9038],[-1.25361,38.90279],[-1.25184,38.90154],[-1.25319,38.89889],[-1.25988,38.89401],[-1.25947,38.89112],[-1.26068,38.88824],[-1.26558,38.88625],[-1.26674,38.88166],[-1.26667,38.87848],[-1.26735,38.87657],[-1.27412,38.87609],[-1.27502,38.8766],[-1.27657,38.87642],[-1.27474,38.87641],[-1.27439,38.87536],[-1.2727,38.87448],[-1.2741,38.87497],[-1.27648,38.87268],[-1.27744,38.8697],[-1.27826,38.86614],[-1.27644,38.86578],[-1.27626,38.86547],[-1.27571,38.86213],[-1.27661,38.85993],[-1.276,38.85893],[-1.26977,38.8529],[-1.26947,38.85131],[-1.26581,38.84973],[-1.26657,38.84381],[-1.26533,38.84264],[-1.26336,38.84245],[-1.2553,38.84386],[-1.24935,38.84404],[-1.24514,38.84303],[-1.24176,38.84012],[-1.2461,38.83673],[-1.24857,38.83308],[-1.25149,38.83041],[-1.25919,38.82111],[-1.26575,38.81487],[-1.26745,38.81259],[-1.26933,38.81169],[-1.27152,38.80888],[-1.27455,38.80618],[-1.27271,38.80392],[-1.26881,38.79619],[-1.26396,38.78116],[-1.26756,38.77986],[-1.2677,38.77914],[-1.26699,38.77842],[-1.2671,38.77797],[-1.26822,38.77726],[-1.2687,38.77642],[-1.27033,38.77584],[-1.2709,38.77473],[-1.27203,38.77397],[-1.27293,38.77229],[-1.27256,38.76907],[-1.27535,38.7655],[-1.27552,38.76362],[-1.27671,38.76218],[-1.2776,38.76199],[-1.27862,38.76231],[-1.28068,38.76145],[-1.2791,38.75961],[-1.27973,38.75892],[-1.28297,38.75768],[-1.28281,38.75593],[-1.2856,38.75433],[-1.28661,38.75427],[-1.2921,38.75174],[-1.29493,38.74973],[-1.29715,38.74962],[-1.2972,38.74842],[-1.29869,38.74728],[-1.30018,38.74699],[-1.30193,38.74729],[-1.30389,38.74656],[-1.30685,38.74175],[-1.30691,38.74088],[-1.31029,38.73814],[-1.31205,38.73557],[-1.31629,38.73384],[-1.31849,38.72972],[-1.31881,38.72454],[-1.31957,38.72276],[-1.3226,38.72179],[-1.32338,38.71815],[-1.3231,38.71634],[-1.32553,38.7145],[-1.32811,38.71097],[-1.3279,38.7092],[-1.3284,38.70761],[-1.32498,38.70471],[-1.3246,38.70355],[-1.32472,38.70249],[-1.32586,38.70129],[-1.32586,38.70001],[-1.32451,38.69848],[-1.3223,38.69754],[-1.3217,38.6968],[-1.32323,38.69688],[-1.33098,38.69316],[-1.33314,38.69294],[-1.33419,38.69348],[-1.33943,38.68806],[-1.34487,38.68393],[-1.34712,38.68122]]}},{"type":"Feature","properties":{"name":"TET_E-22-MUR_20260503","country":"ES","lengthKm":207.3},"geometry":{"type":"LineString","coordinates":[[-1.34714,38.6812],[-1.34804,38.67925],[-1.35444,38.6729],[-1.35334,38.67197],[-1.35645,38.67049],[-1.35755,38.66796],[-1.3597,38.66661],[-1.36088,38.66632],[-1.36162,38.6651],[-1.36223,38.66481],[-1.36196,38.66228],[-1.36268,38.66111],[-1.36575,38.65835],[-1.36503,38.65581],[-1.36924,38.65265],[-1.3678,38.64866],[-1.36591,38.64713],[-1.36684,38.64474],[-1.36675,38.64259],[-1.36513,38.63991],[-1.36412,38.63941],[-1.36576,38.63684],[-1.36892,38.63494],[-1.37021,38.63146],[-1.37123,38.63017],[-1.37103,38.62789],[-1.37144,38.62768],[-1.37098,38.62324],[-1.37311,38.62147],[-1.37392,38.61932],[-1.37543,38.61773],[-1.37787,38.61697],[-1.38284,38.61444],[-1.38422,38.61484],[-1.38569,38.61107],[-1.38554,38.61053],[-1.38745,38.60654],[-1.38739,38.60605],[-1.38599,38.60521],[-1.38656,38.6012],[-1.38519,38.6006],[-1.38818,38.59611],[-1.3931,38.5941],[-1.39433,38.59322],[-1.39762,38.58899],[-1.39942,38.5876],[-1.40158,38.58707],[-1.39925,38.58358],[-1.3998,38.58303],[-1.40222,38.58141],[-1.40419,38.58107],[-1.40646,38.57951],[-1.40887,38.57887],[-1.41084,38.57784],[-1.41388,38.57443],[-1.41539,38.5716],[-1.41526,38.5683],[-1.41672,38.56746],[-1.41748,38.56504],[-1.41651,38.56253],[-1.41747,38.56141],[-1.41806,38.55913],[-1.41823,38.55277],[-1.42241,38.55158],[-1.42123,38.54996],[-1.42217,38.54975],[-1.42472,38.55127],[-1.43109,38.55412],[-1.43231,38.55234],[-1.43486,38.55047],[-1.43518,38.55123],[-1.43988,38.55572],[-1.44201,38.55289],[-1.45023,38.54851],[-1.45112,38.54885],[-1.45529,38.54538],[-1.45616,38.54415],[-1.45816,38.54304],[-1.45871,38.54132],[-1.45668,38.54025],[-1.45473,38.53845],[-1.45256,38.53781],[-1.44971,38.53607],[-1.4482,38.53428],[-1.44888,38.5317],[-1.44775,38.53132],[-1.44532,38.53169],[-1.44414,38.53095],[-1.44189,38.53125],[-1.44158,38.53056],[-1.43909,38.53087],[-1.43748,38.53189],[-1.42982,38.53254],[-1.42651,38.53357],[-1.42161,38.53592],[-1.41249,38.53679],[-1.40744,38.53674],[-1.40346,38.53445],[-1.39923,38.53274],[-1.39513,38.52956],[-1.38654,38.52498],[-1.37726,38.51829],[-1.37036,38.51493],[-1.36488,38.51175],[-1.36255,38.50934],[-1.3567,38.50626],[-1.34622,38.49897],[-1.34208,38.49801],[-1.33744,38.49589],[-1.33509,38.4942],[-1.33374,38.49267],[-1.32771,38.48931],[-1.33114,38.48471],[-1.33313,38.48372],[-1.33557,38.48033],[-1.33679,38.47476],[-1.33204,38.46921],[-1.33035,38.46993],[-1.33143,38.46722],[-1.33073,38.46695],[-1.32948,38.46461],[-1.32547,38.46022],[-1.32399,38.45935],[-1.32059,38.45539],[-1.31795,38.45352],[-1.31499,38.44115],[-1.31373,38.43903],[-1.31381,38.43497],[-1.31603,38.43248],[-1.31463,38.43127],[-1.3152,38.43027],[-1.31483,38.42984],[-1.31544,38.42922],[-1.31221,38.42842],[-1.31675,38.42701],[-1.31814,38.42717],[-1.3194,38.42682],[-1.32014,38.42708],[-1.32404,38.42556],[-1.32686,38.42501],[-1.3291,38.41995],[-1.32857,38.41587],[-1.32963,38.41507],[-1.32911,38.41596],[-1.32946,38.41611],[-1.33034,38.41547],[-1.3304,38.41489],[-1.32883,38.41268],[-1.32895,38.41065],[-1.32802,38.40868],[-1.32502,38.40734],[-1.32151,38.40725],[-1.31664,38.40409],[-1.3159,38.40201],[-1.31627,38.39919],[-1.3156,38.39871],[-1.31484,38.39698],[-1.30832,38.39453],[-1.30293,38.39469],[-1.30161,38.39372],[-1.30498,38.39177],[-1.30585,38.39163],[-1.30704,38.38988],[-1.30869,38.38921],[-1.31373,38.38883],[-1.3217,38.38882],[-1.32293,38.38848],[-1.32623,38.38887],[-1.32733,38.38823],[-1.32713,38.38769],[-1.32759,38.38709],[-1.33099,38.38704],[-1.33131,38.38633],[-1.33097,38.38586],[-1.33289,38.38473],[-1.33264,38.38418],[-1.33328,38.38404],[-1.33294,38.3835],[-1.3377,38.38011],[-1.33771,38.37946],[-1.34083,38.37867],[-1.34164,38.3793],[-1.34566,38.37908],[-1.34626,38.37817],[-1.34685,38.37785],[-1.34747,38.37802],[-1.35136,38.37518],[-1.35404,38.37496],[-1.35409,38.37335],[-1.3552,38.37357],[-1.35652,38.37317],[-1.35876,38.37192],[-1.35934,38.37108],[-1.36017,38.37148],[-1.36195,38.37111],[-1.36338,38.37001],[-1.36486,38.3696],[-1.36771,38.3665],[-1.37556,38.36277],[-1.37864,38.35965],[-1.382,38.35828],[-1.38497,38.35804],[-1.3901,38.3558],[-1.39127,38.35319],[-1.39391,38.35052],[-1.39724,38.35058],[-1.40555,38.35258],[-1.40649,38.35095],[-1.4091,38.34811],[-1.41115,38.34766],[-1.41694,38.34529],[-1.41914,38.34527],[-1.42253,38.34642],[-1.42551,38.34557],[-1.42782,38.34545],[-1.42893,38.34641],[-1.42976,38.34661],[-1.43321,38.346],[-1.43446,38.34539],[-1.43465,38.34974],[-1.43753,38.35404],[-1.43816,38.35823],[-1.4402,38.35856],[-1.44296,38.36003],[-1.44439,38.36137],[-1.44881,38.36283],[-1.45003,38.35802],[-1.45334,38.35098],[-1.45718,38.34579],[-1.45965,38.33651],[-1.4597,38.33393],[-1.46385,38.32672],[-1.46633,38.32526],[-1.47338,38.31982],[-1.47545,38.31891],[-1.47716,38.31761],[-1.4802,38.31637],[-1.48369,38.31651],[-1.49321,38.3115],[-1.49528,38.31295],[-1.49589,38.31425],[-1.49946,38.31613],[-1.50058,38.31868],[-1.50416,38.32072],[-1.50465,38.32314],[-1.50588,38.32589],[-1.50766,38.32791],[-1.51015,38.33186],[-1.51172,38.33263],[-1.51398,38.3319],[-1.51496,38.33013],[-1.51543,38.33031],[-1.51577,38.33183],[-1.51769,38.33225],[-1.51788,38.33109],[-1.5283,38.32962],[-1.52937,38.32879],[-1.52835,38.32829],[-1.53115,38.32577],[-1.53282,38.32539],[-1.53251,38.32685],[-1.53411,38.32765],[-1.53366,38.33056],[-1.53428,38.33067],[-1.5349,38.3314],[-1.53983,38.33203],[-1.54339,38.3307],[-1.54435,38.33077],[-1.54594,38.32969],[-1.54658,38.3286],[-1.54764,38.32811],[-1.54816,38.32832],[-1.54815,38.33027],[-1.5487,38.3304],[-1.56053,38.32017],[-1.57095,38.31492],[-1.57531,38.31077],[-1.57708,38.30982],[-1.58062,38.30967],[-1.58018,38.31123],[-1.58076,38.3115],[-1.5828,38.31088],[-1.58624,38.30869],[-1.58784,38.30812],[-1.59628,38.30742],[-1.59886,38.3075],[-1.60525,38.306],[-1.60875,38.30459],[-1.61162,38.3039],[-1.61803,38.30412],[-1.61967,38.30439],[-1.62146,38.30546],[-1.62608,38.3041],[-1.62949,38.30405],[-1.63231,38.30454],[-1.63508,38.30428],[-1.63849,38.30549],[-1.64021,38.30543],[-1.64272,38.3047],[-1.64211,38.30355],[-1.6434,38.30162],[-1.64693,38.30123],[-1.65397,38.29879],[-1.65895,38.29616],[-1.66135,38.29437],[-1.6622,38.29465],[-1.66334,38.29405],[-1.67078,38.29351],[-1.67294,38.29255],[-1.67518,38.29216],[-1.67639,38.29138],[-1.67596,38.29025],[-1.67711,38.29032],[-1.67785,38.28967],[-1.67794,38.28822],[-1.67857,38.28825],[-1.67915,38.28927],[-1.68087,38.28941],[-1.68163,38.28853],[-1.68173,38.28739],[-1.68223,38.28727],[-1.68192,38.28648],[-1.68296,38.28599],[-1.68298,38.28545],[-1.68397,38.28531],[-1.6836,38.28303],[-1.68298,38.28292],[-1.68297,38.28228],[-1.68404,38.28084],[-1.68511,38.28131],[-1.68429,38.27974],[-1.6849,38.27821],[-1.68428,38.27751],[-1.68284,38.27711],[-1.68334,38.27533],[-1.68244,38.27337],[-1.6832,38.27169],[-1.68288,38.27034],[-1.68351,38.2684],[-1.68525,38.26598],[-1.68532,38.26326],[-1.68561,38.26338],[-1.68848,38.2588],[-1.68988,38.25908],[-1.69248,38.2545],[-1.6918,38.25298],[-1.6918,38.25169],[-1.69409,38.2469],[-1.69255,38.24599],[-1.69186,38.24668],[-1.69324,38.2453],[-1.69428,38.24321],[-1.69806,38.2401],[-1.69788,38.23928],[-1.70031,38.23818],[-1.70087,38.23718],[-1.7005,38.23615],[-1.70388,38.23766],[-1.70809,38.23776],[-1.71543,38.23923],[-1.71625,38.23876],[-1.71677,38.23763],[-1.7166,38.23695],[-1.72729,38.23688],[-1.7282,38.2366],[-1.7318,38.23429],[-1.7325,38.23246],[-1.73192,38.23066],[-1.73218,38.23032],[-1.73382,38.23005],[-1.7344,38.22903],[-1.73491,38.22898],[-1.73623,38.22665],[-1.73744,38.2267],[-1.7392,38.22763],[-1.74072,38.22688],[-1.74076,38.22585],[-1.73981,38.22342],[-1.74407,38.21973],[-1.74596,38.21877],[-1.75372,38.2169],[-1.75649,38.21521],[-1.75911,38.21265],[-1.76208,38.21144],[-1.76445,38.21097],[-1.76646,38.21261],[-1.77248,38.21267],[-1.77481,38.21326],[-1.77544,38.21304],[-1.77633,38.21176],[-1.77745,38.21278],[-1.78081,38.21408],[-1.78206,38.215],[-1.78382,38.21429],[-1.78421,38.21352],[-1.78396,38.2127],[-1.78611,38.21108],[-1.78772,38.20885],[-1.78933,38.20891],[-1.79342,38.21004],[-1.79523,38.21106],[-1.7958,38.21215],[-1.79714,38.21282],[-1.79765,38.21436],[-1.7976,38.21106],[-1.79628,38.20792],[-1.79659,38.20602],[-1.79622,38.20401],[-1.79657,38.20205],[-1.79776,38.20102],[-1.7985,38.19889],[-1.80066,38.19873],[-1.80452,38.20083],[-1.80555,38.20102],[-1.82344,38.19856],[-1.83329,38.19616],[-1.83603,38.19663],[-1.84668,38.19616],[-1.8506,38.19541],[-1.85675,38.19351],[-1.85896,38.1934],[-1.86394,38.19212],[-1.87138,38.19265],[-1.87825,38.19187],[-1.88826,38.1875],[-1.88894,38.18751],[-1.89029,38.18835],[-1.89084,38.18288],[-1.89013,38.18204],[-1.88661,38.18151],[-1.88343,38.17913],[-1.87674,38.17556],[-1.8788,38.17453],[-1.87947,38.17294],[-1.88046,38.17288],[-1.88127,38.17229],[-1.88042,38.17161],[-1.88014,38.17067],[-1.88142,38.16925],[-1.8823,38.16895],[-1.88222,38.16787],[-1.88303,38.16883],[-1.88346,38.17073],[-1.88481,38.16964],[-1.88621,38.17048],[-1.88749,38.17048],[-1.8879,38.17137],[-1.88863,38.17171],[-1.89069,38.17132],[-1.8914,38.17223],[-1.89348,38.17291],[-1.894,38.17148],[-1.89264,38.17068],[-1.89271,38.17011],[-1.89339,38.16948],[-1.89371,38.16995],[-1.89499,38.16928],[-1.89369,38.16679],[-1.89127,38.16474],[-1.89116,38.16426],[-1.89178,38.16365],[-1.89345,38.16379],[-1.89518,38.16166],[-1.89612,38.16192],[-1.89721,38.16152],[-1.8979,38.16181],[-1.89934,38.16075],[-1.90106,38.16116],[-1.90191,38.161],[-1.90211,38.15992],[-1.90288,38.16058],[-1.90457,38.16102],[-1.90736,38.16102],[-1.91058,38.1625],[-1.91268,38.16242],[-1.91436,38.16085],[-1.9168,38.1599],[-1.92011,38.15928],[-1.92243,38.1581],[-1.92419,38.15678],[-1.92449,38.15516],[-1.92504,38.15465],[-1.92618,38.15518],[-1.92654,38.15464],[-1.92738,38.15498],[-1.9282,38.15447],[-1.92972,38.15646],[-1.92949,38.15867],[-1.93095,38.15762],[-1.93146,38.15779],[-1.93165,38.16046],[-1.9309,38.16129],[-1.93236,38.16147],[-1.93367,38.16119],[-1.93325,38.16202],[-1.93353,38.16196],[-1.93416,38.16153],[-1.93431,38.16079],[-1.93502,38.16045],[-1.93458,38.16031],[-1.93533,38.1597],[-1.93526,38.15853],[-1.93661,38.15732],[-1.93719,38.15612],[-1.93773,38.15621],[-1.93797,38.15562],[-1.93987,38.15472],[-1.94044,38.15401],[-1.94173,38.1539],[-1.9393,38.15328],[-1.93792,38.15239],[-1.94343,38.15245],[-1.94453,38.15207],[-1.94504,38.15094],[-1.94503,38.14674],[-1.94404,38.14319],[-1.94293,38.14259],[-1.94093,38.13814],[-1.94261,38.13554],[-1.94395,38.13463],[-1.94493,38.13149],[-1.94601,38.1316],[-1.94858,38.13094],[-1.94912,38.13033],[-1.94978,38.13039],[-1.95038,38.12993],[-1.95206,38.12992],[-1.95257,38.12935],[-1.95679,38.12836],[-1.95936,38.12727],[-1.96374,38.12769],[-1.96493,38.12822],[-1.96615,38.12755],[-1.96985,38.1276],[-1.97127,38.12718],[-1.97149,38.12528],[-1.97356,38.125],[-1.97314,38.12462],[-1.97378,38.12239],[-1.97408,38.12311],[-1.97648,38.12013],[-1.97816,38.11921],[-1.97816,38.11811],[-1.97916,38.11704],[-1.97844,38.11684],[-1.97832,38.11602],[-1.97789,38.11593],[-1.97841,38.11576],[-1.97905,38.11637],[-1.97891,38.11539],[-1.97827,38.1149],[-1.97943,38.11403],[-1.97987,38.11265],[-1.98052,38.11239],[-1.98037,38.11071],[-1.98139,38.1099],[-1.98122,38.10862],[-1.98202,38.10794],[-1.98168,38.10686],[-1.98194,38.10564],[-1.98397,38.10526],[-1.98477,38.10457],[-1.98493,38.1023],[-1.9842,38.10144],[-1.98503,38.09884],[-1.98647,38.09817],[-1.99379,38.10068],[-1.99516,38.10042],[-1.99507,38.09847],[-1.99564,38.09712],[-1.99509,38.0944],[-1.9949,38.09391],[-1.99363,38.09348],[-1.99315,38.09283],[-1.99435,38.09155],[-2.00549,38.09406],[-2.01105,38.09693],[-2.01221,38.09598],[-2.01277,38.096],[-2.01277,38.09521],[-2.01485,38.09355],[-2.01572,38.09132],[-2.00842,38.08526],[-2.00412,38.0802],[-2.00419,38.07887],[-2.00555,38.07672],[-2.00551,38.07598],[-2.00483,38.07539],[-2.00625,38.07271],[-2.0079,38.07104],[-2.01312,38.06827],[-2.01654,38.06714],[-2.02053,38.06461],[-2.02493,38.0629],[-2.03631,38.06194],[-2.0367,38.06008],[-2.03721,38.05957],[-2.03653,38.05805],[-2.03687,38.05707],[-2.03598,38.05314],[-2.03629,38.05291],[-2.04249,38.05265],[-2.04541,38.05134],[-2.04726,38.05125],[-2.05455,38.04962],[-2.0576,38.04952],[-2.06028,38.04999],[-2.06213,38.04967],[-2.06901,38.04791],[-2.07247,38.04619],[-2.07549,38.0434],[-2.07835,38.04312],[-2.07974,38.04261],[-2.08039,38.04355],[-2.0827,38.04381],[-2.08696,38.04289],[-2.09236,38.04282],[-2.09408,38.04153],[-2.0965,38.04057],[-2.09755,38.03902],[-2.09886,38.03808],[-2.10036,38.03767],[-2.10609,38.03396],[-2.10668,38.03388],[-2.10797,38.03457],[-2.11479,38.03566],[-2.11694,38.03663],[-2.11984,38.03639],[-2.12275,38.0371],[-2.12393,38.03672],[-2.12626,38.03708],[-2.13433,38.04027],[-2.13753,38.04428],[-2.13769,38.04506],[-2.14095,38.04366],[-2.14751,38.05834],[-2.14907,38.0603],[-2.15041,38.06067],[-2.15225,38.06041],[-2.15447,38.05901],[-2.1588,38.05918],[-2.16242,38.05802],[-2.1683,38.05727],[-2.17441,38.05994],[-2.17687,38.06315],[-2.1822,38.0643],[-2.18709,38.06854],[-2.1937,38.07295],[-2.19797,38.07686],[-2.20449,38.07976],[-2.20758,38.0807],[-2.20915,38.07839],[-2.20829,38.07764],[-2.2075,38.07534],[-2.20869,38.07352],[-2.20824,38.07285],[-2.20991,38.07266],[-2.21344,38.07363],[-2.21459,38.07357],[-2.21642,38.07224],[-2.21667,38.07151],[-2.21942,38.07116],[-2.22221,38.07225],[-2.22456,38.0738],[-2.22286,38.07504],[-2.22498,38.07976],[-2.22503,38.08059],[-2.22444,38.08102],[-2.22638,38.08299],[-2.23136,38.08548],[-2.23122,38.08695],[-2.23226,38.0877],[-2.23305,38.08933],[-2.23257,38.09029],[-2.23464,38.09139],[-2.23679,38.09162],[-2.23774,38.09129],[-2.23788,38.08872],[-2.23911,38.08841],[-2.23953,38.08908],[-2.24004,38.08915],[-2.24062,38.08861],[-2.24166,38.0886],[-2.24282,38.088],[-2.24315,38.08814],[-2.24284,38.08875],[-2.2439,38.08778],[-2.24519,38.08742],[-2.2483,38.08729],[-2.24879,38.08652],[-2.25109,38.08657],[-2.25136,38.08885],[-2.25086,38.09089],[-2.25136,38.09128],[-2.25009,38.09317],[-2.24908,38.09626],[-2.24928,38.09824],[-2.24856,38.09887],[-2.24861,38.09943],[-2.24719,38.09992],[-2.24686,38.10132],[-2.24938,38.09986],[-2.2513,38.09973],[-2.25142,38.09909],[-2.25681,38.09458],[-2.25719,38.09337],[-2.25887,38.09252],[-2.26285,38.09256],[-2.26333,38.09093],[-2.265,38.09009],[-2.2672,38.08998],[-2.27189,38.0906],[-2.27169,38.08645],[-2.27246,38.08495],[-2.27347,38.08419],[-2.27669,38.08288],[-2.2784,38.08075],[-2.28111,38.07854],[-2.28214,38.07683],[-2.29107,38.06816],[-2.29503,38.0669],[-2.29607,38.06624],[-2.29795,38.07005],[-2.2988,38.07033],[-2.29949,38.06962],[-2.302,38.06952],[-2.30735,38.06467],[-2.31115,38.06361],[-2.31076,38.05998],[-2.31301,38.05982],[-2.31484,38.05904],[-2.31644,38.05896],[-2.32016,38.05682],[-2.32152,38.05523],[-2.32306,38.05475],[-2.32361,38.0543],[-2.32369,38.05337],[-2.32486,38.05348],[-2.3256,38.05205],[-2.32483,38.05092],[-2.32668,38.05019],[-2.32747,38.04839],[-2.32901,38.04714],[-2.32834,38.0464],[-2.32875,38.04561],[-2.32755,38.04516],[-2.32643,38.04417],[-2.32574,38.04281],[-2.32973,38.04194],[-2.33221,38.04275],[-2.33454,38.04171],[-2.33606,38.04154],[-2.33798,38.04078],[-2.34135,38.04075],[-2.3433,38.03961],[-2.34465,38.03951],[-2.34547,38.03891],[-2.34466,38.03849],[-2.34485,38.03747],[-2.34439,38.03678],[-2.34409,38.03358],[-2.3448,38.03174],[-2.34441,38.02883],[-2.34256,38.02826],[-2.34025,38.0257],[-2.34043,38.02536]]}},{"type":"Feature","properties":{"name":"TET_E-23-AND-SE_20260503","country":"ES","lengthKm":407.9},"geometry":{"type":"LineString","coordinates":[[-2.34043,38.02535],[-2.34096,38.02467],[-2.34192,38.02436],[-2.34181,38.02377],[-2.34367,38.02374],[-2.34466,38.02467],[-2.34449,38.02562],[-2.34629,38.02576],[-2.34726,38.02648],[-2.34909,38.0265],[-2.34974,38.02745],[-2.3511,38.02562],[-2.35285,38.02516],[-2.35256,38.0241],[-2.35449,38.02097],[-2.35185,38.01449],[-2.35216,38.01156],[-2.35041,38.00886],[-2.35352,38.00894],[-2.35503,38.00949],[-2.35581,38.00872],[-2.35643,38.0088],[-2.35823,38.00808],[-2.36218,38.00858],[-2.36442,38.00932],[-2.36689,38.00927],[-2.36709,38.00982],[-2.36834,38.01049],[-2.37371,38.01165],[-2.37537,38.01153],[-2.37848,38.0129],[-2.38321,38.01265],[-2.38417,38.01332],[-2.38589,38.01345],[-2.38715,38.01409],[-2.39123,38.01422],[-2.39193,38.01562],[-2.39498,38.01842],[-2.40103,38.0221],[-2.40579,38.02283],[-2.41035,38.0259],[-2.4119,38.0261],[-2.41302,38.02692],[-2.41404,38.02693],[-2.41512,38.02593],[-2.41583,38.0261],[-2.41675,38.02708],[-2.41907,38.02731],[-2.41763,38.02614],[-2.4172,38.0249],[-2.41861,38.02352],[-2.4179,38.02231],[-2.41864,38.0217],[-2.42169,38.02137],[-2.42043,38.02043],[-2.42021,38.01977],[-2.41933,38.01974],[-2.41839,38.01885],[-2.41957,38.01672],[-2.41973,38.01516],[-2.41857,38.01395],[-2.42,38.01167],[-2.42211,38.0118],[-2.42168,38.01064],[-2.42281,38.00936],[-2.42234,38.00869],[-2.42267,38.00742],[-2.42217,38.00599],[-2.42309,38.00338],[-2.42271,38.00163],[-2.42469,38.00024],[-2.42454,37.99856],[-2.42723,37.99561],[-2.42721,37.99381],[-2.42666,37.99281],[-2.42788,37.99079],[-2.42758,37.98904],[-2.42861,37.98599],[-2.42826,37.98465],[-2.42856,37.98218],[-2.43123,37.97805],[-2.43151,37.97635],[-2.43388,37.97144],[-2.43581,37.96483],[-2.43809,37.96292],[-2.43849,37.96333],[-2.43883,37.96288],[-2.43962,37.96316],[-2.44128,37.9628],[-2.44268,37.96494],[-2.44584,37.96739],[-2.45418,37.96964],[-2.45669,37.97105],[-2.4587,37.97094],[-2.45913,37.97257],[-2.46038,37.97277],[-2.46305,37.97127],[-2.46625,37.97031],[-2.46965,37.97005],[-2.4715,37.97039],[-2.47403,37.97352],[-2.47346,37.97488],[-2.47244,37.97572],[-2.4738,37.97746],[-2.47685,37.97974],[-2.48109,37.98141],[-2.4825,37.98161],[-2.48407,37.98153],[-2.48982,37.97726],[-2.49247,37.97727],[-2.49736,37.97613],[-2.49835,37.97643],[-2.50135,37.97633],[-2.50451,37.97695],[-2.51099,37.97531],[-2.51286,37.97585],[-2.51466,37.97789],[-2.51578,37.97655],[-2.51626,37.97744],[-2.51768,37.97814],[-2.51774,37.98005],[-2.51811,37.97997],[-2.51867,37.97825],[-2.52003,37.97742],[-2.52276,37.97785],[-2.52456,37.98029],[-2.52624,37.97887],[-2.52759,37.979],[-2.52791,37.97854],[-2.52924,37.97835],[-2.53348,37.97896],[-2.53461,37.97959],[-2.53852,37.97817],[-2.54545,37.97644],[-2.54796,37.97707],[-2.54862,37.97783],[-2.54953,37.97766],[-2.55018,37.97834],[-2.55006,37.97951],[-2.55129,37.97848],[-2.553,37.97814],[-2.55402,37.97821],[-2.55549,37.97912],[-2.55736,37.97955],[-2.55877,37.97882],[-2.55991,37.98011],[-2.56133,37.97963],[-2.56226,37.97977],[-2.5629,37.97905],[-2.56529,37.97927],[-2.56661,37.97824],[-2.56745,37.97691],[-2.56829,37.97655],[-2.56973,37.97755],[-2.57219,37.97804],[-2.57353,37.97785],[-2.57552,37.97869],[-2.57835,37.97682],[-2.57939,37.97685],[-2.58037,37.97575],[-2.58001,37.97735],[-2.58175,37.97757],[-2.58341,37.97852],[-2.58432,37.97849],[-2.58389,37.97921],[-2.58413,37.97946],[-2.5889,37.97722],[-2.59002,37.97607],[-2.59142,37.97589],[-2.59192,37.9752],[-2.5947,37.97552],[-2.595,37.97396],[-2.5961,37.97313],[-2.59731,37.97066],[-2.59896,37.96948],[-2.60089,37.96689],[-2.60271,37.9663],[-2.60879,37.96213],[-2.60938,37.95979],[-2.60937,37.95643],[-2.60984,37.95511],[-2.6107,37.95451],[-2.61034,37.95341],[-2.61455,37.94911],[-2.61422,37.94808],[-2.6178,37.9399],[-2.61714,37.93717],[-2.6181,37.9349],[-2.61922,37.93415],[-2.61888,37.93357],[-2.61761,37.93297],[-2.61869,37.93218],[-2.61865,37.93131],[-2.61786,37.93027],[-2.61813,37.92872],[-2.61861,37.92791],[-2.62242,37.92489],[-2.62345,37.92201],[-2.62478,37.91477],[-2.62514,37.90793],[-2.62572,37.90691],[-2.62489,37.90538],[-2.62575,37.90446],[-2.62402,37.90333],[-2.6245,37.9012],[-2.62146,37.89945],[-2.62172,37.8976],[-2.62296,37.89669],[-2.62236,37.89592],[-2.62304,37.89468],[-2.62321,37.89275],[-2.62415,37.89249],[-2.62545,37.8914],[-2.62723,37.89105],[-2.6316,37.89218],[-2.63305,37.89184],[-2.63559,37.89273],[-2.63721,37.89275],[-2.63655,37.89453],[-2.63703,37.89552],[-2.63854,37.89647],[-2.64147,37.89745],[-2.64376,37.89671],[-2.64952,37.8982],[-2.65258,37.89941],[-2.65528,37.89961],[-2.65665,37.90129],[-2.65793,37.90179],[-2.66317,37.89893],[-2.66866,37.89502],[-2.67075,37.89486],[-2.67252,37.89395],[-2.67317,37.89224],[-2.67281,37.8914],[-2.67212,37.89107],[-2.67223,37.88999],[-2.67537,37.88846],[-2.6757,37.88748],[-2.67727,37.88609],[-2.67337,37.88563],[-2.66908,37.88345],[-2.66867,37.88241],[-2.67118,37.87831],[-2.67118,37.87697],[-2.67048,37.87675],[-2.66933,37.87478],[-2.66811,37.87391],[-2.66751,37.8723],[-2.66494,37.87129],[-2.67107,37.87023],[-2.67319,37.86892],[-2.67537,37.86813],[-2.67828,37.86855],[-2.67912,37.86794],[-2.67912,37.86688],[-2.67964,37.86618],[-2.68202,37.86579],[-2.68372,37.8647],[-2.68632,37.86404],[-2.68994,37.86383],[-2.69187,37.86237],[-2.69332,37.86179],[-2.69493,37.86192],[-2.69712,37.86051],[-2.70222,37.85982],[-2.70479,37.85828],[-2.70571,37.85716],[-2.71026,37.85534],[-2.71238,37.85405],[-2.71282,37.85432],[-2.71264,37.85486],[-2.71463,37.85419],[-2.71539,37.85437],[-2.71537,37.85504],[-2.71703,37.85447],[-2.71762,37.85476],[-2.71975,37.85183],[-2.72073,37.85164],[-2.72156,37.85057],[-2.72364,37.84967],[-2.72418,37.84888],[-2.72514,37.84851],[-2.72513,37.84771],[-2.72664,37.8466],[-2.72759,37.84521],[-2.73033,37.84413],[-2.7307,37.84322],[-2.73257,37.8424],[-2.73865,37.83733],[-2.73839,37.83641],[-2.73952,37.83473],[-2.73955,37.83327],[-2.74022,37.83308],[-2.73998,37.83235],[-2.74065,37.83086],[-2.73833,37.82725],[-2.73996,37.82444],[-2.74171,37.82292],[-2.74331,37.81906],[-2.74524,37.81941],[-2.74726,37.81925],[-2.75139,37.81768],[-2.76,37.81777],[-2.76311,37.81655],[-2.76742,37.81669],[-2.76967,37.81455],[-2.77068,37.81228],[-2.77311,37.81057],[-2.77692,37.80865],[-2.77802,37.80666],[-2.77961,37.80554],[-2.77947,37.80486],[-2.78192,37.80209],[-2.78244,37.79991],[-2.78163,37.7986],[-2.78061,37.7983],[-2.7796,37.79632],[-2.78226,37.79695],[-2.78295,37.79802],[-2.78439,37.7969],[-2.78428,37.79626],[-2.78493,37.79673],[-2.78541,37.79661],[-2.78515,37.79606],[-2.78626,37.79612],[-2.78682,37.79735],[-2.78915,37.79795],[-2.79098,37.79929],[-2.79117,37.79998],[-2.79228,37.80088],[-2.80261,37.80113],[-2.80435,37.8001],[-2.80481,37.79826],[-2.80621,37.7963],[-2.80651,37.79441],[-2.80789,37.79355],[-2.81222,37.79375],[-2.81527,37.79516],[-2.82093,37.79536],[-2.82794,37.79786],[-2.84146,37.79285],[-2.84429,37.79215],[-2.85443,37.79191],[-2.86054,37.79063],[-2.87313,37.79079],[-2.87746,37.78909],[-2.88171,37.78636],[-2.88294,37.78431],[-2.88164,37.78386],[-2.88164,37.78052],[-2.88301,37.77926],[-2.88516,37.77605],[-2.88521,37.775],[-2.88636,37.77335],[-2.88788,37.76794],[-2.88888,37.76747],[-2.89231,37.76799],[-2.89652,37.76667],[-2.90159,37.76275],[-2.90304,37.7603],[-2.90378,37.76026],[-2.9059,37.7617],[-2.91053,37.76085],[-2.91548,37.75756],[-2.92447,37.71485],[-2.92458,37.7075],[-2.92229,37.70188],[-2.92284,37.69991],[-2.92788,37.69653],[-2.92833,37.69174],[-2.93077,37.6892],[-2.93011,37.68866],[-2.93022,37.68619],[-2.93338,37.68272],[-2.93405,37.67827],[-2.93866,37.67907],[-2.93894,37.67985],[-2.9474,37.68142],[-2.94986,37.68237],[-2.95037,37.68016],[-2.9532,37.67471],[-2.95241,37.66408],[-2.95336,37.66378],[-2.95463,37.6616],[-2.95598,37.66092],[-2.95869,37.66087],[-2.9606,37.65941],[-2.96452,37.65945],[-2.96922,37.65785],[-2.97326,37.65765],[-2.97749,37.65676],[-2.9834,37.6544],[-2.98402,37.65492],[-2.9848,37.65452],[-2.98505,37.65431],[-2.98421,37.65339],[-2.98443,37.65173],[-2.9838,37.65082],[-2.98239,37.64999],[-2.98312,37.64927],[-2.98221,37.64832],[-2.9826,37.64798],[-2.98251,37.64725],[-2.98175,37.64688],[-2.98195,37.64612],[-2.98115,37.64591],[-2.98122,37.64515],[-2.98055,37.64488],[-2.98119,37.64396],[-2.98098,37.64317],[-2.98202,37.64264],[-2.98305,37.64269],[-2.98533,37.64352],[-2.98586,37.64261],[-2.98781,37.64141],[-2.98986,37.64168],[-2.99025,37.64137],[-2.98985,37.64113],[-2.99007,37.64094],[-2.99123,37.64125],[-2.99284,37.64258],[-2.99648,37.64217],[-2.99786,37.6406],[-2.99799,37.63877],[-2.99885,37.63941],[-3.00001,37.63915],[-3.00067,37.63957],[-3.00024,37.64146],[-3.00167,37.64006],[-3.00098,37.63833],[-3.00229,37.63795],[-3.0037,37.63586],[-3.00648,37.63326],[-3.00754,37.63364],[-3.00897,37.63331],[-3.01076,37.63163],[-3.00993,37.62957],[-3.01246,37.62881],[-3.01222,37.62594],[-3.01273,37.62493],[-3.01113,37.6228],[-3.01143,37.62022],[-3.01262,37.61898],[-3.01226,37.61603],[-3.01263,37.61382],[-3.01222,37.61334],[-3.01296,37.61286],[-3.01381,37.61298],[-3.01545,37.61244],[-3.01934,37.61235],[-3.02069,37.61294],[-3.02145,37.61393],[-3.02164,37.61376],[-3.02161,37.61308],[-3.02011,37.61212],[-3.01954,37.61106],[-3.01786,37.6105],[-3.01722,37.60978],[-3.01627,37.60962],[-3.01504,37.60641],[-3.01195,37.60267],[-3.01183,37.6017],[-3.01419,37.59793],[-3.01478,37.59538],[-3.01716,37.5963],[-3.02034,37.59552],[-3.0217,37.59565],[-3.02251,37.59506],[-3.0238,37.59512],[-3.02514,37.59442],[-3.02671,37.59439],[-3.02773,37.59486],[-3.02908,37.59451],[-3.03124,37.59483],[-3.03375,37.59379],[-3.03535,37.59458],[-3.03601,37.5935],[-3.0379,37.59223],[-3.04109,37.59139],[-3.04884,37.58829],[-3.05224,37.58747],[-3.05928,37.58472],[-3.0641,37.5833],[-3.06752,37.5833],[-3.07103,37.58149],[-3.07569,37.58193],[-3.07391,37.58062],[-3.07203,37.58029],[-3.07177,37.57993],[-3.072,37.57796],[-3.07365,37.57443],[-3.07347,37.57063],[-3.07615,37.56624],[-3.07706,37.56339],[-3.07782,37.56301],[-3.08139,37.56295],[-3.08575,37.56166],[-3.08659,37.56107],[-3.08763,37.55881],[-3.0902,37.55635],[-3.08908,37.55397],[-3.0896,37.5528],[-3.08879,37.55078],[-3.09144,37.5474],[-3.09007,37.54599],[-3.08788,37.54211],[-3.08656,37.54063],[-3.08487,37.53591],[-3.08293,37.5366],[-3.07663,37.53626],[-3.07723,37.53504],[-3.07776,37.53482],[-3.08186,37.53405],[-3.08161,37.5333],[-3.08077,37.533],[-3.08023,37.53226],[-3.08176,37.53021],[-3.08139,37.52745],[-3.0804,37.52689],[-3.07776,37.52687],[-3.07723,37.52556],[-3.07762,37.52524],[-3.07866,37.52563],[-3.08111,37.52326],[-3.0805,37.52248],[-3.08072,37.52046],[-3.078,37.5172],[-3.07721,37.51424],[-3.07473,37.51632],[-3.07303,37.51712],[-3.07071,37.51614],[-3.06784,37.51635],[-3.06363,37.51491],[-3.05942,37.5143],[-3.05709,37.51329],[-3.05666,37.51239],[-3.05497,37.51145],[-3.05361,37.50911],[-3.05313,37.50727],[-3.05156,37.50588],[-3.05209,37.50466],[-3.05188,37.50341],[-3.04968,37.50133],[-3.04952,37.5],[-3.04892,37.49953],[-3.04912,37.49663],[-3.04874,37.49587],[-3.04799,37.49625],[-3.04772,37.49325],[-3.04678,37.49241],[-3.04483,37.48898],[-3.04243,37.4868],[-3.03663,37.48011],[-3.03447,37.47545],[-3.03383,37.4725],[-3.03081,37.46857],[-3.02886,37.46212],[-3.02651,37.45862],[-3.02514,37.45565],[-3.02087,37.45161],[-3.01891,37.44857],[-3.01752,37.44518],[-3.00987,37.44591],[-3.00452,37.44696],[-3.00169,37.44706],[-3.00138,37.45107],[-3.00012,37.45181],[-3.00049,37.44995],[-2.99983,37.45096],[-2.99936,37.45092],[-2.99872,37.45155],[-2.99787,37.45354],[-2.99766,37.45296],[-2.99843,37.45104],[-2.99804,37.45068],[-2.9971,37.45127],[-2.99636,37.45279],[-2.99644,37.45352],[-2.99556,37.45226],[-2.9939,37.45347],[-2.98623,37.4527],[-2.98456,37.45327],[-2.98444,37.4538],[-2.9812,37.45198],[-2.98077,37.45299],[-2.98019,37.45292],[-2.97643,37.4501],[-2.97005,37.44927],[-2.96404,37.45218],[-2.96282,37.45335],[-2.95495,37.45434],[-2.94539,37.45402],[-2.94232,37.44968],[-2.94232,37.4456],[-2.94326,37.44486],[-2.94247,37.44432],[-2.94226,37.44314],[-2.94186,37.44322],[-2.94076,37.44036],[-2.93991,37.43977],[-2.94019,37.4388],[-2.93903,37.43955],[-2.93982,37.44165],[-2.93846,37.44376],[-2.92914,37.44736],[-2.92609,37.44802],[-2.93136,37.46893],[-2.92835,37.47031],[-2.9265,37.47042],[-2.92329,37.47204],[-2.91628,37.4736],[-2.91501,37.47348],[-2.91284,37.47389],[-2.91097,37.47536],[-2.90999,37.47762],[-2.90878,37.47918],[-2.90659,37.47996],[-2.90613,37.48073],[-2.90606,37.48803],[-2.9067,37.49085],[-2.90743,37.49183],[-2.90838,37.49487],[-2.90885,37.50094],[-2.91022,37.50432],[-2.90995,37.50524],[-2.90821,37.50584],[-2.90908,37.50682],[-2.90926,37.50863],[-2.91032,37.50976],[-2.90978,37.51162],[-2.91073,37.5147],[-2.91344,37.51887],[-2.91445,37.51939],[-2.91424,37.52028],[-2.91484,37.5222],[-2.9161,37.52327],[-2.91761,37.52617],[-2.91723,37.53173],[-2.91767,37.53249],[-2.9169,37.53416],[-2.91147,37.53674],[-2.90805,37.53728],[-2.89223,37.53363],[-2.88602,37.53491],[-2.88437,37.53461],[-2.8794,37.53252],[-2.87742,37.53221],[-2.86983,37.53247],[-2.85678,37.53482],[-2.84824,37.53442],[-2.83526,37.53631],[-2.84081,37.54237],[-2.84502,37.55463],[-2.85559,37.56561],[-2.85852,37.57599],[-2.8583,37.57658],[-2.85396,37.57687],[-2.84961,37.57642],[-2.84793,37.57705],[-2.84597,37.57727],[-2.84456,37.57681],[-2.84307,37.57753],[-2.84162,37.57768],[-2.84061,37.57854],[-2.83733,37.57919],[-2.8367,37.57993],[-2.83456,37.58073],[-2.83394,37.58302],[-2.83076,37.5848],[-2.82936,37.58643],[-2.82873,37.58896],[-2.8278,37.58912],[-2.82756,37.58823],[-2.8265,37.58708],[-2.82537,37.58714],[-2.82569,37.58634],[-2.82492,37.58632],[-2.82557,37.58535],[-2.82419,37.58629],[-2.82295,37.58644],[-2.82222,37.58738],[-2.82038,37.5876],[-2.81754,37.58977],[-2.81741,37.59073],[-2.81651,37.59178],[-2.81459,37.59268],[-2.81124,37.59544],[-2.80719,37.59628],[-2.80555,37.59785],[-2.80531,37.59938],[-2.80421,37.60015],[-2.80219,37.60006],[-2.79847,37.5986],[-2.79592,37.59711],[-2.79525,37.59559],[-2.79324,37.59519],[-2.79335,37.59392],[-2.79289,37.59325],[-2.79059,37.59332],[-2.78937,37.594],[-2.78793,37.59357],[-2.78623,37.59147],[-2.78629,37.59062],[-2.78577,37.58996],[-2.78302,37.58868],[-2.7832,37.58754],[-2.78283,37.58721],[-2.78028,37.58693],[-2.77632,37.58461],[-2.77626,37.58574],[-2.77514,37.5873],[-2.77626,37.58574],[-2.77644,37.58315],[-2.77543,37.5788],[-2.77379,37.57723],[-2.77402,37.57558],[-2.77291,37.57361],[-2.7733,37.57298],[-2.77512,37.57214],[-2.77599,37.56983],[-2.77567,37.56306],[-2.77686,37.56065],[-2.77698,37.55599],[-2.77545,37.54876],[-2.77594,37.54513],[-2.77543,37.54248],[-2.77467,37.5413],[-2.77616,37.53202],[-2.7758,37.52868],[-2.77614,37.52661],[-2.77482,37.52403],[-2.77406,37.5198],[-2.77458,37.51787],[-2.77389,37.51228],[-2.7732,37.50985],[-2.77216,37.50879],[-2.77332,37.50727],[-2.77293,37.50309],[-2.77332,37.4996],[-2.77173,37.49561],[-2.77214,37.49464],[-2.77411,37.49303],[-2.77263,37.49211],[-2.77379,37.49164],[-2.77373,37.49095],[-2.76587,37.4807],[-2.76523,37.47872],[-2.76246,37.47507],[-2.75137,37.47402],[-2.73675,37.46939],[-2.73442,37.46831],[-2.7274,37.46361],[-2.72213,37.46268],[-2.72181,37.46119],[-2.72274,37.45588],[-2.72197,37.45522],[-2.72174,37.45092],[-2.72205,37.44935],[-2.7225,37.44899],[-2.72215,37.44825],[-2.72375,37.44712],[-2.7225,37.44547],[-2.72256,37.44429],[-2.72194,37.44314],[-2.72264,37.4416],[-2.72222,37.43992],[-2.72422,37.43431],[-2.72373,37.43418],[-2.72508,37.43155],[-2.72344,37.42722],[-2.72353,37.42638],[-2.72137,37.42332],[-2.71979,37.41608],[-2.72006,37.41482],[-2.7197,37.4119],[-2.71418,37.3879],[-2.71656,37.38304],[-2.71671,37.37948],[-2.71856,37.37466],[-2.72091,37.37241],[-2.73016,37.36873],[-2.73182,37.36721],[-2.7331,37.36456],[-2.73402,37.3601],[-2.73329,37.35721],[-2.73215,37.356],[-2.73205,37.35507],[-2.73092,37.35413],[-2.73245,37.35326],[-2.73543,37.353],[-2.73733,37.352],[-2.73727,37.35045],[-2.73826,37.34925],[-2.73972,37.34837],[-2.74077,37.34607],[-2.74192,37.34606],[-2.74308,37.34693],[-2.74559,37.34699],[-2.74657,37.34527],[-2.74845,37.34343],[-2.75268,37.34252],[-2.75395,37.34183],[-2.75458,37.34082],[-2.75595,37.34078],[-2.757,37.33978],[-2.75857,37.33909],[-2.7617,37.33895],[-2.76333,37.3386],[-2.7639,37.33804],[-2.76576,37.33798],[-2.76697,37.33561],[-2.76571,37.33457],[-2.76869,37.33366],[-2.76967,37.33259],[-2.76972,37.33167],[-2.76928,37.33125],[-2.76767,37.33099],[-2.76538,37.33105],[-2.76488,37.32913],[-2.76317,37.32874],[-2.76321,37.32827],[-2.76435,37.32804],[-2.76623,37.32878],[-2.76696,37.32844],[-2.76533,37.32689],[-2.76646,37.32536],[-2.76664,37.32431],[-2.76597,37.32362],[-2.76415,37.32346],[-2.76398,37.32283],[-2.76489,37.32245],[-2.77078,37.323],[-2.77122,37.32212],[-2.77282,37.32179],[-2.77569,37.31993],[-2.77726,37.31954],[-2.77288,37.31955],[-2.77185,37.3166],[-2.77223,37.31424],[-2.77147,37.31328],[-2.76772,37.31307],[-2.76685,37.31269],[-2.76816,37.31173],[-2.7722,37.31124],[-2.77207,37.31057],[-2.7728,37.30908],[-2.77817,37.30757],[-2.77723,37.30547],[-2.77901,37.30326],[-2.77956,37.29914],[-2.78045,37.29809],[-2.78013,37.29744],[-2.78144,37.2953],[-2.78155,37.29335],[-2.78254,37.29149],[-2.78415,37.29064],[-2.78451,37.28898],[-2.78362,37.28778],[-2.78465,37.28422],[-2.78373,37.2827],[-2.78108,37.28257],[-2.78022,37.28136],[-2.78005,37.28028],[-2.78252,37.27822],[-2.7838,37.27799],[-2.78438,37.27547],[-2.78561,37.27501],[-2.78605,37.27392],[-2.7881,37.2733],[-2.78887,37.2719],[-2.78857,37.26974],[-2.78791,37.26877],[-2.7863,37.26864],[-2.78417,37.26949],[-2.78113,37.26886],[-2.78061,37.26847],[-2.78127,37.26481],[-2.78106,37.26343],[-2.77915,37.25873],[-2.7772,37.25707],[-2.77477,37.25329],[-2.77473,37.24881],[-2.77547,37.24793],[-2.77414,37.24689],[-2.77336,37.24556],[-2.77339,37.2443],[-2.77287,37.24353],[-2.77336,37.24234],[-2.77137,37.23953],[-2.76996,37.23911],[-2.76845,37.23801],[-2.76936,37.23802],[-2.7714,37.23663],[-2.77247,37.23709],[-2.77425,37.237],[-2.77312,37.23641],[-2.77243,37.23496],[-2.77117,37.23507],[-2.77246,37.23437],[-2.77377,37.23477],[-2.77402,37.23414],[-2.77507,37.23386],[-2.77539,37.23277],[-2.77714,37.23257],[-2.77811,37.2314],[-2.77809,37.2305],[-2.77865,37.23039],[-2.779,37.22794],[-2.78136,37.22564],[-2.78461,37.22581],[-2.78679,37.22674],[-2.78785,37.22653],[-2.7893,37.22703],[-2.79048,37.22541],[-2.79315,37.22509],[-2.79431,37.22535],[-2.79546,37.22614],[-2.79479,37.22778],[-2.79567,37.22808],[-2.79649,37.22894],[-2.79618,37.23209],[-2.79737,37.2308],[-2.7989,37.23028],[-2.79831,37.22875],[-2.79862,37.22861],[-2.79894,37.22918],[-2.79922,37.22867],[-2.79778,37.22703],[-2.79932,37.22674],[-2.79943,37.22609],[-2.80065,37.2261],[-2.80071,37.22571],[-2.8019,37.22505],[-2.80234,37.22264],[-2.80163,37.22074],[-2.80108,37.2203],[-2.80448,37.22071],[-2.80512,37.22027],[-2.80528,37.21948],[-2.80383,37.21721],[-2.80655,37.21663],[-2.80837,37.21533],[-2.81004,37.21522],[-2.81039,37.21467],[-2.81067,37.21534],[-2.80956,37.21622],[-2.81036,37.21724],[-2.81044,37.21642],[-2.81183,37.21528],[-2.81204,37.21434],[-2.81114,37.21372],[-2.81126,37.21264],[-2.81183,37.21239],[-2.81284,37.2131],[-2.81435,37.2135],[-2.81563,37.21526],[-2.81751,37.21539],[-2.8189,37.21622],[-2.81985,37.21492],[-2.81974,37.21318],[-2.81892,37.21261],[-2.81932,37.21176],[-2.8192,37.21037],[-2.81781,37.20906],[-2.81883,37.2093],[-2.81957,37.20994],[-2.82026,37.21158],[-2.82036,37.20997],[-2.82127,37.20898],[-2.82219,37.20872],[-2.82187,37.20818],[-2.82253,37.20807],[-2.82217,37.20746],[-2.82256,37.20602],[-2.82321,37.20578],[-2.82448,37.20343],[-2.82407,37.20316],[-2.82472,37.20261],[-2.82465,37.20076],[-2.82514,37.19938],[-2.8273,37.19774],[-2.82819,37.19578],[-2.82969,37.1969],[-2.83094,37.19306],[-2.8325,37.19161],[-2.83299,37.19055],[-2.83403,37.19009],[-2.83444,37.1894],[-2.83663,37.18848],[-2.8373,37.18726],[-2.839,37.18618],[-2.84021,37.18586],[-2.84017,37.18651],[-2.84092,37.18656],[-2.84208,37.18447],[-2.84534,37.18544],[-2.84657,37.18632],[-2.84865,37.18625],[-2.8519,37.18405],[-2.85232,37.18311],[-2.85637,37.1835],[-2.85724,37.1849],[-2.87678,37.18782],[-2.8847,37.19066],[-2.88726,37.19105],[-2.88965,37.1919],[-2.8921,37.19205],[-2.89327,37.19075],[-2.90048,37.189],[-2.90368,37.18899],[-2.90966,37.19014],[-2.9147,37.189],[-2.92227,37.18793],[-2.92986,37.18524],[-2.93389,37.18521],[-2.93661,37.1839],[-2.94098,37.18323],[-2.94228,37.18241],[-2.94676,37.18119],[-2.94817,37.18127],[-2.94955,37.18062],[-2.95094,37.17875],[-2.9529,37.1836],[-2.95449,37.18537],[-2.95532,37.18565],[-2.95554,37.18641],[-2.95477,37.18757],[-2.95548,37.18871],[-2.95583,37.18771],[-2.95726,37.18765],[-2.96317,37.1898],[-2.98394,37.1941],[-2.98435,37.19429],[-2.98354,37.19568],[-2.98581,37.19608],[-2.98675,37.19318],[-2.98585,37.19256],[-2.98576,37.19153],[-2.9873,37.18731],[-2.98864,37.18564],[-2.98933,37.18237],[-2.99118,37.18256],[-2.99228,37.18195],[-2.99272,37.18248],[-2.99779,37.18251],[-3.01561,37.17672],[-3.018,37.17725],[-3.02231,37.17604],[-3.03141,37.17676],[-3.03213,37.17621],[-3.03217,37.17525],[-3.03398,37.17478],[-3.03395,37.17367],[-3.03454,37.17294],[-3.03512,37.17307],[-3.03551,37.17382],[-3.03726,37.17315],[-3.04045,37.1732],[-3.04801,37.17507],[-3.04729,37.17461],[-3.04894,37.17394],[-3.04855,37.1714],[-3.04942,37.17112],[-3.05011,37.16996],[-3.05151,37.17117],[-3.05198,37.17073],[-3.04977,37.169],[-3.04813,37.16931],[-3.04828,37.16876],[-3.04955,37.16788],[-3.04949,37.16747],[-3.04827,37.16618],[-3.04679,37.16565],[-3.04561,37.16568],[-3.04539,37.16536],[-3.04841,37.16518],[-3.04991,37.16323],[-3.05069,37.16411],[-3.05154,37.16426],[-3.05172,37.1623],[-3.05242,37.16162],[-3.05389,37.16259],[-3.05515,37.16238],[-3.05569,37.16168],[-3.05509,37.16022],[-3.05685,37.15967],[-3.05734,37.15914],[-3.05588,37.15903],[-3.05349,37.15968],[-3.05087,37.15886],[-3.05045,37.15636],[-3.04942,37.15464],[-3.04929,37.15355],[-3.05072,37.15032],[-3.04925,37.14863],[-3.04877,37.14724],[-3.05028,37.14492],[-3.04964,37.14442],[-3.04884,37.14456],[-3.04678,37.1471],[-3.04566,37.14701],[-3.04504,37.1462],[-3.04767,37.14292],[-3.0483,37.13967],[-3.04802,37.13827],[-3.04636,37.13615],[-3.04239,37.13477],[-3.04196,37.1337],[-3.04309,37.13234],[-3.04366,37.13075],[-3.04266,37.12783],[-3.04174,37.12664],[-3.04032,37.12673],[-3.03762,37.12616],[-3.03707,37.12446],[-3.0343,37.12199],[-3.03376,37.12039],[-3.03269,37.11938],[-3.03144,37.11722],[-3.02845,37.11004],[-3.02683,37.10733],[-3.02595,37.1052],[-3.02611,37.10265],[-3.02278,37.09923],[-3.0239,37.09648],[-3.0231,37.09432],[-3.02326,37.09286],[-3.02525,37.09162],[-3.02625,37.09038],[-3.02912,37.09076],[-3.02462,37.08717],[-3.02463,37.08571],[-3.02272,37.08192],[-3.02207,37.07846],[-3.02243,37.07796],[-3.02167,37.07749],[-3.02178,37.07673],[-3.0212,37.07612],[-3.0207,37.07413],[-3.02093,37.07343],[-3.01923,37.07298],[-3.01757,37.07033],[-3.01697,37.06689],[-3.01756,37.06554],[-3.01687,37.06384],[-3.01753,37.06293],[-3.01794,37.06108],[-3.01678,37.05758],[-3.01665,37.05418],[-3.01721,37.05211],[-3.01692,37.05],[-3.01592,37.04756],[-3.01343,37.04437],[-3.01309,37.04288],[-3.01062,37.041],[-3.00944,37.03871],[-3.01017,37.03708],[-3.00865,37.03516],[-3.00858,37.02869],[-3.01028,37.02528],[-3.00983,37.02509],[-3.00932,37.02581],[-3.00792,37.0263],[-3.00779,37.02712],[-3.00736,37.02704],[-3.0089,37.02289],[-3.00841,37.02209],[-3.00701,37.02375],[-3.0079,37.01864],[-3.00738,37.01871],[-3.00541,37.02101],[-3.00484,37.02091],[-3.00595,37.01765],[-3.00799,37.01586],[-3.00908,37.01347],[-3.01092,37.01248],[-3.01188,37.01245],[-3.01358,37.0114],[-3.01479,37.01155],[-3.01196,37.01019],[-3.01278,37.00953],[-3.01387,37.00938],[-3.0173,37.01053],[-3.01904,37.01309],[-3.02207,37.01539],[-3.02207,37.01332],[-3.02307,37.01154],[-3.02378,37.01137],[-3.02309,37.00989],[-3.02446,37.00826],[-3.02469,37.00662],[-3.02671,37.00588],[-3.02684,37.005],[-3.02752,37.00477],[-3.02878,37.00511],[-3.02941,37.00593],[-3.03121,37.00506],[-3.03227,37.00543],[-3.03298,37.00646],[-3.03408,37.00606],[-3.03605,37.006],[-3.03753,37.00634],[-3.03928,37.00534],[-3.0419,37.00548],[-3.04114,37.00346],[-3.04184,37.00296],[-3.04476,37.00303],[-3.04706,37.00391],[-3.04755,37.00243],[-3.04957,37.00175],[-3.04958,37.00055],[-3.0502,36.99939],[-3.05103,36.99899],[-3.05124,36.99824],[-3.05276,36.99817],[-3.05421,36.99886],[-3.05546,36.99891],[-3.05443,36.99721],[-3.05523,36.99694],[-3.05565,36.99797],[-3.05675,36.99605],[-3.05382,36.99585],[-3.05306,36.99516],[-3.05324,36.99489],[-3.05384,36.99564],[-3.05667,36.99522],[-3.05801,36.99571],[-3.05962,36.99474],[-3.06019,36.99501],[-3.06021,36.99564],[-3.06093,36.99591],[-3.06078,36.99697],[-3.06168,36.9982],[-3.06653,36.99907],[-3.06731,37.00062],[-3.06773,36.99976],[-3.06903,36.99878],[-3.06889,36.99712],[-3.07026,36.99656],[-3.06958,36.99511],[-3.0709,36.99374],[-3.0719,36.99442],[-3.07265,36.99335],[-3.07534,36.99507],[-3.07603,36.99492],[-3.07668,36.99539],[-3.07723,36.99484],[-3.07825,36.99604],[-3.07868,36.99593],[-3.07891,36.99518],[-3.07945,36.99514],[-3.08105,36.9963],[-3.0863,36.9966],[-3.08678,36.99736],[-3.08773,36.99778],[-3.08832,36.99747],[-3.08875,36.99617],[-3.09292,36.99524],[-3.09407,36.99529],[-3.09544,36.9941],[-3.09798,36.99394],[-3.09874,36.99357],[-3.10044,36.99346],[-3.10087,36.99386],[-3.10164,36.99355],[-3.1034,36.9942],[-3.10505,36.99553],[-3.10561,36.99537],[-3.10567,36.99423],[-3.10873,36.99525],[-3.10925,36.99495],[-3.10906,36.9932],[-3.11217,36.99089],[-3.11196,36.98966],[-3.11579,36.9906],[-3.11619,36.98948],[-3.1175,36.989],[-3.11729,36.98751],[-3.11848,36.9873],[-3.11861,36.98697],[-3.11773,36.98546],[-3.11857,36.98474],[-3.11925,36.98322],[-3.12032,36.98274],[-3.12356,36.97916],[-3.1257,36.97818],[-3.12678,36.9783],[-3.12762,36.97894],[-3.12882,36.97831],[-3.12966,36.97876],[-3.1311,36.97803],[-3.13344,36.97829],[-3.13384,36.97735],[-3.136,36.97677],[-3.13817,36.97728],[-3.13996,36.9772],[-3.14214,36.97918],[-3.14331,36.97949],[-3.14359,36.98124],[-3.14446,36.98127],[-3.1458,36.98232],[-3.14832,36.98324],[-3.14948,36.98479],[-3.14877,36.98697],[-3.14964,36.9887],[-3.15024,36.98867],[-3.15051,36.98773],[-3.15185,36.98766],[-3.15225,36.98617],[-3.15449,36.98379],[-3.15428,36.98272],[-3.15594,36.98116],[-3.15585,36.98019],[-3.15733,36.97909],[-3.15881,36.97861],[-3.15844,36.97804],[-3.15927,36.97619],[-3.15843,36.97546],[-3.15834,36.97474],[-3.15869,36.97269],[-3.16032,36.97183],[-3.15973,36.97042],[-3.16007,36.96838],[-3.16245,36.96865],[-3.16445,36.96797],[-3.16778,36.96606],[-3.16825,36.96428],[-3.17018,36.9638],[-3.17087,36.96282],[-3.17166,36.96365],[-3.17243,36.96249],[-3.17315,36.96243],[-3.17465,36.96128],[-3.17559,36.96143],[-3.17667,36.96177],[-3.17702,36.9626],[-3.17796,36.96318],[-3.17947,36.96293],[-3.18112,36.96362],[-3.18152,36.96485],[-3.18351,36.96593],[-3.1841,36.96789],[-3.18357,36.96926],[-3.18453,36.96987],[-3.18462,36.97108],[-3.18719,36.97152],[-3.18772,36.9705],[-3.18796,36.97149],[-3.18741,36.97211],[-3.18685,36.9746],[-3.18904,36.97166],[-3.19064,36.97057],[-3.19055,36.96974],[-3.1916,36.96914],[-3.19192,36.96755],[-3.19228,36.96947],[-3.19201,36.9714],[-3.19313,36.96845],[-3.19527,36.96658],[-3.1978,36.96588],[-3.19727,36.96517],[-3.20029,36.96095],[-3.20212,36.96168],[-3.20304,36.9615],[-3.20411,36.96025],[-3.20516,36.9597],[-3.20778,36.9595],[-3.20722,36.95954],[-3.20791,36.95862],[-3.2075,36.95842],[-3.20811,36.95807],[-3.20733,36.95768],[-3.20677,36.95793],[-3.20752,36.95743],[-3.20824,36.95749],[-3.20919,36.95692],[-3.20995,36.95698],[-3.21263,36.95607],[-3.214,36.95623],[-3.21608,36.9578],[-3.21648,36.95761],[-3.21616,36.95626],[-3.21663,36.95511],[-3.21622,36.95387],[-3.21666,36.95336],[-3.2181,36.95287],[-3.21879,36.95346],[-3.21955,36.95354],[-3.22132,36.9526],[-3.22438,36.95305],[-3.22395,36.94956],[-3.22713,36.94756],[-3.22739,36.94502],[-3.22795,36.94497],[-3.22888,36.94569],[-3.23347,36.94642],[-3.23429,36.9471],[-3.23662,36.94612],[-3.23808,36.94651],[-3.24093,36.94618],[-3.24276,36.94668],[-3.24522,36.94897],[-3.24638,36.94863],[-3.24728,36.9471],[-3.24754,36.94794],[-3.24852,36.94798],[-3.24974,36.94739],[-3.25017,36.94814],[-3.25141,36.94846],[-3.25252,36.94811],[-3.2535,36.94828],[-3.25518,36.94759],[-3.25705,36.9475],[-3.25763,36.94808],[-3.25877,36.94783],[-3.25928,36.94717],[-3.2611,36.94649],[-3.26504,36.94584],[-3.2666,36.94513],[-3.26948,36.94501],[-3.26927,36.94617],[-3.26621,36.94944],[-3.2654,36.95192],[-3.26552,36.95301],[-3.26667,36.95349],[-3.26603,36.95566],[-3.26635,36.95719],[-3.26577,36.95956],[-3.26648,36.96064],[-3.26619,36.96196],[-3.26724,36.9644],[-3.26672,36.96953],[-3.26725,36.97055],[-3.26672,36.97167],[-3.26849,36.9738],[-3.26809,36.97561],[-3.26892,36.97927],[-3.26735,36.9813],[-3.2674,36.98242],[-3.26803,36.98284],[-3.26857,36.9844],[-3.26596,36.98543],[-3.26705,36.98623],[-3.26708,36.98674],[-3.26607,36.98853],[-3.26587,36.99072],[-3.26474,36.99351],[-3.26519,36.99514],[-3.26449,36.9961],[-3.26264,36.99674],[-3.2626,36.99965],[-3.26202,37.00049],[-3.26246,37.00091],[-3.26328,37.00076],[-3.26399,36.9999],[-3.2641,36.99882],[-3.26561,36.99911],[-3.26599,36.99807],[-3.26754,36.9979],[-3.26997,36.99539],[-3.27029,36.99422],[-3.26953,36.99303],[-3.27081,36.99132],[-3.27074,36.98945],[-3.27167,36.98872],[-3.2716,36.98724],[-3.27293,36.98549],[-3.27346,36.98358],[-3.27543,36.98348],[-3.27739,36.98395],[-3.27847,36.98311],[-3.27972,36.9837],[-3.28027,36.98353],[-3.27965,36.98192],[-3.27979,36.98089],[-3.27808,36.98002],[-3.27731,36.97883],[-3.27848,36.9772],[-3.27801,36.97632],[-3.27862,36.97455],[-3.27862,36.97274],[-3.28036,36.97091],[-3.2813,36.97045],[-3.28086,36.96899],[-3.28005,36.96828],[-3.28045,36.96774],[-3.28046,36.96592],[-3.28164,36.96489],[-3.2801,36.96293],[-3.27995,36.96169],[-3.27848,36.96036],[-3.27887,36.9583],[-3.27836,36.95747],[-3.27854,36.95474],[-3.27905,36.95351],[-3.27986,36.95295],[-3.28067,36.95324],[-3.28103,36.95418],[-3.28147,36.95426],[-3.28289,36.95177],[-3.28422,36.95098],[-3.28498,36.94944],[-3.28569,36.94907],[-3.28529,36.94834],[-3.28514,36.94545],[-3.28579,36.945],[-3.28545,36.94437],[-3.28592,36.94306],[-3.2872,36.94121],[-3.29005,36.93967],[-3.2904,36.93916],[-3.29024,36.93791],[-3.29386,36.93868],[-3.295,36.93861],[-3.29676,36.93928],[-3.29968,36.93684],[-3.30136,36.93632],[-3.30251,36.93721],[-3.30376,36.93985],[-3.30626,36.94042],[-3.30686,36.941],[-3.30938,36.94022],[-3.31229,36.94153],[-3.31293,36.9405],[-3.31378,36.94007],[-3.31972,36.94021],[-3.32046,36.9413],[-3.32206,36.93998],[-3.32277,36.93882],[-3.32222,36.93747],[-3.32351,36.93701],[-3.3251,36.93522],[-3.33036,36.93352],[-3.33179,36.93209],[-3.33328,36.93132],[-3.33533,36.9319],[-3.33651,36.93149],[-3.3371,36.93192],[-3.33797,36.93148],[-3.33898,36.9317],[-3.34024,36.93105],[-3.34206,36.93098],[-3.34407,36.93035],[-3.35187,36.9238],[-3.35352,36.92483],[-3.35471,36.92716],[-3.35711,36.92627],[-3.36185,36.9269],[-3.36275,36.92652],[-3.36479,36.92664],[-3.36612,36.92711],[-3.36458,36.92918],[-3.36427,36.93156],[-3.36341,36.93399],[-3.36241,36.93499],[-3.36193,36.93741],[-3.35964,36.93977],[-3.35996,36.93986],[-3.36166,36.93839],[-3.36076,36.9396],[-3.36103,36.93981],[-3.36179,36.93921],[-3.36216,36.93938],[-3.36226,36.94069],[-3.36162,36.94156],[-3.36188,36.94192],[-3.3636,36.938],[-3.36331,36.94107],[-3.36402,36.94251],[-3.36458,36.94192],[-3.3651,36.9398],[-3.36674,36.93729],[-3.36921,36.93499],[-3.37197,36.93313],[-3.37315,36.93133],[-3.37528,36.9305],[-3.37554,36.92942],[-3.37681,36.92845],[-3.37707,36.92734],[-3.37877,36.92547],[-3.3796,36.92222],[-3.38352,36.92293],[-3.38544,36.92373],[-3.38631,36.92329],[-3.38711,36.92181],[-3.3883,36.92132],[-3.38949,36.92321],[-3.39088,36.92311],[-3.39248,36.92367],[-3.3939,36.92339],[-3.39702,36.92414],[-3.39761,36.92459],[-3.39733,36.9234],[-3.39785,36.92322],[-3.39868,36.92459],[-3.40279,36.92514],[-3.40412,36.92584],[-3.40936,36.92421],[-3.411,36.92505],[-3.41103,36.92587],[-3.41265,36.92576],[-3.41329,36.9265],[-3.41526,36.9266],[-3.41569,36.92562],[-3.41504,36.9237],[-3.41589,36.92265],[-3.41841,36.92181],[-3.42014,36.92205],[-3.42049,36.92163],[-3.41967,36.91965],[-3.42111,36.91886],[-3.42229,36.91896],[-3.42327,36.91949],[-3.42503,36.9179],[-3.42759,36.91668],[-3.42762,36.91553],[-3.42867,36.91461],[-3.42878,36.91352],[-3.42954,36.91255],[-3.43304,36.91154],[-3.43273,36.91126],[-3.43119,36.91138],[-3.43022,36.91189],[-3.42943,36.91185],[-3.42824,36.91275],[-3.42672,36.91279],[-3.43034,36.91043],[-3.43107,36.90897],[-3.4287,36.9057],[-3.42821,36.90587],[-3.42835,36.90681],[-3.42774,36.90673],[-3.42819,36.90175],[-3.42871,36.90107],[-3.42818,36.90116],[-3.42768,36.90222],[-3.42603,36.90217],[-3.4253,36.90063],[-3.42389,36.90066],[-3.42295,36.89912],[-3.42114,36.89879],[-3.42303,36.89535],[-3.42133,36.89425],[-3.42142,36.89345],[-3.41982,36.89243],[-3.42027,36.89171],[-3.41874,36.88957],[-3.4182,36.88742],[-3.41576,36.88517],[-3.41514,36.88335],[-3.41775,36.88356],[-3.41818,36.88307],[-3.4167,36.88173],[-3.41621,36.8802],[-3.41645,36.87969],[-3.41808,36.87948],[-3.41957,36.87994],[-3.42083,36.87989],[-3.42255,36.87896],[-3.42407,36.87879],[-3.42492,36.87919],[-3.42585,36.8787],[-3.4269,36.87927],[-3.43082,36.87911],[-3.43116,36.87753],[-3.4323,36.8775],[-3.4343,36.87622],[-3.43413,36.87432],[-3.43664,36.87517],[-3.4374,36.87487],[-3.43855,36.87509],[-3.43967,36.87229],[-3.4414,36.8746],[-3.44279,36.8746],[-3.44603,36.8754],[-3.44789,36.87506],[-3.44966,36.87538],[-3.45078,36.87481],[-3.45432,36.87462],[-3.45463,36.87439],[-3.45442,36.87318],[-3.45735,36.8731],[-3.46064,36.87175],[-3.46898,36.87147],[-3.46979,36.87181],[-3.47145,36.8717],[-3.47201,36.87238],[-3.47349,36.87212],[-3.47508,36.87261],[-3.47602,36.87189],[-3.47608,36.8704],[-3.47725,36.87027],[-3.47775,36.86952],[-3.47678,36.86735],[-3.47826,36.86722],[-3.48122,36.86838],[-3.48192,36.86826],[-3.4832,36.86564],[-3.48657,36.86249],[-3.48649,36.86208],[-3.48532,36.86143],[-3.4876,36.8608],[-3.48801,36.85884],[-3.49085,36.85797],[-3.49276,36.85642],[-3.49658,36.85711],[-3.49952,36.85374],[-3.49961,36.85271],[-3.50253,36.85214],[-3.50345,36.85097],[-3.50472,36.85031],[-3.50516,36.85025],[-3.50594,36.85091]]}},{"type":"Feature","properties":{"name":"TET_E-24-AND-E_20241226","country":"ES","lengthKm":238.8},"geometry":{"type":"LineString","coordinates":[[-3.03608,37.47846],[-3.03601,37.47643],[-3.03554,37.47537],[-3.03706,37.47651],[-3.03718,37.47553],[-3.03889,37.47536],[-3.03919,37.47588],[-3.03994,37.47523],[-3.04031,37.47532],[-3.0399,37.4758],[-3.0411,37.47597],[-3.04137,37.47686],[-3.04285,37.47745],[-3.04216,37.4788],[-3.04248,37.47903],[-3.04372,37.47915],[-3.04541,37.47846],[-3.05247,37.47957],[-3.06277,37.48604],[-3.0659,37.48946],[-3.07188,37.49414],[-3.07613,37.49886],[-3.08098,37.50017],[-3.08234,37.50144],[-3.08336,37.50134],[-3.08454,37.50201],[-3.08673,37.5016],[-3.08731,37.50178],[-3.08748,37.50259],[-3.0889,37.5042],[-3.09077,37.5043],[-3.09138,37.50513],[-3.09481,37.50592],[-3.09649,37.50727],[-3.09938,37.50813],[-3.10065,37.50974],[-3.10271,37.51012],[-3.10526,37.50937],[-3.10682,37.50982],[-3.10755,37.50813],[-3.10799,37.50823],[-3.10812,37.50878],[-3.10853,37.50871],[-3.10845,37.50777],[-3.10937,37.50613],[-3.11054,37.50535],[-3.11174,37.50534],[-3.11241,37.50489],[-3.11401,37.50528],[-3.11486,37.50502],[-3.11533,37.50603],[-3.1164,37.50625],[-3.11687,37.50562],[-3.11629,37.50502],[-3.11647,37.50428],[-3.11808,37.50258],[-3.11922,37.50208],[-3.11946,37.5005],[-3.12059,37.49859],[-3.11987,37.497],[-3.12102,37.49522],[-3.12248,37.4949],[-3.1251,37.49282],[-3.12817,37.49255],[-3.12964,37.49345],[-3.13109,37.49338],[-3.13313,37.4928],[-3.13419,37.49206],[-3.13603,37.49173],[-3.13636,37.49111],[-3.13457,37.48923],[-3.13443,37.48797],[-3.13612,37.48673],[-3.13678,37.48576],[-3.13901,37.48497],[-3.1409,37.48483],[-3.14112,37.48354],[-3.14292,37.48304],[-3.14174,37.48015],[-3.14507,37.47676],[-3.14579,37.47541],[-3.14622,37.47306],[-3.14535,37.47173],[-3.1467,37.46657],[-3.14979,37.46377],[-3.15193,37.46322],[-3.15205,37.46241],[-3.15303,37.46172],[-3.15746,37.45957],[-3.16107,37.45926],[-3.16351,37.4577],[-3.16477,37.45765],[-3.16213,37.45647],[-3.1615,37.45477],[-3.15949,37.4538],[-3.15833,37.45124],[-3.15931,37.44948],[-3.16107,37.44826],[-3.16264,37.44413],[-3.1644,37.44118],[-3.16627,37.43984],[-3.16742,37.43613],[-3.16916,37.43348],[-3.17049,37.42972],[-3.17288,37.42561],[-3.16995,37.42126],[-3.1717,37.41925],[-3.17135,37.41861],[-3.17221,37.41698],[-3.17355,37.41588],[-3.173,37.41494],[-3.17319,37.41377],[-3.17385,37.41314],[-3.17328,37.41263],[-3.17334,37.41184],[-3.17393,37.41057],[-3.17467,37.41018],[-3.17412,37.40958],[-3.17465,37.40841],[-3.17406,37.4076],[-3.1743,37.40412],[-3.17777,37.38786],[-3.18082,37.38824],[-3.18187,37.38879],[-3.18436,37.38913],[-3.1856,37.38978],[-3.18982,37.39027],[-3.19555,37.38957],[-3.19946,37.38801],[-3.20143,37.38632],[-3.20235,37.38465],[-3.20195,37.38191],[-3.20226,37.38124],[-3.20341,37.38047],[-3.20411,37.37753],[-3.20555,37.37593],[-3.20704,37.37505],[-3.20786,37.37328],[-3.20934,37.37262],[-3.21025,37.37168],[-3.21201,37.37187],[-3.215,37.37059],[-3.2163,37.37122],[-3.2183,37.3705],[-3.22116,37.36846],[-3.22187,37.36716],[-3.22362,37.36598],[-3.2259,37.36519],[-3.22716,37.36518],[-3.23034,37.36317],[-3.23323,37.3622],[-3.23352,37.36144],[-3.23948,37.36136],[-3.24437,37.36054],[-3.24741,37.35955],[-3.25389,37.35884],[-3.25822,37.35804],[-3.26073,37.35665],[-3.26332,37.35605],[-3.27025,37.35301],[-3.27473,37.34959],[-3.27735,37.34613],[-3.27859,37.34537],[-3.27963,37.34397],[-3.28217,37.34208],[-3.28495,37.34139],[-3.28379,37.34314],[-3.28461,37.34309],[-3.28638,37.34381],[-3.29062,37.34719],[-3.29252,37.34805],[-3.29104,37.34888],[-3.29057,37.34966],[-3.29055,37.35045],[-3.29181,37.35108],[-3.29104,37.35211],[-3.29135,37.35359],[-3.29024,37.35594],[-3.28909,37.35727],[-3.2932,37.35747],[-3.29392,37.35649],[-3.29672,37.35708],[-3.29775,37.35784],[-3.30105,37.35887],[-3.30874,37.35934],[-3.31217,37.35851],[-3.31802,37.35654],[-3.3188,37.35568],[-3.32426,37.35264],[-3.32542,37.35108],[-3.32795,37.35041],[-3.33196,37.35075],[-3.33305,37.35271],[-3.33501,37.35425],[-3.34319,37.3531],[-3.34559,37.3534],[-3.35047,37.35171],[-3.35319,37.35173],[-3.35501,37.35084],[-3.35761,37.3509],[-3.36182,37.35022],[-3.36178,37.34705],[-3.36096,37.34474],[-3.36264,37.34442],[-3.3622,37.34368],[-3.3626,37.34323],[-3.36015,37.34218],[-3.35903,37.34108],[-3.35805,37.33637],[-3.35687,37.33561],[-3.35497,37.33332],[-3.35056,37.33148],[-3.35003,37.33015],[-3.35144,37.33013],[-3.352,37.3293],[-3.35158,37.3286],[-3.34996,37.32776],[-3.35043,37.32753],[-3.35027,37.32717],[-3.3492,37.32637],[-3.34516,37.32488],[-3.34379,37.3237],[-3.34246,37.32336],[-3.33985,37.32079],[-3.33291,37.319],[-3.33177,37.31949],[-3.33079,37.31863],[-3.32903,37.31643],[-3.32948,37.31582],[-3.32603,37.31139],[-3.32551,37.30857],[-3.32411,37.3053],[-3.32342,37.30466],[-3.32491,37.30248],[-3.32391,37.30125],[-3.32317,37.30104],[-3.32195,37.29892],[-3.32098,37.29862],[-3.31999,37.29914],[-3.3199,37.29985],[-3.31853,37.30021],[-3.3168,37.30001],[-3.31532,37.30034],[-3.31485,37.29999],[-3.31338,37.30029],[-3.31257,37.29985],[-3.31187,37.29994],[-3.31234,37.29967],[-3.31277,37.29796],[-3.31341,37.29783],[-3.31519,37.29539],[-3.31418,37.29239],[-3.31406,37.29017],[-3.31453,37.28959],[-3.31405,37.28683],[-3.31278,37.28768],[-3.31246,37.2866],[-3.30977,37.28756],[-3.30735,37.28578],[-3.30508,37.28341],[-3.30495,37.28265],[-3.30441,37.2826],[-3.30355,37.28144],[-3.30254,37.28094],[-3.29939,37.28053],[-3.30011,37.28129],[-3.29982,37.28142],[-3.29555,37.28078],[-3.29448,37.2795],[-3.29367,37.27913],[-3.29095,37.27985],[-3.28921,37.27961],[-3.28762,37.27868],[-3.28615,37.27886],[-3.28505,37.27749],[-3.28647,37.27744],[-3.28815,37.27688],[-3.28704,37.27671],[-3.28675,37.27589],[-3.28739,37.27632],[-3.28702,37.27567],[-3.28747,37.27438],[-3.28808,37.27441],[-3.28892,37.27533],[-3.29143,37.27515],[-3.29283,37.27427],[-3.30042,37.2719],[-3.30223,37.27057],[-3.30223,37.2697],[-3.30317,37.26909],[-3.30507,37.26937],[-3.308,37.26783],[-3.30876,37.26793],[-3.30916,37.26725],[-3.31009,37.2669],[-3.31222,37.26696],[-3.31291,37.2661],[-3.31261,37.26467],[-3.31338,37.26364],[-3.31711,37.26349],[-3.31887,37.26275],[-3.32009,37.264],[-3.32207,37.26358],[-3.32327,37.2639],[-3.32367,37.26491],[-3.32505,37.26587],[-3.32873,37.26652],[-3.32995,37.26607],[-3.33036,37.26469],[-3.33174,37.26559],[-3.3333,37.26572],[-3.33528,37.26431],[-3.33922,37.26308],[-3.34055,37.26238],[-3.34208,37.2602],[-3.34253,37.26172],[-3.34298,37.26181],[-3.3423,37.26311],[-3.34277,37.26366],[-3.34544,37.26514],[-3.34891,37.26471],[-3.35032,37.26417],[-3.35072,37.26325],[-3.35237,37.26227],[-3.35521,37.26192],[-3.35745,37.26092],[-3.35947,37.25951],[-3.36131,37.25723],[-3.36385,37.25548],[-3.36498,37.2553],[-3.36919,37.25345],[-3.37286,37.25327],[-3.37456,37.25273],[-3.37522,37.25068],[-3.3764,37.24974],[-3.38223,37.25009],[-3.38347,37.24924],[-3.38528,37.24912],[-3.38591,37.24871],[-3.3873,37.24889],[-3.38649,37.24796],[-3.38657,37.24728],[-3.38807,37.24578],[-3.3904,37.24608],[-3.39071,37.24704],[-3.39183,37.24731],[-3.38863,37.24239],[-3.38908,37.24088],[-3.3912,37.2396],[-3.39641,37.23845],[-3.39769,37.23658],[-3.39998,37.23489],[-3.40106,37.23269],[-3.40234,37.2323],[-3.40306,37.23131],[-3.40437,37.23081],[-3.40462,37.23105],[-3.40327,37.23153],[-3.40322,37.23223],[-3.40238,37.23299],[-3.40253,37.23388],[-3.40304,37.23428],[-3.40425,37.2343],[-3.40477,37.23635],[-3.40561,37.23637],[-3.40673,37.23495],[-3.40747,37.23149],[-3.40875,37.23018],[-3.4095,37.22532],[-3.41046,37.22336],[-3.41261,37.22175],[-3.41388,37.2228],[-3.41507,37.22257],[-3.41575,37.22291],[-3.4182,37.22246],[-3.41872,37.22179],[-3.42107,37.2215],[-3.42307,37.22068],[-3.42426,37.22113],[-3.42558,37.22063],[-3.4282,37.22039],[-3.43059,37.21899],[-3.4318,37.21768],[-3.43548,37.21638],[-3.43608,37.21543],[-3.43452,37.21248],[-3.43626,37.20985],[-3.43616,37.20779],[-3.43742,37.2068],[-3.43858,37.2044],[-3.43971,37.20372],[-3.44109,37.20465],[-3.44224,37.20483],[-3.44209,37.20802],[-3.4431,37.20832],[-3.44332,37.20738],[-3.44493,37.20585],[-3.44539,37.20395],[-3.44685,37.20293],[-3.44757,37.20284],[-3.44726,37.20228],[-3.44834,37.20199],[-3.44938,37.20106],[-3.44976,37.19981],[-3.45171,37.19999],[-3.45214,37.19861],[-3.45329,37.1982],[-3.45483,37.19615],[-3.45585,37.19646],[-3.45732,37.19617],[-3.45944,37.19535],[-3.46046,37.19435],[-3.46106,37.19523],[-3.46319,37.19483],[-3.46235,37.19502],[-3.46026,37.1966],[-3.45983,37.19631],[-3.45999,37.19703],[-3.45847,37.19836],[-3.46014,37.19876],[-3.46197,37.19788],[-3.46201,37.19862],[-3.46101,37.1999],[-3.46147,37.20034],[-3.46261,37.19976],[-3.46276,37.20047],[-3.4651,37.19819],[-3.4666,37.19901],[-3.4692,37.19962],[-3.47175,37.20251],[-3.4737,37.20313],[-3.47298,37.20307],[-3.4733,37.20439],[-3.47226,37.20597],[-3.47404,37.20607],[-3.47611,37.20716],[-3.47558,37.20754],[-3.47521,37.20905],[-3.47595,37.2096],[-3.47647,37.20942],[-3.47707,37.21026],[-3.47782,37.21011],[-3.4778,37.21183],[-3.47901,37.21262],[-3.47873,37.21367],[-3.48137,37.21501],[-3.48093,37.21595],[-3.47918,37.217],[-3.47948,37.21804],[-3.4803,37.21863],[-3.48162,37.21854],[-3.48115,37.22016],[-3.48145,37.22108],[-3.48243,37.22189],[-3.48524,37.22253],[-3.48893,37.22476],[-3.49046,37.22614],[-3.4906,37.22566],[-3.49157,37.22583],[-3.49279,37.22505],[-3.49664,37.22463],[-3.50061,37.22342],[-3.50368,37.22129],[-3.50466,37.21973],[-3.50467,37.21878],[-3.50569,37.21918],[-3.50847,37.21831],[-3.50869,37.21614],[-3.50938,37.21569],[-3.51289,37.21499],[-3.51414,37.21393],[-3.5157,37.2139],[-3.51629,37.21352],[-3.51808,37.21352],[-3.51841,37.21402],[-3.51976,37.21324],[-3.52063,37.21319],[-3.52098,37.21268],[-3.52177,37.21276],[-3.52331,37.21203],[-3.524,37.21105],[-3.52682,37.21019],[-3.52595,37.20982],[-3.52723,37.20907],[-3.52709,37.20841],[-3.52825,37.20763],[-3.52859,37.20642],[-3.52929,37.20628],[-3.53032,37.20476],[-3.53177,37.20406],[-3.53273,37.204],[-3.53445,37.20493],[-3.5347,37.20565],[-3.5343,37.2071],[-3.53494,37.20686],[-3.53678,37.20717],[-3.53813,37.20915],[-3.538,37.20983],[-3.53867,37.20988],[-3.53926,37.21083],[-3.53997,37.21018],[-3.5407,37.21027],[-3.5412,37.21156],[-3.54028,37.21293],[-3.53973,37.21673],[-3.54116,37.21726],[-3.54075,37.21769],[-3.54145,37.21813],[-3.54118,37.21872],[-3.54169,37.21925],[-3.53938,37.22068],[-3.5375,37.22351],[-3.53887,37.22414],[-3.53721,37.2272],[-3.53708,37.22833],[-3.53724,37.23059],[-3.53846,37.23148],[-3.53849,37.23191],[-3.53589,37.2339],[-3.53504,37.23539],[-3.53722,37.23641],[-3.53773,37.2371],[-3.5397,37.23717],[-3.54076,37.23644],[-3.54223,37.23648],[-3.54693,37.23496],[-3.54827,37.23416],[-3.55176,37.23322],[-3.55126,37.23508],[-3.54741,37.23618],[-3.54749,37.23707],[-3.54702,37.23774],[-3.5458,37.23822],[-3.54617,37.23878],[-3.54455,37.2392],[-3.54439,37.23961],[-3.54707,37.24057],[-3.54777,37.2401],[-3.5487,37.24115],[-3.55014,37.24133],[-3.55057,37.24221],[-3.55241,37.24232],[-3.55319,37.24282],[-3.55403,37.24446],[-3.55353,37.24504],[-3.55338,37.2471],[-3.55495,37.2482],[-3.55568,37.24948],[-3.55725,37.25023],[-3.55741,37.25121],[-3.55817,37.25189],[-3.55925,37.25246],[-3.56281,37.25282],[-3.56916,37.25634],[-3.57112,37.25828],[-3.57477,37.25852],[-3.5766,37.258],[-3.57714,37.25996],[-3.57586,37.26167],[-3.57602,37.26307],[-3.57674,37.2637],[-3.57856,37.26361],[-3.57627,37.26479],[-3.57639,37.26608],[-3.57523,37.26726],[-3.57276,37.26813],[-3.57166,37.26917],[-3.56895,37.27041],[-3.56834,37.27222],[-3.56658,37.27351],[-3.56672,37.27381],[-3.56844,37.2736],[-3.57011,37.27398],[-3.57227,37.27583],[-3.57199,37.27802],[-3.57061,37.2802],[-3.5706,37.28135],[-3.56839,37.28572],[-3.56773,37.28621],[-3.56689,37.29007],[-3.56382,37.29539],[-3.56252,37.29611],[-3.56049,37.29593],[-3.55826,37.29909],[-3.55451,37.3017],[-3.55443,37.30218],[-3.55847,37.30351],[-3.55948,37.30463],[-3.56568,37.30515],[-3.56854,37.30436],[-3.56906,37.30383],[-3.57467,37.30264],[-3.57527,37.30101],[-3.58069,37.30168],[-3.58188,37.30017],[-3.58634,37.29943],[-3.5889,37.30002],[-3.59535,37.30068],[-3.60029,37.30239],[-3.60446,37.30277],[-3.60604,37.30259],[-3.6082,37.30314],[-3.61179,37.30325],[-3.61355,37.30274],[-3.62177,37.30274],[-3.6283,37.30393],[-3.63621,37.30402],[-3.63896,37.30501],[-3.64714,37.30105],[-3.65336,37.29902],[-3.65586,37.29596],[-3.65619,37.29455],[-3.65702,37.29442],[-3.65712,37.29391],[-3.66036,37.29187],[-3.66161,37.29194],[-3.65954,37.28861],[-3.65964,37.28683],[-3.65876,37.28386],[-3.6589,37.28164],[-3.6633,37.27796],[-3.66241,37.27618],[-3.66317,37.27538],[-3.66293,37.27305],[-3.66337,37.27262],[-3.66582,37.27354],[-3.66774,37.27251],[-3.66774,37.27193],[-3.66514,37.26835],[-3.667,37.26566],[-3.66775,37.26163],[-3.6687,37.25964],[-3.66857,37.25824],[-3.67,37.25417],[-3.67246,37.2551],[-3.67466,37.25482],[-3.67304,37.25167],[-3.67598,37.25144],[-3.67849,37.25001],[-3.68047,37.24989],[-3.68244,37.24855],[-3.6817,37.24809],[-3.68078,37.24856],[-3.68115,37.24792],[-3.68757,37.24698],[-3.68798,37.24507],[-3.68769,37.24445],[-3.69017,37.24366],[-3.69037,37.24331],[-3.68732,37.24179],[-3.68587,37.24203],[-3.6841,37.24166],[-3.68432,37.24114],[-3.68576,37.24117],[-3.6855,37.24086],[-3.68639,37.24026],[-3.68649,37.23872],[-3.6944,37.23877],[-3.69649,37.23805],[-3.69738,37.23851],[-3.69734,37.23753],[-3.69576,37.23656],[-3.69502,37.23523],[-3.69515,37.23364],[-3.69312,37.23297],[-3.68986,37.22912],[-3.68897,37.22619],[-3.68816,37.22557],[-3.6899,37.22288],[-3.69309,37.22202],[-3.69634,37.21854],[-3.71808,37.22632],[-3.72055,37.22206],[-3.71985,37.2205],[-3.72225,37.21856],[-3.72166,37.21797],[-3.71924,37.21813],[-3.71737,37.21642],[-3.71713,37.21572],[-3.7175,37.21441],[-3.71878,37.21491],[-3.71772,37.21263],[-3.72059,37.21016],[-3.72227,37.20803],[-3.7275,37.21057],[-3.72992,37.21125],[-3.74054,37.21159],[-3.74221,37.21136],[-3.74491,37.21009],[-3.75495,37.2104],[-3.75836,37.20919],[-3.76318,37.20888],[-3.76493,37.20922],[-3.77225,37.21263],[-3.77253,37.21217],[-3.77873,37.2145],[-3.78134,37.21336],[-3.78464,37.21376],[-3.78692,37.21234],[-3.78822,37.21197],[-3.7982,37.21254],[-3.80502,37.21093],[-3.81011,37.2106],[-3.81252,37.20837],[-3.81846,37.20835],[-3.82269,37.20671],[-3.82389,37.2047],[-3.82457,37.20469],[-3.82541,37.20526],[-3.82594,37.20437],[-3.82885,37.20405],[-3.82886,37.20256],[-3.82833,37.20206],[-3.82962,37.20044],[-3.83302,37.19927],[-3.83383,37.19794],[-3.83776,37.19558],[-3.83938,37.19575],[-3.84509,37.1951],[-3.84841,37.19421],[-3.85031,37.19427],[-3.85244,37.19538],[-3.85582,37.19579],[-3.85795,37.19564],[-3.85992,37.19484],[-3.86348,37.19572],[-3.86711,37.19541],[-3.86881,37.19579],[-3.86931,37.19523],[-3.86875,37.19454],[-3.8741,37.19109],[-3.89284,37.18257],[-3.89928,37.18057],[-3.89996,37.18079],[-3.90021,37.17998],[-3.90133,37.18021],[-3.90186,37.17975],[-3.90085,37.17754],[-3.9021,37.1777],[-3.90304,37.17832],[-3.91043,37.17867],[-3.92264,37.18041],[-3.92664,37.18065],[-3.92731,37.18047],[-3.92751,37.17949],[-3.93069,37.17983],[-3.93134,37.17907],[-3.9312,37.17831],[-3.92942,37.1767],[-3.92823,37.17495],[-3.92968,37.17351],[-3.93282,37.17238],[-3.93554,37.17205],[-3.9391,37.17232],[-3.94399,37.17174],[-3.94898,37.16958],[-3.95689,37.1687],[-3.95969,37.16806],[-3.96415,37.16838],[-3.96391,37.1694],[-3.96616,37.17089],[-3.96891,37.17074],[-3.96938,37.17002],[-3.96835,37.16939],[-3.96673,37.16666],[-3.96811,37.16609],[-3.9698,37.16635],[-3.9699,37.16496],[-3.97255,37.16404],[-3.97328,37.16243],[-3.97157,37.16082],[-3.97292,37.16069],[-3.97277,37.16018],[-3.97327,37.16033],[-3.97385,37.15848],[-3.97394,37.16025],[-3.97528,37.16141],[-3.97657,37.16113],[-3.97516,37.15993],[-3.97607,37.15866],[-3.97654,37.15661],[-3.97861,37.15405],[-3.98052,37.14974],[-3.98239,37.14906],[-3.98498,37.14141],[-3.99208,37.14183],[-3.9944,37.14158],[-3.99555,37.14197],[-3.99889,37.14212],[-3.99995,37.14045],[-4.00006,37.13942],[-4.00503,37.13773],[-4.00574,37.136],[-4.00572,37.1343],[-4.00861,37.13309],[-4.01012,37.12977],[-4.01467,37.12932],[-4.01739,37.12731],[-4.01848,37.12696],[-4.01979,37.12547],[-4.02336,37.12863],[-4.02498,37.12923],[-4.02658,37.13058],[-4.02891,37.13119],[-4.02991,37.13275],[-4.03482,37.13522],[-4.03758,37.13756],[-4.03841,37.13778],[-4.04548,37.13746],[-4.04661,37.13721],[-4.04629,37.13644],[-4.047,37.13673],[-4.0484,37.13641],[-4.05194,37.13774],[-4.05424,37.13934],[-4.05552,37.14101],[-4.05886,37.14297],[-4.06165,37.1441],[-4.06368,37.14578],[-4.06473,37.1473],[-4.0672,37.14816],[-4.06916,37.15014],[-4.07157,37.15116],[-4.07309,37.1508],[-4.07545,37.15136],[-4.07703,37.15013],[-4.07835,37.14999],[-4.08043,37.14879],[-4.08259,37.1494],[-4.08621,37.14921],[-4.08911,37.1497],[-4.09025,37.14943],[-4.09213,37.14671],[-4.09298,37.14645],[-4.09445,37.14513],[-4.09438,37.14295],[-4.09506,37.14232],[-4.09598,37.1399],[-4.09606,37.13885],[-4.09528,37.13787],[-4.09538,37.13734],[-4.09799,37.13637],[-4.0993,37.14016],[-4.1017,37.14172],[-4.10399,37.14417],[-4.10885,37.14586],[-4.11063,37.14848],[-4.11426,37.15035],[-4.12045,37.15511],[-4.12169,37.157],[-4.12172,37.15864],[-4.12276,37.16087],[-4.12384,37.1616],[-4.12772,37.16084],[-4.13027,37.15937],[-4.13158,37.15905],[-4.13172,37.1597],[-4.13347,37.15973],[-4.13716,37.16056],[-4.13673,37.16266],[-4.13729,37.1617],[-4.13801,37.16145],[-4.13881,37.16159],[-4.13979,37.16255],[-4.14237,37.16312],[-4.14446,37.16244],[-4.14514,37.16113],[-4.14598,37.16078],[-4.1469,37.1611],[-4.14799,37.16241],[-4.15195,37.16276],[-4.15402,37.16157],[-4.15275,37.16097],[-4.15454,37.16136],[-4.15492,37.16089],[-4.1572,37.16172],[-4.156,37.15972],[-4.15474,37.15881],[-4.15443,37.1578],[-4.15339,37.15701],[-4.15505,37.15716],[-4.15923,37.15875],[-4.16034,37.15884],[-4.16497,37.15795],[-4.16545,37.15802],[-4.16599,37.15881],[-4.16739,37.15906],[-4.17239,37.15718],[-4.17409,37.15578],[-4.17432,37.15469],[-4.17869,37.15246],[-4.18098,37.14984],[-4.18417,37.14927],[-4.1845,37.14894],[-4.18472,37.14761],[-4.18634,37.14558],[-4.18533,37.14433],[-4.1867,37.14247],[-4.18633,37.13901],[-4.18712,37.13743],[-4.1891,37.13751],[-4.19023,37.13608],[-4.19313,37.13466],[-4.19398,37.13462],[-4.19627,37.13184],[-4.19538,37.13102],[-4.19792,37.13034],[-4.19909,37.12879],[-4.20425,37.12731],[-4.20546,37.12783],[-4.20642,37.12992],[-4.20771,37.13113],[-4.20798,37.13322],[-4.20885,37.13338],[-4.20926,37.13303],[-4.21332,37.13569],[-4.21295,37.13616],[-4.21059,37.13691],[-4.20938,37.13858],[-4.20995,37.13937],[-4.21082,37.13912],[-4.21147,37.13808],[-4.21342,37.13801],[-4.21759,37.13879],[-4.21821,37.13839],[-4.21864,37.14052],[-4.2213,37.13783],[-4.22581,37.13544],[-4.23016,37.13463],[-4.2339,37.13475],[-4.23711,37.13525],[-4.24293,37.13701],[-4.24415,37.14141],[-4.24551,37.14172],[-4.2464,37.14118],[-4.24794,37.14096],[-4.24858,37.13929],[-4.25216,37.13611],[-4.25365,37.13337],[-4.2529,37.1306],[-4.25566,37.12831],[-4.2573,37.12846],[-4.25783,37.12633],[-4.25887,37.12527],[-4.25852,37.12402],[-4.2592,37.1236],[-4.25734,37.12248],[-4.25704,37.12122],[-4.257,37.12039],[-4.25792,37.11959],[-4.25655,37.11771],[-4.25768,37.11542],[-4.25669,37.1132],[-4.25664,37.1098],[-4.25626,37.10894],[-4.25679,37.10789],[-4.25614,37.10689],[-4.25438,37.10604],[-4.25461,37.10154],[-4.25676,37.09922],[-4.25917,37.09816],[-4.26024,37.09727],[-4.26255,37.09667],[-4.26295,37.09584],[-4.26405,37.09502],[-4.26675,37.09361],[-4.26791,37.09199],[-4.26963,37.09142],[-4.27057,37.09014],[-4.27183,37.08955],[-4.27494,37.08627],[-4.27639,37.08163],[-4.27785,37.07923],[-4.27804,37.07781],[-4.28028,37.07404],[-4.28156,37.07331],[-4.28231,37.07348],[-4.28543,37.07295],[-4.28707,37.07159],[-4.28722,37.07224],[-4.29273,37.07709],[-4.30357,37.081],[-4.30625,37.08385],[-4.31324,37.08808],[-4.31713,37.08983],[-4.32323,37.09149],[-4.3244,37.09226],[-4.32859,37.09319],[-4.33339,37.09636],[-4.3361,37.0994],[-4.34049,37.10227],[-4.34093,37.10294],[-4.34312,37.1035],[-4.34352,37.10493],[-4.34531,37.10533],[-4.3473,37.10684],[-4.3496,37.10632],[-4.35131,37.10644],[-4.35383,37.10575],[-4.35637,37.1062],[-4.35977,37.10258],[-4.36455,37.09911],[-4.36946,37.09782],[-4.37226,37.0975],[-4.37807,37.09549],[-4.38499,37.09474],[-4.38492,37.09422],[-4.39063,37.09365],[-4.39073,37.09407],[-4.39316,37.09376],[-4.39342,37.09445]]}},{"type":"Feature","properties":{"name":"TET_E-25-AND-S_20241226","country":"ES","lengthKm":448.6},"geometry":{"type":"LineString","coordinates":[[-3.50638,36.85123],[-3.50874,36.84842],[-3.509,36.84539],[-3.51222,36.84286],[-3.51397,36.84014],[-3.51914,36.83747],[-3.51974,36.83676],[-3.51986,36.83581],[-3.5185,36.83148],[-3.51879,36.8299],[-3.52048,36.82793],[-3.52529,36.82468],[-3.52612,36.81963],[-3.52664,36.8186],[-3.52803,36.81737],[-3.53161,36.81509],[-3.53435,36.81493],[-3.53624,36.81521],[-3.53792,36.81465],[-3.54123,36.81203],[-3.54194,36.81291],[-3.54348,36.81289],[-3.54569,36.81193],[-3.54652,36.81204],[-3.54868,36.81013],[-3.55042,36.80975],[-3.55084,36.80927],[-3.55217,36.80883],[-3.55396,36.8092],[-3.55293,36.80809],[-3.55443,36.80707],[-3.55356,36.80699],[-3.55596,36.80571],[-3.55691,36.80448],[-3.55828,36.80411],[-3.55746,36.80125],[-3.55819,36.80023],[-3.55906,36.79968],[-3.56032,36.79965],[-3.56084,36.79855],[-3.5617,36.79855],[-3.56344,36.79759],[-3.56446,36.79743],[-3.5653,36.79608],[-3.56791,36.79579],[-3.5694,36.79515],[-3.57267,36.79293],[-3.5745,36.79263],[-3.57624,36.7931],[-3.57697,36.79256],[-3.58245,36.79198],[-3.5832,36.79089],[-3.5853,36.79044],[-3.58512,36.78992],[-3.58598,36.78769],[-3.58658,36.78944],[-3.58886,36.78991],[-3.58869,36.78827],[-3.58914,36.7862],[-3.592,36.78314],[-3.59221,36.78154],[-3.59826,36.7818],[-3.60183,36.78294],[-3.60251,36.78264],[-3.60281,36.78189],[-3.60344,36.7818],[-3.60517,36.7828],[-3.60643,36.78243],[-3.60804,36.7828],[-3.61019,36.78425],[-3.6117,36.78252],[-3.6101,36.78118],[-3.61313,36.78111],[-3.61378,36.78042],[-3.61684,36.77955],[-3.61714,36.7788],[-3.61912,36.77733],[-3.61985,36.77743],[-3.62113,36.77681],[-3.6217,36.77629],[-3.62154,36.77532],[-3.62218,36.77425],[-3.62489,36.77158],[-3.62665,36.771],[-3.62667,36.77041],[-3.6263,36.77029],[-3.62781,36.76877],[-3.62819,36.76914],[-3.63029,36.76638],[-3.63085,36.76619],[-3.63209,36.76672],[-3.63378,36.76687],[-3.63423,36.76742],[-3.63656,36.76771],[-3.63892,36.76978],[-3.64019,36.77269],[-3.64136,36.7732],[-3.6404,36.77379],[-3.64032,36.77435],[-3.64062,36.77458],[-3.64153,36.77414],[-3.64209,36.77433],[-3.64291,36.77531],[-3.64443,36.77558],[-3.64617,36.77665],[-3.64611,36.77722],[-3.64827,36.77774],[-3.64975,36.77973],[-3.64924,36.78082],[-3.64835,36.78127],[-3.65015,36.78275],[-3.65061,36.78386],[-3.65075,36.78458],[-3.65024,36.78446],[-3.65049,36.78504],[-3.65011,36.78488],[-3.65045,36.78538],[-3.65017,36.78752],[-3.65032,36.78825],[-3.65147,36.78922],[-3.65202,36.79119],[-3.65157,36.79301],[-3.65092,36.7936],[-3.65177,36.79358],[-3.65066,36.79439],[-3.65032,36.79527],[-3.65035,36.79909],[-3.65095,36.80119],[-3.6497,36.80263],[-3.64866,36.80279],[-3.64841,36.80323],[-3.64798,36.80289],[-3.64664,36.80523],[-3.64462,36.80726],[-3.64387,36.80898],[-3.6417,36.80918],[-3.6409,36.80863],[-3.63816,36.80858],[-3.6369,36.80807],[-3.63593,36.80825],[-3.63494,36.80912],[-3.63417,36.81262],[-3.63434,36.81342],[-3.63192,36.81446],[-3.63175,36.81569],[-3.63064,36.81577],[-3.62999,36.81494],[-3.62877,36.81582],[-3.6283,36.81684],[-3.62664,36.81801],[-3.62741,36.8185],[-3.62631,36.81865],[-3.6261,36.81915],[-3.62372,36.81919],[-3.62058,36.81849],[-3.62115,36.81943],[-3.62056,36.82099],[-3.62111,36.82175],[-3.62077,36.82245],[-3.62192,36.82339],[-3.62155,36.82496],[-3.62199,36.82561],[-3.62412,36.82682],[-3.62404,36.82794],[-3.6252,36.82811],[-3.62652,36.82775],[-3.6277,36.82808],[-3.62992,36.82734],[-3.63604,36.82687],[-3.64024,36.82745],[-3.64285,36.82738],[-3.64321,36.82681],[-3.64619,36.82608],[-3.64933,36.82727],[-3.6497,36.82702],[-3.64955,36.82645],[-3.65022,36.82686],[-3.65131,36.82672],[-3.65244,36.82762],[-3.65282,36.82692],[-3.65368,36.82776],[-3.65431,36.82782],[-3.6546,36.82911],[-3.65564,36.82981],[-3.65641,36.82986],[-3.65775,36.83198],[-3.65955,36.83319],[-3.66065,36.83506],[-3.66031,36.83676],[-3.65931,36.83707],[-3.65811,36.8368],[-3.65509,36.8376],[-3.65496,36.84099],[-3.65529,36.84158],[-3.65617,36.84126],[-3.65745,36.84183],[-3.66067,36.8444],[-3.66234,36.84444],[-3.66288,36.8449],[-3.66323,36.84587],[-3.66137,36.84726],[-3.66177,36.8484],[-3.66289,36.85021],[-3.66406,36.85103],[-3.66397,36.85184],[-3.66456,36.85276],[-3.66537,36.85293],[-3.66715,36.8553],[-3.66604,36.85729],[-3.66522,36.86081],[-3.66178,36.86333],[-3.66471,36.86405],[-3.66503,36.86587],[-3.66631,36.86568],[-3.66513,36.86725],[-3.66571,36.86873],[-3.66496,36.87063],[-3.66534,36.87105],[-3.66715,36.87042],[-3.66627,36.87196],[-3.66796,36.87223],[-3.66687,36.8731],[-3.66558,36.87342],[-3.66417,36.87308],[-3.66386,36.87329],[-3.66373,36.87546],[-3.66578,36.87884],[-3.66457,36.87977],[-3.66509,36.88085],[-3.66579,36.88111],[-3.66547,36.88144],[-3.66778,36.88228],[-3.66694,36.88241],[-3.66714,36.8829],[-3.66906,36.88347],[-3.66998,36.88453],[-3.67128,36.88466],[-3.67257,36.88577],[-3.67109,36.88765],[-3.66997,36.88742],[-3.66953,36.88782],[-3.6701,36.88938],[-3.67148,36.8905],[-3.67226,36.89102],[-3.67428,36.89039],[-3.67587,36.89088],[-3.67711,36.89043],[-3.67772,36.8906],[-3.6764,36.89109],[-3.67431,36.89295],[-3.67584,36.89276],[-3.6732,36.89573],[-3.67382,36.89897],[-3.67464,36.89944],[-3.67663,36.90223],[-3.67475,36.90444],[-3.67722,36.90394],[-3.67776,36.9032],[-3.68047,36.90209],[-3.68516,36.90158],[-3.68648,36.90027],[-3.68917,36.90053],[-3.69002,36.89951],[-3.69076,36.89927],[-3.6906,36.89824],[-3.69185,36.89529],[-3.69318,36.89492],[-3.69588,36.89575],[-3.69812,36.89561],[-3.70054,36.89216],[-3.70236,36.89282],[-3.7034,36.89149],[-3.70447,36.89147],[-3.70503,36.89024],[-3.70479,36.88963],[-3.70613,36.88794],[-3.70479,36.88525],[-3.70496,36.8841],[-3.70576,36.88254],[-3.70847,36.88083],[-3.70962,36.87805],[-3.7087,36.87701],[-3.70807,36.87499],[-3.71006,36.87219],[-3.71172,36.87121],[-3.71224,36.86998],[-3.71494,36.87019],[-3.71631,36.8711],[-3.71708,36.87092],[-3.71756,36.87313],[-3.71716,36.87497],[-3.71806,36.87594],[-3.71712,36.87637],[-3.71684,36.87763],[-3.71818,36.87781],[-3.71961,36.87732],[-3.71997,36.87792],[-3.71995,36.88007],[-3.72433,36.88234],[-3.72662,36.88683],[-3.72667,36.8881],[-3.72588,36.8895],[-3.72572,36.89158],[-3.7267,36.89243],[-3.7262,36.89347],[-3.72682,36.89404],[-3.72599,36.89626],[-3.7244,36.89808],[-3.72122,36.91108],[-3.72155,36.91236],[-3.72008,36.91333],[-3.72216,36.91803],[-3.72602,36.92467],[-3.7252,36.92932],[-3.72413,36.93209],[-3.72542,36.93513],[-3.73063,36.93643],[-3.73608,36.93951],[-3.73955,36.94055],[-3.74306,36.94306],[-3.74615,36.94338],[-3.74767,36.94314],[-3.75201,36.94406],[-3.76245,36.94915],[-3.76632,36.95013],[-3.76946,36.94998],[-3.77183,36.94916],[-3.77666,36.94848],[-3.7784,36.94866],[-3.77909,36.94914],[-3.77886,36.94972],[-3.77599,36.94947],[-3.77555,36.94985],[-3.7757,36.95038],[-3.78073,36.95286],[-3.78451,36.95579],[-3.78664,36.95558],[-3.78858,36.95475],[-3.79053,36.95275],[-3.79815,36.94753],[-3.80291,36.94733],[-3.80941,36.94886],[-3.81136,36.95015],[-3.81528,36.94904],[-3.82174,36.94888],[-3.82225,36.9486],[-3.82695,36.94942],[-3.8288,36.95059],[-3.8313,36.95115],[-3.83328,36.95269],[-3.83752,36.95364],[-3.84229,36.95529],[-3.84487,36.95657],[-3.85083,36.95624],[-3.85567,36.95769],[-3.85861,36.95605],[-3.85765,36.95515],[-3.85969,36.95366],[-3.85972,36.9523],[-3.86139,36.95413],[-3.86422,36.95388],[-3.8635,36.95237],[-3.8621,36.95113],[-3.86404,36.94937],[-3.86512,36.95036],[-3.86566,36.95279],[-3.8672,36.95386],[-3.86893,36.95384],[-3.86996,36.95339],[-3.87045,36.9527],[-3.87097,36.94977],[-3.87155,36.94941],[-3.87209,36.94952],[-3.87315,36.95114],[-3.87258,36.95289],[-3.87655,36.95216],[-3.88037,36.95353],[-3.88222,36.95357],[-3.88352,36.95187],[-3.88344,36.95105],[-3.88426,36.9505],[-3.88491,36.95074],[-3.88477,36.95135],[-3.88542,36.95159],[-3.88745,36.95143],[-3.8888,36.95202],[-3.89043,36.95152],[-3.89182,36.95159],[-3.89429,36.95015],[-3.90056,36.94784],[-3.90137,36.9465],[-3.90119,36.94464],[-3.90198,36.9429],[-3.90171,36.9424],[-3.90278,36.94142],[-3.90324,36.94035],[-3.90411,36.94026],[-3.90491,36.93943],[-3.90589,36.94002],[-3.90743,36.93965],[-3.91039,36.94023],[-3.91164,36.94119],[-3.91397,36.94211],[-3.91487,36.94313],[-3.91928,36.9458],[-3.92116,36.94311],[-3.92214,36.94407],[-3.92457,36.94517],[-3.92682,36.94771],[-3.92968,36.9492],[-3.93586,36.95097],[-3.93762,36.9524],[-3.93991,36.95185],[-3.9453,36.95223],[-3.94696,36.95096],[-3.94784,36.95091],[-3.95004,36.94983],[-3.95402,36.94904],[-3.9552,36.94916],[-3.95665,36.94985],[-3.95711,36.95067],[-3.95837,36.9507],[-3.96023,36.94804],[-3.96205,36.94842],[-3.96615,36.94292],[-3.96786,36.94154],[-3.96935,36.94195],[-3.96997,36.94253],[-3.972,36.94064],[-3.97513,36.94044],[-3.97698,36.93847],[-3.98049,36.93912],[-3.98226,36.93793],[-3.9826,36.93692],[-3.98572,36.93533],[-3.99,36.935],[-3.99209,36.93447],[-3.9942,36.93264],[-3.99385,36.93192],[-3.99605,36.93233],[-4.00139,36.93642],[-4.0025,36.93919],[-4.00431,36.93871],[-4.0061,36.93976],[-4.00692,36.93986],[-4.00929,36.93924],[-4.00992,36.93832],[-4.01194,36.93993],[-4.01394,36.94052],[-4.01479,36.94114],[-4.01583,36.94064],[-4.01584,36.93941],[-4.01643,36.9397],[-4.01683,36.94066],[-4.02145,36.93738],[-4.02506,36.93785],[-4.02751,36.94066],[-4.02806,36.94229],[-4.0281,36.94545],[-4.03165,36.94672],[-4.03376,36.94953],[-4.03414,36.9531],[-4.04097,36.95058],[-4.04797,36.94929],[-4.05739,36.95107],[-4.07106,36.95295],[-4.07471,36.95558],[-4.09883,36.95925],[-4.12091,36.95818],[-4.12323,36.95275],[-4.12601,36.94967],[-4.12723,36.94901],[-4.1347,36.94724],[-4.13647,36.9463],[-4.13835,36.94453],[-4.13992,36.94404],[-4.1453,36.94526],[-4.14908,36.94469],[-4.15454,36.94475],[-4.15667,36.94648],[-4.1582,36.94921],[-4.1634,36.95049],[-4.16844,36.95054],[-4.17128,36.94946],[-4.17333,36.94776],[-4.17379,36.94627],[-4.17544,36.94431],[-4.17763,36.94229],[-4.17889,36.94181],[-4.18018,36.94066],[-4.17997,36.93979],[-4.18157,36.93937],[-4.18242,36.93975],[-4.18345,36.9395],[-4.18316,36.93866],[-4.18445,36.93862],[-4.1877,36.93724],[-4.19337,36.93161],[-4.1925,36.93071],[-4.18974,36.93001],[-4.18834,36.92748],[-4.1887,36.92682],[-4.18924,36.9269],[-4.18998,36.92621],[-4.19101,36.92688],[-4.1914,36.92676],[-4.19278,36.92447],[-4.19277,36.92386],[-4.19427,36.9224],[-4.19507,36.92004],[-4.19705,36.91811],[-4.1969,36.91638],[-4.19814,36.91217],[-4.19947,36.91125],[-4.19996,36.91026],[-4.20119,36.91057],[-4.20178,36.91118],[-4.20206,36.91025],[-4.20277,36.91045],[-4.20288,36.90975],[-4.20154,36.9081],[-4.20183,36.90773],[-4.2011,36.90572],[-4.20057,36.90502],[-4.19939,36.90459],[-4.19916,36.9038],[-4.20007,36.90158],[-4.20191,36.90107],[-4.20088,36.90043],[-4.20096,36.89905],[-4.20263,36.89693],[-4.20406,36.89666],[-4.20424,36.89555],[-4.20362,36.89503],[-4.20358,36.8943],[-4.20564,36.89477],[-4.20917,36.89463],[-4.20966,36.89422],[-4.2103,36.89481],[-4.21064,36.89454],[-4.21052,36.89217],[-4.20786,36.8902],[-4.20654,36.88759],[-4.20672,36.88466],[-4.20739,36.88393],[-4.20713,36.88288],[-4.20774,36.88164],[-4.20755,36.88053],[-4.20584,36.87776],[-4.20348,36.87651],[-4.20209,36.87458],[-4.20076,36.87434],[-4.20059,36.87344],[-4.20125,36.87242],[-4.20055,36.86929],[-4.20277,36.86951],[-4.20455,36.86905],[-4.20453,36.86875],[-4.20633,36.86945],[-4.20849,36.86947],[-4.20861,36.86875],[-4.20987,36.86766],[-4.21218,36.86654],[-4.21285,36.86456],[-4.21353,36.86392],[-4.21354,36.86241],[-4.21245,36.86079],[-4.21276,36.86059],[-4.21187,36.86008],[-4.21137,36.85754],[-4.21063,36.85632],[-4.21086,36.85516],[-4.21175,36.8558],[-4.21366,36.85621],[-4.21356,36.858],[-4.21802,36.85784],[-4.22064,36.85729],[-4.22181,36.85667],[-4.2272,36.85828],[-4.22863,36.85946],[-4.22788,36.8616],[-4.22873,36.86343],[-4.22996,36.86339],[-4.23021,36.86236],[-4.23098,36.86228],[-4.23176,36.86274],[-4.23256,36.86432],[-4.23321,36.86455],[-4.23413,36.86406],[-4.23486,36.86288],[-4.23587,36.86283],[-4.23601,36.86465],[-4.23745,36.86587],[-4.23908,36.86629],[-4.23903,36.86702],[-4.23775,36.86886],[-4.23965,36.86989],[-4.23974,36.87155],[-4.23855,36.8728],[-4.23914,36.87401],[-4.24005,36.87426],[-4.23878,36.87458],[-4.23992,36.87543],[-4.23972,36.87589],[-4.24032,36.87726],[-4.24081,36.87705],[-4.24263,36.87772],[-4.24574,36.88022],[-4.2474,36.8823],[-4.24869,36.88482],[-4.24976,36.8858],[-4.2529,36.88709],[-4.25438,36.88718],[-4.25779,36.88977],[-4.25897,36.88988],[-4.26285,36.89231],[-4.26401,36.89549],[-4.26548,36.89638],[-4.2664,36.89895],[-4.26837,36.89982],[-4.26997,36.90146],[-4.27256,36.90324],[-4.27503,36.90593],[-4.27548,36.90715],[-4.27958,36.9094],[-4.286,36.91155],[-4.28619,36.9121],[-4.28688,36.912],[-4.28736,36.91238],[-4.28738,36.91327],[-4.29344,36.91523],[-4.29384,36.91484],[-4.29536,36.91518],[-4.29562,36.91568],[-4.29831,36.91534],[-4.30153,36.91588],[-4.30292,36.91594],[-4.30475,36.91549],[-4.30733,36.91578],[-4.30815,36.91499],[-4.30949,36.91631],[-4.31097,36.91704],[-4.31616,36.91667],[-4.32188,36.91685],[-4.3244,36.91725],[-4.32544,36.91694],[-4.32944,36.91751],[-4.33108,36.91812],[-4.33269,36.91778],[-4.3365,36.91838],[-4.33802,36.9183],[-4.3395,36.91761],[-4.3394,36.91709],[-4.33821,36.91229],[-4.33608,36.90879],[-4.33543,36.90587],[-4.33732,36.90522],[-4.33943,36.90349],[-4.34166,36.90263],[-4.34513,36.90286],[-4.34692,36.90248],[-4.3477,36.901],[-4.34896,36.90033],[-4.35239,36.90098],[-4.3544,36.90199],[-4.35639,36.9019],[-4.35905,36.90123],[-4.36487,36.90214],[-4.37302,36.90428],[-4.37887,36.90495],[-4.38209,36.90436],[-4.38641,36.90195],[-4.38807,36.90145],[-4.40283,36.90141],[-4.40307,36.90175],[-4.41053,36.90074],[-4.41751,36.90061],[-4.42172,36.9009],[-4.42497,36.90052],[-4.42631,36.90093],[-4.42799,36.90214],[-4.43186,36.90136],[-4.434,36.90176],[-4.43476,36.90224],[-4.43514,36.90206],[-4.43862,36.90341],[-4.43912,36.90334],[-4.43894,36.90267],[-4.4393,36.90217],[-4.4401,36.90229],[-4.44049,36.90194],[-4.44219,36.90199],[-4.44367,36.90292],[-4.44399,36.9025],[-4.44844,36.90182],[-4.45022,36.90111],[-4.45562,36.90103],[-4.45629,36.90063],[-4.45699,36.8992],[-4.45824,36.89875],[-4.46514,36.89973],[-4.46737,36.89954],[-4.47092,36.90025],[-4.47389,36.90005],[-4.47705,36.89833],[-4.4809,36.89803],[-4.48519,36.89818],[-4.48807,36.8964],[-4.48816,36.8952],[-4.49083,36.89199],[-4.49236,36.89094],[-4.49462,36.89081],[-4.49769,36.88975],[-4.49919,36.88759],[-4.50196,36.88547],[-4.50961,36.88488],[-4.51579,36.88482],[-4.51645,36.88493],[-4.51772,36.88611],[-4.521,36.88601],[-4.52314,36.88656],[-4.52878,36.88528],[-4.53272,36.88528],[-4.5335,36.88373],[-4.53248,36.88296],[-4.53368,36.88238],[-4.5325,36.88119],[-4.53308,36.87841],[-4.53404,36.87837],[-4.53529,36.87925],[-4.5363,36.87907],[-4.54057,36.87698],[-4.54307,36.87624],[-4.54362,36.87433],[-4.54561,36.87332],[-4.54543,36.87133],[-4.54626,36.87026],[-4.54468,36.87034],[-4.54467,36.86936],[-4.54364,36.86908],[-4.54294,36.86841],[-4.54276,36.86661],[-4.54671,36.86597],[-4.54789,36.86611],[-4.54889,36.86572],[-4.55068,36.86322],[-4.55118,36.86397],[-4.55298,36.86486],[-4.55434,36.86459],[-4.55616,36.86148],[-4.55774,36.85992],[-4.55773,36.85821],[-4.55828,36.85748],[-4.55976,36.85721],[-4.56104,36.85588],[-4.56135,36.85424],[-4.56219,36.85281],[-4.56346,36.85197],[-4.56399,36.85081],[-4.56478,36.85071],[-4.56517,36.85172],[-4.56595,36.85108],[-4.56665,36.85128],[-4.56658,36.8505],[-4.56777,36.8493],[-4.56869,36.84956],[-4.56987,36.84852],[-4.5702,36.84701],[-4.57075,36.84667],[-4.57179,36.84457],[-4.57186,36.84271],[-4.57285,36.84197],[-4.57272,36.8411],[-4.57344,36.84041],[-4.57345,36.83957],[-4.57448,36.83946],[-4.57555,36.83706],[-4.57664,36.8371],[-4.5766,36.83656],[-4.57824,36.83493],[-4.57934,36.83478],[-4.58082,36.83366],[-4.58184,36.83383],[-4.58284,36.83276],[-4.58529,36.83261],[-4.58805,36.83135],[-4.58905,36.83129],[-4.5916,36.82941],[-4.59274,36.82747],[-4.59409,36.82723],[-4.59497,36.82753],[-4.5966,36.82705],[-4.59661,36.82639],[-4.59783,36.82588],[-4.59852,36.82472],[-4.59751,36.82412],[-4.59786,36.82347],[-4.60025,36.82226],[-4.60176,36.82228],[-4.60233,36.82295],[-4.60634,36.82383],[-4.60875,36.8236],[-4.60934,36.82276],[-4.6104,36.82223],[-4.61195,36.82225],[-4.61422,36.81883],[-4.61528,36.818],[-4.61541,36.81701],[-4.61699,36.81588],[-4.61856,36.81567],[-4.6208,36.81414],[-4.62224,36.81408],[-4.62444,36.81313],[-4.62548,36.81313],[-4.62625,36.81361],[-4.62669,36.81443],[-4.62989,36.81662],[-4.63115,36.81648],[-4.63261,36.81778],[-4.63401,36.81776],[-4.63487,36.81914],[-4.63624,36.81901],[-4.63761,36.81947],[-4.64013,36.81914],[-4.64189,36.81938],[-4.64272,36.82],[-4.64448,36.82011],[-4.6463,36.82071],[-4.64979,36.82299],[-4.65198,36.82365],[-4.65261,36.82482],[-4.65239,36.82521],[-4.6535,36.82613],[-4.65411,36.82601],[-4.65564,36.82685],[-4.65689,36.82676],[-4.66039,36.83023],[-4.66059,36.82937],[-4.66281,36.82985],[-4.66372,36.83048],[-4.66388,36.83148],[-4.66579,36.83243],[-4.66387,36.83256],[-4.66263,36.83328],[-4.66202,36.83252],[-4.66137,36.83306],[-4.66092,36.83278],[-4.66013,36.8341],[-4.66076,36.83649],[-4.66046,36.83698],[-4.66165,36.83762],[-4.66141,36.83888],[-4.662,36.83932],[-4.66278,36.83904],[-4.6651,36.84149],[-4.66549,36.8416],[-4.66576,36.84106],[-4.66617,36.84214],[-4.66708,36.84217],[-4.66623,36.84304],[-4.6665,36.84354],[-4.66588,36.84383],[-4.66458,36.8435],[-4.66561,36.84478],[-4.66551,36.84582],[-4.66457,36.84606],[-4.66596,36.84621],[-4.66784,36.84568],[-4.66855,36.84619],[-4.67097,36.84629],[-4.67364,36.84736],[-4.67577,36.84901],[-4.6779,36.84895],[-4.6796,36.84693],[-4.67942,36.84427],[-4.67985,36.84345],[-4.68281,36.84222],[-4.68567,36.84347],[-4.68796,36.84592],[-4.68573,36.84714],[-4.68612,36.84822],[-4.68592,36.84918],[-4.69125,36.85885],[-4.68991,36.86052],[-4.68985,36.86175],[-4.69168,36.87054],[-4.69055,36.87283],[-4.68814,36.87599],[-4.68812,36.87719],[-4.68929,36.8831],[-4.69113,36.88587],[-4.69069,36.88735],[-4.6915,36.88899],[-4.69059,36.89201],[-4.68704,36.89306],[-4.68633,36.89393],[-4.68488,36.89429],[-4.68443,36.89481],[-4.68463,36.89629],[-4.68365,36.89801],[-4.68356,36.90141],[-4.68489,36.90286],[-4.68597,36.90311],[-4.68662,36.90287],[-4.68949,36.90329],[-4.69065,36.9026],[-4.69394,36.90202],[-4.69625,36.90048],[-4.69636,36.8994],[-4.69715,36.89868],[-4.69799,36.89869],[-4.70078,36.89759],[-4.70175,36.89771],[-4.70315,36.8962],[-4.70593,36.89468],[-4.70633,36.89325],[-4.70737,36.89212],[-4.70705,36.89139],[-4.70774,36.88994],[-4.70747,36.88694],[-4.70846,36.88564],[-4.7085,36.88466],[-4.71009,36.88381],[-4.71312,36.88325],[-4.71673,36.88028],[-4.71882,36.87916],[-4.71913,36.8792],[-4.71903,36.87989],[-4.71991,36.88047],[-4.72042,36.88037],[-4.71963,36.87445],[-4.72348,36.87198],[-4.72465,36.872],[-4.7309,36.87501],[-4.73163,36.87907],[-4.73129,36.88017],[-4.73219,36.88064],[-4.73075,36.88211],[-4.73089,36.88238],[-4.73257,36.88214],[-4.7352,36.883],[-4.7366,36.88399],[-4.73542,36.88278],[-4.73425,36.88231],[-4.7345,36.88099],[-4.73687,36.88074],[-4.73841,36.88018],[-4.73898,36.87952],[-4.74207,36.87929],[-4.74298,36.8784],[-4.74478,36.87761],[-4.74558,36.87782],[-4.74595,36.877],[-4.74508,36.87662],[-4.74478,36.87554],[-4.74569,36.87417],[-4.74731,36.87323],[-4.74902,36.87313],[-4.74987,36.87375],[-4.75084,36.87356],[-4.75117,36.87396],[-4.7521,36.8735],[-4.75241,36.87243],[-4.75415,36.87272],[-4.75451,36.8718],[-4.75756,36.87197],[-4.75867,36.87233],[-4.75948,36.87311],[-4.76096,36.87308],[-4.76204,36.87214],[-4.76212,36.87363],[-4.76134,36.87429],[-4.76134,36.87594],[-4.76239,36.87533],[-4.76394,36.87546],[-4.76411,36.87329],[-4.76504,36.87277],[-4.76507,36.87219],[-4.76746,36.8716],[-4.76804,36.87296],[-4.76955,36.87218],[-4.77053,36.87333],[-4.77137,36.87213],[-4.77418,36.87108],[-4.77419,36.869],[-4.77314,36.86832],[-4.77708,36.8673],[-4.77862,36.868],[-4.7783,36.86625],[-4.77917,36.86656],[-4.78091,36.86573],[-4.78171,36.86608],[-4.78243,36.86532],[-4.78355,36.86503],[-4.7847,36.86385],[-4.78377,36.86293],[-4.7824,36.8626],[-4.78178,36.86176],[-4.78292,36.86183],[-4.78385,36.86051],[-4.78416,36.86084],[-4.78521,36.8606],[-4.78579,36.86155],[-4.78623,36.86092],[-4.78587,36.86049],[-4.78688,36.8579],[-4.78672,36.85735],[-4.78732,36.85724],[-4.78903,36.85796],[-4.79034,36.85713],[-4.79097,36.85777],[-4.79093,36.85869],[-4.79242,36.8587],[-4.79289,36.85905],[-4.79463,36.85847],[-4.79526,36.86068],[-4.79512,36.86162],[-4.79586,36.86226],[-4.79644,36.86224],[-4.7976,36.8634],[-4.79847,36.86367],[-4.79999,36.86329],[-4.80053,36.86411],[-4.80466,36.86515],[-4.80571,36.86655],[-4.80672,36.86644],[-4.80805,36.8673],[-4.8097,36.86733],[-4.81051,36.86907],[-4.81117,36.86959],[-4.81078,36.87084],[-4.81167,36.87203],[-4.81248,36.87241],[-4.81251,36.87334],[-4.81135,36.87479],[-4.81257,36.8746],[-4.81328,36.87404],[-4.81369,36.87459],[-4.81422,36.8744],[-4.81494,36.87472],[-4.81514,36.87415],[-4.81617,36.87379],[-4.81756,36.87395],[-4.81805,36.87331],[-4.81946,36.87432],[-4.82219,36.87482],[-4.82255,36.87655],[-4.82419,36.8792],[-4.82471,36.8794],[-4.82542,36.87903],[-4.82682,36.87947],[-4.82725,36.88083],[-4.82844,36.88101],[-4.82844,36.88181],[-4.83327,36.88178],[-4.83483,36.88213],[-4.83486,36.88174],[-4.83678,36.88041],[-4.83797,36.88009],[-4.83691,36.87977],[-4.83823,36.87947],[-4.83924,36.87976],[-4.84045,36.88082],[-4.84233,36.88089],[-4.84541,36.8825],[-4.84561,36.88297],[-4.84569,36.8822],[-4.84873,36.88365],[-4.85107,36.88286],[-4.85333,36.88263],[-4.85785,36.88314],[-4.85804,36.88253],[-4.86147,36.88141],[-4.86379,36.87991],[-4.86963,36.87861],[-4.87355,36.87837],[-4.87501,36.8773],[-4.87634,36.87693],[-4.87965,36.87349],[-4.8829,36.87121],[-4.88586,36.87277],[-4.88634,36.87248],[-4.88657,36.87121],[-4.88724,36.87084],[-4.88836,36.87103],[-4.8888,36.87056],[-4.88897,36.87189],[-4.89002,36.87186],[-4.89209,36.87251],[-4.89304,36.87238],[-4.89585,36.87346],[-4.90007,36.87142],[-4.90083,36.87203],[-4.90189,36.87192],[-4.90306,36.871],[-4.90386,36.87147],[-4.90548,36.87082],[-4.90559,36.86838],[-4.90741,36.86836],[-4.90842,36.86774],[-4.90854,36.86641],[-4.90914,36.86591],[-4.91223,36.86515],[-4.91313,36.86534],[-4.91639,36.86483],[-4.91924,36.86535],[-4.92072,36.86645],[-4.9214,36.86616],[-4.92249,36.86903],[-4.92186,36.87197],[-4.92403,36.8718],[-4.92727,36.87411],[-4.9279,36.87316],[-4.93129,36.87181],[-4.93227,36.87193],[-4.93597,36.86958],[-4.93679,36.86858],[-4.93864,36.86366],[-4.94047,36.86344],[-4.94133,36.86255],[-4.94111,36.86147],[-4.94154,36.86038],[-4.94267,36.8611],[-4.94428,36.86053],[-4.94608,36.85867],[-4.94763,36.85837],[-4.94864,36.85601],[-4.95054,36.85585],[-4.95232,36.85449],[-4.95211,36.85526],[-4.95031,36.85661],[-4.95047,36.85786],[-4.94984,36.8582],[-4.94988,36.859],[-4.94821,36.86075],[-4.94751,36.8631],[-4.94801,36.86499],[-4.94883,36.866],[-4.94919,36.86887],[-4.95013,36.86946],[-4.94958,36.87162],[-4.94963,36.8749],[-4.95008,36.87569],[-4.95096,36.8761],[-4.95057,36.87722],[-4.95116,36.87884],[-4.95098,36.88101],[-4.95309,36.88251],[-4.95743,36.88281],[-4.9586,36.88332],[-4.96038,36.88321],[-4.96676,36.88424],[-4.97088,36.88535],[-4.9738,36.88524],[-4.97721,36.88622],[-4.97832,36.88743],[-4.978,36.88569],[-4.97901,36.88541],[-4.97991,36.88446],[-4.98001,36.88489],[-4.98294,36.88432],[-4.98671,36.88279],[-4.9887,36.88096],[-4.99251,36.87848],[-5.0001,36.87454],[-5.00266,36.87456],[-5.00901,36.87543],[-5.01105,36.87656],[-5.01308,36.87922],[-5.01527,36.87916],[-5.01746,36.87991],[-5.01862,36.88],[-5.02001,36.87958],[-5.02104,36.87865],[-5.02537,36.87706],[-5.02912,36.87792],[-5.03122,36.87746],[-5.03334,36.8744],[-5.03533,36.87052],[-5.03743,36.86877],[-5.04065,36.86513],[-5.04141,36.86487],[-5.04285,36.86262],[-5.04324,36.86085],[-5.0467,36.8577],[-5.04814,36.85572],[-5.05367,36.85074],[-5.05386,36.84942],[-5.05557,36.84829],[-5.0564,36.84692],[-5.06196,36.84102],[-5.06636,36.83752],[-5.0677,36.83337],[-5.06995,36.83208],[-5.08524,36.83121],[-5.09099,36.82606],[-5.09375,36.82498],[-5.09582,36.82312],[-5.10181,36.80857],[-5.103,36.80425],[-5.10383,36.79834],[-5.1035,36.79814],[-5.1041,36.79578],[-5.10194,36.79075],[-5.1024,36.78974],[-5.10348,36.78888],[-5.10213,36.78735],[-5.10223,36.78613],[-5.1013,36.78484],[-5.10142,36.78374],[-5.10281,36.78283],[-5.10132,36.78072],[-5.10201,36.7801],[-5.1034,36.77679],[-5.10346,36.77476],[-5.10564,36.77213],[-5.10628,36.76912],[-5.10919,36.76711],[-5.1184,36.7641],[-5.12474,36.76058],[-5.13495,36.75634],[-5.14777,36.75389],[-5.14902,36.75474],[-5.14968,36.75452],[-5.14937,36.75367],[-5.14806,36.75351],[-5.14767,36.75311],[-5.14532,36.7482],[-5.14552,36.74598],[-5.14804,36.74149],[-5.14857,36.73916],[-5.14844,36.73748],[-5.14716,36.73396],[-5.14725,36.72761],[-5.14572,36.72216],[-5.14463,36.72073],[-5.14102,36.7198],[-5.14018,36.71925],[-5.13866,36.71493],[-5.13708,36.71406],[-5.13401,36.71382],[-5.13146,36.71238],[-5.1311,36.71115],[-5.13294,36.70886],[-5.13223,36.70814],[-5.13034,36.70772],[-5.13026,36.70451],[-5.12632,36.7018],[-5.11951,36.70153],[-5.1172,36.69975],[-5.11741,36.69879],[-5.11898,36.69753],[-5.12056,36.69012],[-5.12011,36.68954],[-5.1181,36.68916],[-5.11645,36.68795],[-5.11568,36.68663],[-5.11508,36.68225],[-5.11818,36.67852],[-5.11847,36.67678],[-5.12014,36.67296],[-5.12244,36.67032],[-5.12425,36.66927],[-5.12578,36.6704],[-5.12749,36.6705],[-5.12928,36.66995],[-5.13054,36.66897],[-5.1323,36.66831],[-5.13341,36.66683],[-5.13579,36.66495],[-5.13579,36.66413],[-5.13647,36.66386],[-5.13887,36.66403],[-5.14069,36.66321],[-5.14382,36.66418],[-5.14524,36.66356],[-5.14619,36.66381],[-5.14704,36.66348],[-5.14814,36.66421],[-5.15157,36.66042],[-5.15603,36.65932],[-5.15525,36.65695],[-5.15538,36.65558],[-5.15648,36.65544],[-5.15714,36.65388],[-5.15726,36.65281],[-5.15588,36.65197],[-5.15584,36.65162],[-5.1571,36.64938],[-5.1549,36.64697],[-5.15572,36.64482],[-5.15581,36.64067],[-5.15626,36.64021],[-5.15594,36.63802],[-5.15506,36.63663],[-5.15475,36.63486],[-5.15644,36.63172],[-5.15599,36.62974],[-5.15648,36.62826],[-5.15502,36.62347],[-5.15555,36.62222],[-5.15468,36.62223],[-5.15525,36.62158],[-5.15491,36.62148],[-5.15499,36.62068],[-5.15432,36.62015],[-5.15437,36.61948],[-5.15329,36.61935],[-5.15368,36.61822],[-5.15563,36.61782],[-5.15627,36.61731],[-5.15547,36.6174],[-5.15467,36.61672],[-5.15346,36.61642],[-5.15361,36.61716],[-5.15263,36.61741],[-5.15153,36.61835],[-5.14937,36.61687],[-5.14908,36.61609],[-5.14683,36.61561],[-5.14405,36.61369],[-5.14284,36.61425],[-5.14468,36.61545],[-5.14453,36.61638],[-5.146,36.61757],[-5.14624,36.61853],[-5.14364,36.61798],[-5.14068,36.61683],[-5.14056,36.61545],[-5.13732,36.61557],[-5.13532,36.61397],[-5.13683,36.61395],[-5.1392,36.61297],[-5.1397,36.61228],[-5.14114,36.61205],[-5.14266,36.61059],[-5.14275,36.60936],[-5.14508,36.61044],[-5.14603,36.61224],[-5.14746,36.61241],[-5.15073,36.61166],[-5.14804,36.61095],[-5.14641,36.6085],[-5.1437,36.60712],[-5.14412,36.60687],[-5.14573,36.60708],[-5.14561,36.60634],[-5.1431,36.60572],[-5.13969,36.60414],[-5.13633,36.6033],[-5.129,36.60298],[-5.12811,36.60203],[-5.12686,36.60174],[-5.12528,36.60044],[-5.12228,36.60048],[-5.12536,36.59957],[-5.12651,36.59748],[-5.1273,36.59791],[-5.12759,36.59858],[-5.12995,36.59937],[-5.13186,36.59898],[-5.13246,36.5975],[-5.13409,36.59711],[-5.13547,36.59602],[-5.14168,36.59668],[-5.14366,36.59569],[-5.14569,36.5957],[-5.14715,36.59505],[-5.14853,36.59541],[-5.14985,36.59429],[-5.15138,36.59397],[-5.15278,36.5931],[-5.15321,36.58998],[-5.15518,36.58912],[-5.15569,36.58854],[-5.15634,36.58874],[-5.15793,36.58831],[-5.15899,36.58736],[-5.15904,36.58598],[-5.16162,36.58502],[-5.16299,36.58185],[-5.16446,36.58157],[-5.16628,36.58059],[-5.16778,36.5788],[-5.16971,36.5782],[-5.17183,36.57804],[-5.17301,36.57858],[-5.17579,36.57755],[-5.17307,36.57737],[-5.17219,36.57637],[-5.17059,36.57635],[-5.16872,36.57499],[-5.16792,36.57483],[-5.16707,36.57239],[-5.16584,36.57174],[-5.1663,36.57025],[-5.16784,36.56875],[-5.16927,36.56918],[-5.16948,36.56813],[-5.17108,36.56763],[-5.17124,36.5667],[-5.17267,36.56631],[-5.17188,36.56502],[-5.17288,36.56422],[-5.1739,36.56439],[-5.17532,36.56378],[-5.17759,36.56423],[-5.17792,36.56377],[-5.17929,36.56366],[-5.17972,36.56238],[-5.1823,36.56142],[-5.17811,36.56002],[-5.1793,36.55995],[-5.18096,36.55922],[-5.18266,36.5593],[-5.183,36.5584],[-5.18484,36.55799],[-5.1856,36.55715],[-5.18688,36.55665],[-5.1875,36.5554],[-5.18686,36.55424],[-5.18765,36.55466],[-5.18832,36.55619],[-5.18915,36.55612],[-5.18865,36.55455],[-5.18799,36.55387],[-5.18886,36.55236],[-5.18837,36.5496],[-5.19015,36.55266],[-5.19065,36.55248],[-5.19086,36.55066],[-5.19199,36.55054],[-5.19125,36.54967],[-5.19217,36.54847],[-5.19193,36.54767],[-5.19268,36.54841],[-5.19284,36.54742],[-5.19378,36.5473],[-5.19297,36.54705],[-5.1937,36.54517],[-5.19547,36.54411],[-5.19516,36.54332],[-5.19614,36.54151],[-5.19887,36.53795],[-5.20019,36.53701],[-5.19866,36.53439],[-5.19584,36.53387],[-5.19967,36.53224],[-5.20088,36.53328],[-5.20336,36.53172],[-5.20236,36.53004],[-5.20074,36.5298],[-5.20049,36.52852],[-5.20164,36.52868],[-5.20224,36.52778],[-5.20463,36.52969],[-5.20699,36.52989],[-5.20751,36.53085],[-5.20897,36.53083],[-5.20962,36.5299],[-5.21037,36.53003],[-5.21223,36.52914],[-5.21126,36.5286],[-5.21184,36.52765],[-5.2116,36.52698],[-5.21213,36.52762],[-5.21184,36.52832],[-5.21306,36.52895],[-5.2128,36.52981],[-5.21228,36.52999],[-5.21294,36.53007],[-5.21349,36.52928],[-5.2131,36.53023],[-5.21206,36.53086],[-5.21369,36.53032],[-5.21331,36.53113],[-5.21558,36.53194],[-5.21723,36.53158],[-5.21897,36.53039],[-5.2192,36.53125],[-5.21954,36.53127],[-5.21999,36.53086],[-5.22103,36.53088],[-5.22148,36.53022],[-5.22196,36.53167],[-5.22373,36.53145],[-5.22412,36.53537],[-5.22509,36.53554],[-5.22531,36.5364],[-5.23067,36.5362],[-5.231,36.53679],[-5.23235,36.53676],[-5.23248,36.53705],[-5.23182,36.53915],[-5.23128,36.53928],[-5.2296,36.53846],[-5.22623,36.54016],[-5.22414,36.54058],[-5.22421,36.54097],[-5.22363,36.54113],[-5.22149,36.5402],[-5.2216,36.54102],[-5.22226,36.54141],[-5.22172,36.54204],[-5.22207,36.54221],[-5.2213,36.54477],[-5.2222,36.54394],[-5.22312,36.54393],[-5.22348,36.54325],[-5.22428,36.54394],[-5.22507,36.54324],[-5.22585,36.5433],[-5.22643,36.54407],[-5.22873,36.54331],[-5.23063,36.54412],[-5.23201,36.54555],[-5.23578,36.54588],[-5.23668,36.54706],[-5.23847,36.54622],[-5.23961,36.54619],[-5.23981,36.54714],[-5.24047,36.54719],[-5.24111,36.54833],[-5.24529,36.54787],[-5.24618,36.54742],[-5.24757,36.54858],[-5.24653,36.54919],[-5.24538,36.55118],[-5.24398,36.55142],[-5.24415,36.55257],[-5.24348,36.55303],[-5.24504,36.55324],[-5.24378,36.55402],[-5.24532,36.55385],[-5.2457,36.55265],[-5.2481,36.5533],[-5.24819,36.55242],[-5.24893,36.55177],[-5.24984,36.55215],[-5.25094,36.5521],[-5.25072,36.5509],[-5.25149,36.55074],[-5.25166,36.54988],[-5.25375,36.5484],[-5.25187,36.54672],[-5.25166,36.54557],[-5.25202,36.54512],[-5.25245,36.54639],[-5.25326,36.54686],[-5.25495,36.54692],[-5.25597,36.54853],[-5.25721,36.54763],[-5.25827,36.54897],[-5.26121,36.5466],[-5.2612,36.54594],[-5.26205,36.54503],[-5.263,36.54468],[-5.26181,36.54427],[-5.26136,36.54501],[-5.26125,36.54372],[-5.26207,36.54317],[-5.26119,36.54128],[-5.25948,36.53982],[-5.25975,36.53831],[-5.26111,36.53838],[-5.2643,36.53735],[-5.26721,36.538],[-5.26464,36.53622],[-5.26443,36.53563],[-5.26288,36.53494],[-5.26259,36.53284],[-5.26296,36.53189],[-5.26341,36.53182],[-5.26292,36.53222],[-5.26315,36.5336],[-5.26534,36.534],[-5.26612,36.53478],[-5.26766,36.53509],[-5.26888,36.5359],[-5.26989,36.53589],[-5.27105,36.53792],[-5.27042,36.5349],[-5.27202,36.53449],[-5.27118,36.53518],[-5.27174,36.5362],[-5.27569,36.53773],[-5.2787,36.5362],[-5.27958,36.53617],[-5.2809,36.53471],[-5.28231,36.53421],[-5.2822,36.53297],[-5.28292,36.53338],[-5.28418,36.53323],[-5.28388,36.53359],[-5.28447,36.53375],[-5.28501,36.53341],[-5.28531,36.53233],[-5.2857,36.53275],[-5.28972,36.53264],[-5.29095,36.53369],[-5.29086,36.53427],[-5.29255,36.53629],[-5.292,36.53758],[-5.29436,36.53831],[-5.30031,36.53811],[-5.30349,36.53454],[-5.30363,36.53306],[-5.30756,36.53125],[-5.30813,36.53032],[-5.31008,36.52876],[-5.31168,36.52587],[-5.31512,36.52325],[-5.317,36.52003],[-5.31767,36.51996],[-5.31932,36.52109],[-5.32116,36.52118],[-5.32232,36.5203],[-5.32378,36.52052],[-5.32599,36.51988],[-5.32959,36.51779],[-5.33077,36.51756],[-5.33341,36.51389],[-5.33598,36.51327],[-5.33841,36.51403],[-5.34051,36.51335],[-5.34166,36.51376],[-5.34252,36.51364],[-5.34436,36.5142],[-5.34532,36.5149],[-5.34869,36.51406],[-5.34951,36.51294],[-5.35238,36.51554],[-5.35388,36.51569],[-5.35504,36.51536],[-5.35461,36.51419],[-5.35725,36.51298],[-5.35868,36.51056],[-5.35785,36.50942],[-5.35677,36.50911],[-5.35672,36.50874],[-5.35903,36.50821],[-5.36093,36.50713],[-5.36072,36.50578],[-5.36153,36.50512],[-5.36149,36.5046],[-5.35967,36.50402],[-5.3595,36.50366],[-5.36235,36.50304],[-5.3618,36.50166],[-5.36228,36.50099],[-5.36357,36.50031],[-5.36525,36.50027],[-5.36761,36.49913],[-5.36914,36.4974],[-5.36953,36.49769],[-5.36912,36.49866],[-5.36992,36.49904],[-5.37067,36.49709],[-5.37115,36.49724],[-5.37166,36.49913],[-5.3722,36.49913],[-5.37188,36.49773],[-5.37298,36.49656],[-5.3732,36.49496],[-5.37152,36.49184],[-5.37158,36.49069],[-5.37334,36.48965],[-5.37289,36.4879],[-5.37506,36.48524],[-5.37471,36.48436],[-5.37581,36.48252],[-5.37628,36.4793],[-5.37604,36.47822],[-5.37911,36.47447],[-5.37774,36.4723],[-5.37566,36.47031],[-5.37548,36.46798],[-5.37751,36.46415],[-5.37904,36.4622],[-5.38003,36.4596],[-5.38305,36.45688],[-5.38301,36.45212],[-5.3852,36.45052],[-5.38549,36.44849],[-5.38729,36.44734],[-5.38766,36.4464],[-5.38912,36.4452],[-5.38975,36.44356],[-5.38971,36.44217],[-5.39117,36.44097],[-5.39184,36.43912],[-5.39302,36.43776],[-5.39268,36.43645],[-5.39144,36.43554],[-5.39225,36.4341],[-5.39453,36.43218],[-5.39491,36.428],[-5.3963,36.42456],[-5.3969,36.42388],[-5.39871,36.42305],[-5.40049,36.42103],[-5.40011,36.41901],[-5.39823,36.41691],[-5.40045,36.41453],[-5.40176,36.41242],[-5.40649,36.41211],[-5.41236,36.4085],[-5.41261,36.40704],[-5.41412,36.40507],[-5.41624,36.39798],[-5.41806,36.39422],[-5.41849,36.39373],[-5.42084,36.39316],[-5.42373,36.39295],[-5.42513,36.39184],[-5.42842,36.38684],[-5.42876,36.38539],[-5.43002,36.38388],[-5.43147,36.38303],[-5.43124,36.38207],[-5.42944,36.38022],[-5.43055,36.37974],[-5.42567,36.3775],[-5.42453,36.37582],[-5.42414,36.37367],[-5.42317,36.37252],[-5.42662,36.35952],[-5.4267,36.35719],[-5.42559,36.35617],[-5.4265,36.35576],[-5.42585,36.35306],[-5.40995,36.33288],[-5.40828,36.33184],[-5.40831,36.33129],[-5.404,36.32964],[-5.40462,36.32737],[-5.40511,36.32173],[-5.40272,36.31922],[-5.40032,36.31566],[-5.4007,36.30387],[-5.39861,36.30331],[-5.39724,36.30237],[-5.40339,36.29674],[-5.40615,36.29142],[-5.41059,36.28623],[-5.41177,36.28569],[-5.4118,36.28377],[-5.41263,36.28334],[-5.42025,36.28205],[-5.42201,36.28119],[-5.42433,36.28104],[-5.4277,36.27941],[-5.42937,36.27731],[-5.43006,36.27737],[-5.43027,36.27701],[-5.43252,36.26986],[-5.43403,36.26671],[-5.43544,36.2649],[-5.4369,36.25804],[-5.43847,36.25332],[-5.43838,36.24823],[-5.43789,36.24593],[-5.43499,36.24027],[-5.43748,36.23145],[-5.43721,36.2245],[-5.43923,36.22397],[-5.44295,36.22442],[-5.44593,36.22264],[-5.44855,36.22],[-5.44757,36.21937],[-5.4471,36.21734],[-5.44664,36.21684],[-5.44542,36.21669],[-5.44449,36.21472],[-5.44682,36.21167],[-5.44928,36.21178],[-5.45073,36.21306],[-5.45696,36.21296],[-5.45758,36.21204],[-5.45758,36.21067],[-5.45891,36.21026],[-5.45953,36.21059],[-5.4598,36.21029],[-5.46062,36.21036],[-5.46157,36.20882],[-5.46183,36.20979],[-5.46271,36.20841],[-5.46247,36.20797],[-5.46108,36.2075],[-5.46318,36.20666],[-5.46574,36.20393],[-5.46962,36.20375],[-5.47087,36.20306],[-5.4711,36.20351],[-5.47053,36.20454],[-5.4743,36.2054],[-5.47524,36.20594],[-5.47577,36.2053],[-5.47661,36.20617],[-5.47802,36.20579],[-5.47859,36.2048],[-5.4806,36.20568],[-5.48177,36.20665],[-5.48333,36.20619],[-5.4844,36.20494],[-5.48492,36.20491],[-5.48565,36.20532],[-5.48691,36.20537],[-5.48771,36.20599],[-5.48857,36.20605],[-5.49096,36.2072],[-5.49059,36.20573],[-5.49247,36.2051],[-5.49555,36.20506],[-5.49625,36.20447],[-5.4975,36.20442],[-5.49813,36.20394],[-5.50106,36.20464],[-5.50223,36.20402],[-5.50253,36.20346],[-5.50553,36.20432],[-5.50611,36.20352],[-5.50829,36.20221],[-5.5085,36.2016],[-5.50858,36.20073],[-5.50781,36.19992],[-5.50824,36.19956],[-5.50796,36.19805],[-5.50911,36.19624],[-5.50861,36.19469],[-5.50626,36.19216],[-5.5037,36.19109],[-5.50059,36.18872],[-5.50057,36.18694],[-5.49996,36.18578],[-5.49602,36.18446],[-5.49471,36.18348],[-5.49268,36.18294],[-5.49045,36.17818],[-5.49185,36.17408],[-5.49393,36.17336],[-5.49452,36.17114],[-5.49657,36.16776],[-5.49826,36.16656],[-5.4981,36.16593],[-5.49603,36.16449],[-5.49532,36.16438],[-5.49368,36.16472],[-5.49102,36.16391],[-5.48855,36.16459],[-5.48546,36.16405],[-5.4833,36.16274],[-5.47901,36.16134],[-5.47732,36.15795],[-5.47858,36.15649],[-5.4815,36.14718],[-5.48194,36.14457],[-5.48144,36.14331],[-5.48158,36.14036],[-5.48427,36.13661],[-5.48391,36.134],[-5.48515,36.1325],[-5.485,36.13085],[-5.48556,36.12998],[-5.48549,36.12761],[-5.48499,36.12645],[-5.48343,36.12494],[-5.48208,36.12481],[-5.47946,36.12303],[-5.47978,36.12009],[-5.47879,36.1184],[-5.47333,36.11686],[-5.47347,36.11662],[-5.47184,36.11575],[-5.47045,36.11584],[-5.47002,36.11621],[-5.46839,36.11524],[-5.46666,36.11505],[-5.46001,36.11314],[-5.45763,36.11127],[-5.45814,36.1102],[-5.4569,36.10835],[-5.45473,36.10669],[-5.45141,36.10227],[-5.45301,36.1011],[-5.45301,36.09983],[-5.45215,36.09928],[-5.45016,36.09905],[-5.45026,36.09819],[-5.44962,36.09705],[-5.45066,36.09704],[-5.45102,36.09667],[-5.45085,36.09511],[-5.45163,36.09368],[-5.4516,36.09184],[-5.45621,36.08522],[-5.45602,36.08401],[-5.45654,36.08332],[-5.45642,36.08253],[-5.45557,36.08143],[-5.45496,36.08132],[-5.45498,36.07961],[-5.45419,36.07828],[-5.45503,36.07652],[-5.45588,36.07621],[-5.45689,36.07648],[-5.45706,36.07771],[-5.45805,36.07829],[-5.45825,36.08034],[-5.4589,36.08101],[-5.46009,36.0813],[-5.46128,36.07995],[-5.46097,36.07888],[-5.46261,36.07794],[-5.46228,36.07718],[-5.4626,36.07601],[-5.46066,36.07537],[-5.45992,36.07443],[-5.4611,36.07287],[-5.46053,36.07242],[-5.46105,36.07191],[-5.46113,36.07097],[-5.45999,36.06956],[-5.46102,36.06844],[-5.46124,36.06705],[-5.46217,36.06708],[-5.46254,36.06657],[-5.46349,36.06689],[-5.46381,36.06638],[-5.46436,36.06663],[-5.46489,36.06788],[-5.46606,36.0676],[-5.46732,36.06828],[-5.46859,36.06835],[-5.46926,36.06924],[-5.47172,36.06961],[-5.47185,36.07047],[-5.47238,36.07073],[-5.4749,36.07029],[-5.47606,36.07053],[-5.4768,36.06981],[-5.47767,36.06975],[-5.47953,36.06883],[-5.48115,36.06973],[-5.48368,36.0703],[-5.48427,36.06984],[-5.48439,36.06848],[-5.48589,36.06731],[-5.48625,36.06779],[-5.48608,36.06932],[-5.48719,36.06985],[-5.48776,36.07073],[-5.48717,36.07172],[-5.48862,36.07308],[-5.49262,36.07405],[-5.49457,36.07508],[-5.49621,36.07671],[-5.49709,36.07676],[-5.49774,36.07634],[-5.49993,36.07651],[-5.50134,36.07622],[-5.50174,36.07586],[-5.50117,36.07532],[-5.50136,36.0747],[-5.50065,36.07431],[-5.50048,36.07344],[-5.4987,36.0718],[-5.49852,36.07086],[-5.49891,36.06942],[-5.50235,36.06859],[-5.50286,36.06683],[-5.50379,36.06594],[-5.50333,36.06451],[-5.50384,36.06369],[-5.50385,36.06234],[-5.50471,36.06141],[-5.50429,36.06034],[-5.50562,36.05947],[-5.50488,36.05857],[-5.50413,36.05836],[-5.50409,36.05764],[-5.50632,36.05742],[-5.50689,36.056],[-5.50817,36.05618],[-5.50898,36.05568],[-5.5103,36.05577],[-5.5112,36.05631],[-5.51293,36.05526],[-5.51346,36.0536],[-5.51284,36.05269],[-5.51309,36.05175],[-5.51248,36.04943],[-5.51411,36.05063],[-5.51731,36.04701],[-5.52,36.04677],[-5.52041,36.04567],[-5.52165,36.04527],[-5.52243,36.04457],[-5.52077,36.04338],[-5.52101,36.04283],[-5.52255,36.04309],[-5.51942,36.03943],[-5.51983,36.03784],[-5.52135,36.03655],[-5.52229,36.03683],[-5.52344,36.0363],[-5.52542,36.03624],[-5.52992,36.03461],[-5.53328,36.03416],[-5.53485,36.03338],[-5.53582,36.0333],[-5.53634,36.03268],[-5.54001,36.03182],[-5.54106,36.03059],[-5.54299,36.03043],[-5.54393,36.03095],[-5.54477,36.03039],[-5.54432,36.0314],[-5.54316,36.03179],[-5.54457,36.03334],[-5.54618,36.03413],[-5.54608,36.03535],[-5.54693,36.03569],[-5.54741,36.03663],[-5.55569,36.03608],[-5.55997,36.03738],[-5.55937,36.03835],[-5.55794,36.03908],[-5.55916,36.04068],[-5.55886,36.04291],[-5.55749,36.0438],[-5.55644,36.04511],[-5.55682,36.04557],[-5.55903,36.0462],[-5.55984,36.04611],[-5.56063,36.04533],[-5.56051,36.04321],[-5.56145,36.04132],[-5.56491,36.04023],[-5.56683,36.04115],[-5.56829,36.04093],[-5.569,36.04025],[-5.56947,36.03851],[-5.57155,36.03656],[-5.57224,36.03505],[-5.57466,36.0341],[-5.57644,36.03271],[-5.58165,36.03123],[-5.58784,36.02671],[-5.59293,36.02431],[-5.59673,36.02324],[-5.59915,36.02068],[-5.60206,36.01584],[-5.6056,36.01362],[-5.6043,36.01137],[-5.60524,36.01091],[-5.60699,36.00844],[-5.60608,36.00966],[-5.607,36.01009],[-5.60759,36.0124]]}},{"type":"Feature","properties":{"name":"TET_E-26-AND-SO_20241226","country":"ES","lengthKm":219.3},"geometry":{"type":"LineString","coordinates":[[-5.601,36.02618],[-5.60464,36.02663],[-5.61032,36.02845],[-5.62064,36.03731],[-5.62277,36.03974],[-5.6282,36.0429],[-5.63419,36.04509],[-5.6511,36.05581],[-5.65272,36.05628],[-5.66031,36.05654],[-5.66341,36.05727],[-5.6706,36.06134],[-5.68027,36.06849],[-5.68418,36.07077],[-5.68997,36.0773],[-5.69164,36.08204],[-5.69198,36.08672],[-5.6925,36.08808],[-5.69528,36.09049],[-5.69649,36.09265],[-5.6984,36.09473],[-5.69966,36.09726],[-5.70637,36.10275],[-5.70962,36.10962],[-5.70962,36.11385],[-5.70722,36.11826],[-5.70687,36.11975],[-5.70716,36.12132],[-5.70855,36.12409],[-5.70867,36.13156],[-5.70909,36.13396],[-5.70961,36.13504],[-5.71131,36.13672],[-5.71589,36.14507],[-5.71643,36.14633],[-5.71563,36.14679],[-5.71848,36.15004],[-5.71725,36.15532],[-5.71852,36.15726],[-5.71939,36.16198],[-5.7204,36.16447],[-5.72421,36.16988],[-5.72872,36.17875],[-5.73465,36.18608],[-5.74713,36.1937],[-5.75403,36.20313],[-5.75615,36.21041],[-5.76062,36.21539],[-5.76219,36.22066],[-5.76329,36.22867],[-5.76658,36.23496],[-5.76745,36.24235],[-5.76673,36.24568],[-5.76564,36.24811],[-5.76647,36.25469],[-5.76826,36.25712],[-5.77236,36.25999],[-5.77607,36.26369],[-5.78332,36.27285],[-5.78612,36.27543],[-5.79294,36.28591],[-5.79472,36.29303],[-5.79564,36.30111],[-5.79637,36.30281],[-5.79586,36.30973],[-5.79773,36.31365],[-5.80169,36.32001],[-5.80167,36.32457],[-5.79925,36.33425],[-5.80034,36.3372],[-5.8002,36.34056],[-5.80314,36.34185],[-5.80525,36.3418],[-5.80588,36.34252],[-5.80607,36.3443],[-5.8066,36.34502],[-5.80991,36.34376],[-5.81019,36.34448],[-5.81409,36.34753],[-5.8159,36.34826],[-5.82005,36.34464],[-5.8294,36.33844],[-5.83462,36.33593],[-5.84703,36.33086],[-5.85541,36.33102],[-5.86677,36.33069],[-5.87081,36.32978],[-5.8731,36.32831],[-5.88211,36.33235],[-5.88522,36.33481],[-5.88898,36.33692],[-5.89502,36.33938],[-5.89672,36.33939],[-5.89987,36.33814],[-5.90261,36.33868],[-5.9045,36.33969],[-5.90811,36.33949],[-5.91341,36.34058],[-5.91428,36.34098],[-5.91567,36.34276],[-5.92178,36.34522],[-5.9255,36.34782],[-5.92957,36.34931],[-5.93058,36.34922],[-5.93107,36.35041],[-5.93925,36.35189],[-5.94586,36.35258],[-5.94784,36.35237],[-5.94978,36.3531],[-5.95843,36.35068],[-5.96169,36.3509],[-5.96803,36.3524],[-5.97208,36.35355],[-5.97464,36.35588],[-5.97745,36.35644],[-5.97856,36.35806],[-5.98038,36.35783],[-5.98207,36.35826],[-5.98449,36.36172],[-5.986,36.36221],[-5.98764,36.36366],[-5.99141,36.36584],[-5.99649,36.36659],[-5.99999,36.36617],[-6.00402,36.36661],[-6.01227,36.36898],[-6.01408,36.37111],[-6.01585,36.37221],[-6.0283,36.37463],[-6.03494,36.37885],[-6.03698,36.3829],[-6.03954,36.38632],[-6.04,36.38753],[-6.04275,36.3905],[-6.04484,36.39175],[-6.04644,36.39433],[-6.05438,36.39978],[-6.05547,36.40445],[-6.05664,36.40568],[-6.05831,36.4065],[-6.06103,36.40703],[-6.06385,36.40652],[-6.06772,36.40674],[-6.07236,36.40772],[-6.07593,36.40793],[-6.08451,36.4071],[-6.09546,36.40752],[-6.09638,36.40663],[-6.09761,36.40692],[-6.10358,36.40607],[-6.11468,36.40734],[-6.12198,36.4069],[-6.12039,36.40817],[-6.11904,36.41026],[-6.11823,36.41554],[-6.11861,36.41569],[-6.12011,36.4151],[-6.12331,36.4193],[-6.11964,36.42082],[-6.1148,36.42368],[-6.11358,36.42394],[-6.1132,36.42502],[-6.10864,36.43016],[-6.10149,36.43597],[-6.09732,36.44077],[-6.09162,36.44886],[-6.08955,36.44988],[-6.0815,36.45552],[-6.08082,36.459],[-6.07981,36.46068],[-6.08028,36.46203],[-6.07944,36.46649],[-6.08031,36.46859],[-6.07923,36.47022],[-6.08038,36.4749],[-6.0853,36.48004],[-6.08798,36.48103],[-6.08872,36.48086],[-6.08978,36.48126],[-6.09166,36.48269],[-6.09313,36.48323],[-6.09719,36.48402],[-6.09912,36.4838],[-6.10433,36.48453],[-6.1086,36.48583],[-6.1153,36.4871],[-6.11647,36.48702],[-6.1173,36.48815],[-6.11744,36.49083],[-6.11327,36.49667],[-6.11289,36.49893],[-6.11323,36.50132],[-6.11535,36.50423],[-6.11434,36.5083],[-6.1146,36.50996],[-6.11314,36.51648],[-6.1128,36.52331],[-6.10902,36.52951],[-6.10866,36.5309],[-6.10884,36.5335],[-6.10742,36.53691],[-6.10679,36.5407],[-6.10729,36.54759],[-6.10856,36.55468],[-6.10844,36.5562],[-6.11013,36.55649],[-6.11213,36.55803],[-6.10992,36.55884],[-6.1085,36.56005],[-6.10566,36.56442],[-6.10505,36.56685],[-6.10987,36.56941],[-6.10966,36.5704],[-6.11122,36.57311],[-6.11554,36.57701],[-6.12297,36.58638],[-6.12706,36.59321],[-6.12731,36.59457],[-6.12508,36.59889],[-6.12508,36.60161],[-6.1259,36.60334],[-6.12993,36.60721],[-6.13021,36.60848],[-6.12931,36.61003],[-6.1254,36.61368],[-6.12456,36.61512],[-6.12197,36.61698],[-6.12124,36.6183],[-6.12102,36.62073],[-6.12008,36.62227],[-6.12927,36.6328],[-6.13147,36.63214],[-6.13601,36.63289],[-6.13563,36.63332],[-6.13594,36.63345],[-6.13791,36.63133],[-6.14278,36.62838],[-6.1419,36.63065],[-6.14235,36.63324],[-6.14327,36.63502],[-6.14628,36.63856],[-6.14844,36.63941],[-6.15036,36.6413],[-6.15085,36.64245],[-6.15333,36.64403],[-6.15632,36.64527],[-6.16065,36.6491],[-6.16239,36.64865],[-6.16796,36.65451],[-6.16717,36.65528],[-6.16936,36.65669],[-6.16837,36.65758],[-6.16944,36.65707],[-6.17062,36.65534],[-6.1718,36.65607],[-6.17274,36.65606],[-6.17388,36.66106],[-6.17695,36.66294],[-6.18124,36.66425],[-6.18345,36.66575],[-6.18515,36.66621],[-6.19009,36.66511],[-6.19193,36.66386],[-6.19354,36.66375],[-6.19455,36.66403],[-6.1967,36.66569],[-6.19852,36.66635],[-6.203,36.66681],[-6.20459,36.66732],[-6.20599,36.66791],[-6.21369,36.67319],[-6.2174,36.67436],[-6.22248,36.6769],[-6.22975,36.6821],[-6.23089,36.68133],[-6.23061,36.67926],[-6.23137,36.67635],[-6.23383,36.67999],[-6.23582,36.6815],[-6.23746,36.68382],[-6.23805,36.68383],[-6.23904,36.68471],[-6.23898,36.69359],[-6.24696,36.69968],[-6.24973,36.70247],[-6.25347,36.70424],[-6.25413,36.70515],[-6.25731,36.70692],[-6.27189,36.70777],[-6.27149,36.71243],[-6.26872,36.71568],[-6.26781,36.7159],[-6.26745,36.71706],[-6.26577,36.71901],[-6.27509,36.72384],[-6.28711,36.72676],[-6.28709,36.72725],[-6.2913,36.7284],[-6.30704,36.73618],[-6.31496,36.74247],[-6.31637,36.74415],[-6.31612,36.74674],[-6.31763,36.74857],[-6.3178,36.74933],[-6.3161,36.75132],[-6.31708,36.75176],[-6.31915,36.74992],[-6.32059,36.7493],[-6.32273,36.74942],[-6.32796,36.75419],[-6.33169,36.75616],[-6.33955,36.76245],[-6.343,36.76937],[-6.34278,36.7698],[-6.34055,36.76943],[-6.33092,36.76618],[-6.32451,36.76474],[-6.31687,36.76571],[-6.31347,36.76749],[-6.31236,36.76976],[-6.31159,36.77014],[-6.30758,36.77686],[-6.30788,36.77886],[-6.31166,36.7855],[-6.31212,36.78799],[-6.28132,36.86888],[-6.28177,36.87245],[-6.295,36.89872],[-6.2936,36.89912],[-6.29214,36.89898],[-6.26091,36.89128],[-6.25936,36.89122],[-6.24822,36.88865],[-6.24667,36.88887],[-6.23055,36.89398],[-6.21857,36.89978],[-6.2128,36.90299],[-6.19986,36.91202],[-6.19429,36.91754],[-6.19,36.92432],[-6.18258,36.93794],[-6.17234,36.96598],[-6.16442,36.98548],[-6.15661,37.01487],[-6.15146,37.02084],[-6.1429,37.02505],[-6.13292,37.02687],[-6.12338,37.02979],[-6.11537,37.03348],[-6.10078,37.04403],[-6.08733,37.05522],[-6.07376,37.05632],[-6.06979,37.05456],[-6.06555,37.05377],[-6.06451,37.05321],[-6.06292,37.05408],[-6.05415,37.05237],[-6.04913,37.05208],[-6.04478,37.05254],[-6.04212,37.05509],[-6.0409,37.05708],[-6.03698,37.07009],[-6.03609,37.07454],[-6.03454,37.07607],[-6.03281,37.07659],[-6.03378,37.07915],[-6.03665,37.07894],[-6.03787,37.07951],[-6.0389,37.08072],[-6.03856,37.09505],[-6.04269,37.09606],[-6.04469,37.09608],[-6.06694,37.09435],[-6.07148,37.0976],[-6.07513,37.10699],[-6.07879,37.10604],[-6.07857,37.10729],[-6.07969,37.11032],[-6.0809,37.11001],[-6.08432,37.11793],[-6.08625,37.11906],[-6.0997,37.15559],[-6.09806,37.16016],[-6.08962,37.1707],[-6.0779,37.18417],[-6.07798,37.18572],[-6.07679,37.18873],[-6.04787,37.21249],[-6.03995,37.22009],[-6.02333,37.24596]]}},{"type":"Feature","properties":{"name":"TET_E-27-AND-O_20241226","country":"ES","lengthKm":417.3},"geometry":{"type":"LineString","coordinates":[[-4.3927,37.09567],[-4.39391,37.09631],[-4.3941,37.09685],[-4.3961,37.0977],[-4.40064,37.09731],[-4.402,37.10141],[-4.40032,37.10406],[-4.4023,37.1043],[-4.40284,37.10492],[-4.40349,37.10436],[-4.41417,37.10437],[-4.41716,37.10128],[-4.42098,37.10035],[-4.42402,37.0983],[-4.43204,37.10398],[-4.4406,37.10802],[-4.44665,37.11003],[-4.44916,37.10902],[-4.45481,37.10908],[-4.45856,37.10998],[-4.46052,37.1111],[-4.46387,37.11124],[-4.46938,37.11239],[-4.47264,37.11272],[-4.47648,37.11241],[-4.48065,37.1132],[-4.48745,37.11288],[-4.49109,37.114],[-4.49943,37.11258],[-4.50293,37.11244],[-4.50312,37.11475],[-4.50411,37.11561],[-4.51127,37.11377],[-4.51131,37.11325],[-4.514,37.11323],[-4.5145,37.11351],[-4.51639,37.11314],[-4.52704,37.11017],[-4.5307,37.1088],[-4.53504,37.11082],[-4.53684,37.111],[-4.53859,37.11022],[-4.54326,37.11037],[-4.5463,37.10968],[-4.55306,37.10977],[-4.55405,37.10934],[-4.55835,37.10961],[-4.56065,37.11026],[-4.56258,37.10999],[-4.56276,37.11097],[-4.56236,37.11215],[-4.56138,37.11219],[-4.56274,37.11264],[-4.56369,37.11189],[-4.5658,37.11119],[-4.56714,37.11124],[-4.56713,37.11024],[-4.57508,37.11533],[-4.57662,37.11583],[-4.58135,37.12489],[-4.58399,37.13573],[-4.58255,37.13887],[-4.58319,37.14166],[-4.58675,37.14149],[-4.59063,37.14242],[-4.61073,37.14004],[-4.61036,37.13562],[-4.61148,37.13306],[-4.61126,37.12856],[-4.61536,37.1287],[-4.61789,37.13039],[-4.62042,37.13148],[-4.62509,37.13177],[-4.62704,37.13244],[-4.63252,37.13169],[-4.63519,37.13216],[-4.64219,37.13058],[-4.64297,37.13089],[-4.64769,37.1305],[-4.65318,37.129],[-4.66494,37.12891],[-4.66735,37.12928],[-4.6695,37.1289],[-4.6702,37.12859],[-4.66935,37.12756],[-4.67331,37.12439],[-4.67657,37.12338],[-4.68228,37.12914],[-4.686,37.13128],[-4.68944,37.13227],[-4.69288,37.13276],[-4.6933,37.1336],[-4.69391,37.13292],[-4.70001,37.13376],[-4.71222,37.13727],[-4.71223,37.13889],[-4.70944,37.14601],[-4.70853,37.14669],[-4.7088,37.14767],[-4.70776,37.15064],[-4.70531,37.15054],[-4.70756,37.1514],[-4.70629,37.15652],[-4.70576,37.15631],[-4.70493,37.15695],[-4.7061,37.1572],[-4.70517,37.1638],[-4.70339,37.16355],[-4.70428,37.16404],[-4.70687,37.16414],[-4.70899,37.16264],[-4.70913,37.16293],[-4.70838,37.16317],[-4.70641,37.16515],[-4.71496,37.17368],[-4.71691,37.17492],[-4.72451,37.17641],[-4.72723,37.1776],[-4.7321,37.18332],[-4.73236,37.18508],[-4.73461,37.18767],[-4.73598,37.19007],[-4.73348,37.19081],[-4.73418,37.19258],[-4.73482,37.19276],[-4.73641,37.19185],[-4.73805,37.19161],[-4.73962,37.19236],[-4.74025,37.19318],[-4.7408,37.19574],[-4.74076,37.19806],[-4.74671,37.19744],[-4.75075,37.19619],[-4.75335,37.19671],[-4.75903,37.19438],[-4.76663,37.19621],[-4.77433,37.19885],[-4.77647,37.20064],[-4.77869,37.20132],[-4.78154,37.19942],[-4.78474,37.19806],[-4.78682,37.1979],[-4.79264,37.1964],[-4.79854,37.19561],[-4.79944,37.19553],[-4.80157,37.19679],[-4.80563,37.19797],[-4.80929,37.19782],[-4.81364,37.19641],[-4.81945,37.1968],[-4.82249,37.19547],[-4.82429,37.19527],[-4.82792,37.19405],[-4.8296,37.19292],[-4.83053,37.19174],[-4.83113,37.18934],[-4.8331,37.18789],[-4.83634,37.18829],[-4.83854,37.18812],[-4.84114,37.18609],[-4.84338,37.18363],[-4.8524,37.17857],[-4.85876,37.18204],[-4.85944,37.18418],[-4.86063,37.18455],[-4.86313,37.1908],[-4.86745,37.19522],[-4.86848,37.19732],[-4.86935,37.20162],[-4.87037,37.20359],[-4.87222,37.2058],[-4.8724,37.20865],[-4.87471,37.21193],[-4.88092,37.21451],[-4.88098,37.21499],[-4.88359,37.21622],[-4.88552,37.21883],[-4.88836,37.21981],[-4.89137,37.22147],[-4.89191,37.222],[-4.89172,37.22321],[-4.89393,37.22268],[-4.89562,37.22268],[-4.90144,37.2243],[-4.9051,37.22492],[-4.90855,37.22666],[-4.91189,37.22736],[-4.91545,37.22876],[-4.91778,37.22879],[-4.92222,37.23108],[-4.926,37.23254],[-4.93058,37.23352],[-4.93584,37.23562],[-4.94128,37.23605],[-4.94548,37.2375],[-4.94719,37.23867],[-4.95643,37.24169],[-4.95777,37.241],[-4.96379,37.24365],[-4.96457,37.24374],[-4.96572,37.24317],[-4.97231,37.24359],[-4.97578,37.24327],[-4.98023,37.24408],[-4.99407,37.24481],[-5.00291,37.24613],[-5.00429,37.24702],[-5.00467,37.24812],[-5.0059,37.24921],[-5.0074,37.24864],[-5.00929,37.24862],[-5.00968,37.24899],[-5.00982,37.25196],[-5.01323,37.26825],[-5.01243,37.26974],[-5.01405,37.28285],[-5.01645,37.28131],[-5.02046,37.27947],[-5.02596,37.27909],[-5.02899,37.278],[-5.03678,37.27373],[-5.04297,37.26849],[-5.04774,37.26973],[-5.05386,37.26954],[-5.06038,37.27046],[-5.06639,37.27051],[-5.06815,37.27007],[-5.07004,37.27025],[-5.07244,37.27134],[-5.07447,37.27292],[-5.07775,37.27456],[-5.08329,37.27569],[-5.08805,37.27593],[-5.09131,37.27813],[-5.09483,37.27808],[-5.09909,37.28028],[-5.10285,37.28136],[-5.10688,37.28163],[-5.11502,37.2831],[-5.11639,37.28295],[-5.11733,37.28228],[-5.12075,37.28107],[-5.12399,37.28071],[-5.12791,37.28078],[-5.13341,37.27889],[-5.13402,37.27922],[-5.13376,37.27985],[-5.13477,37.282],[-5.13598,37.28661],[-5.13853,37.28991],[-5.14007,37.29086],[-5.14116,37.29014],[-5.14186,37.29011],[-5.14763,37.29107],[-5.16036,37.2916],[-5.16525,37.29037],[-5.17418,37.29462],[-5.17469,37.29375],[-5.17926,37.29008],[-5.18164,37.28947],[-5.18439,37.28733],[-5.18994,37.28511],[-5.19047,37.28439],[-5.1915,37.27725],[-5.19376,37.2766],[-5.19764,37.27618],[-5.20152,37.27303],[-5.20374,37.27184],[-5.20516,37.27024],[-5.20726,37.27099],[-5.20816,37.27069],[-5.21361,37.26674],[-5.22707,37.26102],[-5.23257,37.26213],[-5.23797,37.26239],[-5.25113,37.25935],[-5.25815,37.25895],[-5.26317,37.25982],[-5.2704,37.2578],[-5.2714,37.25673],[-5.27492,37.25478],[-5.27897,37.25064],[-5.28753,37.24007],[-5.29144,37.23761],[-5.29794,37.23488],[-5.30158,37.2328],[-5.30249,37.23362],[-5.30207,37.23235],[-5.30233,37.22912],[-5.30157,37.22725],[-5.30824,37.22647],[-5.31734,37.22721],[-5.32085,37.23091],[-5.32188,37.23303],[-5.32248,37.23126],[-5.32332,37.23069],[-5.32391,37.23096],[-5.32459,37.2304],[-5.32418,37.22981],[-5.32531,37.22909],[-5.33134,37.22728],[-5.33622,37.22686],[-5.35255,37.23051],[-5.35874,37.23289],[-5.3645,37.23599],[-5.3664,37.23601],[-5.37019,37.23486],[-5.37217,37.23478],[-5.37408,37.23596],[-5.37557,37.23637],[-5.37968,37.23913],[-5.37958,37.24007],[-5.38099,37.24394],[-5.38693,37.25127],[-5.3893,37.25334],[-5.39143,37.25878],[-5.39206,37.26205],[-5.39155,37.26688],[-5.39302,37.26839],[-5.39496,37.26955],[-5.40797,37.27389],[-5.40789,37.27807],[-5.40889,37.27965],[-5.41006,37.28859],[-5.4126,37.29721],[-5.41248,37.29898],[-5.41448,37.30384],[-5.41508,37.30883],[-5.41606,37.31152],[-5.41665,37.31497],[-5.41967,37.31808],[-5.42009,37.31976],[-5.42322,37.32287],[-5.42332,37.32654],[-5.42382,37.32846],[-5.42936,37.32744],[-5.43477,37.32779],[-5.44104,37.32769],[-5.44534,37.32843],[-5.44883,37.32829],[-5.45358,37.32874],[-5.46298,37.32752],[-5.46827,37.32636],[-5.47284,37.32625],[-5.47529,37.32672],[-5.4793,37.3263],[-5.48562,37.32751],[-5.48882,37.32768],[-5.50175,37.33024],[-5.50443,37.3309],[-5.50668,37.33245],[-5.51079,37.33236],[-5.51218,37.33156],[-5.52394,37.33166],[-5.53547,37.33352],[-5.55053,37.33523],[-5.55716,37.3374],[-5.56169,37.33837],[-5.56634,37.33888],[-5.5728,37.33825],[-5.5757,37.33728],[-5.57776,37.33724],[-5.57787,37.337],[-5.57869,37.33747],[-5.58041,37.33769],[-5.58351,37.33761],[-5.58468,37.33871],[-5.59039,37.33963],[-5.60244,37.34056],[-5.60958,37.34004],[-5.61102,37.34533],[-5.61401,37.35271],[-5.61738,37.35819],[-5.61887,37.35946],[-5.63057,37.36718],[-5.64205,37.37615],[-5.64341,37.37761],[-5.65949,37.39064],[-5.66801,37.39688],[-5.67362,37.39852],[-5.67913,37.40098],[-5.6841,37.40261],[-5.68678,37.4038],[-5.68854,37.40524],[-5.70512,37.39125],[-5.70964,37.38608],[-5.71127,37.38509],[-5.71391,37.38425],[-5.71475,37.38356],[-5.71557,37.38242],[-5.71565,37.38129],[-5.71391,37.37627],[-5.71381,37.37447],[-5.71461,37.37218],[-5.71584,37.3708],[-5.71812,37.3695],[-5.72144,37.36835],[-5.73639,37.36793],[-5.74211,37.36697],[-5.7437,37.36634],[-5.74497,37.36513],[-5.74477,37.36214],[-5.75349,37.35211],[-5.75982,37.34737],[-5.76467,37.34428],[-5.76759,37.34137],[-5.76948,37.34094],[-5.77658,37.34178],[-5.7802,37.34137],[-5.78252,37.34036],[-5.79051,37.33507],[-5.79254,37.3321],[-5.79218,37.33173],[-5.79321,37.32953],[-5.79002,37.32963],[-5.78961,37.32817],[-5.79096,37.32577],[-5.79064,37.32456],[-5.79275,37.32426],[-5.79875,37.32168],[-5.8001,37.32082],[-5.80197,37.31797],[-5.80412,37.31677],[-5.80625,37.3162],[-5.80694,37.31525],[-5.80317,37.31034],[-5.80383,37.30916],[-5.80265,37.30697],[-5.8042,37.30619],[-5.80595,37.30595],[-5.81283,37.30595],[-5.81378,37.30555],[-5.81427,37.30449],[-5.8156,37.30355],[-5.81901,37.30245],[-5.82567,37.29943],[-5.82959,37.29664],[-5.83385,37.29038],[-5.83353,37.28933],[-5.82637,37.27838],[-5.82243,37.27372],[-5.81272,37.25288],[-5.81852,37.25369],[-5.8239,37.25339],[-5.83007,37.25237],[-5.83217,37.25182],[-5.83925,37.24791],[-5.83817,37.24653],[-5.84156,37.24539],[-5.84337,37.24248],[-5.84675,37.24073],[-5.84971,37.23771],[-5.85013,37.23431],[-5.84965,37.23215],[-5.85319,37.22908],[-5.85422,37.22606],[-5.85541,37.22483],[-5.85692,37.22425],[-5.86342,37.22299],[-5.86642,37.22143],[-5.86885,37.21964],[-5.86888,37.21779],[-5.86967,37.21521],[-5.87079,37.21379],[-5.87111,37.21255],[-5.87075,37.20815],[-5.87295,37.20476],[-5.87291,37.20218],[-5.88076,37.20346],[-5.88456,37.20311],[-5.88771,37.20444],[-5.89021,37.20496],[-5.8953,37.20435],[-5.89849,37.20507],[-5.90194,37.20387],[-5.90389,37.20381],[-5.90478,37.20457],[-5.90595,37.20669],[-5.90809,37.20886],[-5.91552,37.20993],[-5.91635,37.2105],[-5.9215,37.21222],[-5.92352,37.20646],[-5.9251,37.19934],[-5.92555,37.19899],[-5.93213,37.19921],[-5.93669,37.20029],[-5.94332,37.20449],[-5.94458,37.20382],[-5.95557,37.20383],[-5.96161,37.20179],[-5.96566,37.20817],[-5.97003,37.20792],[-5.97164,37.20713],[-5.97376,37.20442],[-5.97826,37.20106],[-5.98003,37.19665],[-5.98227,37.19412],[-5.98549,37.19351],[-5.98664,37.19107],[-5.99313,37.1838],[-5.99318,37.18286],[-5.99266,37.18213],[-5.99738,37.18208],[-5.99917,37.18116],[-6.01471,37.17678],[-6.01461,37.19028],[-6.01965,37.19383],[-6.0195,37.19507],[-6.02053,37.19838],[-6.0196,37.20286],[-6.02115,37.20601],[-6.02239,37.20725],[-6.0239,37.21144],[-6.02405,37.21339],[-6.02192,37.21982],[-6.01878,37.22592],[-6.01703,37.2311],[-6.01545,37.23831],[-6.01435,37.24035],[-6.01757,37.24151],[-6.0216,37.24398],[-6.02278,37.24571],[-6.02604,37.24694],[-6.02435,37.24969],[-6.02569,37.25316],[-6.02968,37.2599],[-6.03491,37.26432],[-6.0381,37.26779],[-6.04008,37.27345],[-6.04598,37.27801],[-6.04723,37.27989],[-6.04655,37.28291],[-6.0459,37.28394],[-6.04843,37.28337],[-6.05026,37.28396],[-6.05154,37.28277],[-6.05446,37.2814],[-6.05488,37.28154],[-6.06274,37.27393],[-6.06372,37.27212],[-6.06399,37.27032],[-6.07204,37.27363],[-6.07848,37.27851],[-6.08228,37.27932],[-6.08628,37.2811],[-6.08988,37.28191],[-6.09154,37.2829],[-6.09393,37.28328],[-6.09633,37.2852],[-6.10172,37.28655],[-6.10599,37.28581],[-6.10777,37.28597],[-6.11711,37.28824],[-6.12344,37.28911],[-6.13129,37.29158],[-6.13355,37.29114],[-6.13424,37.29068],[-6.1403,37.29148],[-6.14787,37.29115],[-6.15225,37.28926],[-6.16028,37.28862],[-6.1657,37.29079],[-6.16891,37.29316],[-6.17055,37.29559],[-6.17558,37.29511],[-6.17821,37.2957],[-6.1807,37.29524],[-6.18453,37.29347],[-6.19315,37.29277],[-6.19566,37.29434],[-6.20635,37.29256],[-6.21411,37.28987],[-6.21875,37.29074],[-6.22087,37.28264],[-6.22268,37.28074],[-6.23596,37.27902],[-6.23685,37.27859],[-6.23907,37.28027],[-6.2449,37.29438],[-6.24718,37.29671],[-6.24825,37.29908],[-6.24991,37.29766],[-6.25315,37.29711],[-6.25564,37.29737],[-6.26197,37.29034],[-6.26159,37.28902],[-6.26534,37.28597],[-6.26657,37.28314],[-6.26949,37.28071],[-6.27257,37.27458],[-6.27312,37.2741],[-6.2767,37.27334],[-6.27843,37.27234],[-6.27992,37.26562],[-6.28554,37.26107],[-6.29074,37.25522],[-6.29166,37.25469],[-6.29677,37.25867],[-6.30338,37.26473],[-6.30438,37.26411],[-6.30655,37.26364],[-6.30876,37.26456],[-6.3167,37.26457],[-6.32013,37.26407],[-6.32166,37.26457],[-6.32361,37.26466],[-6.32517,37.26384],[-6.32818,37.26019],[-6.32876,37.26067],[-6.3297,37.26054],[-6.33258,37.26131],[-6.33629,37.26456],[-6.33947,37.26905],[-6.34331,37.27065],[-6.35232,37.27567],[-6.35678,37.27672],[-6.36108,37.27866],[-6.36077,37.27922],[-6.36207,37.28012],[-6.36408,37.28311],[-6.36549,37.28394],[-6.36747,37.28436],[-6.36925,37.28547],[-6.3704,37.2872],[-6.37126,37.29104],[-6.37333,37.29365],[-6.37516,37.29665],[-6.37569,37.29853],[-6.37667,37.29949],[-6.38103,37.30171],[-6.38487,37.30456],[-6.38693,37.30509],[-6.39187,37.30771],[-6.40463,37.31277],[-6.40734,37.31539],[-6.40862,37.31575],[-6.41849,37.32078],[-6.41957,37.32033],[-6.42035,37.31911],[-6.42063,37.31972],[-6.42117,37.31979],[-6.44415,37.31454],[-6.43986,37.30315],[-6.44938,37.30109],[-6.45216,37.30095],[-6.45728,37.29809],[-6.45926,37.29654],[-6.46306,37.29594],[-6.46605,37.29451],[-6.46914,37.29063],[-6.47426,37.28675],[-6.47488,37.28578],[-6.47848,37.28412],[-6.47822,37.28233],[-6.48106,37.2818],[-6.48259,37.2811],[-6.50485,37.27042],[-6.51186,37.26762],[-6.51356,37.26615],[-6.51438,37.2668],[-6.51801,37.26662],[-6.51782,37.26602],[-6.51926,37.26608],[-6.51989,37.26571],[-6.52404,37.26588],[-6.52453,37.26409],[-6.52838,37.26448],[-6.53006,37.265],[-6.53089,37.26468],[-6.53113,37.26373],[-6.53188,37.26369],[-6.5319,37.26509],[-6.53738,37.26753],[-6.53976,37.26924],[-6.5411,37.27082],[-6.5489,37.27413],[-6.55444,37.27524],[-6.55758,37.27703],[-6.56231,37.27823],[-6.56676,37.28173],[-6.57004,37.28325],[-6.57289,37.28743],[-6.57552,37.28921],[-6.57863,37.29047],[-6.58227,37.29332],[-6.58543,37.29843],[-6.58975,37.30177],[-6.59117,37.30342],[-6.59412,37.30545],[-6.59241,37.3064],[-6.59375,37.30843],[-6.59534,37.30992],[-6.60093,37.30885],[-6.60137,37.30988],[-6.60202,37.31016],[-6.60249,37.31196],[-6.60252,37.31384],[-6.60396,37.32028],[-6.60415,37.32293],[-6.60357,37.32364],[-6.60455,37.32609],[-6.60453,37.32812],[-6.60648,37.33024],[-6.60728,37.33312],[-6.60962,37.33537],[-6.61479,37.33697],[-6.61691,37.33859],[-6.62041,37.33928],[-6.62348,37.34154],[-6.62272,37.34421],[-6.62267,37.34617],[-6.61785,37.3481],[-6.6133,37.34883],[-6.61357,37.34995],[-6.61241,37.35168],[-6.61404,37.35336],[-6.61353,37.35606],[-6.61175,37.35846],[-6.61008,37.35918],[-6.60825,37.36128],[-6.60959,37.36448],[-6.60851,37.36957],[-6.60857,37.37159],[-6.6095,37.37421],[-6.60847,37.37705],[-6.60683,37.37959],[-6.60745,37.38098],[-6.60717,37.3829],[-6.60641,37.38437],[-6.60819,37.38821],[-6.61016,37.39037],[-6.61,37.3914],[-6.61034,37.39174],[-6.61645,37.3937],[-6.61973,37.39652],[-6.62356,37.40135],[-6.62728,37.40866],[-6.62875,37.40919],[-6.62983,37.40801],[-6.63459,37.40626],[-6.63911,37.40276],[-6.64176,37.40234],[-6.64694,37.39704],[-6.65143,37.39525],[-6.65644,37.39156],[-6.6608,37.38995],[-6.66268,37.38976],[-6.6666,37.39035],[-6.67053,37.39201],[-6.67225,37.39225],[-6.67355,37.39364],[-6.67611,37.39451],[-6.67925,37.3938],[-6.67894,37.40024],[-6.67817,37.40189],[-6.68114,37.40152],[-6.6896,37.40294],[-6.69407,37.40245],[-6.69645,37.40259],[-6.70311,37.40398],[-6.70912,37.40596],[-6.71025,37.4067],[-6.71327,37.41012],[-6.71835,37.41081],[-6.72142,37.41188],[-6.73015,37.41358],[-6.73395,37.41629],[-6.74232,37.41701],[-6.74712,37.41533],[-6.75582,37.41579],[-6.76039,37.41566],[-6.76322,37.41611],[-6.76623,37.41888],[-6.77115,37.42148],[-6.77437,37.42492],[-6.78636,37.4262],[-6.79093,37.42359],[-6.79268,37.42302],[-6.79611,37.42296],[-6.79955,37.42356],[-6.80369,37.42273],[-6.80391,37.42229],[-6.80548,37.42158],[-6.8066,37.4199],[-6.80667,37.4191],[-6.80803,37.41806],[-6.80904,37.41799],[-6.81213,37.41542],[-6.81544,37.41459],[-6.81791,37.41262],[-6.82395,37.40424],[-6.82475,37.39901],[-6.8282,37.3953],[-6.82914,37.39214],[-6.83106,37.38904],[-6.83204,37.38918],[-6.83577,37.3883],[-6.83723,37.38975],[-6.8379,37.38669],[-6.84005,37.38355],[-6.8404,37.38185],[-6.84161,37.38128],[-6.84332,37.37973],[-6.84666,37.37821],[-6.85044,37.37476],[-6.85116,37.37169],[-6.85363,37.37107],[-6.85501,37.37014],[-6.85885,37.36887],[-6.86686,37.36712],[-6.8711,37.36668],[-6.87343,37.36511],[-6.87624,37.36414],[-6.87898,37.3637],[-6.87815,37.36179],[-6.88292,37.36224],[-6.88432,37.36065],[-6.89544,37.35935],[-6.90164,37.35677],[-6.90876,37.35204],[-6.91002,37.35027],[-6.91201,37.34348],[-6.91896,37.34821],[-6.92035,37.3487],[-6.92219,37.3456],[-6.92253,37.34398],[-6.92166,37.34264],[-6.92036,37.34195],[-6.92146,37.34219],[-6.92219,37.34184],[-6.92184,37.34099],[-6.92291,37.34232],[-6.92437,37.34179],[-6.92635,37.33988],[-6.92798,37.33937],[-6.92779,37.33434],[-6.93121,37.33359],[-6.93377,37.33414],[-6.93499,37.33347],[-6.9357,37.33182],[-6.93563,37.33094],[-6.93714,37.33013],[-6.93478,37.32534],[-6.92849,37.31618],[-6.9229,37.31502],[-6.92044,37.31337],[-6.91785,37.31069],[-6.9233,37.30501],[-6.93131,37.29304],[-6.93236,37.29105],[-6.93326,37.28761],[-6.93532,37.28427],[-6.94064,37.28383],[-6.94413,37.28415],[-6.94573,37.28467],[-6.94857,37.28368],[-6.95119,37.28024],[-6.95583,37.27192],[-6.95712,37.26782],[-6.95773,37.26739],[-6.97074,37.2681],[-6.97586,37.2691],[-6.98553,37.27176],[-6.98981,37.27154],[-6.99071,37.27204],[-6.99131,37.27297],[-6.99085,37.27619],[-6.99291,37.27818],[-6.99401,37.27883],[-6.99978,37.28014],[-7.00043,37.2806],[-7.00343,37.28071],[-7.00984,37.27843],[-7.01635,37.27534],[-7.02303,37.27616],[-7.02729,37.27332],[-7.02593,37.27046],[-7.03276,37.26878],[-7.03591,37.26524],[-7.03964,37.26352],[-7.04146,37.26372],[-7.0428,37.26527],[-7.04287,37.26587],[-7.04418,37.267],[-7.04406,37.26791],[-7.04515,37.26835],[-7.04798,37.27058],[-7.0518,37.26996],[-7.05318,37.26901],[-7.05523,37.26845],[-7.05961,37.26854],[-7.0615,37.26979],[-7.06255,37.27004],[-7.0643,37.27173],[-7.06741,37.27254],[-7.06887,37.27234],[-7.06989,37.27287],[-7.07195,37.27521],[-7.07239,37.27722],[-7.07466,37.27809],[-7.07792,37.27875],[-7.07896,37.27785],[-7.07944,37.2761],[-7.0824,37.27491],[-7.08794,37.2804],[-7.09357,37.28282],[-7.10114,37.28028],[-7.10469,37.27804],[-7.10567,37.27695],[-7.10717,37.27664],[-7.10764,37.27614],[-7.10746,37.27478],[-7.10947,37.27267],[-7.1102,37.27132],[-7.11134,37.27076],[-7.11172,37.26961],[-7.1124,37.26915],[-7.11423,37.26938],[-7.11649,37.27031],[-7.11911,37.27013],[-7.11987,37.27059],[-7.12294,37.27016],[-7.12418,37.27118],[-7.12491,37.27109],[-7.12774,37.2719],[-7.12977,37.27434],[-7.13483,37.27787],[-7.13805,37.2788],[-7.13912,37.28056],[-7.14402,37.28023],[-7.14511,37.28064],[-7.14574,37.28015],[-7.14835,37.28142],[-7.15135,37.28181],[-7.15142,37.28024],[-7.15429,37.28229],[-7.15568,37.28198],[-7.15627,37.28302],[-7.15592,37.2844],[-7.15728,37.28528],[-7.16527,37.28707],[-7.16686,37.28698],[-7.16737,37.28874],[-7.16656,37.29045],[-7.16806,37.2918],[-7.16715,37.29284],[-7.16674,37.29475],[-7.1648,37.29624],[-7.17061,37.30148],[-7.17051,37.30457],[-7.17218,37.30933],[-7.17144,37.31176],[-7.17191,37.31372],[-7.1733,37.31565],[-7.17228,37.32225],[-7.17378,37.32293],[-7.17433,37.32435],[-7.17557,37.32391],[-7.17681,37.32203],[-7.17964,37.32323],[-7.18144,37.32225],[-7.18253,37.32051],[-7.1856,37.32072],[-7.18981,37.32246],[-7.1912,37.32201],[-7.19171,37.3216],[-7.1913,37.31963],[-7.19382,37.31913],[-7.19406,37.31725],[-7.19803,37.314],[-7.19917,37.31357],[-7.20304,37.31492],[-7.20538,37.31256],[-7.20619,37.31276],[-7.20768,37.31142],[-7.20906,37.31097],[-7.21125,37.30868],[-7.21204,37.30842],[-7.21266,37.30681],[-7.21153,37.30271],[-7.21484,37.30181],[-7.21686,37.29976],[-7.219,37.29939],[-7.22043,37.29808],[-7.22213,37.29879],[-7.22331,37.29864],[-7.22658,37.2994],[-7.22804,37.30015],[-7.23111,37.30324],[-7.23138,37.30486],[-7.23269,37.30633],[-7.23499,37.30802],[-7.23546,37.30896],[-7.23779,37.31075],[-7.24155,37.31464],[-7.24455,37.31625],[-7.24781,37.32124],[-7.24961,37.32273],[-7.25149,37.32104],[-7.25681,37.31979],[-7.25802,37.31989],[-7.25934,37.31938],[-7.26409,37.31725],[-7.2658,37.31553],[-7.2664,37.31771],[-7.26823,37.31927],[-7.27056,37.32045],[-7.27069,37.32081],[-7.26949,37.32265],[-7.27241,37.32667],[-7.27465,37.32528],[-7.27655,37.32339],[-7.27819,37.31971],[-7.27852,37.32077],[-7.2812,37.32372],[-7.28114,37.32488],[-7.2817,37.32604],[-7.28256,37.3263],[-7.28297,37.32436],[-7.28564,37.32342],[-7.28645,37.32163],[-7.28818,37.32103],[-7.28989,37.32091],[-7.2908,37.32039],[-7.29145,37.3192],[-7.29636,37.31897],[-7.29855,37.31818],[-7.30047,37.31795],[-7.30553,37.31788],[-7.30735,37.31701],[-7.30941,37.31533],[-7.31047,37.31537],[-7.31614,37.31396],[-7.31957,37.31123],[-7.32086,37.31084],[-7.32405,37.30873],[-7.32554,37.30843],[-7.32899,37.30666],[-7.33358,37.30594],[-7.33528,37.30627],[-7.33875,37.30419],[-7.34001,37.30384],[-7.34255,37.30439],[-7.34295,37.30544],[-7.34534,37.29978],[-7.34711,37.29884],[-7.35099,37.29533],[-7.35413,37.2933],[-7.35738,37.29198],[-7.3597,37.29191],[-7.3765,37.29369],[-7.37892,37.28477],[-7.37212,37.28158],[-7.37269,37.28053],[-7.37432,37.27931],[-7.37679,37.27467],[-7.37664,37.27361],[-7.37727,37.2726],[-7.37778,37.26944],[-7.37784,37.26552],[-7.37886,37.26417],[-7.37827,37.26166],[-7.37845,37.26002],[-7.3814,37.25393],[-7.38198,37.25121],[-7.38137,37.2485],[-7.38297,37.24494],[-7.38295,37.24367],[-7.38425,37.24176],[-7.38522,37.24072],[-7.39069,37.23914],[-7.39095,37.23838],[-7.39294,37.23834],[-7.3939,37.23653],[-7.39862,37.23707],[-7.40404,37.23666],[-7.40473,37.23808],[-7.40408,37.23893],[-7.40467,37.23932],[-7.40885,37.23909],[-7.41385,37.23778],[-7.42163,37.2376]]}},{"type":"Feature","properties":{"name":"TET_E-28-CU&TER_20260503","country":"ES","lengthKm":477.8},"geometry":{"type":"LineString","coordinates":[[-1.26695,40.09112],[-1.26923,40.09162],[-1.27066,40.0942],[-1.27334,40.09656],[-1.27691,40.10381],[-1.28154,40.10404],[-1.29115,40.10721],[-1.28859,40.10651],[-1.28811,40.10805],[-1.2901,40.10926],[-1.29093,40.11176],[-1.29065,40.11328],[-1.29312,40.11581],[-1.29249,40.1187],[-1.29496,40.12072],[-1.29661,40.12075],[-1.29697,40.1212],[-1.29792,40.12137],[-1.29872,40.12256],[-1.30035,40.12357],[-1.30064,40.12473],[-1.30289,40.12635],[-1.30405,40.12959],[-1.30284,40.13004],[-1.30308,40.13175],[-1.30717,40.13187],[-1.30839,40.13247],[-1.30845,40.13332],[-1.30943,40.13446],[-1.31223,40.13482],[-1.31463,40.13658],[-1.31463,40.14012],[-1.31731,40.14124],[-1.31908,40.14275],[-1.32017,40.14445],[-1.31973,40.14527],[-1.31998,40.14637],[-1.32284,40.14792],[-1.32354,40.1498],[-1.32298,40.15182],[-1.32392,40.15261],[-1.32526,40.15294],[-1.32922,40.15541],[-1.33311,40.15568],[-1.33132,40.15559],[-1.33311,40.15568],[-1.33217,40.15534],[-1.33321,40.15515],[-1.33412,40.15604],[-1.33402,40.15502],[-1.33447,40.15456],[-1.33658,40.15439],[-1.33748,40.15392],[-1.33874,40.1548],[-1.34149,40.15471],[-1.34227,40.15493],[-1.34257,40.15562],[-1.34425,40.15675],[-1.34666,40.15774],[-1.34843,40.15671],[-1.35289,40.15702],[-1.35669,40.15559],[-1.36189,40.15454],[-1.36626,40.15681],[-1.36702,40.15676],[-1.3688,40.15551],[-1.37034,40.15527],[-1.374,40.15233],[-1.37705,40.15368],[-1.37979,40.15707],[-1.38062,40.15982],[-1.38264,40.16271],[-1.38438,40.16317],[-1.38835,40.16302],[-1.39067,40.16425],[-1.39102,40.16504],[-1.39162,40.16528],[-1.39565,40.16441],[-1.39779,40.16479],[-1.39774,40.16696],[-1.39534,40.17037],[-1.39566,40.17052],[-1.39859,40.17012],[-1.4,40.16837],[-1.40363,40.16684],[-1.40506,40.16722],[-1.40827,40.1671],[-1.40861,40.16623],[-1.40762,40.1652],[-1.40828,40.16473],[-1.40745,40.16465],[-1.40692,40.16406],[-1.40815,40.1625],[-1.41061,40.16324],[-1.41763,40.16281],[-1.41967,40.16345],[-1.42053,40.16419],[-1.42183,40.1639],[-1.42349,40.16453],[-1.42531,40.16439],[-1.428,40.16484],[-1.43039,40.16593],[-1.43265,40.16644],[-1.43327,40.16694],[-1.43447,40.16608],[-1.43632,40.16331],[-1.43676,40.16145],[-1.43769,40.16003],[-1.43844,40.15971],[-1.44139,40.15972],[-1.44156,40.15735],[-1.4433,40.15441],[-1.44462,40.15388],[-1.44571,40.15046],[-1.44502,40.15014],[-1.44598,40.14893],[-1.44593,40.14833],[-1.44838,40.1478],[-1.44967,40.14713],[-1.45138,40.14465],[-1.44995,40.14621],[-1.44815,40.14698],[-1.44741,40.14673],[-1.44845,40.14623],[-1.44716,40.14531],[-1.44698,40.14421],[-1.44274,40.14287],[-1.44355,40.14219],[-1.44308,40.1391],[-1.44338,40.13819],[-1.44586,40.13645],[-1.4471,40.13396],[-1.44697,40.13308],[-1.44821,40.13219],[-1.44805,40.13002],[-1.4493,40.12897],[-1.44679,40.12553],[-1.4471,40.12422],[-1.44663,40.12336],[-1.4441,40.12207],[-1.44214,40.12189],[-1.4403,40.12217],[-1.43829,40.12388],[-1.43663,40.12471],[-1.43424,40.12358],[-1.43346,40.12243],[-1.43383,40.11984],[-1.43676,40.1176],[-1.43808,40.11533],[-1.44146,40.11322],[-1.44881,40.11264],[-1.45084,40.11343],[-1.45116,40.1141],[-1.45257,40.1149],[-1.45349,40.11432],[-1.45652,40.11429],[-1.45952,40.11557],[-1.46203,40.11597],[-1.46449,40.11579],[-1.46599,40.11905],[-1.46687,40.11943],[-1.47001,40.11958],[-1.47111,40.12284],[-1.47177,40.12315],[-1.47269,40.12513],[-1.47396,40.12548],[-1.47484,40.12526],[-1.47641,40.12392],[-1.47829,40.1242],[-1.47881,40.12534],[-1.48053,40.12663],[-1.48099,40.12787],[-1.48427,40.1293],[-1.48723,40.12826],[-1.48884,40.12807],[-1.48764,40.12696],[-1.48863,40.12668],[-1.48571,40.1251],[-1.4855,40.12334],[-1.4846,40.12266],[-1.48407,40.11914],[-1.48239,40.11758],[-1.48292,40.11404],[-1.48195,40.11409],[-1.4819,40.11314],[-1.47882,40.11006],[-1.47823,40.10871],[-1.47825,40.10789],[-1.48065,40.10523],[-1.48006,40.10388],[-1.47931,40.1033],[-1.47704,40.10254],[-1.47539,40.10215],[-1.47415,40.10228],[-1.47296,40.10333],[-1.47216,40.10142],[-1.47269,40.10089],[-1.47512,40.10061],[-1.47705,40.10088],[-1.47926,40.10211],[-1.48092,40.10248],[-1.48774,40.10196],[-1.4955,40.10079],[-1.50348,40.10113],[-1.51368,40.1041],[-1.51619,40.10374],[-1.51804,40.1077],[-1.51808,40.11195],[-1.51792,40.1126],[-1.51601,40.11377],[-1.51592,40.11494],[-1.51843,40.11775],[-1.51711,40.11856],[-1.51498,40.11888],[-1.51101,40.12249],[-1.50763,40.12317],[-1.5073,40.12545],[-1.50608,40.12723],[-1.50766,40.13015],[-1.50792,40.13244],[-1.50911,40.13486],[-1.51186,40.13897],[-1.51451,40.14179],[-1.51796,40.14433],[-1.5184,40.14425],[-1.51763,40.14203],[-1.51797,40.14154],[-1.52026,40.14372],[-1.52093,40.14384],[-1.52423,40.14727],[-1.52581,40.1477],[-1.52792,40.1489],[-1.53462,40.1556],[-1.53648,40.15672],[-1.53893,40.15747],[-1.54396,40.15721],[-1.54571,40.15664],[-1.54579,40.15355],[-1.54903,40.14981],[-1.55013,40.14647],[-1.55019,40.14438],[-1.55113,40.14446],[-1.55326,40.14763],[-1.55804,40.1578],[-1.5588,40.16056],[-1.55997,40.16125],[-1.56015,40.16276],[-1.56194,40.16479],[-1.56385,40.16559],[-1.56487,40.16799],[-1.56669,40.16893],[-1.56751,40.17054],[-1.56992,40.17081],[-1.57134,40.17186],[-1.57225,40.17429],[-1.57872,40.18171],[-1.57983,40.18213],[-1.58159,40.18211],[-1.58245,40.18252],[-1.58282,40.18391],[-1.58346,40.18373],[-1.5862,40.18177],[-1.58745,40.18026],[-1.58727,40.17881],[-1.58671,40.17807],[-1.58864,40.17703],[-1.58714,40.17529],[-1.58764,40.17493],[-1.59032,40.17531],[-1.59151,40.17487],[-1.59337,40.1748],[-1.59076,40.17651],[-1.59208,40.17677],[-1.59326,40.17923],[-1.59475,40.18048],[-1.59985,40.18659],[-1.60136,40.19044],[-1.6072,40.19555],[-1.60831,40.196],[-1.61145,40.19585],[-1.61551,40.19417],[-1.61706,40.1939],[-1.61819,40.19424],[-1.62163,40.19833],[-1.6229,40.19918],[-1.62403,40.20103],[-1.62602,40.20157],[-1.62863,40.20069],[-1.62852,40.2014],[-1.63093,40.20252],[-1.63446,40.2051],[-1.63659,40.20555],[-1.63988,40.20766],[-1.64049,40.20857],[-1.64198,40.20956],[-1.64745,40.21169],[-1.65023,40.21355],[-1.65421,40.21727],[-1.66154,40.22021],[-1.66772,40.22425],[-1.66908,40.22547],[-1.67183,40.22931],[-1.67973,40.23503],[-1.68304,40.23681],[-1.6838,40.23757],[-1.68372,40.23804],[-1.68259,40.23856],[-1.68525,40.24098],[-1.68658,40.24167],[-1.69015,40.24263],[-1.69316,40.24531],[-1.69486,40.24619],[-1.69662,40.24517],[-1.69954,40.24791],[-1.70582,40.25151],[-1.71141,40.25561],[-1.71734,40.25878],[-1.71918,40.25947],[-1.72364,40.26023],[-1.72672,40.26132],[-1.72793,40.26233],[-1.73208,40.26306],[-1.73368,40.26264],[-1.73453,40.26201],[-1.73534,40.26045],[-1.73519,40.25811],[-1.734,40.25662],[-1.73322,40.25439],[-1.73425,40.25284],[-1.7343,40.25089],[-1.73358,40.25044],[-1.73305,40.24937],[-1.73324,40.24917],[-1.73392,40.24978],[-1.73484,40.2499],[-1.73403,40.24863],[-1.73458,40.24693],[-1.73302,40.24626],[-1.73297,40.24268],[-1.73469,40.24307],[-1.73742,40.24209],[-1.73853,40.24113],[-1.74502,40.23789],[-1.74531,40.23743],[-1.74512,40.23635],[-1.74337,40.23384],[-1.74191,40.23299],[-1.74215,40.23238],[-1.73939,40.22912],[-1.74047,40.22708],[-1.74175,40.22612],[-1.74076,40.22391],[-1.74262,40.22379],[-1.74303,40.22346],[-1.74113,40.21909],[-1.74243,40.21761],[-1.74234,40.21592],[-1.74378,40.21594],[-1.74451,40.21553],[-1.74488,40.21445],[-1.74561,40.21417],[-1.74918,40.21381],[-1.74997,40.21562],[-1.7511,40.21629],[-1.75316,40.21583],[-1.75517,40.21623],[-1.75715,40.21589],[-1.7579,40.2164],[-1.75994,40.21643],[-1.7613,40.21806],[-1.76226,40.21718],[-1.76424,40.21781],[-1.76688,40.21611],[-1.76802,40.21613],[-1.76781,40.21759],[-1.76847,40.21934],[-1.77129,40.22167],[-1.77158,40.22242],[-1.77118,40.22268],[-1.77164,40.22435],[-1.76913,40.22972],[-1.76962,40.23205],[-1.76921,40.23227],[-1.77166,40.23492],[-1.77371,40.23946],[-1.77955,40.24661],[-1.78172,40.24838],[-1.78316,40.25096],[-1.78405,40.25063],[-1.78183,40.24491],[-1.78479,40.24528],[-1.78394,40.24402],[-1.78837,40.23973],[-1.78821,40.23863],[-1.78906,40.23608],[-1.79048,40.235],[-1.78985,40.23456],[-1.7899,40.23305],[-1.79106,40.23088],[-1.79609,40.23466],[-1.79743,40.23686],[-1.80345,40.23831],[-1.80528,40.23818],[-1.80751,40.2387],[-1.81009,40.23986],[-1.81213,40.23998],[-1.81498,40.24203],[-1.81849,40.24312],[-1.82073,40.24334],[-1.82125,40.24406],[-1.82091,40.24519],[-1.82161,40.24412],[-1.82238,40.24455],[-1.82647,40.24441],[-1.82677,40.24486],[-1.83117,40.24453],[-1.83327,40.24516],[-1.83457,40.24598],[-1.83454,40.24528],[-1.83542,40.24405],[-1.83345,40.23811],[-1.83499,40.23694],[-1.83456,40.23619],[-1.83521,40.23347],[-1.83368,40.23046],[-1.83451,40.22891],[-1.83746,40.22676],[-1.83766,40.22617],[-1.83832,40.22595],[-1.8406,40.22646],[-1.84275,40.22441],[-1.84245,40.22399],[-1.84454,40.22443],[-1.84537,40.22414],[-1.8438,40.22799],[-1.84448,40.22959],[-1.84292,40.23096],[-1.84123,40.2342],[-1.84024,40.23525],[-1.83976,40.23821],[-1.84036,40.23907],[-1.84215,40.23864],[-1.84278,40.23893],[-1.84234,40.23779],[-1.84282,40.23709],[-1.8456,40.23905],[-1.84683,40.23866],[-1.85025,40.23129],[-1.85214,40.23042],[-1.8551,40.22785],[-1.85564,40.22682],[-1.857,40.22691],[-1.85733,40.2277],[-1.85595,40.23125],[-1.85982,40.23503],[-1.86082,40.23837],[-1.86344,40.24136],[-1.86338,40.24475],[-1.86231,40.24541],[-1.86295,40.24781],[-1.86323,40.2518],[-1.86198,40.25392],[-1.86389,40.25809],[-1.86287,40.25958],[-1.86421,40.2605],[-1.86685,40.26073],[-1.86781,40.26116],[-1.86985,40.26476],[-1.86902,40.26523],[-1.86886,40.26579],[-1.87073,40.26754],[-1.87114,40.26961],[-1.87405,40.27079],[-1.87564,40.27093],[-1.8778,40.2717],[-1.88112,40.27177],[-1.88581,40.26995],[-1.88719,40.27049],[-1.88747,40.26985],[-1.88931,40.26854],[-1.88999,40.26994],[-1.8897,40.27193],[-1.89218,40.27977],[-1.89143,40.28056],[-1.89146,40.28204],[-1.8938,40.28731],[-1.89187,40.29443],[-1.88876,40.29839],[-1.88734,40.30176],[-1.88522,40.30336],[-1.88223,40.30016],[-1.87663,40.29906],[-1.87645,40.29944],[-1.87715,40.30022],[-1.8763,40.30105],[-1.87426,40.3009],[-1.87298,40.302],[-1.87034,40.30191],[-1.87018,40.30264],[-1.86854,40.30347],[-1.86701,40.30329],[-1.86592,40.30376],[-1.86338,40.30339],[-1.86316,40.30373],[-1.86473,40.30597],[-1.8661,40.30667],[-1.86762,40.30843],[-1.86922,40.30949],[-1.87069,40.31001],[-1.87471,40.30997],[-1.87665,40.31099],[-1.87837,40.31137],[-1.8801,40.31087],[-1.88303,40.31197],[-1.88583,40.31198],[-1.88643,40.31298],[-1.88598,40.31375],[-1.88685,40.31676],[-1.88626,40.31833],[-1.88667,40.3203],[-1.88841,40.3212],[-1.88931,40.32339],[-1.88782,40.32351],[-1.88631,40.32544],[-1.88635,40.32606],[-1.8849,40.32716],[-1.88533,40.32884],[-1.88445,40.32949],[-1.88323,40.32974],[-1.88204,40.33093],[-1.87953,40.33196],[-1.87821,40.33384],[-1.87737,40.33617],[-1.87849,40.33704],[-1.87855,40.33764],[-1.87662,40.33864],[-1.87585,40.34087],[-1.87636,40.34124],[-1.87706,40.34072],[-1.87769,40.341],[-1.87945,40.34346],[-1.88029,40.34264],[-1.88087,40.34263],[-1.88163,40.34473],[-1.88305,40.34538],[-1.88456,40.34513],[-1.8847,40.34612],[-1.88606,40.34691],[-1.88555,40.34897],[-1.88425,40.35003],[-1.88469,40.351],[-1.88372,40.35285],[-1.88403,40.35714],[-1.88313,40.3583],[-1.88277,40.3615],[-1.88376,40.36334],[-1.88604,40.36411],[-1.88666,40.36502],[-1.88637,40.36639],[-1.88709,40.36871],[-1.88754,40.36936],[-1.89036,40.3708],[-1.89023,40.37293],[-1.89371,40.37264],[-1.89513,40.37539],[-1.89781,40.37653],[-1.89845,40.37786],[-1.90131,40.37937],[-1.90147,40.3797],[-1.89989,40.37985],[-1.89904,40.38032],[-1.90174,40.38209],[-1.90473,40.38321],[-1.90462,40.38352],[-1.9021,40.38331],[-1.90181,40.38358],[-1.90381,40.38517],[-1.90087,40.38517],[-1.89873,40.38568],[-1.90304,40.38794],[-1.90875,40.39184],[-1.91032,40.39393],[-1.91242,40.39568],[-1.92257,40.40062],[-1.92332,40.40316],[-1.92264,40.40351],[-1.92495,40.40571],[-1.92466,40.40674],[-1.92548,40.40855],[-1.92507,40.40979],[-1.92735,40.41005],[-1.92833,40.41071],[-1.93224,40.41185],[-1.93453,40.41117],[-1.93609,40.41164],[-1.9395,40.4118],[-1.94149,40.41291],[-1.94437,40.41302],[-1.94738,40.41397],[-1.95396,40.41858],[-1.95851,40.421],[-1.96031,40.42153],[-1.96289,40.42167],[-1.9679,40.42571],[-1.97228,40.42759],[-1.9787,40.43168],[-1.98219,40.43677],[-1.98786,40.43922],[-1.99744,40.44191],[-1.99851,40.44325],[-2.00013,40.44373],[-2.0006,40.44445],[-2.00309,40.44605],[-2.00385,40.44807],[-2.00565,40.44944],[-2.00649,40.45304],[-2.00768,40.45426],[-2.0076,40.45641],[-2.00864,40.4586],[-2.01047,40.45959],[-2.01163,40.46154],[-2.01332,40.46305],[-2.01398,40.46491],[-2.01512,40.46558],[-2.0133,40.46799],[-2.01322,40.47001],[-2.01179,40.47011],[-2.0095,40.47103],[-2.00841,40.47323],[-2.00703,40.47228],[-2.00716,40.47308],[-2.00552,40.47461],[-2.00528,40.47538],[-2.00359,40.47401],[-2.0045,40.47724],[-2.00423,40.48046],[-2.00521,40.48036],[-2.00661,40.48116],[-2.01029,40.48116],[-2.01086,40.48239],[-2.0122,40.48264],[-2.01266,40.48217],[-2.01459,40.48267],[-2.01721,40.48428],[-2.01836,40.48561],[-2.02011,40.48634],[-2.02325,40.48681],[-2.02397,40.48548],[-2.02426,40.48568],[-2.02463,40.48496],[-2.02515,40.48551],[-2.0253,40.48516],[-2.02571,40.48579],[-2.02746,40.48677],[-2.02945,40.48959],[-2.03102,40.48935],[-2.0322,40.49237],[-2.03399,40.49336],[-2.03545,40.49492],[-2.03563,40.49633],[-2.03641,40.49692],[-2.03697,40.4987],[-2.03904,40.49962],[-2.04143,40.50157],[-2.04148,40.50235],[-2.04215,40.50299],[-2.04325,40.50343],[-2.04312,40.50526],[-2.04559,40.50772],[-2.05056,40.51071],[-2.05272,40.51149],[-2.05504,40.51416],[-2.05535,40.51519],[-2.05476,40.51643],[-2.05637,40.51689],[-2.05917,40.51951],[-2.05794,40.52172],[-2.05945,40.52196],[-2.05572,40.5228],[-2.05481,40.52348],[-2.05434,40.52493],[-2.05179,40.52677],[-2.05175,40.52761],[-2.05303,40.5272],[-2.05777,40.52965],[-2.05865,40.53051],[-2.05995,40.53087],[-2.06135,40.53285],[-2.06249,40.53364],[-2.06402,40.53423],[-2.06647,40.53385],[-2.07182,40.53652],[-2.07251,40.53746],[-2.07257,40.5388],[-2.07412,40.54124],[-2.07349,40.54157],[-2.07319,40.54252],[-2.07297,40.54597],[-2.07448,40.54767],[-2.07675,40.55165],[-2.07945,40.55401],[-2.07962,40.5553],[-2.08029,40.55596],[-2.08144,40.55645],[-2.08285,40.55794],[-2.08497,40.55876],[-2.08709,40.56018],[-2.09369,40.56658],[-2.09913,40.56756],[-2.1011,40.56667],[-2.10172,40.56798],[-2.10457,40.56865],[-2.10406,40.56806],[-2.10456,40.56795],[-2.10518,40.56846],[-2.10529,40.5703],[-2.10432,40.57227],[-2.10045,40.57451],[-2.09697,40.57381],[-2.09199,40.57393],[-2.08305,40.57202],[-2.08186,40.57223],[-2.07892,40.57398],[-2.08401,40.57531],[-2.08739,40.57565],[-2.09181,40.5752],[-2.09589,40.57605],[-2.09818,40.57557],[-2.09889,40.5751],[-2.10245,40.57476],[-2.10448,40.574],[-2.10584,40.57485],[-2.10767,40.57405],[-2.10964,40.57515],[-2.10944,40.57585],[-2.11006,40.57727],[-2.11374,40.57901],[-2.11551,40.57941],[-2.11942,40.57927],[-2.12933,40.58115],[-2.13,40.58096],[-2.12962,40.58004],[-2.13168,40.57867],[-2.13232,40.57962],[-2.13239,40.58133],[-2.13413,40.58266],[-2.13527,40.58305],[-2.13431,40.58485],[-2.12989,40.58607],[-2.13014,40.58658],[-2.12909,40.5884],[-2.12977,40.58936],[-2.12976,40.59018],[-2.12946,40.59121],[-2.12856,40.59194],[-2.12943,40.59332],[-2.13056,40.59351],[-2.13149,40.59305],[-2.13312,40.59373],[-2.13445,40.59493],[-2.13468,40.59736],[-2.13288,40.59942],[-2.13293,40.5999],[-2.13444,40.60157],[-2.13488,40.60274],[-2.13565,40.60324],[-2.13623,40.60517],[-2.13885,40.60687],[-2.14085,40.60703],[-2.14081,40.60913],[-2.13925,40.61062],[-2.13999,40.61181],[-2.13625,40.61708],[-2.13553,40.61754],[-2.13843,40.61846],[-2.13984,40.61963],[-2.14418,40.62164],[-2.14544,40.62021],[-2.14614,40.6201],[-2.14763,40.62063],[-2.14839,40.62202],[-2.14824,40.62269],[-2.14685,40.62312],[-2.14648,40.62362],[-2.14647,40.62463],[-2.14722,40.62536],[-2.1454,40.62602],[-2.14789,40.62723],[-2.15191,40.63005],[-2.14905,40.63166],[-2.14782,40.6318],[-2.14677,40.63255],[-2.14217,40.63432],[-2.14004,40.63389],[-2.13351,40.63369],[-2.13007,40.6353],[-2.12885,40.63688],[-2.13102,40.63843],[-2.13369,40.64113],[-2.13592,40.64141],[-2.14015,40.64337],[-2.14301,40.64535],[-2.14543,40.64619],[-2.14831,40.64666],[-2.15022,40.64822],[-2.15214,40.64872],[-2.15362,40.65096],[-2.15401,40.65556],[-2.15594,40.65881],[-2.15602,40.66047],[-2.15706,40.66168],[-2.15786,40.66412],[-2.15729,40.66575],[-2.15524,40.66804],[-2.15228,40.66931],[-2.15101,40.67059],[-2.15053,40.67217],[-2.14788,40.67378],[-2.14483,40.67687],[-2.14341,40.67898],[-2.13911,40.68239],[-2.13916,40.68354],[-2.13721,40.68762],[-2.13788,40.6896],[-2.13453,40.69268],[-2.13389,40.69433],[-2.12819,40.69863],[-2.12723,40.70042],[-2.12558,40.70185],[-2.12809,40.70253],[-2.12578,40.70421],[-2.12405,40.70615],[-2.12374,40.7076],[-2.12119,40.71214],[-2.12074,40.71426],[-2.11926,40.71679],[-2.11951,40.72076],[-2.12029,40.72233],[-2.11871,40.72378],[-2.11859,40.7251],[-2.12007,40.72747],[-2.12123,40.72821],[-2.12115,40.73156],[-2.122,40.73321],[-2.12214,40.7385],[-2.12058,40.74101],[-2.12087,40.74338],[-2.12007,40.74504],[-2.11893,40.74559],[-2.11918,40.74711],[-2.1188,40.74801],[-2.11935,40.74852],[-2.1196,40.75022],[-2.11889,40.75109],[-2.11768,40.7511],[-2.11869,40.75256],[-2.11743,40.75347],[-2.11775,40.75423],[-2.11844,40.75421],[-2.11926,40.7548],[-2.12015,40.75664],[-2.11942,40.75688],[-2.1187,40.75817],[-2.1165,40.75902],[-2.11501,40.75888],[-2.11451,40.75934],[-2.11257,40.75905],[-2.11002,40.76124],[-2.10896,40.76341],[-2.10826,40.76391],[-2.10718,40.76393],[-2.10375,40.76287],[-2.10231,40.76153],[-2.10309,40.75885],[-2.10493,40.75731],[-2.1042,40.75595],[-2.10302,40.75563],[-2.0997,40.75631],[-2.0957,40.75639],[-2.09476,40.75545],[-2.09336,40.75562],[-2.0924,40.75417],[-2.09053,40.75413],[-2.08997,40.75278],[-2.08774,40.75074],[-2.08665,40.74836],[-2.08708,40.74733],[-2.0879,40.74696],[-2.08953,40.74736],[-2.09113,40.74843],[-2.09176,40.74786],[-2.08978,40.74431],[-2.08829,40.74039],[-2.08758,40.74],[-2.08633,40.74],[-2.0828,40.74157],[-2.08172,40.74131],[-2.08179,40.73866],[-2.08051,40.73551],[-2.0819,40.73266],[-2.08171,40.73122],[-2.07952,40.72851],[-2.07747,40.72805],[-2.07799,40.7271],[-2.07699,40.72574],[-2.07767,40.72525],[-2.07686,40.72441],[-2.0772,40.72366],[-2.07526,40.71885],[-2.07365,40.71802],[-2.07095,40.71777],[-2.06986,40.71674],[-2.06951,40.71486],[-2.06858,40.71351],[-2.06722,40.70965],[-2.06543,40.70923],[-2.06265,40.70977],[-2.06146,40.70962],[-2.05785,40.70496],[-2.05229,40.70396],[-2.05207,40.70278],[-2.05346,40.70172],[-2.05343,40.70087],[-2.05067,40.70061],[-2.04964,40.7001],[-2.05055,40.69734],[-2.0502,40.69679],[-2.04829,40.69667],[-2.05041,40.69319],[-2.05141,40.69279],[-2.04929,40.69046],[-2.04744,40.68923],[-2.04846,40.68732],[-2.04773,40.68227],[-2.04853,40.68106],[-2.04769,40.67893],[-2.04506,40.67675],[-2.04102,40.67534],[-2.04109,40.67679],[-2.04044,40.67721],[-2.03835,40.67637],[-2.03753,40.6738],[-2.03371,40.67064],[-2.03135,40.67007],[-2.03006,40.66902],[-2.02993,40.66602],[-2.02955,40.66516],[-2.02851,40.66467],[-2.02687,40.66438],[-2.02316,40.665],[-2.02016,40.66664],[-2.01935,40.66561],[-2.0198,40.6647],[-2.01958,40.66372],[-2.01871,40.66319],[-2.01569,40.66332],[-2.01264,40.66293],[-2.01109,40.66231],[-2.00974,40.66299],[-2.00772,40.66522],[-2.00621,40.66559],[-2.00578,40.66511],[-2.0066,40.66383],[-2.00639,40.6631],[-2.00084,40.66079],[-1.9894,40.65234],[-1.98684,40.65171],[-1.98423,40.65173],[-1.98256,40.65113],[-1.98091,40.64863],[-1.97992,40.64824],[-1.97822,40.64826],[-1.9777,40.64685],[-1.97615,40.64578],[-1.97641,40.64477],[-1.97718,40.64429],[-1.97832,40.64412],[-1.97966,40.64442],[-1.97998,40.64413],[-1.98012,40.64155],[-1.98112,40.64081],[-1.98138,40.63983],[-1.98243,40.63886],[-1.98687,40.64091],[-1.9887,40.64088],[-1.99141,40.6419],[-1.99204,40.64179],[-1.99639,40.6386],[-1.99816,40.63843],[-1.99948,40.639],[-2.0008,40.637],[-2.00083,40.63595],[-1.99693,40.63027],[-1.99705,40.62772],[-1.99926,40.62572],[-1.99916,40.6243],[-1.99718,40.62141],[-1.9925,40.61687],[-1.99238,40.61475],[-1.99144,40.61334],[-1.99059,40.60911],[-1.98807,40.60636],[-1.98589,40.60702],[-1.985,40.60623],[-1.98591,40.60545],[-1.98897,40.60564],[-1.9917,40.60483],[-1.99272,40.60279],[-1.99057,40.60075],[-1.98759,40.59916],[-1.98688,40.59915],[-1.98769,40.60038],[-1.98262,40.6008],[-1.97901,40.60081],[-1.97383,40.59961],[-1.9701,40.59558],[-1.96751,40.5937],[-1.96616,40.59336],[-1.963,40.5912],[-1.95991,40.59005],[-1.95881,40.59007],[-1.95641,40.59093],[-1.95402,40.59286],[-1.95455,40.59558],[-1.95336,40.59527],[-1.95324,40.59576],[-1.95498,40.59843],[-1.956,40.59877],[-1.95694,40.60024],[-1.95645,40.6006],[-1.95383,40.5989],[-1.95247,40.59984],[-1.94773,40.60054],[-1.9407,40.59948],[-1.93843,40.59699],[-1.93586,40.59638],[-1.93071,40.5943],[-1.92614,40.59369],[-1.92493,40.5939],[-1.92254,40.5927],[-1.92096,40.59359],[-1.91932,40.59523],[-1.91557,40.59525],[-1.91329,40.59433],[-1.90653,40.59445],[-1.90929,40.59418],[-1.90902,40.59316],[-1.90763,40.59172],[-1.90822,40.59095],[-1.9069,40.5889],[-1.90692,40.58815],[-1.90624,40.58828],[-1.90618,40.58753],[-1.90543,40.58763],[-1.90413,40.58622],[-1.90319,40.58582],[-1.90423,40.58539],[-1.90369,40.58452],[-1.90455,40.58353],[-1.90424,40.58152],[-1.90385,40.58111],[-1.90203,40.58158],[-1.90002,40.5827],[-1.89701,40.58294],[-1.89535,40.5812],[-1.89285,40.57955],[-1.89118,40.57723],[-1.89003,40.57436],[-1.88974,40.57122],[-1.889,40.56974],[-1.88809,40.56941],[-1.88844,40.56894],[-1.89088,40.56844],[-1.88984,40.5665],[-1.88861,40.56588],[-1.88664,40.56603],[-1.88606,40.56577],[-1.88426,40.56618],[-1.87762,40.56223],[-1.87613,40.56062],[-1.87577,40.55782],[-1.87529,40.55659],[-1.8742,40.5556],[-1.87353,40.55556],[-1.87346,40.55728],[-1.87215,40.5571],[-1.8718,40.55871],[-1.87028,40.56042],[-1.86951,40.56282],[-1.86812,40.56144],[-1.86709,40.55931],[-1.8659,40.5593],[-1.86462,40.55983],[-1.86388,40.5597],[-1.86353,40.55865],[-1.86238,40.55815],[-1.85655,40.5579],[-1.85479,40.55849],[-1.84854,40.55951],[-1.84809,40.55995],[-1.84799,40.56128],[-1.84574,40.56166],[-1.83842,40.56117],[-1.83782,40.56045],[-1.83638,40.5598],[-1.8354,40.56002],[-1.8328,40.56168],[-1.82814,40.56219],[-1.82501,40.56355],[-1.823,40.56395],[-1.81824,40.56654],[-1.81537,40.56502],[-1.81551,40.56443],[-1.81366,40.56192],[-1.81346,40.56018],[-1.81188,40.55705],[-1.81194,40.55621],[-1.81135,40.55597],[-1.81094,40.55362],[-1.80993,40.55205],[-1.80688,40.54975],[-1.80534,40.55001],[-1.80217,40.54891],[-1.8019,40.54851],[-1.80173,40.54388],[-1.80255,40.54172],[-1.80395,40.53998],[-1.80098,40.53713],[-1.79961,40.53333],[-1.80015,40.53209],[-1.80006,40.53073],[-1.80506,40.52751],[-1.80526,40.52692],[-1.80492,40.52624],[-1.80353,40.52538],[-1.80167,40.52635],[-1.80128,40.52621],[-1.80113,40.52459],[-1.80001,40.52419],[-1.7995,40.52175],[-1.7961,40.51985],[-1.79517,40.51905],[-1.79449,40.51685],[-1.79203,40.51558],[-1.79107,40.51252],[-1.79119,40.51058],[-1.79046,40.50899],[-1.78898,40.50752],[-1.78906,40.50603],[-1.78719,40.50403],[-1.78719,40.50295],[-1.78545,40.50223],[-1.78462,40.50139],[-1.78484,40.50038],[-1.78883,40.49952],[-1.79077,40.49854],[-1.79124,40.49726],[-1.79223,40.49668],[-1.79128,40.49533],[-1.79143,40.49487],[-1.79431,40.4951],[-1.7974,40.49595],[-1.80211,40.49532],[-1.80476,40.49592],[-1.80588,40.49494],[-1.80825,40.49079],[-1.80857,40.48728],[-1.80631,40.48512],[-1.80482,40.48271],[-1.80223,40.48034],[-1.79816,40.47504],[-1.79684,40.47389],[-1.79341,40.47149],[-1.7918,40.47091],[-1.79063,40.46981],[-1.78316,40.46653],[-1.78201,40.46212],[-1.78398,40.4607],[-1.78378,40.45872],[-1.78337,40.4573],[-1.77845,40.4507],[-1.77852,40.44878],[-1.77753,40.44671],[-1.77714,40.44332],[-1.78246,40.44113],[-1.7889,40.43777],[-1.79092,40.43724],[-1.79483,40.43724],[-1.79747,40.43636],[-1.80193,40.43662],[-1.80556,40.43817],[-1.8081,40.4387],[-1.81283,40.43733],[-1.81313,40.4351],[-1.81146,40.43219],[-1.80976,40.43046],[-1.80758,40.42984],[-1.80657,40.42856],[-1.80943,40.42604],[-1.81088,40.4259],[-1.81338,40.42443],[-1.81529,40.42404],[-1.81592,40.42354],[-1.81557,40.41718],[-1.81471,40.41402],[-1.81282,40.4105],[-1.81319,40.4068],[-1.81227,40.40485],[-1.81163,40.40381],[-1.80925,40.40227],[-1.80615,40.39894],[-1.8052,40.3984],[-1.8016,40.39876],[-1.80035,40.39828],[-1.79812,40.39824],[-1.79496,40.39725],[-1.79383,40.39751],[-1.79191,40.39706],[-1.78941,40.39755],[-1.78854,40.3973],[-1.78794,40.39603],[-1.78825,40.39548],[-1.78935,40.39547],[-1.7896,40.39479],[-1.78875,40.39352],[-1.78934,40.39301],[-1.78921,40.39172],[-1.78597,40.39072],[-1.78459,40.39167],[-1.7825,40.39121],[-1.78108,40.38974],[-1.78104,40.38753],[-1.77699,40.38489],[-1.77594,40.38252],[-1.77599,40.38068],[-1.77552,40.38022],[-1.77401,40.37983],[-1.77165,40.37822],[-1.77046,40.37646],[-1.76735,40.37588],[-1.76257,40.37332],[-1.76123,40.3714],[-1.75976,40.3675],[-1.75549,40.36437],[-1.75414,40.36008],[-1.75351,40.35935],[-1.74886,40.35715],[-1.74808,40.35524],[-1.74786,40.35111],[-1.74656,40.34886],[-1.74577,40.34845],[-1.7429,40.34497],[-1.7419,40.34464],[-1.7347,40.34471],[-1.73222,40.34227],[-1.72889,40.3399],[-1.72487,40.33914],[-1.72057,40.33743],[-1.71271,40.33027],[-1.70679,40.32361],[-1.70437,40.32223],[-1.69779,40.31949],[-1.69719,40.32142],[-1.69547,40.32246],[-1.69294,40.328],[-1.69524,40.32864],[-1.69815,40.33022],[-1.69836,40.33544],[-1.69873,40.33601],[-1.70522,40.34047],[-1.70766,40.34456],[-1.70688,40.34676],[-1.70683,40.35046],[-1.70458,40.35484],[-1.70106,40.35861],[-1.69477,40.36203],[-1.69357,40.36325],[-1.69361,40.3654],[-1.69437,40.367],[-1.69326,40.3707],[-1.69164,40.3722],[-1.69016,40.37449],[-1.68765,40.37458],[-1.68718,40.37532],[-1.68703,40.37741],[-1.68502,40.38014],[-1.68354,40.38086],[-1.68232,40.38079],[-1.68249,40.38321],[-1.68411,40.3831],[-1.68414,40.38378],[-1.68257,40.38663],[-1.67777,40.39028],[-1.67473,40.38929],[-1.67389,40.38964],[-1.67301,40.39244],[-1.67468,40.39574],[-1.67552,40.39607],[-1.67644,40.39727],[-1.67883,40.39801],[-1.67834,40.39941],[-1.67977,40.40047],[-1.68241,40.40107],[-1.68249,40.40223],[-1.68377,40.40318],[-1.68592,40.40381],[-1.69217,40.40447],[-1.69358,40.40432],[-1.69531,40.40582],[-1.69492,40.408],[-1.69302,40.41023],[-1.69215,40.41281],[-1.69258,40.4153],[-1.69337,40.41665],[-1.69269,40.41991],[-1.69167,40.42152],[-1.69197,40.42439],[-1.69243,40.4259],[-1.69384,40.42794],[-1.6983,40.43143],[-1.70399,40.43434],[-1.70205,40.43667],[-1.70151,40.43667],[-1.70141,40.43724],[-1.70265,40.43874],[-1.70398,40.43958],[-1.70609,40.44016],[-1.70654,40.44258],[-1.7073,40.44401],[-1.70715,40.44512],[-1.70848,40.44597],[-1.70845,40.44943],[-1.70608,40.44904],[-1.70395,40.45002],[-1.69775,40.44881],[-1.6953,40.44914],[-1.69215,40.45069],[-1.68769,40.45107],[-1.68671,40.45087],[-1.68496,40.45167],[-1.68328,40.45411],[-1.68213,40.45714],[-1.6817,40.4606],[-1.68214,40.46161],[-1.68128,40.46327],[-1.68146,40.46633],[-1.68102,40.46738],[-1.6797,40.46865],[-1.67956,40.47021],[-1.68259,40.47271],[-1.68186,40.47321],[-1.68228,40.47407],[-1.68094,40.47514],[-1.68054,40.47629],[-1.68073,40.47778],[-1.68218,40.47895],[-1.68213,40.48019],[-1.68112,40.47942],[-1.67842,40.47861],[-1.67445,40.47986],[-1.66985,40.47997],[-1.66689,40.47947],[-1.66517,40.47701],[-1.66282,40.47517],[-1.66423,40.47502],[-1.66283,40.47367],[-1.66099,40.47291],[-1.6573,40.47353],[-1.65593,40.47342],[-1.65456,40.47255],[-1.6516,40.47212],[-1.65089,40.471],[-1.64811,40.46866],[-1.64507,40.4678],[-1.63921,40.46541],[-1.63742,40.46415],[-1.63611,40.46242],[-1.63524,40.46212],[-1.63178,40.4622],[-1.62606,40.46162],[-1.62407,40.4611],[-1.61941,40.46106],[-1.61466,40.46173],[-1.61391,40.4625],[-1.61244,40.46249],[-1.61144,40.46191],[-1.6095,40.46169],[-1.60634,40.46226],[-1.60469,40.46205],[-1.60189,40.46064],[-1.60017,40.45838],[-1.60108,40.45737],[-1.60014,40.45632],[-1.6015,40.45594],[-1.60135,40.45421],[-1.59985,40.45234],[-1.60078,40.45108],[-1.60053,40.45079],[-1.5979,40.45239],[-1.59774,40.4532],[-1.5982,40.45384],[-1.59605,40.45691],[-1.59694,40.45965],[-1.59611,40.45975],[-1.59617,40.46],[-1.59736,40.46186],[-1.59629,40.46457],[-1.59638,40.46684],[-1.59422,40.46825],[-1.59304,40.46991],[-1.59226,40.47256],[-1.59088,40.47353],[-1.58862,40.47329],[-1.58229,40.47433],[-1.57859,40.47436],[-1.57849,40.47937],[-1.57802,40.48115],[-1.58317,40.47869],[-1.58454,40.47856],[-1.58635,40.47894],[-1.59038,40.47732],[-1.59123,40.47737],[-1.59451,40.47881],[-1.59789,40.48148],[-1.59852,40.48127],[-1.59873,40.47856],[-1.59733,40.47518],[-1.5977,40.47368],[-1.59737,40.47209],[-1.59798,40.472],[-1.60114,40.47353],[-1.60363,40.47402],[-1.60461,40.47498],[-1.60539,40.47715],[-1.60482,40.47929],[-1.60522,40.48074],[-1.60734,40.48122],[-1.61007,40.48015],[-1.61082,40.48026],[-1.61308,40.48185],[-1.61201,40.48708],[-1.61306,40.48907],[-1.61212,40.49067],[-1.61376,40.49142],[-1.61514,40.49466],[-1.61636,40.49593],[-1.61667,40.49734],[-1.61441,40.49907],[-1.61154,40.50038],[-1.60787,40.49857],[-1.60594,40.49889],[-1.60515,40.49765],[-1.60513,40.49616],[-1.60363,40.49435],[-1.59974,40.49254],[-1.59792,40.49293],[-1.59606,40.4943],[-1.59558,40.49573],[-1.59579,40.49992],[-1.59465,40.49989],[-1.5939,40.49761],[-1.5928,40.49936],[-1.58827,40.50182],[-1.5871,40.50361],[-1.58762,40.50481],[-1.58957,40.5056],[-1.58767,40.50544],[-1.58945,40.50712],[-1.58821,40.50807],[-1.58526,40.50775],[-1.58186,40.50603],[-1.579,40.50404],[-1.57804,40.50227],[-1.57721,40.50341],[-1.57647,40.5037],[-1.57211,40.50201],[-1.57018,40.50155],[-1.56626,40.50143],[-1.56199,40.49995],[-1.55739,40.49496],[-1.5534,40.48883],[-1.55121,40.48664],[-1.54728,40.48552],[-1.54616,40.48405],[-1.54404,40.48304],[-1.54263,40.48121],[-1.53849,40.47924],[-1.53677,40.47768],[-1.53616,40.47763],[-1.53478,40.4753],[-1.53492,40.47277],[-1.53356,40.47202],[-1.53292,40.47187],[-1.52933,40.47411],[-1.52577,40.47513],[-1.52305,40.47775],[-1.52049,40.47729],[-1.51689,40.47507],[-1.51583,40.47285],[-1.51393,40.46591],[-1.51379,40.46194],[-1.51247,40.45604],[-1.51383,40.4534],[-1.51441,40.45276],[-1.5144,40.4534],[-1.51478,40.45338],[-1.51546,40.45256],[-1.51459,40.45008],[-1.51409,40.4441],[-1.51236,40.44038],[-1.51103,40.43857],[-1.51093,40.43015],[-1.51167,40.42772],[-1.51224,40.42724],[-1.52066,40.42714],[-1.52137,40.4266],[-1.5213,40.42602],[-1.52031,40.42473],[-1.5202,40.42363],[-1.51731,40.42217],[-1.51615,40.42057],[-1.51244,40.41709],[-1.50976,40.41554],[-1.50905,40.41413],[-1.50747,40.41276],[-1.50322,40.41753],[-1.50007,40.41862],[-1.49857,40.41841],[-1.498,40.41905],[-1.49847,40.42371],[-1.49803,40.42466],[-1.49543,40.42555],[-1.49495,40.42612],[-1.4945,40.42862],[-1.49072,40.43326],[-1.48764,40.4325],[-1.48564,40.43123],[-1.48409,40.43001],[-1.48263,40.42773],[-1.48052,40.4265],[-1.47667,40.42785],[-1.47397,40.42426],[-1.47399,40.42355],[-1.47278,40.42271],[-1.47261,40.42187],[-1.46933,40.42088],[-1.46788,40.41997],[-1.46461,40.41623],[-1.4618,40.41414],[-1.46044,40.41366],[-1.45982,40.41236],[-1.45469,40.41175],[-1.45354,40.41355],[-1.4523,40.4141],[-1.44902,40.41347],[-1.44642,40.41169],[-1.44552,40.41185],[-1.44542,40.41249],[-1.44359,40.41084],[-1.44245,40.41036],[-1.44213,40.4108],[-1.44366,40.4124],[-1.44407,40.41459],[-1.44477,40.41501],[-1.4446,40.4156],[-1.44256,40.41664],[-1.44462,40.41681],[-1.44299,40.4173],[-1.44104,40.41706],[-1.43991,40.41047],[-1.43865,40.40933],[-1.43943,40.40796],[-1.43866,40.40946],[-1.43956,40.40813],[-1.43923,40.40778],[-1.43627,40.40874],[-1.43433,40.4099],[-1.43013,40.40786],[-1.4275,40.40462],[-1.42625,40.40157],[-1.42427,40.4],[-1.42572,40.39781],[-1.42439,40.39701],[-1.42244,40.39263],[-1.41891,40.391],[-1.41461,40.39109],[-1.40932,40.38878],[-1.40781,40.38853],[-1.40534,40.38721],[-1.40396,40.38407],[-1.40407,40.38277],[-1.40178,40.37864],[-1.39755,40.37976],[-1.3938,40.3785],[-1.39282,40.37629],[-1.39142,40.37547],[-1.38931,40.37581],[-1.38535,40.37232],[-1.38213,40.36853],[-1.37831,40.36732],[-1.37893,40.3665],[-1.38021,40.36677],[-1.38055,40.36551],[-1.38033,40.36288],[-1.37897,40.36269],[-1.37777,40.36119],[-1.37871,40.35894],[-1.37517,40.35882],[-1.37334,40.35793],[-1.37285,40.35673],[-1.3701,40.35595],[-1.36984,40.3548],[-1.36757,40.35423],[-1.36503,40.35276],[-1.36405,40.35098],[-1.35905,40.34701],[-1.36185,40.34526],[-1.36129,40.34402],[-1.36403,40.34174],[-1.36538,40.33938],[-1.36732,40.33915],[-1.36526,40.33829],[-1.36377,40.3357],[-1.36219,40.33513],[-1.36097,40.33412],[-1.36208,40.33423],[-1.35591,40.32993],[-1.35537,40.32796],[-1.356,40.32692],[-1.35516,40.32652],[-1.35116,40.3213],[-1.3506,40.31531],[-1.35131,40.31429],[-1.35357,40.31277],[-1.35361,40.31193],[-1.3545,40.31106],[-1.35377,40.30871],[-1.35389,40.30757],[-1.35328,40.30702],[-1.3544,40.30704],[-1.35453,40.30554],[-1.35524,40.30448],[-1.35517,40.30328],[-1.35369,40.3038],[-1.35258,40.3035],[-1.35302,40.30227],[-1.35267,40.30136],[-1.35302,40.30227],[-1.35264,40.30363],[-1.35412,40.30375],[-1.35506,40.30318],[-1.35531,40.30409],[-1.35453,40.30554],[-1.3544,40.30704],[-1.35328,40.30702],[-1.35384,40.30743],[-1.35377,40.30871],[-1.3545,40.31106],[-1.35361,40.31193],[-1.35357,40.31277],[-1.35131,40.31429],[-1.3506,40.31531],[-1.34972,40.31484],[-1.34931,40.31374],[-1.34934,40.31181],[-1.34861,40.31075],[-1.34684,40.30948],[-1.34335,40.30898],[-1.33879,40.30903],[-1.33634,40.30804],[-1.33249,40.30735],[-1.32503,40.30719],[-1.32312,40.30461],[-1.32001,40.30242],[-1.31627,40.29599],[-1.31269,40.293],[-1.30939,40.2932],[-1.3069,40.29639],[-1.30484,40.29708],[-1.29814,40.29566],[-1.29579,40.2959],[-1.29073,40.29826],[-1.28983,40.29834],[-1.287,40.29814],[-1.28398,40.2986],[-1.2772,40.29743],[-1.27664,40.29646],[-1.27475,40.29497],[-1.27356,40.29245],[-1.27119,40.28983],[-1.27021,40.28801],[-1.27216,40.28633],[-1.27129,40.28459],[-1.26676,40.28668],[-1.2629,40.28772],[-1.25953,40.28955],[-1.25383,40.29075],[-1.24953,40.29056],[-1.24575,40.29152],[-1.2417,40.29114],[-1.23819,40.29017],[-1.23513,40.28997],[-1.23296,40.28875],[-1.23115,40.28649],[-1.2269,40.284],[-1.22374,40.283],[-1.22199,40.28358],[-1.2216,40.28404],[-1.21496,40.28513],[-1.21255,40.28592],[-1.20592,40.28467],[-1.20436,40.28377],[-1.20238,40.28363],[-1.19865,40.28444],[-1.19473,40.28478],[-1.19271,40.28421],[-1.19084,40.28503],[-1.18847,40.28481],[-1.18841,40.28529],[-1.18607,40.28702],[-1.18434,40.28712],[-1.18294,40.28972],[-1.1796,40.29126],[-1.1785,40.29132],[-1.178,40.29291],[-1.17511,40.29492],[-1.17169,40.2962],[-1.17046,40.29599],[-1.16945,40.29502],[-1.16905,40.29362],[-1.16729,40.29286],[-1.16313,40.29144],[-1.15917,40.29139],[-1.15539,40.29069],[-1.15419,40.2897],[-1.14999,40.28904],[-1.14743,40.28752],[-1.14648,40.28616],[-1.14592,40.28686],[-1.14532,40.28682],[-1.13812,40.28367],[-1.13731,40.28403],[-1.13693,40.28512],[-1.13679,40.28618],[-1.13773,40.28844],[-1.13569,40.29265],[-1.13534,40.29458],[-1.13012,40.29969],[-1.12705,40.29791],[-1.12458,40.29754],[-1.12267,40.29805],[-1.12267,40.29858],[-1.12105,40.29822],[-1.11966,40.29898],[-1.11772,40.29906],[-1.11593,40.29823],[-1.11346,40.29584],[-1.11038,40.29538],[-1.1089,40.29577],[-1.10756,40.29552],[-1.10488,40.29576],[-1.10255,40.29807],[-1.10311,40.29836],[-1.10225,40.29954],[-1.09829,40.30005],[-1.09643,40.30083],[-1.0905,40.30001],[-1.08942,40.30074],[-1.08845,40.30086],[-1.08533,40.30295],[-1.08472,40.30434],[-1.0832,40.30574],[-1.08195,40.30523],[-1.08124,40.30554],[-1.07847,40.3053],[-1.076,40.30627],[-1.07568,40.30557],[-1.07368,40.30669],[-1.07368,40.30774],[-1.07315,40.30821],[-1.0737,40.30939],[-1.06794,40.31165],[-1.06758,40.31244],[-1.06676,40.31277],[-1.06396,40.31268],[-1.05938,40.31115],[-1.05802,40.3117],[-1.05786,40.31256],[-1.05675,40.31288],[-1.05612,40.31368],[-1.05671,40.31417],[-1.05475,40.31456],[-1.05533,40.31562],[-1.05638,40.31589],[-1.05455,40.31692],[-1.0544,40.31738],[-1.0568,40.31761],[-1.05686,40.318],[-1.05448,40.3187],[-1.04999,40.31775],[-1.04913,40.31786],[-1.04804,40.31861],[-1.04713,40.32066],[-1.04755,40.32192],[-1.04644,40.32229],[-1.04608,40.32381],[-1.04942,40.32311],[-1.05002,40.32249],[-1.05172,40.32257],[-1.05241,40.32289],[-1.05164,40.32383],[-1.05291,40.32374],[-1.053,40.32434],[-1.05456,40.32584],[-1.05204,40.326],[-1.05249,40.32755],[-1.04876,40.32872],[-1.04872,40.32908],[-1.04969,40.32951],[-1.05099,40.3297],[-1.0513,40.33035],[-1.05065,40.33085],[-1.04919,40.33099],[-1.04685,40.33052],[-1.04217,40.33114],[-1.0405,40.33338],[-1.03775,40.33394],[-1.03595,40.33551],[-1.03433,40.3356],[-1.03315,40.33654],[-1.03284,40.33762],[-1.03082,40.33739],[-1.02857,40.33805],[-1.0267,40.33786],[-1.0251,40.33861],[-1.02438,40.33848],[-1.02249,40.33958],[-1.02149,40.33904],[-1.02079,40.33763],[-1.01951,40.3376],[-1.01916,40.33725],[-1.01621,40.3408],[-1.01495,40.34099],[-1.01381,40.34371],[-1.01224,40.34452],[-1.00847,40.3446],[-1.00495,40.3452],[-1.00364,40.34505],[-0.99965,40.34676],[-0.99554,40.3475],[-0.9928,40.34889],[-0.98955,40.34919],[-0.98839,40.34988],[-0.98829,40.3507],[-0.98717,40.35128],[-0.98148,40.35207],[-0.97886,40.35373],[-0.97729,40.35403],[-0.974,40.35837],[-0.97202,40.35879],[-0.97122,40.35935],[-0.97126,40.3598],[-0.97254,40.35963],[-0.97308,40.35999],[-0.97386,40.36162],[-0.97403,40.36458],[-0.9746,40.36587],[-0.97379,40.37003],[-0.97259,40.37142],[-0.9718,40.37334],[-0.96826,40.37538],[-0.96624,40.37537],[-0.96392,40.3775],[-0.9634,40.37831],[-0.96376,40.37914],[-0.96285,40.38007],[-0.96125,40.38066],[-0.95978,40.38046],[-0.9595,40.38102],[-0.95779,40.382],[-0.95845,40.38292],[-0.95495,40.38287],[-0.95079,40.38164],[-0.94876,40.38255],[-0.94743,40.38379],[-0.94564,40.38361],[-0.94213,40.38396],[-0.94201,40.38234],[-0.94374,40.38163],[-0.93911,40.37867],[-0.93501,40.37799],[-0.93052,40.37962],[-0.92884,40.38164],[-0.92744,40.38213],[-0.92672,40.38294],[-0.92488,40.38338],[-0.92025,40.38657],[-0.91919,40.38637],[-0.9179,40.38713],[-0.91916,40.38778],[-0.91931,40.38847],[-0.9189,40.39124],[-0.91821,40.3918],[-0.91715,40.39443],[-0.91742,40.39592],[-0.91797,40.39646],[-0.91934,40.39649],[-0.92017,40.39763],[-0.9191,40.39855],[-0.91706,40.39937],[-0.91706,40.40005],[-0.91491,40.40017],[-0.91196,40.3997],[-0.90972,40.40024],[-0.90886,40.39963],[-0.90679,40.39959],[-0.89576,40.40087],[-0.89309,40.40054],[-0.88769,40.40059],[-0.88408,40.40165],[-0.88143,40.40179],[-0.88044,40.40217],[-0.87987,40.40288],[-0.8797,40.40455],[-0.87923,40.40477],[-0.87774,40.40455],[-0.8775,40.40371],[-0.87615,40.4038],[-0.87438,40.40502],[-0.87405,40.40667],[-0.87543,40.40789],[-0.87501,40.40918],[-0.8762,40.40981],[-0.87394,40.4123],[-0.87367,40.41356],[-0.87415,40.41486],[-0.87399,40.41753],[-0.8748,40.41862],[-0.87422,40.42093],[-0.87587,40.42236],[-0.87566,40.42386],[-0.87463,40.42522],[-0.8743,40.42724],[-0.87254,40.42867],[-0.86971,40.42855],[-0.86805,40.4306],[-0.86541,40.43206],[-0.86381,40.43233],[-0.86136,40.43338],[-0.8603,40.43495],[-0.85563,40.4361],[-0.85238,40.43615],[-0.85193,40.43517],[-0.85024,40.43563],[-0.84731,40.43398],[-0.84589,40.43203],[-0.84393,40.43088]]}},{"type":"Feature","properties":{"name":"TET_E-29-CAT_20260203","country":"ES","lengthKm":47.2},"geometry":{"type":"LineString","coordinates":[[0.74772,41.33835],[0.74659,41.33691],[0.74439,41.33596],[0.73915,41.33697],[0.73574,41.33856],[0.73328,41.3389],[0.7311,41.33823],[0.72894,41.33928],[0.72558,41.34016],[0.72393,41.33965],[0.72472,41.33834],[0.72406,41.33734],[0.72181,41.33768],[0.72101,41.33728],[0.71881,41.33722],[0.71883,41.3366],[0.71767,41.33573],[0.71517,41.33528],[0.71275,41.33636],[0.71007,41.33686],[0.70959,41.33743],[0.70891,41.33675],[0.7075,41.33629],[0.7012,41.33834],[0.69947,41.3377],[0.69673,41.33763],[0.69463,41.33957],[0.6922,41.33941],[0.69131,41.33887],[0.69005,41.33905],[0.68662,41.3409],[0.68541,41.34236],[0.68408,41.34261],[0.68216,41.34401],[0.67975,41.34442],[0.67869,41.3455],[0.67694,41.34561],[0.67449,41.34674],[0.67316,41.34665],[0.67105,41.34748],[0.67019,41.34834],[0.66381,41.34894],[0.66419,41.35002],[0.66405,41.35269],[0.66458,41.35466],[0.66584,41.35673],[0.66525,41.35796],[0.66344,41.35927],[0.66287,41.35844],[0.66225,41.35828],[0.65503,41.35917],[0.65229,41.35737],[0.64779,41.35649],[0.64587,41.35692],[0.64509,41.35755],[0.64422,41.35843],[0.6428,41.36135],[0.63676,41.36326],[0.63078,41.36611],[0.62647,41.367],[0.61745,41.37001],[0.60911,41.36942],[0.59983,41.3713],[0.59299,41.37325],[0.58988,41.373],[0.587,41.37377],[0.58482,41.37282],[0.58362,41.37269],[0.58007,41.37356],[0.57815,41.37452],[0.57479,41.37489],[0.57186,41.37442],[0.5681,41.37287],[0.56458,41.3726],[0.56076,41.37061],[0.55924,41.37041],[0.5574,41.37093],[0.55421,41.37007],[0.55042,41.37277],[0.55042,41.3738],[0.54975,41.37386],[0.5499,41.37431],[0.54861,41.37459],[0.54662,41.37272],[0.54484,41.37173],[0.54003,41.37091],[0.53535,41.36856],[0.52642,41.36695],[0.51387,41.3639],[0.50851,41.36568],[0.50831,41.36509],[0.50713,41.36545],[0.50681,41.36508],[0.50264,41.36653],[0.49648,41.36731],[0.49437,41.36551],[0.49102,41.36354],[0.48759,41.36246],[0.48104,41.35918],[0.47354,41.35698],[0.46421,41.35898],[0.46243,41.35972],[0.45908,41.36214],[0.45645,41.36253],[0.45261,41.36139],[0.45153,41.36238],[0.45014,41.36274],[0.44706,41.36162],[0.44409,41.36186],[0.44233,41.36054],[0.43819,41.35981],[0.43702,41.36017],[0.43646,41.35793],[0.43302,41.35523],[0.43245,41.35269],[0.42984,41.35091],[0.43033,41.34952],[0.42768,41.34821],[0.42606,41.34676],[0.42552,41.3451],[0.42601,41.34463],[0.42518,41.344],[0.42458,41.34213],[0.42428,41.34043],[0.42511,41.33797],[0.42456,41.33743],[0.4254,41.33616],[0.4249,41.3333],[0.42585,41.33093],[0.4271,41.33019],[0.4292,41.33123],[0.43005,41.33105],[0.42925,41.33105],[0.42906,41.33049],[0.42807,41.33022],[0.42657,41.32869],[0.42417,41.3282],[0.42145,41.32821],[0.42015,41.32865],[0.4182,41.33029],[0.41611,41.32978],[0.41322,41.33121],[0.41235,41.33507],[0.41141,41.33521],[0.41246,41.33589],[0.41016,41.33769],[0.40888,41.33932],[0.40728,41.34],[0.4058,41.34157],[0.40869,41.34304],[0.41003,41.34468],[0.4104,41.34605],[0.41179,41.34639],[0.41249,41.34716],[0.41166,41.34809],[0.41047,41.34864],[0.41024,41.34945],[0.40863,41.35121],[0.40726,41.35209],[0.40583,41.35458],[0.40686,41.35529],[0.40621,41.3556],[0.40621,41.35634],[0.40523,41.35715],[0.40519,41.35937],[0.40465,41.36043],[0.40535,41.36151],[0.40622,41.36193],[0.40584,41.36344],[0.40627,41.36482],[0.40764,41.36461],[0.40858,41.36511],[0.40707,41.36697],[0.40681,41.36857],[0.40632,41.36827],[0.40497,41.36867],[0.40362,41.36801],[0.39894,41.36723],[0.39649,41.3658],[0.3897,41.36479],[0.38553,41.36286],[0.38525,41.36068],[0.3839,41.35913],[0.38224,41.35805],[0.38158,41.35807],[0.38091,41.35962],[0.37645,41.36059],[0.3758,41.36107],[0.37399,41.36038],[0.37328,41.35921],[0.36823,41.35964]]}},{"type":"Feature","properties":{"name":"TET_E-30-CAT_20260203","country":"ES","lengthKm":76.4},"geometry":{"type":"LineString","coordinates":[[0.36821,41.35963],[0.36706,41.35944],[0.36714,41.35874],[0.36577,41.3568],[0.36024,41.35644],[0.35893,41.35722],[0.35439,41.35708],[0.3555,41.35774],[0.35518,41.35819],[0.35649,41.35914],[0.35565,41.35926],[0.35424,41.3587],[0.35109,41.35969],[0.35082,41.35867],[0.34936,41.35848],[0.34527,41.36043],[0.34412,41.3617],[0.34071,41.36306],[0.33879,41.36328],[0.33269,41.36269],[0.32631,41.36027],[0.3211,41.36026],[0.31816,41.36071],[0.31502,41.36191],[0.31234,41.36595],[0.30804,41.36483],[0.3073,41.36576],[0.30731,41.36676],[0.30009,41.36757],[0.30742,41.36659],[0.30013,41.36779],[0.30066,41.36994],[0.30224,41.37189],[0.30622,41.3799],[0.30326,41.38086],[0.30396,41.3802],[0.30195,41.37797],[0.30241,41.38017],[0.30076,41.38105],[0.30004,41.38328],[0.29906,41.38466],[0.29744,41.38502],[0.29754,41.38809],[0.29701,41.38934],[0.29595,41.38982],[0.29722,41.38981],[0.29752,41.39033],[0.30019,41.39113],[0.29806,41.39124],[0.29767,41.39169],[0.29752,41.39265],[0.29845,41.39398],[0.29742,41.39467],[0.29717,41.39568],[0.29743,41.40094],[0.29694,41.40287],[0.29558,41.40443],[0.29553,41.40721],[0.2934,41.41108],[0.28843,41.41089],[0.28534,41.41249],[0.27735,41.41486],[0.27636,41.41713],[0.27745,41.41876],[0.27714,41.41936],[0.27575,41.41963],[0.27561,41.42185],[0.2751,41.42273],[0.27431,41.42291],[0.27081,41.42191],[0.2682,41.42178],[0.26578,41.42073],[0.26391,41.42073],[0.2637,41.42256],[0.26076,41.4226],[0.25903,41.42333],[0.25682,41.42366],[0.25702,41.42519],[0.25638,41.4282],[0.25698,41.42941],[0.2578,41.42982],[0.25742,41.43636],[0.25634,41.43963],[0.25657,41.44344],[0.25613,41.44599],[0.25777,41.45043],[0.26108,41.45373],[0.25836,41.45316],[0.24881,41.45768],[0.25048,41.46096],[0.25222,41.46746],[0.25337,41.46838],[0.25323,41.4694],[0.24888,41.46919],[0.24023,41.47017],[0.23646,41.47094],[0.23015,41.47121],[0.22771,41.46981],[0.2262,41.46941],[0.22431,41.46985],[0.20131,41.48124],[0.19325,41.47934],[0.19183,41.4797],[0.19025,41.47819],[0.1598,41.46887],[0.15718,41.4622],[0.15531,41.46041],[0.15636,41.45946],[0.15366,41.45764],[0.15227,41.45925],[0.14754,41.45722],[0.14423,41.45648],[0.14226,41.45212],[0.13624,41.44925],[0.13455,41.44878],[0.13091,41.449],[0.1207,41.44785],[0.11674,41.44617],[0.11625,41.44187],[0.11515,41.44086],[0.11423,41.4412],[0.11361,41.4423],[0.11169,41.4424],[0.10607,41.44103],[0.10473,41.44019],[0.10339,41.43999],[0.10252,41.43769],[0.10365,41.43492],[0.10597,41.43457],[0.10455,41.43309],[0.10523,41.43222],[0.10462,41.43128],[0.10553,41.43024],[0.10568,41.42916],[0.1065,41.42883],[0.10564,41.42828],[0.10558,41.42715],[0.10468,41.42577],[0.10372,41.4258],[0.10351,41.42668],[0.10291,41.42632],[0.10274,41.4255],[0.10367,41.42396],[0.10614,41.42172],[0.10949,41.42054],[0.10954,41.4192],[0.10683,41.41802],[0.10158,41.41786],[0.1007,41.41717],[0.09721,41.42053],[0.09558,41.42429],[0.09369,41.42668],[0.09169,41.42725],[0.08384,41.42674],[0.07838,41.42759],[0.0774,41.42803],[0.07423,41.4306],[0.07347,41.43404],[0.07115,41.43792],[0.0684,41.43922],[0.06632,41.43965],[0.06112,41.44275],[0.05679,41.44742],[0.05583,41.44799],[0.05191,41.45297],[0.05039,41.45394],[0.0501,41.45516],[0.04739,41.45737],[0.04227,41.4583],[0.04117,41.4591],[0.03747,41.4601],[0.03392,41.46184],[0.02897,41.46716],[0.02554,41.46946],[0.02366,41.47026],[0.02288,41.47055],[0.02484,41.46883],[0.0224,41.46731],[0.01909,41.46873],[0.01141,41.47421],[0.0081,41.47741],[0.00543,41.47836],[0.00354,41.47863],[-0.00012,41.48063],[-0.00702,41.48235],[-0.00856,41.48328],[-0.01077,41.48385],[-0.01231,41.48519],[-0.01477,41.48875],[-0.01817,41.49057],[-0.01906,41.4906],[-0.02082,41.49189],[-0.02431,41.49325],[-0.02768,41.49401],[-0.03061,41.49528],[-0.03045,41.49644],[-0.03576,41.49768],[-0.03599,41.49888],[-0.03672,41.49947],[-0.03802,41.50004],[-0.04017,41.49962],[-0.04306,41.50033],[-0.04613,41.49975],[-0.04984,41.50322],[-0.05173,41.50357],[-0.05723,41.50624],[-0.06121,41.50762],[-0.08032,41.51103],[-0.1004,41.51651],[-0.10335,41.51812],[-0.108,41.51919],[-0.1128,41.51946],[-0.11773,41.51902],[-0.12994,41.51614],[-0.1307,41.51565],[-0.12508,41.50886],[-0.12207,41.50416],[-0.11926,41.50104],[-0.11917,41.49954],[-0.11858,41.49893],[-0.13567,41.49905],[-0.14108,41.49848],[-0.14327,41.49862],[-0.15023,41.4975],[-0.15826,41.49751],[-0.15788,41.49701]]}},{"type":"Feature","properties":{"name":"TET_E-31-ARA_20260203","country":"ES","lengthKm":78.8},"geometry":{"type":"LineString","coordinates":[[-0.15788,41.49704],[-0.15829,41.49749],[-0.15606,41.49758],[-0.15653,41.49835],[-0.16167,41.49972],[-0.16391,41.49987],[-0.16943,41.50163],[-0.17331,41.50221],[-0.17623,41.5034],[-0.18087,41.50612],[-0.18676,41.50773],[-0.18846,41.50883],[-0.19529,41.51183],[-0.19588,41.51249],[-0.19569,41.51821],[-0.19687,41.52242],[-0.19449,41.52328],[-0.19531,41.52535],[-0.1955,41.52739],[-0.19532,41.52923],[-0.19418,41.53056],[-0.20012,41.53481],[-0.20087,41.53604],[-0.20088,41.53696],[-0.20255,41.53819],[-0.20302,41.54042],[-0.20423,41.54205],[-0.2085,41.54387],[-0.20958,41.54696],[-0.21108,41.5495],[-0.21095,41.55047],[-0.2099,41.55044],[-0.20628,41.5515],[-0.20763,41.55294],[-0.20766,41.55638],[-0.2074,41.55735],[-0.2053,41.56005],[-0.20474,41.56165],[-0.20522,41.56621],[-0.20967,41.56881],[-0.20992,41.57002],[-0.21194,41.5724],[-0.21657,41.5746],[-0.22036,41.57704],[-0.22171,41.58052],[-0.22448,41.58123],[-0.2235,41.58275],[-0.22439,41.5845],[-0.22629,41.58625],[-0.22737,41.59157],[-0.2298,41.59621],[-0.23049,41.59952],[-0.23313,41.60386],[-0.23354,41.607],[-0.23677,41.61054],[-0.23953,41.6122],[-0.23774,41.61599],[-0.23763,41.61824],[-0.23842,41.61905],[-0.24061,41.61989],[-0.24195,41.61934],[-0.2426,41.61808],[-0.2431,41.61812],[-0.24783,41.62027],[-0.25432,41.62417],[-0.25582,41.626],[-0.25762,41.62725],[-0.25927,41.62782],[-0.26175,41.63099],[-0.26376,41.63261],[-0.2698,41.63646],[-0.27267,41.63597],[-0.2737,41.63619],[-0.28629,41.63549],[-0.28899,41.63482],[-0.29974,41.63459],[-0.30205,41.63408],[-0.30296,41.63352],[-0.31049,41.6331],[-0.3194,41.63422],[-0.32294,41.63425],[-0.32573,41.6338],[-0.3259,41.63265],[-0.32878,41.6304],[-0.33075,41.63146],[-0.33168,41.63156],[-0.33189,41.63102],[-0.33498,41.63105],[-0.33635,41.63015],[-0.33896,41.63009],[-0.33853,41.62791],[-0.33716,41.6275],[-0.33656,41.62795],[-0.336,41.62769],[-0.33686,41.62711],[-0.33712,41.62612],[-0.33686,41.62574],[-0.336,41.62593],[-0.33738,41.62484],[-0.3381,41.62484],[-0.3396,41.62398],[-0.33974,41.62264],[-0.34034,41.62255],[-0.34134,41.62327],[-0.34117,41.62279],[-0.34184,41.62219],[-0.34312,41.62258],[-0.34346,41.62325],[-0.34479,41.62237],[-0.3455,41.62237],[-0.34565,41.62197],[-0.34736,41.62146],[-0.34976,41.61991],[-0.35081,41.61986],[-0.35154,41.61893],[-0.35393,41.61877],[-0.357,41.61926],[-0.35768,41.61994],[-0.35847,41.61994],[-0.36006,41.61872],[-0.36415,41.61762],[-0.36788,41.61723],[-0.3686,41.61622],[-0.37167,41.61505],[-0.37475,41.61616],[-0.3787,41.61491],[-0.37996,41.61493],[-0.38148,41.61368],[-0.38388,41.61256],[-0.39093,41.60807],[-0.39384,41.61205],[-0.39846,41.6157],[-0.39992,41.61781],[-0.4024,41.61832],[-0.4078,41.62152],[-0.4108,41.62139],[-0.41432,41.63058],[-0.41453,41.63194],[-0.41343,41.6349],[-0.41521,41.6367],[-0.41762,41.63648],[-0.41791,41.63726],[-0.42127,41.63836],[-0.42308,41.63782],[-0.42577,41.64021],[-0.42759,41.64082],[-0.43248,41.64113],[-0.43413,41.64225],[-0.44359,41.64567],[-0.44425,41.6458],[-0.44542,41.64513],[-0.44685,41.64509],[-0.45935,41.65008],[-0.4695,41.65158],[-0.47267,41.65141],[-0.47588,41.65198],[-0.47642,41.65226],[-0.47563,41.65353],[-0.47604,41.65564],[-0.47226,41.65828],[-0.47432,41.6589],[-0.47776,41.65907],[-0.47958,41.66145],[-0.48264,41.66242],[-0.4854,41.66503],[-0.48717,41.66614],[-0.48923,41.66839],[-0.49022,41.66849],[-0.49204,41.66981],[-0.49476,41.67286],[-0.49623,41.67367],[-0.49751,41.67361],[-0.49843,41.67612],[-0.50027,41.67697],[-0.50199,41.67754],[-0.50389,41.67743],[-0.50597,41.67842],[-0.50853,41.67895],[-0.51219,41.67894],[-0.51413,41.67779],[-0.51967,41.67736],[-0.52175,41.67732],[-0.52484,41.67875],[-0.52964,41.67821],[-0.53072,41.67779],[-0.53606,41.68094],[-0.53886,41.68082],[-0.54371,41.68194],[-0.54947,41.68159],[-0.55473,41.67975],[-0.55679,41.67961],[-0.55801,41.67914],[-0.56005,41.68005],[-0.56332,41.68008],[-0.5661,41.6811],[-0.57229,41.68227],[-0.57518,41.68372],[-0.57775,41.68407],[-0.57979,41.68626],[-0.5825,41.68646],[-0.58325,41.68731],[-0.5867,41.68914],[-0.58755,41.69117],[-0.58863,41.69143],[-0.59052,41.69284],[-0.59234,41.69465],[-0.59368,41.69736],[-0.59546,41.69842],[-0.59458,41.70161],[-0.59563,41.70169],[-0.59562,41.7022],[-0.59611,41.70241],[-0.59975,41.70291],[-0.60826,41.70558],[-0.62316,41.70398],[-0.63827,41.70439],[-0.65373,41.70399],[-0.65858,41.7045],[-0.66178,41.70405],[-0.67067,41.70384],[-0.67373,41.70456],[-0.67854,41.70654],[-0.67898,41.70631],[-0.68224,41.7067],[-0.68585,41.705],[-0.68892,41.70444],[-0.68936,41.70419],[-0.68911,41.70397],[-0.69099,41.70356],[-0.69276,41.70427],[-0.6986,41.70389],[-0.70191,41.70358],[-0.70385,41.70271],[-0.70881,41.70337],[-0.70961,41.70315],[-0.71442,41.70348],[-0.7161,41.70435],[-0.71953,41.704],[-0.72466,41.70304],[-0.72673,41.70212],[-0.73297,41.70132],[-0.7344,41.70035],[-0.73928,41.69867],[-0.74474,41.69741],[-0.74571,41.69603],[-0.74952,41.69506],[-0.75351,41.69316],[-0.75899,41.69236],[-0.76549,41.69038],[-0.76679,41.68909],[-0.76824,41.68943],[-0.77021,41.68898],[-0.77052,41.68841],[-0.77149,41.68801],[-0.77194,41.68818],[-0.77325,41.68736],[-0.77543,41.68706],[-0.77699,41.6873],[-0.77732,41.68701],[-0.78002,41.68843],[-0.78042,41.68924],[-0.78327,41.69188],[-0.78464,41.69258],[-0.78683,41.69213],[-0.78945,41.69247],[-0.79038,41.69213],[-0.79222,41.69247],[-0.79629,41.69247],[-0.79993,41.69323],[-0.80151,41.69485],[-0.80262,41.69523],[-0.80676,41.69487],[-0.80923,41.69577],[-0.81153,41.69554],[-0.81135,41.69618],[-0.81212,41.69642],[-0.81238,41.69695],[-0.81347,41.69695]]}},{"type":"Feature","properties":{"name":"TET_E-32-ARA-20260203","country":"ES","lengthKm":59.5},"geometry":{"type":"LineString","coordinates":[[-0.81346,41.69696],[-0.81272,41.6979],[-0.81143,41.70259],[-0.81152,41.70358],[-0.81037,41.70673],[-0.80893,41.71624],[-0.80445,41.7156],[-0.80212,41.71635],[-0.79868,41.71683],[-0.7942,41.71622],[-0.79306,41.71508],[-0.79187,41.71532],[-0.79207,41.71609],[-0.79131,41.71745],[-0.78917,41.71819],[-0.79039,41.72022],[-0.79061,41.7224],[-0.78691,41.72932],[-0.78454,41.72856],[-0.78324,41.72859],[-0.77994,41.72897],[-0.7793,41.72964],[-0.7758,41.72968],[-0.77354,41.7307],[-0.77793,41.73338],[-0.77872,41.73754],[-0.77953,41.73862],[-0.77922,41.74198],[-0.78044,41.74421],[-0.78044,41.74651],[-0.7853,41.75085],[-0.7875,41.7555],[-0.78865,41.75657],[-0.78842,41.75749],[-0.78589,41.75997],[-0.78579,41.76062],[-0.78833,41.76245],[-0.78858,41.76331],[-0.78976,41.76406],[-0.78727,41.76795],[-0.78668,41.77017],[-0.78511,41.77192],[-0.78433,41.77777],[-0.78432,41.77917],[-0.78487,41.78012],[-0.78443,41.78408],[-0.78306,41.78601],[-0.78172,41.78716],[-0.78067,41.78733],[-0.77983,41.78831],[-0.78204,41.78934],[-0.78221,41.78977],[-0.77838,41.7987],[-0.77796,41.7989],[-0.77692,41.79847],[-0.77543,41.79899],[-0.77511,41.79848],[-0.77346,41.79801],[-0.77038,41.79817],[-0.76704,41.79692],[-0.76658,41.79749],[-0.76637,41.79866],[-0.76752,41.80341],[-0.76892,41.806],[-0.76812,41.80738],[-0.76606,41.80782],[-0.76488,41.80861],[-0.76708,41.80993],[-0.76892,41.81036],[-0.76762,41.81419],[-0.76762,41.81852],[-0.76811,41.81892],[-0.76738,41.82037],[-0.76704,41.82019],[-0.76944,41.82226],[-0.77209,41.82269],[-0.76679,41.82332],[-0.76632,41.82463],[-0.76412,41.82585],[-0.76416,41.82636],[-0.75943,41.82839],[-0.75863,41.82831],[-0.75975,41.83111],[-0.75935,41.83393],[-0.75604,41.83914],[-0.75613,41.84051],[-0.75479,41.84123],[-0.7495,41.84922],[-0.74836,41.85162],[-0.74756,41.85509],[-0.74461,41.86039],[-0.74326,41.86128],[-0.74191,41.86146],[-0.74032,41.86361],[-0.74009,41.86532],[-0.74195,41.86619],[-0.74389,41.86615],[-0.74359,41.8673],[-0.74913,41.86845],[-0.74761,41.87352],[-0.74653,41.87443],[-0.7448,41.87723],[-0.74095,41.88023],[-0.73904,41.88339],[-0.73795,41.88401],[-0.73505,41.88967],[-0.73591,41.89697],[-0.73812,41.90158],[-0.73953,41.90315],[-0.74219,41.91127],[-0.74514,41.91678],[-0.74402,41.91696],[-0.74612,41.91802],[-0.74488,41.92715],[-0.74175,41.93319],[-0.73441,41.9431],[-0.73227,41.94709],[-0.73172,41.9478],[-0.72988,41.94837],[-0.72994,41.94918],[-0.72896,41.94998],[-0.72665,41.95495],[-0.72478,41.95696],[-0.72282,41.95819],[-0.72116,41.95804],[-0.71752,41.95923],[-0.71558,41.95918],[-0.71223,41.96054],[-0.71182,41.96106],[-0.71194,41.96199],[-0.71145,41.96195],[-0.71234,41.96325],[-0.712,41.96411],[-0.7081,41.96458],[-0.7042,41.9674],[-0.70199,41.96797],[-0.69781,41.97041],[-0.69586,41.97276],[-0.69387,41.97356],[-0.69302,41.97352],[-0.69318,41.97429],[-0.69267,41.97542],[-0.6904,41.97702],[-0.68161,41.98065],[-0.68022,41.98059],[-0.67847,41.98152],[-0.67596,41.98167],[-0.67028,41.98293],[-0.66591,41.98249],[-0.66309,41.98244],[-0.66151,41.98298],[-0.65838,41.98262],[-0.65561,41.98419],[-0.65207,41.9835],[-0.65051,41.98278],[-0.64921,41.98294],[-0.64866,41.98347],[-0.64819,41.98644],[-0.64831,41.99044],[-0.65053,41.99211],[-0.65168,41.99479],[-0.64732,41.99568],[-0.63573,41.99567],[-0.63347,41.99604],[-0.62826,41.99605],[-0.62684,41.99595],[-0.62646,41.99471],[-0.62546,41.99491],[-0.62338,41.9946],[-0.62257,41.99355],[-0.6216,41.99326],[-0.62077,41.99351],[-0.61942,41.99493],[-0.6163,41.99569],[-0.61494,41.99506],[-0.6108,41.99469],[-0.60863,41.99389],[-0.60738,41.99396],[-0.60545,41.9944],[-0.60471,41.99507],[-0.60459,41.99784],[-0.60319,41.99978],[-0.58184,42.00338],[-0.57787,42.0027],[-0.57284,42.00466],[-0.56345,42.01045],[-0.57068,42.01897],[-0.56561,42.02477],[-0.56581,42.02513],[-0.56522,42.02543],[-0.56407,42.02758],[-0.56284,42.02828],[-0.56284,42.03053],[-0.5634,42.03127],[-0.56449,42.03171],[-0.56924,42.03135]]}},{"type":"Feature","properties":{"name":"TET_E-33-ARA_20260203","country":"ES","lengthKm":59.4},"geometry":{"type":"LineString","coordinates":[[-0.56926,42.03134],[-0.57177,42.03372],[-0.57243,42.03526],[-0.56722,42.04118],[-0.5649,42.04323],[-0.56134,42.04552],[-0.54616,42.05379],[-0.54489,42.05324],[-0.54239,42.05358],[-0.53867,42.05321],[-0.53692,42.05349],[-0.53458,42.05434],[-0.53314,42.05668],[-0.5231,42.05874],[-0.51832,42.06203],[-0.5139,42.06357],[-0.51639,42.06469],[-0.51865,42.06476],[-0.52103,42.06735],[-0.52389,42.06931],[-0.52007,42.07063],[-0.51198,42.07001],[-0.51057,42.07017],[-0.50455,42.07249],[-0.49879,42.07562],[-0.49724,42.07336],[-0.49515,42.07187],[-0.49362,42.06941],[-0.491,42.06782],[-0.48874,42.06716],[-0.48764,42.06633],[-0.48716,42.06695],[-0.48318,42.06651],[-0.48204,42.06693],[-0.48014,42.06615],[-0.47916,42.06531],[-0.47674,42.06588],[-0.47551,42.06766],[-0.47576,42.06742],[-0.47249,42.06918],[-0.47214,42.07277],[-0.46862,42.07343],[-0.4665,42.07294],[-0.46369,42.07322],[-0.46121,42.07278],[-0.45604,42.07289],[-0.45661,42.07693],[-0.45438,42.07835],[-0.45479,42.07994],[-0.45401,42.08204],[-0.45175,42.08241],[-0.44901,42.08213],[-0.44686,42.08257],[-0.44498,42.08237],[-0.44379,42.08286],[-0.44344,42.08199],[-0.44542,42.07651],[-0.44409,42.07349],[-0.4431,42.0729],[-0.44285,42.07061],[-0.44215,42.06946],[-0.4423,42.0686],[-0.44148,42.06809],[-0.43829,42.06736],[-0.43393,42.06868],[-0.43291,42.06944],[-0.43052,42.07281],[-0.42737,42.07357],[-0.42503,42.07291],[-0.4216,42.07007],[-0.41677,42.06923],[-0.41102,42.0656],[-0.40854,42.06548],[-0.40113,42.06604],[-0.4001,42.07091],[-0.39831,42.07295],[-0.39607,42.07753],[-0.39743,42.08725],[-0.39867,42.09114],[-0.3981,42.09339],[-0.39673,42.09554],[-0.39493,42.09708],[-0.39321,42.09679],[-0.38326,42.09281],[-0.38257,42.10394],[-0.36406,42.0976],[-0.36126,42.09627],[-0.36012,42.09532],[-0.35741,42.09139],[-0.35489,42.08661],[-0.35194,42.08736],[-0.34994,42.08526],[-0.34755,42.08525],[-0.34606,42.0845],[-0.34229,42.08356],[-0.34072,42.08357],[-0.33922,42.08295],[-0.33739,42.08448],[-0.33462,42.08592],[-0.32935,42.08348],[-0.32683,42.08583],[-0.32567,42.08606],[-0.3241,42.08933],[-0.32526,42.0909],[-0.32513,42.09202],[-0.32837,42.10599],[-0.33172,42.10711],[-0.33647,42.10789],[-0.33703,42.10886],[-0.33786,42.10918],[-0.33801,42.1106],[-0.3373,42.11152],[-0.33704,42.11306],[-0.33993,42.11713],[-0.33942,42.11843],[-0.34008,42.12077],[-0.33945,42.12129],[-0.33865,42.12398],[-0.3386,42.12744],[-0.33464,42.13335],[-0.33455,42.13507],[-0.33372,42.13625],[-0.33193,42.14166],[-0.3334,42.14271],[-0.33349,42.14331],[-0.33168,42.14383],[-0.33239,42.14499],[-0.33163,42.14586],[-0.33011,42.1452],[-0.32927,42.14534],[-0.32823,42.14648],[-0.32836,42.14758],[-0.32919,42.14774],[-0.3355,42.14647],[-0.34039,42.14447],[-0.34217,42.14309],[-0.34368,42.14254],[-0.34794,42.14229],[-0.35129,42.14283],[-0.36266,42.14235],[-0.36232,42.14432],[-0.36121,42.14546],[-0.35987,42.14604],[-0.35863,42.14773],[-0.35557,42.14849],[-0.35432,42.14956],[-0.35235,42.14894],[-0.35113,42.14894],[-0.35002,42.14989],[-0.34775,42.15082],[-0.34787,42.15201],[-0.34657,42.15152],[-0.34497,42.15155],[-0.34395,42.15258],[-0.345,42.15269],[-0.34738,42.15414],[-0.35,42.15462],[-0.35166,42.15561],[-0.35559,42.15632],[-0.3551,42.15803],[-0.35543,42.15914],[-0.35611,42.15963],[-0.35785,42.15984],[-0.35796,42.16093],[-0.35904,42.16195],[-0.35988,42.16417],[-0.36171,42.16543],[-0.36417,42.17014],[-0.3662,42.17291],[-0.36785,42.17431],[-0.36872,42.17817],[-0.36973,42.18009],[-0.37159,42.17933],[-0.37272,42.17809],[-0.37449,42.17763],[-0.37803,42.18047],[-0.37895,42.18186],[-0.38398,42.18558],[-0.3863,42.18841],[-0.3875,42.19208],[-0.3934,42.20085],[-0.39378,42.20235],[-0.39588,42.20524],[-0.39831,42.20649],[-0.40165,42.21847],[-0.40348,42.22138],[-0.40435,42.22199],[-0.40354,42.22486]]}},{"type":"Feature","properties":{"name":"TET_E-34-NA-N-20260325","country":"ES","lengthKm":145.9},"geometry":{"type":"LineString","coordinates":[[-0.99387,42.97413],[-0.99819,42.97428],[-1.00064,42.97328],[-1.00581,42.97721],[-1.00391,42.97502],[-1.00378,42.97432],[-1.00552,42.97271],[-1.00687,42.96888],[-1.00899,42.96738],[-1.00702,42.96616],[-1.00644,42.96471],[-1.00642,42.96208],[-1.00731,42.96119],[-1.01098,42.95969],[-1.01163,42.95804],[-1.01275,42.95703],[-1.01513,42.95625],[-1.01614,42.9563],[-1.01476,42.95603],[-1.01212,42.95366],[-1.01234,42.95165],[-1.01171,42.95062],[-1.0087,42.94909],[-1.00948,42.94659],[-1.00775,42.94591],[-1.00654,42.94289],[-1.0075,42.93919],[-1.00608,42.94059],[-1.0017,42.94291],[-0.9984,42.94297],[-0.99606,42.94163],[-0.99583,42.94389],[-0.9966,42.94511],[-0.99546,42.9443],[-0.9952,42.94275],[-0.99426,42.94191],[-0.99437,42.93949],[-0.9952,42.93764],[-0.99583,42.93751],[-0.99853,42.93848],[-0.99763,42.93609],[-0.99882,42.93651],[-0.99967,42.93401],[-1.0015,42.93307],[-1.0034,42.93139],[-1.00689,42.92731],[-1.0098,42.92278],[-1.01127,42.92185],[-1.01212,42.92072],[-1.01326,42.92057],[-1.01526,42.92158],[-1.01686,42.9219],[-1.02018,42.92045],[-1.02389,42.92002],[-1.02837,42.91852],[-1.02994,42.91681],[-1.0338,42.91699],[-1.03851,42.91584],[-1.04056,42.91599],[-1.0439,42.91724],[-1.04487,42.91728],[-1.04944,42.9163],[-1.05376,42.91371],[-1.05763,42.91374],[-1.06234,42.91507],[-1.06945,42.91504],[-1.07618,42.9144],[-1.07889,42.9122],[-1.08316,42.91119],[-1.0842,42.91062],[-1.0888,42.9063],[-1.09265,42.90438],[-1.09342,42.9017],[-1.09333,42.89953],[-1.09657,42.89455],[-1.09597,42.89281],[-1.09857,42.89011],[-1.09801,42.88964],[-1.09878,42.88846],[-1.09837,42.88779],[-1.09996,42.88635],[-1.10498,42.8865],[-1.10599,42.88603],[-1.10801,42.88614],[-1.10915,42.88665],[-1.10795,42.88655],[-1.11067,42.88801],[-1.11123,42.88758],[-1.11372,42.88768],[-1.11515,42.88734],[-1.11689,42.88799],[-1.11717,42.88766],[-1.11586,42.88665],[-1.11668,42.88605],[-1.11906,42.88554],[-1.12103,42.88466],[-1.11902,42.88623],[-1.12183,42.88464],[-1.12292,42.88457],[-1.12161,42.88547],[-1.12196,42.88567],[-1.1243,42.88434],[-1.12436,42.88475],[-1.1235,42.8853],[-1.12389,42.88569],[-1.12874,42.88567],[-1.13163,42.88653],[-1.13286,42.88771],[-1.13509,42.88848],[-1.13369,42.88708],[-1.13393,42.88638],[-1.1349,42.88648],[-1.13545,42.88719],[-1.13687,42.88756],[-1.14058,42.88545],[-1.14281,42.88693],[-1.14507,42.88717],[-1.14796,42.88953],[-1.15155,42.89099],[-1.1523,42.892],[-1.1526,42.89359],[-1.15333,42.89431],[-1.15773,42.89549],[-1.16187,42.89507],[-1.16461,42.89603],[-1.16584,42.89753],[-1.17189,42.89891],[-1.17371,42.90232],[-1.17476,42.90208],[-1.17637,42.90097],[-1.17931,42.90135],[-1.18227,42.90228],[-1.18536,42.90228],[-1.19504,42.90331],[-1.1997,42.90268],[-1.20365,42.90369],[-1.20579,42.90318],[-1.20918,42.90324],[-1.20948,42.90187],[-1.21199,42.90044],[-1.21054,42.89648],[-1.20808,42.89378],[-1.20833,42.89261],[-1.20203,42.89006],[-1.20102,42.89001],[-1.20033,42.8892],[-1.20067,42.8867],[-1.2011,42.88575],[-1.20218,42.88489],[-1.20341,42.88115],[-1.20364,42.87788],[-1.2068,42.876],[-1.20853,42.87381],[-1.2107,42.87369],[-1.21036,42.8737],[-1.20989,42.87215],[-1.20676,42.86951],[-1.20586,42.86742],[-1.20371,42.86616],[-1.2038,42.86543],[-1.20804,42.8615],[-1.20732,42.86109],[-1.20791,42.86176],[-1.2036,42.86559],[-1.208,42.86147],[-1.20674,42.86084],[-1.20031,42.86059],[-1.19825,42.8595],[-1.19899,42.85713],[-1.19997,42.85612],[-1.20264,42.85534],[-1.20661,42.85298],[-1.20477,42.85246],[-1.20187,42.85225],[-1.19962,42.85153],[-1.19611,42.84821],[-1.19126,42.84792],[-1.19015,42.84844],[-1.1896,42.84931],[-1.18866,42.84781],[-1.18641,42.84726],[-1.18755,42.84638],[-1.18747,42.84582],[-1.18658,42.84531],[-1.18365,42.8447],[-1.18204,42.84362],[-1.18193,42.8429],[-1.18014,42.84227],[-1.18042,42.83916],[-1.17541,42.8369],[-1.17549,42.83556],[-1.17685,42.83431],[-1.17847,42.83358],[-1.17574,42.83365],[-1.17609,42.83314],[-1.17695,42.83314],[-1.17611,42.83221],[-1.17571,42.83058],[-1.1764,42.82912],[-1.18016,42.82757],[-1.1803,42.8267],[-1.18181,42.82665],[-1.18235,42.82566],[-1.18366,42.82511],[-1.18599,42.82496],[-1.18707,42.82435],[-1.18811,42.82519],[-1.18901,42.82518],[-1.19016,42.82459],[-1.1923,42.8253],[-1.19225,42.82379],[-1.19311,42.82406],[-1.19491,42.82274],[-1.1957,42.8231],[-1.197,42.82069],[-1.20052,42.82022],[-1.20064,42.82094],[-1.20123,42.82129],[-1.20197,42.81982],[-1.20322,42.82049],[-1.20903,42.82149],[-1.21877,42.81923],[-1.21943,42.81877],[-1.21891,42.81858],[-1.21924,42.81839],[-1.22474,42.81775],[-1.22728,42.81788],[-1.2336,42.81654],[-1.23992,42.81491],[-1.24204,42.8137],[-1.24193,42.81289],[-1.24367,42.81157],[-1.24522,42.80772],[-1.24295,42.80244],[-1.24267,42.79853],[-1.23983,42.79341],[-1.24008,42.78624],[-1.24543,42.77969],[-1.24698,42.77526],[-1.25056,42.77242],[-1.25232,42.7684],[-1.25277,42.77222],[-1.25173,42.77352],[-1.25226,42.7747],[-1.25408,42.77549],[-1.25982,42.77646],[-1.2625,42.77728],[-1.26723,42.77995],[-1.26673,42.78306],[-1.26914,42.7846],[-1.26692,42.78468],[-1.26614,42.7854],[-1.26397,42.78592],[-1.26381,42.78648],[-1.26261,42.78697],[-1.26275,42.78746],[-1.26361,42.7877],[-1.26639,42.78755],[-1.26495,42.78885],[-1.26597,42.78956],[-1.26572,42.79028],[-1.26615,42.79099],[-1.26761,42.79087],[-1.26795,42.79122],[-1.2679,42.79268],[-1.26615,42.79341],[-1.26769,42.79461],[-1.26731,42.79546],[-1.26597,42.79569],[-1.26637,42.79637],[-1.2677,42.79698],[-1.26771,42.79771],[-1.267,42.79835],[-1.26753,42.79921],[-1.26718,42.80024],[-1.26922,42.79804],[-1.2703,42.79794],[-1.26941,42.79832],[-1.26926,42.80059],[-1.27288,42.80221],[-1.27152,42.80262],[-1.27031,42.80238],[-1.26991,42.80336],[-1.27084,42.8027],[-1.27145,42.80325],[-1.27221,42.80312],[-1.27279,42.80358],[-1.27388,42.80313],[-1.27518,42.80367],[-1.27541,42.80225],[-1.27603,42.8019],[-1.27753,42.80336],[-1.27945,42.80373],[-1.28043,42.80223],[-1.2813,42.80187],[-1.28049,42.80406],[-1.28159,42.80528],[-1.28184,42.80805],[-1.28165,42.80869],[-1.28025,42.80944],[-1.28113,42.81144],[-1.28063,42.81238],[-1.28347,42.81731],[-1.28511,42.81717],[-1.28711,42.81768],[-1.28781,42.81598],[-1.29383,42.81487],[-1.29418,42.81328],[-1.29475,42.81276],[-1.29986,42.81177],[-1.30303,42.81018],[-1.30522,42.80725],[-1.30748,42.80675],[-1.30847,42.80713],[-1.3091,42.80695],[-1.31052,42.80479],[-1.31443,42.80168],[-1.32065,42.80082],[-1.32623,42.80181],[-1.33029,42.80174],[-1.3397,42.79954],[-1.3416,42.80058],[-1.3401,42.79842],[-1.33824,42.79892],[-1.33599,42.79702],[-1.33829,42.79784],[-1.33967,42.7966],[-1.34238,42.79539],[-1.3429,42.79754],[-1.34414,42.79826],[-1.3465,42.79881],[-1.34474,42.7972],[-1.34429,42.79566],[-1.34517,42.7943],[-1.34546,42.79256],[-1.34648,42.79204],[-1.34712,42.79096],[-1.34706,42.78986],[-1.34942,42.78784],[-1.35105,42.78821],[-1.35214,42.78774],[-1.35339,42.78782],[-1.35456,42.78866],[-1.35604,42.78795],[-1.3574,42.78883],[-1.35844,42.78832],[-1.35903,42.78893],[-1.35922,42.79046],[-1.36143,42.78862],[-1.36358,42.78857],[-1.36436,42.78802],[-1.36781,42.78156],[-1.3694,42.78064],[-1.37053,42.77914],[-1.36848,42.7773],[-1.36727,42.77522],[-1.36793,42.77117],[-1.37536,42.76066],[-1.37589,42.76029],[-1.38277,42.75941],[-1.38471,42.75689],[-1.38633,42.75694],[-1.38753,42.75623],[-1.38555,42.75583],[-1.37883,42.75591],[-1.37699,42.75453],[-1.37725,42.75408],[-1.37689,42.75444],[-1.36388,42.7486],[-1.36158,42.74984],[-1.35705,42.7484],[-1.35476,42.74459],[-1.35603,42.73974],[-1.3552,42.73786],[-1.34827,42.73423],[-1.34106,42.73355],[-1.33965,42.73247],[-1.33874,42.73074],[-1.33684,42.72905],[-1.32942,42.72837],[-1.32768,42.72869],[-1.32523,42.72991],[-1.32339,42.72951],[-1.32245,42.72705],[-1.32223,42.72187],[-1.32341,42.7171],[-1.32636,42.71549],[-1.33076,42.71485],[-1.3335,42.71505],[-1.33398,42.71547],[-1.33354,42.71693],[-1.33426,42.71702],[-1.34439,42.71492],[-1.34621,42.71546],[-1.35261,42.7161],[-1.35465,42.71701],[-1.35949,42.7174],[-1.36098,42.71853],[-1.36371,42.71829],[-1.36478,42.71863],[-1.3675,42.72069],[-1.37218,42.71856],[-1.37127,42.72157],[-1.37426,42.72466],[-1.37532,42.72525],[-1.37875,42.72605],[-1.38014,42.72825],[-1.38755,42.73244],[-1.39142,42.73739],[-1.39486,42.73901],[-1.40648,42.74174],[-1.40699,42.74249],[-1.41237,42.74415],[-1.41432,42.74515],[-1.4181,42.74551],[-1.42328,42.74895],[-1.4291,42.74785],[-1.432,42.74622],[-1.43363,42.74753],[-1.43727,42.74891],[-1.44168,42.74785],[-1.44606,42.74735],[-1.4456,42.74584],[-1.44732,42.74479],[-1.4471,42.74027],[-1.4481,42.739],[-1.44892,42.73904],[-1.44922,42.73659],[-1.4512,42.73651],[-1.45384,42.7336],[-1.45944,42.73144],[-1.46583,42.72496],[-1.47042,42.7222],[-1.47144,42.71964],[-1.47437,42.7151],[-1.47535,42.71458],[-1.47729,42.71151],[-1.479,42.70975],[-1.48025,42.70954],[-1.48027,42.70745],[-1.48283,42.70505],[-1.48465,42.70409],[-1.48445,42.70193],[-1.48851,42.69622],[-1.48669,42.69518],[-1.48683,42.69368],[-1.48607,42.6929],[-1.48682,42.69148],[-1.48627,42.69088],[-1.4863,42.68863],[-1.49216,42.68913],[-1.49341,42.68793],[-1.50027,42.68361],[-1.50219,42.6837],[-1.50308,42.68338],[-1.50356,42.67938],[-1.5079,42.68041],[-1.50977,42.6798],[-1.51032,42.67911],[-1.51071,42.67648],[-1.51167,42.67607],[-1.51549,42.67563],[-1.51571,42.67637],[-1.51515,42.67743],[-1.51546,42.67905],[-1.51906,42.6787],[-1.51991,42.67811],[-1.5193,42.67625],[-1.52195,42.67474],[-1.5229,42.67375],[-1.52273,42.67268],[-1.52405,42.6718],[-1.52285,42.66943],[-1.52002,42.66848],[-1.5173,42.66825],[-1.51291,42.66562],[-1.50917,42.66455],[-1.5039,42.66197],[-1.50081,42.65951],[-1.49672,42.65773],[-1.49507,42.65635],[-1.49522,42.6555],[-1.49455,42.65481],[-1.4974,42.65518],[-1.49956,42.65299],[-1.50113,42.65225],[-1.50181,42.65069],[-1.50615,42.64671],[-1.50697,42.64662],[-1.50927,42.6473],[-1.51121,42.64839],[-1.51442,42.64852],[-1.51633,42.64721],[-1.51635,42.64607],[-1.51751,42.64532],[-1.51823,42.64365],[-1.51994,42.64365],[-1.51998,42.64314],[-1.52067,42.64306],[-1.52186,42.64376],[-1.52297,42.64388],[-1.52092,42.6428],[-1.51914,42.64276],[-1.51842,42.64174],[-1.5166,42.64099],[-1.51614,42.63979],[-1.51399,42.63811],[-1.51315,42.63659],[-1.51022,42.6357],[-1.5079,42.63446],[-1.5054,42.63393],[-1.49791,42.62914],[-1.49722,42.62789],[-1.49781,42.62635],[-1.50051,42.62284],[-1.50149,42.61431],[-1.50237,42.61218],[-1.50345,42.61125],[-1.5035,42.6096],[-1.50435,42.60886],[-1.50503,42.60711],[-1.50439,42.60406],[-1.5046,42.60287],[-1.50579,42.60134],[-1.50448,42.59907],[-1.50689,42.59686],[-1.50847,42.59619],[-1.50834,42.59542],[-1.50722,42.59452],[-1.51045,42.59033],[-1.51242,42.58965],[-1.51277,42.58867],[-1.51382,42.58813],[-1.51476,42.58627],[-1.51708,42.585],[-1.51619,42.58318],[-1.51698,42.58099],[-1.51692,42.57899],[-1.51869,42.57806],[-1.52007,42.57782],[-1.52096,42.57681],[-1.52325,42.57574],[-1.52374,42.57489],[-1.52684,42.5743],[-1.52858,42.57179],[-1.52845,42.5705],[-1.52874,42.57112],[-1.53156,42.57052],[-1.53233,42.56976],[-1.53193,42.56842],[-1.53561,42.56507],[-1.53661,42.56385],[-1.53682,42.56286],[-1.5385,42.56162],[-1.5398,42.56115],[-1.54097,42.56121],[-1.54246,42.55997],[-1.54786,42.56052],[-1.54804,42.55817],[-1.55131,42.5557],[-1.55488,42.55595],[-1.55621,42.55637],[-1.56505,42.55499],[-1.56727,42.55377],[-1.56864,42.55434],[-1.57199,42.5522],[-1.57703,42.55104],[-1.57787,42.54986],[-1.58223,42.5493],[-1.58354,42.54851]]}}]}