{"type":"FeatureCollection","features":[{"type":"Feature","properties":{"name":"TET_FIN-01_20260802","country":"FI","lengthKm":2400.8},"geometry":{"type":"LineString","coordinates":[[24.92204,60.1586],[24.92108,60.16445],[24.91319,60.16454],[24.90885,60.16654],[24.9019,60.16687],[24.88441,60.16524],[24.86884,60.16272],[24.86182,60.16265],[24.83337,60.16817],[24.82635,60.16907],[24.80813,60.16975],[24.77965,60.16855],[24.74433,60.16518],[24.70584,60.16055],[24.67416,60.15445],[24.65814,60.15358],[24.62397,60.15891],[24.61158,60.15756],[24.58759,60.14923],[24.56911,60.14599],[24.55365,60.14145],[24.53583,60.13838],[24.53488,60.13908],[24.53539,60.14163],[24.53197,60.14079],[24.52993,60.13829],[24.52746,60.13711],[24.52201,60.13631],[24.50723,60.13635],[24.48388,60.13047],[24.47313,60.12693],[24.46795,60.126],[24.46443,60.1268],[24.46023,60.12635],[24.45695,60.12464],[24.45018,60.124],[24.44156,60.12381],[24.44137,60.12638],[24.43878,60.12676],[24.43199,60.12541],[24.42817,60.12532],[24.42421,60.12371],[24.41229,60.12263],[24.40728,60.12422],[24.40486,60.12389],[24.39833,60.12392],[24.38657,60.12212],[24.37695,60.12131],[24.3706,60.11899],[24.36727,60.11923],[24.36463,60.11832],[24.3589,60.11764],[24.35513,60.11614],[24.3528,60.11632],[24.34909,60.11444],[24.3457,60.11436],[24.3423,60.11252],[24.33803,60.11287],[24.33312,60.1125],[24.32985,60.11287],[24.32407,60.11441],[24.30602,60.11526],[24.30373,60.11513],[24.30116,60.11419],[24.30049,60.11745],[24.2901,60.11957],[24.28799,60.12332],[24.28064,60.1262],[24.28053,60.12988],[24.27823,60.1312],[24.27593,60.13161],[24.27578,60.13469],[24.26949,60.1398],[24.26376,60.14103],[24.26093,60.14328],[24.26152,60.14439],[24.26633,60.14605],[24.26883,60.14611],[24.27486,60.14895],[24.27669,60.15232],[24.2801,60.15462],[24.28367,60.15541],[24.29241,60.16186],[24.29143,60.16319],[24.28895,60.16468],[24.28742,60.16822],[24.28439,60.17002],[24.2835,60.17217],[24.28384,60.17302],[24.28143,60.17385],[24.27721,60.17964],[24.27511,60.18095],[24.27439,60.18662],[24.27145,60.18753],[24.27019,60.1903],[24.26609,60.19032],[24.26236,60.19186],[24.25924,60.19483],[24.25281,60.19468],[24.25135,60.197],[24.25425,60.19814],[24.25447,60.19924],[24.25703,60.20166],[24.2605,60.20345],[24.26232,60.20636],[24.26876,60.21067],[24.26907,60.21199],[24.27384,60.21321],[24.28207,60.21251],[24.28452,60.21102],[24.28766,60.2116],[24.28951,60.2142],[24.2903,60.21756],[24.29447,60.21905],[24.30074,60.21921],[24.30526,60.22141],[24.30223,60.22402],[24.3017,60.22619],[24.30503,60.22914],[24.30452,60.23009],[24.30487,60.23884],[24.30294,60.24251],[24.30334,60.24386],[24.30282,60.24559],[24.29827,60.24832],[24.28741,60.24996],[24.2852,60.2478],[24.28044,60.24565],[24.27998,60.24464],[24.27657,60.24259],[24.27566,60.24091],[24.27379,60.23942],[24.25902,60.23491],[24.25374,60.23412],[24.25235,60.23661],[24.253,60.23962],[24.25486,60.24204],[24.25494,60.24373],[24.25137,60.24399],[24.2481,60.24647],[24.24918,60.24748],[24.25036,60.25494],[24.24893,60.25639],[24.24975,60.25787],[24.24919,60.26262],[24.25153,60.26332],[24.25171,60.2649],[24.2532,60.2661],[24.25435,60.26866],[24.25361,60.27153],[24.25212,60.27257],[24.24904,60.27365],[24.24698,60.27516],[24.24662,60.2765],[24.24491,60.27736],[24.24346,60.27983],[24.24162,60.27929],[24.23555,60.28003],[24.2289,60.27805],[24.22539,60.2779],[24.22215,60.2772],[24.21087,60.27899],[24.20955,60.27972],[24.20352,60.27869],[24.20063,60.27783],[24.19296,60.28022],[24.17603,60.28246],[24.17432,60.2831],[24.17205,60.28458],[24.17254,60.28587],[24.18176,60.28843],[24.18121,60.28886],[24.17556,60.28918],[24.16459,60.28805],[24.15835,60.28676],[24.15557,60.28689],[24.13828,60.28298],[24.13992,60.28573],[24.13783,60.28879],[24.14242,60.29404],[24.14079,60.29497],[24.14082,60.29581],[24.13468,60.29708],[24.13388,60.29836],[24.13156,60.29899],[24.13131,60.29957],[24.12606,60.30105],[24.12626,60.30214],[24.12452,60.30174],[24.1237,60.30091],[24.11708,60.29901],[24.11533,60.29659],[24.11043,60.29482],[24.10653,60.29217],[24.10395,60.28995],[24.10306,60.28794],[24.10075,60.28873],[24.09324,60.29265],[24.09395,60.29494],[24.09217,60.30053],[24.09578,60.30239],[24.09486,60.30449],[24.09271,60.30628],[24.08328,60.31143],[24.07728,60.31667],[24.07602,60.31957],[24.07665,60.32359],[24.06959,60.33053],[24.06736,60.33204],[24.06685,60.33333],[24.06746,60.33509],[24.06492,60.33714],[24.0653,60.33816],[24.0679,60.34041],[24.06543,60.34164],[24.0563,60.34164],[24.04849,60.34032],[24.04613,60.34167],[24.0387,60.34407],[24.03757,60.34514],[24.02588,60.34227],[24.02409,60.3411],[24.0224,60.33761],[24.02362,60.33595],[24.02158,60.333],[24.01944,60.33186],[24.01792,60.32987],[24.01195,60.32798],[24.01026,60.32413],[24.00418,60.32247],[24.00305,60.32133],[23.98169,60.31495],[23.98141,60.31395],[23.97952,60.31275],[23.97987,60.31042],[23.98579,60.30983],[23.98625,60.30881],[23.97982,60.30707],[23.9691,60.30315],[23.96238,60.30208],[23.95801,60.29984],[23.95012,60.29788],[23.94457,60.2992],[23.93934,60.2981],[23.94047,60.29649],[23.92866,60.30055],[23.92058,60.29708],[23.91776,60.29701],[23.91583,60.29765],[23.91404,60.29736],[23.91118,60.29843],[23.90227,60.29826],[23.89644,60.29625],[23.88919,60.29542],[23.88572,60.29369],[23.87952,60.29422],[23.87176,60.29315],[23.87051,60.29346],[23.86963,60.29434],[23.87003,60.29622],[23.86905,60.29733],[23.86289,60.29798],[23.86005,60.30079],[23.85351,60.30147],[23.84692,60.304],[23.84349,60.30722],[23.83905,60.30953],[23.83868,60.31207],[23.83664,60.31411],[23.83251,60.31687],[23.83045,60.3168],[23.8285,60.31763],[23.82315,60.31852],[23.81879,60.32163],[23.81679,60.3241],[23.8252,60.33095],[23.82815,60.33874],[23.83017,60.34019],[23.83004,60.34318],[23.82746,60.34437],[23.82998,60.34709],[23.82998,60.34795],[23.8246,60.35202],[23.82206,60.35268],[23.82048,60.35412],[23.81555,60.3536],[23.81391,60.3548],[23.81209,60.35474],[23.81102,60.3552],[23.80926,60.35507],[23.80876,60.3547],[23.80731,60.35478],[23.80247,60.35728],[23.80263,60.35973],[23.80457,60.36362],[23.80898,60.36653],[23.8103,60.36663],[23.81388,60.37156],[23.81633,60.37148],[23.81992,60.37482],[23.81879,60.37582],[23.81872,60.3773],[23.82048,60.37741],[23.82036,60.38035],[23.81791,60.38493],[23.81438,60.38544],[23.81237,60.38614],[23.81174,60.38681],[23.81199,60.38975],[23.80942,60.3907],[23.80357,60.39124],[23.79539,60.39015],[23.79516,60.39101],[23.79573,60.39163],[23.79676,60.3918],[23.80036,60.39666],[23.7973,60.39647],[23.79382,60.3954],[23.78791,60.39524],[23.78456,60.39661],[23.78278,60.39681],[23.77892,60.39614],[23.77666,60.3972],[23.7736,60.39676],[23.7708,60.39545],[23.77113,60.39648],[23.7705,60.3978],[23.77295,60.40029],[23.77095,60.401],[23.76701,60.40059],[23.76629,60.40124],[23.76792,60.40325],[23.77199,60.40503],[23.7727,60.40611],[23.77186,60.40776],[23.76893,60.40787],[23.76352,60.40643],[23.76155,60.40679],[23.75293,60.40245],[23.74828,60.40455],[23.74564,60.40498],[23.74495,60.40539],[23.74627,60.40983],[23.74862,60.41164],[23.74866,60.41322],[23.747,60.41541],[23.74492,60.41606],[23.74147,60.41843],[23.73574,60.41994],[23.73185,60.42455],[23.73002,60.42522],[23.7251,60.42571],[23.72206,60.42481],[23.71724,60.42566],[23.71405,60.42803],[23.7104,60.42874],[23.70943,60.42871],[23.70877,60.42803],[23.70345,60.42828],[23.70062,60.42925],[23.70025,60.43021],[23.69418,60.4323],[23.69522,60.44072],[23.6922,60.44157],[23.69434,60.44347],[23.69376,60.44871],[23.68559,60.4505],[23.68012,60.45253],[23.6772,60.45311],[23.67058,60.45279],[23.66879,60.45556],[23.66788,60.45601],[23.66917,60.45885],[23.6719,60.46119],[23.66988,60.46475],[23.67548,60.46578],[23.67555,60.46726],[23.67781,60.46883],[23.68608,60.46773],[23.6912,60.46583],[23.69388,60.46686],[23.69778,60.46596],[23.70151,60.46636],[23.71098,60.47295],[23.71708,60.47335],[23.72022,60.47584],[23.72319,60.47533],[23.72555,60.47579],[23.73473,60.47382],[23.73891,60.47344],[23.74319,60.47497],[23.74797,60.47415],[23.75388,60.47473],[23.75426,60.47835],[23.75596,60.47986],[23.75354,60.4803],[23.75253,60.48088],[23.75008,60.48578],[23.74624,60.48575],[23.74417,60.48664],[23.7309,60.48564],[23.73078,60.48611],[23.73515,60.4889],[23.7353,60.4897],[23.73442,60.49052],[23.72848,60.49312],[23.72257,60.49385],[23.72853,60.49583],[23.72615,60.49591],[23.72082,60.49767],[23.71853,60.49798],[23.7181,60.49995],[23.7193,60.50172],[23.71911,60.50327],[23.72064,60.5058],[23.72473,60.50839],[23.7254,60.51034],[23.72115,60.51205],[23.71761,60.51227],[23.71448,60.51322],[23.71437,60.51384],[23.7169,60.51586],[23.71598,60.51698],[23.7157,60.52024],[23.72055,60.5235],[23.72048,60.52455],[23.72187,60.52628],[23.7213,60.52744],[23.71872,60.52864],[23.72879,60.53192],[23.72972,60.53404],[23.73388,60.53462],[23.74251,60.53865],[23.74787,60.54002],[23.74955,60.54286],[23.7517,60.54314],[23.75126,60.54488],[23.75612,60.55007],[23.75962,60.55202],[23.75975,60.55322],[23.76261,60.55658],[23.76735,60.55663],[23.77431,60.55565],[23.77393,60.55741],[23.77694,60.55975],[23.77702,60.56127],[23.77835,60.5625],[23.77475,60.5692],[23.77367,60.5735],[23.77875,60.58088],[23.78082,60.58151],[23.78678,60.58229],[23.79165,60.58221],[23.79349,60.58179],[23.79396,60.58212],[23.79828,60.58073],[23.80334,60.58128],[23.82107,60.57865],[23.82201,60.57769],[23.83051,60.5766],[23.83312,60.57685],[23.83557,60.57573],[23.84621,60.57261],[23.85008,60.57012],[23.85574,60.56793],[23.86505,60.567],[23.86776,60.56622],[23.87467,60.56618],[23.87711,60.56654],[23.88338,60.56991],[23.88608,60.57015],[23.88778,60.57113],[23.88983,60.57123],[23.88848,60.57487],[23.8861,60.5772],[23.8823,60.57911],[23.88153,60.58039],[23.88604,60.5849],[23.88934,60.58704],[23.89342,60.58808],[23.89273,60.58895],[23.8881,60.59017],[23.88479,60.59283],[23.88054,60.59418],[23.8806,60.59786],[23.88463,60.59949],[23.88664,60.59907],[23.89835,60.59946],[23.901,60.60035],[23.91297,60.60066],[23.9185,60.59869],[23.9192,60.59765],[23.92071,60.5971],[23.924,60.59669],[23.92618,60.59589],[23.9307,60.59537],[23.93231,60.59591],[23.93807,60.60125],[23.943,60.61463],[23.93803,60.61674],[23.92933,60.62212],[23.93008,60.62621],[23.93741,60.62942],[23.94018,60.62901],[23.9396,60.63097],[23.92806,60.63766],[23.92826,60.63986],[23.93054,60.64186],[23.93934,60.64616],[23.94224,60.64609],[23.95859,60.64931],[23.96771,60.65529],[23.99371,60.65013],[24.02911,60.65407],[24.0324,60.65668],[24.042,60.67526],[24.0277,60.68097],[24.02033,60.68216],[24.03099,60.68928],[24.03231,60.69081],[24.05426,60.69272],[24.0588,60.69423],[24.06138,60.69434],[24.06454,60.69612],[24.07217,60.6986],[24.07576,60.70148],[24.07652,60.7028],[24.08068,60.70461],[24.07986,60.7069],[24.08326,60.7128],[24.08339,60.71655],[24.08257,60.71857],[24.08389,60.72202],[24.08371,60.72563],[24.08661,60.72843],[24.09354,60.73248],[24.08881,60.73261],[24.08427,60.73188],[24.082,60.73248],[24.07866,60.73239],[24.07526,60.73027],[24.07078,60.72978],[24.06819,60.72857],[24.06063,60.72835],[24.04972,60.72725],[24.04726,60.72811],[24.04638,60.73048],[24.04436,60.73132],[24.04146,60.73175],[24.03799,60.73293],[24.03599,60.73309],[24.02452,60.73745],[24.01321,60.73716],[24.01427,60.73929],[24.0126,60.73971],[24.01022,60.73954],[24.00906,60.74024],[24.00534,60.74041],[23.99962,60.74158],[23.99906,60.74252],[23.99447,60.74468],[23.98699,60.74675],[23.98578,60.74611],[23.97875,60.74516],[23.97475,60.74687],[23.96888,60.74627],[23.96724,60.7466],[23.964,60.74837],[23.95976,60.74894],[23.95611,60.7467],[23.95171,60.74514],[23.94951,60.74497],[23.94266,60.74597],[23.94027,60.74791],[23.93775,60.7488],[23.93706,60.74993],[23.93775,60.75133],[23.93586,60.75274],[23.94882,60.75292],[23.97359,60.75559],[23.97601,60.75556],[23.97626,60.75668],[23.97778,60.75806],[23.97632,60.75966],[23.9733,60.76088],[23.97203,60.76198],[23.97595,60.76403],[23.97334,60.76852],[23.97456,60.76931],[23.97427,60.76983],[23.97099,60.77207],[23.96792,60.77306],[23.96619,60.77306],[23.96409,60.77234],[23.96262,60.77247],[23.9606,60.77348],[23.95833,60.77349],[23.95388,60.7752],[23.95136,60.77838],[23.94608,60.78066],[23.94177,60.78152],[23.94547,60.78287],[23.94925,60.78499],[23.9522,60.78467],[23.95762,60.78591],[23.9598,60.78751],[23.96427,60.78888],[23.96816,60.79077],[23.96835,60.79208],[23.96995,60.79297],[23.97028,60.79371],[23.9711,60.79571],[23.97074,60.79654],[23.97291,60.79712],[23.97135,60.79924],[23.97005,60.80003],[23.96976,60.80319],[23.9703,60.80399],[23.97241,60.80471],[23.97323,60.80577],[23.97184,60.80834],[23.96692,60.81003],[23.96402,60.81213],[23.95942,60.81332],[23.95727,60.81459],[23.95652,60.81728],[23.95147,60.82089],[23.93175,60.82689],[23.97505,60.82529],[23.99391,60.82663],[23.99618,60.82787],[23.99687,60.82911],[23.99857,60.83008],[23.99845,60.83124],[24.00154,60.83489],[23.94649,60.85611],[23.94189,60.85832],[23.93154,60.8615],[23.92909,60.86368],[23.9331,60.86717],[23.933,60.86834],[23.93728,60.87109],[23.93941,60.87136],[23.9451,60.87042],[23.95204,60.86853],[23.95645,60.86783],[23.95797,60.86972],[23.96503,60.87228],[23.97051,60.87686],[23.97562,60.87904],[23.97632,60.88066],[23.97587,60.88152],[23.97934,60.88179],[23.98603,60.88039],[23.98962,60.87893],[23.99517,60.87856],[23.99731,60.87907],[23.99958,60.87893],[24.01093,60.88624],[24.01358,60.88742],[24.01558,60.8892],[24.02073,60.89102],[24.02462,60.89155],[24.02779,60.89153],[24.03477,60.89811],[24.03477,60.89973],[24.03603,60.90081],[24.03607,60.90203],[24.03435,60.90492],[24.03767,60.9083],[24.04414,60.90805],[24.04742,60.90728],[24.05104,60.90569],[24.05087,60.90343],[24.05264,60.90262],[24.05572,60.89982],[24.06298,60.90392],[24.06445,60.90821],[24.07134,60.91139],[24.07483,60.9117],[24.08198,60.91726],[24.08194,60.92158],[24.08522,60.92353],[24.08261,60.92736],[24.085,60.92952],[24.08475,60.93158],[24.08572,60.93216],[24.08967,60.93281],[24.09215,60.93419],[24.09257,60.93609],[24.09778,60.93679],[24.10068,60.93667],[24.10632,60.93563],[24.12166,60.92695],[24.12313,60.92508],[24.12843,60.92438],[24.13242,60.92429],[24.13461,60.92569],[24.13978,60.92704],[24.1447,60.92736],[24.15553,60.92913],[24.15774,60.93048],[24.15696,60.9326],[24.1629,60.93307],[24.15928,60.93372],[24.15638,60.93639],[24.15743,60.93779],[24.15983,60.93839],[24.16071,60.94004],[24.15962,60.94069],[24.15722,60.94117],[24.15323,60.94313],[24.15075,60.94344],[24.1489,60.94275],[24.14789,60.94291],[24.1465,60.9443],[24.14407,60.94527],[24.14074,60.94595],[24.13654,60.94444],[24.13406,60.94457],[24.13377,60.94531],[24.1171,60.94869],[24.12253,60.95361],[24.13549,60.95881],[24.15009,60.96338],[24.17937,60.98116],[24.1816,60.98118],[24.19486,60.98306],[24.20811,60.99236],[24.21765,60.99618],[24.23807,60.99594],[24.25295,60.99707],[24.25925,60.99626],[24.25817,60.99123],[24.26494,60.98738],[24.26219,60.98263],[24.26742,60.97902],[24.27266,60.98181],[24.27951,60.9816],[24.28521,60.98082],[24.28982,60.98284],[24.30794,60.98311],[24.32015,60.98521],[24.32707,60.98787],[24.33076,60.98851],[24.34431,60.98653],[24.35315,60.98844],[24.35807,60.99216],[24.35908,60.99637],[24.36957,61.00049],[24.38529,61.005],[24.38874,61.0023],[24.39055,61.00192],[24.40486,60.9941],[24.40755,60.99071],[24.40934,60.98594],[24.41327,60.98528],[24.41465,60.98387],[24.42492,60.97935],[24.43526,60.97703],[24.43788,60.97823],[24.44526,60.98399],[24.44897,60.98139],[24.45253,60.98005],[24.45322,60.97814],[24.45812,60.97644],[24.46691,60.97421],[24.47102,60.97249],[24.47087,60.97186],[24.46841,60.97104],[24.46855,60.9702],[24.47257,60.9664],[24.47609,60.96431],[24.4778,60.96532],[24.48048,60.966],[24.4765,60.97226],[24.49665,60.9773],[24.50748,60.98383],[24.52281,60.98118],[24.53505,60.97655],[24.54744,60.96678],[24.55389,60.96282],[24.56122,60.96131],[24.58423,60.95999],[24.58882,60.95885],[24.61552,60.96669],[24.62545,60.96753],[24.63678,60.97035],[24.64304,60.97028],[24.64832,60.96901],[24.65422,60.9709],[24.65774,60.97335],[24.67265,60.97925],[24.67479,60.98031],[24.67856,60.98376],[24.67449,60.98773],[24.66967,60.99062],[24.67101,60.99741],[24.68447,61.00176],[24.69076,61.00528],[24.69449,61.00519],[24.703,61.0028],[24.72163,60.99035],[24.72662,60.99086],[24.73568,60.98625],[24.73665,60.983],[24.74303,60.98417],[24.7453,60.98673],[24.74441,60.99122],[24.74269,60.99463],[24.74434,60.99726],[24.74841,60.99867],[24.75137,60.99861],[24.7538,60.99778],[24.76041,60.9941],[24.76477,60.99262],[24.77166,60.9918],[24.77826,60.98941],[24.77636,60.98752],[24.78315,60.98548],[24.79034,60.98441],[24.79562,60.98554],[24.79841,60.98524],[24.80017,60.98397],[24.80507,60.98287],[24.80715,60.98079],[24.80595,60.97934],[24.80602,60.97853],[24.81312,60.98454],[24.81751,60.98584],[24.81982,60.98966],[24.82673,60.99173],[24.83186,60.99559],[24.83322,60.99896],[24.84149,61.00493],[24.84463,61.00552],[24.84872,61.00534],[24.8559,61.00851],[24.85605,61.01136],[24.85264,61.01364],[24.85204,61.01561],[24.85342,61.01687],[24.85448,61.02079],[24.85668,61.02241],[24.85196,61.02389],[24.85427,61.02771],[24.8527,61.03197],[24.85448,61.03426],[24.85364,61.03606],[24.85018,61.03731],[24.85444,61.04018],[24.85412,61.04548],[24.84868,61.04777],[24.84993,61.05015],[24.84909,61.05122],[24.8492,61.05365],[24.84009,61.05682],[24.83992,61.05747],[24.84164,61.05847],[24.84017,61.0605],[24.84026,61.06198],[24.83816,61.0635],[24.83385,61.0646],[24.82899,61.06661],[24.82815,61.06883],[24.8314,61.07238],[24.83131,61.07589],[24.83621,61.07711],[24.83967,61.08274],[24.83741,61.08818],[24.83816,61.08907],[24.84193,61.08942],[24.84363,61.09047],[24.84488,61.09209],[24.84966,61.09492],[24.85095,61.10262],[24.86467,61.10719],[24.86819,61.10458],[24.86908,61.10474],[24.87263,61.10727],[24.88762,61.10967],[24.89229,61.10935],[24.8951,61.10865],[24.89592,61.10801],[24.89961,61.1085],[24.903,61.10924],[24.90757,61.11162],[24.90826,61.11364],[24.91777,61.1142],[24.92802,61.11593],[24.92915,61.11852],[24.93519,61.12105],[24.94154,61.12628],[24.94449,61.12766],[24.94647,61.12797],[24.94647,61.12919],[24.94754,61.13057],[24.95069,61.13064],[24.9476,61.13324],[24.94659,61.13603],[24.94303,61.13764],[24.94889,61.13991],[24.9521,61.14309],[24.94569,61.15172],[24.94462,61.1546],[24.93255,61.16029],[24.93573,61.16369],[24.93761,61.16312],[24.9443,61.16371],[24.94987,61.16641],[24.9522,61.16688],[24.9531,61.16833],[24.95663,61.1689],[24.95827,61.16996],[24.95828,61.17268],[24.96221,61.17725],[24.96407,61.18674],[24.96081,61.18827],[24.95622,61.18772],[24.95466,61.18691],[24.95176,61.18721],[24.94893,61.1892],[24.94853,61.19265],[24.94746,61.19329],[24.94939,61.19583],[24.94779,61.201],[24.94646,61.20313],[24.94676,61.20439],[24.94952,61.20593],[24.95537,61.20489],[24.95914,61.20489],[24.9607,61.20541],[24.96144,61.20786],[24.96658,61.2097],[24.97029,61.20997],[24.97173,61.21046],[24.97571,61.20991],[24.97773,61.20822],[24.98088,61.20716],[24.9808,61.20652],[24.98333,61.20413],[24.98309,61.20224],[24.98806,61.19747],[24.98931,61.19743],[24.99182,61.19801],[24.9942,61.20003],[24.99402,61.20222],[24.99241,61.20482],[24.99638,61.21072],[24.99577,61.2114],[24.99702,61.21129],[25.00204,61.21264],[25.00964,61.21405],[25.00905,61.21211],[25.013,61.20943],[25.01791,61.2084],[25.02158,61.20816],[25.02363,61.2116],[25.02696,61.21152],[25.02968,61.20928],[25.03336,61.2106],[25.03583,61.20966],[25.04003,61.21076],[25.04122,61.21182],[25.04409,61.21207],[25.04962,61.21106],[25.05855,61.21061],[25.0664,61.20579],[25.07499,61.20669],[25.08222,61.20584],[25.08683,61.20337],[25.08856,61.20559],[25.08767,61.21308],[25.09477,61.21273],[25.09715,61.21402],[25.10307,61.21604],[25.11082,61.21664],[25.11148,61.21844],[25.11106,61.21904],[25.11302,61.21995],[25.11389,61.22159],[25.11601,61.22221],[25.11873,61.222],[25.12325,61.22279],[25.12547,61.22378],[25.12852,61.22377],[25.13144,61.22301],[25.13402,61.22181],[25.13901,61.22199],[25.14119,61.22325],[25.1419,61.2246],[25.14846,61.22775],[25.14892,61.22924],[25.14762,61.23038],[25.14735,61.23392],[25.1397,61.2359],[25.13457,61.24021],[25.12157,61.2416],[25.11864,61.2434],[25.11031,61.24485],[25.10746,61.24428],[25.10268,61.24885],[25.10205,61.25186],[25.10325,61.25171],[25.10528,61.25254],[25.10756,61.25617],[25.11025,61.25713],[25.11698,61.25755],[25.11818,61.25935],[25.11746,61.26118],[25.11917,61.26292],[25.1188,61.26456],[25.12318,61.26669],[25.12333,61.26728],[25.12097,61.26993],[25.1185,61.2712],[25.11218,61.2717],[25.10995,61.27102],[25.10749,61.27158],[25.10326,61.27079],[25.09728,61.27085],[25.0955,61.26999],[25.09202,61.2697],[25.09008,61.2689],[25.08419,61.27695],[25.08491,61.28026],[25.08728,61.28371],[25.08422,61.28769],[25.08444,61.2891],[25.08749,61.29241],[25.08784,61.29677],[25.08721,61.29681],[25.08571,61.29941],[25.0856,61.30512],[25.08886,61.30843],[25.08983,61.30898],[25.09137,61.3091],[25.07835,61.31567],[25.07404,61.32425],[25.06437,61.3375],[25.0683,61.34053],[25.08739,61.34743],[25.09184,61.35088],[25.09243,61.35165],[25.09008,61.35347],[25.09259,61.363],[25.08007,61.36437],[25.07624,61.36693],[25.07051,61.37431],[25.07176,61.37872],[25.06655,61.37961],[25.06333,61.37925],[25.04739,61.38969],[25.03282,61.39516],[25.0134,61.39686],[25.00817,61.40014],[25.00773,61.40707],[25.01384,61.41022],[25.01334,61.41758],[25.00737,61.42136],[25.00146,61.42166],[24.99692,61.42516],[24.99661,61.42795],[24.97046,61.44396],[24.95451,61.44776],[24.96818,61.45494],[24.98389,61.45943],[24.99076,61.45787],[24.99387,61.45836],[24.96287,61.48244],[24.93091,61.49697],[24.90872,61.51629],[24.9191,61.51475],[24.93598,61.51131],[24.94976,61.51093],[24.97439,61.51294],[24.98641,61.51583],[24.98616,61.51733],[24.97837,61.52192],[24.98132,61.52628],[24.97887,61.52712],[24.97403,61.52687],[24.96875,61.52965],[24.96279,61.53959],[24.96412,61.54044],[24.96383,61.54098],[24.96591,61.54092],[24.96848,61.54246],[24.97484,61.54458],[24.97765,61.54618],[24.98422,61.54609],[24.98743,61.54698],[24.99511,61.55172],[24.99742,61.55218],[24.99897,61.55303],[25.00018,61.55297],[25.00135,61.5534],[25.00139,61.55461],[24.99993,61.5552],[25.00018,61.55553],[25.00579,61.55865],[25.01938,61.56478],[25.02539,61.5727],[25.01853,61.57274],[25.00533,61.57355],[24.99855,61.57492],[24.98743,61.57509],[24.98529,61.57608],[24.97982,61.577],[24.97936,61.57849],[24.97084,61.58212],[24.96732,61.58282],[24.96661,61.58427],[24.95304,61.58947],[24.95658,61.5913],[24.95772,61.5929],[24.95464,61.5961],[24.95127,61.59786],[24.95054,61.60132],[24.94496,61.60402],[24.94306,61.60716],[24.9413,61.61043],[24.94321,61.61584],[24.94115,61.61855],[24.94101,61.62232],[24.94298,61.62277],[24.94993,61.62305],[24.95206,61.62381],[24.95449,61.62395],[24.96228,61.62101],[24.96668,61.62019],[24.96859,61.62182],[24.9809,61.62679],[24.99577,61.62876],[24.99973,61.6341],[25.00677,61.63775],[25.00846,61.64568],[25.00564,61.64739],[25.00396,61.65152],[25.00888,61.65682],[25.00851,61.6603],[25.00197,61.66172],[24.99883,61.66319],[25.0004,61.66549],[24.99852,61.66765],[25,61.66986],[25.00044,61.67363],[24.94693,61.69382],[24.93667,61.69426],[24.92745,61.69663],[24.91482,61.7075],[24.90932,61.71496],[24.89079,61.72282],[24.89507,61.72728],[24.89066,61.74519],[24.8911,61.75124],[24.90491,61.75497],[24.91218,61.75278],[24.91586,61.75844],[24.92826,61.75781],[24.93982,61.76684],[24.95979,61.76284],[24.97359,61.76225],[24.97538,61.76446],[24.97897,61.76412],[24.99253,61.74703],[25.00248,61.74126],[25.01067,61.74339],[25.0231,61.74193],[25.03785,61.74155],[25.07384,61.7431],[25.08009,61.7425],[25.07697,61.74794],[25.07001,61.75164],[25.0671,61.75594],[25.06901,61.7697],[25.0714,61.77161],[25.07247,61.77387],[25.06927,61.77369],[25.06341,61.77252],[25.06282,61.77134],[25.06101,61.77026],[25.05662,61.76958],[25.05118,61.76985],[25.04868,61.77068],[25.04866,61.7724],[25.04217,61.77583],[25.03862,61.77584],[25.03568,61.77681],[25.03405,61.77343],[25.03189,61.77365],[25.02976,61.77274],[25.02823,61.77118],[25.02519,61.77181],[25.02371,61.77062],[25.02065,61.7701],[25.01564,61.77226],[25.01203,61.77231],[25.01089,61.77114],[25.0077,61.7733],[25.00135,61.77542],[24.99899,61.7777],[25.00113,61.77896],[24.99999,61.78168],[25.00088,61.783],[25.00315,61.78386],[25.00387,61.78493],[25.0005,61.78844],[25.00337,61.78954],[25.0034,61.79055],[25.00441,61.79127],[25.00646,61.79115],[25.00788,61.79154],[25.00901,61.7911],[25.01075,61.79131],[25.01393,61.79269],[25.01711,61.79529],[25.01588,61.79684],[25.01541,61.7994],[25.01661,61.80095],[25.02049,61.80138],[25.02128,61.80242],[25.01797,61.806],[25.0179,61.80748],[25.01886,61.80826],[25.02036,61.80795],[25.02214,61.80871],[25.02382,61.80831],[25.02467,61.8076],[25.02681,61.80733],[25.0278,61.80758],[25.02959,61.8098],[25.03142,61.80994],[25.03287,61.80917],[25.03463,61.8093],[25.03465,61.81024],[25.03535,61.8105],[25.03749,61.80889],[25.0392,61.80839],[25.04164,61.80597],[25.0437,61.80495],[25.04727,61.8043],[25.05303,61.80529],[25.05802,61.80478],[25.06363,61.80705],[25.06419,61.80886],[25.06125,61.81042],[25.05696,61.81384],[25.05986,61.81878],[25.05818,61.82072],[25.05886,61.82269],[25.05836,61.82516],[25.06038,61.82531],[25.06189,61.82646],[25.06538,61.82794],[25.07034,61.83282],[25.06977,61.8377],[25.06681,61.84053],[25.06258,61.84102],[25.05859,61.84276],[25.05804,61.84493],[25.05161,61.84561],[25.04928,61.84523],[25.03823,61.84164],[25.02528,61.83064],[25.00446,61.82112],[25.00143,61.82062],[24.99584,61.82119],[24.98714,61.81869],[24.97663,61.81429],[24.9726,61.81569],[24.96633,61.813],[24.96465,61.80876],[24.95792,61.80378],[24.9507,61.80719],[24.94025,61.80989],[24.93914,61.811],[24.95783,61.81468],[24.9582,61.81516],[24.95551,61.81604],[24.95331,61.81913],[24.96149,61.8286],[24.9583,61.8321],[24.9595,61.833],[24.96179,61.83254],[24.96723,61.83308],[24.96909,61.83257],[24.9728,61.83669],[24.98762,61.84026],[24.9905,61.84867],[25.00067,61.85223],[25.01222,61.85264],[25.00458,61.85566],[25.00276,61.86],[25.00686,61.86265],[25.00975,61.86775],[25.01025,61.87109],[25.00802,61.87788],[25.00991,61.88219],[25.0138,61.88565],[25.01423,61.8903],[25.01641,61.8911],[25.00943,61.89587],[25.0044,61.896],[25.0029,61.897],[25.00881,61.89953],[25.01426,61.90019],[25.01085,61.90282],[25.0041,61.90485],[24.99876,61.90902],[24.97784,61.92044],[24.96914,61.92145],[24.96945,61.9225],[24.97272,61.92339],[24.97436,61.92463],[24.96996,61.92605],[24.96581,61.92619],[24.96342,61.93007],[24.96071,61.93126],[24.95877,61.93352],[24.9482,61.93654],[24.94386,61.94231],[24.94455,61.94514],[24.93802,61.94748],[24.9377,61.94912],[24.94166,61.95384],[24.936,61.95446],[24.93707,61.95761],[24.93544,61.95931],[24.93739,61.95969],[24.93996,61.96241],[24.94395,61.96426],[24.9386,61.96777],[24.95055,61.97253],[24.95485,61.97347],[24.95401,61.97626],[24.97056,61.98034],[24.97769,61.98021],[24.98116,61.98288],[24.98443,61.98383],[24.9855,61.98501],[24.98495,61.98641],[24.98608,61.98735],[24.99082,61.98857],[24.9976,61.98769],[25.01027,61.9913],[25.01299,61.99116],[25.01708,61.99],[25.0221,61.98982],[25.02601,61.98861],[25.02998,61.98931],[25.03162,61.99076],[25.03477,61.99221],[25.03359,61.99331],[25.03406,61.9939],[25.03847,61.99385],[25.04758,61.99596],[25.04221,62.00009],[25.03059,62.00588],[25.00013,62.01418],[24.98424,62.02524],[24.96616,62.02961],[24.96316,62.03361],[24.97562,62.04416],[24.97657,62.05162],[24.98349,62.0562],[24.98716,62.06851],[24.9813,62.07677],[25.00253,62.08522],[24.99475,62.09644],[25.03376,62.10219],[25.03355,62.11225],[25.0349,62.12066],[25.02179,62.13093],[25.02406,62.13371],[25.00476,62.13645],[25.00025,62.1398],[25.00185,62.14372],[25.00178,62.14577],[24.99902,62.15674],[25.00159,62.15892],[24.99867,62.16367],[24.9973,62.16978],[24.99833,62.17765],[25.00365,62.18438],[25.01009,62.18535],[25.01767,62.19003],[25.01458,62.19313],[25.01636,62.19494],[25.01621,62.19696],[25.01958,62.2011],[25.03397,62.21261],[25.05318,62.21824],[25.0837,62.22386],[25.11817,62.22455],[25.13993,62.23577],[25.1568,62.24153],[25.16264,62.24164],[25.1714,62.24751],[25.17779,62.24792],[25.19028,62.25053],[25.19234,62.25199],[25.18991,62.25264],[25.18685,62.2547],[25.1839,62.25544],[25.18187,62.2567],[25.17917,62.25636],[25.17398,62.25838],[25.17043,62.26314],[25.17049,62.26672],[25.17181,62.26734],[25.16997,62.27068],[25.17668,62.27458],[25.20138,62.28163],[25.19665,62.28892],[25.1996,62.29595],[25.20629,62.30031],[25.20485,62.30282],[25.21449,62.30624],[25.24305,62.30693],[25.27376,62.30879],[25.28796,62.30258],[25.29256,62.30145],[25.29689,62.30206],[25.29902,62.3058],[25.30562,62.30764],[25.32053,62.3016],[25.32626,62.29567],[25.33292,62.30409],[25.34024,62.30704],[25.34478,62.31445],[25.35753,62.31057],[25.36939,62.31033],[25.38679,62.31442],[25.39984,62.31848],[25.4107,62.31713],[25.42015,62.31395],[25.43612,62.31062],[25.44105,62.30827],[25.44899,62.31308],[25.44261,62.33169],[25.45344,62.34067],[25.46689,62.34323],[25.48402,62.34356],[25.47253,62.35449],[25.48345,62.36221],[25.48625,62.37165],[25.49159,62.37646],[25.50221,62.37458],[25.52506,62.37642],[25.5419,62.3797],[25.5612,62.37642],[25.58251,62.38194],[25.58776,62.38153],[25.59356,62.38493],[25.60866,62.38806],[25.61959,62.38725],[25.62883,62.3884],[25.64722,62.38828],[25.66538,62.38866],[25.68371,62.3865],[25.69769,62.38671],[25.70798,62.38518],[25.72486,62.38718],[25.72889,62.38984],[25.73062,62.39874],[25.74836,62.40298],[25.75185,62.41192],[25.75709,62.4186],[25.77252,62.42476],[25.76336,62.42565],[25.76979,62.43223],[25.76532,62.43655],[25.7679,62.44189],[25.74797,62.44519],[25.73613,62.45025],[25.73149,62.45815],[25.7452,62.45822],[25.75712,62.46005],[25.76719,62.45665],[25.77075,62.45472],[25.7811,62.4518],[25.78604,62.4553],[25.7915,62.45707],[25.80136,62.45766],[25.80909,62.45538],[25.81557,62.46084],[25.81545,62.46326],[25.80815,62.47167],[25.81266,62.47514],[25.82881,62.47493],[25.84203,62.47054],[25.85712,62.46774],[25.86356,62.46976],[25.87693,62.46949],[25.88651,62.47062],[25.89455,62.46841],[25.91744,62.46565],[25.93207,62.45976],[25.93586,62.45726],[25.93554,62.45668],[25.94313,62.45488],[25.94302,62.45828],[25.95385,62.45938],[25.96753,62.45733],[25.98382,62.46232],[25.99512,62.47205],[26.00833,62.47838],[26.01022,62.48131],[26.01142,62.49098],[26.01972,62.49572],[26.03352,62.50018],[26.04282,62.50757],[26.0488,62.50692],[26.05433,62.50008],[26.06695,62.49251],[26.0717,62.48701],[26.08872,62.48202],[26.0962,62.479],[26.10951,62.47226],[26.11855,62.47155],[26.12292,62.46829],[26.12614,62.46875],[26.13316,62.46467],[26.14221,62.46643],[26.14839,62.47128],[26.15217,62.47114],[26.16294,62.47626],[26.15516,62.47922],[26.15043,62.48344],[26.1519,62.48614],[26.15695,62.48798],[26.158,62.49324],[26.16883,62.48982],[26.20246,62.4865],[26.20151,62.48106],[26.19373,62.47621],[26.18837,62.46907],[26.17355,62.46444],[26.17397,62.46085],[26.17912,62.45982],[26.19142,62.46211],[26.20855,62.46058],[26.21217,62.45901],[26.21295,62.45647],[26.20655,62.45487],[26.20325,62.45066],[26.19719,62.44761],[26.199,62.44706],[26.20211,62.44192],[26.19362,62.43753],[26.19568,62.43038],[26.18954,62.42758],[26.17108,62.42658],[26.17298,62.42178],[26.17066,62.41969],[26.17113,62.41801],[26.18412,62.40458],[26.18626,62.39715],[26.17993,62.39274],[26.18141,62.39086],[26.19919,62.38717],[26.20959,62.38245],[26.21836,62.37765],[26.23828,62.37609],[26.24373,62.36934],[26.24898,62.36746],[26.25298,62.3693],[26.25329,62.37231],[26.26023,62.37464],[26.26721,62.37278],[26.27556,62.36964],[26.28108,62.37076],[26.28511,62.37061],[26.2911,62.37165],[26.29785,62.36918],[26.30098,62.36335],[26.29712,62.36173],[26.30174,62.35805],[26.30111,62.35525],[26.30662,62.35418],[26.30995,62.35191],[26.31209,62.35123],[26.31039,62.34804],[26.31102,62.34679],[26.32246,62.34487],[26.32738,62.34517],[26.32811,62.34836],[26.32704,62.35082],[26.3282,62.35215],[26.33526,62.35425],[26.3434,62.35503],[26.35683,62.35792],[26.35946,62.35763],[26.37146,62.34735],[26.38302,62.34538],[26.38933,62.34134],[26.39878,62.33904],[26.41434,62.33078],[26.41371,62.32777],[26.41802,62.32449],[26.44208,62.31627],[26.43998,62.30931],[26.44229,62.30392],[26.44717,62.30127],[26.45091,62.30015],[26.4549,62.29985],[26.45621,62.29924],[26.46712,62.30163],[26.47914,62.30521],[26.48179,62.30502],[26.48147,62.30405],[26.48288,62.30243],[26.49213,62.30685],[26.49476,62.31075],[26.49373,62.31361],[26.49757,62.31412],[26.49953,62.31483],[26.50178,62.31354],[26.50436,62.31361],[26.52498,62.3174],[26.52786,62.31746],[26.53215,62.31493],[26.55025,62.31194],[26.55653,62.31266],[26.56132,62.31008],[26.56128,62.30956],[26.5646,62.30903],[26.56683,62.30814],[26.57038,62.30821],[26.57167,62.30782],[26.57381,62.30521],[26.5807,62.30378],[26.58772,62.30475],[26.59195,62.30377],[26.59284,62.3031],[26.60311,62.30539],[26.63596,62.30795],[26.63574,62.3082],[26.64255,62.30883],[26.67471,62.30833],[26.6893,62.29426],[26.70097,62.29585],[26.70316,62.29473],[26.70708,62.29639],[26.70424,62.2993],[26.71408,62.29857],[26.71862,62.29968],[26.73653,62.29971],[26.74712,62.30939],[26.75257,62.3097],[26.752,62.31414],[26.77268,62.31889],[26.78766,62.32575],[26.78379,62.33028],[26.78146,62.33535],[26.81823,62.33221],[26.892,62.33255],[26.91863,62.32431],[26.95209,62.32597],[26.98646,62.31281],[26.99549,62.31878],[27.00137,62.32094],[27.02628,62.31878],[27.04152,62.32166],[27.02353,62.33402],[27.02222,62.3338],[27.01251,62.33565],[27.0102,62.33522],[27.00822,62.3356],[27.00526,62.33554],[27.00119,62.34013],[26.99612,62.34317],[26.99832,62.34497],[27.00579,62.34659],[27.00114,62.34739],[26.99917,62.35053],[26.99945,62.35231],[26.99307,62.35799],[26.99572,62.36139],[27.00436,62.36468],[27.00139,62.36783],[27.00505,62.37047],[27.00423,62.37252],[27.01896,62.37225],[27.01955,62.3737],[27.0172,62.37684],[27.01926,62.38011],[26.99969,62.39181],[26.99498,62.39797],[26.98203,62.40608],[26.97961,62.41024],[26.98152,62.41131],[26.98824,62.41206],[26.99089,62.41432],[26.98955,62.41907],[26.99673,62.42351],[26.9936,62.42666],[26.9926,62.43088],[26.9894,62.43232],[26.99323,62.43267],[26.99681,62.43141],[26.99869,62.43135],[26.99964,62.43197],[27.00491,62.43338],[27.00787,62.43569],[27.00592,62.43963],[27.00257,62.44263],[26.99637,62.44604],[27.00328,62.44752],[27.00726,62.44757],[27.00736,62.44955],[27.01428,62.44995],[27.01637,62.45107],[27.01543,62.45202],[27.02831,62.45467],[27.02768,62.46046],[27.02632,62.46239],[27.02098,62.46477],[27.00977,62.47519],[27.0104,62.47865],[26.997,62.4901],[26.99752,62.49361],[27.00401,62.49554],[27.02981,62.49936],[27.03472,62.50158],[27.03991,62.50245],[27.04112,62.50311],[27.041,62.50388],[27.0371,62.50633],[27.03706,62.50789],[27.03413,62.50915],[27.04217,62.51644],[27.05076,62.51766],[27.06056,62.52208],[27.06316,62.52447],[27.06366,62.52726],[27.06039,62.53112],[27.06089,62.53326],[27.06211,62.53383],[27.05004,62.53764],[27.04958,62.53906],[27.05013,62.5419],[27.0415,62.54646],[27.03534,62.54655],[27.02548,62.54909],[27.02771,62.55102],[27.03044,62.55966],[27.03494,62.56366],[27.03994,62.57423],[27.03641,62.57811],[27.03855,62.58028],[27.03906,62.5826],[27.03792,62.58388],[27.05161,62.58656],[27.06812,62.59214],[27.0735,62.5997],[27.07312,62.6147],[27.07791,62.61436],[27.08376,62.61524],[27.09628,62.61609],[27.10532,62.62311],[27.11011,62.62493],[27.11289,62.62549],[27.12731,62.62646],[27.1329,62.62816],[27.12388,62.63528],[27.12212,62.63606],[27.12771,62.63832],[27.13075,62.64744],[27.12918,62.65521],[27.14286,62.66003],[27.14981,62.66153],[27.15376,62.66196],[27.15951,62.66224],[27.16537,62.66155],[27.17243,62.65872],[27.17942,62.65694],[27.19344,62.66164],[27.19457,62.66299],[27.19157,62.66793],[27.18608,62.67151],[27.20402,62.68245],[27.20481,62.6838],[27.20395,62.68636],[27.20477,62.68737],[27.20745,62.68846],[27.21496,62.68891],[27.21781,62.68846],[27.22494,62.68936],[27.22775,62.69149],[27.23395,62.69342],[27.23341,62.69462],[27.23182,62.69569],[27.22736,62.6973],[27.22633,62.6991],[27.22341,62.70133],[27.22,62.70275],[27.22101,62.7047],[27.22384,62.70597],[27.22371,62.70685],[27.22496,62.70794],[27.22509,62.70919],[27.22663,62.7099],[27.22865,62.71209],[27.22899,62.71556],[27.2309,62.71687],[27.23386,62.71771],[27.23552,62.71683],[27.24118,62.71522],[27.24326,62.71382],[27.24631,62.71511],[27.24704,62.71601],[27.24966,62.71691],[27.25002,62.71638],[27.2547,62.7153],[27.25502,62.71408],[27.25721,62.71314],[27.25691,62.71159],[27.25882,62.7103],[27.26599,62.70902],[27.26835,62.70724],[27.26972,62.70721],[27.27279,62.70818],[27.28004,62.70816],[27.28583,62.70653],[27.28738,62.70524],[27.29079,62.7047],[27.29154,62.70623],[27.29131,62.70788],[27.29315,62.70936],[27.29055,62.71286],[27.29131,62.71556],[27.28978,62.7196],[27.29712,62.72041],[27.29764,62.72127],[27.29676,62.72284],[27.30004,62.72498],[27.30113,62.72659],[27.3039,62.72764],[27.31287,62.72655],[27.31613,62.72573],[27.32158,62.72623],[27.32233,62.72738],[27.3251,62.72938],[27.32804,62.72721],[27.33186,62.72758],[27.34012,62.72539],[27.34096,62.7256],[27.341,62.72659],[27.34186,62.72711],[27.34461,62.72711],[27.34877,62.72854],[27.35188,62.72904],[27.3548,62.72818],[27.35624,62.72603],[27.3563,62.72477],[27.35972,62.72322],[27.36109,62.72311],[27.36574,62.72022],[27.36727,62.71975],[27.37031,62.71994],[27.37413,62.7193],[27.37739,62.71936],[27.37883,62.7185],[27.38029,62.71835],[27.38205,62.71949],[27.38349,62.71977],[27.38495,62.72093],[27.38992,62.72015],[27.39394,62.72135],[27.39512,62.72127],[27.40256,62.72258],[27.42164,62.72254],[27.42763,62.72434],[27.42756,62.72507],[27.42625,62.72616],[27.42672,62.72708],[27.43035,62.72595],[27.43333,62.72389],[27.4378,62.71666],[27.44389,62.71056],[27.44771,62.70885],[27.45215,62.7061],[27.46348,62.70194],[27.47202,62.70106],[27.4779,62.69925],[27.4829,62.70125],[27.48712,62.7008],[27.49938,62.69663],[27.50134,62.69524],[27.50485,62.69486],[27.5153,62.69174],[27.51936,62.69145],[27.52167,62.69086],[27.52625,62.68805],[27.53133,62.68717],[27.53526,62.68698],[27.53732,62.68567],[27.54242,62.68644],[27.54476,62.68842],[27.54877,62.68752],[27.55426,62.68789],[27.55758,62.68767],[27.55936,62.68816],[27.55909,62.68914],[27.55974,62.69012],[27.57088,62.68825],[27.57362,62.68401],[27.57413,62.6846],[27.56925,62.69417],[27.57092,62.69403],[27.57423,62.69292],[27.57748,62.69273],[27.58026,62.69295],[27.5909,62.69534],[27.59744,62.69516],[27.60289,62.694],[27.60701,62.69404],[27.61045,62.69511],[27.62173,62.7043],[27.62504,62.70597],[27.6277,62.70653],[27.63139,62.70653],[27.64495,62.70327],[27.64645,62.70533],[27.64924,62.70593],[27.65044,62.7067],[27.64606,62.71159],[27.64649,62.71442],[27.64469,62.71653],[27.6371,62.71859],[27.63096,62.71957],[27.62272,62.72172],[27.61835,62.7255],[27.61992,62.72777],[27.62153,62.72878],[27.62292,62.72878],[27.62784,62.72988],[27.6291,62.73132],[27.63039,62.73169],[27.63345,62.73077],[27.63692,62.73134],[27.63607,62.73223],[27.63673,62.73348],[27.63902,62.73466],[27.63923,62.73627],[27.63839,62.73771],[27.63835,62.74049],[27.63738,62.74281],[27.63629,62.74367],[27.63945,62.745],[27.65136,62.74143],[27.66661,62.73987],[27.67073,62.73975],[27.68202,62.74233],[27.69132,62.74555],[27.69875,62.74895],[27.71327,62.74094],[27.71964,62.73563],[27.72634,62.72858],[27.73261,62.72602],[27.73541,62.72538],[27.74788,62.72429],[27.76494,62.72014],[27.76586,62.7194],[27.76613,62.71775],[27.768,62.71638],[27.76783,62.71448],[27.76956,62.71308],[27.77528,62.7117],[27.77672,62.71005],[27.77831,62.70936],[27.78507,62.70826],[27.79173,62.70603],[27.79968,62.70562],[27.80285,62.7094],[27.80652,62.71118],[27.81616,62.71222],[27.82066,62.71418],[27.84047,62.71582],[27.84597,62.71807],[27.84881,62.7188],[27.86611,62.72012],[27.87095,62.71978],[27.87292,62.72005],[27.87588,62.72144],[27.87741,62.72541],[27.87857,62.72645],[27.88759,62.73043],[27.90195,62.73257],[27.90764,62.73441],[27.90805,62.73494],[27.91366,62.73582],[27.91611,62.73662],[27.91848,62.73857],[27.92034,62.74148],[27.92849,62.74474],[27.93322,62.74849],[27.93454,62.75171],[27.9344,62.75665],[27.93763,62.76019],[27.94005,62.76103],[27.94611,62.76201],[27.94915,62.76327],[27.95424,62.76744],[27.96652,62.77018],[27.97972,62.7714],[27.98871,62.76879],[27.99898,62.76738],[28.00902,62.77156],[28.01538,62.77327],[28.01446,62.77456],[28.01427,62.77785],[28.01256,62.78053],[28.01152,62.78378],[27.99469,62.78908],[27.99954,62.79073],[28.00301,62.79272],[28.00478,62.79307],[28.00724,62.79485],[28.00925,62.79517],[28.01297,62.79498],[28.01928,62.79353],[28.02685,62.79116],[28.03069,62.79048],[28.03485,62.7886],[28.03908,62.78806],[28.04229,62.78852],[28.0457,62.79213],[28.04699,62.79612],[28.03433,62.79647],[28.02587,62.79789],[28.01672,62.79995],[28.03397,62.80818],[28.03844,62.80752],[28.04398,62.808],[28.04466,62.80873],[28.04446,62.81145],[28.04804,62.81377],[28.04909,62.81389],[28.05248,62.81329],[28.05559,62.81397],[28.05963,62.81383],[28.06488,62.81421],[28.05957,62.81833],[28.05691,62.82132],[28.04989,62.82384],[28.04223,62.82811],[28.03945,62.82859],[28.03881,62.82983],[28.03375,62.83054],[28.03141,62.83244],[28.03143,62.83402],[28.02929,62.83723],[28.02739,62.8387],[28.02748,62.84136],[28.02368,62.84404],[28.01887,62.84576],[28.01624,62.84803],[28.01433,62.85061],[28.01204,62.85196],[28.01141,62.85588],[28.00802,62.85794],[28.00777,62.85852],[28.0095,62.85987],[28.01263,62.8609],[28.01453,62.86279],[28.01699,62.86427],[28.01747,62.86521],[28.01427,62.86946],[28.01499,62.87115],[28.01301,62.87268],[28.00412,62.87177],[27.99529,62.87002],[27.98911,62.87071],[27.98379,62.8707],[27.97871,62.8719],[27.97502,62.87179],[27.96982,62.87051],[27.96865,62.87055],[27.96172,62.87154],[27.96039,62.87332],[27.95951,62.87656],[27.95598,62.87812],[27.95592,62.87866],[27.94438,62.87877],[27.94248,62.87993],[27.944,62.88895],[27.95166,62.89238],[27.95434,62.89517],[27.95346,62.89828],[27.95356,62.89962],[27.95477,62.90141],[27.95405,62.90395],[27.95824,62.91054],[27.95909,62.91304],[27.95817,62.91523],[27.95801,62.91896],[27.95508,62.92101],[27.95233,62.92603],[27.94887,62.92922],[27.94667,62.93517],[27.94518,62.93541],[27.94706,62.93552],[27.94758,62.9363],[27.94412,62.94225],[27.94809,62.94349],[27.95199,62.9436],[27.95318,62.94413],[27.95761,62.94468],[27.96357,62.94599],[27.98057,62.94173],[27.9864,62.93911],[27.9884,62.93731],[27.99219,62.93672],[28.00002,62.93681],[28.00435,62.93775],[28.00722,62.93791],[28.00999,62.93974],[28.0125,62.9406],[28.01399,62.93964],[28.0154,62.94043],[28.02037,62.94514],[28.02011,62.94644],[28.01817,62.94684],[28.01603,62.94623],[28.00689,62.94716],[28.00837,62.94994],[28.01032,62.95101],[28.0133,62.95126],[28.01871,62.95065],[28.02711,62.94863],[28.03013,62.94592],[28.03228,62.9454],[28.03395,62.94343],[28.03683,62.94205],[28.03891,62.9416],[28.04377,62.94185],[28.05189,62.94034],[28.05341,62.93976],[28.0553,62.93843],[28.05566,62.93684],[28.05464,62.93564],[28.05583,62.93421],[28.05767,62.9343],[28.06,62.93328],[28.06938,62.9317],[28.07153,62.93002],[28.07521,62.92971],[28.09553,62.92584],[28.0997,62.9246],[28.11145,62.91865],[28.11401,62.91803],[28.11778,62.9178],[28.1312,62.91813],[28.13494,62.91783],[28.13879,62.91709],[28.14905,62.91286],[28.15709,62.91454],[28.16583,62.91306],[28.16723,62.9121],[28.18173,62.91706],[28.20094,62.92036],[28.20674,62.92208],[28.21564,62.92572],[28.23806,62.92916],[28.24372,62.92934],[28.25664,62.92868],[28.26375,62.9287],[28.27591,62.92783],[28.29459,62.92818],[28.30566,62.92919],[28.33039,62.92864],[28.33078,62.93026],[28.32852,62.93424],[28.31328,62.94044],[28.31192,62.94107],[28.31129,62.94197],[28.31318,62.94208],[28.31421,62.94129],[28.31814,62.94156],[28.31927,62.94196],[28.31965,62.94291],[28.32392,62.94297],[28.3252,62.94378],[28.32478,62.94662],[28.32663,62.94835],[28.33405,62.94808],[28.33608,62.94864],[28.34025,62.94887],[28.34096,62.94932],[28.34069,62.95099],[28.34257,62.95121],[28.34332,62.95175],[28.34256,62.95637],[28.34114,62.95745],[28.34038,62.96026],[28.33863,62.96282],[28.33711,62.9641],[28.33333,62.96521],[28.33165,62.96632],[28.32865,62.96699],[28.32754,62.9686],[28.32894,62.96933],[28.33198,62.96974],[28.3373,62.96845],[28.3407,62.9685],[28.34202,62.96941],[28.34516,62.96797],[28.34902,62.96713],[28.35315,62.96845],[28.35358,62.96999],[28.35635,62.97032],[28.35741,62.97153],[28.36074,62.97145],[28.36441,62.97203],[28.36631,62.97399],[28.36894,62.97496],[28.35693,62.98518],[28.35995,62.98546],[28.37521,62.98537],[28.3762,62.98457],[28.38072,62.98315],[28.38434,62.98467],[28.38658,62.98504],[28.38908,62.98475],[28.39144,62.98319],[28.39571,62.98262],[28.40633,62.98271],[28.40752,62.98309],[28.41137,62.98704],[28.41465,62.98872],[28.41404,62.99113],[28.41539,62.99368],[28.41844,62.99706],[28.41701,62.9997],[28.417,63.00243],[28.41878,63.00312],[28.42134,63.0032],[28.41791,63.0062],[28.41669,63.00821],[28.41853,63.01541],[28.4146,63.02292],[28.42769,63.02411],[28.43923,63.02246],[28.4468,63.02273],[28.45818,63.02013],[28.46369,63.02061],[28.4668,63.02255],[28.47259,63.02959],[28.47224,63.03219],[28.46891,63.03526],[28.47808,63.03785],[28.49137,63.03948],[28.49023,63.04165],[28.49125,63.04591],[28.49213,63.04706],[28.49323,63.04783],[28.5058,63.05288],[28.50628,63.05375],[28.50499,63.0555],[28.5139,63.05732],[28.5157,63.05738],[28.52015,63.05521],[28.52235,63.05339],[28.5256,63.05251],[28.53027,63.05146],[28.53339,63.05143],[28.53769,63.05017],[28.54034,63.05005],[28.55111,63.04612],[28.55341,63.04679],[28.55232,63.04875],[28.55536,63.05036],[28.56273,63.05633],[28.56913,63.05954],[28.56989,63.06434],[28.57656,63.06647],[28.57769,63.06743],[28.57813,63.06913],[28.5826,63.07162],[28.58374,63.07462],[28.58131,63.07729],[28.57777,63.0784],[28.57727,63.07981],[28.57233,63.08452],[28.57075,63.08909],[28.56804,63.09181],[28.56543,63.09282],[28.56579,63.09346],[28.56514,63.09411],[28.56635,63.09522],[28.56584,63.09689],[28.56678,63.09833],[28.56943,63.09935],[28.57003,63.10015],[28.57213,63.10015],[28.57342,63.1014],[28.57753,63.10141],[28.57928,63.10233],[28.58158,63.10218],[28.58148,63.10375],[28.57878,63.10544],[28.57646,63.10826],[28.57458,63.10952],[28.56843,63.11336],[28.56575,63.11439],[28.56481,63.11553],[28.56303,63.11557],[28.56171,63.11706],[28.55905,63.11801],[28.55747,63.11965],[28.55518,63.12046],[28.55536,63.12097],[28.55705,63.12126],[28.55808,63.12198],[28.55812,63.12282],[28.55669,63.12452],[28.55664,63.13057],[28.55484,63.13126],[28.55591,63.13348],[28.56274,63.13405],[28.57405,63.13364],[28.57867,63.13381],[28.58924,63.1357],[28.5999,63.13702],[28.60648,63.13927],[28.61122,63.14172],[28.61903,63.14475],[28.62206,63.14702],[28.65622,63.15922],[28.6661,63.16784],[28.70373,63.17853],[28.71613,63.1841],[28.72391,63.19587],[28.72506,63.20207],[28.7218,63.20301],[28.71686,63.20624],[28.71371,63.20728],[28.70604,63.21433],[28.69969,63.21628],[28.69574,63.21924],[28.67998,63.22594],[28.67623,63.22943],[28.67745,63.23035],[28.68534,63.23243],[28.6929,63.23153],[28.69658,63.23189],[28.69027,63.23751],[28.69311,63.24034],[28.69175,63.24263],[28.69439,63.24387],[28.6912,63.24531],[28.69058,63.24749],[28.69096,63.24886],[28.68951,63.25088],[28.69001,63.25234],[28.68588,63.25369],[28.68219,63.25579],[28.68245,63.25717],[28.68094,63.25785],[28.68195,63.25847],[28.68556,63.25926],[28.68909,63.25838],[28.69456,63.25857],[28.70015,63.25936],[28.70149,63.2606],[28.70376,63.26145],[28.70675,63.26055],[28.71078,63.26165],[28.71301,63.26384],[28.71053,63.26553],[28.70709,63.26653],[28.70641,63.26748],[28.70292,63.26926],[28.70082,63.27079],[28.69859,63.27392],[28.70648,63.27297],[28.70946,63.27317],[28.71185,63.2739],[28.72282,63.28278],[28.73529,63.29087],[28.74363,63.29447],[28.73717,63.29885],[28.73428,63.30159],[28.72887,63.30972],[28.72529,63.31171],[28.71933,63.31676],[28.71871,63.32027],[28.71539,63.32314],[28.72231,63.3236],[28.7334,63.32109],[28.74978,63.31974],[28.76491,63.32183],[28.78165,63.32192],[28.79123,63.32367],[28.80306,63.3271],[28.80572,63.32709],[28.80975,63.32643],[28.8182,63.32775],[28.8213,63.32919],[28.82474,63.33255],[28.82856,63.33496],[28.82837,63.3358],[28.82497,63.33936],[28.82217,63.34054],[28.81788,63.34094],[28.81577,63.34153],[28.80497,63.34939],[28.79615,63.35233],[28.78819,63.3565],[28.79567,63.35797],[28.80047,63.35553],[28.80561,63.35491],[28.80807,63.35419],[28.8104,63.3543],[28.81423,63.35389],[28.8176,63.3529],[28.82126,63.35234],[28.82426,63.35234],[28.82745,63.35534],[28.82927,63.35614],[28.83567,63.35728],[28.83702,63.35807],[28.83758,63.35918],[28.83988,63.36011],[28.84173,63.36165],[28.84102,63.36534],[28.84144,63.36579],[28.85135,63.36576],[28.85385,63.3666],[28.85614,63.36687],[28.86028,63.36536],[28.86454,63.3646],[28.87324,63.36116],[28.87638,63.36131],[28.87939,63.36035],[28.88257,63.36049],[28.88632,63.3599],[28.89244,63.36207],[28.8971,63.3599],[28.89932,63.35995],[28.9027,63.36137],[28.90525,63.36353],[28.91439,63.3656],[28.91882,63.36545],[28.92021,63.36694],[28.9246,63.36862],[28.92741,63.36913],[28.93126,63.36903],[28.93399,63.36944],[28.93586,63.37128],[28.93567,63.37439],[28.93959,63.37612],[28.93797,63.37639],[28.93592,63.37843],[28.93481,63.38051],[28.93565,63.38473],[28.93933,63.3872],[28.93481,63.39035],[28.91116,63.39834],[28.89582,63.39852],[28.88491,63.40195],[28.88062,63.40077],[28.85199,63.40198],[28.85052,63.40422],[28.82885,63.41561],[28.82234,63.42267],[28.81656,63.42509],[28.82454,63.42936],[28.84882,63.44054],[28.85155,63.44517],[28.85513,63.44539],[28.85248,63.44811],[28.85143,63.45305],[28.85332,63.45533],[28.85416,63.45899],[28.85164,63.45991],[28.84896,63.46521],[28.84203,63.47138],[28.83526,63.47338],[28.83903,63.47635],[28.84222,63.47718],[28.84373,63.47673],[28.84817,63.47727],[28.84991,63.47849],[28.84638,63.48253],[28.84834,63.48471],[28.85187,63.48525],[28.87457,63.4794],[28.89178,63.4717],[28.89771,63.47261],[28.90484,63.47102],[28.90849,63.47127],[28.91184,63.47676],[28.9119,63.48132],[28.92174,63.48481],[28.9334,63.49353],[28.9478,63.49604],[28.96504,63.49766],[28.96722,63.50614],[28.96524,63.51195],[28.9478,63.5196],[28.94641,63.524],[28.93401,63.53502],[28.93943,63.53676],[28.94397,63.53955],[28.94622,63.54237],[28.94852,63.54316],[28.95183,63.54045],[28.95482,63.54091],[28.95444,63.54118],[28.95519,63.54212],[28.9586,63.54203],[28.95884,63.54229],[28.955,63.54403],[28.95484,63.54498],[28.9566,63.54588],[28.96669,63.54854],[28.96875,63.55023],[28.97417,63.55148],[28.97939,63.55039],[28.98296,63.55134],[28.98939,63.55231],[28.99561,63.55276],[28.99654,63.55332],[29.01142,63.55646],[29.0366,63.56013],[29.04589,63.56016],[29.05653,63.55889],[29.05892,63.5597],[29.06649,63.56013],[29.07591,63.55934],[29.08082,63.55855],[29.09108,63.55811],[29.09276,63.55853],[29.09541,63.55761],[29.11353,63.55522],[29.11751,63.55385],[29.1263,63.55602],[29.14024,63.55848],[29.14752,63.56095],[29.15036,63.56289],[29.1532,63.56715],[29.15086,63.56805],[29.14888,63.5699],[29.14762,63.57207],[29.14828,63.57425],[29.14885,63.5744],[29.14178,63.57962],[29.13964,63.58318],[29.13756,63.58437],[29.13478,63.58515],[29.12626,63.58874],[29.12356,63.59009],[29.12228,63.5913],[29.11924,63.59493],[29.11883,63.6011],[29.11705,63.60452],[29.121,63.60524],[29.12394,63.60882],[29.12381,63.61195],[29.12999,63.61731],[29.13642,63.61779],[29.13914,63.61898],[29.14103,63.61893],[29.14765,63.61742],[29.15446,63.61866],[29.15046,63.61975],[29.14618,63.62295],[29.14101,63.62485],[29.13932,63.63642],[29.14774,63.63754],[29.15306,63.6401],[29.1507,63.64078],[29.14565,63.64131],[29.14367,63.64211],[29.13588,63.64959],[29.13066,63.65158],[29.13279,63.65254],[29.13498,63.65233],[29.14105,63.65477],[29.14666,63.65786],[29.15207,63.65931],[29.15791,63.66217],[29.15373,63.6632],[29.14906,63.66492],[29.14136,63.66646],[29.13537,63.66824],[29.12377,63.67031],[29.13449,63.67976],[29.13625,63.68337],[29.12294,63.68986],[29.11641,63.69464],[29.12322,63.696],[29.15295,63.71387],[29.161,63.71246],[29.16603,63.71024],[29.1711,63.70957],[29.19006,63.7107],[29.19219,63.7114],[29.19472,63.7131],[29.19695,63.71373],[29.2079,63.71568],[29.20831,63.71685],[29.21098,63.71802],[29.21126,63.71992],[29.20637,63.72181],[29.20524,63.72334],[29.20775,63.72362],[29.20872,63.72411],[29.21075,63.72742],[29.21039,63.72865],[29.21146,63.73175],[29.2109,63.73293],[29.21596,63.7351],[29.21696,63.73688],[29.21393,63.74055],[29.21818,63.74174],[29.22045,63.74174],[29.22301,63.74327],[29.22762,63.74369],[29.23359,63.7437],[29.23831,63.74478],[29.24352,63.74543],[29.2444,63.74648],[29.24181,63.74927],[29.24149,63.75029],[29.2422,63.75161],[29.24078,63.75301],[29.24706,63.75554],[29.24814,63.7557],[29.25117,63.755],[29.25373,63.75493],[29.25746,63.75405],[29.2606,63.755],[29.26631,63.75536],[29.26735,63.75614],[29.26786,63.75782],[29.26656,63.75941],[29.26713,63.76077],[29.2667,63.76222],[29.26962,63.76344],[29.27648,63.76402],[29.28052,63.76297],[29.2834,63.76306],[29.28484,63.76351],[29.28553,63.76456],[29.28934,63.76527],[29.29215,63.76517],[29.29417,63.76559],[29.2957,63.76563],[29.29997,63.76469],[29.30157,63.76515],[29.30259,63.76626],[29.30414,63.76667],[29.3079,63.76621],[29.31322,63.76713],[29.31659,63.76831],[29.30294,63.77433],[29.29452,63.77453],[29.29109,63.77376],[29.28883,63.77369],[29.28191,63.77405],[29.27543,63.77538],[29.27127,63.77812],[29.268,63.77951],[29.26588,63.78252],[29.2663,63.78394],[29.27087,63.78642],[29.27297,63.78851],[29.27277,63.78959],[29.26923,63.7922],[29.25408,63.79517],[29.24947,63.7972],[29.24529,63.79824],[29.2325,63.80568],[29.23007,63.80658],[29.20092,63.81246],[29.19927,63.81305],[29.18462,63.8192],[29.18242,63.82309],[29.17875,63.82613],[29.17004,63.82918],[29.16068,63.83338],[29.15636,63.83462],[29.14411,63.84003],[29.15008,63.84217],[29.15575,63.84669],[29.16291,63.84887],[29.16612,63.85045],[29.16691,63.85183],[29.16657,63.85628],[29.17109,63.86036],[29.1735,63.86371],[29.17324,63.86525],[29.17144,63.86737],[29.15412,63.88221],[29.15302,63.88393],[29.15645,63.89166],[29.15557,63.89537],[29.15692,63.89779],[29.15947,63.90006],[29.16556,63.90192],[29.17387,63.91054],[29.17008,63.91122],[29.13274,63.91434],[29.11132,63.924],[29.09697,63.93681],[29.0843,63.9391],[29.05608,63.94147],[29.033,63.94895],[29.03128,63.94991],[29.02459,63.95617],[29.00952,63.95922],[29.01078,63.96256],[29.0087,63.96428],[29.01349,63.96981],[29.02043,63.9718],[29.02528,63.97035],[29.03354,63.97153],[29.03663,63.97097],[29.03708,63.97275],[29.04018,63.97399],[29.04169,63.97642],[29.03665,63.97859],[29.03761,63.98076],[29.03071,63.98515],[29.01999,63.98704],[29.02165,63.99057],[29.01944,63.99255],[29.01629,63.99412],[29.01061,63.9947],[29.00967,63.9965],[29.00756,63.99758],[29.02049,64.00422],[29.0181,64.006],[29.0116,64.00875],[29.00435,64.01352],[28.99842,64.01422],[28.99401,64.01657],[28.96374,64.02338],[28.95945,64.02632],[28.95359,64.02821],[28.95069,64.02964],[28.9515,64.03009],[28.95194,64.03162],[28.95088,64.03486],[28.9495,64.03627],[28.94988,64.03736],[28.95227,64.0383],[28.95082,64.04061],[28.95086,64.04226],[28.9479,64.04401],[28.95191,64.04527],[28.95316,64.0463],[28.95282,64.04795],[28.95399,64.05114],[28.94968,64.05382],[28.94966,64.05576],[28.94691,64.05698],[28.94109,64.05855],[28.93751,64.05875],[28.92557,64.06066],[28.92355,64.06145],[28.90829,64.07342],[28.91145,64.078],[28.9075,64.08329],[28.90277,64.08561],[28.91292,64.0838],[28.92303,64.08363],[28.93841,64.0849],[28.94356,64.08567],[28.9525,64.08805],[28.95571,64.08852],[28.9655,64.08864],[28.97144,64.08786],[28.97741,64.08659],[28.98798,64.08352],[28.99238,64.08278],[29.00281,64.08246],[29.00625,64.08274],[29.01868,64.08497],[29.01625,64.08876],[29.01052,64.09076],[29.0083,64.0923],[28.99167,64.09851],[28.98707,64.09938],[28.97887,64.09663],[28.97433,64.09605],[28.97391,64.09674],[28.97601,64.09896],[28.9787,64.10504],[28.97765,64.10636],[28.97819,64.10957],[28.9916,64.11777],[28.98348,64.12051],[28.96894,64.12932],[28.96096,64.13154],[28.94766,64.13625],[28.9402,64.14347],[28.93842,64.14437],[28.93232,64.14619],[28.92609,64.147],[28.92623,64.14772],[28.92886,64.15004],[28.93244,64.15204],[28.93546,64.15304],[28.9505,64.16497],[28.95533,64.16745],[28.96096,64.16944],[28.97468,64.1701],[28.98369,64.16853],[29.00112,64.16439],[29.01337,64.1647],[29.03133,64.16888],[29.05046,64.17064],[29.05812,64.1724],[29.06048,64.17312],[29.06694,64.17677],[29.08599,64.18188],[29.10038,64.18248],[29.11027,64.18382],[29.13901,64.19574],[29.14129,64.19829],[29.14863,64.19711],[29.15298,64.19526],[29.15587,64.19459],[29.16156,64.19435],[29.16906,64.19616],[29.17157,64.19901],[29.17758,64.2021],[29.18031,64.20484],[29.18025,64.20599],[29.17552,64.20982],[29.17568,64.21556],[29.16599,64.22986],[29.16382,64.23483],[29.16459,64.2363],[29.1732,64.24145],[29.1764,64.24491],[29.17649,64.24785],[29.16013,64.28],[29.15774,64.28278],[29.16371,64.28439],[29.17237,64.28585],[29.17983,64.28486],[29.18822,64.28524],[29.20545,64.28193],[29.20924,64.28169],[29.23429,64.28754],[29.2456,64.28795],[29.25413,64.2889],[29.263,64.28752],[29.2659,64.28739],[29.27483,64.28713],[29.28232,64.28762],[29.3006,64.28513],[29.31156,64.28466],[29.31583,64.28319],[29.31806,64.28282],[29.3388,64.28191],[29.34565,64.27973],[29.35654,64.28127],[29.37369,64.27768],[29.37668,64.28233],[29.3793,64.28398],[29.39131,64.28892],[29.40532,64.29282],[29.40702,64.29397],[29.41427,64.30171],[29.43384,64.31197],[29.43683,64.3129],[29.45124,64.31522],[29.4476,64.31899],[29.44241,64.32147],[29.43245,64.32434],[29.41977,64.32608],[29.40466,64.32914],[29.39125,64.33379],[29.38236,64.33813],[29.37874,64.33946],[29.38004,64.3414],[29.37558,64.34627],[29.37358,64.34942],[29.37326,64.35249],[29.37184,64.35582],[29.36902,64.35793],[29.36694,64.36134],[29.36758,64.36228],[29.37124,64.36402],[29.37341,64.36664],[29.37574,64.36738],[29.37928,64.36789],[29.38184,64.36914],[29.38368,64.37118],[29.38203,64.37292],[29.37271,64.37567],[29.37211,64.37698],[29.37219,64.38114],[29.3746,64.3827],[29.37587,64.38469],[29.37849,64.38602],[29.38476,64.38613],[29.39489,64.38776],[29.39991,64.38802],[29.40508,64.38915],[29.41079,64.38948],[29.41225,64.39018],[29.41411,64.39274],[29.41583,64.39359],[29.41373,64.39506],[29.40933,64.40061],[29.40289,64.40332],[29.39795,64.40736],[29.37853,64.41713],[29.37529,64.41836],[29.36315,64.42139],[29.34882,64.42432],[29.34181,64.42495],[29.33268,64.42653],[29.32505,64.42898],[29.32069,64.43256],[29.30865,64.43788],[29.29958,64.44113],[29.28071,64.44951],[29.26309,64.45622],[29.25327,64.45844],[29.24313,64.45718],[29.21727,64.45562],[29.21495,64.45575],[29.21233,64.45792],[29.20754,64.46062],[29.20442,64.46432],[29.19762,64.47044],[29.19529,64.47394],[29.19293,64.47505],[29.18459,64.47757],[29.17175,64.48043],[29.18077,64.48525],[29.18301,64.48545],[29.19039,64.48448],[29.19252,64.48458],[29.19857,64.48748],[29.20338,64.48872],[29.20931,64.48882],[29.21938,64.48834],[29.22705,64.49043],[29.23425,64.48927],[29.23806,64.48941],[29.24558,64.49129],[29.25037,64.49327],[29.2567,64.49135],[29.26059,64.49216],[29.26304,64.49225],[29.26558,64.49307],[29.27402,64.49377],[29.28283,64.49259],[29.28461,64.49266],[29.28386,64.49401],[29.28432,64.49545],[29.2828,64.49698],[29.27535,64.50012],[29.27095,64.50456],[29.26615,64.50584],[29.2594,64.5101],[29.24173,64.51044],[29.238,64.5097],[29.23626,64.50971],[29.22825,64.51123],[29.22776,64.51177],[29.22834,64.51351],[29.22747,64.51411],[29.21078,64.51726],[29.2084,64.51725],[29.20264,64.51596],[29.19728,64.51686],[29.1878,64.52209],[29.17996,64.52776],[29.17522,64.52941],[29.16446,64.53092],[29.1597,64.53216],[29.15587,64.53426],[29.15248,64.53757],[29.14875,64.53938],[29.14138,64.54086],[29.12935,64.5406],[29.12298,64.54105],[29.11746,64.54223],[29.11001,64.54474],[29.10673,64.54741],[29.10541,64.54936],[29.10504,64.55128],[29.10651,64.55391],[29.11191,64.55776],[29.11242,64.55917],[29.11197,64.56164],[29.1135,64.5641],[29.11774,64.5676],[29.11993,64.56873],[29.12841,64.57123],[29.12332,64.58147],[29.1236,64.58323],[29.12583,64.58608],[29.12916,64.58793],[29.13297,64.59182],[29.13189,64.59252],[29.12475,64.59417],[29.12411,64.595],[29.12475,64.59685],[29.12782,64.59677],[29.12835,64.59908],[29.13008,64.60134],[29.13104,64.60222],[29.13316,64.60304],[29.14217,64.60398],[29.14708,64.60595],[29.1496,64.60552],[29.16664,64.60462],[29.17058,64.60503],[29.18141,64.61009],[29.18486,64.61052],[29.18962,64.61085],[29.19314,64.61066],[29.2006,64.60965],[29.22742,64.61058],[29.22962,64.61131],[29.23255,64.61517],[29.23512,64.61594],[29.24412,64.61631],[29.26075,64.61532],[29.26484,64.61546],[29.26741,64.61597],[29.2705,64.61729],[29.28066,64.6247],[29.29676,64.63016],[29.3015,64.62889],[29.31656,64.62804],[29.35661,64.62374],[29.37248,64.62117],[29.38541,64.62119],[29.38572,64.62343],[29.38838,64.62515],[29.4029,64.62865],[29.41062,64.63109],[29.41304,64.63344],[29.41545,64.63458],[29.41786,64.63842],[29.4202,64.64004],[29.42165,64.644],[29.41941,64.64509],[29.4097,64.64771],[29.41172,64.65092],[29.40825,64.65397],[29.41145,64.65597],[29.40763,64.65901],[29.40289,64.66034],[29.39433,64.66132],[29.38364,64.66108],[29.36465,64.66433],[29.35744,64.66805],[29.36029,64.67075],[29.36133,64.6729],[29.36364,64.67349],[29.37779,64.67344],[29.38149,64.67554],[29.38761,64.67606],[29.39183,64.67792],[29.39097,64.6791],[29.38653,64.68099],[29.39156,64.68161],[29.41036,64.68181],[29.42019,64.68267],[29.42765,64.68375],[29.43889,64.68321],[29.45018,64.68449],[29.46074,64.68363],[29.46881,64.68217],[29.47239,64.68218],[29.48028,64.68366],[29.48617,64.68411],[29.4892,64.68666],[29.48919,64.69386],[29.48662,64.69868],[29.4853,64.70038],[29.47927,64.70377],[29.47521,64.70857],[29.47617,64.7122],[29.46758,64.72457],[29.46887,64.73075],[29.46035,64.73456],[29.44917,64.73618],[29.43983,64.73708],[29.43919,64.73927],[29.44035,64.74702],[29.46793,64.74626],[29.48623,64.74639],[29.49115,64.75423],[29.50022,64.75671],[29.50419,64.75915],[29.50673,64.7625],[29.51359,64.76732],[29.51358,64.76969],[29.50753,64.78028],[29.50889,64.78248],[29.51213,64.78361],[29.51947,64.78511],[29.52265,64.78697],[29.53737,64.78857],[29.54246,64.78766],[29.55686,64.7894],[29.56673,64.78915],[29.58247,64.79006],[29.58862,64.79098],[29.5933,64.79461],[29.59376,64.79903],[29.59896,64.80419],[29.60233,64.81025],[29.60171,64.8148],[29.61087,64.81936],[29.6152,64.8193],[29.61763,64.82005],[29.62701,64.81802],[29.63049,64.82017],[29.63437,64.82178],[29.63842,64.82625],[29.64499,64.82835],[29.65303,64.8324],[29.65493,64.83533],[29.65013,64.83937],[29.64616,64.84156],[29.6428,64.84265],[29.63938,64.84613],[29.63802,64.8468],[29.63235,64.84819],[29.63065,64.84915],[29.63107,64.85132],[29.62976,64.8532],[29.62235,64.85682],[29.62022,64.86062],[29.61461,64.86391],[29.60379,64.8674],[29.60035,64.8679],[29.5931,64.87142],[29.5885,64.87256],[29.58334,64.87312],[29.57666,64.87256],[29.56948,64.87498],[29.5666,64.87525],[29.56087,64.87508],[29.55464,64.87598],[29.54788,64.87566],[29.54078,64.8759],[29.53234,64.87717],[29.51785,64.87668],[29.51532,64.87726],[29.51353,64.87911],[29.50621,64.88261],[29.51349,64.88561],[29.51724,64.88843],[29.52369,64.88964],[29.52534,64.89048],[29.52579,64.89369],[29.5242,64.89628],[29.52739,64.90105],[29.52727,64.90356],[29.52581,64.90482],[29.52316,64.90586],[29.51438,64.90808],[29.51298,64.90969],[29.51423,64.91101],[29.51585,64.91158],[29.52629,64.91308],[29.52862,64.91381],[29.52991,64.91479],[29.53086,64.91733],[29.53503,64.92122],[29.53517,64.92256],[29.53264,64.92782],[29.52749,64.93184],[29.52713,64.93489],[29.52618,64.93571],[29.51823,64.93946],[29.51711,64.94064],[29.51704,64.94199],[29.52159,64.94635],[29.52408,64.95499],[29.52266,64.95659],[29.50946,64.96582],[29.50729,64.9682],[29.50676,64.97023],[29.50677,64.98406],[29.50585,64.98577],[29.50296,64.98688],[29.48529,64.98946],[29.47363,64.9919],[29.47054,64.99267],[29.467,64.99432],[29.47204,64.99641],[29.47419,64.99795],[29.48423,65.00741],[29.48542,65.00923],[29.48553,65.01178],[29.48316,65.02454],[29.48376,65.02726],[29.48552,65.02923],[29.49721,65.03834],[29.49985,65.03956],[29.51957,65.04538],[29.52358,65.04727],[29.52589,65.04926],[29.535,65.06017],[29.53656,65.05955],[29.54197,65.05871],[29.54483,65.05741],[29.55964,65.05545],[29.56192,65.05528],[29.57764,65.05601],[29.57909,65.05677],[29.58125,65.05709],[29.58798,65.06008],[29.58807,65.06564],[29.59505,65.06838],[29.60929,65.07152],[29.61489,65.07343],[29.61045,65.08014],[29.60729,65.08159],[29.60769,65.08186],[29.61299,65.08282],[29.61484,65.08274],[29.63507,65.07671],[29.64383,65.07709],[29.64671,65.07945],[29.65141,65.08132],[29.65279,65.0847],[29.65229,65.08547],[29.64501,65.08904],[29.64001,65.09208],[29.63572,65.09321],[29.62858,65.09351],[29.61174,65.09519],[29.6067,65.09718],[29.60611,65.1003],[29.61445,65.10046],[29.61893,65.10134],[29.62594,65.1039],[29.66988,65.11505],[29.68047,65.11729],[29.71247,65.11705],[29.72366,65.11977],[29.72747,65.12002],[29.7604,65.11823],[29.75981,65.12103],[29.76353,65.12715],[29.76244,65.13034],[29.76307,65.1321],[29.74825,65.13531],[29.7092,65.13697],[29.71218,65.14096],[29.71823,65.14442],[29.71923,65.1512],[29.71419,65.15173],[29.70784,65.15187],[29.70339,65.15326],[29.69411,65.15395],[29.69119,65.15489],[29.68423,65.15583],[29.67701,65.15899],[29.66697,65.16522],[29.66319,65.16586],[29.65765,65.166],[29.65569,65.16654],[29.65328,65.16822],[29.63919,65.1702],[29.63734,65.17146],[29.6379,65.17461],[29.63953,65.17599],[29.65005,65.17681],[29.65511,65.1782],[29.66033,65.17882],[29.66214,65.17941],[29.66239,65.18971],[29.66087,65.19123],[29.65516,65.19389],[29.65089,65.19896],[29.6543,65.19899],[29.66354,65.19803],[29.66871,65.19929],[29.67049,65.20024],[29.67029,65.20259],[29.67365,65.20375],[29.67356,65.20457],[29.67479,65.20619],[29.67414,65.21296],[29.67017,65.21346],[29.66459,65.2164],[29.65816,65.21858],[29.65319,65.2212],[29.64585,65.22065],[29.64066,65.2195],[29.63722,65.21938],[29.63084,65.22131],[29.62045,65.22089],[29.61049,65.22237],[29.6025,65.2227],[29.59936,65.22333],[29.59201,65.22377],[29.58592,65.22642],[29.57987,65.22531],[29.57464,65.22519],[29.57187,65.22536],[29.56668,65.22662],[29.55517,65.22693],[29.55022,65.22774],[29.54463,65.22806],[29.53398,65.227],[29.52148,65.22325],[29.51466,65.22213],[29.51003,65.2208],[29.50898,65.21994],[29.50435,65.21883],[29.49653,65.21917],[29.4939,65.21895],[29.49087,65.21852],[29.48558,65.21665],[29.47382,65.21691],[29.47215,65.21848],[29.47042,65.2192],[29.4689,65.21933],[29.46654,65.22149],[29.46487,65.22213],[29.46425,65.22343],[29.46664,65.23199],[29.46591,65.2353],[29.46666,65.23828],[29.46443,65.23935],[29.46194,65.23999],[29.44018,65.24132],[29.43048,65.24415],[29.4134,65.24476],[29.41049,65.2457],[29.40469,65.24939],[29.401,65.25042],[29.38654,65.25012],[29.38358,65.26106],[29.38482,65.26227],[29.39066,65.26463],[29.40066,65.27325],[29.40293,65.27402],[29.41353,65.27475],[29.42533,65.27381],[29.42881,65.27441],[29.4513,65.28604],[29.44821,65.29007],[29.44915,65.29132],[29.44855,65.30501],[29.44915,65.3057],[29.44701,65.30617],[29.44688,65.30741],[29.44585,65.30844],[29.4425,65.30943],[29.43915,65.3099],[29.43563,65.312],[29.4334,65.31269],[29.43254,65.31466],[29.42903,65.31608],[29.42847,65.31866],[29.42924,65.3205],[29.42851,65.32136],[29.42486,65.32282],[29.42516,65.32651],[29.42195,65.32834],[29.41332,65.33037],[29.40933,65.3335],[29.40418,65.33445],[29.40933,65.33728],[29.41023,65.3405],[29.4183,65.34539],[29.41916,65.34655],[29.41778,65.34827],[29.41246,65.35037],[29.41152,65.35127],[29.40675,65.35329],[29.40658,65.35449],[29.41027,65.35445],[29.42147,65.35698],[29.42465,65.35715],[29.42714,65.35681],[29.43031,65.35578],[29.43825,65.35543],[29.44619,65.35449],[29.44958,65.3547],[29.45302,65.35445],[29.45941,65.35247],[29.46383,65.35179],[29.47237,65.35217],[29.47778,65.35415],[29.47876,65.35543],[29.48121,65.35685],[29.48211,65.35955],[29.481,65.36054],[29.47834,65.3617],[29.47447,65.3647],[29.47409,65.36518],[29.47477,65.36612],[29.47628,65.36685],[29.48052,65.36719],[29.48679,65.36852],[29.49069,65.37183],[29.49271,65.3726],[29.49387,65.37479],[29.49584,65.3756],[29.50443,65.37672],[29.51396,65.37887],[29.51301,65.37951],[29.51563,65.38311],[29.51511,65.38582],[29.51061,65.39084],[29.50687,65.40359],[29.50147,65.40719],[29.52284,65.40912],[29.56073,65.41058],[29.55991,65.41764],[29.55729,65.42093],[29.55755,65.42211],[29.56177,65.42785],[29.56613,65.4312],[29.5651,65.43304],[29.55779,65.43688],[29.55552,65.43947],[29.55565,65.44106],[29.56147,65.44534],[29.56235,65.44808],[29.56528,65.45013],[29.56535,65.45215],[29.56288,65.45457],[29.5606,65.45561],[29.55372,65.45774],[29.54801,65.45855],[29.54558,65.45945],[29.54394,65.46088],[29.54234,65.4636],[29.53239,65.46921],[29.52471,65.47515],[29.51569,65.47944],[29.51442,65.48499],[29.50977,65.4926],[29.51049,65.49346],[29.51537,65.49606],[29.51669,65.49818],[29.51524,65.50076],[29.51079,65.50563],[29.50781,65.50646],[29.49898,65.50672],[29.48631,65.50798],[29.4843,65.5087],[29.48123,65.51068],[29.48047,65.51227],[29.48209,65.5137],[29.48544,65.51463],[29.48817,65.51608],[29.49319,65.51728],[29.50536,65.5195],[29.52378,65.52015],[29.53014,65.52241],[29.53193,65.52385],[29.53488,65.53719],[29.539,65.54481],[29.53922,65.54743],[29.54271,65.55648],[29.54282,65.55876],[29.54566,65.56451],[29.56457,65.58418],[29.56444,65.58785],[29.56144,65.59038],[29.55875,65.59179],[29.56825,65.60039],[29.57014,65.60282],[29.5715,65.61408],[29.58132,65.62036],[29.58438,65.62083],[29.5952,65.62088],[29.59809,65.62155],[29.60635,65.6284],[29.60733,65.63038],[29.60545,65.63181],[29.58552,65.63941],[29.58025,65.64078],[29.57634,65.64094],[29.54,65.63914],[29.53524,65.63945],[29.5322,65.6402],[29.51469,65.64774],[29.51388,65.64855],[29.51363,65.6521],[29.51288,65.65339],[29.48862,65.66812],[29.48706,65.66951],[29.4867,65.67313],[29.5147,65.67633],[29.5177,65.67677],[29.52415,65.6786],[29.52789,65.67751],[29.53443,65.67654],[29.53874,65.67547],[29.54241,65.67553],[29.54384,65.67484],[29.55341,65.6738],[29.55863,65.67259],[29.56043,65.67425],[29.56301,65.67461],[29.56491,65.67562],[29.56921,65.67589],[29.57253,65.6773],[29.59369,65.68005],[29.60053,65.67937],[29.60485,65.67968],[29.61169,65.67793],[29.62096,65.67847],[29.62755,65.67759],[29.63096,65.67797],[29.63456,65.67725],[29.63925,65.67506],[29.64772,65.67382],[29.65049,65.67287],[29.65294,65.67287],[29.65679,65.67376],[29.66008,65.67587],[29.66463,65.67751],[29.66854,65.67785],[29.67186,65.67882],[29.67369,65.68166],[29.67749,65.68395],[29.67899,65.68399],[29.68361,65.68315],[29.69565,65.68253],[29.69829,65.68563],[29.70056,65.68647],[29.71829,65.68664],[29.72439,65.69083],[29.72863,65.69218],[29.73036,65.69321],[29.73502,65.69349],[29.74011,65.69441],[29.74175,65.69841],[29.73975,65.70083],[29.7401,65.7019],[29.75288,65.70519],[29.75143,65.70745],[29.75251,65.70955],[29.74987,65.71239],[29.74047,65.71741],[29.73775,65.72025],[29.73694,65.72223],[29.73372,65.72486],[29.73262,65.72734],[29.71314,65.73176],[29.70269,65.7322],[29.68547,65.73495],[29.68179,65.73612],[29.6754,65.739],[29.6741,65.74259],[29.67159,65.74433],[29.67049,65.74598],[29.67232,65.75009],[29.67416,65.75087],[29.69012,65.7516],[29.7024,65.75113],[29.70448,65.75129],[29.70639,65.75189],[29.71492,65.75206],[29.73527,65.74946],[29.741,65.74833],[29.74381,65.74717],[29.74823,65.74644],[29.75838,65.7432],[29.77744,65.74132],[29.79208,65.7394],[29.80641,65.73463],[29.82492,65.73087],[29.82763,65.7294],[29.83276,65.72806],[29.83582,65.72825],[29.83899,65.72979],[29.84376,65.73071],[29.85055,65.73093],[29.85532,65.73056],[29.8604,65.73142],[29.87198,65.73032],[29.88266,65.73148],[29.89326,65.73043],[29.89744,65.73137],[29.90217,65.73151],[29.90362,65.73189],[29.90544,65.73383],[29.90781,65.7348],[29.91184,65.73885],[29.90613,65.74392],[29.89644,65.74691],[29.89557,65.7482],[29.89671,65.74941],[29.89656,65.75018],[29.89409,65.75168],[29.89318,65.75303],[29.89321,65.75485],[29.89044,65.75624],[29.8888,65.75783],[29.88982,65.7592],[29.89447,65.76023],[29.90028,65.7629],[29.90958,65.764],[29.91332,65.76326],[29.91947,65.76279],[29.92316,65.76184],[29.92569,65.76176],[29.94117,65.76332],[29.94512,65.76304],[29.95206,65.7617],[29.96093,65.76098],[29.97957,65.75548],[29.98527,65.75416],[29.98917,65.7567],[29.99204,65.76103],[29.99526,65.76391],[30.00288,65.7649],[30.01088,65.76441],[30.01874,65.76543],[30.02105,65.76608],[30.02695,65.76891],[30.03018,65.77247],[30.03693,65.77577],[30.04158,65.78212],[30.04486,65.78326],[30.04732,65.78548],[30.04803,65.78835],[30.04696,65.7903],[30.04916,65.79388],[30.04903,65.79467],[30.04658,65.79631],[30.04517,65.7986],[30.04222,65.80022],[30.04069,65.80462],[30.03036,65.80807],[30.02528,65.80887],[30.01041,65.8126],[30.00213,65.81776],[29.9991,65.81824],[29.99236,65.81827],[29.97714,65.82206],[29.97404,65.82319],[29.99121,65.82582],[29.99789,65.83076],[29.99778,65.83409],[30.00081,65.83588],[30.00917,65.83688],[30.01613,65.83615],[30.01988,65.8372],[30.02613,65.83745],[30.03056,65.8407],[30.03841,65.84393],[30.0403,65.84593],[30.04096,65.84882],[30.04561,65.85388],[30.04427,65.85785],[30.04239,65.85863],[30.02449,65.86092],[30.02518,65.86318],[30.0263,65.86403],[30.033,65.86676],[30.03512,65.8682],[30.04374,65.8709],[30.05102,65.87211],[30.05755,65.87121],[30.0606,65.87124],[30.06269,65.87185],[30.06348,65.87294],[30.06119,65.87543],[30.04918,65.87894],[30.04832,65.88191],[30.04742,65.88289],[30.04358,65.88469],[30.04196,65.8885],[30.03871,65.89044],[30.03698,65.89253],[30.03309,65.8944],[30.00328,65.89971],[29.99419,65.90245],[29.99232,65.90365],[29.98815,65.90463],[29.96853,65.90669],[29.96415,65.90579],[29.94247,65.90708],[29.92838,65.90901],[29.91725,65.90775],[29.90413,65.90965],[29.89041,65.91399],[29.88237,65.91588],[29.87207,65.91898],[29.86101,65.92133],[29.86122,65.92322],[29.8631,65.92491],[29.86555,65.9309],[29.86683,65.93746],[29.89193,65.93616],[29.92978,65.93598],[29.95496,65.93931],[29.95085,65.94472],[29.95462,65.94696],[29.96312,65.94627],[29.97891,65.95039],[29.98387,65.95294],[30.00341,65.95192],[30.00948,65.95421],[30.01472,65.95904],[30.01219,65.96354],[29.99425,65.96766],[29.94666,65.9768],[29.93774,65.9754],[29.90835,65.97902],[29.90049,65.98299],[29.88484,65.98514],[29.86458,65.99488],[29.84232,65.9978],[29.83887,65.99773],[29.83215,65.99612],[29.82982,65.9959],[29.81572,65.99634],[29.80961,65.99777],[29.80643,65.99898],[29.80489,66.0002],[29.80363,66.0102],[29.80093,66.01504],[29.80689,66.01597],[29.81963,66.02061],[29.83447,66.02249],[29.84032,66.02425],[29.84796,66.02438],[29.85639,66.02394],[29.85936,66.02429],[29.86801,66.02873],[29.87205,66.02944],[29.88556,66.03055],[29.90511,66.03711],[29.89905,66.04143],[29.89743,66.04202],[29.85974,66.04596],[29.84242,66.051],[29.84078,66.05392],[29.83545,66.0561],[29.82813,66.05696],[29.82389,66.05834],[29.81307,66.06062],[29.79097,66.06169],[29.77662,66.06408],[29.7749,66.06454],[29.77299,66.06577],[29.79632,66.07186],[29.8124,66.07719],[29.8202,66.07775],[29.83121,66.07721],[29.84513,66.07758],[29.85219,66.07937],[29.86259,66.08033],[29.86854,66.08232],[29.88342,66.08361],[29.89182,66.08514],[29.89282,66.0857],[29.89296,66.08771],[29.89028,66.08896],[29.88126,66.08978],[29.87104,66.09237],[29.86868,66.09253],[29.86361,66.09206],[29.845,66.09459],[29.83087,66.09753],[29.83125,66.09875],[29.82857,66.10204],[29.82844,66.10912],[29.82441,66.1112],[29.81833,66.11532],[29.81335,66.11703],[29.81193,66.11802],[29.81,66.12319],[29.81238,66.12339],[29.81913,66.125],[29.83117,66.12549],[29.84291,66.12524],[29.85031,66.12636],[29.85209,66.1293],[29.85104,66.13099],[29.8496,66.13187],[29.85092,66.13459],[29.84733,66.1379],[29.84728,66.14037],[29.84621,66.14249],[29.84783,66.14356],[29.85354,66.14546],[29.85391,66.14629],[29.85303,66.14734],[29.83935,66.15171],[29.83218,66.15273],[29.81566,66.15831],[29.81286,66.15757],[29.80371,66.15873],[29.80188,66.1594],[29.79696,66.16012],[29.78939,66.16246],[29.78732,66.16266],[29.78756,66.16576],[29.79012,66.16647],[29.79206,66.16753],[29.79213,66.16993],[29.79019,66.17088],[29.79007,66.17144],[29.78706,66.1719],[29.78155,66.17202],[29.76202,66.17885],[29.76022,66.18011],[29.73748,66.18247],[29.73052,66.1825],[29.7226,66.1832],[29.71063,66.18343],[29.6726,66.18523],[29.65825,66.18852],[29.65604,66.19063],[29.6457,66.19463],[29.62696,66.19611],[29.62021,66.19414],[29.61797,66.1928],[29.60949,66.1909],[29.59924,66.18957],[29.58514,66.18837],[29.58136,66.18756],[29.57767,66.18505],[29.56901,66.17472],[29.56745,66.17167],[29.5677,66.16676],[29.56546,66.16334],[29.55975,66.16369],[29.55527,66.16482],[29.54668,66.16935],[29.53933,66.17014],[29.53452,66.17226],[29.52775,66.17383],[29.51425,66.17575],[29.50908,66.17856],[29.50083,66.18017],[29.49635,66.18064],[29.48714,66.18362],[29.48553,66.18532],[29.48798,66.18697],[29.48763,66.18776],[29.48626,66.18822],[29.47957,66.18901],[29.47351,66.19085],[29.46566,66.19676],[29.46454,66.19867],[29.46416,66.20187],[29.46311,66.20297],[29.45892,66.20578],[29.4506,66.20881],[29.44485,66.21163],[29.4352,66.21732],[29.4076,66.21998],[29.40246,66.21941],[29.38873,66.21609],[29.38168,66.21548],[29.37289,66.21698],[29.35536,66.21852],[29.34705,66.2187],[29.3384,66.2227],[29.33318,66.22857],[29.32883,66.22999],[29.3078,66.23227],[29.29065,66.23157],[29.28783,66.23177],[29.27755,66.23319],[29.27471,66.23407],[29.27266,66.23535],[29.27029,66.23795],[29.26575,66.23963],[29.25815,66.24113],[29.25108,66.24544],[29.24978,66.2482],[29.24388,66.2492],[29.24196,66.25103],[29.24917,66.25059],[29.25476,66.25072],[29.26624,66.25411],[29.28654,66.25549],[29.29243,66.2565],[29.30287,66.26128],[29.31067,66.26273],[29.32023,66.26034],[29.33362,66.26185],[29.34878,66.26424],[29.35569,66.26317],[29.35983,66.26345],[29.36292,66.26401],[29.3657,66.2656],[29.36862,66.2661],[29.37484,66.26619],[29.37673,66.2666],[29.37744,66.26719],[29.37782,66.26924],[29.38076,66.27023],[29.38312,66.27036],[29.38102,66.27201],[29.38224,66.27528],[29.3811,66.27614],[29.38097,66.27745],[29.37845,66.27828],[29.374,66.27821],[29.36811,66.28275],[29.37639,66.28441],[29.37891,66.28559],[29.38463,66.28638],[29.38593,66.28724],[29.38608,66.29214],[29.38476,66.29359],[29.38755,66.29881],[29.38579,66.30157],[29.38696,66.30428],[29.38829,66.30503],[29.39314,66.30572],[29.39447,66.30704],[29.38814,66.31459],[29.38829,66.31578],[29.40021,66.32377],[29.40065,66.3283],[29.39785,66.32981],[29.38858,66.32974],[29.3849,66.32855],[29.37475,66.32918],[29.37519,66.33094],[29.36887,66.3349],[29.36872,66.33723],[29.36607,66.33855],[29.34312,66.3383],[29.33679,66.33981],[29.31163,66.34333],[29.29486,66.33327],[29.28599,66.33165],[29.2677,66.33322],[29.25866,66.33286],[29.25509,66.33165],[29.25478,66.3299],[29.2594,66.32527],[29.26066,66.32172],[29.25698,66.31993],[29.24322,66.32011],[29.23838,66.31889],[29.22545,66.3131],[29.21768,66.31175],[29.20895,66.31121],[29.20423,66.30919],[29.19655,66.30775],[29.16692,66.30879],[29.14642,66.30591],[29.1379,66.31589],[29.12431,66.32284],[29.11732,66.32818],[29.10871,66.33221],[29.10223,66.33647],[29.09527,66.33908],[29.08691,66.34093],[29.07484,66.34241],[29.07106,66.34509],[29.0644,66.34828],[29.06048,66.351],[29.05001,66.35631],[29.04643,66.35768],[29.04028,66.35894],[29.03812,66.36011],[29.03469,66.36459],[29.04217,66.37298],[29.04125,66.37544],[29.0391,66.37772],[29.04302,66.38363],[29.04421,66.38839],[29.04406,66.38944],[29.04137,66.39221],[29.03977,66.3928],[29.0316,66.39306],[29.01789,66.38942],[28.92406,66.3985],[28.87677,66.39589],[28.85768,66.39949],[28.85579,66.4021],[28.86273,66.40596],[28.86189,66.41584],[28.87156,66.425],[28.86777,66.42626],[28.84122,66.44131],[28.78826,66.44652],[28.77775,66.4556],[28.78657,66.46215],[28.71784,66.4865],[28.62746,66.51776],[28.56672,66.52782],[28.55651,66.53507],[28.54162,66.53774],[28.52101,66.53776],[28.51919,66.54714],[28.49933,66.55482],[28.49422,66.56434],[28.46847,66.57121],[28.45964,66.57871],[28.4628,66.58087],[28.44966,66.58213],[28.44756,66.5868],[28.45838,66.59075],[28.45418,66.59642],[28.45519,66.59737],[28.4435,66.60114],[28.43694,66.60003],[28.42942,66.60051],[28.41739,66.60447],[28.40499,66.60226],[28.40264,66.60501],[28.39642,66.60628],[28.38507,66.61261],[28.3762,66.61295],[28.35812,66.61893],[28.36248,66.63938],[28.36057,66.64786],[28.36381,66.6544],[28.36159,66.65731],[28.34557,66.6648],[28.33508,66.66362],[28.3226,66.66032],[28.31383,66.66067],[28.29965,66.65913],[28.27474,66.66517],[28.25404,66.67648],[28.26269,66.67631],[28.27008,66.67748],[28.28435,66.68446],[28.29775,66.68632],[28.31368,66.69535],[28.30182,66.70444],[28.31234,66.71092],[28.32349,66.71452],[28.32349,66.72131],[28.31996,66.72433],[28.29657,66.72722],[28.30642,66.73087],[28.30966,66.73741],[28.30304,66.74093],[28.29848,66.74583],[28.30039,66.75193],[28.33294,66.75846],[28.35878,66.76789],[28.37521,66.77249],[28.37664,66.77443],[28.37437,66.77856],[28.36534,66.7846],[28.37307,66.78932],[28.37023,66.79103],[28.38011,66.79633],[28.382,66.7988],[28.38652,66.80158],[28.40365,66.80468],[28.40618,66.80661],[28.40891,66.80661],[28.41154,66.80904],[28.41269,66.812],[28.41112,66.81443],[28.43766,66.80811],[28.46654,66.80485],[28.49135,66.79944],[28.51931,66.80083],[28.55067,66.81363],[28.58467,66.81868],[28.63056,66.82807],[28.65843,66.83096],[28.66501,66.83281],[28.67666,66.83757],[28.68687,66.8402],[28.69228,66.8421],[28.69407,66.84601],[28.69553,66.84743],[28.71605,66.85715],[28.71755,66.8582],[28.71936,66.86028],[28.72128,66.8654],[28.72505,66.86879],[28.72932,66.87097],[28.74415,66.87625],[28.74918,66.87857],[28.75069,66.88041],[28.75088,66.88609],[28.75614,66.88966],[28.75871,66.89207],[28.76284,66.89394],[28.77386,66.89706],[28.78078,66.90092],[28.79566,66.90512],[28.81317,66.91276],[28.81593,66.91417],[28.81772,66.91583],[28.81975,66.91993],[28.82327,66.92185],[28.83664,66.92416],[28.84265,66.92557],[28.85224,66.9269],[28.85311,66.9265],[28.85625,66.92748],[28.85822,66.9269],[28.86886,66.92827],[28.89783,66.93006],[28.89614,66.93236],[28.91893,66.93231],[28.92202,66.9334],[28.92297,66.93699],[28.92722,66.93959],[28.94024,66.94177],[28.96273,66.94218],[28.96436,66.94497],[28.96273,66.94722],[28.96252,66.95039],[28.96111,66.95215],[28.9486,66.96234],[28.94339,66.96586],[28.94183,66.96838],[28.94177,66.96987],[28.94304,66.97135],[28.94899,66.97518],[28.94919,66.97717],[28.94687,66.98042],[28.94795,66.98268],[28.96173,66.98956],[28.97499,66.99266],[28.99101,66.99946],[29.00861,67.0107],[29.0107,67.01261],[29.01192,67.01477],[29.01212,67.01675],[29.01133,67.01895],[29.00956,67.02099],[29.00114,67.02679],[29.029,67.04241],[29.0386,67.04663],[29.04318,67.05047],[29.0528,67.05186],[29.06574,67.05625],[29.06631,67.05712],[29.06608,67.06139],[29.07375,67.06887],[29.07365,67.07524],[29.07088,67.07884],[29.07077,67.08397],[29.07134,67.08488],[29.07815,67.08742],[29.0919,67.08915],[29.10053,67.0937],[29.11674,67.09776],[29.11803,67.09869],[29.11936,67.10222],[29.12497,67.10562],[29.12812,67.10921],[29.13885,67.11394],[29.14171,67.11596],[29.14485,67.12141],[29.15787,67.1254],[29.16083,67.12725],[29.16357,67.12936],[29.16185,67.13407],[29.16367,67.13704],[29.16868,67.14138],[29.16554,67.14386],[29.16812,67.14818],[29.16482,67.15148],[29.16503,67.15452],[29.17146,67.15638],[29.1729,67.15951],[29.17766,67.16124],[29.17993,67.16271],[29.18086,67.16603],[29.18574,67.17013],[29.19001,67.17231],[29.19138,67.17465],[29.19742,67.1778],[29.20318,67.18515],[29.20989,67.18788],[29.22277,67.19423],[29.22714,67.19557],[29.23719,67.20083],[29.23716,67.20169],[29.23523,67.20344],[29.23577,67.21031],[29.23701,67.21126],[29.24246,67.21268],[29.24313,67.21326],[29.23966,67.22341],[29.23981,67.2274],[29.23145,67.233],[29.2231,67.23964],[29.22277,67.2487],[29.22958,67.26301],[29.23988,67.26935],[29.24318,67.27461],[29.24354,67.28322],[29.24769,67.28666],[29.24763,67.28993],[29.24985,67.29304],[29.25365,67.29579],[29.26956,67.30189],[29.27795,67.30783],[29.27781,67.3098],[29.27903,67.31086],[29.29394,67.31422],[29.30944,67.324],[29.35254,67.33449],[29.35591,67.33547],[29.35676,67.3361],[29.36286,67.34391],[29.36335,67.34754],[29.36912,67.35571],[29.36792,67.36334],[29.36826,67.36519],[29.375,67.37634],[29.37521,67.37724],[29.37102,67.38621],[29.37026,67.38707],[29.36077,67.39155],[29.34972,67.38943],[29.34657,67.38777],[29.33939,67.38789],[29.33811,67.38822],[29.32567,67.39686],[29.31865,67.4003],[29.29854,67.41203],[29.29347,67.41641],[29.27832,67.42129],[29.27231,67.42245],[29.25087,67.43227],[29.24948,67.43329],[29.24598,67.44025],[29.24706,67.44311],[29.24651,67.44547],[29.24071,67.44853],[29.23826,67.4506],[29.23092,67.45432],[29.23532,67.45916],[29.24116,67.46178],[29.24853,67.47295],[29.23605,67.47378],[29.22394,67.47621],[29.22054,67.4789],[29.21139,67.48028],[29.20654,67.48257],[29.20086,67.48321],[29.19758,67.48473],[29.19367,67.48413],[29.1822,67.4799],[29.17387,67.47885],[29.16568,67.47543],[29.15691,67.4737],[29.15496,67.47403],[29.15035,67.47723],[29.14941,67.47928],[29.14296,67.48306],[29.14903,67.4847],[29.15344,67.48982],[29.1665,67.49445],[29.17305,67.49494],[29.18579,67.50067],[29.18217,67.50743],[29.18132,67.51077],[29.18283,67.51432],[29.18778,67.51915],[29.19333,67.5202],[29.20052,67.52363],[29.20515,67.52469],[29.20789,67.52592],[29.21073,67.53001],[29.21149,67.53416],[29.21284,67.53694],[29.21215,67.53802],[29.21085,67.53796],[29.20803,67.5391],[29.20629,67.54215],[29.20177,67.54377],[29.20246,67.54411],[29.20134,67.54388],[29.19348,67.54631],[29.16824,67.54976],[29.16572,67.551],[29.16089,67.5515],[29.15515,67.55461],[29.15094,67.55565],[29.14504,67.55622],[29.13568,67.55609],[29.12523,67.5586],[29.14362,67.56417],[29.14656,67.56844],[29.17074,67.57311],[29.18219,67.57401],[29.18787,67.58101],[29.17,67.58497],[29.16559,67.59027],[29.15529,67.61686],[29.1555,67.61973],[29.16453,67.62323],[29.18555,67.62575],[29.19753,67.63141],[29.19808,67.63269],[29.18799,67.64151],[29.19025,67.64112],[29.19764,67.64273],[29.20331,67.64664],[29.20721,67.64801],[29.20942,67.64987],[29.20983,67.65191],[29.21377,67.65236],[29.21434,67.65428],[29.21314,67.65511],[29.21371,67.65565],[29.21768,67.65681],[29.22613,67.66163],[29.23382,67.66371],[29.22374,67.67061],[29.21951,67.67225],[29.20507,67.67611],[29.20764,67.67851],[29.20746,67.68072],[29.18976,67.70392],[29.16652,67.71993],[29.16134,67.72653],[29.1578,67.72932],[29.14927,67.73326],[29.14814,67.73483],[29.14981,67.74006],[29.14938,67.74433],[29.1412,67.75005],[29.14091,67.75208],[29.13766,67.75487],[29.13849,67.75621],[29.14243,67.75704],[29.14459,67.75812],[29.14434,67.75868],[29.14193,67.75974],[29.14,67.76038],[29.12812,67.76257],[29.07413,67.75575],[29.03737,67.75624],[29.02485,67.75718],[29.02124,67.75689],[29.0104,67.75464],[28.9774,67.74425],[28.96301,67.74085],[28.9576,67.73916],[28.9518,67.7363],[28.94599,67.73209],[28.94236,67.7309],[28.91943,67.73035],[28.9129,67.72981],[28.90832,67.72875],[28.89906,67.72527],[28.88361,67.7211],[28.87843,67.72018],[28.87245,67.72001],[28.85707,67.72135],[28.85211,67.72143],[28.79263,67.71466],[28.76913,67.71382],[28.76894,67.71114],[28.76591,67.70955],[28.76255,67.70831],[28.75335,67.70692],[28.74833,67.70552],[28.73765,67.69888],[28.72738,67.69665],[28.72279,67.69445],[28.72001,67.67883],[28.72547,67.6735],[28.72044,67.66709],[28.72057,67.66279],[28.71975,67.66137],[28.71623,67.65956],[28.71316,67.65885],[28.7098,67.662],[28.7102,67.66463],[28.7098,67.66587],[28.70879,67.66652],[28.66758,67.67883],[28.65183,67.68291],[28.6455,67.68442],[28.59972,67.68826],[28.60168,67.71649],[28.60587,67.71948],[28.60607,67.72295],[28.60228,67.72577],[28.60402,67.74758],[28.59847,67.75523],[28.60281,67.75512],[28.6211,67.75895],[28.6323,67.7638],[28.64185,67.76512],[28.65818,67.76607],[28.66126,67.76672],[28.6739,67.77685],[28.6739,67.78173],[28.65545,67.7891],[28.64451,67.80238],[28.64723,67.80669],[28.66078,67.81218],[28.66411,67.80976],[28.67168,67.8071],[28.67216,67.80648],[28.67131,67.8049],[28.67503,67.80288],[28.67522,67.80191],[28.67692,67.80022],[28.67512,67.79858],[28.67345,67.79844],[28.66534,67.79925],[28.66481,67.79956],[28.66549,67.79989],[28.66484,67.79957],[28.66537,67.79925],[28.67354,67.79842],[28.6751,67.79858],[28.67689,67.80021],[28.67518,67.8019],[28.67491,67.80301],[28.67136,67.80482],[28.67212,67.80664],[28.6717,67.80707],[28.66409,67.80977],[28.66079,67.81218],[28.64744,67.80684],[28.64451,67.80244],[28.65555,67.78907],[28.674,67.78172],[28.67396,67.7769],[28.66138,67.76677],[28.65843,67.76607],[28.64198,67.76515],[28.63179,67.76377],[28.62142,67.75897],[28.60255,67.7552],[28.59545,67.75558],[28.58602,67.75504],[28.57872,67.75574],[28.54668,67.75419],[28.52546,67.74795],[28.47401,67.74473],[28.4517,67.74068],[28.4442,67.73815],[28.42567,67.73738],[28.40092,67.7325],[28.39227,67.7281],[28.3642,67.72057],[28.32913,67.71462],[28.3252,67.71278],[28.32352,67.71055],[28.29305,67.71861],[28.30072,67.72984],[28.29617,67.75746],[28.30344,67.76156],[28.33014,67.76256],[28.35744,67.76961],[28.36037,67.77778],[28.35181,67.78122],[28.33881,67.78428],[28.32404,67.79421],[28.30696,67.79865],[28.28748,67.7979],[28.28277,67.80036],[28.28433,67.80437],[28.28336,67.81086],[28.28704,67.81356],[28.27149,67.82404],[28.27168,67.83184],[28.24863,67.83462],[28.2154,67.84704],[28.2134,67.84855],[28.21417,67.85378],[28.19954,67.86659],[28.1968,67.86765],[28.13177,67.88327],[28.13061,67.8833],[28.10174,67.87534],[28.08315,67.86901],[28.06197,67.85905],[28.05776,67.85466],[28.05515,67.85292],[28.04972,67.85025],[28.04484,67.84899],[28.02791,67.84856],[28.01507,67.84754],[27.97433,67.84996],[27.95414,67.84958],[27.94019,67.85073],[27.93553,67.85056],[27.9216,67.84832],[27.91807,67.847],[27.90818,67.84178],[27.89743,67.83955],[27.89326,67.83894],[27.88068,67.83897],[27.87373,67.83832],[27.86733,67.83725],[27.8576,67.83705],[27.84908,67.83471],[27.83746,67.83418],[27.81145,67.83065],[27.79585,67.82577],[27.7912,67.82529],[27.78495,67.82544],[27.78228,67.82517],[27.7798,67.82443],[27.73694,67.82156],[27.72981,67.81971],[27.72682,67.82098],[27.71213,67.82138],[27.65761,67.81212],[27.62908,67.80918],[27.54295,67.82382],[27.46396,67.84759],[27.37812,67.85797],[27.36198,67.87384],[27.30401,67.88217],[27.22747,67.88018],[27.21668,67.89216],[27.17259,67.90657],[27.08904,67.91664],[27.04288,67.93625],[26.9791,67.94101],[26.92458,67.93022],[26.80997,67.96655],[26.77611,67.95243],[26.76263,67.95935],[26.75621,67.96033],[26.75443,67.96192],[26.73672,67.96476],[26.72721,67.96485],[26.72044,67.96429],[26.71648,67.96481],[26.71268,67.96656],[26.71085,67.96916],[26.68715,67.97983],[26.68293,67.98273],[26.66896,67.98692],[26.66568,67.98718],[26.65965,67.98674],[26.65667,67.98732],[26.64219,67.99538],[26.63894,67.99902],[26.62845,67.99981],[26.59709,68.00971],[26.59076,68.01342],[26.57724,68.01375],[26.57428,68.01509],[26.57483,68.02205],[26.5122,68.03565],[26.49271,68.0432],[26.47526,68.04783],[26.46239,68.05436],[26.45007,68.05563],[26.42975,68.05491],[26.40435,68.0584],[26.39384,68.05546],[26.38664,68.04969],[26.38152,68.04864],[26.36038,68.04919],[26.34721,68.04637],[26.33654,68.04203],[26.33339,68.04197],[26.31984,68.04455],[26.30429,68.04295],[26.28795,68.04699],[26.27529,68.04854],[26.26019,68.05433],[26.24123,68.05713],[26.23428,68.06022],[26.23066,68.05956],[26.22553,68.05742],[26.21276,68.05451],[26.1866,68.05094],[26.18375,68.04465],[26.159,68.02869],[26.15663,68.01755],[26.13406,68.0121],[26.12119,68.00237],[26.12088,67.99348],[26.17843,67.94986],[26.17314,67.93754],[26.15797,67.92691],[26.15884,67.90724],[26.20116,67.87571],[26.19938,67.87005],[26.14237,67.86359],[26.09522,67.84195],[26.06761,67.83996],[26.05563,67.83173],[25.98192,67.82694],[25.94667,67.82126],[25.9142,67.82007],[25.79561,67.83777],[25.75827,67.83537],[25.75311,67.83716],[25.74442,67.8428],[25.73604,67.84627],[25.73498,67.84755],[25.73615,67.84887],[25.73915,67.8507],[25.7458,67.8531],[25.74634,67.8545],[25.74593,67.85649],[25.73139,67.86102],[25.7232,67.86586],[25.71693,67.86766],[25.71225,67.86805],[25.70789,67.86909],[25.70473,67.8694],[25.70192,67.87123],[25.70858,67.87313],[25.70941,67.87466],[25.71269,67.87501],[25.71828,67.87413],[25.72091,67.8744],[25.73415,67.87928],[25.73864,67.87968],[25.75171,67.87994],[25.75699,67.87943],[25.76182,67.87695],[25.76433,67.87622],[25.77706,67.87481],[25.78126,67.87391],[25.78661,67.87176],[25.79793,67.8717],[25.80029,67.87235],[25.8026,67.87454],[25.80264,67.87535],[25.8042,67.8761],[25.8039,67.87698],[25.80777,67.87813],[25.81684,67.87723],[25.82687,67.87934],[25.83299,67.87733],[25.83804,67.87662],[25.84737,67.8777],[25.85449,67.87928],[25.86331,67.88253],[25.86876,67.88329],[25.87301,67.89868],[25.86373,67.90885],[25.86434,67.91148],[25.85766,67.91506],[25.85602,67.91805],[25.85143,67.92215],[25.84023,67.92536],[25.83698,67.92547],[25.82711,67.92452],[25.81864,67.92498],[25.81373,67.92433],[25.79958,67.92499],[25.79038,67.92481],[25.78092,67.92532],[25.77592,67.92624],[25.76931,67.92676],[25.76077,67.92875],[25.75193,67.92807],[25.73931,67.9293],[25.73376,67.93077],[25.7297,67.93015],[25.72782,67.92895],[25.72444,67.92881],[25.7095,67.93008],[25.70775,67.93097],[25.70202,67.93058],[25.68919,67.93494],[25.68542,67.9417],[25.67255,67.94684],[25.66423,67.95635],[25.65873,67.96059],[25.65928,67.96701],[25.65845,67.96867],[25.65369,67.97205],[25.65222,67.9747],[25.64851,67.97627],[25.64763,67.97777],[25.64533,67.97889],[25.64037,67.97933],[25.63206,67.97928],[25.61697,67.98136],[25.609,67.98122],[25.55349,67.97031],[25.54197,67.96646],[25.52766,67.97231],[25.52408,67.97682],[25.51719,67.98082],[25.51342,67.98236],[25.50298,67.98553],[25.50033,67.98675],[25.49901,67.98811],[25.49907,67.98967],[25.50586,67.99532],[25.50638,67.9975],[25.50442,67.99926],[25.49041,68.006],[25.48548,68.01053],[25.48195,68.01177],[25.44421,68.01874],[25.43891,68.01622],[25.4011,68.01748],[25.36285,68.01371],[25.35238,68.01919],[25.35461,68.03144],[25.33851,68.04272],[25.31118,68.05314],[25.31137,68.05827],[25.3074,68.06199],[25.29339,68.05902],[25.28743,68.0571],[25.25926,68.03882],[25.2559,68.03679],[25.24927,68.034],[25.23915,68.03046],[25.21153,68.02332],[25.20766,68.02098],[25.19636,68.0176],[25.18866,68.01208],[25.18317,68.00396],[25.14944,68.027],[25.12926,68.0328],[25.12422,68.03859],[25.11381,68.04155],[25.10372,68.05301],[25.0826,68.06109],[25.08935,68.07491],[25.03461,68.08227],[25.03005,68.08378],[25.02299,68.08189],[25.01681,68.08233],[24.99283,68.08742],[24.98297,68.08692],[24.95663,68.09264],[24.91102,68.09063],[24.88777,68.09182],[24.86806,68.08906],[24.85423,68.08881],[24.8404,68.09201],[24.82877,68.09157],[24.82152,68.09235],[24.82215,68.08601],[24.8294,68.07941],[24.83657,68.07082],[24.83697,68.0662],[24.81963,68.05677],[24.81459,68.04694],[24.8067,68.0433],[24.78716,68.03926],[24.7777,68.03238],[24.77517,68.02389],[24.76572,68.01716],[24.70581,68.00368],[24.70108,68.00031],[24.6758,68.00268],[24.67134,68.00263],[24.66804,68.00306],[24.66205,68.00449],[24.6592,68.00605],[24.65553,68.0068],[24.6536,68.00786],[24.64664,68.0096],[24.64418,68.01155],[24.64362,68.01301],[24.6417,68.01395],[24.63862,68.0169],[24.64277,68.02669],[24.64206,68.02925],[24.6381,68.03114],[24.62652,68.03385],[24.6216,68.03704],[24.61346,68.03989],[24.61019,68.04051],[24.60768,68.04051],[24.60549,68.03994],[24.60408,68.0392],[24.59973,68.03513],[24.59497,68.03366],[24.57841,68.0315],[24.57418,68.03176],[24.5696,68.03275],[24.56131,68.0356],[24.55921,68.03755],[24.55321,68.04114],[24.5515,68.04367],[24.54639,68.04692],[24.53975,68.04812],[24.53718,68.04978],[24.52245,68.05357],[24.51381,68.05681],[24.51229,68.05792],[24.51062,68.05826],[24.49535,68.05701],[24.5002,68.03663],[24.50653,68.03129],[24.49844,68.02676],[24.49496,68.02667],[24.48824,68.02857],[24.48071,68.02886],[24.47878,68.0284],[24.46305,68.02092],[24.44032,68.01851],[24.44268,68.00749],[24.44552,68.00336],[24.44132,67.98818],[24.43196,67.984],[24.41462,67.98207],[24.39938,67.97502],[24.3852,67.97807],[24.37816,67.98122],[24.36703,67.98244],[24.35168,67.98221],[24.33338,67.98487],[24.32795,67.98528],[24.32774,67.98869],[24.31934,67.99084],[24.32375,67.99713],[24.31828,68.00153],[24.296,68.0071],[24.2663,68.00033],[24.23883,68.00504],[24.23143,68.0053],[24.21918,68.00065],[24.20562,68.00029],[24.19763,68.00096],[24.19091,68.00339],[24.18786,68.00806],[24.17882,68.01113],[24.17857,68.01522],[24.17693,68.01709],[24.15846,68.0231],[24.15047,68.0309],[24.14046,68.03612],[24.13796,68.05693],[24.15047,68.07473],[24.18177,68.08975],[24.18924,68.09439],[24.19123,68.1004],[24.207,68.10767],[24.21366,68.11388],[24.21322,68.11853],[24.21955,68.12885],[24.21881,68.1374],[24.22288,68.14026],[24.22171,68.1404],[24.21944,68.14152],[24.21574,68.14388],[24.21135,68.14921],[24.20673,68.15084],[24.20333,68.15302],[24.198,68.15467],[24.19531,68.15661],[24.1931,68.15912],[24.18904,68.16159],[24.18118,68.16347],[24.17291,68.16797],[24.17022,68.16894],[24.15747,68.17068],[24.15176,68.17484],[24.15043,68.17533],[24.14704,68.17595],[24.14044,68.17615],[24.13484,68.17728],[24.12869,68.18173],[24.12773,68.18307],[24.12755,68.18514],[24.12676,68.18579],[24.12442,68.1866],[24.11793,68.18781],[24.11645,68.18845],[24.11064,68.19637],[24.10092,68.19965],[24.09487,68.20251],[24.08723,68.20435],[24.0795,68.20825],[24.0726,68.21086],[24.07064,68.21218],[24.06037,68.22174],[24.0591,68.22334],[24.05829,68.22681],[24.05662,68.22892],[24.04968,68.23324],[24.04634,68.23798],[24.04773,68.23973],[24.04602,68.24698],[24.03121,68.25262],[24.02761,68.25542],[24.03392,68.26183],[24.0343,68.26507],[24.02919,68.26924],[24.02887,68.27267],[24.03505,68.27682],[24.03669,68.27978],[24.0353,68.28213],[24.03026,68.28512],[24.02168,68.28862],[24.02011,68.29091],[24.02288,68.29582],[24.02446,68.29692],[24.02831,68.29816],[24.03177,68.30156],[24.04186,68.30568],[24.0512,68.30681],[24.0645,68.31231],[24.08159,68.31589],[24.09716,68.32775],[24.11219,68.33293],[24.12129,68.33726],[24.13048,68.34472],[24.13151,68.34942],[24.1328,68.3514],[24.14936,68.36495],[24.16335,68.37153],[24.16829,68.37312],[24.17729,68.37457],[24.18772,68.37981],[24.20053,68.384],[24.20203,68.38534],[24.20278,68.38782],[24.20235,68.39092],[24.18854,68.39777],[24.17598,68.40029],[24.15631,68.40238],[24.1352,68.4072],[24.13054,68.40869],[24.11139,68.41097],[24.08014,68.4197],[24.07755,68.42111],[24.06977,68.4309],[24.04732,68.44185],[24.04136,68.44268],[24.02855,68.44233],[24.01978,68.44268],[24.01328,68.44189],[24.01102,68.44122],[23.99387,68.42978],[23.97526,68.42353],[23.9662,68.4196],[23.96255,68.41863],[23.93474,68.41391],[23.87764,68.40969],[23.85482,68.41073],[23.84761,68.41075],[23.84381,68.41054],[23.83001,68.40812],[23.80769,68.4091],[23.80349,68.40834],[23.7989,68.40691],[23.78773,68.40596],[23.77161,68.40279],[23.76824,68.40252],[23.76222,68.40291],[23.7588,68.40275],[23.75223,68.40173],[23.73867,68.39885],[23.73593,68.3987],[23.72926,68.39936],[23.7238,68.39949],[23.7139,68.39861],[23.68816,68.39498],[23.66889,68.39417],[23.6658,68.39311],[23.6624,68.39059],[23.65603,68.38938],[23.65078,68.38697],[23.6329,68.38401],[23.61947,68.38542],[23.61861,68.38521],[23.60487,68.38596],[23.59225,68.40223],[23.59027,68.40393],[23.58685,68.40566],[23.56924,68.41068],[23.54029,68.41717],[23.52865,68.42076],[23.52544,68.42225],[23.51965,68.42618],[23.51609,68.42784],[23.50573,68.43111],[23.46561,68.44582],[23.46268,68.4473],[23.45753,68.45149],[23.45326,68.45354],[23.44177,68.45685],[23.42054,68.46014],[23.41357,68.46178],[23.38285,68.47433],[23.37576,68.4782],[23.35999,68.48345],[23.34874,68.48812],[23.31994,68.49763],[23.31324,68.50147],[23.31079,68.50465],[23.3096,68.50836],[23.3055,68.51534],[23.3056,68.52239],[23.30752,68.52465],[23.31919,68.53227],[23.32193,68.53498],[23.32257,68.53715],[23.32038,68.54375],[23.31977,68.55063],[23.3202,68.55367],[23.32252,68.55717],[23.3332,68.56805],[23.34024,68.58035],[23.34119,68.58374],[23.33969,68.59991],[23.3285,68.62095],[23.33067,68.63972],[23.32817,68.65192],[23.32715,68.65438],[23.32138,68.66215],[23.3206,68.66464]]}},{"type":"Feature","properties":{"name":"TET_FIN-02_20260802","country":"FI","lengthKm":1198.4},"geometry":{"type":"LineString","coordinates":[[24.09245,60.93604],[24.08572,60.93593],[24.07147,60.93796],[24.05235,60.93863],[24.03763,60.93733],[24.03211,60.9374],[24.0316,60.93827],[24.03396,60.94198],[24.03379,60.9434],[24.03932,60.94672],[24.04012,60.94931],[24.0403,60.95605],[24.03774,60.95932],[24.03822,60.95984],[24.03734,60.96176],[24.0394,60.96255],[24.03677,60.96304],[24.03329,60.96495],[24.02875,60.96624],[24.02709,60.96717],[24.02877,60.96725],[24.02951,60.96809],[24.02868,60.96904],[24.02707,60.96945],[24.01744,60.9687],[24.00926,60.96971],[24.00014,60.97323],[23.99735,60.97298],[23.98557,60.976],[23.98263,60.98072],[23.97744,60.98189],[23.97498,60.98354],[23.96689,60.98725],[23.96718,60.98895],[23.95629,60.99203],[23.97067,61.00704],[23.97404,61.00786],[23.97501,61.00872],[23.9743,61.01031],[23.96619,61.01097],[23.9628,61.01211],[23.96075,61.01167],[23.95953,61.01219],[23.95718,61.01244],[23.95661,61.01274],[23.95724,61.01414],[23.96024,61.01534],[23.96187,61.01709],[23.96389,61.01777],[23.9655,61.01923],[23.97414,61.02056],[23.97597,61.02171],[23.98019,61.02282],[23.98155,61.0243],[23.98145,61.0282],[23.98688,61.03051],[23.98653,61.03702],[23.99501,61.04015],[23.99441,61.04144],[23.99173,61.04171],[23.99107,61.04226],[23.99132,61.04407],[23.98514,61.04741],[23.97421,61.05158],[23.97115,61.05358],[23.96321,61.05584],[23.95943,61.05596],[23.95753,61.05735],[23.95725,61.05851],[23.9512,61.05708],[23.94287,61.05847],[23.92984,61.05771],[23.92091,61.05847],[23.91607,61.06],[23.91113,61.05937],[23.90115,61.05977],[23.88707,61.0639],[23.88297,61.06422],[23.87866,61.06619],[23.87267,61.06759],[23.86615,61.06592],[23.86161,61.06742],[23.86037,61.06835],[23.8609,61.07052],[23.85943,61.07298],[23.85367,61.0744],[23.849,61.07422],[23.84724,61.07488],[23.84224,61.07484],[23.84077,61.07556],[23.84061,61.07832],[23.83284,61.08254],[23.82622,61.08416],[23.8085,61.09251],[23.80379,61.09566],[23.79982,61.09635],[23.79292,61.10046],[23.78214,61.09826],[23.77981,61.09883],[23.76921,61.09792],[23.76495,61.10119],[23.7595,61.10207],[23.75345,61.10478],[23.74582,61.10698],[23.73684,61.10635],[23.73229,61.1127],[23.72316,61.11295],[23.71346,61.11802],[23.71198,61.12252],[23.71481,61.12503],[23.71286,61.12721],[23.69754,61.13503],[23.69155,61.13692],[23.68921,61.13894],[23.68461,61.1408],[23.69306,61.14861],[23.69079,61.14923],[23.68871,61.1527],[23.68698,61.15793],[23.68774,61.15956],[23.68547,61.16016],[23.68425,61.16008],[23.67854,61.15674],[23.67542,61.15679],[23.67183,61.15525],[23.67057,61.15514],[23.66086,61.15684],[23.6567,61.15662],[23.64749,61.15894],[23.64247,61.16097],[23.63089,61.16768],[23.62595,61.1675],[23.62059,61.16871],[23.61481,61.16916],[23.61113,61.17181],[23.60514,61.17262],[23.59431,61.17563],[23.59316,61.17846],[23.58691,61.18004],[23.57484,61.18033],[23.57278,61.17975],[23.57062,61.1799],[23.56437,61.18234],[23.55706,61.18254],[23.5489,61.18446],[23.54638,61.1867],[23.54487,61.18687],[23.53516,61.18537],[23.5302,61.18397],[23.51304,61.18712],[23.51279,61.19049],[23.50333,61.19251],[23.50529,61.19514],[23.50462,61.19619],[23.4998,61.19949],[23.48963,61.20094],[23.48742,61.20265],[23.4821,61.2033],[23.47143,61.20592],[23.45961,61.2056],[23.4552,61.20732],[23.45373,61.20919],[23.44551,61.21053],[23.44301,61.21207],[23.44335,61.21233],[23.44562,61.21228],[23.44589,61.21304],[23.44318,61.21416],[23.44225,61.21524],[23.44015,61.21589],[23.43784,61.21602],[23.43424,61.21717],[23.43008,61.21732],[23.42937,61.21817],[23.4296,61.2195],[23.42686,61.22089],[23.42502,61.22269],[23.41951,61.22388],[23.4161,61.22501],[23.41451,61.22612],[23.41131,61.22647],[23.40509,61.22789],[23.40282,61.22893],[23.40198,61.22996],[23.39786,61.23136],[23.39475,61.23341],[23.39649,61.23437],[23.39712,61.23697],[23.39323,61.23696],[23.38882,61.23872],[23.3863,61.2391],[23.37524,61.23942],[23.37188,61.23993],[23.36721,61.23955],[23.36196,61.24038],[23.36023,61.24158],[23.35569,61.24273],[23.35405,61.24246],[23.35258,61.24117],[23.3467,61.24095],[23.3422,61.23975],[23.33558,61.24027],[23.33402,61.24057],[23.33314,61.24153],[23.32753,61.24363],[23.32723,61.24494],[23.32395,61.246],[23.32286,61.24679],[23.31638,61.24721],[23.31242,61.24639],[23.30305,61.24536],[23.29971,61.24435],[23.2963,61.24431],[23.29378,61.24358],[23.28682,61.24301],[23.27814,61.23994],[23.27709,61.23747],[23.27351,61.23671],[23.26868,61.23742],[23.26659,61.24014],[23.26132,61.24123],[23.25911,61.24337],[23.26063,61.24511],[23.26142,61.24803],[23.26073,61.25259],[23.25638,61.25274],[23.24965,61.25388],[23.24537,61.25669],[23.24223,61.25681],[23.2395,61.25796],[23.22943,61.25675],[23.22975,61.25996],[23.22735,61.26133],[23.22571,61.26173],[23.22401,61.26413],[23.21834,61.26642],[23.21329,61.26788],[23.20463,61.27162],[23.19664,61.27679],[23.19128,61.28213],[23.18845,61.28308],[23.18182,61.29116],[23.18088,61.29141],[23.1787,61.29102],[23.17306,61.29175],[23.16792,61.29061],[23.16133,61.29001],[23.15796,61.28933],[23.15537,61.28977],[23.15153,61.29119],[23.15039,61.29322],[23.15085,61.29464],[23.14896,61.296],[23.14867,61.298],[23.14635,61.30042],[23.14055,61.30323],[23.13551,61.30407],[23.13097,61.30668],[23.12248,61.30707],[23.12058,61.30806],[23.11995,61.30946],[23.11815,61.30955],[23.11428,61.30833],[23.0962,61.30571],[23.09592,61.30721],[23.09432,61.3091],[23.09369,61.31558],[23.09175,61.31979],[23.08914,61.32083],[23.08552,61.31979],[23.08422,61.31877],[23.08279,61.31835],[23.08061,61.31862],[23.07918,61.31837],[23.07686,61.31706],[23.06913,61.31505],[23.06766,61.31232],[23.06409,61.31076],[23.05458,61.31004],[23.04874,61.31171],[23.0463,61.31059],[23.04525,61.31059],[23.04017,61.31241],[23.03209,61.31207],[23.02789,61.31291],[23.02125,61.31248],[23.01818,61.31174],[23.01482,61.31372],[23.00463,61.3183],[22.99927,61.3214],[23.00053,61.33052],[22.9982,61.33535],[22.97237,61.33487],[22.94946,61.33504],[22.94555,61.33477],[22.93004,61.33571],[22.91869,61.33981],[22.91528,61.34037],[22.91459,61.34129],[22.91263,61.34223],[22.90778,61.34285],[22.90448,61.34622],[22.90107,61.34735],[22.92245,61.35651],[22.93954,61.36015],[22.9542,61.36789],[22.94827,61.36908],[22.94588,61.37115],[22.93873,61.37523],[22.93789,61.37623],[22.93903,61.38063],[22.93638,61.38353],[22.93827,61.38635],[22.93243,61.39298],[22.92662,61.3959],[22.92668,61.39732],[22.92487,61.39838],[22.91864,61.40526],[22.91609,61.40683],[22.9157,61.41019],[22.91638,61.4124],[22.91494,61.41505],[22.91883,61.41756],[22.91537,61.41935],[22.9141,61.42093],[22.91171,61.42151],[22.90527,61.42497],[22.90243,61.42987],[22.90401,61.43539],[22.91273,61.4375],[22.9141,61.43845],[22.91399,61.44155],[22.91024,61.44289],[22.90926,61.44388],[22.91031,61.44559],[22.91967,61.44954],[22.92198,61.45242],[22.92512,61.45302],[22.93144,61.4557],[22.93479,61.45593],[22.93983,61.45516],[22.94352,61.45597],[22.95309,61.46077],[22.95876,61.46149],[22.96139,61.4627],[22.96353,61.46681],[22.96517,61.46753],[22.96588,61.46864],[22.96349,61.46904],[22.9621,61.46984],[22.96484,61.47328],[22.9651,61.47477],[22.968,61.4778],[22.96815,61.47937],[22.96948,61.48107],[22.97276,61.48169],[22.97465,61.48318],[22.97897,61.48492],[22.98035,61.48586],[22.98123,61.4881],[22.98386,61.48956],[22.98777,61.48969],[22.98995,61.49121],[22.98978,61.49207],[22.99649,61.49374],[22.99781,61.49464],[22.99689,61.49585],[22.99731,61.49684],[22.99943,61.49744],[22.99998,61.49812],[23.00582,61.49906],[23.01299,61.49879],[23.0144,61.49969],[23.01482,61.50087],[23.01431,61.50138],[23.01551,61.50312],[22.98474,61.50595],[22.95119,61.50542],[22.94428,61.50653],[22.94354,61.50682],[22.94716,61.508],[22.94637,61.50896],[22.947,61.50968],[22.94599,61.51036],[22.9459,61.51199],[22.94458,61.51307],[22.94426,61.51568],[22.94603,61.51716],[22.94906,61.51764],[22.9447,61.51862],[22.94417,61.51961],[22.94067,61.5212],[22.93837,61.52463],[22.94234,61.52624],[22.94294,61.52748],[22.94086,61.52859],[22.9401,61.53163],[22.93771,61.53401],[22.93802,61.53689],[22.94206,61.53778],[22.94569,61.53629],[22.95101,61.53535],[22.95008,61.53676],[22.95045,61.54034],[22.95142,61.54164],[22.9531,61.54228],[22.95634,61.54545],[22.96082,61.54801],[22.96259,61.55064],[22.96199,61.5517],[22.95723,61.55361],[22.9546,61.55653],[22.9587,61.56187],[22.95612,61.56399],[22.95408,61.56475],[22.94871,61.56565],[22.94802,61.56607],[22.94809,61.56794],[22.93947,61.57126],[22.93897,61.5725],[22.94036,61.57477],[22.93888,61.57744],[22.93934,61.58082],[22.94502,61.58224],[22.94765,61.5836],[22.94927,61.58381],[22.94939,61.5842],[22.94758,61.58525],[22.9463,61.58783],[22.9492,61.58917],[22.94886,61.59089],[22.95272,61.59476],[22.95038,61.59766],[22.95844,61.59774],[22.96053,61.59871],[22.96568,61.59856],[22.97142,61.59966],[22.97501,61.5995],[22.97678,61.59797],[22.98044,61.59681],[22.98737,61.59894],[22.98769,61.60012],[22.98561,61.60298],[22.98183,61.60571],[22.96928,61.61691],[22.98422,61.62074],[22.98832,61.62316],[22.99185,61.62351],[22.98971,61.625],[22.99053,61.62748],[22.98746,61.63266],[22.99128,61.63693],[22.99938,61.63888],[22.99761,61.64305],[22.99805,61.64366],[23.00533,61.6443],[23.00923,61.64586],[23.01555,61.65228],[23.01688,61.65586],[23.02425,61.65825],[23.02685,61.66026],[23.03645,61.66196],[23.05278,61.6686],[23.05272,61.66391],[23.05398,61.66021],[23.05565,61.6581],[23.05991,61.65799],[23.06394,61.6572],[23.06981,61.65791],[23.07438,61.6573],[23.07772,61.65729],[23.08028,61.6557],[23.08236,61.6555],[23.08844,61.65667],[23.09708,61.65628],[23.10588,61.65535],[23.1096,61.65431],[23.12104,61.65383],[23.12763,61.65295],[23.13384,61.65309],[23.13359,61.6542],[23.13615,61.65918],[23.14147,61.66205],[23.14923,61.6652],[23.1543,61.66527],[23.16086,61.66467],[23.16058,61.66404],[23.16259,61.66236],[23.16893,61.65795],[23.16858,61.65474],[23.17139,61.65181],[23.18555,61.66206],[23.18312,61.66513],[23.18447,61.66628],[23.18438,61.66953],[23.1927,61.67035],[23.19553,61.66992],[23.20392,61.66707],[23.21336,61.66572],[23.21903,61.66383],[23.22534,61.66338],[23.23816,61.66724],[23.25319,61.66873],[23.26096,61.68561],[23.26412,61.7016],[23.26002,61.70527],[23.24982,61.7094],[23.24915,61.71077],[23.25235,61.71551],[23.25627,61.71867],[23.25762,61.72296],[23.26078,61.72463],[23.26328,61.72516],[23.2658,61.72649],[23.26857,61.72673],[23.29636,61.72747],[23.31061,61.72668],[23.31128,61.73074],[23.31692,61.73199],[23.32968,61.73226],[23.33428,61.73284],[23.34105,61.73487],[23.34361,61.73487],[23.34942,61.73386],[23.35446,61.73461],[23.35537,61.74183],[23.35105,61.75119],[23.35176,61.7519],[23.35355,61.7525],[23.35526,61.75594],[23.36156,61.76065],[23.36932,61.76175],[23.37323,61.76569],[23.37039,61.77008],[23.36755,61.77148],[23.35986,61.7786],[23.35601,61.78304],[23.35639,61.78714],[23.34607,61.79589],[23.348,61.79814],[23.34733,61.80007],[23.34114,61.80563],[23.33792,61.80675],[23.339,61.80855],[23.33548,61.81139],[23.33367,61.81437],[23.32404,61.82401],[23.32555,61.82859],[23.32862,61.83069],[23.34898,61.83847],[23.34879,61.84001],[23.35094,61.84281],[23.35075,61.84383],[23.34835,61.84561],[23.34861,61.84882],[23.34987,61.85019],[23.34791,61.85413],[23.35006,61.85542],[23.35037,61.85669],[23.3493,61.85927],[23.35094,61.86318],[23.34976,61.86953],[23.35447,61.87796],[23.348,61.88299],[23.34726,61.88701],[23.35756,61.8906],[23.37021,61.89632],[23.37181,61.90191],[23.37704,61.90528],[23.37831,61.90808],[23.37824,61.90953],[23.37982,61.91153],[23.38694,61.9104],[23.39552,61.90778],[23.39785,61.90606],[23.40012,61.90622],[23.40397,61.90536],[23.40889,61.90557],[23.41368,61.90282],[23.41904,61.90132],[23.42453,61.90034],[23.43689,61.89733],[23.44338,61.89676],[23.44817,61.89401],[23.44798,61.89086],[23.44887,61.88862],[23.47031,61.90283],[23.47199,61.90566],[23.4804,61.90656],[23.48796,61.90863],[23.51161,61.9067],[23.51581,61.90274],[23.51432,61.89772],[23.53217,61.89063],[23.54881,61.88166],[23.55474,61.8801],[23.55667,61.87821],[23.55991,61.87717],[23.56198,61.88003],[23.56879,61.88347],[23.57283,61.88472],[23.58077,61.88577],[23.58225,61.8862],[23.58637,61.88871],[23.59036,61.88948],[23.60095,61.87892],[23.60373,61.87729],[23.60553,61.87499],[23.61377,61.86981],[23.62015,61.86896],[23.62946,61.86902],[23.63278,61.86956],[23.63764,61.86896],[23.64163,61.86913],[23.64197,61.87133],[23.64668,61.87511],[23.64798,61.87522],[23.65271,61.87816],[23.65305,61.8824],[23.65245,61.88487],[23.66528,61.88384],[23.68152,61.87942],[23.69838,61.87715],[23.72559,61.87698],[23.7288,61.88313],[23.73423,61.88454],[23.74123,61.89102],[23.7476,61.89398],[23.7527,61.89505],[23.75284,61.9001],[23.74861,61.90479],[23.74168,61.90813],[23.74168,61.90943],[23.73644,61.9132],[23.73121,61.9149],[23.72768,61.91786],[23.7294,61.91875],[23.73216,61.92417],[23.7314,61.92668],[23.73298,61.93573],[23.7362,61.93943],[23.73324,61.948],[23.73555,61.95044],[23.74335,61.95327],[23.74084,61.96201],[23.73425,61.96646],[23.7391,61.97541],[23.73349,61.98163],[23.72231,61.98911],[23.72231,61.99364],[23.71318,61.99521],[23.70628,61.99942],[23.70148,62.00075],[23.69887,62.00106],[23.69766,62.00331],[23.69519,62.00515],[23.69477,62.00932],[23.69971,62.01525],[23.71022,62.01727],[23.71348,62.0206],[23.7118,62.02361],[23.71232,62.02549],[23.71537,62.02635],[23.71905,62.02864],[23.72325,62.02954],[23.72014,62.03204],[23.72014,62.03592],[23.71374,62.04521],[23.7087,62.04813],[23.69441,62.05383],[23.69188,62.05717],[23.68915,62.05792],[23.69474,62.06873],[23.71517,62.07584],[23.72488,62.07489],[23.72921,62.07194],[23.73447,62.07254],[23.73678,62.07361],[23.73527,62.0781],[23.7356,62.08057],[23.738,62.081],[23.73746,62.08302],[23.738,62.08423],[23.73981,62.0846],[23.74061,62.08573],[23.74325,62.08743],[23.74813,62.08464],[23.75066,62.0838],[23.76176,62.08228],[23.76693,62.08285],[23.76995,62.08411],[23.77357,62.08452],[23.78556,62.08128],[23.79754,62.08182],[23.80028,62.08393],[23.80077,62.08769],[23.80539,62.09015],[23.81342,62.09135],[23.82035,62.09009],[23.82208,62.09011],[23.82364,62.09115],[23.82666,62.09175],[23.83853,62.09031],[23.84243,62.09013],[23.84655,62.09088],[23.84991,62.09013],[23.85327,62.09065],[23.85807,62.09002],[23.90263,62.07634],[23.90663,62.06898],[23.9268,62.06116],[23.93715,62.05218],[23.93799,62.05056],[23.94206,62.04923],[23.94829,62.05056],[23.95914,62.04804],[23.97018,62.04907],[23.97543,62.05109],[23.98731,62.05127],[23.99225,62.05087],[24.00444,62.0431],[24.02073,62.04489],[24.03397,62.05522],[24.04287,62.06313],[24.05271,62.06558],[24.0633,62.06504],[24.07194,62.06364],[24.07944,62.06458],[24.09281,62.06394],[24.09849,62.0614],[24.10624,62.06048],[24.1116,62.06066],[24.1157,62.0621],[24.12369,62.06295],[24.13388,62.06632],[24.14156,62.06731],[24.14285,62.07053],[24.14326,62.07764],[24.14385,62.07832],[24.14683,62.07943],[24.14845,62.08093],[24.15169,62.08184],[24.15214,62.08264],[24.15435,62.08363],[24.15779,62.08425],[24.16603,62.08665],[24.16678,62.08989],[24.16826,62.09052],[24.17181,62.09123],[24.17315,62.09213],[24.1775,62.09361],[24.18297,62.094],[24.18165,62.09832],[24.1808,62.09884],[24.17506,62.09932],[24.17311,62.09989],[24.17434,62.10276],[24.17342,62.10458],[24.1737,62.10568],[24.17763,62.10857],[24.18706,62.10981],[24.19785,62.10936],[24.20329,62.1067],[24.20416,62.10384],[24.20831,62.10208],[24.21148,62.10189],[24.21615,62.10269],[24.21817,62.10572],[24.22563,62.11251],[24.23181,62.12057],[24.2313,62.12031],[24.23195,62.1203],[24.23327,62.12143],[24.23352,62.12349],[24.23148,62.12654],[24.23221,62.1297],[24.22416,62.12972],[24.20439,62.13123],[24.20474,62.13692],[24.20578,62.13896],[24.20389,62.14207],[24.20597,62.14685],[24.20988,62.14825],[24.2136,62.15038],[24.21483,62.15298],[24.21735,62.15467],[24.22057,62.15566],[24.22378,62.1557],[24.22637,62.15653],[24.231,62.15919],[24.23365,62.16111],[24.23406,62.16329],[24.23583,62.16572],[24.23592,62.16674],[24.23494,62.16767],[24.23037,62.16944],[24.2282,62.17355],[24.22649,62.18061],[24.22306,62.18449],[24.22041,62.18974],[24.22187,62.19582],[24.22187,62.19994],[24.22149,62.2021],[24.21981,62.20513],[24.22596,62.2051],[24.23021,62.2069],[24.24207,62.20393],[24.24856,62.20374],[24.25534,62.20413],[24.25998,62.20498],[24.26291,62.20496],[24.27451,62.20647],[24.27634,62.20847],[24.28025,62.20999],[24.28438,62.20899],[24.28916,62.20899],[24.29696,62.21006],[24.29996,62.20991],[24.30349,62.21024],[24.31602,62.20869],[24.31808,62.2072],[24.32447,62.21358],[24.33107,62.21755],[24.33182,62.21881],[24.32657,62.23422],[24.33568,62.23234],[24.33571,62.23181],[24.34293,62.23017],[24.34309,62.22908],[24.35105,62.22303],[24.35438,62.22189],[24.35765,62.2198],[24.35966,62.21739],[24.36178,62.21662],[24.36457,62.21404],[24.36474,62.21298],[24.36936,62.2087],[24.37045,62.20925],[24.37051,62.2108],[24.37239,62.2115],[24.37449,62.21098],[24.37615,62.21113],[24.3781,62.21148],[24.38002,62.21239],[24.38847,62.21182],[24.39473,62.21063],[24.39496,62.20872],[24.39963,62.20491],[24.39971,62.20397],[24.40274,62.20125],[24.40535,62.20189],[24.4072,62.20328],[24.41097,62.20491],[24.41851,62.20626],[24.42361,62.20995],[24.42566,62.22196],[24.43004,62.22243],[24.43289,62.2207],[24.43694,62.21916],[24.43799,62.21694],[24.44151,62.21546],[24.44974,62.21977],[24.45138,62.22109],[24.45496,62.22193],[24.45741,62.2198],[24.46326,62.21915],[24.4659,62.21942],[24.46314,62.22344],[24.45842,62.22745],[24.45842,62.23411],[24.45415,62.24171],[24.44995,62.24577],[24.45088,62.24597],[24.45037,62.24958],[24.44836,62.25195],[24.4562,62.2528],[24.45734,62.25316],[24.45745,62.25364],[24.45628,62.25417],[24.45285,62.25911],[24.45128,62.26507],[24.44765,62.26998],[24.44629,62.27655],[24.44275,62.27889],[24.43687,62.28138],[24.43544,62.28277],[24.43534,62.28452],[24.4327,62.28572],[24.43261,62.28706],[24.43389,62.2871],[24.4348,62.28871],[24.43131,62.29042],[24.43106,62.29232],[24.42874,62.29444],[24.42391,62.29599],[24.42231,62.29545],[24.4203,62.29604],[24.41872,62.29746],[24.40936,62.29535],[24.4105,62.29817],[24.409,62.30413],[24.40803,62.30529],[24.40806,62.30779],[24.41109,62.31335],[24.41411,62.31547],[24.41355,62.31658],[24.41572,62.318],[24.41736,62.3204],[24.41383,62.32604],[24.40935,62.32824],[24.40774,62.33069],[24.40557,62.3368],[24.39646,62.34382],[24.39419,62.34393],[24.3934,62.34518],[24.38876,62.34379],[24.38262,62.34356],[24.37225,62.3443],[24.37129,62.34642],[24.37188,62.34816],[24.37124,62.35026],[24.37272,62.35152],[24.36986,62.35711],[24.36771,62.35895],[24.35941,62.362],[24.34943,62.36169],[24.34665,62.36219],[24.34375,62.36371],[24.34064,62.36692],[24.33972,62.36884],[24.33661,62.3706],[24.32592,62.38204],[24.32558,62.38387],[24.32697,62.38999],[24.3263,62.39112],[24.32256,62.39231],[24.31791,62.39684],[24.31335,62.39715],[24.31041,62.39986],[24.30671,62.40149],[24.3041,62.40331],[24.30255,62.40374],[24.29815,62.40405],[24.29658,62.40675],[24.29679,62.41196],[24.2929,62.41465],[24.29038,62.41838],[24.29017,62.42354],[24.29679,62.42238],[24.30341,62.42206],[24.30362,62.42314],[24.29899,62.42831],[24.29479,62.43042],[24.29027,62.43509],[24.28954,62.43684],[24.29143,62.43998],[24.28691,62.44518],[24.28607,62.44695],[24.28691,62.44847],[24.28638,62.45],[24.28449,62.4518],[24.28849,62.45436],[24.28996,62.45656],[24.28817,62.45827],[24.28804,62.4596],[24.28701,62.46069],[24.28691,62.46478],[24.28442,62.46587],[24.28272,62.469],[24.28077,62.47067],[24.28051,62.47188],[24.28272,62.47302],[24.2831,62.47377],[24.28127,62.47571],[24.28272,62.47733],[24.2836,62.48296],[24.28638,62.48509],[24.28619,62.48595],[24.28442,62.48743],[24.28291,62.49609],[24.28909,62.5008],[24.29445,62.5028],[24.29584,62.50565],[24.29527,62.50854],[24.2983,62.50986],[24.29086,62.51592],[24.28569,62.51754],[24.28405,62.51875],[24.28146,62.51899],[24.2774,62.52042],[24.27936,62.52414],[24.27571,62.52481],[24.27701,62.52626],[24.28179,62.52767],[24.2804,62.52808],[24.22652,62.53395],[24.17678,62.54627],[24.1798,62.54948],[24.1793,62.55473],[24.19254,62.5601],[24.18958,62.56177],[24.17678,62.56398],[24.1747,62.56546],[24.17602,62.56621],[24.17621,62.56869],[24.17009,62.57395],[24.16353,62.57516],[24.16026,62.57742],[24.15382,62.58004],[24.153,62.58063],[24.15395,62.58219],[24.15136,62.58424],[24.15464,62.58718],[24.15471,62.5881],[24.15218,62.59006],[24.15909,62.59113],[24.1677,62.5949],[24.1696,62.59638],[24.16986,62.59761],[24.16696,62.60137],[24.16565,62.60641],[24.16621,62.60993],[24.16514,62.61242],[24.16976,62.61914],[24.16826,62.62245],[24.16424,62.62484],[24.16621,62.62664],[24.1677,62.62984],[24.16933,62.63159],[24.17375,62.63421],[24.17696,62.6352],[24.1873,62.63725],[24.19829,62.648],[24.20736,62.64958],[24.21286,62.64991],[24.21616,62.6522],[24.21558,62.65497],[24.21391,62.65663],[24.21854,62.66491],[24.21945,62.66837],[24.22126,62.67165],[24.22443,62.67333],[24.22605,62.67629],[24.22612,62.68118],[24.22858,62.68225],[24.23056,62.68423],[24.22831,62.68518],[24.22638,62.68932],[24.23011,62.69054],[24.23475,62.69069],[24.24427,62.69264],[24.25156,62.69319],[24.25805,62.69483],[24.26264,62.69481],[24.26511,62.69546],[24.26352,62.69748],[24.2626,62.70133],[24.25436,62.70732],[24.24627,62.71447],[24.25547,62.71769],[24.26197,62.72134],[24.26844,62.72368],[24.27033,62.72484],[24.27271,62.72863],[24.28066,62.73543],[24.32978,62.75254],[24.33258,62.75406],[24.33988,62.761],[24.34215,62.76201],[24.34562,62.7627],[24.36001,62.76234],[24.3646,62.76271],[24.37066,62.76353],[24.37829,62.76571],[24.38564,62.76596],[24.38376,62.77054],[24.38405,62.77157],[24.38873,62.77609],[24.3889,62.77713],[24.38613,62.78062],[24.38764,62.78443],[24.38751,62.78607],[24.38635,62.78722],[24.39389,62.78969],[24.4032,62.78866],[24.4066,62.7894],[24.4118,62.79168],[24.41452,62.79652],[24.41918,62.79905],[24.41983,62.80121],[24.4223,62.80267],[24.42308,62.80401],[24.42827,62.80788],[24.4283,62.80878],[24.42445,62.81309],[24.42485,62.81587],[24.4266,62.81683],[24.43125,62.81748],[24.43633,62.82107],[24.43697,62.82493],[24.43284,62.82947],[24.43543,62.83263],[24.44128,62.83072],[24.44627,62.82847],[24.46109,62.82869],[24.4681,62.83304],[24.46955,62.83319],[24.47675,62.83241],[24.48252,62.83474],[24.48409,62.84241],[24.48255,62.84335],[24.48415,62.84508],[24.48148,62.84787],[24.48309,62.85327],[24.4832,62.85528],[24.482,62.85736],[24.49211,62.86096],[24.49223,62.86796],[24.48988,62.86965],[24.48962,62.87104],[24.48647,62.87308],[24.48647,62.87489],[24.488,62.87694],[24.49577,62.87856],[24.49949,62.88022],[24.50229,62.88295],[24.50775,62.88383],[24.50883,62.88509],[24.50855,62.88613],[24.50727,62.88699],[24.49898,62.88858],[24.49561,62.89097],[24.49199,62.89274],[24.4893,62.89497],[24.4775,62.89872],[24.47428,62.90047],[24.47246,62.90354],[24.4685,62.90616],[24.46707,62.90925],[24.46248,62.91055],[24.45888,62.91533],[24.45163,62.92245],[24.44686,62.92538],[24.4432,62.9266],[24.44093,62.92822],[24.43923,62.93031],[24.43661,62.93648],[24.43628,62.939],[24.4352,62.94084],[24.4324,62.94309],[24.41779,62.95296],[24.41622,62.95332],[24.40941,62.95662],[24.38297,62.97514],[24.37487,62.97895],[24.35585,62.98653],[24.34036,62.99883],[24.33941,63.00426],[24.34237,63.01115],[24.35066,63.01462],[24.35229,63.01596],[24.35299,63.01768],[24.35219,63.01971],[24.34737,63.02627],[24.3471,63.02768],[24.35203,63.02792],[24.35617,63.02854],[24.37136,63.03208],[24.37576,63.03285],[24.38059,63.03314],[24.40958,63.03086],[24.41495,63.0311],[24.4414,63.03489],[24.45395,63.03801],[24.46628,63.04198],[24.46547,63.04289],[24.46397,63.04345],[24.46249,63.04535],[24.46184,63.04968],[24.4573,63.05146],[24.45539,63.05382],[24.449,63.05891],[24.4407,63.0591],[24.43632,63.06088],[24.43105,63.06126],[24.41968,63.06611],[24.41342,63.06994],[24.41128,63.07542],[24.41209,63.07792],[24.41119,63.08099],[24.40938,63.08205],[24.40879,63.08455],[24.40797,63.08528],[24.39771,63.09184],[24.39795,63.09591],[24.40278,63.09751],[24.40489,63.09743],[24.40787,63.09676],[24.41117,63.0953],[24.41582,63.09516],[24.42805,63.09723],[24.43658,63.09955],[24.44348,63.10273],[24.47662,63.10647],[24.4814,63.10754],[24.49307,63.1068],[24.49997,63.10546],[24.505,63.1039],[24.51047,63.10049],[24.51175,63.09999],[24.5155,63.09951],[24.5189,63.098],[24.52183,63.10533],[24.52738,63.10496],[24.53072,63.10627],[24.5328,63.10761],[24.53585,63.10805],[24.55133,63.10778],[24.56206,63.10016],[24.56629,63.09622],[24.56495,63.08684],[24.56595,63.0862],[24.56552,63.08502],[24.57591,63.07844],[24.58523,63.07407],[24.59678,63.07054],[24.60117,63.07014],[24.62011,63.07152],[24.62389,63.07141],[24.65215,63.0676],[24.66006,63.06852],[24.65886,63.07115],[24.66063,63.07406],[24.67078,63.07662],[24.6733,63.07826],[24.67639,63.08133],[24.68724,63.08543],[24.6909,63.08535],[24.69808,63.09174],[24.7001,63.09268],[24.70092,63.09484],[24.69935,63.09627],[24.70162,63.09748],[24.70243,63.09947],[24.70887,63.10184],[24.7117,63.10362],[24.72501,63.10845],[24.72608,63.10988],[24.72829,63.1106],[24.74077,63.10753],[24.74263,63.10983],[24.74161,63.11248],[24.73864,63.1154],[24.73394,63.11839],[24.73502,63.11918],[24.7495,63.12261],[24.75479,63.1232],[24.75754,63.12447],[24.76203,63.1249],[24.76914,63.12447],[24.7738,63.12555],[24.77662,63.12676],[24.77956,63.12724],[24.78535,63.12577],[24.79069,63.12514],[24.80293,63.12591],[24.80451,63.12697],[24.80424,63.1286],[24.80534,63.12945],[24.80825,63.12914],[24.81784,63.12936],[24.82021,63.13004],[24.82347,63.13291],[24.83499,63.13484],[24.84064,63.1336],[24.84204,63.13371],[24.84069,63.13608],[24.84096,63.13816],[24.84625,63.13961],[24.85066,63.14262],[24.85073,63.1449],[24.85246,63.14722],[24.85763,63.1487],[24.86932,63.15312],[24.87215,63.15552],[24.87592,63.15654],[24.88261,63.15977],[24.88672,63.1623],[24.88678,63.16483],[24.92096,63.15873],[24.93992,63.15303],[24.94538,63.15294],[24.94936,63.15202],[24.95322,63.15173],[24.95266,63.15306],[24.95354,63.15446],[24.95219,63.15555],[24.94833,63.15718],[24.94858,63.15767],[24.95728,63.16216],[24.96634,63.16247],[24.97304,63.16621],[24.96982,63.17025],[24.96618,63.17362],[24.96799,63.17555],[24.97228,63.17766],[24.97554,63.17842],[24.97691,63.18033],[24.98249,63.18036],[24.98878,63.1795],[24.98689,63.18399],[24.98993,63.18965],[24.97112,63.20003],[24.96597,63.20937],[24.95714,63.21615],[24.95588,63.22047],[24.95777,63.22204],[24.9707,63.22648],[24.97873,63.23093],[24.97375,63.23177],[24.9557,63.23247],[24.95765,63.23543],[24.9475,63.24314],[24.9434,63.24428],[24.93539,63.24805],[24.93388,63.25118],[24.93703,63.25689],[24.94075,63.25872],[24.94693,63.26589],[24.94706,63.26826],[24.94315,63.2726],[24.94,63.27317],[24.93363,63.2774],[24.93369,63.28079],[24.93262,63.28325],[24.92064,63.29408],[24.91805,63.2947],[24.9202,63.31343],[24.91913,63.31575],[24.92121,63.31909],[24.91723,63.32542],[24.91471,63.32806],[24.91452,63.33218],[24.93022,63.33326],[24.94,63.33682],[24.94485,63.33744],[24.94927,63.3404],[24.95395,63.34445],[24.95366,63.34715],[24.95749,63.34941],[24.95915,63.35236],[24.95818,63.35576],[24.95994,63.3591],[24.96343,63.3614],[24.96608,63.36537],[24.96987,63.36817],[24.97201,63.36943],[24.97518,63.37013],[24.97722,63.3757],[24.97617,63.37662],[24.97659,63.37981],[24.98096,63.38281],[24.98823,63.3844],[24.99113,63.38594],[24.99403,63.38599],[24.99642,63.38772],[24.99636,63.39138],[24.99768,63.39543],[25.00323,63.39874],[25.00929,63.40464],[25.01458,63.40556],[25.02247,63.40788],[25.04082,63.41968],[25.05961,63.43289],[25.07752,63.43547],[25.09902,63.43954],[25.10425,63.43957],[25.12247,63.44154],[25.12821,63.44294],[25.13698,63.44636],[25.14316,63.44666],[25.15287,63.44779],[25.15823,63.44935],[25.1634,63.45032],[25.17008,63.45027],[25.1733,63.44981],[25.1786,63.45048],[25.18351,63.44978],[25.18932,63.45051],[25.2006,63.44935],[25.21258,63.45135],[25.22828,63.45191],[25.23182,63.45124],[25.24462,63.45172],[25.25042,63.45075],[25.25471,63.45172],[25.25798,63.45404],[25.2653,63.45488],[25.27079,63.45911],[25.27154,63.46083],[25.281,63.4628],[25.29853,63.46418],[25.30547,63.4638],[25.31455,63.46232],[25.32199,63.45976],[25.32962,63.45782],[25.33863,63.45741],[25.33927,63.45342],[25.34072,63.45132],[25.34538,63.44814],[25.3532,63.44512],[25.3556,63.44698],[25.35818,63.45445],[25.36386,63.45798],[25.36976,63.45937],[25.37105,63.46072],[25.37399,63.46834],[25.37825,63.47507],[25.3783,63.47869],[25.38144,63.48091],[25.3863,63.48336],[25.38849,63.48855],[25.38767,63.49307],[25.38809,63.49705],[25.39091,63.50252],[25.38877,63.5061],[25.38216,63.53224],[25.3887,63.53272],[25.39694,63.53603],[25.40103,63.537],[25.40819,63.54],[25.41055,63.54559],[25.42182,63.54847],[25.42167,63.55496],[25.42837,63.55416],[25.43354,63.554],[25.4823,63.55394],[25.49284,63.55261],[25.51123,63.54728],[25.51406,63.54717],[25.52279,63.54838],[25.52866,63.54778],[25.53216,63.54798],[25.53655,63.54937],[25.54132,63.55373],[25.54246,63.55693],[25.54061,63.56174],[25.54147,63.56302],[25.54556,63.56529],[25.56997,63.57284],[25.57463,63.57325],[25.57853,63.57308],[25.58744,63.57185],[25.59842,63.5715],[25.60924,63.57194],[25.62254,63.57516],[25.62735,63.57593],[25.64499,63.57557],[25.65272,63.57618],[25.68263,63.58017],[25.69739,63.57971],[25.70303,63.57874],[25.68426,63.58711],[25.66114,63.59268],[25.64292,63.60121],[25.63787,63.6066],[25.63052,63.61018],[25.63333,63.61011],[25.71089,63.62264],[25.71691,63.62522],[25.69738,63.62757],[25.69696,63.62982],[25.69565,63.63062],[25.68811,63.63223],[25.68706,63.63722],[25.67245,63.64615],[25.65311,63.65312],[25.65248,63.65599],[25.65942,63.66533],[25.64744,63.66785],[25.63209,63.69561],[25.64301,63.70228],[25.64717,63.70147],[25.65594,63.70247],[25.66117,63.70218],[25.6664,63.70797],[25.66911,63.70819],[25.66867,63.70953],[25.6657,63.71164],[25.66544,63.71406],[25.66241,63.71773],[25.65623,63.72085],[25.65458,63.72422],[25.66081,63.73759],[25.693,63.73655],[25.70049,63.73588],[25.71658,63.73354],[25.7327,63.7325],[25.74901,63.73307],[25.75672,63.73392],[25.76938,63.7361],[25.76471,63.7432],[25.76058,63.74685],[25.75436,63.75505],[25.75452,63.75649],[25.75756,63.761],[25.75777,63.76314],[25.75681,63.76537],[25.7512,63.77136],[25.75052,63.7735],[25.75226,63.77562],[25.75656,63.77742],[25.7571,63.77802],[25.75437,63.78178],[25.74275,63.79233],[25.72365,63.80041],[25.721,63.80255],[25.71915,63.8063],[25.71906,63.80871],[25.72099,63.81238],[25.7249,63.81489],[25.75838,63.83281],[25.7494,63.83583],[25.74722,63.838],[25.739,63.8398],[25.72975,63.84039],[25.72643,63.83999],[25.71865,63.84051],[25.71789,63.84389],[25.7225,63.85011],[25.72549,63.85104],[25.727,63.85298],[25.72666,63.85525],[25.72333,63.85706],[25.72321,63.85808],[25.71988,63.85948],[25.71597,63.86311],[25.70147,63.86126],[25.70071,63.86366],[25.69772,63.86821],[25.6957,63.86887],[25.69576,63.86958],[25.70963,63.87156],[25.71888,63.87444],[25.72806,63.87966],[25.74772,63.88495],[25.75964,63.88705],[25.76247,63.88872],[25.77035,63.89051],[25.77294,63.89185],[25.77993,63.89256],[25.78851,63.89226],[25.78914,63.89337],[25.79254,63.89595],[25.79841,63.89614],[25.79759,63.9013],[25.80028,63.91018],[25.80153,63.91229],[25.81723,63.92351],[25.82107,63.92916],[25.82155,63.93275],[25.83273,63.93239],[25.83681,63.9319],[25.84108,63.93082],[25.84262,63.93092],[25.84862,63.9326],[25.85087,63.93248],[25.86333,63.92746],[25.86915,63.92666],[25.88246,63.93185],[25.89237,63.93344],[25.90022,63.93539],[25.90256,63.93629],[25.90583,63.93837],[25.91165,63.93815],[25.91518,63.93885],[25.91632,63.9396],[25.91633,63.94021],[25.91492,63.94153],[25.92614,63.94308],[25.95464,63.95108],[25.96425,63.95505],[25.96377,63.95525],[25.97056,63.95257],[25.983,63.95208],[25.99052,63.95284],[25.99485,63.95451],[26.00129,63.96081],[26.01525,63.9575],[26.03442,63.9571],[26.05672,63.95593],[26.0838,63.94734],[26.10536,63.94153],[26.11745,63.93902],[26.12094,63.9392],[26.12207,63.93958],[26.12541,63.94448],[26.15122,63.953],[26.15162,63.95404],[26.16453,63.95548],[26.18652,63.95289],[26.25069,63.95326],[26.26213,63.954],[26.28922,63.95427],[26.3099,63.95694],[26.31889,63.95662],[26.34429,63.96046],[26.35249,63.96436],[26.35534,63.96756],[26.36447,63.95995],[26.38949,63.95266],[26.40465,63.95091],[26.40936,63.94795],[26.41993,63.93386],[26.43509,63.92273],[26.43538,63.91965],[26.44097,63.91437],[26.43877,63.90984],[26.44671,63.91248],[26.4551,63.91286],[26.47437,63.91154],[26.49615,63.91575],[26.49968,63.9187],[26.51307,63.92197],[26.53632,63.92147],[26.55692,63.92392],[26.56339,63.92053],[26.55883,63.91009],[26.57619,63.90349],[26.58678,63.89361],[26.62165,63.88186],[26.63004,63.87657],[26.64166,63.88311],[26.69846,63.90041],[26.70508,63.90537],[26.73259,63.91292],[26.74121,63.91304],[26.74598,63.91411],[26.75584,63.91845],[26.80145,63.92669],[26.80792,63.92689],[26.80755,63.92821],[26.80553,63.92915],[26.79298,63.93088],[26.7892,63.93244],[26.77633,63.94065],[26.77536,63.94238],[26.77586,63.95222],[26.77151,63.95773],[26.77233,63.9608],[26.78091,63.97057],[26.78239,63.97028],[26.78385,63.97467],[26.78101,63.97669],[26.77555,63.97759],[26.7622,63.98324],[26.75989,63.98572],[26.76285,63.98793],[26.76928,63.98764],[26.77158,63.98704],[26.7771,63.98722],[26.78397,63.98628],[26.78776,63.98642],[26.79069,63.98543],[26.7969,63.98475],[26.80068,63.98235],[26.80062,63.97998],[26.79646,63.97759],[26.79709,63.976],[26.80333,63.97079],[26.79879,63.96861],[26.79457,63.9657],[26.81969,63.95707],[26.83442,63.95525],[26.83661,63.95788],[26.842,63.95906],[26.85461,63.96589],[26.85471,63.96859],[26.85733,63.97007],[26.8588,63.97254],[26.86237,63.97438],[26.87309,63.97699],[26.87748,63.99249],[26.86923,64.00053],[26.89153,64.02186],[26.89341,64.02645],[26.89667,64.02896],[26.89498,64.03309],[26.90075,64.03866],[26.90242,64.04864],[26.91093,64.05416],[26.91408,64.05461],[26.91975,64.05677],[26.92017,64.05794],[26.92364,64.05875],[26.9209,64.06189],[26.92153,64.06499],[26.92751,64.06868],[26.93329,64.06989],[26.9355,64.07173],[26.94169,64.07402],[26.94127,64.07622],[26.94226,64.08087],[26.94327,64.08188],[26.9427,64.08285],[26.94465,64.08486],[26.9408,64.08773],[26.94483,64.09059],[26.95744,64.09442],[26.95851,64.09523],[26.96109,64.10059],[26.9552,64.10625],[26.95446,64.1077],[26.95769,64.11147],[26.95813,64.11981],[26.9528,64.12371],[26.95161,64.12949],[26.94894,64.13621],[26.94915,64.1379],[26.93951,64.13878],[26.90956,64.14349],[26.89815,64.14915],[26.8848,64.15311],[26.88154,64.16072],[26.87842,64.16368],[26.85757,64.17437],[26.85505,64.18154],[26.85287,64.18267],[26.83092,64.18588],[26.8241,64.19154],[26.80838,64.1989],[26.79193,64.20166],[26.78363,64.20356],[26.78541,64.21267],[26.79297,64.21726],[26.81269,64.22192],[26.82144,64.22444],[26.8336,64.22451],[26.85406,64.23419],[26.85628,64.23627],[26.83745,64.23903],[26.77065,64.26258],[26.74293,64.26478],[26.70521,64.26641],[26.70436,64.27187],[26.71085,64.27971],[26.71099,64.28074],[26.70854,64.28341],[26.70607,64.29293],[26.70474,64.29532],[26.70821,64.3027],[26.71154,64.30548],[26.71385,64.30611],[26.71739,64.30782],[26.72383,64.30954],[26.72545,64.31085],[26.72477,64.31748],[26.72981,64.3215],[26.73176,64.32459],[26.73262,64.32502],[26.73787,64.32642],[26.75482,64.3331],[26.76752,64.33483],[26.78439,64.34332],[26.79565,64.33903],[26.80094,64.34037],[26.81616,64.34282],[26.85721,64.34669],[26.86164,64.34678],[26.86541,64.34636],[26.86921,64.3454],[26.88226,64.33933],[26.88494,64.33875],[26.8882,64.33861],[26.89182,64.33917],[26.92576,64.34767],[26.93318,64.34773],[26.93445,64.34766],[26.95385,64.34191],[26.98304,64.32677],[26.98362,64.32152],[26.99186,64.3159],[26.99843,64.31397],[27.00537,64.3137],[27.00789,64.31432],[27.01497,64.31675],[27.01929,64.31931],[27.03554,64.32236],[27.03839,64.32402],[27.05721,64.32728],[27.05913,64.32793],[27.06377,64.33064],[27.07335,64.3313],[27.07886,64.33254],[27.08124,64.33529],[27.08459,64.3377],[27.09101,64.34375],[27.09302,64.34459],[27.10069,64.3461],[27.10469,64.34856],[27.10614,64.35161],[27.10645,64.35606],[27.1142,64.3625],[27.11553,64.36455],[27.1217,64.38033],[27.1179,64.38328],[27.11668,64.38605],[27.1145,64.38774],[27.11325,64.39093],[27.11845,64.39329],[27.12125,64.39651],[27.12329,64.39779],[27.13147,64.40038],[27.15514,64.40266],[27.16987,64.40265],[27.17344,64.40224],[27.17539,64.40448],[27.18783,64.42697],[27.1901,64.42895],[27.19929,64.43409],[27.20661,64.4371],[27.21733,64.44408],[27.22002,64.44508],[27.22537,64.44579],[27.26095,64.44913],[27.26414,64.44996],[27.28427,64.46023],[27.29913,64.46149],[27.32401,64.46534],[27.34501,64.466],[27.36875,64.46978],[27.37104,64.47059],[27.37217,64.47251],[27.37133,64.47356],[27.36535,64.47586],[27.36385,64.47704],[27.36345,64.47841],[27.36605,64.4838],[27.3921,64.48106],[27.40128,64.47903],[27.42361,64.47688],[27.44233,64.47369],[27.45216,64.47323],[27.4567,64.47268],[27.48079,64.46498],[27.49314,64.45751],[27.49407,64.45778],[27.49286,64.45873],[27.50362,64.45144],[27.5174,64.44675],[27.52939,64.4447],[27.54326,64.44332],[27.55474,64.44046],[27.58003,64.42944],[27.59282,64.42558],[27.60603,64.42775],[27.67765,64.42279],[27.67424,64.42784],[27.67866,64.43125],[27.68052,64.43205],[27.6851,64.4362],[27.68785,64.43717],[27.69287,64.44024],[27.69596,64.44152],[27.69854,64.44422],[27.69722,64.44792],[27.70059,64.45049],[27.70469,64.45238],[27.72129,64.45207],[27.73751,64.45059],[27.74068,64.44997],[27.74436,64.44765],[27.75279,64.44871],[27.77296,64.4523],[27.77881,64.45194],[27.7812,64.4515],[27.78344,64.45043],[27.79066,64.4505],[27.79991,64.44876],[27.80574,64.45021],[27.81137,64.45053],[27.81007,64.4599],[27.811,64.4653],[27.80697,64.47135],[27.8065,64.47358],[27.80854,64.4842],[27.81209,64.49286],[27.81336,64.50391],[27.80137,64.51747],[27.79557,64.52073],[27.78663,64.5242],[27.7709,64.52838],[27.77055,64.53025],[27.77491,64.53371],[27.77769,64.53389],[27.77861,64.53457],[27.77866,64.53547],[27.77683,64.53663],[27.78151,64.53731],[27.78601,64.5392],[27.7899,64.54011],[27.79525,64.54335],[27.80674,64.54526],[27.8101,64.54758],[27.81336,64.5469],[27.815,64.54592],[27.81871,64.54631],[27.81871,64.54721],[27.82053,64.54853],[27.82011,64.54926],[27.82112,64.55131],[27.83205,64.55455],[27.83859,64.55861],[27.83754,64.56009],[27.8394,64.56107],[27.83629,64.56293],[27.83664,64.56414],[27.83839,64.56491],[27.84412,64.56627],[27.83821,64.56997],[27.84331,64.57048],[27.84879,64.57017],[27.85234,64.56935],[27.8556,64.57093],[27.85573,64.57197],[27.85413,64.57353],[27.8542,64.57486],[27.85514,64.5756],[27.85214,64.57604],[27.84718,64.57606],[27.84283,64.57733],[27.84216,64.57847],[27.844,64.58098],[27.84735,64.5807],[27.84831,64.58171],[27.84791,64.58266],[27.8519,64.58745],[27.85401,64.58769],[27.85783,64.59021],[27.85868,64.58917],[27.86223,64.58719],[27.87067,64.5855],[27.87647,64.58549],[27.87884,64.58606],[27.88061,64.58735],[27.88352,64.59245],[27.88243,64.59722],[27.88394,64.59863],[27.88644,64.59917],[27.89289,64.59892],[27.89523,64.59957],[27.89846,64.6044],[27.89751,64.6069],[27.89818,64.60781],[27.90412,64.60785],[27.9046,64.6062],[27.91207,64.60445],[27.92572,64.60196],[27.93048,64.60683],[27.9303,64.61696],[27.93463,64.62284],[27.93748,64.63073],[27.93697,64.63473],[27.93436,64.63653],[27.9323,64.63955],[27.93222,64.64126],[27.93537,64.64878],[27.93422,64.64982],[27.93415,64.6552],[27.94235,64.66308],[27.94302,64.66741],[27.94045,64.67223],[27.93841,64.67903],[27.94289,64.6862],[27.93868,64.6923],[27.93119,64.69972],[27.92016,64.70707],[27.91646,64.7087],[27.90175,64.7138],[27.90043,64.71486],[27.90105,64.71703],[27.90523,64.72257],[27.90697,64.72792],[27.91107,64.73165],[27.90947,64.73385],[27.90946,64.73504],[27.91919,64.74207],[27.92085,64.74795],[27.93767,64.74696],[27.94704,64.74542],[27.95412,64.74539],[27.98216,64.748],[27.99897,64.75266],[28.01201,64.75416],[28.02804,64.75547],[28.05284,64.75331],[28.06107,64.75328],[28.07266,64.75148],[28.08,64.75102],[28.09137,64.75187],[28.10245,64.75129],[28.10567,64.75074],[28.10884,64.74943],[28.12142,64.74266],[28.12482,64.7414],[28.12867,64.74065],[28.13275,64.7404],[28.13987,64.74074],[28.13858,64.74262],[28.13504,64.74449],[28.13469,64.74667],[28.13575,64.74865],[28.13373,64.75067],[28.13478,64.75224],[28.13163,64.75476],[28.1296,64.75564],[28.12946,64.75691],[28.12971,64.75816],[28.13758,64.75949],[28.13906,64.76014],[28.13908,64.76208],[28.13423,64.76561],[28.13313,64.76708],[28.13421,64.77143],[28.1335,64.77264],[28.1404,64.77666],[28.14537,64.77732],[28.14683,64.77855],[28.14658,64.77953],[28.14343,64.78134],[28.14381,64.78245],[28.14056,64.78353],[28.14195,64.78406],[28.14042,64.78402],[28.13806,64.7847],[28.13697,64.78637],[28.13511,64.78762],[28.1258,64.79257],[28.12316,64.79305],[28.11868,64.79461],[28.11487,64.79477],[28.11127,64.79554],[28.1107,64.79603],[28.11118,64.79686],[28.10794,64.79838],[28.10236,64.79897],[28.10476,64.8027],[28.10523,64.80608],[28.11088,64.80665],[28.12683,64.80666],[28.13856,64.8109],[28.14237,64.81185],[28.14287,64.81539],[28.14395,64.81594],[28.13829,64.81914],[28.13784,64.82039],[28.14004,64.82207],[28.13811,64.82323],[28.13447,64.82406],[28.13578,64.82757],[28.13475,64.82776],[28.13507,64.83172],[28.13794,64.83318],[28.14112,64.83913],[28.14659,64.84072],[28.15903,64.84603],[28.16753,64.84783],[28.17613,64.84671],[28.17856,64.84693],[28.18918,64.84878],[28.19539,64.85087],[28.20416,64.85143],[28.20625,64.85287],[28.2084,64.85338],[28.21171,64.85353],[28.21672,64.85518],[28.21772,64.85659],[28.21327,64.85782],[28.20286,64.86374],[28.20145,64.86548],[28.19103,64.8689],[28.17352,64.87069],[28.16917,64.8714],[28.16773,64.8726],[28.16352,64.87328],[28.15794,64.87284],[28.15606,64.87373],[28.15423,64.874],[28.14704,64.87354],[28.14512,64.87595],[28.14336,64.8765],[28.14025,64.87648],[28.13742,64.87469],[28.13164,64.87383],[28.12238,64.86788],[28.12062,64.86758],[28.11834,64.87036],[28.12032,64.87576],[28.11777,64.87764],[28.11836,64.87937],[28.11752,64.88202],[28.11828,64.88628],[28.11585,64.88969],[28.11591,64.89077],[28.12262,64.89604],[28.12384,64.90015],[28.129,64.90431],[28.13136,64.90862],[28.13887,64.912],[28.14161,64.91369],[28.12796,64.92187],[28.11103,64.92779],[28.09764,64.92933],[28.09054,64.93116],[28.08686,64.9317],[28.0442,64.93501],[28.04461,64.93808],[28.03977,64.94064],[28.03983,64.94804],[28.0384,64.9526],[28.035,64.95576],[28.04117,64.95513],[28.04728,64.95498],[28.053,64.95634],[28.05594,64.9565],[28.07089,64.95544],[28.0868,64.95658],[28.08762,64.95904],[28.08639,64.96131],[28.08134,64.96642],[28.08116,64.96858],[28.0831,64.97075],[28.0986,64.97368],[28.09804,64.97501],[28.0985,64.97675],[28.09627,64.97842],[28.09591,64.98139],[28.09685,64.98278],[28.10257,64.98144],[28.10975,64.98083],[28.11383,64.98102],[28.11767,64.98167],[28.12512,64.98382],[28.13038,64.98314],[28.1297,64.9838],[28.13108,64.98567],[28.13065,64.9866],[28.13168,64.98949],[28.12945,64.99296],[28.13117,64.99476],[28.13025,64.99769],[28.11488,65.00693],[28.11566,65.00892],[28.11815,65.01017],[28.11809,65.01106],[28.11524,65.01282],[28.10846,65.01454],[28.10263,65.01768],[28.09519,65.01993],[28.09411,65.02062],[28.09326,65.02261],[28.09183,65.02331],[28.08481,65.02196],[28.06707,65.0224],[28.06202,65.0239],[28.04307,65.03253],[28.04285,65.03318],[28.02415,65.03694],[27.99842,65.04009],[28.00145,65.04274],[28.00405,65.04402],[28.013,65.04708],[28.01509,65.04843],[28.01702,65.05169],[28.01949,65.05321],[28.02246,65.05421],[28.03627,65.05624],[28.03608,65.05684],[28.04015,65.06051],[28.04059,65.06805],[28.03721,65.07428],[28.03604,65.07954],[28.03944,65.08668],[28.03464,65.09002],[28.03327,65.09192],[28.03351,65.09818],[28.02972,65.10102],[28.02932,65.10206],[28.02969,65.10352],[28.03211,65.10603],[28.04117,65.11258],[28.04275,65.11482],[28.0444,65.12141],[28.04332,65.12437],[28.04425,65.12659],[28.04314,65.12902],[28.03318,65.1387],[28.03224,65.14056],[28.03284,65.14163],[28.03794,65.14319],[28.04997,65.14312],[28.05741,65.14215],[28.06213,65.14257],[28.06376,65.14299],[28.06558,65.14476],[28.07183,65.14471],[28.07514,65.14295],[28.08373,65.14704],[28.09199,65.14925],[28.09953,65.14907],[28.10526,65.15026],[28.11045,65.15195],[28.11165,65.15329],[28.1104,65.15552],[28.1137,65.1586],[28.11429,65.16008],[28.12036,65.16194],[28.12196,65.16338],[28.12102,65.16585],[28.12137,65.16817],[28.11905,65.16929],[28.12075,65.17059],[28.11989,65.17399],[28.12042,65.1744],[28.11818,65.17833],[28.11664,65.17946],[28.1224,65.1813],[28.13445,65.19073],[28.1468,65.19591],[28.15787,65.19744],[28.15857,65.1986],[28.15722,65.19944],[28.15223,65.19971],[28.13912,65.20214],[28.1196,65.20399],[28.11585,65.20362],[28.11309,65.20387],[28.08973,65.2038],[28.06505,65.21069],[28.05913,65.2144],[28.0576,65.21596],[28.06335,65.2169],[28.06504,65.21794],[28.0648,65.21926],[28.0665,65.21989],[28.0698,65.22011],[28.0686,65.22145],[28.06274,65.22324],[28.06117,65.22439],[28.06224,65.22685],[28.06399,65.22793],[28.06592,65.23119],[28.06595,65.2334],[28.05799,65.23405],[28.0589,65.23599],[28.06008,65.23691],[28.06686,65.23864],[28.10187,65.24256],[28.10427,65.24351],[28.11823,65.25297],[28.12118,65.26249],[28.12338,65.2642],[28.13596,65.26665],[28.15032,65.2676],[28.17403,65.26667],[28.18379,65.26719],[28.19045,65.26867],[28.20064,65.26979],[28.20307,65.27046],[28.21136,65.27687],[28.21033,65.28221],[28.22746,65.29625],[28.25358,65.29552],[28.25874,65.29595],[28.28172,65.30053],[28.29296,65.30207],[28.30199,65.30177],[28.30526,65.30304],[28.35893,65.3043],[28.35863,65.31038],[28.35574,65.31793],[28.35734,65.31981],[28.36067,65.32176],[28.36199,65.32308],[28.36253,65.32503],[28.36063,65.33125],[28.36241,65.33478],[28.36096,65.3377],[28.36094,65.33925],[28.36948,65.34393],[28.37246,65.34793],[28.37247,65.34905],[28.37123,65.35021],[28.3688,65.35097],[28.36079,65.35229],[28.37078,65.35522],[28.37242,65.35639],[28.37163,65.35898],[28.36911,65.36124],[28.37019,65.3642],[28.37202,65.36533],[28.38326,65.36853],[28.3859,65.36992],[28.40659,65.38469],[28.4099,65.38774],[28.41068,65.39295],[28.40669,65.39675],[28.41015,65.40014],[28.40878,65.40238],[28.41184,65.41319],[28.41574,65.4192],[28.41532,65.4205],[28.41369,65.42175],[28.4054,65.42377],[28.40136,65.42742],[28.39723,65.43008],[28.39441,65.43466],[28.38843,65.43732],[28.38757,65.43915],[28.38496,65.4554],[28.38524,65.455],[28.38361,65.45799],[28.38174,65.46632],[28.37949,65.46995],[28.38082,65.47245],[28.38026,65.48112],[28.39191,65.49442],[28.38913,65.49498],[28.38689,65.49477],[28.38362,65.49578],[28.37397,65.49561],[28.37129,65.49636],[28.36953,65.49753],[28.36574,65.49809],[28.35752,65.49822],[28.35086,65.49949],[28.336,65.49726],[28.33412,65.49544],[28.3314,65.49482],[28.32125,65.49304],[28.31459,65.49266],[28.31273,65.49309],[28.31098,65.5015],[28.30971,65.50242],[28.28716,65.5014],[28.25469,65.50671],[28.24328,65.50528],[28.23995,65.50569],[28.23663,65.50668],[28.23012,65.5067],[28.22423,65.50896],[28.22122,65.5092],[28.20204,65.50895],[28.18944,65.5082],[28.18889,65.5108],[28.18775,65.51241],[28.18829,65.51704],[28.19567,65.52291],[28.19543,65.52537],[28.19672,65.5272],[28.19422,65.53493],[28.2076,65.54456],[28.20803,65.54599],[28.20676,65.54983],[28.20778,65.55119],[28.21303,65.55515],[28.21672,65.5602],[28.21865,65.5616],[28.22638,65.5652],[28.22671,65.56592],[28.22583,65.56702],[28.23175,65.56835],[28.24282,65.57011],[28.24686,65.57127],[28.25561,65.57494],[28.27888,65.57244],[28.29621,65.57133],[28.31888,65.56714],[28.32367,65.56543],[28.33175,65.56482],[28.34836,65.56552],[28.35198,65.56443],[28.36044,65.56304],[28.37219,65.56437],[28.3944,65.5622],[28.40267,65.56345],[28.40608,65.56326],[28.40863,65.56265],[28.41382,65.56056],[28.44413,65.56738],[28.4484,65.56972],[28.45223,65.5795],[28.45124,65.58088],[28.44896,65.58213],[28.4454,65.58615],[28.44496,65.58776],[28.44977,65.59503],[28.45168,65.59622],[28.47006,65.60192],[28.47233,65.60306],[28.47647,65.60711],[28.47738,65.61175],[28.48394,65.61758],[28.49607,65.62561],[28.49735,65.6262],[28.50215,65.62714],[28.50693,65.63041],[28.50844,65.63205],[28.5156,65.64479],[28.51734,65.64579],[28.53135,65.64805],[28.55709,65.65449],[28.59097,65.66307],[28.60622,65.66756],[28.61604,65.66933],[28.62578,65.67237],[28.63118,65.67567],[28.63133,65.67913],[28.63247,65.68164],[28.63039,65.68574],[28.63132,65.69261],[28.63078,65.69535],[28.63114,65.69592],[28.63811,65.69941],[28.6389,65.70051],[28.63808,65.70313],[28.63608,65.70528],[28.63711,65.70697],[28.65169,65.71168],[28.67855,65.71641],[28.70189,65.71782],[28.74144,65.72655],[28.75203,65.7267],[28.75621,65.72747],[28.79955,65.73839],[28.81076,65.74253],[28.82245,65.75452],[28.82659,65.75525],[28.83312,65.75437],[28.84069,65.75469],[28.84351,65.75529],[28.85311,65.75892],[28.85867,65.76492],[28.86158,65.77278],[28.86319,65.7738],[28.89482,65.78634],[28.89848,65.78743],[28.90093,65.7879],[28.90821,65.7882],[28.92779,65.78865],[28.94085,65.78973],[28.94915,65.78908],[28.97913,65.7901],[28.98095,65.79061],[28.95372,65.79966],[28.93815,65.80575],[28.93481,65.80651],[28.92235,65.80809],[28.91901,65.80888],[28.9048,65.81761],[28.90211,65.81875],[28.89794,65.81957],[28.85677,65.82506],[28.85375,65.82588],[28.85169,65.827],[28.84612,65.8319],[28.839,65.83461],[28.88909,65.84896],[28.89402,65.85002],[28.9107,65.85237],[28.91837,65.85165],[28.9313,65.85287],[28.93518,65.85255],[28.95358,65.8579],[28.95873,65.8614],[28.95736,65.86356],[28.96482,65.87083],[28.96502,65.87329],[28.96902,65.87528],[28.97243,65.8783],[28.98114,65.87481],[28.99056,65.87207],[29.02175,65.86632],[29.02883,65.86364],[29.03402,65.86221],[29.07635,65.85224],[29.08188,65.85154],[29.09949,65.8474],[29.10777,65.84708],[29.1153,65.84537],[29.11913,65.84518],[29.11934,65.84601],[29.12124,65.84722],[29.12339,65.8479],[29.13099,65.84895],[29.14213,65.85354],[29.14946,65.85556],[29.15115,65.8563],[29.15199,65.85769],[29.14919,65.86242],[29.15177,65.86536],[29.15018,65.86738],[29.15102,65.8699],[29.15236,65.87077],[29.1696,65.87781],[29.17224,65.87997],[29.17142,65.88615],[29.165,65.88914],[29.16345,65.89053],[29.16306,65.89183],[29.16608,65.89789],[29.16831,65.89908],[29.17814,65.90109],[29.17907,65.90157],[29.18067,65.90588],[29.18236,65.9071],[29.18583,65.90846],[29.19068,65.90926],[29.20623,65.90815],[29.19704,65.91316],[29.19331,65.91623],[29.18666,65.92329],[29.18262,65.92644],[29.16877,65.93459],[29.16582,65.93729],[29.16403,65.94005],[29.16225,65.94571],[29.15591,65.95595],[29.17632,65.96187],[29.17731,65.96568],[29.17994,65.96792],[29.18154,65.96853],[29.17903,65.97014],[29.17751,65.97554],[29.18123,65.97677],[29.18293,65.97697],[29.20158,65.9762],[29.20773,65.97657],[29.21297,65.97585],[29.21882,65.97556],[29.26432,65.97775],[29.26957,65.97683],[29.27601,65.97952],[29.27968,65.98257],[29.28272,65.98337],[29.28586,65.98344],[29.30005,65.98129],[29.31945,65.97651],[29.32737,65.97544],[29.34447,65.97693],[29.36395,65.9746],[29.36675,65.9738],[29.36859,65.97221],[29.4094,65.96533],[29.41678,65.96338],[29.41828,65.96259],[29.41892,65.9581],[29.42015,65.95728],[29.42199,65.95674],[29.42812,65.95617],[29.43027,65.95543],[29.4315,65.95436],[29.43183,65.95073],[29.43447,65.94926],[29.43584,65.949],[29.45094,65.95132],[29.46256,65.95428],[29.48459,65.95399],[29.49422,65.95504],[29.49697,65.9557],[29.50504,65.95964],[29.50684,65.96002],[29.53964,65.96142],[29.54576,65.96425],[29.55599,65.96643],[29.57625,65.96892],[29.58369,65.96875],[29.59125,65.96749],[29.59438,65.9674],[29.60467,65.96845],[29.61207,65.96689],[29.61996,65.96638],[29.62575,65.96745],[29.62982,65.96733],[29.67684,65.96268],[29.68036,65.96187],[29.69382,65.95732],[29.72865,65.95154],[29.74045,65.94656],[29.7473,65.94499],[29.76103,65.9437],[29.76955,65.942],[29.7881,65.94226],[29.797,65.94097],[29.80456,65.93865],[29.8061,65.93738],[29.80769,65.93432],[29.826,65.92196],[29.8286,65.92083],[29.85702,65.91691],[29.86088,65.9213]]}},{"type":"Feature","properties":{"name":"TET_FIN-03_20260802","country":"FI","lengthKm":1834.5},"geometry":{"type":"LineString","coordinates":[[21.92921,60.62616],[21.92303,60.62786],[21.92009,60.62818],[21.91389,60.63016],[21.91036,60.6342],[21.90796,60.63504],[21.90349,60.64757],[21.90431,60.64851],[21.90159,60.65078],[21.90147,60.65256],[21.89806,60.65568],[21.89113,60.65781],[21.89151,60.66064],[21.88974,60.66172],[21.89071,60.66456],[21.88747,60.67018],[21.8879,60.67249],[21.88018,60.67143],[21.87166,60.66961],[21.8687,60.66992],[21.86596,60.66949],[21.86324,60.67018],[21.86097,60.67259],[21.85754,60.67411],[21.85477,60.67773],[21.85183,60.6799],[21.8492,60.68074],[21.84656,60.68335],[21.84331,60.685],[21.84266,60.68694],[21.83997,60.68781],[21.83648,60.69031],[21.83366,60.69101],[21.83202,60.69281],[21.82788,60.69494],[21.81992,60.69709],[21.81789,60.69691],[21.81703,60.69778],[21.81374,60.69801],[21.81226,60.69886],[21.81138,60.70024],[21.80819,60.70114],[21.80525,60.70302],[21.80432,60.70606],[21.80174,60.70783],[21.79928,60.70807],[21.79596,60.70717],[21.78671,60.7103],[21.7782,60.71243],[21.77511,60.71158],[21.77215,60.71129],[21.7713,60.71346],[21.76064,60.71543],[21.75194,60.71967],[21.75241,60.72114],[21.74504,60.7239],[21.744,60.72386],[21.74087,60.72482],[21.73848,60.72678],[21.73492,60.72759],[21.73441,60.72836],[21.7282,60.73089],[21.7177,60.73141],[21.71455,60.73186],[21.71184,60.73099],[21.70998,60.73405],[21.70518,60.73709],[21.70074,60.74093],[21.69677,60.7429],[21.69494,60.74425],[21.69424,60.74549],[21.69043,60.74799],[21.68893,60.75509],[21.69031,60.75687],[21.6917,60.76251],[21.68725,60.76345],[21.68111,60.76293],[21.67518,60.76323],[21.66632,60.7625],[21.66393,60.76216],[21.65501,60.75901],[21.6504,60.75846],[21.64725,60.75857],[21.63564,60.76086],[21.62789,60.76143],[21.62133,60.7638],[21.61465,60.76466],[21.60449,60.7686],[21.60058,60.76911],[21.59245,60.76806],[21.59062,60.76701],[21.58539,60.76674],[21.58312,60.7673],[21.57902,60.76609],[21.57114,60.76593],[21.56824,60.76668],[21.56363,60.76649],[21.56042,60.76711],[21.54709,60.76697],[21.54583,60.76618],[21.54968,60.76368],[21.551,60.76176],[21.54602,60.76039],[21.5447,60.75891],[21.53555,60.75513],[21.53152,60.75481],[21.52055,60.75101],[21.51399,60.75007],[21.51279,60.74872],[21.51083,60.74807],[21.50806,60.74902],[21.51096,60.75195],[21.5114,60.75387],[21.50595,60.75849],[21.50592,60.75942],[21.50762,60.76085],[21.50718,60.76147],[21.50387,60.76114],[21.50179,60.76267],[21.48545,60.75846],[21.48214,60.7578],[21.4799,60.75782],[21.47691,60.75697],[21.46881,60.76081],[21.46206,60.76032],[21.45799,60.76131],[21.45497,60.76345],[21.45137,60.76839],[21.45216,60.771],[21.44497,60.7785],[21.44648,60.78006],[21.45573,60.78228],[21.45901,60.7856],[21.45821,60.78756],[21.45119,60.7906],[21.43539,60.79369],[21.4261,60.79644],[21.4225,60.80024],[21.40718,60.79894],[21.40519,60.80435],[21.40291,60.80607],[21.40281,60.80803],[21.40382,60.81013],[21.40269,60.81368],[21.40034,60.81553],[21.39606,60.81729],[21.39492,60.81835],[21.39484,60.81983],[21.39681,60.82157],[21.39707,60.82267],[21.39051,60.82639],[21.38824,60.83014],[21.38508,60.83172],[21.38311,60.83684],[21.38357,60.83918],[21.38155,60.8402],[21.37882,60.8404],[21.37016,60.83643],[21.36667,60.83582],[21.36071,60.83215],[21.35368,60.83069],[21.34842,60.83057],[21.34738,60.83005],[21.34413,60.82805],[21.34366,60.82611],[21.34485,60.81918],[21.34418,60.81822],[21.34212,60.81759],[21.33132,60.81795],[21.32615,60.81885],[21.31749,60.81845],[21.30778,60.82004],[21.30548,60.82083],[21.30334,60.8226],[21.29968,60.82362],[21.28905,60.82409],[21.28096,60.82209],[21.27987,60.82133],[21.27921,60.81924],[21.27609,60.81781],[21.27463,60.81595],[21.27555,60.81428],[21.27672,60.8076],[21.27295,60.8045],[21.27081,60.80355],[21.2709,60.80273],[21.27072,60.8035],[21.27279,60.8044],[21.2768,60.80765],[21.27552,60.8144],[21.27445,60.8159],[21.27015,60.81696],[21.26877,60.81826],[21.26717,60.82746],[21.26347,60.83243],[21.2604,60.83334],[21.25863,60.83536],[21.25485,60.83641],[21.25296,60.83806],[21.24792,60.83997],[21.24489,60.84202],[21.23725,60.84431],[21.23074,60.84417],[21.22591,60.84447],[21.22301,60.84394],[21.21929,60.8449],[21.21751,60.8459],[21.21591,60.84797],[21.21526,60.85186],[21.21245,60.85651],[21.2087,60.85917],[21.20757,60.8615],[21.2058,60.86284],[21.21202,60.86359],[21.21291,60.86427],[21.21308,60.86747],[21.21843,60.8711],[21.22671,60.87318],[21.2445,60.88294],[21.24845,60.88763],[21.25353,60.88928],[21.25568,60.89042],[21.25601,60.89645],[21.25164,60.90141],[21.25454,60.90353],[21.25706,60.90462],[21.26156,60.90534],[21.26539,60.90646],[21.26627,60.91149],[21.2751,60.91432],[21.2801,60.91532],[21.28834,60.91463],[21.305,60.91853],[21.30792,60.92055],[21.31963,60.92303],[21.32687,60.92129],[21.33106,60.92139],[21.33752,60.92584],[21.34411,60.92706],[21.34717,60.92302],[21.34613,60.92158],[21.35467,60.91297],[21.36255,60.90786],[21.36669,60.90422],[21.37047,60.90308],[21.38118,60.90081],[21.38591,60.9008],[21.38904,60.89993],[21.39175,60.89969],[21.3961,60.89819],[21.4007,60.89781],[21.40202,60.89785],[21.41282,60.9009],[21.41799,60.90109],[21.42114,60.90009],[21.43709,60.89772],[21.44144,60.89438],[21.4451,60.8933],[21.44885,60.89306],[21.456,60.91561],[21.45566,60.92008],[21.45383,60.92301],[21.44805,60.92285],[21.44285,60.92936],[21.44165,60.93273],[21.44323,60.93534],[21.4419,60.94108],[21.44594,60.94499],[21.44638,60.94736],[21.44487,60.95027],[21.44156,60.95169],[21.43837,60.95555],[21.43591,60.95636],[21.43043,60.96221],[21.42437,60.96686],[21.41739,60.96897],[21.41613,60.97028],[21.42181,60.97041],[21.42328,60.97088],[21.43046,60.96986],[21.43786,60.97073],[21.44293,60.97391],[21.44787,60.97538],[21.45232,60.97629],[21.45482,60.97624],[21.46034,60.97762],[21.46409,60.97928],[21.46753,60.98019],[21.46979,60.98042],[21.47264,60.98019],[21.47583,60.98147],[21.47621,60.98205],[21.47503,60.98297],[21.46753,60.98672],[21.46038,60.99265],[21.47591,61.00261],[21.48329,61.00379],[21.49002,61.01097],[21.49017,61.0135],[21.48834,61.01502],[21.49044,61.01771],[21.48876,61.02014],[21.49118,61.02428],[21.49424,61.02565],[21.495,61.02924],[21.49948,61.0318],[21.50187,61.03697],[21.50408,61.03821],[21.50805,61.03937],[21.51455,61.04293],[21.52067,61.04406],[21.52561,61.04577],[21.52619,61.04658],[21.51668,61.05421],[21.51517,61.0596],[21.51708,61.06731],[21.51598,61.0702],[21.51358,61.07131],[21.51187,61.07421],[21.51181,61.07491],[21.5138,61.07711],[21.51283,61.07804],[21.5134,61.08047],[21.50955,61.08497],[21.50965,61.08875],[21.50539,61.09368],[21.50394,61.09883],[21.5093,61.11648],[21.50615,61.11936],[21.50533,61.12257],[21.50425,61.1237],[21.50464,61.12552],[21.50688,61.12543],[21.50732,61.12892],[21.50779,61.12808],[21.51204,61.12804],[21.51215,61.12867],[21.50477,61.12919],[21.49747,61.13182],[21.49598,61.1331],[21.48646,61.13677],[21.47536,61.13652],[21.47376,61.13722],[21.4741,61.13815],[21.47347,61.13888],[21.4778,61.14074],[21.47977,61.14123],[21.48334,61.1413],[21.48375,61.14706],[21.48738,61.14883],[21.48345,61.15096],[21.48064,61.15458],[21.47881,61.15584],[21.48429,61.15586],[21.48933,61.16102],[21.49774,61.16349],[21.50636,61.16448],[21.50573,61.16758],[21.51288,61.17567],[21.53253,61.1758],[21.53694,61.17477],[21.54203,61.1798],[21.54783,61.17956],[21.55136,61.18069],[21.55912,61.18123],[21.56069,61.18433],[21.5595,61.18858],[21.55735,61.19044],[21.55414,61.19591],[21.56246,61.2002],[21.57703,61.20349],[21.57268,61.20715],[21.57406,61.20982],[21.57659,61.21198],[21.59651,61.21025],[21.59985,61.20812],[21.60628,61.20621],[21.61738,61.21235],[21.62375,61.21411],[21.62899,61.21941],[21.63277,61.22009],[21.64065,61.21807],[21.65783,61.2202],[21.66291,61.219],[21.66786,61.21563],[21.67309,61.21738],[21.67366,61.21842],[21.67681,61.21989],[21.65489,61.22854],[21.64782,61.23234],[21.64644,61.23355],[21.64663,61.23428],[21.64997,61.23465],[21.65281,61.23668],[21.65255,61.23789],[21.65016,61.23983],[21.6494,61.24193],[21.64757,61.24296],[21.64751,61.24492],[21.63912,61.24818],[21.63275,61.24789],[21.63017,61.24926],[21.62872,61.24932],[21.62317,61.25093],[21.61535,61.25492],[21.61131,61.25581],[21.60633,61.25778],[21.60261,61.25802],[21.59548,61.26171],[21.59568,61.26863],[21.5903,61.27144],[21.58919,61.27329],[21.59606,61.27328],[21.60453,61.27242],[21.60773,61.27246],[21.61502,61.28221],[21.6125,61.28375],[21.61683,61.28762],[21.61696,61.28977],[21.62494,61.29369],[21.63432,61.29584],[21.64059,61.29808],[21.64371,61.30193],[21.64334,61.30359],[21.64564,61.30492],[21.651,61.30514],[21.65015,61.30684],[21.65093,61.30827],[21.65437,61.30921],[21.65986,61.30942],[21.66257,61.31025],[21.66479,61.30793],[21.66167,61.31714],[21.65277,61.31979],[21.65182,61.32056],[21.64783,61.3215],[21.64902,61.32424],[21.65245,61.32527],[21.61772,61.34143],[21.62525,61.34735],[21.63865,61.3538],[21.63004,61.35814],[21.62692,61.3602],[21.61722,61.36396],[21.61629,61.36738],[21.61873,61.3689],[21.61892,61.37234],[21.62163,61.37375],[21.62276,61.37738],[21.61816,61.38065],[21.61875,61.38352],[21.62422,61.38846],[21.62485,61.39654],[21.62937,61.39937],[21.62937,61.40198],[21.63284,61.40458],[21.63473,61.40822],[21.64314,61.41172],[21.64461,61.41424],[21.6423,61.41913],[21.64404,61.4202],[21.64692,61.42412],[21.65123,61.42569],[21.64923,61.42933],[21.65938,61.43709],[21.6589,61.44141],[21.66215,61.44672],[21.66168,61.44791],[21.65749,61.45069],[21.66286,61.45331],[21.66853,61.45456],[21.67117,61.454],[21.67354,61.45453],[21.67522,61.45556],[21.67812,61.45623],[21.67965,61.4578],[21.68661,61.45937],[21.69486,61.46317],[21.69644,61.46508],[21.69231,61.46875],[21.6931,61.47144],[21.69464,61.47284],[21.69335,61.47429],[21.68868,61.47685],[21.68928,61.47823],[21.69401,61.48156],[21.69642,61.48232],[21.6996,61.48236],[21.7029,61.48294],[21.70468,61.48401],[21.69639,61.48416],[21.68943,61.48552],[21.68675,61.48675],[21.68168,61.49366],[21.67962,61.49471],[21.67502,61.49892],[21.66663,61.50268],[21.66194,61.50342],[21.65301,61.50287],[21.65046,61.50346],[21.64791,61.50464],[21.66209,61.50986],[21.66493,61.51033],[21.67767,61.51493],[21.64165,61.52841],[21.60303,61.54503],[21.58732,61.5507],[21.56308,61.56408],[21.54845,61.57497],[21.51877,61.58691],[21.50849,61.58963],[21.51156,61.59143],[21.51361,61.59176],[21.52155,61.59177],[21.52387,61.59211],[21.52011,61.59892],[21.50422,61.61835],[21.50205,61.62029],[21.49936,61.62147],[21.49819,61.6225],[21.5036,61.62761],[21.5065,61.62907],[21.50998,61.63007],[21.514,61.63059],[21.52842,61.62982],[21.53327,61.62995],[21.54431,61.6312],[21.55616,61.6319],[21.5651,61.63381],[21.58072,61.63918],[21.60051,61.64258],[21.6084,61.64248],[21.61499,61.64367],[21.62079,61.64941],[21.61798,61.65469],[21.62229,61.65895],[21.62092,61.66452],[21.6268,61.67283],[21.64131,61.67135],[21.64246,61.67382],[21.63717,61.68425],[21.63422,61.6862],[21.63143,61.69249],[21.63216,61.69777],[21.63923,61.70047],[21.63864,61.70318],[21.63069,61.70821],[21.63952,61.71123],[21.63614,61.71387],[21.63847,61.72058],[21.63364,61.72646],[21.64194,61.74021],[21.6453,61.74007],[21.64908,61.7425],[21.65131,61.74276],[21.65341,61.74225],[21.65518,61.74236],[21.66123,61.74538],[21.65907,61.7465],[21.65938,61.74874],[21.65444,61.75045],[21.65371,61.75305],[21.64667,61.75507],[21.63731,61.75988],[21.63153,61.76055],[21.62733,61.76204],[21.62764,61.76374],[21.63145,61.76771],[21.65333,61.77224],[21.66134,61.77682],[21.66147,61.77868],[21.66784,61.77987],[21.66928,61.78152],[21.6726,61.78125],[21.67513,61.7822],[21.67802,61.78215],[21.66463,61.7985],[21.66302,61.8013],[21.6599,61.80911],[21.66092,61.82249],[21.66709,61.82261],[21.67049,61.82199],[21.67712,61.82282],[21.70071,61.81985],[21.70777,61.82096],[21.71244,61.82055],[21.71527,61.82144],[21.72238,61.82168],[21.72732,61.8257],[21.73192,61.82699],[21.73697,61.82683],[21.75664,61.82771],[21.76437,61.82942],[21.76861,61.8286],[21.77202,61.82588],[21.77397,61.82272],[21.77826,61.8217],[21.7816,61.82014],[21.79686,61.82173],[21.80437,61.822],[21.81282,61.82111],[21.82146,61.82097],[21.82625,61.81984],[21.82909,61.81976],[21.84245,61.82607],[21.84882,61.82798],[21.85929,61.82976],[21.8637,61.83108],[21.87386,61.83852],[21.87568,61.83865],[21.88098,61.84016],[21.87756,61.84141],[21.87491,61.84448],[21.87083,61.84754],[21.87192,61.84944],[21.87075,61.85156],[21.86612,61.85219],[21.86381,61.8537],[21.86091,61.85449],[21.85746,61.8563],[21.8567,61.85735],[21.85691,61.859],[21.85544,61.86062],[21.85586,61.86184],[21.85397,61.86331],[21.85383,61.86517],[21.8414,61.86571],[21.8368,61.86932],[21.83466,61.86975],[21.82595,61.87032],[21.82362,61.87104],[21.82223,61.87185],[21.82293,61.87379],[21.82177,61.87661],[21.82902,61.87682],[21.83256,61.87729],[21.83466,61.87805],[21.83857,61.88107],[21.84933,61.88699],[21.85441,61.89157],[21.85609,61.89406],[21.86578,61.89565],[21.87089,61.89875],[21.87915,61.90104],[21.89681,61.90807],[21.89485,61.90942],[21.89624,61.9119],[21.8956,61.91313],[21.89384,61.91395],[21.89365,61.91552],[21.8952,61.91779],[21.89531,61.92101],[21.89848,61.92219],[21.89963,61.92419],[21.89795,61.92466],[21.88751,61.92446],[21.87818,61.92611],[21.87481,61.92891],[21.87458,61.92971],[21.86877,61.93238],[21.86604,61.93483],[21.86412,61.93566],[21.85936,61.93899],[21.85053,61.94314],[21.85155,61.94595],[21.84723,61.94856],[21.83755,61.952],[21.83219,61.94867],[21.82567,61.94848],[21.81196,61.95147],[21.80972,61.95427],[21.80884,61.95707],[21.80602,61.95916],[21.80174,61.96003],[21.79668,61.96002],[21.79326,61.95853],[21.78543,61.95691],[21.77948,61.95452],[21.77269,61.95001],[21.76546,61.94728],[21.7631,61.94382],[21.75752,61.94041],[21.7562,61.94002],[21.74349,61.93837],[21.74149,61.9379],[21.73864,61.93637],[21.72785,61.9347],[21.72144,61.93623],[21.71806,61.93544],[21.71597,61.93602],[21.71393,61.93873],[21.71488,61.94133],[21.7142,61.94339],[21.71833,61.94652],[21.71787,61.94927],[21.71904,61.95086],[21.7195,61.95386],[21.72287,61.95616],[21.72527,61.95971],[21.72831,61.96145],[21.7315,61.96454],[21.73372,61.96784],[21.73286,61.96956],[21.72772,61.97204],[21.7262,61.97405],[21.72368,61.97561],[21.72162,61.97901],[21.722,61.98035],[21.72137,61.98134],[21.71542,61.98466],[21.70575,61.98538],[21.70313,61.98619],[21.70611,61.98695],[21.70998,61.99033],[21.71166,61.9944],[21.71553,61.99767],[21.71712,62.00069],[21.71691,62.00335],[21.71506,62.0065],[21.71368,62.01149],[21.7157,62.0201],[21.71843,62.02259],[21.7223,62.02344],[21.73726,62.03118],[21.74096,62.03574],[21.75971,62.04148],[21.77303,62.04372],[21.77896,62.04778],[21.783,62.05252],[21.78933,62.05691],[21.79135,62.05958],[21.79468,62.06187],[21.79941,62.06209],[21.8011,62.06147],[21.8063,62.06062],[21.80747,62.05845],[21.80873,62.05771],[21.81043,62.0539],[21.81418,62.05039],[21.81857,62.04886],[21.82386,62.04798],[21.82616,62.04798],[21.83064,62.04539],[21.84306,62.04371],[21.84938,62.04018],[21.84818,62.03895],[21.84982,62.03827],[21.85459,62.03743],[21.86394,62.03452],[21.86499,62.03226],[21.86783,62.03044],[21.86758,62.02745],[21.87178,62.02394],[21.87313,62.0218],[21.87946,62.0215],[21.8832,62.01994],[21.88353,62.01665],[21.88265,62.0155],[21.88326,62.01397],[21.88221,62.0124],[21.8836,62.01133],[21.89173,62.01056],[21.9079,62.01108],[21.91147,62.00916],[21.91773,62.00851],[21.92778,62.01072],[21.92851,62.01217],[21.93667,62.01525],[21.94203,62.01528],[21.94544,62.01619],[21.94638,62.019],[21.94964,62.02316],[21.95828,62.01894],[21.96013,62.01631],[21.96414,62.01359],[21.9673,62.01474],[21.9731,62.01561],[21.97863,62.01474],[21.98544,62.01188],[21.98905,62.01352],[21.98968,62.01421],[21.99248,62.01521],[22.00271,62.01625],[22.01043,62.01454],[22.01358,62.01516],[22.01463,62.01471],[22.01732,62.01487],[22.01911,62.01436],[22.02136,62.01489],[22.02213,62.01628],[22.02352,62.01682],[22.02836,62.01702],[22.0297,62.01925],[22.03536,62.01837],[22.04074,62.01803],[22.0437,62.01863],[22.04439,62.0224],[22.04564,62.02344],[22.04631,62.02663],[22.04847,62.02815],[22.04986,62.02805],[22.0519,62.02887],[22.05373,62.03132],[22.05659,62.03278],[22.06356,62.03483],[22.06634,62.03319],[22.07228,62.03226],[22.07461,62.03411],[22.07682,62.03454],[22.07815,62.03594],[22.08338,62.03756],[22.08423,62.0387],[22.08374,62.03972],[22.0761,62.04248],[22.0778,62.04523],[22.07585,62.04855],[22.07293,62.05118],[22.06996,62.05207],[22.06776,62.05339],[22.07178,62.05348],[22.07273,62.05497],[22.08001,62.05893],[22.08106,62.06032],[22.08093,62.06111],[22.07355,62.06765],[22.07433,62.06871],[22.07408,62.06958],[22.0798,62.06974],[22.08152,62.06837],[22.08602,62.0674],[22.09089,62.0655],[22.0956,62.06568],[22.10553,62.06504],[22.10856,62.06585],[22.1136,62.06539],[22.11562,62.06623],[22.11745,62.06637],[22.1247,62.06931],[22.13128,62.06709],[22.13566,62.06393],[22.13956,62.06312],[22.14218,62.06142],[22.14813,62.05887],[22.15159,62.06037],[22.15273,62.06396],[22.15775,62.06812],[22.15601,62.07121],[22.15956,62.07242],[22.16126,62.07421],[22.16323,62.07475],[22.1668,62.07743],[22.16727,62.07819],[22.16664,62.07943],[22.16771,62.0804],[22.1708,62.08153],[22.17546,62.0807],[22.18385,62.08083],[22.18839,62.08418],[22.18845,62.0852],[22.19022,62.08601],[22.20554,62.08323],[22.21147,62.08296],[22.21468,62.08345],[22.21727,62.08528],[22.22433,62.08587],[22.22458,62.0873],[22.22555,62.08766],[22.23736,62.08962],[22.24636,62.09025],[22.24321,62.09621],[22.24438,62.10027],[22.25069,62.09988],[22.25413,62.10004],[22.25941,62.09933],[22.26812,62.10077],[22.27188,62.10061],[22.27375,62.10016],[22.27645,62.10029],[22.28234,62.09982],[22.29318,62.102],[22.3046,62.09993],[22.31144,62.10086],[22.31437,62.10253],[22.31683,62.10262],[22.32112,62.1039],[22.32916,62.10812],[22.33122,62.11131],[22.32412,62.11611],[22.325,62.12235],[22.32358,62.12333],[22.32292,62.12472],[22.32546,62.13276],[22.34459,62.13707],[22.35016,62.13779],[22.35321,62.14049],[22.35289,62.1426],[22.35016,62.14399],[22.34963,62.14601],[22.35173,62.14812],[22.35079,62.15037],[22.35268,62.15423],[22.35258,62.15625],[22.35405,62.15859],[22.35142,62.162],[22.351,62.16429],[22.3573,62.16941],[22.35619,62.17405],[22.35703,62.17611],[22.35499,62.17857],[22.35899,62.17958],[22.36105,62.18107],[22.36155,62.18235],[22.36082,62.18371],[22.36492,62.1983],[22.3638,62.1991],[22.36078,62.19975],[22.35959,62.20164],[22.35412,62.20254],[22.352,62.20521],[22.34819,62.20586],[22.34553,62.20757],[22.34737,62.21155],[22.34348,62.21443],[22.33897,62.22976],[22.3356,62.23174],[22.33703,62.2333],[22.33686,62.23618],[22.33181,62.23704],[22.328,62.23687],[22.32541,62.23761],[22.32429,62.23932],[22.3269,62.24061],[22.32719,62.24358],[22.32269,62.24945],[22.31536,62.25546],[22.32493,62.2551],[22.33596,62.25645],[22.34521,62.25671],[22.35151,62.25788],[22.36476,62.25757],[22.37716,62.24737],[22.38861,62.2449],[22.39671,62.24589],[22.40858,62.24481],[22.41026,62.24544],[22.41575,62.25874],[22.40974,62.26637],[22.40986,62.27407],[22.41572,62.27407],[22.41913,62.27355],[22.42426,62.27371],[22.43018,62.27272],[22.43191,62.27288],[22.44069,62.2768],[22.44031,62.27954],[22.44324,62.28394],[22.4429,62.2896],[22.44137,62.29272],[22.43684,62.29575],[22.43607,62.29818],[22.4377,62.30033],[22.44184,62.30272],[22.44582,62.30697],[22.44664,62.30918],[22.44691,62.31456],[22.44643,62.31894],[22.44516,62.32111],[22.43772,62.3291],[22.44012,62.34257],[22.4381,62.35477],[22.43972,62.35834],[22.43907,62.3623],[22.43971,62.36448],[22.43908,62.36685],[22.43521,62.36891],[22.43451,62.37005],[22.43917,62.37271],[22.43982,62.37615],[22.4419,62.38013],[22.44187,62.38189],[22.44039,62.38347],[22.44278,62.38798],[22.44153,62.39111],[22.44289,62.39209],[22.4415,62.39287],[22.44007,62.39553],[22.44072,62.39654],[22.44008,62.39726],[22.44044,62.3983],[22.44158,62.3998],[22.43958,62.40206],[22.43803,62.40946],[22.4287,62.41945],[22.42466,62.42194],[22.42338,62.42367],[22.41472,62.42778],[22.41125,62.4323],[22.40852,62.43271],[22.35094,62.43412],[22.33768,62.43563],[22.33328,62.43706],[22.32252,62.43715],[22.30845,62.4404],[22.27992,62.43983],[22.26321,62.44051],[22.26019,62.44124],[22.23876,62.44867],[22.23177,62.44987],[22.22816,62.45096],[22.22956,62.45349],[22.22899,62.4546],[22.22265,62.45382],[22.20832,62.4556],[22.21107,62.45756],[22.21611,62.46252],[22.22283,62.46622],[22.22467,62.47059],[22.22433,62.47245],[22.22747,62.4756],[22.22581,62.47662],[22.22173,62.47796],[22.19161,62.48532],[22.18902,62.48629],[22.17479,62.49427],[22.1633,62.49659],[22.15677,62.49745],[22.15439,62.49941],[22.14913,62.50117],[22.14868,62.50164],[22.15004,62.50501],[22.15033,62.50796],[22.14978,62.50981],[22.15228,62.51222],[22.15266,62.51571],[22.15638,62.52024],[22.15511,62.52091],[22.14875,62.52089],[22.14578,62.52267],[22.14509,62.52496],[22.1432,62.5252],[22.1391,62.52412],[22.13544,62.52232],[22.13475,62.5214],[22.12661,62.52213],[22.11923,62.52175],[22.11425,62.52253],[22.1106,62.52129],[22.093,62.52078],[22.09029,62.52021],[22.08998,62.52175],[22.0937,62.52361],[22.09414,62.52539],[22.09735,62.52763],[22.09943,62.52986],[22.09521,62.53469],[22.09729,62.53903],[22.09767,62.54223],[22.10221,62.5452],[22.10353,62.54994],[22.10297,62.55032],[22.10141,62.54981],[22.08514,62.55192],[22.08205,62.55041],[22.07978,62.55024],[22.07272,62.55095],[22.06263,62.55111],[22.05185,62.55383],[22.06547,62.55725],[22.07026,62.5566],[22.08817,62.5607],[22.09069,62.56076],[22.09296,62.5614],[22.09271,62.56383],[22.09555,62.56693],[22.0975,62.56677],[22.1028,62.56822],[22.09939,62.57189],[22.09868,62.57532],[22.10063,62.58055],[22.10159,62.58803],[22.09837,62.59153],[22.10078,62.59348],[22.10356,62.59466],[22.10337,62.5971],[22.10686,62.59829],[22.11106,62.59771],[22.11644,62.59924],[22.12339,62.60266],[22.1222,62.60284],[22.12066,62.60379],[22.11848,62.60635],[22.10789,62.60987],[22.10583,62.61641],[22.11054,62.62961],[22.11613,62.62986],[22.12451,62.63238],[22.12628,62.63596],[22.12599,62.63835],[22.13555,62.64489],[22.1457,62.65074],[22.14938,62.65546],[22.15644,62.65929],[22.15983,62.66269],[22.13879,62.67187],[22.11951,62.68589],[22.09994,62.69048],[22.07478,62.6913],[22.07743,62.694],[22.07945,62.69884],[22.07788,62.70167],[22.0792,62.70461],[22.08532,62.7055],[22.07566,62.70854],[22.07336,62.70888],[22.07396,62.70958],[22.0777,62.71152],[22.08101,62.71252],[22.09316,62.71438],[22.09601,62.71416],[22.12488,62.70895],[22.13411,62.70863],[22.14796,62.70868],[22.15241,62.70905],[22.16316,62.71329],[22.16908,62.71457],[22.17834,62.71759],[22.19052,62.72085],[22.19425,62.72248],[22.1978,62.72471],[22.20382,62.72689],[22.20434,62.72807],[22.20154,62.72871],[22.19895,62.72878],[22.19398,62.72837],[22.18848,62.73],[22.1889,62.73353],[22.18825,62.73417],[22.18499,62.7353],[22.18509,62.73723],[22.18564,62.73896],[22.18801,62.74016],[22.19082,62.74071],[22.19195,62.74154],[22.19188,62.74412],[22.1928,62.74468],[22.1981,62.74599],[22.19978,62.74831],[22.20441,62.74969],[22.20672,62.74942],[22.21113,62.7503],[22.22017,62.74973],[22.22248,62.74906],[22.22492,62.7498],[22.22583,62.75076],[22.22959,62.75198],[22.22569,62.75339],[22.22736,62.75659],[22.23339,62.76098],[22.23945,62.76349],[22.24162,62.76377],[22.24689,62.76307],[22.24994,62.76304],[22.26131,62.76448],[22.26283,62.76513],[22.26644,62.76962],[22.27918,62.77057],[22.2838,62.77163],[22.29604,62.7719],[22.30442,62.7733],[22.30978,62.77333],[22.31142,62.77409],[22.28894,62.78295],[22.28717,62.78406],[22.28994,62.78476],[22.2907,62.78557],[22.29682,62.7866],[22.30106,62.78609],[22.30462,62.78652],[22.30577,62.7871],[22.30693,62.7898],[22.30758,62.78998],[22.31828,62.79025],[22.32467,62.78809],[22.33457,62.79348],[22.35033,62.7879],[22.35421,62.78743],[22.35861,62.78611],[22.36042,62.78627],[22.36461,62.78576],[22.36749,62.78479],[22.36841,62.78311],[22.37282,62.78065],[22.38151,62.78131],[22.38188,62.78184],[22.37963,62.78585],[22.37749,62.78788],[22.37092,62.7901],[22.36625,62.79316],[22.36535,62.79562],[22.35986,62.80249],[22.35513,62.80564],[22.35709,62.80764],[22.36139,62.80928],[22.36379,62.8107],[22.3608,62.81384],[22.36075,62.81719],[22.35939,62.81957],[22.35533,62.82169],[22.3563,62.82662],[22.35088,62.82934],[22.35231,62.83328],[22.35053,62.83426],[22.34791,62.83684],[22.35017,62.84013],[22.35053,62.84265],[22.35393,62.84531],[22.35503,62.8474],[22.3585,62.84898],[22.3642,62.85293],[22.36552,62.85422],[22.36565,62.85681],[22.37079,62.85977],[22.37323,62.86208],[22.37847,62.86458],[22.38136,62.86733],[22.38251,62.86924],[22.38197,62.87048],[22.3849,62.87454],[22.3842,62.87773],[22.38529,62.88194],[22.38405,62.88419],[22.38148,62.88314],[22.37969,62.8832],[22.37544,62.88246],[22.37338,62.88125],[22.3694,62.88024],[22.36124,62.87585],[22.3538,62.87641],[22.35238,62.87618],[22.34985,62.87741],[22.35014,62.87861],[22.34953,62.87923],[22.3475,62.87959],[22.34594,62.88052],[22.34306,62.88128],[22.34199,62.88236],[22.32928,62.88467],[22.33306,62.8875],[22.33308,62.89102],[22.33373,62.89231],[22.33185,62.89534],[22.32415,62.89778],[22.31536,62.89942],[22.31001,62.90173],[22.31015,62.90359],[22.3114,62.90517],[22.31564,62.90812],[22.3183,62.90882],[22.32072,62.91131],[22.32046,62.91258],[22.31731,62.91349],[22.3091,62.91348],[22.30499,62.91432],[22.29972,62.9148],[22.29601,62.91482],[22.29066,62.91417],[22.28507,62.91418],[22.27553,62.91641],[22.26724,62.91699],[22.25278,62.92005],[22.23616,62.92787],[22.2452,62.93052],[22.25707,62.93708],[22.27079,62.94581],[22.26997,62.94905],[22.27445,62.95355],[22.29128,62.95977],[22.29141,62.9625],[22.29828,62.96686],[22.29847,62.96942],[22.2969,62.97045],[22.30453,62.97495],[22.30377,62.97761],[22.30491,62.97857],[22.31121,62.98101],[22.32154,62.98801],[22.3223,62.98984],[22.31931,62.99169],[22.31776,62.99386],[22.31553,62.99449],[22.32372,62.99967],[22.3294,63.00161],[22.32574,63.00467],[22.31931,63.00744],[22.31092,63.00734],[22.29755,63.0089],[22.28545,63.01244],[22.26921,63.01123],[22.25726,63.00702],[22.2502,63.007],[22.24234,63.00846],[22.21745,63.0113],[22.223,63.01442],[22.2246,63.01733],[22.22611,63.01866],[22.2362,63.02077],[22.23771,63.02233],[22.24221,63.02364],[22.24158,63.02587],[22.24213,63.02802],[22.26176,63.04078],[22.25849,63.04631],[22.27026,63.05267],[22.25424,63.05458],[22.25273,63.05336],[22.24571,63.05582],[22.25237,63.05925],[22.25868,63.06738],[22.25363,63.0747],[22.24889,63.07517],[22.24532,63.07732],[22.25478,63.0881],[22.25856,63.09807],[22.25699,63.10005],[22.26245,63.10953],[22.26785,63.11394],[22.25524,63.11798],[22.24904,63.12607],[22.25293,63.13168],[22.25132,63.14056],[22.2551,63.14712],[22.25784,63.14869],[22.26374,63.15026],[22.26475,63.15519],[22.26728,63.16055],[22.26639,63.16198],[22.26728,63.16516],[22.27226,63.16869],[22.272,63.17435],[22.26992,63.17812],[22.2698,63.18066],[22.27207,63.184],[22.2744,63.18594],[22.27648,63.18993],[22.28518,63.19149],[22.2867,63.19427],[22.29187,63.19416],[22.30599,63.19648],[22.30984,63.19909],[22.3169,63.20208],[22.32258,63.20257],[22.32869,63.20224],[22.3326,63.20381],[22.3391,63.20402],[22.34048,63.20443],[22.3454,63.20682],[22.35707,63.20987],[22.36205,63.21246],[22.3676,63.2165],[22.38412,63.22148],[22.38753,63.22124],[22.39661,63.22229],[22.40045,63.22043],[22.40442,63.21995],[22.40808,63.21874],[22.41098,63.21828],[22.41483,63.21591],[22.42214,63.21564],[22.43097,63.21803],[22.43377,63.22136],[22.43892,63.22438],[22.43639,63.23039],[22.43762,63.23291],[22.43703,63.23586],[22.44141,63.23955],[22.44578,63.24123],[22.44869,63.24555],[22.45251,63.24432],[22.46711,63.24186],[22.47065,63.23865],[22.47991,63.23255],[22.4908,63.22878],[22.50554,63.21916],[22.51227,63.21873],[22.51765,63.21739],[22.52075,63.21743],[22.52579,63.21664],[22.52905,63.21746],[22.53244,63.21761],[22.54207,63.21732],[22.54698,63.21774],[22.55182,63.21703],[22.55609,63.21842],[22.557,63.21946],[22.56425,63.22127],[22.56588,63.2221],[22.5661,63.22318],[22.56814,63.22472],[22.56816,63.22638],[22.57023,63.22768],[22.57253,63.23119],[22.57569,63.23283],[22.57663,63.23411],[22.58195,63.23623],[22.58978,63.2376],[22.597,63.23786],[22.60537,63.23866],[22.62082,63.24112],[22.62511,63.24105],[22.627,63.24159],[22.62921,63.24298],[22.63277,63.24343],[22.64011,63.2454],[22.64383,63.24602],[22.6493,63.24762],[22.65049,63.24859],[22.65814,63.24643],[22.66116,63.2435],[22.6636,63.24207],[22.6644,63.2391],[22.66646,63.23709],[22.67155,63.2342],[22.67521,63.22922],[22.68433,63.23191],[22.68685,63.23312],[22.71233,63.23912],[22.72313,63.24309],[22.72708,63.2435],[22.72876,63.24332],[22.73263,63.24172],[22.73503,63.24187],[22.74348,63.24407],[22.74791,63.24445],[22.75181,63.24629],[22.75319,63.24802],[22.75569,63.24921],[22.76111,63.24877],[22.77278,63.25108],[22.7984,63.24939],[22.8035,63.24888],[22.80861,63.24753],[22.81106,63.24736],[22.82691,63.24757],[22.83873,63.24707],[22.84353,63.23823],[22.84983,63.23812],[22.85376,63.23968],[22.86951,63.23724],[22.87405,63.23808],[22.87584,63.23878],[22.87631,63.24037],[22.87536,63.24244],[22.87671,63.24315],[22.88574,63.24265],[22.89436,63.24338],[22.89926,63.24318],[22.91072,63.24385],[22.92051,63.2455],[22.92373,63.24695],[22.93015,63.2484],[22.94295,63.25452],[22.94692,63.25529],[22.95283,63.25732],[22.95929,63.25807],[22.98735,63.25934],[22.99345,63.26155],[22.99975,63.26324],[23.0045,63.2659],[23.00988,63.26707],[23.01972,63.27187],[23.02868,63.27388],[23.02926,63.27528],[23.02653,63.27995],[23.02737,63.2815],[23.02419,63.28592],[23.03779,63.28508],[23.04552,63.28582],[23.05167,63.28599],[23.05009,63.28686],[23.0544,63.29059],[23.06126,63.29242],[23.06292,63.2936],[23.06944,63.29328],[23.07834,63.2947],[23.09077,63.29472],[23.09689,63.29332],[23.10181,63.2931],[23.10488,63.29133],[23.10645,63.29118],[23.10837,63.29044],[23.11455,63.29089],[23.1194,63.28877],[23.1135,63.30114],[23.10991,63.30322],[23.11287,63.30697],[23.11596,63.30744],[23.11659,63.30881],[23.11563,63.30974],[23.11681,63.31105],[23.11645,63.31168],[23.13334,63.31327],[23.1293,63.31738],[23.12653,63.32369],[23.12498,63.32593],[23.12331,63.32718],[23.12405,63.32869],[23.12524,63.32929],[23.12508,63.33206],[23.12799,63.33464],[23.12943,63.33494],[23.1316,63.33456],[23.13469,63.33491],[23.13653,63.33606],[23.14013,63.33689],[23.14437,63.3368],[23.1486,63.33833],[23.15535,63.34164],[23.15551,63.34321],[23.15231,63.34635],[23.15307,63.34701],[23.15898,63.34747],[23.16248,63.34633],[23.16442,63.34676],[23.16648,63.34663],[23.17907,63.34758],[23.1844,63.35019],[23.18482,63.35158],[23.1876,63.35419],[23.1874,63.3551],[23.19301,63.36026],[23.20835,63.3642],[23.2124,63.36123],[23.21675,63.36053],[23.22279,63.36032],[23.22654,63.36142],[23.22931,63.36179],[23.24185,63.35429],[23.24291,63.3543],[23.24885,63.35648],[23.24818,63.36091],[23.25177,63.36366],[23.25146,63.36452],[23.24754,63.36766],[23.24381,63.38599],[23.24314,63.38769],[23.2407,63.3901],[23.24406,63.39367],[23.24393,63.39489],[23.24335,63.39667],[23.23736,63.4013],[23.2381,63.40229],[23.24778,63.40745],[23.24767,63.40834],[23.24167,63.41279],[23.23982,63.41526],[23.24122,63.41654],[23.24508,63.41859],[23.24478,63.4212],[23.24969,63.42101],[23.25719,63.4219],[23.26105,63.42267],[23.2679,63.42492],[23.27105,63.4252],[23.2895,63.42613],[23.29269,63.42599],[23.30179,63.42401],[23.30888,63.42444],[23.31257,63.42498],[23.31917,63.42704],[23.32176,63.42965],[23.32776,63.4322],[23.33489,63.42958],[23.3365,63.43142],[23.33746,63.43178],[23.36728,63.43633],[23.36989,63.43786],[23.37621,63.43897],[23.38099,63.44039],[23.38349,63.4405],[23.38712,63.44168],[23.41453,63.45454],[23.43342,63.46009],[23.44265,63.46331],[23.44461,63.46437],[23.45053,63.46459],[23.4553,63.4614],[23.47165,63.45819],[23.48938,63.45895],[23.50542,63.46037],[23.51321,63.45962],[23.51759,63.45869],[23.52702,63.4554],[23.53038,63.45369],[23.53035,63.4523],[23.53168,63.45175],[23.53407,63.45433],[23.54035,63.45602],[23.54366,63.46226],[23.54859,63.46532],[23.54713,63.46923],[23.54579,63.47056],[23.5435,63.4752],[23.54436,63.47642],[23.5506,63.48023],[23.55734,63.48199],[23.56043,63.48212],[23.56677,63.48148],[23.57685,63.48132],[23.57924,63.48178],[23.58126,63.48273],[23.58214,63.48375],[23.58185,63.48728],[23.58371,63.49041],[23.58206,63.49388],[23.58233,63.49546],[23.58372,63.49682],[23.59541,63.50162],[23.61104,63.50654],[23.61403,63.50812],[23.63007,63.52005],[23.62854,63.52428],[23.63479,63.53146],[23.67868,63.54597],[23.6821,63.54663],[23.69668,63.54808],[23.70622,63.55255],[23.70928,63.55357],[23.71346,63.55439],[23.75307,63.55942],[23.79257,63.56242],[23.79607,63.56316],[23.79935,63.56432],[23.80185,63.56583],[23.80737,63.57065],[23.81047,63.5722],[23.81845,63.57505],[23.82403,63.5789],[23.82682,63.5801],[23.83242,63.58132],[23.83181,63.58266],[23.82084,63.58842],[23.81626,63.59324],[23.81596,63.60007],[23.81434,63.60149],[23.82716,63.60535],[23.82967,63.60647],[23.83189,63.60779],[23.83288,63.61107],[23.83617,63.61192],[23.83943,63.6138],[23.84264,63.61695],[23.84749,63.61785],[23.8522,63.62041],[23.85312,63.62442],[23.85273,63.62627],[23.86074,63.62926],[23.87739,63.63174],[23.87958,63.63451],[23.87844,63.63581],[23.87352,63.63868],[23.87453,63.64098],[23.85764,63.64412],[23.85867,63.65003],[23.84267,63.66084],[23.84065,63.66524],[23.83244,63.66732],[23.83147,63.66803],[23.83037,63.67108],[23.82906,63.67201],[23.82276,63.675],[23.81033,63.67994],[23.80605,63.68286],[23.80718,63.68262],[23.80415,63.68366],[23.80441,63.69154],[23.80969,63.69358],[23.81059,63.69489],[23.81882,63.69618],[23.83935,63.7076],[23.84461,63.70849],[23.84495,63.70916],[23.84322,63.71072],[23.84619,63.71234],[23.8468,63.71342],[23.84449,63.7183],[23.83013,63.71948],[23.82613,63.72257],[23.82502,63.72483],[23.82161,63.72711],[23.80663,63.73054],[23.79903,63.73079],[23.79676,63.73145],[23.78824,63.73549],[23.78405,63.73653],[23.77348,63.74078],[23.7633,63.74291],[23.75456,63.74569],[23.74719,63.74689],[23.74995,63.74785],[23.75036,63.74873],[23.76068,63.7548],[23.76069,63.7569],[23.76182,63.75824],[23.76099,63.76309],[23.76143,63.76355],[23.77444,63.77023],[23.7756,63.77151],[23.7778,63.77233],[23.7774,63.77334],[23.77807,63.77396],[23.78371,63.77502],[23.78766,63.77704],[23.78691,63.77795],[23.7795,63.78106],[23.77926,63.7817],[23.78084,63.78281],[23.7809,63.78416],[23.77698,63.7875],[23.78161,63.79004],[23.78268,63.79436],[23.78359,63.7948],[23.78689,63.7952],[23.78922,63.7968],[23.79065,63.80011],[23.78652,63.80154],[23.78467,63.80179],[23.77722,63.79939],[23.77491,63.79912],[23.76052,63.80128],[23.75731,63.80195],[23.75619,63.8026],[23.75273,63.80871],[23.75198,63.80905],[23.743,63.80958],[23.73839,63.8105],[23.73507,63.81257],[23.73086,63.81374],[23.72706,63.81393],[23.72509,63.81364],[23.71873,63.81432],[23.71373,63.81551],[23.71163,63.81675],[23.70885,63.81713],[23.70619,63.81651],[23.70686,63.81822],[23.70867,63.81929],[23.72224,63.82223],[23.72355,63.82442],[23.72688,63.82599],[23.72957,63.82603],[23.73161,63.82546],[23.73489,63.82626],[23.73955,63.82856],[23.74227,63.83067],[23.7442,63.83082],[23.74639,63.83375],[23.74645,63.83485],[23.74512,63.83589],[23.74495,63.83677],[23.74687,63.83825],[23.74755,63.84038],[23.74995,63.8417],[23.74707,63.84155],[23.7423,63.84196],[23.73821,63.84286],[23.73261,63.84612],[23.72984,63.85058],[23.72709,63.85133],[23.72159,63.85168],[23.7157,63.85484],[23.71502,63.85594],[23.71538,63.8576],[23.71674,63.85819],[23.72015,63.85866],[23.7235,63.86079],[23.72593,63.86328],[23.72776,63.86644],[23.72718,63.87029],[23.73986,63.86537],[23.74424,63.86479],[23.74903,63.8627],[23.75192,63.86193],[23.75908,63.8618],[23.76844,63.86327],[23.77957,63.86271],[23.78275,63.86351],[23.80695,63.86578],[23.8141,63.86497],[23.8163,63.86521],[23.82469,63.87067],[23.84426,63.87513],[23.84319,63.8789],[23.84367,63.88037],[23.84551,63.88112],[23.85019,63.88167],[23.85249,63.88278],[23.85441,63.88248],[23.8551,63.87739],[23.85643,63.87677],[23.85952,63.87655],[23.88348,63.87938],[23.88922,63.87908],[23.89584,63.88059],[23.91015,63.87876],[23.91091,63.8845],[23.91274,63.88719],[23.91929,63.89121],[23.91929,63.89315],[23.92976,63.89978],[23.93745,63.90223],[23.93784,63.90351],[23.96439,63.90159],[23.98957,63.90112],[24.06784,63.90615],[24.06832,63.90716],[24.07334,63.90979],[24.07591,63.9105],[24.08285,63.91459],[24.0824,63.9165],[24.07981,63.91792],[24.07881,63.91924],[24.07741,63.92273],[24.07797,63.92463],[24.07351,63.926],[24.07457,63.92799],[24.07405,63.9287],[24.07436,63.93051],[24.06948,63.93403],[24.06671,63.9353],[24.06652,63.93578],[24.06882,63.93719],[24.07083,63.93622],[24.07398,63.9362],[24.07784,63.93514],[24.07825,63.93448],[24.08727,63.93236],[24.09107,63.92947],[24.09674,63.92713],[24.1013,63.92657],[24.10962,63.92643],[24.11207,63.92774],[24.1114,63.92913],[24.11338,63.9317],[24.11489,63.93572],[24.11768,63.93646],[24.11946,63.93637],[24.12234,63.9373],[24.12153,63.93821],[24.11585,63.93926],[24.11408,63.94106],[24.10061,63.94704],[24.09527,63.9465],[24.0864,63.94941],[24.08549,63.95062],[24.07807,63.95484],[24.07497,63.95949],[24.08756,63.96015],[24.09044,63.96234],[24.09249,63.96298],[24.0941,63.96491],[24.0957,63.9658],[24.12613,63.96983],[24.12892,63.97421],[24.12905,63.97551],[24.12716,63.97679],[24.12652,63.97804],[24.13097,63.98027],[24.13239,63.98309],[24.12673,63.9843],[24.12419,63.98449],[24.12082,63.9861],[24.12066,63.98787],[24.1183,63.98861],[24.11793,63.99039],[24.11039,63.99644],[24.10408,63.99774],[24.09494,63.99852],[24.0936,63.99947],[24.08512,64.00205],[24.08683,64.00447],[24.09236,64.00666],[24.09283,64.01018],[24.08755,64.01134],[24.08168,64.0138],[24.0745,64.01533],[24.07265,64.0163],[24.04377,64.03357],[24.04786,64.03555],[24.04859,64.03682],[24.04764,64.03768],[24.03654,64.04143],[24.03879,64.04271],[24.04568,64.04427],[24.12673,64.04609],[24.13008,64.04693],[24.12897,64.04842],[24.12484,64.05112],[24.12236,64.05492],[24.12271,64.05609],[24.12208,64.05748],[24.11763,64.0595],[24.1171,64.06087],[24.11315,64.06244],[24.11387,64.06444],[24.11242,64.06582],[24.10895,64.06677],[24.10349,64.06675],[24.10136,64.0673],[24.09878,64.06895],[24.09693,64.07129],[24.09828,64.07345],[24.10036,64.07467],[24.10635,64.07609],[24.10512,64.0775],[24.11975,64.09703],[24.11564,64.09873],[24.10957,64.09952],[24.0954,64.10249],[24.09053,64.10412],[24.09141,64.1068],[24.08919,64.11079],[24.08337,64.11206],[24.08201,64.1161],[24.01491,64.12431],[24.00532,64.12821],[23.99028,64.13093],[23.98393,64.13123],[23.97419,64.12934],[23.95828,64.12918],[23.93728,64.12616],[23.92379,64.13267],[23.90361,64.13738],[23.88564,64.13887],[23.85226,64.15258],[23.83297,64.14771],[23.82952,64.15001],[23.82817,64.15375],[23.8198,64.15129],[23.81862,64.1516],[23.81713,64.15323],[23.81812,64.1543],[23.81847,64.15709],[23.81581,64.16039],[23.81667,64.16236],[23.81452,64.16536],[23.81251,64.16664],[23.80626,64.17467],[23.80399,64.1757],[23.80122,64.1782],[23.79964,64.18103],[23.79535,64.18553],[23.79561,64.1896],[23.79258,64.19383],[23.79144,64.19777],[23.78653,64.20415],[23.7823,64.20615],[23.7753,64.20739],[23.77089,64.2093],[23.77708,64.21117],[23.79112,64.21747],[23.81708,64.23014],[23.81384,64.23102],[23.81876,64.23357],[23.8171,64.2342],[23.81638,64.23506],[23.8171,64.2362],[23.8236,64.24095],[23.82349,64.24194],[23.82551,64.24395],[23.82858,64.24459],[23.83007,64.2453],[23.83257,64.24552],[23.83585,64.24475],[23.84012,64.24458],[23.84184,64.24378],[23.84201,64.24154],[23.84409,64.24048],[23.85279,64.24274],[23.86195,64.24409],[23.8638,64.24152],[23.87139,64.24301],[23.87448,64.24313],[23.87842,64.24393],[23.88089,64.24508],[23.88486,64.24209],[23.8831,64.24036],[23.88537,64.23535],[23.8848,64.23109],[23.88575,64.22958],[23.89092,64.22824],[23.89016,64.22697],[23.89325,64.22597],[23.898,64.22795],[23.89903,64.23065],[23.95038,64.24465],[23.95221,64.24446],[23.95877,64.24703],[23.95956,64.24774],[23.96089,64.24692],[23.96455,64.24117],[23.96648,64.24022],[23.97779,64.23926],[23.98212,64.23989],[24.00493,64.23051],[24.00688,64.22129],[24.01703,64.21684],[24.02687,64.20935],[24.03595,64.20563],[24.04617,64.19879],[24.05834,64.19877],[24.05869,64.20122],[24.06071,64.20125],[24.06057,64.20682],[24.06566,64.20663],[24.1616,64.22141],[24.1718,64.22245],[24.19003,64.22532],[24.19603,64.22534],[24.20026,64.22604],[24.21244,64.22678],[24.22883,64.2349],[24.23561,64.23964],[24.2522,64.24241],[24.2552,64.24228],[24.26986,64.23993],[24.28175,64.23927],[24.28892,64.23813],[24.28933,64.24076],[24.29353,64.24048],[24.31755,64.23625],[24.32292,64.23377],[24.32837,64.23276],[24.34681,64.23345],[24.35067,64.23417],[24.35368,64.23522],[24.36244,64.23969],[24.3639,64.24118],[24.36425,64.24304],[24.3627,64.24703],[24.36315,64.24879],[24.36447,64.25127],[24.36872,64.25593],[24.37925,64.26196],[24.39109,64.26705],[24.39043,64.26743],[24.39118,64.26911],[24.3896,64.27202],[24.38364,64.27532],[24.38121,64.27934],[24.37767,64.28125],[24.37725,64.28231],[24.37883,64.28453],[24.37839,64.28531],[24.37643,64.28639],[24.37982,64.29085],[24.38023,64.29672],[24.38427,64.29836],[24.38511,64.29929],[24.38327,64.30241],[24.38304,64.30517],[24.38926,64.30954],[24.38873,64.31177],[24.38938,64.31368],[24.3877,64.31446],[24.38532,64.31964],[24.38852,64.32242],[24.39021,64.32879],[24.38989,64.33062],[24.39553,64.33265],[24.39914,64.33338],[24.40288,64.33515],[24.40467,64.33757],[24.40666,64.33877],[24.41643,64.34095],[24.41955,64.34231],[24.41525,64.34673],[24.41613,64.35144],[24.4222,64.35133],[24.41831,64.35502],[24.41247,64.35751],[24.40425,64.36346],[24.4112,64.36685],[24.41264,64.3683],[24.41715,64.37097],[24.42965,64.37285],[24.43333,64.37487],[24.43819,64.37584],[24.44026,64.37747],[24.44054,64.37844],[24.44334,64.37865],[24.45113,64.38079],[24.45723,64.38171],[24.4651,64.38006],[24.47381,64.38074],[24.47809,64.38052],[24.48499,64.37869],[24.48751,64.37899],[24.49953,64.37499],[24.50389,64.37092],[24.51689,64.36471],[24.5172,64.36245],[24.51546,64.35945],[24.5342,64.35675],[24.53785,64.35438],[24.54723,64.35254],[24.54951,64.3493],[24.55265,64.34844],[24.55505,64.34721],[24.56216,64.34522],[24.57853,64.35987],[24.59514,64.36387],[24.60185,64.36172],[24.60587,64.36209],[24.61539,64.35676],[24.61868,64.3528],[24.6224,64.3507],[24.62794,64.3495],[24.63469,64.3436],[24.64883,64.33343],[24.6516,64.33228],[24.65211,64.33085],[24.66403,64.32418],[24.66869,64.32218],[24.68189,64.32013],[24.69933,64.32492],[24.70319,64.33085],[24.70566,64.33155],[24.71071,64.33527],[24.71279,64.33623],[24.71546,64.33595],[24.71673,64.33615],[24.71955,64.33548],[24.72197,64.33552],[24.7294,64.3366],[24.73734,64.33886],[24.75002,64.33811],[24.75074,64.33959],[24.75903,64.33722],[24.76229,64.33489],[24.77738,64.33293],[24.78565,64.33298],[24.78862,64.32616],[24.79577,64.32163],[24.79985,64.32168],[24.81198,64.32447],[24.81831,64.31653],[24.8328,64.31035],[24.89853,64.29762],[24.9108,64.30897],[24.90901,64.31122],[24.90971,64.31607],[24.90141,64.3204],[24.89876,64.32347],[24.89271,64.32632],[24.88891,64.33769],[24.88655,64.33989],[24.88361,64.34169],[24.87211,64.34588],[24.8646,64.35442],[24.85379,64.36176],[24.849,64.36436],[24.83645,64.36909],[24.82226,64.3754],[24.82612,64.38095],[24.81698,64.38951],[24.81173,64.39171],[24.81152,64.39245],[24.81268,64.39385],[24.80902,64.39617],[24.8101,64.39827],[24.80149,64.40212],[24.80327,64.40551],[24.80794,64.40878],[24.80808,64.41099],[24.80687,64.41242],[24.80328,64.41408],[24.80126,64.4168],[24.80187,64.41874],[24.81918,64.42119],[24.8292,64.42641],[24.89861,64.43647],[24.92741,64.45276],[24.93347,64.45447],[24.94932,64.4663],[24.91295,64.46886],[24.91297,64.47258],[24.91114,64.47332],[24.90812,64.474],[24.90618,64.47384],[24.90533,64.47447],[24.88769,64.47629],[24.87964,64.47789],[24.87473,64.47972],[24.86601,64.48683],[24.86859,64.49661],[24.86606,64.49941],[24.86586,64.50286],[24.86829,64.50532],[24.86589,64.50698],[24.86638,64.5103],[24.86863,64.51168],[24.8688,64.51561],[24.87318,64.51745],[24.87605,64.52063],[24.88044,64.52274],[24.8806,64.52686],[24.88508,64.52974],[24.88434,64.53273],[24.88134,64.53516],[24.88133,64.53627],[24.85865,64.53933],[24.84326,64.53985],[24.84481,64.53827],[24.84437,64.53738],[24.82624,64.53049],[24.82671,64.52267],[24.82011,64.51473],[24.80978,64.51251],[24.80481,64.50992],[24.80187,64.50917],[24.78614,64.50758],[24.76627,64.50253],[24.74878,64.49874],[24.729,64.50928],[24.72005,64.51554],[24.719,64.51841],[24.71512,64.51986],[24.7076,64.52595],[24.70915,64.52834],[24.68787,64.54474],[24.68589,64.54953],[24.6786,64.55346],[24.67118,64.55207],[24.65669,64.55238],[24.647,64.55389],[24.62368,64.55477],[24.61726,64.5543],[24.6127,64.55261],[24.6128,64.55079],[24.61853,64.54827],[24.62009,64.54384],[24.62364,64.54098],[24.62302,64.53977],[24.62,64.53812],[24.61465,64.53569],[24.61036,64.53524],[24.60323,64.53358],[24.5894,64.53286],[24.58961,64.52837],[24.58294,64.52778],[24.5754,64.52872],[24.57294,64.52789],[24.56735,64.52438],[24.55666,64.52241],[24.55081,64.51905],[24.54325,64.52012],[24.5379,64.52208],[24.53331,64.52249],[24.52513,64.526],[24.52356,64.53005],[24.52374,64.53113],[24.52515,64.53252],[24.52407,64.5341],[24.52582,64.53673],[24.52436,64.53795],[24.52491,64.54053],[24.52001,64.54389],[24.52192,64.54533],[24.51478,64.54704],[24.51053,64.54911],[24.50009,64.55028],[24.48741,64.55384],[24.48355,64.55355],[24.46673,64.55507],[24.45941,64.55623],[24.4498,64.5595],[24.44386,64.56209],[24.43851,64.56348],[24.4319,64.56662],[24.42664,64.56721],[24.42236,64.5684],[24.414,64.56904],[24.40946,64.57144],[24.4032,64.57283],[24.4019,64.57281],[24.3994,64.57187],[24.39581,64.57229],[24.39832,64.57451],[24.38877,64.57746],[24.38726,64.57854],[24.38716,64.57944],[24.3864,64.57955],[24.387,64.581],[24.38674,64.58569],[24.38289,64.59191],[24.38429,64.59348],[24.38444,64.59468],[24.38558,64.59554],[24.38383,64.59669],[24.38371,64.59849],[24.38302,64.5989],[24.38352,64.60074],[24.38536,64.60194],[24.38686,64.60467],[24.38962,64.60651],[24.38696,64.60876],[24.38839,64.61003],[24.39093,64.611],[24.39524,64.61549],[24.39698,64.61625],[24.39441,64.61804],[24.39434,64.61889],[24.40069,64.62287],[24.39893,64.62515],[24.40383,64.62484],[24.40859,64.62541],[24.41464,64.62517],[24.41747,64.6264],[24.42009,64.62697],[24.42331,64.62704],[24.42601,64.62781],[24.4276,64.62875],[24.42865,64.6287],[24.43761,64.63659],[24.44044,64.63839],[24.4498,64.63885],[24.4543,64.64085],[24.45628,64.64238],[24.45701,64.63966],[24.46155,64.6358],[24.46516,64.63392],[24.46892,64.63022],[24.47007,64.62791],[24.47447,64.62566],[24.48413,64.62248],[24.49112,64.61447],[24.49492,64.61898],[24.49387,64.62149],[24.49503,64.62274],[24.49561,64.62486],[24.49649,64.62511],[24.49696,64.62601],[24.49406,64.62919],[24.49503,64.63068],[24.49462,64.63173],[24.49546,64.63598],[24.49378,64.63897],[24.49535,64.63966],[24.49748,64.6393],[24.50112,64.63985],[24.509,64.63943],[24.51217,64.64053],[24.51739,64.64151],[24.5228,64.64126],[24.52636,64.64175],[24.52996,64.63962],[24.53417,64.63943],[24.535,64.63871],[24.53779,64.63819],[24.54235,64.63869],[24.56338,64.63261],[24.59883,64.62667],[24.60038,64.62821],[24.60012,64.6291],[24.59304,64.63103],[24.59055,64.63297],[24.59224,64.6358],[24.58765,64.63694],[24.58577,64.63791],[24.57906,64.64291],[24.57782,64.64564],[24.58059,64.64713],[24.58066,64.64789],[24.57849,64.64929],[24.57362,64.65008],[24.57302,64.6507],[24.57124,64.65407],[24.57182,64.65484],[24.57027,64.65607],[24.56632,64.66327],[24.56506,64.66357],[24.56038,64.66231],[24.556,64.66266],[24.55105,64.66692],[24.55055,64.66927],[24.54877,64.67085],[24.54165,64.67202],[24.53764,64.67317],[24.53431,64.67445],[24.52567,64.6795],[24.54059,64.68437],[24.54754,64.68573],[24.56872,64.68665],[24.56917,64.68819],[24.57289,64.69024],[24.57806,64.69466],[24.56113,64.70173],[24.56143,64.70286],[24.56643,64.7062],[24.56157,64.71085],[24.56378,64.71305],[24.56445,64.71522],[24.56599,64.71714],[24.58158,64.72097],[24.58703,64.72292],[24.59718,64.72387],[24.60277,64.72626],[24.6094,64.72702],[24.61167,64.72958],[24.61172,64.73102],[24.61004,64.73313],[24.60668,64.73412],[24.60027,64.73739],[24.60069,64.73933],[24.60447,64.74287],[24.6092,64.74508],[24.61175,64.74399],[24.61345,64.744],[24.61622,64.74502],[24.62228,64.74489],[24.62492,64.74411],[24.62858,64.74413],[24.63224,64.7437],[24.64151,64.7451],[24.64908,64.74704],[24.65363,64.7475],[24.66132,64.74926],[24.68551,64.76165],[24.68919,64.76588],[24.70368,64.75897],[24.7072,64.76152],[24.7156,64.7711],[24.72357,64.77541],[24.72776,64.77835],[24.72906,64.78009],[24.73151,64.77908],[24.73473,64.78658],[24.73419,64.79109],[24.73267,64.79409],[24.73085,64.79694],[24.72669,64.8012],[24.72445,64.8026],[24.71319,64.80497],[24.71149,64.80625],[24.71666,64.80769],[24.72095,64.80837],[24.72716,64.8117],[24.73162,64.81256],[24.76522,64.81525],[24.77412,64.81723],[24.76833,64.82014],[24.76804,64.823],[24.76174,64.82768],[24.76155,64.82868],[24.76521,64.83248],[24.7647,64.83493],[24.7584,64.84135],[24.76193,64.84528],[24.78053,64.85038],[24.78362,64.85048],[24.78469,64.84992],[24.7874,64.84981],[24.78731,64.84919],[24.78917,64.84829],[24.79015,64.84668],[24.79201,64.84551],[24.79399,64.84499],[24.79803,64.84503],[24.79938,64.84465],[24.80275,64.8423],[24.80505,64.84447],[24.82757,64.84385],[24.83671,64.84306],[24.84037,64.84227],[24.84314,64.84276],[24.84756,64.84251],[24.85688,64.84145],[24.86346,64.8402],[24.87445,64.84045],[24.88186,64.84135],[24.88817,64.8416],[24.89331,64.84118],[24.90261,64.83946],[24.91083,64.83846],[24.93832,64.83597],[24.95325,64.83625],[24.96558,64.83781],[24.96768,64.84114],[24.96394,64.8431],[24.96789,64.84372],[24.98095,64.84376],[24.98589,64.8433],[24.98633,64.84479],[24.99901,64.84272],[25.01633,64.83928],[25.04035,64.83648],[25.05495,64.83528],[25.05956,64.83498],[25.07033,64.83527],[25.08245,64.83325],[25.08623,64.83313],[25.08822,64.8335],[25.08865,64.83456],[25.09176,64.8356],[25.09324,64.83667],[25.09602,64.83717],[25.09827,64.8357],[25.09855,64.83083],[25.09691,64.82591],[25.09916,64.82502],[25.10145,64.82327],[25.12166,64.8238],[25.12666,64.82344],[25.14477,64.82555],[25.15628,64.82947],[25.15931,64.82971],[25.17056,64.83276],[25.16947,64.83088],[25.16963,64.82795],[25.17139,64.82577],[25.17231,64.82079],[25.17653,64.82018],[25.17106,64.81006],[25.15896,64.80046],[25.16241,64.79846],[25.17393,64.79573],[25.18274,64.79568],[25.1856,64.79617],[25.18925,64.79618],[25.19219,64.79541],[25.19609,64.79508],[25.20068,64.7964],[25.20609,64.79707],[25.21264,64.79699],[25.21497,64.79756],[25.21943,64.80204],[25.21995,64.80529],[25.22136,64.80714],[25.22451,64.80951],[25.22505,64.81079],[25.22237,64.81499],[25.23014,64.8139],[25.23381,64.81429],[25.23905,64.81384],[25.24203,64.8131],[25.24703,64.81334],[25.25164,64.81244],[25.25283,64.81248],[25.2534,64.81293],[25.25841,64.81183],[25.2674,64.81116],[25.27746,64.80989],[25.28546,64.80863],[25.29086,64.80608],[25.29495,64.80523],[25.3098,64.80523],[25.31715,64.8072],[25.32422,64.80737],[25.32843,64.80845],[25.33566,64.80927],[25.34229,64.80826],[25.34631,64.80817],[25.3484,64.80864],[25.3615,64.80597],[25.366,64.80342],[25.36807,64.80312],[25.37434,64.8036],[25.37624,64.80339],[25.36967,64.79863],[25.36858,64.79815],[25.36275,64.79737],[25.36016,64.79594],[25.35862,64.79407],[25.35878,64.79292],[25.36124,64.79291],[25.36956,64.79102],[25.37443,64.7909],[25.376,64.7902],[25.37591,64.78949],[25.36962,64.78794],[25.37245,64.78008],[25.37263,64.77653],[25.37215,64.7737],[25.36836,64.7673],[25.37301,64.76598],[25.38217,64.76491],[25.38845,64.76362],[25.39235,64.76254],[25.39621,64.7609],[25.39618,64.75319],[25.4085,64.7496],[25.41718,64.74478],[25.44799,64.7429],[25.46509,64.7388],[25.47835,64.73671],[25.48369,64.73433],[25.4863,64.73366],[25.48876,64.73436],[25.48807,64.73519],[25.50753,64.74455],[25.52567,64.75007],[25.53482,64.75366],[25.54958,64.7565],[25.54804,64.76281],[25.56139,64.76186],[25.56486,64.76205],[25.56988,64.76308],[25.59034,64.76372],[25.60803,64.76538],[25.61669,64.76493],[25.63832,64.76247],[25.64945,64.76309],[25.65285,64.76378],[25.66392,64.75675],[25.665,64.75453],[25.66843,64.7518],[25.68845,64.75621],[25.71725,64.75387],[25.74983,64.74157],[25.79397,64.73249],[25.80532,64.73456],[25.81961,64.73187],[25.83143,64.73144],[25.83435,64.73803],[25.82628,64.75341],[25.7571,64.77171],[25.74354,64.77756],[25.72174,64.77742],[25.7032,64.78246],[25.69153,64.78305],[25.69393,64.78766],[25.68312,64.79351],[25.70251,64.80374],[25.70972,64.81221],[25.69221,64.8174],[25.68689,64.82697],[25.67093,64.83427],[25.6675,64.83799],[25.65119,64.84405],[25.66711,64.85388],[25.65754,64.85984],[25.65462,64.86114],[25.65342,64.86261],[25.65784,64.86281],[25.65754,64.86451],[25.65175,64.87235],[25.65329,64.87683],[25.6569,64.87789],[25.66209,64.87723],[25.66466,64.87821],[25.66441,64.88027],[25.6684,64.88209],[25.67041,64.8843],[25.67144,64.89087],[25.67458,64.89513],[25.67913,64.89843],[25.6835,64.90531],[25.68256,64.90751],[25.68423,64.91012],[25.67574,64.91539],[25.66647,64.92019],[25.66681,64.92762],[25.65857,64.93445],[25.66303,64.94231],[25.67711,64.94856],[25.66423,64.95386],[25.68535,64.96476],[25.67712,64.96717],[25.65148,64.96996],[25.64223,64.97184],[25.59536,64.99538],[25.57962,65.00563],[25.58283,65.00641],[25.58453,65.00754],[25.58655,65.0115],[25.58989,65.01512],[25.58838,65.01865],[25.57873,65.02431],[25.56965,65.02673],[25.55937,65.03253],[25.57407,65.03681],[25.58401,65.04374],[25.58174,65.04471],[25.58447,65.04587],[25.5838,65.04702],[25.65217,65.06953],[25.65996,65.07291],[25.68525,65.09726],[25.69122,65.10116],[25.68645,65.10446],[25.68065,65.10565],[25.67794,65.1067],[25.67617,65.10921],[25.67459,65.10988],[25.67277,65.11214],[25.66561,65.11368],[25.66205,65.11373],[25.65801,65.11317],[25.64616,65.11369],[25.63802,65.11512],[25.63421,65.11636],[25.62844,65.11659],[25.6238,65.11747],[25.62062,65.11823],[25.6175,65.11989],[25.61374,65.12017],[25.61204,65.11646],[25.60464,65.11051],[25.59608,65.11132],[25.59222,65.11348],[25.5772,65.11693],[25.56952,65.11924],[25.56368,65.1193],[25.55587,65.11872],[25.5518,65.11951],[25.546,65.12148],[25.54725,65.12526],[25.55373,65.12565],[25.55776,65.12536],[25.56261,65.12688],[25.56368,65.13179],[25.55519,65.14191],[25.55411,65.14545],[25.57003,65.14819],[25.58227,65.14393],[25.58411,65.14184],[25.59505,65.142],[25.59819,65.13973],[25.60381,65.13976],[25.61441,65.13733],[25.62248,65.13748],[25.62928,65.14017],[25.63994,65.15098],[25.64466,65.15095],[25.64921,65.15347],[25.65084,65.1618],[25.65368,65.16224],[25.65685,65.16213],[25.66612,65.17449],[25.6681,65.17964],[25.66544,65.18256],[25.66441,65.19279],[25.64072,65.20446],[25.6372,65.20899],[25.67831,65.21162],[25.70157,65.21583],[25.71161,65.22083],[25.7323,65.22432],[25.73479,65.22504],[25.73161,65.22961],[25.71865,65.22979],[25.70346,65.23237],[25.69179,65.23169],[25.68398,65.23234],[25.68063,65.23335],[25.68509,65.23791],[25.69264,65.23967],[25.71771,65.24388],[25.71161,65.24781],[25.71749,65.25008],[25.72102,65.25825],[25.71533,65.25948],[25.71091,65.25991],[25.7041,65.26234],[25.69498,65.26284],[25.69221,65.26462],[25.68985,65.26545],[25.68952,65.26796],[25.69368,65.26954],[25.69401,65.27158],[25.68775,65.27519],[25.68662,65.27767],[25.68115,65.28122],[25.68468,65.29197],[25.69027,65.29242],[25.69776,65.29748],[25.69969,65.30312],[25.69986,65.30842],[25.69818,65.30959],[25.68977,65.31193],[25.68771,65.31354],[25.69082,65.31996],[25.6872,65.32714],[25.68872,65.32935],[25.69237,65.33067],[25.69801,65.33133],[25.72079,65.33147],[25.73702,65.33085],[25.7551,65.3323],[25.76064,65.33307],[25.76636,65.33223],[25.76977,65.33232],[25.79718,65.3399],[25.79977,65.33994],[25.79637,65.33484],[25.793,65.31616],[25.81475,65.31573],[25.81834,65.31656],[25.83747,65.31436],[25.87503,65.32412],[25.89427,65.32401],[25.89899,65.32724],[25.91345,65.32841],[25.91387,65.33259],[25.90576,65.33391],[25.89842,65.33454],[25.89889,65.33612],[25.89599,65.33626],[25.89532,65.33706],[25.89947,65.34081],[25.90006,65.34361],[25.8991,65.34399],[25.90065,65.34475],[25.90286,65.34738],[25.90304,65.34881],[25.902,65.34951],[25.90178,65.35088],[25.9023,65.35275],[25.90902,65.35505],[25.90857,65.35737],[25.9115,65.35792],[25.91137,65.35838],[25.90991,65.35869],[25.91177,65.35871],[25.91334,65.36137],[25.93131,65.36044],[25.93184,65.36074],[25.94712,65.36225],[25.9527,65.36189],[25.9667,65.35839],[25.98361,65.35585],[26.00035,65.35639],[26.01563,65.35836],[26.037,65.35947],[26.04223,65.36036],[26.05013,65.36516],[26.05193,65.36685],[26.05043,65.36911],[26.05386,65.37188],[26.05103,65.37444],[26.05197,65.3764],[26.05064,65.37894],[26.05515,65.38322],[26.05373,65.38515],[26.05451,65.39841],[26.05828,65.39957],[26.0621,65.40253],[26.05618,65.40512],[26.05708,65.4067],[26.05854,65.40761],[26.05841,65.40882],[26.0636,65.41154],[26.06738,65.4118],[26.0736,65.41093],[26.09545,65.4115],[26.09837,65.4102],[26.1015,65.40971],[26.10549,65.41125],[26.10648,65.41309],[26.11085,65.414],[26.11231,65.41491],[26.11124,65.41646],[26.10545,65.41745],[26.10253,65.41919],[26.10948,65.42166],[26.11377,65.42387],[26.11442,65.42635],[26.11304,65.42799],[26.1166,65.43099],[26.11562,65.43206],[26.11111,65.43351],[26.11163,65.43818],[26.11433,65.43945],[26.1151,65.44182],[26.11407,65.44389],[26.10751,65.44464],[26.10995,65.44722],[26.10935,65.44883],[26.1109,65.45058],[26.11188,65.45322],[26.11485,65.45525],[26.11227,65.45933],[26.10661,65.46133],[26.09613,65.46218],[26.08257,65.46646],[26.04927,65.46981],[26.02077,65.46903],[25.99794,65.46404],[25.9782,65.46446],[25.97872,65.47373],[25.9758,65.48271],[25.97837,65.49033],[25.9849,65.49624],[25.9837,65.50706],[25.99314,65.53892],[25.97855,65.54382],[25.96293,65.54574],[25.95314,65.54581],[25.94542,65.54979],[25.93271,65.55121],[25.92945,65.55398],[25.92001,65.55761],[25.92018,65.56095],[25.89821,65.56585],[25.88808,65.57529],[25.87263,65.58331],[25.85684,65.58835],[25.84637,65.59601],[25.83092,65.5987],[25.83143,65.60693],[25.79339,65.59551],[25.7892,65.59728],[25.78045,65.59742],[25.7674,65.60118],[25.74972,65.60515],[25.73496,65.61352],[25.73582,65.61742],[25.73977,65.61898],[25.74457,65.62301],[25.75693,65.62868],[25.74097,65.63314],[25.7365,65.64143],[25.73032,65.6461],[25.72509,65.64665],[25.72329,65.65334],[25.72037,65.65495],[25.7026,65.65997],[25.70432,65.66183],[25.70157,65.66917],[25.69702,65.67493],[25.6905,65.67741],[25.66647,65.70281],[25.66089,65.72008],[25.70415,65.72611],[25.73693,65.73683],[25.75642,65.73698],[25.79221,65.73609],[25.78242,65.7472],[25.76706,65.7594],[25.73719,65.77109],[25.73349,65.77454],[25.73223,65.78451],[25.71342,65.7753],[25.70985,65.76789],[25.71426,65.75922],[25.70133,65.75882],[25.68284,65.75518],[25.67821,65.74988],[25.66876,65.75114],[25.66129,65.75339],[25.65404,65.75325],[25.62787,65.76183],[25.61989,65.76807],[25.59897,65.77355],[25.57568,65.77039],[25.56364,65.77085],[25.55962,65.7718],[25.5608,65.77349],[25.56004,65.77845],[25.56919,65.7846],[25.57203,65.7904],[25.58611,65.79058],[25.59325,65.79372],[25.58716,65.80001],[25.60145,65.80657],[25.59325,65.82759],[25.59956,65.8381],[25.61112,65.84304],[25.58596,65.86111],[25.58141,65.86676],[25.57875,65.86823],[25.57566,65.86883],[25.57853,65.87067],[25.57956,65.87199],[25.58501,65.87404],[25.57845,65.87634],[25.55879,65.87629],[25.55094,65.87576],[25.53965,65.87213],[25.51751,65.86839],[25.51643,65.87441],[25.53673,65.88291],[25.53948,65.88481],[25.54291,65.88609],[25.54261,65.88937],[25.55128,65.89371],[25.5542,65.89626],[25.55205,65.90115],[25.54811,65.90558],[25.54368,65.90624],[25.53432,65.90542],[25.52182,65.90667],[25.5057,65.90474],[25.49948,65.90556],[25.49519,65.90859],[25.48347,65.91243],[25.47184,65.91449],[25.46833,65.91604],[25.46803,65.9197],[25.46116,65.92512],[25.44185,65.92866],[25.43103,65.93475],[25.4264,65.94311],[25.42322,65.94535],[25.42846,65.94924],[25.43052,65.95403],[25.4191,65.96487],[25.42914,65.96787],[25.43498,65.97074],[25.43489,65.97497],[25.44159,65.98161],[25.44245,65.98754],[25.43077,66.01048],[25.42708,66.01359],[25.40116,66.02611],[25.39661,66.03863],[25.39789,66.04437],[25.39232,66.04445],[25.38683,66.04382],[25.36537,66.0442],[25.35567,66.04333],[25.34323,66.03748],[25.32143,66.03378],[25.29662,66.05361],[25.27868,66.0533],[25.26203,66.05079],[25.22976,66.04779],[25.18324,66.04738],[25.17418,66.0492],[25.1196,66.04738],[25.11453,66.04656],[25.10183,66.04788],[25.08981,66.04743],[25.08595,66.04858],[25.06509,66.04629],[25.05402,66.04884],[25.03681,66.04232],[25.03432,66.04075],[24.9984,66.04934],[24.97896,66.05027],[24.89021,66.0696],[24.84592,66.07419],[24.81099,66.08049],[24.76902,66.08512],[24.76018,66.08042],[24.75494,66.08028],[24.74885,66.07712],[24.70173,66.07405],[24.67083,66.07322],[24.66303,66.07394],[24.62036,66.08254],[24.60774,66.07896],[24.60105,66.07952],[24.58869,66.08804],[24.5826,66.08933],[24.57397,66.085],[24.57277,66.08329],[24.56505,66.08109],[24.54766,66.08181],[24.53457,66.0862],[24.53127,66.08467],[24.52972,66.07927],[24.53865,66.07165],[24.54775,66.05905],[24.54672,66.05215],[24.55831,66.04546],[24.53882,66.04406],[24.53273,66.04638],[24.52515,66.04474],[24.5191,66.03937],[24.50389,66.03506],[24.50166,66.03333],[24.50462,66.02733],[24.50715,66.02494],[24.50389,66.0243],[24.49539,66.02472],[24.49694,66.01753],[24.48612,66.0035],[24.47102,65.99757],[24.46861,65.98388],[24.45557,65.97773],[24.44956,65.9727],[24.43548,65.96976],[24.41002,65.95705],[24.40475,65.94843],[24.39548,65.94658],[24.38407,65.9393],[24.36604,65.93524],[24.35454,65.93163],[24.33761,65.92036],[24.33225,65.91912],[24.33154,65.91942],[24.33094,65.92488],[24.30262,65.95245],[24.28764,65.95623],[24.28639,65.95969],[24.28159,65.96116],[24.26999,65.96903],[24.2669,65.96744],[24.25923,65.97865],[24.2459,65.98577],[24.23031,65.98817],[24.19189,65.99038],[24.17225,65.9939],[24.1734,66.0089],[24.17875,66.00948],[24.18508,66.01658],[24.18969,66.01927],[24.18875,66.02449],[24.1812,66.03203],[24.17743,66.0438],[24.18193,66.04901],[24.18183,66.05206],[24.16213,66.06468],[24.15135,66.06707],[24.14737,66.06946],[24.13962,66.06736],[24.12912,66.06549],[24.13289,66.05768],[24.12126,66.05103],[24.11681,66.0529],[24.11379,66.05726],[24.09659,66.07054],[24.09549,66.07035],[24.08563,66.07869],[24.08783,66.08669],[24.0786,66.0937],[24.08039,66.09747],[24.07441,66.10043],[24.07494,66.10497],[24.07829,66.10672],[24.07619,66.10874],[24.06728,66.10715],[24.0367,66.11775],[24.01106,66.13024],[23.99371,66.13042],[23.96345,66.1249],[23.94653,66.12355],[23.9398,66.14866],[23.92919,66.16038],[23.91374,66.16523],[23.9006,66.17053],[23.89104,66.17183],[23.88828,66.17456],[23.88586,66.17515],[23.88655,66.17605],[23.88601,66.17743],[23.88311,66.17852],[23.8786,66.18557],[23.88132,66.19852],[23.87797,66.20166],[23.88148,66.22292],[23.87299,66.23834],[23.87465,66.24051],[23.86349,66.24881],[23.84754,66.26329],[23.85724,66.27223],[23.85029,66.28447],[23.8393,66.29527],[23.80849,66.3034],[23.7739,66.30797],[23.71077,66.29832],[23.68451,66.30196],[23.67723,66.30083],[23.67502,66.2999],[23.66872,66.29969],[23.66497,66.30659],[23.66673,66.30713],[23.66761,66.30841],[23.66907,66.31533],[23.67131,66.31984],[23.68008,66.32971],[23.68836,66.33674],[23.69345,66.33719],[23.74196,66.34762],[23.76491,66.36511],[23.76024,66.37059],[23.75709,66.37593],[23.75804,66.37695],[23.76232,66.37636],[23.7765,66.37681],[23.78491,66.37951],[23.79038,66.38],[23.83021,66.37645],[23.84893,66.37656],[23.85293,66.37863],[23.8581,66.37938],[23.86054,66.38141],[23.86003,66.38258],[23.87429,66.38602],[23.87868,66.38652],[23.88183,66.38642],[23.90509,66.38371],[23.9168,66.38417],[23.92937,66.38311],[23.9357,66.38382],[23.94104,66.38559],[23.95502,66.39304],[23.9555,66.3929],[23.95502,66.39304],[23.9918,66.41539],[23.99725,66.41717],[24.00339,66.41841],[24.02449,66.42042],[24.01716,66.42604],[24.02441,66.44293],[24.02394,66.4579],[24.00862,66.47299],[23.9616,66.49481],[23.93388,66.50353],[23.92857,66.50418],[23.92041,66.50917],[23.90819,66.51357],[23.9132,66.51624],[23.92034,66.5184],[23.90838,66.52557],[23.9052,66.53031],[23.90005,66.53433],[23.9047,66.53487],[23.91157,66.53662],[23.91486,66.5368],[23.92214,66.54146],[23.92874,66.543],[23.93375,66.54374],[23.93524,66.54353],[23.94018,66.54128],[23.94409,66.54048],[23.94917,66.54009],[23.95358,66.54108],[23.97061,66.53949],[23.97854,66.53777],[23.98502,66.53351],[23.992,66.53463],[23.99611,66.53716],[23.99705,66.53966],[23.99791,66.53959],[23.99705,66.53966],[23.9969,66.54211],[24.00075,66.54456],[23.99939,66.54635],[23.99968,66.54903],[23.99901,66.55014],[24.00028,66.55256],[24.00445,66.55388],[24.00357,66.55556],[24.00379,66.55679],[24.00516,66.55772],[24.00615,66.55955],[24.01531,66.56179],[24.02249,66.56196],[24.02413,66.56259],[24.01837,66.56538],[24.01527,66.56778],[24.00963,66.57042],[24.02442,66.57692],[24.02822,66.58848],[24.03149,66.58994],[24.03662,66.5907],[24.04078,66.59191],[24.04233,66.59334],[24.0418,66.59433],[24.03409,66.59762],[24.03519,66.59883],[24.03742,66.59986],[24.03694,66.60251],[24.03246,66.60463],[24.0316,66.60597],[24.03324,66.6077],[24.03561,66.60909],[24.0345,66.61101],[24.03068,66.61443],[24.02654,66.61597],[24.02605,66.62119],[24.02256,66.62379],[24.02229,66.62548],[24.01708,66.6284],[24.01819,66.63426],[24.015,66.63733],[24.01583,66.63872],[24.01563,66.64239],[24.01681,66.64311],[24.02173,66.64439],[24.02746,66.64732],[24.02746,66.64971],[24.03318,66.65277],[24.03363,66.65365],[24.03339,66.65686],[24.02477,66.66178],[24.02033,66.6652],[24.0205,66.66634],[24.02748,66.66915],[24.02802,66.67006],[24.03915,66.66978],[24.04863,66.6687],[24.05269,66.66742],[24.05714,66.66449],[24.06324,66.66381],[24.06782,66.66205],[24.07158,66.66115],[24.11581,66.65581],[24.14186,66.65707],[24.1655,66.66078],[24.16882,66.66178],[24.1954,66.67445],[24.20306,66.68007],[24.2241,66.6838],[24.23611,66.6841],[24.23256,66.68882],[24.22853,66.69166],[24.22751,66.69336],[24.2162,66.69545],[24.20214,66.69917],[24.19955,66.70012],[24.19757,66.70149],[24.19278,66.703],[24.19063,66.7045],[24.18741,66.71151],[24.19331,66.71477],[24.19891,66.71593],[24.20318,66.71637],[24.20416,66.71941],[24.20183,66.72272],[24.19585,66.72519],[24.19738,66.72835],[24.19149,66.73554],[24.19237,66.74044],[24.18919,66.74546],[24.18679,66.74754],[24.18501,66.75024],[24.18268,66.75145],[24.18163,66.75373],[24.17947,66.75477],[24.18423,66.75515],[24.18606,66.75576],[24.18775,66.757],[24.18786,66.7585],[24.18953,66.76013],[24.18646,66.76211],[24.18592,66.76411],[24.17373,66.77014],[24.17329,66.77319],[24.16807,66.77567],[24.1599,66.7778],[24.15611,66.78137],[24.15869,66.78404],[24.16725,66.78799],[24.171,66.78835],[24.17534,66.78735],[24.17894,66.78753],[24.18121,66.7886],[24.18287,66.79037],[24.18749,66.79076],[24.18955,66.79162],[24.18739,66.79324],[24.18741,66.79792],[24.18436,66.79936],[24.18305,66.80068],[24.1837,66.80148],[24.18818,66.80365],[24.18296,66.8036],[24.17824,66.80399],[24.1529,66.8083],[24.14303,66.80943],[24.13523,66.80949],[24.1184,66.80803],[24.11878,66.81068],[24.11728,66.81213],[24.11437,66.81311],[24.10794,66.81366],[24.10356,66.81474],[24.10042,66.81695],[24.09936,66.81948],[24.1026,66.82208],[24.10186,66.82269],[24.09844,66.82341],[24.09647,66.82538],[24.09714,66.8263],[24.10182,66.82777],[24.11011,66.828],[24.11538,66.83158],[24.12105,66.8315],[24.12299,66.83184],[24.12257,66.83353],[24.11746,66.83603],[24.11786,66.83796],[24.1141,66.83933],[24.10193,66.84645],[24.09784,66.84932],[24.0957,66.85018],[24.09158,66.85424],[24.08866,66.85532],[24.08419,66.85601],[24.08057,66.85601],[24.07476,66.85404],[24.06785,66.85354],[24.06159,66.85373],[24.05797,66.85433],[24.04577,66.85506],[24.05026,66.86672],[24.05258,66.86972],[24.0643,66.87715],[24.07441,66.88577],[24.07748,66.88764],[24.07716,66.8882],[24.08642,66.89366],[24.08904,66.89588],[24.08996,66.89748],[24.08824,66.89943],[24.09017,66.90478],[24.08243,66.90484],[24.07641,66.90647],[24.07332,66.90875],[24.07115,66.91279],[24.06821,66.91536],[24.06897,66.9159],[24.06578,66.91712],[24.05231,66.92604],[24.03298,66.93161],[24.03151,66.933],[24.02037,66.93696],[23.99861,66.94248],[23.98821,66.94639],[23.97602,66.94841],[23.96477,66.94684],[23.95805,66.94661],[23.95174,66.94535],[23.95009,66.94343],[23.91684,66.94278],[23.90213,66.94399],[23.89749,66.94257],[23.89141,66.93896],[23.88899,66.93528],[23.89109,66.92768],[23.88983,66.9262],[23.88741,66.92589],[23.87638,66.93734],[23.86482,66.95724],[23.8355,66.96371],[23.83014,66.973],[23.79735,66.99753],[23.78316,67.0009],[23.75825,67.01073],[23.74316,67.01978],[23.73996,67.02367],[23.73965,67.02839],[23.72988,67.03849],[23.81656,67.05146],[23.80871,67.05604],[23.80357,67.06016],[23.80278,67.06264],[23.80672,67.06834],[23.81309,67.07073],[23.81861,67.07166],[23.81971,67.07233],[23.81949,67.07342],[23.80325,67.08061],[23.79758,67.08573],[23.77015,67.0895],[23.75123,67.09705],[23.74997,67.10041],[23.77082,67.1127],[23.76262,67.11594],[23.75148,67.13265],[23.74055,67.13822],[23.72206,67.17478],[23.70398,67.18088],[23.71785,67.18798],[23.7332,67.19005],[23.73635,67.1949],[23.73107,67.20096],[23.74009,67.20721],[23.74596,67.20977],[23.76178,67.20937],[23.786,67.21215],[23.79548,67.21719],[23.80399,67.21868],[23.81502,67.22622],[23.80283,67.23632],[23.80189,67.2412],[23.79754,67.24737],[23.80391,67.25987],[23.81273,67.26642],[23.79501,67.27189],[23.77408,67.27294],[23.77042,67.27577],[23.76342,67.27855],[23.76021,67.28566],[23.74217,67.28981],[23.7481,67.30388],[23.75649,67.31022],[23.76059,67.32073],[23.77755,67.33063],[23.80803,67.33593],[23.82295,67.33557],[23.82774,67.34845],[23.79904,67.4129],[23.78884,67.42152],[23.81354,67.42786],[23.83008,67.43865],[23.84257,67.44563],[23.84649,67.45658],[23.88201,67.48667],[23.90196,67.49894],[23.92491,67.49797],[23.92958,67.49843],[23.93462,67.50126],[23.94402,67.50247],[23.95127,67.50883],[23.95472,67.50938],[23.9584,67.50871],[23.96292,67.50889],[23.97458,67.51069],[23.98478,67.51284],[23.98604,67.51217],[23.98793,67.51199],[23.99108,67.51298],[23.99707,67.51329],[24.00117,67.51518],[24.00653,67.51612],[24.00758,67.51742],[24.00643,67.51886],[23.9977,67.51859],[23.98961,67.51967],[23.98173,67.52232],[23.97216,67.52268],[23.96586,67.52367],[23.95571,67.52381],[23.95067,67.5264],[23.95177,67.52798],[23.95029,67.53272],[23.95089,67.53329],[23.95726,67.53344],[23.95843,67.53417],[23.95875,67.5393],[23.94688,67.53912],[23.93174,67.53585],[23.93061,67.5368],[23.92201,67.53801],[23.9176,67.54331],[23.91234,67.5452],[23.90834,67.54745],[23.90877,67.55669],[23.89918,67.56677],[23.8988,67.57119],[23.88897,67.57761],[23.84203,67.5944],[23.83953,67.60572],[23.82124,67.60949],[23.79966,67.61804],[23.79922,67.6259],[23.81481,67.63521],[23.82663,67.65187],[23.85122,67.66157],[23.87171,67.65928],[23.88685,67.6644],[23.89823,67.66215],[23.90397,67.66296],[23.91406,67.66334],[23.91806,67.66548],[23.90608,67.67087],[23.90939,67.68031],[23.90542,67.68643],[23.90649,67.68754],[23.85879,67.70294],[23.82442,67.72261],[23.79609,67.75286],[23.76235,67.78129],[23.74848,67.78614],[23.72704,67.78655],[23.70781,67.79234],[23.70182,67.80043],[23.68763,67.80541],[23.6932,67.81216],[23.68658,67.81587],[23.65597,67.82511],[23.64021,67.82757],[23.60908,67.85023],[23.60536,67.85838],[23.59197,67.86397],[23.58461,67.87517],[23.59336,67.89475],[23.6024,67.8996],[23.64696,67.9164],[23.65852,67.92637],[23.66751,67.93894],[23.66108,67.9403],[23.66755,67.93898],[23.67085,67.94251],[23.67013,67.94294],[23.67109,67.94702],[23.66499,67.95204],[23.66525,67.95345],[23.66971,67.95447],[23.68109,67.9557],[23.67712,67.95822],[23.66957,67.96554],[23.6626,67.9676],[23.65737,67.97044],[23.64664,67.97833],[23.64332,67.98455],[23.64543,67.98588],[23.63616,67.99029],[23.61754,67.99512],[23.60958,68.00575],[23.59126,68.01181],[23.56945,68.02705],[23.55718,68.03135],[23.55033,68.03167],[23.54319,68.03004],[23.52974,68.02336],[23.51996,68.02173],[23.49745,68.02467],[23.45765,68.03721],[23.44213,68.03958],[23.42431,68.04065],[23.41962,68.04177],[23.41283,68.04501],[23.40353,68.05258],[23.39008,68.06979],[23.38906,68.07966],[23.3664,68.08985],[23.36239,68.09918],[23.34634,68.10739],[23.3432,68.11483],[23.34808,68.12464],[23.34814,68.12822],[23.34411,68.13272],[23.31819,68.14614],[23.28474,68.15934],[23.26687,68.16222],[23.24519,68.17397],[23.22933,68.18042],[23.22444,68.18428],[23.21432,68.18913],[23.2057,68.19648],[23.1966,68.20265],[23.19503,68.21105],[23.17254,68.22106],[23.16749,68.2269],[23.1594,68.24792],[23.15456,68.2516],[23.14542,68.25475],[23.11389,68.26086],[23.10338,68.26476],[23.09722,68.26885],[23.09117,68.27505],[23.08215,68.28165],[23.08077,68.28392],[23.08846,68.28718],[23.09773,68.2892],[23.10586,68.29225],[23.12749,68.29521],[23.14044,68.29898],[23.16163,68.30382],[23.17119,68.30867],[23.18325,68.31137],[23.25844,68.3103],[23.27036,68.30911],[23.28228,68.30999],[23.29699,68.31288],[23.33863,68.31684],[23.34348,68.31898],[23.35973,68.33461],[23.38895,68.34072],[23.39836,68.34407],[23.42279,68.34979],[23.44759,68.3585],[23.4622,68.36025],[23.47231,68.36437],[23.47781,68.36564],[23.50705,68.37006],[23.52342,68.37549],[23.54043,68.37804],[23.5476,68.37995],[23.57141,68.38308],[23.57919,68.38556],[23.58381,68.38636],[23.59233,68.38653],[23.60326,68.38608]]}},{"type":"Feature","properties":{"name":"TET_FIN-04_20260802","country":"FI","lengthKm":1059.7},"geometry":{"type":"LineString","coordinates":[[27.80876,60.60007],[27.82316,60.59991],[27.82397,60.60153],[27.82756,60.60203],[27.82866,60.60277],[27.82979,60.60464],[27.83184,60.60638],[27.83554,60.60622],[27.84135,60.60533],[27.8445,60.6055],[27.85186,60.60881],[27.85424,60.61084],[27.85511,60.61232],[27.85685,60.6132],[27.86496,60.61485],[27.86736,60.61647],[27.86832,60.61873],[27.87208,60.62134],[27.87704,60.62256],[27.8836,60.62269],[27.89126,60.62539],[27.8916,60.6266],[27.89049,60.6289],[27.89126,60.62951],[27.89606,60.63038],[27.90167,60.63028],[27.90375,60.62959],[27.90498,60.62848],[27.90757,60.62774],[27.90939,60.6287],[27.91142,60.63101],[27.91135,60.63452],[27.9122,60.63556],[27.91587,60.63768],[27.92128,60.6375],[27.92242,60.63812],[27.92191,60.63948],[27.92046,60.64074],[27.91954,60.64469],[27.91763,60.6462],[27.91309,60.64752],[27.91241,60.64925],[27.90718,60.65153],[27.90396,60.65365],[27.90373,60.65423],[27.90489,60.65488],[27.90398,60.65688],[27.89818,60.65683],[27.89591,60.65775],[27.89493,60.65913],[27.89291,60.66009],[27.88833,60.66053],[27.89781,60.6706],[27.89963,60.67387],[27.9022,60.67552],[27.90552,60.67623],[27.91416,60.67628],[27.91546,60.67495],[27.92181,60.67263],[27.92274,60.66954],[27.92488,60.66873],[27.9269,60.66706],[27.9322,60.66638],[27.93421,60.66674],[27.93552,60.66769],[27.94359,60.66809],[27.94884,60.66697],[27.95742,60.66679],[27.96982,60.67007],[27.97434,60.67039],[27.97827,60.67222],[27.97865,60.67427],[27.981,60.67615],[27.98779,60.6795],[27.99263,60.68427],[27.99683,60.68525],[28.00187,60.68543],[28.01287,60.68893],[28.01421,60.69199],[28.01639,60.69317],[28.02007,60.69724],[28.02077,60.6989],[28.02792,60.6999],[28.03336,60.6977],[28.03843,60.69967],[28.04067,60.70208],[28.04036,60.70293],[28.04177,60.7044],[28.04203,60.70557],[28.04414,60.70767],[28.04326,60.70868],[28.04036,60.71006],[28.04014,60.71361],[28.03821,60.71605],[28.0314,60.71996],[28.02679,60.7216],[28.01363,60.72472],[28.00453,60.72846],[28.00594,60.72864],[28.011,60.73093],[28.01487,60.73188],[28.02069,60.7323],[28.02698,60.73073],[28.04575,60.73402],[28.06666,60.73231],[28.06992,60.73159],[28.08011,60.73105],[28.09164,60.73267],[28.09029,60.73663],[28.0866,60.73777],[28.08922,60.73879],[28.09171,60.74107],[28.09372,60.74184],[28.10183,60.74364],[28.10555,60.74545],[28.10895,60.74586],[28.10964,60.74929],[28.10575,60.75229],[28.10576,60.75393],[28.10429,60.75464],[28.1017,60.75484],[28.09886,60.75615],[28.0964,60.75799],[28.09718,60.76038],[28.08999,60.76351],[28.0886,60.76512],[28.08776,60.76952],[28.08623,60.77067],[28.08757,60.77092],[28.08888,60.77243],[28.09056,60.77318],[28.09165,60.77575],[28.09729,60.77408],[28.10523,60.77286],[28.11347,60.7702],[28.11705,60.77176],[28.12188,60.77239],[28.12958,60.77054],[28.13277,60.7711],[28.13811,60.77038],[28.14379,60.77023],[28.14883,60.77178],[28.15127,60.77402],[28.15165,60.77577],[28.15804,60.77737],[28.15976,60.77843],[28.15969,60.77945],[28.1667,60.78003],[28.16762,60.7807],[28.167,60.78187],[28.15668,60.78878],[28.15929,60.78995],[28.16161,60.79019],[28.16323,60.79115],[28.16285,60.79205],[28.16682,60.79279],[28.16764,60.79322],[28.16717,60.79387],[28.16814,60.79434],[28.16994,60.79417],[28.17234,60.79486],[28.1764,60.79431],[28.17789,60.79451],[28.17974,60.79256],[28.18287,60.79238],[28.18482,60.79303],[28.18381,60.79634],[28.18583,60.7978],[28.18558,60.80011],[28.18709,60.80154],[28.18728,60.80254],[28.18363,60.8044],[28.18106,60.80694],[28.18232,60.80876],[28.18169,60.80982],[28.18291,60.81122],[28.18535,60.81267],[28.18255,60.81654],[28.18136,60.81729],[28.17946,60.82241],[28.1794,60.82546],[28.18136,60.82977],[28.1835,60.8313],[28.18628,60.83218],[28.18654,60.83319],[28.18837,60.83368],[28.18893,60.83457],[28.20461,60.82861],[28.20921,60.8277],[28.21224,60.82757],[28.2249,60.82331],[28.22826,60.82255],[28.23104,60.82343],[28.2425,60.82903],[28.2444,60.83069],[28.24587,60.8338],[28.2473,60.83465],[28.24938,60.83517],[28.25732,60.83546],[28.26641,60.83407],[28.27356,60.83401],[28.27621,60.83444],[28.27468,60.83584],[28.27575,60.83745],[28.27317,60.83966],[28.2748,60.84104],[28.27977,60.84107],[28.28342,60.84271],[28.27738,60.84815],[28.26418,60.84931],[28.25701,60.84931],[28.25481,60.85093],[28.26252,60.85441],[28.26827,60.85949],[28.2701,60.86049],[28.27755,60.86232],[28.2795,60.8632],[28.27956,60.86457],[28.27787,60.86528],[28.27582,60.86752],[28.27755,60.86875],[28.27937,60.86899],[28.29201,60.86551],[28.29725,60.86466],[28.29985,60.86303],[28.30245,60.86271],[28.30265,60.863],[28.29941,60.86391],[28.29872,60.86665],[28.30221,60.86625],[28.30307,60.86769],[28.30442,60.86835],[28.31482,60.87038],[28.31964,60.87338],[28.32726,60.87625],[28.32858,60.87732],[28.33312,60.88215],[28.33704,60.88849],[28.33784,60.89162],[28.34254,60.89711],[28.34274,60.90206],[28.34524,60.90263],[28.34919,60.90219],[28.35371,60.9038],[28.3563,60.90302],[28.36152,60.90081],[28.36357,60.89849],[28.36569,60.89735],[28.37011,60.89607],[28.37139,60.89456],[28.37432,60.89397],[28.38028,60.88978],[28.38286,60.88886],[28.38763,60.88817],[28.3888,60.88836],[28.38977,60.89],[28.39406,60.89169],[28.39608,60.89325],[28.39749,60.8991],[28.40161,60.9035],[28.40137,60.90613],[28.40322,60.9072],[28.40487,60.90943],[28.40724,60.91034],[28.41071,60.91085],[28.41296,60.91501],[28.41432,60.91594],[28.41889,60.91743],[28.42039,60.91925],[28.42587,60.92131],[28.43057,60.92181],[28.43422,60.92097],[28.43707,60.91977],[28.43931,60.91998],[28.44259,60.92287],[28.44508,60.92352],[28.44593,60.92543],[28.44826,60.92686],[28.44873,60.92896],[28.45049,60.9314],[28.45405,60.93263],[28.45701,60.93312],[28.45602,60.93429],[28.45368,60.93499],[28.45341,60.93566],[28.45961,60.93601],[28.46885,60.93776],[28.47635,60.93597],[28.48412,60.93605],[28.4863,60.93691],[28.49214,60.93745],[28.49492,60.94217],[28.49478,60.9489],[28.48911,60.9519],[28.49548,60.95598],[28.49655,60.95938],[28.498,60.96039],[28.4985,60.96175],[28.49759,60.96381],[28.4979,60.96463],[28.4992,60.9656],[28.50336,60.96651],[28.50364,60.96552],[28.50487,60.96546],[28.50531,60.96504],[28.5056,60.96354],[28.50657,60.96275],[28.51137,60.96094],[28.51386,60.96078],[28.51931,60.96201],[28.52798,60.96255],[28.53167,60.96313],[28.53754,60.96691],[28.54227,60.96887],[28.54665,60.97241],[28.55125,60.97365],[28.55709,60.97591],[28.55931,60.97805],[28.55868,60.98137],[28.55985,60.98461],[28.55843,60.98601],[28.55972,60.98755],[28.56282,60.98795],[28.56701,60.99063],[28.56953,60.99158],[28.57698,60.99228],[28.58121,60.99355],[28.5885,60.99282],[28.59038,60.99109],[28.5934,60.98651],[28.5934,60.98524],[28.59816,60.98188],[28.60301,60.98388],[28.60672,60.9849],[28.60814,60.98501],[28.6114,60.9842],[28.61827,60.98555],[28.62425,60.98733],[28.62863,60.98764],[28.63633,60.98628],[28.64707,60.98527],[28.65047,60.9843],[28.6552,60.98465],[28.65985,60.9844],[28.66267,60.98375],[28.66825,60.98411],[28.67244,60.98599],[28.6735,60.98789],[28.6752,60.98845],[28.67803,60.99126],[28.67559,60.99391],[28.67516,60.99545],[28.67589,60.99674],[28.68453,61.00164],[28.68346,61.00456],[28.68543,61.0064],[28.68787,61.00714],[28.68881,61.00794],[28.68783,61.0086],[28.68471,61.00884],[28.67932,61.01028],[28.67844,61.01108],[28.68225,61.01599],[28.68238,61.01787],[28.68008,61.02043],[28.67636,61.02252],[28.67589,61.02389],[28.67484,61.02375],[28.66738,61.02478],[28.66318,61.02586],[28.66141,61.02665],[28.65956,61.02916],[28.65196,61.03157],[28.65347,61.03358],[28.65351,61.0361],[28.65507,61.03775],[28.65364,61.03967],[28.65338,61.04221],[28.65032,61.04735],[28.64674,61.0492],[28.64346,61.04968],[28.64094,61.05214],[28.64691,61.05442],[28.64943,61.05468],[28.65414,61.05414],[28.65713,61.0552],[28.65935,61.05795],[28.66326,61.05904],[28.66671,61.05901],[28.67214,61.05755],[28.67897,61.05663],[28.68184,61.05662],[28.68865,61.05834],[28.69076,61.05929],[28.69593,61.05807],[28.69841,61.05831],[28.70219,61.05807],[28.70963,61.05884],[28.71459,61.05771],[28.71716,61.05789],[28.71917,61.06057],[28.71532,61.06492],[28.71563,61.06709],[28.71442,61.06784],[28.7032,61.07069],[28.71008,61.07423],[28.7135,61.07655],[28.7169,61.08028],[28.71772,61.08278],[28.72168,61.08537],[28.72899,61.08692],[28.74059,61.0934],[28.74761,61.0955],[28.75445,61.09596],[28.75558,61.09743],[28.76399,61.10051],[28.76626,61.10266],[28.77761,61.09729],[28.78487,61.0971],[28.7884,61.09812],[28.79389,61.09883],[28.80377,61.09795],[28.80413,61.10466],[28.80613,61.10668],[28.80941,61.10783],[28.80783,61.10882],[28.80862,61.10996],[28.80824,61.11079],[28.80654,61.1115],[28.80969,61.11308],[28.80175,61.11539],[28.79815,61.11582],[28.79409,61.11907],[28.78671,61.13026],[28.78551,61.13379],[28.7862,61.13558],[28.78422,61.13666],[28.78038,61.14054],[28.78047,61.14253],[28.77548,61.14589],[28.7717,61.14731],[28.76577,61.15091],[28.76245,61.15393],[28.75724,61.15603],[28.75693,61.16085],[28.75792,61.16245],[28.76288,61.16667],[28.7668,61.16933],[28.77,61.16966],[28.77221,61.17037],[28.77545,61.16878],[28.78083,61.16744],[28.78176,61.16673],[28.78176,61.1636],[28.78614,61.15912],[28.79002,61.15662],[28.79374,61.15792],[28.80059,61.15564],[28.80412,61.15423],[28.80769,61.15177],[28.81005,61.14895],[28.81366,61.14907],[28.8248,61.14755],[28.82888,61.14882],[28.83191,61.14799],[28.83666,61.14749],[28.84044,61.14762],[28.85002,61.14591],[28.85326,61.1469],[28.857,61.14911],[28.86188,61.149],[28.88176,61.14699],[28.88551,61.14604],[28.89984,61.14853],[28.89786,61.15067],[28.90194,61.15277],[28.89912,61.15707],[28.8991,61.15949],[28.90289,61.1609],[28.90516,61.16122],[28.91016,61.16279],[28.91054,61.16644],[28.91447,61.16986],[28.91723,61.17324],[28.92611,61.17444],[28.93065,61.17698],[28.93175,61.18056],[28.93857,61.18332],[28.93315,61.18778],[28.92837,61.19001],[28.92715,61.19152],[28.92431,61.1932],[28.91867,61.19555],[28.91135,61.19736],[28.90924,61.19973],[28.90787,61.20039],[28.89844,61.20272],[28.88163,61.20915],[28.87755,61.21014],[28.87153,61.21075],[28.86202,61.21045],[28.85052,61.21342],[28.85076,61.21862],[28.84956,61.22034],[28.84555,61.22222],[28.84063,61.22363],[28.85332,61.23217],[28.85544,61.23307],[28.86006,61.23387],[28.8622,61.23348],[28.86423,61.23508],[28.87171,61.23698],[28.87513,61.23841],[28.8863,61.23911],[28.88897,61.23969],[28.89303,61.2418],[28.89407,61.24195],[28.89847,61.24085],[28.90706,61.23962],[28.91329,61.23797],[28.92022,61.238],[28.92267,61.23845],[28.9397,61.23487],[28.94405,61.23465],[28.94606,61.23403],[28.94941,61.23195],[28.95584,61.22942],[28.95899,61.22983],[28.97148,61.22923],[28.97671,61.22983],[28.98182,61.22824],[28.98157,61.22632],[28.98276,61.22312],[28.98522,61.22034],[28.98674,61.21667],[28.99058,61.21468],[28.99311,61.21473],[28.99468,61.21428],[28.99512,61.21271],[28.99689,61.21155],[28.99645,61.20932],[28.99783,61.2074],[28.99739,61.20549],[29.00074,61.20377],[28.99998,61.20261],[29.00162,61.20158],[29.00591,61.20021],[29.00887,61.19972],[29.017,61.20072],[29.02142,61.20072],[29.02842,61.19983],[29.03094,61.20021],[29.03132,61.20265],[29.03299,61.20407],[29.03353,61.2053],[29.03687,61.20616],[29.03351,61.20889],[29.03367,61.21116],[29.03724,61.21312],[29.04069,61.21369],[29.04094,61.21576],[29.0438,61.21752],[29.04405,61.21892],[29.04783,61.22198],[29.04855,61.22424],[29.04968,61.22541],[29.05317,61.22627],[29.05679,61.22954],[29.05649,61.23347],[29.05725,61.23401],[29.06078,61.23229],[29.06452,61.23146],[29.06717,61.23024],[29.06927,61.23017],[29.07617,61.23146],[29.0818,61.2306],[29.08591,61.23164],[29.09153,61.23186],[29.09758,61.23258],[29.11093,61.23595],[29.12386,61.23582],[29.1289,61.23752],[29.13321,61.2382],[29.13531,61.24058],[29.13973,61.2417],[29.13973,61.24579],[29.14635,61.25006],[29.1502,61.25045],[29.1515,61.25113],[29.15188,61.25475],[29.14994,61.25658],[29.15251,61.25909],[29.15532,61.26014],[29.15591,61.26114],[29.16188,61.26276],[29.16886,61.26648],[29.16953,61.26824],[29.16667,61.27079],[29.16613,61.27363],[29.16693,61.27602],[29.16915,61.2778],[29.16852,61.28026],[29.16932,61.28092],[29.17243,61.28191],[29.17542,61.28216],[29.18395,61.28385],[29.19106,61.28703],[29.19274,61.28876],[29.19513,61.28949],[29.19698,61.29131],[29.19917,61.29194],[29.20127,61.29406],[29.20618,61.29591],[29.20892,61.29581],[29.21386,61.2975],[29.21907,61.3007],[29.22412,61.30088],[29.23084,61.3025],[29.232,61.30335],[29.23327,61.30325],[29.23926,61.30445],[29.24975,61.31071],[29.25388,61.31403],[29.25488,61.31571],[29.26151,61.31798],[29.26332,61.31989],[29.26381,61.32194],[29.26639,61.32329],[29.27195,61.32452],[29.2746,61.32633],[29.28373,61.32904],[29.28616,61.33065],[29.29032,61.33152],[29.29383,61.3312],[29.29506,61.33146],[29.29796,61.33518],[29.29658,61.33646],[29.29188,61.33796],[29.29288,61.34072],[29.2911,61.34274],[29.29814,61.34388],[29.30298,61.34583],[29.30526,61.34631],[29.30509,61.34804],[29.30815,61.3495],[29.30565,61.35339],[29.30353,61.3548],[29.30228,61.35648],[29.29826,61.35918],[29.2903,61.369],[29.29876,61.37004],[29.30355,61.36921],[29.30786,61.36998],[29.30902,61.36954],[29.31052,61.37026],[29.31177,61.37162],[29.31738,61.37327],[29.31852,61.37486],[29.32156,61.37629],[29.32168,61.37736],[29.32775,61.37683],[29.33104,61.37799],[29.33407,61.3768],[29.33639,61.37655],[29.33897,61.37699],[29.3417,61.37676],[29.34577,61.37798],[29.34868,61.37552],[29.35125,61.37489],[29.35311,61.37364],[29.35598,61.37314],[29.36032,61.37698],[29.36378,61.37844],[29.36666,61.38236],[29.36452,61.38439],[29.36089,61.38563],[29.3584,61.38903],[29.36412,61.39298],[29.36257,61.39564],[29.36247,61.39746],[29.36716,61.4004],[29.36867,61.40267],[29.37069,61.40138],[29.37345,61.39664],[29.37577,61.39577],[29.381,61.39271],[29.38393,61.3916],[29.38452,61.39174],[29.38919,61.39492],[29.39015,61.39866],[29.39971,61.40557],[29.40162,61.41146],[29.40059,61.41181],[29.40127,61.41358],[29.39948,61.41715],[29.39504,61.41912],[29.39142,61.42256],[29.38753,61.42441],[29.38695,61.42516],[29.39252,61.42622],[29.40635,61.43305],[29.40657,61.43224],[29.40807,61.43137],[29.41217,61.43093],[29.42022,61.43195],[29.42253,61.43187],[29.42481,61.434],[29.42293,61.43678],[29.42777,61.43818],[29.42747,61.4391],[29.42934,61.44095],[29.43166,61.44225],[29.43394,61.44521],[29.43599,61.44623],[29.4386,61.44907],[29.44051,61.4498],[29.44217,61.44928],[29.44811,61.44903],[29.45214,61.45068],[29.45875,61.45256],[29.46283,61.45474],[29.46408,61.45655],[29.46175,61.45877],[29.46171,61.46063],[29.46401,61.46332],[29.46562,61.46273],[29.4714,61.46198],[29.47614,61.46285],[29.48647,61.46233],[29.48876,61.4625],[29.49236,61.4638],[29.49199,61.46584],[29.48893,61.46739],[29.48795,61.46854],[29.4819,61.47008],[29.48049,61.47151],[29.47826,61.47254],[29.47771,61.4745],[29.47328,61.47761],[29.47892,61.47977],[29.47686,61.48034],[29.48055,61.48286],[29.48276,61.48569],[29.48393,61.48804],[29.48422,61.49315],[29.49105,61.5027],[29.49292,61.5035],[29.49431,61.50282],[29.49471,61.50133],[29.5033,61.50124],[29.51093,61.50292],[29.51173,61.50331],[29.51173,61.50435],[29.51999,61.50259],[29.52319,61.50082],[29.52623,61.50097],[29.52973,61.4995],[29.53146,61.49943],[29.53348,61.5003],[29.53599,61.5042],[29.53948,61.5053],[29.54245,61.50499],[29.54699,61.50531],[29.55003,61.50729],[29.55444,61.50658],[29.56075,61.50665],[29.56273,61.50818],[29.56304,61.50921],[29.5615,61.51206],[29.56213,61.51548],[29.56875,61.51355],[29.57752,61.51328],[29.58301,61.5127],[29.59148,61.51029],[29.59852,61.50915],[29.60674,61.51027],[29.61045,61.51129],[29.61645,61.5112],[29.61997,61.51078],[29.62308,61.51379],[29.62971,61.51483],[29.63134,61.51631],[29.63408,61.51718],[29.63454,61.51876],[29.63938,61.52053],[29.6339,61.52409],[29.63369,61.52632],[29.62981,61.52934],[29.63467,61.53018],[29.63643,61.53001],[29.63976,61.53056],[29.64016,61.53182],[29.64215,61.53289],[29.64647,61.5369],[29.648,61.5373],[29.64929,61.53866],[29.64774,61.54196],[29.64835,61.54343],[29.64575,61.54442],[29.64101,61.54848],[29.64494,61.55267],[29.64805,61.55471],[29.6509,61.55579],[29.65597,61.55672],[29.65856,61.55558],[29.66495,61.55446],[29.66808,61.55319],[29.67402,61.55353],[29.67773,61.55437],[29.67864,61.55493],[29.67951,61.5582],[29.68455,61.56194],[29.68772,61.56319],[29.68984,61.56466],[29.6904,61.56655],[29.69506,61.56759],[29.70743,61.56819],[29.70842,61.56852],[29.71009,61.56979],[29.71001,61.57246],[29.71559,61.5764],[29.71498,61.57771],[29.7119,61.58079],[29.71175,61.58264],[29.70899,61.58575],[29.70843,61.58764],[29.7099,61.5884],[29.71578,61.59395],[29.7178,61.59537],[29.72383,61.59691],[29.72721,61.59655],[29.73164,61.59663],[29.7372,61.59914],[29.75437,61.60415],[29.75829,61.60637],[29.76253,61.61002],[29.76717,61.61264],[29.77007,61.61518],[29.76965,61.61931],[29.7736,61.62229],[29.77397,61.6274],[29.77535,61.62904],[29.77547,61.63259],[29.77797,61.6367],[29.77387,61.64257],[29.78959,61.64296],[29.79486,61.64469],[29.79731,61.64681],[29.79897,61.64869],[29.79886,61.65144],[29.80016,61.65504],[29.79884,61.65697],[29.79427,61.66031],[29.79336,61.66255],[29.79997,61.66389],[29.80462,61.66616],[29.80826,61.66969],[29.80934,61.67157],[29.81095,61.67237],[29.81919,61.67325],[29.8208,61.67377],[29.82463,61.68009],[29.81976,61.6859],[29.83968,61.69373],[29.84112,61.6948],[29.84293,61.69697],[29.84136,61.70159],[29.84321,61.70478],[29.85159,61.70831],[29.8551,61.71171],[29.85963,61.71451],[29.8685,61.70846],[29.86985,61.70601],[29.8718,61.70457],[29.87833,61.70342],[29.88368,61.70587],[29.88703,61.70609],[29.89453,61.70584],[29.9034,61.70378],[29.90468,61.70381],[29.90722,61.70648],[29.91534,61.70763],[29.92123,61.71247],[29.92049,61.7137],[29.92272,61.71609],[29.9216,61.71776],[29.92175,61.71931],[29.92693,61.72064],[29.93022,61.72207],[29.92556,61.72697],[29.9252,61.72876],[29.92645,61.7339],[29.92483,61.73542],[29.92612,61.73753],[29.92816,61.73873],[29.92718,61.74087],[29.92756,61.74264],[29.9309,61.7444],[29.92295,61.74667],[29.91904,61.74714],[29.91172,61.74935],[29.91073,61.74998],[29.90985,61.75205],[29.90129,61.7552],[29.89915,61.75522],[29.89675,61.75456],[29.89209,61.75544],[29.88471,61.75794],[29.88141,61.76032],[29.87472,61.76124],[29.86966,61.76422],[29.86521,61.76588],[29.86332,61.76768],[29.85933,61.76892],[29.85648,61.77095],[29.85068,61.77328],[29.8496,61.77949],[29.84403,61.7832],[29.84335,61.78684],[29.83595,61.79044],[29.83374,61.79389],[29.82533,61.79894],[29.82441,61.80059],[29.82437,61.80695],[29.81599,61.81117],[29.81516,61.81242],[29.81523,61.81596],[29.82246,61.82584],[29.82474,61.82684],[29.83269,61.82839],[29.8412,61.82919],[29.84351,61.83108],[29.85042,61.8338],[29.85558,61.83724],[29.8621,61.83935],[29.86551,61.84155],[29.86805,61.84416],[29.86727,61.84611],[29.86191,61.84847],[29.85982,61.85087],[29.84919,61.8559],[29.84847,61.85707],[29.84883,61.8598],[29.8478,61.86119],[29.84383,61.86457],[29.83902,61.86762],[29.83845,61.86903],[29.84023,61.87499],[29.84039,61.87647],[29.83942,61.87857],[29.84055,61.88135],[29.83839,61.88687],[29.83814,61.89013],[29.83732,61.8911],[29.84188,61.89209],[29.85037,61.89477],[29.8487,61.89816],[29.84149,61.90536],[29.84211,61.90644],[29.84751,61.91078],[29.84871,61.91213],[29.84859,61.91303],[29.84739,61.91429],[29.83792,61.91869],[29.84157,61.92463],[29.84653,61.92781],[29.85103,61.93505],[29.85518,61.93662],[29.85736,61.94264],[29.85708,61.94437],[29.86161,61.94925],[29.88151,61.95323],[29.89108,61.95383],[29.89533,61.95239],[29.89968,61.94838],[29.9121,61.9448],[29.92164,61.94292],[29.92298,61.9421],[29.92488,61.93962],[29.92885,61.93798],[29.93532,61.93686],[29.93861,61.93702],[29.94382,61.93755],[29.94573,61.93879],[29.94609,61.93987],[29.94472,61.94226],[29.945,61.95022],[29.94356,61.952],[29.9422,61.95316],[29.93566,61.95625],[29.92965,61.96101],[29.91614,61.96859],[29.91452,61.96993],[29.91357,61.97364],[29.91585,61.97819],[29.91583,61.98007],[29.91405,61.98672],[29.91288,61.988],[29.90874,61.99008],[29.90453,61.99324],[29.91109,61.99675],[29.91246,61.99921],[29.91255,62.00044],[29.90835,62.00377],[29.90793,62.00561],[29.90926,62.00916],[29.90193,62.01069],[29.89855,62.01188],[29.89488,62.01414],[29.89218,62.01688],[29.88968,62.01763],[29.89097,62.02109],[29.89673,62.02843],[29.89786,62.03146],[29.89917,62.04664],[29.90157,62.05295],[29.90816,62.05931],[29.92197,62.06717],[29.92569,62.06526],[29.93337,62.05757],[29.93483,62.05457],[29.93392,62.04736],[29.93926,62.04502],[29.94002,62.04361],[29.93968,62.04285],[29.94096,62.04196],[29.94424,62.04094],[29.94674,62.04108],[29.95018,62.04039],[29.95047,62.03881],[29.95351,62.03632],[29.95371,62.03313],[29.95698,62.0315],[29.95897,62.02917],[29.95884,62.02829],[29.95978,62.02714],[29.96169,62.02644],[29.96172,62.02437],[29.96375,62.02237],[29.96528,62.01834],[29.96642,62.01732],[29.96911,62.01561],[29.97252,62.01461],[29.97422,62.01358],[29.97837,62.01266],[29.98083,62.01268],[29.9875,62.01039],[29.99259,62.0106],[30.00207,62.0071],[30.00722,62.00027],[30.01048,61.99761],[30.01074,61.99547],[30.01603,61.99332],[30.01866,61.99312],[30.02291,61.99349],[30.0281,61.99251],[30.03304,61.99221],[30.0355,61.99345],[30.04399,61.98892],[30.04866,61.99014],[30.05032,61.99145],[30.05137,61.99324],[30.05381,61.99471],[30.05526,61.99699],[30.05665,61.99736],[30.06167,61.99754],[30.06659,61.99664],[30.06829,61.99678],[30.07018,61.99588],[30.07544,61.99498],[30.08195,61.99444],[30.08805,61.99321],[30.09423,61.99584],[30.09688,61.99567],[30.10039,61.99463],[30.10209,61.99351],[30.10537,61.99302],[30.10714,61.99347],[30.11337,61.99795],[30.12216,62.00262],[30.12462,62.0028],[30.13066,61.99929],[30.13493,62.0005],[30.13787,62.00324],[30.14032,62.00363],[30.14331,62.00488],[30.14625,62.0046],[30.14774,62.00405],[30.14899,62.0026],[30.15417,62.00079],[30.15587,61.99978],[30.16205,61.99919],[30.16207,61.99702],[30.1608,61.99541],[30.16159,61.99405],[30.16801,61.99089],[30.17274,61.98703],[30.17485,61.9837],[30.17197,61.98075],[30.18156,61.98065],[30.19004,61.97691],[30.18968,61.97619],[30.19066,61.97519],[30.1952,61.97359],[30.1965,61.97229],[30.20103,61.97167],[30.20444,61.97064],[30.20491,61.96931],[30.20649,61.96819],[30.20705,61.96539],[30.20857,61.96405],[30.21374,61.96477],[30.2202,61.96819],[30.22629,61.96901],[30.22811,61.96994],[30.2295,61.9701],[30.2312,61.96955],[30.23212,61.96843],[30.23467,61.96752],[30.23946,61.96729],[30.24583,61.96892],[30.24971,61.97208],[30.2522,61.97544],[30.25141,61.98079],[30.24975,61.98231],[30.25367,61.98694],[30.26194,61.98675],[30.26515,61.98609],[30.26743,61.98493],[30.27141,61.98454],[30.27413,61.98321],[30.2773,61.98266],[30.2811,61.98127],[30.28651,61.98046],[30.29083,61.98035],[30.29443,61.97882],[30.29529,61.97627],[30.30008,61.9755],[30.30502,61.97609],[30.31507,61.97571],[30.31704,61.97608],[30.32208,61.97822],[30.32903,61.98004],[30.33147,61.98024],[30.33396,61.98294],[30.33611,61.98383],[30.33938,61.98644],[30.34172,61.98706],[30.34271,61.9881],[30.3454,61.98942],[30.34799,61.99195],[30.34998,61.99295],[30.35334,61.99777],[30.35179,61.99951],[30.3514,62.00121],[30.35186,62.00471],[30.35544,62.00648],[30.35458,62.0072],[30.34935,62.00919],[30.34816,62.01255],[30.34546,62.01427],[30.33963,62.01546],[30.33039,62.01633],[30.32581,62.01879],[30.33975,62.02319],[30.34353,62.02512],[30.34623,62.02717],[30.34807,62.02941],[30.34914,62.03356],[30.34773,62.0393],[30.34795,62.04399],[30.35016,62.04905],[30.35455,62.05516],[30.35754,62.0569],[30.36481,62.05947],[30.36818,62.05838],[30.3699,62.05545],[30.398,62.05721],[30.40305,62.05839],[30.40989,62.06953],[30.41117,62.07263],[30.41439,62.07371],[30.41647,62.07492],[30.42098,62.0758],[30.42464,62.07915],[30.42849,62.08103],[30.43023,62.08354],[30.43616,62.08509],[30.43759,62.0868],[30.4398,62.08827],[30.43994,62.09072],[30.44198,62.09123],[30.44126,62.09208],[30.4416,62.09286],[30.4467,62.09399],[30.44615,62.09488],[30.4466,62.0957],[30.44985,62.09684],[30.45212,62.09579],[30.45379,62.09569],[30.4699,62.09784],[30.47081,62.09999],[30.47223,62.10139],[30.47124,62.10553],[30.45367,62.11139],[30.45099,62.11332],[30.45535,62.11716],[30.45376,62.12017],[30.45404,62.12276],[30.45606,62.12551],[30.45713,62.12816],[30.45694,62.12952],[30.45826,62.13144],[30.45877,62.13428],[30.45715,62.13591],[30.45794,62.1376],[30.457,62.13834],[30.45491,62.13846],[30.44932,62.13694],[30.44584,62.1381],[30.44492,62.13987],[30.44715,62.14061],[30.44731,62.14124],[30.4451,62.14257],[30.44231,62.14531],[30.44327,62.15108],[30.45073,62.15922],[30.45467,62.16184],[30.45517,62.16266],[30.45147,62.1658],[30.44574,62.16706],[30.43851,62.16758],[30.43383,62.17041],[30.43662,62.17358],[30.43926,62.17956],[30.44202,62.17727],[30.45075,62.17789],[30.45378,62.17717],[30.45948,62.17327],[30.46326,62.17208],[30.4657,62.17072],[30.46763,62.16694],[30.47007,62.16473],[30.47823,62.16188],[30.48113,62.16146],[30.48605,62.16186],[30.49101,62.16109],[30.49458,62.15965],[30.5008,62.15845],[30.50543,62.16125],[30.51064,62.16319],[30.51333,62.16473],[30.51732,62.16558],[30.52481,62.16603],[30.52813,62.1682],[30.53229,62.16953],[30.5312,62.17081],[30.53195,62.1714],[30.53157,62.17187],[30.52708,62.17467],[30.52434,62.17582],[30.5224,62.1785],[30.52053,62.1795],[30.5188,62.18167],[30.51107,62.18431],[30.50775,62.18469],[30.50838,62.18507],[30.51742,62.1856],[30.5236,62.18553],[30.53217,62.18692],[30.53478,62.18787],[30.53936,62.19238],[30.54108,62.19333],[30.54398,62.19381],[30.54512,62.19482],[30.54718,62.19549],[30.54848,62.19897],[30.55071,62.19856],[30.55592,62.19956],[30.55866,62.19956],[30.56193,62.20028],[30.56584,62.20055],[30.57034,62.19947],[30.57278,62.19825],[30.57698,62.19764],[30.58594,62.20018],[30.5874,62.20008],[30.58982,62.19846],[30.59833,62.19923],[30.60289,62.20031],[30.59408,62.20505],[30.59642,62.21066],[30.60384,62.2162],[30.61528,62.21997],[30.61759,62.22038],[30.63726,62.22243],[30.64248,62.22203],[30.64832,62.22257],[30.65744,62.22444],[30.66438,62.22793],[30.66846,62.228],[30.67047,62.22841],[30.67543,62.23046],[30.68512,62.23299],[30.6912,62.2363],[30.69808,62.23807],[30.70603,62.24125],[30.70729,62.24265],[30.72646,62.24909],[30.7315,62.24968],[30.73534,62.25346],[30.7352,62.2564],[30.73375,62.25913],[30.73072,62.26049],[30.73077,62.26355],[30.7312,62.26395],[30.73624,62.26489],[30.73737,62.26551],[30.73876,62.271],[30.73523,62.27499],[30.7247,62.27931],[30.72426,62.28038],[30.72001,62.28341],[30.72287,62.28338],[30.7267,62.2855],[30.72726,62.28744],[30.72659,62.28973],[30.72727,62.29072],[30.72872,62.29126],[30.72936,62.29294],[30.73158,62.29345],[30.73501,62.29325],[30.73629,62.29417],[30.73885,62.29414],[30.74185,62.29619],[30.74183,62.29667],[30.73945,62.29786],[30.73949,62.30226],[30.73081,62.30418],[30.72968,62.30468],[30.72949,62.30623],[30.72741,62.30714],[30.72019,62.30849],[30.71382,62.31047],[30.7131,62.30952],[30.71201,62.30936],[30.7085,62.31127],[30.71041,62.31366],[30.70619,62.3153],[30.70395,62.31548],[30.70695,62.31888],[30.71089,62.32703],[30.7119,62.32807],[30.71688,62.33014],[30.7189,62.33041],[30.72123,62.33129],[30.72754,62.33625],[30.73126,62.33784],[30.73169,62.33871],[30.73116,62.33938],[30.73175,62.33979],[30.73546,62.3405],[30.73762,62.34263],[30.74103,62.34448],[30.74165,62.34557],[30.74406,62.34727],[30.74411,62.34874],[30.74489,62.34933],[30.75438,62.35396],[30.75706,62.35884],[30.75914,62.36458],[30.75814,62.37007],[30.75901,62.37057],[30.75852,62.37147],[30.76023,62.38075],[30.75926,62.38271],[30.7623,62.3837],[30.76809,62.38748],[30.77286,62.38866],[30.77452,62.39124],[30.78548,62.39331],[30.79037,62.39499],[30.79765,62.39971],[30.80629,62.4015],[30.81451,62.40412],[30.82637,62.40435],[30.83249,62.40521],[30.83601,62.40727],[30.83377,62.40922],[30.83226,62.41308],[30.83071,62.41496],[30.8239,62.41945],[30.82402,62.421],[30.82297,62.42326],[30.82448,62.42675],[30.82402,62.42783],[30.82448,62.42964],[30.81927,62.43469],[30.81906,62.43755],[30.81599,62.44638],[30.8158,62.44878],[30.81914,62.4553],[30.81712,62.45643],[30.81473,62.45961],[30.81113,62.46131],[30.80735,62.46617],[30.80728,62.46728],[30.80549,62.46833],[30.80117,62.47302],[30.79868,62.47438],[30.7919,62.48292],[30.79083,62.48397],[30.78733,62.4856],[30.78632,62.48815],[30.78099,62.49123],[30.77929,62.49299],[30.779,62.49439],[30.77661,62.4956],[30.7761,62.49662],[30.78121,62.50794],[30.78465,62.51169],[30.78449,62.51339],[30.78537,62.51464],[30.78853,62.51537],[30.79236,62.51742],[30.79494,62.5194],[30.7953,62.52119],[30.79611,62.52178],[30.80389,62.52462],[30.80688,62.52519],[30.80942,62.52507],[30.81038,62.52559],[30.81197,62.53041],[30.81114,62.53491],[30.82036,62.53635],[30.82609,62.53842],[30.83109,62.53916],[30.83572,62.54387],[30.84817,62.54795],[30.85232,62.5503],[30.8551,62.55264],[30.86324,62.54775],[30.86613,62.54732],[30.86987,62.54747],[30.87073,62.54548],[30.87489,62.54324],[30.87984,62.54498],[30.89117,62.54624],[30.89941,62.54838],[30.91074,62.54605],[30.93039,62.54713],[30.93443,62.54816],[30.93594,62.55064],[30.93914,62.55209],[30.94267,62.55178],[30.94572,62.55028],[30.9558,62.54746],[30.97806,62.54791],[30.98298,62.54484],[30.99461,62.54153],[31.00373,62.53995],[31.00888,62.53807],[31.00549,62.53241],[30.99402,62.52555],[31.00005,62.52348],[31.01212,62.52335],[31.01653,62.52361],[31.01844,62.52449],[31.0205,62.52423],[31.0258,62.52122],[31.03963,62.52071],[31.0439,62.52486],[31.05655,62.53008],[31.06317,62.53178],[31.07512,62.53766],[31.07425,62.5412],[31.07629,62.54126],[31.08322,62.54395],[31.08482,62.54661],[31.09731,62.55094],[31.10143,62.55394],[31.10613,62.55407],[31.11416,62.55658],[31.11786,62.55712],[31.12211,62.56079],[31.12585,62.56151],[31.12757,62.56375],[31.1343,62.5674],[31.13758,62.56743],[31.14611,62.56526],[31.14901,62.56501],[31.15246,62.5653],[31.15708,62.56813],[31.15801,62.57058],[31.15889,62.57112],[31.15834,62.57211],[31.15174,62.57342],[31.1472,62.57703],[31.14405,62.57796],[31.14237,62.57895],[31.1414,62.58147],[31.13927,62.58242],[31.13904,62.58324],[31.13026,62.58734],[31.12887,62.58962],[31.11294,62.60117],[31.11058,62.60209],[31.10524,62.60114],[31.09772,62.60358],[31.08746,62.60811],[31.08357,62.61045],[31.07327,62.61442],[31.07239,62.61806],[31.07008,62.61965],[31.06516,62.62095],[31.06409,62.62186],[31.06396,62.62364],[31.05538,62.62671],[31.05343,62.62871],[31.05356,62.63208],[31.05217,62.63318],[31.04277,62.63558],[31.03861,62.63825],[31.03792,62.64302],[31.03884,62.64397],[31.0603,62.64224],[31.06863,62.64283],[31.07424,62.64183],[31.0907,62.63534],[31.09284,62.63353],[31.09454,62.62927],[31.09896,62.62747],[31.11554,62.62437],[31.12475,62.62306],[31.15565,62.6227],[31.17456,62.62036],[31.18822,62.62186],[31.19401,62.62289],[31.1965,62.62259],[31.20548,62.61762],[31.22181,62.61945],[31.22225,62.61889],[31.22969,62.61903],[31.23163,62.61866],[31.23999,62.61945],[31.24659,62.62106],[31.24794,62.62248],[31.25225,62.62504],[31.25767,62.62653],[31.2666,62.62804],[31.27112,62.62927],[31.27961,62.63387],[31.28533,62.63863],[31.28716,62.64107],[31.29403,62.64712],[31.29765,62.64919],[31.3004,62.65157],[31.3073,62.65493],[31.31013,62.6556],[31.31257,62.65716],[31.31747,62.66164],[31.31701,62.66294],[31.31791,62.66412],[31.32365,62.66786],[31.33267,62.67144],[31.33571,62.67492],[31.33561,62.67645],[31.33426,62.67832],[31.33651,62.68097],[31.33571,62.68264],[31.33368,62.68328],[31.33269,62.68417],[31.33622,62.68746],[31.33897,62.68908],[31.34692,62.69098],[31.34967,62.69405],[31.35177,62.69491],[31.3535,62.69639],[31.35966,62.69742],[31.36529,62.69951],[31.36924,62.70173],[31.37021,62.70497],[31.37149,62.70612],[31.37655,62.70795],[31.37878,62.71084],[31.3785,62.72112],[31.38185,62.72385],[31.38412,62.72671],[31.38574,62.72744],[31.39144,62.72876],[31.38803,62.73123],[31.38753,62.73219],[31.38942,62.73431],[31.39577,62.7367],[31.39656,62.73892],[31.39345,62.74033],[31.39392,62.74169],[31.39329,62.74406],[31.39551,62.74518],[31.40325,62.74692],[31.40434,62.74767],[31.40308,62.74945],[31.39997,62.75098],[31.39913,62.75208],[31.40401,62.75639],[31.40224,62.75788],[31.40005,62.75833],[31.3956,62.76156],[31.3948,62.76282],[31.39745,62.76366],[31.40031,62.7637],[31.40165,62.76422],[31.40279,62.76559],[31.4019,62.76693],[31.40272,62.76876],[31.40052,62.77069],[31.39978,62.77266],[31.3976,62.77346],[31.39533,62.77626],[31.39198,62.77849],[31.39142,62.77963],[31.38637,62.78132],[31.38208,62.78221],[31.37499,62.78658],[31.37502,62.78817],[31.37023,62.79188],[31.3684,62.79262],[31.35727,62.79369],[31.35613,62.79411],[31.35538,62.79576],[31.35257,62.79748],[31.35002,62.79834],[31.34447,62.80189],[31.34133,62.80247],[31.33729,62.80214],[31.33393,62.80243],[31.3297,62.80445],[31.32897,62.80805],[31.32047,62.81877],[31.31687,62.82018],[31.30612,62.82204],[31.29947,62.82455],[31.29064,62.82531],[31.28446,62.8287],[31.28314,62.83222],[31.27975,62.83461],[31.26945,62.83486],[31.26577,62.83581],[31.26239,62.83813],[31.26239,62.8404],[31.25739,62.84184],[31.25159,62.84551],[31.25611,62.85129],[31.25516,62.86031],[31.24822,62.86813],[31.25075,62.87433],[31.29709,62.88026],[31.31223,62.88093],[31.32408,62.88345],[31.32158,62.88602],[31.32967,62.88804],[31.32908,62.89049],[31.33262,62.89256],[31.32894,62.89401],[31.32816,62.89565],[31.33128,62.89605],[31.33828,62.89997],[31.34534,62.90313],[31.3583,62.90812],[31.34796,62.91634],[31.34648,62.91917],[31.34379,62.92031],[31.3467,62.92138],[31.35209,62.92221],[31.3618,62.92584],[31.36845,62.92746],[31.37094,62.92764],[31.39062,62.92639],[31.40868,62.92777],[31.41725,62.93085],[31.42482,62.93292],[31.4368,62.93952],[31.44342,62.93781],[31.44478,62.93489],[31.45277,62.93247],[31.46612,62.93067],[31.47463,62.92865],[31.47999,62.92897],[31.48924,62.92645],[31.49617,62.92726],[31.51604,62.926],[31.51967,62.92128],[31.52229,62.92062],[31.52866,62.92107],[31.53503,62.91985],[31.54092,62.91971],[31.54764,62.91645],[31.55612,62.91735],[31.5617,62.91907],[31.56555,62.91864],[31.56842,62.91744],[31.58123,62.90914],[31.56744,62.9182],[31.56583,62.91857],[31.56243,62.9191],[31.55628,62.91746],[31.54751,62.91651],[31.54102,62.91973],[31.5344,62.9199],[31.52661,62.92116],[31.52169,62.92066],[31.51864,62.92192],[31.51791,62.92475],[31.51591,62.92614],[31.49584,62.92731],[31.48964,62.92641],[31.48028,62.92888],[31.47682,62.9291],[31.4744,62.92856],[31.4702,62.93014],[31.45233,62.93252],[31.44382,62.93521],[31.4434,62.93786],[31.43698,62.93957],[31.42563,62.93292],[31.41744,62.93108],[31.40861,62.92775],[31.39032,62.9265],[31.37914,62.92686],[31.36972,62.92775],[31.36253,62.926],[31.35186,62.92232],[31.34755,62.92165],[31.34362,62.92036],[31.3362,62.92219],[31.32989,62.92679],[31.32258,62.92938],[31.31772,62.92957],[31.3118,62.93089],[31.3082,62.93194],[31.30505,62.93383],[31.30082,62.9334],[31.29572,62.93396],[31.29143,62.93321],[31.28235,62.93256],[31.28216,62.93625],[31.29555,62.94462],[31.29452,62.95009],[31.29658,62.95311],[31.29588,62.95777],[31.28964,62.96404],[31.2846,62.9672],[31.28523,62.97277],[31.2806,62.97807],[31.28294,62.98087],[31.28592,62.98085],[31.30036,62.98293],[31.3044,62.98277],[31.31907,62.98418],[31.38402,62.99639],[31.38915,62.99753],[31.39507,63.00039],[31.39615,63.00238],[31.401,63.00346],[31.40377,63.00551],[31.39848,63.00831],[31.39987,63.01046],[31.39797,63.01325],[31.39808,63.01509],[31.3943,63.01882],[31.38873,63.02102],[31.38788,63.02277],[31.38105,63.02465],[31.37632,63.02542],[31.37223,63.02757],[31.37233,63.03198],[31.36703,63.03456],[31.37101,63.03834],[31.37513,63.03947],[31.37979,63.04343],[31.37401,63.04801],[31.37191,63.04904],[31.36855,63.04949],[31.36256,63.05232],[31.3613,63.05547],[31.35341,63.06113],[31.35678,63.06696],[31.35047,63.06899],[31.33471,63.07074],[31.32357,63.07424],[31.31621,63.07379],[31.30917,63.07824],[31.31074,63.08026],[31.30223,63.08273],[31.29225,63.08817],[31.28468,63.08942],[31.27112,63.08727],[31.26808,63.091],[31.26314,63.09405],[31.26408,63.09544],[31.25757,63.10065],[31.25021,63.10303],[31.24366,63.10704],[31.24373,63.10779],[31.23635,63.10903],[31.23654,63.10431],[31.22601,63.0989],[31.22254,63.09054],[31.2197,63.08785],[31.20715,63.08405],[31.19599,63.08157],[31.1895,63.07793],[31.18872,63.07912],[31.18286,63.08128],[31.17463,63.08564],[31.17236,63.08594],[31.16291,63.08439],[31.15942,63.08758],[31.14977,63.09318],[31.13262,63.10097],[31.12877,63.10612],[31.12518,63.10773],[31.1023,63.11176],[31.10087,63.11577],[31.10112,63.11636],[31.10323,63.11744],[31.10323,63.11888],[31.10711,63.12364],[31.12912,63.13337],[31.13186,63.13392],[31.15245,63.14083],[31.16755,63.1422],[31.1742,63.14189],[31.18105,63.14384],[31.18341,63.14384],[31.19155,63.14578],[31.19971,63.15135],[31.20646,63.15835],[31.20756,63.16118],[31.22575,63.16334],[31.22712,63.16404],[31.22974,63.16675],[31.23025,63.16893],[31.23309,63.17319],[31.2358,63.17459],[31.23933,63.17529],[31.24135,63.17697],[31.23391,63.1826],[31.22944,63.18329],[31.23627,63.18784],[31.23711,63.18908],[31.23627,63.19084],[31.23278,63.19264],[31.23228,63.19379],[31.23383,63.19628],[31.23089,63.19839],[31.22753,63.19997],[31.22555,63.20302],[31.22421,63.20342],[31.22227,63.20509],[31.21811,63.2062],[31.215,63.20638],[31.19432,63.21824],[31.18763,63.2191],[31.17897,63.21946],[31.17549,63.22065],[31.17187,63.22074],[31.16107,63.22334],[31.15098,63.22399],[31.14097,63.22413],[31.13698,63.22561],[31.13534,63.22532],[31.13278,63.22313],[31.13185,63.22296],[31.12475,63.2241],[31.12488,63.2252],[31.12394,63.22618],[31.11905,63.22961],[31.11722,63.23559],[31.11596,63.23731],[31.10442,63.24072],[31.1042,63.24167],[31.10221,63.24275],[31.10152,63.24451],[31.10209,63.24556],[31.10783,63.24646],[31.1094,63.25034],[31.10641,63.25235],[31.10997,63.25464],[31.11035,63.25797],[31.10808,63.25925],[31.10802,63.25994],[31.10622,63.26147],[31.09995,63.26304],[31.09181,63.26417],[31.08856,63.26395],[31.08134,63.26429],[31.07679,63.26652],[31.07573,63.26665],[31.0686,63.2635],[31.05973,63.26697],[31.05338,63.27116],[31.05124,63.27172],[31.03918,63.27807],[31.0283,63.2796],[31.02314,63.28148],[31.0144,63.28351],[31.00906,63.2835],[31.00748,63.28437],[31.00745,63.2851],[31.01038,63.28868],[31.01016,63.29022],[30.9903,63.29526],[30.98066,63.29985],[30.97985,63.30102],[30.97645,63.30134],[30.97322,63.30104],[30.97035,63.30212],[30.96836,63.30231],[30.96143,63.29929],[30.95627,63.29818],[30.94728,63.29778],[30.94155,63.29865],[30.93977,63.29829],[30.93854,63.29742],[30.93475,63.30003],[30.93576,63.30159],[30.93883,63.30406],[30.93946,63.30664],[30.93509,63.30858],[30.92652,63.31473],[30.92475,63.31751],[30.91706,63.32247],[30.91348,63.32547],[30.91386,63.32696],[30.91685,63.32903],[30.91706,63.33059],[30.91424,63.33259],[30.91512,63.33392],[30.91172,63.33659],[30.90949,63.34006],[30.90352,63.34367],[30.89785,63.3422],[30.89183,63.34164],[30.8854,63.33975],[30.88288,63.33988],[30.87838,63.34254],[30.87384,63.34047],[30.87767,63.33726],[30.87708,63.33321],[30.87817,63.33052],[30.87687,63.32896],[30.8804,63.3268],[30.88065,63.32594],[30.87687,63.32145],[30.87519,63.32035],[30.87544,63.3192],[30.87863,63.31768],[30.87527,63.31556],[30.87071,63.31691],[30.86731,63.31727],[30.86403,63.3191],[30.86241,63.32072],[30.86283,63.32305],[30.85846,63.32577],[30.8495,63.33487],[30.85003,63.33677],[30.84647,63.33874],[30.84135,63.33962],[30.83517,63.34183],[30.81668,63.35039],[30.81548,63.35068],[30.81119,63.35031],[30.80495,63.35181],[30.80096,63.35403],[30.7951,63.355],[30.79159,63.35511],[30.78432,63.3565],[30.78122,63.35638],[30.77889,63.3548],[30.77576,63.35399],[30.7675,63.35537],[30.76327,63.35513],[30.75671,63.35345],[30.7551,63.35168],[30.75287,63.3505],[30.74015,63.34896],[30.73189,63.34585],[30.7296,63.34558],[30.72115,63.34639],[30.71737,63.34565],[30.71584,63.3443],[30.71642,63.34009],[30.71491,63.33761],[30.7168,63.33522],[30.71667,63.33432],[30.71436,63.33292],[30.70869,63.33243],[30.69776,63.33303],[30.68906,63.33448],[30.68645,63.33446],[30.68124,63.33335],[30.67346,63.33261],[30.66244,63.33327],[30.65981,63.33305],[30.65706,63.33499],[30.65857,63.34002],[30.65786,63.34132],[30.65271,63.3421],[30.6483,63.34394],[30.64724,63.34401],[30.64506,63.34332],[30.64182,63.34323],[30.63726,63.34462],[30.63129,63.34064],[30.6245,63.33783],[30.61828,63.33632],[30.61413,63.33737],[30.60947,63.33638],[30.6062,63.33673],[30.60438,63.33635],[30.59922,63.33748],[30.59457,63.33967],[30.59117,63.33975],[30.58709,63.34147],[30.58583,63.34322],[30.58021,63.34623],[30.57801,63.34566],[30.57441,63.34577],[30.57019,63.34744],[30.56653,63.34795],[30.5606,63.34803],[30.56281,63.34967],[30.56174,63.35237],[30.55176,63.35566],[30.53744,63.36119],[30.52831,63.36158],[30.52477,63.36132],[30.52081,63.3598],[30.51575,63.35927],[30.51203,63.35685],[30.50737,63.35628],[30.50648,63.3558],[30.50327,63.34984],[30.5011,63.3482],[30.5007,63.3468],[30.51277,63.34126],[30.51294,63.33854],[30.52029,63.33476],[30.52355,63.33143],[30.52616,63.33037],[30.52753,63.32853],[30.52305,63.32481],[30.52324,63.31888],[30.52803,63.31587],[30.52873,63.31468],[30.52444,63.31074],[30.52305,63.30422],[30.52459,63.30145],[30.52198,63.29991],[30.52059,63.29697],[30.51851,63.29563],[30.51864,63.29185],[30.52293,63.28913],[30.52582,63.28659],[30.52583,63.28514],[30.52463,63.2851],[30.52369,63.28449],[30.51854,63.28304],[30.51596,63.27976],[30.50981,63.27655],[30.5042,63.27461],[30.50218,63.27422],[30.49887,63.27437],[30.49212,63.27393],[30.48276,63.27266],[30.46868,63.2686],[30.45367,63.26557],[30.44791,63.26372],[30.44036,63.26309],[30.4362,63.2616],[30.42178,63.26165],[30.41783,63.26122],[30.41224,63.26158],[30.39339,63.26593],[30.37826,63.26624],[30.35829,63.26777],[30.35093,63.26947],[30.31867,63.27087],[30.31079,63.27307],[30.30333,63.27743],[30.29554,63.28768],[30.29216,63.28959],[30.28892,63.29326],[30.27325,63.30066],[30.26478,63.30323],[30.26528,63.30456],[30.27493,63.30876],[30.2842,63.31349],[30.29126,63.31383],[30.2958,63.31454],[30.29467,63.31557],[30.29025,63.31727],[30.2883,63.31713],[30.28199,63.31837],[30.28199,63.31934],[30.27581,63.32222],[30.2743,63.325],[30.26622,63.3305],[30.25998,63.33265],[30.25992,63.33362],[30.26371,63.33632],[30.26144,63.33904],[30.25734,63.34085],[30.26538,63.34804],[30.26568,63.3506],[30.26147,63.35752],[30.26326,63.35927],[30.28239,63.3625],[30.28627,63.3638],[30.29437,63.36946],[30.30824,63.37656],[30.32526,63.38267],[30.33767,63.3855],[30.3467,63.39008],[30.34723,63.39493],[30.35038,63.39583],[30.36804,63.39668],[30.37235,63.39807],[30.37193,63.39929],[30.36699,63.40185],[30.36888,63.40382],[30.36974,63.40691],[30.37443,63.40696],[30.37965,63.4094],[30.38011,63.41063],[30.3824,63.41224],[30.38238,63.42004],[30.38153,63.42135],[30.38132,63.42455],[30.3877,63.42877],[30.38749,63.42992],[30.3832,63.4329],[30.37845,63.4342],[30.37505,63.43738],[30.37484,63.43808],[30.37736,63.44158],[30.3769,63.44501],[30.37862,63.44595],[30.38282,63.44665],[30.3869,63.44654],[30.39249,63.44469],[30.39447,63.44469],[30.39867,63.44586],[30.40468,63.44683],[30.40767,63.44645],[30.41137,63.44683],[30.41549,63.44659],[30.41662,63.44683],[30.41847,63.44827],[30.42112,63.44816],[30.42743,63.44879],[30.42949,63.44954],[30.43012,63.4511],[30.42919,63.45308],[30.42974,63.45432],[30.42768,63.45674],[30.42873,63.45813],[30.42739,63.46059],[30.41788,63.46476],[30.41381,63.46576],[30.41318,63.46684],[30.41385,63.46727],[30.41717,63.46727],[30.42111,63.46676],[30.42399,63.46747],[30.4252,63.46831],[30.43246,63.46943],[30.434,63.47016],[30.43769,63.47388],[30.4352,63.47531],[30.43416,63.47821],[30.4347,63.47927],[30.43394,63.47976],[30.43587,63.48238],[30.4341,63.48368],[30.43779,63.48679],[30.4381,63.48787],[30.44031,63.48915],[30.43652,63.49089],[30.43818,63.49191],[30.43722,63.49272],[30.43279,63.49434],[30.42984,63.49726],[30.42642,63.49873],[30.42432,63.50047],[30.42186,63.50156],[30.42079,63.50356],[30.41903,63.50519],[30.41231,63.50908],[30.41232,63.51005],[30.40915,63.51325],[30.40602,63.51446],[30.39982,63.51548],[30.39814,63.515],[30.3939,63.51681],[30.39766,63.52038],[30.39626,63.52419],[30.38816,63.52562],[30.38485,63.52722],[30.38619,63.5283],[30.36077,63.5377],[30.35622,63.53816],[30.3515,63.53927],[30.34756,63.53816],[30.33445,63.53833],[30.32552,63.53629],[30.31905,63.53279],[30.31143,63.53199],[30.30668,63.53278],[30.30274,63.53222],[30.28639,63.53834],[30.27946,63.5385],[30.2601,63.54258],[30.2558,63.54207],[30.25138,63.54288],[30.24732,63.54312],[30.23537,63.54742],[30.23503,63.55012],[30.22582,63.55707],[30.21975,63.55865],[30.21799,63.55996],[30.20971,63.56299],[30.20777,63.56444],[30.19843,63.56788],[30.19325,63.56856],[30.18964,63.57047],[30.18601,63.57178],[30.17005,63.57512],[30.16292,63.57749],[30.15768,63.57857],[30.13471,63.58714],[30.13538,63.59099],[30.14076,63.59612],[30.15653,63.60363],[30.15813,63.60405],[30.16267,63.6036],[30.16582,63.60392],[30.16897,63.60378],[30.17452,63.60453],[30.17698,63.60596],[30.17348,63.60862],[30.1713,63.60925],[30.16841,63.61087],[30.16599,63.61299],[30.16674,63.61728],[30.16808,63.61831],[30.17582,63.62094],[30.17652,63.6236],[30.17936,63.62474],[30.18079,63.62649],[30.17813,63.63021],[30.17834,63.63152],[30.17502,63.63381],[30.16971,63.63497],[30.1676,63.63728],[30.1622,63.63942],[30.16178,63.64073],[30.15848,63.64174],[30.15577,63.64426],[30.15414,63.64498],[30.15149,63.64516],[30.14297,63.64714],[30.13784,63.65011],[30.13373,63.65038],[30.12581,63.65325],[30.10977,63.63996],[30.10272,63.6407],[30.09348,63.64017],[30.09237,63.63533],[30.08727,63.63261],[30.08921,63.62947],[30.05342,63.61694],[30.03393,63.62683],[30.01876,63.63145],[30.00486,63.64085],[29.98805,63.64716],[29.98929,63.65383],[29.97043,63.6597],[29.95428,63.66079],[29.9462,63.66556],[29.9396,63.67334],[29.94203,63.67837],[29.92731,63.68916],[29.92836,63.69202],[29.92614,63.69299],[29.91511,63.69378],[29.91314,63.69341],[29.90902,63.69098],[29.9105,63.68681],[29.90542,63.68249],[29.87923,63.67331],[29.87313,63.68313],[29.87496,63.68772],[29.8668,63.6948],[29.86487,63.69843],[29.86948,63.70697],[29.86561,63.71483],[29.85418,63.72356],[29.85274,63.73002],[29.85761,63.73469],[29.857,63.73982],[29.85189,63.7496],[29.85299,63.75167],[29.86325,63.75597],[29.87248,63.76546],[29.87743,63.77561],[29.85927,63.78467],[29.8573,63.78637],[29.86574,63.78967],[29.87007,63.79068],[29.87549,63.79005],[29.87985,63.78825],[29.88908,63.78879],[29.89502,63.78691],[29.90186,63.78294],[29.90742,63.78072],[29.91286,63.77995],[29.91787,63.77995],[29.91831,63.78041],[29.91594,63.78236],[29.91241,63.78419],[29.91317,63.78477],[29.91872,63.78635],[29.9186,63.78718],[29.91677,63.78812],[29.91589,63.78934],[29.9171,63.79069],[29.91717,63.79239],[29.92011,63.79213],[29.92187,63.79246],[29.92641,63.7913],[29.92849,63.78996],[29.93253,63.79101],[29.93789,63.79006],[29.94117,63.79176],[29.9406,63.79246],[29.94224,63.79341],[29.94144,63.79541],[29.93829,63.79704],[29.93358,63.79872],[29.93219,63.80075],[29.93043,63.80195],[29.9353,63.80378],[29.93711,63.80497],[29.93202,63.80768],[29.92315,63.81016],[29.91794,63.81262],[29.91807,63.81497],[29.93557,63.81335],[29.93758,63.81347],[29.93979,63.81244],[29.94733,63.81174],[29.95319,63.81438],[29.95795,63.81535],[29.96274,63.81341],[29.96564,63.81312],[29.96877,63.81137],[29.97078,63.81104],[29.97908,63.81112],[29.98235,63.81271],[29.98734,63.81205],[29.99364,63.81032],[29.99815,63.80972],[29.99954,63.80907],[29.99932,63.80748],[30.00197,63.80571],[30.01366,63.80058],[30.01943,63.79682],[30.02489,63.79481],[30.02911,63.79499],[30.03075,63.794],[30.03075,63.79293],[30.03198,63.79183],[30.03775,63.79057],[30.04697,63.78945],[30.04892,63.7886],[30.05321,63.78836],[30.05762,63.78912],[30.06286,63.79138],[30.06469,63.79337],[30.0686,63.79507],[30.07143,63.79766],[30.07049,63.79909],[30.07137,63.80124],[30.06336,63.80397],[30.06298,63.80577],[30.05744,63.80801],[30.05037,63.80922],[30.0493,63.81143],[30.04621,63.81229],[30.04186,63.81434],[30.03934,63.81431],[30.0336,63.81636],[30.02692,63.8176],[30.01216,63.82194],[30.00466,63.82512],[29.98309,63.82639],[29.97288,63.83021],[29.97161,63.83135],[29.97168,63.8342],[29.97281,63.83528],[29.96367,63.83768],[29.95962,63.83982],[29.9577,63.84302],[29.95366,63.84477],[29.95288,63.8464],[29.94783,63.84676],[29.94452,63.84753],[29.94102,63.8489],[29.93506,63.85156],[29.92876,63.85518],[29.92759,63.85596],[29.92746,63.85735],[29.92655,63.85804],[29.9239,63.85902],[29.91999,63.85958],[29.91829,63.86034],[29.91709,63.86162],[29.91832,63.86369],[29.91731,63.86767],[29.91098,63.87275],[29.89806,63.87613],[29.88962,63.87971],[29.88826,63.88074],[29.88715,63.88334],[29.8848,63.88498],[29.88548,63.88679],[29.88235,63.88795],[29.88658,63.88879],[29.89421,63.88795],[29.89994,63.88795],[29.90757,63.88728],[29.92233,63.88407],[29.93828,63.87892],[29.94074,63.87712],[29.95449,63.87154],[29.9606,63.87003],[30.01023,63.8689],[30.02133,63.86634],[30.02442,63.86655],[30.02637,63.86712],[30.03205,63.86469],[30.03293,63.86324],[30.05368,63.85542],[30.05797,63.85246],[30.06137,63.85192],[30.06711,63.85189],[30.0743,63.85006],[30.07745,63.8486],[30.08766,63.84542],[30.09391,63.84505],[30.11749,63.83755],[30.12354,63.83885],[30.13565,63.84003],[30.14599,63.83696],[30.14952,63.8372],[30.15774,63.84798],[30.15591,63.84894],[30.15568,63.84999],[30.15902,63.85825],[30.15682,63.86121],[30.15806,63.8634],[30.15835,63.86797],[30.15947,63.86897],[30.16939,63.87304],[30.17113,63.87517],[30.16439,63.87528],[30.16116,63.8757],[30.15516,63.87786],[30.15435,63.87962],[30.15036,63.88209],[30.1458,63.88353],[30.14874,63.88617],[30.14769,63.8889],[30.14836,63.89061],[30.15114,63.89332],[30.15265,63.896],[30.15261,63.89794],[30.15345,63.89855],[30.16182,63.90146],[30.17363,63.9037],[30.18305,63.90468],[30.18906,63.90875],[30.19158,63.90931],[30.19578,63.90911],[30.19877,63.91051],[30.20382,63.90909],[30.2071,63.90859],[30.21302,63.90846],[30.21788,63.90901],[30.22072,63.90971],[30.22557,63.91262],[30.22576,63.91498],[30.2285,63.91677],[30.22983,63.91933],[30.22973,63.92079],[30.23169,63.92425],[30.23462,63.92519],[30.23755,63.92502],[30.24332,63.92607],[30.24465,63.92755],[30.2489,63.92928],[30.25776,63.9304],[30.25742,63.93161],[30.26079,63.93471],[30.26199,63.93707],[30.25984,63.93986],[30.26073,63.94088],[30.26293,63.94196],[30.26728,63.94657],[30.27018,63.94773],[30.27151,63.94894],[30.27088,63.95],[30.26393,63.95269],[30.2615,63.95455],[30.26354,63.95764],[30.26867,63.96111],[30.26884,63.9617],[30.26207,63.96422],[30.25278,63.96652],[30.24887,63.9683],[30.24954,63.9709],[30.25816,63.97706],[30.2643,63.97732],[30.2717,63.97962],[30.28763,63.98996],[30.29402,63.99304],[30.29814,63.99241],[30.30125,63.99244],[30.31533,63.99639],[30.31943,63.99833],[30.32403,63.99911],[30.33835,63.99984],[30.34453,63.99932],[30.34762,63.99951],[30.35254,64.00094],[30.37252,64.00957],[30.37582,64.01002],[30.39588,64.00894],[30.41042,64.00545],[30.42341,64.00564],[30.43118,64.00728],[30.43369,64.00871],[30.42609,64.01076],[30.42338,64.01258],[30.4136,64.01713],[30.41086,64.01916],[30.4061,64.02154],[30.39715,64.02317],[30.39557,64.02607],[30.39604,64.02657],[30.40521,64.02589],[30.41091,64.02357],[30.41709,64.024],[30.42003,64.02268],[30.43248,64.0218],[30.43465,64.02232],[30.45091,64.02035],[30.45238,64.0235],[30.45577,64.02564],[30.46062,64.02608],[30.47357,64.0323],[30.47622,64.03802],[30.48019,64.03978],[30.47563,64.04614],[30.46989,64.04739],[30.4668,64.04909],[30.47593,64.05783],[30.47534,64.0606],[30.46056,64.06352],[30.4588,64.06503],[30.4605,64.0674],[30.45678,64.06864],[30.44322,64.07077],[30.43727,64.07221],[30.43584,64.07419],[30.43181,64.07559],[30.43206,64.07726],[30.42815,64.07988],[30.41667,64.08297],[30.40064,64.08611],[30.38975,64.089],[30.39357,64.09265],[30.39887,64.09479],[30.40284,64.09906],[30.40869,64.09967],[30.41165,64.10353],[30.40806,64.10469],[30.39683,64.10698],[30.39746,64.10989],[30.38926,64.11048],[30.38233,64.11186],[30.38533,64.11453],[30.39946,64.1173],[30.40387,64.12195],[30.41859,64.1283],[30.4202,64.13283],[30.41182,64.14],[30.41152,64.14629],[30.40534,64.14918],[30.39401,64.15138],[30.38445,64.15207],[30.37651,64.15044],[30.3665,64.15012],[30.34693,64.15207],[30.3381,64.15126],[30.29529,64.15899],[30.29732,64.16156],[30.29814,64.16517],[30.30489,64.17345],[30.30492,64.17425],[30.29852,64.1822],[30.27797,64.19928],[30.25654,64.22403],[30.25431,64.22458],[30.24976,64.22458],[30.24721,64.22436],[30.24386,64.22333],[30.23832,64.22266],[30.22487,64.22649],[30.21492,64.22718],[30.20721,64.22854],[30.20154,64.23017],[30.20054,64.23101],[30.20142,64.23223],[30.19999,64.23453],[30.19704,64.23666],[30.19269,64.2386],[30.1888,64.24186],[30.18805,64.24531],[30.18603,64.24856],[30.17799,64.25378],[30.17735,64.25671],[30.17145,64.25834],[30.16438,64.26267],[30.15761,64.26478],[30.1508,64.26901],[30.15057,64.2698],[30.15187,64.27161],[30.15086,64.27537],[30.15357,64.27826],[30.15132,64.2815],[30.14883,64.28264],[30.14706,64.28484],[30.14237,64.28565],[30.13316,64.28802],[30.12627,64.28876],[30.12096,64.28982],[30.12013,64.29045],[30.11995,64.29212],[30.11082,64.29333],[30.104,64.29687],[30.10074,64.29734],[30.08944,64.29454],[30.08207,64.29363],[30.07442,64.29371],[30.0575,64.29288],[30.05252,64.29155],[30.02781,64.28745],[30.014,64.28696],[30.0037,64.28815],[29.9865,64.28501],[29.97707,64.28572],[29.97427,64.28545],[29.97228,64.2857],[29.97398,64.28566],[29.97439,64.28636],[29.97383,64.28549],[29.9711,64.28582],[29.96826,64.28503],[29.95506,64.28365],[29.95027,64.28368],[29.93716,64.28639],[29.93165,64.2865],[29.92419,64.28745],[29.91678,64.28778],[29.88896,64.28307],[29.88569,64.28295],[29.87987,64.28367],[29.86255,64.28256],[29.85318,64.28288],[29.84327,64.28389],[29.84289,64.28423],[29.84457,64.28923],[29.85188,64.29544],[29.85276,64.29708],[29.85278,64.30174],[29.85374,64.3034],[29.85977,64.3072],[29.8666,64.31024],[29.87017,64.31329],[29.87119,64.31651],[29.87156,64.32389],[29.87249,64.32624],[29.87621,64.33112],[29.87729,64.33409],[29.87723,64.33688],[29.8751,64.34194],[29.8749,64.34421],[29.87698,64.34766],[29.88419,64.35345],[29.88758,64.35854],[29.89346,64.3642],[29.89155,64.36935],[29.87654,64.38036],[29.86935,64.38312],[29.87061,64.38416],[29.86958,64.38556],[29.86118,64.39185],[29.86181,64.39607],[29.86811,64.4011],[29.8927,64.41619],[29.90416,64.41825],[29.92682,64.41787],[29.94889,64.41454],[29.95463,64.41567],[29.96066,64.41756],[29.96713,64.42127],[29.96919,64.42422],[29.96551,64.43146],[29.93991,64.44692],[29.91976,64.46623],[29.90548,64.46988],[29.8946,64.4756],[29.88915,64.47987],[29.88974,64.48484],[29.89901,64.49339],[29.90872,64.4961],[29.91755,64.50006],[29.92417,64.50132],[29.92888,64.50761],[29.94595,64.5176],[29.94409,64.53453],[29.94564,64.53739],[29.94367,64.53861],[29.94329,64.53982],[29.96412,64.54308],[29.9656,64.54388],[29.96612,64.54575],[29.96531,64.54775],[29.96544,64.5509],[29.96478,64.5517],[29.96231,64.55253],[29.96102,64.55342],[29.95676,64.55432],[29.95551,64.55542],[29.95557,64.55659],[29.96247,64.56572],[29.97223,64.56872],[29.9742,64.57016],[29.97312,64.57207],[29.96898,64.5747],[29.96764,64.57634],[29.96236,64.57762],[29.94917,64.57925],[29.94733,64.58012],[29.949,64.58351],[29.9503,64.58449],[29.95401,64.58514],[29.96136,64.58759],[29.96295,64.58932],[29.96296,64.59033],[29.95995,64.59343],[29.95381,64.59602],[29.95037,64.59898],[29.94519,64.6004],[29.9439,64.60118],[29.94146,64.60452],[29.94226,64.60684],[29.94402,64.60826],[29.94769,64.60999],[29.9541,64.61969],[29.95047,64.6263],[29.94933,64.6304],[29.94208,64.63657],[29.94094,64.63845],[29.94113,64.64134],[29.9318,64.6426],[29.91667,64.64268],[29.898,64.64433],[29.88823,64.64587],[29.8818,64.64581],[29.87681,64.6464],[29.86843,64.64619],[29.85317,64.64888],[29.84636,64.64937],[29.84068,64.64907],[29.8357,64.64937],[29.83091,64.65031],[29.81975,64.65155],[29.814,64.65163],[29.79067,64.65512],[29.76715,64.65574],[29.75482,64.6576],[29.74678,64.65941],[29.73603,64.66015],[29.72581,64.66155],[29.7168,64.66557],[29.71194,64.66632],[29.70463,64.66559],[29.69347,64.66619],[29.68921,64.66593],[29.67713,64.66752],[29.67269,64.67028],[29.67127,64.67048],[29.67061,64.67187],[29.67142,64.68468],[29.67601,64.68879],[29.67799,64.69227],[29.67733,64.69639],[29.67429,64.70101],[29.67545,64.70608],[29.67812,64.71223],[29.67832,64.71615],[29.6724,64.72184],[29.66677,64.72537],[29.66183,64.72713],[29.65721,64.72823],[29.647,64.73004],[29.63664,64.73127],[29.63486,64.73594],[29.63659,64.73778],[29.64708,64.74013],[29.65489,64.74374],[29.66386,64.74711],[29.66439,64.74816],[29.66272,64.75027],[29.65228,64.7518],[29.64882,64.7534],[29.64255,64.76358],[29.64361,64.76465],[29.64855,64.76676],[29.65784,64.77361],[29.66115,64.77491],[29.67106,64.77573],[29.67334,64.77616],[29.67522,64.77711],[29.67674,64.77858],[29.68249,64.78816],[29.67846,64.79356],[29.67181,64.79559],[29.64596,64.79537],[29.64218,64.79451],[29.63708,64.79244],[29.62759,64.79144],[29.62502,64.79159],[29.61683,64.79336],[29.60026,64.79581],[29.59425,64.79586]]}},{"type":"Feature","properties":{"name":"TET_FIN-05_20260802","country":"FI","lengthKm":472.9},"geometry":{"type":"LineString","coordinates":[[24.264,60.14098],[24.26375,60.13789],[24.26001,60.13707],[24.25202,60.13771],[24.23533,60.13797],[24.23033,60.13917],[24.22735,60.13865],[24.22835,60.13559],[24.22537,60.13238],[24.21902,60.13223],[24.21419,60.13031],[24.20443,60.12751],[24.20099,60.1235],[24.20187,60.12126],[24.20431,60.11966],[24.20527,60.11411],[24.21099,60.11398],[24.20637,60.11186],[24.19489,60.11116],[24.18875,60.10978],[24.18409,60.09235],[24.18207,60.08917],[24.17164,60.0935],[24.16418,60.09872],[24.15657,60.09983],[24.14679,60.10433],[24.12378,60.1071],[24.11599,60.11216],[24.11197,60.11125],[24.10703,60.11087],[24.1027,60.10723],[24.0998,60.10728],[24.09614,60.10918],[24.09064,60.11425],[24.08677,60.11628],[24.07155,60.12221],[24.06535,60.12028],[24.05035,60.12427],[24.04499,60.12212],[24.0431,60.11904],[24.0361,60.11856],[24.02999,60.11947],[24.02671,60.11904],[24.02456,60.1136],[24.02002,60.11061],[24.0171,60.10975],[24.01088,60.11],[24.00923,60.09806],[24.01263,60.0951],[24.01737,60.09319],[24.01806,60.09088],[24.01959,60.08955],[24.01555,60.0868],[24.01228,60.08631],[24.0098,60.08807],[24.00853,60.08809],[24.00323,60.09016],[23.99665,60.08976],[23.9943,60.09019],[23.993,60.09127],[23.98946,60.09245],[23.985,60.09156],[23.9724,60.09253],[23.97076,60.0914],[23.97074,60.09039],[23.96957,60.08924],[23.96523,60.08739],[23.96471,60.08793],[23.96261,60.08815],[23.9601,60.09027],[23.95837,60.0906],[23.9565,60.09159],[23.95305,60.09623],[23.95032,60.09819],[23.94636,60.09931],[23.94259,60.09799],[23.93364,60.09756],[23.93007,60.09791],[23.92334,60.0954],[23.92171,60.09379],[23.91853,60.09278],[23.91731,60.09161],[23.91885,60.08924],[23.91973,60.08558],[23.91888,60.08413],[23.91844,60.07998],[23.9207,60.07768],[23.92023,60.07416],[23.91901,60.07268],[23.91986,60.06943],[23.91581,60.07036],[23.90889,60.06985],[23.8916,60.07586],[23.88931,60.07613],[23.88079,60.07588],[23.86145,60.08006],[23.84879,60.08549],[23.85015,60.08734],[23.8485,60.08845],[23.84918,60.08944],[23.84796,60.08994],[23.8457,60.08949],[23.84325,60.08833],[23.83642,60.08691],[23.83581,60.08521],[23.82909,60.08447],[23.82772,60.07851],[23.82404,60.07563],[23.82071,60.0745],[23.81179,60.07396],[23.80946,60.07326],[23.80669,60.07426],[23.80072,60.07427],[23.79918,60.07528],[23.77928,60.0766],[23.77779,60.07573],[23.77598,60.07548],[23.77556,60.07447],[23.77658,60.07319],[23.77472,60.07258],[23.76847,60.07443],[23.75855,60.076],[23.74632,60.07722],[23.72989,60.07821],[23.72121,60.07792],[23.71143,60.07552],[23.70247,60.07156],[23.69923,60.07246],[23.69325,60.0719],[23.69279,60.0736],[23.69065,60.07449],[23.67223,60.07827],[23.66289,60.08165],[23.65137,60.0842],[23.64502,60.08601],[23.63762,60.08887],[23.63338,60.09112],[23.62964,60.09446],[23.63249,60.09401],[23.63257,60.09842],[23.62494,60.09975],[23.61706,60.10272],[23.60814,60.10289],[23.60195,60.10757],[23.59905,60.10698],[23.5959,60.10318],[23.58922,60.10281],[23.58527,60.10284],[23.58203,60.10331],[23.57976,60.10618],[23.57355,60.10541],[23.57134,60.10651],[23.56576,60.10721],[23.57296,60.11507],[23.57503,60.11525],[23.58515,60.11966],[23.58685,60.12001],[23.5896,60.12149],[23.58483,60.12404],[23.58502,60.12538],[23.58224,60.1258],[23.57917,60.12696],[23.57263,60.12722],[23.56894,60.13051],[23.56569,60.13069],[23.56144,60.132],[23.55584,60.13229],[23.55366,60.13165],[23.54544,60.13071],[23.54426,60.1314],[23.54141,60.1289],[23.53905,60.1275],[23.53597,60.12703],[23.53265,60.12432],[23.52448,60.12529],[23.49971,60.12395],[23.49759,60.1228],[23.49721,60.12027],[23.49313,60.11965],[23.48995,60.12021],[23.4859,60.11994],[23.48227,60.11749],[23.4748,60.11622],[23.4669,60.11603],[23.45675,60.11868],[23.45508,60.11869],[23.45316,60.11736],[23.4483,60.11825],[23.44641,60.11822],[23.42892,60.11462],[23.42117,60.11166],[23.41625,60.11166],[23.40748,60.11047],[23.4049,60.10872],[23.39519,60.10707],[23.39355,60.10597],[23.38932,60.10554],[23.38428,60.10608],[23.3821,60.09744],[23.37831,60.09479],[23.37622,60.08989],[23.37426,60.08917],[23.37349,60.08775],[23.36977,60.08672],[23.36849,60.08381],[23.37421,60.08326],[23.37938,60.08421],[23.3862,60.0848],[23.38876,60.08443],[23.39221,60.08322],[23.40438,60.08235],[23.40335,60.0805],[23.39902,60.07805],[23.3965,60.07782],[23.39477,60.07719],[23.39557,60.07261],[23.3925,60.07013],[23.39254,60.06945],[23.39469,60.06871],[23.39729,60.06625],[23.40024,60.06111],[23.40587,60.05642],[23.41192,60.05518],[23.41621,60.0536],[23.41861,60.05126],[23.41735,60.04977],[23.41798,60.04871],[23.41457,60.04785],[23.40881,60.04526],[23.4031,60.04419],[23.39629,60.04415],[23.39217,60.04372],[23.39004,60.04413],[23.38561,60.0428],[23.3822,60.03966],[23.38024,60.0394],[23.37939,60.03734],[23.37703,60.03524],[23.37303,60.03433],[23.36676,60.0366],[23.36601,60.03637],[23.36546,60.03664],[23.36375,60.03939],[23.36236,60.04043],[23.3599,60.04121],[23.35179,60.04118],[23.34508,60.04223],[23.33861,60.04382],[23.33732,60.04334],[23.3319,60.04896],[23.32976,60.0547],[23.32835,60.05455],[23.32331,60.05722],[23.31984,60.05801],[23.31692,60.05749],[23.30813,60.05859],[23.30065,60.0581],[23.2981,60.05841],[23.28921,60.06265],[23.28961,60.0638],[23.28879,60.06507],[23.28245,60.0656],[23.27812,60.06691],[23.27564,60.06636],[23.26573,60.06617],[23.25949,60.06624],[23.25577,60.06679],[23.25258,60.06842],[23.249,60.07137],[23.24766,60.07444],[23.24206,60.07748],[23.24175,60.08049],[23.23596,60.08259],[23.23123,60.08529],[23.22098,60.09515],[23.21986,60.09453],[23.22001,60.09122],[23.21945,60.09009],[23.21405,60.08764],[23.20656,60.08661],[23.20585,60.08564],[23.20383,60.08483],[23.20255,60.0832],[23.19789,60.08247],[23.19188,60.08075],[23.18961,60.07944],[23.18626,60.07865],[23.18358,60.07923],[23.17081,60.0788],[23.16564,60.07792],[23.16296,60.07814],[23.16122,60.07764],[23.1606,60.07717],[23.16053,60.0756],[23.1622,60.07419],[23.16313,60.07226],[23.16032,60.07114],[23.15857,60.06886],[23.15635,60.06968],[23.15008,60.06904],[23.14452,60.07005],[23.14334,60.06979],[23.14199,60.07045],[23.14195,60.07136],[23.13824,60.07457],[23.13255,60.07436],[23.12916,60.07541],[23.12665,60.07562],[23.12431,60.07526],[23.12249,60.07421],[23.12023,60.07369],[23.11669,60.07391],[23.11427,60.07305],[23.10817,60.07275],[23.108,60.07105],[23.10612,60.06981],[23.10468,60.06758],[23.10356,60.06751],[23.09788,60.06811],[23.09418,60.06957],[23.08927,60.07086],[23.08472,60.0714],[23.08213,60.07103],[23.08039,60.07118],[23.07856,60.07013],[23.07704,60.0702],[23.07526,60.07095],[23.06949,60.07189],[23.06432,60.07389],[23.06286,60.07339],[23.05543,60.07417],[23.05352,60.07339],[23.04962,60.07374],[23.04264,60.07528],[23.04423,60.0779],[23.04329,60.08165],[23.04369,60.08331],[23.039,60.0897],[23.03702,60.09071],[23.03389,60.09138],[23.02938,60.09067],[23.02814,60.08938],[23.02571,60.08863],[23.0244,60.09251],[23.02983,60.09933],[23.03543,60.10202],[23.04056,60.10661],[23.04226,60.10951],[23.04058,60.11449],[23.04107,60.11562],[23.04821,60.12035],[23.04872,60.1238],[23.05781,60.12734],[23.07255,60.12955],[23.08131,60.13481],[23.08146,60.13663],[23.0788,60.14888],[23.07384,60.15315],[23.07331,60.15476],[23.07408,60.15699],[23.07215,60.15673],[23.06539,60.1533],[23.06271,60.15279],[23.05908,60.15135],[23.04947,60.15343],[23.04691,60.15538],[23.0462,60.16092],[23.04479,60.16165],[23.03846,60.16236],[23.03282,60.16588],[23.03153,60.16813],[23.03041,60.16815],[23.02855,60.16946],[23.02584,60.17036],[23.02507,60.17176],[23.01904,60.17066],[23.0181,60.1712],[23.01174,60.17221],[23.00893,60.17015],[23.0005,60.16817],[22.9987,60.16802],[22.99587,60.16899],[22.99039,60.16982],[22.98432,60.16832],[22.97424,60.17053],[22.96685,60.17339],[22.9569,60.17487],[22.95057,60.17907],[22.94771,60.17921],[22.94751,60.17873],[22.94106,60.17905],[22.93765,60.17871],[22.93718,60.17909],[22.92574,60.17864],[22.91763,60.17892],[22.91267,60.17845],[22.90177,60.17858],[22.89562,60.18461],[22.88798,60.18733],[22.88218,60.18849],[22.87521,60.18899],[22.87135,60.18854],[22.85606,60.18428],[22.85189,60.18553],[22.85062,60.18547],[22.84967,60.18791],[22.84676,60.18982],[22.84581,60.19214],[22.84487,60.19274],[22.84096,60.19426],[22.83292,60.19512],[22.82813,60.19639],[22.82571,60.19911],[22.82584,60.19987],[22.82491,60.20032],[22.82562,60.20087],[22.8203,60.20074],[22.81596,60.20162],[22.81043,60.20214],[22.80633,60.20418],[22.80539,60.20564],[22.80049,60.20922],[22.79835,60.20935],[22.79399,60.20722],[22.79264,60.20679],[22.79148,60.2069],[22.79159,60.21016],[22.79496,60.21278],[22.79805,60.21338],[22.80401,60.21564],[22.8132,60.21604],[22.8174,60.21787],[22.82047,60.21851],[22.82487,60.2213],[22.83251,60.22377],[22.84219,60.22431],[22.84457,60.22491],[22.84613,60.22643],[22.84485,60.22845],[22.84382,60.22967],[22.84124,60.23117],[22.83869,60.23197],[22.83858,60.23338],[22.83933,60.23381],[22.84086,60.23375],[22.84161,60.23441],[22.84588,60.23581],[22.84594,60.23679],[22.84905,60.23735],[22.85384,60.23635],[22.85379,60.23767],[22.8524,60.23791],[22.85176,60.23885],[22.85252,60.23965],[22.85699,60.23909],[22.85937,60.24033],[22.86354,60.24068],[22.86424,60.24216],[22.86836,60.24353],[22.87266,60.24456],[22.87714,60.24514],[22.87987,60.24505],[22.88523,60.24832],[22.88632,60.2495],[22.88313,60.25033],[22.88201,60.25392],[22.87965,60.25548],[22.8783,60.25765],[22.8763,60.25892],[22.87686,60.26336],[22.88426,60.26675],[22.88806,60.26711],[22.89401,60.2663],[22.89564,60.2655],[22.89744,60.26359],[22.90008,60.26336],[22.90042,60.26705],[22.90424,60.26935],[22.90285,60.27106],[22.90838,60.2725],[22.90978,60.27482],[22.91147,60.27544],[22.91716,60.27561],[22.91446,60.27829],[22.91467,60.28091],[22.91398,60.28218],[22.91778,60.28328],[22.91798,60.28491],[22.92173,60.28691],[22.92273,60.28881],[22.92115,60.29017],[22.91896,60.29106],[22.91724,60.29284],[22.91741,60.29463],[22.91619,60.29678],[22.9135,60.2986],[22.91808,60.30138],[22.924,60.30164],[22.9342,60.30421],[22.93748,60.30488],[22.94089,60.30492],[22.94353,60.30563],[22.94561,60.30913],[22.94559,60.31054],[22.94404,60.31269],[22.94342,60.31887],[22.93952,60.32247],[22.94005,60.32365],[22.94332,60.32629],[22.94184,60.32786],[22.94115,60.33018],[22.94149,60.33164],[22.93501,60.33588],[22.93157,60.33596],[22.92489,60.33752],[22.92363,60.33835],[22.91242,60.3424],[22.90818,60.34246],[22.90303,60.34434],[22.9002,60.34639],[22.90769,60.34887],[22.90652,60.35008],[22.90276,60.35203],[22.90294,60.35528],[22.90055,60.35612],[22.89791,60.35846],[22.89301,60.35984],[22.89024,60.36191],[22.891,60.36469],[22.88722,60.36644],[22.88628,60.36803],[22.88968,60.36919],[22.8915,60.37159],[22.89458,60.37337],[22.90005,60.37344],[22.90213,60.37306],[22.90556,60.3739],[22.90845,60.37389],[22.91106,60.37451],[22.91185,60.3772],[22.91278,60.37778],[22.91765,60.37835],[22.92316,60.37799],[22.91673,60.38229],[22.91284,60.38264],[22.90994,60.38505],[22.90806,60.38515],[22.90164,60.38903],[22.90662,60.39627],[22.90875,60.39696],[22.91071,60.39865],[22.91167,60.40071],[22.91462,60.40205],[22.9149,60.40359],[22.91347,60.40586],[22.90368,60.41539],[22.90441,60.41658],[22.90807,60.41609],[22.92173,60.41712],[22.92592,60.41649],[22.92803,60.41726],[22.92798,60.41992],[22.92542,60.42091],[22.92277,60.42562],[22.92443,60.4294],[22.91925,60.43119],[22.91651,60.43289],[22.91431,60.43507],[22.91431,60.43661],[22.91239,60.43818],[22.90947,60.43933],[22.90607,60.43941],[22.90154,60.43822],[22.88966,60.44038],[22.88856,60.44193],[22.88991,60.44515],[22.89381,60.44578],[22.89551,60.44674],[22.89714,60.44675],[22.89283,60.45123],[22.88603,60.45398],[22.87826,60.45827],[22.87775,60.463],[22.87926,60.46631],[22.87619,60.46789],[22.87535,60.47138],[22.86715,60.47148],[22.86295,60.4733],[22.86022,60.47369],[22.85471,60.47314],[22.83798,60.47486],[22.8326,60.47351],[22.82713,60.47366],[22.79181,60.46585],[22.78434,60.46462],[22.78093,60.46511],[22.76928,60.46875],[22.76597,60.4687],[22.76013,60.46735],[22.75323,60.46707],[22.74634,60.46571],[22.73789,60.46301],[22.7354,60.4627],[22.73135,60.46277],[22.73173,60.4653],[22.72252,60.4655],[22.71831,60.46343],[22.71736,60.46344],[22.71703,60.46245],[22.7078,60.4583],[22.70726,60.45744],[22.7054,60.4564],[22.70921,60.45445],[22.70231,60.45171],[22.69515,60.45682],[22.69257,60.45745],[22.68833,60.45743],[22.68656,60.45899],[22.68337,60.45894],[22.68135,60.46197],[22.67506,60.46187],[22.65856,60.46345],[22.65148,60.46304],[22.64158,60.46738],[22.63772,60.47234],[22.62448,60.47121],[22.61828,60.47521],[22.61607,60.47584],[22.61361,60.47599],[22.60856,60.4754],[22.60226,60.47726],[22.59619,60.47774],[22.59337,60.47982],[22.59094,60.48001],[22.5765,60.47606],[22.57206,60.4723],[22.57114,60.47264],[22.56566,60.47057],[22.56124,60.47393],[22.56061,60.47729],[22.55645,60.48482],[22.55642,60.48667],[22.55775,60.48719],[22.55389,60.49127],[22.54855,60.49215],[22.54813,60.49264],[22.53942,60.49373],[22.53156,60.49697],[22.52849,60.49697],[22.51996,60.49835],[22.51344,60.4974],[22.49856,60.50007],[22.4936,60.50232],[22.47662,60.50289],[22.4702,60.50443],[22.46565,60.50756],[22.46004,60.50346],[22.44906,60.5026],[22.41936,60.49573],[22.40959,60.48958],[22.39977,60.48601],[22.39946,60.48637],[22.40329,60.48752],[22.40466,60.48845],[22.40423,60.48965],[22.39195,60.48971],[22.3872,60.48913],[22.37326,60.48277],[22.36795,60.47867],[22.36715,60.47611],[22.36437,60.47463],[22.36483,60.47426],[22.36242,60.47251],[22.29746,60.45542],[22.2881,60.45381],[22.27047,60.44807],[22.26734,60.44746],[22.25851,60.44478],[22.25685,60.44584],[22.23091,60.4359],[22.22619,60.43574],[22.22872,60.43736],[22.22798,60.44082],[22.2254,60.44127],[22.22437,60.44185],[22.22512,60.44433],[22.21795,60.44782],[22.2022,60.44784],[22.20144,60.44996],[22.19619,60.45354],[22.19432,60.45619],[22.19608,60.45958],[22.19918,60.46183],[22.19807,60.46234],[22.18338,60.46066],[22.17313,60.46131],[22.16335,60.46092],[22.15503,60.46114],[22.14525,60.4625],[22.13584,60.46515],[22.13121,60.46835],[22.11254,60.46375],[22.10968,60.46348],[22.10308,60.4648],[22.09657,60.46697],[22.07511,60.47099],[22.0705,60.47313],[22.06639,60.47441],[22.06151,60.47488],[22.05495,60.47416],[22.04044,60.46855],[22.03077,60.46395],[22.02833,60.46342],[22.02408,60.46315],[22.02126,60.46231],[22.01627,60.45976],[22.00746,60.45926],[21.99979,60.45716],[21.99365,60.45661],[21.9898,60.45699],[21.98212,60.45961],[21.97684,60.46039],[21.95881,60.45958],[21.92354,60.46135],[21.92015,60.46096],[21.91348,60.45882],[21.90487,60.45952],[21.90029,60.45824],[21.89787,60.45804],[21.89535,60.45852],[21.8931,60.45992],[21.8866,60.4619],[21.88034,60.46563],[21.87412,60.47115],[21.87336,60.47303],[21.87393,60.47621],[21.87253,60.4801],[21.87616,60.48559],[21.87647,60.48751],[21.87554,60.48908],[21.86925,60.4937],[21.86757,60.49775],[21.86747,60.50127],[21.86897,60.50432],[21.86869,60.50634],[21.86525,60.50761],[21.86669,60.50897],[21.86954,60.50986],[21.87049,60.51057],[21.87158,60.51295],[21.87386,60.51332],[21.87306,60.51707],[21.8766,60.52182],[21.87581,60.52436],[21.87624,60.5267],[21.87553,60.52729],[21.87175,60.5279],[21.87105,60.52865],[21.86936,60.53429],[21.865,60.53538],[21.86088,60.53734],[21.8553,60.5385],[21.85293,60.54],[21.85096,60.5442],[21.85182,60.54751],[21.85392,60.54923],[21.85399,60.55033],[21.85085,60.55474],[21.85261,60.55633],[21.85512,60.55704],[21.85821,60.5612],[21.85889,60.56378],[21.86232,60.56556],[21.86069,60.56846],[21.86661,60.57343],[21.86861,60.57434],[21.87369,60.57803],[21.8725,60.58064],[21.87413,60.5859],[21.87912,60.59048],[21.88504,60.59266],[21.88806,60.5951],[21.89403,60.60291],[21.89643,60.60365],[21.89773,60.6052],[21.9006,60.60645],[21.90115,60.60926],[21.90211,60.60991],[21.90887,60.6111],[21.91161,60.61213],[21.91213,60.61445],[21.91375,60.61629],[21.91902,60.61822],[21.92098,60.61938],[21.92601,60.62415],[21.9284,60.62556],[21.93039,60.62609],[21.93674,60.6267],[21.93881,60.62804],[21.94458,60.6338],[21.94567,60.63606],[21.95,60.63892],[21.9503,60.64079],[21.95124,60.6419],[21.956,60.6443],[21.95545,60.64676],[21.95864,60.65165],[21.96172,60.65484],[21.96834,60.65758],[21.9722,60.66032],[21.97383,60.66083],[21.97856,60.66101],[21.98532,60.66243],[21.98813,60.66594],[21.98977,60.66963],[21.99671,60.67331],[22.00895,60.67459],[22.01153,60.6732],[22.02259,60.67468],[22.03589,60.67837],[22.03774,60.67839],[22.04631,60.68136],[22.05049,60.68182],[22.05594,60.68163],[22.05852,60.68265],[22.06632,60.6843],[22.07462,60.68859],[22.08002,60.68692],[22.08153,60.68789],[22.0869,60.68839],[22.08933,60.69017],[22.09527,60.68785],[22.09868,60.68755],[22.09883,60.68644],[22.0965,60.68384],[22.09801,60.68141],[22.09571,60.67852],[22.09732,60.67751],[22.09709,60.67521],[22.09958,60.67394],[22.1038,60.66868],[22.11107,60.66691],[22.11325,60.66688],[22.11666,60.66559],[22.11814,60.66588],[22.1193,60.66563],[22.12137,60.66841],[22.12325,60.66871],[22.12342,60.66969],[22.12486,60.67001],[22.1258,60.6714],[22.12765,60.67173],[22.12743,60.67536],[22.1267,60.67633],[22.12728,60.68066],[22.12794,60.68121],[22.1301,60.68156],[22.13001,60.68294],[22.13286,60.68507],[22.13733,60.68551],[22.14575,60.68834],[22.14762,60.68853],[22.14877,60.68971],[22.15168,60.69071],[22.15372,60.69069],[22.15623,60.69166],[22.16055,60.69184],[22.16135,60.6922],[22.16118,60.69385],[22.15942,60.69439],[22.159,60.69509],[22.15468,60.69761],[22.15623,60.69914],[22.1607,60.70019],[22.16116,60.7017],[22.15361,60.70851],[22.15267,60.71363],[22.15164,60.71429],[22.15962,60.71572],[22.16169,60.71784],[22.16395,60.71869],[22.16689,60.71821],[22.16944,60.71834],[22.18038,60.71977],[22.18609,60.71967],[22.19044,60.72001],[22.19652,60.71841],[22.19905,60.71419],[22.20089,60.71287],[22.20583,60.71168],[22.20666,60.71017],[22.20766,60.70963],[22.21333,60.70972],[22.22151,60.70923],[22.22445,60.71032],[22.22565,60.71037],[22.23612,60.70887],[22.23865,60.70697],[22.24281,60.70639],[22.24577,60.70679],[22.24801,60.70766],[22.25055,60.70678],[22.2559,60.70797],[22.26054,60.70775],[22.2662,60.70579],[22.26612,60.70357],[22.26818,60.7011],[22.26828,60.69735],[22.27053,60.69614],[22.27288,60.69553],[22.27507,60.69657],[22.2769,60.69642],[22.27927,60.69501],[22.28185,60.69466],[22.28372,60.69329],[22.28872,60.69404],[22.2919,60.69383],[22.29698,60.69086],[22.30068,60.69323],[22.30794,60.69687],[22.31686,60.69998],[22.31805,60.701],[22.31796,60.70439],[22.32464,60.71145],[22.33386,60.716],[22.33547,60.71646],[22.34267,60.71715],[22.34494,60.71578],[22.35899,60.71075],[22.36327,60.71107],[22.36942,60.71026],[22.37214,60.70914],[22.37468,60.70623],[22.3839,60.70177],[22.38709,60.70608],[22.38696,60.70713],[22.3889,60.70849],[22.39021,60.70882],[22.39769,60.70743],[22.39966,60.70739],[22.40556,60.70855],[22.40858,60.711],[22.41498,60.71137],[22.41894,60.7128],[22.43094,60.71214],[22.43863,60.71274],[22.44353,60.71188],[22.44111,60.70167],[22.44177,60.70078],[22.45867,60.70228],[22.46355,60.70331],[22.4642,60.70508],[22.47146,60.70759],[22.47279,60.70757],[22.47647,60.70673],[22.48604,60.70226],[22.48763,60.70207],[22.49243,60.70263],[22.4944,60.70242],[22.49731,60.70137],[22.50097,60.70126],[22.514,60.69941],[22.52634,60.69686],[22.54411,60.69572],[22.5424,60.69688],[22.53892,60.69746],[22.5397,60.69784],[22.54194,60.70149],[22.54175,60.7021],[22.54288,60.7023],[22.54927,60.70255],[22.55252,60.70316],[22.55511,60.70268],[22.557,60.70275],[22.56423,60.70461],[22.57499,60.70424],[22.58685,60.70511],[22.58898,60.70481],[22.59185,60.70381],[22.60341,60.70266],[22.60641,60.70268],[22.60919,60.70305],[22.61125,60.70458],[22.61441,60.70607],[22.62541,60.70886],[22.63124,60.71172],[22.6349,60.71225],[22.642,60.71437],[22.64573,60.71464],[22.6519,60.7143],[22.65778,60.71517],[22.66238,60.71736],[22.66922,60.7189],[22.67123,60.72007],[22.67483,60.72131],[22.67605,60.72283],[22.68229,60.72256],[22.68674,60.72328],[22.68994,60.72322],[22.69706,60.72198],[22.69984,60.7209],[22.70329,60.72034],[22.71262,60.72174],[22.71789,60.72363],[22.71999,60.72375],[22.72056,60.72349],[22.71908,60.7217],[22.71916,60.72058],[22.73244,60.71665],[22.73332,60.71396],[22.73795,60.71219],[22.73927,60.71124],[22.73888,60.70987],[22.7402,60.70777],[22.74355,60.70818],[22.75238,60.70494],[22.75528,60.70319],[22.75772,60.70237],[22.76423,60.70238],[22.76871,60.70311],[22.77493,60.70276],[22.78058,60.7037],[22.79388,60.70242],[22.80559,60.69836],[22.81289,60.69791],[22.81834,60.69872],[22.82331,60.69899],[22.83335,60.69748],[22.85541,60.69763],[22.8615,60.69631],[22.86595,60.69202],[22.8736,60.68897],[22.87743,60.68643],[22.88769,60.68108],[22.89553,60.6781],[22.89428,60.6742],[22.89463,60.67337],[22.90377,60.66638],[22.90574,60.66577],[22.9092,60.66543],[22.91058,60.66485],[22.91515,60.66084],[22.92246,60.65646],[22.94758,60.64923],[22.95304,60.64654],[22.95462,60.64209],[22.95594,60.64109],[22.95821,60.64066],[22.97288,60.63084],[22.97423,60.62361],[22.97999,60.62292],[22.9844,60.62462],[22.99619,60.62634],[23.00231,60.62268],[23.0042,60.62284],[23.01707,60.61687],[23.02167,60.61868],[23.02293,60.62122],[23.0223,60.62144],[23.02249,60.62226],[23.02403,60.62324],[23.02785,60.62238],[23.04144,60.61318],[23.04771,60.61233],[23.05257,60.61055],[23.05351,60.60857],[23.05865,60.60551],[23.06689,60.60247],[23.07187,60.60269],[23.07339,60.60325],[23.07553,60.60333],[23.08102,60.60182],[23.09215,60.59355],[23.0956,60.59282],[23.09723,60.5917],[23.09968,60.59173],[23.10163,60.59123],[23.10751,60.58754],[23.112,60.58591],[23.11352,60.58619],[23.1142,60.58741],[23.1165,60.58797],[23.1194,60.5852],[23.12234,60.58512],[23.12302,60.58612],[23.12674,60.58595],[23.13186,60.5864],[23.13298,60.58597],[23.13845,60.5755],[23.14502,60.56928],[23.15216,60.56091],[23.15641,60.56246],[23.15497,60.56578],[23.15532,60.56713],[23.16141,60.56851],[23.16111,60.56958],[23.1618,60.57029],[23.16774,60.57209],[23.17049,60.57336],[23.17643,60.57477],[23.1786,60.57767],[23.18244,60.58016],[23.1865,60.58087],[23.19652,60.57636],[23.20458,60.576],[23.20815,60.57411],[23.21239,60.57334],[23.21722,60.57516],[23.22066,60.577],[23.22651,60.57868],[23.2316,60.58185],[23.24347,60.58278],[23.25943,60.58505],[23.26402,60.58473],[23.26422,60.58578],[23.26683,60.58623],[23.27175,60.58606],[23.27535,60.58531],[23.27857,60.58413],[23.28295,60.58368],[23.28778,60.58383],[23.28825,60.58245],[23.28966,60.58188],[23.29692,60.58153],[23.30033,60.5804],[23.30059,60.58231],[23.29808,60.58728],[23.29941,60.5875],[23.29996,60.58904],[23.30301,60.58988],[23.30419,60.59157],[23.29962,60.59578],[23.2991,60.59891],[23.29677,60.60093],[23.29833,60.60174],[23.30602,60.59988],[23.31355,60.59863],[23.31891,60.5987],[23.32801,60.59797],[23.33344,60.59968],[23.33807,60.59924],[23.33621,60.6037],[23.34015,60.61376],[23.33659,60.61662],[23.33947,60.61698],[23.34078,60.6176],[23.35035,60.61825],[23.35344,60.61728],[23.35376,60.61539],[23.35552,60.61511],[23.35668,60.61531],[23.35685,60.6135],[23.36513,60.6143],[23.37288,60.61619],[23.37605,60.61983],[23.37822,60.6196],[23.37874,60.61994],[23.38753,60.63367],[23.38929,60.63698],[23.38667,60.64011],[23.38736,60.64093],[23.39227,60.63915],[23.39783,60.63829],[23.40054,60.63831],[23.40202,60.63904],[23.40401,60.63852],[23.40616,60.63854],[23.4109,60.63769],[23.41328,60.63771],[23.4182,60.63681],[23.42571,60.63724],[23.42919,60.6361],[23.43369,60.63546],[23.44057,60.6329],[23.44283,60.63324],[23.44347,60.63701],[23.44913,60.63701],[23.44808,60.63777],[23.44851,60.63916],[23.44716,60.64047],[23.44212,60.64262],[23.44642,60.64578],[23.44658,60.64683],[23.46152,60.66436],[23.46463,60.66379],[23.46778,60.66248],[23.46998,60.66462],[23.47388,60.66609],[23.46351,60.67408],[23.46743,60.67293],[23.47472,60.67153],[23.47905,60.66905],[23.47997,60.66777],[23.47991,60.66633],[23.48064,60.6658],[23.48589,60.66612],[23.49069,60.66557],[23.49531,60.66373],[23.49809,60.66122],[23.5007,60.66215],[23.51213,60.6643],[23.51538,60.66542],[23.51693,60.66646],[23.51863,60.66658],[23.52044,60.66606],[23.52603,60.66621],[23.52811,60.66593],[23.53235,60.6688],[23.53358,60.66938],[23.53537,60.66958],[23.53268,60.67138],[23.53635,60.67168],[23.53853,60.67291],[23.54123,60.67287],[23.54723,60.67576],[23.55154,60.67616],[23.55459,60.67591],[23.55674,60.67544],[23.55889,60.67402],[23.56197,60.67409],[23.56375,60.67662],[23.56689,60.67943],[23.5676,60.68299],[23.56916,60.68593],[23.56892,60.69065],[23.57064,60.69396],[23.57283,60.6949],[23.57591,60.69422],[23.57634,60.6926],[23.57828,60.69156],[23.5857,60.69232],[23.58718,60.69343],[23.58928,60.69392],[23.59529,60.69375],[23.60005,60.69149],[23.60167,60.69009],[23.60644,60.68955],[23.6077,60.68782],[23.60873,60.68738],[23.61137,60.68688],[23.6131,60.68577],[23.61618,60.68621],[23.61742,60.68602],[23.61828,60.68447],[23.62186,60.68366],[23.62351,60.68393],[23.62436,60.68533],[23.62567,60.6859],[23.63529,60.68749],[23.63738,60.68664],[23.64289,60.68156],[23.6439,60.6797],[23.64592,60.67814],[23.64844,60.67477],[23.64809,60.67417],[23.65219,60.67153],[23.65513,60.67176],[23.65954,60.66603],[23.66723,60.66727],[23.67421,60.6659],[23.68119,60.65968],[23.67997,60.65702],[23.6822,60.65643],[23.68136,60.65061],[23.68489,60.6422],[23.68459,60.64005],[23.68556,60.63755],[23.68379,60.63581],[23.68279,60.63362],[23.68468,60.63136],[23.6901,60.62858],[23.69351,60.626],[23.69401,60.62446],[23.69603,60.62274],[23.69695,60.62285],[23.6995,60.62201],[23.70145,60.622],[23.70748,60.62336],[23.71024,60.62648],[23.71055,60.62768],[23.71347,60.62899],[23.71717,60.62984],[23.72024,60.62892],[23.72279,60.63029],[23.72411,60.63032],[23.72625,60.63137],[23.72669,60.63354],[23.7238,60.63575],[23.72443,60.6369],[23.72737,60.63718],[23.73225,60.63641],[23.73381,60.63691],[23.73366,60.6376],[23.73471,60.63845],[23.73818,60.6391],[23.74394,60.63749],[23.75361,60.6372],[23.75804,60.63587],[23.7592,60.63469],[23.76268,60.6332],[23.76346,60.63151],[23.76278,60.63037],[23.76156,60.6298],[23.76094,60.62658],[23.76328,60.62577],[23.77227,60.62536],[23.77204,60.62656],[23.77363,60.62774],[23.77483,60.63171],[23.77992,60.63449],[23.78043,60.63639],[23.78279,60.63799],[23.78837,60.63681],[23.79183,60.63498],[23.79673,60.63488],[23.80212,60.63546],[23.80507,60.63534],[23.81936,60.63912],[23.82115,60.6388],[23.82167,60.63957],[23.8187,60.64751],[23.81987,60.65034],[23.82053,60.65431],[23.81974,60.65606],[23.82044,60.65742],[23.81902,60.65938],[23.81644,60.66055],[23.81638,60.66268],[23.81224,60.66728],[23.80913,60.66838],[23.80499,60.6723],[23.80129,60.67401],[23.79992,60.6751],[23.79855,60.67778],[23.79616,60.67978],[23.80283,60.67939],[23.81032,60.68209],[23.81936,60.68262],[23.8246,60.68405],[23.84016,60.68429],[23.84519,60.68336],[23.85345,60.68377],[23.85687,60.68444],[23.8594,60.68421],[23.86248,60.68528],[23.8644,60.68542],[23.86837,60.68497],[23.87854,60.68531],[23.88004,60.68571],[23.88451,60.68819],[23.89183,60.68932],[23.89816,60.69215],[23.90277,60.69632],[23.90726,60.69876],[23.91234,60.69927],[23.91462,60.70013],[23.91733,60.70018],[23.91907,60.70087],[23.92028,60.70198],[23.92247,60.7022],[23.92362,60.70102],[23.92637,60.69973],[23.92894,60.69879],[23.93021,60.69882],[23.93515,60.70112],[23.94333,60.70302],[23.95244,60.70411],[23.95412,60.70467],[23.95723,60.70819],[23.95822,60.71018],[23.96337,60.71155],[23.96562,60.71289],[23.96991,60.717],[23.97741,60.72136],[23.97819,60.72489],[23.98019,60.72615],[23.97874,60.72816],[23.97622,60.72907],[23.97783,60.73079],[23.97773,60.73207],[23.97519,60.73331],[23.97685,60.7351],[23.97742,60.73993],[23.97952,60.74236],[23.9791,60.74519]]}},{"type":"Feature","properties":{"name":"TET_FIN-06_20260802","country":"FI","lengthKm":387.8},"geometry":{"type":"LineString","coordinates":[[25.75657,60.61032],[25.75937,60.61236],[25.75916,60.6138],[25.76145,60.6156],[25.76006,60.61663],[25.76025,60.61835],[25.75854,60.61949],[25.75558,60.6193],[25.754,60.61973],[25.74875,60.6272],[25.74758,60.62715],[25.73532,60.62992],[25.72788,60.63459],[25.72662,60.63763],[25.72838,60.63925],[25.72838,60.6407],[25.73437,60.64384],[25.73181,60.64633],[25.73152,60.64765],[25.73279,60.64966],[25.73556,60.65108],[25.73443,60.65436],[25.73228,60.65544],[25.73159,60.65705],[25.72834,60.65922],[25.72825,60.65991],[25.72307,60.6605],[25.70996,60.66285],[25.70715,60.66264],[25.70082,60.66131],[25.69782,60.66308],[25.69498,60.66403],[25.69202,60.66595],[25.69151,60.66673],[25.69191,60.67032],[25.69548,60.67303],[25.69577,60.6741],[25.69825,60.67473],[25.70063,60.67417],[25.70301,60.67454],[25.70744,60.67447],[25.711,60.67681],[25.71384,60.6772],[25.71677,60.67817],[25.72651,60.68388],[25.72619,60.68629],[25.72897,60.68884],[25.73367,60.6904],[25.73423,60.69174],[25.73742,60.69434],[25.7307,60.69532],[25.72664,60.69453],[25.72456,60.69517],[25.72342,60.69664],[25.7284,60.70098],[25.72828,60.70265],[25.73074,60.70332],[25.73256,60.7058],[25.74253,60.70718],[25.7441,60.7095],[25.74707,60.71009],[25.74978,60.71146],[25.75318,60.71464],[25.75634,60.71635],[25.75436,60.71902],[25.75768,60.72088],[25.75419,60.72255],[25.75454,60.72449],[25.76161,60.72736],[25.75958,60.72905],[25.76391,60.73087],[25.76738,60.73371],[25.76795,60.73489],[25.77091,60.73652],[25.76776,60.73769],[25.76555,60.73912],[25.76467,60.7406],[25.76792,60.74152],[25.77922,60.75179],[25.78349,60.75247],[25.78532,60.75403],[25.78717,60.75445],[25.79161,60.75731],[25.79683,60.75559],[25.80344,60.75794],[25.80563,60.75778],[25.80971,60.75658],[25.81446,60.75895],[25.82262,60.75621],[25.82669,60.75751],[25.82934,60.75732],[25.83094,60.75832],[25.83233,60.75863],[25.83893,60.75748],[25.84065,60.75759],[25.8417,60.7568],[25.8449,60.75588],[25.85091,60.75624],[25.85234,60.75757],[25.85738,60.7592],[25.86428,60.7624],[25.8652,60.76359],[25.87285,60.76626],[25.87685,60.77171],[25.88429,60.77566],[25.88757,60.77554],[25.89282,60.7767],[25.89744,60.77568],[25.90093,60.77717],[25.90526,60.77677],[25.90707,60.77792],[25.90807,60.77944],[25.90752,60.78102],[25.9112,60.78482],[25.91666,60.78846],[25.91603,60.79264],[25.91868,60.79795],[25.9183,60.80048],[25.91691,60.80178],[25.91779,60.80302],[25.91743,60.80641],[25.91664,60.80731],[25.91657,60.81065],[25.91541,60.81302],[25.92383,60.82286],[25.92362,60.82528],[25.92603,60.82654],[25.92996,60.82741],[25.92933,60.82929],[25.93012,60.83049],[25.92914,60.83126],[25.92914,60.83226],[25.93034,60.83475],[25.9358,60.83524],[25.9448,60.83772],[25.95371,60.83863],[25.95478,60.84557],[25.95516,60.84675],[25.95651,60.84767],[25.96317,60.84877],[25.96472,60.85052],[25.9659,60.85092],[25.9726,60.85076],[25.97715,60.85207],[25.98074,60.85178],[25.98245,60.85297],[25.98358,60.8554],[25.98515,60.85586],[25.99142,60.86191],[25.99743,60.86344],[26.00067,60.86077],[26.00371,60.86135],[26.00558,60.86331],[26.00689,60.86636],[26.01049,60.86723],[26.01258,60.86962],[26.01698,60.86784],[26.02611,60.86633],[26.03868,60.8658],[26.06348,60.8638],[26.06638,60.86422],[26.07481,60.8675],[26.08881,60.86978],[26.0949,60.87948],[26.10098,60.87956],[26.10257,60.87999],[26.10437,60.88116],[26.10585,60.88356],[26.11061,60.88672],[26.11396,60.88763],[26.1156,60.88917],[26.12323,60.88852],[26.12512,60.89143],[26.13295,60.89088],[26.13383,60.89296],[26.13541,60.89393],[26.1356,60.89476],[26.1343,60.89657],[26.13512,60.89827],[26.13522,60.90207],[26.13632,60.90263],[26.13866,60.90292],[26.14345,60.90598],[26.14499,60.90956],[26.14679,60.91064],[26.14811,60.91076],[26.14931,60.91169],[26.14909,60.9124],[26.16009,60.91874],[26.16388,60.9169],[26.16476,60.91702],[26.16943,60.91603],[26.18746,60.91597],[26.18607,60.91863],[26.18739,60.91986],[26.19533,60.91859],[26.19442,60.91776],[26.20269,60.91825],[26.21439,60.92121],[26.21962,60.9235],[26.22091,60.92512],[26.22345,60.92416],[26.22761,60.92379],[26.2327,60.92157],[26.23694,60.92142],[26.24106,60.92256],[26.24203,60.92352],[26.24039,60.92406],[26.23995,60.92479],[26.24054,60.92525],[26.24609,60.92548],[26.25397,60.92458],[26.2574,60.92463],[26.25984,60.92547],[26.26298,60.92487],[26.26646,60.92488],[26.26893,60.92593],[26.26898,60.92676],[26.26717,60.92761],[26.26592,60.92997],[26.25613,60.93462],[26.25273,60.93504],[26.24435,60.9341],[26.23312,60.93369],[26.23033,60.93294],[26.22885,60.93297],[26.22682,60.93407],[26.22574,60.93853],[26.22473,60.93939],[26.21661,60.94185],[26.21211,60.94209],[26.20367,60.94339],[26.19806,60.9464],[26.19734,60.95048],[26.19828,60.95196],[26.19572,60.95644],[26.19618,60.95689],[26.19534,60.95843],[26.19642,60.96176],[26.19854,60.96357],[26.20447,60.96673],[26.21302,60.96671],[26.21661,60.96787],[26.21987,60.96819],[26.22189,60.97098],[26.22404,60.97262],[26.23006,60.97463],[26.23411,60.97482],[26.23842,60.97693],[26.24276,60.97751],[26.24752,60.97752],[26.24934,60.98382],[26.24681,60.98638],[26.24639,60.9876],[26.2418,60.98999],[26.2387,60.9903],[26.23497,60.98995],[26.22904,60.99055],[26.22375,60.9916],[26.22178,60.99329],[26.2224,60.99429],[26.22495,60.99598],[26.22441,60.99708],[26.22622,60.99787],[26.22541,60.99902],[26.22324,60.9989],[26.2197,60.99943],[26.21622,61.0014],[26.21398,61.00194],[26.21062,61.00154],[26.20533,61.00204],[26.20371,61.00263],[26.20245,61.00403],[26.19996,61.00442],[26.19777,61.00556],[26.19348,61.00547],[26.1902,61.00592],[26.1886,61.00863],[26.189,61.01038],[26.19033,61.01124],[26.1989,61.01271],[26.20007,61.01383],[26.20014,61.01605],[26.20272,61.0188],[26.20384,61.02121],[26.21283,61.02585],[26.21611,61.02841],[26.21823,61.03178],[26.21903,61.03647],[26.22199,61.04055],[26.22255,61.04379],[26.22763,61.04438],[26.23412,61.04633],[26.23721,61.04681],[26.2391,61.04774],[26.2424,61.04815],[26.24341,61.04878],[26.24182,61.05061],[26.24283,61.05214],[26.24247,61.05314],[26.24013,61.0542],[26.24039,61.05544],[26.23819,61.05695],[26.24101,61.05988],[26.24094,61.0608],[26.2386,61.06336],[26.23479,61.06549],[26.2321,61.06807],[26.23201,61.06983],[26.23337,61.0705],[26.23179,61.07234],[26.2329,61.07274],[26.23323,61.07344],[26.23288,61.07638],[26.23454,61.07727],[26.23874,61.07665],[26.24639,61.07464],[26.25362,61.07493],[26.25416,61.07623],[26.25673,61.07758],[26.26238,61.07888],[26.26891,61.07888],[26.27274,61.07978],[26.27493,61.08092],[26.27801,61.08152],[26.2796,61.08418],[26.28236,61.08511],[26.28129,61.08645],[26.2813,61.08796],[26.28341,61.08872],[26.28657,61.08833],[26.28727,61.08867],[26.2855,61.09235],[26.28422,61.09366],[26.28391,61.0952],[26.28908,61.09761],[26.29052,61.10172],[26.30059,61.10772],[26.30073,61.11006],[26.30259,61.11214],[26.30143,61.11465],[26.30398,61.11575],[26.30445,61.11652],[26.30426,61.11835],[26.30189,61.12046],[26.30253,61.12258],[26.3018,61.12433],[26.30371,61.12545],[26.30401,61.12681],[26.30232,61.12796],[26.30043,61.13041],[26.30128,61.13191],[26.29998,61.13344],[26.29968,61.13521],[26.30086,61.13555],[26.29796,61.13957],[26.30238,61.14125],[26.30334,61.14354],[26.30552,61.14485],[26.30482,61.14654],[26.30123,61.14916],[26.29858,61.1524],[26.30262,61.15573],[26.3024,61.15636],[26.30376,61.15621],[26.30477,61.15732],[26.30611,61.16216],[26.30751,61.16283],[26.30943,61.16501],[26.31316,61.16656],[26.31516,61.1701],[26.31843,61.17107],[26.32262,61.17091],[26.32381,61.17124],[26.3263,61.17244],[26.32748,61.17395],[26.33194,61.17557],[26.33878,61.17974],[26.34329,61.18101],[26.34538,61.18374],[26.34476,61.18798],[26.34738,61.18698],[26.35182,61.18616],[26.35647,61.18447],[26.35825,61.18158],[26.3616,61.18089],[26.36557,61.18064],[26.38375,61.17584],[26.38641,61.17458],[26.38772,61.17457],[26.39059,61.17532],[26.39448,61.17401],[26.40353,61.17387],[26.40769,61.17334],[26.4117,61.17606],[26.41316,61.17647],[26.41535,61.179],[26.41683,61.17919],[26.4184,61.18144],[26.41857,61.18327],[26.4207,61.18387],[26.422,61.18371],[26.42321,61.18292],[26.42638,61.18292],[26.42585,61.18408],[26.42763,61.18601],[26.43423,61.19011],[26.43609,61.1921],[26.44163,61.19491],[26.44761,61.19886],[26.45084,61.20291],[26.45452,61.20522],[26.45638,61.20745],[26.45906,61.20917],[26.45899,61.21067],[26.45969,61.21135],[26.4589,61.21225],[26.45938,61.21411],[26.45878,61.2164],[26.45672,61.21862],[26.45403,61.21936],[26.4524,61.22102],[26.44984,61.22131],[26.44935,61.22197],[26.4506,61.22471],[26.44999,61.22585],[26.44493,61.22679],[26.44213,61.22937],[26.44228,61.231],[26.4433,61.23215],[26.4427,61.23534],[26.44366,61.23741],[26.44277,61.23897],[26.44349,61.23974],[26.44578,61.24034],[26.44652,61.24168],[26.4498,61.24085],[26.45081,61.2401],[26.45678,61.24019],[26.46301,61.23959],[26.46682,61.2384],[26.4688,61.23728],[26.46926,61.23611],[26.47142,61.23555],[26.47619,61.23726],[26.47745,61.23825],[26.48784,61.24155],[26.49086,61.24113],[26.49221,61.24057],[26.49488,61.24109],[26.49975,61.24107],[26.50129,61.24166],[26.50786,61.24213],[26.5094,61.24274],[26.51213,61.24286],[26.51266,61.24425],[26.51464,61.24514],[26.52121,61.24532],[26.52554,61.24697],[26.53126,61.24687],[26.53201,61.24741],[26.53183,61.24799],[26.52969,61.24848],[26.52944,61.2489],[26.5306,61.25078],[26.53462,61.25195],[26.53673,61.25334],[26.53867,61.25384],[26.54411,61.25403],[26.54428,61.25508],[26.54608,61.25637],[26.54413,61.26204],[26.54566,61.26462],[26.54549,61.26566],[26.54276,61.26845],[26.54412,61.2714],[26.5423,61.27259],[26.53953,61.27348],[26.53141,61.27911],[26.52123,61.28307],[26.51814,61.28791],[26.51915,61.29019],[26.51609,61.29416],[26.51935,61.29329],[26.52103,61.29325],[26.54379,61.2957],[26.55064,61.29714],[26.55717,61.2999],[26.55997,61.3003],[26.55376,61.30714],[26.54902,61.3089],[26.54357,61.31162],[26.53928,61.31846],[26.53806,61.32172],[26.53928,61.3249],[26.53928,61.32906],[26.54277,61.33189],[26.54392,61.33575],[26.54576,61.33783],[26.55028,61.33994],[26.55565,61.34386],[26.5548,61.35226],[26.55567,61.35391],[26.55386,61.35542],[26.55343,61.35665],[26.55041,61.35671],[26.54826,61.35871],[26.54867,61.36132],[26.55029,61.36233],[26.55101,61.36361],[26.54911,61.3661],[26.54908,61.36717],[26.55251,61.3691],[26.55394,61.37073],[26.56571,61.374],[26.56643,61.37501],[26.56599,61.37636],[26.56795,61.37809],[26.56774,61.38051],[26.56863,61.382],[26.56836,61.38348],[26.56927,61.38622],[26.56811,61.39234],[26.56548,61.39508],[26.56496,61.3968],[26.56752,61.39885],[26.56871,61.39919],[26.57274,61.39952],[26.58388,61.3984],[26.58541,61.39854],[26.58975,61.39999],[26.59487,61.40551],[26.59219,61.40675],[26.58869,61.40977],[26.58114,61.41448],[26.57421,61.42185],[26.57685,61.4219],[26.58518,61.4245],[26.61178,61.42477],[26.6198,61.42747],[26.6246,61.42779],[26.62686,61.42844],[26.63202,61.43136],[26.63543,61.43224],[26.64474,61.43197],[26.64685,61.43358],[26.65635,61.43389],[26.66486,61.43514],[26.66915,61.43646],[26.68265,61.44342],[26.68178,61.4447],[26.68205,61.44645],[26.68696,61.44944],[26.68907,61.45156],[26.68886,61.45384],[26.69139,61.45535],[26.69242,61.45703],[26.69237,61.45835],[26.69474,61.46123],[26.69562,61.46336],[26.70464,61.46725],[26.70452,61.46904],[26.70727,61.4719],[26.70691,61.47567],[26.7081,61.47759],[26.70682,61.47918],[26.70607,61.48241],[26.71142,61.48602],[26.71243,61.48809],[26.71337,61.48867],[26.72062,61.49077],[26.72684,61.49074],[26.72471,61.49387],[26.7196,61.49655],[26.71733,61.50032],[26.71923,61.50125],[26.72276,61.50209],[26.72853,61.5049],[26.73042,61.50936],[26.73271,61.511],[26.74201,61.51494],[26.74302,61.51798],[26.74435,61.51982],[26.7447,61.52007],[26.74514,61.5198],[26.7447,61.52007],[26.74594,61.52204],[26.74836,61.52281],[26.74957,61.52424],[26.75893,61.52504],[26.7655,61.52376],[26.76999,61.52338],[26.77248,61.52416],[26.77441,61.52551],[26.77617,61.52592],[26.77944,61.52523],[26.78212,61.52579],[26.7874,61.52588],[26.79052,61.52483],[26.79644,61.52394],[26.801,61.52476],[26.8031,61.52434],[26.80742,61.52244],[26.81152,61.52272],[26.81664,61.52418],[26.82601,61.52553],[26.83138,61.52407],[26.83878,61.52357],[26.84364,61.52231],[26.84663,61.52247],[26.85254,61.52446],[26.8567,61.52509],[26.85511,61.52646],[26.89323,61.5396],[26.90416,61.54134],[26.90413,61.54419],[26.91031,61.54926],[26.91289,61.55054],[26.91633,61.55391],[26.91534,61.55568],[26.9179,61.55903],[26.92322,61.56274],[26.92639,61.56392],[26.92733,61.56593],[26.93075,61.56696],[26.93274,61.56686],[26.9362,61.56836],[26.93243,61.56992],[26.92877,61.57408],[26.92793,61.58267],[26.91862,61.58761],[26.91102,61.59715],[26.9078,61.59677],[26.90614,61.6001],[26.89683,61.60574],[26.89589,61.6107],[26.90183,61.61644],[26.90383,61.62122],[26.89498,61.63617],[26.90865,61.65814],[26.88615,61.67346],[26.86534,61.6785],[26.85771,61.68337],[26.85405,61.68336],[26.85351,61.68476],[26.86258,61.69325],[26.8518,61.69845],[26.83961,61.69974],[26.83031,61.7045],[26.82806,61.70795],[26.83094,61.71236],[26.85534,61.71939],[26.85889,61.7218],[26.86662,61.72225],[26.87022,61.7276],[26.86676,61.73477],[26.86077,61.73727],[26.85789,61.74114],[26.84779,61.74956],[26.84401,61.75842],[26.84893,61.76396],[26.84426,61.77076],[26.84508,61.77531],[26.84319,61.78898],[26.82492,61.80654],[26.82347,61.80882],[26.8237,61.81088],[26.82778,61.81284],[26.82907,61.81529],[26.82576,61.82227],[26.82689,61.82535],[26.82463,61.83031],[26.82119,61.83534],[26.82291,61.8388],[26.83125,61.84033],[26.85554,61.83428],[26.86228,61.83338],[26.86758,61.83362],[26.87328,61.83527],[26.88253,61.83479],[26.88558,61.83693],[26.8891,61.83738],[26.89409,61.83396],[26.90297,61.83106],[26.91603,61.8187],[26.93183,61.81329],[26.93648,61.82392],[26.93077,61.83452],[26.93001,61.84478],[26.93147,61.84532],[26.93216,61.8473],[26.93939,61.85488],[26.94023,61.85932],[26.9396,61.86266],[26.94376,61.86513],[26.94195,61.87262],[26.94835,61.87779],[26.95571,61.8784],[26.96678,61.88179],[26.94812,61.89577],[26.92086,61.90758],[26.91673,61.91063],[26.91538,61.91324],[26.91677,61.91615],[26.91416,61.92014],[26.9152,61.9238],[26.91113,61.93241],[26.89716,61.93514],[26.89248,61.93764],[26.88916,61.94116],[26.88229,61.95801],[26.87563,61.96107],[26.87351,61.96634],[26.84012,61.97803],[26.83992,61.9806],[26.83499,61.98586],[26.8566,61.99426],[26.86818,61.99705],[26.89371,61.99715],[26.89353,62.00137],[26.89035,62.00442],[26.88701,62.01516],[26.87496,62.03014],[26.88052,62.03405],[26.88265,62.03326],[26.88813,62.03299],[26.89523,62.03475],[26.8972,62.038],[26.89525,62.04011],[26.89557,62.04285],[26.88966,62.04638],[26.88836,62.04939],[26.89249,62.05425],[26.89192,62.05838],[26.88273,62.06522],[26.88583,62.06604],[26.89011,62.06552],[26.89439,62.06325],[26.89699,62.06318],[26.92298,62.05708],[26.92475,62.06074],[26.92352,62.06383],[26.92868,62.07331],[26.90986,62.0937],[26.93396,62.10187],[26.94016,62.10752],[26.9577,62.11259],[26.97141,62.11948],[26.98068,62.12221],[26.99356,62.11991],[27.0006,62.11999],[27.01607,62.10977],[27.0246,62.11168],[27.02948,62.1105],[27.03907,62.11272],[27.03828,62.11712],[27.04046,62.12021],[27.03982,62.12168],[27.04194,62.12252],[27.04362,62.12392],[27.04194,62.12613],[27.04269,62.12782],[27.0515,62.13271],[27.05993,62.13544],[27.107,62.10917],[27.11563,62.10121],[27.12602,62.09509],[27.14299,62.08109],[27.1569,62.08497],[27.17048,62.08479],[27.17296,62.08781],[27.17035,62.09034],[27.16916,62.095],[27.15855,62.10406],[27.15727,62.11069],[27.17375,62.11474],[27.18118,62.11051],[27.18465,62.10989],[27.20279,62.11703],[27.20595,62.11745],[27.20676,62.11798],[27.21203,62.11771],[27.21864,62.11823],[27.22742,62.11756],[27.2343,62.11574],[27.24817,62.12286],[27.25125,62.1256],[27.26211,62.12502],[27.26516,62.12546],[27.26975,62.12654],[27.27705,62.12975],[27.2811,62.13061],[27.29487,62.12734],[27.30886,62.12498],[27.31603,62.12505],[27.31988,62.12384],[27.33392,62.12757],[27.33188,62.12964],[27.33316,62.13279],[27.3295,62.13901],[27.31804,62.14502],[27.31446,62.1497],[27.31731,62.1531],[27.30773,62.16036],[27.30354,62.16274],[27.30161,62.16333],[27.31887,62.16728],[27.32286,62.16686],[27.33238,62.16926],[27.33232,62.17109],[27.34404,62.17405],[27.34684,62.17619],[27.34937,62.17717],[27.36004,62.17829],[27.36141,62.17636],[27.36491,62.178],[27.37145,62.1796],[27.37208,62.18125],[27.37445,62.18251],[27.3737,62.18537],[27.3765,62.18658],[27.37803,62.18997],[27.38404,62.19182],[27.38866,62.19124],[27.39071,62.19182],[27.38966,62.19314],[27.39192,62.19389],[27.39193,62.19537],[27.39029,62.1971],[27.39067,62.19943],[27.39383,62.20148],[27.39683,62.20251],[27.39185,62.20543],[27.3879,62.20937],[27.37758,62.21592],[27.37818,62.21618],[27.38258,62.21586],[27.38654,62.21649],[27.38984,62.21841],[27.39117,62.22335],[27.3958,62.22465],[27.40243,62.22224],[27.40997,62.22334],[27.39851,62.22905],[27.39728,62.23429],[27.38463,62.23811],[27.38053,62.23867],[27.37604,62.24103],[27.36453,62.24375],[27.36488,62.24604],[27.36045,62.25491],[27.36588,62.26445],[27.37604,62.26882],[27.38725,62.27569],[27.38913,62.27927],[27.39165,62.27879],[27.40868,62.29131],[27.42006,62.30373],[27.41866,62.31487],[27.42444,62.32171],[27.42375,62.34532],[27.3971,62.36306],[27.39536,62.36668],[27.40579,62.36721],[27.42697,62.37297],[27.43659,62.3762],[27.44127,62.37925],[27.44647,62.37885],[27.45349,62.37918],[27.45004,62.38237],[27.44378,62.38378],[27.44243,62.38568],[27.44315,62.38661],[27.43995,62.38814],[27.44067,62.38875],[27.43979,62.39057],[27.44025,62.3912],[27.43953,62.39199],[27.43474,62.39414],[27.4373,62.3954],[27.44054,62.39621],[27.44845,62.39617],[27.45643,62.3977],[27.45499,62.40268],[27.45966,62.40688],[27.45779,62.41227],[27.4579,62.41402],[27.45411,62.41694],[27.45338,62.41919],[27.45558,62.42157],[27.45506,62.42494],[27.46051,62.42788],[27.46484,62.42878],[27.47291,62.43243],[27.47274,62.43397],[27.47396,62.43505],[27.47245,62.43879],[27.4685,62.44109],[27.46492,62.44404],[27.45484,62.44993],[27.4513,62.4534],[27.43076,62.46828],[27.4283,62.47119],[27.42726,62.47471],[27.42537,62.47753],[27.42491,62.48021],[27.42276,62.48173],[27.42268,62.48301],[27.42162,62.48361],[27.41765,62.48429],[27.41393,62.48582],[27.40497,62.48751],[27.40176,62.48796],[27.39558,62.48813],[27.38927,62.49055],[27.38663,62.49406],[27.38361,62.49499],[27.37818,62.49787],[27.367,62.50094],[27.35624,62.50511],[27.34245,62.51325],[27.33282,62.51678],[27.32816,62.52037],[27.32515,62.52382],[27.31808,62.52787],[27.31388,62.5256],[27.30758,62.52382],[27.30425,62.52217],[27.30224,62.52359],[27.2973,62.52538],[27.2952,62.52702],[27.30247,62.5289],[27.2986,62.53192],[27.29511,62.53652],[27.28919,62.53713],[27.2812,62.53967],[27.27569,62.54516],[27.27567,62.54725],[27.27401,62.54885],[27.26968,62.55005],[27.26247,62.55477],[27.24976,62.55832],[27.24229,62.56371],[27.24702,62.5673],[27.25575,62.57197],[27.2502,62.57438],[27.26155,62.57878],[27.2661,62.58642],[27.27071,62.58899],[27.26953,62.59186],[27.27128,62.60425],[27.27192,62.60504],[27.27705,62.60749],[27.27751,62.60838],[27.26746,62.61357],[27.25855,62.61751],[27.25456,62.61803],[27.25242,62.62157],[27.24636,62.62487],[27.24569,62.62653],[27.23774,62.63071],[27.23597,62.63444],[27.2297,62.63639],[27.22816,62.63807],[27.22504,62.63897],[27.22324,62.64021],[27.21842,62.63963],[27.21042,62.63975],[27.20483,62.64033],[27.18864,62.64504],[27.18092,62.64819],[27.17643,62.64738],[27.17673,62.65138],[27.17922,62.65679]]}},{"type":"Feature","properties":{"name":"TET_FIN-07_20260802","country":"FI","lengthKm":943.5},"geometry":{"type":"LineString","coordinates":[[27.90617,65.49206],[27.84923,65.48646],[27.80892,65.48363],[27.80038,65.49048],[27.80244,65.49275],[27.80362,65.49929],[27.79172,65.50878],[27.79328,65.51225],[27.79975,65.51309],[27.80539,65.51302],[27.80913,65.51836],[27.81316,65.52114],[27.81047,65.52082],[27.80737,65.51989],[27.803,65.51981],[27.77955,65.52231],[27.7737,65.52152],[27.77089,65.51999],[27.76832,65.52175],[27.76301,65.52026],[27.76092,65.52005],[27.74945,65.52164],[27.74548,65.52187],[27.74024,65.52119],[27.73709,65.52176],[27.72713,65.5217],[27.72215,65.52121],[27.70121,65.52282],[27.69497,65.52477],[27.69298,65.52622],[27.68412,65.52746],[27.67785,65.52969],[27.66855,65.52609],[27.65824,65.52485],[27.65281,65.52256],[27.65187,65.52127],[27.65146,65.51747],[27.64452,65.5133],[27.64641,65.50997],[27.64467,65.50863],[27.64222,65.50795],[27.63343,65.50741],[27.62851,65.50621],[27.61522,65.50605],[27.6048,65.50535],[27.58998,65.50931],[27.58065,65.50881],[27.57532,65.50951],[27.55741,65.50754],[27.54462,65.50896],[27.5399,65.50892],[27.54187,65.51116],[27.53524,65.51166],[27.52803,65.50818],[27.52128,65.51077],[27.51899,65.51262],[27.51752,65.51301],[27.51407,65.51308],[27.51262,65.51457],[27.50604,65.51083],[27.50466,65.51064],[27.49985,65.51188],[27.4918,65.51143],[27.48587,65.50995],[27.48247,65.50861],[27.47692,65.50817],[27.4755,65.51171],[27.47771,65.51379],[27.47676,65.51689],[27.46683,65.51962],[27.4627,65.52396],[27.46002,65.52454],[27.46005,65.52602],[27.46254,65.52851],[27.46191,65.53083],[27.46449,65.53275],[27.46891,65.53404],[27.46948,65.53646],[27.4679,65.53813],[27.4696,65.53989],[27.47206,65.54043],[27.48385,65.54156],[27.49058,65.54963],[27.49569,65.55146],[27.4984,65.55329],[27.50452,65.55534],[27.50445,65.55805],[27.50102,65.55773],[27.49711,65.56417],[27.49846,65.56745],[27.50413,65.5721],[27.50663,65.57737],[27.50508,65.57824],[27.50785,65.57894],[27.5234,65.5775],[27.52556,65.5785],[27.52983,65.57823],[27.53195,65.57952],[27.53171,65.58031],[27.52662,65.58195],[27.52642,65.58292],[27.53163,65.586],[27.52974,65.58856],[27.5343,65.58866],[27.53528,65.5891],[27.52538,65.59285],[27.5207,65.5937],[27.5129,65.5942],[27.50322,65.59412],[27.48484,65.5929],[27.47689,65.59368],[27.46252,65.5984],[27.45337,65.60034],[27.44076,65.60473],[27.43111,65.6108],[27.42507,65.61029],[27.41534,65.61096],[27.39956,65.60926],[27.39621,65.60813],[27.39556,65.60393],[27.40107,65.59579],[27.3993,65.59285],[27.38253,65.5904],[27.37502,65.59474],[27.355,65.59872],[27.34991,65.59863],[27.3365,65.60134],[27.33322,65.60303],[27.31514,65.60711],[27.31152,65.60495],[27.30896,65.60425],[27.30244,65.60132],[27.28557,65.59656],[27.27706,65.59952],[27.26971,65.60058],[27.26252,65.60485],[27.25511,65.61014],[27.24969,65.61102],[27.24726,65.6119],[27.23664,65.61291],[27.21545,65.6111],[27.21145,65.61336],[27.19713,65.61563],[27.19493,65.61776],[27.18755,65.62025],[27.18616,65.62157],[27.1895,65.6252],[27.19234,65.63265],[27.19039,65.63645],[27.19136,65.63921],[27.18386,65.63832],[27.18295,65.63886],[27.18291,65.64034],[27.17738,65.64549],[27.17122,65.64721],[27.1584,65.64933],[27.15627,65.64926],[27.15416,65.6487],[27.15391,65.64654],[27.14899,65.64618],[27.14795,65.64552],[27.14372,65.64639],[27.14054,65.64655],[27.13871,65.646],[27.12959,65.64739],[27.12662,65.64863],[27.12484,65.65078],[27.11998,65.65236],[27.11787,65.64992],[27.1147,65.64883],[27.09602,65.65442],[27.08792,65.65318],[27.05916,65.65989],[27.05425,65.66202],[27.04958,65.6628],[27.04542,65.66504],[27.04369,65.66777],[27.03713,65.67115],[27.03839,65.67237],[27.02965,65.67229],[27.0226,65.6741],[27.01843,65.67402],[27.0084,65.67226],[26.9997,65.66768],[26.99478,65.66685],[26.98911,65.66811],[26.96817,65.66731],[26.96098,65.67245],[26.95146,65.67447],[26.94717,65.67663],[26.94345,65.68043],[26.93873,65.6819],[26.92731,65.68164],[26.92498,65.6776],[26.88876,65.66532],[26.86795,65.66577],[26.83851,65.66089],[26.75423,65.67329],[26.69621,65.66026],[26.67772,65.68865],[26.66679,65.69296],[26.63042,65.69646],[26.60184,65.70904],[26.59302,65.71679],[26.5835,65.74299],[26.59088,65.743],[26.59901,65.74368],[26.61045,65.74544],[26.61396,65.74488],[26.6153,65.74399],[26.61795,65.74403],[26.6206,65.74602],[26.6201,65.74836],[26.62084,65.74936],[26.62298,65.75118],[26.62878,65.75338],[26.62973,65.75438],[26.6304,65.75649],[26.62909,65.75898],[26.6293,65.76281],[26.63397,65.76429],[26.6345,65.7652],[26.63908,65.76559],[26.63946,65.76679],[26.64242,65.7683],[26.64682,65.76861],[26.65064,65.77039],[26.65541,65.77636],[26.65474,65.77964],[26.66335,65.7834],[26.66441,65.79015],[26.67545,65.7923],[26.68246,65.79798],[26.6882,65.79927],[26.69116,65.80145],[26.68543,65.81198],[26.67868,65.81495],[26.67622,65.81808],[26.68375,65.82464],[26.67792,65.82996],[26.67735,65.83452],[26.67956,65.83649],[26.68461,65.83856],[26.69111,65.83938],[26.69521,65.84421],[26.69526,65.84802],[26.69154,65.85136],[26.69545,65.85352],[26.69603,65.85971],[26.68852,65.86615],[26.68858,65.86716],[26.68524,65.87108],[26.69148,65.87865],[26.68903,65.88574],[26.69388,65.88808],[26.68905,65.89367],[26.69466,65.89636],[26.68506,65.89796],[26.67765,65.89979],[26.66165,65.90707],[26.64551,65.9058],[26.63082,65.90771],[26.59324,65.90922],[26.5648,65.92087],[26.54065,65.92583],[26.51839,65.92693],[26.50498,65.93203],[26.50994,65.93431],[26.53157,65.94874],[26.5472,65.95267],[26.56487,65.95932],[26.55616,65.96404],[26.55357,65.96776],[26.54795,65.97152],[26.54083,65.9742],[26.53206,65.9763],[26.53856,65.97981],[26.54898,65.98089],[26.54294,65.98944],[26.55127,65.99609],[26.54374,66.00657],[26.54758,66.00899],[26.54701,66.01444],[26.54479,66.01615],[26.52942,66.0215],[26.50382,66.02585],[26.48388,66.03438],[26.46939,66.05667],[26.4468,66.06545],[26.43488,66.08437],[26.42142,66.08932],[26.38494,66.07968],[26.36006,66.08127],[26.35632,66.0877],[26.27929,66.13275],[26.26283,66.15252],[26.24266,66.16438],[26.22923,66.17809],[26.22387,66.19964],[26.20117,66.20665],[26.16207,66.2429],[26.15432,66.25957],[26.18017,66.26281],[26.19446,66.26191],[26.21023,66.26281],[26.21527,66.26846],[26.22788,66.2655],[26.25319,66.26487],[26.26341,66.26613],[26.26824,66.26963],[26.2777,66.26748],[26.29557,66.26864],[26.31112,66.27098],[26.33498,66.27745],[26.34433,66.28122],[26.352,66.28158],[26.35736,66.2783],[26.36045,66.27848],[26.36985,66.2825],[26.39129,66.28233],[26.39387,66.28306],[26.39854,66.28322],[26.39879,66.28568],[26.39683,66.29101],[26.38948,66.29559],[26.38492,66.30449],[26.39042,66.30547],[26.38979,66.30871],[26.39672,66.31007],[26.39331,66.31339],[26.38779,66.31707],[26.38259,66.31685],[26.36478,66.32074],[26.36278,66.32245],[26.36278,66.33103],[26.36683,66.33491],[26.37086,66.33472],[26.38291,66.33727],[26.38858,66.33732],[26.39589,66.345],[26.40283,66.34715],[26.41186,66.34446],[26.42342,66.34464],[26.42952,66.34715],[26.43036,66.34841],[26.42742,66.35344],[26.43288,66.35398],[26.43803,66.36081],[26.45275,66.36175],[26.46567,66.3671],[26.45907,66.37457],[26.46851,66.38623],[26.52516,66.37884],[26.54996,66.37812],[26.56558,66.3808],[26.58779,66.38171],[26.62243,66.37739],[26.67183,66.36571],[26.68606,66.36427],[26.68623,66.36899],[26.68917,66.3725],[26.68265,66.37515],[26.68216,66.37422],[26.67219,66.37412],[26.66277,66.37682],[26.64612,66.3799],[26.63758,66.38225],[26.62727,66.38398],[26.62673,66.38503],[26.54242,66.39087],[26.54302,66.41786],[26.53426,66.41716],[26.51855,66.42088],[26.51332,66.42492],[26.5079,66.42648],[26.49926,66.42503],[26.44401,66.43083],[26.42356,66.43453],[26.42009,66.43965],[26.41032,66.43884],[26.39991,66.44181],[26.39613,66.45528],[26.37595,66.46054],[26.34726,66.45906],[26.33497,66.46081],[26.3378,66.46714],[26.30533,66.4763],[26.29051,66.47788],[26.28379,66.48148],[26.26571,66.48184],[26.25667,66.48076],[26.25226,66.47878],[26.24995,66.47959],[26.24374,66.48031],[26.22031,66.48884],[26.21211,66.48677],[26.19614,66.48924],[26.1768,66.48717],[26.16934,66.48978],[26.16618,66.4887],[26.14949,66.48979],[26.13949,66.48951],[26.13575,66.48999],[26.13407,66.49126],[26.13226,66.49087],[26.13007,66.49219],[26.12393,66.49333],[26.11771,66.49197],[26.11874,66.48813],[26.12566,66.48354],[26.12566,66.47241],[26.12007,66.47059],[26.10256,66.46908],[26.08786,66.46991],[26.07608,66.46703],[26.0723,66.46191],[26.06314,66.46094],[26.04916,66.46484],[25.99924,66.48665],[25.97885,66.4897],[25.94123,66.50183],[25.87985,66.51791],[25.85463,66.51818],[25.84517,66.51737],[25.82132,66.51917],[25.80019,66.51728],[25.79345,66.51653],[25.78987,66.51572],[25.78494,66.51543],[25.77996,66.51833],[25.78139,66.52207],[25.78508,66.52496],[25.77929,66.53597],[25.77933,66.53818],[25.78238,66.54438],[25.79176,66.55743],[25.79506,66.56086],[25.8012,66.58618],[25.80043,66.58824],[25.79854,66.58989],[25.79238,66.59262],[25.79148,66.59431],[25.79249,66.59567],[25.79605,66.597],[25.81532,66.60148],[25.82901,66.60537],[25.8301,66.60541],[25.83497,66.60373],[25.84055,66.60271],[25.84489,66.60015],[25.84744,66.59951],[25.85437,66.60123],[25.85976,66.60161],[25.86819,66.60326],[25.87574,66.6029],[25.8784,66.60326],[25.87918,66.60367],[25.87898,66.6044],[25.87722,66.60537],[25.88255,66.60715],[25.8919,66.6068],[25.89731,66.60612],[25.90038,66.60925],[25.90276,66.6106],[25.8936,66.61234],[25.88746,66.61627],[25.8863,66.61777],[25.88995,66.62135],[25.89036,66.62307],[25.89394,66.62485],[25.90525,66.63401],[25.89956,66.63727],[25.8989,66.64292],[25.89696,66.64725],[25.9025,66.64805],[25.91117,66.65077],[25.92083,66.6521],[25.92973,66.65231],[25.94254,66.65066],[25.94866,66.65221],[25.96514,66.65405],[25.96614,66.65867],[25.96975,66.66547],[25.96893,66.66937],[25.97026,66.67289],[25.97026,66.67688],[25.97196,66.67933],[25.97084,66.68148],[25.96801,66.68268],[25.9667,66.68521],[25.97048,66.69328],[25.9672,66.69933],[25.96449,66.70255],[25.96569,66.70652],[25.96529,66.70798],[25.97187,66.71467],[25.97406,66.71615],[25.97717,66.72029],[25.98183,66.72459],[25.98204,66.7269],[26.01369,66.72916],[26.0176,66.72879],[26.02577,66.72707],[26.05086,66.7257],[26.05463,66.72617],[26.05762,66.72707],[26.06026,66.7284],[26.06094,66.72946],[26.06054,66.73051],[26.0532,66.73523],[26.05262,66.73688],[26.05459,66.74154],[26.05373,66.74302],[26.04994,66.74514],[26.01938,66.75452],[26.00116,66.75585],[25.99767,66.75638],[25.96127,66.76527],[25.93971,66.77237],[25.93097,66.77668],[25.88941,66.78613],[25.90776,66.80012],[25.90851,66.80254],[25.90703,66.80726],[25.89838,66.80885],[25.88349,66.81582],[25.87692,66.81793],[25.86362,66.82655],[25.85147,66.8319],[25.84901,66.83262],[25.83894,66.83398],[25.83437,66.83561],[25.82306,66.84234],[25.81918,66.84885],[25.81201,66.85524],[25.80504,66.86005],[25.80317,66.86374],[25.80227,66.86421],[25.77699,66.86788],[25.77324,66.86811],[25.76601,66.86771],[25.75532,66.86915],[25.7461,66.87097],[25.73271,66.87552],[25.72541,66.87663],[25.72097,66.8785],[25.71966,66.87968],[25.71228,66.88262],[25.70088,66.88335],[25.69367,66.88275],[25.6929,66.88462],[25.67964,66.88953],[25.67215,66.89481],[25.66868,66.8962],[25.66365,66.90032],[25.66258,66.90543],[25.66601,66.90959],[25.67134,66.91337],[25.67305,66.91391],[25.6794,66.91414],[25.68494,66.91594],[25.6891,66.91839],[25.69355,66.91942],[25.69797,66.92206],[25.70975,66.92416],[25.71112,66.92603],[25.7135,66.92764],[25.71387,66.92994],[25.71256,66.93363],[25.71481,66.93577],[25.732,66.93504],[25.74796,66.9391],[25.7541,66.94129],[25.78706,66.9438],[25.79916,66.94648],[25.80489,66.94897],[25.81045,66.95073],[25.81787,66.95122],[25.826,66.95392],[25.83083,66.9562],[25.83613,66.96341],[25.84559,66.96615],[25.84905,66.9694],[25.85283,66.975],[25.8548,66.97551],[25.87297,66.97753],[25.87735,66.98798],[25.88003,66.99064],[25.88091,66.99405],[25.88536,66.99725],[25.88632,67.00025],[25.88988,67.0004],[25.89613,66.99811],[25.90838,66.99577],[25.91349,66.99579],[25.92241,66.99967],[25.93097,67.00143],[25.93138,67.006],[25.93181,67.00692],[25.93316,67.00757],[25.94853,67.01184],[25.95649,67.0119],[25.95812,67.0131],[25.96065,67.01398],[25.96496,67.01519],[25.96876,67.01559],[25.96709,67.0171],[25.96344,67.02853],[25.96067,67.03083],[25.9566,67.03308],[25.93072,67.04351],[25.92952,67.04473],[25.9313,67.04767],[25.92958,67.04896],[25.91529,67.05473],[25.91338,67.05493],[25.90782,67.05439],[25.90237,67.05542],[25.89647,67.05894],[25.89248,67.0631],[25.8952,67.07014],[25.89383,67.07411],[25.89235,67.07535],[25.88913,67.07655],[25.88085,67.07784],[25.87315,67.08194],[25.87154,67.084],[25.87383,67.08724],[25.87379,67.08859],[25.86907,67.09256],[25.86377,67.09409],[25.86094,67.0943],[25.8572,67.0943],[25.84868,67.09338],[25.84598,67.09348],[25.84345,67.09404],[25.83066,67.09868],[25.81903,67.10138],[25.80594,67.10269],[25.78562,67.10666],[25.77554,67.1078],[25.77206,67.10883],[25.76554,67.1099],[25.76217,67.1137],[25.7564,67.11713],[25.74807,67.11943],[25.74513,67.1211],[25.74416,67.12503],[25.74255,67.1273],[25.74266,67.12971],[25.73985,67.13299],[25.74022,67.13518],[25.73886,67.1375],[25.7359,67.1396],[25.73155,67.14007],[25.73118,67.14187],[25.72696,67.14376],[25.72262,67.14509],[25.71365,67.14614],[25.69621,67.14601],[25.69103,67.14668],[25.67683,67.15299],[25.65325,67.16136],[25.58274,67.17262],[25.56134,67.16475],[25.55894,67.16408],[25.55373,67.16402],[25.54538,67.16713],[25.54347,67.16902],[25.53476,67.17371],[25.53223,67.17702],[25.52199,67.18372],[25.51457,67.18562],[25.51165,67.18698],[25.50811,67.19075],[25.50384,67.20041],[25.50792,67.20745],[25.50764,67.20884],[25.50285,67.21496],[25.49092,67.21996],[25.48835,67.2224],[25.48785,67.22453],[25.48987,67.22875],[25.49189,67.23056],[25.4974,67.23195],[25.50723,67.23242],[25.51558,67.23139],[25.51897,67.23221],[25.5203,67.23367],[25.52133,67.23777],[25.52324,67.23972],[25.53195,67.24607],[25.54463,67.24968],[25.54555,67.2539],[25.55441,67.26109],[25.53781,67.26457],[25.53199,67.26766],[25.5315,67.27334],[25.52457,67.27708],[25.50809,67.29317],[25.49096,67.30238],[25.48933,67.30409],[25.48684,67.31014],[25.4853,67.31177],[25.4686,67.32104],[25.46219,67.32201],[25.41153,67.321],[25.40636,67.32109],[25.40292,67.32154],[25.39818,67.32306],[25.39657,67.32403],[25.38189,67.33542],[25.37863,67.33724],[25.37514,67.33847],[25.36844,67.33978],[25.35784,67.34021],[25.35687,67.34295],[25.35237,67.34647],[25.35612,67.35231],[25.36202,67.35471],[25.36235,67.35536],[25.35312,67.36507],[25.34741,67.3663],[25.33658,67.37108],[25.33939,67.37213],[25.36037,67.37763],[25.36348,67.37894],[25.36404,67.38061],[25.35823,67.38988],[25.35715,67.40254],[25.35842,67.40381],[25.37095,67.41048],[25.37578,67.41522],[25.39651,67.42655],[25.3978,67.42786],[25.39799,67.42923],[25.39681,67.4308],[25.38816,67.43698],[25.37292,67.44142],[25.37179,67.44209],[25.37318,67.44923],[25.37026,67.45129],[25.36593,67.45241],[25.36522,67.45354],[25.36698,67.45659],[25.36904,67.46451],[25.36069,67.46717],[25.3584,67.46887],[25.35351,67.47005],[25.35158,67.47097],[25.34919,67.47758],[25.3446,67.48073],[25.34102,67.48163],[25.33692,67.48328],[25.32621,67.48446],[25.31548,67.48631],[25.3128,67.48805],[25.31233,67.48901],[25.31467,67.49301],[25.30928,67.49704],[25.30666,67.50077],[25.3161,67.5009],[25.33737,67.49979],[25.34589,67.4961],[25.35949,67.49277],[25.36297,67.49069],[25.3717,67.48672],[25.38938,67.48271],[25.39436,67.48219],[25.39777,67.48236],[25.40288,67.4829],[25.41099,67.48539],[25.41702,67.48869],[25.43075,67.49234],[25.44453,67.49723],[25.44807,67.50026],[25.44075,67.5068],[25.44009,67.50861],[25.45691,67.51099],[25.46146,67.512],[25.46843,67.51217],[25.47266,67.51275],[25.48991,67.51633],[25.49766,67.51519],[25.50635,67.51547],[25.50729,67.51869],[25.50684,67.52019],[25.50526,67.52206],[25.49534,67.5288],[25.49403,67.5318],[25.49575,67.53523],[25.50152,67.53897],[25.50395,67.54122],[25.50487,67.54324],[25.50461,67.54536],[25.50025,67.55234],[25.49236,67.55637],[25.49047,67.56504],[25.48519,67.56918],[25.46281,67.58266],[25.45468,67.58448],[25.44644,67.58568],[25.44159,67.58854],[25.442,67.59186],[25.43756,67.59517],[25.43687,67.59628],[25.43897,67.59886],[25.43811,67.60291],[25.43346,67.60594],[25.43393,67.60849],[25.4368,67.61256],[25.46831,67.61022],[25.47022,67.61114],[25.47237,67.61157],[25.48329,67.61263],[25.48889,67.61463],[25.51176,67.61615],[25.53793,67.6278],[25.53995,67.63012],[25.54239,67.64],[25.54573,67.64521],[25.54583,67.64949],[25.54511,67.65167],[25.54137,67.65502],[25.54111,67.66111],[25.5367,67.66488],[25.53746,67.66628],[25.5484,67.67532],[25.54727,67.68045],[25.54794,67.68213],[25.54982,67.68341],[25.56088,67.68849],[25.5845,67.69554],[25.58728,67.69689],[25.60893,67.71743],[25.60615,67.72746],[25.61114,67.72787],[25.62925,67.73073],[25.63106,67.73195],[25.63135,67.73405],[25.63439,67.73662],[25.63588,67.73968],[25.64207,67.74268],[25.6541,67.74614],[25.65917,67.75056],[25.66599,67.75379],[25.66595,67.75479],[25.66189,67.75884],[25.66181,67.76004],[25.646,67.76738],[25.64211,67.77127],[25.64265,67.77341],[25.64063,67.77592],[25.615,67.78476],[25.61221,67.78655],[25.60884,67.79023],[25.631,67.79026],[25.63934,67.79099],[25.68501,67.80082],[25.68869,67.80209],[25.69155,67.80403],[25.69341,67.80979],[25.69493,67.81172],[25.692,67.8131],[25.69331,67.81477],[25.69302,67.8159],[25.6891,67.81946],[25.67346,67.83073],[25.6736,67.83245],[25.67554,67.83404],[25.68443,67.83588],[25.68594,67.83716],[25.68477,67.83823],[25.68559,67.84002],[25.68804,67.84195],[25.68514,67.84388],[25.68757,67.85028],[25.68489,67.85338],[25.68204,67.85529],[25.67886,67.86007],[25.67964,67.86219],[25.67891,67.8638],[25.67967,67.86727],[25.68795,67.87052],[25.69224,67.87067],[25.69846,67.87151],[25.70184,67.87124],[25.7084,67.87304],[25.70887,67.87439],[25.70978,67.8747],[25.71311,67.87496],[25.71832,67.87414],[25.721,67.87442],[25.73389,67.87919],[25.73659,67.87957],[25.75221,67.87991],[25.7561,67.87958],[25.76284,67.87662],[25.7677,67.87572],[25.7786,67.87458],[25.78695,67.87171],[25.79794,67.87168],[25.79953,67.87188],[25.80077,67.87277],[25.80277,67.87546],[25.80419,67.87609],[25.80393,67.87702],[25.80743,67.8781],[25.8102,67.87808],[25.81678,67.87724],[25.82686,67.87931],[25.83275,67.87742],[25.83598,67.87672],[25.83833,67.87666],[25.8471,67.87765],[25.85284,67.87887],[25.86029,67.88115],[25.86284,67.88237],[25.86877,67.88332],[25.87309,67.89846],[25.8639,67.90846],[25.86483,67.91105],[25.85753,67.9151],[25.85611,67.91792],[25.85187,67.92194],[25.84003,67.92542],[25.8368,67.92544],[25.82761,67.92456],[25.81885,67.92499],[25.81399,67.92435],[25.79064,67.92479],[25.78062,67.92533],[25.77611,67.92618],[25.7694,67.92673],[25.76123,67.92867],[25.75199,67.92805],[25.73905,67.9293],[25.73379,67.93074],[25.73006,67.93023],[25.72814,67.92902],[25.72563,67.92875],[25.70955,67.93006],[25.70783,67.93087],[25.7033,67.93047],[25.70166,67.93068],[25.68983,67.93454],[25.68872,67.93536],[25.68527,67.94176],[25.67291,67.94653],[25.66313,67.95732],[25.65881,67.96039],[25.65874,67.96826],[25.65348,67.97219],[25.65223,67.97459],[25.64813,67.97645],[25.64717,67.97804],[25.64102,67.97934],[25.65927,67.98432],[25.66734,67.98788],[25.67467,67.98938],[25.71683,68.00318],[25.71972,68.00537],[25.72213,68.01377],[25.72746,68.01722],[25.73198,68.02213],[25.73008,68.02407],[25.71446,68.03242],[25.70951,68.03324],[25.66543,68.03795],[25.66176,68.03881],[25.66036,68.0398],[25.66039,68.0436],[25.65602,68.0496],[25.65395,68.06075],[25.64175,68.06839],[25.63979,68.07079],[25.64071,68.09679],[25.6416,68.09787],[25.64755,68.10136],[25.64947,68.10457],[25.64609,68.11723],[25.63743,68.13022],[25.76197,68.15718],[25.7828,68.1723],[25.789,68.19177],[25.78501,68.20291],[25.78795,68.20929],[25.81191,68.22159],[25.84428,68.24746],[25.86194,68.27459],[25.89137,68.29831],[25.88884,68.31771],[25.87623,68.32993],[25.89221,68.34861],[25.89935,68.40377],[25.90061,68.4203],[25.92962,68.4424],[26.02673,68.47564],[26.05072,68.47599],[26.06963,68.48219],[26.1911,68.56565],[26.24238,68.58793],[26.29241,68.62655],[26.30376,68.64236],[26.31259,68.66841],[26.36934,68.70938],[26.38027,68.72249],[26.40843,68.73148],[26.41726,68.74477],[26.49577,68.76287],[26.51206,68.76831],[26.53581,68.7772],[26.5501,68.78681],[26.58468,68.80118],[26.59351,68.80397],[26.6284,68.81169],[26.64952,68.8205],[26.66581,68.82355],[26.68662,68.83051],[26.70228,68.83334],[26.73108,68.83379],[26.75325,68.83267],[26.78436,68.82966],[26.79434,68.83168],[26.80286,68.83487],[26.80832,68.83846],[26.80853,68.84134],[26.80517,68.85005],[26.80727,68.85243],[26.81232,68.85495],[26.83439,68.85989],[26.85341,68.86564],[26.8739,68.87031],[26.8924,68.87624],[26.91384,68.87938],[26.97238,68.89591],[26.99854,68.89982],[27.00538,68.90454],[27.01546,68.90692],[27.01137,68.91064],[26.97679,68.91815],[26.95651,68.92713],[26.92351,68.9256],[26.89639,68.92632],[26.85645,68.93108],[26.81189,68.94249],[26.78247,68.93557],[26.76691,68.93135],[26.76019,68.9238],[26.74905,68.9238],[26.73728,68.92892],[26.72908,68.93737],[26.6862,68.95084],[26.66182,68.9494],[26.64942,68.95174],[26.61663,68.94896],[26.54411,68.94653],[26.51595,68.94015],[26.49072,68.93746],[26.44637,68.94195],[26.36167,68.93656],[26.2963,68.9265],[26.25321,68.91742],[26.23492,68.91015],[26.08506,68.89658],[26.05773,68.89083],[26.02767,68.89281],[25.92132,68.88841],[25.88433,68.89344],[25.85448,68.90143],[25.84439,68.90359],[25.80908,68.90799],[25.7704,68.9088],[25.71113,68.90098],[25.69894,68.90485],[25.68107,68.90817],[25.66236,68.9088],[25.66279,68.91284],[25.7147,68.95138],[25.72017,68.95785],[25.72017,68.96683],[25.72332,68.97519],[25.72984,68.98165],[25.73404,68.98821],[25.76073,68.99935],[25.76935,69.00438],[25.78175,69.02262],[25.76662,69.03304],[25.75632,69.04822],[25.76767,69.05855],[25.73656,69.07193],[25.73152,69.07714],[25.7353,69.08083],[25.73005,69.09475],[25.73551,69.10427],[25.72942,69.11236],[25.73509,69.11568],[25.73467,69.11919],[25.73993,69.12206],[25.73887,69.12853],[25.73929,69.13212],[25.75212,69.13643],[25.75422,69.14353],[25.75317,69.14488],[25.74518,69.14753],[25.74245,69.14959],[25.73435,69.15193],[25.73551,69.15889],[25.72868,69.16594],[25.72742,69.16927],[25.71302,69.1871],[25.70062,69.19676],[25.69925,69.20282],[25.70272,69.20453],[25.70829,69.20502],[25.71376,69.20722],[25.71733,69.21225],[25.72027,69.22101],[25.71912,69.22573],[25.71081,69.2308],[25.71291,69.23327],[25.70787,69.25079],[25.72511,69.256],[25.73047,69.25829],[25.73236,69.26152],[25.73509,69.26215],[25.7414,69.26188],[25.74371,69.26265],[25.74718,69.27154],[25.74171,69.28165],[25.75191,69.28825],[25.75064,69.29103],[25.74213,69.29517],[25.75401,69.30163],[25.75443,69.3046],[25.7498,69.30734],[25.74791,69.30963],[25.74844,69.31596],[25.76063,69.32243],[25.77219,69.33294],[25.76588,69.33743],[25.77902,69.34049],[25.78575,69.34417],[25.7868,69.34745],[25.78459,69.35198],[25.78648,69.35396],[25.80498,69.35666],[25.81748,69.35904],[25.82001,69.36065],[25.81822,69.36654],[25.82106,69.36977],[25.82158,69.37606],[25.83104,69.37862],[25.83598,69.38172],[25.85143,69.38612],[25.8612,69.38567],[25.86772,69.38616],[25.87203,69.38841],[25.87024,69.39043],[25.86299,69.39196],[25.85481,69.39521],[25.85669,69.39641],[25.85605,69.39789],[25.85006,69.3991],[25.83928,69.40474],[25.83636,69.40886],[25.82354,69.41838],[25.82088,69.43337],[25.83177,69.44652],[25.83574,69.46085],[25.86679,69.47425],[25.86958,69.48211],[25.85752,69.48789],[25.85663,69.49475],[25.86061,69.49934],[25.86149,69.50795],[25.88444,69.52191],[25.87738,69.54662],[25.88017,69.55147],[25.90147,69.55912],[25.91858,69.56675],[25.93844,69.57171],[25.94388,69.57429],[25.94971,69.57569],[25.95624,69.58039],[25.95742,69.58398],[25.9661,69.58769],[25.98502,69.61621],[25.96808,69.6243],[25.9685,69.63724],[25.95063,69.65233],[25.91973,69.65781],[25.91238,69.66113],[25.9128,69.66877],[25.917,69.67209],[25.93234,69.67533],[25.96682,69.7012],[25.99763,69.71457],[26.03912,69.71925],[26.05636,69.71889],[26.13005,69.73344],[26.13518,69.7365],[26.14905,69.74],[26.16187,69.7515],[26.16608,69.75366],[26.18815,69.75968],[26.19664,69.76575],[26.20727,69.76884],[26.22518,69.77895],[26.23386,69.7877],[26.24763,69.79397],[26.25217,69.80105],[26.24931,69.81109],[26.25196,69.81448],[26.25608,69.81643],[26.28963,69.82436],[26.31945,69.83231],[26.32305,69.83307],[26.33004,69.8338],[26.33477,69.83541],[26.34215,69.83706],[26.35356,69.84153],[26.37809,69.84956],[26.38789,69.85483],[26.40378,69.86627],[26.41732,69.87092],[26.42585,69.8791],[26.42158,69.88878],[26.41511,69.89576],[26.42055,69.90104],[26.45954,69.92085],[26.46322,69.935],[26.4797,69.93877],[26.51398,69.94368],[26.52546,69.9438],[26.57019,69.94903],[26.5869,69.95168],[26.59688,69.95447],[26.62803,69.95865],[26.651,69.96009],[26.67055,69.95981],[26.68148,69.95721],[26.69767,69.94741],[26.7169,69.94342],[26.72468,69.94405],[26.74906,69.94894],[26.76346,69.95271],[26.78689,69.95689],[26.80571,69.95721],[26.8263,69.95649],[26.83965,69.95694],[26.84964,69.95276],[26.84995,69.94638],[26.85457,69.94238],[26.86813,69.9334],[26.88547,69.93178],[26.89787,69.93187],[26.92898,69.93628],[26.94191,69.93717],[26.9541,69.93551],[26.97932,69.92729],[26.99887,69.9232],[27.00497,69.91862],[27.01106,69.91678],[27.01464,69.91397],[27.02668,69.91154],[27.02763,69.91049],[27.02725,69.90915],[27.02971,69.90877],[27.0329,69.90903],[27.0485,69.90874],[27.05215,69.90907],[27.05972,69.91125],[27.07088,69.91284],[27.08984,69.91388],[27.12263,69.92403],[27.14449,69.92978],[27.21448,69.94209],[27.23866,69.94361],[27.26178,69.949],[27.28784,69.95107],[27.29856,69.95377],[27.3097,69.95745],[27.31601,69.96257],[27.30108,69.97362],[27.29898,69.97685],[27.30297,69.97991],[27.31895,69.98521],[27.34859,69.98772],[27.37423,69.99464],[27.40702,70.01225],[27.42446,70.01674],[27.44738,70.01862],[27.51464,70.01961],[27.52977,70.02303],[27.54112,70.02842],[27.54827,70.04521],[27.58127,70.06471],[27.61069,70.06947],[27.64243,70.06956],[27.66391,70.07205],[27.6636,70.07355],[27.66118,70.07399],[27.66772,70.07577],[27.68884,70.07504],[27.69471,70.07426],[27.70612,70.07178],[27.70915,70.07162],[27.71009,70.07097],[27.71003,70.06828],[27.71173,70.06696],[27.72195,70.06386],[27.73532,70.06175],[27.75114,70.06132],[27.76325,70.06283],[27.78444,70.06806],[27.79283,70.06954],[27.80613,70.07337],[27.8142,70.07515],[27.82353,70.07644],[27.83955,70.07779],[27.86194,70.08102],[27.87338,70.081],[27.87417,70.07925],[27.8806,70.07871],[27.88193,70.07817],[27.88101,70.07723],[27.87477,70.07626],[27.87162,70.07533],[27.87035,70.07388],[27.87061,70.07329],[27.88094,70.06786],[27.88434,70.05996],[27.881,70.06829],[27.87141,70.07279],[27.87035,70.07401],[27.87115,70.07524],[27.8747,70.07625],[27.88104,70.07724],[27.88202,70.07821],[27.88006,70.07883],[27.87407,70.07932],[27.87357,70.08102],[27.9022,70.0826],[27.95523,70.08959],[27.97005,70.08541]]}},{"type":"Feature","properties":{"name":"TET_FIN-08_20260802","country":"FI","lengthKm":394.2},"geometry":{"type":"LineString","coordinates":[[26.7844,64.34353],[26.76714,64.34985],[26.75098,64.35363],[26.74031,64.35927],[26.7319,64.39529],[26.73842,64.40428],[26.7319,64.41416],[26.72386,64.41907],[26.7235,64.42718],[26.70794,64.4465],[26.71236,64.44982],[26.73611,64.45229],[26.75891,64.46262],[26.75559,64.46905],[26.74971,64.47533],[26.72455,64.48565],[26.69754,64.50004],[26.67042,64.50902],[26.66702,64.50909],[26.65806,64.51035],[26.65567,64.51008],[26.65024,64.51082],[26.64545,64.51224],[26.64268,64.51168],[26.64062,64.51179],[26.62605,64.5169],[26.61045,64.52476],[26.59589,64.52941],[26.56837,64.53419],[26.56543,64.53545],[26.5519,64.53721],[26.54307,64.5374],[26.5287,64.53675],[26.52068,64.53718],[26.51832,64.53605],[26.51244,64.53611],[26.50317,64.53913],[26.49081,64.53523],[26.47992,64.52989],[26.42828,64.53165],[26.42386,64.53026],[26.42843,64.52737],[26.3883,64.5119],[26.36587,64.53405],[26.33162,64.52123],[26.31925,64.52772],[26.31147,64.54164],[26.30664,64.55673],[26.30075,64.56374],[26.29129,64.57111],[26.27847,64.56778],[26.23643,64.56239],[26.20049,64.56212],[26.11411,64.57141],[26.11514,64.57231],[26.11516,64.57631],[26.11396,64.57732],[26.12233,64.58223],[26.12607,64.58194],[26.12821,64.58303],[26.13389,64.5844],[26.13746,64.58656],[26.13683,64.58954],[26.12918,64.59232],[26.12191,64.59369],[26.11371,64.598],[26.10816,64.59865],[26.10005,64.60193],[26.09315,64.60256],[26.06806,64.60822],[26.06511,64.60997],[26.05036,64.6134],[26.0504,64.61394],[26.05309,64.61561],[26.05212,64.61715],[26.03787,64.62206],[26.03838,64.62364],[26.03388,64.6247],[26.03245,64.62599],[26.02867,64.62741],[26.02673,64.62779],[26.02034,64.62795],[26.01059,64.63077],[26.00815,64.63079],[26.00201,64.63188],[26.00084,64.63377],[25.99953,64.63413],[25.99289,64.63469],[25.98865,64.63551],[25.98558,64.6355],[25.97982,64.63692],[25.97738,64.63835],[25.96733,64.63821],[25.95876,64.63904],[25.95712,64.63966],[25.95632,64.6409],[25.95855,64.64247],[25.96056,64.6462],[25.95699,64.64777],[25.94728,64.6498],[25.93845,64.64937],[25.92904,64.65167],[25.91848,64.6522],[25.91428,64.65377],[25.91336,64.65528],[25.90865,64.65636],[25.90554,64.65605],[25.90146,64.65661],[25.8994,64.6583],[25.89641,64.65909],[25.89486,64.65916],[25.87619,64.65274],[25.86035,64.65252],[25.85267,64.64969],[25.8491,64.64946],[25.82724,64.64107],[25.82297,64.64311],[25.80884,64.64675],[25.78295,64.65883],[25.76617,64.66166],[25.75175,64.66524],[25.73954,64.67272],[25.71762,64.67989],[25.71762,64.68291],[25.72483,64.68662],[25.72571,64.69046],[25.7082,64.72347],[25.66921,64.75183],[25.68746,64.75617],[25.71688,64.75416],[25.74881,64.74164],[25.77,64.73793],[25.7931,64.73252],[25.80369,64.73466],[25.82208,64.73171],[25.84253,64.73133],[25.8546,64.74045],[25.8529,64.74181],[25.85464,64.74264],[25.8683,64.74573],[25.87314,64.7461],[25.88011,64.74994],[25.89357,64.75488],[25.9014,64.75476],[25.91606,64.75539],[25.9271,64.75728],[25.93906,64.75799],[25.94394,64.75932],[25.95142,64.76406],[25.95725,64.76646],[25.96571,64.76578],[25.98182,64.76658],[25.99253,64.76783],[26.00408,64.76989],[26.00993,64.77048],[26.02223,64.73541],[26.02801,64.73473],[26.04346,64.72394],[26.04321,64.72297],[26.04502,64.72296],[26.04649,64.72357],[26.0615,64.72534],[26.0757,64.72766],[26.08617,64.73038],[26.08735,64.73226],[26.08592,64.73503],[26.08806,64.73623],[26.08853,64.73778],[26.09517,64.73921],[26.09836,64.74168],[26.09769,64.74387],[26.0988,64.74455],[26.10795,64.74731],[26.12607,64.75183],[26.13616,64.75224],[26.13206,64.74981],[26.13521,64.74752],[26.15224,64.74267],[26.16832,64.72138],[26.17956,64.71347],[26.18125,64.71478],[26.19806,64.719],[26.20657,64.72003],[26.22003,64.72367],[26.22391,64.7256],[26.22171,64.72866],[26.22307,64.73162],[26.22181,64.7371],[26.22307,64.74307],[26.21132,64.74659],[26.21499,64.75311],[26.24472,64.75318],[26.27468,64.74469],[26.28308,64.74631],[26.302,64.74195],[26.30891,64.74335],[26.31616,64.74175],[26.32285,64.74316],[26.32997,64.74313],[26.3329,64.74354],[26.34467,64.74955],[26.35804,64.76161],[26.36597,64.7646],[26.36165,64.76548],[26.34426,64.76772],[26.3313,64.77452],[26.33079,64.77712],[26.32325,64.77836],[26.32433,64.77877],[26.32847,64.77802],[26.33752,64.77807],[26.3432,64.77868],[26.34838,64.77842],[26.34606,64.77509],[26.38601,64.76849],[26.38802,64.76847],[26.40445,64.77163],[26.41034,64.77055],[26.41388,64.76608],[26.42069,64.76247],[26.42454,64.7635],[26.42728,64.76183],[26.4293,64.76146],[26.4323,64.75863],[26.43675,64.75604],[26.4475,64.75305],[26.47545,64.74189],[26.48097,64.74096],[26.48154,64.73968],[26.47997,64.73855],[26.48303,64.73654],[26.49185,64.73703],[26.51612,64.74454],[26.58715,64.75641],[26.61206,64.75179],[26.62005,64.75431],[26.63897,64.75135],[26.65452,64.75521],[26.67678,64.76717],[26.67803,64.77426],[26.66205,64.77893],[26.64713,64.77749],[26.62884,64.78225],[26.6427,64.78791],[26.63723,64.79806],[26.61452,64.80264],[26.60821,64.80255],[26.59981,64.79994],[26.59012,64.80022],[26.58586,64.79745],[26.56847,64.80091],[26.54259,64.8031],[26.53353,64.80443],[26.53347,64.80508],[26.53655,64.80643],[26.53617,64.80915],[26.53314,64.81068],[26.52709,64.81109],[26.53672,64.81429],[26.55466,64.81618],[26.56499,64.8153],[26.58011,64.8171],[26.624,64.82553],[26.64659,64.83222],[26.67724,64.83386],[26.68889,64.82646],[26.7015,64.82535],[26.70413,64.826],[26.70711,64.82807],[26.72347,64.8344],[26.73819,64.8358],[26.75332,64.8348],[26.76448,64.83173],[26.77111,64.83141],[26.77546,64.83167],[26.78983,64.8347],[26.80923,64.83394],[26.81685,64.83435],[26.82971,64.83341],[26.83774,64.83485],[26.8415,64.83489],[26.84904,64.83635],[26.85881,64.83599],[26.87094,64.83395],[26.87518,64.83263],[26.89227,64.8304],[26.89654,64.8304],[26.90466,64.82924],[26.90655,64.82822],[26.9081,64.8258],[26.91005,64.82503],[26.92561,64.82159],[26.92819,64.81916],[26.93018,64.81857],[26.94681,64.82095],[26.95209,64.82367],[26.95495,64.82457],[26.95964,64.82508],[26.9854,64.82638],[26.99357,64.82951],[26.99775,64.83004],[27.00056,64.82942],[27.00337,64.82785],[27.00922,64.82691],[27.01427,64.82527],[27.01979,64.81924],[27.02179,64.81899],[27.02678,64.81743],[27.02915,64.81776],[27.03104,64.81746],[27.03864,64.81324],[27.0506,64.80998],[27.05244,64.80985],[27.05704,64.8109],[27.06,64.81116],[27.07457,64.81038],[27.08982,64.80755],[27.10061,64.80708],[27.11826,64.80398],[27.1232,64.80274],[27.12872,64.80234],[27.1351,64.80131],[27.13997,64.80126],[27.1521,64.79924],[27.15902,64.7964],[27.16107,64.79611],[27.16809,64.79641],[27.17408,64.79547],[27.18093,64.79351],[27.19071,64.79235],[27.19836,64.79191],[27.20192,64.79086],[27.21153,64.78977],[27.21391,64.78874],[27.21361,64.78727],[27.21483,64.78696],[27.22292,64.78625],[27.2492,64.78674],[27.25616,64.78531],[27.25813,64.784],[27.26188,64.7831],[27.26628,64.78383],[27.27277,64.78326],[27.27689,64.78358],[27.28068,64.7862],[27.29689,64.79035],[27.29903,64.79346],[27.30274,64.7953],[27.29622,64.79786],[27.29496,64.7989],[27.29148,64.79959],[27.28719,64.80215],[27.28653,64.80264],[27.28678,64.80465],[27.28502,64.80558],[27.28511,64.80728],[27.28712,64.80808],[27.29532,64.80891],[27.298,64.81018],[27.30627,64.81079],[27.31218,64.81209],[27.31634,64.814],[27.32087,64.81446],[27.32171,64.81493],[27.32219,64.81778],[27.31982,64.82164],[27.32056,64.82327],[27.32347,64.82582],[27.32363,64.83177],[27.32587,64.83522],[27.325,64.83692],[27.32677,64.84005],[27.32802,64.84061],[27.33103,64.84099],[27.33256,64.84174],[27.33147,64.845],[27.34019,64.84557],[27.34646,64.84674],[27.3576,64.84785],[27.36429,64.84715],[27.36823,64.84636],[27.37042,64.84535],[27.37486,64.84559],[27.37964,64.84687],[27.38055,64.84802],[27.38483,64.8497],[27.38913,64.85333],[27.39158,64.85359],[27.3958,64.85312],[27.40592,64.85351],[27.41359,64.85292],[27.42002,64.85302],[27.4221,64.85266],[27.42311,64.85028],[27.4227,64.8474],[27.42152,64.84585],[27.41876,64.84422],[27.4188,64.84312],[27.4211,64.84005],[27.42691,64.83896],[27.43089,64.83849],[27.43486,64.83941],[27.43665,64.83941],[27.44476,64.83863],[27.45618,64.84034],[27.46736,64.83983],[27.48114,64.84032],[27.48372,64.84006],[27.49529,64.84398],[27.5076,64.85095],[27.52634,64.85712],[27.53237,64.85826],[27.54293,64.8579],[27.5502,64.85881],[27.57243,64.86563],[27.60519,64.86997],[27.62149,64.8746],[27.62721,64.87672],[27.63674,64.87529],[27.65458,64.87171],[27.6599,64.87145],[27.66209,64.87009],[27.67148,64.86815],[27.67678,64.86744],[27.68531,64.86846],[27.68846,64.86935],[27.68879,64.87028],[27.69351,64.87076],[27.70087,64.87235],[27.7211,64.87481],[27.72584,64.87483],[27.72892,64.87446],[27.74155,64.87901],[27.74226,64.8804],[27.74166,64.88189],[27.74795,64.88194],[27.75523,64.88294],[27.76143,64.8829],[27.77331,64.88146],[27.78037,64.87661],[27.78593,64.87482],[27.78426,64.87408],[27.7847,64.87263],[27.79332,64.87076],[27.79706,64.86935],[27.81285,64.87091],[27.81966,64.87258],[27.82713,64.87184],[27.8326,64.87078],[27.83488,64.86886],[27.83626,64.86637],[27.83365,64.86363],[27.83086,64.86212],[27.82901,64.85938],[27.83112,64.85773],[27.83067,64.8539],[27.833,64.85195],[27.84611,64.85611],[27.851,64.85648],[27.8755,64.85122],[27.88289,64.85037],[27.88927,64.84794],[27.89595,64.8418],[27.91482,64.83486],[27.93965,64.84334],[27.95291,64.85136],[27.98531,64.85843],[27.99152,64.86618],[27.98763,64.87189],[27.98905,64.87598],[27.98132,64.88358],[27.98816,64.8896],[28.02053,64.89796],[28.02978,64.89831],[28.03755,64.89984],[28.0901,64.90281],[28.09979,64.90471],[28.10559,64.90525],[28.11108,64.90695],[28.11663,64.90757],[28.12974,64.90611],[28.13252,64.90956],[28.14179,64.91366],[28.15574,64.90931],[28.15772,64.90957],[28.16232,64.90871],[28.17525,64.9086],[28.17971,64.90783],[28.18578,64.90765],[28.19133,64.90623],[28.19473,64.90582],[28.20375,64.90614],[28.20722,64.90528],[28.21088,64.90547],[28.22109,64.90396],[28.22317,64.90326],[28.2257,64.90124],[28.22973,64.90072],[28.23339,64.90094],[28.23837,64.89843],[28.24335,64.89674],[28.25344,64.8948],[28.25603,64.8931],[28.25603,64.89083],[28.26082,64.88644],[28.26157,64.8831],[28.26656,64.88186],[28.27122,64.87814],[28.28245,64.87469],[28.28919,64.86717],[28.2938,64.86461],[28.30893,64.86294],[28.31044,64.85922],[28.31442,64.85769],[28.31561,64.85474],[28.32627,64.85668],[28.32949,64.8566],[28.33819,64.86258],[28.33693,64.86447],[28.33523,64.86479],[28.33245,64.86433],[28.32924,64.86519],[28.3276,64.86832],[28.32602,64.88026],[28.33623,64.88441],[28.34405,64.88465],[28.34639,64.88578],[28.34563,64.89503],[28.34935,64.9009],[28.35616,64.90414],[28.35622,64.90715],[28.3595,64.90998],[28.36341,64.91087],[28.37483,64.9164],[28.33047,64.93127],[28.33653,64.93406],[28.36039,64.93607],[28.39218,64.94392],[28.40517,64.94294],[28.44903,64.92905],[28.469,64.92789],[28.49023,64.93211],[28.52134,64.93103],[28.53963,64.92735],[28.56548,64.92887],[28.5638,64.93354],[28.57494,64.93579],[28.58482,64.93516],[28.58816,64.94097],[28.58608,64.94957],[28.5881,64.95143],[28.62505,64.95857],[28.62736,64.95842],[28.63007,64.9619],[28.6546,64.96023],[28.65681,64.95971],[28.65857,64.95842],[28.66027,64.95834],[28.66746,64.96319],[28.67085,64.97111],[28.6966,64.96979],[28.7066,64.96828],[28.71249,64.9642],[28.72176,64.95275],[28.72691,64.95143],[28.73765,64.95112],[28.74338,64.94653],[28.76516,64.94024],[28.7709,64.93923],[28.78046,64.93948],[28.78649,64.93835],[28.79299,64.96376],[28.80491,64.98991],[28.8127,64.98922],[28.8514,64.98073],[28.85773,64.97476],[28.88598,64.96212],[28.88789,64.96225],[28.89069,64.95684],[28.90233,64.95039],[28.91179,64.94769],[28.91872,64.94347],[28.92041,64.93997],[28.92734,64.93467],[28.9297,64.91931],[28.93684,64.91374],[28.95105,64.91031],[28.96249,64.90808],[28.969,64.90754],[28.9833,64.90296],[29.0041,64.90314],[29.02168,64.88632],[29.02198,64.88319],[29.05129,64.88376],[29.05974,64.88283],[29.07551,64.8822],[29.0981,64.88349],[29.10744,64.88082],[29.12343,64.87708],[29.16904,64.86742],[29.17829,64.86437],[29.1971,64.86149],[29.2136,64.85592],[29.21886,64.85327],[29.22266,64.85281],[29.22466,64.84987],[29.22413,64.84727],[29.22766,64.83992],[29.23494,64.83642],[29.24938,64.83508],[29.25838,64.83309],[29.26627,64.83267],[29.27027,64.83191],[29.28069,64.8315],[29.28269,64.83201],[29.28696,64.83416],[29.29721,64.83625],[29.30514,64.83646],[29.31155,64.83588],[29.33274,64.83976],[29.33002,64.84225],[29.32614,64.84768],[29.32889,64.84775],[29.34943,64.84479],[29.37738,64.83967],[29.39798,64.83482],[29.4417,64.83122],[29.4602,64.82673],[29.49162,64.8266],[29.49435,64.82713],[29.50055,64.8305],[29.51789,64.8301],[29.52977,64.82803],[29.56014,64.82615],[29.57433,64.82772],[29.58274,64.82673],[29.59178,64.82669],[29.60039,64.82493],[29.60386,64.82287],[29.61574,64.82022]]}},{"type":"Feature","properties":{"name":"TET_FIN-09_20260802","country":"FI","lengthKm":167.9},"geometry":{"type":"LineString","coordinates":[[28.62972,63.14968],[28.62404,63.15404],[28.62152,63.15898],[28.61626,63.1614],[28.60775,63.16913],[28.58936,63.1769],[28.57475,63.18516],[28.55499,63.19271],[28.55764,63.19398],[28.55798,63.19612],[28.56067,63.19967],[28.55869,63.20685],[28.55424,63.21182],[28.54978,63.21499],[28.55045,63.21597],[28.56193,63.22129],[28.56336,63.22286],[28.5563,63.23265],[28.55331,63.23403],[28.54923,63.23493],[28.52611,63.24682],[28.5188,63.24828],[28.51329,63.24869],[28.50551,63.25396],[28.49761,63.25697],[28.48525,63.26003],[28.48277,63.26037],[28.47987,63.25985],[28.4781,63.2601],[28.47457,63.26263],[28.47138,63.2638],[28.46793,63.26427],[28.46989,63.26944],[28.47155,63.27131],[28.46901,63.27363],[28.45848,63.27664],[28.44552,63.27811],[28.43723,63.27976],[28.42645,63.27921],[28.41755,63.28192],[28.41339,63.2889],[28.41408,63.29043],[28.39964,63.29491],[28.3929,63.29536],[28.3864,63.29493],[28.37165,63.29566],[28.36837,63.29501],[28.36572,63.29574],[28.36357,63.29493],[28.34283,63.30477],[28.34705,63.30566],[28.34829,63.30699],[28.34337,63.3116],[28.35586,63.31674],[28.35646,63.32098],[28.35449,63.32315],[28.3555,63.32679],[28.36168,63.32727],[28.37366,63.33102],[28.37883,63.33468],[28.37953,63.33703],[28.3876,63.34013],[28.38634,63.34358],[28.38741,63.34385],[28.39094,63.34261],[28.39428,63.34387],[28.39617,63.34641],[28.40198,63.34581],[28.40507,63.34635],[28.40872,63.34616],[28.41383,63.34897],[28.41708,63.3499],[28.41043,63.355],[28.40778,63.35835],[28.40083,63.36014],[28.39725,63.36279],[28.39452,63.36591],[28.39267,63.36686],[28.38795,63.36728],[28.38738,63.36857],[28.3947,63.36994],[28.40122,63.37216],[28.40205,63.37405],[28.36211,63.38426],[28.35857,63.39547],[28.3614,63.40508],[28.35889,63.4116],[28.34351,63.42736],[28.34454,63.43072],[28.33764,63.43641],[28.34011,63.44223],[28.36569,63.45892],[28.37056,63.46402],[28.35198,63.47521],[28.34884,63.47561],[28.33733,63.47425],[28.331,63.47525],[28.32787,63.48004],[28.30557,63.48936],[28.29832,63.49422],[28.30002,63.49479],[28.31451,63.50564],[28.32304,63.51733],[28.30947,63.53137],[28.30286,63.53656],[28.30184,63.54557],[28.29774,63.54665],[28.28366,63.5572],[28.26947,63.56362],[28.26443,63.56915],[28.26253,63.57395],[28.25539,63.57638],[28.25381,63.58132],[28.24614,63.58707],[28.24172,63.58945],[28.23899,63.59358],[28.23237,63.59686],[28.22291,63.60477],[28.19716,63.6089],[28.19107,63.60751],[28.18967,63.6526],[28.18487,63.66697],[28.17772,63.66684],[28.17331,63.66832],[28.169,63.66769],[28.16038,63.67039],[28.15754,63.67304],[28.15229,63.67519],[28.14956,63.67798],[28.13957,63.68243],[28.13778,63.68544],[28.13022,63.68656],[28.10447,63.69806],[28.09081,63.70758],[28.07378,63.71126],[28.0618,63.71652],[28.04887,63.71885],[28.03963,63.72474],[28.00799,63.72846],[27.98949,63.73799],[27.97415,63.74369],[27.96312,63.75061],[27.95282,63.75438],[27.93117,63.75532],[27.92665,63.75281],[27.91456,63.75097],[27.90531,63.75124],[27.89754,63.75506],[27.88766,63.75865],[27.87315,63.75991],[27.86275,63.7595],[27.85558,63.76324],[27.84688,63.76499],[27.8095,63.77717],[27.80526,63.77819],[27.79959,63.78295],[27.7854,63.7896],[27.76964,63.79004],[27.75997,63.79126],[27.75208,63.79409],[27.73956,63.79539],[27.73451,63.80622],[27.72997,63.80779],[27.70122,63.81463],[27.683,63.81512],[27.64207,63.82394],[27.63133,63.82972],[27.61573,63.83186],[27.6072,63.83589],[27.58072,63.84368],[27.55158,63.85928],[27.52775,63.86204],[27.51142,63.8677],[27.48876,63.86909],[27.47301,63.86902],[27.45944,63.86676],[27.44582,63.868],[27.44094,63.86766],[27.44073,63.86899],[27.43234,63.87021],[27.42761,63.86962],[27.42018,63.86746],[27.41715,63.86595],[27.41204,63.86038],[27.39622,63.8638],[27.39426,63.86585],[27.39451,63.87372],[27.37862,63.88312],[27.33978,63.9018],[27.33946,63.90522],[27.33315,63.90764],[27.32962,63.91074],[27.32319,63.91492],[27.31814,63.92244],[27.31789,63.92373],[27.32029,63.92549],[27.32129,63.92697],[27.31966,63.93034],[27.32003,63.93228],[27.32634,63.93451],[27.31518,63.93861],[27.29809,63.93993],[27.28907,63.93963],[27.28251,63.94152],[27.27179,63.94309],[27.26171,63.9404],[27.25477,63.94017],[27.24752,63.93662],[27.23732,63.9333],[27.22723,63.93451],[27.21988,63.93164],[27.1955,63.92782],[27.17364,63.92957],[27.15419,63.92665],[27.14642,63.93397],[27.15188,63.94107],[27.14547,63.94678],[27.12739,63.95086],[27.12624,63.95598],[27.11678,63.95985],[27.09738,63.95948],[27.07207,63.96457],[27.05559,63.96237],[27.04191,63.96495],[27.03396,63.97136],[27.01542,63.97564],[26.9985,63.9774],[26.99468,63.96872],[26.98968,63.96551],[26.98129,63.96545],[26.97585,63.95898],[26.97276,63.95879],[26.96717,63.9574],[26.96349,63.95451],[26.95481,63.95338],[26.94201,63.95357],[26.92611,63.95589],[26.91317,63.9508],[26.89372,63.9476],[26.887,63.94536],[26.88111,63.9414],[26.87481,63.94033],[26.86072,63.94239],[26.85476,63.94136],[26.84889,63.94362],[26.84555,63.9495],[26.84277,63.95219],[26.8376,63.95474],[26.83458,63.95533]]}},{"type":"Feature","properties":{"name":"TET_FIN-10_20260802","country":"FI","lengthKm":738.2},"geometry":{"type":"LineString","coordinates":[[21.56425,63.08947],[21.57789,63.08903],[21.58667,63.09201],[21.5878,63.09205],[21.59007,63.09137],[21.59242,63.09219],[21.60061,63.09238],[21.61367,63.09466],[21.62023,63.08716],[21.62337,63.0874],[21.6258,63.08701],[21.63708,63.08258],[21.64425,63.081],[21.65921,63.07977],[21.68506,63.07517],[21.68499,63.07181],[21.6866,63.07081],[21.69012,63.07045],[21.69703,63.07093],[21.70164,63.0717],[21.70486,63.06867],[21.70591,63.06536],[21.71211,63.05949],[21.7284,63.04885],[21.74624,63.03862],[21.78789,63.02744],[21.79544,63.03],[21.80487,63.02919],[21.81298,63.02921],[21.82449,63.02272],[21.82468,63.01603],[21.83317,63.00722],[21.83889,63.00566],[21.84266,63.00512],[21.84342,63.00393],[21.84121,63.00264],[21.84511,63.00065],[21.84398,62.99951],[21.84669,62.99668],[21.84643,62.99412],[21.8597,62.9874],[21.87074,62.97768],[21.87504,62.97656],[21.87934,62.97742],[21.89003,62.97553],[21.89338,62.97738],[21.89979,62.97657],[21.90275,62.97514],[21.91444,62.97485],[21.93255,62.98107],[21.93639,62.9818],[21.93972,62.98379],[21.95204,62.98669],[21.95679,62.98674],[21.95987,62.98639],[21.96354,62.98687],[21.96456,62.98738],[21.97204,62.98511],[21.97399,62.98406],[21.99308,62.98135],[22.00426,62.97643],[22.00602,62.97602],[22.0063,62.97535],[22.01434,62.9719],[22.0239,62.9696],[22.0261,62.96823],[22.03438,62.9561],[22.04375,62.94915],[22.05258,62.93264],[22.0548,62.93331],[22.05753,62.93343],[22.06365,62.93609],[22.06696,62.93636],[22.07027,62.93553],[22.07409,62.93518],[22.07915,62.93548],[22.08355,62.93872],[22.09009,62.93928],[22.09528,62.94167],[22.09776,62.94195],[22.09864,62.94325],[22.10003,62.94331],[22.10267,62.94489],[22.12065,62.94199],[22.13963,62.94092],[22.14989,62.94191],[22.1525,62.94299],[22.15655,62.94252],[22.16562,62.93762],[22.16038,62.93317],[22.15089,62.93112],[22.14959,62.93021],[22.1506,62.92922],[22.16059,62.92558],[22.16017,62.92204],[22.16468,62.91377],[22.16458,62.9082],[22.16346,62.90734],[22.15818,62.90627],[22.15546,62.90205],[22.15703,62.90074],[22.15682,62.89908],[22.1589,62.89612],[22.15741,62.89272],[22.16216,62.89075],[22.16354,62.88908],[22.16069,62.88586],[22.1533,62.88388],[22.15129,62.88293],[22.15154,62.87998],[22.15018,62.87923],[22.14792,62.87925],[22.1401,62.87816],[22.13821,62.87829],[22.13704,62.87782],[22.18435,62.86709],[22.18779,62.87118],[22.18906,62.87392],[22.19192,62.87339],[22.19534,62.87375],[22.19723,62.87334],[22.20267,62.87379],[22.20446,62.87463],[22.20924,62.87466],[22.21801,62.87745],[22.21999,62.8773],[22.22323,62.8786],[22.22499,62.87846],[22.22584,62.87931],[22.22779,62.87969],[22.23279,62.87876],[22.24298,62.87819],[22.24961,62.8792],[22.25523,62.87725],[22.25531,62.87647],[22.26454,62.87525],[22.26814,62.8755],[22.27581,62.87328],[22.28176,62.87275],[22.28805,62.87089],[22.30214,62.8697],[22.30721,62.87295],[22.3096,62.87534],[22.31425,62.87513],[22.32054,62.87281],[22.32368,62.86979],[22.32775,62.86963],[22.33211,62.87081],[22.33848,62.86999],[22.33209,62.86444],[22.33995,62.86304],[22.34315,62.86056],[22.34613,62.86009],[22.34965,62.85849],[22.36177,62.85588],[22.36529,62.85653],[22.36537,62.85414],[22.35567,62.84782],[22.35137,62.84328],[22.34833,62.83668],[22.35041,62.83433],[22.35217,62.83345],[22.35231,62.83183],[22.35942,62.83063],[22.35959,62.8299],[22.36663,62.82858],[22.37082,62.82907],[22.37652,62.82724],[22.38198,62.82399],[22.38525,62.82385],[22.39365,62.82459],[22.39544,62.82416],[22.40094,62.8245],[22.40578,62.82338],[22.40956,62.82405],[22.41343,62.82593],[22.4163,62.8262],[22.41693,62.82696],[22.42056,62.82873],[22.4276,62.82917],[22.43026,62.83032],[22.43418,62.82991],[22.43839,62.83],[22.44062,62.8294],[22.45388,62.83118],[22.45669,62.83027],[22.4586,62.82792],[22.46216,62.8269],[22.46604,62.82696],[22.4691,62.82594],[22.47532,62.82472],[22.48088,62.82077],[22.48511,62.81988],[22.48761,62.81811],[22.49062,62.8173],[22.49167,62.81618],[22.49538,62.8161],[22.50385,62.81373],[22.5097,62.80998],[22.51454,62.81045],[22.51737,62.80842],[22.52471,62.80564],[22.53026,62.80534],[22.5356,62.80587],[22.53919,62.80472],[22.54302,62.80251],[22.54057,62.80109],[22.53567,62.80079],[22.53171,62.79804],[22.52982,62.79448],[22.56868,62.78387],[22.59119,62.78066],[22.58304,62.76208],[22.58419,62.7601],[22.58807,62.75831],[22.59625,62.7567],[22.59895,62.75802],[22.61757,62.75236],[22.63778,62.74763],[22.61167,62.73784],[22.60142,62.73168],[22.59665,62.7295],[22.59888,62.72877],[22.5958,62.72598],[22.60395,62.71985],[22.5937,62.71497],[22.59043,62.71163],[22.59219,62.706],[22.58974,62.70312],[22.59194,62.70053],[22.59238,62.69883],[22.61798,62.68318],[22.6426,62.6771],[22.65047,62.66423],[22.656,62.66491],[22.66198,62.66664],[22.666,62.66553],[22.66896,62.66559],[22.67795,62.66825],[22.69642,62.65913],[22.69595,62.65624],[22.6974,62.65455],[22.69996,62.65318],[22.70275,62.64689],[22.70381,62.64716],[22.70664,62.64642],[22.71143,62.64624],[22.71529,62.64498],[22.71642,62.64342],[22.72044,62.64195],[22.72212,62.64187],[22.72644,62.63995],[22.72912,62.64022],[22.73294,62.63738],[22.73775,62.63526],[22.74046,62.63601],[22.74338,62.63575],[22.75047,62.63679],[22.75516,62.62611],[22.75717,62.62493],[22.75596,62.62292],[22.76227,62.62177],[22.77108,62.61885],[22.78847,62.61845],[22.79747,62.61477],[22.80142,62.61164],[22.80681,62.60933],[22.8074,62.60656],[22.76642,62.5843],[22.76681,62.58289],[22.76936,62.58002],[22.77747,62.57602],[22.79331,62.57483],[22.80341,62.57341],[22.81277,62.57368],[22.81787,62.5726],[22.81919,62.57069],[22.8322,62.57136],[22.83843,62.57249],[22.84704,62.57225],[22.86018,62.57319],[22.86748,62.57468],[22.8744,62.57489],[22.87495,62.57373],[22.88197,62.57503],[22.88294,62.57653],[22.88671,62.5775],[22.88746,62.57704],[22.89721,62.57702],[22.90029,62.57772],[22.90356,62.57704],[22.90626,62.57524],[22.91645,62.56263],[22.92524,62.55699],[22.94772,62.5568],[22.98819,62.55458],[23.01246,62.55529],[23.02231,62.55661],[23.02382,62.55605],[23.0535,62.55788],[23.05849,62.55709],[23.06423,62.55777],[23.08014,62.54509],[23.08559,62.53487],[23.09971,62.53459],[23.10508,62.53398],[23.10833,62.53281],[23.1134,62.52944],[23.1157,62.526],[23.11977,62.52251],[23.13089,62.51818],[23.13384,62.51639],[23.13695,62.50833],[23.13959,62.50585],[23.13912,62.50533],[23.14115,62.50391],[23.14084,62.50159],[23.14709,62.49786],[23.154,62.49247],[23.15848,62.49072],[23.16034,62.48919],[23.16178,62.4887],[23.16376,62.48629],[23.16577,62.48553],[23.16587,62.48299],[23.16936,62.47857],[23.17433,62.47489],[23.17565,62.47467],[23.17671,62.46936],[23.1781,62.46793],[23.17841,62.46322],[23.1798,62.46144],[23.19046,62.46185],[23.19355,62.46152],[23.19912,62.46167],[23.21191,62.46441],[23.21983,62.4669],[23.22273,62.46883],[23.23033,62.47095],[23.23626,62.46917],[23.24146,62.4668],[23.24197,62.46449],[23.24524,62.46012],[23.25302,62.45691],[23.25844,62.45509],[23.27684,62.45233],[23.2939,62.45327],[23.29989,62.45438],[23.30335,62.45338],[23.31307,62.45225],[23.31769,62.45302],[23.32184,62.45312],[23.32481,62.45255],[23.33701,62.45541],[23.34093,62.45506],[23.36003,62.45623],[23.37889,62.45474],[23.40394,62.45704],[23.41121,62.45548],[23.41767,62.4526],[23.42678,62.45228],[23.43653,62.44968],[23.4403,62.44721],[23.45896,62.44793],[23.46325,62.44981],[23.4774,62.44977],[23.49291,62.44581],[23.49517,62.44573],[23.51303,62.44839],[23.51762,62.4475],[23.528,62.44791],[23.53869,62.44931],[23.54432,62.44915],[23.54526,62.45078],[23.55191,62.4526],[23.55504,62.45147],[23.55545,62.44919],[23.55956,62.44361],[23.56232,62.43471],[23.562,62.43062],[23.56304,62.42777],[23.56793,62.42236],[23.5826,62.42205],[23.58749,62.42348],[23.59224,62.42609],[23.59491,62.4265],[23.59871,62.42571],[23.60176,62.42608],[23.6045,62.42416],[23.60995,62.42308],[23.61258,62.42353],[23.62106,62.4207],[23.62484,62.42132],[23.6261,62.4221],[23.62733,62.42223],[23.6313,62.41075],[23.63457,62.40658],[23.64634,62.3976],[23.64823,62.39467],[23.65001,62.39453],[23.65284,62.39349],[23.65577,62.39134],[23.6624,62.38866],[23.6635,62.38607],[23.66765,62.38413],[23.66881,62.38564],[23.6724,62.38668],[23.67513,62.38891],[23.67963,62.38956],[23.68818,62.39436],[23.69255,62.39596],[23.69566,62.39944],[23.7,62.39917],[23.7026,62.39846],[23.70627,62.39949],[23.71541,62.39946],[23.71746,62.39838],[23.72077,62.3981],[23.72222,62.39874],[23.72866,62.39753],[23.73555,62.39751],[23.73711,62.39698],[23.74084,62.39433],[23.74292,62.39454],[23.74549,62.39538],[23.75213,62.39372],[23.75732,62.39369],[23.757,62.3989],[23.75895,62.39906],[23.76398,62.39639],[23.76637,62.39679],[23.7665,62.3979],[23.77605,62.39741],[23.77844,62.3997],[23.78165,62.39895],[23.78819,62.39227],[23.79045,62.39175],[23.79699,62.39248],[23.80127,62.39033],[23.80485,62.38706],[23.81592,62.38698],[23.81953,62.38649],[23.82526,62.38666],[23.83054,62.38608],[23.83494,62.38666],[23.83859,62.38621],[23.84154,62.38476],[23.84884,62.38485],[23.85048,62.38449],[23.85226,62.3861],[23.85798,62.38694],[23.87043,62.38759],[23.8903,62.39916],[23.89107,62.40701],[23.89622,62.40827],[23.901,62.40865],[23.90249,62.40805],[23.90402,62.40656],[23.90683,62.40768],[23.90786,62.40892],[23.91085,62.40951],[23.91264,62.41108],[23.91584,62.41242],[23.91781,62.41258],[23.91832,62.41359],[23.91559,62.41655],[23.92029,62.41752],[23.92695,62.41987],[23.93253,62.41766],[23.94992,62.42296],[23.95715,62.42768],[23.96562,62.42915],[23.98367,62.41381],[24.00171,62.4096],[24.00964,62.40677],[24.0137,62.40025],[24.02246,62.38988],[24.02812,62.38551],[24.03252,62.37837],[24.03648,62.37775],[24.04407,62.3758],[24.05262,62.38389],[24.05578,62.386],[24.05855,62.38686],[24.06088,62.39001],[24.06356,62.39081],[24.06457,62.39981],[24.06992,62.40025],[24.07941,62.39979],[24.08031,62.39807],[24.08293,62.39696],[24.08569,62.39707],[24.08821,62.39642],[24.08972,62.39397],[24.09318,62.39227],[24.09607,62.39149],[24.09343,62.38489],[24.10273,62.38456],[24.10745,62.3837],[24.11764,62.38448],[24.12336,62.38394],[24.13588,62.38432],[24.14537,62.38502],[24.14851,62.38734],[24.16153,62.38747],[24.17719,62.38346],[24.18706,62.38321],[24.19567,62.38046],[24.19473,62.38677],[24.18261,62.39495],[24.1792,62.39956],[24.18136,62.39981],[24.18333,62.40177],[24.18959,62.4036],[24.19599,62.40369],[24.20477,62.40545],[24.2111,62.4084],[24.21326,62.41093],[24.22699,62.41389],[24.22816,62.41522],[24.23579,62.41619],[24.24868,62.41498],[24.24736,62.41165],[24.25128,62.40604],[24.25084,62.40309],[24.25377,62.40109],[24.25607,62.398],[24.26364,62.39526],[24.26431,62.39242],[24.26976,62.39047],[24.2706,62.39207],[24.27273,62.3931],[24.27977,62.39507],[24.28311,62.39361],[24.28493,62.39507],[24.28663,62.401],[24.29128,62.40213],[24.29801,62.40156],[24.29816,62.40392],[24.30256,62.40378],[24.30482,62.403],[24.30659,62.40153],[24.31032,62.39973],[24.31354,62.39704],[24.31778,62.39666],[24.31943,62.39576],[24.32251,62.39234],[24.32622,62.39113],[24.32698,62.39035],[24.32566,62.38224],[24.32985,62.37738],[24.34191,62.37894],[24.34618,62.37875],[24.35002,62.3797],[24.36063,62.37851],[24.36616,62.38042],[24.36742,62.38188],[24.37113,62.38056],[24.37753,62.38034],[24.3786,62.38075],[24.39596,62.38297],[24.40036,62.38558],[24.43407,62.38558],[24.46447,62.3944],[24.46916,62.39701],[24.47356,62.39814],[24.47617,62.40372],[24.48392,62.40561],[24.4969,62.40615],[24.50246,62.40435],[24.50912,62.4046],[24.51512,62.40561],[24.53125,62.40444],[24.53816,62.4092],[24.55177,62.40902],[24.55732,62.41008],[24.56071,62.41026],[24.56017,62.41145],[24.5742,62.41545],[24.58237,62.41322],[24.58584,62.41378],[24.59728,62.41818],[24.60224,62.42277],[24.60245,62.42627],[24.60838,62.4262],[24.61789,62.42101],[24.61893,62.41931],[24.62337,62.41668],[24.6316,62.41773],[24.63826,62.41633],[24.64159,62.41447],[24.64348,62.41228],[24.64561,62.41172],[24.64778,62.41329],[24.64941,62.41327],[24.65168,62.41408],[24.6519,62.41548],[24.65366,62.41612],[24.65805,62.41528],[24.66191,62.41598],[24.66769,62.41585],[24.67204,62.41474],[24.67674,62.41565],[24.67363,62.42047],[24.67678,62.42672],[24.67169,62.44121],[24.67408,62.44383],[24.68325,62.44334],[24.69519,62.44143],[24.70421,62.43907],[24.7195,62.43242],[24.72222,62.43183],[24.72467,62.43296],[24.72213,62.43476],[24.72328,62.43577],[24.72191,62.43794],[24.72382,62.4385],[24.73064,62.43837],[24.73254,62.44049],[24.73501,62.44135],[24.73654,62.44272],[24.738,62.44301],[24.74035,62.44436],[24.74278,62.44453],[24.73673,62.45015],[24.73918,62.45111],[24.74156,62.4509],[24.74893,62.45562],[24.75308,62.45613],[24.7583,62.45792],[24.74866,62.46493],[24.74625,62.47158],[24.76709,62.4736],[24.77317,62.47185],[24.79767,62.47679],[24.8003,62.47869],[24.80403,62.47941],[24.81157,62.47741],[24.81383,62.47736],[24.81454,62.47659],[24.82191,62.47805],[24.82284,62.4786],[24.82369,62.48133],[24.8283,62.48205],[24.83113,62.4856],[24.83741,62.48834],[24.83784,62.48998],[24.83369,62.49307],[24.83486,62.49444],[24.837,62.49521],[24.84156,62.49407],[24.84453,62.49243],[24.84906,62.49159],[24.85237,62.49022],[24.8512,62.48926],[24.85731,62.48908],[24.85845,62.47877],[24.85361,62.47161],[24.86229,62.47167],[24.86493,62.47307],[24.86832,62.47377],[24.87555,62.47355],[24.87681,62.47266],[24.87989,62.47256],[24.89417,62.47043],[24.90831,62.48226],[24.90875,62.48696],[24.91505,62.48828],[24.94301,62.47884],[24.94621,62.47642],[24.95208,62.4736],[24.95325,62.472],[24.95664,62.47052],[24.95899,62.4706],[24.96259,62.46905],[24.96586,62.46875],[24.96716,62.46763],[24.97704,62.46398],[24.97849,62.45702],[24.98186,62.45499],[24.98159,62.45419],[24.97865,62.4524],[24.97836,62.45152],[24.97978,62.45028],[24.97458,62.44706],[24.97262,62.44355],[24.98954,62.44641],[25.02147,62.4474],[25.02713,62.44214],[25.04189,62.43523],[25.04566,62.42912],[25.04911,62.4267],[25.05728,62.42597],[25.07592,62.42804],[25.07676,62.42939],[25.08388,62.42975],[25.08764,62.43102],[25.09711,62.42475],[25.11049,62.4094],[25.11033,62.40092],[25.11753,62.40394],[25.11887,62.40593],[25.12788,62.40899],[25.135,62.41092],[25.13741,62.41042],[25.14714,62.41334],[25.15248,62.41294],[25.15772,62.41375],[25.16023,62.41334],[25.16547,62.41164],[25.21175,62.4058],[25.2105,62.41173],[25.19772,62.42125],[25.19543,62.42745],[25.19846,62.43486],[25.19783,62.43734],[25.20166,62.43666],[25.20669,62.43715],[25.2119,62.4361],[25.22371,62.42893],[25.24468,62.42118],[25.25186,62.41577],[25.2718,62.41476],[25.2891,62.42451],[25.29775,62.42338],[25.31138,62.42495],[25.32841,62.42225],[25.33103,62.4213],[25.3388,62.42394],[25.34367,62.42419],[25.34619,62.42381],[25.34977,62.42184],[25.35699,62.42289],[25.36372,62.42278],[25.36855,62.42105],[25.37442,62.42564],[25.37848,62.42357],[25.3923,62.42338],[25.39699,62.42445],[25.41854,62.42728],[25.44479,62.42451],[25.465,62.42882],[25.47075,62.43062],[25.48908,62.43367],[25.48426,62.43605],[25.51861,62.44216],[25.53722,62.44325],[25.54832,62.44042],[25.55408,62.43781],[25.55754,62.43503],[25.56707,62.43669],[25.5699,62.43588],[25.57859,62.43561],[25.58309,62.43409],[25.60817,62.43111],[25.61678,62.42807],[25.62501,62.42726],[25.62698,62.42777],[25.6278,62.4285],[25.63066,62.42862],[25.63679,62.42733],[25.63606,62.4264],[25.63842,62.42463],[25.63817,62.42341],[25.64514,62.42314],[25.65265,62.4235],[25.66038,62.42586],[25.66647,62.42613],[25.6627,62.43459],[25.66635,62.43675],[25.67024,62.4372],[25.67093,62.44133],[25.67384,62.44225],[25.68061,62.43958],[25.68073,62.44429],[25.68195,62.44507],[25.68369,62.44823],[25.68683,62.44906],[25.69851,62.44828],[25.70178,62.44755],[25.70574,62.44796],[25.70687,62.44901],[25.70693,62.45259],[25.71893,62.46049],[25.72383,62.45998],[25.73135,62.45812],[25.73024,62.45828],[25.75777,62.45988],[25.78143,62.45193],[25.78562,62.45526],[25.7895,62.45661],[25.79902,62.45764],[25.80363,62.45732],[25.83593,62.44459],[25.83872,62.44162],[25.86225,62.438],[25.87642,62.42896],[25.88778,62.42721],[25.89432,62.42663],[25.90731,62.42381],[25.90931,62.42372],[25.91746,62.42528],[25.92326,62.42301],[25.92292,62.42141],[25.92015,62.42134],[25.91561,62.41416],[25.92281,62.4066],[25.92249,62.40438],[25.91808,62.39781],[25.91572,62.39679],[25.91007,62.39109],[25.91348,62.38966],[25.91575,62.38628],[25.91685,62.38618],[25.92051,62.3874],[25.92287,62.38746],[25.92372,62.38675],[25.92826,62.38565],[25.92959,62.38466],[25.93157,62.38412],[25.93227,62.38307],[25.9352,62.3817],[25.93968,62.38168],[25.941,62.3828],[25.9398,62.38798],[25.94251,62.3882],[25.95598,62.38786],[25.95426,62.38573],[25.95527,62.38386],[25.95904,62.38028],[25.96051,62.37601],[25.95938,62.37439],[25.9609,62.37422],[25.96186,62.3736],[25.96444,62.37061],[25.96266,62.37018],[25.95808,62.36638],[25.95285,62.36484],[25.95032,62.36243],[25.9498,62.36087],[25.95239,62.35939],[25.95288,62.35715],[25.95436,62.35615],[25.95776,62.35509],[25.96652,62.3551],[25.96863,62.35376],[25.97115,62.35338],[25.97359,62.35132],[25.97416,62.34982],[25.97535,62.34908],[25.97824,62.3486],[25.98531,62.33718],[25.99199,62.33641],[25.99622,62.33469],[25.99674,62.33366],[25.99773,62.32777],[25.99658,62.3267],[25.99088,62.32666],[25.98409,62.32171],[25.9817,62.32166],[25.9825,62.32029],[25.97564,62.31634],[25.98025,62.31496],[25.9909,62.31479],[26.0027,62.31052],[26.00838,62.30918],[26.01111,62.30759],[26.01221,62.30572],[26.01226,62.30295],[26.01484,62.29938],[26.01554,62.29527],[26.01958,62.29247],[26.02149,62.28542],[26.02395,62.28362],[26.02972,62.28195],[26.03653,62.27822],[26.04926,62.27541],[26.05385,62.27337],[26.05563,62.27149],[26.05778,62.27039],[26.06864,62.26829],[26.07549,62.26432],[26.09467,62.2571],[26.09914,62.25416],[26.1001,62.2528],[26.10625,62.25251],[26.12333,62.25063],[26.13417,62.24685],[26.13399,62.24593],[26.13679,62.24396],[26.13666,62.242],[26.138,62.24138],[26.14167,62.24081],[26.1428,62.24004],[26.14135,62.2337],[26.14202,62.23321],[26.14704,62.23255],[26.14803,62.23192],[26.14884,62.23031],[26.14821,62.22718],[26.14943,62.22482],[26.15306,62.22367],[26.15737,62.22148],[26.16034,62.22189],[26.16261,62.2214],[26.17723,62.22057],[26.1785,62.21899],[26.18121,62.21849],[26.18401,62.21569],[26.17295,62.20526],[26.17471,62.20476],[26.17801,62.20469],[26.18744,62.20631],[26.19964,62.207],[26.206,62.20679],[26.21359,62.20739],[26.21358,62.20543],[26.21483,62.20402],[26.2149,62.2012],[26.21742,62.20017],[26.2212,62.19935],[26.22177,62.19835],[26.22633,62.19762],[26.22844,62.19676],[26.23047,62.1968],[26.23322,62.19743],[26.23487,62.19721],[26.23759,62.19612],[26.24734,62.19525],[26.25223,62.19292],[26.26157,62.19062],[26.27751,62.20501],[26.27857,62.20663],[26.28317,62.20719],[26.28534,62.20695],[26.28714,62.20629],[26.28824,62.20502],[26.29216,62.20432],[26.2947,62.20436],[26.29654,62.2058],[26.30418,62.20829],[26.30629,62.20835],[26.30922,62.20966],[26.31877,62.21259],[26.32539,62.21134],[26.33346,62.21051],[26.35416,62.21227],[26.35504,62.20972],[26.35115,62.19648],[26.34919,62.19333],[26.35177,62.18776],[26.35032,62.18454],[26.35214,62.18099],[26.35307,62.17629],[26.35271,62.17578],[26.3464,62.17347],[26.34461,62.17236],[26.34981,62.17075],[26.35636,62.17039],[26.35889,62.17061],[26.36078,62.17236],[26.36621,62.17386],[26.37067,62.17417],[26.37234,62.17474],[26.37382,62.17455],[26.37803,62.1757],[26.37878,62.17719],[26.38041,62.17758],[26.38,62.17918],[26.38204,62.18052],[26.39323,62.18078],[26.39437,62.17853],[26.39753,62.17693],[26.40054,62.17434],[26.40041,62.17233],[26.40328,62.16891],[26.40644,62.16794],[26.40791,62.16702],[26.41242,62.16606],[26.41432,62.16626],[26.41473,62.16528],[26.42688,62.1682],[26.43339,62.17145],[26.43481,62.17369],[26.43916,62.17608],[26.44617,62.17602],[26.45062,62.17684],[26.45785,62.17715],[26.45876,62.17758],[26.45912,62.17865],[26.46022,62.17895],[26.4638,62.17888],[26.46884,62.17798],[26.47116,62.18003],[26.47546,62.18244],[26.47706,62.18448],[26.47895,62.18918],[26.48626,62.19046],[26.49187,62.19093],[26.49596,62.19208],[26.49729,62.19293],[26.49954,62.19156],[26.50048,62.1901],[26.50073,62.18607],[26.50271,62.18278],[26.51068,62.17821],[26.5143,62.17468],[26.51515,62.17254],[26.51731,62.17095],[26.51939,62.16777],[26.52257,62.16559],[26.52393,62.16362],[26.52961,62.16108],[26.53109,62.15911],[26.53752,62.15571],[26.53887,62.15374],[26.5416,62.15195],[26.5518,62.14755],[26.56277,62.14155],[26.56923,62.14167],[26.57687,62.14082],[26.58302,62.13969],[26.58912,62.13752],[26.60457,62.135],[26.60635,62.13384],[26.60683,62.13147],[26.60912,62.12869],[26.61389,62.12564],[26.62159,62.11755],[26.62681,62.11582],[26.63696,62.11562],[26.63614,62.12035],[26.64381,62.13154],[26.64476,62.13895],[26.64943,62.14249],[26.65115,62.14233],[26.65254,62.14103],[26.6546,62.14041],[26.6559,62.13665],[26.66221,62.13635],[26.66801,62.13719],[26.67629,62.13196],[26.68684,62.12885],[26.68814,62.12172],[26.69785,62.11329],[26.69962,62.1129],[26.70828,62.10532],[26.71438,62.10392],[26.72026,62.10499],[26.72547,62.09885],[26.72745,62.09459],[26.73127,62.09597],[26.74178,62.09782],[26.74368,62.09886],[26.75106,62.09939],[26.75416,62.09931],[26.75771,62.09862],[26.76628,62.09886],[26.77345,62.09694],[26.77958,62.09665],[26.78267,62.09455],[26.78909,62.08738],[26.79212,62.08619],[26.80293,62.08441],[26.80766,62.08493],[26.81099,62.08773],[26.81304,62.08815],[26.81541,62.08721],[26.82267,62.08673],[26.82504,62.08508],[26.82827,62.0842],[26.83869,62.08328],[26.84214,62.08211],[26.84745,62.08238],[26.85046,62.08346],[26.85359,62.08403],[26.86052,62.08724],[26.86172,62.08941],[26.86024,62.09187],[26.86097,62.09432],[26.86848,62.09958],[26.87337,62.10125],[26.88427,62.1022],[26.88802,62.10137],[26.89094,62.09959],[26.89688,62.10125],[26.89952,62.09827],[26.90936,62.09367],[26.9197,62.09754],[26.93056,62.10016],[26.93386,62.10187],[26.93682,62.10535],[26.94004,62.10721],[26.95645,62.11166],[26.96959,62.11846],[26.97643,62.12039],[26.98042,62.12196],[26.9833,62.12118],[26.99408,62.11949],[27.00039,62.11961],[27.00407,62.11713],[27.00729,62.11393],[27.02227,62.10492],[27.02612,62.09855],[27.03142,62.09331],[27.04136,62.08677],[27.0542,62.08208],[27.05492,62.06672],[27.06352,62.04923],[27.06968,62.04232],[27.08899,62.03172],[27.0925,62.02814],[27.10646,62.02646],[27.12487,62.02871],[27.145,62.03625],[27.15066,62.0364],[27.15928,62.03413],[27.17365,62.03362],[27.18598,62.03608],[27.19606,62.03444],[27.2113,62.03073],[27.21596,62.03074],[27.23104,62.03438],[27.23513,62.03326],[27.23691,62.02953],[27.24071,62.02824],[27.24599,62.0279],[27.25437,62.0284],[27.258,62.02783],[27.26117,62.02629],[27.26629,62.02658],[27.26911,62.02507],[27.27379,62.02376],[27.27618,62.02222],[27.2783,62.01949],[27.27718,62.01747],[27.27776,62.01437],[27.28272,62.0112],[27.28834,62.00999],[27.29167,62.00808],[27.30049,61.99756],[27.30255,61.99594],[27.30763,61.99378],[27.31348,61.98997],[27.31984,61.99105],[27.32566,61.98885],[27.33463,61.98672],[27.34433,61.9792],[27.34763,61.97533],[27.35902,61.9771],[27.35958,61.97173],[27.35724,61.96974],[27.35827,61.96828],[27.3557,61.96426],[27.35531,61.9621],[27.3528,61.96066],[27.35204,61.95883],[27.34503,61.9558],[27.34481,61.95521],[27.35095,61.94992],[27.35598,61.94737],[27.35879,61.94447],[27.36804,61.93797],[27.36977,61.93592],[27.37057,61.93564],[27.37429,61.93577],[27.38327,61.93008],[27.38691,61.93039],[27.39324,61.92961],[27.39608,61.9288],[27.40927,61.92347],[27.41679,61.92091],[27.43456,61.91068],[27.44206,61.90802],[27.44811,61.90651],[27.45871,61.90501],[27.4619,61.90532],[27.47115,61.90734],[27.47544,61.90778],[27.4812,61.90764],[27.49133,61.90637],[27.49929,61.90669],[27.50354,61.90723],[27.50874,61.90628],[27.5132,61.90439],[27.52051,61.90219],[27.52828,61.9014],[27.5384,61.90122],[27.54448,61.90054],[27.55192,61.89898],[27.56656,61.89772],[27.57287,61.89814],[27.57749,61.89788],[27.58206,61.89865],[27.5886,61.89874],[27.59387,61.89934],[27.59763,61.89885],[27.60123,61.89889],[27.6035,61.89922],[27.60871,61.90093],[27.61145,61.90064],[27.61362,61.90099],[27.618,61.90086],[27.62364,61.89881],[27.6326,61.89785],[27.63697,61.89781],[27.64842,61.90033],[27.65026,61.9002],[27.65451,61.89903],[27.66016,61.89912],[27.66311,61.89859],[27.66799,61.89916],[27.67584,61.89393],[27.67688,61.8924],[27.68198,61.88968],[27.68658,61.888],[27.69189,61.88723],[27.70617,61.88195],[27.71263,61.88093],[27.71829,61.87845],[27.72365,61.87816],[27.73469,61.8795],[27.74171,61.88196],[27.75105,61.8825],[27.75433,61.88224],[27.76475,61.87903],[27.76643,61.87946],[27.77073,61.87908],[27.7723,61.87935],[27.78553,61.88456],[27.78701,61.88377],[27.79359,61.88682],[27.79836,61.89173],[27.80238,61.89322],[27.80807,61.89631],[27.80871,61.9001],[27.8097,61.9009],[27.81756,61.90251],[27.83152,61.90411],[27.83442,61.904],[27.84858,61.90096],[27.85767,61.89756],[27.86147,61.8955],[27.86164,61.8947],[27.87164,61.89471],[27.87179,61.89334],[27.88112,61.88988],[27.89923,61.87874],[27.9029,61.87521],[27.90923,61.87127],[27.91588,61.86616],[27.92038,61.86464],[27.93031,61.86343],[27.94335,61.86076],[27.94628,61.85933],[27.94775,61.85802],[27.94862,61.85603],[27.94821,61.85415],[27.94991,61.854],[27.96295,61.85509],[27.966,61.85571],[27.96952,61.85722],[27.97211,61.85723],[27.97482,61.85776],[27.97636,61.8582],[27.97797,61.85998],[27.98084,61.86152],[27.98489,61.86022],[27.98771,61.86046],[27.99757,61.86409],[27.99416,61.86674],[27.99632,61.86758],[27.9985,61.86956],[28.00186,61.87046],[28.00723,61.86925],[28.01367,61.86687],[28.02059,61.86694],[28.02586,61.86495],[28.03343,61.86414],[28.03497,61.86423],[28.03644,61.86508],[28.04111,61.86611],[28.04576,61.87057],[28.04589,61.87151],[28.05315,61.87036],[28.05914,61.87103],[28.06975,61.86501],[28.08247,61.86151],[28.08678,61.86106],[28.09172,61.8594],[28.10366,61.85799],[28.11031,61.85768],[28.10848,61.86009],[28.10942,61.86209],[28.11479,61.86371],[28.11258,61.86562],[28.10473,61.86905],[28.1034,61.87032],[28.10299,61.87261],[28.10485,61.87455],[28.10429,61.87579],[28.10492,61.87655],[28.10334,61.87911],[28.10652,61.88223],[28.1117,61.88541],[28.11151,61.88606],[28.10533,61.88846],[28.1034,61.89053],[28.10359,61.8911],[28.10835,61.89029],[28.12787,61.89126],[28.13105,61.89105],[28.13821,61.88792],[28.14335,61.88363],[28.14669,61.88575],[28.15148,61.88626],[28.15328,61.88565],[28.15732,61.88517],[28.16914,61.87991],[28.17513,61.87932],[28.1913,61.87147],[28.19887,61.87082],[28.20013,61.87105],[28.21073,61.86994],[28.2141,61.87048],[28.2159,61.87176],[28.21996,61.87205],[28.22182,61.87163],[28.22561,61.8721],[28.23185,61.87078],[28.24459,61.8666],[28.25247,61.86512],[28.25569,61.86399],[28.2569,61.86561],[28.26311,61.86911],[28.265,61.87221],[28.27319,61.8737],[28.28066,61.87657],[28.28328,61.87837],[28.28423,61.88061],[28.32385,61.86785],[28.32101,61.8655],[28.31502,61.8632],[28.31561,61.8576],[28.3226,61.85263],[28.32298,61.85007],[28.32839,61.85218],[28.3328,61.85218],[28.35311,61.85448],[28.35599,61.85406],[28.36061,61.85151],[28.36629,61.85326],[28.37543,61.85356],[28.37991,61.85019],[28.38918,61.84944],[28.39278,61.84777],[28.39404,61.84637],[28.3976,61.84499],[28.39978,61.8433],[28.40028,61.84233],[28.39883,61.83853],[28.40391,61.83708],[28.40564,61.83698],[28.40892,61.83764],[28.41223,61.83748],[28.41453,61.83823],[28.41447,61.83901],[28.41904,61.84274],[28.42768,61.84327],[28.43128,61.84538],[28.43525,61.84626],[28.4373,61.84727],[28.44017,61.84794],[28.45262,61.84751],[28.4583,61.84803],[28.46359,61.84972],[28.46769,61.84983],[28.46662,61.85436],[28.4559,61.86083],[28.453,61.86158],[28.45432,61.8625],[28.45464,61.8643],[28.45767,61.86546],[28.46126,61.86508],[28.46775,61.86533],[28.47241,61.86427],[28.47569,61.86856],[28.48435,61.87282],[28.48977,61.87366],[28.50356,61.87104],[28.51066,61.87129],[28.52588,61.87483],[28.53719,61.87904],[28.54358,61.87438],[28.54455,61.8727],[28.54592,61.87207],[28.54623,61.87051],[28.54806,61.86897],[28.54917,61.86673],[28.55314,61.8659],[28.55592,61.86585],[28.56328,61.86371],[28.56525,61.86448],[28.56765,61.86441],[28.57345,61.86522],[28.57723,61.86696],[28.57824,61.867],[28.57976,61.86596],[28.5835,61.86646],[28.58695,61.86588],[28.58711,61.8649],[28.59102,61.86308],[28.593,61.8599],[28.58947,61.85652],[28.58602,61.85557],[28.58442,61.85246],[28.58594,61.8502],[28.59186,61.84779],[28.59443,61.84742],[28.6019,61.84486],[28.60611,61.84592],[28.60991,61.84775],[28.61649,61.84475],[28.61783,61.8452],[28.61865,61.84613],[28.61768,61.8481],[28.61906,61.84853],[28.61819,61.84921],[28.6199,61.84954],[28.621,61.84934],[28.62246,61.85005],[28.6246,61.84937],[28.62952,61.84908],[28.63145,61.84935],[28.63839,61.84914],[28.64007,61.85018],[28.64049,61.85129],[28.63902,61.85262],[28.64311,61.85398],[28.64734,61.85387],[28.65194,61.85214],[28.65575,61.85208],[28.66372,61.85051],[28.66765,61.85148],[28.67735,61.8506],[28.68372,61.84753],[28.68639,61.8471],[28.68687,61.84782],[28.68569,61.84865],[28.68606,61.84931],[28.69003,61.84959],[28.69081,61.85022],[28.70229,61.85022],[28.70394,61.8499],[28.70425,61.8491],[28.7032,61.84738],[28.7063,61.84293],[28.71151,61.84138],[28.71255,61.84041],[28.71753,61.84249],[28.72046,61.84281],[28.72229,61.84263],[28.72786,61.83872],[28.72954,61.83585],[28.73553,61.83392],[28.73911,61.83576],[28.74615,61.83719],[28.7493,61.83854],[28.75582,61.8389],[28.76559,61.8402],[28.77263,61.84025],[28.78304,61.84137],[28.79247,61.84048],[28.79451,61.84186],[28.79909,61.84342],[28.80273,61.84352],[28.80582,61.84445],[28.80742,61.84601],[28.80813,61.84857],[28.81143,61.85254],[28.81049,61.85615],[28.81364,61.85898],[28.81887,61.86106],[28.8224,61.86415],[28.82587,61.86494],[28.82341,61.86859],[28.82678,61.87226],[28.8304,61.87468],[28.82894,61.87654],[28.82669,61.87706],[28.82413,61.87699],[28.82325,61.87773],[28.83597,61.87855],[28.8441,61.87785],[28.84842,61.87784],[28.86109,61.88086],[28.86544,61.88067],[28.8708,61.87943],[28.87553,61.87625],[28.88045,61.87402],[28.88348,61.87008],[28.88726,61.8689],[28.90025,61.86841],[28.90365,61.86944],[28.91383,61.87044],[28.91782,61.86989],[28.92291,61.86845],[28.9394,61.86707],[28.94349,61.86432],[28.95314,61.85551],[28.95693,61.85357],[28.96235,61.85176],[28.96664,61.84815],[28.97137,61.84546],[28.97986,61.84511],[28.98574,61.84381],[28.99152,61.84008],[28.99709,61.83954],[29.00224,61.83999],[29.0075,61.83765],[29.01559,61.83738],[29.02463,61.83451],[29.03188,61.83379],[29.03293,61.83213],[29.03114,61.82822],[29.02789,61.82494],[29.03524,61.82368],[29.0405,61.8205],[29.05006,61.81704],[29.05468,61.81358],[29.06173,61.81299],[29.06377,61.81016],[29.06532,61.80909],[29.06923,61.80796],[29.07267,61.80789],[29.07528,61.80729],[29.07869,61.80574],[29.08083,61.80397],[29.08621,61.80206],[29.0916,61.80209],[29.0941,61.80132],[29.10091,61.80191],[29.1034,61.80147],[29.10507,61.80303],[29.1086,61.80478],[29.11512,61.80676],[29.11711,61.80922],[29.11955,61.80905],[29.12549,61.80604],[29.12855,61.80603],[29.13054,61.80654],[29.13517,61.81088],[29.14069,61.81329],[29.14529,61.8127],[29.14822,61.81134],[29.15171,61.81041],[29.15462,61.80887],[29.15744,61.80866],[29.15997,61.80891],[29.16405,61.81014],[29.16587,61.81014],[29.16866,61.81105],[29.17631,61.81542],[29.18037,61.81708],[29.18892,61.81705],[29.19228,61.81948],[29.18789,61.82085],[29.18311,61.82492],[29.18231,61.82682],[29.18294,61.828],[29.18533,61.82927],[29.19044,61.82997],[29.19385,61.83094],[29.19782,61.83485],[29.19832,61.83724],[29.20034,61.83913],[29.21093,61.83792],[29.21728,61.83587],[29.22031,61.83465],[29.22249,61.83314],[29.24788,61.82347],[29.25343,61.82065],[29.26817,61.81107],[29.27847,61.80649],[29.29013,61.80537],[29.29581,61.80316],[29.30752,61.80474],[29.31117,61.80145],[29.31037,61.79942],[29.31088,61.7976],[29.3089,61.79502],[29.30916,61.79326],[29.31054,61.79239],[29.31256,61.79216],[29.31378,61.79088],[29.31765,61.78871],[29.32017,61.78431],[29.32338,61.78283],[29.32401,61.78124],[29.32597,61.77973],[29.33291,61.77787],[29.3341,61.77679],[29.34921,61.77232],[29.36008,61.76965],[29.36942,61.76549],[29.3702,61.76525],[29.37146,61.76569],[29.3852,61.76124],[29.38924,61.7591],[29.39128,61.75954],[29.39273,61.76068],[29.39673,61.76054],[29.40317,61.75884],[29.41226,61.75541],[29.41417,61.75536],[29.41656,61.75591],[29.42068,61.75496],[29.4232,61.75485],[29.43342,61.75149],[29.43779,61.74567],[29.44418,61.7407],[29.44317,61.73807],[29.44065,61.73628],[29.43951,61.73459],[29.43325,61.73247],[29.42484,61.72548],[29.42274,61.72171],[29.41967,61.72023],[29.41492,61.7202],[29.41274,61.71908],[29.41047,61.71901],[29.40658,61.71799],[29.40639,61.7159],[29.40429,61.71474],[29.40517,61.71234],[29.4087,61.71061],[29.41118,61.70652],[29.4132,61.70527],[29.41435,61.70343],[29.40919,61.69957],[29.40655,61.69868],[29.40446,61.69686],[29.39658,61.69344],[29.39015,61.68964],[29.39125,61.68463],[29.39422,61.68399],[29.39298,61.68305],[29.39474,61.6811],[29.39459,61.67969],[29.39593,61.67803],[29.39513,61.67669],[29.40607,61.6699],[29.40954,61.66567],[29.41469,61.66355],[29.42545,61.64363],[29.42822,61.63571],[29.43244,61.62935],[29.43691,61.62456],[29.43229,61.62395],[29.42939,61.62435],[29.43018,61.62904],[29.42885,61.62892],[29.42551,61.63016],[29.42179,61.63027],[29.4204,61.63226],[29.41624,61.63377],[29.41309,61.63294],[29.40918,61.63313],[29.40666,61.63387],[29.39984,61.63268],[29.3953,61.63419],[29.38622,61.63478],[29.38212,61.63608],[29.37952,61.63621],[29.3725,61.63276],[29.37018,61.63224],[29.37065,61.62955],[29.36791,61.62642],[29.36762,61.62487],[29.36274,61.62646],[29.36049,61.62679],[29.35305,61.62634],[29.33956,61.62706],[29.33697,61.62685],[29.33571,61.62736],[29.33117,61.62749],[29.32922,61.62631],[29.32562,61.62601],[29.32137,61.62511],[29.32303,61.62359],[29.31618,61.62001],[29.31559,61.61909],[29.31614,61.61848],[29.31794,61.61803],[29.31853,61.61654],[29.31975,61.61574],[29.3237,61.61674],[29.32509,61.61656],[29.32774,61.61365],[29.32838,61.60971],[29.32598,61.60776],[29.32456,61.60777],[29.32173,61.60604],[29.3198,61.60579],[29.31785,61.60467],[29.31801,61.60346],[29.32053,61.60165],[29.31284,61.60003],[29.31204,61.59887],[29.31513,61.59828],[29.32777,61.59124],[29.33256,61.58406],[29.33176,61.58177],[29.33719,61.57849],[29.33874,61.57608],[29.34391,61.57385],[29.34593,61.57132],[29.34955,61.5706],[29.3527,61.56905],[29.34828,61.5692],[29.34383,61.56878],[29.34316,61.56465],[29.33387,61.56197],[29.33344,61.56111],[29.33151,61.5609],[29.32214,61.56374],[29.31486,61.56361],[29.31272,61.5644],[29.30814,61.56526],[29.3058,61.56514],[29.30129,61.56459],[29.29937,61.56298],[29.2994,61.56185],[29.29633,61.56168],[29.29234,61.55993],[29.28603,61.5598],[29.28256,61.55868],[29.27911,61.55814],[29.28089,61.55679],[29.28846,61.55464],[29.28972,61.55298],[29.28926,61.55141],[29.29143,61.54917],[29.29098,61.54628],[29.28793,61.54556],[29.28636,61.54426],[29.28793,61.53959],[29.28731,61.5334],[29.2809,61.53093],[29.27795,61.52774],[29.28016,61.52581],[29.28342,61.52437],[29.28458,61.52073],[29.2871,61.51831],[29.28268,61.51777],[29.27606,61.51831],[29.27577,61.51727],[29.27661,61.51599],[29.27564,61.51445],[29.27682,61.5122],[29.27659,61.51031],[29.27573,61.50967],[29.2732,61.50936],[29.27102,61.50798],[29.27043,61.50647],[29.26652,61.50505],[29.26316,61.50447],[29.26141,61.50305],[29.2578,61.50199],[29.25595,61.50005],[29.25595,61.49815],[29.25435,61.49837],[29.25221,61.49657],[29.25221,61.49407],[29.24626,61.49263],[29.24411,61.49115],[29.24153,61.49048],[29.23903,61.48689],[29.23654,61.48508],[29.23278,61.48468],[29.22941,61.48302],[29.2285,61.4822],[29.23039,61.48073],[29.22846,61.47916],[29.23244,61.47795],[29.23313,61.47695],[29.22966,61.47606],[29.22834,61.47377],[29.22626,61.47367],[29.22235,61.4721],[29.21964,61.47202],[29.21489,61.46884],[29.21188,61.47096],[29.20995,61.4715],[29.20938,61.47076],[29.20656,61.46975],[29.20425,61.46691],[29.20249,61.46582],[29.20262,61.46523],[29.20489,61.46391],[29.2042,61.46318],[29.20133,61.46236],[29.20164,61.46152],[29.20098,61.46101],[29.20648,61.45961],[29.2073,61.45902],[29.20661,61.45641],[29.20787,61.4542],[29.21039,61.45298],[29.22023,61.45204],[29.22243,61.4515],[29.22577,61.44891],[29.22741,61.44657],[29.23202,61.44406],[29.22357,61.44164],[29.22048,61.44137],[29.2177,61.44199],[29.20925,61.44139],[29.20793,61.43988],[29.20925,61.43843],[29.21392,61.43662],[29.2155,61.43463],[29.21411,61.43145],[29.21518,61.42571],[29.21758,61.42442],[29.22193,61.41859],[29.22395,61.41469],[29.22634,61.41296],[29.23069,61.41202],[29.23258,61.41056],[29.23353,61.40846],[29.23145,61.40633],[29.23227,61.4049],[29.2353,61.40431],[29.24198,61.40162],[29.24621,61.40137],[29.25674,61.39302],[29.26292,61.3921],[29.26834,61.39185],[29.27065,61.39113],[29.27527,61.38736],[29.28137,61.38574],[29.28221,61.38296],[29.28618,61.37923],[29.28769,61.37538],[29.28605,61.3733],[29.28717,61.37079],[29.29017,61.36898]]}},{"type":"Feature","properties":{"name":"TET_FIN-11_20260802","country":"FI","lengthKm":257.7},"geometry":{"type":"LineString","coordinates":[[25.3979,66.04436],[25.43301,66.06006],[25.44125,66.06166],[25.44828,66.06528],[25.46528,66.06751],[25.4718,66.06688],[25.48622,66.06779],[25.49635,66.065],[25.50081,66.06556],[25.50425,66.0634],[25.52038,66.06235],[25.53892,66.06716],[25.56072,66.06542],[25.5863,66.06702],[25.59162,66.06563],[25.59832,66.06688],[25.62149,66.06995],[25.63128,66.07586],[25.64054,66.07913],[25.65737,66.07879],[25.67522,66.08254],[25.67865,66.08234],[25.68226,66.08115],[25.70354,66.08108],[25.71693,66.08359],[25.73067,66.0886],[25.74088,66.08921],[25.74346,66.09062],[25.74703,66.09116],[25.7493,66.09209],[25.75062,66.09458],[25.74851,66.09671],[25.74926,66.09883],[25.75092,66.10049],[25.76274,66.10723],[25.76235,66.11014],[25.76315,66.11065],[25.76713,66.11148],[25.76964,66.11583],[25.77661,66.11827],[25.77723,66.11948],[25.80961,66.12917],[25.83495,66.13382],[25.84641,66.13466],[25.85529,66.13365],[25.87312,66.13332],[25.87864,66.1337],[25.8851,66.13582],[25.93005,66.14373],[25.93434,66.14774],[25.92937,66.15253],[25.92267,66.15607],[25.91658,66.15756],[25.9164,66.15898],[25.92323,66.1603],[25.93602,66.16126],[25.96271,66.16172],[25.9682,66.15985],[25.97876,66.15496],[25.98704,66.15416],[25.99185,66.15152],[25.99631,66.15073],[25.99717,66.1484],[26.00018,66.14698],[26.02335,66.14403],[26.03537,66.14677],[26.04794,66.14491],[26.05197,66.14467],[26.06629,66.14657],[26.07137,66.1466],[26.09068,66.14345],[26.10176,66.14302],[26.11187,66.14102],[26.11548,66.14098],[26.11627,66.14126],[26.11974,66.14061],[26.13257,66.13969],[26.15,66.13925],[26.15162,66.13871],[26.15822,66.14009],[26.18012,66.14226],[26.18813,66.1438],[26.19613,66.1445],[26.20332,66.14449],[26.20951,66.1456],[26.22256,66.15166],[26.23235,66.15541],[26.2429,66.16384],[26.25209,66.1593],[26.26171,66.15263],[26.27501,66.15532],[26.28656,66.1592],[26.29294,66.15928],[26.30775,66.15821],[26.31771,66.15998],[26.33,66.16463],[26.34075,66.16557],[26.35114,66.16488],[26.3557,66.16282],[26.36876,66.16239],[26.38178,66.16495],[26.39118,66.16358],[26.40465,66.1636],[26.41435,66.16198],[26.42491,66.15893],[26.42877,66.15839],[26.44795,66.15964],[26.45229,66.159],[26.45632,66.15692],[26.47735,66.1509],[26.48229,66.15142],[26.49113,66.15102],[26.49714,66.1518],[26.50477,66.15027],[26.50992,66.14701],[26.51439,66.14597],[26.52486,66.14614],[26.53713,66.14378],[26.54717,66.14555],[26.5555,66.14483],[26.56288,66.14677],[26.59575,66.14812],[26.60305,66.15152],[26.61429,66.1508],[26.62039,66.15163],[26.62365,66.15149],[26.63,66.1501],[26.64064,66.15014],[26.6573,66.15413],[26.68536,66.15531],[26.7009,66.1527],[26.70701,66.14961],[26.71918,66.14751],[26.72059,66.14574],[26.72452,66.14496],[26.72802,66.14552],[26.73675,66.1458],[26.74838,66.14431],[26.77471,66.14751],[26.79402,66.1462],[26.80265,66.14672],[26.81166,66.14616],[26.826,66.14844],[26.84072,66.14732],[26.84831,66.14916],[26.85093,66.15142],[26.86762,66.15577],[26.88018,66.15741],[26.90097,66.16575],[26.84132,66.17938],[26.82243,66.1906],[26.83239,66.20543],[26.86684,66.22305],[26.88927,66.22126],[26.89555,66.21528],[26.90153,66.21344],[26.91727,66.21221],[26.95395,66.19838],[26.99444,66.19875],[27.0163,66.19605],[27.04066,66.21724],[27.0188,66.22925],[27.01733,66.23309],[27.0009,66.23629],[27.00002,66.24227],[26.97845,66.24956],[26.96862,66.2495],[26.96304,66.25616],[26.94309,66.26578],[26.93548,66.27223],[26.95361,66.27224],[26.97981,66.26765],[26.98704,66.26505],[26.99218,66.25854],[27.01062,66.25202],[27.01796,66.24569],[27.03273,66.24241],[27.05013,66.2407],[27.0561,66.23814],[27.0604,66.22939],[27.07685,66.2213],[27.09551,66.22251],[27.12255,66.22965],[27.15021,66.24461],[27.13405,66.25563],[27.14139,66.26992],[27.13479,66.28025],[27.13973,66.28662],[27.1464,66.29012],[27.09812,66.31607],[27.10516,66.31965],[27.10825,66.32862],[27.10642,66.32958],[27.10224,66.33011],[27.09906,66.33242],[27.09928,66.33321],[27.08975,66.33557],[27.0928,66.33833],[27.1007,66.33811],[27.13359,66.3417],[27.14047,66.33595],[27.14516,66.33415],[27.14973,66.33358],[27.15233,66.33512],[27.15267,66.34],[27.15726,66.34005],[27.15803,66.33857],[27.15872,66.33875],[27.16146,66.34333],[27.16524,66.34536],[27.16507,66.34853],[27.16739,66.35317],[27.16902,66.35407],[27.17503,66.35546],[27.17867,66.35748],[27.19039,66.36109],[27.19232,66.36715],[27.2052,66.37141],[27.23253,66.36794],[27.2382,66.36753],[27.24987,66.36806],[27.26571,66.3699],[27.2697,66.3715],[27.27365,66.37215],[27.28691,66.37205],[27.29416,66.37315],[27.3063,66.37231],[27.31802,66.36925],[27.33587,66.37136],[27.34394,66.37558],[27.32896,66.38247],[27.32913,66.38562],[27.32755,66.38778],[27.32763,66.39469],[27.3251,66.39638],[27.3172,66.39808],[27.33008,66.40416],[27.33622,66.40236],[27.34497,66.40088],[27.36995,66.40559],[27.37218,66.40593],[27.3801,66.40611],[27.3854,66.40717],[27.39175,66.41132],[27.4078,66.41634],[27.41089,66.4184],[27.4102,66.42255],[27.40531,66.42921],[27.37527,66.4417],[27.37398,66.44307],[27.3726,66.45026],[27.37487,66.45852],[27.37455,66.45969],[27.36833,66.45971],[27.36614,66.4601],[27.3612,66.46488],[27.35504,66.4726],[27.3539,66.48564],[27.33819,66.49909],[27.34343,66.50317],[27.34677,66.50306],[27.35072,66.5007],[27.35471,66.5006],[27.37657,66.48822],[27.38019,66.48728],[27.37954,66.48659],[27.39767,66.48365],[27.40179,66.48561],[27.40016,66.489],[27.40108,66.49263],[27.40306,66.49426],[27.40803,66.49577],[27.41447,66.49525],[27.42027,66.49554],[27.43089,66.49419],[27.43668,66.49427],[27.44346,66.49271],[27.44664,66.49107],[27.45159,66.4909],[27.45284,66.4905],[27.45574,66.48806],[27.45655,66.48516],[27.46127,66.48232],[27.45717,66.4776],[27.4619,66.47316],[27.47767,66.47154],[27.49942,66.47302],[27.51329,66.47127],[27.52212,66.46588],[27.54451,66.46238],[27.5423,66.45389],[27.5609,66.45012],[27.58234,66.44046],[27.61776,66.43543],[27.63646,66.42977],[27.64414,66.42892],[27.64739,66.42689],[27.66358,66.4246],[27.67262,66.42636],[27.68859,66.42721],[27.69132,66.42905],[27.69122,66.43305],[27.70173,66.43309],[27.70593,66.43669],[27.70898,66.4427],[27.72453,66.44351],[27.73315,66.44652],[27.74692,66.44989],[27.75774,66.44922],[27.76247,66.45083],[27.76952,66.45079],[27.76647,66.4578],[27.75417,66.4644],[27.75323,66.48259],[27.76521,66.49364],[27.76615,66.50253],[27.77435,66.51399],[27.75533,66.52256],[27.70614,66.53478],[27.695,66.54628],[27.699,66.55221],[27.71593,66.56402],[27.72022,66.57128],[27.71911,66.57249],[27.70825,66.5765],[27.70486,66.58117],[27.71653,66.58068],[27.72387,66.57849],[27.72657,66.57684],[27.73044,66.57616],[27.74361,66.57892],[27.74846,66.57882],[27.75177,66.57982],[27.75764,66.57986],[27.75958,66.58085],[27.76588,66.58165],[27.77327,66.58397],[27.77824,66.59297],[27.78374,66.5951],[27.78666,66.59836],[27.79131,66.60032],[27.79507,66.60051],[27.79369,66.60466],[27.79395,66.60833],[27.79932,66.60572],[27.81249,66.60212],[27.87849,66.5884],[27.89253,66.58219],[27.9121,66.58097],[27.92338,66.57853],[27.9257,66.57875],[27.92845,66.57825],[27.9348,66.57578],[27.93849,66.57343],[27.95145,66.56936],[27.95609,66.56704],[27.99522,66.56629],[28.02063,66.5611],[28.04003,66.55946],[28.06423,66.56274],[28.07925,66.55929],[28.08389,66.5569],[28.09668,66.568],[28.09393,66.57327],[28.09513,66.57457],[28.10655,66.57631],[28.11363,66.57815],[28.12273,66.58216],[28.13667,66.58451],[28.14311,66.58673],[28.14912,66.58939],[28.15856,66.5971],[28.16749,66.59829],[28.1747,66.60068],[28.19229,66.60095],[28.20311,66.60357],[28.2122,66.60293],[28.2165,66.60395],[28.22298,66.60364],[28.22873,66.60427],[28.23128,66.60397],[28.23403,66.60322],[28.23692,66.60087],[28.24104,66.60016],[28.24855,66.59809],[28.25269,66.59798],[28.25488,66.59849],[28.25679,66.59977],[28.25656,66.60464],[28.2625,66.60778],[28.25997,66.61231],[28.26735,66.62133],[28.26664,66.62195],[28.25126,66.62707],[28.24435,66.62876],[28.24261,66.63101],[28.23149,66.63504],[28.22016,66.64115],[28.22001,66.64354],[28.22411,66.64667],[28.22246,66.64918],[28.22516,66.65198],[28.22474,66.65649],[28.22583,66.65757],[28.23699,66.66236],[28.24808,66.6738],[28.2437,66.67599],[28.24426,66.67895],[28.25372,66.67647]]}},{"type":"Feature","properties":{"name":"TET_FIN-12_20260802","country":"FI","lengthKm":169.4},"geometry":{"type":"LineString","coordinates":[[26.11502,65.45523],[26.1466,65.44318],[26.19681,65.43601],[26.20694,65.43793],[26.23544,65.43915],[26.25295,65.43194],[26.27149,65.43005],[26.28101,65.43101],[26.29938,65.42923],[26.31552,65.43008],[26.34933,65.42312],[26.35509,65.42591],[26.39465,65.42741],[26.41637,65.43108],[26.42624,65.43069],[26.43396,65.42915],[26.4586,65.43046],[26.49962,65.43055],[26.51276,65.4293],[26.52829,65.43115],[26.54383,65.43126],[26.56666,65.43058],[26.57893,65.43287],[26.60648,65.4294],[26.61507,65.43536],[26.62099,65.43158],[26.63412,65.43005],[26.64073,65.42737],[26.64991,65.42673],[26.65575,65.42566],[26.66193,65.42298],[26.66948,65.42043],[26.67071,65.41958],[26.67397,65.41917],[26.67807,65.41999],[26.67776,65.42556],[26.69296,65.42457],[26.69851,65.42223],[26.70312,65.42143],[26.71706,65.42174],[26.72062,65.42237],[26.72681,65.42215],[26.72911,65.41896],[26.73655,65.41725],[26.75238,65.41981],[26.78635,65.40704],[26.79427,65.40622],[26.81056,65.40823],[26.81173,65.40238],[26.82318,65.39697],[26.83888,65.39232],[26.84915,65.39087],[26.86176,65.39119],[26.87805,65.38918],[26.89375,65.38924],[26.89991,65.38817],[26.9407,65.3915],[26.94774,65.39666],[26.96256,65.39345],[26.97694,65.3915],[26.98295,65.38974],[26.99366,65.37886],[26.99968,65.37509],[26.99029,65.36968],[26.9853,65.36025],[26.99504,65.35943],[27.0013,65.36086],[27.03238,65.36115],[27.05272,65.35657],[27.0613,65.35159],[27.13623,65.34343],[27.1449,65.3363],[27.18421,65.33082],[27.16661,65.31656],[27.16833,65.29942],[27.19897,65.29637],[27.21537,65.29196],[27.21837,65.28371],[27.2333,65.2803],[27.25596,65.26069],[27.24893,65.25301],[27.25965,65.24172],[27.237,65.23766],[27.25605,65.23245],[27.27837,65.23086],[27.2927,65.22809],[27.29888,65.22025],[27.32059,65.21827],[27.33261,65.22122],[27.37965,65.22184],[27.40737,65.23374],[27.41364,65.24363],[27.39441,65.25883],[27.39304,65.26206],[27.38102,65.26554],[27.38428,65.27096],[27.39986,65.27974],[27.43844,65.27403],[27.46153,65.26436],[27.46423,65.26147],[27.51097,65.26669],[27.51324,65.26746],[27.505,65.26827],[27.50191,65.27594],[27.48569,65.29119],[27.50088,65.2904],[27.52079,65.2927],[27.5271,65.29198],[27.55328,65.29736],[27.57877,65.31993],[27.57607,65.32199],[27.57525,65.32588],[27.58083,65.32726],[27.59493,65.32841],[27.60534,65.33449],[27.62126,65.33834],[27.62838,65.33846],[27.63602,65.33721],[27.64066,65.33535],[27.6431,65.33145],[27.6489,65.32849],[27.66078,65.32525],[27.67151,65.32466],[27.681,65.32674],[27.70192,65.32649],[27.70177,65.32783],[27.70297,65.32907],[27.7234,65.33301],[27.76065,65.33437],[27.78399,65.33175],[27.79833,65.33612],[27.82562,65.33963],[27.8403,65.34504],[27.87935,65.35052],[27.88914,65.36118],[27.87678,65.37086],[27.82296,65.36898],[27.78043,65.37056],[27.7791,65.37108],[27.77807,65.37353],[27.78597,65.38054],[27.79871,65.38727],[27.81773,65.40137],[27.81635,65.41291],[27.83386,65.41941],[27.85386,65.42216],[27.8754,65.43022],[27.86021,65.44525],[27.87824,65.46026],[27.89695,65.46357],[27.90449,65.47984],[27.90326,65.48853],[27.90705,65.49149],[27.90651,65.49217],[27.92928,65.49672],[27.93771,65.4991],[27.95119,65.50126],[27.95059,65.49595],[27.91755,65.48559],[27.91368,65.48021],[27.9227,65.47904],[27.92227,65.47697],[27.96235,65.47291],[27.9966,65.47637],[27.99952,65.48021],[28.01037,65.4805],[28.01874,65.47986],[28.0223,65.48009],[28.0266,65.4798],[28.04852,65.47441],[28.08337,65.47512],[28.10071,65.47098],[28.12723,65.4681],[28.14603,65.46728],[28.14919,65.46817],[28.15464,65.4682],[28.16182,65.46903],[28.16952,65.47264],[28.17798,65.48044],[28.19482,65.48162],[28.20877,65.48107],[28.21019,65.48271],[28.20667,65.48817],[28.18946,65.50818]]}},{"type":"Feature","properties":{"name":"TET_FIN-13_20260802","country":"FI","lengthKm":79.2},"geometry":{"type":"LineString","coordinates":[[23.77454,60.55569],[23.77796,60.55359],[23.77915,60.55204],[23.78265,60.55208],[23.78405,60.55134],[23.78677,60.55095],[23.78959,60.55167],[23.79483,60.55117],[23.79842,60.5501],[23.79833,60.54852],[23.80111,60.54731],[23.8046,60.54657],[23.80577,60.54678],[23.80998,60.54585],[23.81147,60.54585],[23.81361,60.54526],[23.81445,60.54537],[23.81658,60.54726],[23.81794,60.5471],[23.82156,60.54888],[23.82459,60.54861],[23.8257,60.54797],[23.8274,60.54778],[23.82803,60.54785],[23.8286,60.5494],[23.83152,60.54904],[23.84207,60.54429],[23.84573,60.54533],[23.84678,60.54829],[23.84792,60.54887],[23.8512,60.54998],[23.85565,60.5497],[23.85813,60.54919],[23.85725,60.54774],[23.86351,60.54413],[23.86992,60.54219],[23.8726,60.54338],[23.87588,60.54413],[23.879,60.54626],[23.88471,60.54741],[23.8896,60.54761],[23.89032,60.54901],[23.89102,60.54921],[23.89679,60.5469],[23.90297,60.54612],[23.90577,60.54424],[23.90949,60.54276],[23.91523,60.54312],[23.91972,60.5448],[23.92474,60.54382],[23.93495,60.54408],[23.9369,60.54518],[23.93958,60.54588],[23.94522,60.54621],[23.94939,60.54753],[23.95894,60.54841],[23.96184,60.54825],[23.96948,60.54966],[23.97382,60.54925],[23.97475,60.54881],[23.96985,60.54661],[23.9686,60.54384],[23.96985,60.542],[23.9691,60.54007],[23.97163,60.53833],[23.97776,60.53743],[23.98009,60.53902],[23.98407,60.53938],[23.98637,60.53911],[23.98796,60.53976],[23.99138,60.54035],[23.99312,60.54008],[23.99416,60.53938],[23.9981,60.53833],[24.00175,60.53537],[24.00408,60.53437],[24.00582,60.53177],[24.00799,60.53049],[24.00866,60.52942],[24.01318,60.52769],[24.01832,60.5232],[24.02103,60.52203],[24.023,60.52266],[24.02577,60.52264],[24.02729,60.52431],[24.02922,60.52501],[24.03257,60.52536],[24.03326,60.52628],[24.04154,60.52959],[24.04207,60.53149],[24.04491,60.53217],[24.04604,60.53311],[24.0467,60.5352],[24.05429,60.53763],[24.05301,60.5385],[24.04954,60.53952],[24.04672,60.54222],[24.04836,60.54309],[24.04721,60.54484],[24.04803,60.54524],[24.05599,60.54497],[24.05845,60.54585],[24.06718,60.54711],[24.06814,60.54752],[24.07052,60.55078],[24.07203,60.55087],[24.07464,60.54997],[24.07937,60.54975],[24.08563,60.55287],[24.0862,60.5553],[24.08544,60.55594],[24.0797,60.55751],[24.07661,60.55743],[24.07598,60.55856],[24.07731,60.55974],[24.0804,60.56021],[24.08251,60.561],[24.08648,60.56143],[24.08828,60.56209],[24.08982,60.56168],[24.09086,60.56187],[24.09083,60.56269],[24.08828,60.5637],[24.08692,60.56602],[24.08333,60.56858],[24.08273,60.57],[24.08484,60.57116],[24.09216,60.57138],[24.09607,60.57219],[24.10285,60.57221],[24.10521,60.57194],[24.11196,60.57013],[24.11385,60.56825],[24.11978,60.56702],[24.12252,60.56529],[24.12722,60.56463],[24.12986,60.56189],[24.13141,60.55834],[24.13559,60.55615],[24.1394,60.55513],[24.14451,60.55477],[24.14956,60.55341],[24.15066,60.5524],[24.15224,60.54883],[24.15845,60.54982],[24.1642,60.54989],[24.16534,60.54953],[24.16862,60.54978],[24.17417,60.5495],[24.17536,60.54914],[24.17713,60.55148],[24.17814,60.55201],[24.18028,60.55229],[24.18192,60.55186],[24.1827,60.55065],[24.18947,60.55043],[24.19239,60.54994],[24.19863,60.54777],[24.20311,60.54829],[24.20815,60.54746],[24.20522,60.54873],[24.2029,60.55123],[24.20258,60.5529],[24.20403,60.55347],[24.20007,60.5573],[24.20063,60.55902],[24.19956,60.56285],[24.20069,60.56487],[24.19812,60.56619],[24.1956,60.56983],[24.19504,60.57177],[24.19,60.57694],[24.19158,60.58099],[24.189,60.58241],[24.18768,60.58449],[24.18951,60.58737],[24.18565,60.59032],[24.1818,60.59053],[24.17753,60.59159],[24.17595,60.59271],[24.17715,60.59408],[24.18166,60.59615],[24.19009,60.59551],[24.18879,60.59693],[24.18946,60.5984],[24.18845,60.59915],[24.1856,60.59984],[24.1843,60.60086],[24.18166,60.60161],[24.18114,60.60245],[24.17655,60.60482],[24.17447,60.60911],[24.17246,60.61115],[24.17255,60.61306],[24.17101,60.61571],[24.17578,60.61803],[24.17799,60.61859],[24.1785,60.61966],[24.17801,60.62175],[24.1799,60.62269],[24.18361,60.62296],[24.186,60.62218],[24.18861,60.62296],[24.18968,60.62457],[24.19137,60.62551],[24.19773,60.62524],[24.19927,60.62466],[24.20046,60.62533],[24.20226,60.62526],[24.20607,60.6262],[24.20914,60.62572],[24.21096,60.6259],[24.21292,60.62731],[24.2144,60.62749],[24.21851,60.62694],[24.22139,60.62736],[24.2225,60.62775],[24.22401,60.62936],[24.22669,60.62961],[24.24083,60.6261],[24.24506,60.62681],[24.24846,60.62987],[24.25142,60.63029],[24.25703,60.62882],[24.26238,60.6246],[24.27143,60.62325],[24.28092,60.62449],[24.28903,60.62274],[24.29425,60.62229],[24.2936,60.63185],[24.29858,60.63942],[24.29493,60.64147],[24.29135,60.64194],[24.28668,60.64419],[24.28379,60.64801],[24.28107,60.64922],[24.27832,60.64955],[24.27728,60.65051],[24.27399,60.65063],[24.27159,60.65145],[24.26671,60.64971],[24.26388,60.64949],[24.25929,60.64726],[24.2559,60.64763],[24.25184,60.6464],[24.25093,60.64537],[24.24857,60.64478],[24.24669,60.64339],[24.24375,60.6432],[24.24112,60.64187],[24.24156,60.6402],[24.23458,60.64004],[24.22801,60.6443],[24.22342,60.65006],[24.21839,60.6519],[24.21405,60.65564],[24.2104,60.65669],[24.20537,60.65707],[24.20116,60.65917],[24.18852,60.66847],[24.18078,60.67116],[24.17692,60.67302],[24.16607,60.6851],[24.16915,60.69121],[24.16859,60.69596],[24.16418,60.69644],[24.15752,60.69949],[24.15393,60.70027],[24.14331,60.70431],[24.13639,60.7062],[24.13457,60.70763],[24.13526,60.7107],[24.13916,60.71434],[24.14067,60.71852],[24.14111,60.72296],[24.14645,60.73256],[24.14608,60.7342],[24.1467,60.73625],[24.14306,60.73808],[24.1401,60.73862],[24.12949,60.73835],[24.12593,60.73741],[24.12191,60.73438],[24.11956,60.73366],[24.11675,60.73343],[24.11256,60.73423],[24.11034,60.73538],[24.10845,60.73553],[24.09768,60.73375],[24.09353,60.73251]]}},{"type":"Feature","properties":{"name":"TET_FIN-14_20260802","country":"FI","lengthKm":328.7},"geometry":{"type":"LineString","coordinates":[[24.44142,60.12638],[24.44644,60.12953],[24.44741,60.13095],[24.44501,60.13372],[24.4451,60.13508],[24.44812,60.13839],[24.45415,60.14026],[24.45784,60.14053],[24.45856,60.14135],[24.46249,60.14238],[24.46292,60.14283],[24.45905,60.14709],[24.45946,60.14901],[24.46152,60.15162],[24.46859,60.15302],[24.47099,60.15407],[24.47153,60.15501],[24.47336,60.15526],[24.47989,60.1575],[24.48167,60.1573],[24.48551,60.15775],[24.48862,60.15707],[24.49777,60.15655],[24.50261,60.15695],[24.50629,60.1567],[24.51582,60.15943],[24.51876,60.15968],[24.52717,60.15825],[24.53219,60.15651],[24.53676,60.15937],[24.53868,60.16161],[24.54193,60.16815],[24.54401,60.17002],[24.54826,60.17223],[24.5474,60.17682],[24.54831,60.17957],[24.55642,60.18268],[24.55898,60.18443],[24.56207,60.18498],[24.56579,60.18903],[24.56913,60.19006],[24.5737,60.19058],[24.57736,60.19254],[24.57907,60.19491],[24.57839,60.19656],[24.57981,60.19801],[24.58346,60.19869],[24.59084,60.19502],[24.59316,60.19476],[24.59219,60.19212],[24.5967,60.19175],[24.59991,60.19004],[24.60324,60.19111],[24.60411,60.19094],[24.61175,60.1937],[24.61737,60.19699],[24.62277,60.19852],[24.62859,60.20129],[24.6307,60.20176],[24.63175,60.20265],[24.63397,60.20283],[24.639,60.20495],[24.63931,60.20658],[24.64217,60.20829],[24.64186,60.21043],[24.64293,60.21201],[24.64675,60.21465],[24.65184,60.21469],[24.6529,60.21393],[24.65731,60.21512],[24.65983,60.21658],[24.66311,60.22008],[24.66635,60.22157],[24.66816,60.22105],[24.67001,60.22119],[24.67445,60.22241],[24.67661,60.22251],[24.6789,60.22465],[24.68147,60.22553],[24.68746,60.2264],[24.70009,60.23303],[24.7036,60.23368],[24.70551,60.23549],[24.7044,60.23811],[24.70625,60.23921],[24.71693,60.23463],[24.72779,60.23601],[24.73111,60.23701],[24.73427,60.23911],[24.74082,60.24038],[24.74885,60.24389],[24.75257,60.24747],[24.75539,60.24894],[24.7609,60.25017],[24.7639,60.25044],[24.76857,60.25207],[24.77995,60.25479],[24.79299,60.25406],[24.7963,60.2543],[24.79088,60.25835],[24.78873,60.25928],[24.78894,60.26099],[24.78365,60.26442],[24.78395,60.2658],[24.78915,60.26656],[24.79484,60.26878],[24.79574,60.27021],[24.79925,60.27118],[24.80157,60.27087],[24.80614,60.27107],[24.80794,60.27153],[24.81047,60.27341],[24.8173,60.27577],[24.82326,60.27855],[24.8261,60.2805],[24.8324,60.28099],[24.84929,60.28495],[24.85425,60.2865],[24.85935,60.28722],[24.86434,60.28889],[24.8667,60.29082],[24.86787,60.29089],[24.87024,60.29007],[24.87294,60.28813],[24.87981,60.28724],[24.8876,60.28788],[24.89141,60.28772],[24.89618,60.28639],[24.90566,60.28582],[24.91224,60.28438],[24.91855,60.28366],[24.92556,60.28044],[24.93246,60.281],[24.93774,60.28238],[24.94282,60.28505],[24.95013,60.28612],[24.95834,60.28653],[24.95995,60.28637],[24.96582,60.28427],[24.96786,60.28433],[24.97064,60.28378],[24.97357,60.28245],[24.98231,60.28131],[24.98392,60.28289],[24.98328,60.2837],[24.9835,60.28474],[24.98423,60.28543],[24.98701,60.2862],[24.98833,60.28747],[24.9973,60.28921],[25.00202,60.28888],[25.00384,60.28908],[25.00798,60.29045],[25.00958,60.29203],[25.01489,60.29204],[25.0304,60.28931],[25.03822,60.28932],[25.04103,60.29006],[25.04463,60.29005],[25.05251,60.29362],[25.06144,60.29561],[25.06659,60.29531],[25.07,60.29381],[25.07676,60.28901],[25.07934,60.28759],[25.08063,60.28746],[25.08414,60.29432],[25.09139,60.29362],[25.09336,60.29393],[25.09726,60.29374],[25.0993,60.29714],[25.10192,60.29708],[25.10477,60.30492],[25.10721,60.30525],[25.11105,60.30786],[25.11673,60.30738],[25.12091,60.30845],[25.12207,60.30909],[25.12387,60.31063],[25.12414,60.31189],[25.12321,60.31313],[25.12402,60.31718],[25.13627,60.32311],[25.13689,60.32392],[25.13599,60.32636],[25.13385,60.32782],[25.13365,60.32895],[25.1369,60.33015],[25.13798,60.3316],[25.14148,60.33238],[25.14391,60.33647],[25.14887,60.33795],[25.1521,60.34031],[25.15183,60.34222],[25.15271,60.34377],[25.15296,60.34858],[25.1568,60.35121],[25.15854,60.35396],[25.1582,60.35451],[25.16176,60.35563],[25.16906,60.35737],[25.17706,60.35846],[25.18084,60.35591],[25.18168,60.3543],[25.18561,60.35353],[25.18748,60.35248],[25.18892,60.35227],[25.19041,60.35235],[25.19304,60.35177],[25.19952,60.35203],[25.2029,60.35057],[25.20635,60.3501],[25.21443,60.34726],[25.21786,60.34566],[25.21996,60.34398],[25.22247,60.34303],[25.22714,60.34298],[25.23034,60.34207],[25.23527,60.33982],[25.24189,60.33937],[25.24246,60.33889],[25.24533,60.33948],[25.24726,60.34037],[25.2493,60.34046],[25.25083,60.34095],[25.25304,60.34205],[25.25622,60.34499],[25.25847,60.34861],[25.26107,60.3503],[25.26292,60.35196],[25.26406,60.35409],[25.26612,60.35479],[25.26666,60.3559],[25.26661,60.35929],[25.26231,60.36212],[25.25809,60.37015],[25.26237,60.37161],[25.26591,60.3736],[25.26869,60.37669],[25.27205,60.3762],[25.27763,60.38379],[25.28657,60.38912],[25.29066,60.39034],[25.29205,60.39156],[25.29447,60.39238],[25.2975,60.39441],[25.29968,60.39876],[25.2984,60.40038],[25.29832,60.40165],[25.30195,60.40448],[25.30778,60.40654],[25.31237,60.40531],[25.3154,60.40709],[25.31762,60.40761],[25.31952,60.40976],[25.32256,60.41053],[25.32502,60.41062],[25.3272,60.41156],[25.32948,60.41379],[25.33026,60.41582],[25.33132,60.41647],[25.33381,60.42236],[25.33642,60.42459],[25.33835,60.42508],[25.34356,60.42549],[25.34791,60.42507],[25.34988,60.42579],[25.35361,60.42934],[25.35564,60.4304],[25.36189,60.4325],[25.36819,60.4355],[25.37244,60.43868],[25.37437,60.4395],[25.37708,60.44026],[25.38446,60.43659],[25.38559,60.43492],[25.38701,60.43452],[25.39317,60.43429],[25.3996,60.43229],[25.40144,60.43334],[25.40653,60.43384],[25.40767,60.43474],[25.40896,60.43505],[25.41431,60.43492],[25.41732,60.4355],[25.42203,60.43507],[25.42629,60.4352],[25.43129,60.43391],[25.43485,60.43359],[25.44674,60.43815],[25.45409,60.43777],[25.45663,60.43818],[25.45922,60.43799],[25.46327,60.43704],[25.46438,60.4383],[25.46917,60.44091],[25.47502,60.44309],[25.47589,60.44428],[25.48409,60.44858],[25.48838,60.44906],[25.49952,60.44651],[25.50491,60.44714],[25.51221,60.45],[25.51886,60.45169],[25.52067,60.45183],[25.52378,60.45134],[25.53051,60.45434],[25.53344,60.45616],[25.54757,60.45456],[25.55509,60.45481],[25.56904,60.45624],[25.57288,60.45945],[25.5735,60.46059],[25.57621,60.45969],[25.57753,60.45871],[25.57814,60.45541],[25.58155,60.45282],[25.593,60.45555],[25.60655,60.45454],[25.6089,60.45499],[25.60836,60.45567],[25.6089,60.45643],[25.6136,60.4575],[25.6134,60.46278],[25.61575,60.46724],[25.59183,60.49762],[25.59146,60.50264],[25.5821,60.50987],[25.58154,60.51188],[25.58196,60.51285],[25.58477,60.51538],[25.58403,60.51692],[25.58896,60.51819],[25.59196,60.51849],[25.59365,60.51986],[25.60442,60.51825],[25.61422,60.51775],[25.61883,60.518],[25.62835,60.51674],[25.63126,60.51592],[25.63426,60.51688],[25.63734,60.51712],[25.64225,60.51815],[25.64706,60.51983],[25.64802,60.5208],[25.64665,60.52208],[25.64783,60.52313],[25.64959,60.52357],[25.65484,60.5227],[25.66189,60.5232],[25.66476,60.52427],[25.66672,60.52574],[25.66632,60.52716],[25.66841,60.5281],[25.67203,60.52896],[25.68469,60.52917],[25.68602,60.53082],[25.68409,60.53153],[25.68178,60.53331],[25.68211,60.5348],[25.68392,60.53603],[25.68787,60.53745],[25.68867,60.5405],[25.68829,60.54363],[25.68993,60.54659],[25.68922,60.54726],[25.69042,60.54773],[25.69008,60.54921],[25.69147,60.54987],[25.6921,60.55159],[25.69326,60.55188],[25.69446,60.55324],[25.69704,60.55384],[25.69632,60.55475],[25.69752,60.55655],[25.69894,60.56243],[25.69002,60.56995],[25.68642,60.57182],[25.68059,60.57313],[25.6691,60.57444],[25.6657,60.57429],[25.65775,60.57788],[25.65589,60.58095],[25.65737,60.58401],[25.65737,60.58575],[25.65974,60.58615],[25.65834,60.58947],[25.66059,60.59026],[25.66563,60.59478],[25.66916,60.59655],[25.67172,60.597],[25.67232,60.59903],[25.67508,60.60072],[25.67354,60.60115],[25.66916,60.60368],[25.6657,60.60952],[25.66727,60.61059],[25.6725,60.60992],[25.67644,60.61004],[25.68479,60.60695],[25.69167,60.60648],[25.70352,60.60792],[25.70652,60.60945],[25.7127,60.60985],[25.72108,60.60728],[25.72562,60.60722],[25.73165,60.60627],[25.73493,60.6041],[25.73577,60.60397],[25.74708,60.60422],[25.74994,60.60658],[25.74927,60.60752],[25.74988,60.60903],[25.74935,60.61037],[25.75026,60.611],[25.75288,60.61127],[25.75938,60.60986],[25.76112,60.60798],[25.76678,60.60672],[25.77041,60.60707],[25.77632,60.60686],[25.77981,60.60626],[25.78366,60.6049],[25.78847,60.60248],[25.79097,60.59945],[25.79349,60.5976],[25.79536,60.59722],[25.7982,60.59476],[25.80541,60.59367],[25.809,60.59382],[25.81392,60.59753],[25.81776,60.59797],[25.82341,60.59701],[25.82552,60.59778],[25.82892,60.60143],[25.83173,60.60273],[25.83558,60.60205],[25.83756,60.60234],[25.83914,60.60189],[25.84021,60.60077],[25.84355,60.6004],[25.84743,60.60081],[25.85383,60.599],[25.85831,60.59932],[25.86011,60.60055],[25.86205,60.60068],[25.86951,60.59794],[25.87089,60.59953],[25.87429,60.60098],[25.87502,60.60309],[25.88375,60.60005],[25.88731,60.59937],[25.89148,60.59774],[25.89561,60.5972],[25.89825,60.5958],[25.90125,60.59541],[25.90875,60.59623],[25.91749,60.59304],[25.92272,60.59377],[25.92408,60.59592],[25.92584,60.5968],[25.92758,60.59626],[25.93568,60.59553],[25.93946,60.59456],[25.94113,60.5915],[25.94416,60.58878],[25.94961,60.58776],[25.95293,60.58483],[25.95608,60.58438],[25.96446,60.58102],[25.96837,60.57699],[25.9708,60.57211],[25.97345,60.57002],[25.97641,60.56996],[25.97935,60.56919],[25.98347,60.56698],[25.99111,60.56918],[25.99691,60.57008],[26.00063,60.57017],[26.00249,60.56981],[26.00548,60.57037],[26.00823,60.56908],[26.01292,60.56826],[26.02087,60.56969],[26.02661,60.57182],[26.03661,60.5731],[26.04098,60.57319],[26.04716,60.57182],[26.05013,60.57219],[26.05095,60.57187],[26.05416,60.57311],[26.06223,60.57322],[26.06495,60.57227],[26.07468,60.57147],[26.0765,60.57162],[26.08395,60.57076],[26.08637,60.57188],[26.09163,60.57314],[26.09491,60.57322],[26.09684,60.57207],[26.09882,60.56928],[26.09832,60.56867],[26.09963,60.56771],[26.10166,60.56771],[26.1025,60.56689],[26.10336,60.56719],[26.105,60.56676],[26.11064,60.5689],[26.11946,60.5681],[26.12343,60.56919],[26.12648,60.56919],[26.12982,60.56821],[26.13197,60.56677],[26.13347,60.56649],[26.13523,60.56679],[26.13778,60.56488],[26.14124,60.56447],[26.14283,60.56501],[26.14555,60.56503],[26.14641,60.56434],[26.148,60.56415],[26.14937,60.56329],[26.15173,60.5628],[26.15555,60.55956],[26.15544,60.55475],[26.15656,60.55336],[26.15752,60.54971],[26.15898,60.54849],[26.15982,60.54647],[26.17465,60.54722],[26.17606,60.54368],[26.17763,60.54196],[26.18398,60.54342],[26.19029,60.54741],[26.19342,60.54816],[26.19705,60.54836],[26.20321,60.55091],[26.20711,60.551],[26.21477,60.55188],[26.21761,60.55136],[26.21975,60.54958],[26.22224,60.55014],[26.2243,60.54992],[26.22621,60.55042],[26.23136,60.55312],[26.23917,60.55404],[26.24303,60.5519],[26.24739,60.551],[26.24904,60.54967],[26.25037,60.54924],[26.25378,60.54911],[26.2582,60.55089],[26.26228,60.54904],[26.26857,60.54816],[26.27443,60.5463],[26.27775,60.54643],[26.28101,60.54834],[26.2823,60.54851],[26.28515,60.54698],[26.28683,60.54668],[26.28754,60.5457],[26.29101,60.54495],[26.29236,60.54372],[26.29861,60.54207],[26.30481,60.53819],[26.31292,60.5351],[26.31618,60.53437],[26.31708,60.53342],[26.32498,60.53372],[26.32756,60.53329],[26.33118,60.53087],[26.34088,60.52643],[26.34236,60.52531],[26.34929,60.52336],[26.35624,60.5236],[26.35899,60.52439],[26.36234,60.52413],[26.37184,60.52563],[26.38167,60.52943],[26.38575,60.52988],[26.38974,60.53089],[26.40358,60.53068],[26.41163,60.52885],[26.41246,60.52898],[26.41678,60.53209],[26.41811,60.5322],[26.4198,60.53175],[26.42332,60.53192],[26.4269,60.53272],[26.45021,60.53102],[26.45265,60.52945],[26.45634,60.52842],[26.45802,60.52735],[26.46276,60.52632],[26.47089,60.52383],[26.47506,60.52445],[26.47694,60.52531],[26.48023,60.52516],[26.48473,60.52583],[26.48757,60.52729],[26.49246,60.52737],[26.49857,60.52872],[26.49935,60.52969],[26.499,60.53143],[26.4984,60.53349],[26.49692,60.53503],[26.49844,60.53615],[26.50061,60.53673],[26.50102,60.5378],[26.50621,60.53866],[26.51293,60.53662],[26.51473,60.5366],[26.51722,60.53718],[26.52295,60.53737],[26.52235,60.53587],[26.52447,60.53235],[26.52406,60.53143],[26.52507,60.53091],[26.52825,60.52971],[26.53767,60.52887],[26.54014,60.52819],[26.54164,60.52722],[26.5467,60.52634],[26.54838,60.53241],[26.5466,60.53617],[26.54857,60.5399],[26.5482,60.54413],[26.54956,60.54776],[26.56385,60.55816],[26.56692,60.56655],[26.56998,60.57031],[26.57945,60.57342],[26.58799,60.57325],[26.60738,60.57458],[26.61816,60.57642],[26.62485,60.57936],[26.62702,60.58323],[26.64587,60.57785],[26.64783,60.57898],[26.64691,60.58452],[26.64537,60.58483],[26.64581,60.59067],[26.64839,60.5909],[26.64893,60.59127],[26.64896,60.59263],[26.64805,60.59377],[26.64809,60.59732],[26.64948,60.59856],[26.64845,60.60073],[26.64948,60.60222],[26.65166,60.60285],[26.65362,60.60695],[26.65492,60.60764],[26.65343,60.60987],[26.65126,60.61023],[26.6499,60.61094],[26.65285,60.61286],[26.65298,60.61638],[26.658,60.61848],[26.65901,60.61983],[26.66427,60.6235],[26.66667,60.62771],[26.66442,60.63005],[26.66508,60.63155],[26.66783,60.63262],[26.67594,60.63927],[26.68109,60.64279],[26.68708,60.6446],[26.68815,60.64588],[26.68965,60.64608],[26.69161,60.64764],[26.69193,60.6506],[26.69107,60.65215],[26.69268,60.65346],[26.69236,60.65633],[26.70276,60.65743],[26.7015,60.65904],[26.69852,60.66041],[26.6912,60.66979],[26.69261,60.67311],[26.68871,60.67661],[26.69021,60.67867],[26.69854,60.68431],[26.7006,60.68693],[26.70109,60.69101],[26.69829,60.69945],[26.6976,60.7043],[26.70271,60.71077],[26.70712,60.71163],[26.7079,60.70938],[26.70954,60.70801],[26.71618,60.70754],[26.72143,60.70803],[26.72875,60.70801],[26.73396,60.70724],[26.73774,60.70781],[26.74102,60.70686],[26.74338,60.70699],[26.7467,60.70576],[26.74838,60.70571],[26.75351,60.70681],[26.75616,60.70873],[26.76137,60.70914],[26.76524,60.70747],[26.76625,60.70526],[26.76805,60.70436],[26.77276,60.70354],[26.77545,60.70188],[26.77646,60.70045],[26.77618,60.69872],[26.78419,60.69223],[26.78898,60.69207],[26.79504,60.69034],[26.79655,60.68953],[26.80097,60.68856],[26.80805,60.68869],[26.82645,60.68614],[26.82941,60.68624],[26.83205,60.68691],[26.83685,60.68942],[26.8387,60.69112],[26.84016,60.69076],[26.84669,60.68499],[26.84844,60.68524],[26.85182,60.68494],[26.85186,60.68594],[26.84871,60.688],[26.84821,60.68939],[26.85283,60.68996],[26.85955,60.69001],[26.85986,60.69228],[26.86106,60.69383],[26.86308,60.69309],[26.86437,60.69206],[26.86733,60.69146],[26.88187,60.69131],[26.8836,60.69065],[26.88959,60.6939],[26.89259,60.69405],[26.89243,60.69559],[26.91479,60.69354],[26.92878,60.6953],[26.93122,60.69524],[26.93511,60.69395],[26.93848,60.69013],[26.94245,60.68895],[26.95732,60.68931],[26.96914,60.6883],[26.97757,60.68944],[26.9798,60.68863],[26.9862,60.68961],[26.98955,60.69101],[26.99517,60.69172],[26.99648,60.69223],[26.99882,60.69039],[27.00038,60.6874],[27.00371,60.68601],[27.00491,60.68496],[27.0066,60.68459],[27.01598,60.6864],[27.01772,60.68755],[27.01959,60.68798],[27.0221,60.69041],[27.03345,60.68687],[27.03692,60.68472],[27.04405,60.682],[27.04697,60.68017],[27.0487,60.67401],[27.05538,60.67019],[27.0583,60.66977],[27.06282,60.66743],[27.06291,60.66622],[27.06933,60.65811],[27.07677,60.65444],[27.07718,60.65204],[27.08023,60.65022],[27.08241,60.64998],[27.09055,60.65052],[27.09443,60.65009],[27.09662,60.64914],[27.10241,60.65017],[27.10776,60.64998],[27.11151,60.64863],[27.11529,60.64631],[27.11724,60.64565],[27.12273,60.64475],[27.1258,60.64644],[27.12672,60.64749],[27.13374,60.64964],[27.13692,60.65144],[27.13889,60.65183],[27.14198,60.65161],[27.14335,60.65284],[27.14689,60.65397],[27.1525,60.65384],[27.15348,60.65496],[27.15314,60.65747],[27.15172,60.65848],[27.1493,60.65906],[27.14777,60.65994],[27.1461,60.65979],[27.14132,60.66024],[27.1396,60.66099],[27.13966,60.66271],[27.13698,60.66678],[27.13434,60.66751],[27.13406,60.67026],[27.1316,60.6741],[27.13194,60.67496],[27.13546,60.67683],[27.14033,60.67816],[27.15443,60.67721],[27.15694,60.67805],[27.15874,60.67762],[27.16408,60.6806],[27.16494,60.68255],[27.16335,60.68704],[27.1673,60.68882],[27.17176,60.68955],[27.17664,60.69127],[27.18131,60.69219],[27.18479,60.69116],[27.18528,60.69034],[27.19541,60.68991],[27.20404,60.68835],[27.20741,60.68815],[27.21075,60.68704],[27.21256,60.68457],[27.21326,60.6844],[27.21474,60.68464],[27.21719,60.68436],[27.22165,60.68502],[27.22599,60.68504],[27.22745,60.68584],[27.22949,60.68605],[27.23174,60.68502],[27.238,60.6847],[27.23979,60.68393],[27.23955,60.68309],[27.24157,60.68135],[27.23981,60.67934],[27.24002,60.6782],[27.24335,60.67788],[27.2474,60.67848],[27.24918,60.67753],[27.24946,60.67663],[27.25157,60.67642],[27.25212,60.67562],[27.25101,60.67397],[27.25646,60.67174],[27.25661,60.66895],[27.25453,60.6673],[27.2556,60.66618],[27.25523,60.66487],[27.25605,60.66438],[27.25888,60.66389],[27.26032,60.66077],[27.26176,60.66028],[27.25989,60.65938],[27.26178,60.6585],[27.2624,60.6567],[27.26453,60.65565],[27.27229,60.65505],[27.27766,60.65601],[27.28392,60.65427],[27.28654,60.65528],[27.28802,60.65711],[27.2909,60.65801],[27.29877,60.65912],[27.30184,60.66024],[27.30766,60.66058],[27.31096,60.66144],[27.31341,60.66268],[27.31716,60.66275],[27.31989,60.66153],[27.32214,60.6614],[27.3233,60.66174],[27.32392,60.6614],[27.32502,60.66022],[27.32353,60.65826],[27.32519,60.65689],[27.32647,60.65438],[27.32639,60.65058],[27.32866,60.64889],[27.32592,60.64698],[27.32478,60.64554],[27.3218,60.6447],[27.32416,60.63966],[27.32581,60.63807],[27.32338,60.63706],[27.32386,60.63436],[27.32287,60.63327],[27.31963,60.63264],[27.31729,60.63292],[27.31544,60.63228],[27.3165,60.63183],[27.32083,60.63142],[27.32405,60.63009],[27.32733,60.62998],[27.32894,60.62878],[27.33263,60.62769],[27.33332,60.62588],[27.33546,60.62543],[27.33879,60.6238],[27.33916,60.62307],[27.33839,60.62365],[27.33884,60.6237],[27.34029,60.62149],[27.34252,60.6197],[27.35375,60.6149],[27.35922,60.61537],[27.36235,60.6173],[27.37111,60.61882],[27.37497,60.6181],[27.37709,60.61608],[27.38076,60.61498],[27.38372,60.61352],[27.38666,60.61477],[27.38962,60.61477],[27.3925,60.61561],[27.39673,60.61775],[27.39617,60.62249],[27.39726,60.62337],[27.3987,60.62668],[27.39789,60.62943],[27.4025,60.62784],[27.40286,60.62739],[27.40597,60.62651],[27.40801,60.62644],[27.41087,60.62423],[27.41288,60.62385],[27.41409,60.62404],[27.41767,60.62331],[27.41806,60.62207],[27.41999,60.62003],[27.42782,60.61696],[27.42823,60.6164],[27.43209,60.61531],[27.43454,60.61333],[27.43681,60.61282],[27.43812,60.61516],[27.43762,60.61636],[27.44069,60.61762],[27.44389,60.61724],[27.45121,60.61831],[27.45657,60.61807],[27.45904,60.6176],[27.46355,60.61917],[27.46365,60.62033],[27.46245,60.62228],[27.46445,60.62329],[27.46904,60.62365],[27.47127,60.62498],[27.47524,60.62565],[27.48335,60.62428],[27.48247,60.62365],[27.48397,60.6217],[27.48348,60.62054],[27.48857,60.61852],[27.49007,60.61704],[27.48904,60.61659],[27.48925,60.61443],[27.49326,60.61277],[27.49515,60.61121],[27.4959,60.60979],[27.49764,60.60883],[27.49837,60.60672],[27.49558,60.6052],[27.49384,60.60273],[27.49017,60.60061],[27.48681,60.59327],[27.48743,60.59153],[27.48541,60.58733],[27.48781,60.58516],[27.48809,60.58269],[27.48972,60.579],[27.48814,60.5778],[27.48865,60.5767],[27.49185,60.5746],[27.49217,60.57368],[27.48891,60.57273],[27.48157,60.57308],[27.47801,60.57258],[27.47432,60.57052],[27.47481,60.56816],[27.47631,60.56778],[27.47876,60.56619],[27.4811,60.5658],[27.48569,60.56351],[27.49251,60.56241],[27.49603,60.5611],[27.50539,60.5555],[27.5097,60.55447],[27.51313,60.55299],[27.5159,60.55025],[27.51708,60.54653],[27.51895,60.54495],[27.52603,60.54381],[27.5367,60.5407],[27.53785,60.53825],[27.54056,60.53647],[27.54257,60.5337],[27.54339,60.53175],[27.54313,60.52952],[27.54463,60.52716],[27.5515,60.52705],[27.55841,60.52752],[27.56129,60.52823],[27.56757,60.53091],[27.57116,60.53149],[27.57525,60.53083],[27.57892,60.52922],[27.58178,60.52913],[27.58476,60.52737],[27.586,60.52742],[27.5874,60.52845],[27.58873,60.52868],[27.59379,60.52778],[27.59598,60.52662],[27.60103,60.52714],[27.60186,60.52767],[27.60227,60.53042],[27.60474,60.53164],[27.60626,60.53347],[27.60813,60.53355],[27.6095,60.53411],[27.61173,60.5337],[27.61506,60.53417],[27.61772,60.5375],[27.61774,60.53945],[27.61873,60.5401],[27.61974,60.54031],[27.62396,60.53982],[27.62971,60.54149],[27.63351,60.54199],[27.6351,60.54304],[27.63744,60.54306],[27.64031,60.54413],[27.63997,60.54542],[27.64231,60.54681],[27.6463,60.54692],[27.64742,60.54741],[27.65566,60.54864],[27.65787,60.5496],[27.6625,60.54992],[27.67383,60.55173],[27.67821,60.55136],[27.68151,60.55194],[27.68344,60.55282],[27.68422,60.55503],[27.68778,60.55735],[27.69057,60.55761],[27.69776,60.56132],[27.69935,60.5619],[27.7007,60.56128],[27.70322,60.56086],[27.70312,60.56046],[27.70213,60.56031],[27.70337,60.56057],[27.69952,60.56173],[27.70106,60.5637],[27.69773,60.56636],[27.69647,60.56937],[27.69722,60.57009],[27.6993,60.57065],[27.70072,60.57333],[27.70505,60.57561],[27.70501,60.57803],[27.70252,60.5802],[27.70241,60.58164],[27.70685,60.5829],[27.70958,60.58537],[27.71645,60.58436],[27.71992,60.58559],[27.72087,60.5866],[27.72496,60.58679],[27.74177,60.58921],[27.7625,60.5931],[27.76303,60.59261],[27.76265,60.59024],[27.7608,60.58851],[27.76297,60.58503],[27.76822,60.58183],[27.77747,60.57917],[27.78239,60.577],[27.78605,60.576],[27.78745,60.57486],[27.78745,60.57374],[27.78844,60.57261],[27.80037,60.56579],[27.80526,60.56415],[27.8065,60.56406],[27.81854,60.5652],[27.83023,60.56718],[27.83599,60.56596],[27.83776,60.56655],[27.83952,60.56961],[27.83751,60.57209],[27.83805,60.57433],[27.83657,60.57868],[27.83794,60.58035],[27.83777,60.58203],[27.835,60.58254],[27.8273,60.58539],[27.82549,60.58722],[27.81888,60.58814],[27.81766,60.5914],[27.81427,60.59303],[27.81307,60.59436],[27.80897,60.59685],[27.8082,60.60007]]}},{"type":"Feature","properties":{"name":"TET_FIN-15_20260802","country":"FI","lengthKm":107.8},"geometry":{"type":"LineString","coordinates":[[21.88101,61.84023],[21.88265,61.84037],[21.88498,61.84142],[21.88713,61.84344],[21.89179,61.84373],[21.89829,61.84514],[21.90359,61.84856],[21.90415,61.85009],[21.90731,61.85071],[21.91109,61.85273],[21.91431,61.85136],[21.91668,61.85088],[21.92299,61.85192],[21.92528,61.8515],[21.92755,61.84991],[21.93318,61.84864],[21.93991,61.84877],[21.94548,61.84752],[21.95357,61.84662],[21.95946,61.84531],[21.9624,61.84589],[21.96555,61.84602],[21.96912,61.84693],[21.97275,61.84615],[21.97444,61.84453],[21.98116,61.84251],[21.9875,61.84213],[21.98957,61.84148],[21.99049,61.84038],[21.9908,61.8376],[21.98717,61.8336],[21.9871,61.83247],[21.98539,61.83179],[21.98344,61.82934],[21.98312,61.82743],[21.97662,61.82206],[21.97493,61.82131],[21.97088,61.81635],[21.97013,61.81376],[21.95785,61.80798],[21.95568,61.80593],[21.95498,61.80248],[21.95196,61.80014],[21.94931,61.79962],[21.95013,61.79747],[21.94889,61.79594],[21.9458,61.79419],[21.93974,61.79322],[21.93954,61.79269],[21.94511,61.79133],[21.94833,61.78651],[21.954,61.7846],[21.96623,61.78185],[21.97134,61.77899],[21.98755,61.77608],[21.99051,61.77837],[21.99288,61.77838],[21.99486,61.77926],[21.99745,61.77942],[22.00186,61.78082],[22.007,61.78067],[22.01253,61.77999],[22.01438,61.78035],[22.01791,61.78013],[22.02871,61.78051],[22.03069,61.78022],[22.03405,61.77866],[22.03781,61.77791],[22.0458,61.77712],[22.04784,61.77746],[22.05316,61.78012],[22.05551,61.78018],[22.05816,61.78104],[22.06985,61.78132],[22.07417,61.78212],[22.07947,61.78235],[22.08134,61.78327],[22.0877,61.78255],[22.10554,61.77292],[22.10838,61.77049],[22.12509,61.7629],[22.12954,61.76192],[22.13029,61.76093],[22.13697,61.75897],[22.13172,61.75629],[22.13364,61.75582],[22.13667,61.75578],[22.14051,61.75435],[22.14531,61.75408],[22.14802,61.75333],[22.15723,61.74942],[22.15798,61.74804],[22.16322,61.74556],[22.16769,61.74589],[22.17349,61.74548],[22.19285,61.7433],[22.19695,61.74481],[22.20017,61.74486],[22.20597,61.74303],[22.21013,61.74268],[22.21278,61.74174],[22.21339,61.73854],[22.21139,61.73559],[22.21316,61.73069],[22.21126,61.72667],[22.20778,61.72538],[22.23332,61.7239],[22.25233,61.72525],[22.26999,61.72471],[22.29713,61.71916],[22.30974,61.71595],[22.32105,61.71391],[22.3361,61.70496],[22.34892,61.69991],[22.35182,61.69819],[22.3575,61.69632],[22.36771,61.69395],[22.37238,61.69499],[22.37482,61.6946],[22.37793,61.69345],[22.39117,61.69118],[22.39537,61.69081],[22.40341,61.6818],[22.41069,61.67737],[22.43057,61.672],[22.43557,61.66961],[22.44811,61.66711],[22.45652,61.66255],[22.47168,61.65256],[22.48048,61.64261],[22.48249,61.64334],[22.48202,61.64568],[22.48,61.65088],[22.47727,61.65349],[22.48103,61.65929],[22.48123,61.6632],[22.47841,61.66753],[22.47317,61.66967],[22.46997,61.67366],[22.46384,61.67644],[22.46392,61.68024],[22.45916,61.68371],[22.45757,61.68835],[22.46007,61.68987],[22.4606,61.6928],[22.46968,61.69544],[22.47292,61.69747],[22.48033,61.69899],[22.48588,61.70208],[22.49545,61.70127],[22.4991,61.70138],[22.5006,61.70214],[22.50556,61.7025],[22.50655,61.70372],[22.5083,61.70437],[22.51123,61.70677],[22.51966,61.711],[22.5245,61.71111],[22.52759,61.7108],[22.52795,61.71209],[22.5324,61.71302],[22.53421,61.71441],[22.53356,61.71634],[22.53921,61.71703],[22.53978,61.71486],[22.5461,61.71223],[22.55071,61.71272],[22.55416,61.71125],[22.55667,61.71143],[22.55901,61.7108],[22.56392,61.71274],[22.56953,61.71182],[22.57165,61.7124],[22.58515,61.72177],[22.59473,61.73215],[22.60084,61.73273],[22.61664,61.72985],[22.62362,61.72474],[22.63007,61.72184],[22.63188,61.72304],[22.63852,61.72456],[22.6442,61.7248],[22.648,61.72591],[22.64967,61.72834],[22.65232,61.72877],[22.65396,61.7286],[22.66228,61.73056],[22.66774,61.72963],[22.67139,61.72975],[22.67682,61.73109],[22.68282,61.73094],[22.68432,61.73131],[22.68831,61.73443],[22.69136,61.73524],[22.69426,61.73791],[22.69785,61.73865],[22.70294,61.74082],[22.70065,61.74293],[22.70079,61.74396],[22.7018,61.74388],[22.70627,61.74575],[22.70724,61.74853],[22.70881,61.74906],[22.71435,61.74883],[22.71494,61.74949],[22.71354,61.75082],[22.7151,61.75135],[22.71616,61.7523],[22.71854,61.75272],[22.71981,61.75415],[22.72659,61.75553],[22.72632,61.75696],[22.72279,61.75989],[22.74817,61.75814],[22.76772,61.75561],[22.77932,61.75149],[22.79591,61.74849],[22.80669,61.74712],[22.81016,61.74534],[22.81249,61.74246],[22.81735,61.74189],[22.82523,61.7385],[22.8374,61.73515],[22.83967,61.73367],[22.84484,61.73292],[22.85253,61.73378],[22.85814,61.73235],[22.86104,61.73095],[22.86413,61.73055],[22.87107,61.73056],[22.86951,61.7346],[22.87068,61.73493],[22.88264,61.73406],[22.89661,61.7351],[22.90154,61.73477],[22.90843,61.73185],[22.91254,61.72956],[22.91337,61.72843],[22.92281,61.72725],[22.9293,61.72872],[22.93013,61.72805],[22.93763,61.72679],[22.94041,61.72528],[22.94407,61.72466],[22.94294,61.71955],[22.93902,61.71871],[22.93848,61.71677],[22.9582,61.70796],[22.96219,61.70513],[22.97544,61.69973],[22.97896,61.69955],[22.98929,61.69709],[22.9983,61.69552],[23.01206,61.69036],[23.03321,61.68731],[23.05876,61.68632],[23.07897,61.68349],[23.09484,61.6842],[23.09698,61.68059],[23.09944,61.68014],[23.10138,61.67883],[23.10482,61.678],[23.10682,61.67682],[23.156,61.67189],[23.15821,61.67097],[23.15872,61.66811],[23.16073,61.66472]]}},{"type":"Feature","properties":{"name":"TET_FIN-16_20260802","country":"FI","lengthKm":102.2},"geometry":{"type":"LineString","coordinates":[[24.12252,63.93726],[24.12454,63.93444],[24.13047,63.92969],[24.13459,63.92271],[24.14077,63.91779],[24.14443,63.91671],[24.15334,63.91689],[24.1577,63.91583],[24.15881,63.91623],[24.15797,63.9167],[24.15837,63.91731],[24.16115,63.91845],[24.1643,63.91905],[24.17041,63.9224],[24.17418,63.92224],[24.17594,63.9243],[24.17741,63.925],[24.18469,63.92662],[24.18746,63.92308],[24.18989,63.92252],[24.20296,63.92227],[24.20664,63.92335],[24.20857,63.9213],[24.21695,63.91888],[24.22379,63.92078],[24.23039,63.92032],[24.24673,63.91148],[24.24786,63.90973],[24.2564,63.90999],[24.25655,63.90745],[24.25768,63.90675],[24.26049,63.90666],[24.26143,63.90627],[24.26214,63.90359],[24.27261,63.90125],[24.27596,63.90148],[24.28026,63.90058],[24.28214,63.89851],[24.2923,63.8964],[24.30264,63.89699],[24.30947,63.89567],[24.31902,63.89646],[24.32748,63.89314],[24.32325,63.89086],[24.33489,63.8861],[24.33799,63.88592],[24.34356,63.88401],[24.34503,63.88191],[24.34892,63.88242],[24.35449,63.88089],[24.36237,63.88197],[24.36542,63.88799],[24.37803,63.89354],[24.39763,63.88354],[24.39894,63.88171],[24.40281,63.88062],[24.40352,63.87739],[24.406,63.87575],[24.41075,63.87671],[24.41282,63.87646],[24.42584,63.86975],[24.43468,63.8699],[24.43825,63.86911],[24.44346,63.86891],[24.44527,63.8683],[24.44693,63.86643],[24.45649,63.8626],[24.46298,63.8605],[24.46897,63.85931],[24.47142,63.85826],[24.4728,63.85823],[24.47506,63.85554],[24.47639,63.85543],[24.47885,63.85434],[24.4818,63.85403],[24.48362,63.85446],[24.48761,63.85082],[24.49419,63.84757],[24.4976,63.84533],[24.50039,63.84232],[24.49696,63.84116],[24.49104,63.84148],[24.48022,63.83931],[24.46997,63.83605],[24.46596,63.83416],[24.46568,63.83319],[24.46066,63.83063],[24.45421,63.8299],[24.45046,63.82994],[24.4557,63.82638],[24.48241,63.81456],[24.49039,63.8085],[24.49698,63.80498],[24.50456,63.78985],[24.51355,63.77922],[24.51423,63.77378],[24.52462,63.76252],[24.52885,63.75521],[24.52923,63.74505],[24.53292,63.73713],[24.53374,63.73142],[24.54402,63.72034],[24.54353,63.72024],[24.54888,63.71299],[24.54891,63.71119],[24.54224,63.6926],[24.53812,63.68843],[24.54693,63.67974],[24.59504,63.64598],[24.60843,63.62454],[24.61658,63.62567],[24.62346,63.62836],[24.62664,63.62874],[24.63241,63.63016],[24.64883,63.62409],[24.66202,63.62009],[24.68448,63.60941],[24.69454,63.6009],[24.72286,63.5905],[24.73467,63.58473],[24.79458,63.56254],[24.81665,63.56619],[24.83002,63.56128],[24.84187,63.55237],[24.85019,63.54893],[24.86941,63.54556],[24.89006,63.5452],[24.88689,63.53886],[24.87924,63.53071],[24.89521,63.5184],[24.90154,63.51563],[24.90717,63.50127],[24.89362,63.49486],[24.88078,63.49088],[24.87453,63.48767],[24.87069,63.48465],[24.85669,63.48139],[24.84107,63.48189],[24.83837,63.47991],[24.83086,63.47666],[24.8181,63.47483],[24.82141,63.47216],[24.82089,63.47015],[24.82689,63.46346],[24.83215,63.46248],[24.8425,63.46485],[24.84656,63.46195],[24.84772,63.45786],[24.84426,63.45645],[24.84223,63.45474],[24.84211,63.45239],[24.84112,63.45085],[24.83487,63.44841],[24.83275,63.44663],[24.83993,63.44543],[24.85615,63.44433],[24.86559,63.44204],[24.88179,63.44151],[24.88782,63.44001],[24.89218,63.4378],[24.8961,63.43351],[24.90266,63.42974],[24.90487,63.4277],[24.91475,63.4251],[24.91984,63.42278],[24.92481,63.4175],[24.9276,63.41177],[24.93078,63.41237],[24.93941,63.41307],[24.94823,63.41313],[24.95478,63.4151],[24.96249,63.41557],[24.96787,63.41294],[24.97044,63.41053],[24.96696,63.40538],[24.96642,63.4035],[24.96748,63.40255],[24.96969,63.40189],[24.97142,63.40013],[24.98367,63.39641],[24.98441,63.39556],[24.98319,63.39438],[24.98421,63.39384],[24.99016,63.39191],[24.99612,63.39145]]}}]}