{"type":"FeatureCollection","features":[{"type":"Feature","properties":{"name":"TET_GR-01_20260426","country":"GR","lengthKm":490.6},"geometry":{"type":"LineString","coordinates":[[20.15877,39.65477],[20.1603,39.65148],[20.16019,39.65049],[20.15744,39.65228],[20.15625,39.65195],[20.15554,39.65105],[20.15934,39.65057],[20.16459,39.64555],[20.16632,39.64458],[20.16733,39.63989],[20.16964,39.63999],[20.16981,39.64051],[20.1705,39.6407],[20.17155,39.64002],[20.17187,39.63915],[20.17338,39.63872],[20.17354,39.63983],[20.17569,39.63985],[20.17755,39.63793],[20.17732,39.63739],[20.17841,39.63681],[20.17873,39.63532],[20.18009,39.6363],[20.18121,39.63608],[20.18294,39.63424],[20.1815,39.63307],[20.1832,39.63047],[20.18398,39.63041],[20.18502,39.63089],[20.18602,39.63219],[20.18629,39.6314],[20.18701,39.63117],[20.18693,39.6319],[20.18897,39.63069],[20.18846,39.63222],[20.19036,39.63175],[20.19069,39.6319],[20.19032,39.63216],[20.19217,39.63207],[20.19337,39.63276],[20.19459,39.63288],[20.1974,39.63241],[20.19577,39.63324],[20.19812,39.63284],[20.19824,39.63363],[20.1968,39.63451],[20.19711,39.6355],[20.19543,39.63598],[20.19754,39.63726],[20.19867,39.63709],[20.2,39.63596],[20.20273,39.63524],[20.20536,39.63577],[20.20525,39.63612],[20.20648,39.63647],[20.20553,39.63755],[20.20606,39.63717],[20.2077,39.63731],[20.20942,39.63636],[20.2102,39.63713],[20.21152,39.63706],[20.21323,39.63755],[20.21334,39.63707],[20.21439,39.637],[20.21863,39.63765],[20.21881,39.63892],[20.21722,39.64155],[20.21861,39.64103],[20.21996,39.64158],[20.21971,39.64039],[20.22094,39.63976],[20.22138,39.63968],[20.22156,39.64029],[20.22228,39.64036],[20.22372,39.63947],[20.22528,39.63976],[20.22532,39.63883],[20.22811,39.63813],[20.22888,39.63739],[20.23242,39.63633],[20.23202,39.63714],[20.23382,39.63738],[20.23385,39.63812],[20.23651,39.63771],[20.23682,39.63834],[20.23902,39.6376],[20.23928,39.63678],[20.24026,39.63671],[20.24041,39.63782],[20.23911,39.63858],[20.23814,39.64088],[20.23647,39.64127],[20.23649,39.6423],[20.23718,39.64291],[20.23707,39.64355],[20.23615,39.64383],[20.23709,39.64439],[20.23746,39.64538],[20.23832,39.64467],[20.23937,39.64531],[20.23827,39.64613],[20.24009,39.64736],[20.23945,39.64768],[20.24054,39.64807],[20.23936,39.649],[20.24058,39.65108],[20.24316,39.64942],[20.24301,39.65061],[20.24358,39.65162],[20.24655,39.65054],[20.24974,39.65062],[20.25002,39.64976],[20.25132,39.64842],[20.25157,39.64597],[20.25396,39.64656],[20.25838,39.64849],[20.25984,39.64854],[20.26068,39.64934],[20.26105,39.65163],[20.25998,39.65171],[20.25689,39.6537],[20.25361,39.65437],[20.249,39.6568],[20.25233,39.6571],[20.25299,39.65697],[20.25283,39.65651],[20.25437,39.65636],[20.25544,39.65723],[20.25704,39.65682],[20.2574,39.65606],[20.25791,39.65719],[20.256,39.65874],[20.25519,39.65863],[20.25344,39.65972],[20.25504,39.65922],[20.25586,39.65929],[20.25479,39.65948],[20.25443,39.66009],[20.25524,39.65972],[20.25653,39.65983],[20.25786,39.65914],[20.25901,39.66018],[20.25807,39.65993],[20.25626,39.66086],[20.25626,39.66207],[20.25431,39.66265],[20.25724,39.66261],[20.25745,39.66192],[20.25923,39.66196],[20.2581,39.66234],[20.25801,39.66322],[20.25568,39.66362],[20.25549,39.66401],[20.25593,39.66374],[20.25803,39.66396],[20.25851,39.66474],[20.25933,39.66433],[20.26113,39.6662],[20.26212,39.6665],[20.26342,39.66631],[20.26384,39.6659],[20.26338,39.66546],[20.2646,39.66492],[20.266,39.66517],[20.26687,39.66638],[20.26955,39.66622],[20.27014,39.66559],[20.27696,39.66668],[20.28243,39.67179],[20.28201,39.67192],[20.28184,39.67592],[20.28095,39.67681],[20.2812,39.67706],[20.28271,39.67587],[20.28263,39.6747],[20.28477,39.67653],[20.28582,39.67685],[20.28597,39.67619],[20.28733,39.67676],[20.28791,39.67612],[20.28906,39.67635],[20.29034,39.67577],[20.29086,39.67668],[20.29248,39.67687],[20.29373,39.67759],[20.29559,39.67764],[20.29547,39.67726],[20.29647,39.67759],[20.3007,39.67667],[20.30336,39.67709],[20.30685,39.67574],[20.30592,39.67627],[20.30529,39.67768],[20.30463,39.67787],[20.30577,39.67802],[20.30567,39.67833],[20.30634,39.67859],[20.30542,39.67893],[20.30535,39.68028],[20.30653,39.68038],[20.3062,39.68114],[20.30436,39.68254],[20.30497,39.68295],[20.30589,39.68207],[20.30728,39.68203],[20.30628,39.68265],[20.30717,39.68395],[20.30833,39.68467],[20.30855,39.68542],[20.30602,39.68953],[20.30199,39.69231],[20.30115,39.69346],[20.30201,39.69429],[20.30201,39.69558],[20.30387,39.69668],[20.30464,39.69671],[20.30501,39.69637],[20.30591,39.69663],[20.3071,39.69752],[20.30735,39.69828],[20.30769,39.69806],[20.3082,39.69837],[20.309,39.69826],[20.3116,39.6952],[20.31314,39.69477],[20.31448,39.69499],[20.31469,39.6955],[20.31525,39.69561],[20.31508,39.69669],[20.3165,39.69647],[20.31673,39.69729],[20.31805,39.69617],[20.31817,39.69554],[20.3194,39.6955],[20.32014,39.69658],[20.31999,39.69715],[20.32108,39.69751],[20.32317,39.69917],[20.32407,39.70125],[20.32465,39.70171],[20.32536,39.70146],[20.32971,39.70389],[20.33005,39.70534],[20.33209,39.70579],[20.33504,39.70488],[20.33701,39.7055],[20.33779,39.70612],[20.33765,39.7072],[20.33984,39.70631],[20.34143,39.70664],[20.34311,39.70597],[20.34485,39.70667],[20.34526,39.70757],[20.34414,39.7112],[20.34586,39.71191],[20.34701,39.7135],[20.34933,39.71507],[20.35028,39.71652],[20.35068,39.7192],[20.35112,39.7197],[20.34982,39.72122],[20.35044,39.72203],[20.35032,39.72137],[20.35122,39.72084],[20.3519,39.72083],[20.35238,39.72131],[20.35428,39.72028],[20.35476,39.72039],[20.35634,39.71927],[20.35477,39.72147],[20.35486,39.72197],[20.35385,39.72207],[20.35426,39.72295],[20.35397,39.72352],[20.35296,39.72355],[20.35289,39.72407],[20.3522,39.72446],[20.35264,39.72564],[20.35178,39.72542],[20.35104,39.72592],[20.35111,39.7265],[20.34902,39.72789],[20.34894,39.72888],[20.34795,39.72973],[20.34821,39.73046],[20.34616,39.73116],[20.34427,39.73351],[20.34488,39.73403],[20.3456,39.73386],[20.34409,39.73696],[20.34457,39.73832],[20.34417,39.73885],[20.35189,39.74034],[20.35496,39.74146],[20.35738,39.74086],[20.3638,39.73687],[20.36588,39.73597],[20.37075,39.7292],[20.37282,39.72851],[20.3729,39.72931],[20.37203,39.7312],[20.3741,39.73106],[20.37417,39.73015],[20.37459,39.73011],[20.37407,39.72946],[20.37511,39.72836],[20.37491,39.72786],[20.37602,39.72777],[20.37613,39.72706],[20.3773,39.72741],[20.37764,39.72564],[20.37827,39.72572],[20.37876,39.72496],[20.37948,39.72475],[20.37957,39.72394],[20.38105,39.72358],[20.3815,39.72304],[20.38344,39.72312],[20.38392,39.72177],[20.38587,39.72046],[20.38604,39.71962],[20.38737,39.71957],[20.38791,39.71858],[20.38909,39.71861],[20.39006,39.71765],[20.39206,39.71786],[20.39293,39.71697],[20.39442,39.71623],[20.39473,39.71642],[20.39834,39.71318],[20.40056,39.71257],[20.40193,39.71087],[20.40262,39.71083],[20.40209,39.71181],[20.4027,39.71141],[20.40382,39.71144],[20.40654,39.70953],[20.40826,39.7093],[20.40932,39.70746],[20.40989,39.70696],[20.41069,39.70702],[20.41125,39.70598],[20.41365,39.70564],[20.41357,39.70536],[20.41603,39.70389],[20.41626,39.70297],[20.41726,39.70243],[20.41764,39.7012],[20.4199,39.701],[20.42486,39.70497],[20.42734,39.70909],[20.42974,39.71061],[20.42948,39.71101],[20.42744,39.71116],[20.42865,39.71206],[20.42979,39.71439],[20.42903,39.71537],[20.42941,39.71653],[20.42873,39.71672],[20.42711,39.71627],[20.42722,39.71724],[20.42766,39.7176],[20.42833,39.71741],[20.42919,39.71777],[20.43181,39.71732],[20.43237,39.7176],[20.43075,39.71808],[20.42862,39.71957],[20.42682,39.72019],[20.42875,39.72084],[20.43053,39.72064],[20.43159,39.72131],[20.43018,39.72391],[20.42901,39.7245],[20.42679,39.72735],[20.42244,39.72856],[20.42086,39.72952],[20.42192,39.73066],[20.42259,39.73086],[20.42564,39.72963],[20.42779,39.72957],[20.42989,39.73223],[20.43264,39.73246],[20.43302,39.73219],[20.43291,39.73033],[20.4335,39.73001],[20.43305,39.7293],[20.43331,39.72865],[20.43425,39.72843],[20.43482,39.72784],[20.43605,39.72815],[20.43651,39.72893],[20.43629,39.73047],[20.43666,39.73149],[20.43944,39.73238],[20.44025,39.73426],[20.44344,39.73318],[20.44509,39.73319],[20.44797,39.73182],[20.44836,39.73203],[20.448,39.73307],[20.44858,39.73291],[20.44999,39.73356],[20.45142,39.73288],[20.45209,39.7332],[20.45335,39.73559],[20.45608,39.73484],[20.45713,39.73499],[20.45828,39.73466],[20.46182,39.73634],[20.46023,39.73915],[20.46123,39.74006],[20.46017,39.74184],[20.46053,39.74286],[20.45972,39.74444],[20.46281,39.74416],[20.46395,39.74468],[20.46635,39.74472],[20.46747,39.74411],[20.46804,39.74211],[20.47015,39.741],[20.47076,39.73971],[20.47255,39.73928],[20.47406,39.73665],[20.47504,39.73637],[20.47564,39.73734],[20.47561,39.73615],[20.47734,39.73443],[20.47478,39.73356],[20.47582,39.73362],[20.47739,39.73281],[20.47551,39.73263],[20.47496,39.73181],[20.47502,39.73022],[20.4764,39.73189],[20.47803,39.73177],[20.48006,39.73276],[20.47827,39.73092],[20.47992,39.73134],[20.47987,39.73085],[20.48143,39.73098],[20.48188,39.73133],[20.48214,39.72981],[20.48254,39.7305],[20.48351,39.7306],[20.48526,39.73011],[20.48624,39.7302],[20.48546,39.72969],[20.48441,39.72966],[20.48357,39.72883],[20.48476,39.72855],[20.48654,39.72673],[20.48708,39.72528],[20.48861,39.72442],[20.48992,39.72288],[20.49077,39.72262],[20.49067,39.71892],[20.49099,39.71883],[20.48996,39.7172],[20.49078,39.71626],[20.491,39.71423],[20.49169,39.71499],[20.49633,39.71589],[20.49815,39.71517],[20.4999,39.7139],[20.50015,39.71291],[20.50187,39.71307],[20.50212,39.71391],[20.50282,39.71305],[20.50392,39.71276],[20.50433,39.7122],[20.50368,39.71157],[20.50533,39.71071],[20.50974,39.70531],[20.51071,39.70587],[20.51141,39.7073],[20.51206,39.7073],[20.51146,39.70812],[20.51164,39.70862],[20.51431,39.71162],[20.51522,39.71169],[20.51538,39.71235],[20.51635,39.71284],[20.5173,39.71252],[20.51915,39.71303],[20.51924,39.71421],[20.52014,39.71475],[20.51976,39.71388],[20.52169,39.7142],[20.52314,39.71489],[20.52368,39.71563],[20.52392,39.71734],[20.52465,39.71612],[20.52687,39.71757],[20.5279,39.71682],[20.5275,39.71842],[20.52651,39.71842],[20.52611,39.71887],[20.5264,39.71995],[20.52597,39.72135],[20.5252,39.72201],[20.52525,39.72328],[20.52575,39.72387],[20.52991,39.72488],[20.53158,39.72637],[20.53421,39.72636],[20.53581,39.72546],[20.53488,39.72719],[20.53758,39.72451],[20.53608,39.72339],[20.53809,39.72342],[20.53862,39.72244],[20.54288,39.7204],[20.54522,39.72022],[20.54596,39.71965],[20.54648,39.72001],[20.54795,39.71968],[20.5491,39.72008],[20.54874,39.72098],[20.54743,39.72083],[20.54786,39.72179],[20.54749,39.72343],[20.54693,39.72337],[20.5462,39.72442],[20.54635,39.72528],[20.5454,39.72544],[20.54449,39.7264],[20.54563,39.72863],[20.54636,39.72916],[20.54633,39.72818],[20.54709,39.72811],[20.54732,39.72944],[20.54801,39.72992],[20.54778,39.72886],[20.54902,39.73071],[20.54882,39.73332],[20.54799,39.73387],[20.54744,39.73662],[20.54796,39.73798],[20.54782,39.7395],[20.54808,39.74001],[20.54875,39.74004],[20.54906,39.74091],[20.54951,39.74075],[20.54924,39.74124],[20.55325,39.74201],[20.55301,39.74285],[20.55186,39.74362],[20.55265,39.74363],[20.55257,39.74392],[20.55355,39.74426],[20.5562,39.7438],[20.55717,39.74395],[20.55739,39.74337],[20.55988,39.74245],[20.56205,39.74285],[20.56393,39.74256],[20.56451,39.74187],[20.56375,39.74207],[20.56431,39.74144],[20.56963,39.73942],[20.56827,39.73933],[20.57312,39.73831],[20.57671,39.73619],[20.57855,39.73627],[20.58016,39.73677],[20.58002,39.73733],[20.58177,39.73751],[20.58168,39.73783],[20.58304,39.73857],[20.58318,39.7394],[20.58456,39.73966],[20.58681,39.74265],[20.58597,39.74321],[20.58637,39.74662],[20.58812,39.74708],[20.5886,39.74888],[20.58822,39.74923],[20.58962,39.74869],[20.58967,39.7503],[20.59102,39.75033],[20.59108,39.75066],[20.59165,39.75068],[20.59167,39.75141],[20.59283,39.75163],[20.59127,39.75187],[20.58742,39.75421],[20.58717,39.75557],[20.58563,39.75681],[20.58631,39.75535],[20.58546,39.75626],[20.58435,39.75667],[20.58552,39.75551],[20.58495,39.75418],[20.58441,39.75567],[20.58254,39.7569],[20.58339,39.75526],[20.58143,39.75504],[20.58178,39.75451],[20.58122,39.75392],[20.5809,39.75506],[20.5802,39.75477],[20.58004,39.7566],[20.5782,39.75906],[20.57707,39.75976],[20.5746,39.76027],[20.57276,39.75958],[20.57182,39.76104],[20.572,39.76237],[20.57071,39.76328],[20.5691,39.76345],[20.56893,39.76397],[20.56827,39.76419],[20.56782,39.76375],[20.56543,39.76658],[20.56676,39.76608],[20.56617,39.76702],[20.56571,39.76688],[20.56449,39.76809],[20.56452,39.76989],[20.56513,39.77136],[20.56413,39.77448],[20.56435,39.77539],[20.56311,39.77684],[20.56239,39.77657],[20.56171,39.77712],[20.56095,39.77713],[20.56085,39.77685],[20.56019,39.7783],[20.55794,39.77856],[20.55809,39.77965],[20.55718,39.77968],[20.55734,39.78008],[20.55632,39.78136],[20.55553,39.78173],[20.55606,39.78202],[20.55619,39.78315],[20.55511,39.78339],[20.5554,39.78423],[20.55632,39.78383],[20.55221,39.78871],[20.55289,39.78859],[20.55105,39.79101],[20.54909,39.79518],[20.5482,39.79555],[20.547,39.79706],[20.5431,39.79905],[20.53955,39.80213],[20.53939,39.80333],[20.53746,39.80538],[20.53703,39.80817],[20.53476,39.81208],[20.5348,39.81281],[20.53647,39.81306],[20.53576,39.81478],[20.53692,39.8144],[20.5375,39.81559],[20.53842,39.81527],[20.53837,39.81583],[20.53912,39.81645],[20.53919,39.81808],[20.54056,39.81945],[20.54007,39.8201],[20.5405,39.82143],[20.54186,39.82313],[20.54097,39.82365],[20.54287,39.82396],[20.54211,39.82196],[20.5432,39.8231],[20.54481,39.82347],[20.54439,39.8248],[20.54504,39.82446],[20.54533,39.82368],[20.54549,39.82504],[20.5444,39.82531],[20.54583,39.82563],[20.54672,39.82543],[20.54531,39.82614],[20.54674,39.82606],[20.54588,39.82646],[20.54593,39.82868],[20.54627,39.82876],[20.54507,39.82924],[20.54564,39.83014],[20.54513,39.83096],[20.5427,39.8321],[20.54373,39.83328],[20.54191,39.83526],[20.54193,39.83636],[20.54066,39.83736],[20.54186,39.83932],[20.54151,39.84101],[20.54322,39.84234],[20.54201,39.84258],[20.54227,39.84429],[20.54095,39.84569],[20.54128,39.84804],[20.54027,39.85127],[20.54103,39.85171],[20.54105,39.85261],[20.54001,39.85291],[20.53855,39.85428],[20.53997,39.85498],[20.53989,39.85579],[20.53792,39.85726],[20.53906,39.85823],[20.54003,39.8574],[20.54232,39.85693],[20.5435,39.85751],[20.5418,39.85802],[20.53867,39.86091],[20.5377,39.86086],[20.53507,39.86283],[20.53534,39.86353],[20.53197,39.86666],[20.52922,39.86811],[20.52557,39.86852],[20.52387,39.87021],[20.52206,39.87051],[20.51806,39.87632],[20.51692,39.87668],[20.51516,39.87632],[20.51469,39.87643],[20.51477,39.87701],[20.51307,39.87681],[20.51151,39.87612],[20.51135,39.8773],[20.5094,39.87793],[20.50948,39.87714],[20.50697,39.87547],[20.50702,39.87488],[20.50601,39.87339],[20.50476,39.87237],[20.50383,39.8721],[20.504,39.87392],[20.50323,39.87505],[20.50368,39.87587],[20.5024,39.87689],[20.50146,39.87863],[20.50164,39.87909],[20.49972,39.88147],[20.50027,39.88177],[20.49957,39.88356],[20.49994,39.88413],[20.49964,39.88489],[20.49855,39.88545],[20.49871,39.88613],[20.49952,39.88565],[20.50003,39.88589],[20.5001,39.8866],[20.50114,39.88729],[20.50097,39.88944],[20.50437,39.89182],[20.50474,39.89334],[20.50417,39.89526],[20.50553,39.89943],[20.50661,39.89989],[20.50995,39.89987],[20.51171,39.90057],[20.51418,39.90297],[20.51823,39.90141],[20.52257,39.90071],[20.5273,39.90159],[20.52654,39.90365],[20.52892,39.90363],[20.52638,39.9047],[20.52606,39.90587],[20.52776,39.90943],[20.52854,39.9092],[20.52917,39.90945],[20.53062,39.91056],[20.5304,39.91141],[20.5276,39.9115],[20.52756,39.91212],[20.52662,39.91234],[20.52368,39.91191],[20.52515,39.91291],[20.52594,39.9142],[20.52583,39.91482],[20.52457,39.91556],[20.52244,39.91523],[20.52014,39.91663],[20.51903,39.91671],[20.5223,39.91851],[20.52493,39.9194],[20.52609,39.92032],[20.53654,39.92299],[20.53908,39.92601],[20.5406,39.92687],[20.53966,39.92792],[20.53665,39.92866],[20.53614,39.92935],[20.53479,39.92987],[20.53414,39.93277],[20.53134,39.93543],[20.53007,39.93586],[20.52924,39.93708],[20.52939,39.93773],[20.53238,39.93993],[20.53251,39.94075],[20.53345,39.94129],[20.53438,39.94267],[20.53334,39.94499],[20.5335,39.94607],[20.53317,39.94552],[20.53265,39.94624],[20.53325,39.94719],[20.53166,39.94871],[20.53205,39.94952],[20.53154,39.94989],[20.53198,39.95034],[20.53144,39.9507],[20.53236,39.95174],[20.53073,39.95327],[20.52942,39.9565],[20.52631,39.96007],[20.52615,39.9626],[20.52532,39.9645],[20.52433,39.966],[20.5238,39.96615],[20.5211,39.97075],[20.52045,39.971],[20.52204,39.97224],[20.51948,39.9745],[20.51922,39.97571],[20.51765,39.97708],[20.51748,39.97772],[20.51347,39.97798],[20.5116,39.97935],[20.51056,39.97944],[20.50915,39.98018],[20.50883,39.97991],[20.50742,39.98088],[20.50547,39.98066],[20.50603,39.98163],[20.50521,39.98209],[20.50445,39.98119],[20.49712,39.97892],[20.49659,39.97936],[20.49482,39.9786],[20.49505,39.9798],[20.49475,39.97999],[20.49244,39.97879],[20.49313,39.98061],[20.49198,39.98143],[20.49214,39.98238],[20.48945,39.98382],[20.49014,39.98609],[20.48937,39.98822],[20.48799,39.98841],[20.48983,39.98998],[20.48991,39.99137],[20.49137,39.99168],[20.49344,39.99395],[20.49252,39.99395],[20.49114,39.99608],[20.49098,39.99753],[20.48968,39.99778],[20.48976,39.99885],[20.4873,39.9991],[20.48507,39.99992],[20.48553,40.00319],[20.48715,40.00388],[20.48752,40.00464],[20.48703,40.00518],[20.48746,40.00598],[20.48686,40.00625],[20.48708,40.0076],[20.4879,40.0085],[20.48763,40.01079],[20.48807,40.01236],[20.48576,40.02081],[20.48609,40.02233],[20.48571,40.02301],[20.48571,40.02521],[20.48894,40.02871],[20.48956,40.02872],[20.48917,40.02941],[20.49222,40.02993],[20.49375,40.02939],[20.49516,40.02982],[20.49612,40.02916],[20.49946,40.02903],[20.50285,40.02774],[20.50441,40.02763],[20.50933,40.02463],[20.50922,40.02434],[20.50807,40.02481],[20.50948,40.02321],[20.51148,40.02269],[20.5131,40.02315],[20.51608,40.02125],[20.51924,40.02026],[20.51996,40.02069],[20.52015,40.02219],[20.52067,40.0223],[20.5208,40.02281],[20.52264,40.02326],[20.52413,40.02427],[20.52408,40.02507],[20.52289,40.02582],[20.52282,40.02742],[20.52215,40.0285],[20.52097,40.02846],[20.5198,40.029],[20.5197,40.02966],[20.52088,40.03228],[20.52252,40.03281],[20.52853,40.03322],[20.5297,40.03263],[20.53155,40.03261],[20.53265,40.03189],[20.53396,40.03207],[20.53429,40.03171],[20.53637,40.03171],[20.53747,40.03126],[20.53958,40.0311],[20.53903,40.03245],[20.54062,40.03142],[20.54134,40.0338],[20.54134,40.03303],[20.54254,40.03276],[20.54183,40.0311],[20.54326,40.03227],[20.54293,40.03375],[20.54375,40.03344],[20.54468,40.032],[20.54512,40.032],[20.54457,40.03434],[20.5434,40.03451],[20.54263,40.0362],[20.54202,40.03664],[20.54209,40.03941],[20.54132,40.04136],[20.54225,40.04193],[20.54348,40.04186],[20.54823,40.04482],[20.54793,40.04538],[20.5467,40.0457],[20.54662,40.04784],[20.54539,40.04859],[20.54355,40.05217],[20.54363,40.05255],[20.54516,40.05262],[20.54616,40.05312],[20.54731,40.05488],[20.549,40.05331],[20.55046,40.05054],[20.55069,40.04821],[20.55138,40.0484],[20.55292,40.05042],[20.55292,40.0474],[20.55353,40.04796],[20.55461,40.04727],[20.55714,40.04683],[20.56075,40.04475],[20.56174,40.04557],[20.56489,40.04677],[20.56627,40.04815],[20.5705,40.04828],[20.57211,40.04941],[20.57433,40.04853],[20.57487,40.04865],[20.57602,40.05004],[20.5774,40.0501],[20.57786,40.05104],[20.57909,40.05123],[20.5794,40.05073],[20.57978,40.05186],[20.58117,40.05249],[20.58201,40.0535],[20.5847,40.05262],[20.58646,40.05073],[20.58692,40.04891],[20.58754,40.04846],[20.59161,40.04802],[20.59107,40.04972],[20.59184,40.05085],[20.59667,40.05318],[20.59844,40.05444],[20.60174,40.05356],[20.60381,40.05111],[20.60274,40.05413],[20.60412,40.05488],[20.60519,40.05664],[20.60558,40.05771],[20.60535,40.06035],[20.60627,40.06048],[20.60734,40.05991],[20.60711,40.06048],[20.60527,40.06104],[20.60527,40.06136],[20.60842,40.06161],[20.61087,40.0611],[20.61157,40.0623],[20.61218,40.06236],[20.61878,40.06161],[20.62093,40.0606],[20.62507,40.05589],[20.626,40.05438],[20.62589,40.05368],[20.62552,40.05386],[20.62664,40.0536],[20.62704,40.05232],[20.62952,40.05471],[20.6312,40.05413],[20.63554,40.04902],[20.63535,40.04752],[20.63645,40.04601],[20.63632,40.04529],[20.63451,40.04478],[20.63341,40.04314],[20.63128,40.04237],[20.63102,40.04164],[20.63264,40.03906],[20.63432,40.03823],[20.63974,40.03805],[20.63935,40.03779],[20.63866,40.03104],[20.64067,40.03086],[20.64161,40.02997],[20.64357,40.02956],[20.64503,40.0296],[20.64606,40.03054],[20.64831,40.03041],[20.64809,40.02802],[20.65124,40.02939],[20.65211,40.02773],[20.65352,40.02726],[20.65493,40.02616],[20.65979,40.02521],[20.66154,40.02558],[20.66433,40.02527],[20.66599,40.0266],[20.66766,40.02686],[20.6697,40.0259],[20.67384,40.02207],[20.6746,40.02225],[20.67471,40.02197],[20.67742,40.0217],[20.67921,40.02233],[20.6808,40.02439],[20.6804,40.02735],[20.68289,40.03195],[20.68622,40.03159],[20.68803,40.03193],[20.68894,40.03297],[20.68868,40.03438],[20.69034,40.03669],[20.69036,40.04046],[20.69084,40.04109],[20.69728,40.04137],[20.70076,40.04266],[20.70525,40.03791],[20.71102,40.03411],[20.71457,40.03559],[20.71901,40.03626],[20.72346,40.04179],[20.72116,40.04329],[20.72477,40.04598],[20.72917,40.04482],[20.73007,40.04501],[20.73315,40.04461],[20.73379,40.04528],[20.73508,40.04512],[20.73662,40.04558],[20.73956,40.04576],[20.74226,40.04096],[20.74375,40.04187],[20.74475,40.04143],[20.75063,40.04357],[20.7511,40.04343],[20.7513,40.04674],[20.7519,40.04809],[20.75221,40.04653],[20.754,40.04438],[20.75536,40.04726],[20.75582,40.04562],[20.75761,40.04703],[20.75787,40.04676],[20.7589,40.04726],[20.76157,40.04914],[20.76197,40.04896],[20.76083,40.04727],[20.76352,40.04827],[20.76472,40.04963],[20.7659,40.04994],[20.76708,40.04974],[20.76752,40.0503],[20.76717,40.05135],[20.7676,40.05509],[20.76812,40.05601],[20.77117,40.05744],[20.77237,40.05768],[20.77586,40.05696],[20.77703,40.05731],[20.77821,40.05716],[20.78231,40.05559],[20.78303,40.0558],[20.78488,40.05518],[20.78539,40.05602],[20.78639,40.05634],[20.78981,40.05574],[20.79098,40.0561],[20.7933,40.05848],[20.79251,40.06035],[20.79379,40.06211],[20.79412,40.064],[20.79642,40.06479],[20.79872,40.06418],[20.7999,40.06441],[20.80345,40.0641],[20.80442,40.06367],[20.80462,40.06282],[20.807,40.06233],[20.80893,40.06146],[20.80983,40.06201],[20.81093,40.06172],[20.81331,40.06197],[20.81425,40.0615],[20.81455,40.06072],[20.81381,40.06],[20.81378,40.05901],[20.81427,40.05818],[20.81359,40.05742],[20.81452,40.05628],[20.81407,40.05535],[20.81473,40.0549],[20.81699,40.05569],[20.81819,40.05736],[20.82121,40.05854],[20.82306,40.05624],[20.82407,40.05635],[20.8248,40.05563],[20.82537,40.05583],[20.82502,40.05772],[20.82543,40.05851],[20.82641,40.05883],[20.82862,40.05879],[20.83084,40.05821],[20.83146,40.06001],[20.83268,40.05985],[20.83143,40.06076],[20.82931,40.06031],[20.82736,40.06078],[20.82625,40.06044],[20.8254,40.06187],[20.82545,40.0628],[20.82411,40.06432],[20.82361,40.06617],[20.82451,40.0666],[20.82841,40.06479],[20.82936,40.06545],[20.8296,40.06626],[20.82891,40.06698],[20.82826,40.06933],[20.82876,40.07003],[20.83105,40.06997],[20.83127,40.07088],[20.83088,40.07173],[20.8287,40.07227],[20.82801,40.07286],[20.82917,40.07321],[20.83037,40.07307],[20.83118,40.07353],[20.82936,40.07583],[20.82723,40.07665],[20.82943,40.07706],[20.82782,40.07904],[20.82926,40.08062],[20.8305,40.08332],[20.83176,40.08312],[20.83244,40.08435],[20.83088,40.08651],[20.82974,40.08679],[20.82901,40.08756],[20.8285,40.08937],[20.82773,40.09009],[20.82662,40.09031],[20.82675,40.09096],[20.82842,40.09214],[20.82835,40.09308],[20.82754,40.09332],[20.82691,40.09264],[20.82686,40.09181],[20.82482,40.09108],[20.82513,40.09255],[20.82393,40.0945],[20.82502,40.09598],[20.82448,40.09681],[20.82321,40.09668],[20.8227,40.09736],[20.82164,40.09728],[20.82105,40.09801],[20.81898,40.0988],[20.81883,40.09975],[20.81981,40.1001],[20.819,40.10139],[20.81955,40.10307],[20.81863,40.10379],[20.81783,40.10552],[20.81557,40.10551],[20.81665,40.10662],[20.81575,40.10817],[20.81576,40.10904],[20.81428,40.11022],[20.81379,40.11112],[20.81322,40.11318],[20.81446,40.11448],[20.8134,40.11451],[20.81277,40.11526],[20.81281,40.11623],[20.81362,40.11695],[20.81291,40.11877],[20.81353,40.11966],[20.81306,40.12054],[20.81225,40.12036],[20.81178,40.11965],[20.8097,40.11969],[20.80865,40.11797],[20.80761,40.11785],[20.8076,40.11883],[20.80822,40.1194],[20.8087,40.121],[20.80841,40.12177],[20.80987,40.12381],[20.80967,40.12415],[20.80783,40.12422],[20.80705,40.12355],[20.80469,40.12325],[20.80418,40.12233],[20.80314,40.12372],[20.80228,40.1237],[20.80231,40.12563],[20.80513,40.12717],[20.80508,40.12774],[20.80389,40.12809],[20.80019,40.128],[20.79969,40.12727],[20.79877,40.12996],[20.79832,40.12964],[20.79803,40.13054],[20.79829,40.1333],[20.79745,40.13501],[20.79796,40.13636],[20.79594,40.13552],[20.79591,40.13633],[20.79687,40.1369],[20.79661,40.13781],[20.79792,40.13918],[20.7972,40.13966],[20.79847,40.14086],[20.7996,40.14034],[20.80034,40.14054],[20.79943,40.14188],[20.80298,40.14469],[20.80401,40.14534],[20.80756,40.14488],[20.80869,40.14517],[20.80973,40.14784],[20.80895,40.14958],[20.80943,40.15463],[20.80876,40.15739],[20.80805,40.15694],[20.80799,40.15612],[20.80806,40.15712],[20.80886,40.15725],[20.80922,40.15542],[20.81009,40.15973],[20.81091,40.16165],[20.80998,40.16466],[20.8055,40.16685],[20.80439,40.16874],[20.8027,40.1702],[20.80233,40.17109],[20.80356,40.1727],[20.80319,40.17364],[20.80359,40.17666],[20.80267,40.17844],[20.80348,40.18044],[20.80336,40.18245],[20.80219,40.18648],[20.80017,40.18744],[20.79953,40.18816],[20.80129,40.19082],[20.80124,40.19174],[20.80319,40.19295],[20.80521,40.19547],[20.80932,40.1988],[20.80934,40.19973],[20.80879,40.20058],[20.81055,40.20326],[20.8124,40.20478],[20.81299,40.20785],[20.81647,40.20924],[20.81716,40.2101],[20.81701,40.21208],[20.81742,40.21297],[20.81948,40.21401],[20.81954,40.218],[20.82122,40.2191],[20.8236,40.21992],[20.82277,40.22167],[20.82614,40.22485],[20.82838,40.22561],[20.82991,40.22715],[20.83092,40.22889],[20.8319,40.22931],[20.833,40.22892],[20.83458,40.2305],[20.83584,40.23042],[20.8393,40.22888],[20.84307,40.22901],[20.84598,40.22698],[20.84962,40.22731],[20.8521,40.22799],[20.85293,40.22882],[20.85517,40.22993],[20.857,40.23243],[20.859,40.23371],[20.86285,40.23476],[20.86505,40.23719],[20.86614,40.23733],[20.87119,40.23605],[20.87509,40.23609],[20.87825,40.23479],[20.88552,40.23624],[20.88795,40.23591],[20.88909,40.23635],[20.88979,40.23722],[20.89334,40.23713],[20.89432,40.23639],[20.89666,40.23603],[20.90205,40.23155],[20.90555,40.23029],[20.90949,40.22977],[20.91186,40.23038],[20.91387,40.22924],[20.91629,40.22899],[20.91885,40.22814],[20.92198,40.2263],[20.92334,40.22639],[20.92686,40.22757],[20.92786,40.22751],[20.92772,40.22658],[20.92969,40.22553],[20.93148,40.22389],[20.93253,40.22328],[20.93497,40.22282],[20.93585,40.22199],[20.93573,40.22102],[20.93634,40.22037],[20.93866,40.22089],[20.93976,40.22051],[20.94484,40.22077],[20.94996,40.22033],[20.95263,40.22082],[20.95225,40.21994],[20.95953,40.21588],[20.96514,40.21063],[20.96375,40.2099],[20.96174,40.21119],[20.96014,40.20644],[20.96027,40.20466],[20.96051,40.20364],[20.96325,40.20355],[20.96787,40.20189],[20.9711,40.19804],[20.96904,40.19895],[20.96736,40.20041],[20.96449,40.20058],[20.96319,40.20006],[20.96569,40.19889],[20.9681,40.19504],[20.97147,40.19172],[20.97084,40.18973],[20.9711,40.18753],[20.97077,40.18561],[20.97126,40.17901],[20.96655,40.1774],[20.96252,40.1749],[20.96202,40.17277],[20.96014,40.17139],[20.95731,40.17062],[20.95473,40.17094],[20.94939,40.17016],[20.94715,40.16885],[20.94359,40.16786],[20.94543,40.1661],[20.94604,40.16393],[20.94489,40.16121],[20.94315,40.16138],[20.94191,40.15971],[20.94021,40.15872],[20.93679,40.15687],[20.93638,40.1582],[20.93508,40.15678],[20.93611,40.15471],[20.93691,40.15071],[20.94068,40.14779],[20.94574,40.14565],[20.95385,40.14391],[20.95409,40.13974],[20.95564,40.1378],[20.96102,40.1365],[20.96274,40.13485],[20.96967,40.13065],[20.97211,40.13008],[20.97787,40.12995],[20.98552,40.13331],[20.98804,40.13274],[20.99014,40.13369],[20.9916,40.13549],[20.99061,40.13226],[20.99185,40.13011],[20.99148,40.12878],[20.98858,40.12921],[20.98877,40.12847],[20.99094,40.12697],[20.99366,40.12607],[20.99946,40.12545],[21.00177,40.12395],[21.00326,40.12212],[21.00337,40.12009],[21.00532,40.1187],[21.00571,40.11714],[21.00948,40.11364],[21.0119,40.11235],[21.01257,40.11018],[21.01465,40.1088],[21.01735,40.10841],[21.01914,40.10452],[21.02128,40.10395],[21.01983,40.10222],[21.0192,40.10015],[21.01771,40.09845],[21.01776,40.09659],[21.02041,40.09581],[21.02267,40.09197],[21.02535,40.09122],[21.02632,40.08927],[21.02584,40.08518],[21.02684,40.08333],[21.02393,40.0832],[21.02227,40.07774],[21.01848,40.07525],[21.01578,40.07528],[21.01597,40.07312],[21.01294,40.06986],[21.01241,40.06804],[21.01114,40.06627],[21.0094,40.06478],[21.00733,40.06454],[21.00419,40.06783],[21.00173,40.06893],[21.00096,40.07109],[20.99937,40.07247],[20.99687,40.07631],[20.99593,40.07517],[20.99649,40.07298],[20.99562,40.06869],[20.99281,40.06857],[20.99224,40.0668],[20.99687,40.06467],[20.99837,40.06129],[21.00045,40.05981],[21.00097,40.05784],[20.99832,40.0544],[20.99641,40.05289],[20.99834,40.05201],[21.00107,40.05147],[21.00316,40.04999],[21.00384,40.04865],[21.00732,40.04861],[21.00954,40.04744],[21.01081,40.04544],[21.00845,40.04429],[21.00698,40.04282],[21.00884,40.04173],[21.00939,40.03981],[21.01039,40.03845],[21.01079,40.03648],[21.00978,40.03461],[21.00794,40.03288],[21.0064,40.0299],[21.00891,40.03091],[21.00895,40.03047],[21.00763,40.02976],[21.01027,40.03062],[21.00993,40.02982],[21.00864,40.02889],[21.01113,40.03005],[21.01252,40.02948],[21.01267,40.02762],[21.01042,40.02717],[21.01423,40.02484],[21.01621,40.02556],[21.01741,40.02698],[21.0197,40.0274],[21.01876,40.02934],[21.01958,40.02916],[21.02172,40.02761],[21.02297,40.02409],[21.02317,40.02304],[21.02145,40.02255],[21.0213,40.02081],[21.0258,40.01817],[21.02848,40.01803],[21.02816,40.01444],[21.02707,40.01254],[21.02486,40.01215],[21.02254,40.01239],[21.0198,40.01166],[21.01745,40.01044],[21.0176,40.00835],[21.01686,40.00649],[21.01735,40.00547],[21.01941,40.00633],[21.02212,40.00662],[21.0274,40.00628],[21.02586,40.00807],[21.02786,40.00944],[21.02934,40.01119],[21.03153,40.01251],[21.03299,40.0144],[21.03544,40.01484],[21.03771,40.01457],[21.03798,40.01652],[21.04058,40.01632],[21.04744,40.01379],[21.04834,40.0158],[21.05045,40.01595],[21.05012,40.01437],[21.05897,40.01223],[21.05983,40.01022],[21.06201,40.00949],[21.06344,40.00665],[21.06688,40.00262],[21.07024,40.00459],[21.07483,40.0098],[21.07703,40.0111],[21.07851,40.01305],[21.07905,40.01263],[21.07574,40.00766],[21.07624,40.00434],[21.0743,40.00289],[21.07442,40.00082],[21.07229,40.00033],[21.07066,39.99851],[21.07222,39.99501],[21.07188,39.99348],[21.06948,39.99334],[21.06751,39.99422],[21.06593,39.99348],[21.05861,39.99414],[21.05364,39.99385],[21.05114,39.99306],[21.05171,39.9921],[21.05391,39.99067],[21.05481,39.9888],[21.05765,39.98863],[21.05759,39.98651],[21.05937,39.98429],[21.0574,39.98286],[21.0603,39.97977],[21.0614,39.976],[21.06329,39.97435],[21.06598,39.97479],[21.07041,39.97761],[21.07282,39.97862],[21.07444,39.97717],[21.07618,39.97843],[21.0787,39.97802],[21.08186,39.98133],[21.08436,39.97831],[21.0867,39.97725],[21.08875,39.97366],[21.09137,39.97352],[21.09271,39.97183],[21.09532,39.97089],[21.09719,39.96973],[21.09679,39.96757],[21.0975,39.96401],[21.09938,39.96273],[21.09629,39.95906],[21.09865,39.95807],[21.10197,39.95485],[21.10268,39.95227],[21.10351,39.95121],[21.10564,39.95067],[21.10655,39.94936],[21.10637,39.9488],[21.10754,39.94641],[21.10871,39.94589],[21.11012,39.94631],[21.11157,39.94621],[21.11203,39.94683],[21.11429,39.94668],[21.11764,39.94757],[21.11835,39.94788],[21.11938,39.94953],[21.12117,39.95114],[21.12235,39.95165],[21.12335,39.95161],[21.12299,39.95033],[21.12187,39.94919],[21.1219,39.94855],[21.12322,39.94845],[21.12348,39.94807],[21.12359,39.94419],[21.12657,39.94204],[21.12613,39.9406],[21.1246,39.93928],[21.12453,39.9384],[21.12339,39.93762],[21.12129,39.93775],[21.12012,39.93688],[21.1197,39.93596],[21.12044,39.93478],[21.12006,39.93424],[21.12035,39.93352],[21.11961,39.9331],[21.11936,39.93178],[21.11992,39.93093],[21.12124,39.93012],[21.11906,39.92825],[21.11988,39.92813],[21.12165,39.92636],[21.12212,39.92405],[21.12159,39.92329],[21.12387,39.92254],[21.12636,39.92331],[21.12712,39.92397],[21.12734,39.92489],[21.12918,39.92538],[21.13177,39.92475],[21.13293,39.92369],[21.13366,39.92374],[21.13418,39.92335],[21.13602,39.92378],[21.13701,39.92335],[21.13815,39.92043],[21.13913,39.91983],[21.13881,39.91882],[21.14044,39.91764],[21.14057,39.91674],[21.14473,39.9146],[21.14645,39.9132],[21.14907,39.91378],[21.14819,39.91498],[21.14823,39.91636],[21.1472,39.91749],[21.149,39.91846],[21.15012,39.91957],[21.15021,39.92011],[21.14885,39.92202],[21.1498,39.92234],[21.15214,39.92204],[21.15274,39.92234],[21.15375,39.92125],[21.15576,39.92065],[21.1557,39.91889],[21.15656,39.91801],[21.15877,39.91837],[21.15892,39.91756],[21.1598,39.91717],[21.16027,39.9143],[21.16284,39.91415],[21.16456,39.91451],[21.16422,39.91256],[21.16456,39.91189],[21.1639,39.91155],[21.1637,39.91063],[21.16559,39.90885],[21.16688,39.90833],[21.15894,39.90758],[21.15797,39.90649],[21.15596,39.90608],[21.15216,39.90382],[21.15192,39.90333],[21.15323,39.90183],[21.15171,39.90164],[21.15126,39.90097],[21.1484,39.90026],[21.14744,39.89904],[21.14776,39.90046],[21.14647,39.89943],[21.14647,39.89867],[21.14808,39.8964],[21.14784,39.89569],[21.14883,39.89493],[21.15068,39.89185],[21.15065,39.89105],[21.1514,39.89031],[21.15284,39.88657],[21.15429,39.88612],[21.15367,39.88484],[21.1549,39.88269],[21.15443,39.88556],[21.15448,39.88452],[21.15543,39.88322],[21.16014,39.87889],[21.16324,39.87663],[21.16373,39.8748],[21.16404,39.87642],[21.16515,39.87483],[21.16518,39.87562],[21.16581,39.87486],[21.16579,39.87388],[21.16624,39.87301],[21.16624,39.87399],[21.16687,39.87317],[21.16732,39.87174],[21.16762,39.87264],[21.16778,39.87244],[21.16779,39.87101],[21.16684,39.86987],[21.16786,39.87025],[21.16664,39.86933],[21.1677,39.86944],[21.16761,39.86915],[21.16601,39.86809],[21.16887,39.86915],[21.17189,39.86896],[21.17216,39.86717],[21.1731,39.8665],[21.17458,39.8643],[21.17599,39.86348],[21.17595,39.86309],[21.17772,39.86298],[21.17779,39.86102],[21.17855,39.86059],[21.18104,39.86129],[21.18217,39.86126],[21.18307,39.86085],[21.18423,39.85926],[21.18402,39.85827],[21.1885,39.85947],[21.19066,39.85708],[21.19254,39.85671],[21.19492,39.85704],[21.19729,39.85679],[21.19866,39.85442],[21.20125,39.85461],[21.20219,39.85327],[21.20263,39.85076],[21.2013,39.84974],[21.20236,39.84749],[21.20189,39.84426],[21.20099,39.8437],[21.19999,39.84403],[21.19947,39.84382],[21.19926,39.84238],[21.19883,39.84224],[21.1977,39.84214],[21.19483,39.84284],[21.1934,39.84211],[21.19428,39.84092],[21.19365,39.84071],[21.19316,39.83969],[21.19633,39.83721],[21.19651,39.83577],[21.19571,39.83444],[21.19695,39.83345],[21.19656,39.83252],[21.19571,39.83198],[21.19612,39.83166],[21.19572,39.83128],[21.19454,39.83108],[21.19351,39.83152],[21.19166,39.83027],[21.19161,39.82877],[21.19282,39.82772],[21.19114,39.82722],[21.19091,39.82681],[21.19239,39.82607],[21.19236,39.82448],[21.19178,39.82371],[21.19252,39.82307],[21.19252,39.82009],[21.19349,39.81841],[21.1942,39.81539],[21.19547,39.81521],[21.19873,39.8135],[21.19745,39.81325],[21.19554,39.81218],[21.19457,39.81274],[21.19415,39.81235],[21.19441,39.81139],[21.19398,39.81008],[21.19344,39.8099],[21.19384,39.80899],[21.1935,39.80811],[21.19146,39.80741],[21.19142,39.80541],[21.19058,39.80369],[21.19172,39.80248],[21.1937,39.80136],[21.19281,39.80065],[21.19163,39.79842],[21.19426,39.79792],[21.19477,39.79665],[21.19667,39.79646],[21.19779,39.79515],[21.19948,39.79433],[21.20001,39.79296],[21.20293,39.79162],[21.20531,39.79199],[21.20676,39.7931],[21.20986,39.79295],[21.21045,39.79265],[21.21078,39.79178],[21.2119,39.79134],[21.21355,39.78908],[21.21591,39.78835],[21.21616,39.78716],[21.21709,39.78651],[21.21767,39.78624],[21.21861,39.78674],[21.21924,39.78543],[21.22126,39.78575],[21.22206,39.78652],[21.22668,39.7867],[21.22706,39.78815],[21.22637,39.78905],[21.22739,39.78837],[21.22782,39.7855],[21.22692,39.78496],[21.22677,39.78418],[21.22582,39.78389],[21.22577,39.78286],[21.22672,39.78174],[21.22608,39.7804],[21.22625,39.77945],[21.22789,39.77751],[21.22778,39.77626],[21.22604,39.77569],[21.22582,39.77529],[21.22682,39.77396],[21.22599,39.77053],[21.22771,39.76858],[21.22833,39.76727],[21.2282,39.7659],[21.22881,39.76517],[21.22718,39.76458],[21.22712,39.76408],[21.22861,39.76266],[21.2302,39.76221],[21.23077,39.76137],[21.23044,39.75993],[21.23111,39.75759],[21.23085,39.75626],[21.23187,39.75433],[21.23105,39.7525],[21.23124,39.75204],[21.23315,39.7518],[21.23458,39.75093],[21.2348,39.74959],[21.23464,39.74914],[21.23347,39.74878],[21.23056,39.74902],[21.22986,39.74845],[21.22724,39.74837],[21.22553,39.74758],[21.22015,39.74828],[21.21919,39.74766],[21.21909,39.74686],[21.21498,39.74656],[21.21114,39.74446],[21.20961,39.74558],[21.20982,39.74597],[21.21109,39.74609],[21.21228,39.74722],[21.21123,39.74667],[21.20932,39.74678],[21.20574,39.74968],[21.20456,39.7515],[21.2016,39.75181],[21.19963,39.75673],[21.19742,39.7575],[21.19622,39.75868],[21.19791,39.75788],[21.19995,39.75783],[21.20207,39.75544],[21.2009,39.75887],[21.19886,39.76013],[21.19786,39.76274],[21.19549,39.76241],[21.19422,39.76259],[21.19273,39.76042],[21.19097,39.75992],[21.19088,39.75898],[21.18965,39.75783],[21.18925,39.75657],[21.18608,39.75718],[21.18229,39.75587],[21.18109,39.75483],[21.18011,39.75264],[21.17844,39.75118],[21.17852,39.7502],[21.17559,39.7491],[21.17467,39.74836],[21.17477,39.74787],[21.17606,39.74767],[21.17674,39.74695],[21.17733,39.74687],[21.17769,39.74536],[21.17942,39.74489],[21.18046,39.74364],[21.18193,39.74333],[21.18307,39.74398],[21.18418,39.74217],[21.18758,39.73986],[21.18757,39.73946],[21.18641,39.73897],[21.18587,39.73915],[21.18561,39.7388],[21.18437,39.73959],[21.18132,39.74033],[21.18109,39.7401],[21.18155,39.7399],[21.17987,39.73959],[21.17884,39.73989],[21.17837,39.73856],[21.17908,39.73905],[21.17903,39.73809],[21.17978,39.738],[21.17938,39.7376],[21.18256,39.73531],[21.183,39.73398],[21.18242,39.73427],[21.18224,39.73404],[21.18292,39.73327],[21.18261,39.73184],[21.18413,39.72977],[21.1852,39.72975],[21.18525,39.72872],[21.18661,39.72779],[21.18672,39.72686],[21.18775,39.72566],[21.18753,39.72529],[21.18906,39.72537],[21.19026,39.72855],[21.19157,39.72928],[21.192,39.72896],[21.19275,39.72923],[21.19341,39.73182],[21.19447,39.72734],[21.19363,39.72594],[21.19294,39.7257],[21.19559,39.72588],[21.19407,39.72486],[21.19559,39.72453],[21.19673,39.72465],[21.19687,39.72507],[21.1977,39.72422],[21.19722,39.72287],[21.19569,39.72237],[21.19693,39.72226],[21.19425,39.72124],[21.19203,39.71939],[21.19357,39.71666],[21.19498,39.71556],[21.19495,39.71439],[21.1968,39.71394],[21.20138,39.71059],[21.20814,39.70734],[21.20581,39.70756],[21.20679,39.70707],[21.20974,39.70655],[21.21109,39.70573],[21.21402,39.70602],[21.21965,39.70519],[21.22345,39.70025],[21.22538,39.69865],[21.22646,39.69907],[21.22678,39.69877],[21.22713,39.69839],[21.22661,39.69762],[21.22711,39.69746],[21.22717,39.69698],[21.2296,39.69666],[21.23186,39.69574],[21.23318,39.69469],[21.23345,39.69426],[21.23197,39.69355],[21.23581,39.69312],[21.23831,39.69423],[21.24015,39.69434],[21.24093,39.69509],[21.24309,39.69531],[21.2434,39.69488],[21.24454,39.69496],[21.24749,39.697],[21.24808,39.69701],[21.24744,39.6965],[21.24721,39.69556],[21.24891,39.6954],[21.24982,39.69463],[21.25024,39.69483],[21.24997,39.69636],[21.25118,39.69589],[21.25311,39.69338],[21.25359,39.69318],[21.25372,39.69446],[21.25412,39.6932],[21.25635,39.69229],[21.25645,39.68934],[21.25796,39.68823],[21.25683,39.68597],[21.25831,39.68382],[21.25917,39.67986],[21.26197,39.68023],[21.26295,39.67931],[21.26114,39.67898],[21.26103,39.67848],[21.263,39.67669],[21.26195,39.67549],[21.26019,39.67507],[21.25923,39.67445],[21.25802,39.67538],[21.25773,39.67628],[21.25611,39.6767],[21.25536,39.67406],[21.25483,39.67433],[21.2532,39.67321],[21.25134,39.67323],[21.25273,39.67294],[21.25498,39.67384],[21.25624,39.67343],[21.25688,39.67481],[21.25778,39.67273],[21.25962,39.67247],[21.26148,39.67304],[21.26192,39.67269],[21.26166,39.67242],[21.25916,39.67165],[21.25564,39.67118],[21.25422,39.67152],[21.25107,39.67101],[21.24879,39.67128],[21.24598,39.67014],[21.24043,39.66963],[21.2396,39.66908],[21.24049,39.67071],[21.24009,39.66875],[21.23898,39.66863],[21.23795,39.66765],[21.23593,39.66729],[21.23473,39.66584],[21.23454,39.66628],[21.23318,39.66674],[21.23236,39.66666],[21.23199,39.66604],[21.23126,39.66615],[21.23082,39.66465],[21.2287,39.66352],[21.22657,39.66168],[21.22601,39.66187],[21.22498,39.66139],[21.22268,39.66199],[21.2216,39.66072],[21.22013,39.66064],[21.2191,39.65995],[21.2179,39.65989],[21.21651,39.66059],[21.21278,39.65998],[21.21072,39.65853],[21.20889,39.65837],[21.2076,39.65723],[21.2076,39.65862],[21.20411,39.65701],[21.20473,39.65416],[21.20309,39.64888],[21.19977,39.6486],[21.19498,39.64621],[21.19379,39.64457],[21.19276,39.64398],[21.18991,39.64313],[21.18735,39.64353],[21.18504,39.64197],[21.18283,39.64103],[21.18223,39.64119],[21.18133,39.64003],[21.17793,39.64064],[21.17769,39.63855],[21.17635,39.6376],[21.17358,39.63914],[21.17308,39.63723],[21.17187,39.6393],[21.17211,39.63484],[21.17031,39.63359],[21.17045,39.6332],[21.17159,39.63307],[21.1708,39.63186],[21.17138,39.63131],[21.1703,39.63097],[21.16983,39.63155],[21.16949,39.63065],[21.17024,39.63016],[21.16969,39.63005],[21.16848,39.63153],[21.16636,39.63176],[21.16801,39.63085],[21.16773,39.62842],[21.16391,39.62598],[21.16257,39.62239],[21.1627,39.6219],[21.16322,39.62196],[21.16534,39.62431],[21.16653,39.62421],[21.16615,39.61983],[21.16839,39.61892],[21.17018,39.6188],[21.16797,39.61796],[21.16703,39.61812],[21.16744,39.61768],[21.16864,39.61787],[21.17041,39.61734],[21.17186,39.61737],[21.17355,39.6152],[21.1703,39.61569],[21.16926,39.61493],[21.16879,39.61343],[21.16834,39.61328],[21.16302,39.61379],[21.16298,39.61335],[21.16181,39.61304],[21.1585,39.61314],[21.15451,39.61487],[21.15286,39.61334],[21.1515,39.61325],[21.15144,39.61034],[21.1503,39.60968],[21.15022,39.60882],[21.14965,39.609],[21.14827,39.60726],[21.14652,39.60679],[21.14421,39.60741],[21.14261,39.61014],[21.1405,39.612],[21.1393,39.61182],[21.13562,39.61376],[21.13314,39.61407],[21.13499,39.61283],[21.13482,39.61141],[21.13714,39.61064],[21.13766,39.60991],[21.13514,39.60963],[21.13289,39.61027],[21.13101,39.609],[21.13005,39.609],[21.13002,39.60847],[21.1287,39.60758],[21.12872,39.60705],[21.12991,39.60328],[21.13239,39.60033],[21.13418,39.59439],[21.13395,39.58962],[21.13581,39.58554],[21.13596,39.58409],[21.1356,39.58376],[21.13081,39.58396],[21.13159,39.58358],[21.13089,39.58335],[21.12616,39.58504],[21.12494,39.58414],[21.12745,39.58353],[21.1286,39.582],[21.12722,39.58308],[21.12495,39.583],[21.12683,39.58309],[21.1285,39.58149],[21.13112,39.58128],[21.13297,39.57985],[21.13412,39.57714],[21.1347,39.57711],[21.13553,39.57848],[21.13742,39.57893],[21.13784,39.57984],[21.14006,39.5819],[21.14045,39.58176],[21.13959,39.58045],[21.13976,39.58003],[21.13762,39.5778],[21.13703,39.57765],[21.13676,39.57673],[21.13429,39.57544],[21.13209,39.57615],[21.12934,39.57863],[21.12481,39.57878],[21.12786,39.57806],[21.12786,39.57717],[21.1288,39.57643],[21.12905,39.57547],[21.13145,39.57286],[21.13214,39.57338],[21.13311,39.57135],[21.13314,39.56926],[21.12794,39.56562],[21.12648,39.56535],[21.12482,39.56619],[21.12238,39.56699],[21.12123,39.56691],[21.12032,39.56744],[21.11832,39.56676],[21.11753,39.56699],[21.11613,39.56596],[21.11422,39.56582],[21.11284,39.56486],[21.11032,39.56476],[21.10941,39.56422],[21.11191,39.56406],[21.10905,39.56343],[21.11189,39.56282],[21.10929,39.56167],[21.11159,39.56099],[21.10615,39.56137],[21.1059,39.561],[21.10807,39.55925],[21.1146,39.55687],[21.11532,39.55575],[21.11358,39.55631],[21.11232,39.55542],[21.11275,39.55322],[21.11197,39.55277],[21.10613,39.55554],[21.10725,39.55376],[21.10387,39.55517],[21.1067,39.55195],[21.10774,39.54903],[21.10877,39.5478],[21.10882,39.54692],[21.10601,39.54558],[21.10328,39.54357],[21.10377,39.54074],[21.1034,39.53983],[21.10251,39.53917],[21.10086,39.53904],[21.09843,39.5358],[21.09837,39.53531],[21.09956,39.53502],[21.10001,39.53417],[21.0989,39.53301],[21.09898,39.53216],[21.09635,39.52862],[21.09417,39.52325],[21.09331,39.52453],[21.09229,39.52427],[21.09002,39.52498],[21.08818,39.524],[21.08834,39.52304],[21.0894,39.52252],[21.09091,39.5204],[21.08962,39.51578],[21.08842,39.51642],[21.08721,39.51526],[21.0871,39.51484],[21.08868,39.51311],[21.08807,39.51157],[21.08749,39.51153],[21.0867,39.51238],[21.08549,39.51195],[21.08574,39.50998],[21.08407,39.51159],[21.0821,39.51148],[21.08182,39.51177],[21.08231,39.51207],[21.08216,39.51246],[21.0809,39.51252],[21.07873,39.51155],[21.07752,39.51148],[21.076,39.51216],[21.07402,39.512],[21.07443,39.51061],[21.0738,39.50971],[21.07277,39.50918],[21.07034,39.50889],[21.0706,39.50844],[21.07243,39.50801],[21.07374,39.50727],[21.07421,39.50766],[21.07572,39.50725],[21.07643,39.50626],[21.07758,39.50581],[21.07778,39.50491],[21.076,39.50135],[21.0759,39.50034],[21.07839,39.49768],[21.07744,39.49713],[21.0769,39.49575],[21.07602,39.495],[21.07774,39.49321],[21.07701,39.49241],[21.07753,39.48975],[21.0765,39.48743],[21.07681,39.48642],[21.07633,39.48385],[21.07813,39.48247],[21.07799,39.48151],[21.07858,39.4807],[21.08014,39.48007],[21.07938,39.47924],[21.0766,39.47817],[21.07709,39.47819],[21.07863,39.47698],[21.0785,39.47549],[21.08092,39.47461],[21.08048,39.47377],[21.08075,39.47406],[21.0817,39.47343],[21.08171,39.47301],[21.08053,39.47295],[21.07953,39.47177],[21.07984,39.47143],[21.08098,39.47175],[21.08133,39.47148],[21.08165,39.46989],[21.08048,39.46887],[21.08052,39.46841],[21.07994,39.46821],[21.07939,39.46885],[21.07879,39.46893],[21.07817,39.46864],[21.07676,39.46688],[21.07562,39.46631],[21.07563,39.4659],[21.07798,39.46662],[21.07829,39.46626],[21.07768,39.46622],[21.07648,39.46503],[21.07663,39.4619],[21.07781,39.4607],[21.07808,39.45971],[21.08001,39.45839],[21.08209,39.45804],[21.08293,39.45735],[21.08492,39.45712],[21.08471,39.45491],[21.08517,39.45443],[21.08686,39.45397],[21.08786,39.45275],[21.08967,39.45262],[21.09113,39.45345],[21.09194,39.45496],[21.09333,39.45511],[21.09392,39.45597],[21.09502,39.45624],[21.09708,39.45844],[21.09813,39.45796],[21.09899,39.45654],[21.10077,39.45619],[21.10201,39.45501],[21.10575,39.45601],[21.10633,39.45576],[21.10688,39.45471],[21.10677,39.45284],[21.10734,39.45258],[21.1085,39.45305],[21.10897,39.45281],[21.10861,39.45144],[21.10882,39.45304],[21.10877,39.45112],[21.11019,39.45032],[21.11061,39.44859],[21.10909,39.44721],[21.10606,39.44673],[21.10493,39.44696],[21.1047,39.44654],[21.1056,39.44525],[21.1065,39.44482],[21.10549,39.44429],[21.10432,39.44463],[21.10457,39.44336],[21.10378,39.4426],[21.10508,39.44147],[21.10511,39.44043],[21.10593,39.43899],[21.10634,39.43654],[21.10537,39.43427],[21.10748,39.43396],[21.10844,39.43423],[21.10992,39.43261],[21.11158,39.43211],[21.1124,39.43142],[21.11421,39.43113],[21.11492,39.43169],[21.11543,39.43148],[21.11646,39.42978],[21.117,39.4298],[21.11732,39.43028],[21.11677,39.43156],[21.11836,39.43104],[21.11853,39.43064],[21.11932,39.43114],[21.11883,39.4314],[21.1202,39.43125],[21.11971,39.43197],[21.11964,39.43343],[21.12087,39.43506],[21.12078,39.43672],[21.12175,39.43722],[21.12189,39.43768],[21.12169,39.43814],[21.11899,39.43898],[21.12207,39.43867],[21.12115,39.43923],[21.1211,39.43966],[21.1218,39.44011],[21.12284,39.43903],[21.12458,39.43852],[21.12517,39.43768],[21.12539,39.43572],[21.12504,39.43483],[21.12535,39.43462],[21.128,39.43709],[21.12902,39.43618],[21.12973,39.43691],[21.13076,39.43341],[21.13131,39.43329],[21.13217,39.43206],[21.13203,39.43155],[21.13378,39.43024],[21.13397,39.42945],[21.13456,39.42936],[21.13439,39.43116],[21.13305,39.43442],[21.13506,39.43946],[21.13532,39.44168],[21.13584,39.44252],[21.13754,39.44335],[21.13514,39.44481],[21.13627,39.44441],[21.13665,39.4449],[21.13989,39.44287],[21.13882,39.44178],[21.13896,39.44134],[21.13926,39.441],[21.14055,39.44182],[21.1403,39.43955],[21.14175,39.43957],[21.14135,39.4385],[21.14221,39.43889],[21.14179,39.43781],[21.14284,39.43615],[21.1426,39.43571],[21.1412,39.43532],[21.14259,39.43475],[21.14434,39.43566],[21.14306,39.43379],[21.14421,39.43431],[21.14215,39.43245],[21.14609,39.43379],[21.14671,39.43513],[21.14726,39.43519],[21.14738,39.43768],[21.14867,39.43549],[21.14775,39.4388],[21.14783,39.43914],[21.14812,39.43823],[21.14827,39.43938],[21.15025,39.43586],[21.15049,39.43227],[21.15093,39.43193],[21.15149,39.43308],[21.15383,39.43021],[21.15433,39.43144],[21.15408,39.43232],[21.15481,39.43291],[21.1566,39.43177],[21.15768,39.42948],[21.1578,39.4302],[21.15834,39.43022],[21.16052,39.42955],[21.16087,39.42922],[21.15971,39.42914],[21.15941,39.42882],[21.15978,39.42791],[21.1588,39.427],[21.15889,39.42655],[21.16006,39.42492],[21.16115,39.42464],[21.16158,39.42378],[21.16295,39.42292],[21.16314,39.42206],[21.1643,39.42227],[21.16532,39.42362],[21.16912,39.42385],[21.16707,39.42453],[21.17029,39.42512],[21.17499,39.42468],[21.17762,39.42359],[21.17904,39.42438],[21.17918,39.42611],[21.17851,39.42683],[21.17738,39.42705],[21.18012,39.42714],[21.18146,39.42587],[21.18169,39.4271],[21.1807,39.42804],[21.18437,39.43],[21.18362,39.42818],[21.18381,39.42675],[21.18409,39.42642],[21.18495,39.42655],[21.18495,39.42516],[21.18544,39.42429],[21.18673,39.42362],[21.18893,39.42507],[21.18995,39.42679],[21.18967,39.42905],[21.1901,39.42989],[21.18944,39.4306],[21.18961,39.43098],[21.19235,39.4301],[21.19134,39.43135],[21.18939,39.43242],[21.19028,39.43421],[21.19189,39.43546],[21.1962,39.43595],[21.19698,39.43682],[21.19736,39.43598],[21.19575,39.43451],[21.19652,39.43435],[21.20121,39.43726],[21.20026,39.43513],[21.20056,39.43476],[21.20288,39.43503],[21.2043,39.43744],[21.20536,39.43776],[21.2096,39.43696],[21.21016,39.43528],[21.20964,39.43448],[21.20813,39.43416],[21.20941,39.43437],[21.21035,39.43498],[21.20951,39.43435],[21.2122,39.43577],[21.21244,39.43672],[21.2112,39.44008],[21.21299,39.43859],[21.21531,39.43566],[21.21835,39.43399],[21.21923,39.43277],[21.22228,39.43302],[21.22518,39.43129],[21.227,39.43126],[21.23165,39.42805],[21.23277,39.42826],[21.23303,39.42894],[21.2337,39.42885],[21.23411,39.42912],[21.23388,39.42954],[21.2348,39.4299],[21.23459,39.43042],[21.23626,39.43097],[21.23676,39.43181],[21.23828,39.43265],[21.24004,39.433],[21.24049,39.43382],[21.24111,39.43198],[21.24172,39.43316],[21.24235,39.43147],[21.24284,39.43261],[21.2435,39.43139],[21.24331,39.43094],[21.24416,39.43156],[21.24413,39.432],[21.24455,39.43189],[21.24469,39.43145],[21.24523,39.43166],[21.24529,39.43056],[21.24574,39.43024]]}},{"type":"Feature","properties":{"name":"TET_GR-02_20260426","country":"GR","lengthKm":480.1},"geometry":{"type":"LineString","coordinates":[[21.24576,39.43031],[21.24539,39.4304],[21.24702,39.42987],[21.24803,39.42888],[21.24876,39.42948],[21.24973,39.43096],[21.25264,39.43894],[21.25318,39.43944],[21.25479,39.44027],[21.2576,39.44081],[21.25707,39.44043],[21.25769,39.44047],[21.25989,39.44146],[21.26102,39.44151],[21.26085,39.44044],[21.25724,39.43807],[21.25769,39.43727],[21.25769,39.43763],[21.25846,39.43774],[21.25824,39.4382],[21.25913,39.43748],[21.26121,39.4342],[21.26261,39.43303],[21.25903,39.43036],[21.25951,39.43005],[21.25956,39.42817],[21.26025,39.42601],[21.26007,39.42692],[21.25845,39.42829],[21.25673,39.42832],[21.2577,39.42666],[21.25877,39.42615],[21.25862,39.42575],[21.25946,39.42459],[21.26185,39.42194],[21.2634,39.42146],[21.26447,39.42187],[21.26564,39.42136],[21.26641,39.42051],[21.26613,39.42009],[21.26368,39.42068],[21.26269,39.4201],[21.258,39.4202],[21.25799,39.41979],[21.26023,39.41921],[21.26446,39.41606],[21.26517,39.41421],[21.26457,39.41145],[21.26575,39.40952],[21.26699,39.40921],[21.26785,39.40831],[21.26949,39.40466],[21.272,39.3937],[21.2701,39.39144],[21.26708,39.39059],[21.26659,39.38912],[21.26712,39.38844],[21.2649,39.38743],[21.26447,39.38551],[21.26488,39.38516],[21.26535,39.38543],[21.26546,39.38634],[21.26639,39.38708],[21.26895,39.38768],[21.27056,39.38962],[21.27159,39.38977],[21.27156,39.38882],[21.26987,39.38662],[21.26759,39.38494],[21.26802,39.38464],[21.27214,39.3869],[21.27126,39.38561],[21.27021,39.38509],[21.27022,39.38419],[21.26874,39.38272],[21.26849,39.38183],[21.27128,39.38415],[21.27306,39.38432],[21.27415,39.38401],[21.27511,39.38508],[21.27499,39.38403],[21.27621,39.38138],[21.27764,39.38042],[21.27923,39.37826],[21.2812,39.37798],[21.28297,39.37662],[21.28266,39.37526],[21.28658,39.37459],[21.28812,39.3755],[21.29018,39.37552],[21.29236,39.37667],[21.29334,39.37677],[21.29342,39.37467],[21.29437,39.37332],[21.29475,39.37298],[21.29669,39.37291],[21.29794,39.37193],[21.29922,39.37181],[21.3006,39.37068],[21.30075,39.36981],[21.30254,39.3693],[21.30339,39.36963],[21.30529,39.36954],[21.30748,39.3677],[21.30866,39.36797],[21.31006,39.36898],[21.31062,39.36907],[21.3117,39.36794],[21.31394,39.36838],[21.31522,39.36927],[21.31847,39.3685],[21.31948,39.36787],[21.31981,39.36687],[21.32305,39.36567],[21.3243,39.36561],[21.32519,39.36616],[21.32705,39.36802],[21.32742,39.36945],[21.32831,39.37009],[21.32877,39.37008],[21.32946,39.36927],[21.33134,39.36875],[21.33204,39.368],[21.33322,39.36845],[21.33456,39.37022],[21.33493,39.37226],[21.33589,39.373],[21.33861,39.37397],[21.33909,39.37199],[21.341,39.36914],[21.3414,39.36743],[21.34537,39.36469],[21.34721,39.36492],[21.34846,39.3628],[21.3504,39.36252],[21.35304,39.36048],[21.35471,39.36075],[21.3541,39.36268],[21.35508,39.363],[21.35524,39.36393],[21.35679,39.36545],[21.35967,39.36615],[21.36423,39.36668],[21.36737,39.36516],[21.37017,39.36447],[21.37106,39.36519],[21.37282,39.3649],[21.37322,39.36517],[21.37234,39.36694],[21.3731,39.36814],[21.37263,39.36997],[21.37029,39.37036],[21.37002,39.37076],[21.37085,39.37309],[21.36884,39.3741],[21.36786,39.37676],[21.36561,39.3774],[21.36572,39.37788],[21.36451,39.37957],[21.36091,39.38192],[21.36073,39.38237],[21.36163,39.38174],[21.36476,39.38084],[21.36314,39.38222],[21.36299,39.38657],[21.36246,39.38749],[21.36138,39.38794],[21.36029,39.39016],[21.35662,39.39133],[21.35563,39.39209],[21.358,39.39221],[21.36274,39.39361],[21.36443,39.39313],[21.36664,39.39474],[21.36766,39.39497],[21.36706,39.39626],[21.36772,39.39704],[21.36758,39.39802],[21.37031,39.39814],[21.37075,39.39844],[21.36912,39.40112],[21.36978,39.40115],[21.37158,39.40025],[21.37292,39.40122],[21.37372,39.40253],[21.37557,39.40302],[21.37655,39.40265],[21.37734,39.40311],[21.37856,39.40308],[21.38082,39.40368],[21.38227,39.40503],[21.38333,39.4054],[21.38454,39.40805],[21.38438,39.40904],[21.3834,39.41031],[21.38484,39.4088],[21.38508,39.40661],[21.386,39.40854],[21.38687,39.40907],[21.38675,39.41007],[21.38774,39.40876],[21.39018,39.40885],[21.38994,39.40949],[21.39025,39.40976],[21.38959,39.41068],[21.38836,39.41056],[21.38919,39.41105],[21.38864,39.41185],[21.3892,39.41168],[21.38861,39.41345],[21.38911,39.41426],[21.38917,39.41618],[21.39026,39.41723],[21.3898,39.41642],[21.38998,39.41549],[21.39054,39.41516],[21.39045,39.41337],[21.39227,39.41327],[21.39305,39.41202],[21.39585,39.41132],[21.39614,39.41171],[21.39698,39.41124],[21.39707,39.41078],[21.39743,39.41157],[21.39631,39.41268],[21.39574,39.41276],[21.3955,39.41398],[21.39592,39.41325],[21.39924,39.4119],[21.4008,39.41065],[21.40262,39.41049],[21.40356,39.40994],[21.40388,39.40955],[21.40325,39.4061],[21.40372,39.40574],[21.40411,39.40335],[21.40385,39.40235],[21.40477,39.40184],[21.41072,39.40071],[21.41248,39.40072],[21.41282,39.4031],[21.41358,39.40436],[21.41465,39.40486],[21.41756,39.40413],[21.41918,39.40413],[21.42146,39.40827],[21.42193,39.40841],[21.42439,39.40809],[21.42964,39.40439],[21.43391,39.4024],[21.43441,39.40244],[21.43444,39.40383],[21.43541,39.40284],[21.43692,39.40227],[21.43673,39.40357],[21.43729,39.40388],[21.43782,39.40381],[21.43906,39.40234],[21.44048,39.40267],[21.44107,39.40162],[21.44141,39.40455],[21.44327,39.40285],[21.44445,39.40323],[21.44673,39.40495],[21.44842,39.40513],[21.44879,39.4055],[21.45017,39.40964],[21.44925,39.41263],[21.44697,39.41359],[21.44638,39.41439],[21.4477,39.4154],[21.44888,39.41548],[21.44956,39.41873],[21.45083,39.41943],[21.45163,39.41862],[21.45354,39.41885],[21.45438,39.41853],[21.45567,39.42008],[21.45692,39.42277],[21.45778,39.42355],[21.45894,39.4238],[21.45944,39.42359],[21.45982,39.42266],[21.46129,39.42247],[21.46342,39.42081],[21.46398,39.4208],[21.4621,39.42091],[21.45974,39.41934],[21.45878,39.41531],[21.45991,39.41357],[21.46007,39.41201],[21.46046,39.41165],[21.46248,39.41133],[21.46354,39.41025],[21.46416,39.41014],[21.46519,39.40759],[21.46507,39.40719],[21.46439,39.40816],[21.46465,39.40642],[21.46489,39.40597],[21.46604,39.40576],[21.46668,39.4046],[21.46589,39.40548],[21.46498,39.40527],[21.46591,39.40403],[21.46787,39.40234],[21.46961,39.40207],[21.47017,39.40047],[21.47153,39.39961],[21.47287,39.39781],[21.47752,39.39625],[21.47899,39.39501],[21.48088,39.39218],[21.48143,39.38955],[21.48011,39.38844],[21.47815,39.38827],[21.47792,39.38876],[21.47689,39.38643],[21.47738,39.38615],[21.47576,39.38598],[21.47487,39.38783],[21.47622,39.38815],[21.47678,39.38937],[21.47642,39.39132],[21.47483,39.39211],[21.47196,39.39198],[21.46941,39.39327],[21.47046,39.392],[21.47131,39.38977],[21.4701,39.38796],[21.47009,39.38543],[21.46933,39.38344],[21.46813,39.38231],[21.46758,39.3822],[21.46602,39.38304],[21.46698,39.38136],[21.46682,39.38039],[21.46656,39.38006],[21.46539,39.38015],[21.465,39.37926],[21.46406,39.37859],[21.46292,39.37285],[21.46195,39.37241],[21.46007,39.37263],[21.46081,39.37079],[21.45869,39.36913],[21.45347,39.36991],[21.45347,39.3679],[21.45281,39.36773],[21.45287,39.36741],[21.45453,39.36533],[21.45558,39.36499],[21.4555,39.36456],[21.45636,39.36392],[21.45637,39.36303],[21.45564,39.36193],[21.45701,39.36084],[21.45722,39.35987],[21.45695,39.35942],[21.45579,39.35903],[21.45532,39.35821],[21.45723,39.35678],[21.45719,39.35482],[21.45799,39.35345],[21.45872,39.3543],[21.45856,39.35205],[21.45962,39.35202],[21.45995,39.35167],[21.45971,39.35025],[21.45883,39.34897],[21.45863,39.34754],[21.45926,39.34623],[21.45875,39.34543],[21.46059,39.34499],[21.46364,39.34327],[21.46581,39.33977],[21.46767,39.33954],[21.46844,39.33756],[21.4705,39.33683],[21.47023,39.33491],[21.47151,39.3341],[21.47208,39.33253],[21.4732,39.33239],[21.47471,39.33128],[21.47636,39.32927],[21.47813,39.32878],[21.48214,39.32358],[21.4836,39.32261],[21.48391,39.3228],[21.4834,39.32307],[21.48359,39.32259],[21.48265,39.32287],[21.48458,39.32022],[21.4845,39.31895],[21.48667,39.32161],[21.48721,39.32158],[21.48583,39.32032],[21.48563,39.31915],[21.48656,39.32014],[21.48678,39.31935],[21.48957,39.32224],[21.48922,39.32113],[21.488,39.31984],[21.48853,39.31774],[21.48959,39.31707],[21.49146,39.31673],[21.49229,39.31595],[21.49106,39.31479],[21.49123,39.31433],[21.49489,39.31271],[21.49487,39.31242],[21.49265,39.3116],[21.49181,39.31021],[21.49038,39.30926],[21.48974,39.30797],[21.49115,39.30639],[21.49213,39.30578],[21.49334,39.30607],[21.49428,39.30482],[21.49629,39.30354],[21.49375,39.30311],[21.49221,39.30227],[21.49184,39.3015],[21.49069,39.30112],[21.4899,39.30139],[21.4876,39.29972],[21.48625,39.30053],[21.48281,39.29958],[21.48198,39.29968],[21.47974,39.29697],[21.48176,39.29591],[21.48282,39.29654],[21.48393,39.29609],[21.48513,39.29493],[21.48634,39.29462],[21.48622,39.29254],[21.48695,39.29186],[21.48809,39.29204],[21.48897,39.29265],[21.49079,39.29218],[21.4918,39.29256],[21.49299,39.29191],[21.49193,39.29023],[21.49904,39.28908],[21.49482,39.28688],[21.49255,39.28672],[21.49168,39.28612],[21.49127,39.28518],[21.49205,39.28438],[21.49187,39.28268],[21.49359,39.28187],[21.49269,39.28086],[21.493,39.27951],[21.49421,39.2777],[21.4952,39.27698],[21.49564,39.27667],[21.49689,39.27687],[21.4986,39.27658],[21.50125,39.27469],[21.50178,39.27321],[21.50388,39.27146],[21.50477,39.27243],[21.50571,39.27183],[21.50651,39.27239],[21.50838,39.27128],[21.50949,39.27166],[21.51045,39.27342],[21.51205,39.27299],[21.51245,39.27329],[21.51501,39.27317],[21.51602,39.27382],[21.51729,39.27387],[21.5182,39.27319],[21.51835,39.27223],[21.51874,39.27224],[21.52039,39.27561],[21.52193,39.27486],[21.52292,39.27514],[21.52459,39.27376],[21.52604,39.27422],[21.52704,39.27389],[21.5279,39.27461],[21.52912,39.2749],[21.53113,39.27431],[21.53239,39.27336],[21.53289,39.27361],[21.53362,39.27252],[21.53677,39.27401],[21.538,39.27371],[21.53971,39.27416],[21.54206,39.27361],[21.54304,39.27411],[21.54357,39.27384],[21.54477,39.27511],[21.54588,39.27551],[21.54495,39.27455],[21.54605,39.27481],[21.54593,39.27351],[21.54372,39.2714],[21.5425,39.27155],[21.54296,39.27092],[21.54364,39.27087],[21.54498,39.27189],[21.54593,39.27147],[21.54698,39.27198],[21.5485,39.27586],[21.55087,39.27558],[21.55371,39.27324],[21.55529,39.27338],[21.55522,39.27536],[21.55629,39.27578],[21.55923,39.27482],[21.55972,39.2757],[21.56074,39.27627],[21.56192,39.27643],[21.56419,39.27572],[21.56501,39.27706],[21.56614,39.27734],[21.56816,39.27719],[21.56914,39.27778],[21.57203,39.27802],[21.5737,39.27735],[21.57569,39.27579],[21.57614,39.27392],[21.57658,39.2738],[21.57754,39.2745],[21.5776,39.27362],[21.57808,39.27339],[21.58009,39.27343],[21.5861,39.2712],[21.5873,39.26811],[21.58792,39.268],[21.589,39.26922],[21.59118,39.26866],[21.59327,39.26711],[21.59444,39.26704],[21.59558,39.26481],[21.59736,39.26473],[21.59952,39.26385],[21.59987,39.26407],[21.59835,39.26564],[21.60012,39.26498],[21.5993,39.26578],[21.59999,39.26711],[21.60079,39.26512],[21.60244,39.26437],[21.60654,39.26011],[21.60918,39.25878],[21.60945,39.25783],[21.61123,39.25773],[21.61159,39.25807],[21.61027,39.25845],[21.61131,39.25898],[21.61247,39.25885],[21.61357,39.25924],[21.61457,39.25749],[21.61239,39.25617],[21.61316,39.25422],[21.61416,39.25388],[21.6159,39.25421],[21.61737,39.25339],[21.61946,39.25153],[21.61646,39.25143],[21.61889,39.25015],[21.62017,39.25024],[21.6212,39.24967],[21.62312,39.24962],[21.62342,39.25054],[21.62281,39.25137],[21.6229,39.25184],[21.62333,39.25137],[21.62366,39.25172],[21.62363,39.25309],[21.62574,39.25412],[21.62738,39.2539],[21.62957,39.25455],[21.63079,39.25572],[21.63286,39.25538],[21.63384,39.25606],[21.63439,39.2558],[21.63377,39.25628],[21.63264,39.25615],[21.63137,39.25726],[21.63159,39.25696],[21.63339,39.25754],[21.63309,39.25799],[21.63347,39.25842],[21.63414,39.25853],[21.63511,39.25808],[21.6365,39.25864],[21.63695,39.25812],[21.63837,39.25853],[21.63923,39.25836],[21.63826,39.25709],[21.63901,39.25664],[21.6385,39.25602],[21.63916,39.25552],[21.63843,39.25524],[21.63832,39.25482],[21.6391,39.25351],[21.64148,39.2525],[21.64461,39.25243],[21.64476,39.25087],[21.64528,39.25033],[21.64807,39.24891],[21.65101,39.2493],[21.65463,39.24713],[21.65255,39.24911],[21.6536,39.25014],[21.65234,39.25046],[21.65386,39.25145],[21.65285,39.25387],[21.65307,39.25477],[21.65249,39.2555],[21.65358,39.25623],[21.65356,39.25711],[21.65425,39.25741],[21.65365,39.25705],[21.65405,39.25606],[21.65328,39.25527],[21.65442,39.25499],[21.65534,39.25533],[21.65661,39.25518],[21.6557,39.25419],[21.6553,39.25273],[21.65577,39.25205],[21.65562,39.25267],[21.65618,39.25353],[21.65753,39.25394],[21.65824,39.25546],[21.65798,39.25366],[21.65689,39.25248],[21.65768,39.2517],[21.65807,39.25288],[21.65858,39.25203],[21.65877,39.25241],[21.65916,39.25194],[21.66058,39.25179],[21.66028,39.25104],[21.66066,39.25091],[21.66088,39.25149],[21.66287,39.25263],[21.66328,39.25211],[21.66244,39.25136],[21.66326,39.25095],[21.66315,39.25046],[21.6645,39.25037],[21.66607,39.24945],[21.66624,39.24795],[21.66703,39.24799],[21.66826,39.24885],[21.66914,39.24793],[21.67274,39.24851],[21.67383,39.24758],[21.67695,39.24949],[21.67913,39.24937],[21.68048,39.24986],[21.68499,39.24945],[21.68619,39.24972],[21.6879,39.24823],[21.68813,39.24995],[21.69138,39.24984],[21.69319,39.25024],[21.69438,39.24998],[21.69667,39.2508],[21.69785,39.25004],[21.69653,39.25042],[21.69645,39.25004],[21.69768,39.2489],[21.69705,39.24815],[21.6936,39.24852],[21.69247,39.24732],[21.69087,39.24705],[21.69066,39.24384],[21.68995,39.24308],[21.68974,39.23887],[21.6861,39.24069],[21.68476,39.2419],[21.68334,39.24217],[21.68055,39.24428],[21.67812,39.24406],[21.67638,39.24343],[21.674,39.24148],[21.67284,39.2417],[21.67024,39.23784],[21.67041,39.23632],[21.67149,39.23439],[21.67007,39.23305],[21.67158,39.23228],[21.67258,39.23006],[21.67152,39.22957],[21.66984,39.22956],[21.66964,39.22803],[21.67064,39.22535],[21.67307,39.2252],[21.6747,39.22448],[21.67508,39.22354],[21.67608,39.22292],[21.67642,39.22141],[21.67737,39.22086],[21.67797,39.21943],[21.67892,39.21868],[21.67559,39.21957],[21.67561,39.21869],[21.67673,39.21713],[21.67647,39.21683],[21.67182,39.21777],[21.67179,39.21829],[21.67134,39.21722],[21.673,39.21714],[21.67776,39.21484],[21.67932,39.21523],[21.68074,39.21457],[21.68256,39.21447],[21.68441,39.21338],[21.68467,39.21247],[21.68615,39.21214],[21.68481,39.21153],[21.68656,39.21099],[21.6882,39.2106],[21.68912,39.21181],[21.68951,39.21012],[21.68907,39.2098],[21.68793,39.20982],[21.68907,39.20941],[21.69072,39.20969],[21.69131,39.20804],[21.69152,39.20716],[21.69049,39.20549],[21.68935,39.20556],[21.68824,39.20486],[21.68646,39.20514],[21.68551,39.20471],[21.68538,39.20388],[21.68487,39.20367],[21.68245,39.20386],[21.67924,39.20037],[21.67762,39.19721],[21.6781,39.1964],[21.6777,39.1955],[21.67857,39.19497],[21.6762,39.19313],[21.67638,39.19172],[21.67522,39.1895],[21.67525,39.18861],[21.67419,39.18762],[21.67451,39.18527],[21.67358,39.18426],[21.67365,39.18471],[21.67411,39.18499],[21.67289,39.18135],[21.67623,39.17576],[21.67525,39.17011],[21.67653,39.16554],[21.67748,39.16493],[21.67929,39.16496],[21.68044,39.16283],[21.68365,39.1592],[21.68411,39.15686],[21.68456,39.15671],[21.68683,39.15744],[21.68801,39.15722],[21.69084,39.15386],[21.69217,39.15285],[21.69307,39.14861],[21.69058,39.14601],[21.6932,39.14484],[21.69433,39.14584],[21.69415,39.14683],[21.69449,39.14712],[21.69519,39.14564],[21.6933,39.14315],[21.69645,39.14482],[21.69511,39.14328],[21.69408,39.1397],[21.69423,39.13775],[21.69662,39.13443],[21.69399,39.13567],[21.69278,39.13573],[21.69154,39.1348],[21.68979,39.13532],[21.68966,39.13576],[21.69098,39.13788],[21.69059,39.13966],[21.68842,39.14035],[21.68756,39.13979],[21.68524,39.14058],[21.68335,39.14054],[21.68223,39.1412],[21.68277,39.14037],[21.68135,39.14119],[21.68024,39.14088],[21.67939,39.13964],[21.67887,39.13962],[21.67865,39.14009],[21.67772,39.13819],[21.67664,39.1379],[21.67573,39.13658],[21.67425,39.13577],[21.67062,39.13754],[21.67,39.13839],[21.66842,39.1384],[21.6664,39.13772],[21.66616,39.13743],[21.66755,39.13591],[21.6655,39.13507],[21.66505,39.13424],[21.66343,39.13421],[21.66263,39.13353],[21.66341,39.1318],[21.66305,39.13056],[21.66278,39.13174],[21.66088,39.13356],[21.6616,39.13201],[21.65964,39.13397],[21.66068,39.13179],[21.65828,39.13419],[21.6589,39.13554],[21.66068,39.13595],[21.6578,39.13614],[21.65713,39.13506],[21.6573,39.13652],[21.6584,39.13692],[21.65906,39.13678],[21.66005,39.13732],[21.65871,39.13893],[21.65894,39.14072],[21.65766,39.14149],[21.65841,39.14215],[21.65787,39.14229],[21.65701,39.14161],[21.6568,39.14027],[21.65601,39.13952],[21.65316,39.13953],[21.65193,39.13693],[21.65095,39.13653],[21.6507,39.1347],[21.64976,39.13689],[21.64808,39.13842],[21.6471,39.13859],[21.64737,39.13761],[21.64656,39.13791],[21.64621,39.13759],[21.6465,39.13669],[21.64583,39.1374],[21.6462,39.13622],[21.64571,39.13605],[21.64651,39.13538],[21.64715,39.13302],[21.64952,39.13159],[21.64974,39.12974],[21.64861,39.13142],[21.64683,39.13127],[21.64836,39.13063],[21.64819,39.12953],[21.64795,39.13049],[21.64567,39.13056],[21.64681,39.13007],[21.64717,39.12972],[21.64687,39.1294],[21.6466,39.12992],[21.64491,39.13025],[21.64435,39.13107],[21.64204,39.13139],[21.64151,39.1322],[21.63982,39.132],[21.63876,39.13261],[21.64002,39.13076],[21.6387,39.13161],[21.63873,39.13137],[21.64018,39.12913],[21.64127,39.12881],[21.64246,39.12906],[21.64177,39.12772],[21.64249,39.12701],[21.64184,39.12647],[21.6413,39.12454],[21.64125,39.12593],[21.63989,39.12784],[21.63971,39.1275],[21.63975,39.12454],[21.6407,39.12124],[21.63875,39.12373],[21.63869,39.12258],[21.63952,39.12016],[21.64022,39.11927],[21.6417,39.11882],[21.64288,39.12009],[21.64395,39.12044],[21.64505,39.11926],[21.64295,39.11553],[21.64196,39.11526],[21.64174,39.1148],[21.64204,39.11236],[21.64423,39.11103],[21.64519,39.11107],[21.64608,39.10928],[21.64857,39.10656],[21.64986,39.10586],[21.65048,39.10591],[21.65111,39.10602],[21.65168,39.107],[21.65241,39.10579],[21.65395,39.10511],[21.65382,39.09941],[21.65425,39.10256],[21.65498,39.09817],[21.65522,39.10083],[21.65581,39.09741],[21.65656,39.09973],[21.65656,39.0973],[21.65716,39.09489],[21.65708,39.09719],[21.65764,39.10005],[21.65784,39.09622],[21.65867,39.09387],[21.65897,39.09763],[21.65973,39.09522],[21.65967,39.09377],[21.66019,39.09481],[21.65992,39.09668],[21.66059,39.09364],[21.66113,39.09592],[21.66189,39.09502],[21.6638,39.09491],[21.66411,39.09451],[21.66316,39.09397],[21.66312,39.09254],[21.66324,39.09114],[21.66394,39.09046],[21.66097,39.08983],[21.65598,39.08731],[21.65652,39.08558],[21.65471,39.086],[21.65413,39.08511],[21.65453,39.0841],[21.65406,39.08088],[21.64907,39.08489],[21.64781,39.08381],[21.64565,39.08276],[21.64246,39.07975],[21.64154,39.08339],[21.63885,39.08275],[21.63642,39.0803],[21.63701,39.07943],[21.6296,39.07718],[21.62858,39.07811],[21.62985,39.07641],[21.6277,39.07826],[21.62429,39.07828],[21.62194,39.07639],[21.61813,39.07772],[21.61752,39.07579],[21.61886,39.07421],[21.62036,39.07344],[21.61978,39.0726],[21.6202,39.07123],[21.61961,39.0698],[21.62301,39.06923],[21.62343,39.0668],[21.62489,39.06606],[21.62515,39.06541],[21.62703,39.0655],[21.6255,39.06507],[21.62933,39.06523],[21.63046,39.06432],[21.6336,39.06415],[21.6347,39.06448],[21.63621,39.06368],[21.63673,39.06389],[21.63792,39.06259],[21.63486,39.06173],[21.63406,39.06082],[21.63156,39.05957],[21.63106,39.06025],[21.62761,39.05938],[21.62692,39.05806],[21.62633,39.05476],[21.62462,39.05289],[21.62488,39.05193],[21.62527,39.05161],[21.62943,39.0519],[21.63104,39.05239],[21.63277,39.05422],[21.63389,39.05436],[21.63599,39.05363],[21.63723,39.05255],[21.63744,39.05091],[21.63938,39.05028],[21.63924,39.04982],[21.64073,39.04823],[21.64124,39.04617],[21.64082,39.04579],[21.63968,39.0457],[21.64223,39.04287],[21.64178,39.04122],[21.64263,39.04259],[21.64196,39.04592],[21.64163,39.04549],[21.64339,39.04182],[21.64088,39.03841],[21.64171,39.03164],[21.64078,39.02887],[21.63999,39.02815],[21.64254,39.02375],[21.64202,39.02236],[21.64242,39.02006],[21.64214,39.01808],[21.64149,39.01805],[21.64054,39.01886],[21.63833,39.01926],[21.63733,39.01858],[21.63623,39.01857],[21.63479,39.01693],[21.63377,39.0165],[21.63209,39.01623],[21.63068,39.0166],[21.63114,39.01465],[21.63305,39.01493],[21.6355,39.01461],[21.63878,39.01321],[21.63969,39.01373],[21.63736,39.0126],[21.63577,39.01333],[21.63341,39.01282],[21.62954,39.00844],[21.62827,39.00736],[21.62739,39.0076],[21.62664,39.00692],[21.62776,39.00776],[21.62878,39.00729],[21.63595,39.01008],[21.63722,39.0088],[21.63815,39.0089],[21.63706,39.00761],[21.63705,39.0058],[21.6388,39.00487],[21.63974,39.00549],[21.63972,39.00484],[21.64017,39.0055],[21.64121,39.00505],[21.64233,39.00555],[21.64357,39.00554],[21.64429,39.00432],[21.64388,39.00359],[21.64341,39.00368],[21.64356,39.00277],[21.64484,39.00254],[21.64655,39.00113],[21.64456,38.99982],[21.64459,38.99892],[21.64182,38.99739],[21.64083,38.99623],[21.64099,38.99422],[21.64033,38.99351],[21.6409,38.99011],[21.64034,38.98929],[21.63949,38.98494],[21.64066,38.98387],[21.64067,38.98298],[21.63746,38.97705],[21.64008,38.9705],[21.64342,38.96685],[21.64398,38.96489],[21.64368,38.96306],[21.64281,38.96243],[21.64118,38.96249],[21.63978,38.96039],[21.63882,38.96076],[21.6399,38.9604],[21.64045,38.96126],[21.64011,38.95809],[21.63929,38.95818],[21.63928,38.95622],[21.6403,38.95445],[21.6406,38.95192],[21.63954,38.94954],[21.64197,38.94922],[21.64276,38.9479],[21.6442,38.94807],[21.64837,38.94736],[21.65142,38.94823],[21.65177,38.95105],[21.65252,38.95062],[21.65365,38.95174],[21.65331,38.95066],[21.65487,38.95189],[21.65415,38.95062],[21.65601,38.95082],[21.65755,38.9515],[21.65825,38.95075],[21.65974,38.95119],[21.66122,38.95073],[21.66517,38.95264],[21.66692,38.95269],[21.6652,38.95292],[21.66776,38.95308],[21.67388,38.95206],[21.67478,38.95265],[21.67573,38.95158],[21.67624,38.95139],[21.67731,38.95182],[21.67815,38.95115],[21.67836,38.94929],[21.67745,38.94889],[21.67726,38.94815],[21.6785,38.94533],[21.67854,38.94346],[21.67722,38.943],[21.67525,38.94359],[21.67437,38.94251],[21.67209,38.94165],[21.67156,38.94053],[21.66883,38.93807],[21.66904,38.93729],[21.66818,38.9357],[21.66553,38.93361],[21.66374,38.93123],[21.66403,38.93053],[21.66242,38.93067],[21.66154,38.93214],[21.66063,38.93181],[21.65998,38.93095],[21.65911,38.93103],[21.65779,38.93252],[21.65734,38.935],[21.65566,38.93412],[21.65361,38.93574],[21.65302,38.93282],[21.65368,38.93145],[21.65305,38.93029],[21.64967,38.92997],[21.6521,38.9288],[21.65284,38.92797],[21.65211,38.92748],[21.65134,38.925],[21.64923,38.92418],[21.65033,38.92373],[21.64954,38.92157],[21.64827,38.92062],[21.64662,38.91832],[21.64494,38.91839],[21.64477,38.91682],[21.64379,38.91631],[21.64325,38.91335],[21.6442,38.91201],[21.64278,38.91198],[21.64008,38.91084],[21.63818,38.91113],[21.6353,38.91289],[21.63263,38.91274],[21.63361,38.91227],[21.63357,38.91138],[21.63466,38.91082],[21.6348,38.91025],[21.63463,38.9094],[21.63406,38.909],[21.63478,38.90806],[21.63464,38.90675],[21.63307,38.90648],[21.63363,38.90599],[21.63521,38.9056],[21.63459,38.90476],[21.63219,38.90334],[21.63188,38.90244],[21.63221,38.90129],[21.63158,38.90045],[21.63179,38.89932],[21.63372,38.89771],[21.63088,38.89609],[21.63207,38.89545],[21.63221,38.89373],[21.63017,38.89045],[21.63008,38.88967],[21.6244,38.88473],[21.6238,38.88311],[21.62332,38.88376],[21.62181,38.88344],[21.62115,38.88381],[21.61928,38.88376],[21.61842,38.88431],[21.61771,38.8855],[21.61656,38.88587],[21.61605,38.88658],[21.61324,38.88715],[21.61213,38.88788],[21.61133,38.88978],[21.6094,38.88883],[21.60797,38.88926],[21.60711,38.89019],[21.60816,38.8883],[21.60723,38.88757],[21.60492,38.88729],[21.60373,38.8857],[21.60273,38.88536],[21.60131,38.87918],[21.60082,38.87881],[21.59876,38.87858],[21.59706,38.87733],[21.59579,38.87868],[21.59318,38.87898],[21.59103,38.88008],[21.58989,38.88004],[21.58869,38.87868],[21.58752,38.87809],[21.5841,38.87814],[21.581,38.87936],[21.57977,38.87937],[21.57829,38.87568],[21.57573,38.87549],[21.57382,38.87298],[21.57101,38.87434],[21.56812,38.87495],[21.56665,38.87618],[21.56546,38.8763],[21.56466,38.87673],[21.56376,38.87816],[21.56222,38.8768],[21.56038,38.87812],[21.56014,38.87952],[21.56159,38.8784],[21.56031,38.88126],[21.56165,38.88035],[21.56115,38.88117],[21.56188,38.88076],[21.56183,38.8811],[21.55836,38.88352],[21.55692,38.88394],[21.55767,38.88237],[21.55659,38.88096],[21.55674,38.87916],[21.5573,38.87849],[21.55652,38.87826],[21.55577,38.87692],[21.55658,38.87509],[21.55297,38.87478],[21.5526,38.87297],[21.55189,38.87323],[21.55309,38.87195],[21.55323,38.87089],[21.55118,38.87172],[21.55032,38.87122],[21.54924,38.87173],[21.54845,38.87163],[21.54776,38.86966],[21.54646,38.86918],[21.54726,38.86821],[21.5492,38.86818],[21.54948,38.86782],[21.54924,38.86738],[21.5468,38.86716],[21.54661,38.86642],[21.54588,38.86589],[21.54635,38.86519],[21.54519,38.86282],[21.54423,38.86281],[21.54303,38.8597],[21.54275,38.86084],[21.54181,38.86022],[21.54196,38.86098],[21.54097,38.86008],[21.54014,38.86026],[21.53832,38.8598],[21.5389,38.85948],[21.53813,38.85945],[21.53554,38.85721],[21.53535,38.85633],[21.53204,38.8547],[21.53141,38.85466],[21.53134,38.85498],[21.53086,38.85427],[21.53004,38.85429],[21.52913,38.85357],[21.52819,38.85353],[21.52789,38.85387],[21.52611,38.85345],[21.52353,38.85348],[21.519,38.85555],[21.518,38.85645],[21.5177,38.85739],[21.51571,38.85817],[21.51479,38.85912],[21.51471,38.85882],[21.5144,38.85895],[21.51434,38.85958],[21.51375,38.85963],[21.51443,38.85834],[21.51404,38.85728],[21.51324,38.85767],[21.51234,38.85601],[21.51086,38.8566],[21.51111,38.85838],[21.50703,38.85819],[21.50574,38.85875],[21.50404,38.85892],[21.50133,38.86009],[21.50054,38.86107],[21.49986,38.86111],[21.4995,38.86207],[21.49987,38.86268],[21.49923,38.863],[21.4992,38.86346],[21.50134,38.86266],[21.50139,38.86341],[21.50045,38.86383],[21.50023,38.86441],[21.50071,38.86538],[21.50075,38.86721],[21.49921,38.86783],[21.49949,38.86895],[21.4986,38.86863],[21.49864,38.87024],[21.49812,38.87133],[21.50084,38.87071],[21.50041,38.87137],[21.5022,38.8739],[21.50199,38.87587],[21.50374,38.8772],[21.50293,38.87755],[21.50145,38.87729],[21.50064,38.87657],[21.49919,38.87689],[21.49854,38.87757],[21.49637,38.87761],[21.49494,38.87883],[21.49373,38.87827],[21.49492,38.87988],[21.49703,38.88079],[21.4975,38.88181],[21.49634,38.88335],[21.497,38.88514],[21.49412,38.88887],[21.49561,38.88985],[21.49474,38.89022],[21.49296,38.88937],[21.4902,38.88708],[21.48492,38.8896],[21.48635,38.88729],[21.48562,38.88658],[21.48608,38.88578],[21.48366,38.88565],[21.48564,38.88484],[21.48378,38.88511],[21.48044,38.88391],[21.47937,38.88439],[21.47955,38.88365],[21.47925,38.884],[21.47844,38.88341],[21.477,38.88413],[21.47853,38.88271],[21.4782,38.88226],[21.47611,38.88368],[21.47545,38.88338],[21.47476,38.88412],[21.47282,38.88461],[21.4727,38.88545],[21.47617,38.88629],[21.47729,38.88762],[21.4774,38.88838],[21.47837,38.88915],[21.47943,38.88898],[21.47841,38.88939],[21.47736,38.88891],[21.47678,38.88904],[21.47684,38.8902],[21.47869,38.89119],[21.47813,38.89241],[21.47891,38.89262],[21.47883,38.89345],[21.48027,38.89359],[21.48083,38.89399],[21.48347,38.89339],[21.48283,38.89426],[21.48133,38.89442],[21.47702,38.89652],[21.47656,38.89817],[21.47728,38.89835],[21.47774,38.89785],[21.47787,38.89955],[21.47742,38.89977],[21.47814,38.90009],[21.47724,38.90019],[21.47839,38.90067],[21.47905,38.90038],[21.47857,38.90126],[21.4768,38.90089],[21.47748,38.90211],[21.4772,38.90237],[21.47597,38.90151],[21.47518,38.90151],[21.47432,38.90253],[21.47125,38.90189],[21.47114,38.90262],[21.46908,38.90304],[21.4683,38.90283],[21.46759,38.90345],[21.46638,38.9034],[21.46521,38.90254],[21.46424,38.9031],[21.46358,38.90265],[21.46245,38.90264],[21.46167,38.90409],[21.46097,38.90395],[21.46092,38.9031],[21.46015,38.90334],[21.45762,38.90259],[21.45526,38.90334],[21.45456,38.90312],[21.44913,38.90606],[21.44813,38.90788],[21.44847,38.90901],[21.45014,38.90942],[21.44825,38.91248],[21.44688,38.91313],[21.44392,38.91641],[21.44022,38.91891],[21.4399,38.91954],[21.44073,38.92036],[21.43826,38.92248],[21.43859,38.92443],[21.43833,38.92628],[21.43906,38.92686],[21.4392,38.92621],[21.44014,38.92651],[21.43996,38.92591],[21.44037,38.92594],[21.44215,38.92758],[21.44172,38.92812],[21.44411,38.92854],[21.44712,38.92969],[21.44825,38.92965],[21.4486,38.93131],[21.44692,38.93136],[21.44755,38.932],[21.4483,38.93413],[21.4508,38.93527],[21.45335,38.93767],[21.45447,38.93792],[21.45564,38.939],[21.45678,38.93921],[21.45841,38.94079],[21.4581,38.94173],[21.45866,38.94278],[21.45815,38.94388],[21.45933,38.94562],[21.4593,38.94659],[21.46305,38.94804],[21.4647,38.95048],[21.46609,38.95132],[21.46745,38.95529],[21.46613,38.95604],[21.46507,38.95896],[21.46197,38.96193],[21.45984,38.96352],[21.45511,38.96494],[21.4549,38.96651],[21.45413,38.96703],[21.45336,38.96861],[21.45208,38.96969],[21.44967,38.97049],[21.449,38.97272],[21.44773,38.97291],[21.44634,38.97255],[21.44575,38.97201],[21.44637,38.97162],[21.44744,38.97179],[21.44747,38.97128],[21.44694,38.97009],[21.44396,38.96696],[21.44062,38.96781],[21.44025,38.96758],[21.44184,38.96711],[21.43939,38.96662],[21.43992,38.96556],[21.4387,38.96426],[21.43838,38.96478],[21.43253,38.9657],[21.43135,38.96463],[21.42931,38.9637],[21.42754,38.96361],[21.42468,38.96223],[21.42263,38.96273],[21.41827,38.96102],[21.41717,38.96146],[21.41469,38.96148],[21.41078,38.96299],[21.41022,38.96369],[21.40629,38.96385],[21.40582,38.96473],[21.40222,38.96533],[21.40116,38.96644],[21.40112,38.96766],[21.39989,38.96948],[21.39887,38.96955],[21.39846,38.97031],[21.39711,38.97057],[21.39771,38.97136],[21.39502,38.97263],[21.39461,38.97117],[21.39373,38.97042],[21.39263,38.97037],[21.39214,38.97078],[21.39122,38.97057],[21.39036,38.96949],[21.39068,38.96932],[21.38879,38.96833],[21.38937,38.96814],[21.38778,38.96718],[21.38693,38.96722],[21.38686,38.96535],[21.38817,38.96501],[21.38714,38.96415],[21.38701,38.96243],[21.38639,38.96267],[21.38665,38.96149],[21.38566,38.9616],[21.38562,38.9605],[21.38364,38.96089],[21.38319,38.95928],[21.38358,38.95773],[21.38326,38.95722],[21.38433,38.9567],[21.38388,38.95415],[21.38442,38.95361],[21.38549,38.95353],[21.38585,38.95136],[21.38772,38.94947],[21.38729,38.94806],[21.38907,38.94585],[21.38858,38.94488],[21.39012,38.94505],[21.39012,38.9434],[21.39083,38.94295],[21.39008,38.94239],[21.38978,38.94001],[21.38738,38.94005],[21.38714,38.93937],[21.38626,38.93898],[21.38607,38.93821],[21.38504,38.93812],[21.38364,38.93728],[21.3842,38.93658],[21.38362,38.93617],[21.38331,38.93512],[21.38143,38.93426],[21.38137,38.93218],[21.38143,38.93405],[21.38137,38.93218],[21.38188,38.93274],[21.38229,38.93259],[21.38231,38.93186],[21.3815,38.93093],[21.38191,38.9304],[21.38158,38.92941],[21.38107,38.92922],[21.38085,38.92821],[21.3813,38.92769],[21.37963,38.92574],[21.38107,38.92512],[21.38096,38.92405],[21.37841,38.92411],[21.37678,38.92362],[21.37465,38.9237],[21.37298,38.92432],[21.36635,38.92225],[21.36361,38.92244],[21.36197,38.92304],[21.35896,38.92272],[21.35791,38.92399],[21.35586,38.92469],[21.35441,38.92486],[21.35219,38.92404],[21.35216,38.92449],[21.35343,38.92581],[21.3583,38.92664],[21.35759,38.92802],[21.35639,38.92887],[21.35556,38.92896],[21.35457,38.92974],[21.35539,38.92902],[21.35095,38.9289],[21.34695,38.93],[21.34832,38.9288],[21.34471,38.92975],[21.34353,38.92911],[21.33962,38.92908],[21.337,38.92826],[21.33492,38.92843],[21.33518,38.92627],[21.33267,38.92748],[21.33227,38.92707],[21.33234,38.92563],[21.33083,38.926],[21.33045,38.92691],[21.32976,38.92686],[21.32869,38.92764],[21.32754,38.92672],[21.32628,38.92793],[21.32525,38.9281],[21.32303,38.92726],[21.32272,38.92481],[21.32021,38.92706],[21.31838,38.9247],[21.31622,38.92588],[21.31606,38.92685],[21.31474,38.92719],[21.31412,38.9264],[21.31179,38.92542],[21.31238,38.9241],[21.31141,38.92295],[21.31172,38.9222],[21.3114,38.92191],[21.31033,38.9239],[21.30851,38.92495],[21.30822,38.92479],[21.30902,38.92197],[21.30819,38.92226],[21.30671,38.92148],[21.30765,38.92266],[21.3076,38.9235],[21.30454,38.92385],[21.30558,38.92655],[21.30328,38.92591],[21.3,38.92743],[21.29903,38.92603],[21.29804,38.9258],[21.29789,38.92501],[21.29707,38.92458],[21.2979,38.92341],[21.29779,38.92268],[21.29574,38.92373],[21.29436,38.92352],[21.29469,38.92303],[21.29281,38.92351],[21.29346,38.9245],[21.29413,38.92461],[21.29495,38.92549],[21.29449,38.92626],[21.29517,38.92761],[21.29505,38.92869],[21.29411,38.92957],[21.2935,38.92964],[21.29204,38.92929],[21.29178,38.92849],[21.2898,38.92901],[21.28768,38.92811],[21.28662,38.92817],[21.28579,38.92761],[21.28405,38.92778],[21.28368,38.92674],[21.28182,38.92734],[21.28118,38.92592],[21.27972,38.92654],[21.27877,38.92592],[21.27712,38.92592],[21.27594,38.92505],[21.2753,38.92524],[21.27584,38.92198],[21.27804,38.92132],[21.27789,38.92023],[21.27956,38.92046],[21.28007,38.91976],[21.27934,38.91916],[21.27964,38.91872],[21.27831,38.91833],[21.27812,38.91719],[21.27706,38.91714],[21.27702,38.91688],[21.2768,38.91708],[21.27759,38.91753],[21.27766,38.91802],[21.27471,38.91693],[21.27328,38.91712],[21.27325,38.91668],[21.26818,38.91693],[21.26633,38.91653],[21.26638,38.91775],[21.26377,38.91804],[21.26168,38.91686],[21.25704,38.9153],[21.25354,38.91523],[21.25165,38.9159],[21.25145,38.91794],[21.25063,38.91687],[21.24995,38.91676],[21.24818,38.91934],[21.24554,38.92189],[21.24322,38.92319],[21.24099,38.92257],[21.2405,38.9221],[21.23937,38.92249],[21.23694,38.92093],[21.2357,38.92096],[21.23487,38.9199],[21.23278,38.91891],[21.23129,38.91767],[21.23201,38.91633],[21.23115,38.91671],[21.23022,38.91621],[21.22918,38.91688],[21.22729,38.91586],[21.22753,38.9172],[21.22672,38.91812],[21.22743,38.9188],[21.22918,38.91937],[21.22878,38.91988],[21.22941,38.92069],[21.22927,38.92125],[21.2268,38.91996],[21.22608,38.91994],[21.22409,38.92317],[21.22212,38.92462],[21.22181,38.9246],[21.22212,38.92313],[21.2218,38.92164],[21.21754,38.92182],[21.21608,38.92134],[21.21478,38.92329],[21.21521,38.92463],[21.21616,38.92509],[21.21618,38.92651],[21.2149,38.92698],[21.21394,38.9262],[21.21364,38.92663],[21.21266,38.92518],[21.21069,38.92507],[21.2111,38.92562],[21.20944,38.92471],[21.20877,38.92493],[21.20723,38.92294],[21.20528,38.92269],[21.20444,38.92163],[21.20359,38.92147],[21.20174,38.92028],[21.19928,38.92058],[21.19733,38.92004],[21.19699,38.92039],[21.19441,38.91872],[21.19412,38.91884],[21.19503,38.9206],[21.1947,38.92049],[21.1921,38.91807],[21.18879,38.91665],[21.18338,38.91934],[21.1794,38.92007],[21.17858,38.91871],[21.16957,38.91379],[21.16852,38.91224],[21.16959,38.90562],[21.1689,38.89768],[21.16985,38.89172],[21.17114,38.88926],[21.17138,38.88596],[21.17272,38.88434],[21.17337,38.88171],[21.17541,38.87995],[21.17555,38.87832],[21.17632,38.87681],[21.17539,38.87351],[21.17581,38.86852],[21.1753,38.86726],[21.16677,38.86339],[21.16518,38.86409],[21.1629,38.8663],[21.16225,38.86807],[21.16039,38.87],[21.15862,38.87307],[21.15711,38.87847],[21.15416,38.88324],[21.15111,38.89195],[21.15017,38.89298],[21.14656,38.89433],[21.1451,38.89444],[21.14414,38.89407],[21.14203,38.89217],[21.13781,38.89159],[21.13695,38.89217],[21.13539,38.89468],[21.13434,38.89482],[21.13261,38.8941],[21.13161,38.89441],[21.1308,38.89535],[21.131,38.89673],[21.13045,38.89736],[21.12911,38.89725],[21.12707,38.89579],[21.1257,38.8964],[21.12426,38.89651],[21.12075,38.89881],[21.10694,38.90233],[21.10426,38.90184],[21.10301,38.90107],[21.10276,38.90055],[21.10322,38.89896],[21.10047,38.89624],[21.10006,38.88814],[21.09779,38.88316],[21.09665,38.87808],[21.09672,38.87402],[21.09626,38.87292],[21.0943,38.872],[21.09313,38.87184],[21.08665,38.87379],[21.08542,38.87367],[21.08464,38.87317],[21.0839,38.8723],[21.08338,38.86947],[21.08398,38.86776],[21.08386,38.86305],[21.08308,38.86218],[21.07791,38.86382],[21.0748,38.86567],[21.07322,38.86618],[21.05989,38.86926],[21.05877,38.86929],[21.05673,38.86859],[21.0503,38.86994],[21.0472,38.87141],[21.04406,38.87142],[21.04002,38.87301],[21.03668,38.8726],[21.03182,38.87419],[21.01329,38.89019],[21.01158,38.891],[21.00721,38.89215],[21.00557,38.89188],[21.00421,38.89216],[21.00357,38.89325],[21.00255,38.89331],[20.99997,38.89167],[20.99966,38.89065],[21.00009,38.88877],[20.99832,38.88526],[20.99646,38.88367],[20.99663,38.8845],[20.99615,38.88482],[20.99486,38.88467],[20.99307,38.88372],[20.99191,38.88376],[20.99083,38.88537],[20.99153,38.88635],[20.98961,38.88743],[20.98978,38.88665],[20.9885,38.88637],[20.98643,38.88492],[20.98606,38.88306],[20.98805,38.88232],[20.98849,38.88176],[20.98793,38.88034],[20.98652,38.87896],[20.98653,38.87812],[20.98513,38.87752],[20.98194,38.87469],[20.97974,38.87372],[20.97671,38.87042],[20.96793,38.86735],[20.96815,38.86556],[20.96562,38.86565],[20.96435,38.86681],[20.96294,38.86703],[20.95901,38.86532],[20.9585,38.86259],[20.95783,38.86155],[20.9592,38.85914],[20.95791,38.85974],[20.9562,38.85889],[20.95606,38.85773],[20.95679,38.85675],[20.95572,38.8558],[20.95472,38.85548],[20.95458,38.85393],[20.9524,38.85449],[20.95111,38.85354],[20.95071,38.85271],[20.94967,38.8531],[20.94874,38.85207],[20.94807,38.8523],[20.94806,38.85357],[20.94739,38.85429],[20.94479,38.85375],[20.94427,38.85098],[20.9436,38.85078],[20.94508,38.84748],[20.94448,38.84726],[20.94297,38.8451],[20.94274,38.84392],[20.93697,38.84207],[20.93548,38.83901],[20.93296,38.83572],[20.93241,38.83249],[20.93006,38.83048],[20.92971,38.83114],[20.92944,38.82999],[20.92803,38.82836],[20.9277,38.82597],[20.92875,38.82276],[20.93059,38.8206],[20.93268,38.82089],[20.93319,38.81915],[20.93419,38.8179],[20.93387,38.81399],[20.93636,38.81334],[20.94009,38.81123],[20.942,38.80793],[20.94583,38.80533],[20.94832,38.80045],[20.94942,38.7991],[20.95491,38.79694],[20.95767,38.79536],[20.96024,38.79273],[20.96169,38.79052],[20.96522,38.78752],[20.9685,38.78355],[20.97192,38.78037],[20.97251,38.77643],[20.97215,38.77569],[20.97278,38.77456],[20.97279,38.76893],[20.97339,38.76696],[20.97292,38.7629],[20.97359,38.76284],[20.9755,38.76076],[20.97513,38.76031],[20.97648,38.75745],[20.98006,38.75435],[20.98017,38.75273],[20.97945,38.75325],[20.97958,38.75253],[20.97855,38.75302],[20.97963,38.75019],[20.98066,38.75013],[20.98102,38.74933],[20.98363,38.74738],[20.98583,38.74473],[20.98597,38.74373],[20.98487,38.74362],[20.98509,38.74341],[20.98613,38.74261],[20.98776,38.74251],[20.98909,38.74162],[20.99021,38.74024],[20.99031,38.73854],[20.99106,38.73672],[20.99196,38.7367],[20.99221,38.73565],[20.99343,38.73579],[20.99494,38.73432],[20.99545,38.73285],[20.99659,38.73216],[20.99648,38.73116],[20.99571,38.7307],[20.99543,38.73089],[20.99506,38.73031],[20.99451,38.72801],[20.99302,38.72858],[20.99319,38.72814],[20.99261,38.7283],[20.99228,38.72784],[20.9925,38.72616],[20.99391,38.72422],[20.99263,38.72335],[20.99158,38.7234],[20.99076,38.7222],[20.99012,38.72203],[20.99025,38.7212],[20.98958,38.72048],[20.98745,38.71997],[20.98679,38.71781],[20.98689,38.71722],[20.98746,38.71757],[20.98699,38.71634],[20.98802,38.71694],[20.98765,38.71617],[20.98622,38.71581],[20.98558,38.71507],[20.98556,38.71369],[20.98383,38.71313],[20.98063,38.71289],[20.97946,38.7143],[20.97804,38.71449],[20.97395,38.71291],[20.97228,38.71269],[20.97267,38.71121],[20.97398,38.71067],[20.97551,38.70911],[20.97619,38.70915],[20.97774,38.706],[20.97701,38.70624],[20.97661,38.70552],[20.97594,38.70559],[20.97569,38.70644],[20.97307,38.70864],[20.97179,38.70737],[20.97036,38.70671],[20.97057,38.70511],[20.97122,38.70412],[20.97013,38.70274],[20.96913,38.70247],[20.96832,38.7025],[20.96788,38.70301],[20.96917,38.70398],[20.96758,38.70494],[20.9666,38.70509],[20.96586,38.70593],[20.96303,38.70358],[20.96148,38.70375],[20.95845,38.70528],[20.95279,38.70604],[20.94859,38.70533],[20.94791,38.70461],[20.94671,38.70133],[20.94816,38.70003],[20.94789,38.6974],[20.93987,38.67482],[20.94299,38.67044],[20.9439,38.67035],[20.94457,38.66724],[20.94543,38.66702],[20.95146,38.67058],[20.95138,38.67128],[20.94947,38.67343],[20.95035,38.67508],[20.96311,38.67656],[20.96362,38.67632],[20.96332,38.67347],[20.97,38.67371],[20.9755,38.6734],[20.98191,38.67235],[20.98706,38.67039],[20.9882,38.67036],[20.98977,38.67105],[20.99286,38.6635],[20.99301,38.66225],[20.99287,38.65788],[20.99114,38.6532],[20.9913,38.652],[20.98978,38.64662],[20.98995,38.64559],[21.00583,38.63155],[21.00683,38.62779],[21.00651,38.62521],[21.00955,38.62018],[21.01518,38.61511],[21.01725,38.61394],[21.01992,38.61155],[21.02376,38.60504],[21.02589,38.60338],[21.02582,38.60244],[21.02318,38.59834],[21.0226,38.5966],[21.02297,38.59547],[21.02572,38.59422],[21.02627,38.5933],[21.02499,38.58988],[21.02539,38.58712],[21.02104,38.57754],[21.02109,38.57687],[21.02296,38.57425],[21.02106,38.57202],[21.01978,38.56861],[21.0179,38.56665],[21.01621,38.56029],[21.01884,38.55528],[21.01884,38.55026],[21.01949,38.54741],[21.01902,38.54561],[21.02024,38.54252],[21.02123,38.54186],[21.02516,38.54163],[21.0274,38.54079],[21.03013,38.54066],[21.03308,38.53672],[21.03546,38.53263],[21.03252,38.52292],[21.03371,38.50895],[21.03791,38.5074],[21.04192,38.50524],[21.04301,38.50509],[21.04442,38.50542],[21.04651,38.50726],[21.04848,38.51126],[21.05073,38.51362],[21.05272,38.51485],[21.05511,38.51554],[21.05683,38.51766],[21.0612,38.51997],[21.06463,38.52266],[21.06718,38.52316],[21.06917,38.52464],[21.07382,38.53431],[21.07838,38.53937],[21.07922,38.53988],[21.0824,38.54035],[21.0861,38.54154],[21.08735,38.54096],[21.09001,38.53827],[21.08945,38.5353],[21.0954,38.53275],[21.09799,38.5305],[21.09792,38.52932],[21.09891,38.52834],[21.09686,38.52731],[21.09678,38.52596],[21.09551,38.5251],[21.09517,38.52382],[21.09733,38.52365],[21.09834,38.52276],[21.09864,38.52171],[21.1058,38.52016],[21.106,38.5199],[21.10543,38.51945],[21.10232,38.51854],[21.10201,38.51827],[21.10241,38.51781],[21.10515,38.51711],[21.10902,38.51778],[21.10857,38.51602],[21.1112,38.51476],[21.11298,38.51468],[21.11323,38.5134],[21.11103,38.51325],[21.11037,38.51281],[21.11165,38.51085],[21.11126,38.50943],[21.11563,38.50737],[21.11597,38.50759],[21.11561,38.50879],[21.11592,38.50901],[21.11768,38.50823],[21.1198,38.5094],[21.12081,38.50858],[21.12291,38.50882],[21.12282,38.50759],[21.12101,38.50663],[21.12178,38.50598],[21.12167,38.50399],[21.12231,38.50383],[21.12356,38.50461],[21.12505,38.50284],[21.12281,38.50209],[21.12049,38.49902],[21.11796,38.49779],[21.11677,38.49626],[21.11418,38.49509],[21.11129,38.49093],[21.11187,38.4889],[21.11511,38.48915],[21.11522,38.48093],[21.11275,38.48071],[21.11179,38.4791],[21.10838,38.47605],[21.10806,38.47496],[21.10688,38.47449],[21.10642,38.47164],[21.10703,38.47034],[21.10564,38.4703],[21.10509,38.46963],[21.10519,38.46502],[21.10653,38.46367],[21.10998,38.46355],[21.10745,38.46023],[21.1088,38.45893],[21.10944,38.45872],[21.10983,38.45916],[21.11227,38.45958],[21.10953,38.4561],[21.10959,38.45535],[21.10983,38.45585],[21.11126,38.45577],[21.11396,38.45702],[21.1148,38.45678],[21.11275,38.45481],[21.11303,38.45327],[21.11097,38.45142],[21.11303,38.45081],[21.11437,38.45125],[21.11562,38.45083],[21.11587,38.45034],[21.11537,38.44893],[21.11817,38.4485],[21.11857,38.44806],[21.11782,38.4471],[21.11379,38.44688],[21.11373,38.44495],[21.11481,38.44311],[21.11968,38.4393],[21.12085,38.43778],[21.12124,38.43332],[21.12378,38.42907],[21.12424,38.42488],[21.1257,38.42311],[21.12743,38.42249],[21.1288,38.42149],[21.13138,38.42068],[21.13224,38.41983],[21.13603,38.42018],[21.13913,38.41852],[21.14072,38.41886],[21.14373,38.41821],[21.14611,38.41815],[21.14925,38.4165],[21.15221,38.41691],[21.15554,38.41792],[21.16089,38.41822],[21.1644,38.4148],[21.16545,38.41437],[21.16649,38.41456],[21.1673,38.41391],[21.17719,38.41537],[21.19483,38.4134],[21.19541,38.41296],[21.20014,38.41383],[21.20304,38.41296],[21.22662,38.41514],[21.22835,38.41365],[21.23088,38.41373],[21.23443,38.41467],[21.23655,38.41466],[21.23813,38.41301],[21.24188,38.41047],[21.24714,38.40981],[21.25252,38.4124],[21.25121,38.41566],[21.25139,38.4162],[21.26644,38.42528],[21.26795,38.42569],[21.27545,38.42565],[21.28388,38.43064],[21.28909,38.42734],[21.32138,38.42799],[21.324,38.42882],[21.32855,38.43185],[21.3304,38.43225],[21.33289,38.43195],[21.33516,38.4324],[21.34101,38.43374],[21.35058,38.43668],[21.35141,38.43848],[21.35274,38.43932],[21.35497,38.43919],[21.3566,38.43752],[21.35984,38.43763],[21.36219,38.4396],[21.36348,38.44395],[21.36431,38.44527],[21.36514,38.45184],[21.36583,38.45362],[21.36716,38.45442],[21.3658,38.45681],[21.36506,38.45893],[21.36547,38.45923],[21.36863,38.45948],[21.37069,38.45894],[21.3704,38.45865],[21.37459,38.45827],[21.37203,38.45744],[21.37109,38.45562],[21.38047,38.45665],[21.3824,38.45735],[21.38245,38.45651],[21.38308,38.45675],[21.38572,38.45609],[21.38684,38.45791],[21.38716,38.4565],[21.38827,38.45583],[21.388,38.45531],[21.38847,38.45541],[21.38964,38.45362],[21.3902,38.4545],[21.39112,38.45497],[21.39131,38.45422],[21.39207,38.45488],[21.39417,38.45507],[21.39346,38.4544],[21.39381,38.45364],[21.39479,38.45446],[21.39505,38.45297],[21.39638,38.45097],[21.3965,38.45249],[21.39755,38.4537],[21.40109,38.45445],[21.40366,38.4545],[21.40635,38.45546],[21.40796,38.45665],[21.4081,38.45724],[21.40794,38.45752],[21.40653,38.45701],[21.40594,38.45728],[21.40659,38.45829],[21.40617,38.45934],[21.40767,38.45953],[21.41326,38.46235],[21.41336,38.46149],[21.41398,38.46156],[21.41569,38.45992],[21.414,38.46027],[21.41481,38.45918],[21.41781,38.45925],[21.41683,38.45688],[21.41954,38.45497],[21.41945,38.45338],[21.42095,38.45269],[21.42007,38.45149],[21.42114,38.44976],[21.4206,38.44875]]}},{"type":"Feature","properties":{"name":"TET_GR-03_20260426","country":"GR","lengthKm":323.3},"geometry":{"type":"LineString","coordinates":[[21.42129,38.44789],[21.42327,38.44748],[21.42266,38.44626],[21.42332,38.4456],[21.42307,38.44469],[21.42385,38.44413],[21.42371,38.44313],[21.42268,38.44152],[21.41994,38.44133],[21.42078,38.44076],[21.42071,38.43985],[21.42284,38.4375],[21.42311,38.43735],[21.42406,38.43798],[21.42428,38.43776],[21.42372,38.43647],[21.42428,38.43514],[21.42364,38.43415],[21.42579,38.433],[21.42661,38.43158],[21.42835,38.43146],[21.42953,38.42913],[21.43087,38.4292],[21.43156,38.42817],[21.43136,38.42669],[21.43228,38.42559],[21.43387,38.42478],[21.43222,38.42339],[21.43308,38.42221],[21.43311,38.42023],[21.4343,38.41719],[21.43562,38.418],[21.43606,38.41882],[21.4362,38.41856],[21.4361,38.41547],[21.43529,38.41421],[21.43373,38.4129],[21.43577,38.41195],[21.43555,38.41082],[21.43708,38.40946],[21.44002,38.40866],[21.44171,38.40667],[21.44259,38.40402],[21.4438,38.40364],[21.44185,38.40021],[21.44016,38.39538],[21.4427,38.39505],[21.44516,38.39378],[21.4503,38.39356],[21.45239,38.39228],[21.45506,38.39157],[21.45838,38.39003],[21.46763,38.38863],[21.46687,38.38446],[21.46539,38.38024],[21.4657,38.38009],[21.47622,38.37844],[21.48206,38.37886],[21.48578,38.37962],[21.49139,38.379],[21.49492,38.3792],[21.49735,38.37892],[21.52195,38.37271],[21.52827,38.37062],[21.52981,38.37052],[21.53405,38.3711],[21.53543,38.37142],[21.53813,38.37303],[21.54087,38.37337],[21.54296,38.37448],[21.54196,38.37451],[21.54455,38.37518],[21.54526,38.37303],[21.54606,38.37413],[21.5458,38.37512],[21.56011,38.3779],[21.56301,38.38115],[21.5655,38.38267],[21.56826,38.38572],[21.56938,38.38634],[21.5738,38.38728],[21.57455,38.38786],[21.57532,38.38896],[21.57642,38.39398],[21.57854,38.39644],[21.58009,38.39702],[21.58097,38.39698],[21.58421,38.39505],[21.58672,38.39056],[21.59013,38.38808],[21.59088,38.38711],[21.59472,38.38668],[21.59792,38.38316],[21.60419,38.37975],[21.60541,38.37981],[21.6079,38.38164],[21.61215,38.38269],[21.61315,38.38258],[21.61702,38.37984],[21.6229,38.377],[21.62517,38.3764],[21.62725,38.37647],[21.63571,38.37424],[21.64774,38.36887],[21.65008,38.36651],[21.65416,38.36574],[21.65772,38.36243],[21.66023,38.35771],[21.66122,38.35746],[21.66382,38.35788],[21.66515,38.35628],[21.66669,38.3554],[21.66787,38.35372],[21.66989,38.35239],[21.67203,38.3499],[21.67778,38.34786],[21.68034,38.34739],[21.6842,38.34743],[21.69019,38.34853],[21.69669,38.35265],[21.69875,38.35495],[21.70274,38.35578],[21.70491,38.35488],[21.70748,38.35439],[21.70761,38.35314],[21.71866,38.3481],[21.72851,38.34239],[21.73716,38.33887],[21.74402,38.33784],[21.75679,38.33907],[21.76029,38.33971],[21.76364,38.33765],[21.76171,38.33894],[21.76275,38.33841],[21.76634,38.33406],[21.76717,38.33169],[21.78039,38.30768],[21.78235,38.30606],[21.78589,38.30465],[21.78768,38.30347],[21.79329,38.29786],[21.79347,38.29722],[21.79233,38.29626],[21.79081,38.29668],[21.79004,38.29654],[21.7757,38.28825],[21.75867,38.27266],[21.74825,38.25886],[21.74945,38.25827],[21.75039,38.25865],[21.75246,38.26105],[21.75383,38.26138],[21.75418,38.26221],[21.75387,38.26377],[21.75761,38.26701],[21.75866,38.27085],[21.76008,38.27312],[21.76645,38.27864],[21.77076,38.28183],[21.77414,38.28635],[21.77695,38.28526],[21.77808,38.28619],[21.78495,38.28396],[21.78627,38.28281],[21.78867,38.27896],[21.79175,38.27757],[21.79348,38.27551],[21.79355,38.27743],[21.79399,38.2762],[21.79514,38.27498],[21.79939,38.27378],[21.79988,38.27299],[21.80076,38.27292],[21.80178,38.27336],[21.80385,38.27555],[21.80605,38.2737],[21.80804,38.2738],[21.80868,38.27414],[21.81036,38.27315],[21.81311,38.27408],[21.81532,38.27374],[21.81755,38.27259],[21.81872,38.27361],[21.82132,38.27415],[21.82282,38.27522],[21.82293,38.2745],[21.82444,38.27503],[21.82584,38.27498],[21.82407,38.27363],[21.82659,38.27412],[21.82789,38.27316],[21.82727,38.27293],[21.82626,38.27319],[21.82768,38.27201],[21.82987,38.27183],[21.82791,38.27113],[21.82659,38.27109],[21.82831,38.26907],[21.82452,38.26939],[21.82501,38.26863],[21.82584,38.26886],[21.8281,38.2681],[21.82774,38.26739],[21.82856,38.26761],[21.82988,38.2662],[21.82914,38.26465],[21.8265,38.26442],[21.82606,38.26371],[21.82643,38.26327],[21.82446,38.26192],[21.82655,38.2618],[21.82795,38.26133],[21.82801,38.26206],[21.82874,38.26056],[21.82897,38.26131],[21.8296,38.2606],[21.83092,38.26079],[21.83165,38.26144],[21.83141,38.26061],[21.83203,38.25964],[21.83241,38.26091],[21.83348,38.26048],[21.83302,38.25933],[21.83415,38.25894],[21.83546,38.2593],[21.83541,38.25884],[21.8343,38.25819],[21.83626,38.25812],[21.83545,38.2575],[21.83808,38.25842],[21.83918,38.25818],[21.83895,38.25752],[21.84098,38.25816],[21.84003,38.25735],[21.84075,38.25737],[21.84132,38.25601],[21.84222,38.25552],[21.84336,38.25615],[21.84421,38.25775],[21.84473,38.25756],[21.8444,38.25729],[21.84501,38.25624],[21.84391,38.2551],[21.84186,38.2506],[21.84233,38.24815],[21.84314,38.24766],[21.84405,38.2462],[21.84249,38.24487],[21.84177,38.24354],[21.8406,38.24295],[21.83917,38.24285],[21.8409,38.24096],[21.84084,38.23769],[21.84035,38.23689],[21.84108,38.2359],[21.84363,38.23592],[21.84309,38.23521],[21.84464,38.23472],[21.84575,38.23478],[21.84679,38.23402],[21.84783,38.23407],[21.84802,38.23244],[21.84885,38.23157],[21.84858,38.23064],[21.84753,38.23095],[21.84811,38.23065],[21.84805,38.22941],[21.84866,38.22915],[21.84911,38.22756],[21.84766,38.22613],[21.8481,38.22481],[21.84927,38.22417],[21.84806,38.22173],[21.84833,38.22121],[21.85128,38.22065],[21.84775,38.21858],[21.84711,38.21927],[21.84567,38.21942],[21.84519,38.2198],[21.84402,38.21874],[21.84363,38.21765],[21.8429,38.21817],[21.84295,38.21561],[21.84232,38.21465],[21.84378,38.21462],[21.84432,38.21393],[21.84325,38.21262],[21.84539,38.2119],[21.847,38.21253],[21.84871,38.21384],[21.84848,38.21325],[21.84933,38.21308],[21.85166,38.2134],[21.85104,38.21253],[21.85365,38.21368],[21.85228,38.2119],[21.85412,38.21299],[21.85516,38.21289],[21.85646,38.21384],[21.85733,38.21368],[21.85765,38.21323],[21.8592,38.21266],[21.85948,38.20901],[21.85904,38.20792],[21.86093,38.20822],[21.86113,38.20739],[21.86278,38.20714],[21.86268,38.20639],[21.86387,38.20604],[21.86426,38.20446],[21.86533,38.20411],[21.86409,38.20264],[21.86432,38.19958],[21.86188,38.19592],[21.86155,38.19785],[21.85951,38.1982],[21.86064,38.19762],[21.86085,38.1971],[21.86008,38.19548],[21.86138,38.19459],[21.86314,38.19489],[21.86396,38.19539],[21.86605,38.1953],[21.86741,38.19306],[21.8676,38.19169],[21.86638,38.18983],[21.86639,38.18811],[21.86542,38.18533],[21.86377,38.18344],[21.86272,38.18268],[21.86165,38.1825],[21.85803,38.18354],[21.85613,38.18187],[21.85432,38.1819],[21.855,38.18063],[21.85602,38.17986],[21.85513,38.17946],[21.85475,38.17837],[21.85399,38.1778],[21.85402,38.177],[21.85677,38.17704],[21.85767,38.1766],[21.85667,38.17665],[21.85332,38.17501],[21.85509,38.17526],[21.85656,38.17472],[21.85741,38.17518],[21.85736,38.17445],[21.85588,38.17378],[21.85723,38.17363],[21.85808,38.17412],[21.85875,38.17406],[21.85816,38.17322],[21.85507,38.17277],[21.8569,38.17205],[21.85827,38.17202],[21.85881,38.17007],[21.85771,38.1708],[21.854,38.16886],[21.85401,38.16848],[21.85593,38.1685],[21.856,38.16774],[21.85728,38.16723],[21.85751,38.16673],[21.85881,38.16662],[21.86109,38.16343],[21.86391,38.16231],[21.86616,38.16051],[21.86741,38.16003],[21.8681,38.16014],[21.86849,38.15913],[21.87061,38.15916],[21.8714,38.15856],[21.87206,38.15854],[21.87401,38.15675],[21.87257,38.16041],[21.87645,38.16013],[21.87889,38.15951],[21.88058,38.1599],[21.88104,38.15931],[21.88209,38.15925],[21.88304,38.16084],[21.8827,38.16192],[21.88307,38.16243],[21.88244,38.16354],[21.8838,38.16341],[21.88489,38.16244],[21.88527,38.15853],[21.88675,38.15916],[21.88744,38.16],[21.88793,38.15959],[21.88894,38.15986],[21.89151,38.15908],[21.89186,38.15958],[21.89458,38.15954],[21.90242,38.16165],[21.90332,38.16247],[21.90466,38.16274],[21.90479,38.16112],[21.90352,38.15929],[21.90421,38.158],[21.90393,38.15748],[21.90426,38.15676],[21.90487,38.15654],[21.90402,38.1561],[21.9044,38.1554],[21.90405,38.15404],[21.90524,38.15133],[21.90491,38.15085],[21.90546,38.15091],[21.90638,38.15222],[21.90758,38.14995],[21.90744,38.14915],[21.90851,38.149],[21.9091,38.14826],[21.90788,38.14663],[21.90801,38.14471],[21.90861,38.14519],[21.90892,38.14472],[21.90938,38.14507],[21.90966,38.14413],[21.91003,38.14512],[21.91182,38.14523],[21.91501,38.14299],[21.91561,38.14211],[21.91715,38.14191],[21.91764,38.14116],[21.91981,38.1407],[21.91944,38.14179],[21.92009,38.14217],[21.92502,38.14348],[21.92964,38.14376],[21.93181,38.14344],[21.93386,38.14184],[21.93578,38.1415],[21.94115,38.14226],[21.944,38.14213],[21.94768,38.14313],[21.94991,38.14222],[21.95455,38.13559],[21.958,38.13279],[21.95818,38.13067],[21.9569,38.12858],[21.95767,38.12726],[21.9577,38.12584],[21.95926,38.12527],[21.9595,38.12352],[21.96179,38.12249],[21.96252,38.12098],[21.96557,38.12106],[21.96615,38.12138],[21.9682,38.12018],[21.96926,38.12027],[21.96959,38.11809],[21.97035,38.11746],[21.97291,38.11795],[21.97793,38.1175],[21.9797,38.11651],[21.98079,38.11477],[21.98223,38.11465],[21.98376,38.11399],[21.98392,38.1129],[21.98318,38.11244],[21.98262,38.11266],[21.98181,38.11216],[21.9782,38.11191],[21.97671,38.11113],[21.9744,38.11203],[21.97596,38.11048],[21.97735,38.11034],[21.9802,38.10851],[21.98078,38.10863],[21.98329,38.10667],[21.98434,38.10676],[21.98503,38.10615],[21.98452,38.10592],[21.98448,38.10533],[21.98526,38.10532],[21.98459,38.10467],[21.98355,38.1045],[21.98774,38.10302],[21.98698,38.10186],[21.98916,38.10208],[21.98798,38.10136],[21.9883,38.10145],[21.9882,38.10109],[21.99053,38.09987],[21.99115,38.1004],[21.99315,38.09938],[21.99278,38.09857],[21.99229,38.09926],[21.99021,38.09853],[21.98871,38.09889],[21.98834,38.09818],[21.98755,38.0981],[21.98637,38.09844],[21.986,38.09891],[21.98618,38.09825],[21.98517,38.09861],[21.98313,38.09827],[21.98272,38.09777],[21.98334,38.09807],[21.98529,38.09801],[21.98669,38.0972],[21.98517,38.09765],[21.98452,38.0973],[21.98532,38.09747],[21.98705,38.09614],[21.98791,38.09636],[21.98718,38.09574],[21.98504,38.09623],[21.98671,38.09509],[21.98856,38.09486],[21.98673,38.09473],[21.98868,38.09338],[21.98817,38.09252],[21.9869,38.09235],[21.9869,38.0914],[21.98551,38.09065],[21.98826,38.09059],[21.9895,38.0902],[21.99036,38.08831],[21.9927,38.08685],[21.99098,38.087],[21.9924,38.08464],[21.99242,38.08398],[21.99154,38.08398],[21.99255,38.08282],[21.99178,38.08316],[21.99098,38.08084],[21.98993,38.0817],[21.99017,38.07964],[21.98982,38.07844],[21.98914,38.07913],[21.98845,38.07898],[21.98746,38.0796],[21.98783,38.07795],[21.98701,38.07726],[21.986,38.07754],[21.98502,38.07692],[21.98326,38.07752],[21.9825,38.07584],[21.98371,38.07522],[21.98534,38.07499],[21.98482,38.07469],[21.98493,38.07421],[21.98429,38.07419],[21.98411,38.07378],[21.98283,38.07404],[21.98115,38.0734],[21.9815,38.07194],[21.98025,38.07237],[21.97997,38.07149],[21.97922,38.07203],[21.97862,38.0717],[21.97772,38.07243],[21.97708,38.0716],[21.97635,38.07181],[21.97613,38.07125],[21.97532,38.07091],[21.97575,38.06924],[21.97733,38.06863],[21.97695,38.06778],[21.9789,38.06454],[21.97763,38.06396],[21.97742,38.06344],[21.9783,38.06228],[21.97926,38.05924],[21.98081,38.05698],[21.97806,38.0557],[21.97836,38.05404],[21.9774,38.05113],[21.97628,38.04935],[21.97508,38.04862],[21.97442,38.04546],[21.97289,38.04501],[21.97137,38.04561],[21.97096,38.04499],[21.97186,38.04396],[21.96957,38.04377],[21.96961,38.04323],[21.96802,38.04252],[21.97025,38.04235],[21.96954,38.04087],[21.96982,38.04012],[21.96912,38.0395],[21.96699,38.03924],[21.96738,38.0384],[21.96669,38.03754],[21.96343,38.0372],[21.9642,38.036],[21.9653,38.0355],[21.96673,38.03379],[21.9671,38.0328],[21.96639,38.03319],[21.96615,38.03235],[21.96527,38.03177],[21.96562,38.03139],[21.96545,38.03044],[21.96446,38.02887],[21.96504,38.02754],[21.96414,38.0272],[21.96437,38.02576],[21.96375,38.02531],[21.96427,38.02503],[21.96407,38.02439],[21.96281,38.02351],[21.96276,38.02284],[21.96178,38.02207],[21.96169,38.02104],[21.96229,38.02001],[21.96116,38.01819],[21.96126,38.01787],[21.96199,38.0178],[21.96188,38.01709],[21.95673,38.01961],[21.95433,38.01939],[21.95015,38.01759],[21.94841,38.01531],[21.94581,38.01418],[21.94367,38.01051],[21.9427,38.00984],[21.94253,38.00851],[21.94019,38.00594],[21.94006,38.00506],[21.93781,38.0031],[21.93652,38.00418],[21.93431,38.00386],[21.93339,38.00261],[21.9329,38.00267],[21.93131,38.00448],[21.93077,38.00441],[21.92976,38.00338],[21.92841,38.00364],[21.92777,38.00495],[21.92633,38.00589],[21.92556,38.00594],[21.92423,38.00527],[21.9232,38.00557],[21.92247,38.00639],[21.92343,38.0083],[21.92082,38.01126],[21.92021,38.01128],[21.92088,38.01272],[21.91914,38.01503],[21.9185,38.01501],[21.91624,38.01263],[21.91223,38.00995],[21.91069,38.00767],[21.91006,38.00763],[21.91062,38.01025],[21.90961,38.01064],[21.90856,38.0119],[21.90873,38.01248],[21.90951,38.01265],[21.90955,38.01379],[21.90891,38.01478],[21.908,38.01495],[21.90835,38.01446],[21.9079,38.01383],[21.9077,38.01441],[21.90552,38.01415],[21.90414,38.01458],[21.90376,38.0157],[21.90245,38.01587],[21.90217,38.01652],[21.90249,38.01722],[21.90238,38.01817],[21.90178,38.01849],[21.902,38.01956],[21.90101,38.01911],[21.90328,38.02269],[21.90487,38.02424],[21.90459,38.02448],[21.90498,38.02566],[21.90346,38.02883],[21.90133,38.03038],[21.90086,38.0302],[21.90094,38.02881],[21.89899,38.02821],[21.89822,38.02772],[21.89783,38.02675],[21.89732,38.02662],[21.89713,38.02598],[21.89783,38.02402],[21.89719,38.02398],[21.89655,38.02304],[21.89599,38.02299],[21.89554,38.02407],[21.89457,38.02351],[21.89384,38.02205],[21.89318,38.0225],[21.89118,38.02158],[21.89045,38.01954],[21.88904,38.01926],[21.88706,38.01943],[21.88517,38.01892],[21.88215,38.02115],[21.88056,38.02154],[21.87989,38.02278],[21.87936,38.02291],[21.87964,38.02379],[21.87908,38.0242],[21.87944,38.02454],[21.87977,38.0275],[21.87914,38.02821],[21.87814,38.02823],[21.87693,38.02892],[21.87588,38.02885],[21.87625,38.02993],[21.87556,38.03053],[21.87554,38.03141],[21.87401,38.03229],[21.87236,38.03177],[21.87172,38.03291],[21.87185,38.03104],[21.87013,38.03375],[21.86756,38.03561],[21.86929,38.03323],[21.86953,38.03091],[21.87013,38.02965],[21.87067,38.02937],[21.87041,38.02875],[21.87099,38.02699],[21.86992,38.0272],[21.86818,38.02875],[21.86608,38.02952],[21.86608,38.03085],[21.86472,38.03102],[21.86402,38.03192],[21.86241,38.03224],[21.86281,38.03342],[21.86118,38.03396],[21.8597,38.03529],[21.85893,38.03548],[21.85852,38.03673],[21.8588,38.03776],[21.85717,38.03971],[21.85552,38.04042],[21.84943,38.04076],[21.84541,38.04158],[21.84644,38.04323],[21.84595,38.04396],[21.845,38.04417],[21.84406,38.04501],[21.84211,38.04417],[21.8414,38.04447],[21.84093,38.044],[21.84043,38.04235],[21.84161,38.03872],[21.84155,38.03812],[21.84101,38.0378],[21.8396,38.03958],[21.83822,38.0401],[21.83754,38.04138],[21.83574,38.04196],[21.8347,38.04289],[21.83273,38.04286],[21.83149,38.0439],[21.82893,38.04381],[21.82745,38.04424],[21.82507,38.04613],[21.82288,38.04488],[21.82061,38.04589],[21.81876,38.04608],[21.81928,38.04409],[21.82056,38.04265],[21.81941,38.04151],[21.81664,38.04048],[21.81102,38.04181],[21.81031,38.04274],[21.80904,38.04229],[21.8079,38.04239],[21.80587,38.04134],[21.80312,38.04098],[21.80067,38.04213],[21.79941,38.04233],[21.79752,38.04151],[21.79593,38.03907],[21.80044,38.03353],[21.80076,38.03074],[21.8017,38.02984],[21.80342,38.02907],[21.80376,38.02793],[21.80256,38.02712],[21.80389,38.02585],[21.80363,38.02495],[21.80602,38.02355],[21.80544,38.0201],[21.80597,38.01827],[21.80647,38.018],[21.80659,38.01548],[21.80537,38.0146],[21.80537,38.01394],[21.80449,38.0136],[21.80445,38.01287],[21.80544,38.01269],[21.80488,38.01139],[21.80554,38.01061],[21.80383,38.00969],[21.80282,38.00978],[21.80207,38.00939],[21.80546,38.0075],[21.8022,38.00596],[21.80149,38.00516],[21.80291,38.00441],[21.80291,38.0036],[21.80209,38.00248],[21.80273,38.00077],[21.80157,37.99986],[21.8011,37.99808],[21.799,37.99705],[21.79878,37.99579],[21.79949,37.99692],[21.79939,37.99542],[21.79816,37.99188],[21.79872,37.9921],[21.79754,37.98948],[21.79844,37.98952],[21.79769,37.98757],[21.79838,37.98759],[21.79752,37.98615],[21.7979,37.98463],[21.79844,37.98444],[21.79604,37.98351],[21.79685,37.98356],[21.79876,37.98222],[21.79954,37.98229],[21.80095,37.98156],[21.8014,37.98102],[21.79806,37.981],[21.7972,37.9813],[21.79658,37.98092],[21.79531,37.98089],[21.79323,37.98019],[21.79411,37.98016],[21.79376,37.97989],[21.79428,37.97972],[21.79336,37.97954],[21.79428,37.97914],[21.79001,37.97815],[21.78859,37.97744],[21.78728,37.97742],[21.786,37.97645],[21.78323,37.97568],[21.78269,37.97497],[21.77954,37.97358],[21.77864,37.97165],[21.77628,37.97017],[21.77522,37.96886],[21.77402,37.96912],[21.77282,37.96832],[21.77207,37.96832],[21.77291,37.96656],[21.77173,37.96633],[21.7722,37.9647],[21.77166,37.9647],[21.77226,37.96435],[21.7716,37.96442],[21.77076,37.96525],[21.76945,37.96497],[21.7681,37.96521],[21.76784,37.96461],[21.7684,37.96351],[21.76692,37.96289],[21.76645,37.95929],[21.76761,37.95742],[21.76887,37.95699],[21.76997,37.95459],[21.76964,37.95427],[21.76855,37.95446],[21.7643,37.95337],[21.76381,37.95225],[21.76201,37.95094],[21.76188,37.94944],[21.76089,37.94809],[21.76153,37.94688],[21.76158,37.94414],[21.76048,37.94425],[21.75924,37.94373],[21.75782,37.94126],[21.75832,37.93935],[21.75885,37.93912],[21.75801,37.93716],[21.75834,37.93633],[21.75911,37.93601],[21.75864,37.93504],[21.75952,37.93403],[21.75956,37.93322],[21.75885,37.93414],[21.75681,37.93489],[21.75761,37.93433],[21.75729,37.9339],[21.75735,37.9344],[21.75634,37.93453],[21.75696,37.93429],[21.75671,37.9336],[21.75812,37.93343],[21.75851,37.93186],[21.75771,37.93296],[21.7569,37.93281],[21.7554,37.93324],[21.75542,37.93362],[21.75293,37.93322],[21.75293,37.93264],[21.75426,37.93326],[21.75683,37.93234],[21.75548,37.93103],[21.75561,37.93036],[21.75488,37.92897],[21.75347,37.92804],[21.75374,37.92699],[21.75265,37.92438],[21.7481,37.9191],[21.74482,37.91785],[21.7434,37.91627],[21.74351,37.91433],[21.74501,37.9156],[21.74542,37.91521],[21.74619,37.91532],[21.74525,37.91425],[21.74658,37.9148],[21.74609,37.91405],[21.74651,37.91311],[21.74611,37.91221],[21.74443,37.91144],[21.74437,37.91103],[21.74555,37.91114],[21.74641,37.91081],[21.74763,37.91105],[21.75059,37.91309],[21.75053,37.91429],[21.75115,37.91493],[21.754,37.91579],[21.75551,37.91695],[21.75458,37.91519],[21.75553,37.91405],[21.75606,37.91457],[21.75671,37.91427],[21.75814,37.91262],[21.75752,37.91232],[21.75825,37.91172],[21.7575,37.91184],[21.75776,37.91129],[21.75733,37.9115],[21.75741,37.91103],[21.75713,37.91131],[21.75555,37.908],[21.75533,37.90815],[21.75443,37.90706],[21.75385,37.9056],[21.75445,37.9041],[21.75426,37.90298],[21.75518,37.90348],[21.75512,37.90247],[21.75591,37.90148],[21.75829,37.90021],[21.75999,37.90047],[21.76192,37.90021],[21.75879,37.89905],[21.75666,37.89916],[21.75531,37.8976],[21.75447,37.89461],[21.75248,37.89178],[21.75059,37.8912],[21.74922,37.88925],[21.74797,37.88431],[21.74849,37.88369],[21.74842,37.88206],[21.74467,37.87762],[21.74054,37.87482],[21.73435,37.8717],[21.73272,37.86931],[21.7316,37.86882],[21.73098,37.86779],[21.72973,37.86693],[21.72857,37.86485],[21.72956,37.86457],[21.72933,37.86314],[21.72819,37.86217],[21.72641,37.85775],[21.72476,37.8567],[21.72201,37.85629],[21.72171,37.85556],[21.72087,37.8553],[21.71892,37.85284],[21.71506,37.85056],[21.71574,37.84992],[21.71523,37.84919],[21.7139,37.84925],[21.71362,37.84831],[21.71229,37.84818],[21.71167,37.84766],[21.70924,37.84408],[21.70607,37.84091],[21.70596,37.84024],[21.70557,37.8408],[21.70499,37.84084],[21.70403,37.83932],[21.70289,37.83902],[21.70203,37.83818],[21.70092,37.8364],[21.69892,37.83462],[21.70038,37.8347],[21.70306,37.83621],[21.70338,37.83578],[21.70255,37.83513],[21.70276,37.83479],[21.70336,37.83449],[21.70495,37.83464],[21.70433,37.83453],[21.7042,37.83382],[21.70289,37.83273],[21.69918,37.83082],[21.69836,37.82988],[21.69671,37.82983],[21.69574,37.82915],[21.69547,37.82756],[21.69433,37.82597],[21.69439,37.82464],[21.6936,37.82398],[21.69225,37.82376],[21.69077,37.82056],[21.69177,37.81994],[21.69311,37.81992],[21.6968,37.82213],[21.69781,37.82415],[21.69922,37.82576],[21.69989,37.82599],[21.70178,37.82537],[21.70371,37.82561],[21.70594,37.82479],[21.70813,37.82455],[21.71032,37.82303],[21.71006,37.82063],[21.71089,37.81998],[21.7134,37.82043],[21.71527,37.82187],[21.71643,37.82228],[21.71712,37.82215],[21.71892,37.82037],[21.7186,37.81616],[21.71926,37.81552],[21.72031,37.81531],[21.71969,37.81501],[21.71604,37.81589],[21.7145,37.81522],[21.71411,37.81601],[21.71332,37.81593],[21.71338,37.81522],[21.71203,37.81222],[21.71104,37.81174],[21.71081,37.81074],[21.70798,37.80947],[21.70707,37.80818],[21.70401,37.80597],[21.70338,37.80395],[21.70145,37.80312],[21.70096,37.80355],[21.69871,37.80202],[21.69581,37.79842],[21.69345,37.7967],[21.69398,37.79683],[21.69384,37.79653],[21.69236,37.79604],[21.69459,37.79559],[21.69592,37.7961],[21.69658,37.79556],[21.69712,37.79578],[21.6971,37.79647],[21.69877,37.79726],[21.70184,37.79769],[21.70293,37.79717],[21.70235,37.79662],[21.70085,37.79619],[21.70162,37.79604],[21.70132,37.79492],[21.70064,37.79466],[21.70212,37.79458],[21.70265,37.79305],[21.7039,37.79462],[21.70763,37.79331],[21.70465,37.79376],[21.70424,37.79284],[21.7071,37.79067],[21.70587,37.79157],[21.70587,37.79243],[21.70871,37.78988],[21.71164,37.78932],[21.71349,37.78857],[21.71542,37.79029],[21.72555,37.78786],[21.72478,37.78705],[21.72544,37.78627],[21.72643,37.78642],[21.72703,37.78612],[21.72491,37.78587],[21.72289,37.78718],[21.72175,37.78724],[21.72289,37.787],[21.72332,37.78653],[21.72336,37.78417],[21.72443,37.78314],[21.72439,37.78175],[21.72416,37.78282],[21.72336,37.78291],[21.72293,37.78344],[21.72338,37.78097],[21.72452,37.77857],[21.72937,37.77379],[21.7327,37.77153],[21.73465,37.77085],[21.7369,37.76836],[21.73767,37.7681],[21.73527,37.76387],[21.73557,37.76314],[21.73392,37.76211],[21.73342,37.76117],[21.73563,37.75426],[21.73563,37.75115],[21.7351,37.74866],[21.73782,37.74909],[21.73746,37.74808],[21.73336,37.7457],[21.73233,37.74426],[21.72995,37.74527],[21.72926,37.74493],[21.72843,37.74523],[21.72699,37.74413],[21.72375,37.7431],[21.7195,37.74297],[21.71488,37.74338],[21.7142,37.74299],[21.7145,37.74211],[21.71143,37.74108],[21.71012,37.74012],[21.7048,37.73948],[21.70426,37.73877],[21.70562,37.73681],[21.70504,37.73647],[21.70452,37.7328],[21.70368,37.73216],[21.69961,37.73276],[21.69971,37.73209],[21.70186,37.73141],[21.70212,37.72969],[21.70326,37.72879],[21.7015,37.72883],[21.70184,37.72742],[21.70117,37.72716],[21.70304,37.7263],[21.70368,37.72529],[21.70257,37.72583],[21.70111,37.72587],[21.70169,37.72418],[21.70135,37.72334],[21.70414,37.72291],[21.70506,37.7213],[21.70487,37.71986],[21.70699,37.71828],[21.70943,37.7178],[21.71077,37.71688],[21.71104,37.71561],[21.71242,37.71458],[21.71216,37.71437],[21.71242,37.71458],[21.71285,37.71426],[21.71366,37.71293],[21.71547,37.71261],[21.71695,37.71164],[21.71757,37.71074],[21.71909,37.71023],[21.72827,37.71351],[21.72967,37.71641],[21.73085,37.71716],[21.73263,37.71724],[21.73587,37.71364],[21.73769,37.7134],[21.73862,37.71252],[21.74029,37.70881],[21.74119,37.70797],[21.74192,37.70544],[21.74349,37.70343],[21.74533,37.70364],[21.74544,37.70293],[21.7469,37.70156],[21.74666,37.70096],[21.74752,37.69916],[21.74694,37.69699],[21.74711,37.69611],[21.74643,37.69555],[21.74623,37.69465],[21.74495,37.69396],[21.74555,37.69345],[21.7457,37.6927],[21.74518,37.69308],[21.74505,37.69218],[21.74572,37.69184],[21.74615,37.6895],[21.74394,37.68843],[21.7446,37.68787],[21.74257,37.68364],[21.74366,37.67957],[21.74246,37.67813],[21.74,37.67762],[21.73699,37.67637],[21.73651,37.6716],[21.73546,37.66987],[21.73396,37.66545],[21.73315,37.66489],[21.73334,37.66394],[21.73154,37.66188],[21.72682,37.66038],[21.72716,37.65965],[21.72669,37.65942],[21.72641,37.65787],[21.72671,37.65757],[21.72742,37.65774],[21.72825,37.65688],[21.72991,37.65667],[21.72892,37.65521],[21.72954,37.65519],[21.72973,37.65476],[21.7289,37.65401],[21.72542,37.65328],[21.72497,37.65225],[21.7198,37.64993],[21.71933,37.64925],[21.72544,37.64354],[21.72722,37.64268],[21.72787,37.64294],[21.72832,37.64386],[21.72918,37.64397],[21.72999,37.6436],[21.73098,37.64414],[21.73102,37.64478],[21.73201,37.6448],[21.73166,37.64643],[21.7322,37.64746],[21.73563,37.64828],[21.73624,37.64802],[21.73838,37.6483],[21.73834,37.64785],[21.7369,37.64706],[21.73834,37.6462],[21.73774,37.64523],[21.73817,37.64444],[21.73887,37.64416],[21.73965,37.64442],[21.73976,37.6453],[21.74115,37.64433],[21.74192,37.6444],[21.74274,37.64362],[21.74362,37.64433],[21.74574,37.64435],[21.74641,37.64543],[21.74754,37.64562],[21.74802,37.64641],[21.75066,37.64721],[21.75443,37.64734],[21.75969,37.64867],[21.76261,37.64836],[21.76617,37.64686],[21.76844,37.64422],[21.76864,37.64317],[21.76808,37.64131],[21.76928,37.64023],[21.76947,37.63953],[21.7704,37.63931],[21.77158,37.63826],[21.77222,37.63824],[21.77254,37.6377],[21.77563,37.63751],[21.77479,37.63644],[21.77402,37.63637],[21.77509,37.63613],[21.77561,37.6356],[21.77499,37.63472],[21.7755,37.63354],[21.77426,37.63204],[21.7752,37.63154],[21.77542,37.62794],[21.77707,37.62637],[21.77939,37.62135],[21.78243,37.61946],[21.78003,37.61712],[21.77894,37.61665],[21.77795,37.6168],[21.77816,37.61556],[21.7752,37.61461],[21.7772,37.6136],[21.7799,37.61283],[21.78235,37.61043],[21.78567,37.60369],[21.78623,37.60324],[21.78677,37.60131],[21.78851,37.60032],[21.78816,37.59974],[21.78842,37.5991],[21.78928,37.59878],[21.79093,37.59579],[21.79076,37.59414],[21.79119,37.59305],[21.79063,37.59017],[21.79082,37.58365],[21.78902,37.58236],[21.78748,37.58249],[21.78737,37.58195],[21.7864,37.58125],[21.78756,37.58131],[21.78771,37.58077],[21.78512,37.57936],[21.78323,37.57897],[21.78394,37.57861],[21.7819,37.57796],[21.78059,37.57661],[21.77973,37.57693],[21.77928,37.57629],[21.77808,37.57584],[21.77715,37.57655],[21.77595,37.57618],[21.77559,37.5768],[21.77488,37.57676],[21.77396,37.57635],[21.77349,37.5753],[21.77243,37.57457],[21.77038,37.57481],[21.76934,37.57436],[21.76769,37.57198],[21.76773,37.57107],[21.76739,37.57142],[21.76593,37.56998],[21.76497,37.56968],[21.7646,37.56848],[21.76325,37.5682],[21.76329,37.5673],[21.76198,37.56552],[21.76228,37.56483],[21.76201,37.56286],[21.75881,37.56277],[21.75787,37.56211],[21.75651,37.56213],[21.75359,37.56048],[21.75304,37.56144],[21.75113,37.56196],[21.75149,37.56007],[21.75048,37.55887],[21.75113,37.55867],[21.75138,37.55749],[21.75106,37.55419],[21.75248,37.55451],[21.75224,37.5555],[21.75424,37.55642],[21.75439,37.55681],[21.75364,37.5579],[21.75394,37.55833],[21.75647,37.55586],[21.75658,37.55511],[21.75787,37.5535],[21.75752,37.55168],[21.75806,37.54988],[21.75988,37.54803],[21.76001,37.54603],[21.7605,37.54582],[21.75978,37.54466],[21.75799,37.5441],[21.75692,37.54438],[21.75716,37.54382],[21.75312,37.54389],[21.75398,37.54324],[21.75012,37.54355],[21.7481,37.54324],[21.74656,37.54359],[21.74344,37.54346],[21.74235,37.54299],[21.74194,37.5435],[21.74126,37.54322],[21.73958,37.54382],[21.73742,37.5432],[21.74042,37.54288],[21.74272,37.54114],[21.74205,37.53945],[21.74072,37.53904],[21.74055,37.53788],[21.739,37.53683],[21.74074,37.53777],[21.741,37.5388],[21.7425,37.53912],[21.74969,37.53719],[21.75087,37.53786],[21.75578,37.53646],[21.75756,37.5364],[21.75962,37.53687],[21.76123,37.53571],[21.76038,37.53318],[21.75821,37.53329],[21.75872,37.53206],[21.7584,37.53048],[21.75887,37.52848],[21.75842,37.52756],[21.75587,37.5264],[21.75447,37.52443],[21.75492,37.52327],[21.75699,37.5229],[21.75426,37.52095],[21.7534,37.5208],[21.75432,37.51893],[21.75278,37.51814],[21.75023,37.51833],[21.74913,37.51795],[21.74709,37.51631],[21.75209,37.51604],[21.75392,37.51492],[21.75542,37.51655],[21.75512,37.51533],[21.75591,37.51604],[21.75739,37.51623],[21.75784,37.51543],[21.75707,37.51492],[21.7572,37.51462],[21.75832,37.51447],[21.75913,37.51344],[21.75992,37.51361],[21.76046,37.51275],[21.76117,37.51303],[21.76186,37.51245],[21.76297,37.51258],[21.76235,37.51144],[21.76128,37.51091],[21.75995,37.50705],[21.76014,37.50629],[21.76156,37.50509],[21.76252,37.50338],[21.76357,37.50359],[21.76293,37.50248],[21.76623,37.50282],[21.76711,37.50351],[21.76812,37.50346],[21.76883,37.50398],[21.76962,37.50363],[21.76979,37.50284],[21.76851,37.50239],[21.77357,37.49687],[21.77342,37.49344],[21.77117,37.48821],[21.77014,37.48752],[21.76859,37.48509],[21.76969,37.48378],[21.7684,37.48278],[21.76763,37.48142],[21.76752,37.47954],[21.76947,37.47836],[21.77055,37.47814],[21.77267,37.4784],[21.77404,37.47756],[21.77767,37.47632],[21.77728,37.47509],[21.77585,37.47385],[21.77561,37.47263],[21.77679,37.46864],[21.77928,37.46782],[21.78046,37.46681],[21.78173,37.46634],[21.78209,37.46512],[21.78338,37.46435],[21.78211,37.45879],[21.78213,37.45625],[21.78295,37.45606],[21.78254,37.45411],[21.78142,37.45237],[21.77883,37.45048],[21.77851,37.45074],[21.77786,37.45042],[21.77668,37.44872],[21.77679,37.44761],[21.77748,37.44707],[21.77986,37.44726],[21.77613,37.44465],[21.77636,37.4442],[21.77419,37.44199],[21.77325,37.44224],[21.77119,37.44158],[21.77108,37.44261],[21.77029,37.44287],[21.7705,37.44381],[21.7699,37.44435],[21.76821,37.44312],[21.76518,37.44428],[21.76222,37.444],[21.7607,37.44261],[21.75677,37.44248],[21.75379,37.44025],[21.75299,37.4392],[21.75201,37.43874],[21.74937,37.43898],[21.74877,37.43986],[21.74503,37.44038],[21.74435,37.44113],[21.74254,37.44102],[21.73967,37.44177],[21.73735,37.44003],[21.73591,37.44003],[21.73322,37.43822],[21.7336,37.43778],[21.73322,37.43822],[21.73008,37.43651],[21.72862,37.43744],[21.72413,37.4375],[21.72321,37.43681],[21.72282,37.43553],[21.72336,37.43495],[21.7233,37.43383],[21.72141,37.43314],[21.72027,37.43432],[21.71997,37.43411],[21.72061,37.43357],[21.72027,37.43252],[21.72068,37.43199],[21.72293,37.43201],[21.72456,37.43139],[21.72289,37.43081],[21.72203,37.43003],[21.72216,37.42767],[21.72128,37.42778],[21.72053,37.42598],[21.71883,37.42452],[21.71793,37.42439],[21.71671,37.42321],[21.71656,37.42248],[21.71463,37.42181],[21.7133,37.42224],[21.71377,37.42046],[21.71274,37.41956],[21.71055,37.41905],[21.71044,37.41836],[21.70894,37.41735],[21.70641,37.41452],[21.70476,37.41373],[21.70506,37.41334],[21.7034,37.41212],[21.70154,37.41207],[21.70139,37.41083],[21.70231,37.40916],[21.70487,37.40731],[21.70495,37.40662],[21.70553,37.4072],[21.70542,37.4051],[21.70428,37.40583],[21.70353,37.40531],[21.70259,37.40592],[21.70141,37.40499],[21.69939,37.40527],[21.70062,37.40409],[21.70031,37.40418],[21.7004,37.40381],[21.69836,37.40199],[21.69804,37.40115],[21.69763,37.39551],[21.69315,37.3936],[21.69137,37.39334],[21.69229,37.39218],[21.69152,37.38686],[21.69371,37.37817],[21.69313,37.3762],[21.69356,37.37592],[21.69472,37.37759],[21.69476,37.37815],[21.69386,37.37899],[21.69371,37.38015],[21.69448,37.38216],[21.6939,37.38339],[21.69587,37.38512],[21.69677,37.38508],[21.7004,37.38656],[21.7024,37.38875],[21.70426,37.3892],[21.70546,37.39047],[21.70811,37.39025],[21.71162,37.39195],[21.71529,37.39173],[21.71785,37.3925],[21.71958,37.39109],[21.72068,37.39154],[21.72381,37.39147],[21.72446,37.39177],[21.72791,37.39077],[21.72716,37.39014],[21.72604,37.39047],[21.72446,37.39021],[21.72317,37.38916],[21.72319,37.38813],[21.72096,37.38577],[21.72484,37.3857],[21.72566,37.38454],[21.72583,37.38517],[21.72851,37.38611],[21.73113,37.38504],[21.73274,37.38523],[21.73205,37.38446],[21.73081,37.38433],[21.73089,37.38381],[21.73205,37.38306],[21.73237,37.38214],[21.73424,37.38135],[21.73549,37.38186],[21.73731,37.38186],[21.73995,37.3809],[21.7395,37.38045],[21.74188,37.38098],[21.74295,37.37946],[21.7446,37.3792],[21.74544,37.37802],[21.74666,37.37909],[21.74718,37.37832],[21.74853,37.37757],[21.74924,37.37843],[21.74941,37.37956],[21.74986,37.37974],[21.75128,37.37871],[21.75351,37.37519],[21.75542,37.37866],[21.75647,37.37965],[21.75799,37.38036],[21.7611,37.38102],[21.76419,37.37922],[21.76486,37.3769],[21.76546,37.37845],[21.76649,37.37956]]}},{"type":"Feature","properties":{"name":"TET_GR-04_20260426","country":"GR","lengthKm":640},"geometry":{"type":"LineString","coordinates":[[21.76646,37.37958],[21.76724,37.37933],[21.76759,37.3769],[21.77132,37.3789],[21.77297,37.37789],[21.77364,37.37656],[21.77443,37.37678],[21.7757,37.37884],[21.77778,37.37811],[21.77821,37.3765],[21.77739,37.37163],[21.77788,37.3716],[21.7804,37.37343],[21.78125,37.37319],[21.78286,37.37118],[21.78366,37.36682],[21.78552,37.36854],[21.78876,37.36933],[21.79076,37.36894],[21.79426,37.36944],[21.79587,37.36914],[21.79404,37.36982],[21.79494,37.37008],[21.79475,37.37027],[21.79121,37.3709],[21.79138,37.37227],[21.79001,37.37225],[21.7908,37.37607],[21.78915,37.37667],[21.78821,37.37648],[21.78651,37.37862],[21.78578,37.37862],[21.78565,37.3801],[21.78456,37.38132],[21.78447,37.38572],[21.78494,37.38641],[21.78432,37.38641],[21.78597,37.38826],[21.78649,37.38843],[21.7867,37.38802],[21.78606,37.38547],[21.7863,37.38418],[21.78765,37.3856],[21.78864,37.38525],[21.78936,37.38598],[21.79037,37.38613],[21.79252,37.38454],[21.79224,37.38311],[21.79151,37.3827],[21.7925,37.38235],[21.79215,37.38032],[21.79329,37.37877],[21.79503,37.3845],[21.79321,37.38832],[21.79353,37.38888],[21.79585,37.38946],[21.7964,37.39016],[21.79733,37.39042],[21.79919,37.38935],[21.80344,37.38838],[21.80507,37.38744],[21.8058,37.38776],[21.80574,37.38806],[21.80619,37.38798],[21.80617,37.38856],[21.80659,37.38813],[21.80692,37.38845],[21.80662,37.38879],[21.80718,37.3886],[21.80705,37.38808],[21.8093,37.38776],[21.80981,37.38611],[21.81078,37.38755],[21.81142,37.38656],[21.81456,37.38598],[21.81473,37.38437],[21.81539,37.38349],[21.8164,37.38343],[21.81606,37.38401],[21.81726,37.38383],[21.81655,37.38459],[21.81644,37.3874],[21.8185,37.38879],[21.81908,37.38875],[21.81986,37.39019],[21.82028,37.38969],[21.82031,37.39023],[21.82084,37.39012],[21.82046,37.39218],[21.82179,37.39143],[21.82243,37.39154],[21.82406,37.39248],[21.8235,37.39274],[21.82393,37.39362],[21.82614,37.39319],[21.82638,37.39345],[21.82614,37.3936],[21.82661,37.39401],[21.82507,37.39416],[21.82374,37.39495],[21.82335,37.39645],[21.82368,37.39645],[21.82408,37.39525],[21.82453,37.39523],[21.82443,37.39682],[21.82357,37.39772],[21.82383,37.39875],[21.82505,37.39967],[21.82855,37.39971],[21.82646,37.39778],[21.82683,37.39703],[21.82745,37.39752],[21.83097,37.39849],[21.83258,37.39821],[21.8341,37.39733],[21.83687,37.39714],[21.83859,37.39744],[21.83908,37.39821],[21.8387,37.39834],[21.83917,37.40025],[21.83687,37.40222],[21.83612,37.40184],[21.83558,37.40197],[21.83777,37.40525],[21.83767,37.40746],[21.83812,37.40836],[21.84078,37.40978],[21.84525,37.4103],[21.84706,37.41025],[21.84807,37.40952],[21.8488,37.40961],[21.8505,37.41179],[21.84932,37.41244],[21.85179,37.41246],[21.85307,37.41188],[21.85458,37.41203],[21.85297,37.41282],[21.85294,37.41469],[21.85436,37.41649],[21.85616,37.41778],[21.85511,37.41797],[21.85503,37.41905],[21.85354,37.42006],[21.85176,37.42008],[21.85018,37.42094],[21.8499,37.42246],[21.85028,37.42203],[21.85106,37.42328],[21.85174,37.42297],[21.85541,37.42518],[21.85683,37.42812],[21.85848,37.42894],[21.86133,37.4316],[21.86221,37.43197],[21.8623,37.43263],[21.86341,37.4336],[21.86318,37.43435],[21.86445,37.4349],[21.86483,37.43681],[21.86518,37.43727],[21.86565,37.43699],[21.86642,37.43795],[21.86685,37.43797],[21.86728,37.4392],[21.86846,37.43917],[21.86814,37.43859],[21.86846,37.43776],[21.86932,37.43744],[21.86936,37.43684],[21.8691,37.4372],[21.86794,37.43701],[21.86723,37.43634],[21.87073,37.43516],[21.87163,37.43218],[21.87288,37.43295],[21.87552,37.43175],[21.87635,37.43089],[21.87642,37.4293],[21.87713,37.42973],[21.87738,37.4293],[21.87908,37.42892],[21.87996,37.42965],[21.88324,37.43055],[21.88489,37.43027],[21.88425,37.43175],[21.88575,37.43284],[21.885,37.43381],[21.88457,37.43379],[21.88466,37.43463],[21.88599,37.43516],[21.88612,37.43576],[21.88524,37.43812],[21.88904,37.43967],[21.89161,37.44121],[21.89129,37.44317],[21.89191,37.44718],[21.89133,37.44834],[21.89225,37.44971],[21.89401,37.44875],[21.89442,37.4495],[21.89444,37.45083],[21.89504,37.45119],[21.89489,37.45186],[21.89545,37.45205],[21.89451,37.45319],[21.89472,37.45447],[21.89543,37.45505],[21.89483,37.45593],[21.89648,37.45902],[21.89614,37.45928],[21.89496,37.45909],[21.89616,37.45971],[21.89725,37.45952],[21.89708,37.46113],[21.89807,37.46211],[21.8973,37.46306],[21.89809,37.46392],[21.89732,37.46505],[21.89807,37.46589],[21.89753,37.46645],[21.89813,37.46698],[21.89805,37.46874],[21.8997,37.4708],[21.90109,37.4716],[21.89977,37.4723],[21.8997,37.47267],[21.90052,37.47263],[21.89957,37.47396],[21.89764,37.47572],[21.8971,37.47578],[21.89951,37.47617],[21.89779,37.47711],[21.89652,37.47876],[21.89616,37.48044],[21.90002,37.4843],[21.90017,37.48623],[21.89908,37.48786],[21.90054,37.4864],[21.90086,37.48464],[21.89983,37.48104],[21.90052,37.48158],[21.90084,37.48256],[21.90339,37.48308],[21.90466,37.48389],[21.90678,37.48378],[21.90921,37.48482],[21.90938,37.48389],[21.91021,37.48385],[21.91122,37.48434],[21.91249,37.48413],[21.91264,37.48308],[21.91225,37.48248],[21.91365,37.48097],[21.91532,37.48241],[21.91755,37.48246],[21.91616,37.48415],[21.91717,37.48675],[21.91809,37.48741],[21.91794,37.48823],[21.91888,37.48979],[21.91873,37.49336],[21.92223,37.49765],[21.92416,37.49806],[21.92603,37.49778],[21.92755,37.49657],[21.92734,37.49501],[21.92824,37.49426],[21.92974,37.49447],[21.93182,37.49374],[21.93242,37.49426],[21.93262,37.49524],[21.93174,37.49741],[21.93197,37.4979],[21.93412,37.499],[21.935,37.49906],[21.93569,37.49863],[21.93601,37.49692],[21.93676,37.49599],[21.93747,37.4961],[21.93822,37.49569],[21.94017,37.49647],[21.94369,37.49865],[21.94594,37.49842],[21.94695,37.49921],[21.94405,37.50082],[21.94429,37.50106],[21.94772,37.49992],[21.94847,37.499],[21.94862,37.4979],[21.94957,37.4973],[21.95255,37.49653],[21.95337,37.49544],[21.95534,37.49608],[21.96017,37.49589],[21.9603,37.49642],[21.95899,37.49715],[21.95712,37.4975],[21.95581,37.49906],[21.95701,37.5005],[21.95697,37.50142],[21.95476,37.50194],[21.95279,37.50288],[21.95073,37.50488],[21.95188,37.50582],[21.95371,37.50936],[21.95528,37.5102],[21.95429,37.51183],[21.95476,37.51293],[21.95609,37.51338],[21.95922,37.51202],[21.96296,37.51209],[21.96444,37.5105],[21.96598,37.50998],[21.97012,37.50964],[21.97223,37.50876],[21.97257,37.50814],[21.97229,37.50679],[21.97615,37.50003],[21.9777,37.50007],[21.97899,37.49872],[21.98,37.49878],[21.98111,37.49969],[21.9839,37.49981],[21.98504,37.50042],[21.98628,37.50037],[21.98658,37.49861],[21.9889,37.49747],[21.98993,37.49623],[21.98984,37.49381],[21.99501,37.49192],[21.99534,37.49082],[21.99768,37.49054],[21.99894,37.48973],[21.99976,37.48825],[21.99941,37.4872],[21.99971,37.48486],[22.00233,37.4866],[22.00355,37.4869],[22.006,37.4852],[22.00744,37.48492],[22.00763,37.48428],[22.00826,37.4852],[22.00634,37.48606],[22.00626,37.4869],[22.00527,37.48756],[22.00501,37.48917],[22.00549,37.48911],[22.00561,37.48996],[22.00506,37.49102],[22.00613,37.49241],[21.99628,37.50393],[21.99804,37.50544],[21.99907,37.50574],[21.99832,37.50597],[21.99903,37.50619],[22.00066,37.50584],[22.00006,37.50795],[22.00193,37.50908],[22.00244,37.51033],[22.00355,37.51132],[22.0042,37.51091],[22.0054,37.51129],[22.00574,37.51063],[22.00613,37.51072],[22.00697,37.51252],[22.00504,37.51271],[22.00592,37.51325],[22.00611,37.51438],[22.0042,37.51529],[22.00463,37.51812],[22.00637,37.51923],[22.00609,37.51958],[22.00718,37.51936],[22.00815,37.52026],[22.00956,37.5232],[22.00692,37.52477],[22.00686,37.52513],[22.00763,37.52556],[22.00755,37.52653],[22.00862,37.52816],[22.00946,37.52816],[22.0098,37.52754],[22.01076,37.52786],[22.01076,37.52822],[22.00838,37.52898],[22.00748,37.5282],[22.00793,37.52951],[22.00911,37.52977],[22.00789,37.52996],[22.00654,37.52921],[22.00748,37.53041],[22.00928,37.5314],[22.00926,37.53206],[22.01029,37.53378],[22.01199,37.53571],[22.01574,37.53599],[22.01667,37.53651],[22.01707,37.53782],[22.01881,37.53827],[22.01941,37.53887],[22.02034,37.53882],[22.02111,37.53979],[22.02334,37.54026],[22.02235,37.5406],[22.02285,37.54099],[22.02231,37.54284],[22.02463,37.5441],[22.02068,37.54378],[22.0189,37.54425],[22.01662,37.54412],[22.01643,37.5458],[22.01997,37.54762],[22.02091,37.54764],[22.02149,37.54852],[22.02025,37.54934],[22.02207,37.5508],[22.02233,37.55176],[22.02192,37.55314],[22.02079,37.55404],[22.02229,37.5552],[22.02295,37.55648],[22.02405,37.55665],[22.02574,37.55758],[22.0242,37.55829],[22.02542,37.55876],[22.0239,37.55987],[22.0236,37.56196],[22.02488,37.56135],[22.02636,37.56264],[22.02933,37.5596],[22.03033,37.55944],[22.02935,37.56],[22.02894,37.56099],[22.02958,37.5611],[22.02952,37.56148],[22.03018,37.5614],[22.03083,37.56078],[22.03546,37.55974],[22.0369,37.5588],[22.03819,37.55872],[22.03879,37.55844],[22.03993,37.55665],[22.03935,37.55599],[22.03986,37.55599],[22.04036,37.55655],[22.03988,37.55786],[22.04089,37.55668],[22.04036,37.55547],[22.04109,37.55397],[22.04089,37.55301],[22.039,37.55335],[22.041,37.55168],[22.04617,37.54904],[22.04576,37.55073],[22.0449,37.55161],[22.04516,37.55316],[22.04383,37.55314],[22.04299,37.55372],[22.04342,37.55447],[22.04295,37.55526],[22.04428,37.55575],[22.04477,37.55638],[22.04428,37.55749],[22.04282,37.55822],[22.04334,37.55927],[22.04278,37.56095],[22.04055,37.56105],[22.04068,37.56144],[22.04334,37.56245],[22.04445,37.56264],[22.0454,37.56223],[22.04606,37.56324],[22.04568,37.56425],[22.04432,37.56423],[22.04359,37.5656],[22.04233,37.56526],[22.04113,37.56541],[22.04053,37.56642],[22.04151,37.56653],[22.04207,37.56779],[22.04197,37.56953],[22.04297,37.57331],[22.04362,37.57148],[22.04422,37.5717],[22.04477,37.57041],[22.0446,37.56947],[22.04512,37.56891],[22.04518,37.56792],[22.04576,37.56708],[22.04679,37.56693],[22.0487,37.56835],[22.04864,37.56859],[22.04671,37.56786],[22.04671,37.57228],[22.04752,37.57283],[22.04917,37.57318],[22.04967,37.57397],[22.05224,37.57496],[22.05293,37.57577],[22.05169,37.57586],[22.05162,37.57691],[22.04969,37.57655],[22.04754,37.57689],[22.04628,37.5785],[22.04619,37.58026],[22.04334,37.58202],[22.04265,37.58313],[22.04214,37.58552],[22.0396,37.58659],[22.03834,37.5865],[22.03752,37.58816],[22.03872,37.58712],[22.04139,37.5876],[22.0448,37.58545],[22.04664,37.58517],[22.04656,37.58562],[22.04458,37.58672],[22.04617,37.58663],[22.04473,37.58732],[22.04319,37.58873],[22.04205,37.59358],[22.04383,37.59193],[22.04377,37.59127],[22.04559,37.59032],[22.04544,37.59148],[22.04422,37.59283],[22.04671,37.59238],[22.04636,37.59159],[22.04668,37.59026],[22.0475,37.58998],[22.04782,37.58906],[22.04868,37.58863],[22.05121,37.58878],[22.05233,37.58766],[22.05596,37.58635],[22.05677,37.5864],[22.05883,37.58747],[22.06111,37.58777],[22.06231,37.5891],[22.06404,37.59011],[22.06608,37.59058],[22.06887,37.58938],[22.06904,37.58897],[22.06864,37.58867],[22.0667,37.58822],[22.06711,37.58764],[22.06825,37.58743],[22.06825,37.58706],[22.06911,37.58768],[22.07053,37.58743],[22.07037,37.5883],[22.07089,37.58925],[22.07198,37.58882],[22.07215,37.58841],[22.07381,37.58908],[22.07524,37.59054],[22.07319,37.59367],[22.07175,37.59502],[22.0722,37.5962],[22.07162,37.59708],[22.07188,37.59798],[22.07482,37.59717],[22.0766,37.59755],[22.07767,37.59661],[22.08148,37.5964],[22.08179,37.59681],[22.08148,37.5964],[22.08379,37.59575],[22.08409,37.59502],[22.08636,37.59425],[22.09063,37.59446],[22.09211,37.59328],[22.09269,37.59225],[22.09312,37.59315],[22.09391,37.59026],[22.09518,37.58981],[22.09617,37.59],[22.09518,37.58792],[22.09608,37.5883],[22.09715,37.58818],[22.0996,37.58916],[22.09836,37.58702],[22.09909,37.58601],[22.0975,37.58466],[22.09984,37.5818],[22.10125,37.58114],[22.10263,37.57944],[22.10355,37.57889],[22.10535,37.57854],[22.10707,37.57912],[22.1081,37.57886],[22.10868,37.57803],[22.11179,37.57925],[22.11042,37.57844],[22.11005,37.57721],[22.10898,37.57601],[22.1081,37.57582],[22.1084,37.57346],[22.109,37.57341],[22.11018,37.57455],[22.11104,37.57449],[22.11305,37.5758],[22.11421,37.57588],[22.11526,37.57459],[22.11597,37.57436],[22.11516,37.57369],[22.11492,37.57208],[22.11584,37.57195],[22.11835,37.57253],[22.11883,37.57206],[22.1182,37.57135],[22.11859,37.57088],[22.12001,37.57116],[22.12063,37.57181],[22.122,37.572],[22.12327,37.57393],[22.1249,37.57395],[22.12543,37.57485],[22.12529,37.57882],[22.12698,37.5794],[22.12674,37.58032],[22.12599,37.58069],[22.12569,37.58146],[22.12494,37.5876],[22.12687,37.5877],[22.12769,37.58944],[22.12968,37.59075],[22.13168,37.59363],[22.13172,37.59446],[22.13468,37.59545],[22.13698,37.59526],[22.14039,37.59605],[22.14209,37.59723],[22.14389,37.59749],[22.14706,37.59865],[22.14389,37.59749],[22.14588,37.59833],[22.14734,37.59841],[22.14938,37.59736],[22.14904,37.59661],[22.14964,37.59624],[22.14966,37.59433],[22.15254,37.59105],[22.15365,37.58861],[22.15449,37.588],[22.1558,37.58846],[22.15747,37.58655],[22.15663,37.585],[22.15683,37.58369],[22.15644,37.58313],[22.15668,37.5826],[22.15629,37.58245],[22.15668,37.58208],[22.15616,37.58099],[22.15751,37.58007],[22.15706,37.57861],[22.15771,37.57775],[22.16048,37.57899],[22.16157,37.58077],[22.16303,37.58007],[22.16365,37.57934],[22.16316,37.57837],[22.16324,37.57577],[22.16415,37.57384],[22.16715,37.572],[22.16895,37.57211],[22.16809,37.57178],[22.16764,37.57073],[22.16655,37.57125],[22.1659,37.57054],[22.16678,37.56936],[22.16921,37.56841],[22.17168,37.56625],[22.17331,37.56556],[22.17393,37.56423],[22.17378,37.56221],[22.17258,37.56039],[22.17387,37.55987],[22.17865,37.56017],[22.1806,37.55878],[22.18288,37.55884],[22.18371,37.55837],[22.18427,37.5588],[22.18515,37.55852],[22.18556,37.5561],[22.18745,37.5558],[22.18803,37.55399],[22.18781,37.5529],[22.18676,37.55234],[22.1861,37.55069],[22.18637,37.54927],[22.18474,37.5487],[22.18286,37.54919],[22.18125,37.54906],[22.17985,37.54678],[22.17698,37.54936],[22.17532,37.5487],[22.17404,37.54704],[22.1735,37.54758],[22.17241,37.54739],[22.17071,37.54586],[22.16919,37.54359],[22.16837,37.54339],[22.16979,37.54249],[22.1706,37.54245],[22.17163,37.54013],[22.16996,37.54028],[22.17005,37.53945],[22.16824,37.53867],[22.16777,37.53762],[22.1688,37.53704],[22.17035,37.5373],[22.17208,37.53683],[22.17322,37.53728],[22.17416,37.53889],[22.17573,37.53842],[22.17494,37.53852],[22.17468,37.53803],[22.17588,37.53612],[22.17717,37.53011],[22.17914,37.52627],[22.17968,37.5238],[22.18146,37.51953],[22.18294,37.51902],[22.18466,37.51763],[22.1846,37.51794],[22.18071,37.51208],[22.17872,37.50749],[22.17369,37.50223],[22.17237,37.49778],[22.16595,37.49618],[22.16747,37.49131],[22.16713,37.4833],[22.16574,37.48193],[22.16461,37.48286],[22.159,37.48039],[22.16011,37.47923],[22.15827,37.47595],[22.16103,37.47609],[22.1638,37.47524],[22.16638,37.4728],[22.16876,37.4728],[22.16967,37.47187],[22.17478,37.47256],[22.18006,37.46868],[22.18197,37.4691],[22.18309,37.46693],[22.18448,37.46758],[22.18467,37.46618],[22.18753,37.46524],[22.18753,37.46394],[22.19057,37.46351],[22.19195,37.4638],[22.19254,37.46272],[22.19471,37.46243],[22.19551,37.45769],[22.19393,37.45848],[22.19307,37.45714],[22.19052,37.45686],[22.18859,37.45137],[22.18129,37.44547],[22.17724,37.4396],[22.17763,37.43585],[22.1715,37.43332],[22.16992,37.43388],[22.16912,37.43271],[22.16274,37.43085],[22.16082,37.42921],[22.16004,37.43098],[22.15713,37.43169],[22.13898,37.42569],[22.13195,37.41403],[22.13,37.41365],[22.13126,37.41022],[22.13166,37.40666],[22.13807,37.39818],[22.13807,37.39841],[22.14297,37.39296],[22.14686,37.39095],[22.14802,37.3774],[22.14643,37.3682],[22.14392,37.36492],[22.13843,37.36324],[22.13466,37.35824],[22.13327,37.35731],[22.1301,37.35674],[22.12864,37.35454],[22.13016,37.35127],[22.1359,37.34573],[22.13967,37.34371],[22.14146,37.33897],[22.14233,37.33489],[22.14463,37.33025],[22.14701,37.32712],[22.14643,37.3248],[22.14577,37.3239],[22.14881,37.3247],[22.14987,37.32287],[22.15424,37.3217],[22.15643,37.31969],[22.15591,37.31959],[22.15605,37.31826],[22.1556,37.31807],[22.15541,37.31843],[22.15513,37.31766],[22.15612,37.317],[22.15451,37.31749],[22.15393,37.3189],[22.15129,37.3195],[22.15022,37.31888],[22.14893,37.31639],[22.14659,37.31547],[22.14638,37.31489],[22.14679,37.31324],[22.14807,37.31157],[22.14859,37.30989],[22.14925,37.30951],[22.14964,37.30858],[22.15204,37.30715],[22.15264,37.30569],[22.15219,37.30369],[22.15292,37.2979],[22.15595,37.29389],[22.16009,37.29088],[22.16011,37.29026],[22.1597,37.29017],[22.16243,37.28657],[22.16262,37.28358],[22.16408,37.28185],[22.16507,37.28144],[22.16547,37.28009],[22.16663,37.27983],[22.16844,37.27743],[22.17174,37.27569],[22.17365,37.27406],[22.17691,37.27346],[22.1773,37.27369],[22.17777,37.27571],[22.17874,37.27569],[22.182,37.27429],[22.18236,37.27344],[22.18461,37.27344],[22.18618,37.27223],[22.18708,37.27071],[22.18852,37.2694],[22.19019,37.2696],[22.1924,37.26472],[22.19457,37.26399],[22.19614,37.26273],[22.19588,37.26228],[22.19811,37.26078],[22.19794,37.25962],[22.19955,37.26005],[22.19871,37.25878],[22.19845,37.25739],[22.2009,37.25479],[22.20107,37.25404],[22.20272,37.25361],[22.20365,37.25249],[22.20537,37.252],[22.20551,37.2506],[22.20485,37.24737],[22.20506,37.24567],[22.20545,37.24584],[22.20689,37.24475],[22.208,37.24281],[22.20964,37.24215],[22.21084,37.23979],[22.21296,37.23779],[22.21438,37.23419],[22.21534,37.23432],[22.21614,37.23378],[22.21614,37.23307],[22.21663,37.2331],[22.21989,37.23475],[22.22229,37.23548],[22.2232,37.23533],[22.22562,37.23621],[22.22629,37.23554],[22.228,37.23516],[22.22918,37.23443],[22.22878,37.23239],[22.22929,37.23136],[22.23358,37.22992],[22.23536,37.22814],[22.23708,37.22533],[22.23918,37.22408],[22.23952,37.22443],[22.24062,37.22406],[22.24251,37.22462],[22.24515,37.22335],[22.24583,37.22213],[22.2474,37.21597],[22.24942,37.2152],[22.24963,37.21464],[22.25,37.21488],[22.24944,37.21571],[22.25098,37.21501],[22.25242,37.21391],[22.25294,37.21329],[22.25272,37.21299],[22.2541,37.21295],[22.25551,37.2134],[22.25797,37.21203],[22.25752,37.21168],[22.25797,37.21203],[22.25976,37.2114],[22.26049,37.21007],[22.26019,37.20904],[22.26118,37.2087],[22.26141,37.20762],[22.26238,37.20829],[22.26186,37.20855],[22.26227,37.20911],[22.26152,37.20928],[22.26229,37.20973],[22.2627,37.21084],[22.26242,37.21157],[22.26315,37.21091],[22.26324,37.20973],[22.26485,37.20962],[22.26553,37.20838],[22.26545,37.20979],[22.26459,37.21035],[22.2653,37.21039],[22.26693,37.20878],[22.26731,37.20752],[22.2689,37.20745],[22.268,37.20934],[22.2686,37.21453],[22.26787,37.21677],[22.26654,37.21844],[22.26641,37.21921],[22.26731,37.22093],[22.26916,37.22046],[22.2698,37.22168],[22.27087,37.22013],[22.27034,37.21934],[22.27045,37.21825],[22.27152,37.2172],[22.27165,37.21552],[22.27248,37.21509],[22.2724,37.21623],[22.27384,37.21807],[22.27377,37.21863],[22.27298,37.2191],[22.27379,37.21973],[22.27319,37.22074],[22.27429,37.22144],[22.27467,37.22355],[22.27551,37.22535],[22.2757,37.22468],[22.276,37.22522],[22.27596,37.22599],[22.2748,37.22728],[22.27592,37.22694],[22.27482,37.22797],[22.2757,37.22837],[22.27643,37.22979],[22.27849,37.22887],[22.28025,37.22861],[22.28002,37.22743],[22.28066,37.22685],[22.28193,37.22696],[22.28266,37.22651],[22.28321,37.22707],[22.28403,37.22569],[22.28673,37.22597],[22.28841,37.22655],[22.28832,37.22782],[22.28989,37.2279],[22.29062,37.22962],[22.2927,37.22844],[22.29317,37.22943],[22.29291,37.23138],[22.29345,37.23121],[22.29532,37.23204],[22.30124,37.23533],[22.30785,37.23189],[22.30806,37.23108],[22.3078,37.23073],[22.30729,37.23093],[22.30744,37.23035],[22.3084,37.23018],[22.30997,37.2291],[22.31227,37.22874],[22.31516,37.22653],[22.31581,37.22546],[22.31898,37.22301],[22.31941,37.2211],[22.31995,37.22054],[22.32049,37.22224],[22.31918,37.2243],[22.32096,37.22548],[22.32149,37.22788],[22.32377,37.22988],[22.32433,37.23121],[22.3275,37.23492],[22.32881,37.23582],[22.32935,37.23721],[22.32879,37.23968],[22.32761,37.24123],[22.32574,37.24576],[22.32486,37.24475],[22.32471,37.24494],[22.32495,37.24599],[22.3283,37.2493],[22.32975,37.24859],[22.33177,37.24642],[22.33988,37.24352],[22.34072,37.24236],[22.3416,37.24196],[22.34458,37.24234],[22.34548,37.24118],[22.34613,37.2391],[22.34776,37.24511],[22.3466,37.24479],[22.34437,37.24522],[22.34428,37.24649],[22.34551,37.24608],[22.34651,37.24642],[22.34396,37.24715],[22.34696,37.24758],[22.34892,37.24837],[22.34932,37.24773],[22.35321,37.24642],[22.35435,37.24515],[22.35475,37.24625],[22.35299,37.24784],[22.35306,37.24839],[22.35377,37.24889],[22.35278,37.25069],[22.34859,37.25067],[22.3466,37.25127],[22.34576,37.25354],[22.34692,37.2559],[22.34574,37.25734],[22.34581,37.25809],[22.34883,37.25947],[22.3502,37.2609],[22.35293,37.26099],[22.35422,37.26296],[22.35816,37.26305],[22.35729,37.26814],[22.3581,37.26953],[22.36005,37.27142],[22.35997,37.27365],[22.36053,37.27483],[22.36267,37.27603],[22.36437,37.27803],[22.36529,37.27854],[22.36503,37.27951],[22.36885,37.27977],[22.3707,37.27874],[22.37074,37.27698],[22.37155,37.2756],[22.37404,37.2735],[22.37529,37.27296],[22.37572,37.27189],[22.3766,37.27138],[22.3772,37.26987],[22.37941,37.26691],[22.3793,37.26502],[22.38027,37.26196],[22.38119,37.26162],[22.3837,37.2562],[22.38486,37.25494],[22.3858,37.2549],[22.38709,37.25421],[22.3919,37.25578],[22.39621,37.25605],[22.39698,37.25565],[22.39647,37.25537],[22.40039,37.25316],[22.40368,37.25161],[22.40505,37.2514],[22.4058,37.25078],[22.40784,37.25048],[22.4091,37.24966],[22.4102,37.24773],[22.41095,37.24859],[22.41089,37.24938],[22.41172,37.24942],[22.41475,37.24887],[22.4172,37.24754],[22.4202,37.24526],[22.42245,37.2426],[22.4235,37.24028],[22.42466,37.24009],[22.42659,37.24045],[22.43149,37.2397],[22.43423,37.23885],[22.43378,37.23825],[22.43541,37.23582],[22.43571,37.23327],[22.43539,37.23318],[22.43477,37.23389],[22.4335,37.23164],[22.43359,37.23097],[22.43586,37.22775],[22.43612,37.22614],[22.43569,37.2258],[22.43666,37.22567],[22.43758,37.22376],[22.43979,37.2222],[22.43994,37.22129],[22.44144,37.21999],[22.44149,37.21904],[22.44176,37.22054],[22.44258,37.22011],[22.44303,37.22082],[22.44535,37.22125],[22.4479,37.21904],[22.44857,37.21662],[22.4494,37.21835],[22.45075,37.21911],[22.45327,37.21876],[22.45565,37.21966],[22.45953,37.21992],[22.46093,37.22056],[22.46455,37.22106],[22.46318,37.22312],[22.46307,37.22211],[22.4626,37.22222],[22.4623,37.22297],[22.46129,37.22301],[22.46127,37.22423],[22.46234,37.22395],[22.46251,37.22503],[22.46348,37.22456],[22.46423,37.22486],[22.46406,37.22558],[22.46545,37.22548],[22.46595,37.22586],[22.46565,37.22672],[22.46623,37.22683],[22.46638,37.22737],[22.46784,37.2267],[22.4691,37.2273],[22.46985,37.22719],[22.47026,37.22792],[22.46992,37.22861],[22.47017,37.22928],[22.47107,37.22904],[22.47288,37.22953],[22.47298,37.22842],[22.47389,37.22928],[22.47341,37.22765],[22.47541,37.22782],[22.4771,37.23018],[22.47706,37.23108],[22.47794,37.23142],[22.47844,37.23264],[22.47914,37.23247],[22.47961,37.234],[22.47921,37.23535],[22.48075,37.23445],[22.48163,37.23498],[22.48208,37.23436],[22.48449,37.23376],[22.485,37.23434],[22.48468,37.23483],[22.48539,37.2346],[22.48577,37.23391],[22.48637,37.23408],[22.4871,37.23503],[22.48856,37.23503],[22.48903,37.23576],[22.49,37.23586],[22.49009,37.23702],[22.49116,37.23668],[22.49152,37.23732],[22.49249,37.2367],[22.49249,37.23936],[22.49039,37.24078],[22.49155,37.24133],[22.49084,37.24241],[22.49105,37.24286],[22.48861,37.24449],[22.48938,37.24447],[22.49009,37.24511],[22.49129,37.24515],[22.49099,37.24584],[22.49133,37.24674],[22.4923,37.24698],[22.49371,37.24649],[22.49414,37.2458],[22.49427,37.24668],[22.49481,37.24689],[22.49427,37.24668],[22.49414,37.2458],[22.49371,37.24649],[22.49451,37.24777],[22.49588,37.24848],[22.49605,37.24951],[22.49706,37.24942],[22.50017,37.25069],[22.50159,37.25033],[22.50195,37.25082],[22.50114,37.25241],[22.50189,37.25277],[22.50146,37.2544],[22.50176,37.25541],[22.50084,37.25629],[22.50283,37.25824],[22.50502,37.25781],[22.50616,37.25814],[22.50708,37.26123],[22.50845,37.26103],[22.50961,37.26136],[22.51513,37.26414],[22.5159,37.2641],[22.51785,37.26494],[22.51893,37.26451],[22.52006,37.26541],[22.52028,37.2662],[22.52197,37.26691],[22.52212,37.2682],[22.52348,37.26906],[22.52631,37.2697],[22.52691,37.26942],[22.52805,37.26766],[22.5286,37.2676],[22.53021,37.26844],[22.52863,37.2682],[22.52815,37.26876],[22.52798,37.27071],[22.52946,37.2709],[22.52995,37.27166],[22.52877,37.27277],[22.52944,37.27331],[22.53126,37.27204],[22.53171,37.27245],[22.53247,37.27236],[22.53328,37.2718],[22.53309,37.27116],[22.53367,37.27056],[22.53373,37.27159],[22.53489,37.27092],[22.53586,37.27131],[22.53738,37.27256],[22.5365,37.27414],[22.53736,37.27481],[22.53723,37.27573],[22.53826,37.27687],[22.53817,37.27805],[22.5389,37.27959],[22.5441,37.28082],[22.54562,37.28013],[22.54751,37.28163],[22.55098,37.28279],[22.55186,37.28361],[22.55334,37.28344],[22.55448,37.28429],[22.55688,37.28397],[22.55992,37.2854],[22.56017,37.28494],[22.55992,37.2854],[22.5648,37.28659],[22.566,37.28584],[22.56787,37.28689],[22.57163,37.28605],[22.57227,37.2853],[22.57199,37.28492],[22.57229,37.28434],[22.57283,37.28397],[22.57901,37.28165],[22.5789,37.28073],[22.57963,37.28049],[22.57997,37.27966],[22.57903,37.27897],[22.57783,37.27938],[22.57575,37.27736],[22.57706,37.27725],[22.57821,37.2767],[22.5806,37.27657],[22.58083,37.27629],[22.57965,37.27468],[22.57939,37.27316],[22.58027,37.27277],[22.58145,37.27429],[22.58203,37.27341],[22.58308,37.27363],[22.58418,37.27279],[22.58499,37.2706],[22.58392,37.26887],[22.58574,37.26942],[22.58624,37.26992],[22.5875,37.26972],[22.59017,37.26835],[22.59298,37.26487],[22.59201,37.26329],[22.59109,37.26277],[22.59231,37.26193],[22.59225,37.26015],[22.59293,37.25897],[22.59407,37.25859],[22.59435,37.25717],[22.59418,37.25524],[22.59319,37.25408],[22.59152,37.2535],[22.59313,37.25299],[22.5928,37.25071],[22.5939,37.24874],[22.59375,37.24809],[22.5948,37.2464],[22.59592,37.24621],[22.59673,37.24481],[22.59774,37.24483],[22.59753,37.24339],[22.59877,37.24346],[22.60012,37.24288],[22.60216,37.24355],[22.60334,37.2435],[22.60227,37.24234],[22.6033,37.24069],[22.60538,37.23953],[22.60716,37.23955],[22.60761,37.23908],[22.60718,37.23844],[22.60716,37.23485],[22.60864,37.2334],[22.60853,37.23209],[22.6092,37.22966],[22.61124,37.2281],[22.61218,37.22638],[22.61428,37.22466],[22.6142,37.22288],[22.61563,37.22198],[22.61452,37.22069],[22.61615,37.22035],[22.61688,37.21953],[22.61845,37.21923],[22.61943,37.21921],[22.62064,37.2199],[22.62089,37.21827],[22.62214,37.21771],[22.62064,37.21689],[22.62029,37.21305],[22.62149,37.21243],[22.62151,37.21192],[22.62106,37.20936],[22.61986,37.20885],[22.61937,37.20769],[22.62246,37.20426],[22.62216,37.20252],[22.62596,37.20177],[22.62536,37.20069],[22.62647,37.20003],[22.62439,37.19855],[22.62628,37.19541],[22.62696,37.19312],[22.62688,37.19162],[22.62497,37.19001],[22.62587,37.18913],[22.62499,37.1884],[22.62527,37.18664],[22.62452,37.18537],[22.62559,37.1849],[22.62651,37.18533],[22.62699,37.18456],[22.62853,37.18383],[22.62956,37.18548],[22.63231,37.18548],[22.63293,37.18595],[22.63593,37.18662],[22.63797,37.18593],[22.63868,37.18617],[22.64134,37.18449],[22.64271,37.18288],[22.64465,37.18325],[22.64615,37.18286],[22.64797,37.18151],[22.65207,37.18166],[22.65473,37.18007],[22.65561,37.17992],[22.65645,37.18027],[22.65728,37.17936],[22.65546,37.17801],[22.65319,37.17795],[22.65053,37.17651],[22.64842,37.17698],[22.64675,37.1766],[22.6466,37.17565],[22.64533,37.17469],[22.64473,37.17299],[22.64673,37.17269],[22.64862,37.17327],[22.65018,37.17323],[22.65055,37.17239],[22.6522,37.17194],[22.65304,37.17117],[22.65295,37.16947],[22.65578,37.16874],[22.65525,37.16806],[22.65387,37.16746],[22.65323,37.16658],[22.65546,37.16626],[22.65675,37.16447],[22.65864,37.16531],[22.66048,37.16428],[22.66132,37.1643],[22.66173,37.16359],[22.66042,37.16211],[22.66235,37.16265],[22.66321,37.16248],[22.66355,37.1619],[22.6666,37.16166],[22.6672,37.16087],[22.66686,37.16003],[22.6678,37.16042],[22.66842,37.16025],[22.66952,37.15969],[22.67046,37.15795],[22.67143,37.15741],[22.67623,37.15608],[22.67653,37.15542],[22.67741,37.15512],[22.67782,37.15437],[22.68001,37.15261],[22.67885,37.15426],[22.67901,37.156],[22.67853,37.15694],[22.67585,37.15812],[22.67454,37.1593],[22.67291,37.15965],[22.67299,37.16087],[22.67376,37.16113],[22.67366,37.16147],[22.67177,37.16226],[22.6722,37.16271],[22.67175,37.1637],[22.66986,37.16411],[22.67067,37.16471],[22.67076,37.16529],[22.6725,37.16617],[22.67385,37.16666],[22.67544,37.16656],[22.67703,37.16765],[22.67565,37.16851],[22.6716,37.16874],[22.66979,37.16808],[22.66834,37.16866],[22.66956,37.16924],[22.66874,37.1714],[22.67053,37.17188],[22.67063,37.17164],[22.67053,37.17188],[22.67151,37.17213],[22.67263,37.17306],[22.67228,37.17377],[22.67559,37.17415],[22.67432,37.17329],[22.67679,37.17362],[22.67791,37.17428],[22.67722,37.17533],[22.67808,37.1758],[22.67924,37.17501],[22.68044,37.17559],[22.68157,37.17561],[22.68196,37.17593],[22.6816,37.17666],[22.67988,37.17705],[22.67984,37.17861],[22.67782,37.17958],[22.68271,37.18042],[22.68454,37.18183],[22.6872,37.18265],[22.68938,37.18535],[22.68956,37.1881],[22.69239,37.19009],[22.69657,37.19149],[22.69711,37.19241],[22.69642,37.19187],[22.69501,37.19198],[22.69335,37.19529],[22.69301,37.19707],[22.68838,37.19722],[22.68688,37.19773],[22.68473,37.1961],[22.68374,37.19612],[22.68333,37.19713],[22.68376,37.19887],[22.68256,37.19664],[22.68275,37.19883],[22.68224,37.20014],[22.67924,37.20284],[22.67357,37.20619],[22.6728,37.2084],[22.67389,37.20773],[22.67391,37.20902],[22.67205,37.21074],[22.6716,37.21142],[22.67213,37.21123],[22.67042,37.21378],[22.67018,37.21325],[22.66934,37.21501],[22.66877,37.21484],[22.66638,37.21627],[22.66381,37.21548],[22.66196,37.21554],[22.66209,37.21662],[22.66419,37.21999],[22.66527,37.2208],[22.66231,37.22749],[22.66297,37.2282],[22.66505,37.22915],[22.66353,37.22906],[22.66278,37.23001],[22.66145,37.23071],[22.65975,37.23031],[22.65954,37.2279],[22.6578,37.22672],[22.65896,37.22385],[22.65799,37.22333],[22.65623,37.22539],[22.65394,37.22702],[22.65381,37.2284],[22.65136,37.2291],[22.64971,37.22915],[22.64863,37.22972],[22.64829,37.22946],[22.64863,37.22972],[22.6475,37.23071],[22.64686,37.23232],[22.64615,37.23232],[22.64538,37.23174],[22.64345,37.23342],[22.64132,37.23342],[22.64016,37.2338],[22.64001,37.23458],[22.6407,37.23464],[22.64121,37.2355],[22.64271,37.23522],[22.64398,37.23799],[22.64282,37.23893],[22.64057,37.23915],[22.63866,37.24069],[22.64025,37.24247],[22.63926,37.24337],[22.6399,37.24408],[22.63969,37.2461],[22.64143,37.24608],[22.64338,37.24719],[22.64507,37.24882],[22.6451,37.24934],[22.64383,37.25015],[22.64306,37.25133],[22.64147,37.25022],[22.63924,37.25],[22.64108,37.25056],[22.64323,37.25245],[22.64473,37.25185],[22.6466,37.25043],[22.6495,37.25063],[22.65325,37.25357],[22.65377,37.25642],[22.65465,37.25779],[22.65166,37.25586],[22.65164,37.25509],[22.65063,37.25438],[22.65081,37.25786],[22.65005,37.25867],[22.65001,37.25985],[22.64982,37.25923],[22.64917,37.25902],[22.64988,37.262],[22.64898,37.26344],[22.64962,37.2615],[22.64928,37.2597],[22.64847,37.25872],[22.64776,37.25899],[22.64868,37.26026],[22.64763,37.26204],[22.64645,37.26307],[22.64716,37.26363],[22.64752,37.26507],[22.6472,37.26696],[22.64844,37.26863],[22.64816,37.26906],[22.64737,37.26919],[22.64793,37.26962],[22.64975,37.26925],[22.64997,37.27002],[22.65104,37.27013],[22.65108,37.27204],[22.65471,37.27655],[22.65763,37.27824],[22.65917,37.28095],[22.65928,37.28206],[22.6578,37.28307],[22.65778,37.28406],[22.65864,37.28535],[22.65746,37.2862],[22.65726,37.28706],[22.65827,37.28923],[22.65477,37.28899],[22.65323,37.29034],[22.65091,37.29116],[22.64808,37.29118],[22.64881,37.29316],[22.64967,37.29247],[22.65087,37.2929],[22.64973,37.29271],[22.64844,37.29431],[22.64493,37.29507],[22.64426,37.29545],[22.64518,37.29552],[22.64375,37.29618],[22.64443,37.29637],[22.64287,37.29672],[22.64518,37.29695],[22.64237,37.29815],[22.64239,37.29841],[22.64415,37.29777],[22.64284,37.29869],[22.64244,37.29983],[22.64158,37.30043],[22.64153,37.30017],[22.64059,37.30118],[22.64254,37.30071],[22.64096,37.30174],[22.64096,37.30318],[22.6395,37.30266],[22.63709,37.30438],[22.63482,37.30504],[22.63312,37.30399],[22.63312,37.30534],[22.63259,37.30616],[22.63319,37.30702],[22.63407,37.30738],[22.63147,37.30938],[22.63106,37.31024],[22.62845,37.31187],[22.62778,37.31144],[22.62521,37.3124],[22.62422,37.31154],[22.62512,37.31341],[22.62589,37.3174],[22.62482,37.31637],[22.62514,37.31755],[22.62482,37.31839],[22.62467,37.31749],[22.62479,37.32012],[22.62377,37.32255],[22.6231,37.32315],[22.62184,37.32375],[22.62021,37.32528],[22.61821,37.32427],[22.61754,37.32335],[22.61664,37.3238],[22.61405,37.3233],[22.61289,37.32438],[22.61295,37.3239],[22.61229,37.32431],[22.61171,37.32511],[22.60954,37.32369],[22.60939,37.32489],[22.60697,37.32665],[22.60484,37.32738],[22.60392,37.32914],[22.60089,37.33098],[22.5981,37.33182],[22.59735,37.33253],[22.596,37.33289],[22.59413,37.33519],[22.59353,37.3374],[22.59126,37.33935],[22.58607,37.34148],[22.58287,37.34167],[22.58139,37.3436],[22.57942,37.34517],[22.57851,37.34731],[22.57864,37.34933],[22.5812,37.35395],[22.58165,37.35618],[22.58235,37.35669],[22.5833,37.3597],[22.58529,37.35989],[22.58718,37.3592],[22.58808,37.35954],[22.58935,37.36156],[22.59102,37.36242],[22.59426,37.36137],[22.5984,37.36236],[22.6015,37.36231],[22.60265,37.36178],[22.60529,37.36261],[22.60907,37.36158],[22.6093,37.36085],[22.60991,37.36058],[22.61057,37.3606],[22.61383,37.36229],[22.61461,37.36236],[22.61602,37.36131],[22.61797,37.36163],[22.61922,37.36257],[22.62171,37.36313],[22.62336,37.36281],[22.62106,37.36358],[22.62188,37.36412],[22.62332,37.36371],[22.624,37.36506],[22.62493,37.36555],[22.62538,37.36727],[22.62452,37.36939],[22.62488,37.37042],[22.62559,37.37118],[22.62851,37.37175],[22.6295,37.37274],[22.63147,37.37261],[22.63188,37.37592],[22.63089,37.37862],[22.62943,37.38002],[22.62881,37.38182],[22.62812,37.38255],[22.62441,37.38326],[22.6225,37.3854],[22.62213,37.38529],[22.62242,37.38557],[22.62087,37.38669],[22.6207,37.38993],[22.61915,37.3918],[22.61718,37.39311],[22.61712,37.39386],[22.61617,37.39465],[22.61604,37.39532],[22.61671,37.39667],[22.61617,37.39733],[22.61443,37.3978],[22.61334,37.39864],[22.6131,37.40017],[22.61222,37.40113],[22.61405,37.40145],[22.61476,37.40212],[22.61574,37.4021],[22.61549,37.40141],[22.61591,37.40057],[22.61815,37.40162],[22.61913,37.40029],[22.62096,37.4016],[22.62145,37.40107],[22.62151,37.40233],[22.62076,37.40242],[22.62147,37.40304],[22.62218,37.40287],[22.62233,37.39954],[22.62424,37.40476],[22.62407,37.40527],[22.62113,37.40705],[22.6199,37.40851],[22.61952,37.4085],[22.6199,37.40851],[22.62021,37.41182],[22.61907,37.41113],[22.61866,37.41036],[22.61767,37.41416],[22.61589,37.41598],[22.61555,37.41752],[22.61467,37.41836],[22.61362,37.41866],[22.61355,37.42012],[22.61308,37.42089],[22.61224,37.42119],[22.61224,37.42194],[22.61141,37.42173],[22.61089,37.42212],[22.61059,37.4231],[22.61197,37.42424],[22.61216,37.42553],[22.61141,37.42718],[22.6101,37.42761],[22.6133,37.42785],[22.61373,37.4284],[22.6128,37.42952],[22.61325,37.42834],[22.61106,37.42849],[22.61087,37.43587],[22.60941,37.43624],[22.61059,37.43705],[22.60969,37.43847],[22.61235,37.43902],[22.61274,37.43975],[22.61235,37.44113],[22.61203,37.44091],[22.61235,37.44158],[22.61349,37.4416],[22.61405,37.44218],[22.61561,37.44128],[22.61658,37.44141],[22.61806,37.44351],[22.62115,37.44267],[22.62188,37.44439],[22.62306,37.4443],[22.62373,37.44538],[22.62461,37.44544],[22.62473,37.44759],[22.62557,37.44771],[22.62613,37.44827],[22.62505,37.44911],[22.62516,37.44971],[22.62626,37.45076],[22.62553,37.45168],[22.62682,37.45119],[22.62995,37.45201],[22.63299,37.45156],[22.63802,37.45323],[22.6413,37.45314],[22.64169,37.45434],[22.64309,37.45439],[22.64312,37.45372],[22.64309,37.45439],[22.64604,37.4554],[22.6481,37.45771],[22.64806,37.46025],[22.64866,37.46117],[22.64872,37.46282],[22.64993,37.46398],[22.65254,37.46443],[22.65432,37.4655],[22.65555,37.46527],[22.65686,37.46602],[22.65853,37.46595],[22.66014,37.46649],[22.66241,37.4658],[22.66956,37.46483],[22.67074,37.46536],[22.67181,37.46516],[22.67224,37.46467],[22.67508,37.46473],[22.67485,37.46342],[22.67625,37.46328],[22.67657,37.46223],[22.6752,37.46159],[22.6754,37.46104],[22.67494,37.46001],[22.67604,37.45965],[22.67672,37.45808],[22.67653,37.46087],[22.6795,37.46217],[22.67888,37.46276],[22.6793,37.46444],[22.67865,37.465],[22.67917,37.46606],[22.67835,37.46655],[22.67868,37.4676],[22.67937,37.46756],[22.68055,37.46663],[22.68291,37.46708],[22.68537,37.46622],[22.68835,37.46681],[22.69062,37.46603],[22.69182,37.46726],[22.69142,37.46846],[22.69202,37.46914],[22.69407,37.46879],[22.69395,37.47046],[22.69524,37.4723],[22.69487,37.47429],[22.69581,37.47651],[22.69674,37.47696],[22.69625,37.47757],[22.6952,37.47734],[22.6949,37.47685],[22.6953,37.48199],[22.69489,37.48199],[22.69434,37.48117],[22.69397,37.48297],[22.69615,37.48549],[22.69772,37.48817],[22.69911,37.4891],[22.69845,37.48672],[22.69877,37.48504],[22.69932,37.48504],[22.70056,37.48628],[22.70338,37.48756],[22.70563,37.48548],[22.70553,37.48493],[22.70698,37.48354],[22.70914,37.48253],[22.70986,37.48262],[22.71022,37.48217],[22.71204,37.48185],[22.71375,37.48029],[22.71646,37.48046],[22.71743,37.48294],[22.71865,37.48253],[22.72106,37.48077],[22.72766,37.4825],[22.72595,37.48473],[22.72462,37.4851],[22.72565,37.48655],[22.72491,37.4878],[22.72613,37.48876],[22.72585,37.48996],[22.72712,37.49258],[22.72707,37.49443],[22.73028,37.49873],[22.72992,37.49951],[22.73047,37.5007],[22.73384,37.50364],[22.73394,37.50547],[22.73554,37.50708],[22.73599,37.50877],[22.73728,37.51009],[22.73732,37.51062],[22.73694,37.51073],[22.73422,37.5105],[22.73355,37.51073],[22.73414,37.51187],[22.73614,37.51308],[22.73801,37.51699],[22.73643,37.51811],[22.73657,37.52102],[22.73484,37.52217],[22.73421,37.52322],[22.73291,37.5236],[22.73105,37.5232],[22.72751,37.524],[22.72596,37.52462],[22.72423,37.52612],[22.71698,37.53707],[22.7168,37.55344],[22.71777,37.55465],[22.71688,37.55916],[22.71689,37.56269],[22.7183,37.56515],[22.72419,37.57172],[22.72974,37.57599],[22.74419,37.58396],[22.75888,37.58885],[22.77181,37.59146],[22.77831,37.59086],[22.78518,37.58931],[22.78742,37.58834],[22.79321,37.58456],[22.79885,37.57852],[22.80157,37.57486],[22.80262,37.57275],[22.80328,37.56961],[22.80308,37.56611],[22.80713,37.56611],[22.81346,37.56998],[22.81832,37.57179],[22.82708,37.57232],[22.82836,37.57174],[22.83068,37.57205],[22.82879,37.57131],[22.827,37.56954],[22.82683,37.56867],[22.82867,37.56616],[22.82888,37.56731],[22.82908,37.56714],[22.82945,37.56493],[22.83095,37.56398],[22.83101,37.56117],[22.83161,37.56016],[22.83339,37.55922],[22.83345,37.55621],[22.83519,37.55382],[22.83548,37.55201],[22.83785,37.54999],[22.84033,37.5487],[22.84228,37.54577],[22.84611,37.54503],[22.84572,37.54437],[22.84301,37.54252],[22.84258,37.54123],[22.84289,37.53948],[22.84071,37.5368],[22.84028,37.53192],[22.83895,37.53073],[22.84016,37.52852],[22.83983,37.5275],[22.84054,37.52705],[22.84057,37.52593],[22.8431,37.52605],[22.84289,37.52538],[22.84329,37.52499],[22.84541,37.52508],[22.84921,37.52365],[22.85004,37.52266],[22.85012,37.52182],[22.85137,37.52068],[22.85285,37.52041],[22.85553,37.51893],[22.8565,37.51446],[22.85823,37.5194],[22.85984,37.52134],[22.86073,37.52159],[22.86556,37.52701],[22.86804,37.52792],[22.87085,37.52784],[22.87294,37.52878],[22.87286,37.53057],[22.87812,37.53231],[22.88193,37.53307],[22.88225,37.53311],[22.88346,37.52967],[22.89263,37.5323],[22.89277,37.53278],[22.89045,37.53828],[22.89069,37.53918],[22.89235,37.54034],[22.89502,37.5406],[22.89747,37.54152],[22.90013,37.54045],[22.90286,37.54028],[22.90593,37.53764],[22.90972,37.53845],[22.91808,37.53676],[22.92064,37.53697],[22.92464,37.53587],[22.92874,37.53576],[22.93348,37.53396],[22.93481,37.53436],[22.93625,37.53394],[22.93863,37.53534],[22.94011,37.53554],[22.93964,37.53367],[22.94045,37.53286],[22.93988,37.53243],[22.93974,37.53063],[22.94043,37.52832],[22.93965,37.52667],[22.93914,37.52851],[22.93755,37.52909],[22.93602,37.53032],[22.93578,37.53016],[22.93905,37.52858],[22.93955,37.52784],[22.93949,37.52664],[22.94043,37.52822],[22.93974,37.53048],[22.93984,37.53226],[22.94041,37.53296],[22.94146,37.53318],[22.94161,37.53413],[22.94282,37.53543],[22.94295,37.53388],[22.94355,37.53305],[22.94816,37.53217],[22.95391,37.52996],[22.95588,37.52841],[22.95835,37.52736],[22.96497,37.52112],[22.97053,37.52028],[22.97509,37.52123],[22.97725,37.52014],[22.97888,37.52118],[22.98029,37.52131],[22.98267,37.52304],[22.98456,37.52493],[22.98486,37.52598],[22.98601,37.52662],[22.98566,37.52698],[22.98461,37.52686],[22.98291,37.52598],[22.98219,37.52644],[22.9828,37.52704],[22.98238,37.52805],[22.98344,37.52857],[22.98296,37.53066],[22.98311,37.53231],[22.98398,37.53443],[22.98505,37.53467],[22.98692,37.53403],[22.98702,37.53479],[22.98782,37.53546],[22.9893,37.53582],[22.99035,37.53679],[22.99259,37.53598],[22.99365,37.53478],[22.99433,37.53459],[22.994,37.53537],[22.99451,37.53644],[22.99399,37.53806],[22.9945,37.54028],[22.99293,37.54329],[22.99127,37.54402],[22.98939,37.54418],[22.98816,37.54362],[22.98702,37.54223],[22.98601,37.54188],[22.98693,37.54366],[22.98931,37.54563],[22.98809,37.54732],[22.98871,37.54926],[22.98851,37.55181],[22.98911,37.55248],[22.98773,37.55393],[22.98612,37.55463],[22.98753,37.55486],[22.98723,37.55567],[22.98754,37.55742],[22.98831,37.55946],[22.98946,37.56013],[22.98872,37.56176],[22.98955,37.56128],[22.99021,37.56137],[22.9911,37.56339],[22.99237,37.56385],[22.99818,37.56273],[22.99844,37.56318],[22.99799,37.56333],[22.99795,37.56391],[23.00153,37.56483],[23.00312,37.56477],[23.00475,37.56728],[23.0046,37.56801],[23.0037,37.56861],[23.00428,37.56914],[23.00518,37.56904],[23.00546,37.56955],[23.00632,37.56968],[23.00698,37.57035],[23.00689,37.57123],[23.00874,37.572],[23.00816,37.57279],[23.00883,37.57369],[23.00773,37.57429],[23.00775,37.57545],[23.0057,37.57612],[23.00557,37.57691],[23.00352,37.57874],[23.00388,37.58207],[23.00284,37.58163],[23.00081,37.58194],[22.99757,37.57954],[22.99555,37.57952],[22.99366,37.57828],[22.99238,37.57791],[22.99093,37.57663],[22.99078,37.57446],[22.98946,37.57364],[22.98642,37.57448],[22.9874,37.57558],[22.98576,37.57612],[22.9854,37.5769],[22.9858,37.57909],[22.98704,37.58113],[22.987,37.5814],[22.98613,37.58134],[22.98521,37.58223],[22.98485,37.58363],[22.9858,37.58548],[22.98524,37.58639],[22.9868,37.5884],[22.9913,37.59023],[22.99055,37.59078],[22.9879,37.59078],[22.98965,37.59282],[22.99258,37.59375],[22.99271,37.5943],[22.99098,37.59623],[22.98915,37.59731],[22.98882,37.5982],[22.99282,37.59963],[22.99881,37.60088],[23.00331,37.59994],[23.00744,37.60023],[23.01045,37.60219],[23.01221,37.60401],[23.01404,37.60452],[23.01858,37.60734],[23.02302,37.61095],[23.02869,37.61272],[23.03215,37.61281],[23.03378,37.61194],[23.03587,37.61238],[23.04011,37.61178],[23.04583,37.61203],[23.04802,37.61068],[23.04937,37.60722],[23.05321,37.60273],[23.05404,37.60223],[23.05475,37.60045],[23.05715,37.59897],[23.07013,37.59777],[23.07115,37.59653],[23.075,37.59676],[23.07536,37.59637],[23.07455,37.59584],[23.07151,37.59563],[23.07034,37.59758],[23.06754,37.59794],[23.06973,37.59485],[23.07229,37.59485],[23.08163,37.59363],[23.08308,37.5948],[23.08635,37.59883],[23.08764,37.59934],[23.08899,37.59903],[23.09068,37.60125],[23.09369,37.60085],[23.09424,37.60151],[23.09494,37.60145],[23.09519,37.60221],[23.09596,37.60167],[23.09658,37.60192],[23.09822,37.60157],[23.09886,37.59732],[23.09947,37.59638],[23.10117,37.59618],[23.1031,37.59536],[23.10771,37.5925],[23.10866,37.5936],[23.10956,37.59708],[23.11193,37.59894],[23.11276,37.60032],[23.11377,37.60081],[23.11392,37.60226],[23.11491,37.6032],[23.11454,37.60412],[23.115,37.60459],[23.11486,37.60548],[23.11284,37.61161],[23.11562,37.61301],[23.11565,37.61382],[23.1176,37.61452],[23.11827,37.61547],[23.11726,37.61701],[23.1171,37.6201],[23.11767,37.62028],[23.11895,37.6199],[23.11871,37.62098],[23.11905,37.622],[23.12204,37.62333],[23.12271,37.62345],[23.1243,37.62226],[23.12319,37.62437],[23.12115,37.62416],[23.11967,37.6246],[23.12112,37.62453],[23.12227,37.62522],[23.12473,37.62561],[23.12453,37.62617],[23.12526,37.62714],[23.12366,37.62757],[23.12556,37.62895],[23.1234,37.62959],[23.12189,37.62939],[23.12143,37.63169],[23.13071,37.63283],[23.13885,37.63319],[23.13964,37.63369],[23.14044,37.63615],[23.141,37.6366],[23.14327,37.63651],[23.14574,37.63773],[23.1489,37.63783],[23.14925,37.6384],[23.14893,37.64004],[23.15025,37.64096],[23.1507,37.64272],[23.15329,37.64585],[23.15397,37.64799],[23.15381,37.64909],[23.15362,37.64859],[23.15154,37.65085],[23.15139,37.65221],[23.15088,37.65113],[23.15135,37.64868],[23.14996,37.65099],[23.14968,37.65236],[23.14771,37.65324],[23.1467,37.65449],[23.14571,37.65495],[23.14502,37.65484],[23.14437,37.65579],[23.1448,37.65766],[23.14316,37.65992],[23.14454,37.65976],[23.14479,37.66025],[23.14414,37.66334],[23.14334,37.66462],[23.1411,37.66598],[23.13774,37.66652],[23.13622,37.66766],[23.13519,37.66775],[23.13296,37.66945],[23.13015,37.67072],[23.12792,37.67097],[23.12669,37.67162],[23.12439,37.67052],[23.12241,37.67265],[23.12072,37.67217],[23.12007,37.67154],[23.11834,37.67128],[23.11701,37.6716],[23.11679,37.67137],[23.11809,37.67082],[23.11536,37.6701],[23.11404,37.66916],[23.11421,37.66787],[23.11317,37.66701],[23.11347,37.66615],[23.11316,37.66454],[23.11133,37.66278],[23.11011,37.66211],[23.10958,37.6625],[23.10967,37.66187],[23.1088,37.66336],[23.10597,37.66366],[23.10297,37.66231],[23.10029,37.6641],[23.09648,37.66589],[23.09651,37.66642],[23.09584,37.66657],[23.09526,37.66734],[23.09413,37.66768],[23.09332,37.66751],[23.09264,37.67204],[23.09422,37.67359],[23.09417,37.67416],[23.08938,37.67374],[23.08834,37.67413],[23.08689,37.67316],[23.08206,37.67757],[23.07461,37.68509],[23.07314,37.68856],[23.073,37.69078],[23.07215,37.69354],[23.07264,37.6941],[23.07155,37.69863],[23.07157,37.70087],[23.07276,37.70957],[23.07169,37.71241],[23.07363,37.71561],[23.07442,37.71454],[23.0763,37.71373],[23.07605,37.71689],[23.07667,37.71763],[23.07444,37.72049],[23.07454,37.72202],[23.07271,37.72319],[23.06757,37.72862],[23.06713,37.732],[23.06428,37.73429],[23.05918,37.73501],[23.05614,37.73647],[23.05547,37.73761],[23.05712,37.74077],[23.05624,37.74149],[23.05449,37.74127],[23.05331,37.74276],[23.05348,37.74431],[23.05677,37.74316],[23.06036,37.7429],[23.06248,37.74234],[23.06479,37.74309],[23.06548,37.74371],[23.06552,37.74427],[23.0639,37.74473],[23.06404,37.7456],[23.06512,37.74639],[23.06605,37.74611],[23.07341,37.74942],[23.07508,37.75258],[23.07897,37.7538],[23.07864,37.75575],[23.08121,37.75817],[23.08136,37.75872],[23.0808,37.76152],[23.07923,37.76491],[23.07718,37.76688],[23.0771,37.76948],[23.07788,37.77178],[23.07766,37.77296],[23.07846,37.77388],[23.07982,37.77401],[23.07729,37.78377],[23.075,37.78911],[23.07578,37.79588],[23.07526,37.79613],[23.06896,37.79582],[23.06213,37.7965],[23.05728,37.79624],[23.05632,37.79673],[23.05505,37.79799],[23.05675,37.79832],[23.05567,37.79857],[23.057,37.7994],[23.05586,37.79934],[23.05669,37.80038],[23.05561,37.80252],[23.05367,37.80459],[23.05235,37.80492],[23.05257,37.80561],[23.051,37.80756],[23.04882,37.80913],[23.04748,37.80956],[23.05129,37.81239],[23.05263,37.81464],[23.05122,37.81429],[23.04903,37.81529],[23.0462,37.81558],[23.04839,37.81689],[23.05199,37.81689],[23.05748,37.81544],[23.06174,37.81633],[23.06441,37.8159],[23.06526,37.81683],[23.06723,37.81643],[23.06805,37.81758],[23.07508,37.81938],[23.07622,37.81931],[23.077,37.8184],[23.0795,37.8189],[23.08086,37.81801],[23.08318,37.81901],[23.08505,37.81888],[23.08789,37.81967],[23.0889,37.81958],[23.09033,37.82089],[23.09371,37.82208],[23.09378,37.82288],[23.09431,37.82325],[23.09747,37.82413],[23.10012,37.82413],[23.10126,37.8234],[23.10122,37.82284],[23.09825,37.82001],[23.1009,37.8206],[23.10281,37.82185],[23.10338,37.82388],[23.10248,37.82533],[23.10072,37.82608],[23.09279,37.82668],[23.08916,37.82768],[23.08569,37.82591],[23.08407,37.82279],[23.08298,37.82251],[23.08151,37.82679],[23.07854,37.82878],[23.07708,37.82861],[23.07603,37.82791],[23.07469,37.82801],[23.07338,37.82759],[23.07149,37.8283],[23.0699,37.82717],[23.06901,37.827],[23.06734,37.82755],[23.06585,37.82684],[23.06463,37.82767],[23.05931,37.82749],[23.05584,37.82826],[23.05541,37.82923],[23.05705,37.82976],[23.05433,37.8352],[23.05648,37.83573],[23.05741,37.83641],[23.05559,37.83732],[23.0417,37.83674],[23.03957,37.83578],[23.03817,37.8356],[23.03589,37.83441],[23.0341,37.83427],[23.0315,37.83516],[23.0287,37.83541],[23.02676,37.83628],[23.0189,37.8382],[23.01652,37.83942],[23.00402,37.84895],[22.99703,37.86298],[22.99724,37.86811],[22.99661,37.87],[22.99477,37.87207],[22.99133,37.87464],[22.99019,37.87524],[22.98753,37.87575],[22.98679,37.87699],[22.98746,37.87775],[22.987,37.87834],[22.98103,37.87852],[22.97715,37.87993],[22.9675,37.88259],[22.95133,37.88486],[22.94908,37.88479],[22.94664,37.88414],[22.94429,37.88266],[22.94204,37.88304],[22.94061,37.88591],[22.93838,37.88885],[22.93234,37.89146],[22.92816,37.89517],[22.92793,37.89573],[22.92875,37.89776],[22.92745,37.89731],[22.92475,37.89716],[22.91559,37.89944],[22.90855,37.89999],[22.9048,37.90114],[22.90087,37.8996],[22.89835,37.89648],[22.89475,37.89629],[22.89109,37.89835],[22.88813,37.90128],[22.88453,37.90175],[22.88085,37.90168],[22.87773,37.90071],[22.88147,37.89966],[22.88206,37.899],[22.88096,37.89859],[22.87941,37.89883],[22.87788,37.89839],[22.87623,37.89866],[22.87335,37.89679],[22.87134,37.8971],[22.86887,37.89573],[22.8681,37.89324],[22.86831,37.89117],[22.86693,37.89098],[22.8661,37.88929],[22.86674,37.88909],[22.8682,37.88983],[22.86691,37.8891],[22.86618,37.88908],[22.86672,37.89084],[22.86828,37.8913],[22.86839,37.89523],[22.87092,37.897],[22.87296,37.89663],[22.87602,37.8986],[22.87804,37.89838],[22.88191,37.89892],[22.88207,37.89917],[22.88148,37.89962],[22.8777,37.90075],[22.88058,37.90167],[22.88431,37.90176],[22.88769,37.90138],[22.88622,37.90247],[22.88246,37.90857],[22.87988,37.90843],[22.88001,37.90679],[22.87839,37.90643],[22.87705,37.90533],[22.87899,37.90305],[22.88132,37.90317],[22.88139,37.90571],[22.88084,37.90642],[22.884,37.90655],[22.88289,37.90768],[22.88294,37.90798],[22.88491,37.90846],[22.88393,37.91138],[22.88765,37.91359],[22.88726,37.91391],[22.88627,37.91336],[22.88554,37.91357],[22.88468,37.91599],[22.88733,37.91592],[22.89175,37.91648],[22.90271,37.91873],[22.90781,37.91936],[22.90826,37.92028],[22.91037,37.9211],[22.92151,37.92989],[22.92455,37.93131],[22.93507,37.93417],[22.94523,37.93438],[22.95277,37.93686],[22.95479,37.93717],[22.96033,37.93564],[22.96443,37.93152],[22.97054,37.92771],[22.9728,37.92681],[22.9833,37.9257],[22.98886,37.92547],[22.99318,37.92613],[22.99531,37.92776],[22.99613,37.92792],[22.99329,37.926],[22.98932,37.92535],[22.98823,37.92549],[22.98902,37.92652],[22.98904,37.92737],[22.9911,37.92744],[22.99163,37.92783],[22.99089,37.92902],[22.98324,37.93412],[22.97999,37.93685],[22.97794,37.93735],[22.97618,37.93953],[22.96521,37.94741],[22.96347,37.94851],[22.96244,37.94828],[22.96088,37.94876],[22.96245,37.94942],[22.96201,37.94968],[22.9627,37.95038],[22.96272,37.95127],[22.96413,37.95237],[22.96533,37.95273],[22.96862,37.95673],[22.96977,37.95912],[22.96993,37.96153],[22.97066,37.96381],[22.9741,37.97063],[22.97434,37.97082],[22.97804,37.96979],[22.97724,37.97821],[22.97677,37.97905],[22.97374,37.98076],[22.97224,37.98226],[22.96999,37.98274],[22.95636,37.98842],[22.9544,37.99046],[22.95241,37.99112],[22.94984,37.99502],[22.94976,37.99648],[22.949,37.9977],[22.94802,37.99801],[22.94626,37.99941],[22.946,38.00065],[22.94441,38.00064],[22.94102,38.00183],[22.94068,38.00264],[22.9394,38.0034],[22.93613,38.00277],[22.93375,38.00336],[22.93301,38.00412],[22.93339,38.00592],[22.93234,38.00494],[22.93235,38.0058],[22.93163,38.00539],[22.93151,38.00605],[22.9309,38.00502],[22.93067,38.00581],[22.92953,38.00589],[22.92799,38.00498],[22.92818,38.00448],[22.92716,38.00412],[22.92628,38.00496],[22.92702,38.00802],[22.92638,38.0081],[22.92537,38.0094],[22.92299,38.00991],[22.92104,38.01097],[22.91983,38.01209],[22.9188,38.01383],[22.91631,38.01481],[22.9159,38.01531],[22.9155,38.01677],[22.91689,38.01726],[22.91783,38.01994],[22.91837,38.02035],[22.91815,38.02056],[22.91588,38.02116],[22.91151,38.02125],[22.90656,38.02348],[22.90403,38.02413],[22.90167,38.02369],[22.90094,38.0229],[22.8996,38.02312],[22.89955,38.02383],[22.89876,38.0237],[22.89772,38.02279],[22.89559,38.02231],[22.89532,38.02114],[22.89356,38.02151],[22.88858,38.02152],[22.88741,38.02252],[22.88528,38.0229],[22.88491,38.02423],[22.88432,38.0247],[22.88574,38.02504],[22.88965,38.02496],[22.89128,38.02542],[22.89298,38.02643],[22.89394,38.02901],[22.89366,38.03259],[22.89317,38.033],[22.88164,38.03213],[22.87984,38.03258],[22.87488,38.03289],[22.87337,38.03274],[22.8729,38.03191],[22.87364,38.03249],[22.87235,38.03152],[22.87151,38.03212],[22.8696,38.03186],[22.8674,38.03215],[22.86494,38.03121],[22.86142,38.03075],[22.85895,38.02986],[22.85552,38.02979],[22.85335,38.02874],[22.85544,38.02977],[22.85893,38.02987],[22.86122,38.03071],[22.86461,38.03114],[22.86697,38.03208],[22.8693,38.03186],[22.87145,38.03211],[22.87163,38.03265],[22.87236,38.03299],[22.87702,38.03287],[22.88169,38.03215],[22.8929,38.03306],[22.89612,38.03208],[22.90004,38.03153],[22.90384,38.03188],[22.9068,38.03064],[22.90743,38.02976],[22.90968,38.03042],[22.91123,38.03032],[22.91819,38.02846],[22.91929,38.02894],[22.92066,38.0319],[22.91966,38.03425],[22.92205,38.03436],[22.92547,38.03295],[22.93121,38.0292],[22.93595,38.02847],[22.94494,38.02922],[22.94776,38.02707],[22.94861,38.0293],[22.95121,38.02927],[22.95191,38.02993],[22.95171,38.03048],[22.95021,38.03045],[22.94986,38.03075],[22.95284,38.03087],[22.95241,38.02882],[22.95344,38.02784],[22.95448,38.02778],[22.95517,38.02675],[22.95628,38.02655],[22.95838,38.02514],[22.96154,38.02488],[22.96171,38.02356],[22.96243,38.0236],[22.96407,38.02475],[22.9697,38.0252],[22.9728,38.02585],[22.97597,38.02446],[22.97843,38.02463],[22.98215,38.02287],[22.98146,38.02168],[22.98036,38.02112],[22.97895,38.01956],[22.98307,38.02014],[22.98358,38.02053],[22.98727,38.02068],[22.98812,38.02018],[22.98856,38.0191],[22.98826,38.01854],[22.98979,38.01923],[22.99041,38.01888],[22.99089,38.01929],[22.99252,38.01897],[22.99308,38.0196],[22.99406,38.01922],[22.99558,38.01995],[22.99602,38.01945],[22.99669,38.01956],[22.99642,38.0179],[22.99679,38.01685],[22.99711,38.01666],[22.99797,38.0171],[22.99877,38.01497],[22.99962,38.0147],[23.00007,38.01391],[23.00091,38.0135],[23.00109,38.01266],[23.00247,38.01285],[23.0026,38.01367],[23.00398,38.01255],[23.00458,38.0135],[23.00551,38.01343],[23.00528,38.01443],[23.00629,38.01457],[23.0064,38.0154],[23.00807,38.01502],[23.00785,38.01602],[23.00832,38.0164],[23.00729,38.01712],[23.00725,38.01762],[23.0058,38.01846],[23.00525,38.01936],[23.00458,38.0192],[23.00477,38.01873],[23.00429,38.01801],[23.00463,38.01755],[23.0038,38.01753],[23.00353,38.01831],[23.00299,38.01836],[23.00262,38.02073],[23.00143,38.02031],[23.00056,38.0207],[22.99955,38.02056],[22.99932,38.02007],[22.9984,38.01971],[22.99869,38.02174],[22.99675,38.02295],[22.99949,38.02342],[23.00124,38.02459],[23.00334,38.02538],[23.00757,38.02551],[23.00914,38.02609],[23.01093,38.02624],[23.01411,38.0257],[23.01585,38.02661],[23.01908,38.02705],[23.02033,38.02667],[23.02097,38.02737],[23.02337,38.02799],[23.02412,38.02897],[23.02932,38.03214],[23.03269,38.03331],[23.03534,38.03526],[23.03641,38.03508],[23.03853,38.03366],[23.03915,38.03463],[23.04139,38.03604],[23.04218,38.03607],[23.04354,38.03484],[23.04191,38.03515],[23.04071,38.03217],[23.04233,38.0334],[23.04294,38.03313],[23.04334,38.03228],[23.04458,38.03167],[23.04986,38.03005],[23.05052,38.02946],[23.05118,38.03012],[23.05188,38.03014],[23.05203,38.03064],[23.05157,38.03096],[23.05203,38.03139],[23.05266,38.03167],[23.05484,38.03157],[23.05459,38.0322],[23.05526,38.03233],[23.0561,38.031],[23.05521,38.03087],[23.0551,38.02953],[23.05247,38.02863],[23.05105,38.02704],[23.05166,38.02605],[23.05407,38.02469],[23.05164,38.02511],[23.05343,38.02427],[23.05529,38.02177],[23.05641,38.02192],[23.05769,38.02145],[23.05842,38.02431],[23.06074,38.02202],[23.06213,38.02232],[23.06151,38.02079],[23.06224,38.01999],[23.06356,38.01968],[23.0627,38.01861],[23.06315,38.01735],[23.06552,38.01733],[23.06704,38.01843],[23.0686,38.01807],[23.0672,38.01803],[23.06658,38.01703],[23.06539,38.01623],[23.06725,38.01658],[23.06785,38.0174],[23.07017,38.01798],[23.07185,38.01891],[23.07399,38.01903],[23.07469,38.01964],[23.07613,38.0196],[23.07638,38.02006],[23.08104,38.02057],[23.08153,38.02021],[23.0818,38.01888],[23.08266,38.01868],[23.08324,38.01796],[23.08393,38.01857],[23.08894,38.01977],[23.08751,38.01893],[23.08951,38.01897],[23.08835,38.01869],[23.0874,38.01785],[23.08896,38.01797],[23.08868,38.01738],[23.09087,38.01724],[23.09205,38.01564],[23.09407,38.01629],[23.09374,38.01578],[23.09396,38.01506],[23.09621,38.01378],[23.09522,38.01536],[23.09657,38.01615],[23.09697,38.01697],[23.09822,38.01788],[23.09803,38.01567],[23.10145,38.01381],[23.10066,38.01025],[23.10279,38.00821],[23.10375,38.00785],[23.10362,38.00645],[23.10472,38.00442],[23.10462,38.00222],[23.10562,37.99762],[23.10675,37.99598],[23.1066,37.99753],[23.10806,37.9985],[23.10858,37.9993],[23.11085,38.00028],[23.11191,38.00014],[23.11216,38.00093],[23.1177,38.00215],[23.11998,38.00331],[23.12337,38.0044],[23.12703,38.0067],[23.13031,38.00786],[23.1433,38.01047],[23.14828,38.01203],[23.15048,38.01221],[23.15409,38.0113],[23.15751,38.01173],[23.15921,38.01119],[23.16136,38.01221],[23.16345,38.01097],[23.16843,38.01095],[23.17059,38.01127],[23.17246,38.01262],[23.17321,38.01236],[23.17272,38.01295],[23.1743,38.01132],[23.17561,38.0108],[23.17479,38.01139],[23.17273,38.01483],[23.17634,38.01695],[23.17918,38.01655],[23.18094,38.01753],[23.18108,38.0159],[23.18144,38.01589],[23.18254,38.0162],[23.18261,38.01673],[23.18556,38.01784],[23.18804,38.01663],[23.18821,38.01582],[23.19009,38.01662],[23.19247,38.01594],[23.19398,38.01673],[23.19504,38.01673],[23.19519,38.01788],[23.19666,38.01913],[23.2024,38.02047],[23.204,38.02145],[23.20501,38.02145],[23.20871,38.02371],[23.20911,38.02345],[23.20887,38.02257],[23.21211,38.02164],[23.21238,38.02079],[23.21594,38.01982],[23.21824,38.02007],[23.22264,38.01901],[23.22652,38.01999],[23.22906,38.0214],[23.23418,38.02605],[23.23536,38.0266],[23.23706,38.03258],[23.23794,38.03374],[23.24176,38.03454],[23.2457,38.03446],[23.25026,38.03334],[23.25213,38.03324],[23.25391,38.03374],[23.2558,38.03372],[23.26365,38.03301],[23.26488,38.03269],[23.2666,38.03122],[23.26893,38.03044],[23.27214,38.02861],[23.27433,38.02856],[23.27902,38.02668],[23.28495,38.02578],[23.29278,38.02394],[23.29891,38.02073],[23.30363,38.01926],[23.31276,38.01519],[23.31745,38.01098],[23.32275,38.0073],[23.32471,38.00779]]}},{"type":"Feature","properties":{"name":"TET_GR-05_20260426","country":"GR","lengthKm":392.5},"geometry":{"type":"LineString","coordinates":[[23.32471,38.00779],[23.3282,38.00814],[23.3254,38.01198],[23.32451,38.0141],[23.32196,38.01718],[23.32027,38.02016],[23.32007,38.02133],[23.32258,38.01994],[23.33035,38.02052],[23.33858,38.02036],[23.33896,38.02222],[23.33877,38.02679],[23.33973,38.03013],[23.33919,38.03133],[23.33979,38.03205],[23.3409,38.03834],[23.34062,38.04256],[23.34132,38.04552],[23.34095,38.04823],[23.34152,38.04962],[23.34303,38.05125],[23.34501,38.05217],[23.34754,38.05435],[23.35485,38.05562],[23.35777,38.05488],[23.35999,38.05516],[23.3626,38.05456],[23.36673,38.05427],[23.37121,38.0544],[23.37338,38.05481],[23.38564,38.05341],[23.39181,38.0484],[23.39412,38.04561],[23.40296,38.04266],[23.40599,38.03851],[23.40693,38.04367],[23.40936,38.04667],[23.40871,38.05081],[23.40918,38.05187],[23.40827,38.05319],[23.40862,38.05503],[23.41066,38.05585],[23.41139,38.05814],[23.41325,38.05856],[23.41532,38.06058],[23.41959,38.06087],[23.4214,38.0645],[23.42113,38.06768],[23.42333,38.0693],[23.42299,38.07054],[23.42479,38.072],[23.42377,38.07328],[23.4242,38.0754],[23.42289,38.07605],[23.42091,38.08058],[23.42342,38.08487],[23.42108,38.08621],[23.41915,38.08973],[23.41642,38.09261],[23.41462,38.09392],[23.4155,38.09786],[23.41335,38.09704],[23.41613,38.09876],[23.42142,38.0951],[23.42588,38.09332],[23.42983,38.09353],[23.43173,38.09481],[23.4361,38.09453],[23.4379,38.09528],[23.43543,38.09537],[23.43084,38.09709],[23.43033,38.09672],[23.42866,38.09719],[23.42606,38.10145],[23.42531,38.10145],[23.42531,38.10223],[23.42681,38.10357],[23.42549,38.1046],[23.42574,38.10502],[23.42513,38.10606],[23.42231,38.10495],[23.42109,38.10534],[23.4204,38.10623],[23.42032,38.11141],[23.41768,38.11597],[23.41856,38.11694],[23.41866,38.118],[23.41698,38.11929],[23.41564,38.12194],[23.41628,38.12297],[23.41739,38.12329],[23.41782,38.12446],[23.41475,38.12624],[23.41061,38.12734],[23.41109,38.12811],[23.41513,38.13003],[23.4152,38.13148],[23.41599,38.13228],[23.41773,38.13342],[23.4196,38.13371],[23.42046,38.13421],[23.42101,38.13498],[23.42057,38.13613],[23.422,38.1372],[23.4222,38.13857],[23.4249,38.13901],[23.42466,38.13994],[23.42187,38.14127],[23.41951,38.14075],[23.41872,38.14138],[23.41847,38.1412],[23.41712,38.14183],[23.41124,38.14286],[23.40837,38.14301],[23.40629,38.14202],[23.40468,38.14194],[23.40412,38.14078],[23.39974,38.14099],[23.39775,38.14024],[23.39706,38.14078],[23.39461,38.14112],[23.39152,38.14013],[23.38717,38.14058],[23.38202,38.14176],[23.37912,38.14376],[23.37897,38.14455],[23.38316,38.14545],[23.38406,38.14503],[23.38532,38.14603],[23.38588,38.14779],[23.3853,38.14897],[23.38468,38.14934],[23.38494,38.15009],[23.37633,38.14966],[23.37481,38.14816],[23.37425,38.14621],[23.37225,38.14629],[23.37277,38.14691],[23.372,38.14786],[23.36783,38.14902],[23.36569,38.14867],[23.36446,38.14764],[23.36193,38.14799],[23.35844,38.14678],[23.35236,38.14689],[23.35071,38.14545],[23.35054,38.14447],[23.34914,38.14496],[23.34822,38.14423],[23.34569,38.14389],[23.34412,38.14297],[23.34348,38.14339],[23.3406,38.14346],[23.33929,38.14451],[23.3382,38.14449],[23.33835,38.14575],[23.33794,38.14601],[23.33679,38.14586],[23.3347,38.14676],[23.33187,38.14687],[23.33073,38.14638],[23.32998,38.14382],[23.32827,38.14241],[23.32825,38.14131],[23.32769,38.1411],[23.32661,38.14217],[23.32614,38.1438],[23.32275,38.14419],[23.32164,38.14492],[23.31758,38.14575],[23.31552,38.14565],[23.31466,38.14638],[23.31382,38.14809],[23.3126,38.14859],[23.31348,38.15123],[23.31228,38.15213],[23.31011,38.15226],[23.30715,38.15138],[23.29822,38.15131],[23.29938,38.15327],[23.29923,38.15468],[23.30001,38.15668],[23.30702,38.15925],[23.30805,38.15998],[23.31086,38.1635],[23.31112,38.1668],[23.31273,38.17017],[23.30754,38.16959],[23.30666,38.1706],[23.30539,38.17034],[23.29977,38.17146],[23.30089,38.17373],[23.30533,38.17343],[23.30747,38.17466],[23.30752,38.17586],[23.30705,38.17616],[23.30627,38.17595],[23.30574,38.17513],[23.30402,38.17537],[23.30544,38.1765],[23.30544,38.17738],[23.30376,38.17637],[23.30445,38.17715],[23.30447,38.17856],[23.30415,38.17869],[23.30346,38.17809],[23.30295,38.17843],[23.30374,38.17914],[23.30312,38.18056],[23.30361,38.1815],[23.30301,38.18288],[23.30202,38.18373],[23.3023,38.18509],[23.30803,38.18594],[23.30973,38.1856],[23.31189,38.18698],[23.31496,38.18762],[23.31498,38.18936],[23.31795,38.19092],[23.31844,38.1909],[23.32033,38.18921],[23.32279,38.19049],[23.32172,38.19648],[23.32176,38.20045],[23.32237,38.20099],[23.3273,38.20185],[23.32979,38.20315],[23.33043,38.20399],[23.32915,38.20524],[23.32964,38.20592],[23.33427,38.20719],[23.33649,38.20649],[23.33626,38.20605],[23.33649,38.20649],[23.33754,38.20616],[23.33912,38.20506],[23.3388,38.20423],[23.33942,38.20515],[23.33781,38.20721],[23.33987,38.2073],[23.3402,38.20794],[23.33994,38.20878],[23.33844,38.21036],[23.3367,38.21157],[23.33507,38.21227],[23.33363,38.21204],[23.33131,38.21105],[23.32151,38.20878],[23.31925,38.20888],[23.3176,38.2094],[23.31526,38.21103],[23.31378,38.21427],[23.31335,38.21721],[23.31498,38.22103],[23.30518,38.22307],[23.30123,38.22247],[23.2973,38.22113],[23.2931,38.22056],[23.28923,38.2191],[23.28458,38.21667],[23.27887,38.21629],[23.27263,38.2133],[23.27007,38.21287],[23.26829,38.21187],[23.26527,38.21167],[23.26293,38.21077],[23.25904,38.20993],[23.25829,38.21],[23.25226,38.21335],[23.25012,38.21395],[23.2458,38.21438],[23.244,38.21373],[23.24304,38.21283],[23.24241,38.20659],[23.24123,38.20717],[23.23963,38.20652],[23.2369,38.20345],[23.23581,38.20457],[23.23705,38.20614],[23.23716,38.20708],[23.23662,38.20766],[23.23314,38.20562],[23.23145,38.20412],[23.22686,38.20247],[23.22149,38.20287],[23.2181,38.20167],[23.21724,38.20165],[23.21497,38.20249],[23.21139,38.20163],[23.20866,38.20262],[23.20617,38.2026],[23.2007,38.20343],[23.19473,38.20279],[23.19201,38.20375],[23.19051,38.20307],[23.18931,38.20365],[23.18549,38.2041],[23.17609,38.20367],[23.17049,38.20438],[23.16903,38.20425],[23.16562,38.20517],[23.16111,38.20345],[23.15705,38.20315],[23.15641,38.20442],[23.15225,38.20612],[23.1515,38.20689],[23.14955,38.20659],[23.14465,38.20691],[23.14152,38.20751],[23.14002,38.20663],[23.13742,38.20614],[23.13622,38.20547],[23.13354,38.20532],[23.13045,38.20566],[23.12822,38.20446],[23.12967,38.20704],[23.12792,38.20588],[23.12152,38.20502],[23.12139,38.2056],[23.12223,38.20693],[23.12274,38.20708],[23.12367,38.20652],[23.12292,38.20777],[23.12118,38.20742],[23.12307,38.20923],[23.12223,38.20933],[23.12113,38.21079],[23.1203,38.21092],[23.12292,38.2135],[23.12369,38.21513],[23.12549,38.2159],[23.12717,38.21822],[23.13127,38.21962],[23.13147,38.21919],[23.13127,38.21962],[23.1324,38.21991],[23.13375,38.22],[23.1347,38.21944],[23.13581,38.21978],[23.13879,38.21961],[23.14126,38.22146],[23.14397,38.22225],[23.14455,38.22296],[23.14652,38.22403],[23.14965,38.22461],[23.15171,38.22663],[23.1536,38.2277],[23.15373,38.22886],[23.15536,38.22937],[23.1553,38.23032],[23.15716,38.23053],[23.15828,38.2298],[23.15995,38.23055],[23.16023,38.23019],[23.16384,38.23032],[23.16444,38.2309],[23.16568,38.23058],[23.16751,38.23191],[23.16615,38.23171],[23.16579,38.23227],[23.16467,38.23242],[23.16757,38.23296],[23.1686,38.23253],[23.16976,38.23281],[23.17023,38.2321],[23.17124,38.2336],[23.17184,38.23281],[23.17143,38.23444],[23.17006,38.23401],[23.1656,38.23515],[23.16836,38.23545],[23.17167,38.23682],[23.17362,38.23577],[23.17263,38.23828],[23.1742,38.23965],[23.17598,38.24322],[23.17701,38.2441],[23.17622,38.24508],[23.17463,38.24553],[23.17514,38.24654],[23.17989,38.24952],[23.1816,38.25171],[23.18313,38.25214],[23.18373,38.25392],[23.18424,38.25422],[23.18368,38.25474],[23.18531,38.25534],[23.18665,38.25776],[23.1907,38.26032],[23.18783,38.26128],[23.18549,38.2639],[23.18437,38.26433],[23.18173,38.26502],[23.17787,38.26394],[23.17169,38.26592],[23.16729,38.26937],[23.16109,38.2712],[23.15139,38.27304],[23.1504,38.27263],[23.14961,38.27068],[23.15311,38.26909],[23.15358,38.2683],[23.15332,38.26748],[23.15,38.26617],[23.14422,38.2657],[23.1391,38.26445],[23.1441,38.26551],[23.14066,38.26538],[23.13691,38.26585],[23.13528,38.26637],[23.13041,38.26918],[23.12701,38.26995],[23.12283,38.26999],[23.12244,38.26967],[23.11682,38.26884],[23.11161,38.26929],[23.10772,38.26886],[23.10609,38.26967],[23.10433,38.26924],[23.10279,38.26959],[23.10253,38.27193],[23.10412,38.27465],[23.10384,38.27497],[23.09931,38.27673],[23.09524,38.27677],[23.09412,38.27753],[23.09414,38.27941],[23.0915,38.27933],[23.09255,38.28152],[23.09217,38.28368],[23.09427,38.28834],[23.09725,38.29225],[23.09818,38.29313],[23.09925,38.29351],[23.10073,38.29579],[23.10129,38.29864],[23.09886,38.30117],[23.09406,38.30368],[23.09225,38.30559],[23.09139,38.30729],[23.08489,38.309],[23.08178,38.3104],[23.08676,38.31117],[23.09197,38.31302],[23.09324,38.31282],[23.09135,38.31405],[23.08974,38.31669],[23.08719,38.31699],[23.08489,38.31789],[23.08292,38.31791],[23.08009,38.31917],[23.07826,38.31883],[23.0717,38.31888],[23.06897,38.31995],[23.06884,38.32111],[23.06932,38.32169],[23.06852,38.32209],[23.06828,38.32293],[23.06526,38.32196],[23.0611,38.32173],[23.05537,38.32287],[23.05496,38.32145],[23.05475,38.32214],[23.05331,38.32269],[23.05378,38.32192],[23.05367,38.32063],[23.05187,38.32173],[23.05273,38.32053],[23.04612,38.32505],[23.04629,38.32587],[23.04412,38.32634],[23.04318,38.32714],[23.04086,38.32761],[23.03711,38.32716],[23.03503,38.32733],[23.03348,38.3281],[23.03073,38.32789],[23.02666,38.3295],[23.02404,38.32939],[23.02265,38.33119],[23.02026,38.33248],[23.02052,38.3328],[23.02468,38.33293],[23.02724,38.33396],[23.02692,38.33411],[23.02711,38.33469],[23.02419,38.33555],[23.02567,38.33551],[23.0261,38.33595],[23.02389,38.33634],[23.02623,38.33664],[23.02824,38.33557],[23.02698,38.33683],[23.02524,38.33767],[23.02241,38.33713],[23.02209,38.33735],[23.02309,38.33782],[23.02204,38.33797],[23.02202,38.34001],[23.02327,38.34046],[23.02415,38.33988],[23.024,38.34061],[23.02159,38.34171],[23.02247,38.3428],[23.022,38.34317],[23.02091,38.34377],[23.01893,38.34383],[23.01614,38.34325],[23.01473,38.3425],[23.01001,38.34287],[23.00636,38.34218],[23.00314,38.34248],[23.002,38.34332],[22.99591,38.34465],[22.99091,38.34731],[22.99155,38.34892],[22.99102,38.34941],[22.99114,38.34984],[22.98801,38.34664],[22.98705,38.34621],[22.98737,38.34677],[22.98619,38.3472],[22.98426,38.34681],[22.98179,38.34692],[22.98121,38.34645],[22.97812,38.3457],[22.96765,38.34628],[22.9663,38.34647],[22.96486,38.34739],[22.96293,38.34791],[22.96203,38.34902],[22.96291,38.35035],[22.96404,38.35115],[22.96162,38.35228],[22.96098,38.35327],[22.96059,38.35231],[22.96031,38.35239],[22.96022,38.35342],[22.95904,38.35228],[22.9581,38.35196],[22.95385,38.35211],[22.95059,38.35138],[22.94928,38.35186],[22.9469,38.35179],[22.94355,38.35093],[22.94168,38.35108],[22.93767,38.34941],[22.93643,38.34941],[22.93244,38.34782],[22.93119,38.3484],[22.93014,38.34791],[22.9296,38.34812],[22.92799,38.34703],[22.92647,38.34735],[22.92405,38.34722],[22.91924,38.34563],[22.91302,38.34222],[22.91134,38.34218],[22.90952,38.34121],[22.90873,38.34136],[22.90817,38.34072],[22.90847,38.33814],[22.90542,38.33638],[22.90679,38.33488],[22.90579,38.33392],[22.90589,38.33124],[22.90518,38.32941],[22.90392,38.32838],[22.90115,38.32439],[22.90323,38.3195],[22.90225,38.3202],[22.89836,38.32514],[22.88836,38.33078],[22.88772,38.33078],[22.88396,38.32879],[22.88287,38.3278],[22.88115,38.32767],[22.87671,38.32585],[22.87502,38.32641],[22.8742,38.32628],[22.87379,38.32409],[22.87514,38.3233],[22.87521,38.32244],[22.8704,38.32089],[22.86727,38.32252],[22.86654,38.32344],[22.86525,38.32349],[22.86343,38.32525],[22.86197,38.32553],[22.85624,38.32224],[22.85547,38.3222],[22.85274,38.32327],[22.85347,38.32249],[22.85313,38.3176],[22.85173,38.3175],[22.85007,38.31423],[22.85114,38.31015],[22.85114,38.30884],[22.85027,38.30822],[22.85106,38.30708],[22.85005,38.30662],[22.8508,38.30603],[22.84998,38.30603],[22.84852,38.30791],[22.84879,38.30642],[22.84707,38.30903],[22.84707,38.3105],[22.84508,38.31225],[22.84328,38.31225],[22.84241,38.31272],[22.84175,38.3115],[22.84034,38.3115],[22.83985,38.31066],[22.84073,38.30995],[22.84038,38.30917],[22.84143,38.30882],[22.84064,38.30802],[22.84163,38.30795],[22.8411,38.30935],[22.84205,38.30975],[22.84616,38.30587],[22.8463,38.30397],[22.85211,38.3002],[22.8504,38.30024],[22.85088,38.29906],[22.85472,38.29762],[22.85596,38.29491],[22.85755,38.29272],[22.86107,38.28978],[22.86323,38.28993],[22.86738,38.28869],[22.86236,38.28897],[22.86404,38.28841],[22.86268,38.28772],[22.86167,38.283],[22.85796,38.28021],[22.85809,38.27803],[22.85985,38.27609],[22.85963,38.27531],[22.85756,38.27512],[22.8553,38.27594],[22.86336,38.26426],[22.8633,38.26567],[22.86113,38.26977],[22.86175,38.27049],[22.86388,38.27015],[22.86575,38.27088],[22.86326,38.27102],[22.85888,38.27311],[22.85679,38.27337],[22.85356,38.27514],[22.85033,38.27453],[22.84886,38.27485],[22.84102,38.27447],[22.8393,38.27472],[22.84133,38.27335],[22.84337,38.27299],[22.83845,38.27233],[22.83758,38.27187],[22.83672,38.27302],[22.83351,38.27346],[22.8326,38.27402],[22.82384,38.27414],[22.82036,38.27468],[22.81668,38.27464],[22.81538,38.27583],[22.81531,38.27704],[22.81167,38.27907],[22.81036,38.2787],[22.80814,38.27878],[22.80689,38.27783],[22.80167,38.27725],[22.80331,38.27824],[22.80154,38.27828],[22.80034,38.27884],[22.7994,38.27847],[22.79897,38.2777],[22.79771,38.27814],[22.79412,38.27833],[22.79448,38.27887],[22.78977,38.27987],[22.78678,38.28276],[22.78429,38.28287],[22.78069,38.28445],[22.77869,38.28329],[22.77755,38.28379],[22.77657,38.28355],[22.77305,38.28415],[22.77163,38.28491],[22.77039,38.28463],[22.77043,38.28519],[22.77152,38.28623],[22.76819,38.28822],[22.76789,38.28957],[22.76641,38.28968],[22.76647,38.29051],[22.76483,38.28997],[22.76438,38.29042],[22.76285,38.29048],[22.7622,38.29115],[22.76248,38.29196],[22.76202,38.29274],[22.76079,38.29227],[22.75931,38.29233],[22.75854,38.29181],[22.75794,38.292],[22.75771,38.29252],[22.75822,38.29418],[22.75994,38.2946],[22.7608,38.29553],[22.76,38.29646],[22.75576,38.29872],[22.75356,38.299],[22.75277,38.29968],[22.75341,38.29936],[22.75229,38.30089],[22.75068,38.30151],[22.74921,38.30149],[22.75143,38.30174],[22.75081,38.30201],[22.74747,38.30221],[22.74229,38.30384],[22.7401,38.30386],[22.73916,38.30433],[22.73932,38.30542],[22.73851,38.30612],[22.73585,38.30682],[22.73878,38.30653],[22.74109,38.30558],[22.74484,38.30528],[22.75229,38.30619],[22.75175,38.30717],[22.75198,38.30773],[22.75413,38.30979],[22.75468,38.31089],[22.75652,38.31208],[22.75951,38.31323],[22.76012,38.31491],[22.7655,38.31601],[22.76792,38.3169],[22.76855,38.3176],[22.76846,38.31872],[22.76698,38.32125],[22.76709,38.32209],[22.76825,38.32354],[22.77331,38.32735],[22.77407,38.32863],[22.7703,38.32856],[22.76895,38.32917],[22.77043,38.32893],[22.77129,38.32924],[22.76345,38.33089],[22.76126,38.3333],[22.75939,38.33454],[22.75937,38.33428],[22.75867,38.33516],[22.75818,38.33689],[22.75854,38.3384],[22.75892,38.33902],[22.76116,38.34006],[22.76117,38.34037],[22.75951,38.34238],[22.75727,38.3434],[22.75616,38.34612],[22.75639,38.34682],[22.75813,38.3477],[22.75694,38.34896],[22.75965,38.35051],[22.75897,38.35238],[22.76006,38.35465],[22.76126,38.3547],[22.76393,38.35262],[22.7643,38.35268],[22.76438,38.35329],[22.76309,38.35462],[22.76315,38.35575],[22.76445,38.35892],[22.76592,38.3591],[22.77167,38.35808],[22.77544,38.35652],[22.7785,38.35581],[22.77969,38.35494],[22.78059,38.35363],[22.78332,38.35326],[22.78541,38.3538],[22.78632,38.35283],[22.78809,38.3524],[22.78878,38.35284],[22.78776,38.35402],[22.78786,38.35632],[22.78892,38.35828],[22.78836,38.36137],[22.78856,38.36349],[22.78987,38.36536],[22.79078,38.3662],[22.79412,38.36699],[22.79863,38.367],[22.79616,38.36944],[22.79462,38.37178],[22.79525,38.37356],[22.79742,38.37409],[22.79741,38.37441],[22.7963,38.37413],[22.79566,38.37449],[22.79628,38.37579],[22.79606,38.37668],[22.79624,38.37688],[22.79691,38.37578],[22.79729,38.3759],[22.79889,38.3776],[22.79942,38.37898],[22.80216,38.37932],[22.80385,38.37826],[22.80623,38.37814],[22.80743,38.37861],[22.80924,38.37816],[22.81001,38.3784],[22.81114,38.37951],[22.81255,38.37967],[22.81729,38.37724],[22.82154,38.37783],[22.8227,38.37758],[22.82448,38.37638],[22.82722,38.37682],[22.83035,38.37667],[22.83346,38.37576],[22.83557,38.37554],[22.83836,38.37617],[22.83888,38.37704],[22.83881,38.37822],[22.83785,38.38189],[22.83595,38.38631],[22.83334,38.39178],[22.83124,38.39355],[22.82948,38.39575],[22.82994,38.39785],[22.82941,38.40105],[22.83013,38.40257],[22.83197,38.40306],[22.83388,38.40304],[22.83062,38.40388],[22.83099,38.40403],[22.83283,38.40402],[22.8365,38.40328],[22.83133,38.4056],[22.83614,38.4047],[22.83895,38.4035],[22.84353,38.40421],[22.84088,38.40462],[22.83925,38.40644],[22.83682,38.40696],[22.83446,38.40819],[22.83399,38.40912],[22.83334,38.40909],[22.83109,38.41032],[22.82942,38.41286],[22.82871,38.41305],[22.82821,38.41444],[22.82518,38.41623],[22.8244,38.4163],[22.82467,38.41692],[22.8237,38.41777],[22.82472,38.4179],[22.82502,38.41838],[22.82465,38.41811],[22.82395,38.4191],[22.82294,38.4192],[22.82302,38.41977],[22.82199,38.42008],[22.82204,38.42085],[22.81817,38.42103],[22.81799,38.42209],[22.81741,38.42235],[22.81579,38.42183],[22.8147,38.42195],[22.81395,38.4212],[22.81299,38.42142],[22.81174,38.42274],[22.81035,38.42293],[22.80901,38.42386],[22.8094,38.42495],[22.80767,38.42533],[22.80772,38.42582],[22.80671,38.42625],[22.80484,38.42649],[22.80378,38.4277],[22.80309,38.42762],[22.80239,38.42698],[22.80046,38.42718],[22.79797,38.42678],[22.79822,38.42752],[22.7995,38.42864],[22.79827,38.42961],[22.79526,38.4287],[22.79472,38.42793],[22.79302,38.42795],[22.79362,38.42936],[22.79305,38.43025],[22.79467,38.43088],[22.79421,38.43291],[22.79254,38.43425],[22.79132,38.43414],[22.79043,38.43311],[22.79069,38.43127],[22.78958,38.4311],[22.7887,38.4305],[22.78795,38.43059],[22.78811,38.43117],[22.78758,38.43155],[22.7858,38.43167],[22.78565,38.4328],[22.78429,38.43253],[22.78426,38.43198],[22.78292,38.43133],[22.78202,38.43216],[22.78116,38.43215],[22.78014,38.43428],[22.77809,38.43514],[22.77677,38.43615],[22.7761,38.43724],[22.77653,38.43767],[22.77804,38.43749],[22.77904,38.43834],[22.77918,38.43949],[22.77811,38.43976],[22.77785,38.44027],[22.77823,38.44151],[22.77663,38.44154],[22.7757,38.44314],[22.77591,38.44397],[22.77444,38.44405],[22.77372,38.44478],[22.77289,38.44729],[22.77162,38.44907],[22.77165,38.44994],[22.76974,38.45245],[22.76997,38.45331],[22.77067,38.45345],[22.77245,38.455],[22.77315,38.4566],[22.77464,38.45719],[22.77292,38.45761],[22.77186,38.45894],[22.7704,38.45964],[22.76934,38.45972],[22.76859,38.45927],[22.76829,38.45842],[22.76752,38.45845],[22.76657,38.45915],[22.76421,38.45943],[22.76172,38.4611],[22.75857,38.45984],[22.74928,38.46196],[22.74634,38.46132],[22.73875,38.46479],[22.72822,38.46605],[22.72453,38.46517],[22.71734,38.46465],[22.71612,38.46412],[22.71555,38.46191],[22.71067,38.45809],[22.70886,38.45536],[22.7012,38.45236],[22.69787,38.44965],[22.69392,38.44553],[22.69248,38.44525],[22.68867,38.44542],[22.68575,38.44432],[22.68442,38.44419],[22.68324,38.44463],[22.67919,38.44768],[22.67638,38.45153],[22.67625,38.4529],[22.67757,38.45852],[22.67548,38.45986],[22.67542,38.46052],[22.6757,38.46187],[22.67895,38.46763],[22.67923,38.46923],[22.67775,38.47301],[22.67528,38.47437],[22.67163,38.47435],[22.66905,38.47504],[22.65949,38.4762],[22.65214,38.47645],[22.64886,38.47613],[22.6468,38.47548],[22.64214,38.47539],[22.63903,38.47557],[22.63214,38.47749],[22.62327,38.47713],[22.62205,38.47769],[22.62048,38.48043],[22.61956,38.48122],[22.61639,38.48227],[22.60676,38.48395],[22.605,38.48324],[22.60335,38.47996],[22.59878,38.47674],[22.59785,38.47654],[22.59709,38.47697],[22.59681,38.47837],[22.59569,38.47971],[22.59546,38.48088],[22.59476,38.48137],[22.59196,38.48103],[22.58818,38.48253],[22.58763,38.48132],[22.58644,38.48115],[22.58585,38.48045],[22.58514,38.48048],[22.5841,38.47969],[22.57927,38.47927],[22.5767,38.48127],[22.57723,38.48257],[22.577,38.48313],[22.57377,38.48256],[22.57258,38.48316],[22.56969,38.48575],[22.5657,38.48559],[22.56341,38.48617],[22.56042,38.4854],[22.55735,38.48625],[22.55517,38.48596],[22.55011,38.48645],[22.54656,38.48616],[22.54676,38.48572],[22.54962,38.4862],[22.55568,38.48477],[22.55892,38.48333],[22.55881,38.48277],[22.55676,38.4836],[22.55204,38.4836],[22.55016,38.48472],[22.54757,38.48353],[22.5415,38.48317],[22.53733,38.48239],[22.5332,38.48244],[22.52427,38.48046],[22.51858,38.47974],[22.51594,38.48008],[22.51094,38.47995],[22.50695,38.48112],[22.50517,38.48297],[22.50041,38.48034],[22.49981,38.47868],[22.49864,38.47788],[22.49392,38.47869],[22.49302,38.47961],[22.49857,38.47764],[22.50063,38.48012],[22.5052,38.48263],[22.50659,38.48091],[22.5122,38.47969],[22.5167,38.48006],[22.51935,38.47936],[22.53339,38.48232],[22.53844,38.48232],[22.54201,38.48339],[22.54811,38.48329],[22.5502,38.4846],[22.55165,38.48352],[22.55905,38.48296],[22.55483,38.48483],[22.55147,38.48586],[22.54712,38.486],[22.55488,38.48599],[22.55787,38.48641],[22.56085,38.48514],[22.56343,38.48613],[22.56944,38.48574],[22.57378,38.4825],[22.57694,38.48339],[22.57873,38.48211],[22.57921,38.48279],[22.57807,38.48349],[22.57738,38.48454],[22.57395,38.48422],[22.57277,38.4858],[22.57425,38.48496],[22.57749,38.48536],[22.57956,38.48441],[22.57379,38.48901],[22.56911,38.49052],[22.56637,38.49092],[22.56375,38.49034],[22.56234,38.49084],[22.55699,38.49133],[22.55382,38.49204],[22.5513,38.49309],[22.55094,38.49369],[22.55034,38.49358],[22.54761,38.49494],[22.5465,38.49646],[22.54457,38.49734],[22.54221,38.49905],[22.54111,38.49886],[22.5401,38.49927],[22.53826,38.49927],[22.5371,38.49991],[22.5336,38.5003],[22.5312,38.49976],[22.53096,38.50105],[22.53214,38.50568],[22.53191,38.50631],[22.52923,38.50815],[22.52948,38.50976],[22.52674,38.51322],[22.52017,38.51159],[22.51792,38.51202],[22.52017,38.51159],[22.52432,38.51263],[22.52017,38.51159],[22.51358,38.5127],[22.5121,38.51317],[22.51009,38.51528],[22.50985,38.51646],[22.50899,38.51564],[22.5079,38.51549],[22.50616,38.51583],[22.50517,38.51654],[22.50502,38.51723],[22.50365,38.51656],[22.49863,38.5168],[22.49489,38.51927],[22.49532,38.51699],[22.49144,38.51513],[22.49331,38.51783],[22.49189,38.51841],[22.49202,38.51916],[22.49125,38.51991],[22.48893,38.52045],[22.48863,38.52197],[22.48745,38.52249],[22.48901,38.52274],[22.48931,38.52397],[22.49116,38.5242],[22.49135,38.52511],[22.48977,38.5259],[22.49009,38.52631],[22.49262,38.52701],[22.49279,38.52785],[22.49373,38.52886],[22.49556,38.52933],[22.49554,38.53015],[22.49434,38.53077],[22.49412,38.53174],[22.49464,38.53221],[22.49571,38.53227],[22.49873,38.5301],[22.5012,38.52993],[22.50236,38.5291],[22.5035,38.52907],[22.50496,38.5312],[22.50584,38.53124],[22.50648,38.53184],[22.50781,38.53538],[22.50721,38.53601],[22.50811,38.53693],[22.50781,38.53751],[22.50815,38.53813],[22.50794,38.54092],[22.5083,38.54302],[22.5074,38.54405],[22.50884,38.54476],[22.50884,38.5453],[22.5076,38.54654],[22.50423,38.54806],[22.50232,38.55049],[22.50133,38.5506],[22.50223,38.55092],[22.5039,38.5498],[22.50298,38.55152],[22.50431,38.55203],[22.50365,38.55324],[22.50169,38.55388],[22.49955,38.55367],[22.49824,38.55399],[22.49749,38.55523],[22.49601,38.55587],[22.49434,38.55723],[22.49708,38.55845],[22.49657,38.55912],[22.49464,38.55933],[22.4923,38.55907],[22.49064,38.55939],[22.49011,38.55914],[22.49011,38.55963],[22.48893,38.55993],[22.48803,38.55935],[22.48485,38.55888],[22.48423,38.56049],[22.4821,38.56079],[22.48071,38.56184],[22.48028,38.56321],[22.47856,38.56349],[22.47856,38.56527],[22.47783,38.56624],[22.47886,38.56693],[22.47839,38.56755],[22.47876,38.5686],[22.47781,38.56914],[22.4777,38.57019],[22.47678,38.57117],[22.47414,38.57248],[22.47384,38.5731],[22.4786,38.57395],[22.47457,38.57319],[22.4788,38.57448],[22.47961,38.57562],[22.47906,38.57609],[22.47901,38.57684],[22.48073,38.5771],[22.48157,38.57796],[22.47979,38.57903],[22.47835,38.57907],[22.47614,38.58059],[22.47412,38.58085],[22.47348,38.5818],[22.47069,38.58265],[22.46672,38.58536],[22.46451,38.58755],[22.46198,38.58806],[22.46159,38.59152],[22.46041,38.59184],[22.46075,38.59347],[22.45865,38.59373],[22.45781,38.59308],[22.45558,38.59388],[22.45449,38.59613],[22.45041,38.60031],[22.44895,38.60089],[22.44752,38.6028],[22.44571,38.6042],[22.44548,38.60497],[22.44399,38.60557],[22.44142,38.60572],[22.44052,38.60609],[22.43599,38.61055],[22.43464,38.61102],[22.43406,38.61173],[22.43016,38.61293],[22.42681,38.61229],[22.424,38.60935],[22.42204,38.61169],[22.4181,38.61126],[22.41822,38.60913],[22.41499,38.60879],[22.41423,38.60772],[22.41498,38.60611],[22.41423,38.60486],[22.41421,38.60381],[22.41344,38.60351],[22.41391,38.60276],[22.41323,38.60212],[22.41372,38.60152],[22.41305,38.60051],[22.41207,38.60049],[22.41205,38.59969],[22.41093,38.59928],[22.4105,38.59834],[22.40977,38.59785],[22.40906,38.59791],[22.40932,38.5977],[22.40808,38.59652],[22.40765,38.59531],[22.40584,38.59551],[22.40565,38.59649],[22.40529,38.59544],[22.40484,38.59843],[22.40417,38.5989],[22.40443,38.59958],[22.40421,38.59997],[22.4034,38.59999],[22.40299,38.60102],[22.40576,38.60347],[22.40584,38.60604],[22.40501,38.60855],[22.40516,38.60926],[22.40247,38.61272],[22.40241,38.61332],[22.40428,38.61525],[22.40331,38.61645],[22.40333,38.61722],[22.40958,38.62057],[22.40709,38.61995],[22.40447,38.62018],[22.40692,38.62027],[22.40823,38.62104],[22.40938,38.62123],[22.41095,38.62359],[22.41207,38.62387],[22.41316,38.62471],[22.41331,38.62536],[22.41262,38.62684],[22.41391,38.62752],[22.41434,38.62881],[22.41576,38.62845],[22.41765,38.62877],[22.41865,38.62845],[22.41749,38.62917],[22.41576,38.62939],[22.41421,38.63061],[22.4132,38.63076],[22.41284,38.6298],[22.41213,38.62973],[22.412,38.62926],[22.41056,38.62924],[22.409,38.62799],[22.40829,38.62806],[22.40829,38.62694],[22.40735,38.62827],[22.4087,38.62911],[22.41026,38.63231],[22.4117,38.63385],[22.4122,38.63411],[22.41355,38.63387],[22.41434,38.6352],[22.41494,38.63475],[22.41541,38.63525],[22.41614,38.63492],[22.41591,38.63572],[22.41434,38.63649],[22.41406,38.63698],[22.41481,38.63795],[22.41567,38.63726],[22.41537,38.63814],[22.41597,38.64074],[22.41359,38.64377],[22.41234,38.64334],[22.41138,38.64351],[22.41215,38.64467],[22.40973,38.64241],[22.4067,38.64173],[22.4034,38.64173],[22.40237,38.64241],[22.40237,38.64323],[22.40348,38.64441],[22.40402,38.64574],[22.40359,38.64664],[22.40147,38.64649],[22.39881,38.64477],[22.39584,38.6402],[22.39533,38.64012],[22.39531,38.64046],[22.39623,38.6416],[22.3961,38.64314],[22.39651,38.6443],[22.39393,38.64134],[22.38904,38.63883],[22.38632,38.63846],[22.38507,38.6369],[22.38363,38.63602],[22.38024,38.63443],[22.37816,38.63426],[22.37666,38.63484],[22.37627,38.63454],[22.37664,38.63317],[22.37582,38.63222],[22.37299,38.63321],[22.37065,38.63351],[22.36958,38.63274],[22.36896,38.63317],[22.36681,38.63201],[22.36658,38.63136],[22.36537,38.63087],[22.36516,38.62821],[22.36419,38.62628],[22.36364,38.62359],[22.36284,38.62345],[22.36336,38.624],[22.36288,38.62458],[22.36226,38.62413],[22.36194,38.62568],[22.36106,38.62329],[22.36065,38.62308],[22.35984,38.62336],[22.35701,38.62076],[22.35548,38.62123],[22.35443,38.62091],[22.35284,38.62134],[22.35282,38.62274],[22.35078,38.62308],[22.34883,38.6228],[22.34819,38.62319],[22.3469,38.62229],[22.34555,38.6219],[22.3431,38.62008],[22.34104,38.61769],[22.3381,38.61559],[22.33752,38.61452],[22.33514,38.61632],[22.33402,38.61656],[22.33291,38.61632],[22.33465,38.6175],[22.32898,38.6172],[22.33422,38.61866],[22.33679,38.61746],[22.33849,38.62029],[22.3384,38.62139],[22.34196,38.6248],[22.33909,38.62304],[22.33619,38.62188],[22.33602,38.62012],[22.33499,38.62239],[22.33602,38.62306],[22.33465,38.62276],[22.33297,38.62377],[22.33014,38.62718],[22.3293,38.6289],[22.32739,38.62937],[22.32553,38.63355],[22.32347,38.63437],[22.32336,38.63613],[22.32437,38.63666],[22.32379,38.63739],[22.32254,38.63784],[22.32486,38.63851],[22.32525,38.641],[22.32703,38.64469],[22.32772,38.64529],[22.32735,38.6463],[22.32772,38.64668],[22.32759,38.64814],[22.32611,38.64883],[22.32503,38.64883],[22.32458,38.64962],[22.32641,38.65074],[22.32609,38.65134],[22.32793,38.65392],[22.32677,38.65752],[22.32696,38.65969],[22.32656,38.66052],[22.32714,38.66125],[22.32716,38.66241],[22.32664,38.66503],[22.32832,38.66653],[22.32585,38.66591],[22.32583,38.66627],[22.32555,38.66602],[22.32473,38.6667],[22.32197,38.66623],[22.32014,38.66638],[22.31879,38.66584],[22.32096,38.66731],[22.32098,38.66756],[22.31868,38.6669],[22.32038,38.66765],[22.32094,38.66853],[22.31707,38.66679],[22.3157,38.66737],[22.31325,38.66638],[22.31501,38.66782],[22.31596,38.66801],[22.31488,38.66801],[22.31321,38.66715],[22.31437,38.66812],[22.31295,38.66756],[22.31154,38.66625],[22.30821,38.66681],[22.31034,38.66705],[22.30881,38.66801],[22.30922,38.66943],[22.30791,38.66936],[22.30759,38.67037],[22.30546,38.67203],[22.30444,38.67394],[22.30446,38.67516],[22.30546,38.67647],[22.30531,38.67745],[22.30452,38.67793],[22.30386,38.67763],[22.30353,38.67664],[22.30242,38.67621],[22.3024,38.67516],[22.30107,38.67441],[22.29965,38.67458],[22.29926,38.67406],[22.29712,38.67368],[22.29643,38.67424],[22.29587,38.67417],[22.2945,38.67316],[22.29137,38.67185],[22.28896,38.67215],[22.28881,38.67333],[22.28714,38.67394],[22.2866,38.67381],[22.28587,38.67318],[22.28669,38.67213],[22.28581,38.67198],[22.28502,38.67134],[22.28555,38.67067],[22.28461,38.67035],[22.28298,38.67145],[22.28175,38.67329],[22.28015,38.67205],[22.27607,38.67192],[22.27605,38.6729],[22.27549,38.67336],[22.2763,38.67404],[22.2765,38.67531],[22.27557,38.67578],[22.27534,38.67636],[22.27309,38.67717],[22.27199,38.67896],[22.2692,38.68014],[22.26776,38.68127],[22.26457,38.68181],[22.26276,38.68406],[22.25989,38.68447],[22.25804,38.68387],[22.25583,38.68241],[22.2536,38.68271],[22.25281,38.6825],[22.2515,38.68297],[22.2515,38.68376],[22.25283,38.68473],[22.25274,38.68608],[22.25055,38.68653],[22.24628,38.68861],[22.24598,38.69063],[22.25073,38.69514],[22.25083,38.6958],[22.25131,38.69498],[22.25047,38.69284],[22.25122,38.69292],[22.25137,38.69226],[22.25317,38.69353],[22.25315,38.69327],[22.2536,38.69396],[22.25416,38.69518],[22.25412,38.69807],[22.25472,38.69951],[22.25609,38.70029],[22.25581,38.69943],[22.25643,38.6999],[22.25789,38.70524],[22.25779,38.70616],[22.25704,38.70683],[22.25779,38.70908],[22.25583,38.71035],[22.25392,38.71084],[22.25064,38.71043],[22.24738,38.70863],[22.24564,38.70855],[22.24287,38.70597],[22.24174,38.70563],[22.24015,38.70578],[22.2397,38.70516],[22.24013,38.70331],[22.23834,38.70011],[22.23697,38.69876],[22.23446,38.69795],[22.23337,38.69713],[22.23266,38.69505],[22.23206,38.69505],[22.23049,38.69608],[22.22779,38.69599],[22.22693,38.69541],[22.22577,38.69346],[22.22408,38.69374],[22.22324,38.69284],[22.22071,38.69174],[22.21839,38.68928],[22.21693,38.68921],[22.21588,38.6887],[22.21571,38.68612],[22.2147,38.68876],[22.21575,38.68996],[22.21399,38.6899],[22.21249,38.68889],[22.21273,38.68713],[22.21169,38.68664],[22.21039,38.68659],[22.21054,38.6852],[22.20931,38.68451],[22.20863,38.68488],[22.20734,38.68677],[22.20607,38.68713],[22.20382,38.68885],[22.20075,38.68977],[22.19929,38.68986],[22.19633,38.69166],[22.19339,38.68962],[22.19296,38.68919],[22.19343,38.68865],[22.19253,38.68795],[22.19251,38.68853],[22.19221,38.68818],[22.19101,38.68805],[22.19159,38.68844],[22.19064,38.68953],[22.19135,38.68969],[22.19225,38.69087],[22.19343,38.69329],[22.19322,38.69492],[22.19438,38.69599],[22.19191,38.69657],[22.19075,38.69732],[22.1894,38.69735],[22.18871,38.69814],[22.18856,38.69973],[22.18893,38.70024],[22.18824,38.70198],[22.18588,38.70161],[22.18494,38.70076],[22.18507,38.69986],[22.18401,38.69844],[22.18313,38.69868],[22.18311,38.69793],[22.18155,38.69724],[22.1811,38.69571],[22.17753,38.69571],[22.17442,38.69711],[22.17588,38.69925],[22.17526,38.70014],[22.17558,38.70204],[22.17483,38.70267],[22.1761,38.70406],[22.17535,38.70456],[22.17637,38.70496],[22.1768,38.7064],[22.17601,38.70747],[22.17698,38.70878],[22.17494,38.70859],[22.17376,38.70915],[22.17215,38.70883],[22.17371,38.7087],[22.17475,38.70799],[22.17432,38.70599],[22.1735,38.70737],[22.17337,38.70636],[22.17223,38.70541],[22.17221,38.70473],[22.17172,38.70533],[22.17213,38.70657],[22.17157,38.70696],[22.17105,38.70683],[22.17131,38.70591],[22.16923,38.7038],[22.16936,38.70234],[22.16741,38.70091],[22.16513,38.70031],[22.16432,38.69975],[22.16106,38.69975],[22.15655,38.70155],[22.15485,38.70108],[22.1532,38.70121],[22.15099,38.70018],[22.14801,38.69947],[22.14679,38.70052],[22.14588,38.70003],[22.1452,38.69876],[22.14176,38.69848],[22.1411,38.69938],[22.13936,38.70003],[22.13934,38.70074],[22.13732,38.70043],[22.13696,38.70076],[22.13571,38.70026],[22.1329,38.70069],[22.13142,38.70142],[22.13144,38.70254],[22.13097,38.70299],[22.13046,38.70316],[22.12943,38.70258],[22.12837,38.70282],[22.12822,38.70325],[22.12608,38.7029],[22.12541,38.70318],[22.12561,38.70365],[22.12361,38.70449],[22.12436,38.70346],[22.12426,38.70245],[22.12209,38.70458],[22.11973,38.70539],[22.11992,38.70642],[22.11863,38.70631],[22.11694,38.70696],[22.11664,38.70677],[22.11475,38.70814],[22.11406,38.70891],[22.1141,38.70947],[22.11194,38.7102],[22.11014,38.71352],[22.11067,38.71436],[22.10926,38.71464],[22.10795,38.71679],[22.10814,38.71874],[22.10773,38.72035],[22.10677,38.72247],[22.1055,38.72367],[22.10151,38.72346],[22.10037,38.72406],[22.09823,38.72445],[22.09595,38.72404],[22.09529,38.72301],[22.09451,38.72264],[22.09235,38.72275],[22.09484,38.72357],[22.09569,38.72631],[22.094,38.72445],[22.09321,38.72462],[22.09147,38.7237],[22.08962,38.72376],[22.0884,38.72222],[22.08726,38.72241],[22.08735,38.72174],[22.08655,38.72198],[22.08625,38.72151],[22.08563,38.72155],[22.08385,38.72063],[22.08336,38.7202],[22.08314,38.71895],[22.08065,38.71893],[22.0764,38.71717],[22.07668,38.71655],[22.07578,38.71715],[22.07632,38.71769],[22.07469,38.71726],[22.07531,38.71631],[22.07359,38.71576],[22.07312,38.71518],[22.0707,38.71696],[22.06907,38.71651],[22.06876,38.71603],[22.0675,38.71576],[22.06761,38.71417],[22.06626,38.71488],[22.06546,38.71479],[22.0646,38.71571],[22.06289,38.71582],[22.06166,38.71462],[22.06072,38.71599],[22.05872,38.71492],[22.05872,38.71597],[22.05804,38.71636],[22.05576,38.71633],[22.05467,38.71501],[22.05377,38.71494],[22.05186,38.71619],[22.04954,38.71584],[22.04947,38.71649],[22.04808,38.71807],[22.04666,38.71827],[22.04626,38.7179],[22.04216,38.719],[22.04141,38.71867],[22.04036,38.71912],[22.03902,38.71898],[22.03913,38.71795],[22.04093,38.71707],[22.04145,38.71619],[22.04109,38.71374],[22.04175,38.71273],[22.04175,38.7114],[22.04351,38.7099],[22.04463,38.70797],[22.0443,38.70672],[22.04525,38.70567],[22.04413,38.70473],[22.04379,38.70089],[22.04523,38.69827]]}},{"type":"Feature","properties":{"name":"TET_GR-06_20260426","country":"GR","lengthKm":95.2},"geometry":{"type":"LineString","coordinates":[[21.67826,38.9492],[21.67912,38.9515],[21.67802,38.9525],[21.67685,38.95246],[21.67609,38.95371],[21.67717,38.95279],[21.67844,38.95292],[21.67995,38.95194],[21.68131,38.94475],[21.68285,38.94367],[21.68452,38.94164],[21.68363,38.94216],[21.68471,38.94173],[21.68534,38.94204],[21.68547,38.94161],[21.69081,38.94047],[21.6934,38.93945],[21.69651,38.93877],[21.7025,38.93866],[21.69747,38.94048],[21.69667,38.9414],[21.69758,38.94076],[21.70539,38.94006],[21.70357,38.94081],[21.7023,38.94081],[21.70053,38.94139],[21.69768,38.94366],[21.69726,38.94446],[21.70078,38.94225],[21.70255,38.94188],[21.70379,38.9422],[21.70568,38.94151],[21.70695,38.94177],[21.7087,38.93958],[21.70983,38.93911],[21.71331,38.94046],[21.71537,38.94171],[21.71778,38.94111],[21.7181,38.94079],[21.7148,38.93794],[21.71537,38.93647],[21.71433,38.93598],[21.71438,38.93551],[21.71602,38.93334],[21.71659,38.9314],[21.72156,38.9312],[21.71906,38.92901],[21.7199,38.92826],[21.72063,38.9283],[21.7215,38.92734],[21.72303,38.92319],[21.72728,38.92101],[21.72679,38.92019],[21.7241,38.91967],[21.72243,38.91623],[21.72145,38.91502],[21.71988,38.91435],[21.72066,38.91354],[21.72097,38.91203],[21.72135,38.91434],[21.72291,38.91527],[21.72397,38.91652],[21.72492,38.91726],[21.72898,38.91863],[21.73061,38.91774],[21.73062,38.9158],[21.7322,38.91652],[21.73347,38.91627],[21.73466,38.91726],[21.73654,38.91716],[21.73592,38.91813],[21.73626,38.91912],[21.73642,38.91771],[21.73824,38.91662],[21.7369,38.91828],[21.73906,38.91698],[21.7393,38.91602],[21.73966,38.91712],[21.73796,38.91867],[21.73852,38.91937],[21.73819,38.91885],[21.73846,38.91833],[21.74023,38.91768],[21.74064,38.91655],[21.74071,38.91773],[21.73949,38.91905],[21.74053,38.91947],[21.74102,38.92017],[21.74063,38.91878],[21.74103,38.91853],[21.74231,38.92186],[21.74474,38.92361],[21.75063,38.92459],[21.75135,38.92646],[21.75095,38.92859],[21.75239,38.92777],[21.75441,38.92466],[21.75499,38.9247],[21.75929,38.92918],[21.7598,38.92881],[21.75865,38.9239],[21.759,38.92205],[21.76081,38.91949],[21.76192,38.91901],[21.76241,38.91819],[21.763,38.91836],[21.76388,38.91771],[21.76666,38.91262],[21.76799,38.91242],[21.77101,38.91378],[21.77403,38.91337],[21.77421,38.91378],[21.77356,38.91454],[21.77426,38.91536],[21.77544,38.9159],[21.77568,38.91815],[21.77779,38.91711],[21.77898,38.91592],[21.78315,38.91324],[21.78438,38.91335],[21.78481,38.91465],[21.78578,38.91512],[21.78548,38.91602],[21.78619,38.91651],[21.78695,38.91511],[21.7905,38.91584],[21.79019,38.91341],[21.79096,38.91371],[21.79166,38.90984],[21.79065,38.90987],[21.79073,38.90949],[21.79211,38.90817],[21.79269,38.90984],[21.79589,38.91023],[21.79563,38.91087],[21.7976,38.91124],[21.79767,38.91184],[21.80074,38.91224],[21.8017,38.91164],[21.80162,38.91134],[21.8052,38.91121],[21.81275,38.90795],[21.8264,38.90701],[21.82895,38.90701],[21.83082,38.90748],[21.83142,38.90712],[21.83108,38.90675],[21.83131,38.90626],[21.83395,38.90531],[21.83655,38.90375],[21.83734,38.90248],[21.83891,38.90177],[21.84016,38.90274],[21.84264,38.90308],[21.84522,38.90413],[21.84917,38.90739],[21.85043,38.90797],[21.85284,38.90774],[21.85552,38.90602],[21.85623,38.90589],[21.8573,38.90628],[21.85794,38.90514],[21.86275,38.90304],[21.86393,38.90147],[21.86535,38.90106],[21.86528,38.90033],[21.86747,38.89789],[21.8685,38.89746],[21.86837,38.89448],[21.86927,38.89392],[21.86876,38.89336],[21.86932,38.89265],[21.87022,38.89235],[21.87063,38.89173],[21.87176,38.8919],[21.87329,38.88997],[21.87393,38.89083],[21.87511,38.89036],[21.87502,38.89091],[21.87565,38.89012],[21.8768,38.89054],[21.87717,38.89034],[21.87707,38.88986],[21.87576,38.88958],[21.87458,38.88848],[21.87431,38.8876],[21.87267,38.88832],[21.86979,38.88815],[21.86964,38.88567],[21.86781,38.88538],[21.86687,38.88475],[21.86678,38.88373],[21.86786,38.88269],[21.86725,38.88286],[21.86594,38.88244],[21.86391,38.88058],[21.86476,38.87881],[21.86491,38.87678],[21.86449,38.87686],[21.86383,38.87871],[21.86228,38.88066],[21.86242,38.88214],[21.86196,38.88247],[21.86133,38.88226],[21.86082,38.88022],[21.86031,38.87986],[21.86001,38.88023],[21.85989,38.88167],[21.85936,38.8819],[21.85986,38.88325],[21.85922,38.88372],[21.8605,38.88383],[21.86148,38.88438],[21.86171,38.88488],[21.86105,38.8857],[21.86151,38.88644],[21.86049,38.88748],[21.85937,38.88742],[21.85887,38.88833],[21.85921,38.88916],[21.85893,38.89],[21.85977,38.89066],[21.85806,38.89015],[21.85831,38.88944],[21.85761,38.88869],[21.85797,38.88675],[21.85964,38.88599],[21.85974,38.88557],[21.8588,38.88498],[21.8563,38.88446],[21.85501,38.88353],[21.85675,38.88289],[21.85749,38.8822],[21.85678,38.88093],[21.85732,38.88069],[21.8572,38.87972],[21.85801,38.87852],[21.85774,38.87732],[21.85822,38.87692],[21.85855,38.875],[21.85948,38.87469],[21.86048,38.87291],[21.86079,38.87305],[21.86054,38.87462],[21.86137,38.87515],[21.86334,38.87086],[21.86383,38.8705],[21.86448,38.87102],[21.86467,38.86943],[21.86564,38.87033],[21.86543,38.86828],[21.86449,38.86598],[21.8677,38.86574],[21.86972,38.86607],[21.87157,38.86685],[21.87211,38.86821],[21.8733,38.86881],[21.87356,38.87153],[21.8744,38.87308],[21.87751,38.87506],[21.87792,38.87427],[21.87759,38.87274],[21.8762,38.87161],[21.87641,38.86967],[21.87617,38.86829],[21.87566,38.86804],[21.8757,38.86601],[21.8766,38.86449],[21.87717,38.86433],[21.87799,38.86196],[21.87975,38.86173],[21.88239,38.86051],[21.88333,38.86106],[21.88343,38.86186],[21.88401,38.86172],[21.88455,38.86155],[21.88518,38.86022],[21.88772,38.85901],[21.89108,38.85393],[21.89165,38.85244],[21.89163,38.85099],[21.89011,38.84827],[21.89053,38.84672],[21.89305,38.84341],[21.89475,38.84197],[21.89598,38.83982],[21.89849,38.83781],[21.90292,38.83513],[21.9077,38.83275],[21.91038,38.83001],[21.91343,38.82908],[21.91516,38.82937],[21.91768,38.8284],[21.91861,38.82901],[21.91904,38.82883],[21.91933,38.82783],[21.92136,38.82935],[21.92199,38.82942],[21.92192,38.8286],[21.92361,38.82715],[21.9248,38.82742],[21.92559,38.82668],[21.92716,38.82629],[21.92814,38.82398],[21.92736,38.82292],[21.92753,38.82104],[21.92833,38.82043],[21.92868,38.8208],[21.93001,38.82081],[21.93124,38.81962],[21.93238,38.81912],[21.93406,38.81848],[21.93444,38.81885],[21.93507,38.81865],[21.93809,38.81614],[21.9375,38.8137],[21.93928,38.81069],[21.93872,38.80769],[21.93986,38.80534],[21.94242,38.80452],[21.94366,38.80286],[21.94535,38.80242],[21.94608,38.8005],[21.94784,38.799],[21.94827,38.79809],[21.94984,38.79734],[21.95284,38.79817],[21.95317,38.79788],[21.95222,38.79723],[21.95217,38.79625],[21.95601,38.79457],[21.9563,38.79418],[21.9558,38.79335],[21.95693,38.7931],[21.95754,38.7922],[21.96011,38.79192],[21.96025,38.79151],[21.96271,38.79095],[21.96332,38.79006],[21.96314,38.78933],[21.96608,38.78822],[21.96686,38.78664],[21.96781,38.78662],[21.96814,38.78587],[21.96897,38.78583],[21.96907,38.78424],[21.97002,38.78446],[21.96935,38.78322],[21.96741,38.78304],[21.96673,38.78398],[21.96685,38.78291],[21.96909,38.78199],[21.97088,38.7822],[21.97159,38.78131],[21.97151,38.78025],[21.97391,38.78013],[21.97424,38.77905],[21.97375,38.77767],[21.9752,38.77693],[21.97541,38.77645],[21.97867,38.77776],[21.97879,38.77618],[21.97946,38.7752],[21.98063,38.7748],[21.981,38.77405],[21.98209,38.77355],[21.98321,38.77317],[21.9843,38.77357],[21.98588,38.77207],[21.98577,38.77171],[21.98412,38.77188],[21.98134,38.77084],[21.97993,38.76961],[21.98029,38.76923],[21.97984,38.76852],[21.98026,38.76819],[21.9803,38.76729],[21.97956,38.76682],[21.97894,38.76537],[21.97841,38.76527],[21.97831,38.76438],[21.9784,38.76144],[21.97968,38.75937],[21.9813,38.75813],[21.98098,38.75705],[21.98171,38.75633],[21.981,38.75508],[21.98208,38.75395],[21.98264,38.75179],[21.98229,38.75092],[21.98364,38.75228],[21.98375,38.75083],[21.98329,38.75002],[21.98582,38.74438],[21.98619,38.74252],[21.98614,38.74156],[21.98453,38.74149],[21.98445,38.74108],[21.985,38.74117],[21.98478,38.74076],[21.98325,38.74001],[21.98343,38.73904],[21.98202,38.73703],[21.98196,38.73565],[21.98024,38.73239],[21.97985,38.73005],[21.98105,38.72843],[21.98146,38.7294],[21.98228,38.72896],[21.98242,38.72803],[21.98043,38.72631],[21.97819,38.72612],[21.97782,38.72573],[21.97797,38.7243],[21.97724,38.72355],[21.97662,38.7234],[21.97539,38.72435],[21.97422,38.72461],[21.97264,38.72432],[21.97221,38.72453],[21.97244,38.72422],[21.9748,38.72372],[21.97547,38.72238],[21.97673,38.72227],[21.97968,38.72359],[21.98214,38.7238],[21.98249,38.72424],[21.98517,38.724],[21.98716,38.72341],[21.98917,38.72642],[21.99085,38.72766],[21.99053,38.72862],[21.99114,38.73095],[21.99174,38.73106],[21.99324,38.73245],[21.99511,38.73266],[21.99678,38.73202],[21.99821,38.73094],[21.99951,38.73102],[22.00136,38.73047],[22.00258,38.73099],[22.00328,38.73187],[22.00398,38.7319],[22.00497,38.73358],[22.00552,38.73363],[22.00623,38.73286],[22.00685,38.7337],[22.0071,38.73345],[22.00746,38.7337],[22.0066,38.73223],[22.00703,38.73128],[22.00692,38.72974],[22.00572,38.72814],[22.00644,38.72748],[22.00466,38.72588],[22.00149,38.72645],[22.00396,38.72568],[22.00527,38.72398],[22.00606,38.72459],[22.00596,38.72405],[22.00502,38.72354],[22.00374,38.72457],[22.0046,38.72326],[22.00502,38.72296],[22.00889,38.72376],[22.0062,38.72263],[22.00648,38.72253],[22.01032,38.72313],[22.01078,38.72329],[22.0108,38.72377],[22.01257,38.72455],[22.01649,38.72405],[22.01317,38.7234],[22.01266,38.72271],[22.01327,38.72309],[22.01525,38.72299],[22.01651,38.72215],[22.01404,38.72137],[22.01265,38.72025],[22.01042,38.71941],[22.0135,38.71984],[22.01513,38.72069],[22.01718,38.72065],[22.01801,38.71994],[22.01906,38.72055],[22.02149,38.72067],[22.0209,38.72046],[22.02213,38.71968],[22.02326,38.72011],[22.02383,38.71986],[22.02478,38.72049],[22.02536,38.72015],[22.02582,38.7182],[22.025,38.71916],[22.02515,38.71728],[22.02451,38.71818],[22.02386,38.71824],[22.02512,38.71649],[22.02471,38.71635],[22.02297,38.71734],[22.01862,38.71756],[22.02038,38.71703],[22.02165,38.71599],[22.02287,38.7158],[22.02657,38.71163],[22.02665,38.71073],[22.02743,38.70972],[22.03058,38.70799],[22.03107,38.70545],[22.03332,38.70429],[22.03479,38.70064],[22.03565,38.70002],[22.03736,38.69961],[22.03828,38.69803],[22.03872,38.69718],[22.03822,38.69491],[22.03947,38.69519],[22.04297,38.69413],[22.04333,38.6932],[22.04457,38.69201],[22.04478,38.69244],[22.04393,38.69374],[22.04409,38.69475],[22.04342,38.696],[22.0444,38.69655],[22.0445,38.69747]]}},{"type":"Feature","properties":{"name":"TET_GR-07_20260426","country":"GR","lengthKm":847.8},"geometry":{"type":"LineString","coordinates":[[21.97004,38.78446],[21.97081,38.78528],[21.97276,38.78586],[21.97339,38.7856],[21.97266,38.78489],[21.97457,38.78461],[21.97665,38.78526],[21.97815,38.78309],[21.97802,38.78217],[21.97944,38.78238],[21.98042,38.78129],[21.98083,38.77994],[21.98302,38.77843],[21.9848,38.77972],[21.98587,38.77942],[21.98673,38.78028],[21.98804,38.78043],[21.98909,38.78118],[21.99036,38.78099],[21.99141,38.7815],[21.99323,38.78045],[21.99341,38.78066],[21.99319,38.7818],[21.99379,38.78313],[21.99287,38.78663],[21.9939,38.79275],[21.99431,38.79352],[21.99512,38.79341],[21.99742,38.79423],[21.99841,38.79378],[21.99858,38.79418],[21.99746,38.79974],[21.99662,38.80182],[21.99673,38.80279],[21.99572,38.80586],[21.9951,38.80656],[21.99452,38.80631],[21.99424,38.80777],[21.99444,38.80826],[21.99684,38.80669],[21.99834,38.80706],[21.99639,38.80772],[21.99504,38.80974],[21.99523,38.81053],[21.99669,38.8094],[21.99647,38.81045],[21.99733,38.80991],[21.9971,38.81073],[21.99459,38.81292],[21.99396,38.813],[21.99229,38.81231],[21.9931,38.81302],[21.99255,38.81498],[21.99319,38.81547],[21.99308,38.81697],[21.99405,38.81708],[21.99654,38.81468],[21.99703,38.81461],[21.99482,38.81815],[21.99336,38.81907],[21.99493,38.82015],[21.99658,38.81957],[21.9975,38.81864],[21.99944,38.81804],[21.99986,38.8171],[22.00102,38.81751],[22.00182,38.81663],[22.0018,38.81541],[22.0028,38.81541],[22.00343,38.81493],[22.00311,38.81332],[22.00446,38.81386],[22.00598,38.81268],[22.0062,38.81152],[22.00684,38.81122],[22.00688,38.81326],[22.00416,38.81691],[22.00409,38.81822],[22.00441,38.81721],[22.0062,38.81573],[22.00478,38.81798],[22.00516,38.81877],[22.00489,38.81968],[22.00714,38.81652],[22.00828,38.81598],[22.00836,38.81534],[22.00877,38.81515],[22.00913,38.81549],[22.00847,38.8171],[22.01111,38.81358],[22.01313,38.81247],[22.0148,38.81002],[22.01628,38.80901],[22.01536,38.80822],[22.01308,38.80777],[22.01297,38.80732],[22.01381,38.80523],[22.01767,38.80178],[22.01634,38.80073],[22.01639,38.79996],[22.01694,38.7994],[22.01583,38.79916],[22.0154,38.79869],[22.01476,38.79654],[22.01607,38.79453],[22.01486,38.79305],[22.01562,38.7918],[22.0181,38.79092],[22.01842,38.79019],[22.01658,38.78813],[22.01767,38.78764],[22.01918,38.78813],[22.02046,38.78807],[22.02156,38.78742],[22.02229,38.78614],[22.02448,38.78438],[22.0248,38.78556],[22.02394,38.78727],[22.02473,38.78785],[22.02385,38.7886],[22.02379,38.79064],[22.02551,38.79073],[22.02518,38.79174],[22.02649,38.79199],[22.02694,38.79253],[22.02645,38.79348],[22.02677,38.79496],[22.02855,38.79485],[22.02963,38.79534],[22.02834,38.79835],[22.03021,38.79899],[22.03117,38.80212],[22.03304,38.80377],[22.03362,38.80373],[22.03417,38.80309],[22.03583,38.80375],[22.03712,38.80373],[22.03729,38.803],[22.03662,38.80197],[22.03742,38.80159],[22.038,38.80066],[22.03973,38.80232],[22.04106,38.80253],[22.04175,38.80223],[22.04151,38.8006],[22.04246,38.79933],[22.04201,38.79766],[22.04338,38.79837],[22.04392,38.80041],[22.04546,38.80023],[22.04675,38.80064],[22.04707,38.79944],[22.04853,38.79968],[22.04855,38.79854],[22.05102,38.79925],[22.05078,38.79901],[22.05158,38.79762],[22.05081,38.79618],[22.05126,38.79601],[22.0525,38.79809],[22.05222,38.7988],[22.05291,38.79927],[22.05317,38.80038],[22.05276,38.80086],[22.05319,38.80099],[22.05398,38.8],[22.05495,38.80176],[22.05596,38.80041],[22.05628,38.79845],[22.0569,38.79755],[22.05844,38.79669],[22.05778,38.79607],[22.05879,38.79459],[22.05999,38.79474],[22.06014,38.79371],[22.06143,38.79296],[22.06183,38.79195],[22.06237,38.79208],[22.06319,38.79365],[22.06143,38.79648],[22.06456,38.79661],[22.06561,38.7974],[22.06497,38.79871],[22.06387,38.79893],[22.06284,38.79989],[22.06229,38.80124],[22.06458,38.80015],[22.06563,38.80006],[22.0666,38.80068],[22.06716,38.80208],[22.06782,38.80021],[22.0675,38.79931],[22.06932,38.79862],[22.06984,38.79736],[22.07209,38.79556],[22.07327,38.79234],[22.07505,38.79135],[22.07718,38.79081],[22.07563,38.79039],[22.07876,38.78957],[22.0816,38.78691],[22.0819,38.78858],[22.08286,38.78888],[22.08398,38.78839],[22.08488,38.78931],[22.08567,38.78931],[22.08615,38.78972],[22.08672,38.79086],[22.08836,38.79101],[22.08945,38.79208],[22.09145,38.79212],[22.09076,38.79281],[22.09063,38.79444],[22.09147,38.79596],[22.09192,38.79871],[22.09391,38.80107],[22.09518,38.80189],[22.09542,38.80328],[22.09681,38.80453],[22.09891,38.80481],[22.09992,38.80311],[22.10151,38.8027],[22.10082,38.80251],[22.10378,38.80191],[22.10524,38.80066],[22.107,38.80101],[22.10771,38.80034],[22.10851,38.80068],[22.11157,38.79959],[22.11426,38.80026],[22.11458,38.80094],[22.11578,38.80107],[22.11599,38.80139],[22.11807,38.80127],[22.11823,38.80333],[22.1193,38.80225],[22.11932,38.80169],[22.11975,38.80174],[22.11941,38.80268],[22.11968,38.80363],[22.12185,38.80154],[22.12202,38.80305],[22.12159,38.8042],[22.12215,38.80564],[22.12275,38.80577],[22.12245,38.80423],[22.12348,38.80307],[22.12411,38.80127],[22.1238,38.79976],[22.12308,38.79886],[22.12393,38.79564],[22.12355,38.79528],[22.12303,38.79564],[22.12258,38.79714],[22.12202,38.79742],[22.12123,38.79736],[22.12009,38.79609],[22.11807,38.79659],[22.11696,38.79582],[22.11608,38.79577],[22.11449,38.7923],[22.11243,38.79118],[22.1134,38.78893],[22.11533,38.78822],[22.11432,38.78682],[22.11492,38.78545],[22.11464,38.78457],[22.1155,38.78322],[22.11655,38.78331],[22.11698,38.78298],[22.11657,38.78109],[22.11855,38.77901],[22.11825,38.77865],[22.11911,38.77805],[22.11911,38.77738],[22.11805,38.77612],[22.11943,38.77685],[22.12007,38.77674],[22.12067,38.77474],[22.12322,38.77335],[22.124,38.77335],[22.12481,38.77234],[22.12473,38.77185],[22.12595,38.7724],[22.12634,38.77206],[22.12784,38.77228],[22.12846,38.77176],[22.12775,38.77122],[22.12492,38.77082],[22.12522,38.77],[22.12479,38.76959],[22.12112,38.76886],[22.12116,38.76828],[22.12316,38.76756],[22.12518,38.76549],[22.12831,38.76343],[22.1305,38.76406],[22.1317,38.76393],[22.13294,38.765],[22.13372,38.76453],[22.13395,38.7656],[22.13458,38.76532],[22.13488,38.76365],[22.13277,38.76262],[22.13307,38.76215],[22.13428,38.76189],[22.13419,38.7612],[22.13535,38.76028],[22.13606,38.76084],[22.13556,38.76133],[22.13576,38.76204],[22.14011,38.76464],[22.13985,38.76391],[22.13745,38.76172],[22.13855,38.76138],[22.1394,38.75987],[22.14179,38.75794],[22.14226,38.7558],[22.14294,38.75655],[22.14344,38.75646],[22.144,38.75464],[22.14543,38.75453],[22.14606,38.75384],[22.14837,38.75391],[22.14906,38.75363],[22.1496,38.75262],[22.15003,38.75344],[22.15125,38.75369],[22.15003,38.75472],[22.15018,38.75674],[22.15099,38.75689],[22.15402,38.75502],[22.15421,38.75382],[22.15494,38.75365],[22.15509,38.75243],[22.15696,38.75198],[22.15756,38.75281],[22.15936,38.75127],[22.16039,38.75228],[22.16123,38.7523],[22.16232,38.75099],[22.16348,38.7508],[22.16397,38.74983],[22.16586,38.75004],[22.16648,38.74966],[22.16762,38.74796],[22.16747,38.74726],[22.16856,38.74728],[22.16994,38.74513],[22.17097,38.74616],[22.17198,38.74646],[22.17082,38.74708],[22.17071,38.74839],[22.17314,38.74893],[22.17067,38.75028],[22.17084,38.7512],[22.17193,38.7521],[22.17103,38.75092],[22.17228,38.75002],[22.17601,38.7506],[22.1764,38.74957],[22.17554,38.74901],[22.17567,38.74783],[22.17672,38.74723],[22.17721,38.74732],[22.17764,38.74683],[22.17841,38.74758],[22.18086,38.74826],[22.18168,38.74979],[22.18202,38.74983],[22.18294,38.74865],[22.18444,38.74882],[22.18474,38.74914],[22.18406,38.74955],[22.18352,38.7508],[22.18365,38.75221],[22.18234,38.75279],[22.18273,38.75404],[22.18161,38.75659],[22.1829,38.75835],[22.18386,38.75848],[22.1844,38.75929],[22.18644,38.75902],[22.18691,38.75927],[22.1873,38.7612],[22.18837,38.76217],[22.18753,38.7626],[22.18661,38.7641],[22.18876,38.76571],[22.18923,38.76715],[22.18899,38.76792],[22.18831,38.76863],[22.1841,38.7708],[22.18256,38.77049],[22.1808,38.77195],[22.18041,38.77249],[22.1805,38.77371],[22.17961,38.77466],[22.17989,38.77603],[22.17814,38.77788],[22.17569,38.77846],[22.17524,38.77813],[22.17462,38.77599],[22.1738,38.77537],[22.17256,38.77515],[22.1702,38.77607],[22.16863,38.77431],[22.16728,38.77397],[22.16384,38.77732],[22.16429,38.77865],[22.16483,38.77901],[22.16472,38.78011],[22.16597,38.78052],[22.16537,38.7817],[22.16751,38.78137],[22.16874,38.78275],[22.16889,38.7835],[22.16816,38.7841],[22.16829,38.78526],[22.16771,38.78588],[22.16882,38.78642],[22.16944,38.7876],[22.16878,38.78577],[22.16942,38.78543],[22.17017,38.78382],[22.17101,38.78365],[22.17146,38.78635],[22.17277,38.78927],[22.17269,38.79146],[22.17453,38.79251],[22.17477,38.79386],[22.17657,38.79416],[22.17528,38.79569],[22.17543,38.79682],[22.17359,38.79908],[22.17567,38.80163],[22.17678,38.80148],[22.17747,38.80204],[22.17807,38.80399],[22.1809,38.80495],[22.18249,38.80607],[22.18324,38.80528],[22.1823,38.80554],[22.18406,38.80423],[22.18502,38.80418],[22.18399,38.80397],[22.18262,38.80461],[22.18215,38.80451],[22.18,38.80157],[22.18,38.79961],[22.18071,38.80129],[22.18281,38.80302],[22.18461,38.80086],[22.1859,38.80094],[22.18695,38.80036],[22.18796,38.80047],[22.18704,38.80017],[22.18586,38.80054],[22.18395,38.79968],[22.18223,38.80023],[22.18253,38.79957],[22.18393,38.79895],[22.18549,38.79946],[22.18706,38.79903],[22.18835,38.79936],[22.19236,38.79663],[22.1959,38.79511],[22.19459,38.79714],[22.19573,38.798],[22.19521,38.79912],[22.19639,38.80034],[22.19586,38.80105],[22.19698,38.80045],[22.19584,38.80191],[22.19607,38.80219],[22.19828,38.79946],[22.20019,38.79931],[22.20062,38.79865],[22.20004,38.79725],[22.20159,38.79719],[22.20356,38.79641],[22.20384,38.79781],[22.20307,38.79912],[22.20365,38.79929],[22.20603,38.79727],[22.20766,38.79491],[22.20822,38.79566],[22.21105,38.7959],[22.21245,38.79744],[22.21287,38.79526],[22.21378,38.7944],[22.21466,38.79459],[22.21687,38.79605],[22.21895,38.79545],[22.22058,38.79431],[22.22054,38.79573],[22.21832,38.79725],[22.2179,38.79805],[22.21865,38.79738],[22.22161,38.79646],[22.22174,38.79575],[22.22257,38.79539],[22.22238,38.79485],[22.22292,38.79463],[22.2227,38.79624],[22.22377,38.7965],[22.2239,38.79717],[22.22459,38.79652],[22.225,38.79659],[22.22515,38.79719],[22.22729,38.79672],[22.22611,38.79974],[22.22695,38.80038],[22.22431,38.80373],[22.22481,38.80487],[22.22691,38.80594],[22.22564,38.8062],[22.22524,38.80695],[22.22581,38.80847],[22.22487,38.80852],[22.22414,38.80899],[22.22693,38.80931],[22.22852,38.80878],[22.22869,38.80837],[22.22873,38.80895],[22.2271,38.81058],[22.22493,38.81169],[22.22895,38.81122],[22.23176,38.8135],[22.23229,38.81268],[22.23577,38.81182],[22.2365,38.81066],[22.24004,38.81045],[22.24032,38.81008],[22.24109,38.81004],[22.24212,38.80809],[22.24345,38.80815],[22.24317,38.80888],[22.2436,38.80912],[22.24369,38.80991],[22.24495,38.8106],[22.24566,38.81017],[22.24644,38.81053],[22.24517,38.80981],[22.2454,38.80892],[22.24577,38.80935],[22.24892,38.80998],[22.25021,38.80972],[22.25182,38.80878],[22.25189,38.80807],[22.25251,38.80762],[22.25364,38.80785],[22.25487,38.80701],[22.25583,38.80878],[22.25785,38.81006],[22.25817,38.81073],[22.25946,38.81096],[22.25997,38.81148],[22.26182,38.81101],[22.26433,38.81169],[22.26474,38.8127],[22.26424,38.81309],[22.26433,38.81367],[22.26512,38.81442],[22.26476,38.81468],[22.26678,38.81551],[22.26862,38.81723],[22.26886,38.81796],[22.26974,38.81811],[22.26939,38.81923],[22.26847,38.81976],[22.27032,38.81995],[22.2715,38.82109],[22.2736,38.82025],[22.27379,38.81869],[22.27452,38.81753],[22.27894,38.81676],[22.2783,38.81713],[22.27698,38.81698],[22.2766,38.81748],[22.27518,38.81729],[22.27407,38.81817],[22.27357,38.82019],[22.27459,38.82261],[22.27453,38.8238],[22.27382,38.82481],[22.27336,38.82711],[22.27184,38.82896],[22.27013,38.83217],[22.2687,38.83263],[22.26929,38.83493],[22.26881,38.83565],[22.26817,38.83577],[22.26884,38.83586],[22.26933,38.83546],[22.26889,38.83624],[22.26823,38.83644],[22.26844,38.83664],[22.26936,38.8364],[22.27082,38.8343],[22.27021,38.83681],[22.27088,38.83882],[22.26992,38.83997],[22.26729,38.83975],[22.26685,38.84009],[22.26548,38.84],[22.26415,38.84072],[22.26209,38.83934],[22.2613,38.83804],[22.2595,38.83732],[22.25819,38.83464],[22.2571,38.83573],[22.25553,38.83596],[22.2558,38.83644],[22.25488,38.83756],[22.25573,38.83808],[22.25572,38.83896],[22.25532,38.83943],[22.25432,38.83954],[22.25362,38.84049],[22.25303,38.84021],[22.25236,38.83885],[22.24967,38.83736],[22.24723,38.83757],[22.24616,38.83826],[22.24554,38.83596],[22.24405,38.83516],[22.24581,38.83364],[22.2455,38.83283],[22.24454,38.83234],[22.24348,38.83028],[22.24396,38.82788],[22.24165,38.82816],[22.24105,38.82684],[22.24005,38.82644],[22.23842,38.82701],[22.23787,38.82491],[22.23737,38.82555],[22.23484,38.82595],[22.23256,38.82865],[22.23148,38.82867],[22.23,38.83033],[22.22679,38.83091],[22.2252,38.83014],[22.22376,38.83125],[22.22391,38.83227],[22.22292,38.83264],[22.22192,38.83234],[22.22141,38.83269],[22.22032,38.8327],[22.22025,38.83467],[22.21942,38.83611],[22.21544,38.83643],[22.21209,38.83784],[22.21086,38.83735],[22.20997,38.83751],[22.20986,38.83843],[22.20817,38.83925],[22.20748,38.84099],[22.20745,38.8423],[22.2081,38.84292],[22.20737,38.84353],[22.20519,38.84304],[22.20294,38.84331],[22.20449,38.84385],[22.20517,38.84371],[22.2063,38.84461],[22.2102,38.84502],[22.20909,38.8455],[22.21059,38.84608],[22.21221,38.84543],[22.21248,38.84596],[22.21164,38.84649],[22.21176,38.84733],[22.21126,38.84812],[22.21172,38.84809],[22.21162,38.85169],[22.21244,38.85284],[22.21241,38.85389],[22.21295,38.85391],[22.21246,38.85534],[22.21337,38.85581],[22.21345,38.85717],[22.21294,38.85899],[22.21226,38.85899],[22.21287,38.85929],[22.21408,38.85871],[22.21556,38.85878],[22.21635,38.85789],[22.21872,38.86101],[22.21876,38.86156],[22.21793,38.86163],[22.2184,38.86232],[22.21824,38.86369],[22.21952,38.86428],[22.22089,38.86435],[22.22276,38.86336],[22.22682,38.86489],[22.22779,38.8637],[22.22679,38.8631],[22.22855,38.86357],[22.22688,38.86761],[22.22659,38.86782],[22.22529,38.86751],[22.22682,38.86811],[22.22888,38.8662],[22.2298,38.86625],[22.22912,38.86636],[22.22837,38.86795],[22.22621,38.86936],[22.22968,38.86837],[22.23099,38.86913],[22.23139,38.86783],[22.23269,38.86766],[22.23514,38.86965],[22.23715,38.87016],[22.23735,38.87156],[22.24287,38.87176],[22.24408,38.87082],[22.24568,38.87258],[22.24691,38.87247],[22.25072,38.87457],[22.25235,38.87454],[22.25327,38.87355],[22.25359,38.87369],[22.25505,38.87788],[22.25377,38.87903],[22.25774,38.88087],[22.25779,38.88285],[22.25851,38.88421],[22.26135,38.88671],[22.26457,38.89039],[22.26606,38.89287],[22.27176,38.89464],[22.27549,38.89637],[22.27849,38.8969],[22.27847,38.89866],[22.29113,38.91982],[22.30265,38.91641],[22.31634,38.91508],[22.32733,38.91254],[22.34259,38.90739],[22.35975,38.89943],[22.36181,38.89778],[22.36516,38.89604],[22.37239,38.89351],[22.37722,38.89255],[22.38207,38.89059],[22.38657,38.88978],[22.39687,38.88937],[22.4032,38.88991],[22.41097,38.89237],[22.4143,38.893],[22.4252,38.89287],[22.42619,38.89321],[22.42679,38.89422],[22.42792,38.89482],[22.43009,38.89394],[22.4343,38.89343],[22.43848,38.89396],[22.44048,38.89473],[22.44545,38.894],[22.45099,38.89177],[22.45157,38.89182],[22.45138,38.8972],[22.45159,38.90014],[22.452,38.90038],[22.45354,38.90029],[22.45535,38.8995],[22.46783,38.89673],[22.47035,38.89581],[22.47972,38.894],[22.4829,38.89491],[22.485,38.89602],[22.48607,38.89832],[22.48779,38.89969],[22.4923,38.89971],[22.49597,38.90018],[22.52221,38.90499],[22.5613,38.90583],[22.56373,38.90585],[22.56547,38.90388],[22.5724,38.89997],[22.57622,38.89834],[22.58113,38.89491],[22.58321,38.89407],[22.58353,38.89336],[22.58461,38.89413],[22.58716,38.8984],[22.59308,38.90182],[22.59446,38.90199],[22.59669,38.90302],[22.59725,38.90409],[22.59974,38.9066],[22.60087,38.9093],[22.60375,38.91033],[22.60737,38.91109],[22.61497,38.91158],[22.61581,38.9113],[22.61617,38.91179],[22.61945,38.91194],[22.62744,38.91081],[22.64132,38.90761],[22.64593,38.90596],[22.65121,38.9025],[22.66014,38.89252],[22.66269,38.89053],[22.67696,38.88418],[22.68007,38.88325],[22.68394,38.88268],[22.68711,38.88291],[22.70007,38.88581],[22.70089,38.88561],[22.69844,38.88323],[22.69672,38.88686],[22.697,38.88894],[22.71189,38.88864],[22.72119,38.88991],[22.72288,38.89044],[22.72438,38.89164],[22.72756,38.89218],[22.73088,38.89222],[22.73597,38.89409],[22.73882,38.89709],[22.73985,38.89969],[22.74112,38.90006],[22.74339,38.89735],[22.77618,38.88246],[22.7824,38.88074],[22.78459,38.88098],[22.78979,38.88587],[22.8,38.89825],[22.80157,38.89963],[22.80764,38.90051],[22.81024,38.90308],[22.81026,38.90353],[22.80807,38.90559],[22.80845,38.90694],[22.80989,38.90887],[22.81017,38.91111],[22.81172,38.91293],[22.81234,38.9151],[22.81356,38.91694],[22.81371,38.91832],[22.81755,38.9202],[22.81826,38.92115],[22.81802,38.92192],[22.81908,38.92381],[22.81858,38.92623],[22.81905,38.9266],[22.81878,38.92759],[22.81916,38.92907],[22.81972,38.92932],[22.81942,38.92992],[22.81989,38.93061],[22.82111,38.9308],[22.82294,38.93023],[22.82274,38.93123],[22.82412,38.93162],[22.82305,38.93291],[22.82311,38.93381],[22.82425,38.93456],[22.82532,38.93692],[22.82641,38.93744],[22.82629,38.9381],[22.82826,38.93816],[22.82847,38.93943],[22.82927,38.9405],[22.82907,38.94179],[22.82965,38.94276],[22.82804,38.94482],[22.83023,38.94432],[22.83139,38.94525],[22.83159,38.94703],[22.83283,38.94593],[22.83414,38.94694],[22.83461,38.94606],[22.83605,38.94664],[22.8374,38.94589],[22.83867,38.94771],[22.8407,38.94816],[22.84161,38.94797],[22.8424,38.94701],[22.84948,38.94503],[22.85688,38.94445],[22.85787,38.94542],[22.85937,38.94529],[22.85897,38.94413],[22.85907,38.94349],[22.85965,38.94321],[22.86246,38.94664],[22.8659,38.94613],[22.86976,38.94821],[22.87345,38.94904],[22.88285,38.94769],[22.89376,38.94962],[22.89584,38.94946],[22.89793,38.94871],[22.90282,38.94865],[22.91086,38.94397],[22.91811,38.93643],[22.91917,38.93302],[22.92159,38.93086],[22.9231,38.92804],[22.92444,38.92666],[22.92849,38.92536],[22.93297,38.92641],[22.9345,38.92773],[22.93737,38.92913],[22.93787,38.93055],[22.93639,38.93366],[22.93225,38.93572],[22.93045,38.93832],[22.9313,38.94255],[22.93186,38.94301],[22.93097,38.94471],[22.93146,38.94553],[22.93273,38.94631],[22.9335,38.94741],[22.93507,38.94764],[22.93819,38.9456],[22.94276,38.94556],[22.94115,38.94422],[22.94113,38.94396],[22.94181,38.94385],[22.94368,38.94431],[22.94492,38.94529],[22.94735,38.94492],[22.94974,38.94736],[22.94977,38.94835],[22.94913,38.94886],[22.94916,38.94949],[22.95337,38.9499],[22.95619,38.95077],[22.95739,38.95268],[22.96028,38.95264],[22.96363,38.95319],[22.96522,38.95306],[22.96544,38.95223],[22.97278,38.95265],[22.97291,38.95182],[22.97405,38.95112],[22.97611,38.95249],[22.97627,38.95366],[22.97559,38.95576],[22.97719,38.95506],[22.97844,38.95568],[22.98187,38.95503],[22.98272,38.95517],[22.98576,38.95873],[22.98536,38.95999],[22.98758,38.96073],[22.98742,38.9613],[22.98847,38.96239],[22.98792,38.96323],[22.9891,38.96412],[22.9931,38.97078],[22.99482,38.97124],[22.99509,38.97174],[22.99704,38.97265],[22.99738,38.97352],[23.00073,38.97644],[23.00148,38.97643],[23.00227,38.97695],[23.00439,38.9767],[23.00423,38.97757],[23.00576,38.9796],[23.00564,38.98198],[23.00829,38.98501],[23.00926,38.9853],[23.00952,38.98833],[23.01105,38.99062],[23.01168,38.99507],[23.01224,38.99608],[23.01428,38.99777],[23.01867,39.00523],[23.02098,39.00733],[23.0236,39.01196],[23.02475,39.01307],[23.02509,39.01477],[23.0264,39.01617],[23.0266,39.01827],[23.02946,39.02038],[23.028,39.0206],[23.02553,39.01907],[23.02312,39.0193],[23.0221,39.01975],[23.02037,39.01966],[23.01822,39.02029],[23.01707,39.02018],[23.01455,39.02269],[23.01082,39.02369],[23.01003,39.02503],[23.00945,39.02524],[23.00818,39.02321],[23.00904,39.02136],[23.00749,39.02127],[23.0045,39.02031],[23.00336,39.01947],[23.00316,39.01885],[23.00122,39.0189],[22.99927,39.0176],[22.99882,39.01652],[22.99823,39.01706],[22.99883,39.01642],[22.9969,39.01731],[22.99744,39.01586],[22.99717,39.01563],[22.99479,39.01591],[22.98684,39.01518],[22.98308,39.01595],[22.98202,39.01554],[22.98119,39.01468],[22.98067,39.01318],[22.97805,39.01366],[22.97481,39.01307],[22.97295,39.01207],[22.97152,39.01062],[22.97019,39.00549],[22.96994,39.00526],[22.968,39.00554],[22.96651,39.00426],[22.96568,39.0042],[22.96404,39.00488],[22.96381,39.0054],[22.96227,39.00562],[22.961,39.00627],[22.95786,39.00932],[22.95571,39.00968],[22.95365,39.00886],[22.95135,39.00976],[22.94992,39.00979],[22.94945,39.01034],[22.94961,39.01113],[22.94889,39.01159],[22.94917,39.01255],[22.94837,39.01482],[22.94657,39.01635],[22.9444,39.01681],[22.94656,39.01931],[22.94628,39.02162],[22.94728,39.02555],[22.94711,39.02698],[22.94918,39.02608],[22.9501,39.0278],[22.95226,39.02743],[22.95476,39.02887],[22.95688,39.0293],[22.95906,39.0311],[22.96063,39.03136],[22.96185,39.03294],[22.96398,39.03365],[22.96547,39.03296],[22.96592,39.03164],[22.96806,39.03204],[22.9703,39.03194],[22.97254,39.03038],[22.97354,39.0301],[22.97699,39.03159],[22.97783,39.03254],[22.9783,39.03669],[22.97725,39.03743],[22.97532,39.03799],[22.97623,39.03958],[22.97454,39.04246],[22.97586,39.04493],[22.97766,39.04656],[22.98039,39.04766],[22.98152,39.05124],[22.98322,39.05178],[22.98503,39.05152],[22.98575,39.05219],[22.98602,39.05359],[22.98737,39.05378],[22.98769,39.05451],[22.99204,39.0577],[22.99273,39.05918],[22.99258,39.06003],[22.99359,39.06136],[22.99241,39.06197],[22.99203,39.06273],[22.99104,39.06297],[22.99137,39.06437],[22.99637,39.06542],[22.99785,39.06691],[22.99691,39.06719],[22.99685,39.06804],[22.9939,39.06965],[22.99275,39.06861],[22.99105,39.06879],[22.98857,39.06978],[22.98855,39.07091],[22.9869,39.07139],[22.98632,39.07272],[22.98638,39.07382],[22.98529,39.07327],[22.983,39.07503],[22.98117,39.07861],[22.97909,39.08098],[22.97807,39.08436],[22.97567,39.08759],[22.97565,39.08936],[22.97629,39.09033],[22.97561,39.09247],[22.97765,39.09515],[22.97733,39.0961],[22.98128,39.09815],[22.9795,39.09951],[22.97828,39.10201],[22.97686,39.10292],[22.9761,39.10299],[22.97462,39.10526],[22.974,39.10556],[22.9725,39.10573],[22.9717,39.10516],[22.96942,39.10697],[22.96825,39.10641],[22.96733,39.10691],[22.96391,39.10681],[22.96402,39.10753],[22.96505,39.10788],[22.96563,39.10861],[22.96559,39.11091],[22.96523,39.11142],[22.96275,39.11204],[22.96121,39.11285],[22.96078,39.11412],[22.96011,39.11427],[22.95759,39.11372],[22.95722,39.11245],[22.95621,39.11284],[22.953,39.11308],[22.94935,39.11245],[22.94033,39.11193],[22.93573,39.11013],[22.93239,39.10796],[22.93125,39.10767],[22.92985,39.10779],[22.92864,39.10876],[22.92507,39.10927],[22.92453,39.1066],[22.92477,39.10428],[22.9242,39.10194],[22.92278,39.10075],[22.92016,39.10077],[22.91907,39.09996],[22.91896,39.09974],[22.92035,39.09932],[22.92082,39.09882],[22.92072,39.09821],[22.91846,39.09758],[22.918,39.0967],[22.91795,39.09521],[22.91884,39.09433],[22.9184,39.09315],[22.91765,39.09279],[22.91561,39.09267],[22.91148,39.09135],[22.91071,39.09275],[22.90736,39.09473],[22.90524,39.09649],[22.90268,39.09735],[22.90172,39.09875],[22.90088,39.09884],[22.89891,39.09803],[22.89474,39.10085],[22.89369,39.10206],[22.89146,39.10716],[22.8903,39.10819],[22.88643,39.10966],[22.88389,39.10947],[22.87061,39.11748],[22.83746,39.13941],[22.82139,39.14925],[22.81784,39.14969],[22.81651,39.15025],[22.80008,39.15861],[22.79721,39.16082],[22.7808,39.1696],[22.77233,39.17534],[22.76937,39.17587],[22.76813,39.17879],[22.76706,39.17977],[22.76646,39.1823],[22.75878,39.18252],[22.7575,39.19458],[22.75447,39.1975],[22.74589,39.22182],[22.74397,39.2233],[22.74351,39.22411],[22.74418,39.22582],[22.74425,39.22928],[22.74598,39.23072],[22.74485,39.24282],[22.74658,39.2477],[22.74825,39.26079],[22.75477,39.2628],[22.76005,39.26351],[22.76521,39.26501],[22.7835,39.26732],[22.78767,39.26877],[22.79269,39.27141],[22.79616,39.27375],[22.79829,39.27444],[22.80543,39.27538],[22.81208,39.27341],[22.81409,39.27347],[22.82249,39.27819],[22.82476,39.27776],[22.82559,39.278],[22.83982,39.28466],[22.84167,39.28501],[22.84302,39.28472],[22.84735,39.28281],[22.85109,39.28303],[22.85192,39.28348],[22.8579,39.29027],[22.85939,39.29105],[22.86058,39.29098],[22.86293,39.28959],[22.86478,39.28936],[22.87127,39.29399],[22.87845,39.29461],[22.88127,39.29598],[22.88689,39.29599],[22.88832,39.2964],[22.89192,39.29892],[22.89365,39.29936],[22.89844,39.29946],[22.90637,39.30238],[22.90881,39.30258],[22.91182,39.30186],[22.91345,39.30236],[22.91469,39.30499],[22.91713,39.30815],[22.91921,39.31756],[22.92333,39.32768],[22.92572,39.33062],[22.92365,39.33437],[22.92345,39.33727],[22.92432,39.34142],[22.92577,39.34471],[22.92579,39.34641],[22.9255,39.34828],[22.92379,39.35104],[22.92374,39.35179],[22.93096,39.36293],[22.93407,39.36189],[22.93619,39.36257],[22.94325,39.36221],[22.95144,39.35815],[22.95219,39.35861],[22.95846,39.35558],[22.96106,39.35412],[22.96408,39.35133],[22.96553,39.3511],[22.96731,39.34965],[22.9702,39.34822],[22.97255,39.34782],[22.97605,39.34809],[22.97656,39.34895],[22.97824,39.34917],[22.98043,39.35053],[22.9857,39.35155],[22.99259,39.35138],[22.99676,39.34868],[22.99865,39.34692],[22.99968,39.34284],[23.0016,39.34211],[23.00327,39.34035],[23.00488,39.33996],[23.01075,39.33988],[23.01193,39.33907],[23.01528,39.33779],[23.01278,39.34181],[23.01162,39.34188],[23.01195,39.34502],[23.01272,39.34571],[23.01121,39.34654],[23.01138,39.34826],[23.00912,39.34982],[23.01004,39.3505],[23.00905,39.35136],[23.00932,39.35253],[23.01061,39.35375],[23.01015,39.35421],[23.01123,39.35445],[23.0124,39.35384],[23.01292,39.35418],[23.01212,39.35514],[23.01122,39.35759],[23.01174,39.35745],[23.01174,39.35771],[23.01295,39.35677],[23.01469,39.35665],[23.01398,39.35719],[23.01427,39.35958],[23.01499,39.35892],[23.01667,39.35855],[23.01739,39.35982],[23.0177,39.35929],[23.01898,39.35929],[23.01855,39.35824],[23.0199,39.35728],[23.02024,39.35601],[23.02149,39.35629],[23.0214,39.35582],[23.0223,39.35723],[23.02297,39.35691],[23.02365,39.35723],[23.02943,39.35642],[23.03041,39.35665],[23.03084,39.35725],[23.03249,39.35668],[23.03363,39.35674],[23.03599,39.35809],[23.03764,39.35934],[23.03687,39.36073],[23.03721,39.3617],[23.04067,39.36266],[23.04258,39.36281],[23.04307,39.36511],[23.0452,39.3656],[23.04545,39.36732],[23.04509,39.36865],[23.04402,39.37056],[23.04318,39.37116],[23.0438,39.37391],[23.04511,39.37322],[23.04518,39.37275],[23.04593,39.37315],[23.04672,39.37191],[23.04919,39.37103],[23.05054,39.36985],[23.0517,39.36976],[23.05037,39.37045],[23.05017,39.37165],[23.04938,39.37277],[23.05056,39.37464],[23.0497,39.37657],[23.04968,39.3779],[23.05095,39.37796],[23.05123,39.37841],[23.05159,39.37803],[23.05223,39.37983],[23.05369,39.37972],[23.05417,39.38004],[23.05191,39.38092],[23.05399,39.38101],[23.05348,39.38122],[23.05421,39.38157],[23.05447,39.38257],[23.05511,39.38285],[23.05689,39.38212],[23.05764,39.38142],[23.05824,39.38193],[23.05751,39.38255],[23.05854,39.38281],[23.05957,39.38255],[23.06077,39.38277],[23.06266,39.38221],[23.05859,39.38444],[23.05865,39.38511],[23.06037,39.38457],[23.06305,39.38466],[23.06155,39.38642],[23.06341,39.38607],[23.06228,39.38798],[23.06303,39.38807],[23.06425,39.38751],[23.06427,39.38884],[23.06642,39.38852],[23.06575,39.38944],[23.06723,39.38905],[23.06592,39.39049],[23.0632,39.39079],[23.06241,39.39135],[23.06247,39.39182],[23.06429,39.39142],[23.0655,39.39174],[23.06249,39.39315],[23.06138,39.39459],[23.06359,39.39339],[23.06665,39.39341],[23.06472,39.39399],[23.06468,39.39429],[23.06565,39.39405],[23.06502,39.39437],[23.0657,39.39401],[23.06727,39.39414],[23.06537,39.39551],[23.06788,39.39628],[23.06839,39.39719],[23.06945,39.39714],[23.07297,39.39829],[23.0733,39.40006],[23.07298,39.40092],[23.07504,39.40192],[23.07616,39.4044],[23.07522,39.40517],[23.0747,39.40665],[23.07331,39.40734],[23.07202,39.40873],[23.06927,39.40907],[23.06856,39.40858],[23.0665,39.4106],[23.06489,39.41109],[23.06211,39.41071],[23.0615,39.41098],[23.06161,39.41197],[23.06378,39.41313],[23.06352,39.41457],[23.06417,39.41568],[23.06234,39.41862],[23.06112,39.41884],[23.06024,39.4195],[23.06035,39.42098],[23.06185,39.42279],[23.06247,39.42401],[23.06228,39.42446],[23.06324,39.42497],[23.06307,39.42738],[23.06423,39.42875],[23.06618,39.43015],[23.06687,39.43158],[23.06994,39.43358],[23.06846,39.43594],[23.06852,39.43643],[23.06601,39.43824],[23.06331,39.43924],[23.06298,39.44015],[23.06133,39.43985],[23.06256,39.44096],[23.0629,39.44199],[23.06279,39.44373],[23.06123,39.44673],[23.06168,39.44929],[23.06477,39.45255],[23.06472,39.45347],[23.06539,39.45448],[23.06322,39.45527],[23.06359,39.45549],[23.06363,39.45701],[23.06419,39.45761],[23.06393,39.45806],[23.0626,39.45828],[23.06157,39.45798],[23.06125,39.45836],[23.05799,39.45841],[23.05994,39.4589],[23.06056,39.46042],[23.06219,39.46165],[23.06346,39.46225],[23.06395,39.46177],[23.06522,39.46388],[23.06607,39.46338],[23.06672,39.46373],[23.06766,39.46555],[23.07009,39.46577],[23.0709,39.46697],[23.07271,39.46746],[23.07316,39.46886],[23.07371,39.46907],[23.07311,39.46937],[23.07369,39.46991],[23.07153,39.46961],[23.07305,39.47158],[23.07189,39.47109],[23.07253,39.47222],[23.07288,39.4745],[23.07365,39.47497],[23.07429,39.47454],[23.07397,39.4763],[23.07498,39.47793],[23.07492,39.4783],[23.07444,39.47832],[23.07592,39.48016],[23.07618,39.47997],[23.07603,39.48092],[23.07717,39.48267],[23.07659,39.48385],[23.07577,39.484],[23.07642,39.48454],[23.07487,39.48473],[23.07487,39.48544],[23.07562,39.48594],[23.07406,39.48641],[23.07421,39.48722],[23.0753,39.48782],[23.07562,39.4874],[23.07646,39.48757],[23.07721,39.48709],[23.07796,39.4877],[23.07897,39.48757],[23.08022,39.4884],[23.08165,39.48855],[23.08343,39.48688],[23.0832,39.48366],[23.08479,39.48349],[23.08472,39.48169],[23.08794,39.48201],[23.08979,39.48343],[23.09249,39.48364],[23.09423,39.48248],[23.09474,39.48057],[23.09549,39.48216],[23.09524,39.48433],[23.09558,39.48452],[23.09605,39.48413],[23.09571,39.4851],[23.09687,39.48428],[23.09682,39.48362],[23.09772,39.48293],[23.09783,39.48443],[23.09631,39.48673],[23.09624,39.48793],[23.09562,39.48894],[23.09612,39.48911],[23.09551,39.48918],[23.09616,39.48961],[23.09234,39.48911],[23.09172,39.48868],[23.09139,39.48903],[23.09279,39.49121],[23.09457,39.4925],[23.09455,39.49392],[23.09384,39.49482],[23.09382,39.49396],[23.09322,39.49493],[23.09174,39.49488],[23.09195,39.49673],[23.09071,39.49742],[23.08912,39.49791],[23.08704,39.498],[23.08577,39.49767],[23.08494,39.49907],[23.08393,39.49941],[23.08273,39.49928],[23.08206,39.49883],[23.08245,39.5001],[23.08013,39.50139],[23.07884,39.50104],[23.07781,39.50012],[23.0779,39.50096],[23.07976,39.50278],[23.08028,39.50284],[23.08101,39.50224],[23.08425,39.50203],[23.08281,39.50295],[23.08459,39.50263],[23.08354,39.50336],[23.08318,39.50521],[23.08189,39.50508],[23.08152,39.50557],[23.08052,39.50574],[23.07946,39.50649],[23.07949,39.50699],[23.07882,39.50681],[23.07805,39.50842],[23.07794,39.5075],[23.07592,39.50913],[23.07303,39.50958],[23.07125,39.50877],[23.07084,39.50787],[23.06916,39.50703],[23.07133,39.50727],[23.07279,39.50791],[23.07414,39.50709],[23.0738,39.506],[23.07322,39.50666],[23.07095,39.50488],[23.06884,39.50385],[23.06773,39.50428],[23.0653,39.50396],[23.06421,39.50435],[23.06217,39.503],[23.06369,39.50317],[23.06256,39.50246],[23.06391,39.50233],[23.06258,39.50136],[23.06481,39.50173],[23.06657,39.5007],[23.06657,39.50042],[23.06528,39.50078],[23.0635,39.50042],[23.06275,39.49965],[23.06515,39.49926],[23.06507,39.498],[23.06449,39.49857],[23.06279,39.49832],[23.06103,39.49748],[23.05831,39.49727],[23.05726,39.49632],[23.05861,39.49632],[23.05878,39.49576],[23.05451,39.49471],[23.0526,39.49392],[23.05217,39.49323],[23.05172,39.49355],[23.04955,39.49282],[23.04612,39.49422],[23.04743,39.49274],[23.0441,39.49411],[23.04264,39.49358],[23.04239,39.49418],[23.04106,39.4937],[23.04153,39.49306],[23.04281,39.49261],[23.04163,39.49169],[23.03872,39.49136],[23.03732,39.49171],[23.03331,39.49167],[23.03039,39.49087],[23.02981,39.49111],[23.03275,39.49192],[23.03046,39.49173],[23.02816,39.49201],[23.02882,39.49263],[23.02908,39.49379],[23.02797,39.49302],[23.02382,39.49242],[23.01728,39.49066],[23.01657,39.49117],[23.01582,39.49115],[23.01556,39.49076],[23.01451,39.4913],[23.01252,39.48958],[23.01086,39.48918],[23.00975,39.48778],[23.00949,39.48832],[23.00807,39.48868],[23.00269,39.4874],[23.0019,39.48782],[22.99947,39.48782],[22.99722,39.48714],[22.99625,39.48737],[22.99541,39.48862],[22.9937,39.48926],[22.99239,39.48817],[22.99168,39.48873],[22.99076,39.48838],[22.98913,39.48913],[22.98767,39.4889],[22.98675,39.48954],[22.98389,39.48885],[22.98192,39.48789],[22.97919,39.4878],[22.97979,39.4881],[22.9799,39.48877],[22.98054,39.48892],[22.98205,39.49203],[22.98048,39.4924],[22.98024,39.49306],[22.97909,39.49302],[22.97887,39.49392],[22.97788,39.49473],[22.97724,39.4945],[22.97769,39.49533],[22.97763,39.49718],[22.97657,39.49744],[22.9758,39.49686],[22.97417,39.49662],[22.97406,39.49714],[22.97308,39.49774],[22.97269,39.49954],[22.9719,39.49995],[22.97256,39.50027],[22.97136,39.50147],[22.97055,39.50319],[22.97001,39.5036],[22.96975,39.50304],[22.96926,39.50317],[22.96874,39.50544],[22.96801,39.50512],[22.96713,39.50349],[22.9631,39.49935],[22.96156,39.49718],[22.96145,39.49604],[22.95909,39.49488],[22.95851,39.49383],[22.95859,39.49295],[22.95761,39.49304],[22.95582,39.49192],[22.95505,39.49019],[22.95357,39.48849],[22.95379,39.48785],[22.95059,39.48671],[22.95053,39.48433],[22.94986,39.48188],[22.94874,39.48061],[22.9466,39.48027],[22.94374,39.47883],[22.94497,39.47845],[22.94473,39.478],[22.94083,39.47753],[22.94093,39.47888],[22.93969,39.4786],[22.93821,39.47731],[22.93656,39.47808],[22.93349,39.47774],[22.93355,39.47901],[22.93263,39.47999],[22.93274,39.48147],[22.93158,39.48188],[22.93139,39.48014],[22.93089,39.47946],[22.92952,39.47871],[22.92787,39.47928],[22.92679,39.47909],[22.92596,39.47735],[22.92645,39.47682],[22.92624,39.47613],[22.92512,39.47383],[22.92666,39.47428],[22.92606,39.47293],[22.92675,39.47276],[22.92772,39.47345],[22.92716,39.47149],[22.92563,39.47087],[22.92336,39.46849],[22.92293,39.46752],[22.92355,39.46703],[22.92317,39.46609],[22.92104,39.46495],[22.91969,39.46626],[22.91853,39.46647],[22.91682,39.46768],[22.91274,39.46888],[22.91119,39.47019],[22.90671,39.47257],[22.90495,39.47452],[22.89926,39.47733],[22.89559,39.47976],[22.89418,39.48158],[22.89319,39.48521],[22.89195,39.48731],[22.89197,39.48843],[22.88954,39.49282],[22.88746,39.49493],[22.8865,39.49521],[22.88574,39.49647],[22.88201,39.49576],[22.8801,39.49634],[22.87448,39.49662],[22.87274,39.4975],[22.87085,39.49761],[22.86804,39.49857],[22.86502,39.49849],[22.86472,39.49926],[22.86392,39.49969],[22.86384,39.50149],[22.86248,39.50349],[22.85469,39.50666],[22.85279,39.50804],[22.84646,39.5149],[22.83521,39.51542],[22.83212,39.5142],[22.8286,39.51448],[22.82536,39.51409],[22.82169,39.5143],[22.81841,39.51364],[22.81689,39.51293],[22.81474,39.51317],[22.81251,39.51284],[22.81112,39.51327],[22.81069,39.51566],[22.81405,39.52321],[22.81187,39.52675],[22.80309,39.53359],[22.80242,39.53376],[22.80043,39.53319],[22.79721,39.53297],[22.79354,39.53186],[22.79129,39.53181],[22.78863,39.53518],[22.78839,39.53831],[22.78786,39.53954],[22.78307,39.54282],[22.78335,39.54312],[22.78275,39.54389],[22.78125,39.5446],[22.78017,39.54662],[22.77762,39.54853],[22.78182,39.54954],[22.77869,39.55155],[22.77444,39.55301],[22.7738,39.55389],[22.77376,39.55484],[22.77253,39.55593],[22.7729,39.56072],[22.77247,39.56132],[22.77318,39.56248],[22.77311,39.56355],[22.77393,39.56417],[22.77303,39.56411],[22.77419,39.56531],[22.77464,39.56533],[22.77524,39.56464],[22.77605,39.5652],[22.7753,39.56535],[22.77492,39.56612],[22.77522,39.56642],[22.77472,39.56743],[22.77513,39.5681],[22.7773,39.56775],[22.77717,39.56908],[22.77788,39.56924],[22.77979,39.56844],[22.77942,39.57003],[22.7805,39.57046],[22.78024,39.5716],[22.78129,39.57181],[22.78174,39.57153],[22.78182,39.57226],[22.78148,39.57241],[22.7826,39.5726],[22.7838,39.57348],[22.78107,39.57363],[22.78056,39.57434],[22.78086,39.57509],[22.7824,39.57595],[22.78279,39.57722],[22.78217,39.57711],[22.78208,39.57771],[22.78356,39.57966],[22.78466,39.58026],[22.7838,39.5811],[22.78451,39.58196],[22.78425,39.58245],[22.78485,39.58363],[22.78429,39.584],[22.78326,39.58346],[22.78168,39.58392],[22.78056,39.58376],[22.78208,39.58524],[22.78129,39.58499],[22.78058,39.58556],[22.7797,39.58565],[22.77981,39.5867],[22.78088,39.58745],[22.78056,39.58808],[22.77962,39.58842],[22.78191,39.59063],[22.78212,39.59189],[22.78161,39.59282],[22.77964,39.59316],[22.77779,39.59222],[22.77672,39.59273],[22.77644,39.59374],[22.77541,39.59383],[22.7747,39.59458],[22.77305,39.59365],[22.77138,39.59479],[22.77092,39.59563],[22.76957,39.59535],[22.76831,39.59902],[22.76891,39.60035],[22.76762,39.59956],[22.7659,39.59739],[22.76524,39.59717],[22.76453,39.59764],[22.76292,39.59694],[22.7609,39.5982],[22.7609,39.59928],[22.76172,39.60116],[22.76075,39.60009],[22.75936,39.59953],[22.75736,39.59803],[22.75687,39.59921],[22.755,39.59876],[22.75168,39.59936],[22.75148,39.59956],[22.75312,39.60076],[22.75326,39.60209],[22.75224,39.60198],[22.75108,39.60275],[22.75114,39.60344],[22.75196,39.60443],[22.75208,39.60397],[22.75352,39.60415],[22.7556,39.60312],[22.75781,39.60385],[22.75865,39.60526],[22.75889,39.60681],[22.76048,39.60595],[22.76112,39.6061],[22.76118,39.60799],[22.76365,39.6082],[22.76365,39.60953],[22.76502,39.60988],[22.76451,39.61176],[22.76367,39.61194],[22.76344,39.61245],[22.76397,39.61297],[22.76305,39.61393],[22.76348,39.61515],[22.76402,39.61554],[22.7644,39.61498],[22.76532,39.61511],[22.76816,39.61719],[22.76859,39.61842],[22.77075,39.61975],[22.77202,39.61973],[22.77271,39.62105],[22.77283,39.62273],[22.77487,39.62344],[22.7762,39.62322],[22.77616,39.62412],[22.77753,39.62575],[22.77777,39.6267],[22.78004,39.6273],[22.78041,39.62799],[22.78144,39.62784],[22.78232,39.62921],[22.78406,39.62936],[22.78464,39.62876],[22.7853,39.62981],[22.7873,39.6296],[22.78762,39.62987],[22.7891,39.62927],[22.78895,39.63127],[22.78949,39.63232],[22.79045,39.63301],[22.79223,39.63275],[22.79288,39.63196],[22.79403,39.63256],[22.79974,39.63243],[22.80493,39.63618],[22.80461,39.63648],[22.80281,39.63631],[22.80062,39.6347],[22.80011,39.63464],[22.80013,39.63522],[22.80191,39.63683],[22.80642,39.63912],[22.81092,39.6402],[22.8147,39.64026],[22.81564,39.64063],[22.81569,39.64129],[22.81663,39.64138],[22.8165,39.64232],[22.81809,39.64172],[22.8189,39.6423],[22.8209,39.64238],[22.82111,39.64299],[22.82206,39.64281],[22.82412,39.64425],[22.82757,39.64573],[22.828,39.64687],[22.82905,39.64745],[22.82972,39.6491],[22.82972,39.65165],[22.82922,39.65226],[22.83107,39.65552],[22.83105,39.65682],[22.83328,39.65803],[22.83339,39.65918],[22.83219,39.65895],[22.82847,39.65951],[22.82695,39.66021],[22.82646,39.66118],[22.825,39.66092],[22.82431,39.66026],[22.82448,39.65964],[22.82395,39.65865],[22.82262,39.65861],[22.82189,39.65749],[22.82098,39.65816],[22.81892,39.658],[22.81671,39.65931],[22.81549,39.65861],[22.81478,39.65751],[22.8144,39.65753],[22.81418,39.65809],[22.81493,39.65989],[22.81459,39.66047],[22.81322,39.65977],[22.81133,39.66043],[22.8089,39.65899],[22.80824,39.6591],[22.8091,39.66174],[22.80858,39.66268],[22.8079,39.66208],[22.80611,39.66172],[22.80167,39.66137],[22.80062,39.66037],[22.79964,39.66079],[22.79901,39.66],[22.7983,39.66039],[22.79764,39.65957],[22.79678,39.65991],[22.79521,39.65957],[22.79356,39.66017],[22.79539,39.65991],[22.79648,39.66133],[22.79427,39.66305],[22.79315,39.66294],[22.79303,39.66208],[22.7912,39.66262],[22.78837,39.6621],[22.78845,39.66298],[22.78595,39.66331],[22.78665,39.6686],[22.78831,39.67146],[22.78848,39.67446],[22.79223,39.68026],[22.79187,39.68221],[22.79281,39.68457],[22.79219,39.68744],[22.79453,39.68908],[22.79575,39.69103],[22.79459,39.69309],[22.79281,39.69521],[22.79013,39.69734],[22.78824,39.69759],[22.78725,39.69832],[22.78706,39.69884],[22.78766,39.70028],[22.78719,39.70131],[22.78584,39.70131],[22.78444,39.7018],[22.78034,39.70416],[22.77751,39.70704],[22.75912,39.71575],[22.75436,39.71706],[22.75273,39.71643],[22.7482,39.72036],[22.7447,39.72098],[22.74342,39.72197],[22.74178,39.72216],[22.74157,39.7265],[22.74125,39.72671],[22.74097,39.72603],[22.74033,39.72583],[22.73891,39.72635],[22.74018,39.72673],[22.73852,39.72682],[22.73943,39.72721],[22.73852,39.72721],[22.73893,39.72753],[22.73749,39.72798],[22.73593,39.73006],[22.7355,39.72995],[22.73481,39.72854],[22.73382,39.72847],[22.73522,39.73141],[22.73391,39.73066],[22.73136,39.73034],[22.72943,39.72892],[22.73155,39.73218],[22.73292,39.73257],[22.73307,39.73302],[22.73224,39.73321],[22.72938,39.73285],[22.72687,39.73317],[22.72531,39.73221],[22.72503,39.73373],[22.72432,39.73452],[22.72318,39.735],[22.72498,39.73482],[22.72483,39.73605],[22.72709,39.73652],[22.72807,39.73718],[22.7267,39.73695],[22.72479,39.73727],[22.7237,39.73661],[22.72488,39.738],[22.72734,39.73828],[22.72867,39.74032],[22.72859,39.74212],[22.72769,39.74345],[22.72816,39.74581],[22.72704,39.74491],[22.72631,39.74553],[22.72576,39.74517],[22.72505,39.7454],[22.72449,39.74716],[22.72385,39.74723],[22.72307,39.7462],[22.72211,39.74579],[22.71973,39.74723],[22.71765,39.74753],[22.71749,39.74806],[22.71876,39.75064],[22.71988,39.75152],[22.71977,39.75304],[22.71938,39.75326],[22.71807,39.75203],[22.71739,39.75205],[22.717,39.75122],[22.71466,39.75014],[22.7144,39.75148],[22.71488,39.7533],[22.71159,39.75384],[22.71024,39.7525],[22.70996,39.75356],[22.70891,39.75274],[22.70793,39.75298],[22.70786,39.75182],[22.70647,39.7504],[22.70546,39.75023],[22.70514,39.75092],[22.70454,39.75096],[22.70318,39.74995],[22.7023,39.74993],[22.69863,39.74774],[22.69904,39.74731],[22.70061,39.74742],[22.70022,39.7471],[22.69677,39.74572],[22.69619,39.746],[22.69554,39.74575],[22.69567,39.7462],[22.69516,39.74633],[22.69456,39.74575],[22.69351,39.74577],[22.6928,39.74521],[22.68919,39.74515],[22.692,39.74656],[22.69181,39.74714],[22.68975,39.74635],[22.68803,39.74613],[22.68681,39.74637],[22.68861,39.74682],[22.68962,39.74907],[22.68846,39.75008],[22.68909,39.75047],[22.68969,39.75192],[22.68941,39.75266],[22.68893,39.75218],[22.68675,39.75276],[22.68702,39.75345],[22.68668,39.75409],[22.68756,39.75401],[22.68715,39.75444],[22.68754,39.75508],[22.689,39.75446],[22.69065,39.75463],[22.69069,39.75491],[22.68904,39.75508],[22.68889,39.75572],[22.68986,39.75639],[22.69134,39.75613],[22.68913,39.7575],[22.68816,39.75888],[22.69286,39.75681],[22.69456,39.75641],[22.69488,39.75663],[22.69492,39.75787],[22.69563,39.75823],[22.69454,39.75993],[22.69739,39.76113],[22.69844,39.76364],[22.69943,39.76463],[22.69906,39.76637],[22.7035,39.77139],[22.70248,39.7727],[22.7031,39.77426],[22.70217,39.77493],[22.70331,39.7763],[22.70265,39.77695],[22.70256,39.77795],[22.70331,39.77898],[22.7022,39.78079],[22.70318,39.78323],[22.70187,39.78349],[22.70033,39.78313],[22.69988,39.78261],[22.69986,39.78323],[22.69883,39.78358],[22.6978,39.78263],[22.6967,39.78272],[22.69833,39.78445],[22.70149,39.78497],[22.7026,39.78604],[22.70795,39.78604],[22.71359,39.78855],[22.72168,39.79297],[22.72273,39.79589],[22.72254,39.79709],[22.72181,39.79748],[22.72177,39.79808],[22.72576,39.80246],[22.72496,39.80445],[22.7229,39.80499],[22.72211,39.80565],[22.72237,39.80619],[22.72106,39.80726],[22.72123,39.8075],[22.72352,39.8072],[22.72181,39.80836],[22.72269,39.80892],[22.72387,39.8083],[22.72513,39.8089],[22.72812,39.80791],[22.72915,39.80692],[22.7302,39.80808],[22.73198,39.80885],[22.73451,39.80834],[22.73541,39.80883],[22.73537,39.8092],[22.73312,39.80967],[22.73114,39.81115],[22.73367,39.81136],[22.73479,39.81181],[22.73595,39.8149],[22.73494,39.81518],[22.73425,39.81619],[22.73567,39.81666],[22.73558,39.81795],[22.73421,39.81842],[22.73337,39.81821],[22.73093,39.81907],[22.73121,39.82012],[22.73058,39.82164],[22.73245,39.82218],[22.73262,39.82409],[22.73095,39.82593],[22.72799,39.82658],[22.72638,39.82467],[22.72516,39.82784],[22.7223,39.82799],[22.72194,39.82834],[22.72264,39.82913],[22.72142,39.82917],[22.7176,39.82728],[22.71638,39.82535],[22.71492,39.8258],[22.71426,39.82531],[22.71325,39.82578],[22.71119,39.82589],[22.71024,39.82508],[22.70385,39.8248],[22.70142,39.82396],[22.70005,39.82108],[22.6999,39.81793],[22.69853,39.81924],[22.69775,39.81819],[22.69516,39.81825],[22.69348,39.8169],[22.69185,39.81664],[22.69145,39.81593],[22.69044,39.81574],[22.68994,39.81467],[22.6893,39.81518],[22.68988,39.81662],[22.68853,39.81604],[22.68752,39.81471],[22.68589,39.81366],[22.68664,39.81201],[22.68591,39.81078],[22.68713,39.8095],[22.6855,39.80956],[22.68499,39.80918],[22.68288,39.809],[22.68239,39.80874],[22.68226,39.80802],[22.68016,39.80797],[22.67917,39.80759],[22.67849,39.80701],[22.6784,39.80553],[22.67404,39.80819],[22.674,39.80943],[22.67261,39.81147],[22.67117,39.81134],[22.67014,39.81063],[22.67009,39.80971],[22.67076,39.8089],[22.67025,39.80733],[22.67085,39.806],[22.67065,39.80531],[22.66758,39.80694],[22.66707,39.80763],[22.66499,39.80832],[22.66419,39.8095],[22.66484,39.8107],[22.66698,39.81072],[22.66767,39.8125],[22.67192,39.8149],[22.67286,39.81518],[22.67404,39.81497],[22.67503,39.81651],[22.67638,39.81754],[22.66752,39.81555],[22.66555,39.81409],[22.66634,39.81643],[22.66812,39.81904],[22.66831,39.82106],[22.66711,39.82145],[22.66612,39.82119],[22.66552,39.81977],[22.66291,39.82083],[22.66233,39.8189],[22.66076,39.8181],[22.66143,39.81696],[22.661,39.81589],[22.65836,39.81595],[22.65711,39.81514],[22.65583,39.81053],[22.65344,39.80656],[22.64924,39.80439],[22.64825,39.80181],[22.64726,39.80134],[22.64767,39.80274],[22.64728,39.80433],[22.64853,39.80533],[22.64864,39.80726],[22.64829,39.80744],[22.64385,39.80604],[22.64113,39.80909],[22.64153,39.81087],[22.64023,39.81139],[22.63933,39.81224],[22.63799,39.81261],[22.63821,39.8113],[22.6378,39.81076],[22.63542,39.81147],[22.63463,39.81068],[22.63315,39.81091],[22.63278,39.81141],[22.63147,39.81166],[22.63089,39.81145],[22.62943,39.81057],[22.63012,39.80853],[22.62958,39.80795],[22.62703,39.80887],[22.62669,39.80806],[22.62531,39.80842],[22.62471,39.80746],[22.62336,39.80701],[22.62278,39.80778],[22.62207,39.80782],[22.62257,39.8086],[22.62233,39.80926],[22.62282,39.80973],[22.62212,39.81055],[22.62244,39.81164],[22.6199,39.81284],[22.61946,39.81488],[22.6199,39.8157],[22.6192,39.81729],[22.61993,39.81823],[22.61993,39.82119],[22.62141,39.82076],[22.62016,39.82366],[22.62066,39.82428],[22.62059,39.8258],[22.61913,39.82771],[22.61632,39.82939],[22.61639,39.83143],[22.61579,39.83284],[22.6154,39.8369],[22.61351,39.839],[22.61021,39.83975],[22.6084,39.83838],[22.60409,39.83653],[22.60347,39.83683],[22.60242,39.83623],[22.60194,39.83709],[22.60083,39.8367],[22.59982,39.83724],[22.59926,39.8367],[22.59748,39.8366],[22.59667,39.83716],[22.59585,39.83602],[22.5939,39.83582],[22.59313,39.83651],[22.59252,39.8357],[22.59057,39.83479],[22.59068,39.83557],[22.58967,39.83548],[22.59014,39.83713],[22.58944,39.83692],[22.58901,39.83737],[22.58871,39.83638],[22.58778,39.8363],[22.58789,39.83542],[22.5875,39.83499],[22.58619,39.83484],[22.58622,39.83574],[22.58559,39.83606],[22.5819,39.83194],[22.58094,39.83222],[22.58034,39.83188],[22.58032,39.831],[22.5786,39.82911],[22.57572,39.82941],[22.57274,39.82806],[22.57223,39.82829],[22.57126,39.82799],[22.57072,39.82887],[22.57077,39.83025],[22.56984,39.83057],[22.56952,39.83113],[22.57115,39.83269],[22.5707,39.83396],[22.57165,39.83411],[22.57158,39.83572],[22.56922,39.83574],[22.56888,39.83656],[22.57083,39.83851],[22.57092,39.84076],[22.5706,39.84097],[22.57109,39.84166],[22.56976,39.84179],[22.56978,39.84245],[22.5707,39.84331],[22.57195,39.84267],[22.57285,39.84295],[22.57431,39.84406],[22.57405,39.84462],[22.57439,39.84486],[22.57708,39.84432],[22.57755,39.84488],[22.57686,39.84533],[22.57733,39.84728],[22.57686,39.84771],[22.57708,39.84819],[22.57647,39.84857],[22.57909,39.8499],[22.57675,39.85102],[22.57781,39.85293],[22.57753,39.8537],[22.57583,39.85275],[22.57551,39.85153],[22.57562,39.85351],[22.57506,39.85636],[22.576,39.85771],[22.5736,39.85672],[22.57287,39.85539],[22.57281,39.85421],[22.57169,39.85409],[22.57154,39.85299],[22.5704,39.85327],[22.56815,39.85213],[22.56618,39.85211],[22.56525,39.85175],[22.5642,39.852],[22.56184,39.85119],[22.56092,39.85143],[22.55967,39.85117],[22.55905,39.85044],[22.55806,39.8505],[22.55744,39.84982],[22.55665,39.84964],[22.553,39.8499],[22.54828,39.85145],[22.54695,39.85147],[22.54519,39.85254],[22.55008,39.85166],[22.5521,39.852],[22.54942,39.85258],[22.54759,39.85348],[22.54536,39.85535],[22.54118,39.85679],[22.54071,39.85655],[22.54038,39.85499],[22.53948,39.85426],[22.54002,39.85374],[22.53948,39.85426],[22.54038,39.85499],[22.54015,39.85668],[22.54071,39.85786],[22.53957,39.85664],[22.53937,39.85557],[22.53879,39.8566],[22.53905,39.85846],[22.53865,39.85761],[22.53764,39.8569],[22.53761,39.85623],[22.53723,39.85728],[22.53783,39.85797],[22.5368,39.85758],[22.53661,39.85623],[22.53594,39.85769],[22.53573,39.85617],[22.53502,39.85814],[22.53553,39.8587],[22.53472,39.85848],[22.53418,39.8575],[22.53311,39.85722],[22.53223,39.85745],[22.53131,39.85971],[22.52903,39.85889],[22.52749,39.85941],[22.5274,39.86134],[22.52699,39.86185],[22.52813,39.86306],[22.52912,39.86301],[22.53113,39.86387],[22.53341,39.86569],[22.53459,39.86589],[22.53568,39.8684],[22.53719,39.86956],[22.54276,39.87181],[22.54343,39.87151],[22.54403,39.87209],[22.54495,39.87194],[22.54598,39.87232],[22.5474,39.87374],[22.54635,39.87477],[22.54603,39.87387],[22.54446,39.87402],[22.54506,39.87462],[22.54459,39.87546],[22.54849,39.87842],[22.54978,39.87797],[22.55105,39.8785],[22.5515,39.87925],[22.5524,39.87861],[22.55326,39.87908],[22.55287,39.87938],[22.55352,39.87962],[22.55347,39.88041],[22.55276,39.88097],[22.55403,39.88056],[22.55427,39.88125],[22.5539,39.88149],[22.55553,39.88183],[22.5554,39.88247],[22.5547,39.88271],[22.55601,39.88325],[22.55538,39.88408],[22.55658,39.88374],[22.55472,39.88535],[22.55776,39.88492],[22.55927,39.88627],[22.55802,39.88601],[22.55615,39.88685],[22.55525,39.88792],[22.55319,39.88818],[22.55362,39.89001],[22.5494,39.89067],[22.5507,39.89237],[22.55062,39.89305],[22.54787,39.89215],[22.54678,39.89112],[22.54431,39.89174],[22.54485,39.89226],[22.54429,39.89234],[22.54515,39.89393],[22.54519,39.89462],[22.5445,39.89362],[22.54495,39.89382],[22.54528,39.89608],[22.54646,39.89644],[22.54663,39.89726],[22.54498,39.8988],[22.54766,39.90037],[22.54867,39.90172],[22.54777,39.90187],[22.54152,39.90078],[22.54156,39.90001],[22.54088,39.89953],[22.5397,39.8994],[22.5391,39.8987],[22.5383,39.89887],[22.53727,39.8985],[22.53689,39.89895],[22.53588,39.8984],[22.5339,39.89919],[22.53137,39.89923],[22.52959,39.90114],[22.52914,39.9035],[22.52933,39.90503],[22.52682,39.90385],[22.52639,39.90438],[22.52571,39.90449],[22.52654,39.90601],[22.52562,39.9056],[22.5241,39.90694],[22.52167,39.90638],[22.52167,39.90732],[22.52034,39.90786],[22.51993,39.90711],[22.51824,39.90732],[22.5153,39.9091],[22.51506,39.90852],[22.51457,39.90844],[22.51588,39.90646],[22.51581,39.90597],[22.5124,39.90655],[22.51264,39.90848],[22.50822,39.91153],[22.50708,39.90981],[22.50736,39.9117],[22.5065,39.91243],[22.50528,39.91206],[22.5044,39.91075],[22.50318,39.91037],[22.49953,39.91084],[22.49951,39.91151],[22.49841,39.91101],[22.49811,39.91048],[22.49736,39.9105],[22.49723,39.91161],[22.49815,39.91303],[22.49919,39.91275],[22.49931,39.91339],[22.5015,39.91365],[22.50131,39.91515],[22.50292,39.91573],[22.5035,39.91704],[22.50436,39.91696],[22.50528,39.91781],[22.50639,39.91792],[22.50702,39.91839],[22.50927,39.91801],[22.51011,39.91837],[22.50918,39.91945],[22.51077,39.91917],[22.51086,39.92067],[22.51152,39.92114],[22.51019,39.92487],[22.51032,39.9261],[22.51144,39.92595],[22.51296,39.92769],[22.51508,39.92829],[22.51341,39.92867],[22.51335,39.92998],[22.51262,39.9305],[22.5179,39.93444],[22.52088,39.9356],[22.52223,39.93571],[22.52225,39.93683],[22.52131,39.9382],[22.52191,39.93998],[22.52337,39.93942],[22.52392,39.94127],[22.52489,39.94174],[22.52556,39.94092],[22.5265,39.94092],[22.52639,39.93994],[22.52768,39.94009],[22.52966,39.9411],[22.52802,39.9414],[22.52657,39.94228],[22.5256,39.94397],[22.52457,39.94417],[22.52343,39.94389],[22.52169,39.94543],[22.51998,39.94517],[22.51953,39.94667],[22.51817,39.94749],[22.51802,39.94839],[22.51614,39.94919],[22.51378,39.94942],[22.51266,39.95028],[22.51129,39.95026],[22.50959,39.94959],[22.50996,39.94805],[22.51129,39.94633],[22.51075,39.94618],[22.51051,39.94698],[22.50858,39.94818],[22.50861,39.94923],[22.50642,39.94991],[22.50491,39.95135],[22.50502,39.95024],[22.50388,39.95086],[22.50107,39.95052],[22.50009,39.95097],[22.50004,39.95159],[22.49949,39.95178],[22.4994,39.953],[22.49839,39.95292],[22.49873,39.95343],[22.49979,39.95365],[22.50245,39.95609],[22.50253,39.95753],[22.5082,39.96064],[22.51131,39.9611],[22.51251,39.96051],[22.5142,39.96075],[22.515,39.96232],[22.51805,39.96485],[22.51847,39.96721],[22.52,39.96833],[22.5236,39.97382],[22.52358,39.97436],[22.52279,39.97463],[22.5226,39.97511],[22.52315,39.97536],[22.52262,39.9762],[22.52178,39.97652],[22.51901,39.97624],[22.51899,39.97764],[22.51835,39.978],[22.5189,39.97869],[22.51815,39.97918],[22.51676,39.97886],[22.51519,39.97704],[22.51423,39.9777],[22.51442,39.97893],[22.51461,39.97811],[22.51445,39.97898],[22.51331,39.979],[22.5111,39.97865],[22.50994,39.97783],[22.50765,39.97801],[22.50606,39.97713],[22.5056,39.97752],[22.50638,39.97941],[22.50446,39.9799],[22.5047,39.98076],[22.50418,39.98083],[22.50313,39.97996],[22.50279,39.97869],[22.50114,39.97812],[22.50133,39.97759],[22.50259,39.97692],[22.50245,39.97604],[22.5037,39.97433],[22.50128,39.97111],[22.50188,39.97005],[22.50065,39.96931],[22.50017,39.96827],[22.50109,39.966],[22.5001,39.96666],[22.49831,39.9659],[22.49882,39.96663],[22.49868,39.96753],[22.4983,39.96758],[22.49704,39.96702],[22.49701,39.96595],[22.49606,39.96512],[22.49646,39.96429],[22.49474,39.96426],[22.49454,39.96615],[22.49385,39.96646],[22.49177,39.96629],[22.49173,39.96686],[22.49691,39.96987],[22.49737,39.97162],[22.49616,39.97228],[22.49186,39.97328],[22.48916,39.97206],[22.48731,39.97222],[22.48706,39.97303],[22.4854,39.97375],[22.48251,39.973],[22.47942,39.9689],[22.47966,39.96807],[22.47903,39.96666],[22.47869,39.96719],[22.47895,39.96805],[22.47831,39.96876],[22.47809,39.96997],[22.47862,39.97032],[22.47953,39.97232],[22.47948,39.97403],[22.48146,39.97477],[22.47911,39.97575],[22.47844,39.97651],[22.47862,39.97594],[22.47983,39.97512],[22.47566,39.97462],[22.47326,39.9729],[22.47385,39.97057],[22.4753,39.96809],[22.4765,39.96744],[22.47621,39.9669],[22.47786,39.96535],[22.47108,39.96382],[22.4707,39.96333],[22.46868,39.96253],[22.46319,39.96253],[22.46167,39.96206],[22.46025,39.96308],[22.45922,39.96174],[22.45232,39.9593],[22.449,39.95716],[22.44721,39.95192],[22.4461,39.95092],[22.44163,39.95028],[22.43798,39.95031],[22.43724,39.94962],[22.43749,39.94829],[22.4365,39.94842],[22.43568,39.94785],[22.43382,39.94808],[22.43308,39.94718],[22.43159,39.94757],[22.4308,39.94741],[22.42933,39.94652],[22.42787,39.94625],[22.42785,39.94541],[22.42631,39.94537],[22.42585,39.94491],[22.42617,39.94269],[22.42515,39.94259],[22.42651,39.94142],[22.42481,39.94158],[22.42396,39.94071],[22.4219,39.93977],[22.41782,39.93959],[22.4161,39.93909],[22.41504,39.93928],[22.41487,39.93855],[22.41424,39.93859],[22.41324,39.93793],[22.41213,39.93799],[22.41133,39.93621],[22.4105,39.93559],[22.4106,39.93417],[22.40794,39.93357],[22.40946,39.93299],[22.4095,39.93149],[22.40899,39.9311],[22.40813,39.93156],[22.40779,39.93234],[22.40668,39.93248],[22.40581,39.93157],[22.4041,39.93106],[22.40079,39.93314],[22.40049,39.93393],[22.39947,39.93423],[22.39879,39.9349],[22.39929,39.933],[22.39856,39.9325],[22.39928,39.93192],[22.39929,39.93052],[22.39828,39.93025],[22.39744,39.9306],[22.39728,39.93008],[22.39658,39.92995],[22.39544,39.92891],[22.39681,39.92872],[22.39626,39.92782],[22.39762,39.92725],[22.39786,39.92674],[22.39609,39.92571],[22.39788,39.92471],[22.39742,39.92352],[22.39908,39.92307],[22.39498,39.92279],[22.39504,39.92439],[22.39406,39.92494],[22.3941,39.92363],[22.39343,39.92299],[22.39548,39.92152],[22.39523,39.92093],[22.39343,39.92231],[22.39204,39.92268],[22.39229,39.92339],[22.39055,39.92506],[22.39001,39.92506],[22.39066,39.92636],[22.38886,39.92506],[22.38999,39.92403],[22.39,39.92309],[22.39081,39.92171],[22.39048,39.91999],[22.38891,39.91957],[22.389,39.91871],[22.38803,39.91787],[22.38807,39.91702],[22.39024,39.91491],[22.39088,39.91479],[22.39088,39.91415],[22.38651,39.91564],[22.3836,39.91598],[22.37818,39.91795],[22.37653,39.91721],[22.37252,39.91813],[22.37204,39.91853],[22.37248,39.91778],[22.37676,39.91544],[22.37771,39.91545],[22.37711,39.91519],[22.37325,39.91606],[22.37136,39.91607],[22.36933,39.91821],[22.36779,39.91894],[22.36747,39.91981],[22.3678,39.91846],[22.3655,39.92025],[22.3633,39.92112],[22.36254,39.92242],[22.36151,39.91889],[22.36091,39.91859],[22.35985,39.91873],[22.35763,39.9169],[22.35693,39.91688],[22.35616,39.91744],[22.35569,39.91646],[22.35462,39.91577],[22.35322,39.91609],[22.35188,39.91486],[22.34755,39.91249],[22.34733,39.91327],[22.34592,39.91325],[22.34344,39.91428],[22.34186,39.91644],[22.33847,39.91865],[22.33715,39.92069],[22.33516,39.92132],[22.33407,39.9234],[22.33273,39.92445],[22.33141,39.92501],[22.32822,39.92475],[22.3266,39.92326],[22.3255,39.92567],[22.32505,39.92513],[22.32543,39.92429],[22.32474,39.92357],[22.32224,39.92309],[22.3205,39.92227],[22.31905,39.9224],[22.31548,39.92078],[22.31491,39.91929],[22.31346,39.91891],[22.31195,39.91785],[22.31123,39.91603],[22.30733,39.9136],[22.308,39.91417],[22.30789,39.91549],[22.30663,39.91473],[22.30621,39.91468],[22.30599,39.91509],[22.30569,39.91471],[22.30511,39.91476],[22.305,39.91436],[22.30398,39.91449],[22.30305,39.91393],[22.30279,39.9147],[22.3027,39.91427],[22.30199,39.91396],[22.30076,39.91407],[22.29896,39.9147],[22.29826,39.91537],[22.29818,39.91693],[22.29731,39.91749],[22.29716,39.91807],[22.29616,39.91853],[22.29512,39.91848],[22.29315,39.92028],[22.29036,39.92204],[22.28987,39.92162],[22.28677,39.92237],[22.28214,39.92172],[22.28079,39.92236],[22.27769,39.92131],[22.27642,39.92156],[22.27396,39.92445],[22.26904,39.92545],[22.26697,39.92655],[22.26624,39.92806],[22.26544,39.92848],[22.26312,39.93185],[22.26277,39.93297],[22.26071,39.93433],[22.26026,39.93508],[22.25842,39.93546],[22.26201,39.93562],[22.2629,39.93598],[22.26319,39.93567],[22.26499,39.93556],[22.26523,39.93506],[22.26482,39.93418],[22.26555,39.93346],[22.26567,39.93226],[22.26747,39.93264],[22.27066,39.93506],[22.27133,39.93485],[22.27093,39.93571],[22.27171,39.93567],[22.27169,39.93662],[22.27235,39.93597],[22.27358,39.93596],[22.27454,39.93545],[22.2751,39.93576],[22.27616,39.93509],[22.27705,39.9354],[22.27873,39.93483],[22.27951,39.93401],[22.27978,39.9344],[22.2812,39.93482],[22.2812,39.9337],[22.28507,39.93381],[22.28358,39.93469],[22.28702,39.93415],[22.28954,39.93415],[22.29164,39.93368],[22.29271,39.93306],[22.29463,39.93356],[22.29682,39.93326],[22.29665,39.93291],[22.2982,39.9321],[22.29825,39.93302],[22.30061,39.93344],[22.30077,39.9343],[22.30261,39.93537],[22.30294,39.93636],[22.30237,39.93592],[22.30238,39.93667],[22.30319,39.93711],[22.30309,39.93836],[22.30362,39.93895],[22.30602,39.93905],[22.30704,39.94011],[22.3088,39.94038],[22.3102,39.939],[22.31046,39.94005],[22.31033,39.94148],[22.30895,39.94265],[22.30692,39.94237],[22.30641,39.9428],[22.30629,39.94417],[22.304,39.94404],[22.30275,39.94449],[22.30162,39.94509],[22.30097,39.94624],[22.29977,39.94677],[22.29968,39.94757],[22.3003,39.94866],[22.30005,39.94938],[22.30057,39.95029],[22.29992,39.95221],[22.30074,39.95297],[22.30078,39.95448],[22.30234,39.95641],[22.30618,39.95831],[22.306,39.95889],[22.30646,39.95958],[22.30852,39.96029],[22.3085,39.96114],[22.30979,39.96203],[22.31188,39.96266],[22.31205,39.96333],[22.31373,39.96481],[22.3167,39.96499],[22.31803,39.96548],[22.3187,39.96443],[22.32062,39.96529],[22.31957,39.96635],[22.32145,39.96884],[22.32085,39.97026],[22.32146,39.97131],[22.32379,39.97119],[22.32644,39.97263],[22.32811,39.9729],[22.32951,39.97163],[22.32848,39.97142],[22.32968,39.97046],[22.3288,39.97069],[22.32947,39.96987],[22.33106,39.97104],[22.33135,39.97229],[22.33439,39.97221],[22.33589,39.97151],[22.33728,39.97257],[22.33832,39.97284],[22.33939,39.97233],[22.34186,39.97345],[22.34353,39.97528],[22.345,39.97582],[22.34704,39.9754],[22.34857,39.97682],[22.35097,39.97767],[22.35175,39.97854],[22.35274,39.97875],[22.35353,39.97833],[22.35658,39.978],[22.35825,39.97867],[22.3607,39.97897],[22.36168,39.98116],[22.36156,39.98296],[22.36284,39.9835],[22.36507,39.98365],[22.36462,39.98461],[22.36512,39.98562],[22.36559,39.99019],[22.36379,39.99004],[22.36306,39.98944],[22.36286,39.99028],[22.36355,39.99103],[22.36282,39.99131],[22.35737,39.99092],[22.35484,39.99006],[22.35392,39.99053],[22.3519,39.98942],[22.35161,39.99079],[22.35083,39.99034],[22.34889,39.99007],[22.348,39.98847],[22.34645,39.99003],[22.34364,39.99089],[22.3427,39.99167],[22.34229,39.99143],[22.34106,39.99194],[22.33958,39.99339],[22.33734,39.99436],[22.33625,39.99581],[22.33506,39.99557],[22.33393,39.99626],[22.33343,39.99565],[22.33244,39.99531],[22.33039,39.99737],[22.33,39.99862],[22.32965,39.99832],[22.32859,39.99848],[22.32788,39.99912],[22.32897,39.99989],[22.32897,40.00236],[22.3285,40.00269],[22.32851,40.00366],[22.32786,40.00425],[22.32594,40.00441],[22.32528,40.00532],[22.32386,40.00617],[22.32406,40.00723],[22.32217,40.00717],[22.32127,40.00865],[22.31961,40.00918],[22.31837,40.01012],[22.31745,40.01013],[22.31651,40.01124],[22.31579,40.01239],[22.31613,40.01325],[22.31573,40.01315],[22.31517,40.01434],[22.31592,40.01474],[22.31562,40.01523],[22.31612,40.01575],[22.31574,40.01735],[22.3146,40.01649],[22.3148,40.01615],[22.3129,40.01388],[22.31296,40.01335],[22.31198,40.01327],[22.31233,40.01298],[22.3119,40.01259],[22.312,40.01093],[22.31108,40.01012],[22.31047,40.01077],[22.30876,40.01088],[22.30785,40.01038],[22.30459,40.00982],[22.30302,40.00868],[22.30136,40.00923],[22.30267,40.00918],[22.29976,40.01048],[22.30243,40.01041],[22.30061,40.01157],[22.3022,40.01129],[22.30115,40.01181],[22.30243,40.01186],[22.30403,40.01341],[22.30256,40.01314],[22.30218,40.01268],[22.30187,40.01288],[22.30237,40.01347],[22.30315,40.01378],[22.30158,40.01379],[22.30091,40.01434],[22.30172,40.01456],[22.29945,40.01564],[22.29849,40.01678],[22.29773,40.01654],[22.29687,40.01691],[22.29563,40.0184],[22.29323,40.01938],[22.29303,40.02053],[22.29488,40.01997],[22.29355,40.02301],[22.29497,40.02163],[22.29849,40.02065],[22.29763,40.02154],[22.30207,40.02131],[22.30317,40.01957],[22.30439,40.02049],[22.30334,40.02032],[22.30344,40.02092],[22.30461,40.02147],[22.30398,40.02196],[22.30457,40.02202],[22.30355,40.02354],[22.30511,40.02289],[22.30743,40.02459],[22.30595,40.02411],[22.30496,40.02594],[22.30313,40.02623],[22.30273,40.02855],[22.30344,40.02999],[22.3038,40.02911],[22.30436,40.02952],[22.30409,40.0305],[22.30321,40.03086],[22.30298,40.03229],[22.30402,40.03329],[22.30735,40.03426],[22.30143,40.03673],[22.30068,40.0364],[22.29887,40.03707],[22.29861,40.03628],[22.29742,40.03682],[22.29691,40.03874],[22.29483,40.03956],[22.29491,40.04],[22.29419,40.04009],[22.29375,40.04086],[22.29413,40.04097],[22.29182,40.04251],[22.28913,40.04339],[22.29066,40.03897],[22.2868,40.03959],[22.28537,40.03948],[22.28486,40.03878],[22.2837,40.03884],[22.28264,40.03752],[22.28196,40.03768],[22.2803,40.03682],[22.28101,40.03415],[22.27826,40.03545],[22.27767,40.03453],[22.27675,40.03426],[22.27568,40.03454],[22.27501,40.03643],[22.27577,40.03787],[22.27588,40.03929],[22.27704,40.04012],[22.27374,40.03926],[22.27617,40.04068],[22.27527,40.04137],[22.26969,40.03999],[22.26862,40.0403],[22.2689,40.0408],[22.26749,40.0415],[22.26758,40.04303],[22.26685,40.04324],[22.26717,40.04476],[22.26473,40.04589],[22.26474,40.04628],[22.26588,40.04705],[22.26585,40.04882],[22.26707,40.04915],[22.26654,40.05006],[22.2668,40.05055],[22.26517,40.05107],[22.26297,40.05259],[22.26115,40.05269],[22.25937,40.05357],[22.25917,40.05477],[22.2581,40.05528],[22.25692,40.05721],[22.25617,40.05978],[22.25635,40.06057],[22.25466,40.06301],[22.25038,40.07129],[22.24855,40.06755],[22.24892,40.06559],[22.24759,40.06579],[22.24546,40.06721],[22.24579,40.06907],[22.24025,40.07293],[22.23433,40.06705],[22.23371,40.06744],[22.23328,40.06705],[22.2324,40.06746],[22.23139,40.06639],[22.2306,40.06675],[22.2271,40.06688],[22.22562,40.06819],[22.22283,40.0695],[22.22528,40.07499],[22.22689,40.07615],[22.22995,40.08095],[22.23346,40.08216],[22.23351,40.08281],[22.23821,40.08721],[22.24024,40.08779],[22.24259,40.08732],[22.24363,40.08667],[22.24709,40.08572],[22.24593,40.08736],[22.24727,40.08721],[22.24721,40.08653],[22.24785,40.08656],[22.24917,40.08813],[22.24906,40.08714],[22.24976,40.08613],[22.25087,40.08878],[22.24946,40.09089],[22.25116,40.09192],[22.25185,40.09281],[22.25235,40.09454],[22.25197,40.09705],[22.2526,40.09818],[22.25238,40.09851],[22.25335,40.09654],[22.25382,40.09662],[22.25337,40.09756],[22.25458,40.09723],[22.25455,40.09822],[22.25539,40.09853],[22.25455,40.09975],[22.25506,40.10143],[22.25564,40.10201],[22.2567,40.10222],[22.2561,40.10458],[22.25503,40.10523],[22.25405,40.10473],[22.25324,40.1066],[22.25275,40.1065],[22.25304,40.10511],[22.25256,40.10475],[22.25252,40.10541],[22.25114,40.10614],[22.2506,40.1074],[22.25117,40.10993],[22.25318,40.11094],[22.2544,40.11211],[22.25993,40.12208],[22.26285,40.12424],[22.2657,40.12536],[22.26739,40.12735],[22.26891,40.12782],[22.26899,40.12825],[22.27085,40.12906],[22.27057,40.13019],[22.27219,40.13066],[22.2735,40.13288],[22.27878,40.13751],[22.27803,40.13987],[22.28114,40.14151],[22.28145,40.14209],[22.28112,40.14376],[22.28149,40.14531],[22.28074,40.1459],[22.28187,40.14837],[22.28166,40.14872],[22.27628,40.14776],[22.27485,40.14826],[22.27566,40.15069],[22.2727,40.15084],[22.27019,40.15021],[22.26891,40.15046],[22.2702,40.15085],[22.27108,40.15172],[22.27422,40.15711],[22.2727,40.15753],[22.27001,40.15759],[22.27167,40.16025],[22.27133,40.16175],[22.26985,40.16218],[22.27051,40.16381],[22.27023,40.16417],[22.26789,40.16411],[22.26652,40.16479],[22.26587,40.16443],[22.26669,40.16313],[22.26578,40.16057],[22.26409,40.15963],[22.26389,40.15771],[22.26158,40.15669],[22.26073,40.15705],[22.25758,40.15598],[22.25668,40.15637],[22.2558,40.15556],[22.25606,40.15657],[22.25805,40.15702],[22.25884,40.158],[22.26022,40.15818],[22.26192,40.15923],[22.26174,40.1601],[22.26328,40.16235],[22.26165,40.16286],[22.26144,40.16379],[22.26023,40.16527],[22.26277,40.16611],[22.26475,40.16826],[22.26615,40.17074],[22.26904,40.16957],[22.27211,40.17029],[22.27481,40.1728],[22.2751,40.17366],[22.27603,40.17319],[22.27681,40.17398],[22.27822,40.17442],[22.28007,40.17646],[22.28093,40.18044],[22.28191,40.18102],[22.28347,40.18349],[22.28409,40.18373],[22.28487,40.18308],[22.28512,40.18186],[22.28568,40.18394],[22.28541,40.18433],[22.28599,40.18426],[22.28597,40.18333],[22.287,40.18264],[22.28734,40.18174],[22.28761,40.18265],[22.28684,40.18319],[22.28728,40.18342],[22.28798,40.18577],[22.28626,40.18601],[22.28787,40.18657],[22.28878,40.18639],[22.28931,40.18578],[22.28926,40.18484],[22.28983,40.18543],[22.2895,40.18663],[22.28862,40.18729],[22.28512,40.1879],[22.28409,40.18913],[22.28191,40.18898],[22.27918,40.18665],[22.27826,40.18515],[22.27586,40.18413],[22.27419,40.18234],[22.2723,40.18168],[22.27221,40.18133],[22.26961,40.18092],[22.26873,40.18],[22.26842,40.18],[22.26861,40.18109],[22.26772,40.18022],[22.26526,40.17967],[22.2676,40.18016],[22.27033,40.1826],[22.27283,40.18358],[22.2735,40.18458],[22.27564,40.18589],[22.27547,40.18667],[22.27649,40.18677],[22.27672,40.18737],[22.27782,40.18807],[22.27824,40.18957],[22.28195,40.19197],[22.28333,40.19153],[22.28395,40.19246],[22.28453,40.19216],[22.2857,40.1923],[22.28624,40.19174],[22.28924,40.19052],[22.29067,40.19039],[22.29203,40.19088],[22.29277,40.19197],[22.29441,40.19251],[22.30075,40.19672],[22.30117,40.19748],[22.29989,40.19928],[22.30095,40.20139],[22.30015,40.20296],[22.30019,40.2046],[22.30132,40.20697],[22.30188,40.21129],[22.30335,40.21246],[22.30623,40.21321],[22.30714,40.21464],[22.30796,40.21426],[22.30761,40.21529],[22.30868,40.21473],[22.30901,40.21491],[22.30982,40.21603],[22.30964,40.21669],[22.31066,40.21622],[22.31111,40.21474],[22.31204,40.2151],[22.31132,40.21814],[22.31043,40.2183],[22.31686,40.22231],[22.31541,40.22238],[22.31538,40.22262],[22.31739,40.22352],[22.31788,40.22414],[22.31774,40.2247],[22.31656,40.22502],[22.31761,40.22559],[22.3232,40.23271],[22.32557,40.23451],[22.32744,40.23474],[22.33066,40.23665],[22.33248,40.23683],[22.33272,40.23756],[22.33456,40.23856],[22.3372,40.24148],[22.33971,40.24243],[22.3393,40.24271],[22.3366,40.24206],[22.33471,40.24019],[22.33224,40.23953],[22.33016,40.23949],[22.32782,40.23809],[22.32628,40.23809],[22.32538,40.23889],[22.3237,40.23899],[22.3201,40.23633],[22.31278,40.23543],[22.31021,40.23657],[22.30808,40.23867],[22.30643,40.23955],[22.30216,40.23916],[22.29831,40.23955],[22.29692,40.23926],[22.29416,40.23955],[22.29224,40.24073],[22.29234,40.23991],[22.29153,40.24038],[22.29128,40.2397],[22.29163,40.23879],[22.29004,40.23985],[22.28852,40.23869],[22.28595,40.23805],[22.28417,40.23701],[22.28477,40.23644],[22.28579,40.23629],[22.28383,40.23548],[22.28619,40.23566],[22.28484,40.23349],[22.28718,40.23382],[22.28694,40.23245],[22.28858,40.2321],[22.28598,40.23175],[22.28545,40.23252],[22.28383,40.22926],[22.28324,40.22889],[22.2835,40.22961],[22.28314,40.23162],[22.28208,40.22981],[22.2815,40.22938],[22.28003,40.22917],[22.27939,40.22939],[22.27951,40.23025],[22.27885,40.2305],[22.27443,40.23088],[22.27331,40.23138],[22.27187,40.23058],[22.26984,40.23024],[22.26803,40.23099],[22.26771,40.23211],[22.26914,40.23201],[22.27117,40.2341],[22.2709,40.23475],[22.27258,40.2349],[22.27315,40.23527],[22.27362,40.23646],[22.27819,40.2401],[22.2776,40.24066],[22.27671,40.24059],[22.27716,40.24113],[22.27674,40.24161],[22.27904,40.2418],[22.28122,40.24404],[22.28093,40.24488],[22.27573,40.24569],[22.27933,40.24827],[22.27864,40.24941],[22.28049,40.25078],[22.2778,40.25108],[22.27797,40.25017],[22.27668,40.25037],[22.27474,40.25156],[22.27197,40.25173],[22.27172,40.2511],[22.27326,40.25005],[22.27349,40.24931],[22.27085,40.24704],[22.27012,40.24747],[22.27045,40.24835],[22.27001,40.24854],[22.26647,40.24592],[22.26469,40.24586],[22.26399,40.24682],[22.26439,40.24819],[22.26411,40.24853],[22.26345,40.24826],[22.26277,40.2458],[22.26145,40.24598],[22.26207,40.24556],[22.25912,40.24558],[22.25765,40.24463],[22.25669,40.2444],[22.25684,40.24492],[22.25625,40.24492],[22.25265,40.24341],[22.24682,40.24404],[22.2444,40.24222],[22.23966,40.23981],[22.23719,40.2391],[22.23702,40.23861],[22.2347,40.23686],[22.23355,40.23748],[22.23429,40.23932],[22.23648,40.24253],[22.23602,40.24287],[22.23606,40.24374],[22.23527,40.24442],[22.23914,40.2476],[22.2388,40.24996],[22.23742,40.24984],[22.23765,40.25059],[22.24024,40.25346],[22.235,40.2508],[22.23554,40.25138],[22.23512,40.25157],[22.2337,40.25061],[22.23181,40.2484],[22.22862,40.2463],[22.22457,40.24509],[22.22151,40.24357],[22.22459,40.24306],[22.22455,40.24199],[22.22392,40.24283],[22.22298,40.24271],[22.22166,40.2424],[22.22058,40.24114],[22.21878,40.24013],[22.21741,40.2405],[22.2154,40.24035],[22.21394,40.23957],[22.21251,40.24008],[22.2105,40.23943],[22.20712,40.23648],[22.20328,40.23668],[22.20074,40.23613],[22.20039,40.2359],[22.20126,40.23441],[22.2011,40.23401],[22.19901,40.23364],[22.19777,40.23282],[22.1916,40.23231],[22.18718,40.23054],[22.18264,40.23148],[22.18034,40.23024],[22.17532,40.22927],[22.17477,40.2293],[22.17399,40.23047],[22.1742,40.23228],[22.17324,40.23327],[22.17331,40.23526],[22.174,40.23576],[22.17255,40.23803],[22.17099,40.2389],[22.16881,40.23947],[22.16855,40.24071],[22.17113,40.253],[22.17336,40.25559],[22.16887,40.25276],[22.16733,40.25019],[22.16602,40.24888],[22.16656,40.25198],[22.16697,40.25232],[22.16692,40.25436],[22.16826,40.2566],[22.16792,40.25721],[22.16896,40.25762],[22.16828,40.26073],[22.16912,40.26108],[22.16968,40.26203],[22.1691,40.26266],[22.16957,40.26373],[22.17072,40.26393],[22.17183,40.26465],[22.17321,40.26601],[22.17333,40.26692],[22.17404,40.26729],[22.17477,40.26893],[22.17533,40.26918],[22.17663,40.27239],[22.17914,40.27625],[22.17923,40.27787],[22.18153,40.2806],[22.18223,40.2842],[22.18351,40.28612],[22.18425,40.28653],[22.18438,40.28811],[22.18631,40.29048],[22.18634,40.29099],[22.18513,40.29238],[22.18654,40.29272],[22.18761,40.29401],[22.18859,40.29441],[22.19155,40.29903],[22.19464,40.30013],[22.19474,40.30113],[22.19375,40.30292],[22.19231,40.30341],[22.19464,40.30406],[22.19581,40.30359],[22.1974,40.3046],[22.19801,40.30458],[22.19721,40.3056],[22.19734,40.30644],[22.19838,40.30719],[22.19964,40.30728],[22.20043,40.30786],[22.20071,40.30874],[22.20375,40.30795],[22.20458,40.30979],[22.20429,40.31066],[22.20523,40.31233],[22.20436,40.31206],[22.20394,40.31134],[22.20394,40.31243],[22.20561,40.31349],[22.20692,40.31333],[22.207,40.31503],[22.20652,40.31391],[22.20505,40.31425],[22.2026,40.31359],[22.20563,40.31487],[22.20514,40.31605],[22.20803,40.32404],[22.20732,40.32594],[22.20686,40.32522],[22.20676,40.32647],[22.20474,40.32597],[22.20495,40.32656],[22.20417,40.32648],[22.20362,40.3261],[22.20449,40.32501],[22.20443,40.32451],[22.20372,40.32464],[22.20381,40.32511],[22.20285,40.32569],[22.2027,40.32659],[22.20551,40.32848],[22.20642,40.3285],[22.20719,40.32917],[22.20742,40.33027],[22.20879,40.33031],[22.21442,40.33359],[22.21513,40.33352],[22.2173,40.33648],[22.21664,40.3375],[22.21859,40.33976],[22.21956,40.34019],[22.22214,40.34378],[22.2251,40.34455],[22.22787,40.34639],[22.23127,40.34702],[22.23344,40.34554],[22.23502,40.34385],[22.23667,40.3435],[22.23748,40.34283],[22.23799,40.34315],[22.23948,40.34145],[22.2404,40.34115],[22.24032,40.34199],[22.23878,40.34405],[22.24207,40.34622],[22.2419,40.3475],[22.24129,40.34798],[22.24123,40.3501],[22.24346,40.35],[22.24398,40.34863],[22.24605,40.34912],[22.24725,40.34886],[22.24827,40.34814],[22.24767,40.35548],[22.24699,40.35696],[22.24741,40.35915],[22.24833,40.36041],[22.24982,40.36123],[22.25274,40.36022],[22.25315,40.36142],[22.25251,40.36224],[22.25318,40.36274],[22.25217,40.36436],[22.25125,40.36486],[22.25379,40.36752],[22.25152,40.36697],[22.25094,40.36729],[22.248,40.36646],[22.24602,40.36483],[22.2421,40.36449],[22.24044,40.36476],[22.23836,40.36405],[22.23675,40.36396],[22.23686,40.36471],[22.23904,40.36681],[22.23889,40.36726],[22.2406,40.3679],[22.24212,40.36795],[22.24204,40.36861],[22.24414,40.36843],[22.2443,40.36989],[22.2459,40.37149],[22.24819,40.37276],[22.24908,40.37289],[22.24986,40.37402],[22.24916,40.3748],[22.24984,40.37482],[22.24803,40.3768],[22.2482,40.37749],[22.24705,40.37806],[22.24668,40.37888],[22.24751,40.37969],[22.24773,40.38078],[22.24689,40.38065],[22.24544,40.3819],[22.24693,40.3815],[22.24925,40.38167],[22.24994,40.38109],[22.25103,40.38109],[22.25137,40.37988],[22.25312,40.3805],[22.25405,40.38001],[22.25531,40.38007],[22.25555,40.37842],[22.25715,40.37811],[22.25771,40.37762],[22.25849,40.37756],[22.25851,40.37838],[22.25923,40.3784],[22.25948,40.37892],[22.26028,40.37847],[22.26126,40.37981],[22.26153,40.37908],[22.26233,40.37913],[22.26428,40.37744],[22.26614,40.37777],[22.26704,40.37682],[22.26813,40.37705],[22.27063,40.37643],[22.27492,40.37754],[22.27406,40.37866],[22.27407,40.38017],[22.27349,40.38079],[22.2706,40.38178],[22.2699,40.38251],[22.26976,40.38358],[22.27066,40.38463],[22.27037,40.38663],[22.27116,40.38763],[22.27081,40.38899],[22.27193,40.38978],[22.273,40.38998],[22.27344,40.39055],[22.27325,40.39104],[22.27176,40.39127],[22.2726,40.39164],[22.27296,40.39292],[22.27442,40.39441],[22.27662,40.39391],[22.27749,40.39469],[22.27643,40.39534],[22.27668,40.39647],[22.27579,40.39797],[22.27401,40.39932],[22.2738,40.39995],[22.27281,40.40004],[22.27336,40.40182],[22.27279,40.40221],[22.27354,40.40361],[22.27326,40.40417],[22.27244,40.40434],[22.27414,40.40496],[22.27403,40.40939],[22.27527,40.4103],[22.27534,40.41264],[22.27679,40.41379],[22.27408,40.41377],[22.2724,40.41437],[22.27203,40.4148],[22.27252,40.41525],[22.27168,40.41579],[22.27175,40.4163],[22.27344,40.41685],[22.27504,40.41804],[22.2729,40.41961],[22.27106,40.41983],[22.27232,40.42205],[22.27139,40.42222],[22.27019,40.4218],[22.26833,40.42227],[22.26795,40.42205],[22.26674,40.42383],[22.26715,40.42623],[22.26561,40.42593],[22.26566,40.42883],[22.26691,40.42951],[22.26646,40.43129],[22.26709,40.43253],[22.26638,40.43849],[22.26383,40.44086],[22.26356,40.44196],[22.26245,40.4429],[22.26203,40.44418],[22.26272,40.4449],[22.26244,40.44543],[22.26692,40.4478],[22.26746,40.45039],[22.26671,40.45139],[22.26679,40.45265],[22.26735,40.45298],[22.26798,40.45972],[22.26845,40.46032],[22.26787,40.46079],[22.26703,40.46034],[22.26407,40.46049],[22.26231,40.46024],[22.25983,40.45917],[22.25922,40.45969],[22.25975,40.46044],[22.259,40.46069],[22.25806,40.45998],[22.25684,40.45981],[22.25803,40.46153],[22.25987,40.46194],[22.26359,40.46475],[22.26205,40.46457],[22.26143,40.46514],[22.25967,40.46492],[22.25878,40.46399],[22.25705,40.46332],[22.25618,40.46308],[22.25557,40.46337],[22.25637,40.46339],[22.25702,40.46399],[22.25724,40.46521],[22.25979,40.46682],[22.26027,40.46766],[22.26083,40.46736],[22.26183,40.46779],[22.26241,40.46765],[22.26286,40.46864],[22.26369,40.46898],[22.26404,40.47016],[22.26655,40.47278],[22.26524,40.47309],[22.26459,40.47386],[22.26682,40.4763],[22.26926,40.47771],[22.2689,40.47827],[22.26818,40.47821],[22.26753,40.47763],[22.26493,40.47736],[22.26418,40.4768],[22.26276,40.47668],[22.26269,40.47846],[22.26186,40.47852],[22.25909,40.47713],[22.25658,40.4785],[22.25371,40.47921],[22.25332,40.47962],[22.25551,40.48078],[22.2559,40.48258],[22.25819,40.48273],[22.25914,40.48335],[22.26066,40.48552],[22.2606,40.48664],[22.26341,40.48782],[22.26356,40.48835],[22.26105,40.48799],[22.25931,40.48728],[22.25598,40.48998],[22.25104,40.49086],[22.24871,40.49233],[22.24568,40.49152],[22.2428,40.49245],[22.24245,40.4919],[22.23869,40.49005],[22.23606,40.48945],[22.23576,40.49042],[22.23697,40.49111],[22.23717,40.4921],[22.23669,40.49562],[22.23549,40.49531],[22.2361,40.49697],[22.23244,40.49976],[22.23355,40.50103],[22.23566,40.49979],[22.23803,40.5015],[22.23695,40.50269],[22.23485,40.50355],[22.23082,40.50644],[22.22968,40.50813],[22.23022,40.50937],[22.22663,40.51074],[22.22894,40.50924],[22.23058,40.50944],[22.23283,40.50803],[22.23899,40.50793],[22.24155,40.50848],[22.24224,40.51055],[22.24425,40.51185],[22.25201,40.51521],[22.25409,40.51545],[22.25396,40.51617],[22.256,40.51633],[22.25542,40.51749],[22.27073,40.52366],[22.27059,40.52411],[22.26936,40.52397],[22.26905,40.52429],[22.26998,40.52583],[22.2688,40.52707],[22.26901,40.52852],[22.2678,40.52891],[22.26686,40.53019],[22.26598,40.53315],[22.26661,40.53359],[22.26673,40.53478],[22.26762,40.5355],[22.26755,40.54229],[22.26916,40.54377],[22.27042,40.54279],[22.27138,40.54345],[22.27181,40.54325],[22.27226,40.54465],[22.27639,40.54441],[22.27904,40.54356],[22.28089,40.54196],[22.282,40.54196],[22.28459,40.5433],[22.28923,40.54474],[22.29168,40.54615],[22.29284,40.54927],[22.29348,40.54915],[22.29329,40.55364],[22.29729,40.55425],[22.31177,40.55939],[22.32269,40.55652],[22.32517,40.55654],[22.32787,40.55741],[22.33946,40.56458],[22.34913,40.56931],[22.38051,40.58762],[22.38114,40.58789],[22.38323,40.58577],[22.39397,40.59204],[22.39274,40.59374],[22.39164,40.59411],[22.42785,40.61534],[22.42993,40.6154],[22.43211,40.61474],[22.4323,40.61526],[22.43417,40.61492],[22.43838,40.61921],[22.43811,40.6201],[22.44119,40.62108],[22.44714,40.62138],[22.45689,40.62284],[22.45706,40.62243],[22.5201,40.6324],[22.52158,40.63239],[22.52292,40.63188],[22.52375,40.63105],[22.52438,40.62895],[22.5237,40.62842],[22.5237,40.62786],[22.52455,40.62657],[22.52396,40.62826],[22.52517,40.62896],[22.52469,40.63118],[22.52569,40.63346],[22.52992,40.63496],[22.53474,40.63734],[22.53458,40.63756],[22.53939,40.64051],[22.53835,40.64153],[22.5392,40.64226],[22.56516,40.65841],[22.56769,40.65955],[22.57465,40.66424],[22.59634,40.67201],[22.60086,40.67152],[22.60204,40.67194],[22.60461,40.67051],[22.61064,40.6695],[22.61202,40.6705],[22.61275,40.67015],[22.61336,40.67171],[22.61317,40.67756],[22.61433,40.67811],[22.62809,40.68293],[22.63098,40.68338],[22.63336,40.68475],[22.6555,40.69229],[22.6615,40.69329],[22.67663,40.69376],[22.67622,40.69415],[22.67668,40.69448],[22.67663,40.69523],[22.67859,40.69529],[22.67955,40.69479],[22.68021,40.69506],[22.67977,40.69589],[22.67702,40.69833],[22.66921,40.70423],[22.66546,40.7079],[22.65481,40.72191],[22.65182,40.72475],[22.6446,40.735],[22.64249,40.73929],[22.64111,40.74588],[22.6394,40.74699],[22.64052,40.74828],[22.64067,40.75216],[22.63989,40.75662],[22.63802,40.76098],[22.63174,40.77156],[22.63052,40.7778],[22.63328,40.77713],[22.63687,40.7769],[22.63868,40.78066],[22.63902,40.78289],[22.64001,40.78478],[22.64109,40.78547],[22.64169,40.78801]]}},{"type":"Feature","properties":{"name":"TET_GR-08_20260426","country":"GR","lengthKm":299.3},"geometry":{"type":"LineString","coordinates":[[21.09993,40.83187],[21.10079,40.83277],[21.10259,40.83191],[21.10203,40.83138],[21.10235,40.83075],[21.10487,40.82983],[21.11409,40.82884],[21.11564,40.82882],[21.12081,40.83013],[21.12257,40.82715],[21.12087,40.82702],[21.1217,40.82495],[21.1221,40.82505],[21.1217,40.82495],[21.12087,40.82702],[21.13076,40.82779],[21.13564,40.83107],[21.13772,40.83389],[21.13935,40.83519],[21.14227,40.83558],[21.1442,40.83646],[21.14671,40.8368],[21.14956,40.83805],[21.15089,40.83906],[21.15439,40.83972],[21.15593,40.83934],[21.15804,40.83983],[21.1592,40.83946],[21.1598,40.83876],[21.15956,40.83798],[21.15789,40.83775],[21.15982,40.83588],[21.16203,40.83462],[21.16231,40.83333],[21.1631,40.8338],[21.1657,40.83245],[21.16636,40.83118],[21.16761,40.83122],[21.16686,40.8311],[21.16617,40.83028],[21.16563,40.83041],[21.1658,40.82981],[21.16705,40.83028],[21.16701,40.82895],[21.16844,40.82968],[21.17005,40.82762],[21.17087,40.8285],[21.17229,40.82721],[21.17347,40.82745],[21.17226,40.8268],[21.17119,40.82738],[21.17035,40.82612],[21.16883,40.82685],[21.16814,40.82612],[21.16709,40.82625],[21.1666,40.82588],[21.16465,40.82569],[21.16484,40.82507],[21.16679,40.82462],[21.16776,40.8241],[21.16795,40.82356],[21.16739,40.82294],[21.1669,40.82086],[21.1658,40.8199],[21.16593,40.81944],[21.16774,40.82084],[21.16872,40.82243],[21.16977,40.82296],[21.17259,40.82277],[21.17364,40.82189],[21.17806,40.82015],[21.17924,40.8203],[21.18243,40.81938],[21.1837,40.81947],[21.18278,40.81874],[21.18128,40.81891],[21.17698,40.81829],[21.18198,40.81766],[21.18445,40.81693],[21.18587,40.81685],[21.18791,40.81738],[21.18979,40.81876],[21.19419,40.81824],[21.19492,40.81861],[21.19471,40.82009],[21.19658,40.8173],[21.19745,40.8173],[21.199,40.81309],[21.20067,40.81176],[21.20265,40.81236],[21.20275,40.8132],[21.20404,40.8141],[21.21134,40.81638],[21.21685,40.81494],[21.21859,40.81365],[21.22179,40.81303],[21.22209,40.81211],[21.22387,40.81361],[21.22471,40.81337],[21.22584,40.81217],[21.22599,40.81427],[21.22692,40.81468],[21.22586,40.81524],[21.22514,40.81655],[21.22548,40.81899],[21.22475,40.82002],[21.22365,40.81998],[21.22335,40.82037],[21.22402,40.8211],[21.22288,40.82058],[21.22183,40.82071],[21.2223,40.81983],[21.22054,40.82037],[21.21962,40.82125],[21.21969,40.82215],[21.21915,40.82294],[21.21767,40.82346],[21.21546,40.82702],[21.21415,40.82783],[21.21273,40.8297],[21.21183,40.83013],[21.2116,40.83097],[21.2125,40.83056],[21.21265,40.83105],[21.20863,40.83434],[21.2076,40.83599],[21.20801,40.83612],[21.20797,40.83728],[21.20863,40.83758],[21.20872,40.83841],[21.20745,40.83869],[21.20679,40.83938],[21.21192,40.83721],[21.21318,40.83734],[21.21572,40.83676],[21.21685,40.83745],[21.21861,40.83734],[21.21883,40.83858],[21.22018,40.83876],[21.22093,40.83764],[21.22385,40.8374],[21.22499,40.8379],[21.22677,40.83646],[21.22805,40.837],[21.22891,40.83657],[21.23067,40.83698],[21.23292,40.83588],[21.23428,40.83599],[21.23533,40.83554],[21.23827,40.83556],[21.23932,40.83597],[21.23992,40.83494],[21.24093,40.83494],[21.24187,40.83554],[21.24286,40.83434],[21.24395,40.83421],[21.2458,40.83253],[21.24779,40.83215],[21.24818,40.83161],[21.24936,40.83195],[21.24983,40.83004],[21.25249,40.82951],[21.25209,40.82822],[21.25391,40.82781],[21.25483,40.82661],[21.25434,40.82509],[21.25513,40.82421],[21.25466,40.8232],[21.25395,40.82286],[21.25408,40.8215],[21.25372,40.8211],[21.25275,40.82211],[21.25187,40.82219],[21.25232,40.82127],[21.25393,40.82013],[21.25443,40.82002],[21.25505,40.82213],[21.25724,40.82421],[21.25837,40.82685],[21.25882,40.8268],[21.25942,40.82432],[21.25915,40.82275],[21.25816,40.82108],[21.25713,40.81629],[21.254,40.81138],[21.24711,40.81144],[21.24702,40.81095],[21.24775,40.8097],[21.25324,40.80805],[21.25573,40.80603],[21.25623,40.80421],[21.2553,40.80151],[21.25679,40.8006],[21.25985,40.79702],[21.2638,40.79648],[21.26483,40.79432],[21.26706,40.79391],[21.26844,40.79447],[21.2706,40.79464],[21.27247,40.794],[21.2735,40.79279],[21.27406,40.79073],[21.27354,40.78702],[21.27307,40.7864],[21.2699,40.78443],[21.26865,40.78237],[21.26803,40.78204],[21.26595,40.7823],[21.26573,40.78194],[21.26717,40.78031],[21.26706,40.77955],[21.26919,40.77681],[21.2688,40.77631],[21.26857,40.77151],[21.2679,40.77093],[21.26816,40.77033],[21.26734,40.77024],[21.26779,40.76975],[21.26709,40.76951],[21.26702,40.76846],[21.26477,40.76344],[21.26417,40.76277],[21.26348,40.76308],[21.26318,40.76277],[21.26468,40.76187],[21.26466,40.76082],[21.26228,40.75936],[21.26054,40.75891],[21.25936,40.75784],[21.25957,40.75732],[21.26048,40.75726],[21.26174,40.7582],[21.26266,40.75835],[21.26423,40.75812],[21.26423,40.75724],[21.2638,40.75698],[21.26333,40.7573],[21.26288,40.75653],[21.26324,40.75584],[21.26118,40.75447],[21.25777,40.75361],[21.2553,40.75164],[21.25352,40.75074],[21.25636,40.74949],[21.25891,40.74591],[21.26187,40.74469],[21.26573,40.74484],[21.26638,40.74426],[21.26771,40.74421],[21.2664,40.74282],[21.26837,40.74209],[21.27082,40.73891],[21.26968,40.7381],[21.27009,40.73715],[21.26899,40.7355],[21.26919,40.73415],[21.27245,40.73421],[21.27569,40.736],[21.27601,40.737],[21.27655,40.73565],[21.27601,40.73331],[21.27779,40.73458],[21.2767,40.73164],[21.27846,40.73314],[21.27741,40.7308],[21.27927,40.73147],[21.28009,40.73258],[21.28058,40.73175],[21.27912,40.73007],[21.27635,40.72864],[21.27863,40.72831],[21.27801,40.72776],[21.27869,40.72748],[21.28073,40.72799],[21.28275,40.72733],[21.28618,40.72776],[21.28597,40.72643],[21.28539,40.72613],[21.28472,40.72628],[21.28427,40.72582],[21.28571,40.72518],[21.28741,40.72593],[21.28998,40.72834],[21.28841,40.72831],[21.28921,40.72939],[21.28987,40.72913],[21.29159,40.72975],[21.29155,40.73104],[21.29264,40.73048],[21.29307,40.73089],[21.29213,40.73213],[21.29346,40.73198],[21.29444,40.73228],[21.29399,40.73346],[21.2962,40.73273],[21.2965,40.73471],[21.29788,40.73486],[21.29897,40.73576],[21.29904,40.73621],[21.29766,40.73767],[21.29644,40.73797],[21.29659,40.73874],[21.29786,40.7393],[21.29792,40.74001],[21.29895,40.7402],[21.29949,40.74076],[21.30054,40.74065],[21.30395,40.74256],[21.30352,40.7375],[21.30659,40.73696],[21.30813,40.73745],[21.31011,40.73589],[21.3123,40.73647],[21.31339,40.7361],[21.31433,40.7364],[21.31335,40.73649],[21.31266,40.73698],[21.3112,40.73685],[21.3103,40.73776],[21.31206,40.73782],[21.31406,40.73722],[21.31524,40.73765],[21.31562,40.73808],[21.3153,40.73864],[21.31648,40.73939],[21.31916,40.73975],[21.32002,40.74024],[21.32105,40.73999],[21.32245,40.73585],[21.32352,40.73542],[21.32506,40.73325],[21.32618,40.73256],[21.32425,40.72986],[21.32208,40.72778],[21.31629,40.72544],[21.31489,40.72366],[21.31253,40.72198],[21.31146,40.71932],[21.31586,40.71673],[21.31627,40.71542],[21.31594,40.71473],[21.31835,40.71196],[21.3191,40.71211],[21.32047,40.71059],[21.32075,40.70866],[21.32154,40.70735],[21.32307,40.70696],[21.32406,40.70623],[21.32745,40.70615],[21.32858,40.70531],[21.32888,40.70087],[21.33122,40.70033],[21.33403,40.70042],[21.33498,40.69602],[21.34023,40.6937],[21.3429,40.69177],[21.3445,40.68943],[21.34032,40.68686],[21.34026,40.68501],[21.34084,40.68302],[21.34062,40.68102],[21.34111,40.6795],[21.3421,40.67879],[21.34167,40.67825],[21.34008,40.6781],[21.33807,40.67727],[21.33691,40.67546],[21.33446,40.67385],[21.33358,40.67388],[21.33257,40.67521],[21.32993,40.67559],[21.32657,40.67381],[21.32326,40.67325],[21.32172,40.67209],[21.31854,40.6707],[21.31895,40.669],[21.31959,40.66993],[21.32069,40.67044],[21.3268,40.67113],[21.32708,40.67167],[21.32873,40.67231],[21.3294,40.67162],[21.33139,40.67169],[21.33094,40.66731],[21.3341,40.66735],[21.33504,40.66714],[21.33354,40.66701],[21.33747,40.66637],[21.33832,40.66677],[21.33805,40.66782],[21.34008,40.66789],[21.34161,40.66862],[21.3439,40.67169],[21.34459,40.67085],[21.34474,40.6695],[21.34822,40.67001],[21.3497,40.67068],[21.35081,40.67261],[21.35238,40.67392],[21.35103,40.66933],[21.35178,40.66864],[21.34811,40.66536],[21.34783,40.66407],[21.34897,40.66375],[21.35315,40.66435],[21.35354,40.66394],[21.35523,40.66375],[21.35504,40.66328],[21.3559,40.66267],[21.35238,40.66235],[21.35161,40.66074],[21.35174,40.65993],[21.35075,40.6595],[21.35094,40.65911],[21.35255,40.65877],[21.35377,40.65892],[21.3527,40.65918],[21.35326,40.66036],[21.35553,40.66077],[21.35768,40.66027],[21.35995,40.66109],[21.36257,40.66304],[21.3645,40.66366],[21.36324,40.66227],[21.36292,40.66061],[21.36133,40.65984],[21.36047,40.65864],[21.36249,40.65725],[21.36412,40.65682],[21.36472,40.65401],[21.36819,40.65201],[21.36665,40.65169],[21.3662,40.65111],[21.36761,40.64871],[21.36392,40.64978],[21.36307,40.64933],[21.36195,40.65001],[21.36058,40.64956],[21.35929,40.64789],[21.35843,40.64841],[21.35768,40.64813],[21.35669,40.64914],[21.35302,40.65072],[21.35176,40.65066],[21.35126,40.65197],[21.35043,40.65231],[21.34892,40.65199],[21.34573,40.65319],[21.34296,40.65102],[21.34094,40.6522],[21.33798,40.65079],[21.33641,40.65044],[21.33586,40.64931],[21.33637,40.64456],[21.33843,40.64212],[21.34266,40.63935],[21.34281,40.64083],[21.34126,40.64244],[21.34163,40.64641],[21.3429,40.64448],[21.34502,40.64289],[21.34594,40.64265],[21.35337,40.6442],[21.3554,40.64373],[21.35993,40.64431],[21.36143,40.64341],[21.36461,40.64487],[21.3657,40.64489],[21.36761,40.64336],[21.36822,40.64182],[21.36995,40.64158],[21.37371,40.64197],[21.3756,40.64169],[21.37609,40.64216],[21.37579,40.64111],[21.375,40.64098],[21.37652,40.64004],[21.38199,40.63937],[21.38392,40.63869],[21.3848,40.63712],[21.3868,40.63712],[21.38774,40.63669],[21.38907,40.63506],[21.39117,40.63375],[21.39098,40.63166],[21.39258,40.63053],[21.39606,40.63094],[21.39909,40.63304],[21.40013,40.63254],[21.40019,40.6314],[21.40164,40.63133],[21.40289,40.63179],[21.4039,40.6335],[21.4069,40.63603],[21.40881,40.63596],[21.41079,40.64205],[21.41144,40.64217],[21.41256,40.64105],[21.41303,40.64118],[21.41399,40.6438],[21.41424,40.64568],[21.41391,40.64698],[21.41542,40.6487],[21.41683,40.64939],[21.41505,40.6492],[21.41334,40.6485],[21.41237,40.64699],[21.41121,40.64826],[21.40774,40.64721],[21.40748,40.64739],[21.40883,40.64847],[21.41044,40.65108],[21.41377,40.65304],[21.41603,40.65387],[21.41602,40.65469],[21.41699,40.65508],[21.41775,40.65607],[21.42228,40.65748],[21.4245,40.65932],[21.42452,40.65984],[21.42693,40.66034],[21.42829,40.66111],[21.43087,40.66417],[21.43418,40.66604],[21.43695,40.66673],[21.43895,40.66782],[21.43875,40.66867],[21.43945,40.67062],[21.43481,40.67108],[21.43821,40.67189],[21.44282,40.67361],[21.44354,40.67768],[21.44785,40.68012],[21.45046,40.68472],[21.45252,40.68637],[21.45271,40.68714],[21.45057,40.68763],[21.45055,40.68806],[21.45136,40.68831],[21.45192,40.68906],[21.45292,40.68855],[21.4539,40.68867],[21.45501,40.68941],[21.45606,40.6913],[21.45859,40.69106],[21.46187,40.69314],[21.46311,40.69339],[21.46602,40.69648],[21.46703,40.69894],[21.46762,40.69878],[21.468,40.69788],[21.46882,40.69736],[21.46862,40.69626],[21.47018,40.69849],[21.47087,40.69854],[21.47091,40.69918],[21.47198,40.6986],[21.47256,40.69869],[21.47302,40.69965],[21.47992,40.70132],[21.48663,40.70177],[21.48754,40.70074],[21.4898,40.6996],[21.49448,40.69799],[21.49378,40.6941],[21.49147,40.69238],[21.4906,40.691],[21.49189,40.69146],[21.4938,40.69055],[21.49153,40.68952],[21.49231,40.6887],[21.49134,40.68845],[21.48887,40.68863],[21.48849,40.6881],[21.4894,40.68742],[21.49161,40.68676],[21.4923,40.68585],[21.49338,40.68661],[21.4941,40.68667],[21.49477,40.68558],[21.49362,40.68509],[21.49233,40.68355],[21.49173,40.68349],[21.4918,40.68283],[21.48903,40.68157],[21.48808,40.68206],[21.48695,40.68117],[21.48751,40.68067],[21.48653,40.68043],[21.48512,40.67877],[21.48472,40.67629],[21.4834,40.67394],[21.48508,40.67485],[21.48598,40.6749],[21.48749,40.67632],[21.48878,40.67568],[21.49094,40.67585],[21.48964,40.67459],[21.48776,40.67396],[21.4907,40.67399],[21.49397,40.6759],[21.49357,40.67504],[21.49211,40.67409],[21.49163,40.67329],[21.48964,40.6723],[21.48924,40.67051],[21.48863,40.67026],[21.4884,40.6696],[21.48914,40.66743],[21.48851,40.66736],[21.48769,40.66615],[21.48585,40.6657],[21.48473,40.66454],[21.48511,40.66254],[21.4841,40.66004],[21.48688,40.65829],[21.4868,40.65746],[21.48847,40.65741],[21.48906,40.65669],[21.49298,40.65635],[21.49887,40.65752],[21.49786,40.65604],[21.49967,40.65425],[21.49848,40.65027],[21.49533,40.64626],[21.49388,40.64519],[21.49365,40.64432],[21.4943,40.64294],[21.4939,40.64121],[21.4925,40.63976],[21.49237,40.63894],[21.49807,40.63948],[21.50063,40.64046],[21.50325,40.64064],[21.506,40.64129],[21.50855,40.64233],[21.51428,40.64566],[21.51632,40.64787],[21.51462,40.64488],[21.51687,40.64639],[21.51757,40.64753],[21.52084,40.64862],[21.51914,40.64724],[21.52084,40.6479],[21.5245,40.65049],[21.52809,40.65201],[21.53055,40.65433],[21.53502,40.65612],[21.53741,40.65622],[21.53883,40.65753],[21.53771,40.65546],[21.53559,40.65499],[21.53853,40.65512],[21.53988,40.65622],[21.54152,40.65664],[21.54308,40.65833],[21.54639,40.6598],[21.55016,40.6622],[21.55619,40.66436],[21.55791,40.66333],[21.55807,40.661],[21.5619,40.66085],[21.56275,40.66006],[21.56441,40.66074],[21.57927,40.66035],[21.58719,40.66055],[21.65334,40.67488],[21.65408,40.67382],[21.67305,40.66545],[21.71045,40.65321],[21.71857,40.65146],[21.72963,40.65056],[21.73838,40.65097],[21.74601,40.65211],[21.75574,40.6545],[21.76031,40.65698],[21.76267,40.65917],[21.76694,40.66681],[21.77127,40.67293],[21.77333,40.67967],[21.77453,40.68097],[21.77609,40.68177],[21.77864,40.68209],[21.7866,40.67965],[21.78942,40.67947],[21.79202,40.68012],[21.79697,40.68365],[21.80616,40.69613],[21.80961,40.6925],[21.82239,40.68141],[21.82839,40.67934],[21.83119,40.67734],[21.83187,40.67202],[21.83277,40.67055],[21.83187,40.66926],[21.83312,40.6678],[21.83402,40.66734],[21.83545,40.66762],[21.83664,40.66652],[21.83726,40.66485],[21.84026,40.66312],[21.84203,40.66276],[21.84324,40.66347],[21.84582,40.66157],[21.85393,40.6641],[21.85834,40.66612],[21.8597,40.66774],[21.86088,40.66817],[21.86482,40.66822],[21.86852,40.66722],[21.87205,40.6676],[21.87406,40.66718],[21.87312,40.66846],[21.87671,40.66902],[21.87626,40.66855],[21.87637,40.66764],[21.87696,40.66841],[21.87764,40.66855],[21.87981,40.66829],[21.88005,40.66931],[21.88162,40.66966],[21.88249,40.66936],[21.88342,40.66827],[21.88436,40.66801],[21.88496,40.66931],[21.88445,40.67112],[21.88374,40.67165],[21.88464,40.6728],[21.88366,40.67328],[21.88365,40.67373],[21.88567,40.67297],[21.88582,40.67193],[21.88668,40.6737],[21.88721,40.67343],[21.88709,40.67258],[21.88817,40.6738],[21.88795,40.6723],[21.8886,40.67024],[21.88965,40.66871],[21.88883,40.66712],[21.88959,40.66757],[21.88943,40.66551],[21.89053,40.66689],[21.89028,40.66242],[21.89118,40.66125],[21.89311,40.65992],[21.89299,40.65886],[21.89555,40.65613],[21.89618,40.65364],[21.89614,40.65209],[21.8956,40.6524],[21.89542,40.65191],[21.89565,40.65076],[21.89451,40.65169],[21.8943,40.65007],[21.89285,40.6487],[21.89534,40.64542],[21.89488,40.64553],[21.89373,40.64489],[21.89527,40.64429],[21.89521,40.64247],[21.89577,40.64184],[21.90025,40.64265],[21.90169,40.64217],[21.90296,40.64245],[21.90436,40.64217],[21.9056,40.64254],[21.90813,40.64445],[21.90835,40.64538],[21.90786,40.64691],[21.90902,40.64742],[21.91017,40.64736],[21.91221,40.64883],[21.91179,40.64937],[21.91205,40.65028],[21.90866,40.65249],[21.91243,40.65387],[21.91425,40.65673],[21.91411,40.65798],[21.91448,40.65844],[21.91359,40.65901],[21.914,40.65994],[21.91376,40.66112],[21.91525,40.66203],[21.91526,40.66242],[21.91194,40.66129],[21.91522,40.6637],[21.91508,40.66583],[21.91557,40.66625],[21.9162,40.66621],[21.91621,40.66758],[21.91541,40.66764],[21.91322,40.6661],[21.91438,40.66862],[21.91674,40.66911],[21.9166,40.66965],[21.91718,40.67054],[21.92037,40.6704],[21.92109,40.67137],[21.92124,40.67267],[21.92108,40.67346],[21.9204,40.67381],[21.92076,40.67411],[21.92271,40.67458],[21.92402,40.67422],[21.9262,40.67442],[21.9282,40.67538],[21.93084,40.67538],[21.93227,40.67613],[21.93177,40.67645],[21.9346,40.67677],[21.93578,40.6776],[21.93699,40.67753],[21.93764,40.6783],[21.93773,40.67958],[21.93973,40.68068],[21.94026,40.68015],[21.94148,40.67995],[21.94184,40.68159],[21.94036,40.68177],[21.93877,40.68271],[21.93816,40.68403],[21.93602,40.68469],[21.93648,40.68523],[21.93796,40.68572],[21.9388,40.68535],[21.94121,40.68517],[21.94108,40.68645],[21.9423,40.68658],[21.94275,40.68774],[21.93821,40.69249],[21.93777,40.69515],[21.93852,40.6955],[21.93925,40.6951],[21.94173,40.69491],[21.94457,40.69602],[21.94651,40.6962],[21.94911,40.69513],[21.9505,40.6952],[21.95156,40.69379],[21.9538,40.69423],[21.95615,40.69364],[21.9627,40.69451],[21.96308,40.69495],[21.96566,40.69557],[21.96755,40.69738],[21.96839,40.69657],[21.96773,40.69587],[21.96979,40.69519],[21.97132,40.6951],[21.97144,40.69442],[21.96716,40.69327],[21.96406,40.69152],[21.96343,40.69079],[21.96295,40.68876],[21.96196,40.68771],[21.96365,40.68685],[21.96198,40.68627],[21.96154,40.68521],[21.96286,40.68392],[21.96577,40.68283],[21.96626,40.68036],[21.96848,40.67858],[21.96853,40.67631],[21.96937,40.67501],[21.96628,40.67362],[21.96347,40.6731],[21.9645,40.6723],[21.96682,40.67295],[21.96691,40.67264],[21.96412,40.66912],[21.96294,40.66869],[21.96311,40.66832],[21.96452,40.66787],[21.96449,40.66728],[21.96312,40.66613],[21.96381,40.66611],[21.96488,40.66532],[21.96426,40.66474],[21.96347,40.66241],[21.96518,40.65979],[21.9671,40.65945],[21.96751,40.65892],[21.9713,40.65946],[21.96981,40.65667],[21.97197,40.65472],[21.97155,40.65096],[21.97227,40.65012],[21.97208,40.64935],[21.97103,40.64984],[21.96968,40.64989],[21.96923,40.65069],[21.96978,40.65271],[21.96773,40.65356],[21.96612,40.65247],[21.96579,40.65355],[21.96413,40.65511],[21.96287,40.6547],[21.96153,40.65535],[21.95891,40.6555],[21.95712,40.65721],[21.95385,40.65669],[21.95538,40.65623],[21.95593,40.65548],[21.95276,40.65572],[21.95176,40.65509],[21.9521,40.6542],[21.95502,40.65224],[21.95641,40.65048],[21.9556,40.6503],[21.95572,40.64993],[21.95745,40.64916],[21.95845,40.64833],[21.95882,40.6474],[21.95874,40.64714],[21.95806,40.64735],[21.95824,40.64417],[21.95609,40.64225],[21.95701,40.63994],[21.95491,40.63966],[21.95613,40.6351],[21.95514,40.63496],[21.95477,40.63337],[21.95533,40.63347],[21.95891,40.62947],[21.95901,40.62768],[21.96047,40.62667],[21.96377,40.62546],[21.96539,40.6241],[21.96719,40.62428],[21.96736,40.62391],[21.96644,40.62213],[21.96494,40.62084],[21.96542,40.61913],[21.96171,40.6168],[21.95952,40.6136],[21.95676,40.61142],[21.95407,40.60669],[21.95113,40.60543],[21.95027,40.6045],[21.94897,40.60522],[21.94725,40.60525],[21.94541,40.60601],[21.94362,40.60617],[21.9409,40.60497],[21.93639,40.60175],[21.93772,40.60046],[21.9377,40.5983],[21.93733,40.59721],[21.93512,40.59574],[21.9353,40.59431],[21.93621,40.59422],[21.9362,40.59335],[21.93446,40.59316],[21.93251,40.59391],[21.9303,40.59357],[21.93233,40.5896],[21.93458,40.58836],[21.93498,40.58616],[21.93555,40.58549],[21.93733,40.58487],[21.93835,40.58403],[21.93822,40.5829],[21.9369,40.58268],[21.93652,40.58211],[21.93624,40.57852],[21.93543,40.57761],[21.93602,40.57583],[21.93557,40.57332],[21.93563,40.56937],[21.93462,40.57004],[21.93218,40.57325],[21.92888,40.57618],[21.9277,40.57498],[21.92422,40.57503],[21.92415,40.57471],[21.9218,40.57485],[21.92199,40.57573],[21.92173,40.57479],[21.92279,40.57472],[21.92134,40.57453],[21.92237,40.57207],[21.92196,40.57125],[21.92103,40.57106],[21.92332,40.56828],[21.92309,40.56731],[21.92143,40.56588],[21.92158,40.56483],[21.92266,40.56443],[21.92261,40.56366],[21.92324,40.56286],[21.92074,40.56297],[21.91778,40.56202],[21.91712,40.56131],[21.91453,40.56039],[21.91292,40.5602],[21.91136,40.56049],[21.90955,40.56148],[21.90867,40.56067],[21.90658,40.55992],[21.90401,40.56026],[21.90303,40.55967],[21.89895,40.56014],[21.89633,40.55889],[21.89325,40.55905],[21.88822,40.5607],[21.8886,40.56139],[21.88807,40.56157],[21.88713,40.56122],[21.88675,40.56169],[21.8857,40.56169],[21.88508,40.56207],[21.88444,40.56139],[21.88301,40.56102],[21.88233,40.56263],[21.88003,40.56506],[21.88198,40.56612],[21.88298,40.56731],[21.8828,40.5696],[21.88099,40.57057],[21.88037,40.57206],[21.88088,40.57158],[21.87859,40.5735],[21.87519,40.5742],[21.87242,40.572],[21.87309,40.57088],[21.87235,40.56987],[21.86974,40.57116],[21.86911,40.57207],[21.86682,40.57219],[21.86621,40.57004],[21.8671,40.56841],[21.86596,40.5682],[21.86554,40.5673],[21.86433,40.56813],[21.86336,40.56765],[21.85727,40.56862],[21.856,40.56857],[21.85258,40.56717],[21.85274,40.56669],[21.85191,40.56549],[21.85293,40.56461],[21.85329,40.56348],[21.85435,40.56318],[21.8544,40.56212],[21.86025,40.55915],[21.85997,40.55825],[21.86122,40.5564],[21.86107,40.55355],[21.86365,40.55419],[21.86452,40.55343],[21.86421,40.55252],[21.86491,40.55201],[21.8673,40.55167],[21.87135,40.55202],[21.87344,40.55079],[21.8756,40.54885],[21.88266,40.54654],[21.88474,40.54549],[21.88806,40.54153],[21.88939,40.53808],[21.88999,40.53765],[21.89033,40.53561],[21.89162,40.53449],[21.89127,40.53339],[21.89156,40.5312],[21.89324,40.53024],[21.89612,40.52651],[21.89767,40.52556],[21.8973,40.52613],[21.89789,40.52627],[21.89859,40.52769],[21.89967,40.5275],[21.89957,40.52826],[21.90089,40.52843],[21.90349,40.52703],[21.90455,40.52744],[21.90479,40.5265],[21.90609,40.52763],[21.90697,40.5277],[21.90805,40.5284],[21.90994,40.52871],[21.91084,40.52939],[21.91192,40.5293],[21.91508,40.53052],[21.91512,40.53123],[21.91695,40.5321],[21.92305,40.52913],[21.92661,40.52974],[21.92729,40.52935],[21.92616,40.53027],[21.92591,40.53148],[21.92847,40.53128],[21.92956,40.5319],[21.92978,40.533],[21.93097,40.53439],[21.9304,40.53536],[21.9323,40.53612],[21.93322,40.53938],[21.93437,40.5406],[21.93752,40.54197],[21.9383,40.54292],[21.94275,40.54491],[21.94287,40.54615],[21.94242,40.54694],[21.94078,40.54692],[21.94214,40.548],[21.94295,40.54991],[21.9438,40.55054],[21.94517,40.55475],[21.9494,40.5577],[21.95263,40.55881],[21.95491,40.5589],[21.95683,40.55972],[21.95928,40.55968],[21.96019,40.55873],[21.96075,40.55979],[21.95978,40.56066],[21.96068,40.56006],[21.96018,40.55866],[21.96073,40.55796],[21.96342,40.55743],[21.9685,40.55812],[21.9696,40.5591],[21.97075,40.55932],[21.97087,40.56042],[21.97213,40.561],[21.97207,40.56175],[21.9745,40.5629],[21.97558,40.56393],[21.97698,40.56447],[21.97847,40.56442],[21.98021,40.56558],[21.982,40.56598],[21.98348,40.56595],[21.98397,40.56545],[21.99042,40.56727],[21.99276,40.5671],[21.99449,40.56522],[21.99611,40.56555],[21.99694,40.56633],[21.99898,40.56539],[21.99876,40.56452],[22.00013,40.56508],[22.00171,40.56491],[22.00163,40.56348],[22.00307,40.5638],[22.00443,40.5633],[22.00709,40.56119],[22.00778,40.55943],[22.00832,40.55966],[22.00872,40.56162],[22.00977,40.56221],[22.00844,40.56284],[22.00803,40.56345],[22.00825,40.56602],[22.00934,40.56745],[22.00881,40.5688],[22.00916,40.57001],[22.01087,40.57023],[22.01437,40.57151],[22.01676,40.5702],[22.01822,40.56751],[22.0197,40.56921],[22.01907,40.56815],[22.01951,40.56866],[22.01974,40.56851],[22.02019,40.56659],[22.01988,40.56568],[22.02232,40.56594],[22.02261,40.56568],[22.02118,40.56514],[22.02119,40.56485],[22.02349,40.56438],[22.02435,40.5632],[22.02443,40.56168],[22.02364,40.56101],[22.02361,40.56015],[22.02524,40.55913],[22.02389,40.55708],[22.02397,40.55642],[22.0231,40.55642],[22.02343,40.55457],[22.02607,40.55117],[22.02721,40.55056],[22.02599,40.55139],[22.02339,40.5546],[22.0231,40.5564],[22.02396,40.5564],[22.02306,40.55845],[22.02206,40.55847],[22.02003,40.55703],[22.01984,40.55643],[22.0178,40.55568],[22.01634,40.55414],[22.01573,40.55439],[22.01383,40.55296],[22.01386,40.55072],[22.01349,40.55039],[22.01033,40.54932],[22.00857,40.54817],[22.00635,40.54793],[22.00619,40.54657],[22.00504,40.54598],[22.00473,40.54481],[22.00358,40.54403],[22.00091,40.54357],[22.00101,40.54207],[21.9979,40.54013],[21.9984,40.53745],[21.99935,40.53622],[21.99846,40.53526],[21.99755,40.53544],[21.99702,40.53507],[21.99672,40.53218],[21.99594,40.53101],[21.99598,40.5293],[21.99519,40.52894],[21.99476,40.52754],[21.99481,40.52513],[21.9934,40.52492],[21.99251,40.52255],[21.994,40.52136],[21.9941,40.51958],[21.99597,40.51854],[21.99583,40.51705],[21.99658,40.51595],[21.99344,40.51657],[21.99246,40.51608],[21.99124,40.5172],[21.99067,40.51642],[21.99085,40.51493],[21.98965,40.51451],[21.98852,40.51191],[21.98474,40.51142],[21.98476,40.50998],[21.98236,40.50767],[21.97695,40.50452],[21.97883,40.50254],[21.98069,40.49949],[21.98206,40.49633],[21.98307,40.49206],[21.98456,40.49056],[21.98615,40.48964],[21.98678,40.48866],[21.98807,40.48849],[21.98878,40.48746],[21.99052,40.48623],[21.99112,40.48466],[21.99288,40.48378],[21.99422,40.48251],[21.99557,40.4775],[21.99726,40.4775],[21.99814,40.47864],[22.00001,40.4792],[21.9998,40.47811],[22.00092,40.47661],[22.00181,40.47666],[22.0025,40.47608],[22.00422,40.4759],[22.00453,40.475],[22.009,40.47459],[22.00908,40.4739],[22.01006,40.4737],[22.01141,40.47242],[22.01199,40.4726],[22.012,40.47323],[22.01484,40.47273],[22.01582,40.47171],[22.01584,40.47093],[22.01916,40.46816],[22.0212,40.46797],[22.02038,40.46747],[22.02263,40.46674],[22.0285,40.46669],[22.03158,40.46921],[22.03403,40.47034],[22.03612,40.47065],[22.04553,40.46794],[22.04701,40.46658],[22.05006,40.46572],[22.05257,40.46402],[22.05429,40.46375],[22.05872,40.46497],[22.06303,40.46514],[22.06312,40.46478],[22.063,40.46522],[22.06416,40.46538],[22.07906,40.46698],[22.08165,40.46697],[22.07813,40.46697],[22.08774,40.46657],[22.09189,40.46799],[22.09342,40.46991],[22.09431,40.47025],[22.0948,40.46873],[22.09558,40.46834],[22.09778,40.46947],[22.10195,40.47012],[22.10359,40.46922],[22.10391,40.46823],[22.10138,40.4653],[22.09668,40.4612],[22.09736,40.46135],[22.10379,40.46362],[22.10969,40.46675],[22.11155,40.46712],[22.11113,40.4674],[22.10708,40.46663],[22.10961,40.46862],[22.11151,40.47103],[22.11102,40.46929],[22.11233,40.47],[22.11332,40.472],[22.11325,40.4729],[22.11477,40.47327],[22.11666,40.47434],[22.12009,40.47984],[22.12025,40.47886],[22.12091,40.47854],[22.12738,40.48573],[22.12747,40.48752],[22.1313,40.49197],[22.13148,40.49294],[22.13844,40.49339],[22.14133,40.49509],[22.14592,40.49611],[22.15321,40.49872],[22.15455,40.49876],[22.15698,40.49715],[22.16166,40.49645],[22.17182,40.49924],[22.17523,40.49863],[22.18109,40.49863],[22.18314,40.49893],[22.18484,40.50361],[22.18738,40.50558],[22.18916,40.50628],[22.19114,40.50652],[22.19777,40.50584],[22.2032,40.50793],[22.20455,40.50807],[22.20745,40.5075],[22.20849,40.50573],[22.21141,40.50479],[22.21403,40.50243],[22.22473,40.49725],[22.2282,40.49358],[22.22977,40.4933],[22.23133,40.4907],[22.23395,40.48969],[22.23448,40.48816],[22.23583,40.48849],[22.2365,40.48954]]}},{"type":"Feature","properties":{"name":"TET_GR-09_20260426","country":"GR","lengthKm":164.3},"geometry":{"type":"LineString","coordinates":[[20.8716,40.23601],[20.87445,40.23614],[20.87366,40.23813],[20.87244,40.23878],[20.86967,40.24137],[20.87177,40.24073],[20.86922,40.24429],[20.87059,40.24365],[20.87295,40.2414],[20.87411,40.24159],[20.87497,40.24131],[20.87606,40.23936],[20.8755,40.24206],[20.87314,40.24298],[20.87158,40.24683],[20.87093,40.24725],[20.87085,40.24889],[20.86947,40.24831],[20.86872,40.24882],[20.86623,40.2485],[20.86535,40.24876],[20.86653,40.24992],[20.86707,40.25129],[20.86475,40.25198],[20.86456,40.25296],[20.86531,40.25399],[20.86299,40.25481],[20.86344,40.25618],[20.8625,40.25678],[20.86042,40.25706],[20.85969,40.25803],[20.85752,40.25886],[20.85988,40.26322],[20.85948,40.26476],[20.86044,40.26575],[20.86076,40.26826],[20.8607,40.26985],[20.86023,40.27051],[20.86111,40.27131],[20.86158,40.27335],[20.86265,40.27468],[20.86276,40.2759],[20.86091,40.2771],[20.86027,40.28069],[20.85948,40.28174],[20.86005,40.28227],[20.86091,40.28472],[20.86381,40.28693],[20.86295,40.28813],[20.86046,40.28893],[20.85769,40.29103],[20.85941,40.29053],[20.86008,40.29083],[20.86081,40.29019],[20.86323,40.28965],[20.86411,40.28985],[20.86559,40.28916],[20.86473,40.29043],[20.86267,40.2906],[20.86334,40.29259],[20.86312,40.29358],[20.86169,40.29369],[20.86366,40.29429],[20.86447,40.29244],[20.86527,40.29242],[20.86726,40.29109],[20.8681,40.29107],[20.86628,40.29255],[20.86643,40.29429],[20.86587,40.29659],[20.86666,40.29755],[20.86913,40.29907],[20.86759,40.29633],[20.87018,40.2941],[20.87368,40.29371],[20.87497,40.2927],[20.87516,40.29171],[20.87636,40.29015],[20.87769,40.29152],[20.87883,40.29144],[20.88016,40.29199],[20.88269,40.29229],[20.88497,40.29189],[20.88681,40.29217],[20.88821,40.2933],[20.88812,40.29405],[20.88995,40.29414],[20.89108,40.29478],[20.89505,40.29871],[20.89767,40.29914],[20.89932,40.3],[20.90235,40.29899],[20.90269,40.29841],[20.90471,40.29856],[20.90531,40.2995],[20.90578,40.29888],[20.9072,40.29905],[20.90945,40.29783],[20.91082,40.29789],[20.9122,40.2968],[20.91132,40.29536],[20.9116,40.29506],[20.91391,40.2944],[20.91636,40.29431],[20.91653,40.29358],[20.91741,40.2932],[20.91752,40.29459],[20.91803,40.29491],[20.91763,40.29592],[20.91816,40.29665],[20.91795,40.29701],[20.91889,40.29684],[20.91945,40.29575],[20.91971,40.29592],[20.91984,40.29729],[20.91898,40.29822],[20.91984,40.29922],[20.92031,40.30109],[20.91992,40.30189],[20.92114,40.30259],[20.9199,40.30281],[20.91814,40.30249],[20.91668,40.30343],[20.91694,40.30446],[20.91636,40.30523],[20.91681,40.3065],[20.91788,40.30719],[20.91672,40.30839],[20.91786,40.30888],[20.91539,40.30985],[20.91554,40.31143],[20.91308,40.31291],[20.91353,40.3133],[20.91338,40.31388],[20.91168,40.31497],[20.91093,40.31624],[20.91155,40.31749],[20.91359,40.31914],[20.91509,40.31935],[20.91516,40.31985],[20.91359,40.3213],[20.91082,40.32146],[20.90997,40.32321],[20.90876,40.32354],[20.9075,40.32309],[20.90642,40.32373],[20.90645,40.32422],[20.90745,40.32493],[20.90739,40.32603],[20.90855,40.32688],[20.90718,40.32787],[20.90627,40.32804],[20.90336,40.32628],[20.90213,40.326],[20.9023,40.32871],[20.9034,40.33006],[20.90299,40.33036],[20.90237,40.32993],[20.90095,40.33261],[20.89971,40.33276],[20.89949,40.33319],[20.90076,40.33358],[20.90445,40.33272],[20.90602,40.3333],[20.90754,40.33289],[20.90964,40.333],[20.90994,40.33401],[20.91072,40.33345],[20.91168,40.33362],[20.91301,40.33283],[20.91293,40.33184],[20.91496,40.33107],[20.91632,40.32905],[20.91584,40.33038],[20.91655,40.33103],[20.91494,40.33261],[20.91524,40.33478],[20.91363,40.33594],[20.91531,40.33545],[20.91685,40.3342],[20.91773,40.33487],[20.91829,40.33457],[20.91947,40.33491],[20.91949,40.33377],[20.92076,40.33324],[20.92185,40.33188],[20.92215,40.3306],[20.92284,40.33017],[20.92239,40.32903],[20.92293,40.3277],[20.92258,40.32699],[20.92295,40.32699],[20.92445,40.32757],[20.92464,40.32881],[20.92623,40.32877],[20.92597,40.32984],[20.92651,40.33094],[20.92593,40.33199],[20.92773,40.33369],[20.92801,40.33495],[20.92702,40.33594],[20.92683,40.33774],[20.92786,40.33894],[20.92945,40.33965],[20.93134,40.34143],[20.93084,40.34107],[20.92943,40.34115],[20.92885,40.34285],[20.92782,40.34409],[20.92777,40.34512],[20.9255,40.3474],[20.92595,40.34843],[20.92509,40.34853],[20.92286,40.35023],[20.9216,40.35203],[20.91874,40.35375],[20.91874,40.3527],[20.91973,40.35141],[20.91941,40.35117],[20.91713,40.35295],[20.91707,40.35398],[20.91662,40.35435],[20.91574,40.35401],[20.91451,40.35465],[20.91308,40.35439],[20.91097,40.3554],[20.90975,40.35469],[20.90842,40.35538],[20.90563,40.3554],[20.90471,40.35596],[20.90391,40.35761],[20.90486,40.35849],[20.90357,40.36014],[20.9014,40.36036],[20.89945,40.36104],[20.89915,40.3625],[20.89992,40.3634],[20.89921,40.36613],[20.89999,40.36718],[20.89801,40.36965],[20.89782,40.37143],[20.89525,40.37426],[20.89507,40.37499],[20.89398,40.37564],[20.89338,40.3769],[20.8922,40.37699],[20.89117,40.37778],[20.89102,40.37845],[20.88909,40.3783],[20.88698,40.37915],[20.88741,40.38156],[20.88658,40.38194],[20.88681,40.38381],[20.88619,40.38533],[20.88696,40.38679],[20.88563,40.3883],[20.88621,40.38945],[20.88583,40.39179],[20.88623,40.39227],[20.88741,40.39093],[20.88698,40.39259],[20.88739,40.39362],[20.88638,40.39428],[20.88623,40.39516],[20.88497,40.39654],[20.88396,40.39623],[20.88368,40.3948],[20.88265,40.39486],[20.88153,40.39587],[20.88093,40.39551],[20.88177,40.39656],[20.88153,40.39838],[20.88308,40.39948],[20.8819,40.40218],[20.88029,40.40272],[20.87851,40.40456],[20.87683,40.40514],[20.87707,40.4089],[20.87499,40.40958],[20.87402,40.40898],[20.87344,40.40909],[20.87278,40.4134],[20.87141,40.41653],[20.87149,40.41834],[20.87271,40.41941],[20.87233,40.42003],[20.87121,40.42053],[20.87089,40.42192],[20.86874,40.42293],[20.86857,40.42353],[20.86759,40.42392],[20.86613,40.42565],[20.8645,40.43046],[20.86372,40.43087],[20.86409,40.43119],[20.86396,40.43248],[20.86478,40.43282],[20.86501,40.434],[20.86379,40.43561],[20.86458,40.43636],[20.8645,40.43683],[20.86381,40.43735],[20.8628,40.43733],[20.86211,40.43861],[20.86267,40.43964],[20.86246,40.44044],[20.86422,40.43973],[20.86411,40.44042],[20.86302,40.44117],[20.86544,40.44117],[20.86501,40.44254],[20.86681,40.44544],[20.86945,40.44696],[20.8699,40.4478],[20.87038,40.44735],[20.87248,40.44754],[20.8728,40.44917],[20.87355,40.449],[20.87407,40.44954],[20.87396,40.45005],[20.8725,40.45123],[20.87321,40.45248],[20.87186,40.45355],[20.87188,40.45406],[20.87295,40.45451],[20.87389,40.45443],[20.87396,40.45488],[20.87162,40.45537],[20.87166,40.45591],[20.87083,40.45649],[20.87065,40.45578],[20.87012,40.45554],[20.86982,40.45732],[20.86907,40.4576],[20.86774,40.45737],[20.86651,40.45859],[20.86838,40.45866],[20.86971,40.45923],[20.87226,40.45874],[20.8725,40.45923],[20.8719,40.46097],[20.87301,40.46258],[20.87306,40.46059],[20.87501,40.45943],[20.87724,40.45893],[20.8787,40.45962],[20.88003,40.4582],[20.88104,40.45823],[20.88153,40.45861],[20.88198,40.45808],[20.88366,40.4575],[20.88389,40.4567],[20.88606,40.45623],[20.88739,40.45514],[20.88915,40.45445],[20.89404,40.4552],[20.89872,40.45441],[20.90282,40.45651],[20.90402,40.4578],[20.90548,40.45833],[20.90683,40.45818],[20.90793,40.45717],[20.91001,40.45681],[20.91046,40.45574],[20.91157,40.45501],[20.91213,40.45393],[20.91434,40.45366],[20.91554,40.45282],[20.91623,40.4511],[20.91831,40.45093],[20.91947,40.45035],[20.92117,40.45012],[20.92305,40.44872],[20.92327,40.44814],[20.9249,40.44765],[20.92518,40.44711],[20.9275,40.44655],[20.92803,40.44499],[20.92921,40.4443],[20.93009,40.44424],[20.92992,40.44533],[20.93102,40.44522],[20.93198,40.44445],[20.93307,40.44466],[20.93374,40.44434],[20.93275,40.44342],[20.93243,40.44198],[20.93348,40.44037],[20.93434,40.44024],[20.9349,40.43969],[20.93494,40.43876],[20.93591,40.43859],[20.93625,40.4378],[20.93859,40.43833],[20.93799,40.43643],[20.9396,40.4363],[20.94033,40.43548],[20.9417,40.4355],[20.94179,40.43422],[20.94069,40.43319],[20.94149,40.43263],[20.94243,40.43252],[20.94219,40.43093],[20.94271,40.43072],[20.94299,40.42979],[20.94372,40.42992],[20.94584,40.43235],[20.94601,40.42984],[20.94786,40.42999],[20.94797,40.42932],[20.94921,40.42909],[20.95043,40.42949],[20.95116,40.42904],[20.95164,40.42735],[20.95275,40.42688],[20.95325,40.42598],[20.95397,40.42608],[20.95552,40.42456],[20.95679,40.42426],[20.9567,40.4237],[20.95756,40.42291],[20.95792,40.42389],[20.9584,40.42396],[20.95934,40.42164],[20.96174,40.42143],[20.96305,40.42076],[20.9638,40.42164],[20.96423,40.42164],[20.9641,40.42033],[20.96775,40.41834],[20.96878,40.41593],[20.97048,40.41576],[20.97163,40.41499],[20.97284,40.41514],[20.97481,40.41417],[20.97492,40.41368],[20.9767,40.41267],[20.97732,40.41126],[20.97668,40.41059],[20.97728,40.40947],[20.98037,40.40986],[20.98155,40.40894],[20.9817,40.40776],[20.98414,40.40675],[20.98457,40.40572],[20.9853,40.40546],[20.98522,40.40488],[20.98586,40.40445],[20.98702,40.40462],[20.99035,40.40308],[20.99322,40.40306],[20.99399,40.40344],[20.99408,40.40282],[20.99507,40.4019],[20.99749,40.40126],[20.99931,40.39932],[21.00165,40.39866],[21.0038,40.39694],[21.00734,40.39656],[21.00856,40.39853],[21.00929,40.39744],[21.00955,40.39578],[21.01101,40.39626],[21.01279,40.39518],[21.01472,40.39531],[21.0156,40.39628],[21.01665,40.3963],[21.01861,40.39415],[21.02004,40.39475],[21.02193,40.39804],[21.02247,40.39834],[21.02376,40.39591],[21.02358,40.39525],[21.02479,40.39445],[21.02541,40.39493],[21.02637,40.39463],[21.0279,40.39551],[21.02912,40.39435],[21.03049,40.39529],[21.03139,40.39514],[21.03247,40.39589],[21.03363,40.39551],[21.03459,40.39696],[21.03603,40.39557],[21.03714,40.39643],[21.03854,40.39542],[21.03948,40.39593],[21.04047,40.39557],[21.04165,40.39647],[21.04416,40.39505],[21.04474,40.396],[21.04659,40.39617],[21.04732,40.39724],[21.04805,40.39752],[21.04987,40.39761],[21.05204,40.39673],[21.05337,40.39915],[21.05324,40.40181],[21.05583,40.40362],[21.05549,40.40527],[21.05639,40.40542],[21.05723,40.40632],[21.05895,40.40688],[21.06073,40.40634],[21.06221,40.40651],[21.06362,40.4072],[21.06433,40.40802],[21.06328,40.40935],[21.06167,40.40995],[21.06068,40.41218],[21.05925,40.41394],[21.0597,40.41529],[21.05916,40.41578],[21.05992,40.41532],[21.05916,40.41581],[21.05893,40.41734],[21.06146,40.41908],[21.06136,40.4218],[21.06234,40.42197],[21.06416,40.42063],[21.06513,40.42046],[21.06819,40.42331],[21.0708,40.42372],[21.07123,40.42427],[21.07065,40.42499],[21.0682,40.42589],[21.06571,40.42588],[21.0601,40.42715],[21.0545,40.43019],[21.05045,40.43104],[21.04144,40.43456],[21.03839,40.4384],[21.03605,40.43914],[21.03489,40.44074],[21.03523,40.44161],[21.03485,40.44236],[21.03549,40.44373],[21.03535,40.44562],[21.03314,40.4461],[21.03201,40.44554],[21.02871,40.45059],[21.02454,40.45312],[21.02294,40.45539],[21.02178,40.45602],[21.01948,40.45624],[21.02018,40.45791],[21.01981,40.45914],[21.02017,40.45978],[21.01973,40.46052],[21.02043,40.46128],[21.02044,40.46253],[21.02095,40.46297],[21.02076,40.46457],[21.02277,40.46645],[21.02262,40.46829],[21.02408,40.46901],[21.02407,40.4703],[21.02523,40.47025],[21.02641,40.47084],[21.02719,40.4741],[21.02847,40.47635],[21.02961,40.47657],[21.03,40.47739],[21.02879,40.47875],[21.02687,40.47912],[21.02542,40.4816],[21.02378,40.48083],[21.02431,40.48001],[21.02336,40.47965],[21.02212,40.47964],[21.02049,40.48116],[21.01988,40.48126],[21.02357,40.48624],[21.0241,40.49287],[21.02311,40.49736],[21.02373,40.49872],[21.02798,40.50327],[21.02869,40.50479],[21.02902,40.50455],[21.02884,40.50372],[21.03067,40.50232],[21.03075,40.50371],[21.03412,40.50456],[21.03579,40.50416],[21.03712,40.50318],[21.04014,40.50445],[21.04155,40.50341],[21.04338,40.50361],[21.04712,40.50684],[21.04753,40.50994],[21.04979,40.50974],[21.05315,40.51232],[21.0552,40.51272],[21.05685,40.51366],[21.05929,40.51324],[21.06418,40.51353],[21.06656,40.51265],[21.06806,40.51279],[21.07244,40.51598],[21.07659,40.51705],[21.07849,40.51831],[21.08131,40.51659],[21.08204,40.51551],[21.08307,40.51515],[21.08546,40.51677],[21.08688,40.51706],[21.08773,40.51683],[21.0905,40.51717],[21.09291,40.51619],[21.09557,40.51573],[21.10677,40.51612],[21.11073,40.51729],[21.11218,40.51813],[21.11584,40.52167],[21.11821,40.52271],[21.11941,40.52404],[21.11873,40.52543],[21.11678,40.52607],[21.11432,40.52787],[21.11348,40.5301],[21.11407,40.53264],[21.11377,40.53438],[21.1121,40.53627],[21.10973,40.53781],[21.10784,40.5449],[21.10419,40.54744],[21.10271,40.5503],[21.10154,40.55118],[21.10016,40.55306],[21.09897,40.55382],[21.09688,40.55442],[21.09433,40.55713],[21.09249,40.55803],[21.09191,40.5589],[21.08901,40.55899],[21.08842,40.55929],[21.08903,40.56073],[21.08905,40.56303],[21.08772,40.56396],[21.08711,40.56692],[21.08381,40.56755],[21.08178,40.5694],[21.07967,40.57328],[21.07952,40.57552],[21.07995,40.57616],[21.07977,40.5769],[21.08133,40.57744],[21.07843,40.58104],[21.07635,40.58071],[21.07498,40.57931],[21.07292,40.57802],[21.07081,40.5753],[21.06975,40.57228],[21.06693,40.56709],[21.06385,40.56899],[21.06261,40.57083],[21.06158,40.57418],[21.0616,40.57647],[21.06337,40.58299],[21.06476,40.59171],[21.06911,40.5975],[21.07231,40.60027],[21.07686,40.60566],[21.07916,40.61706],[21.07906,40.61944],[21.07653,40.62421],[21.0734,40.62613],[21.07143,40.62653],[21.06937,40.62646],[21.06447,40.62551],[21.06209,40.62429],[21.06179,40.62475],[21.06521,40.62689],[21.07036,40.62891],[21.07906,40.63462],[21.08689,40.63758],[21.09006,40.6398],[21.09271,40.64294],[21.09558,40.64951],[21.09652,40.65009],[21.09869,40.65041],[21.10005,40.65101],[21.10095,40.65204],[21.10274,40.65588],[21.10571,40.65835],[21.11177,40.65922],[21.11418,40.66011],[21.12055,40.66342],[21.12264,40.66526],[21.1255,40.6665],[21.12734,40.66774],[21.13238,40.66943],[21.13604,40.66988],[21.13829,40.67067],[21.14249,40.67107],[21.14561,40.67077],[21.15339,40.67134],[21.15804,40.67098],[21.16435,40.67176],[21.16773,40.67104],[21.16931,40.67153],[21.17099,40.67289],[21.17342,40.67359],[21.17406,40.67468],[21.17561,40.67468],[21.17455,40.68123],[21.1732,40.68342],[21.17394,40.69041],[21.17342,40.69414],[21.17361,40.69688],[21.17774,40.70048],[21.18099,40.70647],[21.18057,40.70837],[21.18127,40.71006],[21.18401,40.71222],[21.18578,40.71606],[21.18792,40.71829],[21.1905,40.71944],[21.18992,40.72093],[21.19371,40.72644],[21.19511,40.73284],[21.1961,40.73455],[21.1961,40.73602],[21.19522,40.73767],[21.19605,40.73868],[21.19652,40.74092],[21.19825,40.7423],[21.19875,40.74395],[21.19863,40.74496],[21.19599,40.74563],[21.1928,40.74507],[21.19043,40.74685],[21.18803,40.74754],[21.18746,40.74845],[21.18691,40.74753],[21.18517,40.74772],[21.18521,40.74863],[21.18294,40.74944],[21.1819,40.75063],[21.18085,40.75095],[21.17886,40.75063],[21.17762,40.75081],[21.1773,40.75035],[21.17619,40.75022],[21.17363,40.75065],[21.17388,40.75105],[21.17531,40.75122],[21.17551,40.75174],[21.17632,40.75196],[21.17607,40.75306],[21.17519,40.75351],[21.17337,40.7528],[21.17099,40.75317],[21.16888,40.7545],[21.16913,40.7552],[21.16877,40.75547],[21.16552,40.75394],[21.16185,40.75516],[21.15188,40.75512],[21.15069,40.75569],[21.14652,40.75949],[21.14621,40.76081],[21.14671,40.7629],[21.14211,40.76584],[21.14217,40.76678],[21.14355,40.76849],[21.14344,40.76896],[21.13802,40.77415],[21.13643,40.77526],[21.13375,40.77611],[21.13145,40.77807],[21.13435,40.78361],[21.13515,40.78689],[21.13624,40.78917],[21.12104,40.82655],[21.12084,40.82693],[21.1202,40.82687]]}},{"type":"Feature","properties":{"name":"TET_GR-10_20260426","country":"GR","lengthKm":142.9},"geometry":{"type":"LineString","coordinates":[[22.64169,40.78801],[22.64307,40.78787],[22.64891,40.78564],[22.64818,40.78284],[22.6485,40.78051],[22.65203,40.77381],[22.65322,40.77486],[22.65456,40.77446],[22.65519,40.77465],[22.65649,40.77403],[22.65954,40.77372],[22.66363,40.77416],[22.66772,40.77411],[22.66726,40.77353],[22.66723,40.77128],[22.66807,40.76303],[22.66904,40.76087],[22.66899,40.75871],[22.67072,40.75045],[22.67762,40.75124],[22.68187,40.7501],[22.68379,40.75314],[22.68301,40.7534],[22.68406,40.75703],[22.68575,40.75708],[22.68936,40.75611],[22.6899,40.75695],[22.69661,40.76256],[22.69745,40.76269],[22.70022,40.76498],[22.70189,40.76278],[22.70691,40.76506],[22.70687,40.76634],[22.70765,40.767],[22.7194,40.7625],[22.72012,40.76154],[22.72294,40.76208],[22.72401,40.76184],[22.72422,40.76234],[22.73233,40.76263],[22.73229,40.7643],[22.73328,40.76491],[22.73356,40.76441],[22.73526,40.76439],[22.73529,40.76321],[22.73746,40.76298],[22.73766,40.76214],[22.73865,40.76165],[22.73989,40.75989],[22.74711,40.76279],[22.75042,40.75796],[22.75161,40.7584],[22.75307,40.75614],[22.7564,40.7573],[22.75765,40.75667],[22.76001,40.75665],[22.76217,40.75533],[22.76293,40.75392],[22.76409,40.75294],[22.76569,40.75312],[22.76843,40.75239],[22.7693,40.75097],[22.77022,40.75135],[22.77394,40.74532],[22.77549,40.74401],[22.77546,40.73649],[22.77489,40.73175],[22.77706,40.72017],[22.77781,40.71797],[22.78766,40.70597],[22.79928,40.70594],[22.80836,40.70538],[22.8252,40.70053],[22.82831,40.70011],[22.83755,40.6999],[22.84047,40.699],[22.84271,40.69753],[22.8461,40.69376],[22.84891,40.68951],[22.85333,40.68736],[22.85502,40.68901],[22.85894,40.68947],[22.86008,40.69002],[22.85754,40.69354],[22.85301,40.70207],[22.84676,40.71004],[22.84185,40.72117],[22.83711,40.72715],[22.83624,40.72943],[22.83445,40.73856],[22.83435,40.74314],[22.83339,40.74525],[22.83244,40.75027],[22.82947,40.75034],[22.82838,40.75405],[22.82738,40.75839],[22.82838,40.76044],[22.82826,40.76272],[22.82668,40.76566],[22.82801,40.76609],[22.82798,40.76663],[22.82581,40.7755],[22.82714,40.77602],[22.82826,40.77881],[22.83311,40.7816],[22.83587,40.78234],[22.83886,40.78241],[22.84468,40.78331],[22.84615,40.78519],[22.84632,40.78861],[22.84993,40.79073],[22.85342,40.79419],[22.85087,40.79573],[22.85384,40.80258],[22.85561,40.80445],[22.85666,40.80655],[22.85813,40.80686],[22.86019,40.8111],[22.8618,40.81235],[22.86171,40.81337],[22.86427,40.8155],[22.8645,40.81672],[22.86393,40.81779],[22.86574,40.8182],[22.86292,40.82156],[22.86284,40.82393],[22.86666,40.82484],[22.8719,40.82515],[22.87226,40.82567],[22.87354,40.82577],[22.87373,40.82854],[22.87278,40.83009],[22.86777,40.83428],[22.86727,40.83528],[22.86711,40.83755],[22.86834,40.84202],[22.87007,40.84483],[22.87074,40.84521],[22.87158,40.84516],[22.87316,40.8447],[22.87379,40.84486],[22.87476,40.84435],[22.87505,40.84498],[22.87726,40.84578],[22.87822,40.84679],[22.87781,40.84896],[22.87876,40.84996],[22.8854,40.85305],[22.88554,40.85384],[22.89048,40.85741],[22.89201,40.85713],[22.89415,40.85798],[22.89406,40.85943],[22.89458,40.85971],[22.89479,40.85942],[22.89983,40.86312],[22.89988,40.86481],[22.90126,40.86557],[22.90197,40.86909],[22.90158,40.87137],[22.90225,40.87588],[22.89785,40.88434],[22.8983,40.88667],[22.898,40.88803],[22.89874,40.88985],[22.90172,40.89107],[22.90761,40.89752],[22.91163,40.90078],[22.91227,40.90365],[22.90964,40.90454],[22.90887,40.90708],[22.90759,40.90808],[22.90771,40.90943],[22.91078,40.91163],[22.91372,40.91459],[22.91679,40.9162],[22.9203,40.91585],[22.92585,40.91208],[22.92603,40.90941],[22.93025,40.90492],[22.93374,40.90267],[22.93547,40.9002],[22.93674,40.89938],[22.94435,40.90015],[22.94506,40.90138],[22.94662,40.90133],[22.94836,40.90279],[22.95162,40.90324],[22.95273,40.90244],[22.95431,40.8995],[22.95847,40.89582],[22.96199,40.89601],[22.96536,40.89486],[22.96728,40.89547],[22.97253,40.89221],[22.97544,40.89152],[22.97706,40.8918],[22.9816,40.88881],[22.98455,40.88844],[22.98642,40.88721],[22.98667,40.88742],[22.99225,40.88296],[22.99801,40.87912],[23.00014,40.87818],[23.00228,40.87313],[23.00288,40.87362],[23.00364,40.87315],[23.00324,40.87126],[23.00504,40.87162],[23.00826,40.87059],[23.00946,40.87055],[23.01,40.8692],[23.01091,40.86862],[23.01763,40.86078],[23.01916,40.86131],[23.01945,40.86042],[23.01901,40.85968],[23.02213,40.85218],[23.0272,40.85218],[23.02661,40.85099],[23.02749,40.85081],[23.02855,40.84922],[23.02889,40.84732],[23.03043,40.84803],[23.03035,40.84709],[23.03106,40.84677],[23.03398,40.84671],[23.03582,40.84951],[23.03764,40.85118],[23.03888,40.85185],[23.04358,40.85179],[23.04381,40.85249],[23.04836,40.85465],[23.0494,40.85478],[23.05351,40.85752],[23.05844,40.85783],[23.05984,40.85719],[23.06015,40.85726],[23.05977,40.85763],[23.06082,40.85856],[23.06155,40.85874],[23.06302,40.85837],[23.06443,40.85991],[23.0665,40.86096],[23.06798,40.86082],[23.07023,40.86145],[23.06986,40.86341],[23.07017,40.86392],[23.07349,40.86591],[23.07461,40.86765],[23.07567,40.86761],[23.07563,40.86692],[23.07706,40.86748],[23.07801,40.86849],[23.07975,40.86908],[23.08154,40.86914],[23.07999,40.87283],[23.08063,40.87418],[23.08032,40.87528],[23.08131,40.87631],[23.08376,40.87633],[23.08433,40.8777],[23.08588,40.87858],[23.088,40.87822],[23.09104,40.8788],[23.09225,40.87953],[23.09216,40.88029],[23.09554,40.88221],[23.09647,40.88157],[23.09706,40.88179],[23.09741,40.88327],[23.0981,40.88381],[23.10119,40.88595],[23.10332,40.88604],[23.10723,40.88927],[23.10918,40.89104],[23.10907,40.89263],[23.10969,40.8931],[23.11354,40.89431],[23.11485,40.89508],[23.11787,40.8927],[23.11867,40.89266],[23.12041,40.89468],[23.12285,40.89671],[23.12354,40.89686],[23.12457,40.89626],[23.1247,40.8947],[23.12553,40.89371],[23.1277,40.89416],[23.12862,40.8953],[23.12931,40.89553],[23.13043,40.89556],[23.13028,40.89491],[23.13236,40.89483],[23.13388,40.89401],[23.13446,40.89229],[23.13562,40.89144],[23.1348,40.89008],[23.13528,40.88804],[23.13631,40.88644],[23.13531,40.88409],[23.13544,40.88332],[23.13701,40.88186],[23.13954,40.88099],[23.14004,40.87938],[23.14069,40.87879],[23.1436,40.87762],[23.14318,40.87745],[23.14324,40.87688],[23.14352,40.87718],[23.1449,40.87675],[23.14514,40.87612],[23.14604,40.87629],[23.14556,40.87569],[23.14654,40.87533],[23.14962,40.8772],[23.15057,40.87859],[23.15093,40.87838],[23.15095,40.87969],[23.15215,40.88049],[23.15307,40.88036],[23.15376,40.88099],[23.15497,40.88063],[23.15628,40.8808],[23.15579,40.88152],[23.15717,40.88167],[23.15756,40.88237],[23.16216,40.88309],[23.16372,40.88466],[23.16561,40.88517],[23.16824,40.88474],[23.17154,40.88514],[23.17508,40.88644],[23.1775,40.88534],[23.17828,40.88661],[23.18033,40.88732],[23.1809,40.88736],[23.18142,40.88655],[23.18238,40.88675],[23.18586,40.88511],[23.18844,40.88568],[23.19222,40.88474],[23.19776,40.88438],[23.20274,40.88339],[23.20778,40.88407],[23.20936,40.88315],[23.21615,40.8842],[23.21723,40.88445],[23.21776,40.88526],[23.21892,40.88529],[23.21852,40.88472],[23.21871,40.88327],[23.22185,40.87935],[23.22376,40.8778],[23.22637,40.87293],[23.22674,40.87057],[23.22759,40.86986],[23.22767,40.86886],[23.22852,40.86776],[23.22994,40.86754],[23.23194,40.86779],[23.23362,40.86656],[23.23811,40.86497],[23.23939,40.86308],[23.23979,40.86136],[23.24269,40.86097],[23.24452,40.86203],[23.24516,40.8615],[23.24637,40.86194],[23.24714,40.86134],[23.24806,40.86209],[23.24957,40.86155],[23.25047,40.8627],[23.25092,40.86226],[23.24863,40.859],[23.25007,40.85817],[23.25024,40.85683],[23.25173,40.85648],[23.25154,40.85543],[23.25444,40.85295],[23.25639,40.85249],[23.25723,40.85102],[23.26079,40.85105],[23.26221,40.85002],[23.26484,40.84992],[23.26833,40.84873],[23.26886,40.84794],[23.27049,40.84728],[23.27194,40.84728],[23.27306,40.84654],[23.27388,40.84531],[23.27344,40.84372],[23.27442,40.84309],[23.27662,40.84332],[23.27755,40.84256],[23.2776,40.84334],[23.27982,40.84303],[23.27994,40.84168],[23.28157,40.84135],[23.2849,40.83931],[23.28518,40.83788],[23.2861,40.83727],[23.28757,40.83782],[23.28848,40.83775],[23.28917,40.83724],[23.29036,40.8373],[23.29054,40.83676],[23.29255,40.8364],[23.29505,40.83464],[23.29584,40.83476],[23.29812,40.83367],[23.29988,40.83369],[23.30048,40.83296],[23.30016,40.83205],[23.30095,40.83299],[23.302,40.83261],[23.30259,40.83148],[23.3034,40.83098],[23.30526,40.83047],[23.30699,40.83059],[23.30636,40.82995],[23.31271,40.82968],[23.31323,40.82919],[23.31319,40.82845],[23.31448,40.82881],[23.31697,40.8285],[23.31792,40.82871],[23.32042,40.82737],[23.32124,40.82846],[23.32223,40.82883],[23.32351,40.82804],[23.32658,40.82742],[23.32706,40.82635],[23.32797,40.82716],[23.32918,40.82663],[23.32993,40.82715],[23.33108,40.82712],[23.33217,40.82854],[23.33216,40.82921],[23.33294,40.82941],[23.33324,40.83152],[23.33379,40.83175],[23.33409,40.83279],[23.33472,40.83301],[23.33561,40.83429],[23.33651,40.83427],[23.33535,40.83083],[23.33584,40.82953],[23.33725,40.83041],[23.33742,40.82887],[23.33779,40.82874],[23.33841,40.82895],[23.34031,40.82833],[23.3414,40.82896],[23.3421,40.82761],[23.34273,40.82813],[23.34373,40.82765],[23.3445,40.8265],[23.34457,40.82732],[23.34703,40.82925],[23.34862,40.8296],[23.34914,40.83017],[23.35015,40.83924],[23.35117,40.84142],[23.35107,40.84368],[23.35021,40.8459],[23.35097,40.85021],[23.35087,40.84987],[23.35264,40.85218],[23.35294,40.85423],[23.35132,40.85529],[23.3533,40.85586],[23.35019,40.85793],[23.35156,40.85788],[23.35206,40.85854],[23.35112,40.85969],[23.35217,40.85999],[23.35173,40.861],[23.35255,40.86155],[23.35084,40.86375],[23.3503,40.8631],[23.34908,40.86337],[23.34983,40.86496],[23.3488,40.86581],[23.3464,40.86586],[23.34841,40.86763],[23.35009,40.86788],[23.35089,40.86755],[23.35214,40.86873],[23.35124,40.87337],[23.34937,40.87763],[23.34927,40.87986],[23.34762,40.88174],[23.34851,40.88361],[23.3541,40.88893],[23.3551,40.89105],[23.35756,40.89975],[23.3589,40.90127],[23.359,40.90338],[23.3608,40.90467],[23.36217,40.91013],[23.3646,40.91087],[23.36501,40.91302],[23.36691,40.91391],[23.36876,40.91407],[23.37299,40.91113],[23.37553,40.91047],[23.37591,40.91168],[23.37869,40.91104],[23.37973,40.91273],[23.37856,40.91394],[23.38074,40.91526],[23.38315,40.91591],[23.38849,40.91578],[23.39099,40.91651],[23.39324,40.91573],[23.39897,40.91684],[23.40664,40.91652],[23.40798,40.91769],[23.41092,40.91817],[23.41205,40.91871],[23.41365,40.91869],[23.41568,40.91941],[23.4181,40.91874],[23.41982,40.91895],[23.42283,40.9185],[23.42684,40.91873],[23.42763,40.91836],[23.43124,40.91857],[23.43222,40.91901],[23.4351,40.91852],[23.43742,40.91717],[23.43957,40.91719],[23.44072,40.91671],[23.44371,40.91687],[23.44591,40.91569],[23.44693,40.91628],[23.44754,40.91576],[23.44923,40.9156],[23.45175,40.91618],[23.45305,40.91574],[23.45565,40.91591],[23.45844,40.91522],[23.45899,40.91479],[23.46492,40.91408],[23.47211,40.91451],[23.4743,40.91379],[23.47623,40.91411],[23.47963,40.91372],[23.48182,40.91543],[23.48408,40.91646],[23.48498,40.91612],[23.48523,40.91633],[23.48632,40.91571],[23.49116,40.91215],[23.49304,40.91142],[23.49537,40.91136]]}},{"type":"Feature","properties":{"name":"TET_GR-11_20260426","country":"GR","lengthKm":450},"geometry":{"type":"LineString","coordinates":[[23.49542,40.91122],[23.49804,40.91203],[23.50124,40.91244],[23.50596,40.94398],[23.50971,40.9481],[23.51207,40.94851],[23.51229,40.95476],[23.51057,40.97761],[23.51042,40.98475],[23.51106,40.98935],[23.51306,40.99222],[23.51499,40.99677],[23.52076,41.00563],[23.52096,41.00874],[23.51913,41.01445],[23.51984,41.02155],[23.5225,41.03052],[23.52847,41.04331],[23.53819,41.0599],[23.54014,41.06415],[23.54035,41.07578],[23.5431,41.07556],[23.54516,41.07498],[23.54926,41.07277],[23.55203,41.07183],[23.55548,41.07166],[23.55816,41.07224],[23.56593,41.07631],[23.57016,41.07906],[23.58065,41.09129],[23.58125,41.09153],[23.58593,41.09063],[23.59256,41.09005],[23.59589,41.08925],[23.59595,41.08865],[23.59726,41.08831],[23.59765,41.08885],[23.60312,41.08747],[23.61616,41.08526],[23.61737,41.08576],[23.62157,41.08528],[23.62331,41.08552],[23.62897,41.08754],[23.6338,41.09028],[23.64052,41.09181],[23.64181,41.09282],[23.64573,41.0941],[23.64719,41.09509],[23.64769,41.09612],[23.64987,41.09676],[23.65028,41.09782],[23.65324,41.1005],[23.65432,41.10099],[23.65762,41.10133],[23.66296,41.10082],[23.66648,41.10121],[23.66788,41.10189],[23.67146,41.10232],[23.67313,41.10217],[23.67543,41.10129],[23.67762,41.1026],[23.67854,41.10277],[23.68038,41.102],[23.67969,41.1022],[23.68048,41.10274],[23.67928,41.10342],[23.68027,41.10362],[23.68168,41.10509],[23.68249,41.11117],[23.68427,41.11183],[23.68802,41.11127],[23.69159,41.11237],[23.69547,41.11219],[23.69614,41.11279],[23.69746,41.11131],[23.69706,41.11282],[23.69811,41.11416],[23.69875,41.11346],[23.70033,41.11511],[23.70366,41.11595],[23.70471,41.11673],[23.70679,41.11648],[23.70861,41.11763],[23.70845,41.11861],[23.70892,41.11967],[23.7106,41.11958],[23.71142,41.11894],[23.71175,41.12054],[23.71304,41.12108],[23.71347,41.12387],[23.71488,41.12288],[23.71523,41.12302],[23.7149,41.12493],[23.71536,41.1268],[23.71666,41.12905],[23.7171,41.13194],[23.71825,41.13187],[23.7197,41.13284],[23.72218,41.13324],[23.72272,41.1339],[23.72258,41.13499],[23.72359,41.1343],[23.72503,41.13397],[23.72774,41.13524],[23.73063,41.13602],[23.73112,41.13652],[23.7341,41.1378],[23.73484,41.13777],[23.73785,41.13934],[23.74224,41.14215],[23.74498,41.14312],[23.74615,41.1443],[23.75082,41.14612],[23.75263,41.1464],[23.75582,41.14801],[23.75655,41.1492],[23.75891,41.15069],[23.76034,41.15284],[23.76502,41.1566],[23.76594,41.15695],[23.76704,41.15868],[23.7697,41.16104],[23.77111,41.16179],[23.77194,41.16376],[23.77528,41.16558],[23.77534,41.16508],[23.77431,41.16384],[23.77449,41.16326],[23.77686,41.16519],[23.77938,41.16617],[23.78024,41.16567],[23.78027,41.16666],[23.78134,41.16714],[23.78276,41.16708],[23.78344,41.16653],[23.78451,41.16692],[23.78586,41.1664],[23.78569,41.16732],[23.78774,41.168],[23.78723,41.16843],[23.7878,41.16962],[23.78746,41.17193],[23.78689,41.17284],[23.78852,41.17581],[23.78705,41.17811],[23.78641,41.18004],[23.78706,41.18106],[23.78645,41.18297],[23.78664,41.18374],[23.78717,41.18389],[23.78683,41.18289],[23.78812,41.18121],[23.78876,41.1793],[23.78991,41.17851],[23.78935,41.1792],[23.79,41.17894],[23.79207,41.17706],[23.79198,41.17776],[23.79272,41.17766],[23.79375,41.17662],[23.79522,41.17875],[23.79598,41.17892],[23.79568,41.1793],[23.79893,41.17956],[23.80077,41.17879],[23.8002,41.17986],[23.80082,41.18017],[23.7998,41.18085],[23.80125,41.18084],[23.79948,41.1812],[23.79919,41.18173],[23.80043,41.18138],[23.80227,41.18148],[23.80208,41.18187],[23.80059,41.18199],[23.79991,41.18259],[23.8,41.18283],[23.80117,41.18252],[23.80249,41.18293],[23.80114,41.18315],[23.80106,41.1838],[23.80007,41.18404],[23.8003,41.18455],[23.8004,41.18422],[23.80204,41.18462],[23.8022,41.18521],[23.80153,41.18536],[23.80315,41.1858],[23.80356,41.18528],[23.80296,41.1845],[23.80485,41.18396],[23.80574,41.18285],[23.80636,41.18372],[23.80638,41.18479],[23.80808,41.18506],[23.80736,41.18548],[23.80752,41.18587],[23.80927,41.18601],[23.81438,41.18793],[23.81477,41.18758],[23.81814,41.1881],[23.81671,41.1887],[23.81739,41.18936],[23.81736,41.19081],[23.81787,41.19152],[23.81915,41.19167],[23.8186,41.19214],[23.81768,41.19218],[23.8187,41.19572],[23.82068,41.19942],[23.82023,41.20008],[23.82083,41.20048],[23.82643,41.21013],[23.82767,41.21129],[23.83082,41.2123],[23.83226,41.2137],[23.83538,41.21488],[23.8354,41.21742],[23.83613,41.21831],[23.83577,41.21855],[23.83436,41.21837],[23.83303,41.21893],[23.83146,41.22045],[23.82686,41.22363],[23.82528,41.22629],[23.82393,41.23006],[23.82419,41.2321],[23.8238,41.23358],[23.82308,41.23415],[23.82344,41.23543],[23.82252,41.23692],[23.82273,41.23806],[23.82225,41.23893],[23.82139,41.23934],[23.82157,41.24025],[23.82036,41.24143],[23.82127,41.24181],[23.82149,41.24361],[23.82138,41.24394],[23.82048,41.24411],[23.82024,41.24477],[23.82172,41.2451],[23.82052,41.24606],[23.82214,41.24597],[23.82318,41.24537],[23.82353,41.24556],[23.82223,41.24669],[23.82161,41.24798],[23.82093,41.251],[23.81627,41.25036],[23.813,41.24882],[23.81032,41.24848],[23.81036,41.2477],[23.81133,41.24726],[23.81004,41.24668],[23.81091,41.24531],[23.81031,41.24457],[23.81035,41.24367],[23.80921,41.24298],[23.80995,41.24019],[23.80966,41.23953],[23.80905,41.2397],[23.80914,41.24173],[23.80837,41.24291],[23.80892,41.24494],[23.80743,41.24613],[23.80767,41.24683],[23.80653,41.2486],[23.80663,41.25169],[23.80517,41.25319],[23.80714,41.25463],[23.80786,41.25471],[23.80841,41.25722],[23.80707,41.25941],[23.80656,41.26308],[23.8054,41.26398],[23.80533,41.26476],[23.80395,41.2636],[23.80306,41.26429],[23.80191,41.26392],[23.8019,41.26305],[23.80109,41.26268],[23.80037,41.26325],[23.7981,41.26278],[23.79838,41.2618],[23.79727,41.26105],[23.79549,41.26059],[23.79326,41.26104],[23.79279,41.26064],[23.79076,41.2607],[23.79013,41.26033],[23.78815,41.26037],[23.7873,41.26093],[23.78621,41.26053],[23.78558,41.26075],[23.78441,41.26216],[23.78232,41.26302],[23.78229,41.2643],[23.78175,41.26484],[23.7831,41.26619],[23.78387,41.26632],[23.78521,41.26742],[23.78456,41.26815],[23.78451,41.26754],[23.78387,41.26731],[23.78364,41.26846],[23.78181,41.26912],[23.78059,41.27028],[23.78086,41.27122],[23.78032,41.27173],[23.77907,41.27175],[23.78166,41.27451],[23.7846,41.27452],[23.7863,41.27508],[23.78833,41.27654],[23.79147,41.27637],[23.79195,41.27691],[23.79372,41.27731],[23.7942,41.27716],[23.79469,41.27586],[23.79601,41.27625],[23.79654,41.27537],[23.79785,41.27684],[23.80192,41.27713],[23.80406,41.27612],[23.80684,41.27581],[23.80842,41.27639],[23.80919,41.27737],[23.8102,41.27767],[23.813,41.27748],[23.81494,41.27614],[23.81744,41.27554],[23.82318,41.27667],[23.82509,41.27807],[23.82409,41.28035],[23.82235,41.28245],[23.82193,41.28452],[23.82702,41.28805],[23.82872,41.28857],[23.83165,41.28839],[23.83707,41.2869],[23.84164,41.2875],[23.84566,41.28559],[23.84737,41.28527],[23.85267,41.28553],[23.85366,41.28626],[23.85278,41.28962],[23.85319,41.294],[23.84944,41.29587],[23.84797,41.29761],[23.84764,41.299],[23.84915,41.302],[23.85112,41.30366],[23.85805,41.3071],[23.85883,41.30692],[23.86738,41.30123],[23.87061,41.2981],[23.87596,41.29849],[23.88174,41.29822],[23.88864,41.29681],[23.88887,41.2964],[23.89144,41.29568],[23.89295,41.29484],[23.8964,41.29058],[23.90417,41.28452],[23.90292,41.28661],[23.90309,41.28828],[23.90377,41.28686],[23.90641,41.28561],[23.91049,41.2867],[23.91295,41.2883],[23.91414,41.28762],[23.91454,41.2868],[23.91523,41.28662],[23.91902,41.28797],[23.91991,41.28887],[23.92276,41.28934],[23.9238,41.28987],[23.92546,41.28984],[23.92698,41.28921],[23.92812,41.28987],[23.92918,41.28889],[23.9286,41.28894],[23.92897,41.28853],[23.93203,41.28765],[23.93402,41.28815],[23.93713,41.29058],[23.94022,41.29155],[23.94447,41.2919],[23.94663,41.29245],[23.94752,41.2921],[23.95253,41.29239],[23.95604,41.29185],[23.95981,41.29185],[23.96164,41.29129],[23.96334,41.29009],[23.96561,41.28939],[23.9679,41.28786],[23.97162,41.28403],[23.97392,41.28303],[23.97447,41.28206],[23.97757,41.27963],[23.97883,41.28086],[23.98137,41.28085],[23.98321,41.28266],[23.98291,41.2838],[23.98405,41.28727],[23.98404,41.28859],[23.98563,41.29109],[23.98523,41.29275],[23.98627,41.29617],[23.98632,41.3009],[23.98476,41.30134],[23.98559,41.30251],[23.98477,41.30291],[23.98553,41.3034],[23.98713,41.30319],[23.98891,41.30127],[23.98928,41.30135],[23.9883,41.30414],[23.98575,41.30797],[23.98448,41.30843],[23.9843,41.30886],[23.98553,41.30905],[23.98697,41.30793],[23.98939,41.30724],[23.99111,41.30599],[23.99433,41.30471],[23.99481,41.3049],[23.9938,41.30594],[23.9941,41.30847],[23.99288,41.30997],[23.9931,41.31451],[23.99156,41.31849],[23.99051,41.31953],[23.99119,41.32043],[23.99481,41.32022],[23.99596,41.31833],[23.9966,41.31802],[23.99673,41.31711],[23.99917,41.31587],[24.00203,41.31646],[24.00189,41.31765],[24.00281,41.31745],[24.00725,41.3195],[24.00932,41.31875],[24.00962,41.31938],[24.01272,41.32041],[24.0128,41.32102],[24.01551,41.3244],[24.01732,41.32505],[24.01855,41.32831],[24.02207,41.3301],[24.02393,41.33038],[24.02511,41.33111],[24.02819,41.32821],[24.02933,41.32933],[24.03173,41.33039],[24.03385,41.33061],[24.03865,41.32968],[24.04012,41.33049],[24.04484,41.33043],[24.04633,41.33096],[24.04825,41.33073],[24.0497,41.3322],[24.0515,41.33289],[24.05118,41.33418],[24.05151,41.33482],[24.05464,41.33621],[24.05653,41.33615],[24.05535,41.33676],[24.05617,41.33733],[24.06106,41.33518],[24.06278,41.33505],[24.06425,41.33444],[24.06611,41.33487],[24.06712,41.33404],[24.06782,41.33456],[24.06962,41.33451],[24.07072,41.33333],[24.07151,41.33376],[24.07188,41.33495],[24.07312,41.33608],[24.07487,41.33654],[24.07516,41.33696],[24.07833,41.3359],[24.08096,41.33616],[24.0816,41.33571],[24.08155,41.3351],[24.08332,41.33461],[24.08578,41.33316],[24.08491,41.33256],[24.0834,41.33224],[24.08511,41.33103],[24.08749,41.33041],[24.08757,41.32952],[24.08865,41.32832],[24.09156,41.32976],[24.09543,41.32932],[24.09662,41.33003],[24.09738,41.32961],[24.09835,41.33007],[24.09903,41.33087],[24.09908,41.3323],[24.10052,41.33364],[24.10087,41.33469],[24.10158,41.33475],[24.10107,41.33127],[24.10351,41.333],[24.10472,41.3329],[24.10424,41.33166],[24.10517,41.33143],[24.10305,41.32948],[24.10407,41.32892],[24.10399,41.32851],[24.10603,41.32943],[24.10539,41.32538],[24.10749,41.32665],[24.10904,41.32607],[24.11014,41.32662],[24.11075,41.32729],[24.11078,41.32832],[24.11189,41.32934],[24.11336,41.32864],[24.11286,41.3264],[24.11358,41.32588],[24.11387,41.32442],[24.11601,41.3256],[24.11696,41.32537],[24.11764,41.32722],[24.11974,41.32668],[24.12037,41.3269],[24.11978,41.32437],[24.12106,41.32427],[24.12199,41.3236],[24.12294,41.32435],[24.12299,41.32527],[24.12354,41.32579],[24.12329,41.32639],[24.12436,41.32645],[24.12499,41.32687],[24.12639,41.3265],[24.12614,41.32586],[24.12725,41.3251],[24.12984,41.3254],[24.13086,41.32357],[24.1307,41.32244],[24.13196,41.32264],[24.13326,41.32152],[24.13236,41.32064],[24.13281,41.32019],[24.13269,41.31842],[24.13439,41.31916],[24.13723,41.31883],[24.13666,41.31983],[24.13796,41.32054],[24.13751,41.32141],[24.13783,41.32195],[24.13954,41.32205],[24.14178,41.32096],[24.14127,41.32302],[24.14206,41.32301],[24.14212,41.32416],[24.14335,41.3236],[24.14422,41.32363],[24.14391,41.32436],[24.14464,41.32526],[24.14724,41.32511],[24.14875,41.32602],[24.15048,41.32528],[24.15112,41.32611],[24.15417,41.32628],[24.15633,41.32469],[24.15706,41.32249],[24.15589,41.3198],[24.15397,41.31943],[24.1525,41.31659],[24.1509,41.3153],[24.15125,41.31509],[24.15244,41.31562],[24.15338,41.31461],[24.15507,41.31514],[24.1539,41.31579],[24.15413,41.31813],[24.15684,41.31788],[24.15722,41.31894],[24.15895,41.31943],[24.15995,41.32232],[24.16132,41.3228],[24.16363,41.32034],[24.16473,41.3217],[24.16548,41.32175],[24.16518,41.32241],[24.16639,41.32349],[24.16979,41.32201],[24.17071,41.32094],[24.1716,41.3211],[24.17305,41.32025],[24.1731,41.3183],[24.17429,41.31816],[24.1745,41.31783],[24.17391,41.31709],[24.17417,41.31599],[24.17357,41.31512],[24.17492,41.31545],[24.17533,41.31457],[24.17585,41.31503],[24.17661,41.31486],[24.17893,41.31336],[24.18,41.31082],[24.18232,41.31171],[24.18311,41.31289],[24.18517,41.31244],[24.18577,41.3127],[24.18713,41.30987],[24.18712,41.30871],[24.18625,41.30817],[24.18642,41.30757],[24.1884,41.30695],[24.18818,41.30596],[24.19242,41.30466],[24.19559,41.30214],[24.19715,41.30174],[24.19839,41.30074],[24.20009,41.30013],[24.20115,41.29912],[24.20576,41.2991],[24.207,41.2994],[24.20899,41.30084],[24.21267,41.3015],[24.21267,41.30282],[24.2136,41.3029],[24.2122,41.3056],[24.21283,41.30575],[24.21374,41.30529],[24.21479,41.30649],[24.21629,41.30685],[24.21803,41.30883],[24.21799,41.31019],[24.2195,41.31131],[24.22007,41.31297],[24.21994,41.31353],[24.21888,41.31412],[24.21733,41.31436],[24.21497,41.31353],[24.21407,41.31391],[24.21348,41.3156],[24.21401,41.31585],[24.2152,41.31558],[24.21525,41.31594],[24.21271,41.31791],[24.21173,41.31814],[24.21179,41.31862],[24.21274,41.31897],[24.21126,41.31882],[24.21078,41.31772],[24.21022,41.31795],[24.21034,41.32452],[24.20763,41.32663],[24.20846,41.32846],[24.20846,41.33089],[24.20933,41.33172],[24.20973,41.33344],[24.20725,41.33367],[24.20705,41.33518],[24.20452,41.33356],[24.20398,41.33412],[24.20279,41.33433],[24.20486,41.33514],[24.20635,41.33721],[24.20814,41.33843],[24.20891,41.33972],[24.20779,41.34099],[24.20638,41.34156],[24.2043,41.34039],[24.20363,41.34239],[24.20034,41.34516],[24.19963,41.34689],[24.19775,41.34632],[24.19648,41.34633],[24.19527,41.34749],[24.19394,41.34706],[24.19181,41.34742],[24.1881,41.34727],[24.1922,41.34819],[24.19317,41.34789],[24.19616,41.34881],[24.19681,41.34931],[24.19751,41.35113],[24.19838,41.35169],[24.19969,41.35176],[24.20101,41.35125],[24.20309,41.35137],[24.20401,41.35239],[24.204,41.35329],[24.20549,41.35448],[24.20681,41.35445],[24.20771,41.35379],[24.20752,41.35186],[24.208,41.35139],[24.20785,41.35222],[24.20982,41.35418],[24.2087,41.35215],[24.21092,41.35176],[24.20998,41.35239],[24.21121,41.35404],[24.21081,41.35294],[24.21295,41.35273],[24.21529,41.35396],[24.21682,41.35396],[24.2177,41.35469],[24.21863,41.35465],[24.21982,41.35574],[24.21912,41.35694],[24.2203,41.35763],[24.2203,41.35872],[24.22307,41.36493],[24.22488,41.36614],[24.22519,41.36677],[24.22675,41.36739],[24.2277,41.36728],[24.2276,41.36791],[24.22815,41.36813],[24.22743,41.3688],[24.22624,41.36851],[24.22541,41.36894],[24.22456,41.37059],[24.22318,41.3699],[24.22201,41.37023],[24.22228,41.37149],[24.22183,41.37263],[24.21988,41.37114],[24.21858,41.37155],[24.21788,41.37082],[24.21691,41.37057],[24.21597,41.37092],[24.21566,41.37191],[24.21399,41.37068],[24.21272,41.37164],[24.21147,41.37096],[24.2099,41.37154],[24.2088,41.37115],[24.20841,41.37246],[24.20936,41.37432],[24.20698,41.37493],[24.20655,41.37579],[24.20703,41.37679],[24.20473,41.37843],[24.20589,41.37925],[24.2047,41.38007],[24.20533,41.38082],[24.20546,41.38216],[24.20402,41.38197],[24.20303,41.38242],[24.20245,41.38301],[24.20237,41.38416],[24.20314,41.38454],[24.20312,41.38551],[24.20448,41.38722],[24.20631,41.3875],[24.20719,41.38691],[24.20841,41.38709],[24.2078,41.38783],[24.20558,41.38908],[24.20568,41.39161],[24.20623,41.3922],[24.20512,41.39233],[24.20557,41.39326],[24.20698,41.3934],[24.21014,41.39487],[24.21185,41.3961],[24.21502,41.39695],[24.21483,41.39815],[24.21408,41.39868],[24.21924,41.40396],[24.21912,41.40453],[24.22023,41.40599],[24.22007,41.40697],[24.21677,41.40736],[24.21601,41.40845],[24.21465,41.40859],[24.2144,41.40943],[24.21297,41.40963],[24.21203,41.41129],[24.21353,41.41343],[24.21719,41.41317],[24.21902,41.41377],[24.22005,41.41471],[24.22108,41.41504],[24.22075,41.41532],[24.21876,41.41485],[24.21603,41.41493],[24.21449,41.41584],[24.21459,41.41606],[24.21619,41.41539],[24.21884,41.41611],[24.22007,41.41703],[24.22051,41.41808],[24.21997,41.41924],[24.22003,41.41811],[24.2188,41.41732],[24.21944,41.42155],[24.2199,41.42215],[24.21853,41.42388],[24.21921,41.42616],[24.21891,41.42778],[24.21682,41.42866],[24.21698,41.43013],[24.21758,41.43054],[24.21619,41.43108],[24.21519,41.43388],[24.21559,41.43613],[24.21632,41.437],[24.21565,41.4376],[24.21607,41.43864],[24.21521,41.43915],[24.21457,41.44037],[24.21541,41.44133],[24.21532,41.44273],[24.21692,41.44331],[24.2174,41.444],[24.21877,41.44391],[24.22039,41.44438],[24.22129,41.44565],[24.2221,41.44602],[24.22365,41.4459],[24.22637,41.44485],[24.22538,41.44756],[24.23093,41.44685],[24.2335,41.44793],[24.23605,41.4483],[24.23672,41.44877],[24.24038,41.44791],[24.2407,41.44873],[24.24657,41.45048],[24.24608,41.45081],[24.24479,41.45076],[24.24337,41.45143],[24.24178,41.45154],[24.24379,41.45553],[24.24576,41.45612],[24.24541,41.45654],[24.24282,41.45621],[24.24239,41.45533],[24.24101,41.45456],[24.23796,41.45443],[24.23759,41.45381],[24.2366,41.45375],[24.23665,41.45295],[24.23586,41.45256],[24.23382,41.45335],[24.23276,41.45279],[24.231,41.45362],[24.23116,41.45395],[24.23376,41.45468],[24.23366,41.4556],[24.23416,41.45642],[24.2367,41.45703],[24.2358,41.45939],[24.23438,41.46007],[24.23461,41.46054],[24.23321,41.46152],[24.23348,41.46239],[24.23527,41.46367],[24.2375,41.46312],[24.239,41.46332],[24.23845,41.4647],[24.2397,41.4659],[24.23815,41.46639],[24.23887,41.46868],[24.24197,41.47317],[24.24324,41.47364],[24.2451,41.47616],[24.24514,41.47658],[24.24389,41.47744],[24.24382,41.47929],[24.24507,41.4821],[24.2447,41.48242],[24.2438,41.4823],[24.24406,41.48324],[24.24356,41.48383],[24.24466,41.48523],[24.24273,41.48642],[24.23919,41.48729],[24.23897,41.49064],[24.23717,41.49243],[24.23785,41.4954],[24.23951,41.498],[24.23946,41.4987],[24.23885,41.49916],[24.23936,41.50057],[24.23844,41.50178],[24.2373,41.50247],[24.23853,41.50633],[24.2382,41.50699],[24.23878,41.50721],[24.23873,41.50525],[24.23943,41.50489],[24.23938,41.50331],[24.2413,41.50305],[24.24112,41.50205],[24.242,41.5021],[24.24281,41.50166],[24.2431,41.50052],[24.24402,41.50011],[24.24406,41.49887],[24.24446,41.4986],[24.24572,41.49941],[24.2491,41.49995],[24.25059,41.50175],[24.25173,41.50169],[24.25203,41.50115],[24.25245,41.50121],[24.25316,41.50243],[24.25494,41.50183],[24.25549,41.50211],[24.25693,41.50195],[24.2618,41.50339],[24.26198,41.50281],[24.26379,41.50269],[24.26584,41.50364],[24.26519,41.50223],[24.2692,41.50165],[24.27168,41.50274],[24.27265,41.50267],[24.2744,41.50444],[24.27622,41.50408],[24.27788,41.5045],[24.27917,41.50529],[24.27953,41.50636],[24.28045,41.50619],[24.28374,41.50711],[24.28424,41.50775],[24.28504,41.50739],[24.28683,41.50775],[24.28543,41.50667],[24.28541,41.50608],[24.28215,41.50444],[24.27935,41.50187],[24.28304,41.50404],[24.28543,41.50489],[24.28693,41.5049],[24.28736,41.50587],[24.28854,41.50515],[24.28992,41.50643],[24.29102,41.50674],[24.29194,41.50655],[24.2927,41.50702],[24.29335,41.50567],[24.29452,41.50541],[24.29487,41.50444],[24.29542,41.50473],[24.2971,41.50458],[24.30012,41.503],[24.30052,41.5022],[24.30175,41.50259],[24.30353,41.5014],[24.3069,41.50021],[24.30741,41.49983],[24.30713,41.49774],[24.30744,41.49731],[24.30863,41.49615],[24.31108,41.49548],[24.31389,41.49625],[24.31301,41.49729],[24.31398,41.49844],[24.31322,41.50133],[24.31558,41.50381],[24.3162,41.50398],[24.31692,41.50495],[24.31658,41.50562],[24.31789,41.50489],[24.31869,41.50516],[24.32057,41.50446],[24.32206,41.50444],[24.3262,41.50696],[24.32547,41.50764],[24.3265,41.50756],[24.32808,41.5081],[24.32926,41.50915],[24.33041,41.50808],[24.33473,41.5068],[24.33496,41.50618],[24.33605,41.50594],[24.33555,41.5056],[24.33683,41.50493],[24.33814,41.50484],[24.34015,41.50399],[24.3415,41.50408],[24.34236,41.50596],[24.34322,41.50534],[24.34437,41.50634],[24.34459,41.50531],[24.34555,41.50494],[24.34626,41.50541],[24.34693,41.50517],[24.34815,41.50617],[24.34845,41.5048],[24.34927,41.50464],[24.34925,41.50323],[24.34984,41.50235],[24.34761,41.50137],[24.34766,41.50082],[24.34865,41.50031],[24.35114,41.50026],[24.35059,41.501],[24.35092,41.50315],[24.35183,41.50389],[24.35273,41.50356],[24.35377,41.50388],[24.35374,41.50454],[24.35474,41.50599],[24.3566,41.50498],[24.3562,41.50413],[24.35749,41.5018],[24.35939,41.5007],[24.36149,41.50074],[24.36328,41.50002],[24.36444,41.5009],[24.36454,41.50243],[24.36569,41.50245],[24.36697,41.50396],[24.36826,41.50423],[24.36871,41.50688],[24.36936,41.50635],[24.36964,41.50529],[24.37119,41.50429],[24.3728,41.5043],[24.37466,41.50495],[24.37557,41.5043],[24.37587,41.50291],[24.37659,41.50247],[24.37714,41.50419],[24.3777,41.50424],[24.37924,41.50359],[24.38084,41.50206],[24.38254,41.50137],[24.38331,41.50254],[24.38447,41.50269],[24.38507,41.50324],[24.38426,41.50464],[24.38564,41.50517],[24.38739,41.5053],[24.38643,41.50692],[24.38389,41.50711],[24.38335,41.5076],[24.38602,41.50847],[24.38758,41.50842],[24.38867,41.50732],[24.39259,41.50576],[24.39427,41.50621],[24.3931,41.50693],[24.39438,41.50762],[24.39434,41.51013],[24.39476,41.51137],[24.39583,41.51247],[24.39636,41.51425],[24.39598,41.5159],[24.39717,41.51454],[24.39687,41.51332],[24.39717,41.51304],[24.40167,41.51411],[24.40268,41.51415],[24.40388,41.51359],[24.40234,41.51348],[24.40049,41.51205],[24.39961,41.51196],[24.3982,41.51086],[24.39876,41.51029],[24.39716,41.50973],[24.39785,41.50889],[24.3999,41.50824],[24.39999,41.50759],[24.39897,41.50681],[24.39901,41.50615],[24.40194,41.50524],[24.4016,41.50491],[24.39997,41.50477],[24.39939,41.50358],[24.40049,41.50272],[24.39939,41.50168],[24.40343,41.502],[24.40229,41.50022],[24.40276,41.4986],[24.40343,41.49794],[24.40546,41.49816],[24.40856,41.49723],[24.41022,41.49787],[24.41077,41.49642],[24.41014,41.49543],[24.41111,41.49488],[24.4111,41.49406],[24.41218,41.49383],[24.41308,41.4916],[24.41479,41.49133],[24.41474,41.48962],[24.41295,41.48674],[24.4146,41.48644],[24.41647,41.48542],[24.41891,41.48523],[24.41946,41.48575],[24.42121,41.48582],[24.42049,41.48738],[24.4207,41.48852],[24.42173,41.48935],[24.42234,41.49083],[24.42181,41.49105],[24.42032,41.49066],[24.41984,41.49105],[24.41847,41.49082],[24.41838,41.49173],[24.42188,41.49284],[24.42229,41.49375],[24.42349,41.49345],[24.42457,41.49393],[24.42596,41.49349],[24.42653,41.49226],[24.42865,41.49193],[24.42861,41.49326],[24.42727,41.49414],[24.42818,41.49509],[24.4283,41.49602],[24.42964,41.49541],[24.43081,41.49574],[24.43149,41.49657],[24.4312,41.49775],[24.43195,41.49847],[24.43204,41.49936],[24.43017,41.50028],[24.4302,41.50059],[24.4337,41.50005],[24.43354,41.49795],[24.43478,41.49713],[24.43589,41.49773],[24.43673,41.4976],[24.43904,41.49875],[24.43703,41.49675],[24.43393,41.4955],[24.4334,41.49497],[24.43283,41.49269],[24.43353,41.49221],[24.43336,41.49127],[24.43413,41.49064],[24.43403,41.49011],[24.43544,41.48968],[24.43522,41.48915],[24.43583,41.48781],[24.43529,41.48524],[24.43633,41.48449],[24.43573,41.48408],[24.43644,41.48322],[24.43619,41.48147],[24.437,41.48074],[24.43994,41.4804],[24.43855,41.48007],[24.4374,41.47913],[24.43746,41.47795],[24.43869,41.47677],[24.44053,41.47613],[24.44036,41.47446],[24.44118,41.474],[24.4413,41.47302],[24.44353,41.47208],[24.44424,41.47218],[24.44407,41.47153],[24.44528,41.47008],[24.445,41.46956],[24.4463,41.46836],[24.45014,41.46617],[24.45181,41.46477],[24.45205,41.46404],[24.45476,41.46385],[24.45546,41.46307],[24.45545,41.46183],[24.45614,41.46135],[24.45811,41.46108],[24.45826,41.46199],[24.45871,41.46193],[24.45904,41.46049],[24.46133,41.45684],[24.46099,41.45557],[24.46281,41.45551],[24.46349,41.45582],[24.46499,41.45448],[24.46523,41.45327],[24.46568,41.45313],[24.46666,41.4536],[24.46736,41.45314],[24.46758,41.45124],[24.46886,41.45054],[24.47046,41.44873],[24.47073,41.44782],[24.47015,41.44675],[24.47163,41.44676],[24.4727,41.44553],[24.47299,41.44334],[24.4724,41.44323],[24.47241,41.44149],[24.47313,41.43992],[24.47125,41.43804],[24.46922,41.43704],[24.46856,41.43503],[24.46726,41.43426],[24.46764,41.43356],[24.46949,41.43243],[24.46762,41.43105],[24.46771,41.42961],[24.46853,41.42829],[24.46438,41.42773],[24.46377,41.42737],[24.46413,41.42602],[24.46293,41.42127],[24.46408,41.42013],[24.46665,41.41909],[24.46653,41.41653],[24.46803,41.41562],[24.46849,41.41458],[24.46829,41.41297],[24.46736,41.4118],[24.46782,41.40931],[24.47255,41.40472],[24.47373,41.40498],[24.47468,41.40451],[24.47509,41.40214],[24.47653,41.40128],[24.47647,41.39922],[24.47865,41.39791],[24.479,41.39681],[24.47963,41.39672],[24.4803,41.39537],[24.47851,41.39352],[24.47851,41.39251],[24.47937,41.39204],[24.47753,41.39216],[24.47788,41.39129],[24.47916,41.39081],[24.47989,41.38996],[24.47979,41.38904],[24.47799,41.38744],[24.47922,41.38671],[24.47912,41.38594],[24.47851,41.38506],[24.47665,41.38407],[24.47573,41.38211],[24.47463,41.38139],[24.4734,41.37845],[24.4736,41.37655],[24.47313,41.37555],[24.47217,41.37468],[24.47017,41.37414],[24.47079,41.37304],[24.47053,41.3719],[24.46949,41.37125],[24.46744,41.37104],[24.46735,41.3697],[24.46791,41.36932],[24.4671,41.3676],[24.46449,41.36616],[24.46482,41.36408],[24.46568,41.36306],[24.46444,41.36265],[24.46264,41.35882],[24.46292,41.35812],[24.46254,41.35744],[24.46411,41.3563],[24.46379,41.35568],[24.4648,41.35443],[24.46466,41.35314],[24.46563,41.35302],[24.46625,41.35204],[24.46733,41.35245],[24.4675,41.35118],[24.46865,41.35101],[24.4699,41.35165],[24.4711,41.35096],[24.46944,41.35],[24.46988,41.34894],[24.46817,41.34933],[24.46646,41.34884],[24.46703,41.34773],[24.46683,41.34679],[24.46611,41.3452],[24.46485,41.34459],[24.46527,41.34378],[24.46502,41.34302],[24.46579,41.34254],[24.46481,41.34161],[24.46491,41.34081],[24.46559,41.34013],[24.46487,41.33994],[24.46524,41.33936],[24.46498,41.33877],[24.46706,41.33811],[24.46517,41.33668],[24.46535,41.33577],[24.46448,41.33534],[24.46485,41.33446],[24.46431,41.33375],[24.46444,41.33238],[24.46558,41.33196],[24.46633,41.33094],[24.46733,41.33146],[24.46758,41.33115],[24.46652,41.33042],[24.46449,41.33066],[24.46385,41.33008],[24.46926,41.32815],[24.46949,41.32643],[24.47027,41.32691],[24.47184,41.3271],[24.47302,41.32673],[24.47261,41.32586],[24.47336,41.32447],[24.47591,41.32416],[24.47679,41.32375],[24.4769,41.32321],[24.47798,41.32285],[24.48076,41.32309],[24.47917,41.32167],[24.47972,41.32034],[24.48199,41.3196],[24.48266,41.31974],[24.48328,41.31857],[24.48522,41.31921],[24.48477,41.3177],[24.48564,41.31708],[24.48749,41.31817],[24.4877,41.31681],[24.49084,41.31514],[24.49224,41.31503],[24.49176,41.3143],[24.49256,41.31327],[24.49349,41.31294],[24.49393,41.31119],[24.49494,41.31173],[24.49656,41.31087],[24.49736,41.31099],[24.49775,41.31159],[24.50079,41.30969],[24.50214,41.30979],[24.50288,41.30924],[24.50385,41.30954],[24.50321,41.30877],[24.50502,41.31011],[24.50469,41.31134],[24.50639,41.31044],[24.50696,41.30943],[24.5059,41.30712],[24.50477,41.30644],[24.50464,41.30517],[24.50319,41.30434],[24.50262,41.30351],[24.50368,41.30213],[24.50349,41.3016],[24.5048,41.30045],[24.50495,41.29989],[24.50433,41.29911],[24.50488,41.29787],[24.50367,41.29625],[24.502,41.29607],[24.50252,41.29458],[24.50309,41.29426],[24.50219,41.29325],[24.5006,41.29284],[24.50006,41.29195],[24.50255,41.29264],[24.50129,41.29178],[24.502,41.29106],[24.50161,41.29063],[24.50157,41.28866],[24.49959,41.28718],[24.50028,41.28676],[24.49965,41.2859],[24.49973,41.2836],[24.50053,41.28304],[24.50102,41.28165],[24.50202,41.28069],[24.502,41.28005],[24.50284,41.28103],[24.50316,41.27961],[24.50382,41.2795],[24.50378,41.27832],[24.50242,41.27529],[24.5032,41.27201],[24.50275,41.26974],[24.50498,41.26674],[24.50956,41.26834],[24.50966,41.26869],[24.51342,41.26846],[24.5154,41.2676],[24.5223,41.26909],[24.52629,41.26947],[24.53519,41.26742],[24.54205,41.26672],[24.54349,41.26578],[24.54494,41.26292],[24.54595,41.26212],[24.54762,41.26173],[24.5514,41.26233],[24.55414,41.26152],[24.55518,41.26082],[24.55814,41.2566],[24.56445,41.25452],[24.5685,41.25192],[24.57157,41.25068],[24.57874,41.24479],[24.58047,41.24429],[24.58584,41.24465],[24.58788,41.24393],[24.59051,41.24152],[24.59195,41.23564],[24.59343,41.23334],[24.59588,41.23143],[24.59876,41.2304],[24.61431,41.22758],[24.61554,41.22692],[24.61796,41.22444],[24.62154,41.22279],[24.63407,41.22112],[24.63395,41.22083],[24.63644,41.21988],[24.6368,41.22024],[24.63853,41.21992],[24.64002,41.21893],[24.64033,41.21722],[24.64915,41.21888],[24.64949,41.2195],[24.65077,41.21973],[24.65356,41.22196],[24.65528,41.22262],[24.65723,41.22408],[24.65876,41.22622],[24.6609,41.22812],[24.66107,41.22963],[24.66311,41.23167],[24.6628,41.23562],[24.66334,41.23585],[24.6641,41.23536],[24.66441,41.23564],[24.66327,41.23745],[24.66471,41.24178],[24.66616,41.243],[24.66643,41.24395],[24.66594,41.24703],[24.66499,41.24834],[24.66444,41.25075],[24.6632,41.25189],[24.66163,41.25205],[24.66559,41.25264],[24.66328,41.25586],[24.66388,41.25941],[24.66521,41.25907],[24.66555,41.25838],[24.66598,41.25836],[24.6666,41.25894],[24.66656,41.25993],[24.66707,41.26016],[24.66795,41.25954],[24.66862,41.25772],[24.66933,41.25755],[24.67177,41.25851],[24.6742,41.25834],[24.67551,41.25909],[24.6763,41.25707],[24.67707,41.25677],[24.6783,41.25712],[24.67868,41.25673],[24.67834,41.25609],[24.67896,41.25546],[24.67778,41.25456],[24.67885,41.25431],[24.67982,41.25497],[24.68059,41.25463],[24.6819,41.25484],[24.68302,41.25559],[24.68302,41.25441],[24.68415,41.25452],[24.68521,41.25401],[24.68555,41.25585],[24.68761,41.25458],[24.68843,41.25555],[24.68802,41.25637],[24.68913,41.25624],[24.68958,41.25583],[24.69027,41.25293],[24.69169,41.25149],[24.69259,41.25137],[24.69377,41.25285],[24.69454,41.25158],[24.696,41.25192],[24.69581,41.25085],[24.69782,41.24982],[24.69866,41.25055],[24.69892,41.2516],[24.69988,41.25104],[24.70063,41.25128],[24.6998,41.25218],[24.69956,41.25403],[24.69864,41.25519],[24.69937,41.25585],[24.69866,41.25682],[24.70001,41.26038],[24.70044,41.26044],[24.701,41.25922],[24.70166,41.25901],[24.70145,41.25804],[24.70306,41.25772],[24.70417,41.25585],[24.70499,41.25538],[24.70523,41.25592],[24.70438,41.25661],[24.70419,41.25739],[24.70453,41.25967],[24.70534,41.25971],[24.70629,41.26049],[24.70776,41.26072],[24.71004,41.26016],[24.71089,41.26081],[24.71031,41.26199],[24.71051,41.26291],[24.71115,41.26311],[24.71257,41.26538],[24.71342,41.26579],[24.7132,41.26648],[24.71204,41.2667],[24.71331,41.26736],[24.71344,41.2678],[24.71259,41.26837],[24.71162,41.2704],[24.71229,41.27044],[24.71418,41.26962],[24.71629,41.27066],[24.71605,41.2715],[24.71694,41.27206],[24.7166,41.27305],[24.71535,41.27297],[24.71488,41.27334],[24.71546,41.27505],[24.71433,41.27554],[24.71404,41.27643],[24.71153,41.27867],[24.71137,41.27963],[24.70993,41.28064],[24.70935,41.28252],[24.71025,41.28196],[24.71178,41.28479],[24.71309,41.28601],[24.71279,41.28771],[24.71129,41.28835],[24.71207,41.28862],[24.71413,41.28833],[24.71412,41.28923],[24.71519,41.29097],[24.71561,41.29085],[24.71562,41.2894],[24.71649,41.2886],[24.71558,41.28673],[24.71627,41.28446],[24.71744,41.28323],[24.71899,41.28359],[24.72,41.28263],[24.72251,41.28195],[24.72589,41.28479],[24.72625,41.2832],[24.72745,41.28319],[24.72885,41.28162],[24.7298,41.28172],[24.73081,41.28012],[24.73432,41.27993],[24.7358,41.28066],[24.73461,41.2781],[24.73775,41.2773],[24.73744,41.27624],[24.73802,41.27504],[24.73699,41.27417],[24.73836,41.27256],[24.73839,41.27057],[24.73728,41.26958],[24.73672,41.26826],[24.73925,41.26574],[24.74241,41.2669],[24.74451,41.26697],[24.74549,41.266],[24.74615,41.2659],[24.74865,41.26775],[24.7502,41.26805],[24.75217,41.26785],[24.75375,41.26839],[24.75445,41.2672],[24.75617,41.26669],[24.75555,41.26591],[24.75642,41.26472],[24.756,41.26315],[24.75439,41.26241],[24.75323,41.26248],[24.75234,41.26175],[24.75314,41.2608],[24.75273,41.25995],[24.75289,41.25747],[24.75364,41.25735],[24.75414,41.25799],[24.75544,41.25844],[24.76145,41.25968],[24.76473,41.25841],[24.76749,41.25897],[24.76828,41.25774],[24.77065,41.25727],[24.77139,41.25851],[24.77241,41.25874],[24.77173,41.26061],[24.77291,41.26128],[24.77294,41.26248],[24.77361,41.26233],[24.77398,41.26309],[24.77464,41.26282],[24.77527,41.26153],[24.77644,41.26095],[24.77687,41.25878],[24.7782,41.25777],[24.7798,41.25806],[24.78098,41.25894],[24.78218,41.25858],[24.7831,41.25891],[24.78436,41.25873],[24.78484,41.25916],[24.78468,41.2603],[24.78697,41.25875],[24.7876,41.25874],[24.78798,41.26048],[24.78849,41.26055],[24.78926,41.25974],[24.78963,41.25835],[24.7906,41.25805],[24.79083,41.25692],[24.79234,41.25633],[24.79257,41.25576],[24.79349,41.25565],[24.79419,41.25486],[24.79478,41.25552],[24.79699,41.2555],[24.7959,41.25682],[24.79734,41.25824],[24.79852,41.2586],[24.79764,41.25986],[24.79949,41.2598],[24.79992,41.26133],[24.80096,41.26131],[24.80124,41.26198],[24.80174,41.26194],[24.80209,41.26128],[24.80085,41.2605],[24.80174,41.25916],[24.80379,41.25765],[24.80339,41.25921],[24.80648,41.25919],[24.80752,41.25959],[24.80832,41.25918],[24.80834,41.2587],[24.80725,41.25895],[24.80599,41.25847],[24.80691,41.25731],[24.8062,41.25618],[24.80658,41.25591],[24.80796,41.2575],[24.80905,41.25686],[24.81151,41.25764],[24.81176,41.25906],[24.81032,41.2606],[24.81203,41.26033],[24.81308,41.26336],[24.81353,41.26359],[24.81359,41.26308],[24.81442,41.26346],[24.81439,41.26234],[24.81709,41.25994],[24.81725,41.25807],[24.81799,41.25981],[24.81703,41.26128],[24.81707,41.26213],[24.81798,41.26047],[24.81861,41.26015],[24.81814,41.25832],[24.81858,41.25812],[24.81965,41.26027],[24.81949,41.26276],[24.82026,41.2632],[24.81991,41.26382],[24.82134,41.26523],[24.82206,41.26687],[24.82218,41.26605],[24.82255,41.26612],[24.82326,41.26737],[24.825,41.2688],[24.82524,41.26955],[24.82992,41.27151],[24.83128,41.27256],[24.83178,41.27355],[24.83361,41.27373],[24.83474,41.27472],[24.83649,41.2752],[24.83835,41.27722],[24.83872,41.27614],[24.84042,41.27596],[24.8401,41.27525],[24.84066,41.27468],[24.84249,41.27462],[24.84428,41.27396],[24.84445,41.27083],[24.84552,41.27093],[24.84538,41.27232],[24.84583,41.27267],[24.84778,41.27153],[24.84895,41.26933],[24.85327,41.27173],[24.85306,41.27203],[24.85237,41.27135],[24.85064,41.27092],[24.85041,41.27113],[24.85034,41.27181],[24.85166,41.27231],[24.85237,41.27304],[24.85257,41.27418],[24.8535,41.27325],[24.85701,41.27134],[24.85859,41.26989],[24.86067,41.26893],[24.8633,41.27014],[24.86239,41.26872],[24.86254,41.26609],[24.86433,41.26402],[24.86547,41.2638],[24.86606,41.26316],[24.8678,41.26285],[24.86788,41.26193],[24.86904,41.26149],[24.86845,41.26085],[24.86894,41.26011],[24.86877,41.25928],[24.86961,41.25839],[24.87143,41.25839],[24.87228,41.25785],[24.87063,41.25731],[24.87171,41.25572],[24.87235,41.25558],[24.87234,41.2552],[24.87105,41.25441],[24.87133,41.25336],[24.87088,41.25298],[24.87301,41.25037],[24.87289,41.24965],[24.87472,41.24878],[24.87543,41.24794],[24.87779,41.24805],[24.87793,41.24633],[24.88004,41.24532],[24.88055,41.24449],[24.87959,41.24372],[24.87695,41.24283],[24.87654,41.24226],[24.87601,41.24314],[24.87644,41.24185],[24.87711,41.2425],[24.87944,41.24296],[24.87887,41.24192],[24.88001,41.24085],[24.87886,41.23926],[24.87988,41.23839],[24.87998,41.23669],[24.87943,41.23807],[24.8784,41.23873],[24.87842,41.2401],[24.87803,41.2388],[24.87898,41.23774],[24.87906,41.23556],[24.88028,41.23538],[24.88399,41.23707],[24.88478,41.23819],[24.88518,41.23805],[24.88439,41.23682],[24.88197,41.23511],[24.88139,41.23391],[24.88185,41.23325],[24.88168,41.23401],[24.88212,41.23456],[24.88577,41.23736],[24.88764,41.23799],[24.89128,41.23781],[24.89193,41.23871],[24.90191,41.24261],[24.90248,41.24291],[24.90277,41.24455],[24.90394,41.2456],[24.9068,41.24498],[24.90838,41.24642],[24.91104,41.2463],[24.91224,41.24725],[24.91406,41.24711],[24.91598,41.24847],[24.91451,41.24686],[24.91491,41.24656],[24.91683,41.24819],[24.92033,41.24868],[24.92298,41.25028],[24.92634,41.25079],[24.9301,41.25332],[24.93223,41.253],[24.931,41.25378],[24.93121,41.25405],[24.93389,41.25298],[24.93524,41.25325],[24.9356,41.25364],[24.93511,41.25433],[24.93648,41.25593],[24.93543,41.25704],[24.93621,41.25825],[24.93672,41.25859],[24.93864,41.25841],[24.94025,41.25966],[24.94018,41.25809],[24.94111,41.25854],[24.94206,41.26002],[24.94163,41.26141],[24.94441,41.26352],[24.94547,41.26381],[24.94487,41.26567],[24.94518,41.26641],[24.94609,41.26715],[24.94833,41.26772],[24.95379,41.27172],[24.95781,41.27342],[24.96147,41.27358],[24.96767,41.27504],[24.97044,41.27526],[24.97141,41.27358],[24.97272,41.27309],[24.97603,41.2742],[24.9774,41.27332],[24.97817,41.27189],[24.98173,41.27017],[24.98588,41.26909],[24.98779,41.26951],[24.98962,41.2686],[24.9939,41.2686],[24.99961,41.27007],[25.00152,41.26996],[25.00274,41.26941],[25.00474,41.26708],[25.01063,41.26481],[25.01539,41.26406],[25.01775,41.26221],[25.01884,41.25992],[25.02197,41.25907],[25.02554,41.25679],[25.02641,41.25726],[25.02811,41.25928],[25.03025,41.25923],[25.03312,41.26055],[25.03542,41.26102],[25.03871,41.26304],[25.03991,41.26324],[25.04085,41.26278],[25.04096,41.26099],[25.04402,41.2574],[25.04918,41.2557],[25.05092,41.25416],[25.05127,41.25312],[25.0538,41.25092],[25.05482,41.25166],[25.05513,41.25258],[25.05373,41.25447],[25.05361,41.25532],[25.05416,41.25641],[25.05569,41.25676],[25.05743,41.25601],[25.05819,41.25631],[25.05976,41.25586],[25.06073,41.25589],[25.06096,41.25621],[25.06148,41.2559],[25.06243,41.25602],[25.06306,41.25659],[25.06264,41.25785],[25.06339,41.25851],[25.06146,41.25964],[25.06119,41.26021],[25.06395,41.25968],[25.06577,41.26168],[25.06553,41.26201],[25.06608,41.26233],[25.0669,41.26455],[25.06769,41.26351],[25.06772,41.26112],[25.0691,41.26282],[25.06922,41.26454],[25.07005,41.26467],[25.0705,41.26558],[25.0701,41.26601],[25.07165,41.26769],[25.07122,41.26838],[25.07256,41.27077],[25.07307,41.27092],[25.07302,41.27195],[25.07379,41.27324],[25.0749,41.27386],[25.07474,41.27429],[25.07637,41.27415],[25.07755,41.27346],[25.07871,41.27415],[25.07815,41.27426],[25.0786,41.27459],[25.08055,41.27522],[25.08105,41.27665],[25.08067,41.27736],[25.08551,41.27531],[25.08831,41.27517],[25.09639,41.27933],[25.09831,41.27974],[25.09978,41.27961],[25.09762,41.28012],[25.0964,41.28094],[25.0974,41.28161],[25.09973,41.28156],[25.10027,41.28201],[25.10128,41.28156],[25.10145,41.281],[25.10411,41.27878],[25.10643,41.27891],[25.1073,41.28078],[25.10806,41.27946],[25.10913,41.27931],[25.10916,41.27869],[25.11053,41.27792],[25.10999,41.2774],[25.111,41.27691],[25.11129,41.27633],[25.11104,41.27725],[25.11224,41.27821],[25.11621,41.27772],[25.12004,41.27656],[25.12124,41.27701],[25.12324,41.27871],[25.1231,41.27814],[25.12403,41.27839],[25.1249,41.27925],[25.12552,41.27905],[25.12579,41.28083],[25.12703,41.27933],[25.12899,41.27853],[25.12927,41.27719],[25.1306,41.27682],[25.13062,41.2758],[25.12992,41.27506],[25.13029,41.2742],[25.1328,41.27428],[25.13256,41.27501],[25.13377,41.2753],[25.13336,41.276],[25.13452,41.27622],[25.13569,41.27592],[25.13634,41.27688],[25.13703,41.27696],[25.13688,41.27798],[25.1378,41.27896],[25.14184,41.27827],[25.14299,41.27865],[25.14299,41.2792],[25.14502,41.2778],[25.14629,41.27636],[25.1477,41.27587],[25.14807,41.27442],[25.14873,41.27397],[25.15018,41.27391],[25.14948,41.27453],[25.15046,41.27426],[25.15157,41.27465],[25.15408,41.27448],[25.15451,41.27472],[25.1557,41.274],[25.1575,41.27365],[25.15829,41.27525],[25.16149,41.27745],[25.16243,41.2792],[25.1663,41.28012],[25.16832,41.28012],[25.16833,41.28104],[25.16979,41.28133],[25.17115,41.28212],[25.17261,41.28228],[25.17452,41.28331],[25.17692,41.28315],[25.17717,41.28377],[25.1778,41.28376],[25.17887,41.2826],[25.17936,41.28261],[25.18027,41.28339],[25.18119,41.28572],[25.18324,41.28646],[25.1853,41.28794],[25.18584,41.2872],[25.18724,41.28707],[25.18864,41.28598],[25.18837,41.28491],[25.19018,41.28448],[25.19021,41.28363],[25.18921,41.28326],[25.18889,41.28266],[25.18919,41.2821],[25.19099,41.28137],[25.19104,41.28086],[25.1904,41.2809],[25.1904,41.28041],[25.18812,41.27922],[25.18715,41.27791],[25.18573,41.27734],[25.18757,41.27649],[25.18895,41.27478],[25.1877,41.2751],[25.1868,41.27433],[25.18608,41.27463],[25.18501,41.27422],[25.18465,41.27346],[25.18389,41.27367],[25.18326,41.27254],[25.18218,41.27249],[25.18158,41.27194],[25.18152,41.27053],[25.1807,41.26997],[25.17816,41.27039],[25.17692,41.26896],[25.17434,41.26883],[25.17346,41.26769],[25.17158,41.26663],[25.1712,41.2655],[25.17047,41.26563],[25.16955,41.26484],[25.16941,41.26432],[25.1701,41.26345],[25.16978,41.26221],[25.16836,41.2617],[25.16891,41.26084],[25.16806,41.25964],[25.17067,41.25922],[25.171,41.25835],[25.17054,41.25704],[25.17112,41.25665],[25.17116,41.25587],[25.16886,41.25458],[25.16856,41.25387],[25.16963,41.25365],[25.16729,41.25082],[25.16525,41.25065],[25.1638,41.24837],[25.16218,41.24747],[25.16323,41.24775],[25.16441,41.24726],[25.16475,41.24803],[25.16588,41.24727],[25.16676,41.24716],[25.1669,41.24618],[25.16812,41.24561],[25.16932,41.24631],[25.16937,41.24697],[25.17023,41.24724],[25.1702,41.24823],[25.17166,41.24822],[25.17253,41.24925],[25.17333,41.24926],[25.17354,41.24959],[25.1773,41.25018],[25.17712,41.24969],[25.17521,41.24866],[25.17417,41.24666],[25.17328,41.24588],[25.17358,41.24538],[25.17154,41.24301],[25.17167,41.24266],[25.17292,41.24231],[25.173,41.2418],[25.1711,41.24083],[25.17235,41.23984],[25.1705,41.23923],[25.17107,41.23772],[25.17243,41.23732],[25.17261,41.23631],[25.17316,41.23692],[25.1737,41.23535],[25.17433,41.23518],[25.17383,41.23403],[25.17548,41.23095],[25.17478,41.22956],[25.17585,41.22868],[25.17483,41.22646],[25.17506,41.22565],[25.17429,41.2247],[25.17449,41.22257],[25.17498,41.2222],[25.17663,41.22243],[25.17818,41.22108],[25.17813,41.21995],[25.17878,41.2186],[25.17658,41.21499],[25.17741,41.21053],[25.17538,41.2106],[25.17585,41.20813],[25.1738,41.20456],[25.17403,41.20204],[25.17499,41.20212],[25.17559,41.20283],[25.17646,41.20259],[25.1788,41.20288],[25.17882,41.20248],[25.17765,41.20158],[25.17842,41.19917],[25.17714,41.19804],[25.17746,41.19598],[25.17707,41.19521],[25.17824,41.19336],[25.17695,41.19061],[25.17597,41.18975],[25.17673,41.18887],[25.18082,41.18922],[25.18156,41.18962],[25.18436,41.18962],[25.18286,41.18947],[25.18375,41.1893],[25.18649,41.18953],[25.18713,41.19016],[25.19208,41.19078],[25.19533,41.19195],[25.19703,41.19151],[25.19777,41.19043],[25.19706,41.18997],[25.19711,41.18886],[25.19924,41.18826],[25.19803,41.18736],[25.19886,41.18631],[25.19989,41.18605],[25.19986,41.18524],[25.2007,41.18435],[25.20262,41.18445],[25.20238,41.18197],[25.2039,41.18342],[25.20531,41.18361],[25.20584,41.1853],[25.20647,41.18546],[25.20681,41.18642],[25.20772,41.18606],[25.20856,41.18758],[25.20941,41.18781],[25.20989,41.18852],[25.21099,41.18823],[25.21125,41.18847],[25.21171,41.18929],[25.21139,41.18976],[25.21243,41.19057],[25.21185,41.19137],[25.21345,41.19279],[25.21436,41.19269],[25.21427,41.19166],[25.21509,41.19133],[25.21575,41.19148],[25.21529,41.19232],[25.21585,41.19292],[25.21538,41.194],[25.21598,41.19488],[25.21558,41.19558],[25.21599,41.19557],[25.21603,41.1964],[25.21736,41.19702],[25.21775,41.19771],[25.22185,41.19952],[25.22343,41.19925],[25.22417,41.2006],[25.22598,41.20151],[25.22708,41.20269],[25.22896,41.20303],[25.23029,41.20405],[25.23139,41.20377],[25.23206,41.20472],[25.23379,41.20482],[25.23437,41.2056],[25.23593,41.20535],[25.23611,41.20495],[25.23828,41.20392],[25.23957,41.20416],[25.24042,41.20339],[25.24183,41.20297],[25.24191,41.20387],[25.24292,41.2048],[25.24355,41.20478],[25.24633,41.20742],[25.24732,41.20758],[25.24825,41.20842],[25.25055,41.20786],[25.25137,41.20955],[25.25248,41.20995],[25.25293,41.21171],[25.25367,41.21168],[25.25645,41.21337],[25.25705,41.21291],[25.25693,41.21212],[25.25934,41.21157],[25.26078,41.21063],[25.25908,41.20881],[25.25787,41.20833],[25.25762,41.20798],[25.25884,41.20664],[25.2578,41.20616],[25.25771,41.20533],[25.25577,41.20381],[25.25378,41.201],[25.25605,41.19869],[25.25584,41.19821],[25.25287,41.19645],[25.25469,41.19568],[25.25434,41.19436],[25.2558,41.19404],[25.25634,41.19424],[25.25675,41.19386],[25.25737,41.19262],[25.25675,41.1924],[25.25744,41.19099],[25.2582,41.19051],[25.25712,41.1901],[25.25582,41.19046],[25.25436,41.19036],[25.25491,41.1869],[25.25652,41.1847],[25.25541,41.18421],[25.25481,41.18434],[25.25395,41.18351],[25.25289,41.18499],[25.25176,41.18535],[25.25024,41.18692],[25.24843,41.18712],[25.24814,41.18586],[25.24449,41.182],[25.2418,41.182],[25.23984,41.18309],[25.23859,41.1815],[25.23918,41.1803],[25.24227,41.17977],[25.2439,41.17994],[25.24379,41.17884],[25.24432,41.17818],[25.24715,41.17883],[25.24889,41.17879],[25.24925,41.17773],[25.25181,41.17656],[25.2526,41.17534],[25.2535,41.17571],[25.2555,41.17549],[25.25697,41.17479],[25.25729,41.17733],[25.25855,41.17777],[25.25911,41.17906],[25.26056,41.17917],[25.26119,41.17888],[25.26276,41.17987],[25.26465,41.17944],[25.26557,41.1801],[25.26667,41.17966],[25.26815,41.17963],[25.26607,41.17919],[25.26801,41.17883],[25.26762,41.17801],[25.26614,41.17716],[25.26587,41.17602],[25.26707,41.17478],[25.26673,41.17337],[25.26723,41.1729],[25.26723,41.17209],[25.26839,41.17122],[25.26884,41.17112],[25.26962,41.17278],[25.27076,41.17286],[25.27172,41.17504],[25.27262,41.17511],[25.27269,41.17611],[25.27719,41.17499],[25.27782,41.17526],[25.27932,41.17402],[25.28006,41.17391],[25.28045,41.17427],[25.28003,41.17508],[25.28047,41.17542],[25.28019,41.17655],[25.2805,41.17735],[25.27967,41.17758],[25.27884,41.17873],[25.28145,41.18022],[25.28119,41.1817],[25.28257,41.18232],[25.28394,41.18376],[25.28447,41.18399],[25.28528,41.18342],[25.28665,41.18359],[25.28742,41.1833],[25.29122,41.18018],[25.29175,41.18011],[25.29056,41.1833],[25.29086,41.18372],[25.29207,41.18405],[25.29246,41.18524],[25.29171,41.18694],[25.2929,41.18796],[25.29166,41.18986],[25.28995,41.19135],[25.28976,41.1926],[25.29086,41.1922],[25.29132,41.19373],[25.29125,41.19301],[25.29232,41.19178],[25.29213,41.19145],[25.29384,41.19105],[25.29491,41.18954],[25.29514,41.19006],[25.2962,41.18938],[25.29603,41.1901],[25.29702,41.18871],[25.29813,41.18823],[25.29894,41.18729],[25.30005,41.18777],[25.30151,41.18584],[25.30161,41.1849],[25.30293,41.18631],[25.30387,41.18635],[25.30415,41.18538],[25.30516,41.18629],[25.30709,41.18588],[25.30856,41.18637],[25.30947,41.1859],[25.31048,41.18594],[25.31113,41.1857],[25.31141,41.18468],[25.31307,41.1837],[25.3138,41.18221],[25.31435,41.18202],[25.31551,41.18271],[25.31589,41.184],[25.31511,41.18709],[25.31391,41.18852],[25.3139,41.18961],[25.31513,41.19033],[25.31549,41.19157],[25.31526,41.19251],[25.31422,41.19343],[25.31468,41.19705],[25.31543,41.19744],[25.31747,41.19543],[25.31978,41.19461],[25.32031,41.19326],[25.32108,41.19258],[25.32186,41.19009],[25.32222,41.18991],[25.32305,41.19036],[25.32326,41.1901],[25.32351,41.18865],[25.32244,41.18704],[25.32288,41.18614],[25.32414,41.18525],[25.32542,41.18528],[25.32624,41.18574],[25.327,41.18736],[25.32744,41.18743],[25.32878,41.18591],[25.32933,41.18443],[25.33007,41.1844],[25.33103,41.18512],[25.3322,41.18669],[25.33236,41.18759],[25.33393,41.18783],[25.33418,41.1885],[25.33518,41.18868],[25.33634,41.19044],[25.33813,41.19004],[25.33791,41.19136],[25.34025,41.19101],[25.34098,41.19361],[25.34142,41.19364],[25.34469,41.19081],[25.34639,41.19007],[25.34682,41.18917],[25.3497,41.18665],[25.35073,41.18476],[25.3498,41.18275],[25.34739,41.18129],[25.34703,41.18024],[25.34745,41.17979],[25.34991,41.18163],[25.35168,41.18049],[25.35458,41.18129],[25.35347,41.18408],[25.3541,41.1863],[25.3535,41.18795],[25.35549,41.18696],[25.35635,41.1858],[25.35742,41.1859],[25.35861,41.18706],[25.35952,41.18567],[25.36157,41.18602],[25.3619,41.18649],[25.36156,41.18766],[25.36336,41.18773],[25.36769,41.18637],[25.36915,41.18535],[25.37104,41.18633],[25.37379,41.1846],[25.37385,41.18581],[25.37491,41.18714],[25.37374,41.18855],[25.37437,41.1895],[25.37363,41.19026],[25.37517,41.19103],[25.37438,41.19313],[25.3756,41.19334],[25.37665,41.19294],[25.3771,41.19424],[25.37682,41.19545],[25.38003,41.19423],[25.38065,41.19275],[25.38363,41.19319],[25.38548,41.19288],[25.38667,41.19181],[25.38752,41.19292],[25.38771,41.19412],[25.3888,41.19385],[25.38937,41.19412],[25.39103,41.19242],[25.39131,41.19138],[25.39568,41.18927],[25.39624,41.18751],[25.39827,41.18676],[25.39919,41.18698],[25.3999,41.18779],[25.40085,41.18785],[25.4016,41.18707],[25.40268,41.18675],[25.40317,41.18503],[25.40254,41.184],[25.40326,41.18434],[25.40617,41.18294],[25.40679,41.18296],[25.40706,41.18278],[25.40656,41.18208],[25.40768,41.18267],[25.40816,41.1834],[25.40833,41.18321],[25.40806,41.1822],[25.40866,41.18108],[25.40811,41.17949],[25.40854,41.17817],[25.40807,41.17759],[25.40888,41.17695],[25.4087,41.17634],[25.40488,41.173],[25.40327,41.17276],[25.40292,41.17036],[25.40092,41.16693]]}},{"type":"Feature","properties":{"name":"TET_GR-12_20260426","country":"GR","lengthKm":205.2},"geometry":{"type":"LineString","coordinates":[[25.40097,41.16693],[25.40346,41.16725],[25.40494,41.16959],[25.40657,41.17099],[25.4085,41.1715],[25.41069,41.17562],[25.41215,41.17723],[25.41565,41.17794],[25.41485,41.17749],[25.41636,41.17566],[25.41644,41.1765],[25.41689,41.17601],[25.41796,41.17611],[25.42032,41.17727],[25.42277,41.18002],[25.42322,41.18131],[25.42419,41.17862],[25.42526,41.17837],[25.42642,41.17676],[25.42674,41.17401],[25.42601,41.17219],[25.42696,41.17122],[25.42871,41.17152],[25.43101,41.16888],[25.43189,41.16841],[25.43193,41.16762],[25.43243,41.16736],[25.43554,41.16764],[25.43616,41.16961],[25.43741,41.17094],[25.43884,41.17197],[25.4408,41.17234],[25.4406,41.17101],[25.4412,41.17066],[25.44453,41.17184],[25.44715,41.17187],[25.44837,41.1715],[25.4503,41.17193],[25.45118,41.17141],[25.45172,41.17174],[25.45348,41.17],[25.45466,41.17049],[25.4577,41.16961],[25.45818,41.16914],[25.46227,41.16938],[25.46339,41.16856],[25.46324,41.16779],[25.46212,41.16695],[25.46208,41.16534],[25.4615,41.16425],[25.46112,41.1579],[25.46021,41.15663],[25.45989,41.15509],[25.46009,41.1524],[25.45828,41.14987],[25.45738,41.14981],[25.45792,41.14811],[25.45944,41.14633],[25.45942,41.14534],[25.46019,41.14466],[25.4606,41.14118],[25.46112,41.14088],[25.46251,41.14161],[25.46341,41.14107],[25.46438,41.14234],[25.46521,41.1421],[25.46528,41.1444],[25.46652,41.14824],[25.46884,41.14897],[25.47242,41.15161],[25.47502,41.15223],[25.47652,41.15193],[25.47832,41.15309],[25.47942,41.15315],[25.48324,41.15597],[25.48362,41.15676],[25.48461,41.15627],[25.48553,41.15661],[25.48792,41.16075],[25.48968,41.16081],[25.49006,41.16039],[25.48963,41.15955],[25.4898,41.15865],[25.49154,41.1582],[25.49191,41.15841],[25.4927,41.16032],[25.49232,41.16277],[25.49032,41.16427],[25.49178,41.16736],[25.49019,41.16772],[25.49019,41.16852],[25.49446,41.17023],[25.49624,41.17191],[25.49826,41.17298],[25.49869,41.17345],[25.49871,41.17491],[25.50191,41.17847],[25.50313,41.18062],[25.50555,41.18094],[25.50727,41.18015],[25.50845,41.18077],[25.50946,41.18004],[25.51075,41.18062],[25.51249,41.18232],[25.51251,41.18259],[25.51197,41.18257],[25.51034,41.18152],[25.51053,41.18515],[25.50976,41.1859],[25.50764,41.18495],[25.50802,41.1868],[25.50768,41.18811],[25.51249,41.18916],[25.51369,41.1898],[25.51343,41.19075],[25.51094,41.19152],[25.51242,41.19208],[25.51407,41.19206],[25.51712,41.19491],[25.51781,41.19633],[25.51755,41.19804],[25.51796,41.19955],[25.51783,41.20062],[25.51708,41.20163],[25.5197,41.20403],[25.51961,41.20276],[25.52027,41.20364],[25.52025,41.20294],[25.52068,41.20272],[25.52079,41.20322],[25.52161,41.20354],[25.5221,41.20279],[25.52313,41.20306],[25.52553,41.20161],[25.5268,41.20165],[25.52879,41.2036],[25.52916,41.2047],[25.53053,41.20472],[25.53038,41.20686],[25.53184,41.20811],[25.53289,41.20845],[25.53433,41.21085],[25.5369,41.21143],[25.53823,41.21261],[25.53808,41.21379],[25.53873,41.21463],[25.53836,41.2157],[25.53984,41.21633],[25.54021,41.21596],[25.54055,41.21781],[25.54289,41.21566],[25.54566,41.21607],[25.54622,41.21536],[25.5475,41.21555],[25.54886,41.21525],[25.54991,41.21369],[25.5521,41.21259],[25.55231,41.21186],[25.55115,41.21073],[25.55147,41.20963],[25.55278,41.2083],[25.55637,41.2065],[25.55699,41.20384],[25.55677,41.20161],[25.55965,41.19858],[25.55941,41.19699],[25.55879,41.19652],[25.55911,41.19517],[25.55952,41.19508],[25.56285,41.1974],[25.56441,41.19787],[25.56482,41.19761],[25.56521,41.19549],[25.57074,41.2015],[25.57154,41.20298],[25.57128,41.20375],[25.57364,41.20585],[25.57351,41.20691],[25.57471,41.20699],[25.57581,41.20774],[25.57744,41.208],[25.57873,41.20972],[25.57836,41.2106],[25.5736,41.21437],[25.57366,41.21476],[25.57458,41.2151],[25.574,41.21723],[25.57312,41.21845],[25.57345,41.21914],[25.57297,41.2203],[25.57291,41.22324],[25.57156,41.22371],[25.57089,41.22444],[25.56963,41.22472],[25.56913,41.2269],[25.56838,41.22746],[25.56813,41.22948],[25.56733,41.23079],[25.56735,41.23171],[25.56821,41.23319],[25.56667,41.23534],[25.56849,41.23609],[25.56733,41.23658],[25.56735,41.23748],[25.56598,41.23746],[25.56546,41.23881],[25.56428,41.23875],[25.56512,41.241],[25.5637,41.24184],[25.56534,41.24338],[25.56482,41.24422],[25.56484,41.24542],[25.56411,41.24604],[25.56647,41.24746],[25.56328,41.24787],[25.56422,41.2495],[25.56422,41.24853],[25.56476,41.24843],[25.56467,41.24896],[25.56574,41.24982],[25.56549,41.25059],[25.56637,41.25162],[25.56555,41.25403],[25.5645,41.25441],[25.56349,41.25592],[25.56615,41.2584],[25.56555,41.25888],[25.56559,41.25965],[25.56471,41.26023],[25.56469,41.26179],[25.56767,41.26366],[25.56943,41.26368],[25.57001,41.26409],[25.56991,41.26458],[25.5707,41.26499],[25.57145,41.26774],[25.56991,41.26842],[25.56903,41.26999],[25.56922,41.27057],[25.56973,41.27134],[25.57222,41.27186],[25.57381,41.27285],[25.57422,41.27349],[25.57267,41.27484],[25.5739,41.27538],[25.57473,41.27744],[25.57602,41.2784],[25.57574,41.2795],[25.57368,41.28139],[25.57388,41.28179],[25.57581,41.28115],[25.57609,41.2798],[25.5769,41.27896],[25.57733,41.28038],[25.57819,41.28044],[25.57958,41.2799],[25.58006,41.28046],[25.58061,41.28048],[25.58149,41.27945],[25.5813,41.27885],[25.58188,41.27784],[25.58332,41.27815],[25.58467,41.27731],[25.58724,41.27845],[25.58735,41.28025],[25.58855,41.27943],[25.5886,41.27795],[25.58971,41.27883],[25.59218,41.27952],[25.59342,41.27898],[25.59383,41.2784],[25.59602,41.27769],[25.60126,41.27825],[25.60156,41.27851],[25.60119,41.27872],[25.60205,41.27887],[25.60126,41.2792],[25.60121,41.27999],[25.60164,41.27952],[25.60287,41.27937],[25.60512,41.2798],[25.60735,41.27948],[25.60626,41.27997],[25.60752,41.28023],[25.60838,41.27973],[25.60825,41.28023],[25.60722,41.28057],[25.60877,41.28098],[25.60935,41.28048],[25.60915,41.28106],[25.60832,41.28117],[25.60874,41.28158],[25.60958,41.28147],[25.61031,41.28044],[25.61121,41.28014],[25.6134,41.28008],[25.61316,41.28055],[25.61252,41.28063],[25.61353,41.28072],[25.61286,41.28096],[25.61327,41.28102],[25.61299,41.28128],[25.61518,41.28098],[25.61595,41.28008],[25.61619,41.28051],[25.61649,41.2801],[25.61713,41.28044],[25.62003,41.27885],[25.62083,41.27892],[25.62153,41.27971],[25.62252,41.27892],[25.62415,41.27866],[25.62458,41.27823],[25.62402,41.27684],[25.62516,41.27729],[25.63029,41.27327],[25.63031,41.27246],[25.63282,41.2742],[25.63284,41.27467],[25.63475,41.27624],[25.63673,41.27692],[25.63707,41.27634],[25.64284,41.27739],[25.64597,41.27737],[25.64728,41.27632],[25.64838,41.27465],[25.64848,41.27643],[25.64984,41.27735],[25.65121,41.27703],[25.65164,41.27656],[25.65269,41.27712],[25.65372,41.27714],[25.65514,41.27651],[25.65511,41.27488],[25.65572,41.27484],[25.65649,41.27538],[25.65763,41.27495],[25.65827,41.27514],[25.65743,41.27619],[25.6575,41.27864],[25.65805,41.27748],[25.65926,41.27675],[25.66222,41.27596],[25.66305,41.27491],[25.66119,41.27212],[25.65874,41.27087],[25.66078,41.27111],[25.66348,41.27282],[25.66752,41.2719],[25.66998,41.27188],[25.67076,41.27145],[25.67329,41.26984],[25.67301,41.26845],[25.67483,41.2672],[25.67378,41.26561],[25.67421,41.26375],[25.67507,41.26377],[25.67565,41.2624],[25.67672,41.26242],[25.67696,41.26173],[25.67782,41.26169],[25.67915,41.25817],[25.6799,41.25761],[25.68016,41.25688],[25.67904,41.25435],[25.68011,41.25454],[25.68123,41.2542],[25.68318,41.25465],[25.68322,41.25334],[25.68421,41.25261],[25.68404,41.25145],[25.67747,41.24729],[25.67481,41.24652],[25.67346,41.24566],[25.67329,41.24635],[25.67136,41.24551],[25.67149,41.24465],[25.67076,41.24424],[25.67069,41.24362],[25.66945,41.24375],[25.66911,41.24315],[25.66838,41.2433],[25.6635,41.24175],[25.66295,41.24066],[25.66406,41.2395],[25.66273,41.23946],[25.66136,41.24068],[25.66095,41.23926],[25.66029,41.23969],[25.65881,41.23853],[25.65741,41.23864],[25.65793,41.23787],[25.65971,41.23697],[25.65945,41.2366],[25.65986,41.23574],[25.65908,41.23568],[25.65893,41.23506],[25.6558,41.23431],[25.65531,41.23326],[25.65812,41.23362],[25.66185,41.23502],[25.66295,41.23474],[25.66578,41.23253],[25.66574,41.23208],[25.66462,41.23139],[25.66541,41.23128],[25.66649,41.23006],[25.66606,41.22843],[25.66481,41.22766],[25.66453,41.22688],[25.66782,41.22793],[25.66973,41.22695],[25.67041,41.22568],[25.67164,41.22506],[25.67559,41.22555],[25.6779,41.22656],[25.6785,41.22817],[25.677,41.22909],[25.67737,41.22965],[25.67681,41.23195],[25.67745,41.23285],[25.67962,41.23435],[25.68022,41.23594],[25.68129,41.23637],[25.68228,41.23622],[25.68355,41.23834],[25.68359,41.23918],[25.68644,41.24025],[25.68771,41.23995],[25.68936,41.23866],[25.69136,41.23866],[25.69241,41.23922],[25.69447,41.24102],[25.6943,41.2418],[25.69897,41.24478],[25.70015,41.24626],[25.7003,41.24789],[25.70245,41.25014],[25.70305,41.25169],[25.70415,41.25255],[25.70964,41.25656],[25.71331,41.25802],[25.71558,41.25806],[25.71786,41.26025],[25.71998,41.26143],[25.72172,41.26182],[25.72234,41.2625],[25.72262,41.26051],[25.72397,41.25952],[25.72644,41.25885],[25.72683,41.25791],[25.72816,41.25733],[25.72831,41.25622],[25.73015,41.25589],[25.73056,41.25295],[25.73155,41.25152],[25.73157,41.24845],[25.73363,41.24748],[25.73659,41.24746],[25.73756,41.24635],[25.73916,41.24637],[25.74161,41.24577],[25.74318,41.24291],[25.74324,41.23926],[25.74386,41.23806],[25.74545,41.23723],[25.7456,41.23637],[25.74661,41.2365],[25.74687,41.23735],[25.74884,41.23641],[25.74964,41.23534],[25.75303,41.23433],[25.75552,41.23304],[25.7567,41.23113],[25.75936,41.2316],[25.76616,41.23171],[25.76764,41.23259],[25.76762,41.23117],[25.76841,41.23184],[25.76811,41.23094],[25.77051,41.23197],[25.77036,41.23122],[25.77088,41.23109],[25.77172,41.23175],[25.77139,41.23328],[25.77178,41.23296],[25.77266,41.23156],[25.77247,41.23096],[25.77041,41.22929],[25.77028,41.22832],[25.77075,41.22714],[25.77146,41.22665],[25.77075,41.22527],[25.77129,41.22469],[25.77032,41.22242],[25.76931,41.22242],[25.76948,41.22083],[25.7689,41.21978],[25.76976,41.22023],[25.77105,41.22023],[25.76985,41.21978],[25.76972,41.21933],[25.77047,41.21804],[25.76951,41.21656],[25.76869,41.21682],[25.76757,41.21654],[25.76822,41.21504],[25.76659,41.21465],[25.76648,41.21206],[25.76588,41.21137],[25.76639,41.21049],[25.76586,41.20785],[25.76234,41.20596],[25.76309,41.20611],[25.76167,41.20448],[25.76504,41.20399],[25.76852,41.20474],[25.76991,41.20431],[25.77105,41.20457],[25.7729,41.20362],[25.77292,41.20309],[25.7741,41.2021],[25.77468,41.20253],[25.77474,41.2018],[25.77631,41.20043],[25.77408,41.19901],[25.77356,41.19774],[25.7726,41.19695],[25.77272,41.19519],[25.77311,41.19515],[25.77332,41.1962],[25.77438,41.19605],[25.7794,41.19901],[25.78247,41.20188],[25.78373,41.20171],[25.78519,41.20203],[25.78637,41.20165],[25.78781,41.20036],[25.7903,41.20143],[25.79077,41.20257],[25.79152,41.20255],[25.79433,41.20182],[25.7954,41.20096],[25.79633,41.2021],[25.79723,41.20128],[25.798,41.20285],[25.79961,41.20409],[25.80131,41.20216],[25.80324,41.20178],[25.80403,41.20111],[25.80594,41.20088],[25.80884,41.19918],[25.81098,41.19927],[25.81645,41.19583],[25.81879,41.19472],[25.82012,41.19459],[25.82083,41.19377],[25.823,41.193],[25.82397,41.19182],[25.82583,41.19094],[25.82705,41.18927],[25.82974,41.18691],[25.83139,41.18693],[25.83304,41.18768],[25.83624,41.18783],[25.83768,41.18706],[25.83847,41.18603],[25.84079,41.18641],[25.84373,41.18519],[25.84553,41.18566],[25.84617,41.18547],[25.8466,41.18395],[25.8481,41.18332],[25.84817,41.18204],[25.85044,41.18058],[25.85379,41.17635],[25.8568,41.1747],[25.85725,41.17369],[25.85815,41.17397],[25.85879,41.17069],[25.86081,41.16755],[25.86476,41.16543],[25.86551,41.16592],[25.86705,41.16607],[25.86849,41.1679],[25.86911,41.16772],[25.869,41.16852],[25.8698,41.17002],[25.87085,41.16938],[25.87192,41.17028],[25.87308,41.17062],[25.87332,41.17038],[25.87441,41.17116],[25.87589,41.17137],[25.87855,41.17023],[25.88055,41.17075],[25.87928,41.17244],[25.87984,41.17453],[25.88038,41.17511],[25.88291,41.17562],[25.88368,41.17695],[25.88581,41.17702],[25.88722,41.17601],[25.88694,41.17532],[25.88634,41.17515],[25.88849,41.17287],[25.88722,41.17253],[25.88585,41.17313],[25.88589,41.17214],[25.88823,41.17092],[25.88969,41.17058],[25.89074,41.17079],[25.88975,41.17111],[25.89087,41.17191],[25.89074,41.17264],[25.89126,41.17324],[25.89463,41.17493],[25.89355,41.17616],[25.89463,41.17631],[25.89475,41.17669],[25.89563,41.17663],[25.89574,41.17706],[25.89718,41.17783],[25.89626,41.17991],[25.89709,41.18058],[25.89538,41.18253],[25.8931,41.1827],[25.89312,41.18384],[25.89156,41.1839],[25.89093,41.18352],[25.8889,41.1845],[25.88883,41.18762],[25.88995,41.18792],[25.89044,41.18871],[25.88875,41.19128],[25.88866,41.1924],[25.88767,41.19377],[25.88772,41.19594],[25.88692,41.19682],[25.88694,41.19755],[25.88832,41.19882],[25.88754,41.20004],[25.884,41.20146],[25.88383,41.20238],[25.88441,41.20384],[25.88407,41.20517],[25.8845,41.20502],[25.88572,41.20555],[25.88456,41.20592],[25.88407,41.20671],[25.88465,41.20615],[25.88669,41.20583],[25.8866,41.20489],[25.88763,41.20319],[25.88879,41.20296],[25.8893,41.20345],[25.89102,41.20255],[25.8919,41.20339],[25.89325,41.20386],[25.89385,41.20523],[25.89561,41.20566],[25.89677,41.20673],[25.8963,41.20727],[25.89688,41.2077],[25.89671,41.20832],[25.89722,41.20892],[25.90029,41.20877],[25.9016,41.20924],[25.90338,41.2106],[25.90443,41.21199],[25.90799,41.21459],[25.91104,41.21525],[25.91027,41.21637],[25.91089,41.21736],[25.90819,41.21933],[25.90836,41.22012],[25.90902,41.22019],[25.91134,41.21922],[25.91512,41.21871],[25.91686,41.21744],[25.92052,41.21772],[25.92233,41.21888],[25.92132,41.21761],[25.92151,41.21691],[25.92228,41.21766],[25.92387,41.21815],[25.92634,41.21832],[25.92724,41.21794],[25.92818,41.21905],[25.92924,41.21875],[25.92999,41.21993],[25.92964,41.221],[25.93091,41.22139],[25.93215,41.22066],[25.93293,41.22077],[25.93394,41.22006],[25.93499,41.22087],[25.93647,41.22002],[25.9387,41.22313],[25.93889,41.22227],[25.94119,41.221],[25.94162,41.21978],[25.94378,41.2212],[25.94363,41.22225],[25.94471,41.22233],[25.94509,41.22336],[25.94649,41.22386],[25.94705,41.22538],[25.94896,41.22626],[25.95496,41.22622],[25.95668,41.22673],[25.95469,41.22512],[25.95606,41.22484],[25.95756,41.22319],[25.95846,41.22289],[25.96202,41.22504],[25.96885,41.22697],[25.97232,41.23023],[25.97389,41.23092],[25.97558,41.23092],[25.97625,41.23167],[25.97788,41.23225],[25.979,41.23399],[25.98189,41.23504],[25.98155,41.23622],[25.98189,41.23695],[25.98264,41.23559],[25.98533,41.23332],[25.98428,41.2354],[25.98432,41.23677],[25.98614,41.23723],[25.98642,41.23804],[25.98734,41.23856],[25.98846,41.23828],[25.98891,41.23899],[25.99033,41.23961],[25.99267,41.23931],[25.99483,41.24027],[25.99597,41.24004],[25.99657,41.24094],[25.99743,41.24126],[26.00009,41.24113],[26.0014,41.24064],[26.00399,41.24098],[26.00842,41.23999],[26.00966,41.24002],[26.0097,41.23965],[26.00818,41.23905],[26.00833,41.23787],[26.00704,41.23735],[26.00895,41.23675],[26.01153,41.238],[26.012,41.23643],[26.0129,41.2359],[26.01414,41.23416],[26.015,41.23375],[26.02095,41.23353],[26.02356,41.23399],[26.02305,41.23321],[26.02638,41.23272],[26.02822,41.23158],[26.02927,41.22952],[26.03073,41.22834],[26.03483,41.22808],[26.03719,41.22733],[26.04049,41.22697],[26.04247,41.22545],[26.04466,41.2251],[26.04616,41.2242],[26.04691,41.22405],[26.04927,41.22472],[26.05,41.22411],[26.05107,41.22416],[26.05215,41.22351],[26.05193,41.22268],[26.05133,41.22253],[26.05135,41.22124],[26.05182,41.2209],[26.05073,41.22042],[26.05146,41.21858],[26.05092,41.21892],[26.05075,41.21798],[26.04994,41.218],[26.04839,41.21879],[26.04708,41.21774],[26.04921,41.21757],[26.05047,41.21686],[26.05303,41.21622],[26.05221,41.21493],[26.05236,41.21379],[26.0533,41.21345],[26.05453,41.21437],[26.05783,41.21356],[26.05959,41.21225],[26.0597,41.21122],[26.06099,41.21107],[26.06528,41.2083],[26.06571,41.20624],[26.06884,41.20152],[26.0688,41.20053],[26.06966,41.1992],[26.06929,41.19369],[26.06727,41.19221],[26.06794,41.19],[26.06794,41.18766],[26.06901,41.18697],[26.06852,41.1853],[26.06989,41.18463],[26.07144,41.18279],[26.07099,41.17953],[26.07038,41.17914],[26.07111,41.17839],[26.07214,41.17779],[26.07229,41.17725],[26.07332,41.17757],[26.07431,41.1771],[26.07474,41.17521],[26.07702,41.17388],[26.0783,41.17425],[26.07944,41.1741],[26.08002,41.17461],[26.08274,41.17405],[26.08534,41.17435],[26.08845,41.17268],[26.08998,41.17223],[26.09139,41.17236],[26.09279,41.1709],[26.0945,41.17084],[26.09528,41.16996],[26.09519,41.16781],[26.09729,41.16723],[26.09858,41.16592],[26.09879,41.16489],[26.09974,41.16416],[26.1012,41.1638],[26.1036,41.16105],[26.10418,41.16112],[26.10457,41.16283],[26.10545,41.16405],[26.10744,41.16373],[26.10798,41.16421],[26.11015,41.16285],[26.11302,41.15998],[26.11442,41.15996],[26.11469,41.16079],[26.11485,41.15996],[26.11721,41.16028],[26.11809,41.16081],[26.11881,41.16069],[26.12115,41.15891],[26.12023,41.1568],[26.12255,41.15384],[26.12424,41.15288],[26.12746,41.14931],[26.12894,41.14863],[26.13075,41.14584],[26.13304,41.14603],[26.13472,41.14725],[26.13575,41.14719],[26.13639,41.14665],[26.13763,41.14672],[26.13789,41.14588],[26.13911,41.14693],[26.14098,41.147],[26.1422,41.14614],[26.14225,41.14554],[26.14334,41.14541],[26.1448,41.14264],[26.1465,41.14337],[26.1468,41.1427],[26.14952,41.14097],[26.14999,41.14007],[26.15227,41.13953],[26.15514,41.13985],[26.15654,41.14127],[26.15849,41.14142],[26.16021,41.14202],[26.16089,41.14174],[26.16203,41.14204],[26.16267,41.14335],[26.16594,41.1441],[26.16654,41.14489],[26.1684,41.14506],[26.16928,41.14419],[26.17089,41.14367],[26.17587,41.14371],[26.17883,41.14219],[26.17922,41.14037],[26.18287,41.14125],[26.18385,41.13914],[26.18458,41.13891],[26.18686,41.13925],[26.18851,41.14077],[26.18939,41.14103],[26.19441,41.13704],[26.1942,41.13504],[26.19295,41.13352],[26.1948,41.13234],[26.19621,41.12968],[26.19774,41.13118],[26.19849,41.13397],[26.20042,41.13498],[26.20851,41.13678],[26.21297,41.13655],[26.21576,41.13837],[26.22353,41.14135],[26.22469,41.13949],[26.22452,41.13584],[26.22576,41.13189],[26.22574,41.13047],[26.22518,41.12974],[26.22265,41.13002],[26.22173,41.12944],[26.22151,41.12775],[26.22239,41.12627],[26.22237,41.12511],[26.22136,41.12434],[26.21821,41.12341],[26.21701,41.12206],[26.2146,41.11629],[26.2146,41.11487],[26.21572,41.11331],[26.21804,41.112],[26.222,41.10584],[26.22454,41.10588],[26.22604,41.10548],[26.22827,41.10666],[26.23001,41.10702],[26.23033,41.10666],[26.22906,41.10588],[26.22651,41.10301],[26.22492,41.10322],[26.22398,41.10183],[26.22149,41.10125],[26.2214,41.10058],[26.2201,41.09977],[26.21902,41.09827],[26.21683,41.09816],[26.21638,41.09584],[26.21426,41.09406],[26.20943,41.09234],[26.21022,41.09136],[26.20799,41.09022],[26.20924,41.08904],[26.20917,41.08737],[26.21059,41.08771],[26.21134,41.08681],[26.21402,41.08578],[26.21559,41.08425],[26.21533,41.08226],[26.21323,41.08121],[26.21344,41.08033],[26.2151,41.0785],[26.21503,41.07732],[26.2167,41.07649],[26.21718,41.07578],[26.21559,41.07537],[26.21497,41.07226],[26.21441,41.07168],[26.21548,41.06878],[26.2167,41.06792],[26.21561,41.06471],[26.21634,41.06114],[26.21561,41.06065],[26.21143,41.06086],[26.20973,41.06061],[26.20838,41.05958],[26.20722,41.05941],[26.20784,41.05887],[26.20458,41.05775],[26.20136,41.05584],[26.20035,41.05503],[26.2002,41.05417],[26.19456,41.05514],[26.19304,41.05406],[26.19194,41.05117],[26.19244,41.05014],[26.19211,41.04904],[26.19344,41.04705],[26.19119,41.0437],[26.19089,41.04241],[26.19171,41.03906],[26.19136,41.0369],[26.19239,41.03572],[26.19314,41.03359],[26.19308,41.03155],[26.19413,41.02902],[26.19701,41.02829],[26.19817,41.02866],[26.2002,41.02703],[26.20237,41.02688],[26.20166,41.02615],[26.19917,41.02617],[26.19832,41.02561],[26.19819,41.0252],[26.19889,41.02437],[26.19804,41.02278],[26.20106,41.01889],[26.20119,41.01565],[26.20299,41.01222],[26.20885,41.01076],[26.21655,41.00583],[26.22529,41.00443],[26.22773,41.0046],[26.22975,41.00355],[26.23153,41.00151],[26.23885,40.99954],[26.24303,40.99729],[26.22728,40.98654],[26.22252,40.97797],[26.22241,40.97744],[26.23784,40.97392],[26.23896,40.97246],[26.23883,40.97111],[26.23966,40.96997],[26.23516,40.96422],[26.22891,40.95401],[26.22383,40.94978],[26.22321,40.94952],[26.22273,40.94974],[26.22291,40.95031],[26.22488,40.95066],[26.23321,40.95077],[26.30575,40.94538],[26.31238,40.94514],[26.31556,40.94418],[26.31962,40.9409]]}},{"type":"Feature","properties":{"name":"TET_GR-13-BG_20260426","country":"GR","lengthKm":22.3},"geometry":{"type":"LineString","coordinates":[[25.4406,41.17101],[25.43996,41.16912],[25.44017,41.16562],[25.43923,41.16056],[25.43837,41.15929],[25.43813,41.15551],[25.43715,41.15384],[25.43751,41.15219],[25.43374,41.14161],[25.43728,41.14234],[25.43901,41.14225],[25.45217,41.13919],[25.45191,41.14097],[25.45333,41.14957],[25.4512,41.15605],[25.45097,41.15899],[25.45311,41.16845],[25.45264,41.17011],[25.45,41.17326],[25.44944,41.17637],[25.44734,41.17807],[25.44665,41.1792],[25.44749,41.18442],[25.44873,41.18586],[25.45116,41.18652],[25.45382,41.18789],[25.45745,41.1886],[25.45923,41.19073],[25.46311,41.19294],[25.46592,41.1983],[25.46575,41.19978],[25.46416,41.2021],[25.46455,41.20416],[25.4656,41.20536],[25.47019,41.20796],[25.47167,41.21053],[25.47133,41.2115],[25.46665,41.21678],[25.46208,41.21948],[25.4609,41.22184],[25.45618,41.22598],[25.45419,41.22935],[25.45412,41.23023],[25.45526,41.23287],[25.45436,41.23559],[25.45515,41.23774],[25.45751,41.2413],[25.45766,41.24259],[25.45706,41.24375],[25.45356,41.24731],[25.4494,41.24898],[25.44828,41.2504],[25.44777,41.25203],[25.4459,41.25313],[25.44436,41.25527],[25.43981,41.25727],[25.43788,41.25926],[25.43644,41.26173],[25.43395,41.26379],[25.43344,41.26576],[25.43189,41.26604],[25.4305,41.26491],[25.42914,41.26488]]}},{"type":"Feature","properties":{"name":"TET_GR-14-NMK-E_20260426","country":"GR","lengthKm":60.8},"geometry":{"type":"LineString","coordinates":[[22.55124,41.13032],[22.55309,41.12071],[22.55527,41.115],[22.55512,41.11356],[22.5565,41.11112],[22.55701,41.10511],[22.55918,41.10288],[22.56178,41.10273],[22.56324,41.10174],[22.56572,41.10123],[22.56699,41.10033],[22.56819,41.0994],[22.56954,41.09663],[22.57394,41.09449],[22.57491,41.09372],[22.57585,41.09196],[22.57847,41.09056],[22.57941,41.08818],[22.57969,41.08273],[22.57463,41.07743],[22.57293,41.07342],[22.57287,41.07127],[22.5742,41.06983],[22.5815,41.05857],[22.58368,41.05629],[22.58407,41.05376],[22.58521,41.05102],[22.58452,41.047],[22.58489,41.04552],[22.58405,41.04196],[22.58446,41.03962],[22.58319,41.03361],[22.58044,41.03136],[22.57851,41.02758],[22.57744,41.0243],[22.57766,41.02119],[22.57916,41.01681],[22.57907,41.01546],[22.5771,41.01177],[22.57517,41.00924],[22.57266,41.00733],[22.56978,41.00276],[22.56954,41.00029],[22.57023,40.99604],[22.57514,40.99196],[22.56937,40.99083],[22.5674,40.98984],[22.55407,40.98656],[22.55178,40.9869],[22.53721,40.97139],[22.53674,40.97049],[22.53637,40.96495],[22.53588,40.9634],[22.53281,40.96124],[22.52978,40.96055],[22.51504,40.96207],[22.51043,40.95862],[22.5074,40.95263],[22.50163,40.95175],[22.49178,40.95188],[22.4817,40.94804],[22.47592,40.94469],[22.47125,40.94343],[22.47423,40.94201],[22.47337,40.9398],[22.47277,40.93564],[22.47281,40.93175],[22.4705,40.93225],[22.4691,40.93345],[22.46605,40.9324],[22.47335,40.9077],[22.47455,40.90521],[22.47657,40.90322],[22.4768,40.9021],[22.47906,40.90068],[22.48015,40.89686],[22.48313,40.89298],[22.48672,40.89004],[22.48925,40.8871],[22.49717,40.88103],[22.49921,40.87725],[22.50135,40.87648],[22.50543,40.87378],[22.51036,40.86624],[22.51116,40.86262],[22.51127,40.85903],[22.51365,40.84816],[22.5126,40.84543],[22.50968,40.8435],[22.50798,40.84039],[22.50798,40.83925],[22.50991,40.83652],[22.51043,40.83498],[22.50779,40.8338],[22.50618,40.83191],[22.50669,40.82618],[22.50539,40.82075],[22.5035,40.81919],[22.51521,40.8191],[22.52169,40.8156],[22.52386,40.81644],[22.52637,40.81661],[22.52978,40.81485],[22.53255,40.81213],[22.5377,40.81039],[22.53974,40.81097],[22.54534,40.81105],[22.555,40.80996],[22.55804,40.8093],[22.558,40.80638],[22.57896,40.79174],[22.57783,40.78687],[22.58424,40.7861],[22.58493,40.78432],[22.5862,40.78436],[22.58617,40.77883],[22.6016,40.7784],[22.62971,40.77855],[22.63014,40.7788],[22.63108,40.78507],[22.63244,40.78855],[22.63529,40.78872],[22.64177,40.78803]]}},{"type":"Feature","properties":{"name":"TET_GR-15-NMK-W_20260426","country":"GR","lengthKm":47},"geometry":{"type":"LineString","coordinates":[[21.4174,40.91772],[21.41808,40.91697],[21.41855,40.91495],[21.41813,40.91418],[21.41823,40.91233],[21.41913,40.91025],[21.4171,40.90903],[21.41746,40.90877],[21.41684,40.90789],[21.4157,40.90751],[21.4142,40.90766],[21.40866,40.90341],[21.40429,40.89901],[21.40229,40.8962],[21.39969,40.89422],[21.39384,40.8882],[21.38403,40.88221],[21.38133,40.87961],[21.37969,40.87925],[21.37982,40.87777],[21.37869,40.87616],[21.37521,40.87541],[21.36405,40.87088],[21.36221,40.87068],[21.35778,40.87109],[21.356,40.87068],[21.35528,40.87083],[21.35302,40.86935],[21.35209,40.8694],[21.3512,40.86997],[21.34955,40.8697],[21.34635,40.86738],[21.34154,40.86606],[21.338,40.86287],[21.33588,40.86263],[21.33338,40.8616],[21.33172,40.86021],[21.32536,40.85805],[21.321,40.85808],[21.31924,40.85712],[21.3166,40.85675],[21.31268,40.85689],[21.31232,40.85587],[21.31342,40.85419],[21.31491,40.85391],[21.31485,40.85265],[21.316,40.85205],[21.3165,40.85128],[21.31541,40.84973],[21.31509,40.84974],[21.31546,40.85098],[21.31422,40.85003],[21.31061,40.84956],[21.3117,40.85031],[21.31012,40.85017],[21.30841,40.8506],[21.3075,40.85133],[21.30581,40.85112],[21.3049,40.8501],[21.3036,40.84968],[21.30183,40.84974],[21.30337,40.85025],[21.30411,40.85155],[21.3039,40.85218],[21.30259,40.85317],[21.30101,40.85215],[21.29977,40.85281],[21.29926,40.8521],[21.29758,40.85185],[21.29368,40.84969],[21.28601,40.84726],[21.28837,40.84626],[21.28884,40.84528],[21.29215,40.84533],[21.29406,40.84446],[21.29812,40.84425],[21.29874,40.84367],[21.29883,40.84268],[21.29991,40.84196],[21.29864,40.84235],[21.29775,40.84334],[21.29327,40.84336],[21.2907,40.84419],[21.28728,40.84297],[21.2866,40.84346],[21.28566,40.84535],[21.28189,40.84646],[21.28194,40.8461],[21.28459,40.84446],[21.28456,40.84195],[21.28567,40.84027],[21.28523,40.84012],[21.28426,40.84094],[21.28256,40.84367],[21.27992,40.84427],[21.27876,40.84538],[21.27594,40.84672],[21.27672,40.84922],[21.27804,40.8505],[21.27609,40.84953],[21.27397,40.84711],[21.27488,40.84927],[21.2746,40.84992],[21.26512,40.8475],[21.27098,40.84712],[21.26779,40.84652],[21.26558,40.8456],[21.25933,40.84589],[21.25971,40.84842],[21.25863,40.85032],[21.25817,40.84955],[21.25868,40.85018],[21.2589,40.85189],[21.25541,40.84992],[21.25628,40.85258],[21.25346,40.85028],[21.25231,40.85178],[21.24995,40.85297],[21.24693,40.85316],[21.24429,40.85287],[21.24339,40.85252],[21.24253,40.8514],[21.24163,40.85113],[21.24059,40.85312],[21.23802,40.85415],[21.23613,40.85432],[21.23728,40.8548],[21.23975,40.85464],[21.24063,40.85494],[21.23974,40.85506],[21.23858,40.85589],[21.23636,40.85667],[21.23597,40.8572],[21.23475,40.85752],[21.23383,40.85865],[21.23225,40.85875],[21.23327,40.85929],[21.23175,40.85946],[21.23148,40.85884],[21.2312,40.85954],[21.23154,40.85997],[21.23086,40.85996],[21.23079,40.85959],[21.23034,40.86019],[21.23108,40.86057],[21.2307,40.86094],[21.22818,40.86057],[21.22955,40.86027],[21.2274,40.85988],[21.21941,40.86264],[21.21679,40.86238],[21.21146,40.86335],[21.2045,40.86301],[21.2007,40.86377],[21.1975,40.86268],[21.19206,40.8637],[21.18849,40.86185],[21.18829,40.86036],[21.18652,40.86022],[21.18525,40.85942],[21.1849,40.85559],[21.18234,40.85265],[21.18084,40.85158],[21.17963,40.85103],[21.17473,40.85099],[21.17201,40.84947],[21.17063,40.84912],[21.16868,40.84747],[21.16741,40.84701],[21.16658,40.84574],[21.1642,40.84467],[21.16306,40.84293],[21.16265,40.84133],[21.16043,40.84034],[21.15974,40.83962],[21.15795,40.83996],[21.15596,40.83934],[21.15453,40.83976],[21.15109,40.8391],[21.14657,40.83677],[21.14418,40.83646],[21.14219,40.83561],[21.13934,40.83524],[21.13756,40.83379],[21.13589,40.83138],[21.13069,40.82777],[21.12258,40.82707],[21.12075,40.83014],[21.11629,40.82889],[21.11415,40.82882],[21.10623,40.82962],[21.1024,40.83083],[21.10069,40.83041],[21.09901,40.83091],[21.0981,40.83025]]}}]}