{"type":"FeatureCollection","features":[{"type":"Feature","properties":{"name":"TET_I-01_20260427","country":"IT","lengthKm":166.8},"geometry":{"type":"LineString","coordinates":[[7.70279,44.04866],[7.70404,44.05019],[7.70465,44.05032],[7.70519,44.05148],[7.70643,44.0517],[7.70771,44.05319],[7.71208,44.0527],[7.71314,44.05244],[7.71409,44.05165],[7.71545,44.05355],[7.71688,44.05475],[7.71764,44.05489],[7.71857,44.05445],[7.72048,44.05468],[7.72172,44.05328],[7.72344,44.05406],[7.72421,44.05376],[7.726,44.05402],[7.72679,44.05223],[7.72731,44.05196],[7.72875,44.05221],[7.72952,44.05057],[7.72913,44.04833],[7.73039,44.04809],[7.73177,44.04861],[7.73344,44.04691],[7.73253,44.0448],[7.73331,44.04285],[7.73624,44.04292],[7.73863,44.04452],[7.74026,44.04478],[7.74056,44.04388],[7.74151,44.0432],[7.74432,44.04331],[7.745,44.04198],[7.74872,44.04334],[7.75035,44.04532],[7.75163,44.04523],[7.75263,44.04566],[7.75417,44.04543],[7.75447,44.04841],[7.75617,44.04925],[7.75784,44.04947],[7.76028,44.04891],[7.76254,44.04773],[7.76421,44.04849],[7.76836,44.0473],[7.76954,44.04617],[7.77353,44.04588],[7.77491,44.04522],[7.77539,44.04564],[7.77506,44.04746],[7.77674,44.04822],[7.77825,44.05077],[7.77802,44.05158],[7.77699,44.05216],[7.77542,44.05236],[7.77389,44.05358],[7.77528,44.05563],[7.77367,44.05759],[7.7738,44.05831],[7.77317,44.0584],[7.77341,44.05894],[7.77272,44.0592],[7.77434,44.05999],[7.7746,44.06075],[7.77604,44.0605],[7.77768,44.06113],[7.78023,44.0612],[7.78053,44.06392],[7.78138,44.06501],[7.78255,44.06522],[7.78322,44.06576],[7.78121,44.06753],[7.77966,44.06777],[7.77833,44.0694],[7.7788,44.06996],[7.77833,44.07102],[7.78015,44.07264],[7.78285,44.07327],[7.78417,44.07433],[7.78249,44.07533],[7.78082,44.0781],[7.78148,44.08057],[7.7824,44.08114],[7.78208,44.0824],[7.78132,44.08311],[7.78161,44.08397],[7.7841,44.0846],[7.78492,44.08542],[7.78513,44.08685],[7.78609,44.08807],[7.78812,44.08929],[7.79141,44.09013],[7.79305,44.09014],[7.79439,44.09171],[7.79429,44.09062],[7.79711,44.09198],[7.79852,44.09181],[7.79914,44.09314],[7.80008,44.09362],[7.80032,44.0946],[7.80236,44.09546],[7.80417,44.09518],[7.80501,44.09465],[7.80833,44.0958],[7.80852,44.09538],[7.81465,44.09377],[7.8162,44.09384],[7.81847,44.09236],[7.81942,44.09284],[7.82197,44.09297],[7.82456,44.09252],[7.82739,44.0937],[7.82833,44.09374],[7.83285,44.09297],[7.83609,44.09403],[7.83697,44.09386],[7.83791,44.09457],[7.83927,44.0937],[7.84095,44.09398],[7.84169,44.09329],[7.84274,44.09323],[7.84757,44.09087],[7.8483,44.08998],[7.85053,44.08936],[7.85182,44.09016],[7.85248,44.08958],[7.85482,44.08964],[7.85556,44.0905],[7.85856,44.09022],[7.85919,44.0914],[7.85889,44.09255],[7.86067,44.09345],[7.86155,44.09256],[7.86309,44.09396],[7.86447,44.09419],[7.8648,44.09322],[7.86655,44.09439],[7.87058,44.09496],[7.87188,44.09555],[7.87317,44.09295],[7.87372,44.08936],[7.87282,44.08685],[7.87289,44.08298],[7.87378,44.08335],[7.8739,44.08296],[7.87326,44.08116],[7.87551,44.08043],[7.87377,44.07958],[7.87371,44.07871],[7.87643,44.07796],[7.87825,44.07671],[7.87985,44.0765],[7.87985,44.07553],[7.88315,44.07462],[7.8841,44.0735],[7.88424,44.07204],[7.88724,44.07193],[7.88871,44.06996],[7.89207,44.06886],[7.8925,44.06909],[7.89238,44.07099],[7.89348,44.07115],[7.89349,44.07326],[7.89476,44.07453],[7.89621,44.07504],[7.89972,44.07519],[7.90217,44.07441],[7.90008,44.07444],[7.89757,44.07323],[7.89953,44.07357],[7.90318,44.07265],[7.90445,44.07301],[7.90482,44.07367],[7.90449,44.07215],[7.90244,44.07093],[7.90123,44.07098],[7.90163,44.07029],[7.90399,44.07102],[7.90505,44.07045],[7.90624,44.07045],[7.90672,44.07088],[7.90671,44.07265],[7.90731,44.07033],[7.90652,44.06935],[7.90685,44.06947],[7.90749,44.06999],[7.9075,44.07192],[7.91006,44.07404],[7.90997,44.07526],[7.90912,44.07658],[7.90966,44.07789],[7.90885,44.07929],[7.90953,44.07939],[7.90976,44.07986],[7.90887,44.08097],[7.90824,44.07981],[7.90817,44.0817],[7.90753,44.08036],[7.90702,44.08157],[7.90733,44.0826],[7.90801,44.08281],[7.90848,44.0836],[7.90741,44.08443],[7.90745,44.08361],[7.90542,44.08449],[7.9059,44.08514],[7.90387,44.08562],[7.90225,44.08689],[7.90088,44.08715],[7.89997,44.08678],[7.89901,44.08752],[7.8968,44.08794],[7.89609,44.08866],[7.8954,44.08861],[7.89388,44.08966],[7.89274,44.08971],[7.8925,44.09042],[7.89408,44.09105],[7.89404,44.09165],[7.89574,44.09301],[7.89539,44.09359],[7.89489,44.09319],[7.89276,44.09302],[7.89105,44.09366],[7.89128,44.09284],[7.88957,44.09323],[7.88993,44.09197],[7.88855,44.09297],[7.88814,44.09373],[7.88898,44.09455],[7.88763,44.09504],[7.88758,44.09574],[7.8866,44.09642],[7.8873,44.09709],[7.88672,44.09763],[7.88795,44.09893],[7.88757,44.10001],[7.88889,44.10052],[7.88782,44.10064],[7.88688,44.10003],[7.88689,44.10044],[7.8911,44.10361],[7.89757,44.10439],[7.89867,44.10562],[7.90106,44.1059],[7.90304,44.10661],[7.90414,44.10652],[7.90616,44.10789],[7.90745,44.10694],[7.90865,44.10675],[7.91449,44.10875],[7.92022,44.10872],[7.92318,44.10745],[7.92241,44.10887],[7.92272,44.10951],[7.9228,44.10881],[7.92375,44.10842],[7.92482,44.10836],[7.92508,44.10907],[7.9267,44.1094],[7.92849,44.10833],[7.92972,44.10815],[7.9279,44.11102],[7.92851,44.11189],[7.92779,44.11294],[7.92914,44.11408],[7.93131,44.11455],[7.93314,44.116],[7.93461,44.11579],[7.93817,44.11711],[7.94007,44.11689],[7.9404,44.11797],[7.94184,44.11919],[7.94608,44.119],[7.94792,44.1201],[7.94928,44.12021],[7.95094,44.12106],[7.94947,44.11933],[7.94827,44.11926],[7.94836,44.1186],[7.94722,44.11686],[7.94522,44.11699],[7.94414,44.1175],[7.94343,44.11648],[7.94276,44.1163],[7.94331,44.11501],[7.94471,44.11407],[7.9445,44.11353],[7.94253,44.11278],[7.94265,44.11256],[7.94423,44.1128],[7.94547,44.11343],[7.94565,44.11433],[7.94478,44.11516],[7.94497,44.11566],[7.94776,44.11508],[7.94912,44.11348],[7.95048,44.11339],[7.95123,44.11408],[7.95102,44.11554],[7.95546,44.117],[7.95548,44.11805],[7.95662,44.11664],[7.95628,44.11785],[7.95766,44.11803],[7.95899,44.11943],[7.96106,44.1171],[7.96313,44.11623],[7.96497,44.11673],[7.96569,44.1178],[7.96681,44.11848],[7.96856,44.11762],[7.97047,44.11833],[7.97242,44.11571],[7.97698,44.11582],[7.97786,44.1145],[7.98385,44.11319],[7.98489,44.11189],[7.98622,44.11246],[7.98812,44.11248],[7.98928,44.11313],[7.9905,44.11301],[7.99151,44.1137],[7.99354,44.11321],[7.9951,44.11346],[7.99528,44.11388],[7.99826,44.11451],[7.99967,44.11564],[7.9958,44.11525],[7.99187,44.11567],[7.98979,44.1153],[7.9884,44.11595],[7.98987,44.11596],[7.99141,44.11694],[7.99564,44.11804],[7.99637,44.11877],[7.99499,44.11834],[7.99562,44.119],[7.9937,44.11848],[7.99394,44.11878],[7.99337,44.11871],[7.99598,44.12092],[7.99443,44.12046],[7.99129,44.12073],[7.98809,44.11979],[7.98635,44.11975],[7.98338,44.12071],[7.98105,44.12086],[7.98075,44.12107],[7.98133,44.12106],[7.98115,44.12149],[7.98033,44.12172],[7.97945,44.12139],[7.97785,44.12178],[7.97703,44.12367],[7.97492,44.12476],[7.97452,44.12445],[7.97362,44.12471],[7.97327,44.12393],[7.97231,44.1243],[7.97281,44.12544],[7.97174,44.12537],[7.97192,44.12668],[7.9714,44.12746],[7.97457,44.12782],[7.97092,44.12979],[7.96992,44.13075],[7.96957,44.13184],[7.96753,44.13347],[7.96659,44.13354],[7.96764,44.13571],[7.97407,44.1351],[7.97164,44.13638],[7.96885,44.13669],[7.9665,44.13774],[7.9655,44.13723],[7.9604,44.13831],[7.95866,44.14112],[7.95541,44.14179],[7.95592,44.14186],[7.95712,44.14332],[7.95579,44.1429],[7.95345,44.14307],[7.95189,44.14225],[7.94989,44.14267],[7.94879,44.14322],[7.95119,44.14362],[7.94821,44.14409],[7.94671,44.14575],[7.94366,44.14645],[7.94484,44.14752],[7.9428,44.14722],[7.94038,44.1483],[7.93876,44.14978],[7.93653,44.14911],[7.9348,44.14769],[7.93385,44.14832],[7.93004,44.14878],[7.92895,44.14813],[7.92619,44.14506],[7.92354,44.14631],[7.92252,44.14633],[7.92182,44.14757],[7.92077,44.14828],[7.92014,44.14608],[7.91928,44.14583],[7.91887,44.14427],[7.91696,44.14265],[7.91538,44.14251],[7.91281,44.14446],[7.91158,44.14401],[7.91098,44.14303],[7.90932,44.14289],[7.90882,44.14234],[7.90777,44.14217],[7.90607,44.14057],[7.90854,44.14469],[7.90789,44.14557],[7.90957,44.14658],[7.90992,44.14791],[7.91067,44.14827],[7.91374,44.14762],[7.91444,44.14788],[7.91405,44.14986],[7.91223,44.15128],[7.9124,44.1536],[7.91394,44.15445],[7.91645,44.1551],[7.92121,44.15462],[7.94518,44.15828],[7.95547,44.15829],[7.95929,44.1603],[7.96307,44.16036],[7.96647,44.16162],[7.9701,44.16243],[7.97197,44.16435],[7.97287,44.16702],[7.97632,44.17054],[7.97712,44.17287],[7.97879,44.17481],[7.98069,44.17603],[7.98164,44.1794],[7.98256,44.18083],[7.98611,44.18308],[7.9903,44.18377],[7.99267,44.18465],[7.99546,44.18694],[7.99856,44.18779],[8.00055,44.18884],[8.0082,44.1905],[8.00972,44.19229],[8.01345,44.20203],[8.0169,44.2015],[8.01858,44.20401],[8.02186,44.20371],[8.02207,44.20215],[8.02578,44.19973],[8.02881,44.19715],[8.03148,44.1932],[8.03241,44.18937],[8.03326,44.1891],[8.03423,44.18792],[8.03341,44.18987],[8.03734,44.1864],[8.03959,44.18625],[8.04031,44.1851],[8.04086,44.18497],[8.04037,44.18658],[8.03913,44.18693],[8.03794,44.18798],[8.03857,44.18756],[8.04092,44.1872],[8.04169,44.18608],[8.04268,44.18588],[8.04346,44.18508],[8.04264,44.18626],[8.04357,44.18574],[8.0457,44.18277],[8.05049,44.18132],[8.0484,44.18108],[8.04691,44.18003],[8.04632,44.17758],[8.04487,44.17699],[8.04464,44.17652],[8.04695,44.17725],[8.04711,44.17781],[8.04838,44.1785],[8.0497,44.17817],[8.05301,44.17815],[8.05574,44.17858],[8.05733,44.17837],[8.05815,44.17976],[8.06174,44.18079],[8.06274,44.18187],[8.06712,44.18362],[8.07077,44.18232],[8.0721,44.18296],[8.07371,44.18278],[8.07569,44.18181],[8.07694,44.18173],[8.07885,44.17782],[8.08015,44.17737],[8.08116,44.17752],[8.08795,44.1754],[8.09222,44.17522],[8.09499,44.17077],[8.10222,44.16869],[8.10406,44.16784],[8.10851,44.16781],[8.10973,44.16668],[8.11204,44.1628],[8.11439,44.1624],[8.11737,44.16247],[8.11631,44.16233],[8.11506,44.16134],[8.1166,44.16153],[8.11793,44.16118],[8.11913,44.16067],[8.1178,44.16072],[8.1205,44.15951],[8.12119,44.1606],[8.12026,44.16185],[8.12253,44.16188],[8.12426,44.16326],[8.12533,44.16358],[8.12535,44.16455],[8.12648,44.16487],[8.12691,44.16563],[8.12632,44.16636],[8.12712,44.16672],[8.12766,44.16761],[8.12891,44.16716],[8.13002,44.16776],[8.13228,44.17048],[8.13203,44.17203],[8.13471,44.17376],[8.1354,44.17485],[8.13261,44.1798],[8.12996,44.18215],[8.12853,44.18597],[8.1293,44.18705],[8.12938,44.18815],[8.13147,44.18885],[8.133,44.18757],[8.14285,44.18506],[8.14886,44.18196],[8.15003,44.18337],[8.15082,44.18362],[8.15269,44.18327],[8.15368,44.18224],[8.16071,44.18183],[8.16597,44.18302],[8.17086,44.18232],[8.17615,44.18265],[8.17538,44.18296],[8.17613,44.1831],[8.17563,44.18349],[8.17806,44.18312],[8.17751,44.18367],[8.17873,44.18347],[8.17944,44.18378],[8.17699,44.18461],[8.18101,44.18432],[8.17932,44.18505],[8.18138,44.18492],[8.17759,44.18605],[8.17659,44.18682],[8.17434,44.18688],[8.17352,44.18802],[8.17334,44.1897],[8.16977,44.19151],[8.16885,44.1925],[8.16987,44.1961],[8.16861,44.19719],[8.16901,44.19826],[8.16852,44.20114],[8.17072,44.20177],[8.171,44.20217],[8.17061,44.20276],[8.17122,44.20384],[8.1756,44.20755],[8.1754,44.20812],[8.17605,44.20874],[8.17455,44.20989],[8.17477,44.2103],[8.17416,44.21071],[8.17447,44.21112],[8.1739,44.21155],[8.17421,44.2132],[8.17547,44.21322],[8.17637,44.21377],[8.17584,44.21536],[8.17803,44.21649],[8.17973,44.21868],[8.18383,44.22035],[8.18658,44.22286],[8.18871,44.22294],[8.18937,44.22352],[8.19014,44.22352],[8.19193,44.22437],[8.19246,44.22568],[8.19178,44.2281],[8.19153,44.22586],[8.19008,44.22529],[8.19064,44.22628],[8.19011,44.22797],[8.19061,44.22915],[8.19747,44.22987],[8.20002,44.23204],[8.2028,44.23266],[8.20638,44.23214],[8.2088,44.23264],[8.21409,44.23131],[8.216,44.23263],[8.21912,44.23386],[8.21996,44.23476],[8.22421,44.23582],[8.22474,44.23703],[8.22784,44.23786],[8.22912,44.23875],[8.23103,44.23857],[8.23387,44.23771],[8.23543,44.23765],[8.23638,44.2381],[8.23586,44.23706],[8.23451,44.23681],[8.23597,44.23642],[8.23738,44.23652],[8.23771,44.23688],[8.2374,44.23716],[8.23963,44.23817],[8.24014,44.23928],[8.2421,44.23995],[8.24556,44.23925],[8.24666,44.23954],[8.24759,44.23913],[8.24883,44.23941],[8.25177,44.24105],[8.25264,44.24365],[8.25322,44.24405],[8.25564,44.24431],[8.25655,44.24375],[8.25762,44.24399],[8.25852,44.24352],[8.25948,44.24178],[8.26063,44.24269],[8.26367,44.2427],[8.26375,44.24157],[8.2661,44.24089],[8.26571,44.23835],[8.26642,44.23694],[8.26795,44.23559],[8.27011,44.23471],[8.26976,44.23361],[8.2719,44.2332],[8.27318,44.2336],[8.27373,44.23422],[8.27748,44.23516],[8.27788,44.23621],[8.27731,44.23575],[8.27443,44.23645],[8.27396,44.23765],[8.27246,44.23921],[8.27634,44.23817],[8.27664,44.23936],[8.27824,44.2405],[8.27911,44.24095],[8.28043,44.24085],[8.28115,44.2425],[8.28244,44.2413],[8.28558,44.23966],[8.28799,44.24011],[8.28937,44.23996],[8.29116,44.2406],[8.2906,44.24225],[8.28709,44.24618],[8.28703,44.24763],[8.28515,44.24904],[8.28598,44.24976],[8.2865,44.25147],[8.28822,44.25318],[8.28859,44.25433],[8.29045,44.25482],[8.29352,44.25489],[8.29382,44.25559],[8.29584,44.25536],[8.29879,44.2564],[8.30422,44.2542],[8.30705,44.25456],[8.31028,44.25787],[8.31021,44.2594],[8.31108,44.25977],[8.31452,44.25934],[8.31557,44.25972],[8.31754,44.25943],[8.32209,44.25703],[8.32355,44.25547],[8.32811,44.25643],[8.33101,44.25559],[8.33176,44.25585],[8.33096,44.25715],[8.33188,44.25981],[8.33149,44.26125],[8.327,44.26294],[8.32662,44.26501],[8.3247,44.26581],[8.32467,44.26655],[8.3254,44.26727],[8.3241,44.26807],[8.32351,44.26944],[8.3251,44.27091],[8.32529,44.27213],[8.327,44.27338],[8.32662,44.2746],[8.32706,44.27735],[8.32863,44.27853],[8.32941,44.27988],[8.32958,44.28153],[8.32834,44.2835],[8.32872,44.28385],[8.32697,44.28529],[8.32678,44.28625],[8.32506,44.286],[8.32452,44.28649],[8.3246,44.28716],[8.32318,44.28702],[8.32187,44.28738],[8.32182,44.2897],[8.32123,44.29062],[8.3224,44.2925],[8.32182,44.29485],[8.32277,44.29575],[8.32208,44.29642],[8.3228,44.29738],[8.3238,44.29779],[8.3245,44.29954],[8.32414,44.30001],[8.32599,44.30039],[8.32645,44.30141],[8.32596,44.30226],[8.32642,44.30343],[8.32574,44.30426],[8.32594,44.30513],[8.32442,44.30628],[8.32447,44.30756],[8.32582,44.309],[8.32593,44.30962],[8.32532,44.31026],[8.32648,44.31119],[8.32755,44.3145],[8.32861,44.31559],[8.32778,44.31754],[8.32657,44.31853],[8.32662,44.31928],[8.32526,44.32035],[8.32392,44.32344],[8.32675,44.32427],[8.32779,44.32622],[8.33459,44.32776],[8.33545,44.32923],[8.33486,44.33056],[8.33271,44.33229],[8.33296,44.33304],[8.33236,44.33563],[8.33618,44.33496],[8.3383,44.33511],[8.3384,44.33579],[8.34054,44.33573],[8.34328,44.33496],[8.34815,44.33183],[8.34906,44.3316],[8.35072,44.33259],[8.35322,44.33256],[8.35479,44.33424],[8.35788,44.33496],[8.36076,44.33458],[8.36363,44.33527],[8.36545,44.33501],[8.36797,44.33549],[8.36969,44.33677],[8.374,44.33568],[8.37353,44.33436],[8.37128,44.33347],[8.37047,44.33224],[8.37068,44.33298],[8.3697,44.33324],[8.36974,44.33429],[8.3667,44.33208],[8.36518,44.3321],[8.36614,44.33129],[8.36742,44.33098],[8.3687,44.3281],[8.36928,44.32756],[8.37193,44.32703],[8.3752,44.3248],[8.37664,44.32464],[8.37805,44.32319],[8.3796,44.32292],[8.38072,44.32318],[8.38187,44.32266],[8.38351,44.32124],[8.38286,44.32007],[8.38287,44.31844],[8.38426,44.31668],[8.38598,44.31669],[8.38671,44.31559],[8.38879,44.31556],[8.39233,44.31351],[8.39317,44.31244],[8.40065,44.3083],[8.40314,44.30769],[8.41067,44.30373],[8.41119,44.30384],[8.41165,44.30317],[8.41022,44.30194],[8.41012,44.30005],[8.41159,44.29933],[8.41173,44.29814],[8.41466,44.29724],[8.41546,44.29588],[8.41522,44.29432],[8.41735,44.29311],[8.41747,44.29154],[8.4251,44.28876],[8.43098,44.28722],[8.43319,44.28609],[8.43038,44.28428],[8.43162,44.28356],[8.43293,44.28174],[8.43298,44.28091],[8.43233,44.28001],[8.43412,44.27819],[8.4347,44.27545],[8.43703,44.27319],[8.43888,44.27257],[8.43903,44.27038],[8.44212,44.26461],[8.44792,44.26164],[8.4476,44.26175]]}},{"type":"Feature","properties":{"name":"TET_I-02_20260427","country":"IT","lengthKm":602.6},"geometry":{"type":"LineString","coordinates":[[7.51191,43.88452],[7.51701,43.87965],[7.51794,43.87957],[7.51638,43.88054],[7.51613,43.88253],[7.51788,43.88082],[7.52343,43.8795],[7.52486,43.87965],[7.52709,43.8793],[7.52827,43.87992],[7.53082,43.88001],[7.53356,43.87965],[7.5361,43.87744],[7.53729,43.8769],[7.53705,43.87569],[7.53848,43.87468],[7.53891,43.87243],[7.53997,43.87105],[7.54136,43.87084],[7.54466,43.87324],[7.54593,43.87243],[7.54886,43.87149],[7.55007,43.86927],[7.554,43.86785],[7.56084,43.86387],[7.57213,43.86383],[7.57428,43.856],[7.57955,43.84948],[7.58049,43.84898],[7.58352,43.84857],[7.58687,43.84722],[7.59149,43.84414],[7.59149,43.8427],[7.59024,43.84164],[7.59269,43.84141],[7.59195,43.84185],[7.59254,43.84193],[7.59212,43.84202],[7.59301,43.84282],[7.59421,43.84337],[7.59368,43.84443],[7.59539,43.84476],[7.59636,43.84449],[7.59646,43.84498],[7.59821,43.84555],[7.59885,43.8453],[7.59914,43.84591],[7.60016,43.84629],[7.59746,43.84741],[7.59402,43.84747],[7.59418,43.84876],[7.59573,43.84903],[7.59627,43.84967],[7.59758,43.84979],[7.59632,43.84912],[7.59921,43.84996],[7.59839,43.84928],[7.59912,43.84901],[7.60025,43.84965],[7.603,43.84933],[7.60491,43.8486],[7.60524,43.8478],[7.60636,43.8471],[7.60625,43.84764],[7.6056,43.84786],[7.60599,43.84843],[7.60403,43.85027],[7.60536,43.84955],[7.60594,43.85023],[7.60552,43.85176],[7.60728,43.85375],[7.60713,43.85487],[7.61282,43.85553],[7.61198,43.85869],[7.61359,43.85989],[7.61119,43.86124],[7.61114,43.86204],[7.60923,43.86238],[7.60992,43.86416],[7.61213,43.86594],[7.60887,43.86783],[7.60971,43.86856],[7.60932,43.86912],[7.61029,43.86978],[7.61061,43.87113],[7.61033,43.87173],[7.60823,43.87319],[7.60844,43.87388],[7.60765,43.87553],[7.60636,43.87611],[7.60584,43.87894],[7.60687,43.87701],[7.60889,43.87551],[7.60981,43.87369],[7.61209,43.87257],[7.61275,43.87182],[7.6128,43.87096],[7.61432,43.86987],[7.61432,43.86841],[7.61571,43.86706],[7.61621,43.86491],[7.61692,43.86403],[7.61887,43.86324],[7.61979,43.86214],[7.62204,43.86206],[7.62284,43.86294],[7.62277,43.86437],[7.62447,43.8659],[7.62526,43.86751],[7.62567,43.87111],[7.62915,43.8718],[7.62968,43.87259],[7.6294,43.87379],[7.63129,43.87459],[7.63412,43.87491],[7.63876,43.87905],[7.64067,43.88354],[7.64013,43.88549],[7.64213,43.88819],[7.64324,43.88877],[7.64385,43.88999],[7.64468,43.88999],[7.64535,43.89167],[7.64681,43.89304],[7.64685,43.89497],[7.64822,43.89663],[7.64809,43.89853],[7.64945,43.90053],[7.6485,43.90336],[7.65041,43.90547],[7.64936,43.90931],[7.6506,43.91177],[7.65026,43.91248],[7.6488,43.91313],[7.6485,43.91431],[7.64899,43.91602],[7.64839,43.91853],[7.64621,43.92076],[7.64591,43.9224],[7.64621,43.92319],[7.64832,43.92407],[7.64855,43.92462],[7.64708,43.92637],[7.64843,43.92717],[7.65021,43.92907],[7.65357,43.93043],[7.65455,43.93118],[7.66029,43.93222],[7.66193,43.93134],[7.66315,43.93117],[7.66536,43.93213],[7.66962,43.93032],[7.67135,43.93031],[7.67633,43.93149],[7.67851,43.93383],[7.6781,43.93389],[7.68119,43.93655],[7.68407,43.93829],[7.68605,43.94251],[7.68558,43.9377],[7.68955,43.94768],[7.69124,43.94189],[7.69286,43.94201],[7.69638,43.94338],[7.69618,43.94456],[7.69695,43.94568],[7.69778,43.94551],[7.69795,43.94616],[7.69912,43.94653],[7.69967,43.94764],[7.70158,43.9481],[7.70385,43.94607],[7.70529,43.9468],[7.7073,43.94666],[7.70689,43.94955],[7.70854,43.9498],[7.70867,43.95127],[7.71018,43.95409],[7.71358,43.9529],[7.71516,43.95472],[7.71246,43.95775],[7.71363,43.95783],[7.714,43.95878],[7.7156,43.95832],[7.71612,43.95896],[7.71719,43.959],[7.71786,43.96123],[7.71506,43.96456],[7.72051,43.96675],[7.72334,43.96614],[7.72425,43.96791],[7.72725,43.96837],[7.73465,43.96754],[7.73607,43.96769],[7.73616,43.96836],[7.73762,43.96977],[7.73847,43.96999],[7.73873,43.96825],[7.7406,43.96679],[7.74244,43.96673],[7.74257,43.96767],[7.74403,43.96769],[7.74403,43.96851],[7.7448,43.96877],[7.74491,43.97078],[7.74407,43.97136],[7.74442,43.97246],[7.74399,43.9728],[7.74459,43.97342],[7.74281,43.97462],[7.74289,43.97548],[7.74517,43.97531],[7.74646,43.97683],[7.74646,43.97928],[7.74564,43.98027],[7.74676,43.98031],[7.74815,43.98138],[7.74822,43.9822],[7.74931,43.98231],[7.75416,43.98061],[7.75309,43.9817],[7.75212,43.98198],[7.75158,43.98291],[7.75028,43.98346],[7.7498,43.98398],[7.75004,43.98441],[7.7533,43.98342],[7.75613,43.98304],[7.758,43.9831],[7.75658,43.98379],[7.75854,43.98346],[7.76008,43.98194],[7.75987,43.98258],[7.76042,43.9834],[7.75922,43.98417],[7.75512,43.98552],[7.76019,43.98494],[7.76257,43.98402],[7.76154,43.98499],[7.76006,43.98574],[7.75845,43.98597],[7.75742,43.98677],[7.75851,43.98623],[7.76298,43.9866],[7.76669,43.98458],[7.76901,43.98477],[7.77351,43.98668],[7.77628,43.98606],[7.77712,43.98653],[7.77772,43.98636],[7.77708,43.98754],[7.77826,43.98643],[7.78115,43.9861],[7.78349,43.98527],[7.78532,43.98617],[7.78703,43.98647],[7.79188,43.98563],[7.78901,43.98694],[7.79066,43.98722],[7.79244,43.98683],[7.79004,43.98786],[7.793,43.98748],[7.79012,43.98924],[7.78641,43.99076],[7.78971,43.9905],[7.79175,43.98979],[7.79137,43.99185],[7.79401,43.99276],[7.79422,43.99346],[7.79512,43.99391],[7.79566,43.99539],[7.79448,43.99743],[7.79433,43.99896],[7.7948,44.00012],[7.79624,44.00155],[7.7992,44.00278],[7.79641,44.00194],[7.79901,44.00336],[7.80023,44.00275],[7.8021,44.00353],[7.80304,44.00271],[7.80278,44.00132],[7.80368,44.00039],[7.80293,43.99971],[7.80306,43.9993],[7.80392,44.0002],[7.80336,43.99949],[7.80853,43.99554],[7.80939,43.99563],[7.81227,43.99816],[7.81785,43.99883],[7.81774,44.00031],[7.82147,43.99936],[7.82338,43.99973],[7.82357,43.99872],[7.82512,43.99868],[7.82671,43.99911],[7.82727,43.99829],[7.82836,43.99788],[7.82853,43.99737],[7.8278,43.99625],[7.83239,43.99451],[7.83415,43.99269],[7.83495,43.99061],[7.83465,43.99291],[7.8336,43.9952],[7.83638,43.99301],[7.83735,43.99278],[7.84284,43.99368],[7.8452,43.99295],[7.84469,43.99153],[7.84812,43.98969],[7.8499,43.99001],[7.85057,43.98945],[7.85181,43.98971],[7.85188,43.99057],[7.85261,43.99057],[7.85447,43.9919],[7.85325,43.99125],[7.85145,43.99102],[7.851,43.99044],[7.8496,43.99132],[7.85042,43.99237],[7.84874,43.99233],[7.84896,43.99314],[7.85091,43.99507],[7.84956,43.99591],[7.84838,43.99788],[7.84928,43.99821],[7.84814,43.99853],[7.84962,43.99906],[7.84853,43.99889],[7.84632,43.9996],[7.84538,43.99926],[7.84396,43.99932],[7.8431,43.99887],[7.84276,43.99973],[7.84164,43.99971],[7.84145,44.0005],[7.8398,44.0005],[7.83812,44.00127],[7.83819,44.00312],[7.8375,44.00381],[7.83834,44.00426],[7.83862,44.00496],[7.83982,44.00512],[7.84209,44.00687],[7.84042,44.00752],[7.83862,44.00928],[7.83787,44.00934],[7.83615,44.01194],[7.8339,44.01134],[7.83244,44.01282],[7.83096,44.01327],[7.82975,44.01254],[7.82894,44.01275],[7.82791,44.01333],[7.82748,44.01421],[7.82645,44.01391],[7.82548,44.01207],[7.82377,44.01097],[7.82259,44.01142],[7.82244,44.01269],[7.82177,44.01308],[7.82081,44.01318],[7.81819,44.01168],[7.8163,44.01235],[7.81624,44.01129],[7.81327,44.01318],[7.81285,44.01232],[7.81306,44.01048],[7.80911,44.01312],[7.80988,44.01417],[7.81274,44.01565],[7.8113,44.01739],[7.8127,44.01913],[7.80802,44.02205],[7.8077,44.0231],[7.80813,44.02451],[7.80699,44.02571],[7.80828,44.02777],[7.80598,44.02891],[7.80615,44.03028],[7.80486,44.03187],[7.80549,44.03224],[7.80452,44.03215],[7.80403,44.03119],[7.80364,44.03202],[7.80463,44.03301],[7.80431,44.03387],[7.80484,44.03511],[7.80667,44.03552],[7.80802,44.03692],[7.80986,44.03737],[7.81049,44.039],[7.80879,44.039],[7.80619,44.0399],[7.8042,44.0417],[7.80094,44.04048],[7.7986,44.04026],[7.79589,44.04159],[7.79461,44.04153],[7.79471,44.04267],[7.79341,44.0434],[7.79124,44.04264],[7.78823,44.04385],[7.78512,44.04314],[7.78218,44.04425],[7.77733,44.0447],[7.77538,44.04565],[7.77484,44.04524],[7.77351,44.04588],[7.76946,44.04619],[7.76834,44.0473],[7.76418,44.04848],[7.76289,44.04769],[7.76085,44.04872],[7.75809,44.04947],[7.75605,44.04925],[7.75442,44.04837],[7.75446,44.04597],[7.75397,44.04537],[7.75253,44.04569],[7.75141,44.0452],[7.75034,44.04531],[7.74871,44.04333],[7.74495,44.04198],[7.7445,44.04305],[7.74403,44.04134],[7.74279,44.04031],[7.7421,44.03685],[7.73957,44.03468],[7.74197,44.03101],[7.74176,44.03037],[7.74309,44.02932],[7.74229,44.02816],[7.74276,44.02612],[7.74358,44.02432],[7.745,44.02312],[7.74663,44.01956],[7.74652,44.01629],[7.74575,44.01507],[7.74794,44.01224],[7.74802,44.00921],[7.7486,44.00782],[7.75304,44.00501],[7.75143,44.00763],[7.75309,44.0067],[7.75437,44.00548],[7.75489,44.00378],[7.75899,44.00082],[7.761,43.99788],[7.76107,43.99758],[7.75688,43.99745],[7.7551,43.99645],[7.75216,43.9961],[7.75489,43.99552],[7.75879,43.99585],[7.76195,43.99548],[7.75991,43.99522],[7.75886,43.99471],[7.75957,43.9946],[7.75942,43.99434],[7.76019,43.99391],[7.75862,43.99338],[7.7562,43.99318],[7.7536,43.99351],[7.75085,43.99331],[7.74894,43.99398],[7.74824,43.99359],[7.74641,43.99509],[7.74515,43.99475],[7.74395,43.99366],[7.73987,43.99327],[7.73912,43.99527],[7.73792,43.99539],[7.7339,43.99745],[7.73232,43.99872],[7.73161,44.00018],[7.73553,44.00235],[7.73609,44.00327],[7.73581,44.00353],[7.73422,44.00273],[7.73174,44.00286],[7.73034,44.002],[7.72809,44.0028],[7.72747,44.0034],[7.72184,44.00381],[7.72101,44.00411],[7.72045,44.00554],[7.71626,44.00645],[7.71629,44.00782],[7.71511,44.00728],[7.71356,44.00889],[7.71169,44.01121],[7.71253,44.01713],[7.715,44.02009],[7.71611,44.02031],[7.71541,44.0211],[7.71538,44.0223],[7.71618,44.02292],[7.71607,44.02365],[7.71895,44.02732],[7.71854,44.02829],[7.71974,44.02998],[7.71963,44.03127],[7.72066,44.0317],[7.71914,44.0341],[7.71961,44.03694],[7.71948,44.03829],[7.71869,44.03921],[7.7189,44.03973],[7.71865,44.03922],[7.71796,44.03921],[7.7182,44.03749],[7.71719,44.03589],[7.71438,44.03584],[7.71676,44.0332],[7.71689,44.03136],[7.71199,44.03282],[7.71285,44.03181],[7.71242,44.03119],[7.71481,44.02913],[7.71084,44.03101],[7.71099,44.0317],[7.70914,44.03368],[7.70863,44.03483],[7.71096,44.03503],[7.7077,44.03543],[7.70841,44.03007],[7.70764,44.03022],[7.70719,44.02981],[7.70848,44.02872],[7.70837,44.02829],[7.70571,44.02775],[7.70459,44.02559],[7.70255,44.02604],[7.70101,44.02702],[7.70257,44.0299],[7.70251,44.03292],[7.70094,44.03097],[7.69865,44.03106],[7.69854,44.02913],[7.69655,44.02861],[7.6956,44.02743],[7.69268,44.02726],[7.69228,44.02747],[7.69163,44.02998],[7.69073,44.02988],[7.68871,44.02777],[7.68938,44.02589],[7.68803,44.02737],[7.68573,44.02814],[7.68389,44.02971],[7.68685,44.02962],[7.68376,44.03061],[7.68326,44.03213],[7.6821,44.03134],[7.68286,44.03282],[7.68221,44.03211],[7.67998,44.03187],[7.67914,44.03108],[7.68037,44.02941],[7.68148,44.02634],[7.67837,44.02952],[7.67679,44.03056],[7.67701,44.03178],[7.67906,44.03378],[7.67654,44.0323],[7.67544,44.03071],[7.67563,44.02946],[7.67271,44.02971],[7.67032,44.03055],[7.66718,44.0307],[7.66667,44.02856],[7.66423,44.02802],[7.66417,44.02486],[7.66362,44.02453],[7.66313,44.02275],[7.6649,44.02116],[7.66248,44.01795],[7.66302,44.01577],[7.66493,44.01238],[7.66605,44.01151],[7.66588,44.00816],[7.66788,44.00645],[7.66771,44.00501],[7.66844,44.0016],[7.66977,44.00073],[7.67163,43.99858],[7.67357,43.99839],[7.67444,43.99744],[7.67265,43.99573],[7.66806,43.99608],[7.66756,43.99582],[7.66705,43.99518],[7.66737,43.99399],[7.66635,43.99358],[7.66467,43.99176],[7.667,43.98964],[7.66546,43.99182],[7.66677,43.99283],[7.66853,43.99329],[7.66891,43.99439],[7.6706,43.99456],[7.67196,43.99386],[7.67373,43.9941],[7.67562,43.99379],[7.67616,43.99449],[7.67568,43.99367],[7.67386,43.99369],[7.672,43.99314],[7.67103,43.99347],[7.67189,43.99297],[7.67381,43.99317],[7.67631,43.99283],[7.677,43.99326],[7.67975,43.99245],[7.68043,43.99165],[7.68193,43.99192],[7.68367,43.99168],[7.68421,43.99104],[7.68369,43.98852],[7.68417,43.99106],[7.68375,43.99164],[7.68176,43.99189],[7.68056,43.99159],[7.67984,43.99241],[7.67699,43.99327],[7.67635,43.99284],[7.67378,43.99317],[7.67186,43.99297],[7.67109,43.99329],[7.67573,43.99366],[7.67601,43.99439],[7.67576,43.9939],[7.67457,43.99386],[7.67367,43.9941],[7.67209,43.99383],[7.6706,43.99457],[7.66871,43.99425],[7.66857,43.99341],[7.66675,43.99284],[7.66543,43.99182],[7.66719,43.98979],[7.66464,43.99179],[7.66615,43.99344],[7.66741,43.99401],[7.66706,43.9952],[7.66755,43.99584],[7.67072,43.996],[7.67243,43.99565],[7.67377,43.99639],[7.6744,43.99744],[7.67349,43.9984],[7.67181,43.99851],[7.67108,43.99894],[7.66978,44.00072],[7.66848,44.00158],[7.66772,44.00501],[7.66793,44.00633],[7.66592,44.00815],[7.66602,44.01153],[7.66429,44.01336],[7.66304,44.01573],[7.66244,44.01794],[7.66492,44.02118],[7.6631,44.02276],[7.66355,44.02455],[7.66417,44.02488],[7.66423,44.02803],[7.66666,44.02859],[7.6672,44.03048],[7.66815,44.03077],[7.67034,44.03054],[7.67479,44.02933],[7.67561,44.02944],[7.67538,44.0307],[7.67658,44.03233],[7.68244,44.0355],[7.68319,44.03654],[7.68465,44.03715],[7.68686,44.03709],[7.68743,44.03781],[7.68944,44.03866],[7.69277,44.03868],[7.69493,44.03765],[7.6963,44.03601],[7.697,44.03896],[7.6983,44.03979],[7.69946,44.04001],[7.70078,44.03927],[7.70136,44.03953],[7.70108,44.04057],[7.70166,44.04181],[7.70258,44.0424],[7.70487,44.04268],[7.70518,44.04301],[7.70284,44.04646],[7.70239,44.04898],[7.70297,44.05047],[7.70212,44.05178],[7.70324,44.05107],[7.70288,44.05168],[7.7036,44.05203],[7.70454,44.05361],[7.70438,44.05423],[7.70334,44.0549],[7.70545,44.05655],[7.70493,44.05721],[7.70487,44.05863],[7.70314,44.0592],[7.70431,44.06152],[7.70442,44.06295],[7.70491,44.06321],[7.70402,44.06437],[7.70503,44.06477],[7.70442,44.0643],[7.70649,44.06444],[7.70708,44.06494],[7.70703,44.06553],[7.70868,44.06639],[7.70769,44.06831],[7.7094,44.06851],[7.70954,44.06897],[7.71122,44.06971],[7.71105,44.07191],[7.71042,44.07255],[7.71074,44.07354],[7.70945,44.0756],[7.71375,44.07738],[7.7146,44.07973],[7.71485,44.07925],[7.71459,44.08013],[7.71569,44.07793],[7.71565,44.0747],[7.71673,44.07365],[7.71617,44.07526],[7.71727,44.07429],[7.71708,44.07525],[7.71848,44.07395],[7.71829,44.07448],[7.71898,44.0742],[7.71836,44.0753],[7.71859,44.07642],[7.71998,44.07531],[7.72003,44.07667],[7.72132,44.07549],[7.72089,44.07676],[7.72176,44.07713],[7.72263,44.07859],[7.72754,44.07983],[7.72892,44.08162],[7.73286,44.08343],[7.73165,44.08461],[7.72973,44.08558],[7.72935,44.08652],[7.72537,44.08813],[7.72293,44.08819],[7.72244,44.08929],[7.72006,44.09014],[7.72091,44.09246],[7.72193,44.09341],[7.72176,44.09413],[7.72294,44.09556],[7.72276,44.09593],[7.71711,44.09658],[7.71558,44.09751],[7.7156,44.09797],[7.71762,44.09943],[7.71887,44.10105],[7.71839,44.10293],[7.71723,44.10279],[7.71656,44.10183],[7.71561,44.10148],[7.71434,44.10198],[7.70948,44.10259],[7.70965,44.10411],[7.71038,44.10523],[7.70772,44.10706],[7.70416,44.10811],[7.70327,44.10951],[7.704,44.11165],[7.70498,44.11222],[7.70493,44.11267],[7.70138,44.11456],[7.70008,44.1145],[7.69819,44.11563],[7.69884,44.11622],[7.69762,44.11742],[7.69987,44.11828],[7.69978,44.11853],[7.69858,44.11875],[7.69666,44.11994],[7.6918,44.12072],[7.69114,44.12199],[7.69029,44.12205],[7.69074,44.12428],[7.69231,44.12531],[7.69063,44.12809],[7.68904,44.1285],[7.68781,44.12817],[7.68673,44.12832],[7.68291,44.12666],[7.68156,44.12688],[7.68053,44.1266],[7.67985,44.12703],[7.68016,44.12765],[7.67982,44.12824],[7.68037,44.12859],[7.67969,44.12942],[7.68163,44.13128],[7.68119,44.13172],[7.67907,44.13216],[7.67783,44.13339],[7.67459,44.13367],[7.67327,44.13457],[7.67426,44.1361],[7.67721,44.13774],[7.67637,44.13928],[7.67704,44.14039],[7.67705,44.14287],[7.6779,44.14371],[7.68554,44.14502],[7.68721,44.14483],[7.69164,44.14573],[7.69544,44.14745],[7.68818,44.14777],[7.68642,44.14722],[7.6837,44.14804],[7.68242,44.14931],[7.67788,44.15004],[7.67571,44.15105],[7.67334,44.1516],[7.67133,44.1537],[7.6709,44.15492],[7.6715,44.15602],[7.67112,44.15701],[7.67157,44.15832],[7.67348,44.15808],[7.67359,44.15851],[7.67334,44.1581],[7.67299,44.15823],[7.67337,44.15809],[7.67149,44.15839],[7.67112,44.15916],[7.66981,44.15998],[7.66972,44.16383],[7.66864,44.16487],[7.66758,44.16872],[7.66631,44.17015],[7.66509,44.16996],[7.66406,44.17082],[7.66294,44.17097],[7.66201,44.16986],[7.66053,44.16902],[7.65882,44.16972],[7.65668,44.16994],[7.65609,44.17128],[7.65537,44.17031],[7.65609,44.16881],[7.65586,44.16931],[7.65408,44.16974],[7.65369,44.17066],[7.65152,44.16965],[7.64967,44.17016],[7.64758,44.17],[7.64789,44.17084],[7.64642,44.17126],[7.64641,44.17195],[7.64577,44.17244],[7.6452,44.17203],[7.64426,44.17221],[7.64177,44.17156],[7.63982,44.17037],[7.63894,44.17168],[7.63922,44.17276],[7.63861,44.17365],[7.6375,44.17387],[7.63571,44.17138],[7.63421,44.17106],[7.63285,44.16943],[7.63311,44.16741],[7.63515,44.16663],[7.63538,44.16584],[7.6349,44.16538],[7.63142,44.16476],[7.63146,44.1642],[7.63087,44.16398],[7.63133,44.16354],[7.62988,44.1635],[7.62678,44.16448],[7.62496,44.16538],[7.62457,44.16595],[7.62578,44.16441],[7.62627,44.1621],[7.62586,44.16124],[7.62634,44.16046],[7.62595,44.15807],[7.62431,44.15544],[7.62329,44.15493],[7.62224,44.15554],[7.61965,44.15439],[7.61925,44.15241],[7.61743,44.15153],[7.61468,44.15185],[7.61439,44.15221],[7.61486,44.15287],[7.61251,44.1546],[7.61092,44.15236],[7.60903,44.15154],[7.60607,44.1514],[7.6012,44.15236],[7.59897,44.15414],[7.59881,44.15558],[7.59756,44.155],[7.59834,44.15575],[7.59853,44.15759],[7.59723,44.1559],[7.59617,44.15566],[7.595,44.15588],[7.59538,44.15733],[7.59261,44.15806],[7.59127,44.1591],[7.59095,44.15986],[7.59043,44.15936],[7.59203,44.15638],[7.59166,44.15501],[7.59068,44.1543],[7.58452,44.153],[7.58262,44.15349],[7.58069,44.15259],[7.57907,44.15236],[7.57799,44.15258],[7.57601,44.15388],[7.57438,44.15323],[7.57205,44.1515],[7.56756,44.15287],[7.56719,44.15255],[7.56747,44.15155],[7.56218,44.14994],[7.56548,44.15194],[7.5638,44.15469],[7.56304,44.15874],[7.56114,44.16083],[7.56566,44.15793],[7.56372,44.16198],[7.56745,44.15919],[7.56867,44.15926],[7.56528,44.16248],[7.56803,44.16092],[7.57189,44.16103],[7.56921,44.16166],[7.5671,44.16311],[7.57031,44.16236],[7.57192,44.16256],[7.56998,44.16301],[7.57267,44.16302],[7.5732,44.16235],[7.57278,44.16317],[7.57019,44.16413],[7.57221,44.16413],[7.57121,44.16505],[7.57014,44.16508],[7.57015,44.16585],[7.56898,44.16598],[7.56889,44.16787],[7.56944,44.16976],[7.569,44.17142],[7.56751,44.17207],[7.5681,44.17422],[7.56686,44.17496],[7.56696,44.17639],[7.56533,44.17883],[7.5633,44.18013],[7.56301,44.18083],[7.56451,44.1799],[7.56698,44.1791],[7.56391,44.18174],[7.55979,44.18211],[7.56259,44.18256],[7.56278,44.18289],[7.56127,44.18275],[7.56093,44.18301],[7.56233,44.1831],[7.56205,44.18349],[7.56044,44.18348],[7.56077,44.18381],[7.56264,44.18396],[7.56312,44.18452],[7.56348,44.18593],[7.56289,44.18518],[7.56247,44.18541],[7.56245,44.18662],[7.56658,44.18914],[7.57449,44.19525],[7.57519,44.19954],[7.57387,44.20355],[7.57497,44.20526],[7.57398,44.2085],[7.57199,44.21105],[7.57253,44.2126],[7.5678,44.22166],[7.56522,44.22309],[7.56253,44.22662],[7.56242,44.2283],[7.55836,44.22828],[7.55629,44.22947],[7.55504,44.23115],[7.55268,44.23189],[7.54962,44.23356],[7.54774,44.23382],[7.54415,44.23699],[7.53386,44.24333],[7.5328,44.24473],[7.53186,44.24736],[7.53138,44.24729],[7.52967,44.24972],[7.52755,44.25118],[7.52671,44.25255],[7.52474,44.2532],[7.52168,44.25341],[7.52106,44.25282],[7.52033,44.25286],[7.51955,44.25371],[7.51963,44.25421],[7.51896,44.25364],[7.51735,44.25345],[7.51606,44.25273],[7.51676,44.25145],[7.51635,44.249],[7.51823,44.25102],[7.51829,44.2476],[7.51504,44.24491],[7.51259,44.24415],[7.51195,44.24456],[7.50922,44.2448],[7.50308,44.24149],[7.50074,44.24157],[7.4997,44.24117],[7.49911,44.24014],[7.49799,44.23986],[7.49503,44.23997],[7.49363,44.24062],[7.49217,44.2402],[7.49177,44.24097],[7.48925,44.2415],[7.48808,44.24245],[7.48786,44.24504],[7.48635,44.2471],[7.48572,44.2474],[7.48675,44.24494],[7.48609,44.24465],[7.48511,44.2449],[7.48602,44.24529],[7.48253,44.24849],[7.48272,44.25008],[7.48543,44.25096],[7.48508,44.252],[7.48256,44.25331],[7.47995,44.25391],[7.47756,44.25507],[7.47677,44.2561],[7.47524,44.25511],[7.47635,44.25632],[7.47501,44.25924],[7.47612,44.25959],[7.4753,44.26067],[7.47595,44.26096],[7.47445,44.26178],[7.47496,44.26267],[7.47407,44.26284],[7.47166,44.26211],[7.47055,44.26375],[7.47111,44.26484],[7.47021,44.2655],[7.46896,44.2656],[7.46856,44.26669],[7.46793,44.26605],[7.46805,44.26506],[7.46903,44.26457],[7.46818,44.26363],[7.46864,44.26206],[7.46785,44.26111],[7.46695,44.2609],[7.4658,44.26301],[7.46341,44.26407],[7.45887,44.268],[7.45641,44.26841],[7.45426,44.2698],[7.45403,44.27049],[7.44774,44.274],[7.44436,44.27881],[7.44151,44.28034],[7.44025,44.28229],[7.43786,44.28265],[7.43633,44.28396],[7.43406,44.28874],[7.43442,44.29039],[7.43296,44.29329],[7.42621,44.292],[7.41505,44.28531],[7.41171,44.28251],[7.40872,44.28102],[7.40632,44.28083],[7.40349,44.27912],[7.39816,44.27695],[7.39523,44.27761],[7.39454,44.27721],[7.39216,44.27842],[7.39351,44.27895],[7.38853,44.28044],[7.39005,44.2809],[7.38662,44.28139],[7.38894,44.28182],[7.38521,44.28285],[7.38342,44.28271],[7.38443,44.28348],[7.38269,44.28299],[7.38085,44.28217],[7.3831,44.28002],[7.38289,44.27564],[7.38057,44.27809],[7.3804,44.27936],[7.37671,44.28088],[7.37776,44.27813],[7.37276,44.28339],[7.37078,44.28296],[7.37139,44.28622],[7.36984,44.28513],[7.36594,44.28684],[7.36894,44.28729],[7.36334,44.28824],[7.36055,44.2908],[7.36377,44.29073],[7.35851,44.29272],[7.35705,44.29442],[7.35272,44.29491],[7.35491,44.2954],[7.35525,44.29642],[7.33946,44.30054],[7.34233,44.30069],[7.3448,44.31298],[7.33687,44.31398],[7.33296,44.31388],[7.3229,44.31514],[7.31491,44.31683],[7.30304,44.31594],[7.29928,44.31477],[7.29582,44.31537],[7.29351,44.31471],[7.29398,44.31599],[7.29316,44.31642],[7.29162,44.31857],[7.2881,44.31891],[7.28875,44.31903],[7.28851,44.3198],[7.28594,44.3229],[7.28436,44.32318],[7.28081,44.32185],[7.27834,44.32337],[7.27219,44.32544],[7.26588,44.32834],[7.25868,44.33049],[7.25585,44.33201],[7.25305,44.33207],[7.25096,44.33145],[7.24759,44.33341],[7.2487,44.33341],[7.24656,44.33387],[7.24227,44.33463],[7.23595,44.33465],[7.2343,44.33576],[7.23381,44.33547],[7.23102,44.33702],[7.22202,44.33902],[7.21855,44.33902],[7.21383,44.34044],[7.21033,44.34364],[7.20565,44.34487],[7.20443,44.34596],[7.19459,44.34641],[7.19578,44.34681],[7.18799,44.34811],[7.17832,44.35258],[7.17319,44.35565],[7.17144,44.35736],[7.1683,44.35811],[7.16918,44.35814],[7.16301,44.36082],[7.15923,44.3608],[7.16079,44.36175],[7.1579,44.36138],[7.15517,44.36248],[7.1528,44.36487],[7.15202,44.36498],[7.15279,44.36519],[7.15481,44.364],[7.15771,44.36329],[7.15395,44.36671],[7.15267,44.36978],[7.15086,44.3715],[7.14974,44.37148],[7.14925,44.37218],[7.14989,44.37208],[7.14999,44.37238],[7.14863,44.37368],[7.1448,44.37438],[7.14145,44.37576],[7.13904,44.37553],[7.13911,44.37603],[7.13632,44.37739],[7.12806,44.37825],[7.12302,44.37821],[7.12386,44.377],[7.12067,44.37705],[7.12094,44.37617],[7.1199,44.37599],[7.11922,44.37722],[7.11742,44.37876],[7.11315,44.37925],[7.11255,44.37897],[7.11115,44.37937],[7.11195,44.38022],[7.11024,44.37937],[7.11171,44.37834],[7.11058,44.3785],[7.11058,44.37899],[7.10949,44.37953],[7.10538,44.38002],[7.10503,44.38037],[7.10459,44.37958],[7.10374,44.3798],[7.10231,44.38117],[7.10409,44.3832],[7.10697,44.38406],[7.10967,44.38406],[7.11378,44.38607],[7.11558,44.38512],[7.11779,44.3851],[7.11948,44.38568],[7.12177,44.38564],[7.12144,44.38625],[7.12175,44.38726],[7.12065,44.38801],[7.12037,44.38943],[7.12253,44.39264],[7.12473,44.39466],[7.12472,44.39623],[7.1216,44.39746],[7.12107,44.39816],[7.12079,44.39963],[7.1219,44.40049],[7.1218,44.40097],[7.11896,44.4017],[7.11798,44.40294],[7.11595,44.40389],[7.11523,44.40541],[7.11534,44.40724],[7.11482,44.40752],[7.11507,44.40651],[7.11325,44.40319],[7.11375,44.40231],[7.11317,44.40103],[7.11434,44.40052],[7.1148,44.39968],[7.11102,44.39884],[7.10876,44.39887],[7.10818,44.39821],[7.10741,44.3981],[7.106,44.40037],[7.10545,44.40271],[7.10732,44.40349],[7.10729,44.40572],[7.10846,44.40659],[7.10863,44.40903],[7.11008,44.41021],[7.10926,44.41258],[7.1075,44.41263],[7.10659,44.41319],[7.10583,44.41458],[7.10435,44.41507],[7.10656,44.41665],[7.10665,44.41758],[7.10554,44.42021],[7.10491,44.41951],[7.10458,44.41728],[7.10385,44.41687],[7.10413,44.41827],[7.10399,44.41855],[7.10362,44.41784],[7.10344,44.42047],[7.10285,44.41968],[7.10288,44.42043],[7.10237,44.42083],[7.10406,44.42192],[7.10416,44.42308],[7.10399,44.42388],[7.10325,44.42288],[7.10283,44.42383],[7.10295,44.42571],[7.10244,44.42464],[7.10271,44.4263],[7.10176,44.42783],[7.10289,44.42873],[7.10259,44.42911],[7.10343,44.43082],[7.10291,44.43119],[7.10299,44.43206],[7.10391,44.43251],[7.10318,44.43688],[7.10433,44.44121],[7.10517,44.44181],[7.10523,44.44266],[7.10687,44.44312],[7.1059,44.44385],[7.10589,44.44561],[7.10963,44.44694],[7.10758,44.44804],[7.10615,44.44816],[7.10514,44.44876],[7.10411,44.45064],[7.10443,44.44843],[7.10268,44.45086],[7.10297,44.45159],[7.10469,44.45145],[7.10662,44.4519],[7.10382,44.45271],[7.10197,44.45378],[7.10189,44.45454],[7.09969,44.4569],[7.09954,44.45814],[7.09775,44.45827],[7.09639,44.45913],[7.09588,44.45975],[7.09636,44.46133],[7.09608,44.46256],[7.09581,44.46134],[7.09479,44.46071],[7.09416,44.45823],[7.09369,44.45944],[7.09282,44.45841],[7.09335,44.45739],[7.09258,44.45766],[7.09204,44.45695],[7.09055,44.45675],[7.08533,44.45465],[7.08307,44.45443],[7.08213,44.45512],[7.08115,44.45504],[7.07761,44.45304],[7.07578,44.45254],[7.07264,44.45091],[7.07112,44.45072],[7.07002,44.44899],[7.06708,44.44679],[7.06383,44.44324],[7.06263,44.44237],[7.0607,44.44224],[7.05864,44.43909],[7.05756,44.43872],[7.05775,44.43933],[7.05701,44.43871],[7.05714,44.4362],[7.0551,44.43441],[7.05391,44.43264],[7.05352,44.42795],[7.0521,44.42707],[7.05146,44.4244],[7.05029,44.42262],[7.0461,44.41981],[7.04566,44.42114],[7.04619,44.42154],[7.04522,44.42112],[7.04489,44.4201],[7.04331,44.41827],[7.0428,44.41657],[7.04297,44.41764],[7.04501,44.42022],[7.04521,44.42112],[7.04603,44.42161],[7.04562,44.42069],[7.04607,44.4198],[7.0503,44.42261],[7.05146,44.4244],[7.05212,44.42708],[7.05352,44.42798],[7.0539,44.43264],[7.05497,44.4343],[7.05718,44.43623],[7.05701,44.43875],[7.05761,44.43938],[7.05754,44.43877],[7.05919,44.43961],[7.0598,44.44141],[7.06072,44.44226],[7.06242,44.44234],[7.06384,44.44328],[7.06568,44.44549],[7.0701,44.44906],[7.07107,44.45075],[7.07232,44.45089],[7.07757,44.45301],[7.08156,44.45517],[7.08256,44.45504],[7.083,44.45443],[7.08531,44.45466],[7.09061,44.45676],[7.09184,44.45692],[7.09245,44.45745],[7.09133,44.45925],[7.09318,44.46345],[7.09195,44.46662],[7.09454,44.47136],[7.09494,44.47285],[7.09431,44.47393],[7.0955,44.4764],[7.09508,44.48037],[7.09367,44.48189],[7.09449,44.48461],[7.09349,44.48622],[7.09391,44.48803],[7.09328,44.48945],[7.09646,44.49226],[7.09809,44.493],[7.09824,44.49395],[7.09974,44.49448],[7.10107,44.49445],[7.10387,44.49575],[7.11945,44.50055],[7.12211,44.50208],[7.12254,44.5041],[7.12469,44.50245],[7.13005,44.50334],[7.13456,44.50312],[7.12722,44.50468],[7.12533,44.50416],[7.12409,44.50811],[7.12597,44.50597],[7.1261,44.50787],[7.12533,44.50903],[7.12619,44.51349],[7.12726,44.51053],[7.12898,44.50842],[7.12906,44.51007],[7.12829,44.51062],[7.12967,44.51591],[7.12872,44.51689],[7.12855,44.52105],[7.1252,44.5202],[7.12426,44.52103],[7.12426,44.52225],[7.12095,44.52075],[7.12018,44.51842],[7.11619,44.52044],[7.1155,44.51965],[7.11585,44.51656],[7.11417,44.51622],[7.11473,44.51505],[7.11598,44.51433],[7.11224,44.51326],[7.1133,44.50937],[7.11456,44.50818],[7.11235,44.50775],[7.11031,44.50671],[7.10538,44.50778],[7.10752,44.50873],[7.11138,44.50922],[7.11044,44.51114],[7.11044,44.50986],[7.10756,44.51332],[7.10864,44.51833],[7.10538,44.51537],[7.10636,44.51779],[7.10417,44.51693],[7.10653,44.52326],[7.10525,44.52298],[7.10391,44.52411],[7.1037,44.525],[7.10237,44.52552],[7.10392,44.52671],[7.10378,44.5258],[7.10534,44.52608],[7.1091,44.52782],[7.11046,44.52909],[7.11405,44.53084],[7.11442,44.53203],[7.11407,44.53383],[7.11462,44.53544],[7.11717,44.53668],[7.11846,44.53921],[7.11867,44.54157],[7.11946,44.54306],[7.11827,44.54453],[7.11855,44.54549],[7.12121,44.54601],[7.12088,44.54805],[7.11914,44.55022],[7.11904,44.55117],[7.12146,44.55076],[7.12486,44.55181],[7.12676,44.55077],[7.12688,44.54902],[7.12928,44.54795],[7.13174,44.54759],[7.13528,44.54774],[7.13639,44.54844],[7.13764,44.55053],[7.13965,44.55132],[7.14053,44.5513],[7.14221,44.55359],[7.14358,44.5534],[7.14568,44.55383],[7.14875,44.5548],[7.1494,44.55535],[7.15096,44.55289],[7.15244,44.55207],[7.15257,44.55083],[7.15352,44.54947],[7.15311,44.55096],[7.15352,44.55229],[7.15253,44.55595],[7.15401,44.55752],[7.15405,44.55832],[7.15388,44.5566],[7.15444,44.55503],[7.15575,44.55398],[7.15993,44.55424],[7.16094,44.55342],[7.16291,44.55269],[7.16435,44.55364],[7.16463,44.55523],[7.16564,44.55675],[7.1639,44.55565],[7.16309,44.55572],[7.16309,44.55735],[7.16178,44.55718],[7.16126,44.55759],[7.16066,44.56141],[7.16161,44.56261],[7.16416,44.56331],[7.16403,44.56409],[7.16615,44.56713],[7.16532,44.56804],[7.1665,44.56709],[7.16579,44.56462],[7.16613,44.56295],[7.16789,44.56301],[7.16942,44.56477],[7.17092,44.56469],[7.17212,44.56374],[7.17203,44.56209],[7.17246,44.56173],[7.17564,44.56261],[7.17587,44.56385],[7.17472,44.56578],[7.17654,44.56636],[7.1792,44.56915],[7.17916,44.56956],[7.17976,44.56958],[7.17896,44.5698],[7.17866,44.56917],[7.17587,44.5681],[7.17609,44.56941],[7.17517,44.57027],[7.17495,44.57147],[7.173,44.57186],[7.17373,44.57359],[7.16774,44.57512],[7.16603,44.57518],[7.16446,44.57449],[7.16429,44.57471],[7.1654,44.57544],[7.16841,44.57643],[7.17208,44.57649],[7.17611,44.57589],[7.17671,44.5763],[7.17942,44.57604],[7.18029,44.57619],[7.18197,44.57746],[7.18418,44.57741],[7.1851,44.57812],[7.18689,44.57802],[7.18675,44.57842],[7.18963,44.57754],[7.19212,44.57612],[7.196,44.57561],[7.19811,44.57628],[7.19858,44.57691],[7.19787,44.57708],[7.19811,44.57741],[7.2002,44.57801],[7.19718,44.57795],[7.1933,44.57718],[7.19325,44.57838],[7.19828,44.57901],[7.20586,44.58139],[7.21176,44.58256],[7.2042,44.58309],[7.2011,44.58362],[7.20144,44.58378],[7.20089,44.58405],[7.19938,44.58429],[7.20816,44.58516],[7.21249,44.58614],[7.2097,44.5862],[7.20338,44.58723],[7.20234,44.5883],[7.20291,44.58914],[7.20635,44.58795],[7.2034,44.58916],[7.20225,44.59013],[7.20079,44.59271],[7.19806,44.59525],[7.20327,44.59324],[7.20315,44.59388],[7.20114,44.59586],[7.20183,44.59569],[7.20163,44.59594],[7.20072,44.59643],[7.20034,44.59785],[7.20213,44.59701],[7.20483,44.59954],[7.20922,44.60168],[7.21036,44.60089],[7.2122,44.60034],[7.21522,44.60061],[7.21625,44.60017],[7.22032,44.60011],[7.22192,44.60122],[7.22772,44.60277],[7.2284,44.60334],[7.23454,44.60363],[7.23639,44.60733],[7.23702,44.60782],[7.24067,44.60681],[7.24286,44.60687],[7.24474,44.606],[7.24914,44.605],[7.25098,44.60504],[7.25059,44.60785],[7.2498,44.60974],[7.25001,44.61108],[7.25201,44.61381],[7.25166,44.6149],[7.25265,44.61455],[7.24948,44.61656],[7.25341,44.61762],[7.2535,44.61857],[7.25251,44.62027],[7.25264,44.62258],[7.25221,44.62319],[7.25244,44.62551],[7.25292,44.62621],[7.25746,44.63015],[7.25853,44.63054],[7.26041,44.63082],[7.26334,44.62867],[7.2659,44.62877],[7.26769,44.6297],[7.27079,44.62979],[7.27336,44.63266],[7.27331,44.63337],[7.2753,44.63443],[7.27453,44.63488],[7.27546,44.63607],[7.27397,44.63569],[7.27307,44.63602],[7.27383,44.63644],[7.27384,44.63671],[7.27291,44.63678],[7.27349,44.63751],[7.27242,44.63739],[7.2723,44.63766],[7.27244,44.63958],[7.27364,44.6408],[7.27458,44.64093],[7.27641,44.6393],[7.27741,44.63911],[7.27995,44.63986],[7.28042,44.6397],[7.27945,44.64028],[7.27853,44.64007],[7.27922,44.64052],[7.28233,44.64043],[7.28463,44.64251],[7.28473,44.64382],[7.28624,44.64414],[7.28865,44.64539],[7.28695,44.64362],[7.28857,44.64406],[7.29068,44.64486],[7.29125,44.64557],[7.29124,44.64494],[7.28992,44.64427],[7.29009,44.64391],[7.28915,44.64276],[7.28962,44.64272],[7.29094,44.64364],[7.29275,44.64411],[7.29211,44.6434],[7.29357,44.64376],[7.29296,44.64486],[7.29477,44.64576],[7.295,44.6464],[7.28953,44.64728],[7.29039,44.64884],[7.29065,44.65076],[7.28889,44.65253],[7.28872,44.6547],[7.28809,44.65492],[7.28627,44.65421],[7.28582,44.6533],[7.28274,44.65084],[7.28203,44.64958],[7.28208,44.64873],[7.27998,44.64781],[7.28019,44.64937],[7.27954,44.64971],[7.27941,44.65089],[7.27893,44.65127],[7.27649,44.64964],[7.27295,44.64962],[7.27255,44.64936],[7.27235,44.64973],[7.27341,44.65044],[7.27417,44.65194],[7.27087,44.65023],[7.2686,44.65039],[7.26957,44.65149],[7.27093,44.65158],[7.272,44.6527],[7.27027,44.65362],[7.26882,44.65528],[7.26942,44.65845],[7.26746,44.6569],[7.2668,44.65373],[7.26404,44.65265],[7.26333,44.65152],[7.26036,44.64984],[7.25883,44.64702],[7.255,44.64472],[7.25382,44.64465],[7.25268,44.64387],[7.25212,44.64239],[7.25096,44.64182],[7.24954,44.63914],[7.24865,44.63866],[7.24987,44.63611],[7.24751,44.63568],[7.24895,44.63639],[7.24763,44.63708],[7.24638,44.63873],[7.24628,44.63709],[7.24532,44.63668],[7.24577,44.63802],[7.24485,44.63744],[7.2444,44.64062],[7.24363,44.64063],[7.24397,44.6403],[7.24356,44.6392],[7.24311,44.64009],[7.24255,44.63967],[7.24208,44.64014],[7.24147,44.6389],[7.24151,44.63961],[7.24109,44.63945],[7.24122,44.64152],[7.24278,44.64403],[7.24415,44.64474],[7.24458,44.64411],[7.24352,44.64328],[7.24391,44.64307],[7.24529,44.64389],[7.24558,44.64514],[7.24692,44.64649],[7.249,44.64722],[7.25209,44.65032],[7.25317,44.65083],[7.25434,44.65281],[7.25105,44.65087],[7.24933,44.65073],[7.24337,44.64753],[7.24233,44.64635],[7.24128,44.64593],[7.23571,44.64587],[7.23451,44.64643],[7.2344,44.64747],[7.23267,44.64794],[7.23019,44.64759],[7.22951,44.64844],[7.23015,44.65125],[7.22633,44.65323],[7.22723,44.65655],[7.23044,44.66192],[7.23054,44.66393],[7.22913,44.66546],[7.23049,44.66859],[7.23466,44.67197],[7.23066,44.67086],[7.22706,44.6714],[7.22534,44.66733],[7.22329,44.66581],[7.22396,44.66714],[7.22281,44.66911],[7.22285,44.67072],[7.22137,44.67259],[7.22025,44.67515],[7.21959,44.67436],[7.22073,44.67353],[7.22071,44.6705],[7.21876,44.66795],[7.21838,44.66851],[7.21799,44.66762],[7.21789,44.66893],[7.21655,44.66748],[7.2166,44.66858],[7.21607,44.66893],[7.21582,44.66767],[7.21545,44.66839],[7.21546,44.66761],[7.2149,44.66824],[7.21504,44.66731],[7.21199,44.6637],[7.21089,44.66161],[7.20929,44.65682],[7.20798,44.65888],[7.20717,44.65939],[7.20698,44.66037],[7.20517,44.66108],[7.2062,44.6623],[7.20483,44.66542],[7.20494,44.66636],[7.20321,44.6674],[7.20339,44.66836],[7.20167,44.66958],[7.20175,44.67196],[7.20078,44.6705],[7.19806,44.66876],[7.19642,44.66853],[7.19481,44.66734],[7.19387,44.6656],[7.19256,44.66593],[7.19107,44.66718],[7.19062,44.66813],[7.19025,44.67006],[7.19111,44.67072],[7.1914,44.67186],[7.1901,44.67321],[7.19152,44.67384],[7.19365,44.67402],[7.19403,44.67445],[7.19364,44.67626],[7.1973,44.67771],[7.19981,44.67754],[7.20009,44.67836],[7.20884,44.68092],[7.20975,44.68294],[7.20798,44.68477],[7.20773,44.68632],[7.20979,44.68468],[7.21311,44.68394],[7.21748,44.68355],[7.22268,44.68466],[7.22488,44.68411],[7.22792,44.68672],[7.23253,44.68687],[7.23634,44.68644],[7.23991,44.68748],[7.24815,44.68669],[7.2546,44.68551],[7.26355,44.68538],[7.26664,44.68631],[7.27419,44.68673],[7.27483,44.68703],[7.27511,44.68786],[7.27435,44.68735],[7.27428,44.6884],[7.27379,44.68765],[7.27169,44.68822],[7.27285,44.68816],[7.2729,44.68914],[7.27247,44.6885],[7.27069,44.68891],[7.27106,44.6893],[7.26897,44.68888],[7.27043,44.68962],[7.26931,44.69047],[7.26968,44.69234],[7.26882,44.69162],[7.26923,44.69436],[7.26885,44.69448],[7.26831,44.69332],[7.26803,44.69425],[7.26775,44.69299],[7.26717,44.69408],[7.26719,44.69348],[7.26533,44.69423],[7.26505,44.69381],[7.26352,44.69366],[7.26246,44.69469],[7.26245,44.6959],[7.26175,44.69647],[7.2641,44.69776],[7.26458,44.6982],[7.26349,44.69848],[7.26452,44.69895],[7.26336,44.69895],[7.26183,44.69965],[7.26186,44.70049],[7.263,44.70187],[7.26204,44.70232],[7.26159,44.70205],[7.26044,44.70269],[7.26039,44.70352],[7.25907,44.70569],[7.25819,44.70612],[7.25804,44.70685],[7.26006,44.70599],[7.25936,44.70651],[7.2593,44.70744],[7.25867,44.70813],[7.2634,44.7068],[7.26179,44.70827],[7.26606,44.70745],[7.26649,44.70763],[7.26544,44.70843],[7.26485,44.70963],[7.26385,44.70932],[7.26263,44.71004],[7.26371,44.70977],[7.26316,44.71264],[7.26355,44.71378],[7.26304,44.71461],[7.25968,44.71545],[7.25478,44.71837],[7.25363,44.71848],[7.25012,44.72196],[7.24656,44.7209],[7.24512,44.71993],[7.24355,44.72021],[7.2428,44.72099],[7.23979,44.72194],[7.23814,44.72332],[7.23675,44.72363],[7.23528,44.72345],[7.23719,44.72446],[7.23671,44.725],[7.23581,44.72505],[7.23631,44.72558],[7.23699,44.72593],[7.23866,44.72557],[7.23765,44.7265],[7.23929,44.72614],[7.24175,44.72693],[7.2402,44.72687],[7.24067,44.72709],[7.23758,44.72766],[7.23516,44.72688],[7.23411,44.72689],[7.23471,44.72842],[7.2369,44.73039],[7.23612,44.73148],[7.23466,44.73229],[7.23472,44.73064],[7.23331,44.73282],[7.23038,44.73348],[7.22982,44.73392],[7.23011,44.73453],[7.23169,44.73496],[7.23261,44.736],[7.23449,44.73691],[7.23478,44.73926],[7.23355,44.73761],[7.23263,44.73745],[7.23389,44.73879],[7.23424,44.74034],[7.23633,44.74183],[7.23727,44.74207],[7.24006,44.74239],[7.24104,44.74205],[7.2379,44.74443],[7.23609,44.74529],[7.23452,44.74769],[7.23463,44.74494],[7.23654,44.74341],[7.23491,44.74353],[7.22964,44.74233],[7.2323,44.74414],[7.23117,44.74679],[7.22811,44.74747],[7.22516,44.75096],[7.22248,44.75258],[7.22193,44.75458],[7.21984,44.75722],[7.21917,44.7578],[7.21791,44.75783],[7.21731,44.75738],[7.21509,44.75077],[7.21483,44.75122],[7.21466,44.75093],[7.21534,44.74934],[7.21344,44.74837],[7.21012,44.74919],[7.20863,44.7484],[7.20783,44.74999],[7.2025,44.75377],[7.20026,44.75236],[7.19847,44.75288],[7.19512,44.75301],[7.19297,44.75158],[7.19047,44.74884],[7.18912,44.74858],[7.18877,44.74891],[7.18906,44.75027],[7.18813,44.753],[7.18656,44.75374],[7.18458,44.75281],[7.18421,44.75422],[7.18177,44.7543],[7.18158,44.75648],[7.17926,44.75643],[7.17956,44.75754],[7.18052,44.75777],[7.17899,44.75801],[7.17889,44.75859],[7.17844,44.75865],[7.17877,44.75979],[7.18062,44.7606],[7.18252,44.76233],[7.18543,44.76285],[7.18894,44.76586],[7.1877,44.76594],[7.18887,44.76633],[7.18556,44.7667],[7.18301,44.76863],[7.18429,44.76982],[7.18238,44.77116],[7.18474,44.77279],[7.18783,44.77416],[7.18835,44.77498],[7.18938,44.77546],[7.19396,44.776],[7.19115,44.77503],[7.19219,44.77493],[7.1915,44.7747],[7.19609,44.77523],[7.19765,44.78032],[7.19514,44.78198],[7.19286,44.78188],[7.19287,44.78244],[7.19083,44.78276],[7.19167,44.78305],[7.19044,44.78356],[7.19093,44.78391],[7.18813,44.78465],[7.18621,44.7845],[7.18637,44.78547],[7.18843,44.78773],[7.18803,44.78858],[7.19074,44.78772],[7.19227,44.78782],[7.19393,44.78898],[7.19448,44.79058],[7.19555,44.79169],[7.19684,44.79244],[7.19963,44.79285],[7.19671,44.79349],[7.19995,44.79387],[7.20078,44.79446],[7.20265,44.79411],[7.201,44.79492],[7.19975,44.7946],[7.19669,44.79502],[7.19854,44.7956],[7.19634,44.79639],[7.19835,44.79713],[7.1979,44.79853],[7.19999,44.79926],[7.20038,44.80032],[7.20264,44.80179],[7.19925,44.80057],[7.19189,44.80017],[7.18983,44.79943],[7.18876,44.79984],[7.18718,44.79936],[7.18823,44.80049],[7.18938,44.80022],[7.19063,44.80126],[7.19217,44.80159],[7.19559,44.80351],[7.19248,44.80277],[7.18915,44.80256],[7.1885,44.8028],[7.18699,44.80259],[7.18607,44.80307],[7.1838,44.80206],[7.18261,44.80233],[7.18336,44.80248],[7.1837,44.80298],[7.1834,44.80367],[7.18332,44.80296],[7.18203,44.80258],[7.18127,44.80272],[7.18059,44.80353],[7.17804,44.80395],[7.17583,44.80339],[7.17561,44.80366],[7.18199,44.80517],[7.18587,44.80525],[7.18747,44.80571],[7.18876,44.80692],[7.18711,44.80699],[7.18706,44.80821],[7.19072,44.80909],[7.19199,44.8098],[7.19285,44.81119],[7.20085,44.81405],[7.2025,44.81408],[7.20589,44.81519],[7.20585,44.81795],[7.20772,44.81838],[7.20933,44.81955],[7.2116,44.81967],[7.21386,44.81932],[7.22398,44.81981],[7.22713,44.8209],[7.23244,44.81997],[7.23695,44.81773],[7.23782,44.82113],[7.2365,44.82378],[7.23568,44.82375],[7.23298,44.82664],[7.23357,44.82782],[7.23066,44.8283],[7.22943,44.82929],[7.22601,44.8309],[7.22488,44.83245],[7.22572,44.83381],[7.22596,44.83563],[7.22672,44.83662],[7.22539,44.83829],[7.2264,44.83936],[7.22785,44.83985],[7.2268,44.84029],[7.22705,44.84151],[7.22476,44.84129],[7.22447,44.84209],[7.22507,44.84277],[7.22422,44.84307],[7.22404,44.84361],[7.22609,44.8432],[7.2259,44.84247],[7.22755,44.84332],[7.22678,44.84403],[7.22841,44.84345],[7.22666,44.84536],[7.22651,44.84615],[7.23002,44.84485],[7.23108,44.84493],[7.23156,44.84552],[7.23305,44.84505],[7.23463,44.84376],[7.23606,44.84361],[7.23648,44.84309],[7.23993,44.84275],[7.24108,44.84164],[7.24191,44.84209],[7.24143,44.84342],[7.24094,44.84424],[7.23997,44.84437],[7.23937,44.84515],[7.24012,44.84537],[7.24014,44.84768],[7.23949,44.84701],[7.23872,44.84699],[7.23696,44.84849],[7.2354,44.84919],[7.23276,44.84913],[7.23151,44.84958],[7.23141,44.85179],[7.23088,44.85178],[7.22893,44.85306],[7.2278,44.8544],[7.22374,44.85589],[7.22287,44.85791],[7.21963,44.86001],[7.21964,44.86071],[7.22017,44.861],[7.21984,44.8626],[7.21891,44.86359],[7.21702,44.86395],[7.21508,44.86563],[7.21493,44.86618],[7.21884,44.86465],[7.2178,44.8659],[7.21772,44.86669],[7.21302,44.8698],[7.21279,44.87112],[7.2077,44.87306],[7.20658,44.87248],[7.20478,44.87321],[7.20595,44.87293],[7.20566,44.87338],[7.19933,44.87467],[7.19556,44.87486],[7.19682,44.87528],[7.20292,44.87561],[7.20682,44.87703],[7.21076,44.87785],[7.21367,44.87968],[7.21436,44.87978],[7.2156,44.87878],[7.21453,44.88158],[7.2113,44.88162],[7.21291,44.88238],[7.21327,44.88299],[7.21315,44.88346],[7.21167,44.88408],[7.21248,44.88508],[7.2106,44.88451],[7.21049,44.88408],[7.2103,44.88519],[7.21288,44.88642],[7.21381,44.88818],[7.2159,44.88994],[7.22132,44.88745],[7.22047,44.88864],[7.21885,44.88957],[7.21851,44.89068],[7.2189,44.89186],[7.21795,44.89186],[7.21682,44.89269],[7.21507,44.89291],[7.21666,44.89352],[7.21304,44.89402],[7.21138,44.89361],[7.21119,44.89278],[7.20994,44.89539],[7.21113,44.89577],[7.20894,44.89606],[7.20854,44.89685],[7.20916,44.89771],[7.2078,44.89697],[7.2076,44.89624],[7.20701,44.89704],[7.20873,44.89887],[7.20508,44.89742],[7.20519,44.89648],[7.20445,44.89711],[7.20441,44.89771],[7.20651,44.89948],[7.20755,44.90098],[7.20509,44.89949],[7.20354,44.89902],[7.20631,44.90147],[7.2051,44.90083],[7.20662,44.90219],[7.20603,44.90266],[7.20921,44.90435],[7.2096,44.90587],[7.20829,44.90436],[7.20504,44.90344],[7.20416,44.90275],[7.20262,44.90271],[7.19829,44.90547],[7.1955,44.90513],[7.19769,44.90594],[7.19954,44.90569],[7.20337,44.90438],[7.20506,44.90594],[7.20337,44.90496],[7.19934,44.9069],[7.19884,44.90835],[7.19552,44.90814],[7.19434,44.90947],[7.19278,44.90852],[7.192,44.90734],[7.18785,44.90889],[7.18698,44.90886],[7.19131,44.90947],[7.1932,44.91135],[7.1954,44.91092],[7.19837,44.91279],[7.19764,44.91275],[7.19762,44.91372],[7.19631,44.9136],[7.19679,44.91398],[7.19669,44.91464],[7.19631,44.91424],[7.19438,44.9146],[7.19584,44.91483],[7.195,44.91527],[7.19568,44.91556],[7.19515,44.91598],[7.19412,44.91619],[7.19288,44.9171],[7.19355,44.91698],[7.19442,44.91741],[7.19313,44.91792],[7.19347,44.91846],[7.1939,44.91833],[7.1941,44.91921],[7.19348,44.91969],[7.191,44.91965],[7.19004,44.9187],[7.18868,44.91891],[7.18862,44.91936],[7.18926,44.91976],[7.18769,44.92029],[7.1898,44.92139],[7.19004,44.92215],[7.1874,44.92213],[7.18544,44.9228],[7.182,44.92177],[7.17977,44.92199],[7.17828,44.92172],[7.17521,44.92065],[7.17616,44.92154],[7.17727,44.92397],[7.17516,44.92311],[7.17862,44.9285],[7.17879,44.92964],[7.17702,44.9284],[7.17737,44.93131],[7.1731,44.92806],[7.17017,44.92668],[7.16735,44.92592],[7.16312,44.92652],[7.16112,44.92612],[7.1624,44.92757],[7.16328,44.92779],[7.16226,44.92803],[7.16085,44.92779],[7.16108,44.9282],[7.16272,44.92879],[7.15888,44.9293],[7.15994,44.9297],[7.15848,44.93008],[7.15665,44.93001],[7.15764,44.9286],[7.15725,44.928],[7.15724,44.92861],[7.15532,44.93014],[7.15547,44.93132],[7.15436,44.93021],[7.1543,44.929],[7.15335,44.92975],[7.15366,44.9275],[7.15217,44.92936],[7.1522,44.93079],[7.15131,44.92938],[7.15114,44.92669],[7.14979,44.92974],[7.14787,44.93053],[7.1476,44.93235],[7.14681,44.93348],[7.14446,44.93437],[7.1435,44.93532],[7.14324,44.93383],[7.14239,44.93524],[7.14231,44.93457],[7.14235,44.93607],[7.1417,44.93373],[7.14108,44.93591],[7.13955,44.93571],[7.13887,44.93606],[7.13518,44.9346],[7.13023,44.93426],[7.12851,44.93525],[7.12667,44.93771],[7.12472,44.93787],[7.12344,44.93725],[7.12389,44.93502],[7.12322,44.93428],[7.12364,44.9342],[7.12405,44.93465],[7.12452,44.93632],[7.12506,44.93659],[7.12554,44.9364],[7.12514,44.93434],[7.12557,44.93264],[7.12472,44.93254],[7.12441,44.93025],[7.12347,44.92844],[7.12454,44.92476],[7.12701,44.92065],[7.12676,44.92262],[7.12885,44.92544],[7.12828,44.92703],[7.12879,44.92832],[7.12881,44.92739],[7.13005,44.92642],[7.13097,44.92645],[7.13554,44.92449],[7.13837,44.92432],[7.14411,44.92501],[7.14435,44.92471],[7.14346,44.92472],[7.14097,44.92377],[7.14024,44.92308],[7.13704,44.92217],[7.13645,44.92138],[7.13735,44.92045],[7.13713,44.91925],[7.13808,44.91818],[7.13704,44.91527],[7.1375,44.91388],[7.13579,44.91097],[7.13465,44.91026],[7.1355,44.90844],[7.13496,44.90748],[7.13622,44.90751],[7.13685,44.90894],[7.13932,44.91122],[7.1415,44.91467],[7.14058,44.91176],[7.14081,44.90893],[7.14027,44.9087],[7.14035,44.90744],[7.13841,44.90303],[7.13772,44.90277],[7.13527,44.90337],[7.13274,44.90472],[7.13123,44.90285],[7.12939,44.90283],[7.13128,44.90242],[7.13306,44.90348],[7.1318,44.90204],[7.1302,44.90187],[7.12938,44.90089],[7.12909,44.89944],[7.12743,44.89819],[7.12779,44.89653],[7.12982,44.89383],[7.12887,44.89233],[7.12698,44.89153],[7.1263,44.88842],[7.12656,44.88768],[7.12631,44.88856],[7.12687,44.88952],[7.12698,44.89153],[7.12887,44.89233],[7.12982,44.89383],[7.12779,44.89653],[7.1275,44.8985],[7.12909,44.89944],[7.12924,44.90065],[7.1302,44.90187],[7.1318,44.90204],[7.13285,44.90348],[7.13128,44.90242],[7.12969,44.90279],[7.13123,44.90285],[7.13274,44.90472],[7.13434,44.90412],[7.13502,44.90345],[7.13772,44.90277],[7.13841,44.90303],[7.13981,44.90579],[7.14027,44.9087],[7.14081,44.90893],[7.14058,44.91176],[7.1415,44.91467],[7.13932,44.91122],[7.13703,44.90929],[7.13622,44.90751],[7.13496,44.90748],[7.1355,44.90844],[7.13465,44.91026],[7.13579,44.91097],[7.1375,44.91388],[7.13704,44.91527],[7.13808,44.91818],[7.13713,44.91925],[7.13735,44.92045],[7.13645,44.92138],[7.13751,44.92249],[7.14024,44.92308],[7.14154,44.92401],[7.1445,44.92482],[7.14361,44.92506],[7.13837,44.92432],[7.13554,44.92449],[7.13097,44.92645],[7.12955,44.92663],[7.12881,44.92739],[7.12879,44.92832],[7.12828,44.92703],[7.12885,44.92544],[7.12676,44.92262],[7.12701,44.92065],[7.12454,44.92476],[7.12342,44.9289],[7.12441,44.93025],[7.12476,44.93299],[7.12557,44.93264],[7.12514,44.93434],[7.12554,44.9364],[7.12506,44.93659],[7.12452,44.93632],[7.12405,44.93465],[7.12364,44.9342],[7.12322,44.93428],[7.12389,44.93502],[7.12344,44.93725],[7.12472,44.93787],[7.1264,44.93789],[7.12934,44.93462],[7.13141,44.93426],[7.13623,44.93486],[7.13815,44.93554],[7.14152,44.93781],[7.14291,44.93814],[7.14609,44.93759],[7.14862,44.93791],[7.14982,44.93868],[7.15138,44.939],[7.15364,44.93888],[7.15514,44.94068],[7.1586,44.94216],[7.15955,44.94375],[7.16085,44.94445],[7.16173,44.94569],[7.16382,44.94684],[7.16383,44.94793],[7.1629,44.94919],[7.16407,44.95012],[7.16827,44.95129],[7.17233,44.95131],[7.17318,44.95189],[7.17443,44.95428],[7.17522,44.95444],[7.1761,44.9542],[7.17688,44.95322],[7.18184,44.954],[7.18426,44.95367],[7.18682,44.95271],[7.18888,44.953],[7.19393,44.95246],[7.19416,44.95538],[7.19069,44.95783],[7.18808,44.96032],[7.18755,44.96163],[7.18588,44.96358],[7.18566,44.96472],[7.18396,44.96641],[7.17879,44.96813],[7.17771,44.97042],[7.17637,44.97181],[7.17441,44.97309],[7.17281,44.97362],[7.17102,44.97577],[7.16716,44.97589],[7.16306,44.97682],[7.16046,44.97969],[7.1544,44.98251],[7.15147,44.98256],[7.14753,44.98319],[7.14167,44.98848],[7.14021,44.99297],[7.13587,44.99562],[7.13328,44.99577],[7.13244,44.99649],[7.13128,44.99951],[7.12939,45.00049],[7.12768,45.00318],[7.12464,45.00483],[7.12346,45.00649],[7.12143,45.00777],[7.11765,45.01185],[7.11686,45.01435],[7.11532,45.01612],[7.11084,45.01867],[7.10841,45.02122],[7.10354,45.02274],[7.09654,45.02203],[7.09278,45.02347],[7.08791,45.0239],[7.08621,45.02476],[7.08368,45.02508],[7.08189,45.02458],[7.0771,45.02618],[7.07472,45.02615],[7.07266,45.02663],[7.06815,45.02648],[7.06856,45.02697],[7.07274,45.02753],[7.07555,45.02741],[7.08073,45.02836],[7.08517,45.02871],[7.08208,45.0295],[7.07788,45.02963],[7.07661,45.03006],[7.08031,45.03061],[7.08537,45.03237],[7.07863,45.03278],[7.07791,45.03352],[7.07501,45.03329],[7.0726,45.03263],[7.06953,45.03416],[7.06953,45.03462],[7.07154,45.03453],[7.07309,45.03374],[7.07464,45.03478],[7.07322,45.03478],[7.07078,45.03623],[7.07337,45.03576],[7.07646,45.03734],[7.07816,45.03725],[7.07623,45.03793],[7.07207,45.03846],[7.07068,45.0382],[7.07078,45.03871],[7.07713,45.0404],[7.07767,45.04096],[7.07805,45.04407],[7.07938,45.04557],[7.0805,45.04836],[7.07906,45.0494],[7.07996,45.05051],[7.08002,45.05156],[7.07728,45.053],[7.07552,45.05294],[7.0712,45.05238],[7.07078,45.05119],[7.06836,45.05066],[7.06254,45.05039],[7.05846,45.04947],[7.05556,45.05003],[7.05149,45.04956],[7.05051,45.04916],[7.04915,45.04959],[7.0492,45.05054],[7.05121,45.05276],[7.05181,45.05423],[7.0506,45.05749],[7.04916,45.05822],[7.04897,45.05884],[7.04939,45.05938],[7.04928,45.06081],[7.05118,45.06117],[7.05008,45.06203],[7.05,45.06161],[7.04889,45.06212],[7.04899,45.06296],[7.04702,45.06485],[7.04662,45.06592],[7.04524,45.06638],[7.03783,45.066],[7.03522,45.06705],[7.03201,45.06702],[7.03,45.06575],[7.02954,45.06422],[7.02713,45.06344],[7.02591,45.0625],[7.02185,45.06273],[7.02107,45.06311],[7.02016,45.06299],[7.0197,45.06244],[7.01569,45.06231],[7.01286,45.06297],[7.01181,45.06262],[7.00771,45.06255],[7.00591,45.06208],[7.00546,45.06234],[7.00379,45.06166],[7.0035,45.0594],[7.00226,45.05888],[7.00076,45.05926],[6.99852,45.06193],[6.99664,45.06212],[6.99359,45.06109],[6.99289,45.06011],[6.99132,45.05994],[6.99047,45.05916],[6.9878,45.05997],[6.9853,45.05962],[6.98391,45.05835],[6.98075,45.05904],[6.98014,45.05955],[6.97819,45.05942],[6.9757,45.06059],[6.97522,45.06117],[6.97445,45.06097],[6.97498,45.06142],[6.97561,45.06137],[6.97877,45.06025],[6.97941,45.06053],[6.97847,45.06054],[6.97559,45.06252],[6.9738,45.06259],[6.9731,45.06225],[6.97222,45.06068],[6.96951,45.06],[6.96475,45.06208],[6.96321,45.06382],[6.96318,45.06659],[6.96263,45.06744],[6.95892,45.0704],[6.95833,45.07059],[6.9565,45.07022],[6.95699,45.06959],[6.95539,45.0686],[6.95481,45.06853],[6.95376,45.06914],[6.95444,45.06774],[6.95419,45.06711],[6.95335,45.06598],[6.95239,45.06576],[6.95103,45.06474],[6.95067,45.06381],[6.94355,45.06205],[6.93986,45.06163],[6.93916,45.06087],[6.93599,45.05957],[6.93678,45.05667],[6.93592,45.05542],[6.93516,45.05554],[6.93508,45.05444],[6.93458,45.05453],[6.9341,45.0538],[6.9329,45.0505],[6.9336,45.04879],[6.93274,45.04641],[6.93449,45.0448],[6.9341,45.04332],[6.93164,45.04049],[6.92987,45.03924],[6.92531,45.03171],[6.92318,45.0319],[6.92136,45.03278],[6.91829,45.03601],[6.91642,45.03722],[6.91136,45.03582],[6.91056,45.03507],[6.91066,45.03432],[6.90939,45.03533],[6.90762,45.03498],[6.9074,45.03461],[6.90916,45.03448],[6.91058,45.03303],[6.90844,45.03341],[6.90922,45.03276],[6.90826,45.03196],[6.90713,45.03126],[6.90354,45.03014],[6.90071,45.02765],[6.90403,45.02899],[6.89945,45.02488],[6.90168,45.02559],[6.89903,45.02284],[6.89972,45.02133],[6.90092,45.02138],[6.902,45.02085],[6.9004,45.02098],[6.89714,45.01956],[6.89734,45.01897],[6.89678,45.01802],[6.89582,45.01756],[6.89498,45.01601],[6.89338,45.01514],[6.8912,45.01308],[6.89109,45.01237],[6.89225,45.0102],[6.89303,45.00984],[6.89388,45.00846],[6.89407,45.00741],[6.89234,45.00629],[6.89138,45.00488],[6.89041,45.00505],[6.89002,45.00471],[6.88942,45.00258],[6.88999,45.0004],[6.88672,45.00009],[6.88613,44.99949],[6.88344,44.99851],[6.88154,44.99655],[6.87878,44.99624],[6.8781,44.99557],[6.87706,44.99265],[6.8755,44.99197],[6.87405,44.99181],[6.87308,44.99257],[6.87186,44.99197],[6.86981,44.98893],[6.86853,44.98826],[6.86792,44.99181],[6.86598,44.99353],[6.86596,44.9954],[6.86432,44.99667],[6.86298,44.99672],[6.85987,44.99872],[6.861,44.99881],[6.8655,44.99755],[6.86811,44.99854],[6.86888,45.00039],[6.86718,45.00031],[6.86794,45.00142],[6.86864,45.00168],[6.86429,45.00119],[6.86536,45.00247],[6.86377,45.0028],[6.86551,45.00415],[6.86755,45.00494],[6.86826,45.00544],[6.86819,45.00601],[6.8692,45.00661],[6.87047,45.00648],[6.87142,45.00702],[6.87255,45.00689],[6.8746,45.00764],[6.87721,45.00763],[6.88248,45.00935],[6.88403,45.01093],[6.88524,45.0115],[6.8838,45.013],[6.88337,45.01299],[6.88366,45.01315],[6.8832,45.01358],[6.88242,45.01377],[6.88164,45.01679],[6.88166,45.01787],[6.88287,45.01888],[6.88335,45.02149],[6.88416,45.02179],[6.88284,45.02269],[6.88227,45.02612],[6.88169,45.02567],[6.88167,45.02612],[6.88068,45.02586],[6.88091,45.02562],[6.87979,45.02566],[6.88045,45.02674],[6.87909,45.02755],[6.87796,45.02917],[6.87806,45.0284],[6.87739,45.02797],[6.87761,45.02681],[6.87605,45.02833],[6.87547,45.02855],[6.87518,45.0283],[6.87475,45.02888],[6.87456,45.02661],[6.87381,45.02637],[6.8737,45.02535],[6.87271,45.02643],[6.8723,45.02579],[6.87119,45.0253],[6.87161,45.02475],[6.86919,45.02461],[6.86779,45.02505],[6.86401,45.02474],[6.86207,45.02385],[6.86203,45.02225],[6.86035,45.02417],[6.85781,45.02431],[6.85774,45.02475],[6.85708,45.02367],[6.85402,45.02502],[6.85326,45.02793],[6.85219,45.02675],[6.84948,45.02565],[6.84845,45.02429],[6.84743,45.02479],[6.8466,45.02385],[6.84608,45.02472],[6.84568,45.02454],[6.8451,45.0252],[6.84387,45.02482],[6.8435,45.02405],[6.84375,45.0229],[6.84249,45.02293],[6.84186,45.02335],[6.83968,45.02698],[6.83955,45.02521],[6.83877,45.02429],[6.83845,45.02258],[6.83801,45.02243],[6.83509,45.02377],[6.83458,45.02528],[6.83543,45.02523],[6.83589,45.02589],[6.83525,45.02631],[6.83455,45.02813],[6.83428,45.02725],[6.83208,45.02822],[6.83212,45.02891],[6.83328,45.03014],[6.83122,45.03061],[6.83363,45.03333],[6.83296,45.03414],[6.83152,45.03852],[6.82791,45.03827],[6.82519,45.04069],[6.82487,45.04167],[6.82251,45.04161],[6.82114,45.04121],[6.81887,45.04198],[6.81356,45.04283],[6.8113,45.04192],[6.81002,45.0418],[6.80821,45.04213],[6.80316,45.04454],[6.79885,45.04523],[6.78789,45.04362],[6.78565,45.04208],[6.78381,45.04178],[6.77399,45.04467],[6.76564,45.04518],[6.75823,45.04704]]}},{"type":"Feature","properties":{"name":"TET_I-03_20260427","country":"IT","lengthKm":336.5},"geometry":{"type":"LineString","coordinates":[[6.75915,45.04685],[6.75822,45.04704],[6.75728,45.04442],[6.75653,45.04384],[6.75337,45.04397],[6.75198,45.0453],[6.75164,45.04536],[6.75164,45.04478],[6.75039,45.0457],[6.75043,45.0441],[6.74968,45.04495],[6.74981,45.04433],[6.74906,45.04489],[6.74915,45.04414],[6.74874,45.04401],[6.74807,45.04545],[6.7476,45.04418],[6.74649,45.04371],[6.74721,45.04448],[6.74479,45.04324],[6.74284,45.04289],[6.74119,45.04292],[6.73913,45.04371],[6.73683,45.04551],[6.73106,45.04412],[6.72964,45.04455],[6.72906,45.04352],[6.72872,45.04425],[6.72998,45.04558],[6.72822,45.04665],[6.72966,45.04783],[6.7299,45.04931],[6.73052,45.04959],[6.73018,45.05002],[6.73131,45.051],[6.73209,45.05113],[6.73159,45.05143],[6.72857,45.05051],[6.7278,45.04905],[6.72765,45.0509],[6.72638,45.04873],[6.72647,45.05244],[6.72483,45.04997],[6.7234,45.04952],[6.71898,45.04993],[6.71823,45.0492],[6.7178,45.04955],[6.71833,45.05075],[6.71979,45.05081],[6.72061,45.0515],[6.71943,45.05139],[6.71762,45.05214],[6.71548,45.05219],[6.71458,45.05075],[6.71434,45.05208],[6.7149,45.053],[6.71606,45.05326],[6.71466,45.05322],[6.71342,45.05246],[6.71318,45.05135],[6.70881,45.05058],[6.70816,45.05081],[6.70994,45.05171],[6.71168,45.05199],[6.71129,45.053],[6.7134,45.05324],[6.71312,45.05465],[6.71211,45.05508],[6.71078,45.05474],[6.71136,45.05549],[6.71288,45.0556],[6.71211,45.05607],[6.71342,45.05611],[6.71149,45.05676],[6.71001,45.0568],[6.71112,45.05852],[6.7099,45.05815],[6.71142,45.05967],[6.70923,45.05922],[6.71048,45.06073],[6.71183,45.06126],[6.71029,45.06154],[6.71121,45.06251],[6.71026,45.06266],[6.71134,45.06326],[6.70981,45.0633],[6.71164,45.06457],[6.71029,45.0648],[6.70906,45.06448],[6.7061,45.06588],[6.70788,45.06607],[6.7076,45.06639],[6.70866,45.06656],[6.70705,45.06716],[6.70623,45.06828],[6.70381,45.06881],[6.70584,45.06918],[6.7058,45.07021],[6.70329,45.07085],[6.70037,45.07077],[6.69625,45.07175],[6.69722,45.07221],[6.70544,45.07373],[6.70885,45.07545],[6.71078,45.07478],[6.71411,45.0751],[6.71301,45.0768],[6.7111,45.07838],[6.71061,45.08083],[6.71022,45.08087],[6.71033,45.08255],[6.71213,45.08538],[6.71471,45.08641],[6.71604,45.08826],[6.71863,45.09027],[6.71865,45.09145],[6.71921,45.09025],[6.71966,45.09141],[6.72256,45.09231],[6.72762,45.09778],[6.72837,45.09819],[6.73056,45.09828],[6.73155,45.09886],[6.73299,45.10042],[6.73245,45.10119],[6.73333,45.10328],[6.73507,45.10439],[6.73565,45.10536],[6.73908,45.1075],[6.74121,45.10978],[6.7443,45.11152],[6.74811,45.11212],[6.75065,45.11312],[6.75108,45.11542],[6.75181,45.11654],[6.75187,45.11583],[6.75288,45.11697],[6.75267,45.11433],[6.75327,45.11576],[6.75483,45.11737],[6.7544,45.11602],[6.75511,45.11463],[6.75612,45.1163],[6.75739,45.11686],[6.75803,45.11825],[6.75835,45.1172],[6.7591,45.11782],[6.76067,45.11808],[6.76071,45.11877],[6.76172,45.11948],[6.762,45.12064],[6.76357,45.12246],[6.76708,45.12407],[6.76848,45.12392],[6.77086,45.12297],[6.77037,45.12503],[6.76831,45.12651],[6.76717,45.12812],[6.76631,45.13117],[6.7664,45.13274],[6.76586,45.13362],[6.76623,45.13542],[6.76704,45.13643],[6.77007,45.13836],[6.77713,45.13836],[6.77904,45.13894],[6.78099,45.13851],[6.78187,45.13793],[6.78165,45.13875],[6.78071,45.13915],[6.78277,45.13905],[6.78356,45.1386],[6.78421,45.13868],[6.78472,45.13806],[6.78693,45.13765],[6.79193,45.13473],[6.79564,45.13353],[6.79755,45.13154],[6.79908,45.1307],[6.80225,45.12999],[6.79921,45.12984],[6.80144,45.12915],[6.79983,45.12928],[6.80103,45.1286],[6.8024,45.12812],[6.80356,45.12896],[6.80288,45.12802],[6.80395,45.12862],[6.80337,45.12793],[6.80446,45.12849],[6.80382,45.12776],[6.80474,45.1281],[6.80408,45.1275],[6.80515,45.12765],[6.8035,45.12705],[6.80521,45.12621],[6.80395,45.12647],[6.80449,45.126],[6.80691,45.12478],[6.80773,45.12392],[6.8076,45.12304],[6.80828,45.12229],[6.81077,45.12141],[6.81365,45.12173],[6.8144,45.12091],[6.81431,45.12182],[6.81539,45.12021],[6.81766,45.11986],[6.8186,45.11918],[6.81794,45.12169],[6.8174,45.1222],[6.82461,45.12257],[6.82847,45.12233],[6.82908,45.12179],[6.8294,45.12231],[6.82901,45.12293],[6.83133,45.12252],[6.83041,45.12327],[6.82893,45.12375],[6.83352,45.12334],[6.83199,45.12409],[6.82987,45.12435],[6.83498,45.12454],[6.8321,45.12508],[6.83453,45.12514],[6.83315,45.12546],[6.83457,45.12546],[6.83603,45.12636],[6.83727,45.12632],[6.83751,45.12752],[6.83903,45.12793],[6.83972,45.12855],[6.83867,45.12939],[6.83665,45.12924],[6.84015,45.13046],[6.83583,45.13003],[6.84163,45.1319],[6.84405,45.1331],[6.84337,45.13332],[6.84427,45.13353],[6.84337,45.13332],[6.84405,45.1331],[6.84163,45.1319],[6.83583,45.13003],[6.84015,45.13046],[6.83665,45.12926],[6.83867,45.12939],[6.83972,45.12855],[6.83903,45.12793],[6.83751,45.12752],[6.83727,45.12632],[6.83603,45.12636],[6.83457,45.12546],[6.83313,45.12542],[6.83453,45.12514],[6.83212,45.1251],[6.83498,45.12454],[6.82987,45.12435],[6.83199,45.12409],[6.83354,45.12336],[6.82893,45.12375],[6.83041,45.12327],[6.83133,45.12252],[6.82901,45.12293],[6.8294,45.12231],[6.82908,45.12179],[6.82847,45.12233],[6.82461,45.12257],[6.8174,45.1222],[6.81794,45.12169],[6.8186,45.11918],[6.81766,45.11986],[6.81539,45.12021],[6.81431,45.12182],[6.8144,45.12091],[6.81365,45.12173],[6.81077,45.12141],[6.80828,45.12229],[6.8076,45.12304],[6.80773,45.12392],[6.80691,45.12478],[6.80449,45.126],[6.80395,45.12647],[6.80521,45.12621],[6.80352,45.12703],[6.80515,45.12765],[6.80408,45.1275],[6.80474,45.1281],[6.80382,45.12774],[6.80446,45.12849],[6.80337,45.12793],[6.80395,45.12862],[6.80288,45.12802],[6.80356,45.12896],[6.8024,45.12812],[6.80103,45.1286],[6.79985,45.12926],[6.80144,45.12915],[6.79921,45.12984],[6.80225,45.12999],[6.79908,45.1307],[6.79755,45.13154],[6.79564,45.13353],[6.79193,45.13473],[6.78648,45.13782],[6.78472,45.13806],[6.78421,45.13868],[6.78356,45.1386],[6.78277,45.13905],[6.78073,45.13915],[6.78165,45.13875],[6.78189,45.13795],[6.77904,45.13894],[6.77713,45.13836],[6.77073,45.13842],[6.76912,45.13797],[6.76633,45.13561],[6.76588,45.1334],[6.7664,45.13274],[6.76631,45.13117],[6.76717,45.12812],[6.76831,45.12651],[6.77037,45.12503],[6.77086,45.12297],[6.76805,45.12403],[6.76663,45.124],[6.76299,45.12197],[6.76172,45.11948],[6.76071,45.11877],[6.76067,45.11808],[6.7591,45.11782],[6.75835,45.1172],[6.7579,45.11817],[6.75739,45.11686],[6.75612,45.1163],[6.75511,45.11463],[6.7544,45.11602],[6.75483,45.11737],[6.75327,45.11576],[6.7526,45.11435],[6.75282,45.11699],[6.75198,45.11587],[6.75191,45.11658],[6.75118,45.11564],[6.75069,45.11321],[6.75015,45.11276],[6.7443,45.11152],[6.74121,45.10978],[6.73908,45.1075],[6.73565,45.10536],[6.73507,45.10439],[6.73333,45.10328],[6.73245,45.10119],[6.73299,45.10042],[6.73155,45.09886],[6.73056,45.09828],[6.72837,45.09819],[6.72762,45.09778],[6.72256,45.09231],[6.71966,45.09141],[6.71921,45.09025],[6.71868,45.09147],[6.71863,45.09027],[6.71604,45.08826],[6.71471,45.08641],[6.71213,45.08538],[6.71033,45.08255],[6.70979,45.08238],[6.70928,45.08079],[6.71007,45.07864],[6.71108,45.0786],[6.714,45.07626],[6.71599,45.07602],[6.7167,45.07454],[6.72014,45.07156],[6.72582,45.06916],[6.72741,45.06802],[6.72915,45.06772],[6.72762,45.06849],[6.72694,45.07006],[6.72473,45.07272],[6.73406,45.06796],[6.74007,45.06757],[6.73687,45.06871],[6.73468,45.0709],[6.73179,45.07274],[6.73151,45.0733],[6.73786,45.07126],[6.73245,45.07613],[6.73249,45.07751],[6.73059,45.07941],[6.73078,45.0815],[6.73159,45.08055],[6.73153,45.08115],[6.73217,45.0816],[6.73333,45.0842],[6.7352,45.0863],[6.73925,45.08853],[6.74149,45.08901],[6.74314,45.0889],[6.74483,45.08971],[6.74563,45.08959],[6.74631,45.09027],[6.74691,45.08999],[6.74797,45.09154],[6.74865,45.0913],[6.75048,45.0918],[6.75176,45.09079],[6.75185,45.08961],[6.75339,45.09019],[6.75442,45.08744],[6.75522,45.08856],[6.75621,45.08875],[6.75655,45.08982],[6.75968,45.08931],[6.75915,45.08836],[6.75957,45.08862],[6.76138,45.08836],[6.76103,45.08761],[6.76144,45.08686],[6.76468,45.08873],[6.76554,45.0875],[6.76661,45.08789],[6.76713,45.08637],[6.76786,45.08673],[6.76835,45.08768],[6.76865,45.08669],[6.76925,45.08735],[6.7694,45.08585],[6.76824,45.08268],[6.76964,45.08433],[6.76947,45.08132],[6.77146,45.08388],[6.77251,45.08169],[6.77363,45.08289],[6.77723,45.08122],[6.77994,45.08257],[6.78485,45.08107],[6.78562,45.08132],[6.78706,45.08096],[6.78886,45.08137],[6.79238,45.08137],[6.79401,45.08214],[6.79562,45.08235],[6.79912,45.0822],[6.80039,45.08141],[6.80255,45.08122],[6.80013,45.08034],[6.79919,45.07959],[6.80131,45.08008],[6.80324,45.0798],[6.80401,45.07757],[6.80288,45.07832],[6.80281,45.07748],[6.80292,45.07699],[6.80376,45.07656],[6.80869,45.07596],[6.81101,45.07624],[6.81202,45.07497],[6.81328,45.07435],[6.81549,45.07377],[6.81605,45.07422],[6.81573,45.07358],[6.81277,45.07351],[6.80996,45.07429],[6.812,45.073],[6.81479,45.07227],[6.8183,45.07057],[6.81768,45.07435],[6.81803,45.07611],[6.8191,45.07667],[6.82079,45.07645],[6.82043,45.07718],[6.82159,45.0772],[6.82326,45.07843],[6.82622,45.07871],[6.82721,45.07778],[6.82601,45.07613],[6.8291,45.07409],[6.82931,45.07334],[6.83229,45.07255],[6.83586,45.07068],[6.83747,45.06972],[6.83931,45.06748],[6.84407,45.06605],[6.84395,45.06648],[6.84262,45.06699],[6.84453,45.06658],[6.84369,45.06716],[6.8439,45.06828],[6.84656,45.07087],[6.84839,45.07137],[6.84886,45.07251],[6.85472,45.07203],[6.85648,45.07246],[6.85489,45.07173],[6.85081,45.07126],[6.85264,45.07096],[6.85725,45.07107],[6.85856,45.07184],[6.85931,45.07298],[6.85972,45.0754],[6.85817,45.07755],[6.85877,45.07884],[6.85849,45.07941],[6.86219,45.07738],[6.86345,45.07714],[6.86491,45.07718],[6.86944,45.07873],[6.8663,45.07665],[6.8712,45.07817],[6.87339,45.07987],[6.87465,45.07926],[6.87781,45.07903],[6.87916,45.07935],[6.88027,45.08012],[6.87969,45.07873],[6.87821,45.07798],[6.87912,45.07819],[6.88066,45.07793],[6.88336,45.07997],[6.88802,45.0812],[6.8926,45.0817],[6.89443,45.08294],[6.89542,45.08409],[6.89496,45.08432],[6.89568,45.08536],[6.89653,45.08591],[6.89652,45.08696],[6.89417,45.08531],[6.89449,45.08673],[6.89312,45.08607],[6.89419,45.08762],[6.89423,45.08852],[6.89386,45.0899],[6.89303,45.09032],[6.89471,45.09106],[6.89475,45.09249],[6.89828,45.09293],[6.8972,45.09463],[6.89751,45.09493],[6.89681,45.09469],[6.89668,45.09365],[6.89636,45.09563],[6.89897,45.09598],[6.90051,45.09557],[6.90261,45.09867],[6.90159,45.09819],[6.90197,45.10106],[6.90266,45.10207],[6.90263,45.10728],[6.90095,45.10935],[6.90061,45.11165],[6.90229,45.11089],[6.90417,45.11178],[6.90516,45.11184],[6.90629,45.11143],[6.90518,45.11127],[6.90684,45.11036],[6.90748,45.11094],[6.9111,45.1103],[6.91215,45.10943],[6.91116,45.10976],[6.91204,45.10915],[6.91089,45.10943],[6.91211,45.10878],[6.91101,45.10881],[6.91213,45.10846],[6.91104,45.10847],[6.91206,45.10794],[6.91285,45.10816],[6.91304,45.10745],[6.91359,45.10723],[6.91264,45.10681],[6.91726,45.10557],[6.91433,45.1048],[6.918,45.10338],[6.92244,45.10395],[6.92061,45.10215],[6.91865,45.1016],[6.92,45.10138],[6.91931,45.10099],[6.91763,45.10072],[6.9139,45.10235],[6.91266,45.1023],[6.91362,45.10077],[6.91331,45.09916],[6.91367,45.09793],[6.91545,45.09636],[6.91508,45.09574],[6.91244,45.09409],[6.91335,45.09427],[6.91187,45.09284],[6.90929,45.09141],[6.91069,45.09168],[6.91162,45.09129],[6.91239,45.09171],[6.91192,45.09101],[6.9107,45.09042],[6.9102,45.08983],[6.9109,45.08988],[6.90981,45.08893],[6.9103,45.08884],[6.90965,45.08857],[6.91116,45.08863],[6.91963,45.09303],[6.92399,45.09437],[6.92603,45.09577],[6.92696,45.09751],[6.93031,45.09882],[6.93262,45.10057],[6.93604,45.10178],[6.9383,45.10184],[6.94234,45.10268],[6.94776,45.10589],[6.95747,45.10856],[6.96036,45.10886],[6.96617,45.11188],[6.96964,45.1121],[6.97079,45.11342],[6.97513,45.11581],[6.97467,45.11521],[6.97514,45.11417],[6.97377,45.11314],[6.97218,45.11263],[6.97411,45.11246],[6.9763,45.11279],[6.97379,45.11173],[6.9741,45.11156],[6.97754,45.11186],[6.97873,45.11305],[6.9804,45.11331],[6.97802,45.11116],[6.97588,45.11073],[6.97368,45.10891],[6.9744,45.108],[6.97459,45.10677],[6.97163,45.10758],[6.96803,45.1075],[6.96781,45.10733],[6.96934,45.10718],[6.96749,45.10673],[6.97066,45.10651],[6.97206,45.10604],[6.96784,45.10577],[6.9658,45.10525],[6.96498,45.10463],[6.96608,45.10499],[6.96808,45.10494],[6.96659,45.10458],[6.96193,45.10195],[6.96288,45.10209],[6.96091,45.10103],[6.9604,45.09998],[6.96174,45.10056],[6.9639,45.10078],[6.96557,45.10162],[6.96937,45.10144],[6.96673,45.10105],[6.96484,45.1],[6.96455,45.0995],[6.96509,45.09951],[6.96459,45.09914],[6.96691,45.0997],[6.96517,45.09844],[6.96807,45.09911],[6.97164,45.09903],[6.9698,45.09839],[6.97293,45.09811],[6.97403,45.09689],[6.97549,45.09719],[6.97634,45.09664],[6.98007,45.0961],[6.9813,45.09511],[6.98332,45.0964],[6.98416,45.0964],[6.98461,45.09723],[6.98539,45.09684],[6.98642,45.09734],[6.98841,45.09908],[6.99035,45.09981],[6.99176,45.101],[6.99275,45.10098],[6.99389,45.10192],[6.99384,45.10394],[6.99444,45.10499],[6.99707,45.10432],[6.99951,45.10454],[7.00118,45.10423],[7.00401,45.10264],[7.00693,45.10328],[7.00928,45.10435],[7.01136,45.10463],[7.01315,45.10557],[7.01705,45.10429],[7.01846,45.10287],[7.02246,45.10155],[7.0216,45.10073],[7.02201,45.10098],[7.02309,45.10035],[7.02414,45.1006],[7.02417,45.09915],[7.02496,45.09879],[7.02521,45.09776],[7.02655,45.09745],[7.02701,45.09796],[7.02651,45.09912],[7.02806,45.09973],[7.02876,45.10047],[7.02951,45.09985],[7.03031,45.1003],[7.03236,45.10059],[7.03279,45.09993],[7.0349,45.0998],[7.03594,45.10047],[7.03681,45.1019],[7.03718,45.10498],[7.0383,45.10624],[7.03698,45.10541],[7.03632,45.10443],[7.03623,45.10499],[7.03727,45.10659],[7.03656,45.10602],[7.03625,45.10701],[7.03498,45.10599],[7.03593,45.10861],[7.03514,45.10789],[7.0349,45.1084],[7.0347,45.10761],[7.03448,45.10838],[7.03417,45.10803],[7.0346,45.10904],[7.03392,45.10854],[7.03374,45.10889],[7.03359,45.10852],[7.03363,45.10922],[7.03299,45.10803],[7.03322,45.10954],[7.03196,45.10842],[7.0319,45.10924],[7.03124,45.10854],[7.02987,45.10973],[7.03226,45.11116],[7.03358,45.11289],[7.03851,45.11308],[7.04029,45.11354],[7.03864,45.11367],[7.03766,45.11437],[7.03835,45.11414],[7.03889,45.11455],[7.04041,45.11458],[7.04026,45.11495],[7.03708,45.11574],[7.03391,45.11596],[7.03331,45.11651],[7.03586,45.11646],[7.03683,45.11699],[7.03709,45.11762],[7.03558,45.11696],[7.03375,45.11725],[7.03531,45.11747],[7.03626,45.11823],[7.03518,45.11781],[7.0339,45.11788],[7.03502,45.11811],[7.0361,45.11905],[7.03734,45.11927],[7.03939,45.11827],[7.04104,45.11887],[7.04173,45.11793],[7.04329,45.11732],[7.04511,45.11738],[7.04572,45.11832],[7.04554,45.11884],[7.04677,45.11986],[7.04493,45.11916],[7.04809,45.12155],[7.04983,45.12118],[7.05096,45.12033],[7.0519,45.12098],[7.05524,45.12025],[7.05713,45.12123],[7.05837,45.12133],[7.06046,45.12079],[7.0609,45.12013],[7.06064,45.11919],[7.06129,45.11882],[7.0616,45.11932],[7.06243,45.11954],[7.06484,45.11953],[7.06518,45.11984],[7.06496,45.11946],[7.067,45.12099],[7.06953,45.12148],[7.06653,45.12414],[7.06189,45.124],[7.06191,45.12747],[7.06539,45.13038],[7.06513,45.13185],[7.0599,45.13439],[7.06095,45.1369],[7.0664,45.1364],[7.07551,45.13799],[7.07788,45.13795],[7.08385,45.13868],[7.12057,45.136],[7.12385,45.1377],[7.1298,45.13815],[7.13246,45.13801],[7.13393,45.1384],[7.13457,45.13783],[7.14551,45.13921],[7.17435,45.13593],[7.17499,45.13548],[7.17879,45.13542],[7.23568,45.12276],[7.23907,45.12143],[7.23978,45.12076],[7.23997,45.11967],[7.24229,45.11881],[7.24353,45.11873],[7.2489,45.11958],[7.25014,45.11943],[7.25641,45.11486],[7.26121,45.11323],[7.2648,45.11323],[7.27516,45.11645],[7.29516,45.11583],[7.30048,45.11512],[7.30059,45.1198],[7.30091,45.12033],[7.30183,45.12061],[7.30217,45.12134],[7.30537,45.12113],[7.30554,45.12175],[7.30657,45.12179],[7.3072,45.12254],[7.30838,45.12145],[7.30906,45.12132],[7.30694,45.12394],[7.30426,45.12411],[7.30376,45.12349],[7.30263,45.12334],[7.29996,45.1263],[7.30239,45.1251],[7.30619,45.12591],[7.30473,45.12591],[7.30243,45.12654],[7.30166,45.12784],[7.30447,45.12694],[7.30619,45.12765],[7.30786,45.12724],[7.30404,45.12868],[7.30269,45.12973],[7.30046,45.1296],[7.29642,45.13334],[7.29617,45.13484],[7.29527,45.13488],[7.29245,45.13641],[7.28964,45.13673],[7.29366,45.13724],[7.29097,45.13757],[7.28936,45.13922],[7.28625,45.14076],[7.2858,45.14066],[7.28533,45.13889],[7.28278,45.13991],[7.28185,45.14203],[7.27986,45.14127],[7.27958,45.14398],[7.27593,45.14304],[7.27556,45.14382],[7.27604,45.14464],[7.28102,45.14589],[7.28113,45.14645],[7.2799,45.14716],[7.27997,45.1466],[7.27786,45.14606],[7.27834,45.1467],[7.27729,45.14717],[7.27766,45.14869],[7.27702,45.14969],[7.27535,45.14799],[7.27497,45.14846],[7.27401,45.1477],[7.27309,45.14844],[7.27263,45.15122],[7.27138,45.15252],[7.27056,45.15268],[7.2676,45.155],[7.26277,45.15504],[7.26253,45.15606],[7.26295,45.15702],[7.26138,45.15939],[7.264,45.15781],[7.26601,45.15828],[7.26452,45.15847],[7.26412,45.15892],[7.26439,45.1594],[7.27413,45.16009],[7.27538,45.16071],[7.27526,45.16169],[7.27673,45.16264],[7.27604,45.1628],[7.27687,45.16355],[7.27542,45.16407],[7.27633,45.16427],[7.27367,45.16441],[7.27311,45.164],[7.27304,45.1631],[7.2724,45.16303],[7.2723,45.16497],[7.27109,45.1647],[7.27111,45.16518],[7.27381,45.16688],[7.27481,45.16869],[7.27996,45.17057],[7.278,45.17087],[7.282,45.17306],[7.27806,45.17273],[7.28344,45.17647],[7.28392,45.17962],[7.28135,45.18073],[7.28109,45.18116],[7.28153,45.1816],[7.28097,45.18333],[7.28173,45.18364],[7.28219,45.18458],[7.28364,45.18534],[7.28647,45.18493],[7.29033,45.18788],[7.29176,45.18687],[7.2971,45.18771],[7.29772,45.18748],[7.29881,45.18905],[7.29954,45.18916],[7.29941,45.18963],[7.30241,45.19033],[7.30691,45.18891],[7.30843,45.18909],[7.30897,45.1895],[7.31051,45.18839],[7.31319,45.19038],[7.31096,45.1914],[7.31087,45.19187],[7.31239,45.19399],[7.31309,45.19401],[7.31553,45.19295],[7.31338,45.19504],[7.31464,45.19486],[7.31411,45.19521],[7.31336,45.19774],[7.31186,45.19679],[7.31203,45.19776],[7.31161,45.19834],[7.31084,45.19743],[7.31009,45.1991],[7.31275,45.2013],[7.31418,45.2017],[7.3154,45.20117],[7.31425,45.20261],[7.3095,45.2021],[7.30721,45.20116],[7.30666,45.20145],[7.3072,45.20236],[7.30654,45.20242],[7.30477,45.20156],[7.30453,45.20199],[7.30495,45.20355],[7.30432,45.20374],[7.30548,45.20518],[7.30476,45.20666],[7.30551,45.20807],[7.30706,45.20793],[7.30724,45.20896],[7.30918,45.2097],[7.30996,45.21075],[7.30947,45.2123],[7.31035,45.21282],[7.3119,45.21266],[7.31173,45.21425],[7.31296,45.21528],[7.31293,45.21637],[7.31346,45.21709],[7.31263,45.21785],[7.31079,45.21801],[7.31305,45.21891],[7.31504,45.21846],[7.31531,45.21931],[7.31169,45.21956],[7.31007,45.2205],[7.3081,45.22081],[7.30785,45.22182],[7.30851,45.22204],[7.30784,45.2223],[7.30798,45.22278],[7.31976,45.22279],[7.3213,45.22379],[7.32262,45.22365],[7.32962,45.22487],[7.33148,45.22588],[7.33742,45.22657],[7.33968,45.22795],[7.35997,45.23376],[7.36689,45.23232],[7.3675,45.23254],[7.36861,45.23471],[7.36921,45.23491],[7.36933,45.23374],[7.36877,45.23276],[7.37032,45.23281],[7.37194,45.23355],[7.37098,45.23666],[7.37137,45.23781],[7.3702,45.23698],[7.37002,45.23788],[7.3714,45.23908],[7.3708,45.24071],[7.37191,45.24058],[7.3723,45.24093],[7.37268,45.24058],[7.37406,45.24054],[7.37492,45.2414],[7.3732,45.2411],[7.37165,45.24204],[7.37118,45.24166],[7.37041,45.24187],[7.36921,45.24269],[7.36856,45.24144],[7.36659,45.24071],[7.36732,45.24127],[7.36736,45.24209],[7.36792,45.24217],[7.36775,45.24286],[7.36853,45.24413],[7.37101,45.24346],[7.37298,45.24423],[7.37191,45.24487],[7.37161,45.24663],[7.3708,45.24427],[7.36852,45.24638],[7.36569,45.24457],[7.36432,45.24968],[7.36264,45.25033],[7.36166,45.25234],[7.36084,45.25247],[7.35904,45.25054],[7.35775,45.25033],[7.35586,45.25299],[7.35449,45.25337],[7.35393,45.25397],[7.3538,45.25445],[7.35483,45.25372],[7.35642,45.25384],[7.355,45.2541],[7.35423,45.25599],[7.35342,45.25642],[7.3514,45.25586],[7.35028,45.25663],[7.35054,45.25792],[7.3523,45.25745],[7.3523,45.25792],[7.35294,45.25788],[7.35264,45.25972],[7.35706,45.25711],[7.35857,45.25822],[7.36011,45.25869],[7.36088,45.25818],[7.36191,45.25882],[7.36247,45.26007],[7.36234,45.26208],[7.36097,45.26406],[7.36273,45.26732],[7.3623,45.27058],[7.36359,45.27178],[7.36307,45.272],[7.36642,45.27337],[7.36608,45.27359],[7.36535,45.27311],[7.36573,45.27431],[7.36809,45.27414],[7.36764,45.27458],[7.37105,45.27466],[7.36942,45.27247],[7.36968,45.27225],[7.3723,45.27401],[7.37316,45.2741],[7.3741,45.27367],[7.37702,45.27517],[7.37792,45.2762],[7.37861,45.2756],[7.37779,45.27496],[7.37818,45.27431],[7.37719,45.27397],[7.37706,45.27303],[7.37891,45.27174],[7.37895,45.27238],[7.37813,45.27277],[7.37835,45.27316],[7.38019,45.27337],[7.38161,45.27483],[7.38286,45.27522],[7.38157,45.27736],[7.38195,45.27835],[7.38341,45.27951],[7.38354,45.27899],[7.38234,45.27792],[7.3826,45.27719],[7.38389,45.27685],[7.38427,45.27637],[7.38449,45.27483],[7.38367,45.2741],[7.38457,45.27453],[7.38509,45.27728],[7.38423,45.27801],[7.38577,45.27916],[7.38637,45.28049],[7.38723,45.28075],[7.38882,45.2826],[7.39101,45.28384],[7.3926,45.28397],[7.39556,45.28509],[7.39552,45.28556],[7.39466,45.2859],[7.39217,45.28603],[7.38972,45.28753],[7.3874,45.28603],[7.38715,45.28625],[7.38861,45.288],[7.38835,45.28865],[7.38895,45.28895],[7.38985,45.28869],[7.39092,45.28921],[7.3926,45.28895],[7.39564,45.28994],[7.39582,45.29041],[7.39453,45.29161],[7.39491,45.29212],[7.39328,45.29358],[7.39346,45.29393],[7.39457,45.29521],[7.39663,45.29642],[7.39779,45.29603],[7.39873,45.29646],[7.39869,45.2956],[7.39989,45.2971],[7.39955,45.29792],[7.40084,45.29843],[7.40157,45.29612],[7.40028,45.29141],[7.4032,45.29031],[7.40454,45.28794],[7.40944,45.28829],[7.41294,45.28489],[7.41492,45.2837],[7.41963,45.28332],[7.42601,45.27882],[7.42666,45.2765],[7.42975,45.27375],[7.44034,45.27039],[7.44512,45.27188],[7.44719,45.27078],[7.45174,45.27127],[7.45783,45.26623],[7.45747,45.26408],[7.46076,45.26062],[7.46627,45.2605],[7.47692,45.26864],[7.47764,45.27022],[7.48527,45.27178],[7.48835,45.27168],[7.49156,45.27222],[7.50713,45.27036],[7.50935,45.26865],[7.51276,45.26914],[7.5134,45.26898],[7.51342,45.26853],[7.51143,45.2694],[7.51276,45.27548],[7.51222,45.2771],[7.51148,45.27752],[7.50632,45.27807],[7.50495,45.27925],[7.50366,45.28191],[7.50521,45.28483],[7.50401,45.28893],[7.50162,45.28914],[7.50075,45.28979],[7.50004,45.28977],[7.49696,45.29119],[7.4963,45.29195],[7.49478,45.29231],[7.49309,45.29436],[7.49198,45.29399],[7.4906,45.29482],[7.49031,45.29546],[7.49129,45.29663],[7.49106,45.29543],[7.49158,45.29509],[7.49261,45.29574],[7.49265,45.29726],[7.49168,45.29826],[7.49439,45.29812],[7.49488,45.29848],[7.4922,45.29983],[7.49531,45.29996],[7.49713,45.30064],[7.49537,45.30102],[7.49847,45.30112],[7.49942,45.30146],[7.50016,45.3012],[7.50351,45.30423],[7.50312,45.30523],[7.50443,45.3057],[7.50522,45.30724],[7.50621,45.30739],[7.50769,45.30858],[7.50797,45.30932],[7.50906,45.30911],[7.5099,45.30942],[7.51001,45.31006],[7.5152,45.3112],[7.51535,45.31094],[7.51621,45.31226],[7.51666,45.31186],[7.5172,45.31365],[7.51695,45.31458],[7.51734,45.31407],[7.51769,45.3154],[7.51896,45.31669],[7.51866,45.31759],[7.51998,45.3178],[7.52289,45.31602],[7.52984,45.31302],[7.53085,45.31335],[7.53005,45.31418],[7.5298,45.31544],[7.53016,45.31628],[7.52905,45.31686],[7.52952,45.31917],[7.52699,45.32049],[7.52512,45.32281],[7.52557,45.3231],[7.52912,45.32128],[7.53299,45.32038],[7.52909,45.32226],[7.52917,45.32292],[7.52847,45.32368],[7.52969,45.32423],[7.52819,45.32658],[7.52808,45.32949],[7.52709,45.33065],[7.52894,45.33195],[7.52714,45.3327],[7.52915,45.33408],[7.52647,45.33465],[7.52688,45.33552],[7.52583,45.33749],[7.52634,45.33868],[7.52057,45.34283],[7.5184,45.34323],[7.51697,45.34494],[7.51772,45.34727],[7.51568,45.34676],[7.51343,45.34838],[7.51343,45.35083],[7.5163,45.34842],[7.51583,45.35293],[7.51903,45.35319],[7.51602,45.35561],[7.51926,45.35512],[7.52031,45.35614],[7.51913,45.35575],[7.5178,45.35625],[7.51913,45.35635],[7.5178,45.35689],[7.51907,45.3572],[7.51838,45.35747],[7.51946,45.35839],[7.518,45.35816],[7.51727,45.35952],[7.51877,45.35968],[7.52275,45.36131],[7.51757,45.36168],[7.51834,45.36249],[7.51737,45.36279],[7.51834,45.36309],[7.51722,45.36356],[7.5181,45.36372],[7.51636,45.36461],[7.51872,45.36477],[7.52197,45.36622],[7.51787,45.36664],[7.52199,45.36618],[7.51883,45.36473],[7.5175,45.36493],[7.5163,45.36463],[7.51806,45.36369],[7.51724,45.36357],[7.5183,45.36308],[7.51729,45.36274],[7.51812,45.36252],[7.51759,45.36164],[7.52274,45.36127],[7.51918,45.36012],[7.51825,45.35914],[7.51722,45.35949],[7.51795,45.35815],[7.51937,45.3584],[7.51834,45.35751],[7.51894,45.3573],[7.5177,45.357],[7.51918,45.35632],[7.51797,45.35623],[7.51905,45.35572],[7.5201,45.3561],[7.51928,45.35502],[7.51594,45.35552],[7.51892,45.35304],[7.51576,45.35266],[7.51626,45.34842],[7.51353,45.35061],[7.51343,45.34839],[7.51561,45.34681],[7.51744,45.34726],[7.51671,45.34494],[7.51847,45.34311],[7.52066,45.3428],[7.52374,45.34157],[7.52446,45.33994],[7.52655,45.33837],[7.52684,45.33547],[7.52632,45.33474],[7.52923,45.33398],[7.52705,45.33269],[7.52874,45.33204],[7.5272,45.33065],[7.52811,45.32947],[7.52832,45.3266],[7.52968,45.32425],[7.52861,45.3237],[7.52901,45.32249],[7.53312,45.32049],[7.529,45.32135],[7.52576,45.32307],[7.52523,45.323],[7.52523,45.32264],[7.52697,45.32051],[7.52933,45.31948],[7.52958,45.31871],[7.52911,45.31687],[7.53224,45.31564],[7.53248,45.31519],[7.53156,45.31416],[7.53452,45.31255],[7.53763,45.31172],[7.53965,45.31169],[7.54166,45.3103],[7.54505,45.30998],[7.54671,45.31021],[7.54561,45.31036],[7.5448,45.31124],[7.5478,45.31131],[7.54842,45.31199],[7.54952,45.31154],[7.54898,45.31238],[7.55001,45.31302],[7.55235,45.31296],[7.56106,45.30966],[7.56312,45.30957],[7.56578,45.31047],[7.56889,45.31064],[7.5717,45.31124],[7.57359,45.31081],[7.57325,45.30944],[7.5737,45.30818],[7.58239,45.31015],[7.58376,45.30981],[7.58951,45.31024],[7.59218,45.31103],[7.5932,45.31264],[7.59481,45.3132],[7.59696,45.31335],[7.59988,45.31448],[7.60136,45.31448],[7.60445,45.31345],[7.60883,45.31373],[7.61307,45.31674],[7.62074,45.32081],[7.62198,45.32262],[7.62063,45.32534],[7.62131,45.3265],[7.62112,45.32714],[7.61958,45.32712],[7.62185,45.32843],[7.62344,45.32792],[7.62209,45.32897],[7.62151,45.33017],[7.62378,45.33362],[7.61904,45.33461],[7.61638,45.3356],[7.6135,45.33532],[7.60934,45.33682],[7.60445,45.33738],[7.59466,45.33985],[7.5931,45.34206],[7.59091,45.34367],[7.59162,45.34491],[7.59042,45.34564],[7.59074,45.34616],[7.58743,45.34813],[7.58673,45.3514],[7.58764,45.35241],[7.58901,45.35242],[7.58981,45.35289],[7.59503,45.35278],[7.59668,45.351],[7.59765,45.3507],[7.59866,45.351],[7.59625,45.35298],[7.59585,45.35258],[7.5951,45.35275],[7.59601,45.35141],[7.59724,45.3507],[7.5986,45.35087],[7.59608,45.35345],[7.5925,45.35532],[7.59239,45.35617],[7.59117,45.35698],[7.59051,45.35941],[7.58886,45.36014],[7.58974,45.36194],[7.59049,45.36224],[7.58946,45.36389],[7.59052,45.36513],[7.59058,45.36592],[7.59121,45.366],[7.59002,45.36626],[7.58844,45.3657],[7.58605,45.36647],[7.58293,45.36664],[7.58198,45.36747],[7.58223,45.3691],[7.5817,45.36963],[7.58719,45.36982],[7.59078,45.37124],[7.59355,45.37095],[7.59281,45.37243],[7.5937,45.37304],[7.59485,45.37324],[7.60228,45.37286],[7.60787,45.37347],[7.61046,45.37519],[7.60947,45.37549],[7.61091,45.37679],[7.61284,45.37715],[7.61401,45.37803],[7.61541,45.37789],[7.62013,45.38056],[7.61974,45.38135],[7.62047,45.38176],[7.62175,45.3821],[7.62373,45.38183],[7.62451,45.38135],[7.62424,45.38059],[7.6251,45.38133],[7.62425,45.38241],[7.62589,45.38181],[7.62649,45.38101],[7.62638,45.38219],[7.62839,45.38164],[7.63071,45.38192],[7.63436,45.3833],[7.63665,45.38525],[7.63691,45.38807],[7.641,45.39107],[7.64334,45.39006],[7.64594,45.38757],[7.65013,45.38564],[7.6596,45.38428],[7.65976,45.38511],[7.66026,45.38522],[7.66347,45.38345],[7.6637,45.3838],[7.66275,45.38397],[7.65779,45.38687],[7.66313,45.38358],[7.66372,45.38363],[7.66049,45.38987],[7.66061,45.39546],[7.66358,45.39228],[7.66673,45.39138],[7.67105,45.38901],[7.68111,45.38458],[7.68001,45.38456],[7.68444,45.38354],[7.68841,45.38348],[7.6842,45.38358],[7.68156,45.38448],[7.68333,45.38362],[7.68599,45.38332],[7.68519,45.38243],[7.68483,45.38097],[7.68576,45.38007],[7.68671,45.37982],[7.68599,45.37902],[7.68879,45.3775],[7.69234,45.37688],[7.6932,45.37587],[7.69793,45.37415],[7.69929,45.3744],[7.70048,45.37547],[7.70217,45.37421],[7.70627,45.37231],[7.70837,45.37188],[7.71018,45.372],[7.71026,45.37119],[7.71141,45.37031],[7.711,45.36926],[7.7096,45.36808],[7.71091,45.36721],[7.7117,45.36453],[7.71303,45.36448],[7.71478,45.36371],[7.71734,45.3655],[7.71881,45.36443],[7.722,45.36013],[7.72391,45.35919],[7.72411,45.3573],[7.72496,45.35658],[7.72579,45.35425],[7.7272,45.35309],[7.72732,45.35242],[7.73021,45.35114],[7.73236,45.35088],[7.73275,45.34982],[7.7324,45.34941],[7.73358,45.34727],[7.73546,45.34785],[7.74127,45.34829],[7.74189,45.34589],[7.73982,45.33899],[7.73927,45.33843],[7.73338,45.3361],[7.7373,45.333],[7.73891,45.33075],[7.74267,45.3311],[7.7436,45.3289],[7.74624,45.32704],[7.74666,45.32604],[7.7501,45.32666],[7.75305,45.32845],[7.75712,45.32868],[7.75837,45.32931],[7.76122,45.32704],[7.75768,45.31266],[7.7536,45.30717],[7.75208,45.30635],[7.74906,45.30568],[7.75162,45.30372],[7.75383,45.30006],[7.75558,45.29534],[7.75792,45.29347],[7.75909,45.29021],[7.76078,45.28758],[7.762,45.28258],[7.76144,45.28237],[7.76169,45.28113],[7.76083,45.27996],[7.75921,45.27973],[7.76112,45.27751],[7.76225,45.27707],[7.76273,45.27616],[7.76353,45.27611],[7.76456,45.27429],[7.76475,45.27332],[7.76355,45.27348],[7.7651,45.26799],[7.76949,45.2688],[7.77477,45.27044],[7.77564,45.26704],[7.77533,45.26565],[7.77608,45.26369],[7.77604,45.26337],[7.77463,45.26296],[7.7746,45.26217],[7.77725,45.26153],[7.78035,45.26166],[7.78121,45.26125],[7.78302,45.2582],[7.7833,45.25639],[7.78432,45.25508],[7.78408,45.25194],[7.78466,45.24921],[7.7866,45.2481],[7.78678,45.24716],[7.79239,45.24681],[7.79406,45.245],[7.7927,45.24226],[7.79432,45.24174],[7.79646,45.23752],[7.79977,45.24337],[7.80402,45.24564]]}},{"type":"Feature","properties":{"name":"TET_I-04_20260427","country":"IT","lengthKm":161.1},"geometry":{"type":"LineString","coordinates":[[7.80434,45.24577],[7.80877,45.24809],[7.80967,45.24923],[7.81039,45.2583],[7.81187,45.2654],[7.81497,45.26599],[7.81972,45.27005],[7.82157,45.27108],[7.82573,45.27076],[7.82833,45.27112],[7.83655,45.27047],[7.83763,45.27073],[7.83731,45.27286],[7.83806,45.2736],[7.83836,45.27515],[7.84875,45.27653],[7.85005,45.27722],[7.8513,45.2767],[7.85578,45.27739],[7.86034,45.27879],[7.86885,45.27925],[7.86952,45.27949],[7.86984,45.28061],[7.87728,45.28105],[7.87729,45.28139],[7.88568,45.28097],[7.88659,45.2814],[7.89284,45.28113],[7.89252,45.28464],[7.89713,45.28523],[7.90758,45.28478],[7.90803,45.28327],[7.91354,45.28033],[7.91414,45.27901],[7.91719,45.27857],[7.91746,45.27723],[7.92152,45.27763],[7.92145,45.27825],[7.92338,45.27849],[7.92305,45.28121],[7.92457,45.28335],[7.92472,45.28646],[7.92982,45.28764],[7.93034,45.28736],[7.93789,45.28757],[7.93894,45.28933],[7.93669,45.29639],[7.93755,45.29683],[7.93736,45.29898],[7.94112,45.29781],[7.94292,45.29844],[7.94447,45.2997],[7.94591,45.29888],[7.9472,45.29996],[7.95039,45.30067],[7.95582,45.30051],[7.95695,45.3026],[7.95383,45.30358],[7.9504,45.30535],[7.948,45.30584],[7.9467,45.30897],[7.94775,45.30984],[7.95323,45.31188],[7.95471,45.3139],[7.95462,45.31549],[7.95697,45.31664],[7.95865,45.31879],[7.96579,45.3196],[7.96633,45.31866],[7.96342,45.31656],[7.96681,45.31557],[7.96736,45.31503],[7.9685,45.31516],[7.97008,45.31394],[7.97027,45.31333],[7.97128,45.3133],[7.97642,45.31455],[7.9833,45.31542],[7.98871,45.31871],[7.98992,45.31985],[7.99232,45.32108],[7.99428,45.32161],[7.99482,45.3222],[7.99463,45.3237],[7.99629,45.32692],[7.99805,45.32859],[7.99779,45.33044],[7.99903,45.33048],[7.99851,45.3317],[7.9959,45.33293],[7.99472,45.33441],[7.9945,45.33544],[7.99008,45.33935],[7.98994,45.34205],[7.99082,45.34649],[7.99331,45.34695],[8.00009,45.34526],[8.00424,45.34626],[8.00647,45.34638],[8.00784,45.34778],[8.00932,45.348],[8.00984,45.34845],[8.01213,45.34706],[8.01353,45.34704],[8.01486,45.34747],[8.01762,45.35043],[8.02001,45.35436],[8.02035,45.35759],[8.01947,45.35839],[8.01879,45.3607],[8.01717,45.36329],[8.01865,45.36561],[8.02202,45.36517],[8.02571,45.364],[8.02845,45.36463],[8.02418,45.36867],[8.02289,45.37123],[8.02275,45.37268],[8.02366,45.3732],[8.02264,45.37402],[8.02261,45.37487],[8.02565,45.37471],[8.02684,45.37431],[8.02772,45.37486],[8.02908,45.37727],[8.0342,45.38224],[8.03395,45.38443],[8.03433,45.38496],[8.03553,45.38625],[8.03692,45.38635],[8.03724,45.38706],[8.03796,45.38717],[8.0351,45.38827],[8.03322,45.38837],[8.03055,45.3895],[8.03246,45.38964],[8.03528,45.38921],[8.03782,45.38796],[8.04072,45.38745],[8.04302,45.38799],[8.04499,45.38788],[8.04546,45.38859],[8.04736,45.38901],[8.04837,45.39082],[8.04925,45.39144],[8.0507,45.39105],[8.05479,45.39104],[8.05855,45.39184],[8.06035,45.39254],[8.06008,45.39453],[8.05949,45.39524],[8.05467,45.39749],[8.05495,45.39996],[8.05856,45.40067],[8.05903,45.39961],[8.06048,45.39981],[8.06127,45.40074],[8.06413,45.40165],[8.06627,45.40288],[8.07137,45.40402],[8.07625,45.40624],[8.08114,45.40597],[8.0825,45.4066],[8.08267,45.40697],[8.07847,45.40916],[8.07468,45.412],[8.07181,45.41815],[8.07438,45.41682],[8.07499,45.41725],[8.07527,45.41849],[8.07671,45.41962],[8.07516,45.4211],[8.07567,45.42215],[8.07537,45.42304],[8.07805,45.42261],[8.08103,45.42082],[8.08259,45.42071],[8.08338,45.421],[8.08341,45.42165],[8.08088,45.42368],[8.08089,45.42582],[8.08294,45.42664],[8.08396,45.42671],[8.08699,45.42592],[8.09109,45.42618],[8.0917,45.42665],[8.0946,45.42716],[8.09524,45.42673],[8.09515,45.4254],[8.09661,45.42526],[8.09746,45.42845],[8.09817,45.42937],[8.09659,45.43017],[8.09535,45.4319],[8.09714,45.43729],[8.10648,45.44366],[8.11163,45.44405],[8.11373,45.44547],[8.11344,45.44639],[8.11495,45.44549],[8.11616,45.44273],[8.12294,45.43864],[8.12365,45.43679],[8.12668,45.43471],[8.12912,45.43072],[8.13277,45.42874],[8.14452,45.4153],[8.14691,45.41151],[8.1514,45.40778],[8.15447,45.39919],[8.15674,45.39773],[8.15865,45.39587],[8.162,45.39395],[8.16271,45.39004],[8.16608,45.38875],[8.16759,45.38866],[8.1685,45.38905],[8.16791,45.38813],[8.16879,45.38101],[8.17085,45.37825],[8.17228,45.37196],[8.17527,45.37151],[8.18213,45.38539],[8.18805,45.40035],[8.19641,45.40586],[8.19705,45.40744],[8.19822,45.40804],[8.2001,45.40691],[8.21709,45.40445],[8.2257,45.40052],[8.23877,45.39622],[8.23873,45.39427],[8.24227,45.39403],[8.24417,45.402],[8.24574,45.40378],[8.24541,45.40557],[8.24598,45.40768],[8.26023,45.4358],[8.28585,45.4303],[8.29079,45.42751],[8.29883,45.4256],[8.31274,45.41687],[8.31915,45.41389],[8.32582,45.4099],[8.32721,45.40834],[8.33034,45.40198],[8.33204,45.40045],[8.33442,45.39957],[8.3493,45.39643],[8.35522,45.39142],[8.35535,45.39004],[8.35395,45.38757],[8.35449,45.3861],[8.36471,45.38106],[8.37245,45.37531],[8.40163,45.34235],[8.40221,45.34122],[8.42787,45.34088],[8.42878,45.34005],[8.42944,45.33459],[8.4277,45.33257],[8.42762,45.33179],[8.43385,45.32821],[8.43317,45.32523],[8.44234,45.32612],[8.44175,45.32637],[8.44179,45.32709],[8.44525,45.33324],[8.44445,45.33588],[8.4414,45.33846],[8.44239,45.34822],[8.43859,45.35092],[8.43743,45.35322],[8.43438,45.35542],[8.43401,45.35662],[8.43231,45.35761],[8.43072,45.36015],[8.42503,45.36151],[8.42677,45.36094],[8.42631,45.36062],[8.4242,45.36174],[8.41605,45.36448],[8.41355,45.36592],[8.4146,45.36551],[8.41524,45.36589],[8.41637,45.36579],[8.41623,45.36756],[8.42109,45.3698],[8.42171,45.38216],[8.42414,45.38215],[8.42631,45.38263],[8.42566,45.38697],[8.42585,45.3891],[8.42481,45.38916],[8.42341,45.39107],[8.42154,45.39142],[8.42128,45.39199],[8.41987,45.39195],[8.41924,45.39236],[8.41884,45.39299],[8.41916,45.39438],[8.41864,45.39442],[8.41817,45.39525],[8.41573,45.39573],[8.41429,45.39707],[8.41419,45.39802],[8.41362,45.39844],[8.41063,45.39887],[8.40354,45.39878],[8.40465,45.40756],[8.40649,45.41154],[8.42894,45.41202],[8.42967,45.42023],[8.42683,45.42773],[8.42485,45.42725],[8.42627,45.42794],[8.42639,45.42858],[8.42372,45.43521],[8.41946,45.43506],[8.41848,45.43602],[8.41844,45.43745],[8.41533,45.43776],[8.41241,45.43752],[8.40743,45.43504],[8.40509,45.43447],[8.40429,45.43474],[8.40363,45.43431],[8.40384,45.443],[8.40173,45.4459],[8.40132,45.44741],[8.40215,45.45073],[8.40229,45.45399],[8.40575,45.45308],[8.40782,45.45415],[8.40949,45.45365],[8.41202,45.45478],[8.41358,45.45465],[8.41621,45.45509],[8.41878,45.45463],[8.41744,45.4563],[8.41761,45.45692],[8.41281,45.45807],[8.41138,45.4589],[8.41201,45.46057],[8.41126,45.46475],[8.40925,45.46429],[8.40692,45.46469],[8.40625,45.46524],[8.4073,45.46863],[8.40611,45.47114],[8.40638,45.47211],[8.40707,45.47263],[8.40522,45.47756],[8.40478,45.48352],[8.40619,45.48624],[8.40646,45.48781],[8.40722,45.48818],[8.40779,45.48974],[8.41277,45.49113],[8.41647,45.4936],[8.41756,45.4948],[8.4219,45.49611],[8.42568,45.49571],[8.43994,45.49664],[8.44316,45.49532],[8.44473,45.49338],[8.44825,45.49387],[8.45016,45.4937],[8.4548,45.49551],[8.45762,45.49363],[8.46118,45.49645],[8.48768,45.51383],[8.49049,45.5149],[8.48689,45.51931],[8.48325,45.52095],[8.48129,45.52328],[8.47974,45.52611],[8.47675,45.52519],[8.47284,45.53214],[8.47285,45.53369],[8.47154,45.53584],[8.47415,45.53773],[8.47396,45.53975],[8.48029,45.54246],[8.47917,45.5417],[8.47765,45.54148],[8.47531,45.54005],[8.47484,45.54023],[8.47184,45.53905],[8.47002,45.53882],[8.46629,45.53715],[8.46218,45.53716],[8.46122,45.53685],[8.45673,45.53712],[8.44841,45.5352],[8.44629,45.53434],[8.44582,45.53537],[8.44373,45.53729],[8.43928,45.53756],[8.43365,45.53665],[8.42917,45.53715],[8.42598,45.53674],[8.42527,45.53781],[8.4216,45.53627],[8.41722,45.53514],[8.41707,45.53393],[8.41628,45.53304],[8.39183,45.52954],[8.39277,45.53164],[8.39202,45.53355],[8.39161,45.53893],[8.39107,45.54051],[8.39177,45.54606],[8.39599,45.55657],[8.39673,45.55478],[8.3964,45.55609],[8.39429,45.55954],[8.39498,45.56078],[8.39134,45.56664],[8.39218,45.57161],[8.39033,45.5758],[8.38915,45.57724],[8.38846,45.58043],[8.38673,45.60133],[8.38599,45.60197],[8.38596,45.60342],[8.38505,45.60507],[8.3828,45.60722],[8.38167,45.60732],[8.3813,45.60844],[8.37859,45.61073],[8.3743,45.61144],[8.36893,45.61093],[8.365,45.61148],[8.36647,45.61719],[8.36905,45.62013],[8.37123,45.62126],[8.37223,45.63596],[8.37324,45.63674]]}},{"type":"Feature","properties":{"name":"TET_I-05_20260427","country":"IT","lengthKm":80.3},"geometry":{"type":"LineString","coordinates":[[8.15163,46.19652],[8.15399,46.19589],[8.15789,46.19753],[8.16077,46.19772],[8.16335,46.19871],[8.16591,46.19867],[8.16837,46.19909],[8.16998,46.20044],[8.17211,46.20024],[8.17902,46.20184],[8.18224,46.20205],[8.18405,46.2026],[8.18666,46.20436],[8.19569,46.2058],[8.19991,46.20746],[8.20332,46.20716],[8.21209,46.20529],[8.22084,46.20627],[8.22274,46.20585],[8.22783,46.20567],[8.23125,46.20684],[8.233,46.20966],[8.23358,46.20924],[8.23354,46.20958],[8.23569,46.20932],[8.24533,46.2072],[8.25493,46.20224],[8.26179,46.20116],[8.26333,46.1999],[8.27168,46.19529],[8.27356,46.19181],[8.27665,46.18935],[8.27729,46.18725],[8.27933,46.18529],[8.28086,46.1771],[8.2826,46.17416],[8.28285,46.17018],[8.28382,46.16844],[8.28339,46.16548],[8.28692,46.16064],[8.28799,46.15724],[8.29204,46.15495],[8.29561,46.15486],[8.29921,46.1532],[8.30166,46.15358],[8.30259,46.15424],[8.30274,46.15331],[8.30339,46.15492],[8.30335,46.15341],[8.30773,46.15098],[8.31186,46.15079],[8.3117,46.14876],[8.31186,46.15079],[8.31081,46.15115],[8.31128,46.15186],[8.31216,46.15148],[8.31149,46.14284],[8.31068,46.14133],[8.30812,46.13855],[8.30756,46.13691],[8.30905,46.12659],[8.30471,46.11482],[8.30502,46.11078],[8.30358,46.10568],[8.30367,46.09808],[8.30258,46.09439],[8.30146,46.09291],[8.29912,46.09148],[8.28872,46.08908],[8.28727,46.08846],[8.27794,46.07807],[8.27701,46.07562],[8.27744,46.06822],[8.27605,46.06371],[8.27566,46.05886],[8.27149,46.05458],[8.26919,46.04984],[8.26522,46.04663],[8.26432,46.04486],[8.26486,46.04126],[8.26583,46.03972],[8.27436,46.03411],[8.27845,46.03211],[8.28042,46.02964],[8.28026,46.02487],[8.27573,46.02079],[8.2748,46.01823],[8.27518,46.01654],[8.28014,46.00858],[8.28014,46.00367],[8.28103,46.00143],[8.28287,45.99983],[8.28537,45.99883],[8.29137,45.99764],[8.29854,45.99529],[8.30694,45.99358],[8.31176,45.99181],[8.31485,45.9911],[8.32621,45.99111],[8.33493,45.99172],[8.34804,45.99201],[8.35405,45.9903],[8.36241,45.98853],[8.36872,45.98581],[8.37713,45.98591],[8.38318,45.985],[8.38773,45.98526],[8.39878,45.98826],[8.40162,45.98838],[8.40475,45.98798],[8.40754,45.98712],[8.4106,45.98537],[8.41739,45.97852],[8.42339,45.97448],[8.42671,45.97089],[8.42796,45.96785],[8.42822,45.96508],[8.42674,45.95084],[8.42437,45.94653],[8.42441,45.94371],[8.4251,45.9422],[8.42693,45.94026],[8.43329,45.93738],[8.43733,45.93497],[8.43831,45.93275],[8.43244,45.92835],[8.42741,45.91909],[8.42555,45.91401],[8.42234,45.9097],[8.41921,45.90408],[8.41079,45.89282],[8.40851,45.88796],[8.4092,45.88294],[8.41186,45.88067],[8.41003,45.87724],[8.41129,45.87606],[8.41136,45.87475],[8.41047,45.87432],[8.41101,45.87313],[8.41207,45.87241],[8.41281,45.87237],[8.41215,45.86937],[8.41386,45.86639],[8.41195,45.86192],[8.40973,45.85974],[8.40727,45.85563],[8.40734,45.85382],[8.40486,45.8438],[8.4032,45.84102],[8.40133,45.83897],[8.40016,45.83831],[8.39946,45.83552],[8.39796,45.83308],[8.39587,45.83138],[8.39526,45.8298],[8.39554,45.82935],[8.39706,45.82912],[8.39948,45.82671],[8.40138,45.82274],[8.40773,45.81785],[8.41228,45.81006],[8.41912,45.80449],[8.42072,45.80159],[8.42061,45.80075],[8.41632,45.79555],[8.41751,45.79372],[8.41754,45.79273],[8.42077,45.78784],[8.42197,45.78716],[8.42579,45.78209],[8.42629,45.77948],[8.42751,45.77696],[8.43083,45.77428],[8.42998,45.77339],[8.42832,45.77315],[8.42692,45.77338],[8.42552,45.77292],[8.42537,45.77113],[8.42572,45.77001],[8.4273,45.76969],[8.42889,45.76844],[8.42891,45.76727],[8.43054,45.76437],[8.42856,45.76255],[8.42954,45.76199],[8.43017,45.7597],[8.43179,45.75731],[8.43148,45.75375],[8.43261,45.75168],[8.43151,45.75081],[8.42964,45.74803],[8.42959,45.74665],[8.43051,45.74525],[8.42693,45.74536],[8.42511,45.74473],[8.42376,45.74335],[8.4266,45.73987],[8.42776,45.73922],[8.43048,45.73888],[8.43142,45.73821]]}},{"type":"Feature","properties":{"name":"TET_I-06_20260427","country":"IT","lengthKm":175.9},"geometry":{"type":"LineString","coordinates":[[8.37324,45.63674],[8.3776,45.63869],[8.37586,45.64246],[8.37318,45.6463],[8.3727,45.64966],[8.3639,45.6551],[8.35799,45.65956],[8.35459,45.66417],[8.35313,45.66835],[8.35183,45.66985],[8.35105,45.67004],[8.35109,45.67044],[8.34984,45.67039],[8.34283,45.67184],[8.34084,45.67267],[8.3372,45.67506],[8.33503,45.67562],[8.33255,45.67538],[8.3251,45.67217],[8.32417,45.67229],[8.31627,45.68109],[8.30604,45.68593],[8.30402,45.68871],[8.30025,45.69153],[8.29653,45.69563],[8.29393,45.69665],[8.28722,45.6973],[8.28727,45.70086],[8.28865,45.70143],[8.28879,45.70185],[8.2881,45.70458],[8.28612,45.70592],[8.26669,45.71243],[8.26824,45.71465],[8.27089,45.71608],[8.27383,45.71504],[8.27417,45.71432],[8.27739,45.71388],[8.27777,45.71308],[8.27858,45.71483],[8.2875,45.7113],[8.29073,45.71112],[8.29351,45.7105],[8.29758,45.71198],[8.29778,45.71597],[8.30051,45.71745],[8.30254,45.71948],[8.30683,45.71977],[8.31184,45.72108],[8.31647,45.72117],[8.3223,45.72186],[8.32199,45.72063],[8.32552,45.71839],[8.32405,45.72027],[8.32529,45.72025],[8.32757,45.71805],[8.32866,45.71606],[8.32906,45.7167],[8.32999,45.71587],[8.32979,45.71462],[8.32973,45.71488],[8.32887,45.71417],[8.32971,45.71228],[8.33411,45.71222],[8.33546,45.71143],[8.3366,45.71151],[8.33619,45.71123],[8.3377,45.70974],[8.33845,45.71053],[8.34076,45.71125],[8.3444,45.70995],[8.3453,45.71091],[8.34707,45.71154],[8.34885,45.71156],[8.35306,45.71277],[8.3554,45.71249],[8.35595,45.71472],[8.35855,45.71634],[8.35842,45.7171],[8.36014,45.71749],[8.36046,45.71703],[8.36102,45.71706],[8.36235,45.71774],[8.36213,45.71864],[8.36327,45.71958],[8.36427,45.71958],[8.36395,45.72097],[8.36295,45.72125],[8.36356,45.72269],[8.36709,45.72364],[8.3683,45.72489],[8.37051,45.72511],[8.36995,45.72622],[8.37148,45.72622],[8.37067,45.72582],[8.37112,45.72554],[8.37282,45.72559],[8.37264,45.725],[8.37513,45.72599],[8.379,45.72627],[8.37991,45.72549],[8.3786,45.72583],[8.37779,45.72547],[8.37857,45.72554],[8.38052,45.72454],[8.38125,45.72467],[8.38195,45.72369],[8.38252,45.72393],[8.38184,45.7235],[8.38102,45.724],[8.38181,45.72307],[8.38333,45.72353],[8.38298,45.72246],[8.38458,45.72155],[8.38601,45.72209],[8.38803,45.72157],[8.38887,45.72213],[8.38969,45.72192],[8.39077,45.72291],[8.3906,45.72397],[8.3915,45.72358],[8.39404,45.72546],[8.39392,45.72446],[8.39478,45.72467],[8.39574,45.72554],[8.39644,45.72467],[8.39735,45.72457],[8.39749,45.72254],[8.39934,45.72165],[8.40054,45.72212],[8.4043,45.72223],[8.4052,45.72314],[8.40608,45.7234],[8.41188,45.7236],[8.41338,45.72472],[8.41786,45.72265],[8.41824,45.72119],[8.41983,45.72119],[8.42074,45.72204],[8.42049,45.7253],[8.42547,45.72704],[8.42601,45.72767],[8.42951,45.72826],[8.42973,45.72984],[8.42813,45.73381],[8.42972,45.73511],[8.43132,45.73798],[8.43321,45.73325],[8.43534,45.7305],[8.43713,45.72689],[8.43957,45.72422],[8.44085,45.72129],[8.4479,45.72294],[8.46037,45.72387],[8.46946,45.7219],[8.47177,45.72078],[8.47599,45.7174],[8.48058,45.71479],[8.4808,45.71091],[8.47801,45.70533],[8.48185,45.70311],[8.48333,45.70373],[8.49312,45.70534],[8.49525,45.70647],[8.50536,45.70997],[8.50949,45.7103],[8.5163,45.70928],[8.51913,45.70993],[8.52135,45.70778],[8.52248,45.70902],[8.52468,45.7089],[8.5316,45.71038],[8.54359,45.70922],[8.54817,45.71021],[8.55917,45.71155],[8.56255,45.71004],[8.56801,45.70888],[8.57229,45.70684],[8.58016,45.70563],[8.58205,45.7037],[8.58622,45.70422],[8.58681,45.70624],[8.5904,45.71077],[8.59186,45.71524],[8.59096,45.71879],[8.59265,45.71961],[8.59912,45.71933],[8.62521,45.71984],[8.62692,45.72146],[8.62785,45.72407],[8.63217,45.72526],[8.63693,45.72579],[8.63941,45.72523],[8.66946,45.72153],[8.6743,45.72173],[8.67943,45.72106],[8.68032,45.72148],[8.67841,45.72388],[8.67869,45.72652],[8.68064,45.73063],[8.6798,45.73468],[8.67789,45.74007],[8.67381,45.74428],[8.67157,45.74829],[8.67248,45.75059],[8.6771,45.75496],[8.67813,45.75952],[8.67735,45.76535],[8.67889,45.76973],[8.68027,45.7845],[8.67892,45.78808],[8.67438,45.7932],[8.6717,45.79427],[8.67045,45.79579],[8.66989,45.80101],[8.66831,45.80398],[8.67019,45.80802],[8.67897,45.81297],[8.68058,45.81522],[8.67964,45.81735],[8.67709,45.81986],[8.67722,45.82373],[8.6758,45.82514],[8.67174,45.82643],[8.67069,45.82746],[8.66917,45.83281],[8.66644,45.83676],[8.66652,45.83807],[8.67091,45.84357],[8.67186,45.84661],[8.67585,45.85226],[8.67472,45.85523],[8.66812,45.86298],[8.66807,45.86426],[8.67453,45.87457],[8.67193,45.881],[8.67013,45.89043],[8.67563,45.89216],[8.67992,45.89189],[8.68956,45.89217],[8.69602,45.89338],[8.7012,45.89577],[8.70699,45.90162],[8.7128,45.90546],[8.7168,45.90663],[8.72115,45.90658],[8.73087,45.9043],[8.74065,45.90501],[8.74673,45.90625],[8.74975,45.90905],[8.76082,45.91633],[8.76764,45.91874],[8.76972,45.92038],[8.77178,45.92069],[8.7744,45.92381],[8.77542,45.93301],[8.77028,45.9415],[8.76768,45.94403],[8.76741,45.94823],[8.76588,45.94976],[8.76517,45.95379],[8.76347,45.95471],[8.76031,45.95778],[8.75584,45.96117],[8.74945,45.96911],[8.74794,45.97238],[8.74212,45.97903],[8.7413,45.98149],[8.73964,45.98269],[8.73732,45.98619],[8.73644,45.98877],[8.73338,45.99179],[8.7327,45.99389],[8.74159,45.99493],[8.74629,45.99744],[8.74777,45.99525],[8.75016,45.99434],[8.75467,45.99424],[8.76079,45.99082],[8.76461,45.99054],[8.76638,45.99173],[8.76878,45.99194],[8.77017,45.99268],[8.77254,45.99191],[8.77489,45.99188],[8.77711,45.99401],[8.77864,45.99421],[8.78484,45.99315],[8.78513,45.99199],[8.78407,45.99037],[8.78475,45.98919],[8.78643,45.98864],[8.7893,45.98834],[8.79066,45.98837],[8.796,45.99113],[8.80489,45.99007],[8.80754,45.99031],[8.80522,45.99019],[8.80571,45.99051],[8.80754,45.99031],[8.80776,45.99089],[8.81096,45.99046],[8.815,45.99159],[8.81834,45.99058],[8.82084,45.98924],[8.82371,45.98861],[8.83119,45.98875],[8.83591,45.98582],[8.84311,45.98307],[8.84447,45.98014],[8.84879,45.97505],[8.84941,45.97359],[8.85262,45.97195],[8.85651,45.96888],[8.85939,45.96736],[8.8602,45.96792],[8.86111,45.96999],[8.86626,45.9715],[8.87568,45.97749],[8.87965,45.98219],[8.88876,45.98352],[8.89171,45.98631],[8.89302,45.9883],[8.89765,45.99322],[8.89947,45.99689],[8.90182,45.99813],[8.91066,45.99735],[8.91433,45.99766],[8.91538,45.99685],[8.91591,45.99435],[8.917,45.99356],[8.92408,45.993],[8.92902,45.99404],[8.93137,45.99571],[8.93416,45.99663],[8.94146,45.99705],[8.94175,45.99496],[8.94238,45.99642],[8.94253,45.99622],[8.94241,45.9948],[8.94317,45.99423],[8.94265,45.99258],[8.94318,45.9918],[8.94621,45.99322],[8.94868,45.99117],[8.95191,45.98994],[8.9557,45.98786],[8.95544,45.98458],[8.95591,45.98314],[8.95488,45.98163],[8.95554,45.978],[8.95255,45.97383],[8.94917,45.97015],[8.94804,45.96799],[8.94718,45.96455],[8.94679,45.95904],[8.94789,45.95557],[8.9519,45.95399],[8.96137,45.95315],[8.96438,45.95188],[8.96468,45.94991],[8.96601,45.94881],[8.96633,45.94732],[8.9643,45.94184],[8.96464,45.94005],[8.96831,45.93855],[8.97017,45.93723],[8.97118,45.93549],[8.97372,45.93546],[8.97412,45.9357],[8.97307,45.93696],[8.96997,45.93919],[8.97255,45.93818],[8.97205,45.93862],[8.97429,45.93843],[8.97603,45.93946],[8.97484,45.93979],[8.97375,45.93953],[8.97631,45.94104],[8.9761,45.94267],[8.97817,45.94393],[8.97806,45.94516],[8.98071,45.94888],[8.981,45.95088],[8.98244,45.95176],[8.98387,45.95443],[8.98337,45.95554],[8.98443,45.95612],[8.98542,45.9588],[8.98839,45.95855],[8.98946,45.95979],[8.99114,45.96063],[8.99355,45.96003],[8.99436,45.95942],[8.99584,45.95982],[8.99756,45.95937],[8.99795,45.96024],[9.0007,45.9601],[9.00216,45.95961],[9.00643,45.95993],[9.00729,45.96175],[9.00834,45.96155],[9.00927,45.9619],[9.00827,45.96218],[9.00962,45.96295],[9.01104,45.96285],[9.01276,45.96329],[9.0159,45.9651],[9.01754,45.96654],[9.02086,45.96704],[9.02284,45.9684],[9.02786,45.97039],[9.03046,45.9704],[9.03385,45.97242],[9.03515,45.9727],[9.03669,45.97443],[9.0385,45.97566],[9.04459,45.97635],[9.04864,45.97571],[9.05015,45.97504],[9.05121,45.97629],[9.05305,45.97711],[9.05276,45.97766],[9.054,45.97708],[9.05253,45.97832],[9.05488,45.97842],[9.05699,45.97938],[9.05851,45.97925],[9.0607,45.97806],[9.06231,45.97782],[9.06382,45.97827],[9.06441,45.97971],[9.06541,45.97986],[9.0655,45.97901],[9.06436,45.97707],[9.06427,45.97595],[9.0663,45.97371],[9.06949,45.97154],[9.06986,45.97214],[9.06769,45.97364],[9.06587,45.9756],[9.0655,45.97712],[9.06683,45.97744],[9.06791,45.9771],[9.0693,45.97864],[9.07256,45.98017],[9.07215,45.98149],[9.07333,45.98186],[9.07436,45.98379],[9.07242,45.98436],[9.0717,45.98627],[9.07367,45.98731],[9.07519,45.98763],[9.07321,45.98788],[9.07843,45.98861],[9.07598,45.98876],[9.0767,45.98956],[9.07667,45.99026],[9.07737,45.98996],[9.07797,45.99016],[9.08069,45.98895],[9.08051,45.99027],[9.08141,45.98933],[9.08045,45.99116],[9.0821,45.9901],[9.08147,45.99109],[9.08194,45.99168],[9.08249,45.99089],[9.08411,45.99134],[9.08602,45.99324],[9.08726,45.99342],[9.08725,45.99386],[9.08807,45.99438],[9.08918,45.99446],[9.09026,45.99569],[9.09,45.99425],[9.08901,45.9938],[9.08922,45.99267],[9.08863,45.99074],[9.09155,45.98834],[9.09272,45.98803],[9.09485,45.98803],[9.09422,45.98879],[9.09753,45.98963],[9.10479,45.98948],[9.10548,45.98995],[9.10726,45.98988],[9.11028,45.99081],[9.11101,45.99154],[9.11303,45.99115],[9.11095,45.99209],[9.10996,45.99143],[9.10833,45.99132],[9.10664,45.99139],[9.10608,45.99182],[9.10505,45.99154],[9.10284,45.99179],[9.10157,45.99242],[9.10162,45.99319],[9.10219,45.99343],[9.10181,45.99285],[9.10235,45.9925],[9.10471,45.99259],[9.10485,45.99358],[9.1061,45.99323],[9.11024,45.99482],[9.11331,45.9945],[9.11734,45.99613],[9.11827,45.9945],[9.12028,45.99426],[9.12178,45.99559],[9.12367,45.99476],[9.12762,45.99559],[9.12842,45.99516],[9.13052,45.99557],[9.12983,45.993],[9.13133,45.9927],[9.13168,45.99195],[9.13301,45.99182],[9.13352,45.99117],[9.1353,45.99122],[9.13629,45.99152],[9.13691,45.99222],[9.13839,45.99237],[9.13889,45.99306],[9.13865,45.99366],[9.14011,45.9939],[9.14129,45.99471],[9.14165,45.99328],[9.14273,45.99349],[9.14337,45.99287],[9.14457,45.99285],[9.14447,45.99212],[9.14762,45.99085],[9.15071,45.99059],[9.15054,45.98956],[9.15234,45.99165],[9.14962,45.99169],[9.14719,45.99272],[9.14994,45.99283],[9.1512,45.99353],[9.1505,45.99572],[9.15296,45.99737],[9.1509,45.99879],[9.15268,46.00087],[9.15146,46.00304],[9.15329,46.00538],[9.15633,46.006],[9.15652,46.00716],[9.15833,46.0087],[9.15942,46.00911],[9.16079,46.00905],[9.16178,46.01001],[9.16348,46.01023],[9.16698,46.0088],[9.16687,46.00902],[9.16348,46.01023],[9.16178,46.01001],[9.16079,46.00905],[9.15942,46.00911],[9.15833,46.0087],[9.15652,46.00716],[9.15633,46.006],[9.15329,46.00538],[9.15176,46.00351],[9.15148,46.00278],[9.15268,46.00087],[9.1509,45.99879],[9.15296,45.99737],[9.1505,45.99572],[9.15101,45.99325],[9.14966,45.99278],[9.14719,45.99272],[9.14962,45.99169],[9.15234,45.99165],[9.15054,45.98956],[9.15088,45.98765],[9.1468,45.98787],[9.14352,45.98746],[9.14226,45.98673],[9.14069,45.98489],[9.13895,45.98426],[9.13726,45.98195],[9.13668,45.98025],[9.13599,45.97982],[9.13614,45.97845],[9.13335,45.97969],[9.13065,45.97883],[9.12829,45.97699],[9.12498,45.97733],[9.1243,45.97652],[9.12395,45.97229],[9.12217,45.97259],[9.12166,45.97201],[9.11887,45.97165],[9.12,45.96993],[9.11988,45.96851],[9.11861,45.96826],[9.11992,45.96605],[9.11904,45.96512],[9.12281,45.96388],[9.12324,45.96328],[9.12279,45.9624],[9.12548,45.96178],[9.12651,45.96025],[9.12648,45.95877],[9.12537,45.95708],[9.12415,45.95615],[9.12241,45.95585],[9.12408,45.95575],[9.12108,45.95549]]}},{"type":"Feature","properties":{"name":"TET_I-07_20260427","country":"IT","lengthKm":308.4},"geometry":{"type":"LineString","coordinates":[[9.12108,45.95549],[9.12003,45.95545],[9.11955,45.95476],[9.1179,45.95461],[9.11694,45.95379],[9.11479,45.95321],[9.11305,45.95332],[9.11196,45.9545],[9.11086,45.95491],[9.11011,45.95467],[9.11016,45.95367],[9.10616,45.95107],[9.1052,45.95081],[9.10217,45.95115],[9.10069,45.95186],[9.10007,45.95266],[9.10172,45.95504],[9.10112,45.95594],[9.10166,45.95676],[9.10116,45.95751],[9.10011,45.95746],[9.09947,45.95783],[9.0973,45.96062],[9.09799,45.96167],[9.09741,45.96259],[9.09805,45.96328],[9.09805,45.96476],[9.09539,45.96409],[9.0929,45.96409],[9.08754,45.9653],[9.08202,45.96733],[9.0784,45.96731],[9.07797,45.9677],[9.07769,45.9671],[9.07636,45.96776],[9.07709,45.96736],[9.07702,45.96639],[9.08033,45.96607],[9.0816,45.96514],[9.08368,45.96441],[9.08037,45.96457],[9.08303,45.96349],[9.08475,45.96201],[9.08754,45.9606],[9.08563,45.9607],[9.08825,45.95763],[9.09005,45.9568],[9.08833,45.95663],[9.08943,45.95562],[9.09033,45.95521],[9.09146,45.9553],[9.09316,45.9536],[9.09494,45.95315],[9.09569,45.9506],[9.09692,45.94959],[9.09715,45.94802],[9.0981,45.94701],[9.09812,45.94527],[9.0987,45.94407],[9.10074,45.94319],[9.10219,45.94137],[9.10353,45.94107],[9.10559,45.9424],[9.10889,45.94345],[9.11286,45.94349],[9.11543,45.94487],[9.11775,45.94472],[9.11812,45.94545],[9.11977,45.94431],[9.1211,45.94416],[9.12239,45.94482],[9.12558,45.94551],[9.12784,45.9471],[9.12683,45.94562],[9.12668,45.94425],[9.12603,45.94384],[9.12833,45.9459],[9.12908,45.946],[9.12844,45.94573],[9.12796,45.94476],[9.1314,45.94718],[9.13374,45.94768],[9.1365,45.94899],[9.1412,45.9519],[9.14517,45.95375],[9.15474,45.95738],[9.1561,45.95836],[9.15944,45.95914],[9.16309,45.96165],[9.16479,45.96223],[9.16916,45.96624],[9.17163,45.96708],[9.17255,45.968],[9.17487,45.96905],[9.17569,45.96914],[9.17925,45.96785],[9.18472,45.96731],[9.18564,45.96791],[9.19229,45.96965],[9.19556,45.97338],[9.20532,45.98044],[9.20807,45.98139],[9.2095,45.98111],[9.21307,45.98128],[9.21607,45.98257],[9.22006,45.98175],[9.22199,45.98173],[9.22369,45.98274],[9.22515,45.98291],[9.22742,45.98388],[9.23527,45.98808],[9.23764,45.99137],[9.26047,45.98724],[9.25883,45.99285],[9.28304,46.01368],[9.28411,46.01395],[9.28454,46.01482],[9.28639,46.01461],[9.28793,46.01663],[9.28745,46.01493],[9.28829,46.0164],[9.2883,46.01512],[9.28879,46.01646],[9.28892,46.01489],[9.28953,46.01571],[9.28912,46.01753],[9.29043,46.01573],[9.29004,46.01704],[9.29514,46.01384],[9.29557,46.01389],[9.29484,46.01505],[9.29674,46.01362],[9.29558,46.01516],[9.29444,46.0157],[9.29434,46.01627],[9.29668,46.01535],[9.2974,46.01458],[9.29973,46.01402],[9.29623,46.01643],[9.29584,46.01684],[9.29695,46.0164],[9.29651,46.01716],[9.30184,46.01371],[9.30249,46.01292],[9.30135,46.01225],[9.30025,46.01081],[9.30288,46.0097],[9.30359,46.00974],[9.30489,46.00873],[9.30495,46.00778],[9.30407,46.00625],[9.3046,46.00493],[9.30491,46.00453],[9.30836,46.0048],[9.309,46.00401],[9.30932,46.00161],[9.31138,45.99967],[9.31312,46.00022],[9.3143,45.99979],[9.31495,45.99995],[9.31579,45.99913],[9.31889,46.00012],[9.3191,45.99859],[9.31867,45.99815],[9.32129,45.99687],[9.32557,45.9972],[9.32832,45.99794],[9.32882,45.99775],[9.32856,45.99676],[9.32905,45.99576],[9.32731,45.99585],[9.32439,45.99465],[9.32463,45.99417],[9.32832,45.99274],[9.33135,45.99366],[9.33326,45.99349],[9.33298,45.99442],[9.33557,45.9951],[9.33606,45.99506],[9.33681,45.99398],[9.33715,45.99488],[9.3377,45.99495],[9.33793,45.99443],[9.33854,45.9944],[9.33925,45.99261],[9.33973,45.99231],[9.33958,45.99307],[9.34116,45.99222],[9.34049,45.99353],[9.34122,45.99318],[9.34286,45.99578],[9.34143,45.99602],[9.34008,45.99719],[9.33957,45.99828],[9.3427,45.99698],[9.34528,45.99704],[9.3432,45.9976],[9.34067,45.99981],[9.34106,46.0013],[9.34212,46.00258],[9.34204,46.00345],[9.3396,46.00424],[9.33802,46.0037],[9.33515,46.0042],[9.33444,46.00542],[9.33109,46.00643],[9.32826,46.00946],[9.32556,46.00886],[9.3227,46.00712],[9.32249,46.00575],[9.3212,46.00524],[9.31949,46.00615],[9.31804,46.0063],[9.31787,46.0067],[9.31861,46.00748],[9.31834,46.00798],[9.31764,46.00881],[9.31539,46.00995],[9.31667,46.01148],[9.3161,46.01257],[9.3151,46.01325],[9.31592,46.01188],[9.31437,46.0128],[9.31311,46.0154],[9.31144,46.01708],[9.3131,46.01881],[9.31305,46.0193],[9.31045,46.01809],[9.31214,46.01972],[9.31131,46.02223],[9.31171,46.02276],[9.31366,46.0223],[9.31771,46.01996],[9.32549,46.01838],[9.32741,46.01705],[9.32697,46.01588],[9.3276,46.0151],[9.3317,46.01766],[9.33357,46.01729],[9.33477,46.01776],[9.3381,46.01738],[9.33631,46.01804],[9.33833,46.0184],[9.33946,46.01787],[9.34145,46.01807],[9.34273,46.01957],[9.34468,46.01952],[9.34785,46.01866],[9.3491,46.01748],[9.35116,46.01738],[9.35775,46.01287],[9.35839,46.01198],[9.3598,46.0118],[9.36362,46.01011],[9.36617,46.00979],[9.3687,46.00865],[9.36895,46.00759],[9.3698,46.00677],[9.37112,46.00652],[9.37573,46.00406],[9.37761,46.00176],[9.3794,46.00089],[9.38192,46.00089],[9.38473,46.0004],[9.38696,46.00201],[9.38973,45.9998],[9.39426,45.99885],[9.39873,45.99574],[9.40369,45.99392],[9.40783,45.99319],[9.41203,45.99163],[9.41426,45.99005],[9.42201,45.98733],[9.42614,45.98634],[9.42443,45.98409],[9.42427,45.98317],[9.4252,45.98194],[9.42835,45.98104],[9.43111,45.97839],[9.43404,45.97737],[9.43713,45.97717],[9.44079,45.97518],[9.4439,45.97056],[9.44594,45.97091],[9.44675,45.96949],[9.44998,45.96671],[9.45099,45.96389],[9.45046,45.96087],[9.45212,45.95773],[9.45298,45.95703],[9.45309,45.95618],[9.45414,45.95563],[9.4554,45.95406],[9.45774,45.95302],[9.45961,45.95138],[9.46041,45.95151],[9.46112,45.95079],[9.46232,45.95044],[9.46362,45.94818],[9.46616,45.94821],[9.46633,45.94625],[9.46451,45.94475],[9.4644,45.94356],[9.46193,45.94223],[9.46127,45.94085],[9.46103,45.94313],[9.45985,45.94019],[9.45633,45.93618],[9.4535,45.93332],[9.452,45.93306],[9.45097,45.93201],[9.44914,45.92965],[9.44891,45.92746],[9.44607,45.92562],[9.44365,45.92332],[9.44065,45.92212],[9.43917,45.92107],[9.43292,45.91365],[9.4314,45.91131],[9.43015,45.90764],[9.42747,45.90279],[9.42638,45.89903],[9.42524,45.89704],[9.42552,45.89414],[9.42065,45.88807],[9.42114,45.88742],[9.4242,45.88674],[9.42534,45.88718],[9.42674,45.88694],[9.42767,45.88876],[9.42877,45.88663],[9.42784,45.8862],[9.42818,45.88475],[9.42914,45.88383],[9.43454,45.88148],[9.43182,45.88342],[9.43526,45.88189],[9.43306,45.88342],[9.43492,45.8824],[9.43543,45.88239],[9.4341,45.88332],[9.43497,45.88264],[9.43458,45.88312],[9.43615,45.88262],[9.43681,45.88232],[9.43708,45.88126],[9.43792,45.88045],[9.43736,45.88146],[9.43796,45.88073],[9.43916,45.88073],[9.44022,45.87976],[9.43998,45.88046],[9.44047,45.87951],[9.44037,45.88038],[9.4408,45.87917],[9.4415,45.87986],[9.4429,45.88011],[9.44441,45.88123],[9.4459,45.88168],[9.44613,45.88254],[9.4483,45.88365],[9.4496,45.88317],[9.45196,45.88434],[9.45241,45.88485],[9.45198,45.88618],[9.4523,45.88695],[9.45501,45.8861],[9.45596,45.88632],[9.45606,45.88755],[9.45748,45.88983],[9.45731,45.89044],[9.45636,45.89105],[9.4586,45.89117],[9.4595,45.89049],[9.45991,45.88929],[9.45991,45.89058],[9.45894,45.8917],[9.45811,45.89183],[9.45922,45.89175],[9.46065,45.8903],[9.45998,45.89162],[9.45875,45.89249],[9.45825,45.89395],[9.45922,45.89503],[9.45846,45.89573],[9.45945,45.897],[9.46083,45.89676],[9.46117,45.89637],[9.46222,45.89683],[9.46287,45.89636],[9.46413,45.89661],[9.465,45.89555],[9.46827,45.89489],[9.46921,45.89253],[9.46997,45.89259],[9.47053,45.89195],[9.47181,45.89213],[9.47216,45.89067],[9.47184,45.88989],[9.47367,45.88836],[9.47729,45.88948],[9.47695,45.89028],[9.47888,45.89027],[9.47955,45.89074],[9.48064,45.88957],[9.48416,45.8875],[9.48096,45.88881],[9.47976,45.8881],[9.48112,45.8875],[9.47852,45.88656],[9.47905,45.88569],[9.47804,45.88398],[9.48358,45.88336],[9.48508,45.88251],[9.48517,45.88205],[9.48437,45.88178],[9.48515,45.87931],[9.48484,45.87838],[9.48257,45.87649],[9.48016,45.87658],[9.48052,45.87523],[9.47998,45.87492],[9.48134,45.87446],[9.48098,45.8735],[9.48174,45.87347],[9.48189,45.87192],[9.48264,45.87119],[9.4834,45.87134],[9.48507,45.86971],[9.48747,45.8725],[9.48924,45.87285],[9.48794,45.87221],[9.48755,45.87156],[9.48723,45.87035],[9.48777,45.87008],[9.48672,45.8684],[9.48847,45.86944],[9.48995,45.86793],[9.4903,45.86865],[9.49446,45.86905],[9.4963,45.87008],[9.4985,45.86965],[9.4959,45.86893],[9.49242,45.86657],[9.49172,45.86536],[9.49224,45.86308],[9.49158,45.86251],[9.49075,45.86236],[9.48914,45.86336],[9.48866,45.86116],[9.48591,45.86136],[9.48629,45.86079],[9.48533,45.86],[9.48682,45.86014],[9.49172,45.85877],[9.4918,45.86],[9.4926,45.8602],[9.49345,45.85971],[9.49549,45.86174],[9.49596,45.86316],[9.49555,45.86418],[9.49968,45.86361],[9.50068,45.86399],[9.5032,45.86367],[9.50488,45.86408],[9.50522,45.86514],[9.50753,45.86535],[9.50848,45.8639],[9.51274,45.86373],[9.51328,45.86322],[9.5186,45.86218],[9.51924,45.86172],[9.51828,45.86069],[9.51893,45.85973],[9.5235,45.85989],[9.52494,45.85855],[9.52585,45.8569],[9.52891,45.85459],[9.52838,45.85263],[9.52695,45.85214],[9.52666,45.85094],[9.52565,45.84973],[9.52615,45.8486],[9.52471,45.8486],[9.52652,45.84798],[9.52366,45.84816],[9.52276,45.84898],[9.52349,45.84815],[9.52715,45.84679],[9.52243,45.84768],[9.52019,45.84956],[9.51988,45.84939],[9.5219,45.84723],[9.52565,45.84508],[9.52947,45.84585],[9.52578,45.84422],[9.52462,45.84491],[9.52353,45.8447],[9.52214,45.84537],[9.52514,45.84363],[9.52628,45.84415],[9.52976,45.84417],[9.53102,45.84505],[9.5309,45.84326],[9.52989,45.8422],[9.53038,45.84134],[9.52918,45.84112],[9.52825,45.84032],[9.52923,45.83862],[9.53242,45.838],[9.53917,45.83894],[9.5403,45.83992],[9.54156,45.83862],[9.54176,45.83947],[9.54391,45.83795],[9.54283,45.83611],[9.54142,45.83486],[9.54098,45.83265],[9.54204,45.83181],[9.54384,45.83169],[9.54379,45.83086],[9.54773,45.83183],[9.5483,45.83245],[9.54787,45.83279],[9.54946,45.83324],[9.55165,45.83282],[9.55303,45.83131],[9.55293,45.83068],[9.55617,45.83136],[9.55622,45.83246],[9.55695,45.83318],[9.56,45.83244],[9.56047,45.83156],[9.56318,45.82977],[9.5625,45.82809],[9.5638,45.82559],[9.56415,45.82681],[9.56559,45.82749],[9.5642,45.82659],[9.56445,45.82523],[9.56602,45.82396],[9.56616,45.82313],[9.56771,45.82324],[9.56952,45.82271],[9.56834,45.8214],[9.56864,45.82027],[9.57531,45.81623],[9.57319,45.81696],[9.57006,45.81715],[9.56902,45.81685],[9.56803,45.816],[9.57282,45.8156],[9.57381,45.8152],[9.57631,45.81304],[9.57852,45.81251],[9.57862,45.81132],[9.57759,45.80969],[9.57886,45.809],[9.58011,45.80763],[9.58083,45.80762],[9.58218,45.80665],[9.58334,45.80635],[9.5845,45.80517],[9.58731,45.80564],[9.58925,45.80712],[9.59129,45.80728],[9.59679,45.80463],[9.59649,45.80544],[9.59814,45.80462],[9.6005,45.80523],[9.59752,45.80679],[9.59818,45.80777],[9.60228,45.80996],[9.60218,45.81211],[9.60296,45.81302],[9.60384,45.81188],[9.60534,45.81153],[9.60385,45.81243],[9.6037,45.81389],[9.60413,45.81437],[9.60293,45.81513],[9.59918,45.81545],[9.59809,45.81669],[9.5977,45.81818],[9.59892,45.81858],[9.60041,45.81766],[9.60273,45.81723],[9.60358,45.81598],[9.60646,45.81513],[9.6069,45.81439],[9.60662,45.81367],[9.61194,45.80902],[9.61394,45.80308],[9.62198,45.7997],[9.62552,45.79464],[9.62598,45.78964],[9.62819,45.7877],[9.65587,45.7934],[9.66218,45.79232],[9.66786,45.7934],[9.66964,45.79621],[9.67091,45.8029],[9.67683,45.80625],[9.68226,45.80827],[9.69048,45.80863],[9.70222,45.81214],[9.70234,45.81434],[9.70588,45.81461],[9.70576,45.81672],[9.71359,45.82084],[9.71473,45.82261],[9.71925,45.82315],[9.7235,45.82126],[9.73404,45.82023],[9.73659,45.8183],[9.74012,45.8167],[9.74041,45.8158],[9.74246,45.81557],[9.74359,45.81416],[9.74604,45.81316],[9.74723,45.80818],[9.74693,45.8057],[9.74599,45.80461],[9.74366,45.8042],[9.74313,45.80381],[9.74416,45.80185],[9.74391,45.79866],[9.74637,45.79848],[9.74616,45.79956],[9.74589,45.7991],[9.7468,45.7993],[9.74714,45.80096],[9.74793,45.80051],[9.75028,45.80037],[9.75109,45.8021],[9.75435,45.80219],[9.75717,45.80122],[9.75833,45.80043],[9.75924,45.7992],[9.75898,45.79874],[9.75839,45.79847],[9.75426,45.79888],[9.75319,45.79747],[9.75226,45.79738],[9.74888,45.79567],[9.7515,45.79668],[9.75505,45.79734],[9.75199,45.79585],[9.75173,45.79482],[9.7498,45.79342],[9.74972,45.79222],[9.75202,45.79366],[9.75347,45.79563],[9.75651,45.7971],[9.7568,45.79691],[9.75552,45.79467],[9.75578,45.79238],[9.75478,45.79193],[9.75306,45.79199],[9.75411,45.79113],[9.75617,45.78736],[9.75784,45.78648],[9.76016,45.78767],[9.761,45.78885],[9.76823,45.79319],[9.77296,45.79158],[9.77383,45.79099],[9.77485,45.78925],[9.77754,45.7883],[9.77947,45.79002],[9.78094,45.79052],[9.78317,45.79021],[9.78458,45.79108],[9.78591,45.79057],[9.78676,45.79107],[9.78794,45.79499],[9.79083,45.7936],[9.79358,45.7933],[9.79193,45.79401],[9.79089,45.79546],[9.79154,45.7964],[9.79355,45.7962],[9.79154,45.79774],[9.792,45.79881],[9.79395,45.79985],[9.79733,45.80055],[9.79551,45.79858],[9.79933,45.79942],[9.80136,45.80029],[9.80184,45.80085],[9.79877,45.80211],[9.79887,45.80309],[9.80109,45.80423],[9.80256,45.80383],[9.80365,45.80407],[9.80353,45.80509],[9.80482,45.80562],[9.80754,45.80587],[9.81013,45.80545],[9.81204,45.80559],[9.81393,45.80514],[9.81624,45.80636],[9.81777,45.80637],[9.8201,45.80478],[9.82119,45.80463],[9.82327,45.80547],[9.82085,45.80364],[9.82167,45.80456],[9.82289,45.80499],[9.82457,45.8045],[9.8308,45.80778],[9.82823,45.80529],[9.82614,45.80234],[9.82482,45.80147],[9.82503,45.80117],[9.82868,45.804],[9.83101,45.80506],[9.83073,45.80476],[9.83234,45.80234],[9.83197,45.80133],[9.83245,45.8009],[9.83205,45.8003],[9.83048,45.80072],[9.83326,45.79937],[9.83353,45.79887],[9.83356,45.79931],[9.83331,45.79817],[9.83448,45.79658],[9.83416,45.79761],[9.83461,45.79552],[9.82965,45.79346],[9.82779,45.79205],[9.8292,45.78722],[9.82684,45.78597],[9.8233,45.78282],[9.82574,45.78103],[9.82626,45.77928],[9.82794,45.78012],[9.82837,45.78135],[9.83116,45.78257],[9.83559,45.78273],[9.84391,45.78064],[9.84822,45.77869],[9.85219,45.77775],[9.85632,45.77621],[9.85809,45.77608],[9.86508,45.77697],[9.86817,45.7758],[9.87719,45.77622],[9.88191,45.77556],[9.8858,45.77583],[9.89167,45.77481],[9.89386,45.7734],[9.89638,45.77091],[9.89941,45.7699],[9.90176,45.77024],[9.90898,45.77314],[9.90822,45.77217],[9.90873,45.77039],[9.9111,45.77148],[9.91401,45.77224],[9.91391,45.77126],[9.9166,45.77288],[9.91893,45.77248],[9.92103,45.77298],[9.92319,45.77421],[9.92357,45.77507],[9.92574,45.77574],[9.92736,45.77684],[9.92884,45.77867],[9.93033,45.78242],[9.93058,45.78505],[9.93233,45.7863],[9.93261,45.7789],[9.93192,45.77766],[9.93325,45.77836],[9.93259,45.77609],[9.93438,45.77681],[9.93542,45.77827],[9.93518,45.78054],[9.93892,45.78415],[9.94089,45.78542],[9.94436,45.78581],[9.94706,45.78806],[9.94762,45.78911],[9.95194,45.79105],[9.95478,45.79135],[9.95745,45.79214],[9.95921,45.79196],[9.96268,45.79061],[9.98898,45.79013],[9.99257,45.78873],[9.99865,45.788],[10.00267,45.79043],[10.00279,45.79131],[10.00592,45.79386],[10.00898,45.79454],[10.01358,45.79825],[10.01929,45.80026],[10.02136,45.8032],[10.02456,45.80569],[10.02791,45.80693],[10.03279,45.80752],[10.03755,45.80694],[10.04368,45.80531],[10.04693,45.80527],[10.04981,45.80636],[10.05713,45.81253],[10.07249,45.82218],[10.07638,45.82357],[10.07928,45.82416],[10.08557,45.82465],[10.08867,45.82587],[10.09029,45.82802],[10.09135,45.83196],[10.0949,45.83339],[10.0976,45.83866],[10.10085,45.84011],[10.10434,45.8398],[10.11441,45.83611],[10.11808,45.83606],[10.12598,45.83793],[10.13238,45.8413],[10.13816,45.84778],[10.15297,45.85963],[10.1558,45.86271],[10.16079,45.8703],[10.16219,45.87141],[10.16499,45.87223],[10.17567,45.87174],[10.17933,45.8728],[10.18696,45.87768],[10.19166,45.88205],[10.1964,45.88447],[10.19727,45.88526],[10.20077,45.89093],[10.2061,45.89528],[10.22331,45.9061],[10.24155,45.92374],[10.24432,45.92319],[10.24451,45.92049],[10.2476,45.91897],[10.25487,45.91949],[10.25896,45.92024],[10.26115,45.92139],[10.26171,45.92253],[10.26168,45.92438],[10.26266,45.92545],[10.26688,45.92723],[10.27089,45.93056],[10.27405,45.93248],[10.27652,45.93293],[10.27955,45.93225],[10.28107,45.93229],[10.28899,45.93422],[10.29174,45.938],[10.29519,45.93554],[10.29655,45.93617],[10.29679,45.9389],[10.30011,45.93177],[10.30316,45.93025],[10.30549,45.92981],[10.30882,45.92996],[10.30997,45.92955],[10.30985,45.92926],[10.30701,45.92919],[10.3063,45.92849],[10.30919,45.92785],[10.31182,45.92807],[10.31154,45.9255],[10.30968,45.92251],[10.30907,45.92007],[10.30928,45.9183],[10.31584,45.91489],[10.3191,45.91238],[10.32127,45.91251],[10.32104,45.91144],[10.3218,45.91013],[10.32425,45.91002],[10.32404,45.90861],[10.32859,45.90687],[10.32938,45.90497],[10.33044,45.90392],[10.33166,45.90462],[10.33445,45.90456],[10.34025,45.90221],[10.34114,45.90242],[10.34102,45.90217],[10.34563,45.90135],[10.34765,45.90168],[10.34957,45.90152],[10.35321,45.90267],[10.3571,45.90331],[10.35769,45.90402],[10.36046,45.90527],[10.35765,45.90513],[10.3572,45.90542],[10.35763,45.90598],[10.36552,45.90743],[10.36808,45.90736],[10.37027,45.90664],[10.3701,45.90787],[10.37375,45.90868],[10.37509,45.90853],[10.37529,45.90945],[10.37807,45.91103],[10.37805,45.91179],[10.37972,45.91334],[10.37529,45.91268],[10.3721,45.9131],[10.36478,45.9159],[10.37189,45.91415],[10.37481,45.91379],[10.37692,45.91404],[10.37873,45.91448],[10.38543,45.91933],[10.38992,45.9205],[10.39113,45.92116],[10.39252,45.9207],[10.39163,45.9211],[10.39275,45.921],[10.39328,45.92051],[10.39033,45.9184],[10.39332,45.91939],[10.39039,45.91739],[10.39109,45.91578],[10.39199,45.91639],[10.39607,45.91643],[10.39745,45.91468],[10.39731,45.91285],[10.40125,45.90952],[10.40364,45.90805],[10.40575,45.90771],[10.40842,45.9079],[10.4095,45.90753],[10.4086,45.90632],[10.40913,45.90577],[10.40873,45.9052],[10.40736,45.90487],[10.40646,45.90383],[10.40492,45.90382],[10.40509,45.90315],[10.40433,45.90272],[10.40472,45.90141],[10.40396,45.90084],[10.40489,45.90031],[10.40377,45.89918],[10.4023,45.89959],[10.40099,45.89881],[10.39863,45.89913],[10.39764,45.89806],[10.39373,45.89709],[10.39379,45.89674],[10.39625,45.89608],[10.39685,45.8929],[10.39566,45.89179],[10.39282,45.89129],[10.39404,45.8905],[10.39462,45.8893],[10.39292,45.8856],[10.39297,45.88301],[10.39058,45.88273],[10.3889,45.88346],[10.38985,45.88143],[10.38863,45.87833],[10.38957,45.87632],[10.38839,45.87558],[10.38827,45.87465],[10.38638,45.87357],[10.3889,45.87388],[10.38827,45.87336],[10.38635,45.8729],[10.38583,45.87193],[10.38447,45.87148],[10.38737,45.87135],[10.38373,45.87028],[10.38097,45.86862],[10.37977,45.86577],[10.37768,45.86429],[10.37738,45.8633],[10.37654,45.86259],[10.3763,45.85903],[10.37358,45.85479],[10.37193,45.85327],[10.37179,45.85219],[10.37284,45.8504],[10.3696,45.84844],[10.36813,45.84702],[10.36924,45.84556],[10.3687,45.84468],[10.36886,45.84377],[10.37164,45.84254],[10.36979,45.84189],[10.36885,45.84106],[10.36567,45.84189],[10.36635,45.84117],[10.36917,45.84001],[10.37107,45.84131],[10.37273,45.84162],[10.37403,45.84135],[10.37515,45.84048],[10.37476,45.83907],[10.37595,45.83827],[10.37607,45.8376],[10.37784,45.83649],[10.37971,45.83604],[10.38065,45.83427],[10.38303,45.83418],[10.38701,45.83587],[10.39405,45.8352],[10.3934,45.83474],[10.39744,45.8332],[10.40016,45.83148],[10.40101,45.82927],[10.39875,45.83088],[10.40013,45.82939],[10.39936,45.82666],[10.40099,45.82676],[10.40275,45.82585],[10.40569,45.82538],[10.40697,45.82378],[10.41,45.82273],[10.41201,45.82067],[10.41174,45.82029],[10.41276,45.81658],[10.41101,45.81373],[10.4077,45.81192],[10.40729,45.81115],[10.40776,45.80851],[10.4065,45.8068],[10.40761,45.80566],[10.40654,45.80592],[10.40607,45.80526],[10.40568,45.80291],[10.40757,45.8024],[10.40924,45.80387],[10.41043,45.80321],[10.41315,45.80266],[10.41225,45.80357],[10.41703,45.80103],[10.42184,45.79763],[10.42422,45.79799],[10.42676,45.79771],[10.42798,45.79812],[10.43115,45.79796],[10.43345,45.79678],[10.43555,45.79413],[10.43783,45.79358],[10.43819,45.79256],[10.43903,45.79195],[10.44175,45.79181],[10.44263,45.79109],[10.44484,45.79061],[10.45634,45.79076],[10.46141,45.78952],[10.46379,45.79014],[10.46398,45.79102],[10.46478,45.79169],[10.46673,45.79198],[10.46643,45.79165],[10.46905,45.7915],[10.46946,45.791],[10.47053,45.79087],[10.47089,45.79204],[10.47392,45.79256],[10.47604,45.79171],[10.47634,45.79063],[10.47349,45.79184],[10.47484,45.79063],[10.47315,45.79096],[10.47231,45.7893],[10.47508,45.78898],[10.47769,45.78831],[10.47857,45.78773],[10.47422,45.78747],[10.47825,45.78702],[10.47671,45.78686],[10.47862,45.78587],[10.48611,45.78454],[10.48808,45.7837],[10.48879,45.78234],[10.48503,45.78397],[10.48372,45.78361],[10.48499,45.7814],[10.48486,45.77942],[10.48154,45.77535],[10.47782,45.77593],[10.47647,45.77544],[10.47877,45.77522],[10.48089,45.77414],[10.48177,45.77312],[10.48458,45.77379],[10.48523,45.77194],[10.48701,45.77061],[10.49014,45.76915],[10.48892,45.7686],[10.48995,45.76835],[10.49314,45.76918],[10.49108,45.76782],[10.49581,45.7688],[10.49429,45.76856],[10.49255,45.76739],[10.49314,45.76777],[10.4921,45.76651],[10.49172,45.76466],[10.49044,45.76226],[10.48908,45.76159],[10.4832,45.75582],[10.48144,45.75487],[10.4783,45.74946],[10.47494,45.74644],[10.47341,45.74562],[10.46888,45.74089],[10.46624,45.7403],[10.46328,45.73905],[10.46225,45.73819],[10.46167,45.73637],[10.45783,45.73446],[10.45934,45.7333],[10.46178,45.73426],[10.46451,45.73619],[10.46604,45.73631],[10.46785,45.73549],[10.46928,45.73562],[10.46941,45.73439],[10.47487,45.73523],[10.478,45.73649],[10.48097,45.73712],[10.48327,45.73824],[10.48525,45.7405],[10.48905,45.7416],[10.49072,45.74333],[10.49094,45.7443],[10.49131,45.74343],[10.49091,45.74231],[10.49295,45.74483],[10.49228,45.74183],[10.49319,45.74322],[10.50026,45.74326],[10.50121,45.74378],[10.50265,45.74755],[10.50332,45.74825],[10.50472,45.74859],[10.50765,45.74853],[10.50864,45.74948],[10.51441,45.75072],[10.51348,45.75106],[10.517,45.75039],[10.51927,45.75062],[10.5225,45.74842],[10.52478,45.74803],[10.52336,45.74663],[10.5257,45.74765],[10.52753,45.7478],[10.52758,45.74756],[10.52599,45.74733],[10.52734,45.74708],[10.52967,45.74797],[10.52936,45.74712],[10.53079,45.74773],[10.53122,45.74731],[10.53026,45.74689],[10.53157,45.74699],[10.53062,45.74655],[10.53152,45.74644],[10.53283,45.74696],[10.53232,45.74611],[10.53482,45.74665],[10.53629,45.74625],[10.53698,45.74643],[10.53742,45.74741],[10.53741,45.74709],[10.5384,45.74796],[10.53864,45.74888],[10.53989,45.74922],[10.54163,45.75039],[10.54084,45.75289],[10.54359,45.75342],[10.54683,45.75304],[10.54868,45.75328],[10.54981,45.7537],[10.55027,45.7546],[10.55321,45.75221],[10.55468,45.75043],[10.55551,45.75022],[10.55849,45.75124],[10.55877,45.75244],[10.56197,45.7511],[10.564,45.75079],[10.56495,45.75098],[10.56524,45.7505],[10.56686,45.75027],[10.57077,45.75045],[10.57203,45.75092],[10.57295,45.75066],[10.57473,45.75091],[10.5752,45.75129],[10.57587,45.75096],[10.57668,45.75138],[10.57753,45.75308],[10.57823,45.75328],[10.57972,45.75232],[10.58005,45.75097],[10.58106,45.75078],[10.58217,45.75142],[10.58319,45.75066],[10.58208,45.75118],[10.58152,45.75062],[10.5793,45.75043],[10.58163,45.75029],[10.57925,45.75001],[10.57873,45.75059],[10.57872,45.75001],[10.58395,45.74957],[10.58691,45.74821],[10.58885,45.74789],[10.59074,45.74651],[10.59142,45.74485],[10.59606,45.74239],[10.59745,45.74016],[10.60095,45.73848],[10.60188,45.73862],[10.60435,45.73665],[10.60631,45.73581],[10.60633,45.73403],[10.6075,45.73123],[10.60888,45.72958],[10.60807,45.72805],[10.60998,45.72702],[10.61063,45.72501],[10.61261,45.72371],[10.61278,45.72256],[10.61195,45.72047],[10.61241,45.71915],[10.61167,45.71886],[10.61186,45.71777],[10.61123,45.71697],[10.61109,45.71469],[10.61042,45.71377],[10.61227,45.71276],[10.61291,45.71153],[10.61396,45.71142],[10.6154,45.70986],[10.61431,45.70878],[10.61377,45.70659],[10.61568,45.70648],[10.61688,45.70546],[10.61643,45.70446],[10.61544,45.705],[10.61355,45.70509],[10.6117,45.70324],[10.61132,45.70087],[10.61189,45.69945],[10.61143,45.69873],[10.6129,45.69693],[10.61176,45.69579],[10.6123,45.69497],[10.61086,45.69447],[10.61096,45.69115],[10.61041,45.68904],[10.61331,45.68634],[10.61517,45.6869],[10.61374,45.68519],[10.614,45.68447],[10.61484,45.68406],[10.62332,45.684],[10.62493,45.68325],[10.62513,45.68254],[10.62715,45.68169],[10.62986,45.68218],[10.63074,45.68389],[10.63369,45.68482],[10.63633,45.68476],[10.6372,45.68641],[10.64006,45.68745],[10.64059,45.68706],[10.64085,45.68763],[10.64433,45.68995],[10.6433,45.69073],[10.64214,45.69075],[10.64112,45.69001],[10.64015,45.68841],[10.63872,45.68826],[10.63892,45.68923],[10.63795,45.69058],[10.63636,45.69055],[10.63616,45.69088],[10.63398,45.68928],[10.63359,45.68853],[10.63288,45.68835],[10.63321,45.68884],[10.63263,45.69],[10.63413,45.69173],[10.63543,45.69265],[10.63758,45.6933],[10.63888,45.69448],[10.63848,45.69463],[10.63698,45.69384],[10.63471,45.69407],[10.63369,45.69542],[10.6333,45.69698],[10.63229,45.69725],[10.6306,45.69928],[10.6296,45.69985],[10.62835,45.70277],[10.63477,45.70473],[10.63597,45.70476],[10.6348,45.70631],[10.63799,45.71086],[10.6362,45.71452],[10.63742,45.71418],[10.63971,45.71496]]}},{"type":"Feature","properties":{"name":"TET_I-08_20260427","country":"IT","lengthKm":264.6},"geometry":{"type":"LineString","coordinates":[[10.63983,45.71491],[10.64047,45.71499],[10.64105,45.71664],[10.64335,45.71851],[10.64373,45.72042],[10.64629,45.72272],[10.64599,45.7236],[10.6479,45.72615],[10.64595,45.72817],[10.64736,45.72911],[10.64695,45.7328],[10.64785,45.73355],[10.64908,45.73593],[10.64925,45.73744],[10.64682,45.73619],[10.64676,45.73568],[10.64365,45.73344],[10.6417,45.73347],[10.64273,45.73402],[10.64056,45.73366],[10.64225,45.73445],[10.64296,45.73568],[10.64399,45.73593],[10.64431,45.73754],[10.64625,45.73962],[10.64622,45.74085],[10.64901,45.74226],[10.64912,45.74404],[10.6512,45.74465],[10.65221,45.74643],[10.65567,45.74735],[10.65487,45.74728],[10.65534,45.74827],[10.65438,45.74881],[10.65461,45.74995],[10.6541,45.75048],[10.65564,45.75117],[10.65607,45.75254],[10.65742,45.75263],[10.65794,45.75327],[10.65858,45.75321],[10.65893,45.75231],[10.65955,45.7522],[10.66112,45.75276],[10.66315,45.75415],[10.66511,45.75447],[10.66599,45.7551],[10.66556,45.75634],[10.66682,45.7566],[10.667,45.75724],[10.66981,45.75808],[10.67051,45.75868],[10.67157,45.75853],[10.67311,45.75979],[10.67393,45.75943],[10.67292,45.76005],[10.6739,45.7599],[10.67554,45.76123],[10.67659,45.7611],[10.67639,45.76237],[10.67826,45.76237],[10.67878,45.76312],[10.67976,45.76353],[10.68197,45.7634],[10.68255,45.76484],[10.68423,45.7652],[10.68541,45.76447],[10.68626,45.76507],[10.68729,45.7646],[10.68785,45.76544],[10.68901,45.76593],[10.69171,45.76531],[10.69184,45.76475],[10.69266,45.76479],[10.69388,45.76419],[10.69528,45.76252],[10.69631,45.76248],[10.69882,45.76125],[10.69995,45.76003],[10.69993,45.75919],[10.70234,45.75907],[10.70362,45.75808],[10.70536,45.75812],[10.70723,45.75615],[10.70856,45.75574],[10.70892,45.75344],[10.70719,45.75136],[10.70545,45.75093],[10.70708,45.75168],[10.70746,45.75282],[10.70678,45.75252],[10.70671,45.75203],[10.7062,45.7528],[10.70712,45.75368],[10.70371,45.75454],[10.70491,45.75366],[10.70234,45.75464],[10.70356,45.75374],[10.70128,45.75346],[10.69832,45.75121],[10.69901,45.74883],[10.69807,45.74937],[10.69862,45.7484],[10.69721,45.74812],[10.69689,45.74722],[10.69785,45.74495],[10.6998,45.74452],[10.70135,45.74499],[10.70139,45.7428],[10.70034,45.74171],[10.70064,45.74083],[10.7001,45.74008],[10.70071,45.73988],[10.7018,45.73827],[10.70358,45.73892],[10.70465,45.73874],[10.70667,45.73922],[10.70721,45.73997],[10.70832,45.74035],[10.70811,45.74141],[10.71103,45.74271],[10.71092,45.74317],[10.71163,45.74319],[10.71358,45.74214],[10.71585,45.74269],[10.71729,45.74252],[10.71779,45.74284],[10.71834,45.74222],[10.72012,45.74207],[10.72154,45.74136],[10.71961,45.74104],[10.7215,45.73896],[10.72467,45.73892],[10.72858,45.74012],[10.72912,45.74153],[10.7307,45.74239],[10.73203,45.74389],[10.7322,45.74522],[10.73055,45.75027],[10.7286,45.75246],[10.72914,45.75357],[10.72845,45.7548],[10.72624,45.75615],[10.72418,45.75823],[10.72038,45.75949],[10.72047,45.7613],[10.71952,45.76329],[10.71757,45.76456],[10.71748,45.76778],[10.71654,45.76956],[10.71407,45.76973],[10.71244,45.76932],[10.70997,45.76979],[10.71276,45.7699],[10.71255,45.77016],[10.7109,45.77014],[10.7124,45.77052],[10.71545,45.77297],[10.71495,45.77608],[10.71397,45.77726],[10.71536,45.77621],[10.71463,45.77726],[10.71547,45.77855],[10.71418,45.77975],[10.71362,45.78145],[10.71409,45.78057],[10.71525,45.78033],[10.7147,45.78072],[10.71461,45.7816],[10.71547,45.78321],[10.71721,45.78458],[10.71779,45.7805],[10.71918,45.7799],[10.71976,45.77996],[10.71849,45.78065],[10.71946,45.7811],[10.71897,45.78211],[10.72025,45.78299],[10.72023,45.7837],[10.72111,45.78372],[10.72128,45.78404],[10.72075,45.78265],[10.72115,45.78228],[10.72819,45.78278],[10.73115,45.78357],[10.73388,45.78499],[10.73508,45.78629],[10.73671,45.78685],[10.73727,45.78898],[10.73826,45.79003],[10.73911,45.79063],[10.74059,45.79041],[10.7415,45.79213],[10.74296,45.79269],[10.74574,45.79164],[10.74918,45.78964],[10.75092,45.78951],[10.75077,45.78926],[10.74874,45.78942],[10.75021,45.78891],[10.75402,45.78991],[10.75288,45.78773],[10.75607,45.78556],[10.76073,45.78424],[10.76601,45.7816],[10.76722,45.78134],[10.76779,45.78181],[10.7692,45.7817],[10.76974,45.78207],[10.76951,45.78295],[10.77047,45.78358],[10.77119,45.78538],[10.77218,45.78636],[10.77286,45.7864],[10.77358,45.79058],[10.77425,45.79006],[10.77388,45.79098],[10.77561,45.793],[10.77719,45.79309],[10.77788,45.79356],[10.77785,45.7949],[10.77929,45.79572],[10.77947,45.79632],[10.78087,45.79635],[10.78129,45.79926],[10.7803,45.80017],[10.78028,45.80095],[10.78123,45.80257],[10.78122,45.80344],[10.78362,45.80361],[10.78567,45.80633],[10.78745,45.80782],[10.78789,45.80772],[10.79003,45.80893],[10.7919,45.81108],[10.79224,45.8128],[10.79141,45.81492],[10.79188,45.81636],[10.79467,45.81758],[10.80029,45.82136],[10.80308,45.82172],[10.8078,45.82327],[10.80924,45.82417],[10.81304,45.82475],[10.81703,45.82756],[10.82029,45.82792],[10.82233,45.82945],[10.82314,45.83091],[10.82467,45.83204],[10.82531,45.83309],[10.82518,45.83627],[10.82606,45.8394],[10.82595,45.84178],[10.82711,45.84372],[10.83012,45.84614],[10.83226,45.85215],[10.834,45.85474],[10.83254,45.85899],[10.83258,45.86116],[10.83424,45.86861],[10.83621,45.87286],[10.83859,45.88358],[10.83791,45.88506],[10.83812,45.8873],[10.83638,45.88839],[10.83574,45.89009],[10.83608,45.89127],[10.83821,45.89397],[10.83842,45.89644],[10.83793,45.89927],[10.83932,45.89998],[10.84188,45.90223],[10.84488,45.90324],[10.84992,45.90631],[10.8523,45.90714],[10.85303,45.90699],[10.85679,45.91109],[10.85818,45.91202],[10.86252,45.91013],[10.86735,45.90712],[10.87134,45.90998],[10.8787,45.90903],[10.87981,45.90858],[10.8826,45.90927],[10.88361,45.90987],[10.88539,45.91227],[10.88848,45.91369],[10.89288,45.91309],[10.89561,45.91423],[10.90069,45.91058],[10.90286,45.91324],[10.90361,45.91302],[10.90359,45.91249],[10.90625,45.91156],[10.90914,45.91369],[10.91069,45.91322],[10.91144,45.91184],[10.91264,45.9132],[10.91271,45.91244],[10.91414,45.91347],[10.91438,45.91463],[10.91505,45.91362],[10.91517,45.91493],[10.9159,45.91343],[10.9158,45.91236],[10.91706,45.91137],[10.91715,45.91244],[10.91796,45.91212],[10.91856,45.91401],[10.91936,45.91204],[10.92005,45.9136],[10.91977,45.91478],[10.92283,45.91671],[10.92116,45.91448],[10.92253,45.91335],[10.92232,45.91146],[10.92305,45.91208],[10.92356,45.91472],[10.92395,45.9121],[10.9252,45.91126],[10.92532,45.91034],[10.92419,45.90976],[10.92202,45.90762],[10.91816,45.90242],[10.91949,45.90365],[10.92376,45.90618],[10.92938,45.90807],[10.92532,45.90575],[10.92356,45.90416],[10.92685,45.90575],[10.92438,45.9035],[10.92438,45.90272],[10.92253,45.90152],[10.92251,45.90079],[10.92369,45.90066],[10.92268,45.90086],[10.92288,45.90144],[10.92584,45.90236],[10.92577,45.90307],[10.92743,45.9044],[10.92972,45.90491],[10.92745,45.90399],[10.92835,45.90283],[10.92768,45.9024],[10.92884,45.9018],[10.92824,45.90107],[10.93127,45.90129],[10.93223,45.90045],[10.93157,45.90015],[10.93307,45.89942],[10.93249,45.9],[10.93328,45.90045],[10.93322,45.89996],[10.9341,45.8997],[10.93393,45.89869],[10.94019,45.89616],[10.94103,45.89612],[10.94222,45.89523],[10.94229,45.89433],[10.94039,45.89007],[10.9442,45.89135],[10.94796,45.892],[10.94828,45.89185],[10.94693,45.8904],[10.94709,45.88972],[10.95033,45.8915],[10.94947,45.89026],[10.94968,45.88969],[10.95223,45.89124],[10.95175,45.89173],[10.95298,45.89189],[10.95397,45.89264],[10.95442,45.89371],[10.95594,45.89459],[10.95608,45.8951],[10.95685,45.89529],[10.95797,45.89635],[10.9612,45.89773],[10.96198,45.8988],[10.96157,45.89916],[10.96223,45.89926],[10.96187,45.89958],[10.96212,45.90057],[10.96562,45.90134],[10.96723,45.90266],[10.96856,45.9026],[10.97146,45.90365],[10.97418,45.90575],[10.97519,45.90586],[10.97817,45.90753],[10.9789,45.9074],[10.97867,45.9068],[10.97935,45.90629],[10.97916,45.9056],[10.97757,45.90448],[10.97832,45.90281],[10.98023,45.90167],[10.98064,45.90036],[10.98292,45.89985],[10.98358,45.89781],[10.98208,45.89502],[10.97942,45.89204],[10.97843,45.88946],[10.97693,45.88783],[10.97624,45.88191],[10.97498,45.87777],[10.97416,45.87663],[10.97199,45.87489],[10.96951,45.87464],[10.9668,45.87507],[10.96618,45.87395],[10.96489,45.87296],[10.96403,45.87326],[10.96296,45.87251],[10.95901,45.87198],[10.9621,45.8709],[10.96133,45.87062],[10.96109,45.86981],[10.96152,45.86891],[10.95981,45.86899],[10.96026,45.86848],[10.95929,45.86779],[10.96114,45.86678],[10.96285,45.86766],[10.96539,45.86725],[10.96665,45.86665],[10.96491,45.86695],[10.96356,45.86676],[10.96253,45.8655],[10.95983,45.86522],[10.95397,45.86695],[10.95292,45.86603],[10.95094,45.86517],[10.95127,45.86457],[10.95079,45.86442],[10.94908,45.86535],[10.94886,45.86723],[10.94575,45.86678],[10.94571,45.86779],[10.94399,45.86805],[10.94215,45.86895],[10.94228,45.8679],[10.94307,45.86745],[10.9403,45.86773],[10.93959,45.86813],[10.9382,45.86764],[10.93719,45.86867],[10.93732,45.8668],[10.93436,45.86507],[10.93238,45.86515],[10.93054,45.86618],[10.92944,45.86595],[10.93341,45.8638],[10.93736,45.86489],[10.93794,45.86472],[10.93831,45.86344],[10.93758,45.86217],[10.93906,45.86097],[10.9394,45.85977],[10.9382,45.86028],[10.93751,45.8612],[10.9373,45.86054],[10.93618,45.86022],[10.93614,45.85979],[10.93768,45.85901],[10.93786,45.85824],[10.94071,45.85788],[10.94307,45.85659],[10.94017,45.85738],[10.93393,45.8573],[10.93176,45.85678],[10.93084,45.85691],[10.93228,45.85629],[10.93172,45.85496],[10.9365,45.85414],[10.94243,45.85556],[10.95208,45.85432],[10.95586,45.85459],[10.95824,45.85371],[10.96112,45.85108],[10.95839,45.85082],[10.95811,45.85032],[10.95899,45.84975],[10.95848,45.84908],[10.95697,45.84878],[10.95631,45.84794],[10.95348,45.84676],[10.95174,45.8464],[10.95451,45.84425],[10.95614,45.8447],[10.95627,45.84425],[10.95811,45.84372],[10.95685,45.84099],[10.95749,45.8399],[10.95706,45.83861],[10.958,45.83683],[10.95629,45.83678],[10.95837,45.83642],[10.96011,45.83348],[10.96187,45.83191],[10.96219,45.83056],[10.96352,45.82923],[10.96356,45.8276],[10.96283,45.82717],[10.96339,45.82674],[10.96324,45.82621],[10.96227,45.82571],[10.96105,45.82209],[10.95828,45.82037],[10.9541,45.81891],[10.95212,45.81771],[10.95067,45.81767],[10.94732,45.81606],[10.94648,45.81535],[10.9468,45.81468],[10.94607,45.81423],[10.94148,45.8129],[10.94086,45.8114],[10.942,45.81007],[10.94032,45.8082],[10.93839,45.8076],[10.93936,45.80634],[10.9379,45.80631],[10.93633,45.80743],[10.93539,45.80949],[10.93316,45.80971],[10.93382,45.809],[10.93438,45.80578],[10.93367,45.80636],[10.93408,45.80365],[10.93206,45.80237],[10.9315,45.80001],[10.92792,45.79591],[10.9259,45.79576],[10.92856,45.79883],[10.92693,45.80269],[10.92642,45.80265],[10.92633,45.80177],[10.92505,45.80039],[10.92024,45.79906],[10.91848,45.79797],[10.91633,45.79795],[10.91367,45.79913],[10.91384,45.79582],[10.9149,45.79453],[10.91496,45.7929],[10.91648,45.79067],[10.91814,45.78971],[10.91708,45.7899],[10.91771,45.78921],[10.9165,45.78866],[10.91507,45.78724],[10.91427,45.78537],[10.91513,45.78505],[10.91515,45.7837],[10.91221,45.78312],[10.91245,45.78209],[10.91333,45.78138],[10.90884,45.77859],[10.90814,45.7776],[10.90934,45.7773],[10.90715,45.77775],[10.90528,45.77941],[10.90241,45.77945],[10.90151,45.78022],[10.90196,45.77906],[10.90425,45.77778],[10.90249,45.77565],[10.90286,45.77497],[10.9047,45.77415],[10.90595,45.77591],[10.90708,45.77522],[10.90839,45.77533],[10.90605,45.77428],[10.90625,45.77329],[10.9052,45.77293],[10.90224,45.77361],[10.9047,45.77237],[10.90702,45.77248],[10.90445,45.77173],[10.90685,45.7705],[10.90711,45.76984],[10.90942,45.76913],[10.9109,45.76786],[10.91196,45.7658],[10.91363,45.76484],[10.91522,45.76319],[10.92219,45.7613],[10.92575,45.75758],[10.92159,45.75949],[10.92138,45.75994],[10.91938,45.76052],[10.91681,45.76035],[10.91865,45.76022],[10.92189,45.75784],[10.92247,45.75709],[10.91972,45.75834],[10.92174,45.75677],[10.9211,45.75731],[10.91899,45.75784],[10.92086,45.75668],[10.91856,45.75718],[10.91908,45.75664],[10.92247,45.75527],[10.91957,45.75552],[10.92155,45.75398],[10.92159,45.75351],[10.92099,45.75295],[10.92054,45.754],[10.91987,45.75383],[10.91938,45.75246],[10.91972,45.75117],[10.9179,45.75007],[10.91756,45.74945],[10.92054,45.75108],[10.91818,45.74812],[10.91563,45.74866],[10.91299,45.74857],[10.91432,45.74853],[10.917,45.74754],[10.91442,45.74771],[10.91601,45.74675],[10.91668,45.74542],[10.91824,45.74394],[10.92185,45.73804],[10.92663,45.73493],[10.92813,45.73306],[10.93155,45.73233],[10.93146,45.73093],[10.93279,45.72909],[10.9311,45.72795],[10.9321,45.72548],[10.92927,45.72179],[10.9276,45.71413],[10.92646,45.71119],[10.92393,45.70697],[10.92035,45.70297],[10.91726,45.6984],[10.91563,45.69664],[10.90769,45.69255],[10.90123,45.6904],[10.90101,45.68675],[10.9005,45.68566],[10.89563,45.68295],[10.89455,45.68184],[10.89423,45.68008],[10.89254,45.67813],[10.89284,45.67362],[10.8961,45.66491],[10.89599,45.6618],[10.89438,45.6586],[10.89412,45.65671],[10.89788,45.65633],[10.89837,45.65515],[10.90129,45.65439],[10.90324,45.65952],[10.90558,45.6589],[10.90805,45.65907],[10.90657,45.65824],[10.90599,45.65669],[10.90771,45.65386],[10.90747,45.65519],[10.90794,45.65635],[10.90972,45.65772],[10.90899,45.65517],[10.90921,45.65431],[10.91007,45.65373],[10.91033,45.65231],[10.91063,45.65467],[10.9123,45.6559],[10.91399,45.65573],[10.91219,45.6554],[10.91191,45.65431],[10.91213,45.65259],[10.91307,45.65148],[10.91284,45.65328],[10.9138,45.65427],[10.91666,45.65244],[10.92015,45.65319],[10.9176,45.65233],[10.91668,45.65163],[10.91487,45.64815],[10.91799,45.65115],[10.92129,45.65188],[10.91809,45.6504],[10.91631,45.64742],[10.91644,45.64669],[10.91646,45.64729],[10.91919,45.64955],[10.92159,45.65023],[10.92419,45.65008],[10.92899,45.65145],[10.92994,45.65036],[10.93305,45.64873],[10.93558,45.64643],[10.93601,45.64553],[10.93625,45.64633],[10.93755,45.6465],[10.94101,45.64427],[10.9464,45.64521],[10.94888,45.6444],[10.9521,45.64497],[10.95268,45.64528],[10.9538,45.64761],[10.95348,45.64914],[10.95416,45.64905],[10.95476,45.64946],[10.95371,45.64985],[10.95358,45.65042],[10.95436,45.65077],[10.95468,45.6518],[10.95635,45.65354],[10.95886,45.65555],[10.95906,45.65682],[10.95807,45.65618],[10.95845,45.6583],[10.95981,45.65821],[10.96019,45.65916],[10.96202,45.66019],[10.96418,45.66004],[10.96442,45.65875],[10.96575,45.65937],[10.96654,45.65841],[10.96813,45.66206],[10.96927,45.66315],[10.97039,45.66351],[10.97371,45.66017],[10.97491,45.65969],[10.97534,45.66057],[10.97603,45.66051],[10.97594,45.66188],[10.97556,45.66182],[10.97584,45.6624],[10.97736,45.66317],[10.97779,45.66444],[10.97912,45.66442],[10.97798,45.66514],[10.97843,45.66602],[10.97768,45.66712],[10.9777,45.67029],[10.97551,45.67137],[10.97523,45.67362],[10.97566,45.67437],[10.97721,45.67474],[10.97723,45.67647],[10.97869,45.67731],[10.97749,45.67793],[10.97725,45.6789],[10.97663,45.67933],[10.97948,45.67972],[10.98021,45.68021],[10.98032,45.68177],[10.9788,45.68225],[10.97935,45.68371],[10.98206,45.68351],[10.98294,45.68675],[10.98498,45.68819],[10.98575,45.68815],[10.98837,45.68673],[10.98886,45.68508],[10.99156,45.6857],[10.99199,45.6869],[10.99277,45.6866],[10.99189,45.6874],[10.99137,45.68733],[10.99208,45.68783],[10.9918,45.6883],[10.99287,45.68907],[10.99212,45.6898],[10.9965,45.69231],[10.99704,45.69126],[10.99828,45.691],[10.99811,45.68965],[10.99895,45.68841],[10.99983,45.68841],[11.00113,45.68952],[11.00043,45.69113],[11.00081,45.69182],[11.00171,45.69203],[11.00294,45.69171],[11.00283,45.69295],[11.00463,45.69325],[11.00547,45.69469],[11.00804,45.6969],[11.00809,45.69851],[11.00991,45.70184],[11.00882,45.70345],[11.00963,45.70304],[11.0112,45.70328],[11.01306,45.70291],[11.01163,45.70469],[11.01276,45.7069],[11.01367,45.70727],[11.0148,45.7066],[11.01555,45.70675],[11.01615,45.70611],[11.01746,45.70641],[11.01989,45.70478],[11.02238,45.70523],[11.02446,45.70443],[11.02577,45.70285],[11.028,45.70317],[11.02896,45.70216],[11.02969,45.70315],[11.02933,45.70482],[11.03002,45.70525],[11.03274,45.70452],[11.03529,45.70242],[11.03705,45.70413],[11.03695,45.70641],[11.03834,45.70613],[11.03937,45.70534],[11.0412,45.70527],[11.0418,45.70428],[11.04143,45.70377],[11.04195,45.70345],[11.04622,45.70503],[11.04834,45.70433],[11.04847,45.70365],[11.04948,45.70282],[11.05276,45.70422],[11.05298,45.70353],[11.05536,45.70304],[11.05564,45.70235],[11.05688,45.70179],[11.05722,45.70098],[11.05598,45.69976],[11.05686,45.69881],[11.05677,45.69808],[11.05836,45.69546],[11.05752,45.69544],[11.05682,45.69452],[11.05577,45.69484],[11.05499,45.69362],[11.05398,45.69332],[11.05285,45.69349],[11.05534,45.69222],[11.05628,45.69306],[11.0569,45.6924],[11.05774,45.69274],[11.05767,45.69235],[11.05774,45.69274],[11.0569,45.6924],[11.05628,45.69306],[11.05534,45.69222],[11.0525,45.69343],[11.05237,45.69274],[11.05139,45.69248],[11.05154,45.6913],[11.05019,45.6892],[11.05165,45.69006],[11.05235,45.68997],[11.05267,45.68854],[11.05555,45.6871],[11.056,45.6863],[11.05703,45.68613],[11.05813,45.68643],[11.05813,45.68527],[11.05933,45.68409],[11.06229,45.6839],[11.06437,45.68244],[11.06963,45.68032],[11.0692,45.68141],[11.07285,45.68171],[11.07703,45.68729],[11.07851,45.68757],[11.0804,45.68581],[11.08237,45.68587],[11.08364,45.68529],[11.08475,45.68381],[11.08763,45.68199],[11.08952,45.67879],[11.08924,45.67564],[11.08812,45.67304],[11.08718,45.67242],[11.08574,45.66944],[11.08503,45.6613],[11.08814,45.65776],[11.09261,45.65806],[11.0919,45.65579],[11.09351,45.65512],[11.09424,45.65373],[11.0943,45.6513],[11.09493,45.65047],[11.09488,45.64684],[11.09166,45.64485],[11.09055,45.6415],[11.0899,45.64058],[11.08887,45.64036],[11.08881,45.63944],[11.08675,45.63955],[11.08527,45.63864],[11.08488,45.63789],[11.08636,45.63725],[11.08471,45.63586],[11.08555,45.63506],[11.08666,45.63472],[11.0886,45.63487],[11.08932,45.63459],[11.08754,45.62995],[11.08821,45.62693],[11.0889,45.62633],[11.0895,45.62427],[11.08915,45.62135],[11.08834,45.61985],[11.08922,45.61888],[11.09025,45.61903],[11.09411,45.61691],[11.09452,45.6124],[11.09405,45.61165],[11.09495,45.61105],[11.09488,45.60944],[11.09576,45.60828],[11.09544,45.6073],[11.09602,45.60661],[11.09744,45.60751],[11.10025,45.60798],[11.10224,45.60882],[11.10351,45.60869],[11.10621,45.60968],[11.10548,45.60905],[11.10739,45.60893],[11.10801,45.61013],[11.10718,45.6115],[11.1081,45.61446],[11.11061,45.61676],[11.11171,45.61573],[11.11248,45.61659],[11.11293,45.61652],[11.11668,45.61197],[11.11688,45.61036],[11.11767,45.60955],[11.11896,45.60933],[11.1178,45.60929],[11.11909,45.6091],[11.12012,45.61008],[11.12151,45.6103],[11.12359,45.61223],[11.12439,45.61221],[11.12512,45.6127],[11.12643,45.61262],[11.12692,45.61345],[11.12859,45.61281],[11.13067,45.61382],[11.13301,45.61369],[11.13331,45.61463],[11.13226,45.61575],[11.13351,45.61719],[11.1323,45.61882],[11.13022,45.62382],[11.13057,45.62648],[11.13117,45.6271],[11.13263,45.62335],[11.1366,45.61944],[11.13836,45.61444],[11.13812,45.61221],[11.14089,45.60863],[11.14029,45.6076],[11.14239,45.60528],[11.14462,45.60122],[11.14825,45.5977],[11.14934,45.59584],[11.15041,45.5953],[11.15129,45.59369],[11.15213,45.59361],[11.15256,45.59594],[11.15501,45.59796],[11.1581,45.59897],[11.16155,45.60193],[11.16516,45.60279],[11.16256,45.60266],[11.16533,45.60326],[11.16335,45.60309],[11.16737,45.60487],[11.1658,45.60691],[11.16711,45.60839],[11.16979,45.60616],[11.1735,45.60622],[11.1723,45.60663],[11.17417,45.60654],[11.17616,45.60738],[11.17694,45.60828],[11.17571,45.60805],[11.17563,45.60873],[11.17717,45.60897],[11.17803,45.60976],[11.1785,45.6092],[11.17947,45.60935],[11.18007,45.60884],[11.18005,45.60809],[11.1823,45.60719],[11.1829,45.60764],[11.18406,45.60777],[11.18443,45.6085],[11.18543,45.60839],[11.18599,45.6073],[11.18833,45.60785],[11.18863,45.60704],[11.19299,45.60393],[11.19391,45.60277],[11.19709,45.60118],[11.19794,45.59809],[11.20026,45.59702],[11.2017,45.5977],[11.20333,45.59738],[11.20419,45.59676],[11.20445,45.59543],[11.20537,45.59551],[11.20872,45.59399],[11.21131,45.59356],[11.21475,45.59371],[11.21466,45.59487],[11.21535,45.5965],[11.21468,45.59736],[11.21515,45.5983],[11.21496,45.59981],[11.21571,45.60077],[11.21238,45.6023],[11.21535,45.6024],[11.21659,45.60159],[11.21715,45.60161],[11.21807,45.60268],[11.21908,45.60287],[11.21947,45.60388],[11.22238,45.60592],[11.22547,45.60642],[11.22893,45.60785],[11.22856,45.60867],[11.22638,45.60951],[11.22818,45.60972],[11.22979,45.60942],[11.23095,45.60873],[11.23088,45.60764],[11.23183,45.60882],[11.23073,45.61011],[11.23337,45.60912],[11.23292,45.60764],[11.23077,45.60586],[11.23067,45.60521],[11.23133,45.60616],[11.23483,45.60738],[11.23584,45.60908],[11.23721,45.60998],[11.23775,45.61062],[11.23477,45.61206],[11.23577,45.61178],[11.23691,45.61332],[11.23813,45.61287],[11.23968,45.61335],[11.23783,45.6135],[11.23743,45.61427],[11.23994,45.61562],[11.23951,45.61476],[11.24406,45.61365],[11.2429,45.61208],[11.24494,45.61129],[11.24537,45.60901],[11.24863,45.60991],[11.24796,45.61054],[11.24796,45.61139],[11.24667,45.61032],[11.24648,45.6106],[11.24691,45.61197],[11.24839,45.61378],[11.25058,45.6147],[11.24951,45.61453],[11.24919,45.61486],[11.25079,45.61712],[11.24895,45.62],[11.25079,45.62247],[11.24864,45.62335],[11.24517,45.62352],[11.24401,45.62463],[11.24395,45.6255],[11.24308,45.6255],[11.24227,45.62619],[11.24226,45.62711],[11.23923,45.62896],[11.23816,45.63074],[11.23955,45.63253],[11.23835,45.63427],[11.23953,45.63482],[11.23794,45.63598],[11.23777,45.63733],[11.23877,45.6398],[11.24095,45.64023],[11.2406,45.64348],[11.2428,45.64503],[11.24368,45.64526],[11.24452,45.64488],[11.24601,45.6432],[11.24548,45.64252],[11.24593,45.6411],[11.24803,45.63766],[11.24871,45.63787],[11.25041,45.63661],[11.25079,45.63925],[11.25217,45.63802],[11.25277,45.63798],[11.25558,45.6397],[11.25534,45.6418],[11.25644,45.64216],[11.25652,45.64253],[11.25427,45.64197],[11.25382,45.64219],[11.25373,45.64306],[11.25496,45.64405],[11.25489,45.6445],[11.25612,45.64455],[11.25704,45.64536],[11.25966,45.64603],[11.26039,45.64776],[11.2623,45.64897],[11.2665,45.64871],[11.26848,45.64798],[11.26948,45.6513],[11.26858,45.65257],[11.26996,45.65345],[11.27047,45.65266],[11.27187,45.6524],[11.27285,45.65379],[11.27545,45.65506],[11.27513,45.65564],[11.27442,45.6553],[11.2736,45.65594],[11.27236,45.65813],[11.27283,45.65888],[11.27968,45.66006],[11.2806,45.66107],[11.2797,45.66163],[11.2789,45.66148],[11.27875,45.66259],[11.27815,45.6631],[11.27785,45.66446],[11.27923,45.66624],[11.27749,45.66654],[11.27815,45.66776],[11.27697,45.66888],[11.2774,45.67047],[11.27639,45.67218],[11.27448,45.67261],[11.27262,45.67435],[11.2712,45.67478],[11.27066,45.6792],[11.26923,45.68476],[11.26433,45.68729],[11.26165,45.6898],[11.26034,45.6904],[11.25916,45.69201],[11.25693,45.693],[11.25642,45.69409],[11.25341,45.69529],[11.25279,45.69641],[11.25103,45.69761],[11.2485,45.70051],[11.24373,45.70302],[11.24258,45.70328],[11.23953,45.70596],[11.23556,45.70664],[11.23161,45.70664],[11.2258,45.70508],[11.22496,45.70542],[11.22616,45.70615],[11.22871,45.70613],[11.2265,45.70652],[11.22622,45.70694],[11.22569,45.70649],[11.22489,45.70649],[11.22485,45.70729],[11.22427,45.70722],[11.22485,45.70763],[11.22526,45.70671],[11.2268,45.70778],[11.22698,45.70703],[11.2271,45.70789],[11.22556,45.70759],[11.22487,45.7084],[11.22399,45.7083],[11.22391,45.70913],[11.22324,45.70943],[11.2241,45.70928],[11.22438,45.70877],[11.22442,45.70941],[11.22367,45.7098],[11.2244,45.71115],[11.22421,45.71214],[11.22318,45.7134],[11.22341,45.71454],[11.22369,45.71345],[11.22434,45.71499],[11.22316,45.71585],[11.22292,45.71731],[11.22037,45.72051],[11.22131,45.72042],[11.22118,45.72158],[11.22256,45.72145],[11.2235,45.72203],[11.22382,45.72362],[11.22298,45.72441],[11.22468,45.726],[11.22558,45.72422],[11.22811,45.72641],[11.22901,45.72596],[11.22938,45.72615],[11.2271,45.72441],[11.22691,45.72257],[11.22818,45.72199],[11.22818,45.72246],[11.22927,45.72188],[11.22865,45.7228],[11.22923,45.72246],[11.23041,45.72248],[11.23071,45.72149],[11.2324,45.72042],[11.23369,45.72014],[11.2341,45.71903],[11.235,45.71877],[11.23631,45.71722],[11.23648,45.71609],[11.23775,45.71561],[11.23976,45.71347],[11.23888,45.71267],[11.23891,45.71094],[11.24,45.71057],[11.24133,45.71113],[11.24264,45.71044],[11.24423,45.71087],[11.24534,45.71059],[11.24702,45.71229],[11.24813,45.71229],[11.25161,45.7116],[11.25305,45.71016],[11.25614,45.70836],[11.25785,45.70939],[11.25856,45.7092],[11.25929,45.70815],[11.25936,45.70875],[11.26032,45.70873],[11.26268,45.70542],[11.26328,45.70544],[11.26493,45.70444],[11.26508,45.70317],[11.26637,45.70175],[11.26614,45.70117],[11.26809,45.70031],[11.27015,45.70072],[11.27191,45.70201],[11.27341,45.70205],[11.27768,45.70338],[11.27899,45.703],[11.28112,45.70339],[11.28206,45.70302],[11.28324,45.70134],[11.28343,45.70004],[11.28491,45.70004],[11.28659,45.69943],[11.28435,45.69958],[11.28341,45.69877],[11.28403,45.69836],[11.28354,45.69752],[11.28478,45.69774],[11.28562,45.69671],[11.28461,45.69534],[11.28429,45.69392],[11.28598,45.69401],[11.28633,45.69368],[11.28616,45.69283],[11.28521,45.69169],[11.28442,45.69152],[11.28287,45.68933],[11.28208,45.68905],[11.27738,45.68493],[11.27714,45.68145],[11.27892,45.6801],[11.28214,45.68276],[11.28354,45.68332],[11.28787,45.68388],[11.28963,45.68486],[11.29242,45.68729],[11.29654,45.68733],[11.2959,45.68583],[11.29622,45.68514],[11.29847,45.68431],[11.29944,45.68489],[11.30113,45.68413],[11.30212,45.68467],[11.30216,45.68343],[11.30313,45.68274],[11.30519,45.68398],[11.30712,45.68416],[11.3086,45.68381],[11.30918,45.68407],[11.3068,45.68523],[11.30579,45.68701],[11.30759,45.68714],[11.30852,45.68763],[11.30836,45.68963],[11.30929,45.69096],[11.30963,45.69347],[11.30922,45.69403],[11.3083,45.69418],[11.30643,45.6933],[11.30491,45.69317],[11.30467,45.6927],[11.30347,45.69257],[11.30064,45.69377],[11.29856,45.69306],[11.29555,45.69379],[11.29467,45.69362],[11.29384,45.6928],[11.29171,45.6931],[11.29096,45.6927],[11.28935,45.69278],[11.28635,45.69463],[11.28504,45.69467],[11.28622,45.69667],[11.28575,45.69765],[11.28723,45.69896],[11.28554,45.69992],[11.28343,45.70004],[11.28325,45.70138],[11.28177,45.70316],[11.28111,45.7034],[11.27881,45.703],[11.27793,45.70337],[11.27889,45.70324],[11.27948,45.70365],[11.28184,45.7038],[11.28014,45.70437],[11.28104,45.70439],[11.27989,45.70551],[11.28117,45.70619],[11.27919,45.70598],[11.27852,45.70701],[11.27899,45.70764],[11.27995,45.70755],[11.28028,45.70703],[11.28193,45.70726],[11.28352,45.70632],[11.28412,45.70746],[11.28455,45.70966],[11.28377,45.71218],[11.28487,45.71349],[11.28395,45.71435],[11.2842,45.71508],[11.28375,45.71589],[11.28483,45.71617],[11.28294,45.71675],[11.28579,45.71703],[11.28339,45.71776],[11.28114,45.71735],[11.28302,45.71853],[11.28721,45.71853],[11.28817,45.71875],[11.28789,45.71922],[11.29043,45.71933]]}},{"type":"Feature","properties":{"name":"TET_I-09_20260427","country":"IT","lengthKm":407.7},"geometry":{"type":"LineString","coordinates":[[11.29035,45.71938],[11.289,45.72045],[11.28627,45.72172],[11.2835,45.72234],[11.28172,45.72318],[11.28012,45.72568],[11.27989,45.72712],[11.27774,45.73001],[11.27415,45.73251],[11.27237,45.73329],[11.27085,45.73472],[11.27285,45.7341],[11.27267,45.7361],[11.27325,45.73746],[11.27256,45.73781],[11.27311,45.73774],[11.27384,45.739],[11.27514,45.73964],[11.27576,45.74323],[11.27417,45.74229],[11.27377,45.74354],[11.27445,45.7439],[11.27359,45.74551],[11.27439,45.74729],[11.27311,45.74932],[11.27189,45.75013],[11.27266,45.75117],[11.27242,45.75023],[11.27448,45.74901],[11.27587,45.74749],[11.2766,45.75009],[11.27776,45.75086],[11.28094,45.75122],[11.28347,45.74986],[11.28392,45.75022],[11.28513,45.74986],[11.2858,45.74995],[11.28623,45.75056],[11.28751,45.75049],[11.28776,45.75131],[11.28894,45.75143],[11.28959,45.74912],[11.29184,45.74867],[11.29386,45.74737],[11.29428,45.74778],[11.29603,45.74764],[11.2961,45.74666],[11.29772,45.74606],[11.29634,45.74812],[11.29559,45.74835],[11.29549,45.74884],[11.29427,45.74907],[11.29112,45.75371],[11.28856,45.75573],[11.28952,45.75644],[11.28961,45.757],[11.28289,45.75629],[11.28083,45.75686],[11.27678,45.76049],[11.27647,45.76128],[11.27696,45.76293],[11.27455,45.76378],[11.2745,45.76433],[11.27556,45.76549],[11.2713,45.76816],[11.26671,45.76779],[11.26406,45.76925],[11.25751,45.76905],[11.25576,45.76656],[11.2543,45.76599],[11.25219,45.76646],[11.25109,45.76632],[11.25035,45.767],[11.24981,45.76653],[11.24913,45.76657],[11.2488,45.76739],[11.24785,45.76776],[11.24755,45.76886],[11.24692,45.76892],[11.24618,45.76972],[11.24363,45.7694],[11.24175,45.7701],[11.24065,45.77131],[11.23996,45.77362],[11.23889,45.77444],[11.23883,45.77564],[11.23767,45.77685],[11.23766,45.77764],[11.23687,45.77781],[11.23742,45.77878],[11.23706,45.77951],[11.23554,45.78118],[11.2369,45.78322],[11.23762,45.78333],[11.23832,45.78419],[11.238,45.78628],[11.23562,45.7877],[11.23735,45.7871],[11.23954,45.78737],[11.24091,45.78565],[11.24214,45.78491],[11.24113,45.78754],[11.24045,45.78806],[11.23743,45.78839],[11.23601,45.78901],[11.2378,45.78872],[11.24274,45.78977],[11.24286,45.78832],[11.2471,45.78532],[11.24711,45.78419],[11.24811,45.78605],[11.24738,45.78633],[11.24633,45.78902],[11.24541,45.78965],[11.24588,45.79027],[11.24609,45.78953],[11.24887,45.78963],[11.24888,45.78837],[11.25039,45.78946],[11.25499,45.78886],[11.2573,45.78924],[11.2579,45.78991],[11.26157,45.79046],[11.26578,45.7924],[11.267,45.79223],[11.26821,45.79263],[11.26888,45.79332],[11.27107,45.7942],[11.27305,45.79645],[11.27435,45.79724],[11.27556,45.79715],[11.27965,45.79578],[11.28472,45.79677],[11.2864,45.79772],[11.2881,45.79801],[11.29016,45.79975],[11.29134,45.80156],[11.29275,45.802],[11.29376,45.80319],[11.30006,45.80731],[11.30132,45.80898],[11.30231,45.81152],[11.30496,45.81376],[11.30983,45.81673],[11.3148,45.81625],[11.31787,45.81454],[11.31949,45.81211],[11.32155,45.81138],[11.32231,45.81056],[11.32291,45.80743],[11.32373,45.80664],[11.32822,45.8076],[11.32975,45.80768],[11.33134,45.80728],[11.33485,45.80859],[11.33504,45.80934],[11.33656,45.80837],[11.3376,45.80706],[11.33768,45.80576],[11.34205,45.80457],[11.34617,45.80604],[11.34962,45.80605],[11.35451,45.80713],[11.35216,45.8059],[11.35036,45.80353],[11.3544,45.80157],[11.3538,45.80059],[11.35531,45.80053],[11.35761,45.7995],[11.35843,45.79765],[11.35949,45.79685],[11.35841,45.79506],[11.35677,45.79553],[11.35429,45.7954],[11.35273,45.79595],[11.3507,45.79388],[11.34935,45.79375],[11.35019,45.79285],[11.34942,45.79208],[11.35029,45.79129],[11.35373,45.79122],[11.35679,45.7899],[11.35887,45.79038],[11.36126,45.78946],[11.36452,45.78973],[11.36522,45.78908],[11.365,45.78796],[11.36695,45.78604],[11.36791,45.78414],[11.36963,45.7835],[11.36832,45.77997],[11.36836,45.77783],[11.36881,45.77742],[11.37015,45.77687],[11.3723,45.77715],[11.37313,45.77569],[11.37605,45.77446],[11.37878,45.77445],[11.37936,45.77594],[11.38351,45.77683],[11.38478,45.77636],[11.38749,45.7763],[11.38878,45.77687],[11.39365,45.77567],[11.39593,45.77554],[11.39971,45.77631],[11.40082,45.77577],[11.40636,45.77508],[11.41174,45.77372],[11.41414,45.77285],[11.4175,45.77068],[11.41969,45.77225],[11.42153,45.77203],[11.42344,45.77049],[11.42542,45.76995],[11.43065,45.76715],[11.432,45.76449],[11.43467,45.76346],[11.43843,45.7612],[11.4381,45.75743],[11.4569,45.76773],[11.45721,45.76753],[11.45608,45.76768],[11.45716,45.76991],[11.45897,45.76874],[11.46078,45.76972],[11.4607,45.77036],[11.46257,45.7702],[11.46314,45.77055],[11.46412,45.7681],[11.46455,45.76886],[11.46606,45.76899],[11.46719,45.7682],[11.47361,45.76591],[11.48352,45.76554],[11.48489,45.76585],[11.48723,45.76561],[11.50163,45.76595],[11.50697,45.7649],[11.5106,45.76314],[11.51213,45.76568],[11.51622,45.7706],[11.52172,45.77083],[11.5182,45.77136],[11.52312,45.77217],[11.5269,45.77441],[11.52837,45.77404],[11.53213,45.7751],[11.52718,45.77518],[11.52637,45.77634],[11.52585,45.77894],[11.52401,45.7756],[11.52261,45.77504],[11.51901,45.77545],[11.5187,45.77629],[11.5193,45.77587],[11.52139,45.77595],[11.51995,45.77642],[11.51903,45.7777],[11.51691,45.77904],[11.51639,45.78142],[11.51351,45.78047],[11.51279,45.78042],[11.51214,45.78085],[11.51786,45.78296],[11.51901,45.78152],[11.51882,45.78108],[11.52036,45.78032],[11.52151,45.78083],[11.52213,45.78214],[11.52085,45.78205],[11.51859,45.78505],[11.51181,45.78422],[11.51057,45.78484],[11.50819,45.78504],[11.50782,45.7861],[11.50714,45.78623],[11.50809,45.78622],[11.50889,45.78568],[11.51432,45.7862],[11.51882,45.78794],[11.52239,45.78751],[11.51933,45.78855],[11.51492,45.78825],[11.5125,45.78847],[11.51474,45.78866],[11.5194,45.78991],[11.52012,45.79065],[11.51887,45.79006],[11.51373,45.78995],[11.51138,45.79127],[11.50705,45.79196],[11.50623,45.79245],[11.50552,45.79371],[11.50637,45.79596],[11.50902,45.79832],[11.50784,45.79881],[11.50558,45.79873],[11.51281,45.80026],[11.51767,45.80025],[11.51913,45.79969],[11.51749,45.80064],[11.51465,45.8008],[11.51177,45.80146],[11.51024,45.8028],[11.50727,45.8013],[11.50511,45.80116],[11.50325,45.80277],[11.50175,45.80258],[11.50073,45.80155],[11.50034,45.79967],[11.4992,45.79809],[11.4971,45.79812],[11.49504,45.79886],[11.49341,45.79897],[11.49278,45.79739],[11.49345,45.79474],[11.49137,45.79337],[11.49086,45.79235],[11.48946,45.7918],[11.48724,45.79006],[11.48609,45.79024],[11.4842,45.78949],[11.47937,45.79045],[11.47896,45.79177],[11.47831,45.79216],[11.47535,45.79172],[11.47328,45.79207],[11.47222,45.79386],[11.47259,45.79585],[11.47215,45.79645],[11.46423,45.79844],[11.46285,45.8001],[11.46342,45.80033],[11.46185,45.80092],[11.45812,45.80042],[11.4553,45.80183],[11.45138,45.80275],[11.45456,45.80752],[11.45468,45.80834],[11.45523,45.80864],[11.46096,45.80922],[11.46399,45.81038],[11.46696,45.81076],[11.46705,45.81189],[11.46852,45.81191],[11.46844,45.81299],[11.47046,45.81534],[11.47051,45.818],[11.47152,45.81852],[11.4717,45.82001],[11.47421,45.82074],[11.4752,45.82354],[11.47733,45.82439],[11.47756,45.82589],[11.47855,45.82659],[11.47739,45.82701],[11.47941,45.82851],[11.47874,45.82949],[11.47898,45.83119],[11.48109,45.8325],[11.4823,45.83448],[11.47899,45.84237],[11.47945,45.84336],[11.47913,45.84457],[11.47745,45.84544],[11.47572,45.84575],[11.47464,45.84731],[11.47453,45.84832],[11.47301,45.84908],[11.47278,45.85003],[11.47331,45.85183],[11.47551,45.85266],[11.47653,45.85357],[11.47296,45.85518],[11.47148,45.85629],[11.47232,45.85878],[11.47231,45.86286],[11.4796,45.86966],[11.47664,45.87094],[11.47609,45.87258],[11.47668,45.87281],[11.47788,45.87259],[11.47789,45.87383],[11.479,45.87405],[11.47971,45.87468],[11.47845,45.87556],[11.47729,45.87519],[11.47536,45.87529],[11.47499,45.87701],[11.47266,45.8774],[11.47125,45.87571],[11.47009,45.87482],[11.46935,45.87482],[11.46909,45.87398],[11.46554,45.87268],[11.46384,45.87504],[11.46039,45.87625],[11.45979,45.87683],[11.45878,45.87611],[11.45124,45.87509],[11.44592,45.875],[11.43866,45.87354],[11.43515,45.8724],[11.43064,45.86962],[11.43045,45.86991],[11.42808,45.86969],[11.42766,45.87006],[11.42472,45.86985],[11.42116,45.87136],[11.42079,45.87172],[11.42554,45.87088],[11.42702,45.8718],[11.42806,45.87182],[11.43094,45.87435],[11.43191,45.87714],[11.43325,45.87771],[11.435,45.87921],[11.43252,45.8785],[11.43036,45.87835],[11.42804,45.87582],[11.42656,45.87535],[11.42267,45.87603],[11.41937,45.87818],[11.4165,45.88111],[11.41183,45.88403],[11.40517,45.88903],[11.40327,45.89213],[11.40373,45.89243],[11.40608,45.89181],[11.41035,45.88798],[11.41195,45.88797],[11.4108,45.89111],[11.41131,45.89311],[11.40942,45.89626],[11.40955,45.89751],[11.40877,45.8984],[11.40917,45.89944],[11.4075,45.90029],[11.4083,45.90257],[11.40964,45.90313],[11.40723,45.90622],[11.40771,45.90656],[11.40629,45.90728],[11.40585,45.90927],[11.40725,45.91016],[11.4103,45.91343],[11.4101,45.9163],[11.41255,45.91703],[11.41339,45.91843],[11.41442,45.91873],[11.41444,45.91922],[11.41585,45.92032],[11.41669,45.92357],[11.41696,45.92736],[11.41788,45.92816],[11.41863,45.92821],[11.41797,45.92861],[11.41672,45.92843],[11.41597,45.92753],[11.41563,45.92549],[11.41526,45.92875],[11.41571,45.9303],[11.41466,45.92951],[11.41663,45.93152],[11.41412,45.92998],[11.41503,45.93112],[11.41409,45.93057],[11.41503,45.93112],[11.41412,45.92998],[11.41663,45.93148],[11.41475,45.9295],[11.41628,45.93065],[11.41793,45.9307],[11.41614,45.93002],[11.41528,45.92888],[11.41571,45.92546],[11.41594,45.92746],[11.41672,45.92843],[11.41814,45.92858],[11.41864,45.92816],[11.41788,45.92816],[11.41694,45.92731],[11.41669,45.92357],[11.41585,45.92032],[11.41449,45.91928],[11.41433,45.91867],[11.41345,45.91848],[11.41255,45.91703],[11.41016,45.91635],[11.4103,45.91344],[11.40584,45.90921],[11.40624,45.90731],[11.40764,45.90665],[11.40732,45.9061],[11.40964,45.90318],[11.40822,45.90244],[11.4075,45.90017],[11.40917,45.89944],[11.40876,45.89846],[11.40953,45.89759],[11.40937,45.89641],[11.4113,45.89312],[11.4108,45.89115],[11.41195,45.88797],[11.41087,45.88779],[11.40607,45.89179],[11.40299,45.89263],[11.3998,45.89584],[11.39242,45.89666],[11.39042,45.89818],[11.38877,45.89826],[11.38822,45.89864],[11.38865,45.90032],[11.3902,45.90211],[11.39019,45.90685],[11.39421,45.91078],[11.39408,45.91197],[11.39345,45.91252],[11.39403,45.91316],[11.39262,45.91576],[11.39474,45.92247],[11.39437,45.9236],[11.39199,45.92624],[11.39322,45.92683],[11.39386,45.92809],[11.39297,45.93127],[11.39335,45.93204],[11.39131,45.93451],[11.39196,45.93638],[11.39645,45.93642],[11.40039,45.93772],[11.40181,45.93723],[11.40595,45.93729],[11.4089,45.93851],[11.41113,45.93852],[11.41161,45.93908],[11.41357,45.9386],[11.41429,45.93966],[11.41588,45.93967],[11.4166,45.94011],[11.41589,45.93992],[11.41413,45.94077],[11.41285,45.94064],[11.41398,45.94137],[11.41599,45.94113],[11.41729,45.94146],[11.4159,45.94153],[11.41357,45.94232],[11.41173,45.94222],[11.41535,45.94325],[11.41936,45.943],[11.42031,45.94244],[11.41984,45.94324],[11.41829,45.94421],[11.42065,45.94425],[11.42344,45.94331],[11.42384,45.94282],[11.42531,45.94284],[11.42651,45.94215],[11.42875,45.94193],[11.42914,45.94144],[11.42908,45.94196],[11.42771,45.94237],[11.4299,45.94239],[11.43314,45.94111],[11.43304,45.94059],[11.43355,45.94124],[11.4325,45.94158],[11.43222,45.9423],[11.43335,45.9419],[11.43407,45.94226],[11.43455,45.94168],[11.43452,45.94247],[11.43543,45.94122],[11.43641,45.94046],[11.43704,45.94063],[11.44103,45.93681],[11.44563,45.9301],[11.44827,45.92934],[11.45017,45.9278],[11.45052,45.92619],[11.45286,45.92272],[11.45339,45.9189],[11.45436,45.91733],[11.45538,45.91659],[11.45573,45.91481],[11.45792,45.91187],[11.45688,45.91049],[11.45715,45.90973],[11.45841,45.90877],[11.45806,45.90573],[11.45994,45.90282],[11.46215,45.90102],[11.4637,45.90034],[11.46529,45.89777],[11.46732,45.89694],[11.4686,45.89425],[11.46858,45.89512],[11.46971,45.89395],[11.4701,45.89162],[11.46931,45.88971],[11.47146,45.88808],[11.47238,45.88502],[11.47388,45.88433],[11.47653,45.884],[11.47873,45.88327],[11.47949,45.88199],[11.48315,45.88054],[11.48573,45.88005],[11.48739,45.88022],[11.48754,45.88252],[11.48553,45.88337],[11.48485,45.88435],[11.48421,45.88453],[11.48443,45.88525],[11.48334,45.88584],[11.48378,45.88666],[11.48552,45.88781],[11.48754,45.88795],[11.48768,45.8884],[11.48846,45.88843],[11.48943,45.88941],[11.4914,45.88913],[11.49083,45.89086],[11.49279,45.89199],[11.49365,45.8937],[11.49536,45.89487],[11.49776,45.89487],[11.49822,45.89614],[11.49957,45.89678],[11.50196,45.89603],[11.5036,45.89477],[11.50331,45.89001],[11.50663,45.88745],[11.50847,45.88273],[11.50963,45.8811],[11.51156,45.87201],[11.5134,45.86972],[11.51892,45.86741],[11.52261,45.8654],[11.52464,45.8631],[11.52443,45.86148],[11.52621,45.86005],[11.52656,45.85748],[11.52766,45.85641],[11.53735,45.85297],[11.54063,45.85054],[11.54653,45.84901],[11.54707,45.84922],[11.54811,45.85149],[11.54819,45.85398],[11.55137,45.86026],[11.55251,45.86155],[11.55278,45.86336],[11.55167,45.86591],[11.54924,45.86742],[11.54806,45.87108],[11.54634,45.87289],[11.54607,45.87386],[11.54863,45.87964],[11.54797,45.88408],[11.54864,45.88698],[11.54774,45.88868],[11.54817,45.891],[11.54783,45.89248],[11.55241,45.89192],[11.55467,45.89211],[11.55598,45.89232],[11.55853,45.89365],[11.56067,45.89545],[11.55903,45.89616],[11.5589,45.89735],[11.56123,45.89945],[11.5603,45.90051],[11.56195,45.90138],[11.56363,45.90145],[11.56458,45.90199],[11.56844,45.90771],[11.56765,45.91148],[11.56788,45.91234],[11.56648,45.91544],[11.56467,45.91724],[11.56171,45.919],[11.56049,45.92381],[11.56013,45.92934],[11.5582,45.93277],[11.55759,45.93525],[11.55783,45.93629],[11.55402,45.94014],[11.55335,45.94175],[11.55337,45.94315],[11.55481,45.94354],[11.55204,45.94501],[11.55435,45.94525],[11.55428,45.94591],[11.55321,45.94674],[11.55506,45.94662],[11.55388,45.94766],[11.55383,45.94821],[11.55544,45.95342],[11.55268,45.95509],[11.55116,45.95528],[11.55139,45.95629],[11.55323,45.95646],[11.5541,45.95704],[11.55193,45.95726],[11.55138,45.95692],[11.54713,45.96046],[11.5463,45.96051],[11.54149,45.96265],[11.54148,45.96224],[11.53946,45.9631],[11.539,45.9625],[11.53862,45.96278],[11.53831,45.96254],[11.53752,45.96277],[11.53698,45.96358],[11.536,45.96293],[11.53604,45.9632],[11.53485,45.96301],[11.53489,45.96415],[11.53147,45.96597],[11.53215,45.96766],[11.53164,45.97066],[11.53183,45.97487],[11.53138,45.97547],[11.53252,45.97653],[11.53256,45.97826],[11.53327,45.97919],[11.53323,45.97967],[11.53205,45.98057],[11.53247,45.98167],[11.53481,45.98183],[11.53664,45.98309],[11.53744,45.98322],[11.53716,45.98397],[11.54339,45.98211],[11.54405,45.98241],[11.5452,45.98419],[11.54764,45.98433],[11.54801,45.98362],[11.54921,45.98373],[11.54974,45.98305],[11.55016,45.9836],[11.55057,45.98224],[11.55173,45.9814],[11.55328,45.98159],[11.55509,45.98278],[11.5573,45.98303],[11.55794,45.98357],[11.56345,45.9809],[11.56381,45.98017],[11.56479,45.97997],[11.56594,45.98058],[11.568,45.98084],[11.56789,45.98041],[11.56963,45.97853],[11.56762,45.97572],[11.56735,45.97198],[11.5658,45.97129],[11.56503,45.97023],[11.56389,45.97008],[11.56553,45.96881],[11.56604,45.96744],[11.56523,45.96703],[11.56661,45.96763],[11.56522,45.96675],[11.56384,45.96459],[11.56646,45.96641],[11.56904,45.96697],[11.56959,45.96862],[11.57134,45.9692],[11.5717,45.96976],[11.57318,45.97007],[11.57471,45.96982],[11.57605,45.97094],[11.57927,45.9717],[11.57722,45.96996],[11.57737,45.96959],[11.57981,45.9675],[11.58155,45.96735],[11.58262,45.96673],[11.58312,45.96522],[11.58554,45.9636],[11.58922,45.96215],[11.59179,45.96165],[11.59501,45.96252],[11.5964,45.96218],[11.59698,45.95944],[11.59993,45.9573],[11.60019,45.95587],[11.60503,45.95044],[11.60884,45.94844],[11.60856,45.94639],[11.61259,45.94391],[11.61267,45.94297],[11.61216,45.94293],[11.61272,45.94277],[11.61341,45.94312],[11.61461,45.94435],[11.61628,45.94515],[11.61525,45.94664],[11.61654,45.9473],[11.61706,45.94805],[11.61684,45.94864],[11.61817,45.94823],[11.61838,45.94703],[11.61924,45.94679],[11.62006,45.94703],[11.62173,45.94458],[11.62422,45.94348],[11.62607,45.94181],[11.628,45.94118],[11.63023,45.94118],[11.63285,45.93957],[11.63431,45.94091],[11.63559,45.94109],[11.63688,45.94444],[11.63744,45.94429],[11.63804,45.93912],[11.63864,45.93859],[11.63761,45.93784],[11.6371,45.93605],[11.63761,45.93572],[11.6389,45.9362],[11.64113,45.93518],[11.64379,45.93536],[11.64971,45.93336],[11.6519,45.93447],[11.65327,45.93327],[11.65907,45.93438],[11.6625,45.93405],[11.66203,45.93333],[11.66237,45.93372],[11.6634,45.93381],[11.66662,45.93303],[11.67057,45.93363],[11.67152,45.9345],[11.67061,45.93563],[11.67134,45.93683],[11.6707,45.93766],[11.6719,45.93981],[11.6713,45.94053],[11.67242,45.94118],[11.67224,45.94178],[11.67336,45.94259],[11.67319,45.9433],[11.67443,45.94423],[11.67697,45.94438],[11.67728,45.94514],[11.67959,45.94496],[11.68029,45.94525],[11.68017,45.94585],[11.68113,45.94621],[11.68149,45.94425],[11.6806,45.94374],[11.67952,45.94385],[11.67732,45.94189],[11.67756,45.94126],[11.67644,45.94002],[11.67715,45.93948],[11.67723,45.93825],[11.68145,45.93789],[11.6847,45.93718],[11.68844,45.93304],[11.6868,45.9327],[11.69288,45.93209],[11.69491,45.93083],[11.69602,45.93058],[11.69657,45.93078],[11.6967,45.93181],[11.69625,45.9324],[11.69698,45.93326],[11.69469,45.93437],[11.69754,45.93406],[11.69818,45.93371],[11.69797,45.93254],[11.6988,45.9317],[11.7,45.93162],[11.70293,45.92899],[11.70403,45.92913],[11.70408,45.92958],[11.70295,45.93017],[11.70349,45.93116],[11.70215,45.93278],[11.70128,45.9331],[11.70231,45.93413],[11.70234,45.93495],[11.70072,45.936],[11.69584,45.93694],[11.70524,45.938],[11.7099,45.93954],[11.70911,45.94097],[11.71026,45.94161],[11.70939,45.94235],[11.70832,45.94646],[11.70666,45.94937],[11.70742,45.94906],[11.70938,45.94674],[11.71042,45.94465],[11.71028,45.94696],[11.71102,45.94584],[11.71201,45.94537],[11.71217,45.94427],[11.71283,45.94474],[11.71192,45.94662],[11.71431,45.94406],[11.71205,45.94864],[11.71494,45.94613],[11.71784,45.94449],[11.71853,45.94326],[11.71844,45.9419],[11.72002,45.94171],[11.71914,45.9421],[11.71928,45.94432],[11.72064,45.94449],[11.72199,45.94415],[11.72187,45.94482],[11.72114,45.94543],[11.72084,45.94649],[11.71711,45.94842],[11.71461,45.95054],[11.71694,45.9502],[11.7191,45.95033],[11.72055,45.94936],[11.72151,45.94791],[11.72305,45.94721],[11.72194,45.94806],[11.72086,45.94977],[11.71777,45.95206],[11.71533,45.95237],[11.7175,45.95249],[11.71432,45.95286],[11.71294,45.95265],[11.70856,45.95391],[11.7135,45.95309],[11.70995,45.95408],[11.70853,45.95492],[11.71119,45.95409],[11.70845,45.95583],[11.70657,45.95929],[11.70837,45.95943],[11.70972,45.95832],[11.70984,45.95772],[11.71069,45.95819],[11.7091,45.95983],[11.70894,45.96056],[11.70991,45.96131],[11.71055,45.96284],[11.71061,45.96397],[11.70947,45.96473],[11.71039,45.96463],[11.71104,45.96409],[11.71087,45.96185],[11.71176,45.96487],[11.71051,45.96548],[11.71211,45.96498],[11.71122,45.96582],[11.71632,45.9666],[11.71691,45.96728],[11.71605,45.96886],[11.71679,45.96914],[11.71712,45.97324],[11.7199,45.97749],[11.72113,45.982],[11.72507,45.98335],[11.72609,45.9847],[11.72659,45.98643],[11.73058,45.9876],[11.73059,45.98821],[11.73402,45.99069],[11.7365,45.9911],[11.74474,45.98857],[11.74745,45.98922],[11.7454,45.99038],[11.74648,45.99086],[11.74613,45.99126],[11.74717,45.99244],[11.74963,45.99223],[11.75223,45.99125],[11.75444,45.9914],[11.75556,45.99231],[11.75808,45.9921],[11.76409,45.99453],[11.75625,45.99414],[11.75196,45.99453],[11.74796,45.99557],[11.74701,45.99639],[11.74715,45.99724],[11.74288,45.99879],[11.7428,45.99982],[11.7441,46.00235],[11.74154,46.00002],[11.74387,46.00406],[11.74278,46.00493],[11.74297,46.00584],[11.74479,46.00705],[11.74415,46.00713],[11.74226,46.00591],[11.74028,46.00615],[11.74004,46.00588],[11.74184,46.00381],[11.73534,46.00777],[11.7361,46.00824],[11.73772,46.00826],[11.7412,46.00749],[11.73691,46.00884],[11.73706,46.00914],[11.73611,46.00943],[11.73488,46.00947],[11.73438,46.00896],[11.73283,46.00862],[11.73096,46.00875],[11.73294,46.00905],[11.73307,46.00939],[11.72962,46.01015],[11.72822,46.0121],[11.72618,46.01288],[11.72786,46.01146],[11.72827,46.0087],[11.72741,46.00766],[11.72859,46.00729],[11.72977,46.00621],[11.7298,46.00531],[11.73106,46.00487],[11.73202,46.004],[11.73209,46.00356],[11.73127,46.00425],[11.73153,46.00376],[11.7309,46.00278],[11.72818,46.003],[11.7268,46.00282],[11.72508,46.00201],[11.72215,46.0018],[11.72069,46.00218],[11.72016,46.00199],[11.71868,46.0027],[11.71995,46.00229],[11.72339,46.00305],[11.72228,46.00286],[11.71831,46.00371],[11.70888,46.00131],[11.70552,46.00002],[11.70297,46.00054],[11.70014,45.99994],[11.69644,46.00023],[11.69766,46.00054],[11.69737,46.00081],[11.69349,46.00019],[11.69347,46.00083],[11.6925,46.00182],[11.69329,46.00409],[11.694,46.00454],[11.6937,46.00559],[11.69229,46.00634],[11.6855,46.00785],[11.68239,46.00982],[11.6799,46.01087],[11.67651,46.01433],[11.67214,46.01493],[11.66924,46.01606],[11.6683,46.01696],[11.66776,46.01956],[11.66662,46.02104],[11.66641,46.02317],[11.66049,46.02544],[11.66111,46.02566],[11.66006,46.02662],[11.65984,46.02774],[11.65772,46.03048],[11.65684,46.03078],[11.65471,46.03042],[11.65233,46.03055],[11.64875,46.03276],[11.64589,46.03645],[11.64795,46.04297],[11.64787,46.0449],[11.65014,46.04765],[11.65137,46.0481],[11.65403,46.04804],[11.65478,46.04928],[11.65443,46.05031],[11.65509,46.05224],[11.65467,46.05303],[11.6507,46.05507],[11.64272,46.05756],[11.63926,46.05773],[11.63971,46.05994],[11.6383,46.05771],[11.63854,46.05703],[11.63984,46.05677],[11.63775,46.05646],[11.6374,46.06003],[11.63319,46.06481],[11.63475,46.06614],[11.64378,46.0681],[11.64443,46.06847],[11.64488,46.07012],[11.64616,46.07082],[11.6498,46.07028],[11.65145,46.07054],[11.65029,46.07157],[11.64706,46.07268],[11.64492,46.07417],[11.63955,46.07573],[11.63901,46.07961],[11.63735,46.08096],[11.63427,46.08159],[11.6343,46.08249],[11.63309,46.0836],[11.63335,46.08464],[11.63253,46.08569],[11.63183,46.08557],[11.631,46.0838],[11.63147,46.08211],[11.63101,46.08144],[11.62669,46.08077],[11.62966,46.08235],[11.629,46.08437],[11.62991,46.0873],[11.63297,46.08994],[11.6337,46.09219],[11.63721,46.09437],[11.63819,46.09429],[11.64085,46.09291],[11.64218,46.09169],[11.64244,46.08999],[11.64365,46.08963],[11.64275,46.08997],[11.64262,46.0907],[11.64316,46.09234],[11.64323,46.09048],[11.64369,46.09043],[11.64341,46.09106],[11.64414,46.09214],[11.64178,46.09602],[11.64167,46.09736],[11.63972,46.09949],[11.63703,46.10015],[11.64051,46.10012],[11.64204,46.09914],[11.64112,46.10068],[11.64183,46.10218],[11.6424,46.10052],[11.6446,46.10657],[11.64759,46.10913],[11.64859,46.10906],[11.65079,46.1104],[11.65237,46.11056],[11.65185,46.11218],[11.65236,46.11387],[11.65862,46.11439],[11.66016,46.11597],[11.66499,46.11661],[11.6655,46.1175],[11.66647,46.11742],[11.66952,46.11829],[11.66985,46.11667],[11.67258,46.11626],[11.67556,46.11811],[11.67704,46.11764],[11.67805,46.11825],[11.67948,46.11847],[11.68342,46.11757],[11.68788,46.11872],[11.68853,46.1186],[11.6867,46.11738],[11.68166,46.11694],[11.68024,46.11652],[11.67662,46.11367],[11.67759,46.1133],[11.68016,46.1133],[11.67723,46.11144],[11.67677,46.11053],[11.67837,46.10747],[11.68034,46.10606],[11.67884,46.10635],[11.68263,46.10262],[11.68252,46.10118],[11.68321,46.09929],[11.68192,46.09861],[11.68196,46.09771],[11.68239,46.0984],[11.68381,46.09899],[11.68295,46.09697],[11.68364,46.09691],[11.68375,46.09744],[11.68488,46.09798],[11.68514,46.09891],[11.68544,46.0973],[11.68483,46.09611],[11.68406,46.09567],[11.68517,46.09596],[11.68326,46.09506],[11.68269,46.09393],[11.68373,46.09482],[11.68589,46.09527],[11.68391,46.09406],[11.68501,46.09465],[11.68612,46.09467],[11.68579,46.0932],[11.68632,46.09144],[11.68567,46.0925],[11.68559,46.09127],[11.6853,46.09221],[11.68473,46.09059],[11.6859,46.09031],[11.68621,46.0897],[11.68556,46.09028],[11.68579,46.08951],[11.68506,46.09029],[11.68567,46.08893],[11.6838,46.09066],[11.685,46.08864],[11.68359,46.08936],[11.68432,46.0883],[11.68276,46.08673],[11.68448,46.08511],[11.68561,46.08462],[11.68541,46.08402],[11.68629,46.08273],[11.68714,46.08264],[11.68722,46.08017],[11.68608,46.07861],[11.68775,46.07766],[11.68731,46.07724],[11.68772,46.07638],[11.68655,46.0759],[11.68667,46.07387],[11.68843,46.07323],[11.6874,46.07209],[11.68789,46.07101],[11.6893,46.07029],[11.68909,46.06744],[11.6896,46.06702],[11.68835,46.06637],[11.68854,46.06557],[11.69046,46.06497],[11.69195,46.0637],[11.69348,46.06427],[11.69499,46.06421],[11.69578,46.06476],[11.69683,46.06461],[11.69818,46.06519],[11.69998,46.06414],[11.70152,46.06399],[11.69999,46.06414],[11.69804,46.06517],[11.69684,46.06461],[11.69578,46.06476],[11.69499,46.06421],[11.69349,46.06427],[11.69195,46.0637],[11.69047,46.06497],[11.68854,46.06557],[11.68835,46.06637],[11.6896,46.06701],[11.68909,46.06744],[11.6893,46.07028],[11.68788,46.07102],[11.6893,46.07029],[11.68909,46.06744],[11.6896,46.06702],[11.68835,46.06637],[11.68854,46.06557],[11.69046,46.06497],[11.69195,46.0637],[11.69348,46.06427],[11.69499,46.06421],[11.69578,46.06476],[11.69683,46.06461],[11.69818,46.06519],[11.701,46.06388],[11.7027,46.06413],[11.70541,46.06391],[11.70638,46.06244],[11.70783,46.06242],[11.71061,46.06146],[11.71059,46.06116],[11.70794,46.06039],[11.7083,46.05967],[11.71136,46.05842],[11.71041,46.0576],[11.71095,46.05639],[11.70993,46.0552],[11.71108,46.05458],[11.71099,46.05374],[11.71181,46.05344],[11.71195,46.05252],[11.70944,46.0507],[11.70932,46.04923],[11.71085,46.0476],[11.714,46.04675],[11.71465,46.04689],[11.71576,46.04588],[11.71874,46.04501],[11.72189,46.04329],[11.72398,46.04327],[11.7241,46.04572],[11.72549,46.04238],[11.72511,46.04542],[11.7255,46.04618],[11.72758,46.04485],[11.73021,46.04169],[11.73124,46.04243],[11.73345,46.04132],[11.73476,46.04141],[11.73535,46.04097],[11.7407,46.0402],[11.7416,46.04039],[11.74269,46.04162],[11.7435,46.04081],[11.74303,46.03962],[11.74365,46.03807],[11.74296,46.03609],[11.7438,46.03612],[11.74371,46.0354],[11.74568,46.03609],[11.74573,46.03682],[11.74665,46.03624],[11.7434,46.03535],[11.7456,46.03605],[11.74555,46.03662],[11.746,46.03675],[11.7467,46.03624],[11.74738,46.03634],[11.74808,46.03564],[11.74973,46.03527],[11.75315,46.03607],[11.75432,46.03569],[11.75548,46.03415],[11.75516,46.03316],[11.75329,46.03257],[11.75312,46.03214],[11.75395,46.03141],[11.75994,46.03187],[11.76105,46.03138],[11.76205,46.02987],[11.761,46.03508],[11.76272,46.03761],[11.76337,46.04083],[11.76123,46.04488],[11.76124,46.04655],[11.7627,46.04823],[11.76254,46.04995],[11.7639,46.05154],[11.76236,46.05468],[11.76314,46.05572],[11.76257,46.05684],[11.76373,46.05882],[11.76271,46.05957],[11.76252,46.06035],[11.76346,46.06065],[11.76461,46.06625],[11.76169,46.07087],[11.76335,46.07325],[11.76334,46.07441],[11.7643,46.07503],[11.76624,46.07808],[11.7663,46.07895],[11.76433,46.08418],[11.76399,46.0872],[11.76136,46.09281],[11.76169,46.09411],[11.77052,46.10195],[11.77212,46.10277],[11.77272,46.1039],[11.77241,46.10286],[11.76955,46.10094],[11.77063,46.10149],[11.77193,46.10093],[11.77198,46.10189],[11.77585,46.1029],[11.78042,46.10262],[11.77684,46.10201],[11.7751,46.1011],[11.77727,46.10159],[11.77918,46.10147],[11.77681,46.10106],[11.77662,46.10032],[11.77806,46.10103],[11.77995,46.10081],[11.77829,46.10054],[11.77731,46.09955],[11.7805,46.10041],[11.77857,46.09891],[11.78106,46.09983],[11.77866,46.0981],[11.78056,46.09881],[11.78246,46.09898],[11.78361,46.10009],[11.78723,46.09884],[11.78834,46.09896],[11.78845,46.09925],[11.78915,46.09886],[11.79064,46.09896],[11.79078,46.09936],[11.78991,46.09978],[11.78941,46.10086],[11.79101,46.10172],[11.79242,46.1017],[11.79566,46.10313],[11.79533,46.10351],[11.79273,46.10371],[11.79128,46.10485],[11.78907,46.10526],[11.78822,46.1051],[11.78637,46.10571],[11.78672,46.10645],[11.7867,46.10577],[11.78707,46.10637],[11.78706,46.10818],[11.78897,46.10793],[11.79272,46.10892],[11.79205,46.10962],[11.79246,46.11139],[11.79116,46.11229],[11.79224,46.11334],[11.79212,46.11412],[11.78946,46.1142],[11.78874,46.11476],[11.78702,46.11481],[11.78686,46.11525],[11.78689,46.11646],[11.78828,46.11721],[11.78776,46.11867],[11.79107,46.12102],[11.79751,46.12155],[11.80028,46.1232],[11.80125,46.12293],[11.802,46.1216],[11.80303,46.12088],[11.80382,46.12214],[11.8056,46.12194],[11.8056,46.12272],[11.80762,46.1236],[11.80822,46.1264],[11.81148,46.12658],[11.81204,46.12696],[11.81386,46.12672],[11.81434,46.12615],[11.81522,46.12624],[11.81708,46.12367],[11.8179,46.1232],[11.81856,46.1236],[11.81923,46.12315],[11.82112,46.11839],[11.82208,46.11923],[11.82198,46.12118],[11.82294,46.12065],[11.82382,46.12238],[11.82369,46.12487],[11.82285,46.12712],[11.82292,46.13021],[11.82485,46.13004],[11.82605,46.13067],[11.82652,46.13154],[11.8282,46.13195],[11.82871,46.13163],[11.83296,46.13239],[11.83672,46.13098],[11.83916,46.13163],[11.83974,46.13124],[11.84051,46.13146],[11.84176,46.13121],[11.84478,46.12975],[11.84521,46.13013],[11.84209,46.13254],[11.84192,46.132],[11.84164,46.13311],[11.84085,46.13355],[11.83792,46.13377],[11.83739,46.13347],[11.83514,46.13449],[11.83554,46.13402],[11.83443,46.13453],[11.83475,46.13412],[11.83127,46.13376],[11.82991,46.13395],[11.82355,46.1321],[11.818,46.13172],[11.81671,46.13121],[11.81107,46.13281],[11.80668,46.13523],[11.80684,46.13613],[11.80616,46.13645],[11.80708,46.1366],[11.8071,46.1371],[11.80281,46.13938],[11.80194,46.14036],[11.80075,46.14371],[11.80107,46.14459],[11.80319,46.14669],[11.80809,46.14897],[11.80762,46.14964],[11.80986,46.15058],[11.81487,46.15637],[11.8177,46.15774],[11.82035,46.16071],[11.82168,46.16864],[11.82259,46.17041],[11.82615,46.17206],[11.82824,46.17562],[11.8305,46.1757],[11.83069,46.17732],[11.83357,46.17881],[11.84109,46.18117],[11.8439,46.18294],[11.84578,46.18497],[11.849,46.18562],[11.85079,46.18668],[11.85167,46.18626],[11.8508,46.18552],[11.85297,46.18612],[11.85224,46.18536],[11.8561,46.1873],[11.85715,46.18742],[11.85941,46.18658],[11.86051,46.18663],[11.86017,46.18796],[11.86144,46.1899],[11.86188,46.18885],[11.86383,46.18858],[11.86424,46.18915],[11.86524,46.18705],[11.8694,46.18624],[11.8696,46.18567],[11.87004,46.18633],[11.87094,46.1859],[11.87299,46.18595],[11.87523,46.18495],[11.8787,46.18541],[11.88465,46.18736],[11.88733,46.18918],[11.88973,46.18977],[11.88971,46.19048],[11.89058,46.19076],[11.88993,46.19128],[11.89143,46.19141],[11.89008,46.19181],[11.8971,46.19164],[11.89665,46.19206],[11.91078,46.19354],[11.91455,46.19437],[11.91826,46.19742],[11.91968,46.19764],[11.92054,46.19724],[11.92094,46.19741],[11.92119,46.20274],[11.92026,46.2042],[11.9218,46.20289],[11.92244,46.20158],[11.92278,46.20365],[11.92182,46.20418],[11.92218,46.20469],[11.92393,46.20559],[11.92433,46.20488],[11.92504,46.20471],[11.92715,46.2056],[11.92754,46.2063],[11.92726,46.20704],[11.9281,46.20762],[11.92748,46.20854],[11.92838,46.20925],[11.93606,46.20792],[11.93929,46.20647],[11.9415,46.20628],[11.94292,46.20661],[11.94861,46.20658],[11.95172,46.20784],[11.95331,46.20803],[11.95438,46.20776],[11.95525,46.20853],[11.95567,46.20998],[11.95211,46.21452],[11.95306,46.21697],[11.95334,46.22078],[11.95472,46.22138],[11.95956,46.22171],[11.95985,46.22266],[11.9607,46.22317],[11.96113,46.22143],[11.96193,46.22075],[11.96451,46.22015],[11.96601,46.22026],[11.96756,46.22103],[11.96979,46.22108],[11.97203,46.22015],[11.97218,46.21857],[11.97346,46.21753],[11.97551,46.21724],[11.97787,46.2187],[11.97731,46.21984],[11.98075,46.22218],[11.9802,46.2228],[11.98037,46.22389],[11.98223,46.22479],[11.98224,46.227],[11.98269,46.22758],[11.99357,46.22952],[11.99674,46.22909],[11.99867,46.22793],[12.00673,46.23014],[12.00905,46.23004],[12.01317,46.23311],[12.0142,46.23505],[12.01743,46.23794],[12.02007,46.24495],[12.02146,46.2466],[12.02205,46.24866],[12.02337,46.2505],[12.02335,46.25187],[12.02534,46.25346],[12.02713,46.25648],[12.02958,46.25789],[12.0299,46.25883],[12.02842,46.26124],[12.03037,46.26091],[12.03081,46.25996],[12.03176,46.25933],[12.03205,46.25758],[12.03151,46.25648],[12.03265,46.25796],[12.03255,46.26014],[12.03369,46.259],[12.0332,46.25768],[12.03373,46.25624],[12.03405,46.25638],[12.03378,46.25752],[12.03485,46.25928],[12.0337,46.26026],[12.03347,46.26144],[12.03454,46.26453],[12.03433,46.26583],[12.03267,46.26773],[12.03482,46.26625],[12.03607,46.26263],[12.03631,46.26646],[12.03506,46.26949],[12.03641,46.26991],[12.03599,46.27031],[12.03696,46.27125],[12.03642,46.27236],[12.03613,46.276],[12.03869,46.27879],[12.04553,46.2799],[12.04812,46.27677],[12.05117,46.27548],[12.05943,46.27796],[12.06568,46.28124],[12.07157,46.28518],[12.07212,46.29071],[12.07416,46.29217],[12.07759,46.29286],[12.08354,46.29232],[12.08718,46.29356],[12.08691,46.29614],[12.082,46.29462],[12.08438,46.29652],[12.08362,46.29915],[12.08134,46.29769],[12.08057,46.29991],[12.08316,46.30174],[12.08252,46.30671],[12.08589,46.31153],[12.0942,46.31349],[12.0961,46.31254],[12.09991,46.31268],[12.09952,46.31439],[12.09643,46.3149],[12.09274,46.31792],[12.09344,46.32233],[12.09549,46.32395],[12.09977,46.32918],[12.09992,46.33314],[12.09739,46.3353],[12.09721,46.33792],[12.0988,46.33715],[12.10234,46.33833],[12.10635,46.33868],[12.09927,46.34191],[12.09966,46.34387],[12.10194,46.34455],[12.10563,46.34378],[12.10885,46.34477],[12.11736,46.34496],[12.12584,46.3473],[12.13192,46.34806],[12.13832,46.35334],[12.1425,46.3543],[12.14408,46.35664],[12.14748,46.35356],[12.15239,46.35315],[12.16261,46.35068],[12.16519,46.3489],[12.16865,46.3481],[12.1701,46.34657],[12.17395,46.3472],[12.17551,46.35031],[12.17649,46.34891],[12.18305,46.35014],[12.18369,46.35259],[12.18687,46.35833],[12.18709,46.35962],[12.18637,46.36051],[12.18748,46.36066],[12.18989,46.36309],[12.18714,46.36596],[12.18684,46.36653],[12.18727,46.36736],[12.1859,46.36842],[12.18637,46.36928],[12.18521,46.37189],[12.18611,46.37387],[12.18401,46.37476],[12.18423,46.37506],[12.1868,46.375],[12.18384,46.37562],[12.18903,46.37642],[12.18989,46.37698],[12.18821,46.37654],[12.18442,46.37656],[12.18571,46.37684],[12.18316,46.37709],[12.18128,46.37794],[12.18136,46.37889],[12.1789,46.38053],[12.17898,46.38174],[12.17689,46.38157],[12.1746,46.38224],[12.17176,46.38433],[12.17052,46.38455],[12.17379,46.38441],[12.17432,46.38402],[12.17558,46.38397],[12.17585,46.38345],[12.1775,46.38261],[12.17644,46.38408],[12.17653,46.38466],[12.17565,46.38542],[12.17227,46.38645],[12.17212,46.38807],[12.17289,46.3872],[12.17573,46.38633],[12.17813,46.38605],[12.17891,46.38562],[12.17987,46.38626],[12.18233,46.38578],[12.18269,46.38748],[12.18386,46.38811],[12.18587,46.3885],[12.18674,46.38931],[12.18643,46.39094],[12.18684,46.39161],[12.18488,46.3923],[12.18461,46.39322],[12.18514,46.39401],[12.18694,46.3945],[12.18666,46.39487],[12.18771,46.39494],[12.18877,46.39582],[12.19199,46.39589],[12.19469,46.39753],[12.19581,46.3989],[12.1984,46.39901],[12.19871,46.39757],[12.19948,46.39694],[12.20134,46.39637],[12.20459,46.39644],[12.20576,46.39679],[12.20871,46.39657],[12.20811,46.3958],[12.20828,46.39398],[12.20918,46.39337],[12.2106,46.39358],[12.21185,46.39267],[12.21179,46.39348],[12.21252,46.39289],[12.21234,46.3933],[12.21294,46.39312],[12.21321,46.39496],[12.21434,46.39399],[12.21526,46.39464],[12.21639,46.39484],[12.21583,46.39543],[12.21836,46.39716],[12.22289,46.39882],[12.2269,46.40115],[12.22838,46.4035],[12.22831,46.40509],[12.23028,46.40633],[12.23049,46.40761],[12.23335,46.40953],[12.23393,46.41059],[12.2367,46.41055],[12.23677,46.4122],[12.23805,46.41317],[12.23957,46.41358],[12.23914,46.41451],[12.23788,46.41472],[12.23956,46.41502],[12.23845,46.41534],[12.23825,46.4159],[12.23938,46.41648],[12.24152,46.41646],[12.24479,46.41537],[12.24378,46.41627],[12.24414,46.41673],[12.24614,46.41563],[12.24759,46.4155],[12.24764,46.41727],[12.24661,46.418],[12.24724,46.41943],[12.25018,46.41816],[12.25209,46.41624],[12.25239,46.41539],[12.25366,46.41493],[12.25605,46.41511],[12.25873,46.41591],[12.25969,46.41491],[12.26398,46.4141],[12.26582,46.41301],[12.27004,46.41237],[12.27425,46.41112],[12.27507,46.41142],[12.27669,46.41327],[12.27749,46.41337],[12.27789,46.41214],[12.27735,46.41014],[12.27969,46.40983],[12.27996,46.40914],[12.28261,46.40714],[12.28428,46.40669],[12.28734,46.4068],[12.29414,46.40825],[12.29622,46.40928],[12.29941,46.4097],[12.30255,46.41071],[12.30425,46.41168],[12.30836,46.41205],[12.31235,46.41292],[12.31307,46.41346],[12.31306,46.41438],[12.31071,46.41571],[12.30966,46.41707],[12.31068,46.41858],[12.31044,46.41989],[12.31187,46.41946],[12.31275,46.41808],[12.31459,46.41711],[12.31647,46.41731],[12.31913,46.41625],[12.32006,46.41499],[12.32259,46.41416],[12.32559,46.41543],[12.3271,46.41501],[12.32754,46.41628],[12.32949,46.41766],[12.33338,46.41723],[12.33469,46.41771],[12.33649,46.4174],[12.33894,46.41929],[12.34256,46.41922],[12.35521,46.42039],[12.35987,46.42342],[12.36126,46.42381],[12.36104,46.4241],[12.36524,46.42613],[12.368,46.42615],[12.37099,46.42679],[12.3738,46.42881],[12.37598,46.42849],[12.37776,46.43071]]}},{"type":"Feature","properties":{"name":"TET_I-10_20260427","country":"IT","lengthKm":386.5},"geometry":{"type":"LineString","coordinates":[[12.37788,46.43079],[12.37887,46.43269],[12.3779,46.43503],[12.37641,46.43585],[12.37953,46.43652],[12.37996,46.43751],[12.38008,46.43976],[12.3809,46.44133],[12.3806,46.44333],[12.3811,46.44535],[12.38063,46.44655],[12.37095,46.45326],[12.36825,46.45421],[12.36039,46.46155],[12.35917,46.46163],[12.35646,46.46331],[12.35475,46.46339],[12.35554,46.46356],[12.35312,46.46464],[12.34657,46.46558],[12.34458,46.4664],[12.34535,46.46719],[12.34441,46.4676],[12.34361,46.46919],[12.33853,46.47217],[12.33808,46.47187],[12.33728,46.47204],[12.33548,46.47352],[12.33445,46.47369],[12.33308,46.47573],[12.33273,46.47775],[12.33104,46.47839],[12.33029,46.47946],[12.32928,46.48002],[12.32666,46.48045],[12.32052,46.47897],[12.3175,46.47882],[12.31627,46.4794],[12.3134,46.47921],[12.31078,46.4803],[12.30922,46.4815],[12.30705,46.48167],[12.30415,46.48133],[12.3025,46.4818],[12.29563,46.48236],[12.29111,46.48101],[12.29553,46.48236],[12.30239,46.48182],[12.30415,46.48133],[12.30705,46.48167],[12.30922,46.4815],[12.31318,46.47927],[12.31516,46.47912],[12.31627,46.4794],[12.3175,46.47882],[12.32039,46.47891],[12.32301,46.47985],[12.32666,46.48045],[12.32928,46.48002],[12.33014,46.47966],[12.33172,46.47796],[12.33273,46.47796],[12.33301,46.47579],[12.33436,46.47373],[12.33539,46.47356],[12.33778,46.47185],[12.33844,46.47221],[12.34063,46.47062],[12.34361,46.46919],[12.34428,46.46773],[12.34535,46.46719],[12.34453,46.46644],[12.34627,46.46564],[12.35297,46.46466],[12.35383,46.46408],[12.3555,46.46376],[12.35481,46.46354],[12.35501,46.46335],[12.35646,46.46331],[12.35891,46.46172],[12.36073,46.4614],[12.36823,46.45423],[12.37095,46.45327],[12.37919,46.44779],[12.38075,46.44627],[12.38395,46.44663],[12.38625,46.44732],[12.38758,46.44665],[12.38746,46.44853],[12.38823,46.44917],[12.38948,46.44835],[12.39147,46.44806],[12.39627,46.44899],[12.3979,46.45093],[12.39879,46.4513],[12.39926,46.45217],[12.39898,46.45269],[12.39947,46.45305],[12.40416,46.4533],[12.40588,46.455],[12.40747,46.45576],[12.40962,46.45755],[12.41264,46.45921],[12.41345,46.4592],[12.41631,46.46029],[12.41788,46.46142],[12.42013,46.46225],[12.42439,46.46545],[12.43035,46.46902],[12.4322,46.47072],[12.43213,46.47287],[12.43604,46.47561],[12.4393,46.47853],[12.44108,46.48202],[12.44077,46.48428],[12.44152,46.48464],[12.44329,46.48435],[12.44348,46.48468],[12.44436,46.48472],[12.44669,46.48747],[12.44689,46.48884],[12.44603,46.48916],[12.4492,46.49133],[12.44723,46.49047],[12.44406,46.48978],[12.44086,46.48815],[12.4386,46.48921],[12.43794,46.48991],[12.43524,46.48957],[12.43427,46.4897],[12.43361,46.49036],[12.43285,46.48989],[12.4326,46.49079],[12.43174,46.49124],[12.43247,46.49182],[12.43144,46.49277],[12.43084,46.49283],[12.43337,46.49272],[12.43264,46.49268],[12.43202,46.49337],[12.43028,46.49343],[12.43028,46.49442],[12.42953,46.49436],[12.42884,46.49311],[12.42773,46.49425],[12.42865,46.49386],[12.42704,46.495],[12.42826,46.49461],[12.42547,46.49581],[12.42755,46.49556],[12.42618,46.49616],[12.42378,46.49652],[12.42358,46.49438],[12.42285,46.4939],[12.42333,46.49451],[12.42268,46.49405],[12.4226,46.495],[12.4223,46.49423],[12.42067,46.49298],[12.41858,46.4932],[12.42049,46.49343],[12.41957,46.49352],[12.41408,46.49335],[12.41241,46.49429],[12.41401,46.49369],[12.41655,46.49403],[12.41901,46.4947],[12.4191,46.49592],[12.41867,46.49483],[12.41466,46.49455],[12.41298,46.49558],[12.40949,46.49682],[12.4158,46.49547],[12.4171,46.49745],[12.41582,46.4959],[12.41172,46.49742],[12.41122,46.49955],[12.40957,46.50069],[12.41174,46.49985],[12.41313,46.4985],[12.41446,46.49809],[12.41311,46.4989],[12.41185,46.50094],[12.40861,46.50238],[12.40835,46.5062],[12.40932,46.50575],[12.4091,46.50517],[12.41,46.50631],[12.40788,46.50684],[12.40571,46.50661],[12.4053,46.50764],[12.40668,46.50682],[12.40786,46.50736],[12.41125,46.50732],[12.41243,46.50637],[12.41176,46.50543],[12.41174,46.50378],[12.41507,46.5036],[12.41607,46.50444],[12.41818,46.50513],[12.41837,46.50573],[12.41931,46.50562],[12.42163,46.50749],[12.42193,46.50828],[12.42384,46.50867],[12.42423,46.50938],[12.42537,46.50963],[12.42644,46.51161],[12.42766,46.51204],[12.42809,46.51345],[12.42974,46.5142],[12.4297,46.51487],[12.43208,46.51586],[12.42985,46.51579],[12.43077,46.51641],[12.42983,46.51573],[12.432,46.51594],[12.42981,46.51493],[12.42976,46.51429],[12.42831,46.5136],[12.42766,46.51204],[12.42644,46.51161],[12.42549,46.50974],[12.42438,46.50948],[12.42386,46.50874],[12.42176,46.50815],[12.42156,46.50736],[12.4193,46.50561],[12.4186,46.50585],[12.41829,46.50524],[12.41625,46.50453],[12.41518,46.50357],[12.41176,46.50373],[12.41164,46.50492],[12.41244,46.50616],[12.41129,46.50731],[12.40811,46.50738],[12.40671,46.50682],[12.40538,46.50762],[12.40663,46.51043],[12.40625,46.5121],[12.40489,46.51249],[12.40301,46.51056],[12.40157,46.50983],[12.40095,46.50991],[12.3991,46.50768],[12.39687,46.5068],[12.39543,46.50532],[12.39363,46.50448],[12.39067,46.50472],[12.38928,46.50415],[12.38869,46.50335],[12.38906,46.50262],[12.38848,46.5015],[12.38625,46.5009],[12.38672,46.50071],[12.38648,46.50028],[12.3855,46.50002],[12.38468,46.4992],[12.38573,46.50019],[12.38648,46.50028],[12.38614,46.50109],[12.38842,46.50141],[12.38908,46.50272],[12.38861,46.50322],[12.38934,46.50418],[12.39043,46.50472],[12.39333,46.5045],[12.39555,46.5054],[12.39687,46.5068],[12.39897,46.50762],[12.40095,46.50991],[12.40301,46.51056],[12.40522,46.51253],[12.40625,46.5121],[12.40674,46.51032],[12.40533,46.50723],[12.40612,46.50652],[12.40788,46.50684],[12.41,46.50631],[12.40897,46.50515],[12.40929,46.50586],[12.40835,46.5062],[12.40861,46.50238],[12.41185,46.50094],[12.41311,46.4989],[12.41455,46.49813],[12.41313,46.4985],[12.41099,46.50021],[12.40947,46.5006],[12.41101,46.49987],[12.41157,46.49755],[12.41549,46.49588],[12.41704,46.49727],[12.41633,46.49581],[12.41545,46.49545],[12.41288,46.49633],[12.40969,46.49688],[12.40985,46.49659],[12.41279,46.49571],[12.41466,46.49455],[12.41858,46.49478],[12.41901,46.49592],[12.41916,46.495],[12.41863,46.49455],[12.41438,46.49369],[12.41249,46.4944],[12.41309,46.49384],[12.41408,46.49335],[12.42024,46.49348],[12.41858,46.4932],[12.42067,46.49298],[12.4223,46.49423],[12.42249,46.49517],[12.42268,46.49405],[12.42333,46.49451],[12.42296,46.49384],[12.42358,46.49438],[12.4235,46.49633],[12.42423,46.49657],[12.42738,46.4956],[12.42547,46.49581],[12.42852,46.49444],[12.427,46.49489],[12.42867,46.4939],[12.42788,46.49427],[12.42871,46.49315],[12.42944,46.49429],[12.43006,46.49448],[12.43028,46.49343],[12.43191,46.49343],[12.43264,46.49268],[12.43337,46.49272],[12.43082,46.4929],[12.4324,46.49189],[12.43174,46.49124],[12.43245,46.49096],[12.4326,46.48993],[12.43384,46.49036],[12.43427,46.4897],[12.43558,46.48953],[12.43794,46.48991],[12.44086,46.48815],[12.44406,46.48978],[12.44723,46.49047],[12.44936,46.49146],[12.44614,46.48936],[12.4468,46.48899],[12.44682,46.48768],[12.44446,46.48479],[12.4433,46.4847],[12.44356,46.48431],[12.447,46.48537],[12.45052,46.48765],[12.45115,46.48858],[12.45142,46.49276],[12.45253,46.49346],[12.45225,46.49465],[12.4541,46.49721],[12.45539,46.50055],[12.45768,46.50361],[12.45784,46.50563],[12.4633,46.50747],[12.46903,46.50787],[12.47049,46.50727],[12.47161,46.50725],[12.46882,46.50688],[12.47027,46.50664],[12.47287,46.50492],[12.47603,46.50496],[12.47766,46.50262],[12.47759,46.49875],[12.47897,46.49644],[12.48221,46.49556],[12.48261,46.49483],[12.48242,46.4942],[12.48116,46.49427],[12.48013,46.49277],[12.48304,46.49195],[12.48452,46.48779],[12.48669,46.48536],[12.48824,46.48629],[12.49008,46.48642],[12.49274,46.48584],[12.49789,46.48605],[12.49839,46.48558],[12.50186,46.48509],[12.50281,46.48577],[12.5056,46.48573],[12.50903,46.4865],[12.51141,46.48777],[12.51274,46.48764],[12.51705,46.48843],[12.51939,46.48978],[12.51903,46.49079],[12.51961,46.49114],[12.5236,46.48933],[12.52667,46.48903],[12.53143,46.4906],[12.53315,46.49075],[12.53484,46.49202],[12.53789,46.4926],[12.53896,46.49337],[12.54259,46.49378],[12.54855,46.49384],[12.55218,46.49455],[12.55686,46.49423],[12.5586,46.49453],[12.56089,46.4938],[12.56385,46.49182],[12.5648,46.49163],[12.56349,46.49296],[12.56443,46.49225],[12.56714,46.49174],[12.56742,46.49124],[12.5669,46.49105],[12.56808,46.49127],[12.56718,46.49075],[12.56679,46.48948],[12.56675,46.48893],[12.56748,46.49045],[12.56703,46.4886],[12.56774,46.48959],[12.56688,46.48803],[12.56686,46.48687],[12.56866,46.48918],[12.57166,46.48923],[12.57261,46.48959],[12.57473,46.48912],[12.57351,46.4889],[12.57295,46.4883],[12.57226,46.48852],[12.57126,46.48813],[12.57222,46.4883],[12.57317,46.48779],[12.57583,46.48779],[12.57662,46.48848],[12.5754,46.4874],[12.57793,46.48818],[12.58153,46.48779],[12.58557,46.48639],[12.58737,46.48528],[12.58799,46.48369],[12.58926,46.48343],[12.59014,46.48273],[12.59005,46.48084],[12.59068,46.48017],[12.59578,46.47893],[12.59922,46.47725],[12.60143,46.47822],[12.60396,46.47749],[12.612,46.47951],[12.61229,46.48215],[12.6134,46.485],[12.61314,46.48544],[12.61466,46.48645],[12.61721,46.48657],[12.6179,46.48754],[12.61974,46.48687],[12.62016,46.48714],[12.6206,46.48947],[12.62175,46.49048],[12.62168,46.4918],[12.62267,46.49297],[12.62254,46.4939],[12.62548,46.49551],[12.62772,46.49594],[12.63211,46.49592],[12.63153,46.49642],[12.62844,46.49717],[12.62766,46.49831],[12.62812,46.49847],[12.62924,46.49755],[12.63087,46.49759],[12.63303,46.4969],[12.63379,46.49713],[12.63441,46.49678],[12.63727,46.49676],[12.63804,46.49508],[12.63894,46.49676],[12.63864,46.4973],[12.63752,46.49751],[12.63815,46.49817],[12.63777,46.49921],[12.63899,46.49951],[12.63852,46.50018],[12.63899,46.50045],[12.64366,46.50076],[12.64577,46.50179],[12.64647,46.50263],[12.64689,46.50254],[12.64621,46.5002],[12.64658,46.49995],[12.65001,46.50151],[12.65192,46.50285],[12.65259,46.50422],[12.66812,46.50883],[12.66987,46.50832],[12.6728,46.51177],[12.6762,46.51264],[12.6765,46.5125],[12.67595,46.51214],[12.67464,46.51193],[12.67488,46.51071],[12.67754,46.51108],[12.677,46.51066],[12.67902,46.51068],[12.68384,46.51192],[12.68449,46.51169],[12.685,46.51055],[12.68421,46.50927],[12.68385,46.50729],[12.68237,46.50593],[12.6818,46.50444],[12.68071,46.5039],[12.68111,46.50321],[12.68043,46.50277],[12.67986,46.50024],[12.68024,46.4993],[12.67975,46.49903],[12.6788,46.49648],[12.67946,46.49606],[12.67619,46.49401],[12.67697,46.49378],[12.67632,46.49332],[12.67695,46.4933],[12.67661,46.4929],[12.68154,46.49408],[12.68512,46.4932],[12.68631,46.49232],[12.68825,46.4917],[12.68952,46.49051],[12.69033,46.49125],[12.69067,46.49324],[12.69124,46.49338],[12.69279,46.49286],[12.69297,46.49355],[12.69417,46.49401],[12.69586,46.49355],[12.69544,46.49279],[12.69582,46.49173],[12.69694,46.49334],[12.69765,46.49345],[12.69708,46.49605],[12.69995,46.49756],[12.70241,46.49661],[12.70308,46.49763],[12.70383,46.49609],[12.70436,46.49631],[12.7048,46.49569],[12.70545,46.49557],[12.70494,46.49426],[12.70561,46.4947],[12.70674,46.4944],[12.70783,46.49503],[12.70951,46.49484],[12.7097,46.49519],[12.71087,46.49522],[12.71119,46.49465],[12.7105,46.49329],[12.71148,46.49274],[12.71107,46.49221],[12.71184,46.49229],[12.71212,46.49163],[12.71301,46.49143],[12.71327,46.49181],[12.71522,46.49194],[12.71598,46.49138],[12.71715,46.49179],[12.71889,46.49141],[12.71847,46.49196],[12.71915,46.49244],[12.71952,46.49391],[12.72046,46.49392],[12.7207,46.49427],[12.72012,46.49522],[12.72005,46.49787],[12.71898,46.49945],[12.71932,46.50005],[12.71804,46.49983],[12.71772,46.50084],[12.71956,46.50216],[12.72013,46.50363],[12.72092,46.50346],[12.72076,46.50415],[12.72185,46.50402],[12.72252,46.50479],[12.72182,46.50467],[12.72196,46.50568],[12.72334,46.50752],[12.72422,46.51033],[12.72527,46.51079],[12.72412,46.51091],[12.72425,46.51142],[12.72756,46.51139],[12.72541,46.51208],[12.72905,46.51305],[12.72782,46.51357],[12.72596,46.51316],[12.72437,46.51334],[12.72578,46.51346],[12.72914,46.5146],[12.73083,46.51441],[12.72997,46.51485],[12.73136,46.51507],[12.72321,46.51551],[12.72294,46.51602],[12.72339,46.51688],[12.72297,46.51689],[12.7238,46.51707],[12.72319,46.51753],[12.72154,46.51673],[12.721,46.51769],[12.72149,46.51843],[12.72604,46.51946],[12.72887,46.51891],[12.73212,46.51905],[12.73403,46.51986],[12.73696,46.52013],[12.73891,46.52142],[12.73696,46.52013],[12.73414,46.5199],[12.73212,46.51905],[12.72907,46.51891],[12.7264,46.51945],[12.72303,46.51851],[12.72173,46.51856],[12.721,46.51769],[12.72138,46.51684],[12.72185,46.51675],[12.72312,46.5175],[12.72382,46.51711],[12.72301,46.51701],[12.72362,46.51681],[12.72307,46.51668],[12.72351,46.51654],[12.72294,46.51602],[12.72309,46.5155],[12.72463,46.51566],[12.72512,46.5156],[12.72478,46.51536],[12.73136,46.51507],[12.73006,46.51496],[12.73096,46.51454],[12.72914,46.5146],[12.72578,46.51346],[12.72437,46.51334],[12.72596,46.51316],[12.72816,46.51356],[12.72901,46.51294],[12.72543,46.51218],[12.72769,46.51145],[12.7241,46.51132],[12.72422,46.51082],[12.7253,46.51082],[12.72422,46.51033],[12.7234,46.50763],[12.7221,46.50593],[12.72177,46.50483],[12.72242,46.50486],[12.72217,46.50423],[12.72071,46.50403],[12.72092,46.50346],[12.72042,46.50372],[12.71977,46.50318],[12.71956,46.50216],[12.71777,46.50096],[12.718,46.49987],[12.71919,46.50015],[12.7193,46.49992],[12.71898,46.49945],[12.72005,46.49787],[12.72062,46.49398],[12.71979,46.494],[12.71915,46.49244],[12.71837,46.49209],[12.71896,46.49147],[12.71859,46.4913],[12.71715,46.49179],[12.71598,46.49138],[12.71486,46.49195],[12.71335,46.49185],[12.71301,46.49143],[12.7117,46.4917],[12.71184,46.49229],[12.71107,46.49221],[12.71151,46.49268],[12.71051,46.49328],[12.71074,46.49385],[12.70971,46.49377],[12.70931,46.49292],[12.70812,46.49234],[12.70764,46.49102],[12.70772,46.49],[12.70858,46.48902],[12.71285,46.48742],[12.71496,46.48707],[12.71093,46.48539],[12.71683,46.48588],[12.72275,46.48459],[12.7252,46.48535],[12.72834,46.48442],[12.73352,46.48383],[12.7427,46.48093],[12.74393,46.48102],[12.74352,46.48039],[12.74204,46.48001],[12.74339,46.47952],[12.74429,46.47961],[12.74379,46.47904],[12.74558,46.47934],[12.74712,46.47893],[12.74822,46.47997],[12.74835,46.47786],[12.74683,46.4772],[12.7469,46.47641],[12.74603,46.4762],[12.74238,46.47684],[12.74072,46.47649],[12.74358,46.47525],[12.74362,46.47482],[12.74519,46.47381],[12.74395,46.47421],[12.74462,46.47314],[12.7414,46.47352],[12.73823,46.47342],[12.73392,46.47224],[12.73272,46.47246],[12.73002,46.47207],[12.73251,46.47244],[12.73391,46.47224],[12.73822,46.47342],[12.74462,46.47314],[12.74388,46.47417],[12.74519,46.47381],[12.74358,46.47525],[12.74084,46.47641],[12.74222,46.47686],[12.74602,46.4762],[12.74682,46.47637],[12.74683,46.4772],[12.74822,46.47773],[12.74815,46.47949],[12.74882,46.48182],[12.74925,46.48197],[12.75513,46.48024],[12.75747,46.48208],[12.75886,46.48223],[12.75976,46.48348],[12.76159,46.48427],[12.7612,46.48624],[12.7621,46.48674],[12.76583,46.48691],[12.76667,46.48753],[12.76873,46.48749],[12.77019,46.48803],[12.77113,46.48787],[12.77234,46.48706],[12.77448,46.48736],[12.77667,46.4882],[12.77957,46.48768],[12.77993,46.48839],[12.77704,46.49084],[12.77759,46.49212],[12.77837,46.49245],[12.78639,46.48993],[12.78813,46.49075],[12.7907,46.49064],[12.79148,46.49002],[12.79073,46.48875],[12.79221,46.48708],[12.79437,46.48734],[12.79693,46.48691],[12.80025,46.48766],[12.80457,46.48524],[12.80639,46.48556],[12.80763,46.48534],[12.80896,46.48685],[12.81227,46.4879],[12.81763,46.48665],[12.81868,46.48777],[12.81989,46.48787],[12.82092,46.48871],[12.82235,46.48839],[12.8213,46.48777],[12.82094,46.48695],[12.82308,46.48745],[12.82388,46.48738],[12.82319,46.4871],[12.82394,46.48689],[12.82695,46.48725],[12.82753,46.48674],[12.82853,46.48708],[12.82864,46.48777],[12.82978,46.48753],[12.8304,46.48779],[12.83128,46.4873],[12.83212,46.48766],[12.83203,46.48725],[12.83328,46.4877],[12.83332,46.4883],[12.8372,46.48644],[12.8381,46.48678],[12.83855,46.48642],[12.83885,46.48661],[12.839,46.48554],[12.83813,46.4847],[12.83943,46.48433],[12.84091,46.48322],[12.84019,46.48313],[12.84225,46.48257],[12.84167,46.48251],[12.84235,46.48217],[12.84059,46.48217],[12.84484,46.48034],[12.84591,46.48039],[12.84544,46.47961],[12.8466,46.48017],[12.84611,46.47871],[12.84712,46.47891],[12.84686,46.47826],[12.84827,46.47901],[12.849,46.4803],[12.84999,46.47931],[12.85046,46.48047],[12.85124,46.4794],[12.85289,46.47876],[12.85422,46.47899],[12.85409,46.47968],[12.85321,46.48004],[12.85357,46.48232],[12.85323,46.48275],[12.85428,46.48197],[12.8543,46.48292],[12.85508,46.48326],[12.85469,46.48556],[12.85415,46.4859],[12.8554,46.48669],[12.85598,46.4889],[12.85707,46.48963],[12.85572,46.49152],[12.85639,46.49174],[12.85926,46.49118],[12.86096,46.49139],[12.86016,46.4939],[12.86051,46.4991],[12.86134,46.50028],[12.86025,46.50356],[12.85896,46.50457],[12.85889,46.50613],[12.86486,46.50571],[12.86545,46.50653],[12.8659,46.50917],[12.86778,46.51233],[12.86801,46.51369],[12.86676,46.51551],[12.86679,46.51736],[12.8707,46.51946],[12.87392,46.52006],[12.87405,46.52079],[12.87314,46.52109],[12.87207,46.52229],[12.87293,46.52487],[12.87344,46.52581],[12.87374,46.52487],[12.87447,46.52603],[12.87559,46.52637],[12.87645,46.52804],[12.87688,46.52654],[12.87786,46.5283],[12.87851,46.52997],[12.87576,46.53302],[12.87713,46.53279],[12.87881,46.53118],[12.88074,46.5301],[12.88141,46.52916],[12.8828,46.52977],[12.88277,46.53086],[12.88104,46.53392],[12.88023,46.53654],[12.87559,46.5389],[12.87628,46.53959],[12.87645,46.54083],[12.87666,46.54105],[12.87718,46.53985],[12.87825,46.54225],[12.87821,46.54392],[12.87928,46.53989],[12.87997,46.53933],[12.87971,46.54006],[12.88301,46.53873],[12.88138,46.53989],[12.88168,46.54182],[12.88241,46.53993],[12.88323,46.53963],[12.88413,46.53993],[12.88383,46.54083],[12.88512,46.54195],[12.88426,46.54191],[12.88374,46.54246],[12.88392,46.54345],[12.88426,46.54379],[12.88447,46.54294],[12.88589,46.54302],[12.88679,46.54414],[12.88593,46.54418],[12.88653,46.54439],[12.88628,46.54568],[12.88778,46.54551],[12.88683,46.5459],[12.88615,46.54714],[12.88739,46.54615],[12.88829,46.54624],[12.88846,46.54684],[12.88907,46.54701],[12.88859,46.54748],[12.88786,46.5471],[12.88804,46.54774],[12.88838,46.54813],[12.88885,46.54796],[12.89052,46.54989],[12.89233,46.55096],[12.8925,46.5516],[12.88945,46.55221],[12.89258,46.55259],[12.89207,46.55431],[12.89246,46.55521],[12.8937,46.55598],[12.89366,46.55658],[12.89263,46.55577],[12.89173,46.55577],[12.88829,46.5519],[12.88855,46.55293],[12.88795,46.55229],[12.88825,46.55384],[12.88778,46.55336],[12.88778,46.55491],[12.88636,46.55491],[12.88713,46.55577],[12.88636,46.55568],[12.88743,46.55924],[12.89057,46.56053],[12.88997,46.56156],[12.8928,46.56349],[12.8928,46.56572],[12.89331,46.56628],[12.89495,46.56632],[12.89647,46.56592],[12.89934,46.56637],[12.90093,46.56614],[12.90224,46.56538],[12.90218,46.56075],[12.9046,46.56002],[12.90653,46.55867],[12.90741,46.55711],[12.90836,46.55646],[12.90934,46.55652],[12.9115,46.55542],[12.91275,46.55668],[12.91067,46.55934],[12.91059,46.56021],[12.91293,46.56283],[12.91371,46.56274],[12.91556,46.56089],[12.91848,46.56039],[12.92065,46.56074],[12.92466,46.56312],[12.9275,46.56183],[12.92757,46.56023],[12.92677,46.55951],[12.92665,46.5584],[12.92547,46.5565],[12.92656,46.55154],[12.92728,46.55067],[12.92665,46.54913],[12.92441,46.54645],[12.92709,46.5464],[12.9279,46.54574],[12.92926,46.54716],[12.93043,46.54725],[12.92963,46.54709],[12.92916,46.54589],[12.92786,46.54483],[12.9262,46.54588],[12.92412,46.54503],[12.92239,46.5436],[12.92205,46.54211],[12.92114,46.54125],[12.92003,46.54096],[12.92127,46.541],[12.92473,46.54372],[12.92648,46.54303],[12.92872,46.54338],[12.92599,46.54264],[12.92786,46.54247],[12.92854,46.54067],[12.92878,46.53787],[12.92716,46.54025],[12.92786,46.53786],[12.92733,46.53514],[12.92956,46.53529],[12.93175,46.53659],[12.93354,46.53652],[12.93452,46.53717],[12.93658,46.53765],[12.93782,46.53659],[12.93865,46.53674],[12.94058,46.53586],[12.942,46.53577],[12.94042,46.53552],[12.93861,46.53618],[12.93738,46.53593],[12.93657,46.53621],[12.93593,46.53587],[12.93575,46.53459],[12.9348,46.53402],[12.93554,46.53302],[12.93253,46.53247],[12.9302,46.53083],[12.92749,46.53046],[12.92491,46.52909],[12.92374,46.52923],[12.92503,46.5286],[12.92631,46.52877],[12.92774,46.52832],[12.92944,46.52835],[12.93169,46.52861],[12.93433,46.52978],[12.93623,46.52959],[12.9391,46.5301],[12.93502,46.52754],[12.93305,46.52685],[12.93211,46.52457],[12.93141,46.52419],[12.92578,46.52315],[12.92005,46.52094],[12.914,46.52092],[12.90949,46.5204],[12.90833,46.51968],[12.90866,46.51871],[12.90715,46.51871],[12.90636,46.51832],[12.90437,46.51847],[12.90336,46.51789],[12.89988,46.51933],[12.89859,46.51925],[12.89791,46.51841],[12.89731,46.51912],[12.89563,46.51983],[12.89209,46.51882],[12.89235,46.52019],[12.89128,46.52043],[12.89016,46.52],[12.88911,46.51886],[12.88205,46.51912],[12.87947,46.51785],[12.8793,46.51888],[12.87729,46.51873],[12.87759,46.51759],[12.8749,46.51628],[12.87548,46.51534],[12.87374,46.51369],[12.87353,46.51266],[12.87196,46.5115],[12.8704,46.5091],[12.87128,46.5086],[12.87087,46.50777],[12.87196,46.50815],[12.87119,46.50566],[12.87246,46.5039],[12.87368,46.50393],[12.8749,46.50337],[12.87705,46.50347],[12.8758,46.50184],[12.87688,46.50212],[12.87759,46.49966],[12.87902,46.49799],[12.87718,46.49682],[12.87711,46.49489],[12.87632,46.49555],[12.87622,46.49659],[12.87508,46.49467],[12.8751,46.49395],[12.8763,46.49262],[12.87504,46.49004],[12.87525,46.48881],[12.87447,46.4882],[12.87369,46.48632],[12.87226,46.48608],[12.86953,46.48464],[12.87189,46.48399],[12.8759,46.48476],[12.87577,46.4843],[12.877,46.4836],[12.87668,46.48259],[12.87873,46.48343],[12.87912,46.48177],[12.88037,46.48293],[12.88041,46.4822],[12.88075,46.48254],[12.88095,46.48225],[12.88125,46.48263],[12.88161,46.48242],[12.88485,46.48418],[12.88457,46.48288],[12.88498,46.48211],[12.88546,46.48276],[12.88554,46.48225],[12.88573,46.48253],[12.88661,46.48228],[12.88715,46.48285],[12.88713,46.48248],[12.88894,46.48277],[12.88886,46.48191],[12.88999,46.48212],[12.88958,46.48108],[12.89029,46.4808],[12.89206,46.48188],[12.89145,46.48085],[12.89209,46.47893],[12.89096,46.47774],[12.89232,46.47801],[12.89369,46.47884],[12.89341,46.47788],[12.89709,46.47859],[12.89749,46.47883],[12.89701,46.48027],[12.89945,46.47929],[12.89987,46.47821],[12.90209,46.4766],[12.90384,46.47693],[12.9025,46.47707],[12.90185,46.47778],[12.90211,46.47875],[12.90326,46.47977],[12.90487,46.4799],[12.90705,46.47893],[12.90844,46.47915],[12.91129,46.47879],[12.91302,46.479],[12.91293,46.47985],[12.91346,46.47993],[12.91755,46.47955],[12.91914,46.47907],[12.92204,46.47928],[12.92266,46.4797],[12.92153,46.47825],[12.92242,46.47859],[12.92219,46.47827],[12.92038,46.47745],[12.92042,46.47653],[12.92291,46.475],[12.9225,46.47389],[12.92483,46.47187],[12.92206,46.47274],[12.92044,46.47251],[12.91784,46.47285],[12.91701,46.4725],[12.91471,46.47052],[12.91443,46.46951],[12.91514,46.46833],[12.91468,46.46751],[12.91249,46.46688],[12.91352,46.46712],[12.91168,46.46504],[12.91307,46.46585],[12.91214,46.46409],[12.91277,46.4616],[12.91353,46.46406],[12.91496,46.46054],[12.91576,46.46084],[12.91593,46.46283],[12.91815,46.46088],[12.9169,46.45867],[12.91751,46.45737],[12.91663,46.45628],[12.91696,46.4559],[12.91351,46.45563],[12.9127,46.45472],[12.91321,46.45373],[12.91238,46.45313],[12.91083,46.45286],[12.909,46.45305],[12.90613,46.44904],[12.90338,46.44834],[12.90188,46.4475],[12.90196,46.44625],[12.9063,46.44491],[12.90693,46.44437],[12.90689,46.44312],[12.90651,46.44298],[12.90596,46.44352],[12.90561,46.44186],[12.90733,46.43967],[12.91073,46.43756],[12.91394,46.43459],[12.91164,46.43434],[12.91329,46.43171],[12.91431,46.43144],[12.91533,46.43199],[12.91782,46.43227],[12.91857,46.43183],[12.91835,46.43128],[12.91943,46.43112],[12.92026,46.43032],[12.92014,46.42954],[12.92142,46.42937],[12.92238,46.42977],[12.92203,46.42882],[12.92235,46.42784],[12.92483,46.42615],[12.92496,46.42672],[12.92707,46.42441],[12.92743,46.42497],[12.92829,46.42514],[12.92803,46.42597],[12.93049,46.42603],[12.9315,46.42565],[12.93352,46.42644],[12.93449,46.4264],[12.93424,46.42779],[12.9401,46.42935],[12.94054,46.43116],[12.94219,46.4301],[12.94231,46.42685],[12.94395,46.42655],[12.94572,46.42803],[12.94629,46.42921],[12.94812,46.43007],[12.94819,46.43267],[12.94948,46.43437],[12.94921,46.4352],[12.94777,46.43585],[12.94874,46.43682],[12.94879,46.43757],[12.94792,46.43798],[12.94727,46.43763],[12.94735,46.43904],[12.94558,46.4396],[12.94662,46.43998],[12.94897,46.44008],[12.95042,46.44455],[12.95073,46.44418],[12.95084,46.44467],[12.95255,46.44327],[12.95295,46.44386],[12.95348,46.44339],[12.95344,46.44399],[12.95552,46.44293],[12.95518,46.44358],[12.95584,46.44315],[12.95593,46.44199],[12.95676,46.44121],[12.95646,46.4423],[12.95761,46.44117],[12.95749,46.44143],[12.95836,46.44118],[12.95796,46.44015],[12.9583,46.43956],[12.95962,46.44008],[12.95991,46.44142],[12.96069,46.4403],[12.96145,46.4403],[12.96133,46.44102],[12.9622,46.44101],[12.96175,46.44143],[12.96223,46.44176],[12.96269,46.44366],[12.96063,46.44413],[12.95857,46.4456],[12.95906,46.44714],[12.95718,46.44919],[12.95751,46.45033],[12.95906,46.45131],[12.95902,46.45218],[12.95972,46.45293],[12.95835,46.45504],[12.9587,46.4556],[12.9563,46.45588],[12.95366,46.45545],[12.95221,46.45579],[12.95106,46.45791],[12.94941,46.45897],[12.9504,46.46096],[12.94974,46.46119],[12.9533,46.46455],[12.95457,46.46852],[12.95537,46.46918],[12.95517,46.46979],[12.95676,46.47201],[12.95629,46.47379],[12.95241,46.47351],[12.95419,46.4755],[12.95357,46.47613],[12.9529,46.47549],[12.95238,46.47574],[12.95213,46.47753],[12.95266,46.47866],[12.95159,46.48032],[12.95439,46.48192],[12.95549,46.48181],[12.95504,46.48198],[12.95788,46.4812],[12.95964,46.48124],[12.96065,46.48055],[12.9621,46.48032],[12.96558,46.48042],[12.96752,46.48004],[12.97035,46.48167],[12.9711,46.48361],[12.97329,46.48306],[12.97602,46.48103],[12.9792,46.47966],[12.9813,46.47994],[12.98145,46.48067],[12.97944,46.48072],[12.97653,46.48255],[12.97775,46.48232],[12.97622,46.48387],[12.9764,46.48498],[12.97535,46.48563],[12.97694,46.48549],[12.97758,46.4842],[12.97979,46.48404],[12.97939,46.48482],[12.97849,46.48479],[12.97798,46.48702],[12.98126,46.4882],[12.98171,46.48884],[12.98088,46.49017],[12.97938,46.49047],[12.98214,46.49049],[12.98395,46.48953],[12.98575,46.48914],[12.98442,46.48741],[12.98694,46.48801],[12.9875,46.4888],[12.98536,46.49232],[12.98254,46.49401],[12.98403,46.49379],[12.98681,46.49259],[12.98653,46.49293],[12.98121,46.49635],[12.98417,46.49606],[12.98394,46.4967],[12.98451,46.49664],[12.98306,46.49809],[12.9839,46.49815],[12.98373,46.49843],[12.98425,46.49822],[12.98421,46.49867],[12.98456,46.49805],[12.9866,46.49747],[12.98552,46.49845],[12.98556,46.49948],[12.98611,46.49962],[12.98634,46.49917],[12.98749,46.49903],[12.98933,46.49763],[12.98931,46.498],[12.99006,46.49767],[12.99004,46.49683],[12.99172,46.4967],[12.99209,46.49617],[12.99234,46.49678],[12.99156,46.4987],[12.99226,46.50006],[12.99153,46.50067],[12.9919,46.50253],[12.99067,46.50308],[12.98923,46.50471],[12.9898,46.50655],[12.99052,46.50688],[12.99056,46.50838],[12.98787,46.51117],[12.9869,46.51429],[12.98814,46.51482],[12.99018,46.51486],[12.99135,46.51439],[12.99269,46.51302],[12.99409,46.51361],[13.00052,46.51317],[13.00174,46.51344],[13.00166,46.51469],[13.00312,46.51602],[13.0056,46.5199],[13.00782,46.52212],[13.0082,46.5233],[13.01213,46.52486],[13.01865,46.52821],[13.02219,46.53069],[13.03483,46.53143],[13.03936,46.53202],[13.03944,46.53249],[13.04416,46.53308],[13.04498,46.53262],[13.05369,46.53418],[13.05369,46.53492],[13.05485,46.53535],[13.05919,46.53531],[13.0636,46.53622],[13.06722,46.53606],[13.07213,46.53783],[13.07101,46.53879],[13.07117,46.53925],[13.07312,46.53811],[13.0721,46.53951],[13.07426,46.53865],[13.07603,46.53879],[13.0764,46.53904],[13.07572,46.53915],[13.07593,46.53933],[13.07685,46.53923],[13.07722,46.53955],[13.07547,46.53997],[13.0765,46.53996],[13.07665,46.54025],[13.07577,46.54022],[13.07528,46.54093],[13.07628,46.54073],[13.0762,46.54099],[13.07501,46.54187],[13.07762,46.54137],[13.07862,46.54072],[13.07996,46.54102],[13.08069,46.54052],[13.0848,46.5403],[13.08629,46.54061],[13.0838,46.54116],[13.082,46.54208],[13.08224,46.54245],[13.07976,46.54303],[13.07911,46.54339],[13.07893,46.54414],[13.07745,46.54484],[13.07746,46.54515],[13.07783,46.54463],[13.07809,46.54587],[13.07851,46.54522],[13.07988,46.54471],[13.08265,46.54436],[13.08571,46.54538],[13.08619,46.54596],[13.08612,46.54654],[13.08458,46.54578],[13.08296,46.54635],[13.08458,46.5473],[13.08497,46.54842],[13.08151,46.55082],[13.08064,46.55222],[13.07899,46.55353],[13.0783,46.555],[13.07761,46.5549],[13.07639,46.55562],[13.07586,46.55547],[13.07432,46.55461],[13.07383,46.55328],[13.07282,46.55265],[13.07139,46.55253],[13.06899,46.55149],[13.0673,46.55157],[13.06685,46.55296],[13.06732,46.55445],[13.0657,46.55804],[13.06656,46.55974],[13.0661,46.5613],[13.0625,46.56278],[13.06044,46.56521],[13.05764,46.56593],[13.05869,46.56564],[13.06056,46.56582],[13.06238,46.56452],[13.06521,46.56373],[13.06598,46.56453],[13.06479,46.56408],[13.06205,46.56608],[13.062,46.56677],[13.0634,46.56759],[13.06274,46.56862],[13.06294,46.56959],[13.06103,46.57011],[13.05834,46.56912],[13.0567,46.56959],[13.05517,46.56928],[13.05461,46.56894],[13.05553,46.56948],[13.05821,46.56911],[13.06079,46.57011],[13.06294,46.56959],[13.06274,46.56862],[13.0634,46.56759],[13.062,46.56677],[13.06212,46.56591],[13.06479,46.56408],[13.06602,46.56462],[13.06536,46.56397],[13.06482,46.56372],[13.06248,46.56447],[13.06062,46.56582],[13.05891,46.56561],[13.05764,46.56593],[13.06033,46.56525],[13.0623,46.56295],[13.06364,46.56204],[13.06472,46.56205],[13.0661,46.5613],[13.06661,46.55998],[13.0657,46.55804],[13.06732,46.55445],[13.06685,46.55296],[13.06743,46.55144],[13.06938,46.55159],[13.07118,46.55244],[13.07331,46.55288],[13.07428,46.55453],[13.07659,46.5555],[13.0774,46.55495],[13.07848,46.55496],[13.08008,46.55225],[13.08497,46.54842],[13.08476,46.54748],[13.08296,46.54635],[13.08446,46.5458],[13.08612,46.54662],[13.08571,46.54538],[13.08265,46.54436],[13.07863,46.5451],[13.07828,46.54578],[13.07802,46.54471],[13.07741,46.54506],[13.07767,46.54451],[13.0788,46.54425],[13.07947,46.54311],[13.08205,46.54259],[13.08232,46.54185],[13.0838,46.54116],[13.08642,46.5408],[13.08504,46.54029],[13.08069,46.54052],[13.08012,46.54101],[13.0785,46.5407],[13.08008,46.54072],[13.08092,46.54017],[13.08211,46.54026],[13.08311,46.53925],[13.08399,46.53952],[13.08425,46.53869],[13.08696,46.53812],[13.08697,46.53778],[13.08472,46.53728],[13.08504,46.53672],[13.08196,46.53591],[13.08615,46.53569],[13.08768,46.53458],[13.08723,46.53352],[13.08602,46.53313],[13.08547,46.53205],[13.08736,46.53149],[13.08672,46.53213],[13.09343,46.53052],[13.0909,46.53194],[13.09573,46.53069],[13.09424,46.53144],[13.09836,46.53125],[13.09947,46.53168],[13.10171,46.53166],[13.10343,46.5321],[13.10535,46.5316],[13.10673,46.53193],[13.11263,46.53157],[13.11176,46.53105],[13.11434,46.53075],[13.11549,46.53007],[13.11662,46.52834],[13.11798,46.52729],[13.11903,46.52782],[13.1196,46.52734],[13.12008,46.52769],[13.12102,46.53025],[13.12471,46.5323],[13.12281,46.53213],[13.12344,46.5331],[13.12582,46.5341],[13.12546,46.5351],[13.12483,46.53529],[13.1249,46.53609],[13.12384,46.53679],[13.12229,46.53709],[13.12197,46.53903],[13.12338,46.54196],[13.12431,46.54241],[13.12129,46.54469],[13.12375,46.54419],[13.12169,46.54571],[13.12255,46.547],[13.12214,46.54826],[13.12319,46.54908],[13.12317,46.55059],[13.12258,46.5534],[13.1206,46.55566],[13.12469,46.55541],[13.12914,46.55601],[13.1276,46.55751],[13.12593,46.55784],[13.12588,46.55869],[13.12507,46.55899],[13.12501,46.55988],[13.12381,46.56071],[13.124,46.56111],[13.12172,46.56125],[13.12143,46.56234],[13.11953,46.56251],[13.11885,46.56309],[13.11809,46.56287],[13.11662,46.56392],[13.11517,46.56399],[13.11493,46.5643],[13.11491,46.56551],[13.11574,46.5652],[13.11588,46.56551],[13.11704,46.56485],[13.11727,46.56512],[13.1195,46.56479],[13.12068,46.56511],[13.11957,46.56477],[13.11709,46.56483],[13.11622,46.5654],[13.1157,46.5652],[13.11492,46.56552],[13.11501,46.56402],[13.11398,46.56448],[13.11274,46.56638],[13.11253,46.56796],[13.11337,46.57002],[13.11309,46.5711],[13.11146,46.56973],[13.11121,46.57026],[13.11154,46.57181],[13.1122,46.57215],[13.11178,46.5738],[13.11116,46.57434],[13.11134,46.57509],[13.11395,46.57712],[13.11334,46.57766],[13.11452,46.57851],[13.11326,46.57909],[13.11607,46.5801],[13.11833,46.58008],[13.11913,46.58093],[13.11942,46.58043],[13.12748,46.58056],[13.13158,46.58008],[13.13621,46.57839],[13.13752,46.57669],[13.14202,46.57484],[13.14379,46.575],[13.14415,46.57544],[13.1492,46.57529],[13.15087,46.5762],[13.15199,46.5774],[13.15161,46.57771],[13.15127,46.57732],[13.1497,46.57752],[13.15013,46.57799],[13.149,46.57895],[13.14632,46.57841],[13.14632,46.57941],[13.14482,46.57882],[13.14421,46.58081],[13.14256,46.58317],[13.14037,46.58494],[13.13899,46.58744],[13.13887,46.58872],[13.13782,46.58963],[13.13968,46.59203],[13.13844,46.59253],[13.13658,46.59259],[13.13659,46.59406],[13.13413,46.59581],[13.13565,46.59566],[13.13691,46.59761],[13.13951,46.5989],[13.13935,46.59935],[13.13826,46.59943],[13.13829,46.59972],[13.13977,46.60056],[13.14085,46.60072],[13.14062,46.60105],[13.14129,46.60147],[13.14057,46.60176],[13.14249,46.6034],[13.1424,46.60373],[13.14446,46.60407],[13.14703,46.60638],[13.14745,46.60831],[13.1468,46.60903],[13.14708,46.61204],[13.14606,46.61298],[13.14726,46.61415],[13.14853,46.61466],[13.14954,46.61591],[13.14949,46.61827],[13.14888,46.61963],[13.14969,46.62062],[13.14741,46.62176],[13.14171,46.62368],[13.13139,46.62488],[13.13274,46.62546],[13.13695,46.62577],[13.14907,46.62574],[13.15396,46.62537],[13.15304,46.62584],[13.15407,46.6265],[13.15746,46.62645],[13.15705,46.62727],[13.16044,46.62787],[13.16063,46.62842],[13.15869,46.62826],[13.15729,46.62874],[13.15857,46.62891],[13.15791,46.62936],[13.1586,46.62948],[13.15757,46.63091],[13.16064,46.6315],[13.16012,46.63383],[13.16063,46.63442],[13.16063,46.63585],[13.1614,46.63649],[13.16412,46.63748],[13.16695,46.63743],[13.16952,46.63633],[13.17025,46.63535],[13.17157,46.63476],[13.17487,46.63509],[13.17842,46.63484],[13.18025,46.63756],[13.18309,46.64025],[13.18327,46.64107],[13.18309,46.64025],[13.18048,46.63782],[13.17825,46.6348],[13.17487,46.63509],[13.17157,46.63476],[13.17025,46.63535],[13.16976,46.63619],[13.16695,46.63743],[13.16412,46.63748],[13.1614,46.63649],[13.16063,46.63585],[13.16011,46.63332],[13.16076,46.63157],[13.15757,46.63091],[13.1586,46.62948],[13.15778,46.62949],[13.15865,46.62904],[13.15729,46.62874],[13.15869,46.62826],[13.16063,46.62842],[13.16044,46.62787],[13.15713,46.62737],[13.15752,46.62663],[13.15709,46.62638],[13.15682,46.62664],[13.15407,46.6265],[13.15304,46.62584],[13.15396,46.62537],[13.14907,46.62574],[13.13695,46.62577],[13.13274,46.62546],[13.13139,46.62488],[13.14171,46.62368],[13.14741,46.62176],[13.14969,46.62062],[13.14888,46.61963],[13.14948,46.61841],[13.14954,46.61591],[13.14853,46.61466],[13.14603,46.61307],[13.14708,46.6119],[13.14677,46.60914],[13.14748,46.60807],[13.14711,46.60653],[13.14465,46.60417],[13.1426,46.60386],[13.14057,46.60176],[13.14141,46.60139],[13.1406,46.60116],[13.14093,46.6009],[13.13829,46.59972],[13.13812,46.59945],[13.13935,46.59935],[13.13933,46.59868],[13.1381,46.59849],[13.13691,46.59761],[13.13551,46.59559],[13.13422,46.5959],[13.13651,46.59417],[13.13658,46.59259],[13.13877,46.59249],[13.13951,46.59212],[13.13782,46.58963],[13.13888,46.58878],[13.1388,46.58757],[13.14035,46.58566],[13.14037,46.58494],[13.14256,46.58317],[13.14415,46.58095],[13.1448,46.57886],[13.14621,46.57936],[13.14624,46.57843],[13.14934,46.57896],[13.15008,46.57818],[13.1497,46.57757],[13.15112,46.57733],[13.15151,46.57773],[13.15704,46.57482],[13.1595,46.57409],[13.15901,46.57345],[13.15929,46.57274],[13.16055,46.57377],[13.16339,46.5722],[13.16519,46.57007],[13.16988,46.56746],[13.17157,46.56519],[13.17336,46.56387],[13.17874,46.56076],[13.18553,46.55925],[13.18888,46.55623],[13.19159,46.55466],[13.19133,46.55205],[13.19732,46.55152],[13.19744,46.55058],[13.20031,46.55056],[13.2026,46.54951],[13.20414,46.54611],[13.20423,46.54331],[13.20514,46.5419],[13.20631,46.537],[13.21128,46.52896],[13.21663,46.52673],[13.22492,46.52628],[13.22892,46.52502],[13.23346,46.525],[13.24278,46.52664],[13.25056,46.52664],[13.25365,46.52493],[13.25924,46.52455],[13.26262,46.52326],[13.27853,46.51965],[13.28671,46.51718],[13.29019,46.51737],[13.29142,46.51703],[13.29317,46.51453],[13.29685,46.51176],[13.29405,46.51212],[13.29037,46.51404],[13.28843,46.51359],[13.28786,46.51259],[13.28416,46.51003],[13.28411,46.50846],[13.28234,46.50887],[13.27948,46.50727],[13.27196,46.50853],[13.26558,46.50668],[13.26285,46.5072],[13.25813,46.50635],[13.25583,46.50533],[13.25363,46.50585],[13.25368,46.50537],[13.25109,46.50278],[13.2503,46.50369],[13.25153,46.50434],[13.25106,46.50607],[13.2495,46.50441],[13.24906,46.50634],[13.24827,46.50489],[13.24619,46.50395],[13.24394,46.50369],[13.2443,46.50224],[13.24098,46.50144],[13.24234,46.50305],[13.24122,46.50363],[13.2347,46.49962],[13.23015,46.49933],[13.22207,46.49626],[13.22018,46.49611],[13.21906,46.49654],[13.21789,46.49622],[13.21591,46.4967],[13.21658,46.49586],[13.21418,46.49636],[13.21297,46.49539],[13.2085,46.49526],[13.20721,46.49411],[13.2028,46.49338],[13.20192,46.49253],[13.20103,46.49244],[13.20072,46.49101],[13.19477,46.48856],[13.19281,46.48547],[13.19283,46.48383],[13.18862,46.48083],[13.18942,46.47899],[13.18925,46.47602],[13.19039,46.47441],[13.19095,46.47232],[13.19033,46.46862],[13.1907,46.46103],[13.18947,46.45834],[13.1907,46.45595],[13.18815,46.45355],[13.18729,46.45066],[13.1873,46.44786],[13.19297,46.4431],[13.1951,46.43987],[13.19804,46.43742],[13.20241,46.42662],[13.20199,46.42393],[13.20122,46.42273],[13.19806,46.4201],[13.19827,46.41708],[13.20028,46.4142],[13.19727,46.40939],[13.19845,46.40855],[13.19753,46.40696],[13.19473,46.4045],[13.18589,46.39993],[13.19003,46.39875],[13.19323,46.39703],[13.20851,46.39549],[13.21815,46.39313],[13.21782,46.39039],[13.21839,46.38936],[13.22025,46.38886],[13.22211,46.38983],[13.22464,46.39001],[13.22496,46.38839],[13.22669,46.38662],[13.23217,46.38432],[13.23479,46.38386],[13.2385,46.38248],[13.23994,46.38161],[13.24261,46.38155],[13.24676,46.38042],[13.24965,46.38042],[13.25335,46.37959],[13.26088,46.37888],[13.2679,46.3798],[13.26941,46.37965],[13.27381,46.37675],[13.27838,46.37698],[13.28135,46.37421],[13.28707,46.37362],[13.28991,46.37192],[13.29426,46.37059],[13.29499,46.36999],[13.29497,46.36856],[13.29581,46.36765],[13.29624,46.36564],[13.29809,46.36428],[13.29816,46.36321],[13.29653,46.36201],[13.29518,46.35955],[13.29544,46.35851],[13.29436,46.35597],[13.29455,46.35371],[13.29304,46.35174],[13.29267,46.34967],[13.29351,46.34698],[13.29443,46.34649],[13.29548,46.34436],[13.29622,46.34386],[13.29782,46.34326],[13.29753,46.34352],[13.29806,46.34356],[13.29962,46.34277],[13.30047,46.34301],[13.29947,46.34413],[13.30134,46.34417],[13.30531,46.34327],[13.30664,46.34211],[13.30775,46.34211],[13.30902,46.34058],[13.30914,46.34132],[13.31071,46.34015],[13.3103,46.34191],[13.31416,46.33891],[13.32356,46.33497],[13.32618,46.33579],[13.33009,46.33537],[13.33283,46.33391],[13.33669,46.33294],[13.33876,46.3318],[13.33956,46.33192],[13.34247,46.33109],[13.34327,46.3314],[13.34397,46.33095],[13.34644,46.33057],[13.34909,46.32927],[13.35025,46.32906],[13.35088,46.32981],[13.35185,46.32992],[13.35393,46.32894],[13.35495,46.32927],[13.36227,46.32827],[13.36346,46.32853],[13.36699,46.32784],[13.36775,46.3282],[13.37352,46.32529],[13.37786,46.32424],[13.37851,46.32331],[13.38344,46.32253],[13.38913,46.32046],[13.39064,46.31911],[13.39079,46.3174],[13.3917,46.3168],[13.39238,46.31463],[13.39338,46.31465],[13.39318,46.31397],[13.39387,46.31318],[13.39539,46.31255],[13.39539,46.31166],[13.39472,46.31086],[13.39568,46.30863],[13.39686,46.30743],[13.40497,46.3057],[13.40701,46.30613],[13.40952,46.30592],[13.41413,46.30638],[13.41716,46.30551]]}},{"type":"Feature","properties":{"name":"TET_I-11_20260427","country":"IT","lengthKm":229.3},"geometry":{"type":"LineString","coordinates":[[8.38906,40.83746],[8.3878,40.83779],[8.38812,40.83485],[8.38421,40.83179],[8.3814,40.83038],[8.37946,40.82866],[8.37723,40.82741],[8.37646,40.82637],[8.37581,40.81492],[8.36254,40.8149],[8.36068,40.81452],[8.35992,40.81493],[8.34027,40.81544],[8.33659,40.81668],[8.32569,40.82151],[8.32411,40.8232],[8.32283,40.82675],[8.32184,40.82798],[8.32009,40.82915],[8.31799,40.82978],[8.30811,40.83129],[8.29894,40.83429],[8.29009,40.83631],[8.28613,40.83657],[8.28319,40.83901],[8.2816,40.8418],[8.27933,40.84289],[8.27616,40.8432],[8.27646,40.84392],[8.27609,40.8461],[8.27724,40.84866],[8.27679,40.85071],[8.27563,40.85165],[8.27415,40.85159],[8.27347,40.85228],[8.27349,40.85463],[8.27222,40.85648],[8.26998,40.85759],[8.26866,40.86009],[8.26895,40.86073],[8.2679,40.86362],[8.26471,40.8664],[8.26255,40.86897],[8.26676,40.86911],[8.27253,40.86845],[8.27434,40.86786],[8.27434,40.86812],[8.27192,40.87053],[8.267,40.87433],[8.26374,40.87796],[8.26124,40.87376],[8.26049,40.8714],[8.26255,40.86897],[8.26035,40.86931],[8.25265,40.86736],[8.24637,40.87046],[8.24464,40.87069],[8.24234,40.86928],[8.24149,40.868],[8.23723,40.86648],[8.23715,40.86612],[8.23761,40.86633],[8.23492,40.87105],[8.23629,40.88184],[8.23598,40.8883],[8.23311,40.89454],[8.23375,40.8999],[8.23149,40.90442],[8.23169,40.9051],[8.23112,40.90563],[8.23003,40.9102],[8.23021,40.91702],[8.22964,40.91945],[8.23074,40.9201],[8.23111,40.92082],[8.2298,40.92225],[8.22965,40.92299],[8.2298,40.92359],[8.23078,40.92412],[8.23078,40.92471],[8.22953,40.92533],[8.22919,40.92698],[8.22705,40.92972],[8.22698,40.93137],[8.22751,40.93222],[8.22707,40.93288],[8.2279,40.9337],[8.22669,40.93423],[8.22467,40.93416],[8.2242,40.93362],[8.22317,40.93387],[8.22158,40.93675],[8.22282,40.94076],[8.22375,40.94176],[8.22437,40.94182],[8.22402,40.94204],[8.22437,40.94182],[8.22444,40.94244],[8.22596,40.94388],[8.22558,40.94383],[8.22596,40.94388],[8.22544,40.94578],[8.22384,40.94962],[8.22385,40.9512],[8.22246,40.95236],[8.22245,40.95326],[8.22124,40.9556],[8.21847,40.95744],[8.21382,40.95893],[8.2123,40.95981],[8.2117,40.96256],[8.20941,40.96461],[8.20603,40.9686],[8.20482,40.96892],[8.20405,40.96836],[8.20367,40.96748],[8.20508,40.96665],[8.2049,40.96529],[8.2053,40.96427],[8.20947,40.95992],[8.20991,40.95962],[8.21288,40.95942],[8.21581,40.95816],[8.21522,40.95432],[8.21443,40.95313],[8.21485,40.9517],[8.21778,40.94806],[8.2198,40.94676],[8.22105,40.94387],[8.22188,40.94316],[8.22281,40.9413],[8.2216,40.93772],[8.22163,40.93651],[8.2234,40.93324],[8.2262,40.92488],[8.22981,40.91901],[8.23021,40.91702],[8.22995,40.91115],[8.23114,40.90552],[8.23082,40.905],[8.23362,40.90036],[8.23311,40.89454],[8.23598,40.8883],[8.23629,40.88184],[8.23492,40.87105],[8.23861,40.86362],[8.23913,40.86143],[8.23443,40.86025],[8.23083,40.85534],[8.23075,40.85412],[8.2297,40.85216],[8.22809,40.85155],[8.22689,40.84729],[8.22278,40.84647],[8.21915,40.84691],[8.2192,40.84587],[8.22414,40.84265],[8.22552,40.8405],[8.22761,40.83935],[8.23637,40.83602],[8.23218,40.83506],[8.22978,40.83294],[8.22619,40.83244],[8.22002,40.82993],[8.21641,40.82937],[8.21644,40.82977],[8.21475,40.83111],[8.21168,40.83039],[8.21047,40.82824],[8.20922,40.82771],[8.20522,40.82838],[8.20166,40.82834],[8.19791,40.8253],[8.19625,40.82462],[8.19487,40.8232],[8.19221,40.81932],[8.19208,40.81769],[8.18876,40.8165],[8.18988,40.81429],[8.1909,40.81339],[8.19326,40.81241],[8.19424,40.81069],[8.19383,40.80867],[8.1928,40.80822],[8.19284,40.80704],[8.19163,40.80548],[8.19136,40.80441],[8.1919,40.80319],[8.18856,40.80056],[8.18719,40.80041],[8.18706,40.79878],[8.18385,40.79688],[8.18326,40.79603],[8.18216,40.79574],[8.18127,40.79602],[8.18021,40.79707],[8.17797,40.79706],[8.1782,40.79623],[8.17774,40.79538],[8.17501,40.79416],[8.17713,40.79048],[8.17825,40.78994],[8.18012,40.78997],[8.18191,40.78861],[8.18546,40.78709],[8.18622,40.78535],[8.18377,40.78455],[8.18298,40.78339],[8.18253,40.78047],[8.18367,40.77963],[8.18388,40.77887],[8.18289,40.77611],[8.1832,40.77533],[8.18204,40.77404],[8.18521,40.77264],[8.18679,40.77309],[8.18929,40.77279],[8.18923,40.77099],[8.19129,40.76702],[8.18993,40.76485],[8.18825,40.7645],[8.18723,40.76348],[8.18552,40.76333],[8.18505,40.76276],[8.18345,40.76255],[8.18285,40.76211],[8.18247,40.75862],[8.18281,40.7576],[8.18237,40.75701],[8.18278,40.75508],[8.18208,40.7539],[8.18169,40.75478],[8.17997,40.75482],[8.17825,40.75354],[8.17571,40.75249],[8.17537,40.75195],[8.17119,40.75205],[8.16732,40.75083],[8.16426,40.75098],[8.15977,40.74971],[8.15749,40.74959],[8.1588,40.74882],[8.15961,40.74777],[8.15721,40.74798],[8.1571,40.74697],[8.15607,40.74724],[8.15648,40.74613],[8.15627,40.74523],[8.15688,40.74466],[8.15626,40.74413],[8.15704,40.74359],[8.15725,40.74244],[8.15678,40.74114],[8.15611,40.7408],[8.15489,40.74108],[8.15258,40.74008],[8.15158,40.74044],[8.15209,40.73971],[8.15024,40.7393],[8.14826,40.73952],[8.15049,40.74065],[8.1502,40.7413],[8.14874,40.74142],[8.14846,40.74187],[8.15001,40.74306],[8.14779,40.74335],[8.14905,40.74339],[8.15006,40.74299],[8.14846,40.74187],[8.14874,40.74142],[8.1502,40.7413],[8.15049,40.74065],[8.14757,40.73923],[8.14902,40.73777],[8.14788,40.73697],[8.14747,40.73815],[8.14523,40.73868],[8.14626,40.73866],[8.14764,40.73803],[8.14753,40.73713],[8.14819,40.73699],[8.14883,40.73571],[8.14848,40.73506],[8.14931,40.73441],[8.14931,40.73282],[8.14765,40.73161],[8.14688,40.73206],[8.14646,40.73197],[8.14673,40.73179],[8.14485,40.73172],[8.14532,40.73104],[8.14445,40.72985],[8.14494,40.72912],[8.14393,40.72958],[8.1431,40.73068],[8.1421,40.72982],[8.14031,40.72976],[8.1409,40.72952],[8.14031,40.72976],[8.1421,40.72982],[8.1431,40.73068],[8.14393,40.72958],[8.14494,40.72912],[8.14445,40.72985],[8.14532,40.73104],[8.14485,40.73172],[8.14673,40.73179],[8.14646,40.73197],[8.14688,40.73206],[8.14765,40.73161],[8.14928,40.73279],[8.14931,40.73441],[8.14848,40.73506],[8.14883,40.73571],[8.14814,40.73669],[8.14907,40.73805],[8.1477,40.73898],[8.14774,40.73944],[8.15028,40.73929],[8.15208,40.73966],[8.1515,40.74041],[8.15258,40.74008],[8.15489,40.74108],[8.15781,40.74019],[8.15928,40.74101],[8.15986,40.74216],[8.15774,40.74551],[8.1571,40.74697],[8.15721,40.74798],[8.15905,40.748],[8.16092,40.74708],[8.16329,40.74759],[8.16766,40.7472],[8.16777,40.7475],[8.16543,40.74841],[8.1655,40.74896],[8.16636,40.74909],[8.1686,40.74821],[8.17306,40.74801],[8.17391,40.74826],[8.17648,40.74778],[8.17868,40.74855],[8.18031,40.74806],[8.1819,40.74814],[8.18356,40.74879],[8.18415,40.74942],[8.18633,40.74858],[8.18909,40.74821],[8.19299,40.74522],[8.19641,40.74544],[8.19848,40.74601],[8.20031,40.74595],[8.20192,40.74652],[8.20504,40.74575],[8.20571,40.74538],[8.20782,40.73803],[8.21194,40.73389],[8.21428,40.73222],[8.21527,40.73072],[8.21512,40.72823],[8.21559,40.72583],[8.21673,40.72359],[8.21689,40.72163],[8.2163,40.72082],[8.21838,40.7191],[8.21806,40.7181],[8.21895,40.71618],[8.22006,40.7158],[8.22107,40.71476],[8.22259,40.7145],[8.22281,40.71227],[8.2236,40.71107],[8.22608,40.70961],[8.22841,40.70257],[8.23036,40.70052],[8.23238,40.69703],[8.23464,40.69565],[8.23636,40.69278],[8.24214,40.69005],[8.2454,40.65687],[8.21059,40.65469],[8.20923,40.65413],[8.20098,40.64779],[8.19647,40.62394],[8.20791,40.62062],[8.21575,40.61481],[8.218,40.60913],[8.21973,40.60788],[8.22682,40.60847],[8.23077,40.60825],[8.23134,40.60893],[8.2324,40.6079],[8.23198,40.60544],[8.23301,40.60371],[8.23417,40.60335],[8.23374,40.60171],[8.23489,40.5997],[8.2379,40.59817],[8.24039,40.59795],[8.24205,40.59934],[8.2428,40.60107],[8.24381,40.59979],[8.24325,40.59733],[8.24453,40.59557],[8.24621,40.59463],[8.25183,40.594],[8.25138,40.59268],[8.2584,40.59143],[8.28326,40.59562],[8.29077,40.59471],[8.29349,40.59407],[8.30156,40.5907],[8.30815,40.58643],[8.31042,40.58431],[8.31232,40.57969],[8.31397,40.57708],[8.31758,40.57295],[8.31916,40.56843],[8.31841,40.56605],[8.31504,40.56051],[8.31493,40.55936],[8.31543,40.5587],[8.31609,40.55901],[8.31521,40.56042],[8.31878,40.56662],[8.31937,40.56905],[8.32192,40.57076],[8.32257,40.57288],[8.31952,40.57751],[8.31819,40.58161],[8.31688,40.5815],[8.31232,40.57969],[8.31397,40.57708],[8.31747,40.57315],[8.31919,40.56906],[8.31871,40.56664],[8.31504,40.56051],[8.31493,40.55936],[8.31543,40.5587],[8.3359,40.56792],[8.33987,40.57017],[8.34796,40.57263],[8.35068,40.57296],[8.36359,40.576],[8.36853,40.57469],[8.37349,40.57413],[8.37777,40.57591],[8.38211,40.57671],[8.38432,40.57795],[8.38953,40.57897],[8.39897,40.57779],[8.40217,40.57861],[8.41398,40.57923],[8.414,40.58037],[8.4127,40.58126],[8.41274,40.5816],[8.41404,40.58325],[8.41638,40.58392],[8.41796,40.58373],[8.41933,40.5831],[8.4222,40.58324],[8.42643,40.58226],[8.42667,40.58107],[8.42782,40.57949],[8.42906,40.57936],[8.42989,40.58002],[8.43187,40.58027],[8.43425,40.57939],[8.43697,40.57966],[8.43977,40.57943],[8.44521,40.5771],[8.44897,40.57394],[8.4516,40.57235],[8.45746,40.56597],[8.45827,40.56622],[8.45821,40.5627],[8.46019,40.5606],[8.46115,40.56049],[8.46125,40.56118],[8.46396,40.56177],[8.46744,40.56406],[8.46983,40.56754],[8.47089,40.56857],[8.47264,40.56937],[8.4732,40.57243],[8.47643,40.57554],[8.47889,40.57636],[8.48137,40.57646],[8.48205,40.57754],[8.48341,40.57834],[8.48386,40.57925],[8.48763,40.5791],[8.48991,40.57971],[8.49069,40.58035],[8.48956,40.58166],[8.49176,40.58296],[8.49349,40.58262],[8.49513,40.58323],[8.50076,40.58337],[8.50566,40.58303],[8.50822,40.58429],[8.51,40.58446],[8.51615,40.58264],[8.52032,40.58021],[8.52304,40.5796],[8.52525,40.57954],[8.52626,40.58048],[8.52737,40.58085],[8.52805,40.58067],[8.53084,40.58195],[8.53334,40.57841],[8.53277,40.58013],[8.53318,40.58318],[8.53639,40.58564],[8.5389,40.58591],[8.54214,40.58551],[8.5426,40.58614],[8.54454,40.58714],[8.54687,40.5877],[8.55252,40.58666],[8.5585,40.584],[8.5592,40.58444],[8.55877,40.58497],[8.55931,40.58617],[8.56291,40.58845],[8.56421,40.58843],[8.56413,40.59023],[8.56459,40.59114],[8.56266,40.59198],[8.56217,40.59277],[8.56522,40.59424],[8.56596,40.59608],[8.56821,40.59813],[8.56746,40.59887],[8.56754,40.59974],[8.5687,40.60001],[8.56852,40.60186],[8.56909,40.60334],[8.57111,40.60414],[8.56998,40.60435],[8.57092,40.6051],[8.57192,40.60835],[8.57164,40.61028],[8.57209,40.61225],[8.57313,40.6134],[8.57399,40.61358],[8.57338,40.61927],[8.57173,40.61997],[8.56799,40.62053],[8.57167,40.62276],[8.57466,40.62231],[8.57474,40.62289],[8.57771,40.62289],[8.57918,40.62396],[8.58102,40.62104],[8.5807,40.61932],[8.58326,40.61731],[8.5832,40.61784],[8.58359,40.61755],[8.58276,40.61881],[8.58255,40.62016],[8.58298,40.6207],[8.58326,40.62037],[8.58323,40.62127],[8.58368,40.62161],[8.58534,40.62137],[8.58748,40.62161],[8.59127,40.62065],[8.59467,40.62036],[8.59631,40.61967],[8.59686,40.618],[8.59732,40.61774],[8.59847,40.61932],[8.59949,40.61996],[8.60089,40.62035],[8.60304,40.61998],[8.60708,40.61442],[8.61082,40.61203],[8.61085,40.61103],[8.61218,40.60985],[8.61219,40.60863],[8.6133,40.6075],[8.61407,40.6035],[8.61497,40.60275],[8.61452,40.60113],[8.61497,40.60072],[8.61541,40.5981],[8.61617,40.59801],[8.62151,40.59312],[8.62624,40.59119],[8.62662,40.59043],[8.62808,40.5906],[8.63668,40.58804],[8.6385,40.58663],[8.63781,40.58504],[8.64069,40.58508],[8.64136,40.58581],[8.64261,40.58603],[8.64382,40.5857],[8.64533,40.58648],[8.64634,40.58479],[8.65177,40.58401],[8.65812,40.581],[8.66244,40.5769],[8.66456,40.57366],[8.66534,40.57147],[8.66549,40.56864],[8.66614,40.56762],[8.66543,40.56707],[8.66329,40.56319],[8.66416,40.56232],[8.66287,40.5617],[8.66203,40.56018],[8.66258,40.56004],[8.66293,40.55898],[8.66366,40.55906],[8.66369,40.55859],[8.66475,40.55912],[8.66498,40.55787],[8.66717,40.55679],[8.66971,40.55487],[8.67225,40.55252],[8.67279,40.55141],[8.67453,40.55019],[8.67626,40.54966],[8.67646,40.54904],[8.67927,40.54904],[8.68158,40.54837],[8.68314,40.54766],[8.68443,40.54652],[8.68679,40.54581],[8.68559,40.54819],[8.68551,40.54928],[8.68758,40.55241],[8.68668,40.55408],[8.68775,40.55552],[8.68788,40.55678],[8.69013,40.55921],[8.69089,40.56103],[8.68957,40.56252],[8.68984,40.56676],[8.69128,40.56887],[8.69245,40.56983],[8.69524,40.56963],[8.69654,40.56915],[8.69747,40.56831],[8.69884,40.56812],[8.69707,40.5678],[8.69496,40.56828],[8.69352,40.56779],[8.69261,40.56704],[8.69215,40.56613],[8.69234,40.56499],[8.69317,40.5645],[8.69467,40.56454],[8.69527,40.56301],[8.69881,40.56239],[8.70114,40.56277],[8.70205,40.56234],[8.70317,40.56246],[8.70658,40.56162],[8.70693,40.56106],[8.71042,40.56009],[8.71335,40.56112],[8.71737,40.56154],[8.72458,40.55906],[8.72786,40.55864],[8.72885,40.55539],[8.72995,40.55547],[8.73014,40.55695],[8.73102,40.55717],[8.73053,40.55846],[8.73294,40.55895],[8.73399,40.56189],[8.7356,40.56261],[8.73721,40.56469],[8.73884,40.56562],[8.73931,40.56744],[8.73866,40.56783],[8.73529,40.56758],[8.7342,40.56782],[8.73357,40.56891],[8.72959,40.57215],[8.72954,40.57296],[8.72858,40.57409],[8.72713,40.57441],[8.72723,40.57576],[8.72657,40.57664],[8.72481,40.57775],[8.72443,40.57933],[8.72799,40.57902],[8.72949,40.57854],[8.73088,40.57941],[8.73192,40.58073],[8.73184,40.58377],[8.73289,40.58274],[8.73346,40.58268],[8.73847,40.58421],[8.74246,40.58451],[8.74347,40.58562],[8.74777,40.58277],[8.75123,40.57831],[8.75067,40.57653],[8.75749,40.57195],[8.75826,40.56976],[8.75995,40.56882],[8.76499,40.56233],[8.75978,40.56371],[8.75934,40.56284],[8.75637,40.56322],[8.75583,40.56296],[8.756,40.56098],[8.75477,40.55664],[8.75522,40.555],[8.75708,40.55631],[8.75981,40.55523],[8.76171,40.55629],[8.76264,40.5558],[8.76248,40.55417],[8.76281,40.55318],[8.76333,40.55303],[8.76266,40.55127],[8.76326,40.55044],[8.7624,40.55008],[8.76226,40.54834],[8.75992,40.54661],[8.75947,40.5455],[8.76071,40.54322],[8.76152,40.54307],[8.76197,40.54221],[8.76273,40.54184],[8.76313,40.53904],[8.76385,40.53814],[8.76463,40.53786],[8.76369,40.53671],[8.76394,40.53568],[8.76322,40.53404],[8.76139,40.53406],[8.75873,40.53154],[8.75848,40.53053],[8.75898,40.5292],[8.75798,40.52587],[8.75273,40.52471],[8.75072,40.52376],[8.75123,40.52318],[8.7525,40.52299],[8.75398,40.52112],[8.75624,40.52049],[8.75647,40.51907],[8.75893,40.51706],[8.75998,40.51541],[8.7658,40.5139],[8.76929,40.51095],[8.77106,40.50716],[8.77073,40.50497],[8.77196,40.50311],[8.77125,40.50277],[8.77123,40.50193],[8.77283,40.49678],[8.77177,40.49417],[8.77237,40.4906],[8.77587,40.48779],[8.77714,40.48578],[8.78228,40.48363],[8.78435,40.48152],[8.80189,40.46942],[8.80624,40.46897],[8.80895,40.46776],[8.81123,40.46603],[8.81619,40.46545],[8.82399,40.46315],[8.82723,40.46065],[8.83088,40.45934],[8.83358,40.45389],[8.83856,40.44734],[8.83937,40.44333],[8.84512,40.44086],[8.84739,40.43905],[8.84714,40.43921],[8.85118,40.44208],[8.85431,40.44508],[8.86018,40.44633],[8.86618,40.44882],[8.87032,40.44993],[8.87661,40.4499],[8.87899,40.44915],[8.88055,40.44829],[8.88343,40.44576],[8.88594,40.44455],[8.88884,40.44457],[8.89083,40.44505],[8.8963,40.44408],[8.89895,40.44419],[8.90331,40.44377],[8.90693,40.44423],[8.91036,40.44613],[8.91056,40.44456],[8.9118,40.44425],[8.91289,40.44452],[8.91318,40.44314],[8.91763,40.44214],[8.92342,40.43996],[8.92349,40.43904],[8.92287,40.43787],[8.92358,40.43582],[8.92291,40.43313],[8.92023,40.42939],[8.91983,40.42778],[8.91725,40.42637],[8.92086,40.42566],[8.92407,40.42632],[8.92424,40.42377],[8.92276,40.42266],[8.92195,40.42035],[8.92711,40.41881],[8.93019,40.41848]]}},{"type":"Feature","properties":{"name":"TET_I-12_20260427","country":"IT","lengthKm":108.2},"geometry":{"type":"LineString","coordinates":[[9.19443,41.23924],[9.19428,41.23877],[9.19234,41.23839],[9.18999,41.2366],[9.19057,41.2347],[9.18961,41.23308],[9.18841,41.23316],[9.18642,41.23447],[9.18458,41.22994],[9.18497,41.22985],[9.18458,41.22994],[9.18338,41.22449],[9.18392,41.21074],[9.18518,41.20309],[9.18395,41.1959],[9.17984,41.18799],[9.1794,41.18102],[9.17201,41.1617],[9.16977,41.16001],[9.15658,41.15646],[9.15347,41.15458],[9.1497,41.15398],[9.1423,41.15098],[9.13558,41.14743],[9.13425,41.14595],[9.13376,41.14382],[9.13457,41.14423],[9.14084,41.1408],[9.14275,41.13773],[9.14455,41.1366],[9.14473,41.13509],[9.14763,41.13285],[9.14892,41.12997],[9.14864,41.12783],[9.14608,41.12374],[9.14339,41.12141],[9.14134,41.11836],[9.13987,41.11696],[9.14038,41.11465],[9.14437,41.1145],[9.14493,41.11354],[9.14629,41.11366],[9.14574,41.11144],[9.14681,41.10998],[9.14681,41.10806],[9.14471,41.10623],[9.1399,41.10433],[9.13854,41.10254],[9.13613,41.10096],[9.13553,41.09879],[9.13606,41.09715],[9.13456,41.09042],[9.13513,41.08767],[9.13628,41.08651],[9.13596,41.08426],[9.13376,41.08285],[9.13378,41.08138],[9.13292,41.08111],[9.13302,41.08037],[9.1298,41.07904],[9.12472,41.07489],[9.12241,41.07491],[9.11977,41.07337],[9.11853,41.07376],[9.1198,41.07118],[9.11673,41.06404],[9.11649,41.06246],[9.11525,41.06108],[9.11603,41.05949],[9.11714,41.0589],[9.11823,41.05734],[9.12005,41.05646],[9.12408,41.0566],[9.12555,41.05559],[9.12871,41.0545],[9.13374,41.05083],[9.13465,41.05131],[9.13581,41.05295],[9.14277,41.05419],[9.1455,41.05858],[9.14585,41.05993],[9.14662,41.06044],[9.14897,41.06087],[9.15421,41.06042],[9.15598,41.06072],[9.15805,41.05995],[9.16374,41.06127],[9.16565,41.06081],[9.17134,41.05802],[9.17669,41.05868],[9.18196,41.0578],[9.18649,41.05809],[9.18732,41.05749],[9.18753,41.0556],[9.18901,41.05254],[9.19125,41.0508],[9.19062,41.04924],[9.18679,41.04461],[9.18492,41.0396],[9.18444,41.03956],[9.18404,41.04063],[9.18309,41.04053],[9.18068,41.03771],[9.17818,41.03718],[9.17645,41.03761],[9.17523,41.03681],[9.17565,41.03777],[9.17468,41.03916],[9.17239,41.03943],[9.17162,41.04014],[9.1712,41.04155],[9.16941,41.04116],[9.16634,41.04205],[9.16443,41.04149],[9.1625,41.04311],[9.15765,41.04206],[9.15435,41.0388],[9.15,41.03898],[9.14782,41.03775],[9.14715,41.03545],[9.14402,41.03232],[9.14363,41.03117],[9.14168,41.02896],[9.14019,41.02629],[9.13993,41.02414],[9.138,41.02028],[9.13767,41.01777],[9.13716,41.01716],[9.13658,41.01231],[9.13613,41.01244],[9.134,41.0114],[9.134,41.01026],[9.13344,41.01023],[9.13351,41.00882],[9.13254,41.00706],[9.13265,41.00508],[9.13201,41.0046],[9.13242,41.0037],[9.13094,41.003],[9.13052,41.00068],[9.1288,40.99902],[9.12915,40.99848],[9.12861,40.99798],[9.12874,40.99734],[9.13031,40.99452],[9.13264,40.99237],[9.1344,40.9914],[9.13734,40.99056],[9.14084,40.99386],[9.14188,40.99338],[9.14509,40.99323],[9.14519,40.9914],[9.14608,40.98884],[9.14913,40.98588],[9.15123,40.98446],[9.15267,40.98086],[9.15505,40.97986],[9.15451,40.97824],[9.15498,40.97574],[9.15365,40.97416],[9.15286,40.97099],[9.15183,40.96913],[9.15007,40.96742],[9.15018,40.96697],[9.14961,40.96713],[9.1487,40.9662],[9.14884,40.96583],[9.15104,40.96561],[9.14994,40.96533],[9.14913,40.96465],[9.14797,40.96468],[9.14711,40.96423],[9.14589,40.96339],[9.14652,40.96334],[9.14556,40.96206],[9.14729,40.95913],[9.14867,40.95898],[9.14866,40.95866],[9.1493,40.959],[9.15129,40.95906],[9.15306,40.95832],[9.15357,40.95467],[9.15651,40.95117],[9.15683,40.94966],[9.15605,40.94823],[9.15748,40.94675],[9.1581,40.94659],[9.15844,40.94564],[9.15783,40.94499],[9.1582,40.9438],[9.15596,40.94377],[9.15477,40.94314],[9.1517,40.94291],[9.15011,40.94227],[9.14835,40.9399],[9.14597,40.93907],[9.14637,40.93844],[9.1456,40.93789],[9.14318,40.93342],[9.14351,40.93246],[9.14544,40.9313],[9.14871,40.93065],[9.14976,40.93089],[9.14803,40.92733],[9.14453,40.9237],[9.14534,40.92249],[9.14734,40.92079],[9.14875,40.92057],[9.14963,40.92],[9.15057,40.91922],[9.15125,40.91782],[9.15499,40.91598],[9.1539,40.91393],[9.15434,40.91273],[9.15404,40.91169],[9.15351,40.9107],[9.15185,40.90933],[9.15073,40.90531],[9.15194,40.90262],[9.14856,40.90192],[9.14865,40.90019],[9.1425,40.89261],[9.14006,40.8902],[9.13731,40.88856],[9.13598,40.8868],[9.1404,40.88487],[9.14609,40.88071],[9.1489,40.88018],[9.14896,40.87965],[9.15019,40.87922],[9.1507,40.87844],[9.15238,40.87838],[9.15462,40.88008],[9.15376,40.88067],[9.1567,40.88216],[9.15855,40.8822],[9.15943,40.88274],[9.16124,40.8828],[9.16651,40.88193],[9.1685,40.8814],[9.17032,40.88036],[9.17278,40.87978],[9.17443,40.87782],[9.1752,40.87526],[9.17695,40.87495],[9.1757,40.87386],[9.17687,40.87395],[9.17639,40.87334],[9.17737,40.87332],[9.17675,40.87293],[9.17771,40.87312],[9.17738,40.87278],[9.17846,40.87251],[9.17974,40.8704],[9.1795,40.86939],[9.18087,40.86819],[9.17886,40.86761],[9.17783,40.8681],[9.17787,40.86741],[9.17717,40.86758],[9.17589,40.86679],[9.17715,40.86598],[9.17714,40.8656],[9.17574,40.86553],[9.17532,40.86505],[9.1765,40.8644],[9.17691,40.86263],[9.17615,40.86185],[9.17601,40.86265],[9.17375,40.86026],[9.17342,40.86207],[9.17268,40.86237],[9.16361,40.85782],[9.16463,40.85647],[9.16404,40.85413],[9.16028,40.85345],[9.1575,40.8513],[9.15674,40.84944],[9.15575,40.84838],[9.15562,40.84698],[9.15672,40.84556],[9.15596,40.84407],[9.15535,40.84382],[9.15426,40.84481],[9.15192,40.84508],[9.15271,40.84486],[9.15246,40.84439],[9.14647,40.84151],[9.14469,40.84112],[9.14257,40.83965],[9.14224,40.83867],[9.13926,40.83624],[9.13745,40.83392],[9.1356,40.83266],[9.13442,40.83109],[9.13364,40.82633],[9.13378,40.82451],[9.13301,40.82435],[9.13198,40.82275],[9.13272,40.82056],[9.13261,40.81923],[9.1336,40.81775],[9.13331,40.81673],[9.13412,40.81496],[9.136,40.81491],[9.14053,40.81643],[9.14222,40.81459],[9.14266,40.81221],[9.14408,40.81172],[9.14376,40.81215],[9.14422,40.81202],[9.14497,40.81254],[9.14681,40.81167],[9.14788,40.80844],[9.14896,40.80733],[9.14916,40.80591],[9.15203,40.80664],[9.14982,40.80473],[9.14798,40.80442],[9.14703,40.80231],[9.14742,40.80144],[9.14662,40.79945],[9.14735,40.7989],[9.14993,40.79905],[9.1503,40.79881],[9.14905,40.79635],[9.14914,40.79506],[9.15002,40.79413],[9.14881,40.79386],[9.14983,40.79032],[9.1533,40.78875],[9.15519,40.78636],[9.1572,40.78562],[9.15861,40.78568],[9.16311,40.78693],[9.16324,40.78656],[9.16439,40.78637],[9.16438,40.7858],[9.16598,40.78464],[9.16785,40.784],[9.17042,40.78373],[9.16837,40.7825],[9.17204,40.77954],[9.17556,40.77875],[9.17731,40.77789],[9.17989,40.77443],[9.17474,40.77154],[9.17741,40.7678],[9.17738,40.76681],[9.17881,40.76588],[9.17761,40.76568],[9.17613,40.76317],[9.17858,40.76112],[9.18022,40.75782],[9.18127,40.75736],[9.1844,40.75698],[9.18374,40.75523],[9.18488,40.75462],[9.18438,40.7528],[9.18385,40.75213],[9.17963,40.75003],[9.17409,40.74809],[9.16784,40.74506],[9.16539,40.7446],[9.16518,40.74439],[9.16623,40.74392],[9.16675,40.74296],[9.16621,40.73897],[9.16434,40.73884],[9.16249,40.7379],[9.16127,40.73578],[9.16142,40.73312],[9.16236,40.73159],[9.162,40.73043],[9.16439,40.72952],[9.16614,40.72995],[9.16695,40.72973],[9.17032,40.73171],[9.1723,40.73128],[9.17394,40.73176],[9.18071,40.73111],[9.18298,40.72949],[9.18517,40.72927],[9.18591,40.72814],[9.18733,40.72754],[9.18952,40.72524],[9.19094,40.72507],[9.1928,40.72392],[9.19223,40.72359],[9.19268,40.72139],[9.19045,40.72058],[9.18961,40.71881],[9.18967,40.71735],[9.18683,40.71646],[9.18842,40.71575],[9.18904,40.71458],[9.18782,40.71331],[9.18793,40.71294],[9.18925,40.71217],[9.19045,40.7122],[9.19238,40.71315],[9.19247,40.71138],[9.19399,40.71005],[9.19465,40.71051],[9.19513,40.70999],[9.19504,40.70817],[9.19659,40.70822],[9.19676,40.70747],[9.19769,40.70698],[9.19873,40.70692],[9.20093,40.70776],[9.19782,40.70382],[9.19983,40.70393],[9.20433,40.70523],[9.20527,40.7042],[9.20594,40.70417],[9.20871,40.70203],[9.20945,40.70103],[9.21048,40.69476],[9.20963,40.69182],[9.20843,40.69057],[9.20848,40.68967],[9.20706,40.68791],[9.20901,40.68543],[9.20723,40.68016],[9.20787,40.6775],[9.20638,40.67554],[9.20337,40.67406],[9.20697,40.67402],[9.20569,40.67169],[9.20408,40.67081],[9.20319,40.67094],[9.20218,40.66979]]}},{"type":"Feature","properties":{"name":"TET_I-13_20260427","country":"IT","lengthKm":217},"geometry":{"type":"LineString","coordinates":[[8.61732,39.90484],[8.60909,39.90422],[8.60576,39.90447],[8.60213,39.90538],[8.60047,39.90624],[8.599,39.90781],[8.59555,39.90892],[8.58962,39.90835],[8.58736,39.91215],[8.5852,39.91141],[8.58393,39.91379],[8.58391,39.91701],[8.58359,39.91718],[8.5626,39.91294],[8.55795,39.91111],[8.55779,39.91076],[8.55822,39.91054],[8.5586,39.91083],[8.55822,39.91116],[8.55743,39.91091],[8.54573,39.91204],[8.54381,39.91289],[8.54268,39.91383],[8.5427,39.91456],[8.54216,39.91468],[8.54182,39.91414],[8.54249,39.91392],[8.5428,39.91442],[8.54216,39.91468],[8.54118,39.91394],[8.5172,39.90698],[8.51642,39.90701],[8.51668,39.90683],[8.51654,39.90734],[8.52066,39.91679],[8.52111,39.9192],[8.51776,39.91789],[8.51425,39.91881],[8.50863,39.91826],[8.50592,39.91763],[8.503,39.91617],[8.50119,39.91601],[8.49981,39.9164],[8.49726,39.91797],[8.49968,39.9203],[8.49955,39.92208],[8.4987,39.9224],[8.49529,39.92278],[8.49239,39.9238],[8.48715,39.92285],[8.48033,39.92329],[8.47713,39.92238],[8.47257,39.92297],[8.4663,39.9258],[8.4645,39.92614],[8.46203,39.92438],[8.45717,39.92271],[8.45527,39.92096],[8.45381,39.92063],[8.45169,39.91874],[8.4504,39.91649],[8.44527,39.91589],[8.4402,39.91382],[8.43886,39.91267],[8.4349,39.91222],[8.43171,39.91234],[8.42804,39.91347],[8.42579,39.91304],[8.42235,39.91394],[8.42037,39.91267],[8.41607,39.91199],[8.4169,39.91047],[8.417,39.90903],[8.42214,39.90659],[8.41859,39.90574],[8.41379,39.90332],[8.41391,39.90306],[8.41653,39.90124],[8.42092,39.89985],[8.4246,39.89927],[8.42838,39.89772],[8.42418,39.8952],[8.4309,39.89093],[8.43483,39.88976],[8.43505,39.89036],[8.43842,39.8833],[8.43919,39.88312],[8.4395,39.88031],[8.43921,39.87872],[8.4395,39.88031],[8.43919,39.88312],[8.43788,39.88445],[8.43505,39.89036],[8.43483,39.88976],[8.4309,39.89093],[8.42418,39.8952],[8.42838,39.89772],[8.4246,39.89927],[8.42092,39.89985],[8.41668,39.90119],[8.41524,39.90202],[8.41261,39.90415],[8.40895,39.90839],[8.40458,39.91107],[8.4039,39.91272],[8.40139,39.91519],[8.40098,39.91892],[8.39953,39.92084],[8.40007,39.92297],[8.40116,39.92447],[8.40049,39.92584],[8.40058,39.92678],[8.40274,39.93285],[8.40237,39.93666],[8.40348,39.93915],[8.40305,39.94229],[8.40374,39.94436],[8.4038,39.94756],[8.40215,39.94974],[8.40269,39.9502],[8.40372,39.95028],[8.40349,39.95336],[8.40554,39.95562],[8.40583,39.95823],[8.40778,39.95787],[8.40965,39.95977],[8.411,39.95957],[8.41104,39.96023],[8.40896,39.96346],[8.40423,39.96758],[8.40337,39.97036],[8.4006,39.96889],[8.39821,39.97262],[8.39416,39.97476],[8.39365,39.97625],[8.39393,39.97759],[8.39663,39.9812],[8.39935,39.98343],[8.39929,39.98566],[8.40226,39.98886],[8.40237,39.98998],[8.4041,39.99075],[8.40555,39.99225],[8.40624,39.99362],[8.40556,39.9947],[8.40639,39.99514],[8.40824,39.99509],[8.40942,39.99643],[8.40988,39.99828],[8.41072,39.99896],[8.41138,39.99899],[8.41372,39.99732],[8.4145,39.9976],[8.41404,40.00056],[8.41559,40.00176],[8.41757,39.99931],[8.42131,39.99635],[8.42422,39.99197],[8.42922,39.98906],[8.43646,39.98794],[8.44443,39.98611],[8.44868,39.98614],[8.44467,39.99022],[8.44536,39.99105],[8.44433,39.99193],[8.44555,39.99808],[8.44664,39.99968],[8.44852,40.00427],[8.45279,40.00887],[8.46031,40.01173],[8.46282,40.01168],[8.46856,40.01244],[8.47075,40.01229],[8.47232,40.0142],[8.47349,40.01338],[8.47498,40.01347],[8.47518,40.01316],[8.48571,40.01363],[8.48793,40.01263],[8.48983,40.0107],[8.49108,40.01008],[8.51424,40.00975],[8.52951,40.00695],[8.53111,40.00729],[8.53088,40.00762],[8.53156,40.0084],[8.53083,40.01326],[8.53115,40.0153],[8.52989,40.01744],[8.5293,40.0198],[8.53294,40.01953],[8.54048,40.01751],[8.54276,40.02015],[8.54643,40.02288],[8.54956,40.02742],[8.54919,40.02813],[8.55119,40.02929],[8.55582,40.03302],[8.5632,40.03965],[8.56526,40.04322],[8.56864,40.04597],[8.57007,40.04931],[8.57259,40.05073],[8.57323,40.05417],[8.57511,40.05627],[8.57637,40.05619],[8.57677,40.05433],[8.57899,40.05426],[8.58483,40.05586],[8.58611,40.05653],[8.58673,40.05767],[8.58752,40.058],[8.58938,40.05788],[8.59319,40.05881],[8.5952,40.05879],[8.59619,40.0596],[8.59853,40.05994],[8.60115,40.06105],[8.60257,40.06089],[8.60303,40.06049],[8.60375,40.06064],[8.6055,40.06198],[8.60719,40.06251],[8.60956,40.06436],[8.61035,40.06437],[8.6107,40.06586],[8.61171,40.06611],[8.61231,40.06708],[8.61361,40.06719],[8.61486,40.06809],[8.61572,40.06963],[8.61785,40.07031],[8.6195,40.07629],[8.61881,40.07889],[8.61916,40.08011],[8.62898,40.08375],[8.63125,40.08633],[8.63234,40.08636],[8.63276,40.08551],[8.6345,40.08655],[8.63715,40.08633],[8.63811,40.08582],[8.64186,40.08517],[8.64551,40.08801],[8.64871,40.08794],[8.65131,40.08908],[8.65586,40.09333],[8.65595,40.09082],[8.65721,40.09156],[8.6578,40.09146],[8.65944,40.0932],[8.6626,40.09534],[8.66437,40.09457],[8.66691,40.09442],[8.66819,40.09376],[8.66886,40.09508],[8.66884,40.09847],[8.66746,40.10121],[8.66687,40.10448],[8.66813,40.10774],[8.66681,40.11009],[8.66752,40.11265],[8.66656,40.11505],[8.66693,40.11742],[8.66651,40.11949],[8.66561,40.12095],[8.66783,40.12381],[8.66834,40.12644],[8.66802,40.12807],[8.66878,40.12892],[8.66922,40.13074],[8.6705,40.13226],[8.66962,40.13301],[8.6699,40.13496],[8.66926,40.13564],[8.66944,40.13645],[8.6656,40.139],[8.66617,40.14059],[8.65932,40.14164],[8.66011,40.1446],[8.65753,40.14649],[8.65514,40.14721],[8.65878,40.14775],[8.65918,40.14837],[8.66114,40.14907],[8.66157,40.15005],[8.66033,40.15214],[8.66066,40.15343],[8.65852,40.15458],[8.65525,40.1579],[8.65564,40.15815],[8.65975,40.15785],[8.66047,40.15883],[8.65958,40.16058],[8.66113,40.16236],[8.65971,40.16334],[8.65804,40.16288],[8.65694,40.16191],[8.65642,40.16271],[8.65679,40.16403],[8.65913,40.1659],[8.66033,40.16969],[8.66387,40.17525],[8.66456,40.17811],[8.66818,40.18236],[8.67017,40.18691],[8.67534,40.19357],[8.67836,40.19603],[8.68279,40.19838],[8.68494,40.20079],[8.68813,40.20259],[8.69262,40.20625],[8.69385,40.20669],[8.6961,40.20834],[8.69979,40.21364],[8.70163,40.21546],[8.70092,40.21999],[8.70432,40.22238],[8.7085,40.22421],[8.70828,40.22533],[8.70718,40.22642],[8.70967,40.23107],[8.71201,40.23353],[8.71346,40.23598],[8.71761,40.24021],[8.722,40.24291],[8.72564,40.24689],[8.7322,40.25066],[8.73917,40.25264],[8.74646,40.25401],[8.75083,40.25597],[8.75204,40.25591],[8.75204,40.2563],[8.75152,40.25627],[8.75154,40.25593],[8.75204,40.25591],[8.75213,40.25668],[8.75537,40.25843],[8.75507,40.25917],[8.75419,40.25884],[8.75462,40.25822],[8.75537,40.25843],[8.75476,40.26001],[8.75699,40.26226],[8.75991,40.26378],[8.76087,40.26391],[8.76076,40.26441],[8.76011,40.26423],[8.76028,40.26385],[8.76087,40.26391],[8.76386,40.26888],[8.76368,40.2709],[8.76477,40.26988],[8.76826,40.26986],[8.77618,40.26765],[8.77814,40.26557],[8.78093,40.26548],[8.78265,40.26496],[8.78275,40.26454],[8.78167,40.26381],[8.7808,40.26377],[8.78146,40.26355],[8.78454,40.26515],[8.7899,40.26721],[8.79317,40.26903],[8.80049,40.26989],[8.80342,40.2714],[8.80367,40.27188],[8.80402,40.27174],[8.80819,40.2739],[8.81034,40.27427],[8.81131,40.27389],[8.81648,40.27358],[8.82135,40.27384],[8.82395,40.27483],[8.82559,40.27637],[8.82853,40.27641],[8.83018,40.27712],[8.83007,40.27873],[8.82932,40.27963],[8.82644,40.2804],[8.82663,40.28102],[8.82401,40.28318],[8.8239,40.28495],[8.82344,40.28355],[8.82377,40.28281],[8.82337,40.28285],[8.82275,40.28766],[8.82073,40.2891],[8.82085,40.29063],[8.82137,40.29135],[8.8201,40.28966],[8.82044,40.29133],[8.81936,40.29372],[8.81859,40.29831],[8.81526,40.29981],[8.81481,40.30081],[8.81918,40.30067],[8.82188,40.3015],[8.82476,40.3008],[8.82534,40.3002],[8.82662,40.30029],[8.82747,40.29793],[8.82867,40.29667],[8.82951,40.29636],[8.83221,40.29706],[8.8335,40.29881],[8.83961,40.30017],[8.84016,40.29893],[8.8395,40.29765],[8.84042,40.29662],[8.8395,40.29765],[8.84016,40.29893],[8.83961,40.30017],[8.8335,40.29881],[8.83221,40.29706],[8.82951,40.29636],[8.82867,40.29667],[8.82747,40.29793],[8.82662,40.30029],[8.82534,40.3002],[8.82476,40.3008],[8.82188,40.3015],[8.81965,40.30073],[8.81698,40.30078],[8.81934,40.30328],[8.8206,40.303],[8.8235,40.30511],[8.82811,40.30599],[8.83092,40.30832],[8.83179,40.30842],[8.8329,40.30783],[8.83494,40.30763],[8.83914,40.30926],[8.84108,40.30959],[8.84266,40.30927],[8.84656,40.3145],[8.8484,40.31337],[8.84988,40.31314],[8.85134,40.31183],[8.85467,40.31565],[8.85808,40.31741],[8.86132,40.31965],[8.86088,40.32047],[8.86507,40.32402],[8.85827,40.33003],[8.85688,40.32814],[8.85718,40.33043],[8.85563,40.33353],[8.85613,40.33433],[8.85274,40.33773],[8.85404,40.34303],[8.85354,40.34711],[8.85494,40.34764],[8.85724,40.34778],[8.85208,40.35169],[8.84891,40.35358],[8.84808,40.35487],[8.84577,40.35587],[8.84331,40.35891],[8.84153,40.36043],[8.84021,40.36094],[8.8409,40.36206],[8.83935,40.36339],[8.84155,40.36346],[8.84341,40.36442],[8.85037,40.36239],[8.8522,40.36139],[8.85212,40.35938],[8.85401,40.3586],[8.85933,40.35736],[8.8631,40.35512],[8.86553,40.3514],[8.874,40.34889],[8.87938,40.34918],[8.88192,40.35004],[8.88589,40.34991],[8.8937,40.35042],[8.89682,40.3497],[8.90062,40.35036],[8.90354,40.34843],[8.90573,40.34759],[8.9087,40.34788],[8.91092,40.34915],[8.91712,40.35378],[8.91977,40.35648],[8.93249,40.36131],[8.93822,40.36723],[8.93949,40.36786],[8.9478,40.36609],[8.95107,40.36671],[8.95071,40.36867],[8.94699,40.3718],[8.94492,40.37298],[8.94339,40.37324],[8.93925,40.37204],[8.93818,40.37249],[8.93734,40.37361],[8.93898,40.37842],[8.94039,40.37917],[8.93886,40.38075],[8.93968,40.38208],[8.9382,40.38477],[8.94003,40.38449],[8.94095,40.38532],[8.94151,40.38667],[8.94336,40.38894],[8.9456,40.39053],[8.94535,40.39195],[8.94684,40.39416],[8.94503,40.39613],[8.94562,40.39853],[8.94269,40.40227],[8.94152,40.40596],[8.94068,40.40701],[8.93928,40.40772],[8.93899,40.40944],[8.93392,40.41332],[8.93153,40.41358],[8.92886,40.41536],[8.9302,40.41824],[8.93458,40.41935],[8.93687,40.42042],[8.93951,40.42227],[8.93943,40.42271],[8.93628,40.4213],[8.93602,40.4208],[8.93637,40.42023],[8.93951,40.42227],[8.93983,40.42287],[8.94305,40.42356],[8.94739,40.4239],[8.95726,40.42163],[8.96313,40.42113],[8.96317,40.42035],[8.96647,40.41842],[8.9673,40.41748],[8.97113,40.41639],[8.97671,40.41351],[8.97866,40.4132],[8.98419,40.41441],[8.9868,40.41373],[8.98849,40.41457],[8.99033,40.41615],[8.99212,40.41703],[8.99184,40.41791],[8.9937,40.41924],[8.99349,40.42132],[8.99402,40.42072],[8.99459,40.42163],[8.99513,40.42085],[8.99735,40.41979],[8.99996,40.41904],[9.00115,40.41909],[9.00224,40.41852],[9.00466,40.41911],[9.00716,40.41906],[9.00789,40.41941],[9.00947,40.42208],[9.00434,40.4263],[9.0076,40.42782],[9.00661,40.42824],[9.00892,40.42896],[9.01085,40.43022],[9.01123,40.43151],[9.0126,40.43288],[9.0124,40.43462],[9.01283,40.43552],[9.01592,40.43692],[9.01556,40.43846],[9.01599,40.43913],[9.01581,40.44083],[9.01772,40.44068],[9.01916,40.44169],[9.02077,40.44159],[9.02207,40.44202],[9.02159,40.44408],[9.02237,40.44563],[9.02204,40.44677],[9.02251,40.44741],[9.02388,40.44753],[9.0244,40.44828],[9.02431,40.44999],[9.0231,40.4517],[9.02451,40.45166],[9.02604,40.45233],[9.02893,40.45658],[9.02979,40.45883],[9.03132,40.45946],[9.03235,40.45919],[9.03194,40.46349],[9.03344,40.46554],[9.03205,40.46822],[9.03221,40.46953],[9.03162,40.47048],[9.03233,40.47166],[9.03456,40.47357],[9.03312,40.47399],[9.03268,40.47485],[9.03186,40.47519],[9.03026,40.47782],[9.03268,40.48338],[9.03219,40.48494],[9.03286,40.48732],[9.03267,40.48867],[9.03152,40.49062],[9.03153,40.49189],[9.03051,40.49396],[9.02896,40.49508],[9.02818,40.49522],[9.0248,40.49784],[9.02022,40.49996],[9.01759,40.50323],[9.01766,40.50481],[9.01688,40.50504],[9.01731,40.50587],[9.01845,40.50624],[9.01893,40.50764],[9.02079,40.50896],[9.02222,40.51242],[9.02303,40.51332],[9.02406,40.51353],[9.02393,40.51474],[9.02443,40.51568],[9.02735,40.51814],[9.02699,40.5193],[9.02778,40.52065],[9.02966,40.52087],[9.0305,40.52152],[9.03109,40.52291],[9.03233,40.52271],[9.03253,40.5246],[9.03514,40.52576],[9.03666,40.52576],[9.03905,40.52747],[9.04021,40.52899],[9.03969,40.52923],[9.0403,40.52926],[9.04148,40.5319],[9.04541,40.53639],[9.04531,40.53791],[9.04607,40.53981],[9.04772,40.54125],[9.04778,40.54339],[9.04889,40.54527],[9.05105,40.54572],[9.05147,40.54692],[9.0537,40.54803],[9.05446,40.54959],[9.05616,40.55003],[9.05685,40.54988],[9.05721,40.55152],[9.05811,40.55162],[9.05983,40.55255],[9.06026,40.55323],[9.06395,40.5548],[9.06581,40.55632],[9.06697,40.55862],[9.07051,40.55935],[9.07237,40.56102],[9.0763,40.56256],[9.08059,40.56186],[9.08395,40.56229],[9.08468,40.56305],[9.08461,40.56404],[9.08296,40.56554],[9.08404,40.56647],[9.08427,40.56801],[9.08628,40.56854],[9.08822,40.57051],[9.08975,40.57081],[9.09003,40.57165],[9.08959,40.57258],[9.0912,40.57399],[9.09277,40.57451],[9.09374,40.57428],[9.0951,40.57478],[9.09674,40.57484],[9.09793,40.57572],[9.1001,40.57543],[9.10315,40.57667],[9.10465,40.57671],[9.10729,40.57889],[9.10961,40.57965],[9.10967,40.581],[9.11085,40.58237],[9.112,40.5823],[9.11282,40.58307],[9.11437,40.58317],[9.11513,40.58357],[9.1157,40.5849],[9.11649,40.58544],[9.11459,40.58525],[9.11345,40.5857],[9.11342,40.58649],[9.11425,40.58793],[9.11282,40.58978],[9.10866,40.59002],[9.1072,40.59164],[9.10563,40.5917],[9.10757,40.59456],[9.10642,40.59707],[9.10614,40.59737],[9.10551,40.59723],[9.10636,40.59776],[9.10657,40.59898],[9.10817,40.60106],[9.10914,40.60403],[9.11154,40.60692],[9.11073,40.60729],[9.10904,40.60675],[9.10762,40.60768],[9.10712,40.60852],[9.10339,40.60871],[9.10997,40.61259],[9.11061,40.61243],[9.1186,40.61554],[9.12848,40.6172],[9.13386,40.61871],[9.13628,40.6201],[9.14148,40.62091],[9.14472,40.62231],[9.14951,40.62258],[9.15282,40.62316],[9.15472,40.62404],[9.15502,40.62457],[9.1578,40.62474],[9.16323,40.62601],[9.16585,40.62727],[9.16834,40.62796],[9.1712,40.62834],[9.1748,40.6281],[9.17527,40.62864],[9.17349,40.6306],[9.17434,40.6314],[9.17486,40.63359],[9.17391,40.63331],[9.17416,40.63427],[9.17315,40.63426],[9.17248,40.63486],[9.17178,40.63438],[9.17062,40.6343],[9.17123,40.63481],[9.17204,40.63452],[9.17248,40.63486],[9.17315,40.63426],[9.17416,40.63427],[9.17389,40.63334],[9.17486,40.63359],[9.1745,40.6328],[9.1753,40.63201],[9.17842,40.63095],[9.17846,40.62992],[9.17761,40.6287],[9.1787,40.62634],[9.18004,40.62516],[9.18194,40.62604],[9.18104,40.62754],[9.18322,40.62781],[9.18413,40.62851],[9.18455,40.6291],[9.18447,40.63056],[9.18502,40.63095],[9.18593,40.63054],[9.18728,40.63161],[9.18862,40.63112],[9.19185,40.63173],[9.19387,40.63136],[9.1898,40.63345],[9.18562,40.63456],[9.18454,40.6352],[9.18289,40.63832],[9.18328,40.63953],[9.18409,40.64032],[9.18674,40.64223],[9.19077,40.64389],[9.19181,40.64386],[9.19294,40.6444],[9.19599,40.64448],[9.19718,40.64483],[9.19843,40.64462],[9.20011,40.64519],[9.20093,40.64493],[9.20218,40.64549],[9.20353,40.64497],[9.21081,40.64647],[9.20853,40.64759],[9.2078,40.6503],[9.20919,40.65171],[9.21018,40.65355],[9.20807,40.65586],[9.20597,40.65724],[9.20618,40.65784],[9.20512,40.6584],[9.20489,40.65963],[9.20385,40.65999],[9.20246,40.66178],[9.20242,40.66275],[9.2035,40.66454],[9.20229,40.66694],[9.20352,40.66914],[9.20216,40.66991]]}},{"type":"Feature","properties":{"name":"TET_I-14_20260427","country":"IT","lengthKm":312.4},"geometry":{"type":"LineString","coordinates":[[8.61728,39.90484],[8.61643,39.90645],[8.61639,39.9092],[8.61468,39.90989],[8.61644,39.911],[8.613,39.91371],[8.61396,39.91536],[8.61492,39.91577],[8.6171,39.91604],[8.62197,39.9159],[8.62415,39.91753],[8.62619,39.91577],[8.62693,39.914],[8.63433,39.91801],[8.63882,39.91568],[8.64315,39.91458],[8.64628,39.91294],[8.65351,39.91164],[8.66242,39.90722],[8.668,39.91091],[8.6725,39.91279],[8.68345,39.91921],[8.68577,39.91849],[8.68696,39.91892],[8.69093,39.92218],[8.69124,39.92198],[8.69397,39.92601],[8.69517,39.92366],[8.69772,39.92221],[8.69984,39.9215],[8.69993,39.92091],[8.70099,39.92025],[8.70439,39.91913],[8.70508,39.91967],[8.71219,39.91872],[8.71572,39.91709],[8.71823,39.9184],[8.71991,39.91995],[8.72172,39.92022],[8.72515,39.9217],[8.73083,39.92349],[8.731,39.92382],[8.73751,39.92278],[8.74124,39.92317],[8.74195,39.92364],[8.74529,39.92292],[8.7482,39.921],[8.74976,39.91894],[8.75552,39.91332],[8.76056,39.9093],[8.76279,39.90798],[8.76287,39.90751],[8.76373,39.90732],[8.76423,39.91212],[8.76393,39.91386],[8.76561,39.91381],[8.76795,39.915],[8.77362,39.91238],[8.77314,39.91385],[8.77213,39.91509],[8.77523,39.91389],[8.77893,39.91404],[8.78262,39.91549],[8.78367,39.91731],[8.78575,39.91917],[8.79097,39.91894],[8.79164,39.91956],[8.79241,39.91966],[8.79346,39.91884],[8.79527,39.91829],[8.79729,39.91945],[8.79854,39.9187],[8.80431,39.91855],[8.80499,39.91914],[8.80536,39.92056],[8.80636,39.92113],[8.80573,39.92305],[8.80743,39.92391],[8.80735,39.92503],[8.80836,39.92634],[8.80952,39.92652],[8.81082,39.92743],[8.81187,39.92704],[8.81318,39.92739],[8.81422,39.92856],[8.81415,39.92974],[8.81506,39.93046],[8.81623,39.93015],[8.81837,39.93053],[8.82038,39.92874],[8.8233,39.93093],[8.82557,39.93025],[8.82825,39.92879],[8.8286,39.92916],[8.82734,39.93077],[8.82872,39.93087],[8.83104,39.92943],[8.8319,39.93011],[8.83171,39.92887],[8.83081,39.92873],[8.82926,39.9294],[8.82963,39.92822],[8.83838,39.92203],[8.83844,39.92112],[8.8393,39.91978],[8.83926,39.91881],[8.84073,39.91633],[8.83978,39.91535],[8.83867,39.91304],[8.83855,39.91054],[8.83721,39.90991],[8.8359,39.90737],[8.83384,39.906],[8.82896,39.90534],[8.82681,39.90422],[8.82479,39.90391],[8.8227,39.90205],[8.82065,39.90123],[8.81948,39.89989],[8.81783,39.89925],[8.81741,39.89843],[8.8155,39.89723],[8.8145,39.89606],[8.81421,39.89553],[8.81492,39.89463],[8.81478,39.89394],[8.81258,39.8929],[8.81194,39.89171],[8.80842,39.88998],[8.80579,39.88468],[8.80414,39.88467],[8.79856,39.88863],[8.79556,39.8894],[8.79172,39.88906],[8.78941,39.88979],[8.7889,39.88955],[8.78775,39.88803],[8.78844,39.88724],[8.78814,39.88682],[8.79175,39.88256],[8.78972,39.88257],[8.79142,39.8796],[8.79526,39.87555],[8.79479,39.87566],[8.79543,39.87499],[8.79433,39.87247],[8.79469,39.87141],[8.79361,39.87129],[8.7924,39.86858],[8.79174,39.86799],[8.79174,39.86715],[8.78953,39.86493],[8.78879,39.86271],[8.78969,39.86177],[8.79045,39.8599],[8.7896,39.85833],[8.78992,39.85743],[8.78759,39.85647],[8.7867,39.85666],[8.78627,39.85615],[8.7864,39.85511],[8.78531,39.854],[8.78474,39.85255],[8.78576,39.85069],[8.78463,39.84907],[8.785,39.84727],[8.78302,39.84655],[8.78079,39.84761],[8.78028,39.84672],[8.77916,39.84628],[8.77975,39.84546],[8.77947,39.84428],[8.77882,39.84431],[8.77828,39.84487],[8.77744,39.84271],[8.77587,39.8408],[8.77543,39.83896],[8.77773,39.83832],[8.77777,39.83678],[8.77851,39.83685],[8.77871,39.83534],[8.78322,39.83465],[8.78235,39.83094],[8.7838,39.82919],[8.7849,39.82566],[8.78463,39.82488],[8.78292,39.82335],[8.78257,39.82235],[8.78045,39.82358],[8.77927,39.82366],[8.77472,39.82152],[8.77561,39.81878],[8.77736,39.81613],[8.77665,39.81614],[8.77589,39.8145],[8.7748,39.81343],[8.772,39.81266],[8.76974,39.80926],[8.76942,39.80915],[8.76809,39.81135],[8.76707,39.81021],[8.76356,39.80948],[8.76044,39.80786],[8.754,39.80602],[8.75051,39.80442],[8.74804,39.80417],[8.74941,39.80331],[8.75043,39.80181],[8.75159,39.80118],[8.75377,39.79638],[8.74833,39.79599],[8.74699,39.79421],[8.74217,39.79764],[8.74146,39.79689],[8.74139,39.79496],[8.74,39.79405],[8.74302,39.78859],[8.74233,39.78836],[8.74214,39.78627],[8.73984,39.78499],[8.74005,39.78372],[8.74084,39.78267],[8.74234,39.78253],[8.74613,39.77966],[8.74577,39.77845],[8.74737,39.77669],[8.74851,39.7718],[8.74946,39.7702],[8.74558,39.77204],[8.75336,39.76877],[8.75639,39.7699],[8.75982,39.76795],[8.76141,39.76736],[8.76236,39.76745],[8.76301,39.7662],[8.76146,39.76122],[8.76051,39.76046],[8.75995,39.7619],[8.75809,39.76152],[8.75602,39.75959],[8.75649,39.75773],[8.75621,39.75663],[8.75504,39.75659],[8.75439,39.75593],[8.75369,39.7536],[8.75185,39.75391],[8.75012,39.75527],[8.7487,39.75532],[8.75025,39.75092],[8.75228,39.74811],[8.75152,39.74747],[8.75082,39.74585],[8.75255,39.74325],[8.74958,39.74288],[8.7494,39.7423],[8.74878,39.74206],[8.74801,39.7422],[8.74594,39.73931],[8.74619,39.73857],[8.74582,39.73781],[8.74549,39.73742],[8.74398,39.73721],[8.74344,39.73663],[8.74312,39.73501],[8.74153,39.73375],[8.74009,39.72973],[8.74292,39.72435],[8.74587,39.72277],[8.74486,39.72253],[8.74616,39.72233],[8.74552,39.72216],[8.74616,39.72202],[8.74576,39.72187],[8.74641,39.72041],[8.74943,39.71971],[8.75102,39.71871],[8.75101,39.71462],[8.75191,39.71188],[8.75489,39.70954],[8.75323,39.7086],[8.75194,39.7037],[8.75154,39.70368],[8.75036,39.70214],[8.74948,39.70198],[8.74671,39.70018],[8.7407,39.70062],[8.72295,39.69741],[8.72211,39.6981],[8.72213,39.69865],[8.7281,39.70385],[8.7211,39.70572],[8.72039,39.70671],[8.71626,39.70903],[8.71155,39.71272],[8.70594,39.71863],[8.70204,39.71392],[8.70044,39.71108],[8.69858,39.70628],[8.69696,39.70474],[8.69611,39.70486],[8.69562,39.70411],[8.69447,39.70362],[8.6906,39.70371],[8.68729,39.70142],[8.68612,39.7016],[8.67232,39.71205],[8.66816,39.70876],[8.66643,39.70965],[8.6637,39.70982],[8.65685,39.70953],[8.6573,39.70878],[8.64923,39.70816],[8.64722,39.70692],[8.64391,39.7021],[8.64179,39.70087],[8.6413,39.69848],[8.64196,39.69487],[8.64029,39.69294],[8.6377,39.69441],[8.63785,39.69525],[8.63709,39.69585],[8.63783,39.69761],[8.63633,39.6996],[8.63438,39.6995],[8.632,39.7002],[8.6229,39.70721],[8.62218,39.70632],[8.61734,39.7033],[8.6136,39.70035],[8.61271,39.6993],[8.61323,39.69818],[8.61292,39.69681],[8.61005,39.69451],[8.61405,39.69222],[8.61296,39.68987],[8.61102,39.68775],[8.60969,39.68774],[8.60936,39.68643],[8.61021,39.68614],[8.61007,39.68492],[8.60986,39.68348],[8.60919,39.68342],[8.60906,39.68306],[8.61122,39.67684],[8.61342,39.67434],[8.60886,39.6704],[8.60601,39.66732],[8.60467,39.6665],[8.60147,39.66184],[8.60036,39.66241],[8.59735,39.66059],[8.59373,39.65922],[8.5866,39.65711],[8.58319,39.6567],[8.58135,39.65556],[8.57959,39.65541],[8.57841,39.65487],[8.57623,39.6529],[8.57367,39.65197],[8.5687,39.65113],[8.56004,39.6474],[8.55909,39.64656],[8.56124,39.64632],[8.55887,39.64575],[8.55575,39.64359],[8.55474,39.64394],[8.5522,39.6435],[8.54974,39.64442],[8.54782,39.64441],[8.54712,39.64375],[8.54627,39.64396],[8.54562,39.64361],[8.54469,39.6441],[8.54449,39.64492],[8.54238,39.64567],[8.54232,39.64597],[8.54429,39.64664],[8.54442,39.64727],[8.54676,39.64814],[8.54651,39.65022],[8.54737,39.65154],[8.54731,39.65222],[8.54605,39.65326],[8.54829,39.65338],[8.54669,39.65476],[8.54514,39.65508],[8.54391,39.65463],[8.54423,39.65419],[8.5438,39.65411],[8.54266,39.65466],[8.5419,39.65455],[8.54014,39.65584],[8.54015,39.65386],[8.53927,39.65362],[8.53451,39.65593],[8.5279,39.65399],[8.52402,39.65551],[8.528,39.65399],[8.53476,39.65593],[8.5355,39.6552],[8.53973,39.65359],[8.54015,39.65386],[8.54021,39.65585],[8.5419,39.65455],[8.54266,39.65466],[8.5438,39.65411],[8.54423,39.65419],[8.54391,39.65463],[8.5454,39.65513],[8.54606,39.65495],[8.5483,39.65348],[8.5477,39.65414],[8.54749,39.65556],[8.54547,39.65675],[8.54561,39.65737],[8.54476,39.65792],[8.54338,39.65779],[8.54179,39.65822],[8.54292,39.65942],[8.54236,39.66054],[8.5429,39.66082],[8.54304,39.66151],[8.54239,39.66281],[8.53907,39.66504],[8.53825,39.66623],[8.53541,39.66831],[8.53352,39.6706],[8.53071,39.67237],[8.5294,39.67383],[8.52831,39.67601],[8.52943,39.67693],[8.53088,39.67908],[8.52658,39.67903],[8.5264,39.67989],[8.52438,39.68253],[8.52335,39.68507],[8.52359,39.6876],[8.52269,39.68988],[8.5228,39.69111],[8.52348,39.69156],[8.52118,39.69171],[8.50989,39.69537],[8.50706,39.6953],[8.50597,39.6948],[8.50409,39.69303],[8.50277,39.68915],[8.50399,39.68754],[8.50307,39.6867],[8.50244,39.68496],[8.50069,39.68605],[8.49988,39.68477],[8.49846,39.68428],[8.49728,39.68289],[8.49841,39.68014],[8.49837,39.67917],[8.49669,39.67754],[8.49589,39.67609],[8.49473,39.67622],[8.49555,39.67508],[8.49488,39.67553],[8.49375,39.67543],[8.49291,39.67624],[8.49231,39.67552],[8.4916,39.67387],[8.49473,39.67198],[8.49533,39.67117],[8.49545,39.67057],[8.49455,39.66947],[8.49577,39.66823],[8.49533,39.6673],[8.49302,39.66682],[8.48918,39.66531],[8.48577,39.6661],[8.47868,39.66598],[8.47457,39.66695],[8.47294,39.66686],[8.4723,39.66738],[8.47171,39.66705],[8.46761,39.67028],[8.46674,39.66898],[8.4654,39.66874],[8.4651,39.66833],[8.46195,39.66877],[8.46084,39.66801],[8.46153,39.6673],[8.46459,39.66743],[8.46979,39.66403],[8.47251,39.66411],[8.47298,39.66385],[8.47649,39.65643],[8.47543,39.6557],[8.47538,39.6552],[8.47598,39.65459],[8.47824,39.65379],[8.47638,39.65256],[8.4775,39.65176],[8.47743,39.65138],[8.4748,39.65131],[8.47517,39.65031],[8.47485,39.64919],[8.47592,39.64857],[8.4761,39.64722],[8.47471,39.64622],[8.47402,39.64429],[8.47439,39.64079],[8.47637,39.63936],[8.47656,39.63839],[8.478,39.63663],[8.47945,39.63574],[8.48039,39.63456],[8.48292,39.63322],[8.48826,39.63378],[8.49105,39.63568],[8.4949,39.63494],[8.49747,39.63553],[8.49883,39.63511],[8.50036,39.63562],[8.50176,39.63505],[8.50335,39.63373],[8.50562,39.62978],[8.50677,39.62918],[8.50804,39.62919],[8.50892,39.62825],[8.50854,39.62776],[8.50934,39.62709],[8.50959,39.62559],[8.51163,39.62429],[8.51167,39.62389],[8.5107,39.62385],[8.51195,39.62229],[8.51405,39.62108],[8.51081,39.61994],[8.51343,39.61978],[8.51108,39.61921],[8.51228,39.61634],[8.51228,39.61446],[8.51307,39.61377],[8.51302,39.6127],[8.51572,39.61001],[8.51639,39.61025],[8.51859,39.60972],[8.52109,39.61048],[8.5222,39.60941],[8.52086,39.608],[8.52143,39.60674],[8.52246,39.60642],[8.52271,39.60539],[8.52368,39.6046],[8.5267,39.60375],[8.52642,39.60283],[8.52709,39.60161],[8.52874,39.60039],[8.53143,39.59963],[8.53186,39.59841],[8.53266,39.59774],[8.53081,39.59606],[8.53122,39.59501],[8.53246,39.59404],[8.52881,39.59248],[8.5289,39.5904],[8.52971,39.58919],[8.52814,39.58788],[8.52595,39.58853],[8.52532,39.58805],[8.52228,39.58916],[8.52164,39.58857],[8.52238,39.58802],[8.52293,39.58657],[8.52146,39.58575],[8.52027,39.58553],[8.51895,39.58651],[8.51866,39.58536],[8.51783,39.5844],[8.51463,39.58391],[8.51569,39.58342],[8.51313,39.58406],[8.51232,39.58395],[8.51275,39.5831],[8.51247,39.58274],[8.51315,39.58344],[8.51491,39.58265],[8.51574,39.58177],[8.51711,39.582],[8.51787,39.58156],[8.51738,39.58099],[8.51737,39.57933],[8.51662,39.57744],[8.51574,39.57668],[8.51636,39.57584],[8.51749,39.57597],[8.51765,39.57754],[8.5194,39.57769],[8.52145,39.57736],[8.52149,39.57712],[8.51942,39.57728],[8.52091,39.5766],[8.52328,39.57307],[8.52354,39.57208],[8.52297,39.57104],[8.52491,39.5691],[8.52697,39.56845],[8.52687,39.56782],[8.5257,39.56738],[8.52584,39.56678],[8.52609,39.5672],[8.52712,39.56654],[8.52842,39.56675],[8.52939,39.56638],[8.53018,39.56671],[8.53095,39.56647],[8.53321,39.56714],[8.53382,39.56695],[8.53758,39.56775],[8.53911,39.56694],[8.54339,39.56704],[8.54377,39.56683],[8.54294,39.56586],[8.54326,39.56461],[8.544,39.5651],[8.54361,39.56357],[8.54578,39.56098],[8.5452,39.55981],[8.54851,39.56004],[8.55405,39.55741],[8.55643,39.55737],[8.55889,39.5555],[8.56106,39.55554],[8.56193,39.55599],[8.56267,39.55578],[8.56372,39.55625],[8.56455,39.55601],[8.56454,39.55542],[8.56578,39.55626],[8.56979,39.55671],[8.56878,39.5561],[8.56982,39.5554],[8.56827,39.55441],[8.56576,39.55432],[8.56537,39.5532],[8.56418,39.55394],[8.56227,39.55349],[8.56192,39.55208],[8.56048,39.55246],[8.56021,39.55175],[8.55876,39.55177],[8.55722,39.55083],[8.55677,39.54991],[8.55505,39.54974],[8.55371,39.54884],[8.55267,39.54882],[8.55214,39.54752],[8.54987,39.54734],[8.54954,39.54672],[8.54827,39.54637],[8.54696,39.54525],[8.54557,39.5434],[8.54465,39.54382],[8.54314,39.54303],[8.54338,39.54182],[8.54278,39.54105],[8.54168,39.54061],[8.53969,39.5414],[8.53945,39.53996],[8.53763,39.53872],[8.53776,39.53815],[8.53649,39.5374],[8.5357,39.5377],[8.53635,39.53672],[8.53568,39.53601],[8.5344,39.53579],[8.53314,39.53637],[8.53241,39.53527],[8.53042,39.53492],[8.52999,39.53432],[8.52935,39.53449],[8.52266,39.53231],[8.51766,39.53303],[8.51758,39.53355],[8.51615,39.53381],[8.5152,39.53471],[8.51451,39.53463],[8.51248,39.53567],[8.51225,39.53662],[8.51166,39.53702],[8.50829,39.53814],[8.50721,39.53817],[8.50642,39.53724],[8.50449,39.53759],[8.50183,39.53702],[8.49916,39.53854],[8.49787,39.5377],[8.49662,39.53821],[8.49585,39.53802],[8.49518,39.53863],[8.49452,39.53799],[8.49188,39.53772],[8.49037,39.53659],[8.48952,39.53816],[8.48939,39.54039],[8.48788,39.54095],[8.48767,39.54215],[8.48691,39.54307],[8.48531,39.54386],[8.48419,39.54493],[8.48214,39.54507],[8.48037,39.54658],[8.4792,39.54645],[8.47775,39.54742],[8.47312,39.5488],[8.47105,39.54774],[8.46791,39.54711],[8.46515,39.54491],[8.46414,39.54457],[8.46205,39.54197],[8.46191,39.54001],[8.46267,39.5395],[8.46268,39.53875],[8.46436,39.53753],[8.46572,39.5354],[8.46575,39.5343],[8.46489,39.53291],[8.46229,39.5354],[8.45845,39.53669],[8.45797,39.5375],[8.45566,39.53887],[8.45124,39.54045],[8.45101,39.54083],[8.45096,39.54116],[8.45367,39.53929],[8.45566,39.53887],[8.45797,39.5375],[8.45845,39.53669],[8.46091,39.53606],[8.46317,39.53485],[8.46462,39.5332],[8.46569,39.53063],[8.47044,39.52748],[8.4717,39.52738],[8.47323,39.52522],[8.47487,39.52462],[8.47583,39.52192],[8.47852,39.52055],[8.4805,39.52081],[8.48133,39.51997],[8.48245,39.52003],[8.48324,39.51894],[8.48544,39.51904],[8.4865,39.51849],[8.488,39.51847],[8.49031,39.51591],[8.49127,39.51575],[8.49183,39.51508],[8.49314,39.51452],[8.49379,39.51454],[8.49363,39.5139],[8.49462,39.51245],[8.49457,39.51067],[8.49585,39.5085],[8.49484,39.50858],[8.49439,39.50946],[8.49332,39.50953],[8.49355,39.51019],[8.492,39.50967],[8.49192,39.51043],[8.48971,39.51018],[8.48922,39.51058],[8.48938,39.51011],[8.49054,39.50982],[8.48956,39.50953],[8.48962,39.5092],[8.49107,39.50848],[8.491,39.50784],[8.49185,39.5073],[8.49148,39.50687],[8.49185,39.50603],[8.49052,39.50612],[8.49002,39.50538],[8.48866,39.50579],[8.48893,39.50434],[8.48614,39.50527],[8.48596,39.50386],[8.48661,39.50388],[8.48659,39.503],[8.48295,39.50323],[8.48362,39.50175],[8.48189,39.49825],[8.483,39.49768],[8.48609,39.49869],[8.48762,39.4987],[8.4903,39.49753],[8.49283,39.49543],[8.49373,39.4954],[8.49425,39.49498],[8.49666,39.49517],[8.49609,39.49484],[8.4974,39.49492],[8.49828,39.4945],[8.49737,39.4958],[8.49864,39.49519],[8.49927,39.49391],[8.49688,39.49393],[8.49658,39.49333],[8.49697,39.49275],[8.496,39.49242],[8.49733,39.49238],[8.4977,39.49313],[8.4978,39.49232],[8.49706,39.49181],[8.49843,39.49248],[8.50025,39.4913],[8.50095,39.49194],[8.50065,39.49115],[8.49934,39.49097],[8.50072,39.49031],[8.50162,39.48912],[8.50349,39.48979],[8.51011,39.48887],[8.51213,39.49008],[8.51192,39.48934],[8.51263,39.48886],[8.51825,39.48752],[8.52571,39.48873],[8.52657,39.48799],[8.5271,39.48815],[8.52886,39.48766],[8.53038,39.48602],[8.53049,39.48498],[8.53105,39.48445],[8.53339,39.48314],[8.53449,39.48294],[8.53572,39.48188],[8.5384,39.48096],[8.53908,39.48026],[8.53864,39.47865],[8.54007,39.47804],[8.53894,39.47703],[8.53808,39.47539],[8.53942,39.47453],[8.54203,39.47413],[8.54283,39.4731],[8.54382,39.47342],[8.54654,39.47336],[8.54788,39.47438],[8.54956,39.47454],[8.55061,39.47414],[8.55093,39.47337],[8.55212,39.47321],[8.55228,39.4729],[8.55291,39.47359],[8.55354,39.473],[8.55506,39.47252],[8.55755,39.47314],[8.5593,39.47304],[8.55808,39.47223],[8.55657,39.4704],[8.55776,39.46941],[8.55781,39.46875],[8.55838,39.46848],[8.55822,39.46803],[8.56088,39.46683],[8.56105,39.46573],[8.56312,39.46552],[8.56372,39.46341],[8.56473,39.46331],[8.56566,39.46201],[8.56684,39.46156],[8.56512,39.46197],[8.56413,39.46185],[8.56551,39.4611],[8.565,39.46127],[8.56432,39.46093],[8.56225,39.46132],[8.56158,39.46187],[8.56007,39.46155],[8.56005,39.46113],[8.55907,39.46079],[8.55883,39.45983],[8.55975,39.45934],[8.56003,39.45815],[8.56092,39.45728],[8.55974,39.4577],[8.55885,39.45863],[8.55631,39.45863],[8.55573,39.45914],[8.55201,39.45839],[8.55096,39.45926],[8.54925,39.45942],[8.54898,39.45972],[8.545,39.45908],[8.54352,39.46002],[8.54344,39.46094],[8.54286,39.46149],[8.54062,39.46127],[8.53888,39.46027],[8.53682,39.46053],[8.53621,39.4578],[8.53495,39.45657],[8.53561,39.45521],[8.53478,39.45469],[8.53651,39.44968],[8.53556,39.44787],[8.53609,39.44569],[8.53221,39.44293],[8.53185,39.44109],[8.53094,39.44137],[8.52719,39.44082],[8.5269,39.4391],[8.5262,39.43894],[8.52502,39.43904],[8.52578,39.43968],[8.52204,39.44035],[8.52177,39.43985],[8.52037,39.4395],[8.52034,39.43779],[8.51958,39.43734],[8.51789,39.43744],[8.51683,39.43672],[8.51351,39.43712],[8.51001,39.43643],[8.50814,39.43716],[8.50553,39.43632],[8.50205,39.43641],[8.50044,39.43471],[8.50227,39.43393],[8.50278,39.43319],[8.50323,39.43217],[8.50199,39.43169],[8.50164,39.43111],[8.50266,39.43052],[8.5026,39.42932],[8.50363,39.42754],[8.50516,39.42646],[8.50625,39.42619],[8.50711,39.42507],[8.5089,39.4259],[8.50992,39.42564],[8.50973,39.42429],[8.51157,39.4244],[8.51207,39.42346],[8.51338,39.42274],[8.51367,39.42226],[8.51303,39.42163],[8.51393,39.41999],[8.51546,39.41919],[8.51718,39.41894],[8.51776,39.41832],[8.51893,39.4183],[8.51893,39.41742],[8.51943,39.41691],[8.52082,39.41641],[8.5215,39.41553],[8.52318,39.41531],[8.52175,39.41514],[8.52201,39.41411],[8.52036,39.41365],[8.52169,39.41234],[8.52202,39.41138],[8.52345,39.41188],[8.52419,39.41139],[8.52519,39.41155],[8.52549,39.41089],[8.52693,39.41055],[8.52899,39.40892],[8.53116,39.4081],[8.53212,39.40844],[8.53258,39.40672],[8.53356,39.40606],[8.53448,39.40626],[8.535,39.40595],[8.53593,39.40594],[8.53685,39.40673],[8.53792,39.4066],[8.53842,39.40587],[8.53994,39.40628],[8.53949,39.4066],[8.54109,39.407],[8.54334,39.40673],[8.54233,39.40842],[8.54336,39.40896],[8.54275,39.41062],[8.5434,39.41056],[8.54614,39.40927],[8.54925,39.40859],[8.55254,39.40632],[8.55145,39.40668],[8.55394,39.40431],[8.55509,39.40421],[8.55605,39.40327],[8.55517,39.40229],[8.55625,39.40019],[8.55944,39.40128],[8.56073,39.40069],[8.56111,39.40003],[8.55914,39.40061],[8.55832,39.39948],[8.55635,39.39822],[8.55328,39.39711],[8.55257,39.39747],[8.55163,39.39728],[8.54913,39.39546],[8.54869,39.3932],[8.54806,39.3937],[8.54671,39.39312],[8.54302,39.39385],[8.54261,39.39426],[8.54152,39.39394],[8.54159,39.39309],[8.54065,39.39098],[8.53995,39.39073],[8.54029,39.38875],[8.53783,39.38484],[8.53688,39.38437],[8.53609,39.38652],[8.53389,39.38716],[8.53372,39.38825],[8.53323,39.38781],[8.53199,39.38785],[8.53167,39.38722],[8.52914,39.38759],[8.52902,39.38817],[8.53001,39.3893],[8.52843,39.38989],[8.52833,39.3905],[8.52782,39.39069],[8.52693,39.3906],[8.5276,39.39025],[8.52742,39.38961],[8.5258,39.38983],[8.52313,39.3894],[8.52187,39.38957],[8.51453,39.38816],[8.51326,39.38834],[8.50877,39.3904],[8.5077,39.39129],[8.50419,39.39241],[8.50351,39.39184],[8.50216,39.39152],[8.49945,39.39163],[8.49798,39.39042],[8.49636,39.39066],[8.49606,39.39032],[8.49509,39.39041],[8.49446,39.39009],[8.48929,39.39096],[8.48602,39.39056],[8.48171,39.39244],[8.48126,39.39196],[8.48155,39.38985],[8.48055,39.3888],[8.4808,39.38855],[8.48212,39.38914],[8.48277,39.39071],[8.48517,39.38792],[8.48631,39.38841],[8.4879,39.38816],[8.48719,39.38742],[8.48835,39.38706],[8.48898,39.38611],[8.48892,39.38538],[8.48973,39.38536],[8.49006,39.38638],[8.49072,39.38668],[8.49309,39.38461],[8.4955,39.38417],[8.49502,39.38348],[8.49142,39.38243],[8.49175,39.38178],[8.49338,39.38179],[8.49395,39.38135],[8.49348,39.38036],[8.49308,39.38036],[8.49355,39.37899],[8.49207,39.37816],[8.49208,39.37755],[8.493,39.37696],[8.49283,39.37606],[8.49346,39.37529],[8.4945,39.37518],[8.49723,39.37366],[8.49447,39.37472],[8.49311,39.37482],[8.4921,39.37624],[8.49023,39.37642],[8.49125,39.37735],[8.49,39.37811],[8.49059,39.37872],[8.48992,39.37908],[8.48999,39.38085],[8.48825,39.38182],[8.48679,39.38097],[8.48622,39.38285],[8.48404,39.38276],[8.48296,39.3846],[8.48207,39.38416],[8.48188,39.38316],[8.4832,39.38057],[8.48304,39.37971],[8.48267,39.37937],[8.48137,39.37952],[8.48101,39.37893],[8.47904,39.37957],[8.47914,39.37702],[8.47845,39.37626],[8.47693,39.37745],[8.47591,39.37743],[8.47528,39.3792],[8.47367,39.3786],[8.47307,39.38062],[8.47197,39.3819],[8.47183,39.38335],[8.47244,39.38414],[8.47164,39.38575],[8.47173,39.38679],[8.47113,39.38761],[8.46971,39.38775],[8.46942,39.38836],[8.46986,39.38919],[8.46828,39.39012],[8.46743,39.38866],[8.46712,39.38934],[8.46704,39.38833],[8.46609,39.38694],[8.46681,39.38595],[8.4662,39.38552],[8.46647,39.3861],[8.46561,39.38647],[8.46532,39.38765],[8.4651,39.38611],[8.46565,39.38486],[8.462,39.38476],[8.457,39.38202],[8.4568,39.37941],[8.45299,39.37523],[8.45312,39.37325],[8.45213,39.37258],[8.45091,39.37059],[8.45118,39.36897],[8.45074,39.36613],[8.4515,39.36281],[8.45048,39.3593],[8.45541,39.35419],[8.45726,39.35435],[8.45895,39.35373],[8.46161,39.35395],[8.46372,39.35353],[8.46415,39.35138],[8.46366,39.34969],[8.46274,39.34868],[8.46307,39.34789],[8.46244,39.34532],[8.4628,39.34276],[8.46372,39.34195],[8.46813,39.34158],[8.46939,39.33864],[8.4693,39.33713],[8.47048,39.33717],[8.47297,39.33628],[8.47357,39.33464],[8.47564,39.3345],[8.47867,39.33314],[8.4819,39.33451],[8.48334,39.3341],[8.48652,39.33471],[8.4877,39.33385],[8.48922,39.33419],[8.49055,39.3338],[8.49279,39.33443],[8.495,39.3334],[8.49413,39.33192],[8.49607,39.3294],[8.497,39.32921],[8.49993,39.32745],[8.5023,39.3284],[8.50369,39.32829],[8.5046,39.32896],[8.50353,39.33256],[8.50486,39.33383],[8.50457,39.33486],[8.50606,39.33453],[8.50946,39.33596],[8.51157,39.33418],[8.51264,39.33487],[8.51491,39.33524],[8.51625,39.33519],[8.51717,39.33452],[8.5176,39.33465],[8.51798,39.33389],[8.51947,39.33395],[8.52111,39.33475],[8.5235,39.33281],[8.52635,39.33271],[8.52883,39.33323],[8.53028,39.33246],[8.5315,39.33074],[8.53183,39.32718],[8.53271,39.32547],[8.53331,39.32474],[8.53411,39.32515],[8.53487,39.32443],[8.53363,39.32352],[8.53304,39.32242],[8.53274,39.31998],[8.53421,39.31607],[8.53423,39.31475],[8.53642,39.31315],[8.535,39.31186],[8.53236,39.31134],[8.5303,39.31301],[8.52426,39.31062],[8.52254,39.30828],[8.52055,39.30686],[8.51952,39.30506],[8.5173,39.30362],[8.51678,39.30144],[8.51532,39.30108],[8.51339,39.29922],[8.51156,39.29809],[8.51272,39.29765],[8.5133,39.2952],[8.51279,39.29499],[8.51385,39.29402],[8.5138,39.29311],[8.51523,39.29217],[8.51492,39.28896],[8.51586,39.28645],[8.51449,39.28359],[8.5139,39.28379],[8.51369,39.28331],[8.5129,39.28326],[8.51419,39.28287],[8.51542,39.28191],[8.51696,39.2819],[8.51599,39.28192],[8.51585,39.28133],[8.51421,39.28196],[8.51301,39.28128],[8.51186,39.2818],[8.51081,39.28023],[8.51092,39.2794],[8.50951,39.2794],[8.51087,39.27803],[8.50935,39.27711],[8.50833,39.27711],[8.50711,39.27933],[8.5062,39.27912],[8.5058,39.2778],[8.50235,39.27662],[8.50193,39.27605],[8.50175,39.27529],[8.50289,39.27421],[8.50168,39.27296],[8.50092,39.27252],[8.49926,39.27354],[8.4983,39.27333],[8.49923,39.2715],[8.49879,39.27066],[8.49832,39.27061],[8.49759,39.27121],[8.49632,39.27084],[8.49583,39.27208],[8.49606,39.2706],[8.49738,39.2702],[8.49783,39.26965],[8.49563,39.27013],[8.49306,39.26948],[8.49111,39.27011],[8.49306,39.26948],[8.49563,39.27013],[8.4972,39.26988],[8.4995,39.26804],[8.50645,39.26706],[8.50907,39.26582],[8.50924,39.26392],[8.51096,39.26551],[8.5131,39.26544],[8.51561,39.26678],[8.5159,39.26733],[8.51518,39.26896],[8.51543,39.26966],[8.51799,39.27201],[8.52004,39.27303],[8.52015,39.27524],[8.52205,39.27596],[8.52005,39.27513],[8.52001,39.27306],[8.52311,39.27242],[8.5229,39.27038],[8.52425,39.27008],[8.52508,39.26946],[8.52581,39.26961],[8.52496,39.26896],[8.52281,39.26828],[8.52181,39.26694],[8.52208,39.26626],[8.52135,39.26525],[8.51816,39.26442],[8.51765,39.26332],[8.51492,39.26201],[8.51352,39.26177],[8.51212,39.26047],[8.51105,39.2602],[8.51038,39.25931],[8.5103,39.25748],[8.51103,39.25783],[8.5122,39.25765],[8.51301,39.25715],[8.51417,39.25529],[8.51509,39.25522],[8.51626,39.25449],[8.51734,39.25484],[8.51757,39.25611],[8.51929,39.25574],[8.52224,39.25576],[8.5258,39.25488],[8.5298,39.25297],[8.53399,39.25285],[8.53574,39.25215],[8.53713,39.24974],[8.53872,39.24851],[8.54102,39.24743],[8.54141,39.24687],[8.53344,39.24595],[8.53318,39.24456],[8.53209,39.2428],[8.52964,39.24194],[8.53108,39.24075],[8.53054,39.23927],[8.52696,39.23686],[8.52441,39.23594],[8.52192,39.23402],[8.52181,39.2319],[8.52048,39.22888],[8.51949,39.22812],[8.51781,39.2279],[8.51733,39.22743],[8.5176,39.22536],[8.51916,39.2241],[8.5207,39.22394],[8.5184,39.21958],[8.5198,39.21746],[8.51862,39.21552],[8.51653,39.21419],[8.5157,39.21174],[8.51412,39.21028],[8.51365,39.21],[8.51153,39.21035],[8.51104,39.21002],[8.51062,39.20827],[8.51003,39.20794],[8.51072,39.20727],[8.51147,39.20724],[8.51295,39.20602],[8.51536,39.20521],[8.51832,39.20505],[8.5202,39.20597],[8.5221,39.20619],[8.52335,39.20533],[8.52492,39.20611],[8.52673,39.20605],[8.52958,39.20505],[8.53036,39.20547],[8.53182,39.20538],[8.53178,39.20635],[8.5323,39.20657],[8.53336,39.2055],[8.53491,39.20625],[8.53506,39.20541],[8.53597,39.20591],[8.53596,39.20665],[8.53658,39.20672],[8.53754,39.20758],[8.53937,39.20779],[8.54029,39.20861],[8.54124,39.20829],[8.54226,39.2085],[8.54446,39.20714],[8.54636,39.20753],[8.54678,39.20682],[8.54722,39.2068],[8.54851,39.20849],[8.55018,39.20957],[8.55354,39.20502],[8.55555,39.20774],[8.56013,39.20938],[8.56165,39.21093],[8.5616,39.21002],[8.56216,39.20917],[8.567,39.20546],[8.56964,39.20404],[8.56993,39.20292],[8.57282,39.20079],[8.57479,39.20588],[8.57738,39.20597],[8.57888,39.20697],[8.58325,39.20641],[8.59112,39.20417],[8.59434,39.20269],[8.59683,39.2022],[8.59787,39.20353],[8.59833,39.20347],[8.59944,39.20432],[8.60001,39.20359],[8.59994,39.20268],[8.60644,39.19898],[8.60748,39.19764],[8.61058,39.19546],[8.6106,39.19475],[8.61162,39.19355],[8.61314,39.1943],[8.61336,39.19567],[8.6148,39.19514],[8.61415,39.19663],[8.61407,39.19845],[8.61347,39.19937],[8.61408,39.20031],[8.61519,39.20086],[8.61954,39.20105],[8.62277,39.2026],[8.62481,39.20262],[8.62587,39.20343],[8.62545,39.2043],[8.62642,39.20503],[8.62651,39.20611],[8.62797,39.20787],[8.629,39.20832],[8.63164,39.20859],[8.63426,39.2096],[8.63408,39.21168],[8.63557,39.21157],[8.63599,39.21209],[8.63676,39.21217],[8.63988,39.21147],[8.64089,39.21046],[8.6407,39.20809],[8.64323,39.20634],[8.64349,39.20674],[8.64543,39.20736],[8.64847,39.20738],[8.64664,39.20925],[8.64538,39.21144],[8.64546,39.21272],[8.64464,39.21422],[8.64528,39.21465],[8.64474,39.21736],[8.64567,39.21791],[8.64492,39.21867],[8.64567,39.21948],[8.64523,39.22027],[8.64581,39.2227],[8.6456,39.22153],[8.64654,39.22176],[8.64727,39.22264],[8.64857,39.22461],[8.64875,39.2266],[8.6502,39.2281],[8.65125,39.22837],[8.65353,39.22749],[8.65711,39.22837],[8.65879,39.22759],[8.66078,39.22762],[8.66243,39.23066],[8.66335,39.23137],[8.6651,39.23055],[8.66738,39.22742],[8.66679,39.22682],[8.66704,39.22577],[8.66594,39.22452],[8.66754,39.22216],[8.66706,39.22151],[8.66763,39.22056],[8.66921,39.22125],[8.67347,39.22071],[8.67538,39.21921],[8.67762,39.21866],[8.67832,39.21814],[8.67973,39.21941],[8.68153,39.21865],[8.6868,39.21821],[8.68938,39.21949],[8.69088,39.22091],[8.68981,39.2221],[8.69006,39.22323],[8.69182,39.22313],[8.69376,39.22181],[8.69506,39.22144],[8.6967,39.22165],[8.69756,39.22133],[8.69817,39.2216],[8.69876,39.22281],[8.69945,39.22276],[8.70031,39.22344],[8.70091,39.22336],[8.70119,39.224],[8.70265,39.22504],[8.70446,39.22488],[8.70289,39.22427],[8.70373,39.22386],[8.70376,39.22209],[8.70341,39.22293],[8.70278,39.22322],[8.70201,39.22178],[8.70208,39.22093],[8.70102,39.22064],[8.7011,39.22006],[8.70188,39.2199],[8.7012,39.21995],[8.70096,39.22057],[8.70208,39.22093],[8.70204,39.22186],[8.70284,39.22327],[8.70376,39.22209],[8.70373,39.22386],[8.70292,39.22435],[8.70454,39.22482],[8.70546,39.22216],[8.70484,39.22147],[8.7051,39.22087],[8.70887,39.21997],[8.71091,39.21805],[8.71192,39.21568],[8.71432,39.21423],[8.71452,39.21367],[8.71373,39.21225],[8.71423,39.2112],[8.71378,39.21024],[8.71432,39.21053],[8.71555,39.21023],[8.71436,39.20985],[8.71477,39.20907],[8.71481,39.20951],[8.7157,39.2093],[8.71723,39.20784],[8.7181,39.20762],[8.71837,39.20657],[8.71705,39.20618],[8.71751,39.2059],[8.71762,39.20454],[8.71931,39.20301],[8.72097,39.20258],[8.71991,39.2028],[8.71923,39.20239]]}},{"type":"Feature","properties":{"name":"TET_I-15_20260427","country":"IT","lengthKm":167.1},"geometry":{"type":"LineString","coordinates":[[8.78258,39.82234],[8.78603,39.81991],[8.7871,39.82062],[8.78773,39.82037],[8.78926,39.81934],[8.79109,39.81726],[8.79231,39.81691],[8.79334,39.81574],[8.79495,39.81618],[8.79573,39.81693],[8.80088,39.81774],[8.80484,39.81717],[8.80914,39.81717],[8.8095,39.81752],[8.81694,39.81706],[8.81871,39.81658],[8.8219,39.81728],[8.82302,39.81869],[8.82358,39.81877],[8.82609,39.81644],[8.82763,39.8159],[8.82806,39.81458],[8.82997,39.81241],[8.83064,39.81195],[8.83233,39.81188],[8.83235,39.80988],[8.83325,39.80906],[8.8382,39.80729],[8.84065,39.80957],[8.84193,39.81007],[8.84917,39.80956],[8.85141,39.80845],[8.85105,39.80955],[8.8531,39.80915],[8.85369,39.80861],[8.85588,39.80889],[8.85855,39.80829],[8.86315,39.80898],[8.86869,39.80909],[8.87336,39.81005],[8.87443,39.80997],[8.87304,39.80717],[8.87316,39.80362],[8.87349,39.80318],[8.87422,39.80311],[8.87665,39.80363],[8.87563,39.8029],[8.8757,39.8025],[8.87706,39.80217],[8.88285,39.80296],[8.88499,39.80505],[8.88905,39.80685],[8.89112,39.80831],[8.89627,39.80967],[8.89623,39.8103],[8.89819,39.81236],[8.9017,39.81431],[8.90361,39.81623],[8.9079,39.81843],[8.91043,39.82039],[8.91353,39.82108],[8.91683,39.8209],[8.91873,39.82143],[8.92042,39.82247],[8.92917,39.82441],[8.93243,39.82325],[8.93209,39.82209],[8.94068,39.82016],[8.94447,39.82031],[8.94575,39.82],[8.94737,39.81728],[8.95491,39.81142],[8.95673,39.81055],[8.95793,39.81043],[8.96318,39.81267],[8.96457,39.81404],[8.96728,39.81918],[8.96833,39.82008],[8.97002,39.82266],[8.97184,39.82392],[8.97083,39.82689],[8.98143,39.83241],[8.98307,39.83125],[8.98652,39.83321],[8.99469,39.83317],[8.99984,39.83541],[9.01118,39.83568],[9.0157,39.83922],[9.02406,39.84105],[9.02595,39.84297],[9.0272,39.84502],[9.02705,39.85126],[9.02492,39.8562],[9.02572,39.85639],[9.02622,39.85699],[9.02661,39.85873],[9.02604,39.85948],[9.02494,39.85962],[9.02392,39.86025],[9.02787,39.86119],[9.0301,39.86366],[9.03128,39.86438],[9.03358,39.86483],[9.03512,39.86617],[9.03673,39.86614],[9.03845,39.86357],[9.04008,39.86267],[9.04173,39.86275],[9.04059,39.86348],[9.04022,39.86464],[9.04377,39.86327],[9.04481,39.86374],[9.0474,39.86363],[9.04803,39.86239],[9.04878,39.8632],[9.05101,39.86416],[9.05289,39.86416],[9.05453,39.86219],[9.05457,39.86096],[9.05498,39.86065],[9.05547,39.86081],[9.05621,39.8622],[9.05852,39.86256],[9.06165,39.86371],[9.06636,39.86365],[9.069,39.86273],[9.07104,39.86348],[9.08113,39.86415],[9.08345,39.86496],[9.08478,39.86506],[9.09053,39.86355],[9.09064,39.86321],[9.09536,39.86106],[9.09868,39.86134],[9.1009,39.86242],[9.10248,39.86252],[9.1066,39.86218],[9.11004,39.86082],[9.11459,39.86176],[9.11655,39.86292],[9.11846,39.86065],[9.12034,39.86167],[9.12084,39.8615],[9.12076,39.86187],[9.13024,39.86739],[9.13094,39.86841],[9.13338,39.86902],[9.13643,39.8655],[9.13805,39.86538],[9.13993,39.86598],[9.14063,39.86743],[9.14059,39.8697],[9.14161,39.87111],[9.14075,39.87344],[9.14368,39.87152],[9.14443,39.87047],[9.15161,39.86707],[9.15566,39.86897],[9.15691,39.86833],[9.15909,39.86622],[9.1589,39.86469],[9.15996,39.86247],[9.15935,39.85977],[9.16062,39.85662],[9.16134,39.85592],[9.1623,39.85604],[9.16296,39.85515],[9.16503,39.85458],[9.16675,39.85455],[9.16881,39.85351],[9.17055,39.85339],[9.17223,39.85253],[9.17267,39.85107],[9.17139,39.84948],[9.17208,39.84734],[9.17524,39.84537],[9.17763,39.84472],[9.17524,39.84537],[9.17251,39.84691],[9.17139,39.84948],[9.17057,39.84909],[9.17043,39.84765],[9.16859,39.84548],[9.16993,39.8412],[9.16956,39.83994],[9.17041,39.83902],[9.17035,39.83851],[9.17205,39.83711],[9.17437,39.83615],[9.17205,39.83711],[9.17035,39.83851],[9.17041,39.83902],[9.16956,39.83994],[9.16879,39.83922],[9.16872,39.83848],[9.16913,39.83764],[9.16868,39.83724],[9.16929,39.83594],[9.16716,39.8352],[9.1674,39.83306],[9.16628,39.83284],[9.16605,39.83218],[9.16765,39.83181],[9.16873,39.83224],[9.16989,39.83179],[9.17132,39.83185],[9.17224,39.83048],[9.17369,39.83068],[9.17566,39.82897],[9.17881,39.82774],[9.17818,39.8257],[9.17887,39.82506],[9.18012,39.82505],[9.18143,39.82571],[9.18355,39.82533],[9.18581,39.82415],[9.18735,39.82262],[9.18694,39.82142],[9.18614,39.82076],[9.19059,39.81483],[9.19054,39.81392],[9.18976,39.8133],[9.19177,39.81234],[9.19209,39.81169],[9.19201,39.81064],[9.19062,39.80832],[9.18681,39.80711],[9.18591,39.8064],[9.18835,39.80049],[9.18799,39.79947],[9.1897,39.79974],[9.19107,39.80142],[9.19332,39.80282],[9.19446,39.80279],[9.19606,39.80152],[9.19788,39.80186],[9.19897,39.80334],[9.20004,39.80319],[9.20029,39.80167],[9.20181,39.7999],[9.20244,39.79609],[9.20434,39.79418],[9.20536,39.79212],[9.20771,39.79025],[9.21044,39.7845],[9.208,39.7781],[9.20799,39.77699],[9.20923,39.77576],[9.21011,39.7755],[9.21248,39.77724],[9.21216,39.77735],[9.21176,39.77689],[9.21229,39.77693],[9.21166,39.77455],[9.20804,39.77431],[9.20679,39.77268],[9.20437,39.77094],[9.20548,39.77128],[9.20671,39.77104],[9.20865,39.77128],[9.21084,39.76945],[9.21258,39.76591],[9.21504,39.76491],[9.21558,39.76356],[9.21606,39.76378],[9.21535,39.76427],[9.21558,39.76356],[9.21695,39.76428],[9.21586,39.76591],[9.21711,39.76597],[9.21769,39.76666],[9.21805,39.76753],[9.21763,39.76854],[9.21787,39.76976],[9.22073,39.77035],[9.22084,39.77104],[9.22125,39.76905],[9.22268,39.7702],[9.22309,39.76924],[9.22447,39.7688],[9.22447,39.77079],[9.22724,39.77145],[9.22789,39.77247],[9.22915,39.77336],[9.22859,39.77473],[9.22754,39.77516],[9.22531,39.77787],[9.22648,39.77972],[9.22698,39.78179],[9.22672,39.78362],[9.22709,39.78441],[9.2258,39.78632],[9.226,39.78691],[9.22337,39.78906],[9.22218,39.79114],[9.22112,39.79167],[9.22138,39.79206],[9.22081,39.7947],[9.22138,39.79501],[9.22142,39.79632],[9.22043,39.79908],[9.22047,39.80047],[9.21928,39.80203],[9.21923,39.80319],[9.21873,39.80374],[9.21925,39.80553],[9.21857,39.80733],[9.22006,39.80879],[9.21835,39.80978],[9.21601,39.80927],[9.21474,39.80937],[9.21387,39.80957],[9.21291,39.81064],[9.21018,39.81049],[9.2117,39.80968],[9.21124,39.80664],[9.21281,39.80517],[9.21344,39.80353],[9.20952,39.80555],[9.20851,39.80715],[9.20751,39.80681],[9.20656,39.80723],[9.20672,39.808],[9.20553,39.8086],[9.20526,39.80986],[9.20777,39.81126],[9.20844,39.81258],[9.2075,39.81397],[9.20789,39.81578],[9.20705,39.81704],[9.20716,39.81866],[9.2084,39.82074],[9.20806,39.82367],[9.20655,39.82427],[9.20926,39.82258],[9.20985,39.82317],[9.21206,39.82364],[9.21233,39.82341],[9.21147,39.82263],[9.21492,39.82279],[9.21563,39.82495],[9.21898,39.82645],[9.21682,39.82433],[9.21853,39.82521],[9.2199,39.82541],[9.2179,39.8236],[9.22059,39.82392],[9.21872,39.82287],[9.21891,39.82192],[9.2183,39.82063],[9.22027,39.82247],[9.22264,39.82258],[9.22069,39.82149],[9.22262,39.82153],[9.22363,39.82085],[9.22284,39.82086],[9.2237,39.81956],[9.22843,39.81669],[9.23194,39.816],[9.23721,39.81571],[9.24117,39.81698],[9.24319,39.81706],[9.24504,39.81647],[9.24658,39.81514],[9.24856,39.81419],[9.25053,39.81442],[9.25688,39.81625],[9.26039,39.81497],[9.26474,39.81432],[9.26705,39.81452],[9.2675,39.81426],[9.27006,39.81662],[9.2732,39.81425],[9.27656,39.81542],[9.27699,39.81612],[9.27693,39.81769],[9.27791,39.81814],[9.27809,39.82013],[9.27862,39.82026],[9.27886,39.82189],[9.27949,39.82233],[9.27897,39.8235],[9.27908,39.82557],[9.27848,39.82608],[9.27831,39.82706],[9.27866,39.83143],[9.27911,39.83146],[9.28053,39.83507],[9.28646,39.84169],[9.29006,39.84125],[9.29302,39.84263],[9.29331,39.84412],[9.29267,39.84508],[9.2935,39.84829],[9.29089,39.85058],[9.29166,39.85132],[9.29202,39.85118],[9.29185,39.85045],[9.29218,39.85147],[9.29476,39.85306],[9.29574,39.85409],[9.29534,39.85538],[9.29313,39.85842],[9.28894,39.86162],[9.28837,39.86408],[9.28897,39.86686],[9.28756,39.86907],[9.28719,39.87107],[9.2882,39.86886],[9.28993,39.86695],[9.29006,39.86375],[9.29151,39.86297],[9.29185,39.86185],[9.2929,39.86169],[9.29741,39.85856],[9.30019,39.85778],[9.30045,39.85739],[9.29978,39.85625],[9.30172,39.85554],[9.30274,39.85479],[9.30287,39.85421],[9.30547,39.85396],[9.30536,39.8557],[9.30642,39.85797],[9.31086,39.85904],[9.31391,39.85776],[9.31527,39.85583],[9.31801,39.85641],[9.31848,39.85771],[9.32016,39.85686],[9.32421,39.85635],[9.32285,39.86226],[9.32414,39.86223],[9.32594,39.86034],[9.32756,39.85969],[9.33021,39.86073],[9.33095,39.86033],[9.331,39.86483],[9.33141,39.86547],[9.33234,39.86586],[9.33232,39.86662],[9.33308,39.86777],[9.33252,39.86916],[9.33109,39.86984],[9.32927,39.86989],[9.3292,39.87019],[9.33035,39.87134],[9.33279,39.87266],[9.33234,39.87349],[9.33258,39.87423],[9.33093,39.87551],[9.33351,39.87571],[9.33365,39.87609],[9.33244,39.87739],[9.33593,39.87903],[9.33566,39.87982],[9.33391,39.88018],[9.33353,39.88293],[9.33429,39.88507],[9.33522,39.88565],[9.33539,39.88705],[9.33803,39.89061],[9.34014,39.89265],[9.34484,39.89131],[9.35207,39.89053],[9.35285,39.88967],[9.35708,39.88856],[9.35943,39.89033],[9.35967,39.89113],[9.36022,39.89142],[9.36082,39.89139],[9.36145,39.89075],[9.36265,39.8909],[9.3636,39.89224],[9.36477,39.8917],[9.3674,39.89254],[9.36906,39.89242],[9.37028,39.89326],[9.37209,39.89319],[9.37371,39.89446],[9.37412,39.89557],[9.37577,39.89556],[9.37598,39.89675],[9.37763,39.89775],[9.37815,39.89901],[9.3795,39.90005],[9.38051,39.89978],[9.38138,39.90033],[9.38208,39.90178],[9.38515,39.90114],[9.3867,39.90005],[9.38861,39.8998],[9.38932,39.90012],[9.39078,39.89921],[9.39262,39.89948],[9.39331,39.89996],[9.39166,39.90348],[9.39387,39.90218],[9.3966,39.90157],[9.39689,39.90181],[9.39549,39.90551],[9.39806,39.9057],[9.395,39.90799],[9.39507,39.90878],[9.39647,39.90926],[9.39528,39.91042],[9.39236,39.91059],[9.3914,39.91109],[9.39106,39.91206],[9.39163,39.91246],[9.3928,39.91224],[9.39387,39.91299],[9.39417,39.91386],[9.39607,39.91381],[9.39743,39.91477],[9.39884,39.91498],[9.40037,39.91618],[9.40033,39.91656],[9.39832,39.91624],[9.39662,39.91652],[9.39613,39.91692],[9.39951,39.91922],[9.40166,39.91942],[9.40455,39.92042],[9.4062,39.91969],[9.40999,39.91888],[9.41286,39.91884],[9.41277,39.92079],[9.41162,39.92305],[9.41208,39.92349],[9.41289,39.9234],[9.41282,39.92424],[9.41402,39.92561],[9.41442,39.92445],[9.41677,39.92383],[9.42049,39.92428],[9.42101,39.92492],[9.42094,39.92655],[9.42217,39.92586],[9.42378,39.92585],[9.42403,39.92555],[9.42315,39.92466],[9.42321,39.92346],[9.42386,39.92261],[9.42753,39.92028],[9.42892,39.91882],[9.43233,39.9185],[9.43242,39.91744],[9.43546,39.91587],[9.43725,39.91642],[9.43785,39.91611],[9.43841,39.91629],[9.43859,39.91822],[9.43935,39.91895],[9.43941,39.92102],[9.44037,39.92346],[9.44054,39.9247],[9.44004,39.92597],[9.4412,39.927],[9.44273,39.92569],[9.44294,39.92297],[9.44539,39.91952],[9.44664,39.91915],[9.44803,39.91942],[9.44862,39.91918],[9.44827,39.9176],[9.44915,39.91629],[9.44825,39.91557],[9.44743,39.91557],[9.44805,39.91649],[9.44743,39.91625],[9.44502,39.91651],[9.44284,39.91468],[9.44352,39.917],[9.44321,39.91762],[9.44206,39.91808],[9.44084,39.91488],[9.44008,39.91423],[9.44038,39.91406],[9.44008,39.91423],[9.44084,39.91488],[9.44206,39.91808],[9.44321,39.91762],[9.44352,39.917],[9.44284,39.91468],[9.44502,39.91651],[9.44743,39.91625],[9.44805,39.91649],[9.44743,39.91557],[9.44888,39.91591],[9.44912,39.91656],[9.44827,39.9176],[9.44871,39.91899],[9.44803,39.91942],[9.44894,39.9202],[9.45024,39.91918],[9.45053,39.91955],[9.45195,39.91966],[9.45117,39.91888],[9.45378,39.9195],[9.45515,39.92238],[9.45726,39.92342],[9.45776,39.9246],[9.46074,39.92469],[9.46273,39.92355],[9.46527,39.9236],[9.46648,39.92323],[9.46559,39.92289],[9.46538,39.9203],[9.46668,39.91911],[9.4696,39.91876],[9.47005,39.91768],[9.47119,39.91852],[9.47318,39.91887],[9.47321,39.91943],[9.47482,39.9187],[9.47507,39.91938],[9.47622,39.92023],[9.47421,39.9227],[9.47601,39.92403],[9.47642,39.92387],[9.47541,39.92295],[9.47889,39.92193],[9.48544,39.92419],[9.48714,39.92365],[9.48712,39.92229],[9.48783,39.92224],[9.49052,39.92284],[9.49107,39.924],[9.49565,39.9246],[9.4972,39.92512],[9.4983,39.9264],[9.50189,39.9287],[9.50258,39.92824],[9.50488,39.92868],[9.5064,39.92726],[9.50758,39.92812],[9.50887,39.92817],[9.51002,39.92746],[9.5115,39.92825],[9.51211,39.92803],[9.51169,39.92729],[9.51239,39.92699],[9.51214,39.9275],[9.51329,39.92882],[9.51185,39.93039],[9.51209,39.93069],[9.51461,39.92944],[9.51409,39.93058],[9.51432,39.93128],[9.51467,39.93102],[9.51459,39.93154],[9.51522,39.93077],[9.51531,39.93165],[9.51951,39.93067],[9.51795,39.93002],[9.51748,39.92842],[9.51795,39.93002],[9.51951,39.93067],[9.51531,39.93165],[9.51522,39.93077],[9.51459,39.93154],[9.51467,39.93102],[9.51432,39.93128],[9.51409,39.93058],[9.51461,39.92944],[9.51209,39.93069],[9.51185,39.93039],[9.51329,39.92882],[9.5121,39.92727],[9.51312,39.92591],[9.51308,39.92449],[9.51069,39.92234],[9.5084,39.92047],[9.50734,39.9204],[9.50533,39.91935],[9.50268,39.91942],[9.49842,39.91845],[9.49803,39.91674],[9.49896,39.91632],[9.49867,39.91543],[9.49896,39.91505],[9.50022,39.91496],[9.49937,39.91361],[9.4997,39.91286],[9.50065,39.91259],[9.50268,39.91281],[9.50414,39.91358],[9.5067,39.91402],[9.50816,39.91565],[9.5088,39.91532],[9.50945,39.91564],[9.5143,39.91954],[9.51874,39.92048],[9.52154,39.92252],[9.52212,39.92379],[9.52273,39.92278],[9.52279,39.92127],[9.52351,39.92151],[9.52468,39.92283],[9.52661,39.92372],[9.52703,39.92457],[9.52702,39.92262],[9.52876,39.9212],[9.53181,39.92124],[9.53254,39.92166],[9.53397,39.92156],[9.53574,39.92217],[9.5364,39.92133],[9.53725,39.92152],[9.53724,39.92097],[9.53826,39.92096],[9.53898,39.92246],[9.53954,39.92234],[9.53987,39.92267],[9.53978,39.92387],[9.54139,39.92379],[9.54226,39.92273],[9.54162,39.92235],[9.54197,39.92132],[9.54343,39.9207],[9.54421,39.9208],[9.54576,39.91982],[9.54713,39.91981],[9.54865,39.92057],[9.5495,39.92153],[9.55106,39.92173],[9.55209,39.92237],[9.55199,39.923],[9.55279,39.9234],[9.55728,39.92342],[9.55851,39.92424],[9.55904,39.92389],[9.56006,39.924],[9.56166,39.92519],[9.56348,39.92526],[9.5644,39.92636],[9.56469,39.92804],[9.56581,39.92877],[9.56948,39.92873],[9.56945,39.92807],[9.57274,39.92753],[9.5744,39.92667],[9.57918,39.92749],[9.5814,39.92824],[9.5838,39.92764],[9.58487,39.92861],[9.58636,39.92862],[9.58848,39.928],[9.58876,39.92604],[9.59,39.92586],[9.59088,39.92494],[9.59381,39.92392],[9.59488,39.9231],[9.59716,39.92323],[9.6013,39.91989],[9.6035,39.91862],[9.60534,39.9165],[9.60599,39.9151],[9.60813,39.9162],[9.60897,39.9186],[9.60586,39.92368],[9.60651,39.92401],[9.60625,39.92489],[9.60679,39.92503],[9.60925,39.92808],[9.61102,39.92803],[9.61114,39.92912],[9.61576,39.92891],[9.62603,39.92681],[9.62736,39.92457],[9.63149,39.92342],[9.63224,39.9237],[9.63485,39.92699],[9.63837,39.92684],[9.6431,39.92331],[9.65203,39.92573]]}},{"type":"Feature","properties":{"name":"TET_I-16_20260427","country":"IT","lengthKm":230.7},"geometry":{"type":"LineString","coordinates":[[9.50731,40.92484],[9.51024,40.92471],[9.52116,40.92304],[9.52115,40.92347],[9.5206,40.92366],[9.51586,40.92391],[9.51035,40.92476],[9.50778,40.92628],[9.50723,40.92494],[9.50442,40.92226],[9.50258,40.92157],[9.50153,40.91995],[9.50162,40.91534],[9.50146,40.9149],[9.50019,40.91503],[9.50146,40.90547],[9.50078,40.9041],[9.49742,40.90053],[9.49762,40.89842],[9.49802,40.89714],[9.49975,40.89583],[9.5035,40.89134],[9.50697,40.88365],[9.50473,40.8766],[9.5059,40.87405],[9.50435,40.86745],[9.50121,40.85881],[9.50627,40.85798],[9.51088,40.85888],[9.51713,40.85855],[9.51688,40.85988],[9.51853,40.86032],[9.52011,40.86179],[9.52739,40.85532],[9.52863,40.84894],[9.53003,40.84493],[9.52585,40.84382],[9.52418,40.84279],[9.52345,40.84144],[9.52046,40.83918],[9.51717,40.83756],[9.51608,40.83746],[9.51417,40.83818],[9.51248,40.8374],[9.5133,40.83449],[9.51229,40.83087],[9.51261,40.8249],[9.514,40.81963],[9.51367,40.81686],[9.514,40.81217],[9.51545,40.8072],[9.51435,40.80412],[9.51436,40.80284],[9.5166,40.79884],[9.51647,40.79042],[9.51716,40.78602],[9.51612,40.78421],[9.51639,40.78517],[9.51423,40.78396],[9.51389,40.7831],[9.51245,40.78252],[9.51222,40.78191],[9.51118,40.78192],[9.51088,40.7824],[9.51144,40.78264],[9.51139,40.78331],[9.50982,40.78398],[9.50968,40.78474],[9.51055,40.7847],[9.50895,40.78554],[9.50825,40.78452],[9.50784,40.78448],[9.50811,40.78626],[9.5067,40.78513],[9.50393,40.78556],[9.5028,40.78364],[9.50385,40.78201],[9.50387,40.77948],[9.50213,40.77855],[9.50166,40.7777],[9.49967,40.77732],[9.50006,40.77671],[9.49948,40.7757],[9.49977,40.77511],[9.4987,40.77499],[9.49757,40.77539],[9.49797,40.77703],[9.49769,40.77827],[9.4967,40.77931],[9.49677,40.78006],[9.49622,40.7808],[9.49518,40.78054],[9.49545,40.7794],[9.49337,40.77586],[9.49515,40.77263],[9.49463,40.77235],[9.49378,40.76991],[9.4949,40.76895],[9.49631,40.76882],[9.49714,40.76819],[9.4973,40.76676],[9.49837,40.76652],[9.49804,40.76585],[9.49866,40.76476],[9.496,40.76334],[9.4946,40.76365],[9.49338,40.76343],[9.49181,40.76217],[9.49377,40.75999],[9.49421,40.75684],[9.49507,40.7567],[9.49687,40.75719],[9.49734,40.75676],[9.49943,40.75651],[9.50042,40.75696],[9.501,40.75626],[9.4963,40.75507],[9.49666,40.75428],[9.49639,40.75353],[9.49481,40.75419],[9.49603,40.75255],[9.49508,40.7518],[9.49274,40.75337],[9.49175,40.75348],[9.49109,40.7533],[9.49103,40.75245],[9.48866,40.75301],[9.48664,40.7527],[9.48511,40.75295],[9.48286,40.75151],[9.48221,40.75028],[9.47977,40.7501],[9.48043,40.75127],[9.47841,40.75065],[9.47195,40.75045],[9.46887,40.74859],[9.46737,40.74829],[9.46569,40.74687],[9.46311,40.74684],[9.46189,40.74797],[9.4577,40.7481],[9.45563,40.74661],[9.45396,40.74438],[9.45373,40.74039],[9.45412,40.73823],[9.45496,40.73723],[9.45499,40.73583],[9.45453,40.73518],[9.45549,40.73294],[9.45532,40.73189],[9.45414,40.73029],[9.45401,40.72597],[9.45511,40.71844],[9.45627,40.71744],[9.45689,40.71738],[9.45539,40.71505],[9.45519,40.71365],[9.45689,40.70981],[9.45781,40.70935],[9.45951,40.70693],[9.46123,40.70547],[9.45906,40.70248],[9.45765,40.70184],[9.45628,40.70196],[9.45343,40.70019],[9.45253,40.69868],[9.45332,40.69857],[9.45432,40.69704],[9.4553,40.69695],[9.45615,40.69618],[9.455,40.69487],[9.45483,40.694],[9.45547,40.69367],[9.45595,40.69121],[9.45804,40.69078],[9.4605,40.68912],[9.46205,40.68904],[9.46228,40.6881],[9.46315,40.68769],[9.46464,40.68782],[9.46398,40.6842],[9.46432,40.68287],[9.46594,40.68171],[9.4655,40.68018],[9.46643,40.6788],[9.46771,40.67809],[9.46854,40.67822],[9.46954,40.67907],[9.46883,40.67747],[9.46945,40.67696],[9.46804,40.67624],[9.46868,40.67446],[9.4701,40.67334],[9.47142,40.67289],[9.47046,40.67183],[9.47113,40.67086],[9.47081,40.66791],[9.47172,40.66561],[9.47086,40.66535],[9.47112,40.66484],[9.47006,40.66432],[9.46782,40.66447],[9.46606,40.6627],[9.46659,40.66177],[9.46897,40.66084],[9.46944,40.65989],[9.4684,40.65871],[9.46871,40.65854],[9.46625,40.65812],[9.46567,40.6583],[9.46306,40.66125],[9.45627,40.66222],[9.45413,40.66303],[9.45269,40.6627],[9.45131,40.66345],[9.44963,40.6627],[9.44855,40.66409],[9.44519,40.66505],[9.44328,40.66391],[9.44223,40.66375],[9.4399,40.66573],[9.43831,40.66516],[9.4358,40.66624],[9.43362,40.66616],[9.4324,40.66681],[9.43138,40.66664],[9.42984,40.66698],[9.42742,40.66628],[9.42302,40.66637],[9.42183,40.66703],[9.41391,40.66865],[9.41187,40.66721],[9.40926,40.6673],[9.40917,40.66656],[9.40976,40.6658],[9.41158,40.66559],[9.41563,40.66357],[9.4166,40.66374],[9.41659,40.66291],[9.41765,40.66226],[9.41598,40.6625],[9.41635,40.66214],[9.41602,40.66205],[9.41776,40.66104],[9.42154,40.66119],[9.42273,40.66073],[9.42412,40.66099],[9.42648,40.66076],[9.42863,40.6602],[9.43073,40.65895],[9.43366,40.65902],[9.43099,40.65775],[9.42919,40.65808],[9.42847,40.65772],[9.42854,40.6572],[9.43033,40.65624],[9.43174,40.65645],[9.43366,40.65615],[9.43711,40.65484],[9.43763,40.65426],[9.43803,40.65443],[9.43811,40.65354],[9.43723,40.6538],[9.43596,40.65353],[9.43712,40.65316],[9.43793,40.64848],[9.43829,40.64827],[9.43929,40.64923],[9.44005,40.64905],[9.43946,40.64876],[9.43934,40.64784],[9.4399,40.64801],[9.43993,40.64733],[9.43656,40.64507],[9.43506,40.64487],[9.43402,40.64486],[9.43371,40.64559],[9.43283,40.64582],[9.43307,40.64693],[9.43253,40.64707],[9.43181,40.64611],[9.42956,40.64544],[9.42862,40.64413],[9.42844,40.64455],[9.42766,40.64448],[9.42728,40.64491],[9.42739,40.64544],[9.42796,40.64557],[9.42749,40.64586],[9.42761,40.64638],[9.42867,40.64802],[9.42781,40.64821],[9.42852,40.64895],[9.42889,40.6489],[9.42781,40.64821],[9.42867,40.64802],[9.42761,40.64638],[9.42749,40.64586],[9.42796,40.64557],[9.42739,40.64544],[9.42728,40.64491],[9.42766,40.64448],[9.42844,40.64455],[9.4284,40.64336],[9.42686,40.64252],[9.42669,40.64189],[9.42581,40.64157],[9.42466,40.6401],[9.4227,40.63985],[9.42355,40.63916],[9.42412,40.63777],[9.4252,40.6383],[9.42567,40.63957],[9.42625,40.63851],[9.42701,40.63859],[9.4274,40.63823],[9.42427,40.63553],[9.42497,40.6347],[9.42468,40.6336],[9.42522,40.63366],[9.4252,40.63221],[9.42345,40.63178],[9.42292,40.63233],[9.4232,40.63126],[9.42154,40.63193],[9.42085,40.63187],[9.42153,40.63109],[9.41858,40.62993],[9.41855,40.62895],[9.41992,40.629],[9.41916,40.62741],[9.41983,40.62588],[9.42114,40.62467],[9.42196,40.62473],[9.42294,40.62561],[9.42369,40.62572],[9.42856,40.62394],[9.43025,40.62428],[9.43343,40.62415],[9.43508,40.6247],[9.43734,40.62455],[9.44271,40.62264],[9.44393,40.62172],[9.44365,40.62057],[9.44399,40.61852],[9.44487,40.61771],[9.44534,40.61575],[9.44279,40.61509],[9.43984,40.61325],[9.43682,40.61382],[9.43422,40.61217],[9.43194,40.61271],[9.4298,40.61199],[9.42846,40.61198],[9.42658,40.61062],[9.42573,40.61054],[9.42447,40.60974],[9.42177,40.60912],[9.41993,40.60909],[9.41825,40.60827],[9.41781,40.60766],[9.41641,40.60782],[9.4158,40.60749],[9.41516,40.60589],[9.41554,40.60476],[9.41402,40.60447],[9.41149,40.60189],[9.41055,40.60079],[9.41038,40.59911],[9.40801,40.59576],[9.40849,40.59495],[9.40706,40.59487],[9.40784,40.59448],[9.4089,40.59263],[9.41015,40.59269],[9.40854,40.58924],[9.40934,40.58699],[9.4118,40.58395],[9.41445,40.58334],[9.41507,40.58276],[9.41439,40.58226],[9.4149,40.57847],[9.41232,40.57772],[9.4119,40.57493],[9.41026,40.57469],[9.41004,40.57399],[9.40935,40.57369],[9.41009,40.57157],[9.41245,40.57171],[9.41851,40.57336],[9.42278,40.57505],[9.42638,40.577],[9.43409,40.57831],[9.43671,40.57921],[9.44372,40.57895],[9.4467,40.57929],[9.45006,40.57835],[9.45271,40.57966],[9.45412,40.57846],[9.45885,40.57838],[9.46032,40.57895],[9.46284,40.58073],[9.46622,40.58179],[9.46789,40.58399],[9.4676,40.58448],[9.46656,40.5848],[9.46667,40.58514],[9.46794,40.58475],[9.46931,40.58493],[9.47094,40.58383],[9.47213,40.58411],[9.47036,40.58615],[9.46877,40.58625],[9.46818,40.58694],[9.46747,40.58648],[9.46556,40.58634],[9.46464,40.58723],[9.46353,40.58699],[9.4624,40.58731],[9.46218,40.58833],[9.46325,40.58746],[9.46467,40.58801],[9.46563,40.58758],[9.46619,40.58795],[9.46707,40.58771],[9.46929,40.58885],[9.47365,40.58832],[9.47562,40.58868],[9.47797,40.59032],[9.48075,40.58935],[9.48249,40.58822],[9.47971,40.59096],[9.47869,40.59128],[9.47652,40.59124],[9.47922,40.59174],[9.48063,40.59147],[9.48255,40.59007],[9.48516,40.59029],[9.4862,40.58937],[9.48714,40.58799],[9.487,40.58743],[9.48736,40.58749],[9.48634,40.58641],[9.48383,40.5854],[9.48505,40.58467],[9.48424,40.58404],[9.48599,40.58374],[9.48631,40.58205],[9.49038,40.5807],[9.49055,40.5794],[9.49209,40.58014],[9.49386,40.57951],[9.49411,40.58055],[9.4949,40.58009],[9.49494,40.5791],[9.49609,40.57818],[9.49547,40.5776],[9.49561,40.57356],[9.49386,40.57236],[9.49442,40.57036],[9.49353,40.56966],[9.49385,40.56826],[9.49608,40.56804],[9.49618,40.56694],[9.49506,40.56519],[9.49282,40.56428],[9.49019,40.56159],[9.49082,40.56048],[9.48937,40.55921],[9.48928,40.55845],[9.48988,40.55874],[9.49073,40.55859],[9.4896,40.55774],[9.48957,40.55697],[9.48757,40.55636],[9.48498,40.55477],[9.48452,40.5533],[9.48382,40.55283],[9.48168,40.55287],[9.48089,40.55253],[9.47915,40.54888],[9.47743,40.54884],[9.47722,40.5484],[9.47605,40.54796],[9.47324,40.54828],[9.47313,40.54686],[9.47193,40.54581],[9.47326,40.54543],[9.47252,40.54454],[9.4734,40.5448],[9.47294,40.5441],[9.47358,40.54407],[9.474,40.54331],[9.47467,40.54308],[9.47307,40.54246],[9.47286,40.54176],[9.46805,40.53954],[9.46733,40.53864],[9.46773,40.5375],[9.46723,40.53688],[9.46438,40.53634],[9.46513,40.53473],[9.46425,40.53403],[9.46536,40.5331],[9.46549,40.53133],[9.46639,40.53042],[9.46418,40.52867],[9.46335,40.52651],[9.46377,40.52573],[9.46375,40.52274],[9.46583,40.52173],[9.4687,40.52102],[9.46972,40.51844],[9.47149,40.51761],[9.47294,40.51535],[9.47063,40.51495],[9.46914,40.51306],[9.46811,40.51266],[9.4672,40.51308],[9.46643,40.51199],[9.46656,40.5114],[9.46803,40.51042],[9.46774,40.50969],[9.46886,40.50666],[9.46826,40.50581],[9.46727,40.50552],[9.46666,40.50308],[9.46561,40.50318],[9.46426,40.50212],[9.46366,40.50233],[9.4642,40.50166],[9.46549,40.50192],[9.46265,40.50016],[9.4634,40.4999],[9.46008,40.49619],[9.46023,40.4951],[9.45913,40.49485],[9.45893,40.49327],[9.46047,40.49263],[9.46049,40.49164],[9.45919,40.49094],[9.45982,40.4897],[9.45851,40.48831],[9.45606,40.48827],[9.45453,40.48881],[9.45319,40.48678],[9.45067,40.4854],[9.44702,40.48496],[9.44459,40.48636],[9.44203,40.48575],[9.44105,40.48543],[9.44087,40.48414],[9.43945,40.48301],[9.43777,40.48404],[9.43865,40.48478],[9.4388,40.48611],[9.43979,40.48652],[9.43954,40.48689],[9.43806,40.48696],[9.4362,40.4865],[9.43651,40.4878],[9.43613,40.48799],[9.43407,40.48683],[9.43306,40.48678],[9.43254,40.48595],[9.42838,40.48601],[9.42795,40.48723],[9.42703,40.48811],[9.42768,40.48925],[9.42648,40.49074],[9.42559,40.49116],[9.42299,40.4904],[9.42157,40.48867],[9.4194,40.48719],[9.417,40.48619],[9.41214,40.48503],[9.41095,40.48577],[9.40835,40.48633],[9.40908,40.48483],[9.40711,40.4828],[9.40559,40.48318],[9.40478,40.48494],[9.39819,40.48238],[9.3955,40.4836],[9.39419,40.4837],[9.3931,40.48225],[9.39042,40.4816],[9.38552,40.47917],[9.38394,40.4767],[9.383,40.47612],[9.38208,40.47606],[9.38152,40.47518],[9.382,40.47485],[9.38542,40.47638],[9.38708,40.47644],[9.38801,40.47729],[9.38905,40.47763],[9.39099,40.47761],[9.39205,40.47635],[9.39344,40.47606],[9.39352,40.47518],[9.39527,40.47421],[9.39577,40.47338],[9.39409,40.47152],[9.39423,40.47052],[9.39285,40.46956],[9.39068,40.46625],[9.38947,40.46542],[9.38849,40.46531],[9.38801,40.46463],[9.38677,40.46429],[9.38581,40.46344],[9.38359,40.463],[9.38305,40.46244],[9.38203,40.46267],[9.38051,40.46162],[9.37968,40.46164],[9.37884,40.46066],[9.37627,40.46087],[9.37509,40.46],[9.37419,40.4599],[9.37298,40.46067],[9.37208,40.45913],[9.37069,40.45911],[9.36989,40.45968],[9.36948,40.45851],[9.36833,40.45853],[9.36845,40.45787],[9.36797,40.45732],[9.36967,40.45451],[9.37028,40.45163],[9.36736,40.4476],[9.37306,40.44568],[9.37637,40.44365],[9.38006,40.44273],[9.38203,40.44182],[9.38379,40.44203],[9.38736,40.44329],[9.38834,40.43985],[9.38733,40.43884],[9.38799,40.43746],[9.38782,40.43687],[9.38887,40.43559],[9.38892,40.43419],[9.3897,40.43453],[9.39257,40.43306],[9.39361,40.43063],[9.39325,40.42934],[9.39393,40.42686],[9.39369,40.42542],[9.39246,40.42357],[9.39432,40.42115],[9.3994,40.41858],[9.4,40.41715],[9.40155,40.41702],[9.40222,40.41658],[9.4034,40.41433],[9.40516,40.41329],[9.40589,40.41208],[9.40612,40.41277],[9.40591,40.41196],[9.40333,40.41228],[9.4017,40.41219],[9.40104,40.41175],[9.39978,40.41218],[9.39872,40.41161],[9.39477,40.41389],[9.39187,40.4145],[9.3885,40.41464],[9.38592,40.41587],[9.38171,40.41715],[9.38097,40.41696],[9.38115,40.41625],[9.37914,40.41583],[9.37754,40.41594],[9.37663,40.41503],[9.37736,40.41435],[9.37641,40.41224],[9.37513,40.41069],[9.37353,40.41004],[9.37432,40.4082],[9.37278,40.40666],[9.37254,40.40295],[9.37172,40.40323],[9.37031,40.40228],[9.3695,40.40076],[9.36992,40.40024],[9.36902,40.40057],[9.36943,40.39945],[9.37038,40.39893],[9.36941,40.39876],[9.36966,40.39819],[9.36839,40.39716],[9.36969,40.39587],[9.3704,40.39403],[9.36944,40.39426],[9.36887,40.3953],[9.36588,40.39654],[9.36537,40.39644],[9.3666,40.3956],[9.36646,40.3951],[9.36967,40.38991],[9.37002,40.38847],[9.37146,40.3886],[9.37498,40.39056],[9.37518,40.38965],[9.37717,40.38864],[9.37667,40.38685],[9.37554,40.38587],[9.37557,40.38513],[9.37666,40.38435],[9.37816,40.381],[9.3812,40.3816],[9.38187,40.38121],[9.38561,40.38249],[9.38648,40.38207],[9.38644,40.38115],[9.38787,40.38019],[9.38676,40.37906],[9.38692,40.377],[9.38637,40.37582],[9.38554,40.37484],[9.38452,40.37558],[9.38388,40.37557],[9.38294,40.37422],[9.38145,40.37494],[9.38088,40.37614],[9.38023,40.37626],[9.37924,40.37531],[9.37834,40.37271],[9.3773,40.37299],[9.37589,40.37465],[9.37495,40.37452],[9.37444,40.37352],[9.37327,40.37322],[9.37234,40.37237],[9.37259,40.3711],[9.37063,40.37016],[9.37146,40.36958],[9.3737,40.36964],[9.37575,40.36818],[9.37206,40.36753],[9.36939,40.36597],[9.36758,40.36623],[9.36725,40.36559],[9.36648,40.36626],[9.36522,40.36634],[9.36427,40.36767],[9.36357,40.36784],[9.36347,40.36828],[9.36245,40.36846],[9.36129,40.37012],[9.35808,40.37072],[9.35553,40.3728],[9.35285,40.37234],[9.35165,40.37257],[9.35129,40.37144],[9.34832,40.36981],[9.34761,40.36882],[9.34429,40.36717],[9.34344,40.36725],[9.34251,40.36663],[9.34052,40.36651],[9.3387,40.36592],[9.33769,40.36691],[9.33566,40.36599],[9.33449,40.36601],[9.3329,40.36426],[9.331,40.36377],[9.32837,40.36243],[9.3315,40.36138],[9.33741,40.36215],[9.33911,40.36162],[9.34067,40.36185],[9.34112,40.36155],[9.34155,40.35965],[9.3399,40.35911],[9.34031,40.35783],[9.33736,40.35563],[9.33539,40.35519],[9.33448,40.35547],[9.33395,40.35475],[9.33328,40.35461],[9.33365,40.35318],[9.33609,40.35246],[9.33699,40.35166],[9.33604,40.3508],[9.33503,40.35049],[9.33425,40.34881],[9.33228,40.34811],[9.33115,40.349],[9.33069,40.34824],[9.32954,40.34787],[9.32972,40.34717],[9.32809,40.3466],[9.32546,40.3437],[9.32587,40.34273],[9.32764,40.34222],[9.3289,40.34138],[9.32961,40.34],[9.32904,40.33782],[9.33043,40.33726],[9.32913,40.33422],[9.32955,40.33417],[9.33267,40.3367],[9.33433,40.33689],[9.33581,40.33566],[9.33682,40.33593],[9.33611,40.33529],[9.33369,40.33592],[9.33327,40.33509],[9.3339,40.33573],[9.33481,40.33548],[9.33556,40.33465],[9.33715,40.33497],[9.33836,40.33453],[9.34106,40.33466],[9.34098,40.33442],[9.33751,40.33431],[9.33423,40.333],[9.33421,40.33076],[9.33501,40.3297],[9.33462,40.32792],[9.3339,40.32693],[9.33456,40.32653],[9.33486,40.3272],[9.33635,40.32762],[9.33672,40.32811],[9.33773,40.32623],[9.33924,40.32741],[9.33843,40.32608],[9.33855,40.32507],[9.33778,40.32425],[9.33821,40.3235],[9.33797,40.32431],[9.33897,40.32479],[9.33902,40.32602],[9.34008,40.3271],[9.34085,40.32728],[9.34267,40.32563],[9.34312,40.32466],[9.34503,40.32362],[9.34529,40.32283],[9.34413,40.32223],[9.34387,40.32132],[9.34444,40.31889],[9.34386,40.31755],[9.3443,40.3162],[9.34596,40.31463],[9.34585,40.3141],[9.34657,40.31327],[9.34887,40.31232],[9.34854,40.31155],[9.34898,40.3106],[9.35438,40.30478],[9.3567,40.3039],[9.35903,40.30398],[9.36001,40.30291],[9.36011,40.30204],[9.36068,40.3026],[9.36181,40.30285],[9.36252,40.30223],[9.36162,40.30206],[9.36191,40.30084],[9.3616,40.30019],[9.36003,40.30017],[9.36258,40.29505],[9.36287,40.29338],[9.36427,40.29296],[9.36669,40.29078],[9.37137,40.28941],[9.37389,40.28785],[9.37582,40.28759],[9.37844,40.28779],[9.3832,40.28713],[9.38824,40.28738],[9.39194,40.28539],[9.39525,40.28456],[9.39656,40.28376],[9.39766,40.28283],[9.40208,40.27635],[9.40341,40.27656],[9.40428,40.27547],[9.40426,40.2743],[9.40593,40.27283],[9.40573,40.27195],[9.40401,40.27022],[9.40335,40.27062],[9.40089,40.27024],[9.39947,40.2709],[9.39814,40.27042],[9.39844,40.26938],[9.40105,40.2664],[9.40108,40.26555],[9.40194,40.26589],[9.40274,40.26727],[9.40359,40.26776],[9.40582,40.26639],[9.40825,40.2666],[9.40892,40.26875],[9.40958,40.26936],[9.41159,40.26808],[9.41118,40.26711],[9.41262,40.26796],[9.41291,40.26717],[9.41374,40.26762],[9.41391,40.26685],[9.41453,40.26738],[9.41469,40.26699],[9.41526,40.2673],[9.41523,40.26651],[9.41603,40.26702],[9.41603,40.26623],[9.41672,40.26667],[9.41673,40.26613],[9.41744,40.26652],[9.41742,40.26606],[9.41788,40.26634],[9.41784,40.26576],[9.41831,40.26616],[9.4182,40.26557],[9.41884,40.26595],[9.41854,40.26499],[9.41659,40.2646],[9.41686,40.2628],[9.41591,40.26181],[9.41651,40.26134],[9.41614,40.26086],[9.417,40.26033],[9.41674,40.25976],[9.41726,40.25917],[9.41719,40.25831],[9.41567,40.25762],[9.41442,40.256],[9.41488,40.25497],[9.4139,40.25316],[9.41454,40.25359],[9.41451,40.25311],[9.4129,40.25255],[9.413,40.25181],[9.41424,40.25107],[9.41409,40.25173],[9.41587,40.25268],[9.41645,40.25394],[9.41715,40.25428],[9.41732,40.25519],[9.4178,40.25456],[9.41811,40.25492],[9.4182,40.25405],[9.41871,40.25533],[9.419,40.25464],[9.41936,40.25502],[9.41884,40.25354],[9.41971,40.254],[9.42111,40.2557],[9.42109,40.25625],[9.42154,40.25614],[9.42167,40.25704],[9.42242,40.25633],[9.4225,40.25558],[9.42403,40.25853],[9.42435,40.25747],[9.42478,40.25913],[9.42506,40.25751],[9.42525,40.25861],[9.42605,40.25604],[9.42525,40.25861],[9.42506,40.25751],[9.42478,40.25913],[9.42435,40.25747],[9.42403,40.25853],[9.4225,40.25558],[9.42242,40.25633],[9.42167,40.25704],[9.42154,40.25614],[9.42109,40.25625],[9.41994,40.2542],[9.41888,40.25353],[9.41936,40.25502],[9.419,40.25464],[9.41871,40.25533],[9.4182,40.25405],[9.4181,40.25494],[9.41785,40.25455],[9.41723,40.25515],[9.41715,40.25428],[9.41645,40.25394],[9.41591,40.25273],[9.41409,40.25173],[9.41418,40.25107],[9.41303,40.25177],[9.41278,40.25238],[9.41412,40.2528],[9.41457,40.25359],[9.41399,40.25309],[9.4127,40.25343],[9.4115,40.25326],[9.40996,40.25423],[9.41009,40.25478],[9.40925,40.25488],[9.40931,40.25521],[9.40782,40.25335],[9.40819,40.2543],[9.4075,40.25586],[9.40848,40.25673],[9.4105,40.25678],[9.41067,40.2571],[9.40821,40.25799],[9.4048,40.25734],[9.40387,40.2567],[9.40364,40.25701],[9.40397,40.25587],[9.40311,40.25564],[9.40328,40.25489],[9.4017,40.25482],[9.40031,40.25357],[9.40088,40.25219],[9.40153,40.25182],[9.40142,40.25033],[9.40234,40.24925],[9.40337,40.24883],[9.4024,40.24479],[9.40422,40.24365],[9.40438,40.24274],[9.40538,40.24179],[9.40563,40.24051],[9.40623,40.24009],[9.40591,40.23959],[9.40734,40.23915],[9.40663,40.23806],[9.40539,40.23812],[9.40564,40.23791],[9.40467,40.23743],[9.40369,40.23773],[9.40335,40.237],[9.40474,40.23654],[9.40568,40.23664],[9.40621,40.23592],[9.4074,40.23584],[9.40752,40.2348],[9.40834,40.23481],[9.4084,40.23432],[9.40943,40.23444],[9.41047,40.23392],[9.4111,40.23463],[9.41183,40.23391],[9.41404,40.2339],[9.41714,40.23474],[9.41855,40.2347],[9.41801,40.23533],[9.41966,40.23546],[9.4208,40.23319],[9.42228,40.23308],[9.42456,40.23389],[9.42492,40.23302],[9.42588,40.23276],[9.42856,40.23069],[9.42947,40.22902],[9.43079,40.22865],[9.43085,40.22754],[9.43398,40.22365],[9.43593,40.22197],[9.43853,40.221],[9.4408,40.21873],[9.44103,40.217],[9.44128,40.21727],[9.44302,40.21674],[9.44519,40.21422],[9.4443,40.21291],[9.44475,40.21176],[9.44432,40.21018],[9.44314,40.20916],[9.44394,40.20902],[9.44337,40.20858],[9.44393,40.20653],[9.44336,40.20454],[9.44446,40.2052],[9.44431,40.20458],[9.44604,40.20578],[9.44763,40.20904],[9.44836,40.20875],[9.44839,40.20664],[9.4511,40.20602],[9.45144,40.20633],[9.4511,40.20602],[9.44839,40.20664],[9.44836,40.20875],[9.4476,40.20903],[9.44604,40.20578],[9.44431,40.20458],[9.44446,40.2052],[9.44336,40.20454],[9.44275,40.20247],[9.44144,40.20117],[9.43987,40.20036],[9.44037,40.19977],[9.44031,40.19892],[9.43854,40.19551],[9.43632,40.19535],[9.43368,40.19588],[9.43172,40.19507],[9.42829,40.19449],[9.42324,40.19778],[9.4222,40.19745],[9.42086,40.19623],[9.42016,40.19642],[9.42,40.196],[9.41941,40.19621],[9.41926,40.1958],[9.41881,40.19606],[9.41849,40.19665],[9.41892,40.19693],[9.41885,40.19815],[9.41664,40.19926],[9.4165,40.19972],[9.41559,40.19993],[9.41529,40.20168],[9.41384,40.20445],[9.41183,40.20636],[9.41126,40.20627],[9.41256,40.20356],[9.41317,40.20069],[9.41206,40.19738],[9.41125,40.19718],[9.41185,40.19681],[9.4123,40.19391],[9.41404,40.19358],[9.41387,40.19513],[9.41459,40.19609],[9.41486,40.19488],[9.41747,40.19214],[9.4194,40.19249],[9.41855,40.19151],[9.41889,40.18957],[9.42056,40.1876],[9.42042,40.18728],[9.41916,40.18726],[9.41893,40.18497],[9.41798,40.1844],[9.41416,40.18888],[9.41279,40.18812],[9.41205,40.18846],[9.40934,40.1868],[9.40817,40.1867],[9.40792,40.18608],[9.40662,40.18568],[9.40728,40.1845],[9.40967,40.18447],[9.40766,40.18248],[9.40647,40.18257],[9.40604,40.18069],[9.40463,40.17977],[9.40586,40.17913],[9.40699,40.17712],[9.40664,40.17633],[9.4071,40.17493],[9.40941,40.17212],[9.40896,40.17031],[9.40994,40.16899],[9.41,40.16589],[9.41185,40.16509],[9.41353,40.16366],[9.41186,40.16223],[9.41031,40.1595],[9.40968,40.15958],[9.41019,40.15889],[9.41028,40.1575],[9.41167,40.15608],[9.41286,40.15589],[9.40994,40.15507],[9.40787,40.15227],[9.40811,40.15109],[9.40684,40.14996],[9.40684,40.1487],[9.40435,40.15272],[9.40444,40.15353],[9.40343,40.15422],[9.40289,40.15413],[9.40322,40.15475],[9.40266,40.15556],[9.40077,40.15698],[9.39921,40.15688],[9.39819,40.15819],[9.39734,40.15823],[9.39707,40.15868],[9.39595,40.15904],[9.39545,40.1588],[9.39635,40.15836],[9.39755,40.15639],[9.39745,40.1556],[9.39873,40.15454],[9.39651,40.15555],[9.39623,40.15492],[9.39426,40.15469],[9.39242,40.15268],[9.39022,40.15252],[9.3885,40.14975],[9.38618,40.15306],[9.38487,40.15052],[9.38258,40.14925],[9.383,40.15126],[9.38258,40.15301],[9.38185,40.15403],[9.38048,40.1539],[9.37985,40.15464],[9.37822,40.15451],[9.37892,40.15646],[9.37838,40.15727],[9.3747,40.15524],[9.37408,40.15615],[9.37466,40.15706],[9.37411,40.15831],[9.37187,40.15846],[9.37091,40.15938],[9.36908,40.16005],[9.36871,40.16137],[9.36643,40.16213],[9.36771,40.16295],[9.36589,40.16351],[9.36539,40.16421],[9.36422,40.1637],[9.36586,40.159],[9.36713,40.15716],[9.36829,40.15672],[9.36925,40.15573],[9.3693,40.15391],[9.37113,40.15239],[9.37061,40.152],[9.36558,40.15168],[9.36109,40.15292],[9.35498,40.15359],[9.35304,40.15439],[9.34964,40.15723]]}},{"type":"Feature","properties":{"name":"TET_I-17_20260427","country":"IT","lengthKm":214.5},"geometry":{"type":"LineString","coordinates":[[14.39887,37.90014],[14.39982,37.90007],[14.40077,37.90092],[14.40269,37.90165],[14.40504,37.90128],[14.40811,37.90167],[14.41187,37.90277],[14.41567,37.8983],[14.4152,37.89593],[14.41623,37.89428],[14.41777,37.89413],[14.419,37.89317],[14.41998,37.89082],[14.42115,37.89103],[14.42467,37.8896],[14.42587,37.89013],[14.427,37.88952],[14.42828,37.89045],[14.4306,37.89038],[14.43348,37.88918],[14.43563,37.88912],[14.4376,37.89028],[14.4387,37.88992],[14.4378,37.89372],[14.43877,37.89412],[14.43883,37.89513],[14.43787,37.89585],[14.43767,37.89758],[14.4369,37.89807],[14.43698,37.89975],[14.43751,37.90059],[14.4374,37.90333],[14.43553,37.90512],[14.43523,37.90705],[14.43438,37.90788],[14.43465,37.90883],[14.43401,37.91078],[14.43355,37.91177],[14.43227,37.91257],[14.43482,37.91783],[14.43455,37.91862],[14.43642,37.91995],[14.44013,37.91907],[14.44298,37.91735],[14.4469,37.91702],[14.4515,37.9177],[14.4527,37.91838],[14.45363,37.92012],[14.45556,37.92044],[14.45775,37.92012],[14.4579,37.9211],[14.45973,37.9222],[14.46358,37.92043],[14.46385,37.91902],[14.46518,37.91742],[14.4666,37.91649],[14.47093,37.91218],[14.47112,37.91107],[14.4725,37.91022],[14.47179,37.90783],[14.47092,37.90668],[14.47118,37.90517],[14.47058,37.90427],[14.47053,37.90315],[14.4695,37.90192],[14.47136,37.89986],[14.47165,37.89898],[14.47241,37.89862],[14.47478,37.89868],[14.475,37.89835],[14.47604,37.89874],[14.47888,37.89893],[14.48041,37.89844],[14.48147,37.89862],[14.48108,37.898],[14.48255,37.89755],[14.48169,37.8971],[14.48039,37.89715],[14.4817,37.89653],[14.4836,37.89731],[14.48614,37.89691],[14.48728,37.89577],[14.48845,37.89604],[14.48905,37.89663],[14.49292,37.89682],[14.49427,37.89783],[14.4978,37.89783],[14.50245,37.90024],[14.5034,37.89912],[14.50275,37.89825],[14.50425,37.89647],[14.50223,37.89406],[14.50208,37.89309],[14.50257,37.89209],[14.50168,37.89157],[14.50248,37.89131],[14.50396,37.89326],[14.50677,37.89409],[14.50879,37.8953],[14.51097,37.89318],[14.51277,37.89245],[14.51323,37.89098],[14.51468,37.88947],[14.51563,37.88948],[14.51696,37.88887],[14.51825,37.88906],[14.51927,37.88878],[14.52083,37.88728],[14.52186,37.88763],[14.52257,37.88888],[14.52383,37.8891],[14.52634,37.89174],[14.52687,37.89177],[14.5286,37.89047],[14.53016,37.8903],[14.53165,37.88942],[14.53211,37.88948],[14.53246,37.89056],[14.53391,37.89085],[14.53498,37.89167],[14.53572,37.89166],[14.53602,37.89057],[14.53705,37.89054],[14.53878,37.8898],[14.53952,37.8889],[14.54045,37.88902],[14.5416,37.88816],[14.54528,37.8881],[14.54463,37.88702],[14.54487,37.88678],[14.54851,37.88908],[14.54963,37.88942],[14.55095,37.88862],[14.54945,37.88853],[14.54875,37.88723],[14.54948,37.886],[14.54986,37.88706],[14.55038,37.88728],[14.55178,37.88632],[14.55318,37.88783],[14.55451,37.88818],[14.55777,37.88637],[14.56166,37.887],[14.56192,37.88561],[14.56107,37.88405],[14.56151,37.88348],[14.5613,37.88192],[14.56177,37.8812],[14.56307,37.8809],[14.56332,37.87995],[14.56138,37.87787],[14.56383,37.87617],[14.56428,37.87472],[14.56747,37.87447],[14.56907,37.8732],[14.57108,37.87407],[14.57192,37.87603],[14.5694,37.88027],[14.56947,37.88517],[14.57152,37.88661],[14.57328,37.88692],[14.57335,37.88755],[14.57638,37.88897],[14.5767,37.8901],[14.57887,37.89147],[14.58192,37.89162],[14.58182,37.89073],[14.58718,37.89095],[14.5952,37.88793],[14.59865,37.88805],[14.60163,37.88615],[14.60387,37.88595],[14.60705,37.8885],[14.61185,37.88887],[14.61433,37.88658],[14.6175,37.88638],[14.61947,37.88845],[14.62032,37.89053],[14.62187,37.89003],[14.623,37.89098],[14.62345,37.89293],[14.62562,37.89335],[14.62733,37.89187],[14.62777,37.89032],[14.6316,37.89048],[14.6387,37.89495],[14.63928,37.89617],[14.64267,37.89782],[14.64522,37.90205],[14.64877,37.90312],[14.6549,37.89975],[14.65213,37.9026],[14.65235,37.90438],[14.65396,37.90625],[14.6548,37.9086],[14.65613,37.90963],[14.6557,37.91127],[14.65655,37.9117],[14.65665,37.91313],[14.65495,37.91518],[14.65575,37.91727],[14.65465,37.91912],[14.65505,37.91997],[14.66077,37.9236],[14.66708,37.92497],[14.6686,37.92687],[14.67313,37.92857],[14.6752,37.93098],[14.67485,37.93423],[14.6737,37.93647],[14.67033,37.93983],[14.67068,37.94233],[14.67247,37.94372],[14.67373,37.94333],[14.67608,37.94613],[14.67562,37.94675],[14.67652,37.9467],[14.67858,37.95138],[14.68133,37.9523],[14.68358,37.95397],[14.68407,37.95328],[14.6872,37.95338],[14.68968,37.95265],[14.69005,37.95303],[14.69298,37.95233],[14.69545,37.9528],[14.69602,37.95153],[14.69715,37.95218],[14.70055,37.9515],[14.70163,37.95277],[14.70427,37.95323],[14.70492,37.95403],[14.70837,37.95438],[14.71238,37.9557],[14.71392,37.95535],[14.71877,37.95588],[14.72245,37.9522],[14.72498,37.95102],[14.72685,37.95088],[14.7304,37.94935],[14.73248,37.94738],[14.73687,37.9468],[14.74133,37.94812],[14.74528,37.95147],[14.74772,37.95195],[14.74682,37.94972],[14.74858,37.94895],[14.75013,37.94915],[14.75367,37.94665],[14.75297,37.94507],[14.75567,37.94493],[14.75727,37.94285],[14.76293,37.946],[14.76433,37.94562],[14.76563,37.94652],[14.76748,37.94623],[14.77077,37.94787],[14.77162,37.94903],[14.77337,37.94922],[14.77465,37.95063],[14.7799,37.95315],[14.7833,37.95268],[14.78497,37.95465],[14.78495,37.95665],[14.78622,37.95932],[14.78587,37.96132],[14.78665,37.96255],[14.79003,37.96258],[14.79293,37.96393],[14.79588,37.96445],[14.79642,37.96613],[14.80192,37.96953],[14.80753,37.96962],[14.80985,37.97048],[14.81163,37.96925],[14.81707,37.96785],[14.81681,37.96798],[14.81906,37.96778],[14.8248,37.96634],[14.82818,37.9659],[14.83138,37.96741],[14.83311,37.96977],[14.83699,37.96919],[14.83846,37.96857],[14.84085,37.96849],[14.84315,37.96919],[14.84331,37.97033],[14.84715,37.97103],[14.84898,37.97273],[14.84945,37.97257],[14.85006,37.97072],[14.85034,37.97177],[14.85157,37.97256],[14.85115,37.97363],[14.85305,37.97255],[14.85225,37.97463],[14.85261,37.97514],[14.85483,37.97621],[14.85552,37.97484],[14.85608,37.97708],[14.85861,37.97757],[14.85895,37.97753],[14.85824,37.97686],[14.85849,37.97666],[14.85935,37.97709],[14.86164,37.97919],[14.8631,37.98147],[14.86688,37.98231],[14.86749,37.98215],[14.86951,37.98028],[14.87142,37.98068],[14.87256,37.97929],[14.8732,37.98082],[14.87681,37.98247],[14.87745,37.9837],[14.87698,37.98485],[14.87821,37.98554],[14.87782,37.98679],[14.87977,37.98764],[14.87974,37.98815],[14.87845,37.98943],[14.87894,37.98993],[14.88054,37.989],[14.88198,37.98889],[14.8856,37.98774],[14.88615,37.98914],[14.88712,37.98991],[14.88927,37.98966],[14.89287,37.99027],[14.89458,37.99187],[14.89663,37.99204],[14.89826,37.99088],[14.89757,37.99002],[14.89802,37.9889],[14.90041,37.98886],[14.90143,37.98939],[14.90328,37.98857],[14.9047,37.98709],[14.90551,37.98687],[14.90546,37.98595],[14.90589,37.98566],[14.90778,37.98571],[14.90958,37.98691],[14.91041,37.98621],[14.91132,37.9865],[14.91261,37.98801],[14.91304,37.98981],[14.91426,37.98995],[14.91893,37.98919],[14.92145,37.98715],[14.92642,37.9911],[14.92966,37.99251],[14.93133,37.99374],[14.93344,37.9927],[14.93584,37.99214],[14.93688,37.99048],[14.93763,37.99006],[14.94349,37.98902],[14.94499,37.98759],[14.94725,37.9873],[14.94859,37.98589],[14.94901,37.98468],[14.94949,37.98548],[14.95066,37.98518],[14.95289,37.98584],[14.95401,37.98564],[14.95488,37.98399],[14.95837,37.98377],[14.95939,37.98397],[14.96195,37.98581],[14.96403,37.98484],[14.96629,37.98432],[14.96906,37.98587],[14.97158,37.98637],[14.97534,37.98587],[14.97764,37.98499],[14.9812,37.98236],[14.98226,37.98218],[14.98568,37.98236],[14.98704,37.98395],[14.98895,37.98508],[14.99119,37.98522],[14.99328,37.9861],[14.99435,37.98565],[14.99648,37.98339],[14.99989,37.98409],[15.00082,37.98472],[15.00407,37.98362],[15.00642,37.98381],[15.00972,37.98285],[15.01346,37.98302],[15.02142,37.98493],[15.02337,37.98649],[15.02432,37.98601],[15.02467,37.98766],[15.0257,37.98805],[15.03041,37.98736],[15.03387,37.9873],[15.03565,37.98849],[15.03684,37.98878],[15.03786,37.98859],[15.03835,37.98774],[15.03679,37.98516],[15.03683,37.98426],[15.03843,37.9817],[15.04483,37.97976],[15.04716,37.97994],[15.0473,37.97835],[15.04926,37.97726],[15.05029,37.97481],[15.05144,37.97446],[15.0517,37.97288],[15.05501,37.97267],[15.05538,37.96988],[15.05629,37.97044],[15.0598,37.971],[15.06302,37.97198],[15.06825,37.97652],[15.07021,37.97581],[15.07709,37.97916],[15.08511,37.97988],[15.08616,37.97976],[15.08782,37.97846],[15.08828,37.97679],[15.08951,37.97689],[15.09056,37.97647],[15.09123,37.9757],[15.09448,37.97482],[15.09521,37.97404],[15.09625,37.97378],[15.09734,37.97375],[15.10007,37.97541],[15.10362,37.9755],[15.10583,37.976],[15.11248,37.97411],[15.11565,37.97274],[15.11556,37.97342],[15.11622,37.97376],[15.11852,37.97408],[15.11907,37.97329],[15.12003,37.97295],[15.12318,37.97368],[15.12319,37.97282],[15.12436,37.97273],[15.12485,37.972],[15.1259,37.97174],[15.12716,37.97157],[15.13018,37.97257],[15.1312,37.97227],[15.13195,37.97156],[15.13359,37.97253],[15.13415,37.97174],[15.13536,37.97171],[15.13637,37.9722],[15.13662,37.97403],[15.13744,37.97469],[15.13918,37.97811],[15.13691,37.97615],[15.13845,37.9796],[15.14186,37.97995],[15.14266,37.9806],[15.14449,37.98035],[15.14292,37.98169],[15.1418,37.98133],[15.14399,37.98292],[15.14672,37.9857],[15.1492,37.9856],[15.14959,37.98626],[15.14988,37.98537],[15.1503,37.98566],[15.15066,37.98472],[15.15129,37.98579],[15.1517,37.98474],[15.15177,37.98565],[15.15234,37.98395],[15.15266,37.98478],[15.15353,37.98306],[15.15391,37.98313],[15.15375,37.98593],[15.15446,37.98658],[15.16052,37.98485],[15.16095,37.98663],[15.16192,37.98694],[15.16427,37.98694],[15.16478,37.98654],[15.16449,37.98554],[15.16537,37.98391],[15.16832,37.98254],[15.16907,37.98176],[15.1701,37.98173],[15.17023,37.98278],[15.1718,37.98429],[15.17081,37.98264],[15.17058,37.98092],[15.17012,37.9807],[15.17369,37.983],[15.17674,37.98053],[15.17923,37.98066],[15.18009,37.98003],[15.18123,37.98101],[15.1827,37.98081],[15.18349,37.98023],[15.18425,37.98248],[15.18923,37.9804],[15.19485,37.97928],[15.19848,37.97906],[15.20209,37.97966],[15.20374,37.97928],[15.21296,37.97915],[15.21985,37.97979],[15.22894,37.97818],[15.24011,37.97862],[15.2404,37.98051],[15.24212,37.98445],[15.24107,37.98713],[15.24068,37.98982],[15.24181,37.99091],[15.24264,37.98989],[15.24322,37.98992],[15.24338,37.98897],[15.24389,37.98997],[15.24498,37.98646],[15.24857,37.98689],[15.25017,37.98667],[15.25104,37.98715],[15.25348,37.98756],[15.25451,37.9867],[15.25424,37.98628],[15.25496,37.98587],[15.25588,37.98439],[15.25528,37.98379],[15.25524,37.98305],[15.25617,37.9821],[15.25631,37.98033],[15.25728,37.98009],[15.25881,37.97859],[15.26137,37.97809],[15.26247,37.97672],[15.26431,37.9755],[15.26767,37.97607],[15.26928,37.97401],[15.27202,37.97348],[15.27853,37.97438],[15.27907,37.97399],[15.28131,37.97386],[15.28324,37.97287],[15.28464,37.97267],[15.28644,37.9731],[15.28702,37.97294],[15.28886,37.97377],[15.29292,37.97283],[15.29594,37.97356],[15.29678,37.97323],[15.30022,37.97146],[15.30245,37.96899],[15.30783,37.96592],[15.30909,37.96437],[15.31071,37.96035],[15.3105,37.9606],[15.31215,37.96056],[15.31547,37.96133],[15.31866,37.96131],[15.32182,37.96199],[15.32004,37.96507],[15.31843,37.96576],[15.32022,37.96601],[15.32128,37.96655],[15.3216,37.96467],[15.32314,37.96299],[15.32792,37.96088],[15.33603,37.96204],[15.3358,37.96121],[15.33661,37.96154],[15.33623,37.96081],[15.33451,37.9602],[15.33575,37.96],[15.33435,37.95972],[15.33445,37.95945],[15.33495,37.9596],[15.3338,37.95881],[15.33181,37.95958],[15.33102,37.95911],[15.32786,37.95894],[15.32668,37.95832],[15.32527,37.95894],[15.32376,37.95868],[15.32134,37.95721],[15.3204,37.95801],[15.3175,37.95767],[15.31644,37.95794],[15.31409,37.95579],[15.31353,37.95473],[15.31134,37.95339],[15.31115,37.95254],[15.30908,37.95189],[15.31012,37.95167],[15.31127,37.95202],[15.31038,37.95112],[15.30846,37.95079],[15.30744,37.9513],[15.30768,37.95041],[15.30905,37.94985],[15.3132,37.95033],[15.31008,37.94869],[15.31145,37.94887],[15.3101,37.94806],[15.31234,37.94712],[15.31102,37.94564],[15.3123,37.94315],[15.31152,37.94247],[15.31119,37.94267],[15.31246,37.94194],[15.3103,37.94148],[15.30997,37.94109],[15.31185,37.93893],[15.31561,37.93711],[15.31607,37.93634],[15.31894,37.93629],[15.32032,37.93569],[15.32204,37.93354],[15.32475,37.93408],[15.32952,37.93274],[15.33473,37.93238],[15.33935,37.93113],[15.34168,37.93102],[15.34548,37.93149],[15.34728,37.93264],[15.34824,37.93377],[15.35416,37.93107],[15.35414,37.93204],[15.35517,37.93206],[15.35583,37.9331],[15.35736,37.93275],[15.36318,37.93974],[15.376,37.95305],[15.37788,37.95577],[15.37569,37.95769],[15.37647,37.95901],[15.37698,37.95924],[15.37919,37.95882],[15.383,37.96222],[15.38425,37.96368],[15.38342,37.96473],[15.38419,37.96635],[15.38732,37.96599],[15.40103,37.98127],[15.40635,37.9866],[15.41509,37.9944],[15.41597,37.99558],[15.41566,37.99611],[15.41659,37.99721],[15.41645,37.99769],[15.41747,37.99755],[15.42227,38.00219],[15.42153,38.00253],[15.42462,38.00564],[15.42878,38.00936],[15.43117,38.01063],[15.43654,38.01572],[15.438,38.01663],[15.4387,38.01785],[15.44043,38.01888],[15.4401,38.02415],[15.4415,38.02659],[15.44363,38.02802],[15.4501,38.03468],[15.45403,38.03807],[15.45605,38.03923],[15.45674,38.04034],[15.46018,38.04318],[15.47598,38.0539],[15.47698,38.05554],[15.47788,38.06017],[15.47853,38.06142],[15.47972,38.06202],[15.48216,38.06558],[15.48748,38.06951],[15.4874,38.07022],[15.48657,38.06948],[15.4878,38.07065],[15.49011,38.07199],[15.49278,38.07548],[15.49373,38.0792],[15.49453,38.0803],[15.49432,38.08064],[15.49203,38.08118],[15.49016,38.08111],[15.48695,38.08224],[15.48992,38.08061],[15.49219,38.08026],[15.49012,38.07939],[15.49127,38.07841],[15.49022,38.07839],[15.49036,38.07775],[15.48959,38.07741],[15.48927,38.07674],[15.48795,38.07575],[15.48655,38.07527],[15.48764,38.07625],[15.4881,38.07881],[15.48669,38.07879],[15.48465,38.07977],[15.48233,38.07952],[15.48147,38.08012],[15.47934,38.08074],[15.47862,38.08154],[15.47821,38.08142],[15.47809,38.0807],[15.47771,38.08141],[15.47641,38.08124],[15.47603,38.08165],[15.47651,38.08046],[15.47582,38.08114],[15.4755,38.08244],[15.47507,38.08238],[15.47431,38.08305],[15.47352,38.08288],[15.47109,38.08343],[15.46841,38.08595],[15.46552,38.08465],[15.46263,38.08429],[15.46172,38.0855],[15.46198,38.08679],[15.4589,38.08726],[15.4589,38.08768],[15.46089,38.08752],[15.45963,38.08783],[15.45961,38.08872],[15.45874,38.08855],[15.45842,38.08911],[15.45698,38.08976],[15.45574,38.08899],[15.45601,38.08869],[15.45517,38.0889],[15.45517,38.08847],[15.45471,38.08881],[15.45411,38.08981],[15.45453,38.0924],[15.45342,38.09325],[15.45312,38.09411],[15.45137,38.09356],[15.45093,38.09443],[15.4493,38.09476],[15.44847,38.09536],[15.44812,38.09427],[15.44719,38.09347],[15.44743,38.09416],[15.44676,38.09336],[15.44643,38.09211],[15.44544,38.09237],[15.44553,38.09149],[15.44429,38.091],[15.44198,38.09265],[15.44054,38.09296],[15.43788,38.09218],[15.43684,38.09363],[15.43517,38.0924],[15.43365,38.09199],[15.43375,38.09316],[15.43302,38.09397],[15.43263,38.09265],[15.43188,38.09227],[15.43157,38.09161],[15.43222,38.09025],[15.43012,38.09054],[15.42924,38.09023],[15.42897,38.08938],[15.42778,38.08903],[15.4273,38.0894],[15.42752,38.09003],[15.42686,38.08992],[15.42617,38.09078],[15.42624,38.09017],[15.42589,38.09017],[15.4267,38.08951],[15.42578,38.08985],[15.42629,38.08938],[15.42532,38.08965],[15.42601,38.08922],[15.42505,38.08936],[15.42574,38.08898],[15.42492,38.0891],[15.42547,38.08859],[15.42498,38.08891],[15.42523,38.08848],[15.42437,38.08863],[15.42483,38.08831],[15.42351,38.0886],[15.4213,38.08742],[15.42077,38.08776],[15.41972,38.08761],[15.41942,38.08851],[15.41878,38.0889],[15.4194,38.08974],[15.41877,38.08967],[15.41889,38.09014],[15.41744,38.0913],[15.41929,38.09247],[15.42091,38.09296],[15.42173,38.09507],[15.42259,38.09588],[15.42401,38.0963],[15.42489,38.09729],[15.42483,38.09938],[15.42592,38.10008],[15.42476,38.10071],[15.42488,38.1012],[15.42409,38.10232],[15.42542,38.10538],[15.42643,38.10657],[15.429,38.10681],[15.43046,38.10644],[15.43121,38.10556],[15.43182,38.10548],[15.43074,38.1068],[15.43165,38.106],[15.43241,38.10587],[15.43374,38.10699],[15.43546,38.10527],[15.43629,38.10581],[15.43634,38.10607],[15.43584,38.10572],[15.43586,38.10633],[15.43719,38.1093],[15.43798,38.10968],[15.43866,38.10862],[15.43817,38.10723],[15.43953,38.10629],[15.43959,38.10687],[15.44099,38.10803],[15.4411,38.10965],[15.44064,38.11048],[15.44253,38.11211],[15.44332,38.11367],[15.44505,38.11387],[15.44832,38.11506],[15.44829,38.11635],[15.44755,38.11685],[15.44834,38.1181],[15.44674,38.11935],[15.44749,38.12021],[15.44738,38.12093],[15.44642,38.12115],[15.44543,38.12251],[15.44773,38.12539],[15.44896,38.12562],[15.4498,38.12666],[15.44952,38.1272],[15.45025,38.12819],[15.44981,38.12933],[15.45022,38.13138],[15.45163,38.13076],[15.45109,38.13195],[15.45266,38.13091],[15.45173,38.13195],[15.45261,38.13146],[15.45228,38.13203],[15.45347,38.1334],[15.45316,38.1342],[15.45447,38.13452],[15.45657,38.13601],[15.45856,38.13596],[15.45685,38.13742],[15.45701,38.1387],[15.45664,38.13939],[15.45892,38.14156],[15.4599,38.14175],[15.46117,38.14297],[15.46117,38.14537],[15.46205,38.14624],[15.46263,38.1463],[15.46122,38.14837],[15.46151,38.14941],[15.46277,38.15048],[15.46254,38.15382],[15.46326,38.15414],[15.46581,38.15717],[15.46669,38.15723],[15.46659,38.15823],[15.46785,38.15913],[15.4669,38.16057],[15.46582,38.1606],[15.46495,38.16155],[15.46411,38.16119],[15.46468,38.16273],[15.46398,38.16347],[15.46384,38.16289],[15.46331,38.1641],[15.464,38.16483],[15.46398,38.16606],[15.46477,38.16675],[15.46485,38.16801],[15.4644,38.16784],[15.46445,38.16826],[15.46636,38.16971],[15.46735,38.17123],[15.46921,38.17197],[15.47506,38.17573],[15.47472,38.17674],[15.47582,38.17811],[15.47534,38.18102],[15.47649,38.18305],[15.47717,38.1835],[15.47703,38.1843],[15.47783,38.18702],[15.47874,38.18779],[15.48039,38.18819],[15.48135,38.18921],[15.48194,38.1908],[15.48397,38.19201],[15.48631,38.19496],[15.48713,38.19547],[15.4879,38.19695],[15.4901,38.19791],[15.49159,38.19906],[15.49216,38.20106],[15.49199,38.20268],[15.49318,38.20541],[15.49508,38.20557],[15.49527,38.20609],[15.49436,38.20589],[15.49516,38.2061],[15.49624,38.20764],[15.49749,38.20775],[15.49805,38.20871],[15.49997,38.20885],[15.50071,38.21092],[15.50073,38.21243],[15.50189,38.21192],[15.50423,38.21426],[15.50439,38.21497],[15.50594,38.21562],[15.50546,38.21399],[15.5047,38.21372],[15.50387,38.21234],[15.5025,38.21129],[15.50328,38.21102],[15.50511,38.2115],[15.50572,38.21075],[15.50658,38.21133],[15.50796,38.21005],[15.50893,38.21063],[15.50905,38.20894],[15.51034,38.2096],[15.51109,38.20947],[15.51187,38.21037],[15.51432,38.20943],[15.51496,38.20877],[15.51654,38.20881],[15.51791,38.20743],[15.51862,38.20707],[15.51947,38.20719],[15.52034,38.20639],[15.52004,38.20499],[15.5209,38.20402],[15.52074,38.20319],[15.52112,38.204],[15.5207,38.20459],[15.52214,38.20325],[15.52168,38.20363],[15.52248,38.2032],[15.52353,38.20365],[15.52345,38.20488],[15.52472,38.20575],[15.52294,38.20489],[15.52301,38.20528],[15.52423,38.20613],[15.52426,38.2067],[15.52565,38.20664],[15.52539,38.20783],[15.52571,38.20845],[15.52509,38.20706],[15.52405,38.20755],[15.52484,38.20758],[15.5253,38.20881],[15.52584,38.20902],[15.5267,38.21243],[15.52867,38.21232],[15.53062,38.21315],[15.53625,38.21359],[15.53778,38.2129],[15.53812,38.21444],[15.55285,38.20964],[15.55708,38.20721],[15.56082,38.20615],[15.55979,38.20263],[15.55816,38.20003],[15.55704,38.19058],[15.55819,38.18889],[15.56117,38.1878]]}},{"type":"Feature","properties":{"name":"TET_I-18_20260427","country":"IT","lengthKm":156.5},"geometry":{"type":"LineString","coordinates":[[13.84544,37.84913],[13.84648,37.84796],[13.84627,37.8459],[13.8442,37.84496],[13.844,37.84424],[13.84324,37.84374],[13.84443,37.84335],[13.84456,37.84263],[13.84359,37.84034],[13.84518,37.8387],[13.84597,37.83568],[13.84702,37.83464],[13.84739,37.83449],[13.84715,37.83586],[13.84752,37.83751],[13.84834,37.83585],[13.84895,37.8352],[13.84979,37.83504],[13.85361,37.83754],[13.85516,37.83794],[13.85367,37.83659],[13.85369,37.83466],[13.85198,37.83361],[13.85348,37.83332],[13.85434,37.83386],[13.8551,37.83369],[13.85587,37.83486],[13.85818,37.83582],[13.86166,37.83488],[13.86329,37.83645],[13.86569,37.83636],[13.86672,37.83415],[13.87064,37.83275],[13.87088,37.83218],[13.87239,37.83133],[13.87245,37.82964],[13.8731,37.82859],[13.87547,37.82756],[13.87718,37.82741],[13.87829,37.82657],[13.87927,37.82673],[13.87972,37.82632],[13.88086,37.82409],[13.87947,37.82534],[13.87968,37.82438],[13.88233,37.82006],[13.88292,37.82029],[13.88399,37.82224],[13.88355,37.82273],[13.88453,37.82521],[13.88365,37.82736],[13.88684,37.82874],[13.88924,37.83119],[13.88918,37.83228],[13.89091,37.83412],[13.89095,37.83557],[13.89176,37.8367],[13.89138,37.83833],[13.88874,37.84274],[13.89063,37.84534],[13.89054,37.84742],[13.88962,37.84837],[13.8897,37.84896],[13.89041,37.84886],[13.8908,37.84924],[13.8911,37.8513],[13.8908,37.85296],[13.89156,37.85296],[13.89232,37.85208],[13.8952,37.85417],[13.89927,37.85613],[13.90102,37.85557],[13.90252,37.85458],[13.90315,37.85271],[13.9044,37.85317],[13.90568,37.85409],[13.90341,37.85582],[13.90444,37.85534],[13.90542,37.85592],[13.90718,37.85599],[13.90758,37.85645],[13.9051,37.85792],[13.90511,37.85957],[13.90628,37.86172],[13.9062,37.86257],[13.90854,37.86307],[13.90909,37.86371],[13.91127,37.86435],[13.91457,37.86722],[13.91607,37.86762],[13.9174,37.86924],[13.91666,37.87176],[13.91716,37.87226],[13.91631,37.87343],[13.91631,37.87483],[13.9151,37.87589],[13.91188,37.87679],[13.91035,37.87825],[13.91412,37.88057],[13.915,37.88183],[13.91577,37.88464],[13.91452,37.8856],[13.91261,37.88551],[13.91099,37.88616],[13.90971,37.88742],[13.90962,37.88861],[13.91162,37.89126],[13.91071,37.89271],[13.91098,37.89326],[13.91264,37.89368],[13.9141,37.89518],[13.91579,37.89567],[13.91613,37.89624],[13.91651,37.89737],[13.91548,37.89813],[13.91488,37.89941],[13.91605,37.90021],[13.91513,37.90225],[13.9141,37.90189],[13.91224,37.90195],[13.91086,37.90298],[13.91446,37.90603],[13.91491,37.90727],[13.91717,37.90992],[13.91707,37.91054],[13.92079,37.91307],[13.92188,37.91265],[13.92388,37.91346],[13.92536,37.91471],[13.92738,37.91479],[13.92898,37.91576],[13.92978,37.91689],[13.93156,37.916],[13.93278,37.91582],[13.9364,37.91618],[13.93815,37.91693],[13.93736,37.91815],[13.93875,37.91946],[13.93904,37.9229],[13.93962,37.92384],[13.9402,37.92401],[13.941,37.92403],[13.9437,37.92236],[13.94544,37.92243],[13.94602,37.92287],[13.94757,37.92309],[13.94762,37.92282],[13.94643,37.92267],[13.94531,37.92171],[13.9436,37.92167],[13.9452,37.92128],[13.94701,37.92206],[13.94773,37.92171],[13.95013,37.92227],[13.95055,37.92253],[13.95064,37.92405],[13.9514,37.92469],[13.95552,37.92057],[13.95607,37.92055],[13.95638,37.92169],[13.95836,37.92106],[13.95998,37.92317],[13.96237,37.92262],[13.96479,37.92092],[13.96512,37.9203],[13.96589,37.92011],[13.97014,37.92208],[13.97087,37.92315],[13.97139,37.9248],[13.97041,37.92593],[13.97042,37.92719],[13.97222,37.92857],[13.97131,37.92905],[13.97375,37.92972],[13.97258,37.93009],[13.9732,37.93053],[13.9721,37.93101],[13.97395,37.93114],[13.97265,37.93154],[13.97216,37.93311],[13.97266,37.93467],[13.97238,37.93579],[13.9715,37.93689],[13.97132,37.93807],[13.97012,37.93908],[13.97005,37.94071],[13.96908,37.94213],[13.96838,37.94181],[13.96819,37.94243],[13.96772,37.94244],[13.96765,37.9448],[13.96707,37.94606],[13.9668,37.94545],[13.96629,37.94616],[13.96547,37.94867],[13.96542,37.95236],[13.96497,37.95301],[13.96463,37.95249],[13.96423,37.9532],[13.96362,37.95284],[13.96413,37.95319],[13.9645,37.95238],[13.96506,37.95301],[13.96552,37.95147],[13.96584,37.95395],[13.96678,37.95578],[13.96656,37.95673],[13.96864,37.95833],[13.96896,37.95935],[13.96986,37.96015],[13.96992,37.96186],[13.9695,37.96169],[13.97027,37.96502],[13.97309,37.96356],[13.97401,37.96266],[13.9755,37.96375],[13.97565,37.96405],[13.97521,37.96422],[13.9758,37.96444],[13.97459,37.96476],[13.97491,37.9661],[13.97557,37.96518],[13.97772,37.96726],[13.98034,37.96787],[13.98396,37.96753],[13.98501,37.96829],[13.98887,37.96842],[13.98978,37.96992],[13.99185,37.97001],[13.99259,37.97062],[13.99429,37.97096],[13.99475,37.97024],[13.99886,37.96967],[13.99934,37.96941],[13.99994,37.96791],[14.00066,37.96801],[14.00391,37.97011],[14.00409,37.9717],[14.00469,37.97125],[14.00497,37.97204],[14.00711,37.97347],[14.00757,37.97471],[14.00808,37.975],[14.01102,37.97433],[14.01344,37.97705],[14.01503,37.97737],[14.01784,37.97694],[14.02006,37.97582],[14.02359,37.97302],[14.02444,37.97152],[14.02781,37.96939],[14.02828,37.96669],[14.02989,37.96651],[14.03028,37.96388],[14.02737,37.96267],[14.02854,37.96152],[14.02991,37.95909],[14.03462,37.95765],[14.03523,37.95695],[14.03658,37.95715],[14.03785,37.95681],[14.03891,37.95793],[14.04025,37.95804],[14.04206,37.95638],[14.04215,37.95476],[14.04296,37.95466],[14.0429,37.95439],[14.04357,37.95469],[14.0441,37.95382],[14.04557,37.95323],[14.04555,37.9526],[14.04499,37.9522],[14.0463,37.95055],[14.04607,37.95009],[14.04236,37.94811],[14.04415,37.94774],[14.04571,37.94499],[14.04756,37.94443],[14.04769,37.94511],[14.0493,37.94452],[14.05067,37.94363],[14.05185,37.94346],[14.05183,37.94295],[14.05261,37.94233],[14.05388,37.94257],[14.05483,37.94207],[14.05659,37.94237],[14.05871,37.94186],[14.05927,37.94288],[14.06006,37.94305],[14.06271,37.94186],[14.06413,37.94198],[14.06565,37.9434],[14.06951,37.94394],[14.0707,37.94476],[14.07263,37.94473],[14.0736,37.94429],[14.07415,37.94569],[14.07314,37.94766],[14.07539,37.94908],[14.07777,37.9517],[14.07773,37.95247],[14.07831,37.95264],[14.08142,37.95131],[14.08471,37.9509],[14.08683,37.94929],[14.08699,37.94822],[14.08825,37.94639],[14.09155,37.947],[14.09297,37.94662],[14.09343,37.9477],[14.09483,37.94884],[14.09441,37.94961],[14.09551,37.95152],[14.09595,37.9519],[14.09734,37.95168],[14.0983,37.95282],[14.09944,37.951],[14.1006,37.95068],[14.1018,37.95207],[14.10472,37.9528],[14.10576,37.95248],[14.10773,37.95277],[14.11021,37.95207],[14.11088,37.95248],[14.11108,37.95186],[14.1125,37.95322],[14.11384,37.95347],[14.11616,37.95213],[14.1171,37.95228],[14.11897,37.95291],[14.11898,37.95344],[14.12008,37.95447],[14.12109,37.95357],[14.12148,37.9519],[14.12352,37.95125],[14.12415,37.95162],[14.12447,37.95008],[14.12633,37.94838],[14.12896,37.94843],[14.13057,37.94911],[14.1316,37.94901],[14.13281,37.94938],[14.13336,37.94872],[14.13418,37.94887],[14.13593,37.94832],[14.13514,37.9495],[14.13475,37.9513],[14.1353,37.95289],[14.13708,37.95516],[14.13796,37.95506],[14.13793,37.95565],[14.13974,37.95615],[14.1423,37.9582],[14.14317,37.95949],[14.14413,37.95932],[14.14514,37.9612],[14.14494,37.9619],[14.14538,37.96302],[14.14636,37.96249],[14.14793,37.9624],[14.14599,37.9597],[14.14897,37.9604],[14.14898,37.9608],[14.15059,37.96133],[14.15126,37.96222],[14.1524,37.96276],[14.15368,37.96454],[14.15386,37.96597],[14.15624,37.96588],[14.1564,37.96366],[14.15559,37.96306],[14.15613,37.96265],[14.15621,37.96144],[14.15463,37.95961],[14.15511,37.95872],[14.15366,37.95798],[14.15683,37.95511],[14.16027,37.95663],[14.16109,37.95763],[14.16358,37.95761],[14.16479,37.95703],[14.16913,37.95755],[14.16952,37.95789],[14.16868,37.95947],[14.16616,37.96133],[14.16502,37.96163],[14.16315,37.96322],[14.16279,37.96406],[14.16305,37.966],[14.16218,37.96643],[14.16232,37.96672],[14.16426,37.96836],[14.16484,37.97015],[14.16628,37.97089],[14.16892,37.97114],[14.16934,37.97246],[14.17281,37.97597],[14.17581,37.98102],[14.17686,37.98012],[14.1787,37.97964],[14.18062,37.97833],[14.18119,37.9785],[14.18077,37.98193],[14.18041,37.98258],[14.17905,37.98334],[14.17918,37.98399],[14.18017,37.98531],[14.18139,37.98607],[14.18173,37.98724],[14.18108,37.9882],[14.18152,37.98792],[14.18234,37.98936],[14.18254,37.99075],[14.18439,37.9918],[14.18331,37.99049],[14.18355,37.99013],[14.18414,37.99063],[14.18459,37.98934],[14.18441,37.98823],[14.18547,37.98778],[14.18443,37.98822],[14.18465,37.98923],[14.1842,37.99061],[14.18365,37.99011],[14.18339,37.99031],[14.18446,37.9918],[14.18263,37.99082],[14.18155,37.98797],[14.18113,37.98817],[14.18228,37.99244],[14.18182,37.99345],[14.18244,37.99483],[14.18078,37.99654],[14.18215,37.99882],[14.18108,37.99991],[14.18053,38.00277],[14.18116,38.00414],[14.17908,38.00502],[14.1793,38.00766],[14.17808,38.00981],[14.17938,38.01383],[14.18026,38.01457],[14.18108,38.01616],[14.18073,38.01822],[14.18092,38.01856],[14.18271,38.01901],[14.18581,38.01845],[14.18795,38.01672],[14.18922,38.01679],[14.19082,38.0159],[14.19224,38.01591],[14.19676,38.01469],[14.20078,38.01457],[14.19944,38.01423],[14.19902,38.01366],[14.19749,38.01337],[14.19779,38.01287],[14.19718,38.01219],[14.19756,38.01147],[14.19671,38.01135],[14.19749,38.01105],[14.1991,38.01141],[14.20142,38.0112],[14.20314,38.0107],[14.20351,38.00997],[14.20281,38.00951],[14.20303,38.0093],[14.20108,38.00867],[14.20511,38.00775],[14.20363,38.00758],[14.20431,38.00705],[14.20354,38.00479],[14.20218,38.0031],[14.20075,38.0021],[14.20078,38.00114],[14.20276,37.99923],[14.20396,37.99923],[14.20764,37.99777],[14.20938,37.99766],[14.21053,37.99523],[14.20984,37.99426],[14.21043,37.99309],[14.21034,37.99223],[14.21157,37.99054],[14.21577,37.98885],[14.21609,37.98831],[14.21668,37.98891],[14.22006,37.99009],[14.22338,37.99048],[14.22681,37.98974],[14.22989,37.99064],[14.23454,37.98521],[14.23578,37.98726],[14.23713,37.98853],[14.23715,37.99199],[14.23804,37.99269],[14.23796,37.99333],[14.23888,37.99328],[14.23898,37.99378],[14.24033,37.99318],[14.24546,37.99333],[14.24662,37.99501],[14.248,37.99543],[14.24871,37.99709],[14.24992,37.99771],[14.24974,37.99827],[14.25057,38.00049],[14.24829,38.00162],[14.24718,38.00127],[14.24734,38.00252],[14.24682,38.00373],[14.24768,38.00665],[14.24902,38.00714],[14.24934,38.00857],[14.25094,38.00793],[14.25129,38.00822],[14.25197,38.00759],[14.25322,38.00736],[14.25962,38.00795],[14.26088,38.00774],[14.26239,38.00811],[14.26407,38.00774],[14.27243,38.00984],[14.2743,38.01001],[14.28135,38.00881],[14.28475,38.00714],[14.28955,38.00633],[14.29009,38.00552],[14.28986,38.00465],[14.28907,38.00449],[14.28964,38.00353],[14.28844,38.00472],[14.28686,38.00505],[14.28598,38.00399],[14.28746,38.00357],[14.2875,38.00133],[14.28855,38.00071],[14.28878,38.00003],[14.28816,38.00009],[14.28801,37.99976],[14.28716,38.00041],[14.28659,37.99851],[14.28509,37.99827],[14.28503,37.99781],[14.28419,37.99729],[14.28276,37.99861],[14.28116,37.99808],[14.27988,37.99955],[14.27953,37.99926],[14.27842,37.99983],[14.2786,37.99948],[14.27963,37.99924],[14.27989,37.99956],[14.2806,37.99834],[14.28118,37.99808],[14.2827,37.99862],[14.2839,37.99735],[14.28502,37.9977],[14.28495,37.99819],[14.2856,37.99853],[14.2866,37.99851],[14.28639,37.99903],[14.28699,37.99941],[14.28703,38.00034],[14.28798,37.99971],[14.2883,38.00014],[14.2886,37.99986],[14.28877,38.0001],[14.28862,38.0007],[14.28744,38.00143],[14.28757,38.00347],[14.28596,38.00409],[14.28669,38.00503],[14.28828,38.00491],[14.28871,38.00413],[14.28972,38.00358],[14.28903,38.00448],[14.28982,38.00458],[14.29012,38.00559],[14.28944,38.00613],[14.28969,38.00624],[14.28469,38.00716],[14.28148,38.00875],[14.27519,38.00991],[14.27341,38.01001],[14.27118,38.00948],[14.27122,38.00673],[14.27225,38.00446],[14.27341,37.99632],[14.2736,37.99583],[14.27446,37.99553],[14.27532,37.99177],[14.27675,37.991],[14.2766,37.98982],[14.27836,37.9869],[14.27755,37.98645],[14.27658,37.98499],[14.27796,37.98461],[14.27905,37.98495],[14.28051,37.98486],[14.28141,37.98439],[14.28122,37.983],[14.28182,37.9816],[14.28328,37.98122],[14.28358,37.97999],[14.28519,37.97993],[14.28663,37.97924],[14.28701,37.97856],[14.28916,37.97823],[14.28918,37.9772],[14.28862,37.97669],[14.28954,37.97341],[14.29188,37.97291],[14.29158,37.97223],[14.29029,37.97137],[14.29199,37.97002],[14.29167,37.96914],[14.29201,37.96849],[14.2912,37.96789],[14.2898,37.96817],[14.28869,37.96881],[14.28772,37.97036],[14.28663,37.97029],[14.2865,37.96987],[14.28793,37.96721],[14.28705,37.9654],[14.28669,37.96665],[14.28615,37.96551],[14.28678,37.96493],[14.28729,37.96332],[14.28901,37.96304],[14.28939,37.96266],[14.28847,37.96115],[14.28866,37.96025],[14.28772,37.95963],[14.28899,37.95819],[14.28847,37.95731],[14.28976,37.95652],[14.28931,37.95429],[14.29006,37.95306],[14.28972,37.95094],[14.29002,37.9503],[14.28873,37.94918],[14.291,37.94738],[14.2913,37.946],[14.29107,37.94585],[14.2904,37.94686],[14.29006,37.94676],[14.28978,37.94555],[14.29051,37.94414],[14.28905,37.94167],[14.28997,37.94017],[14.29004,37.9392],[14.29218,37.93768],[14.29334,37.93431],[14.29154,37.93223],[14.29165,37.9315],[14.29424,37.93015],[14.29246,37.92948],[14.29186,37.92749],[14.29068,37.92674],[14.29072,37.92586],[14.29002,37.92549],[14.2898,37.92465],[14.28793,37.92264],[14.28798,37.92159],[14.28869,37.92094],[14.28686,37.92163],[14.28847,37.9197],[14.28682,37.91747],[14.28607,37.91549],[14.28493,37.91435],[14.28517,37.91227],[14.28437,37.91131],[14.28454,37.90998],[14.28409,37.90927],[14.28564,37.90912],[14.2859,37.90809],[14.28639,37.90796],[14.28834,37.90944],[14.29014,37.90914],[14.29145,37.90822],[14.29197,37.90751],[14.29113,37.90813],[14.28918,37.90837],[14.29066,37.9077],[14.29227,37.9047],[14.29435,37.90335],[14.29521,37.9032],[14.29506,37.90296],[14.29677,37.9012],[14.2968,37.90017],[14.30165,37.90075],[14.30229,37.89931],[14.30377,37.90013],[14.30493,37.90245],[14.30609,37.90227],[14.30712,37.90255],[14.30881,37.90109],[14.31053,37.90122],[14.31172,37.90028],[14.31122,37.90094],[14.30956,37.90131],[14.30785,37.90047],[14.30793,37.89663],[14.30845,37.89541],[14.30699,37.89245],[14.3069,37.89116],[14.30894,37.88996],[14.31104,37.88803],[14.31306,37.8871],[14.31201,37.88644],[14.31081,37.88341],[14.30737,37.88352],[14.30506,37.88077],[14.30516,37.88022],[14.30763,37.87835],[14.3069,37.87743],[14.30504,37.8774],[14.30429,37.87642],[14.3016,37.87582],[14.30072,37.87496],[14.30081,37.87352],[14.303,37.87243],[14.30551,37.87153],[14.30662,37.87198],[14.30748,37.8718],[14.30656,37.87103],[14.30609,37.86962],[14.30671,37.86942],[14.30716,37.87024],[14.30903,37.87142],[14.31109,37.87451],[14.3122,37.87013],[14.3131,37.86992],[14.31529,37.8709],[14.31609,37.86906],[14.31752,37.86788],[14.31933,37.86824],[14.32068,37.86783],[14.32471,37.86865],[14.32559,37.87028],[14.32641,37.87032],[14.32772,37.86893],[14.32782,37.86721],[14.32924,37.86582],[14.33083,37.86292],[14.33248,37.8617],[14.33368,37.86193],[14.33542,37.8617],[14.33606,37.86238],[14.33628,37.86354],[14.33748,37.86492],[14.34027,37.86449],[14.34158,37.86522],[14.34224,37.86786],[14.34272,37.86822],[14.34372,37.86844],[14.34544,37.86786],[14.3489,37.86983],[14.35005,37.86985],[14.3516,37.87114],[14.35145,37.87189],[14.35038,37.87213],[14.3498,37.87279],[14.34746,37.87273],[14.34617,37.87356],[14.34585,37.87436],[14.34482,37.87464],[14.34553,37.87567],[14.34456,37.87758],[14.34636,37.87914],[14.3448,37.87983],[14.3446,37.88037],[14.34347,37.8806],[14.3413,37.88223],[14.33885,37.88303],[14.33769,37.88382],[14.33555,37.887],[14.33589,37.888],[14.33527,37.88848],[14.33415,37.88858],[14.3336,37.88921],[14.33525,37.89002],[14.33634,37.89013],[14.33677,37.89116],[14.33523,37.89193],[14.33531,37.89253],[14.33415,37.89341],[14.33409,37.89423],[14.33259,37.89442],[14.33175,37.89504],[14.33184,37.89773],[14.3327,37.89815],[14.33478,37.9018],[14.33454,37.90354],[14.33742,37.90414],[14.33823,37.90556],[14.33973,37.90618],[14.34018,37.90805],[14.34312,37.90972],[14.34396,37.91101],[14.34387,37.91408],[14.34194,37.91481],[14.34265,37.91648],[14.34299,37.91605],[14.3425,37.91513],[14.34345,37.91588],[14.34308,37.91706],[14.3439,37.91933],[14.34338,37.91998],[14.34188,37.9206],[14.34149,37.92161],[14.34192,37.92305],[14.34248,37.92133],[14.34323,37.92232],[14.34617,37.92223],[14.34694,37.92257],[14.34795,37.92493],[14.35138,37.9238],[14.3543,37.92405],[14.35819,37.92581],[14.35874,37.9259],[14.35887,37.92536],[14.36005,37.92549],[14.35997,37.9259],[14.36248,37.92598],[14.36295,37.92892],[14.36387,37.92827],[14.36355,37.92805],[14.36403,37.92698],[14.36368,37.92607],[14.36443,37.92532],[14.36405,37.9242],[14.36285,37.92342],[14.36229,37.92239],[14.36237,37.92081],[14.36345,37.91959],[14.36638,37.91741],[14.36759,37.91722],[14.36839,37.91763],[14.37003,37.91592],[14.37037,37.91482],[14.37281,37.91394],[14.37459,37.91441],[14.37566,37.91303],[14.38,37.91237],[14.38175,37.91117],[14.38265,37.91231],[14.38519,37.91161],[14.38775,37.91149],[14.38854,37.91106],[14.39177,37.91174],[14.39339,37.91266],[14.39333,37.91211],[14.39584,37.91047],[14.39602,37.90954],[14.39524,37.90821],[14.39528,37.9074],[14.39582,37.90586],[14.39709,37.905],[14.3972,37.90339],[14.39807,37.90222],[14.39869,37.90012]]}},{"type":"Feature","properties":{"name":"TET_I-19_20260427","country":"IT","lengthKm":216.2},"geometry":{"type":"LineString","coordinates":[[13.36516,38.12284],[13.3647,38.12331],[13.36431,38.12273],[13.36513,38.12234],[13.36665,38.11938],[13.36774,38.11825],[13.36148,38.11569],[13.3651,38.11003],[13.36058,38.109],[13.35931,38.10883],[13.35907,38.1091],[13.35603,38.10857],[13.3559,38.10818],[13.35515,38.10799],[13.35107,38.11146],[13.35019,38.1111],[13.33665,38.11044],[13.32506,38.11056],[13.3085,38.10917],[13.30595,38.10846],[13.30693,38.10923],[13.30618,38.10915],[13.30689,38.10964],[13.30622,38.1102],[13.30549,38.11003],[13.3047,38.1091],[13.30251,38.10923],[13.30221,38.10863],[13.30004,38.10835],[13.30073,38.10754],[13.30028,38.10735],[13.29891,38.10737],[13.29813,38.10799],[13.29801,38.10769],[13.29451,38.10756],[13.29273,38.10844],[13.29077,38.10874],[13.28839,38.10807],[13.28629,38.1085],[13.28414,38.10784],[13.28273,38.10664],[13.28105,38.10593],[13.27627,38.10597],[13.27305,38.10546],[13.27172,38.10465],[13.27082,38.10285],[13.27176,38.10037],[13.27163,38.09923],[13.2682,38.09555],[13.26521,38.09533],[13.26206,38.09457],[13.26095,38.09302],[13.25913,38.09186],[13.25864,38.09064],[13.25844,38.09213],[13.25754,38.09244],[13.25728,38.09311],[13.25507,38.09301],[13.25357,38.09157],[13.25282,38.08989],[13.25124,38.08858],[13.25077,38.08882],[13.25074,38.08941],[13.25159,38.0915],[13.25087,38.09255],[13.25172,38.09324],[13.25129,38.095],[13.25191,38.09681],[13.2498,38.09866],[13.2502,38.09934],[13.251,38.09933],[13.25115,38.10217],[13.25245,38.10295],[13.24937,38.10179],[13.25364,38.10546],[13.25066,38.10434],[13.24653,38.10349],[13.24538,38.10252],[13.24515,38.1016],[13.24207,38.10039],[13.23982,38.099],[13.24008,38.09759],[13.2397,38.09699],[13.24055,38.09773],[13.24078,38.09852],[13.24196,38.09892],[13.24111,38.09654],[13.24046,38.09618],[13.24059,38.09526],[13.23711,38.09345],[13.2358,38.09411],[13.23501,38.09394],[13.23571,38.09186],[13.23468,38.09085],[13.23548,38.08967],[13.23122,38.08695],[13.2305,38.08695],[13.22859,38.08594],[13.22695,38.08432],[13.22619,38.08417],[13.22324,38.08515],[13.22238,38.08615],[13.22212,38.08736],[13.22278,38.09014],[13.22214,38.09001],[13.22183,38.08934],[13.22029,38.08843],[13.21846,38.08946],[13.21863,38.08994],[13.21808,38.09087],[13.21715,38.09088],[13.2186,38.09157],[13.21993,38.09037],[13.22037,38.09188],[13.22149,38.09308],[13.222,38.0932],[13.22234,38.09253],[13.22285,38.09277],[13.2247,38.0954],[13.227,38.09727],[13.22769,38.10091],[13.2214,38.10102],[13.21543,38.10013],[13.21112,38.10035],[13.20977,38.09947],[13.20899,38.09974],[13.20617,38.09835],[13.20304,38.09841],[13.2005,38.0969],[13.197,38.09581],[13.19037,38.09581],[13.18544,38.09429],[13.1839,38.09344],[13.18305,38.09259],[13.18378,38.09146],[13.18086,38.09159],[13.17806,38.09101],[13.17759,38.09186],[13.1727,38.09405],[13.17166,38.09516],[13.17073,38.09537],[13.16888,38.09509],[13.16736,38.09571],[13.16735,38.0979],[13.17012,38.10053],[13.17126,38.10228],[13.16911,38.10141],[13.16761,38.1001],[13.16701,38.10008],[13.16673,38.10141],[13.16597,38.10234],[13.16447,38.10273],[13.16248,38.1026],[13.16271,38.10474],[13.16228,38.10542],[13.16075,38.10676],[13.15866,38.10757],[13.15837,38.10612],[13.15701,38.10475],[13.15698,38.10415],[13.15796,38.1037],[13.15857,38.10258],[13.15805,38.1013],[13.1571,38.10046],[13.15707,38.10117],[13.15616,38.09997],[13.15409,38.10015],[13.15449,38.10128],[13.15185,38.10016],[13.15161,38.09975],[13.15098,38.10012],[13.14941,38.09953],[13.14791,38.09821],[13.14584,38.09894],[13.14414,38.09804],[13.13756,38.09751],[13.13413,38.09458],[13.13406,38.09435],[13.13506,38.09412],[13.13455,38.09352],[13.1322,38.09272],[13.13995,38.08907],[13.14172,38.08956],[13.14153,38.08937],[13.14244,38.08918],[13.1458,38.08922],[13.14886,38.08762],[13.15264,38.08704],[13.14983,38.08554],[13.1464,38.08542],[13.14394,38.08484],[13.14236,38.08405],[13.13825,38.08438],[13.13471,38.08355],[13.13274,38.08374],[13.13069,38.08332],[13.12902,38.0834],[13.12824,38.07822],[13.12784,38.07812],[13.1271,38.07892],[13.12487,38.07836],[13.1216,38.07838],[13.12125,38.07761],[13.11977,38.07749],[13.11903,38.07616],[13.11779,38.07629],[13.11613,38.0772],[13.11524,38.07539],[13.11471,38.0752],[13.11101,38.07596],[13.11025,38.07553],[13.11048,38.07489],[13.11004,38.07504],[13.10971,38.0746],[13.10956,38.07362],[13.10922,38.07337],[13.10847,38.07365],[13.1077,38.07324],[13.10962,38.07197],[13.10962,38.07068],[13.11193,38.06997],[13.11316,38.06904],[13.11481,38.06931],[13.11677,38.07171],[13.11987,38.07348],[13.12039,38.0754],[13.1351,38.07443],[13.13659,38.0746],[13.13687,38.07371],[13.13693,38.07241],[13.13453,38.0692],[13.13166,38.06956],[13.13126,38.06807],[13.13197,38.06761],[13.13147,38.06778],[13.12987,38.06526],[13.12439,38.06463],[13.1204,38.06495],[13.11944,38.06259],[13.11938,38.06208],[13.1204,38.06107],[13.11975,38.06015],[13.12173,38.05403],[13.1192,38.05298],[13.11897,38.05203],[13.11964,38.05183],[13.11878,38.05173],[13.1189,38.0503],[13.11948,38.0503],[13.11996,38.04904],[13.12143,38.048],[13.12287,38.04797],[13.12949,38.04347],[13.13006,38.04268],[13.12356,38.04263],[13.11866,38.03955],[13.11544,38.03612],[13.11436,38.03572],[13.11264,38.0361],[13.10975,38.03769],[13.10808,38.03963],[13.11057,38.04145],[13.1135,38.03855],[13.11119,38.03277],[13.11997,38.02889],[13.12124,38.02961],[13.12345,38.02858],[13.12332,38.02796],[13.12443,38.02758],[13.12508,38.02255],[13.12457,38.02026],[13.12517,38.01927],[13.12829,38.01771],[13.12885,38.01686],[13.13105,38.0154],[13.13416,38.01441],[13.14128,38.01013],[13.14146,38.00481],[13.13885,38.00325],[13.13512,37.99946],[13.13224,37.99828],[13.13081,37.99847],[13.13065,37.99822],[13.13176,37.99763],[13.13422,37.99735],[13.13569,37.99587],[13.13849,37.99492],[13.13812,37.99459],[13.13388,37.99594],[13.13494,37.99436],[13.13609,37.99379],[13.13498,37.99258],[13.13648,37.99172],[13.13943,37.98851],[13.13846,37.98718],[13.13814,37.98371],[13.13713,37.98206],[13.13691,37.98077],[13.13817,37.97819],[13.14122,37.97543],[13.13259,37.97186],[13.12672,37.96836],[13.12736,37.96652],[13.13011,37.96472],[13.13207,37.9646],[13.13206,37.96265],[13.13256,37.96208],[13.13613,37.96281],[13.13831,37.96158],[13.14126,37.96161],[13.14499,37.96351],[13.14705,37.96319],[13.14931,37.96357],[13.15127,37.96317],[13.15204,37.96349],[13.15501,37.96348],[13.1619,37.96169],[13.16379,37.96083],[13.16456,37.96088],[13.167,37.95875],[13.16798,37.95844],[13.16896,37.95842],[13.17137,37.95964],[13.17843,37.95956],[13.17981,37.95886],[13.17807,37.95961],[13.17209,37.95954],[13.17142,37.95807],[13.17388,37.95689],[13.17282,37.95361],[13.17331,37.94928],[13.17312,37.94851],[13.17076,37.94646],[13.1695,37.94446],[13.17037,37.94296],[13.16979,37.94055],[13.17258,37.93687],[13.17243,37.935],[13.17279,37.93428],[13.17207,37.93303],[13.17214,37.93016],[13.17384,37.92819],[13.17656,37.92701],[13.17777,37.92578],[13.17716,37.92144],[13.18077,37.92114],[13.18663,37.91915],[13.19277,37.91781],[13.19354,37.91832],[13.19302,37.91932],[13.19511,37.92269],[13.19397,37.92595],[13.19432,37.92642],[13.19541,37.92659],[13.19514,37.9284],[13.19641,37.92898],[13.19896,37.92861],[13.19998,37.92935],[13.20135,37.92967],[13.20558,37.92922],[13.20684,37.92814],[13.20905,37.92703],[13.21014,37.92765],[13.21067,37.92644],[13.20959,37.92515],[13.2105,37.92514],[13.20856,37.92328],[13.20803,37.92147],[13.20915,37.91905],[13.2079,37.91623],[13.20913,37.91444],[13.21053,37.91332],[13.21058,37.91201],[13.21134,37.91119],[13.21302,37.91183],[13.21909,37.91279],[13.2216,37.91412],[13.2223,37.91408],[13.22266,37.91345],[13.22065,37.91028],[13.22145,37.90825],[13.2232,37.90739],[13.22352,37.90672],[13.22181,37.90301],[13.22242,37.90233],[13.22251,37.90116],[13.22393,37.90003],[13.2243,37.89906],[13.22451,37.89437],[13.22376,37.89333],[13.22488,37.89074],[13.22629,37.88961],[13.22736,37.88714],[13.22727,37.88382],[13.22891,37.88191],[13.23187,37.88017],[13.23309,37.87842],[13.23506,37.87748],[13.23538,37.87703],[13.23485,37.87646],[13.23706,37.87394],[13.23878,37.87282],[13.24183,37.87178],[13.24795,37.86766],[13.25132,37.86112],[13.25299,37.85932],[13.25425,37.85872],[13.25424,37.85804],[13.25487,37.85744],[13.25564,37.8572],[13.255,37.85612],[13.25545,37.85468],[13.25794,37.85325],[13.259,37.85312],[13.2581,37.85202],[13.25817,37.85002],[13.25941,37.84799],[13.26046,37.84687],[13.26132,37.84655],[13.26187,37.84477],[13.26314,37.844],[13.26464,37.84063],[13.26409,37.83534],[13.26596,37.83543],[13.26745,37.83467],[13.26846,37.83467],[13.27601,37.83013],[13.27764,37.83014],[13.27972,37.83184],[13.28274,37.83181],[13.28561,37.83099],[13.287,37.83134],[13.28944,37.83097],[13.29046,37.82984],[13.29082,37.82759],[13.29267,37.82567],[13.29092,37.82393],[13.29105,37.82244],[13.29245,37.8202],[13.29122,37.81855],[13.29151,37.81663],[13.29122,37.81655],[13.29326,37.81537],[13.2942,37.81411],[13.29378,37.8132],[13.28896,37.8095],[13.29266,37.81069],[13.29507,37.81098],[13.29578,37.8118],[13.29744,37.81181],[13.29839,37.81225],[13.29834,37.81178],[13.3012,37.81224],[13.30149,37.8119],[13.30312,37.81215],[13.30237,37.81345],[13.30304,37.81382],[13.3043,37.81308],[13.30463,37.81244],[13.3043,37.81205],[13.30504,37.81102],[13.30614,37.81045],[13.30661,37.80906],[13.30849,37.8089],[13.30974,37.80961],[13.30651,37.81085],[13.30615,37.81209],[13.30644,37.81282],[13.30726,37.81306],[13.30747,37.81249],[13.30815,37.81294],[13.31003,37.81269],[13.31051,37.81137],[13.31237,37.81043],[13.31244,37.80943],[13.31175,37.80866],[13.31206,37.80934],[13.31178,37.8099],[13.30664,37.81375],[13.30221,37.81634],[13.30032,37.81868],[13.29753,37.81913],[13.2959,37.8212],[13.29391,37.82181],[13.29211,37.82383],[13.29263,37.82588],[13.29064,37.82783],[13.29047,37.82975],[13.28932,37.83102],[13.28683,37.83131],[13.28539,37.83096],[13.28278,37.83175],[13.27969,37.83185],[13.27739,37.82999],[13.27681,37.82994],[13.27522,37.83037],[13.27462,37.83108],[13.27106,37.83278],[13.2685,37.83466],[13.26615,37.83513],[13.26628,37.83822],[13.26696,37.83932],[13.26696,37.84205],[13.2675,37.84238],[13.2686,37.84455],[13.27134,37.84594],[13.27201,37.84676],[13.27122,37.84977],[13.26845,37.85168],[13.26764,37.85319],[13.26817,37.85377],[13.27061,37.8532],[13.27169,37.85349],[13.27447,37.8561],[13.27336,37.85771],[13.26998,37.8588],[13.26677,37.86221],[13.26634,37.86376],[13.26727,37.86729],[13.26804,37.86749],[13.27008,37.86689],[13.27436,37.86329],[13.27572,37.863],[13.27876,37.86355],[13.2804,37.86197],[13.28238,37.86229],[13.28483,37.86108],[13.28784,37.86208],[13.2892,37.86217],[13.29114,37.86316],[13.29264,37.86315],[13.29378,37.86391],[13.29635,37.8638],[13.2975,37.8632],[13.29823,37.86334],[13.29881,37.8642],[13.29867,37.86556],[13.29953,37.8663],[13.30138,37.86644],[13.30263,37.8657],[13.3044,37.86553],[13.30809,37.86735],[13.30912,37.87032],[13.31016,37.87084],[13.3091,37.87293],[13.30908,37.87389],[13.31182,37.87609],[13.31702,37.87786],[13.32208,37.87907],[13.32442,37.88206],[13.32765,37.88258],[13.33043,37.88443],[13.34476,37.88745],[13.35086,37.88477],[13.35423,37.88181],[13.356,37.87934],[13.35963,37.87945],[13.36393,37.8801],[13.36922,37.88319],[13.37143,37.88274],[13.37204,37.88306],[13.37424,37.88286],[13.37486,37.88311],[13.37622,37.88185],[13.37658,37.88249],[13.37776,37.88298],[13.37817,37.88234],[13.37894,37.8824],[13.38015,37.88109],[13.38044,37.87987],[13.38226,37.87685],[13.38232,37.87469],[13.38311,37.87315],[13.38633,37.87299],[13.38507,37.8691],[13.38789,37.86805],[13.38835,37.86755],[13.38755,37.86664],[13.39037,37.86835],[13.39302,37.86858],[13.39564,37.8697],[13.39631,37.87084],[13.39687,37.87081],[13.39807,37.86978],[13.40134,37.86854],[13.40291,37.86865],[13.40489,37.86767],[13.40609,37.86635],[13.40688,37.86622],[13.4076,37.86705],[13.40839,37.86721],[13.4118,37.86717],[13.41323,37.86574],[13.41526,37.86524],[13.41606,37.86428],[13.41936,37.86358],[13.42051,37.86402],[13.42104,37.86313],[13.42051,37.86089],[13.42259,37.85757],[13.42518,37.85605],[13.42781,37.85259],[13.43105,37.85097],[13.43119,37.8493],[13.43296,37.84786],[13.43789,37.84472],[13.44062,37.84453],[13.43872,37.84448],[13.44051,37.84316],[13.4406,37.84178],[13.43977,37.84224],[13.43864,37.84224],[13.4356,37.84106],[13.43339,37.83881],[13.43393,37.83733],[13.43277,37.83693],[13.43104,37.83755],[13.42904,37.83772],[13.42897,37.83677],[13.43088,37.83327],[13.43063,37.83306],[13.42829,37.83379],[13.42836,37.83299],[13.42997,37.83067],[13.4333,37.83054],[13.4361,37.82943],[13.43695,37.83002],[13.43824,37.82945],[13.4397,37.82798],[13.44118,37.82761],[13.44165,37.8266],[13.44286,37.82601],[13.44235,37.82517],[13.44162,37.8249],[13.44293,37.82362],[13.44715,37.82429],[13.44824,37.82486],[13.45441,37.82496],[13.45496,37.82521],[13.45486,37.82582],[13.456,37.82707],[13.45833,37.82735],[13.45931,37.82913],[13.46152,37.83012],[13.46295,37.82969],[13.46528,37.83007],[13.46578,37.82987],[13.4662,37.82866],[13.46753,37.82711],[13.47317,37.8266],[13.47691,37.82512],[13.48816,37.82679],[13.48999,37.82569],[13.49215,37.82539],[13.4936,37.8256],[13.49475,37.82509],[13.49662,37.82491],[13.49858,37.8252],[13.50183,37.82387],[13.50664,37.82299],[13.51011,37.82314],[13.51391,37.82423],[13.51804,37.8238],[13.52035,37.82414],[13.52385,37.82509],[13.52994,37.82817],[13.53233,37.82863],[13.53909,37.82833],[13.54266,37.82776],[13.54495,37.827],[13.54576,37.8272],[13.54849,37.82681],[13.55146,37.82738],[13.55277,37.82805],[13.55216,37.82414],[13.5528,37.82185],[13.55211,37.81956],[13.55424,37.81656],[13.55669,37.81482],[13.5579,37.81461],[13.55858,37.81496],[13.55892,37.81622],[13.56071,37.81535],[13.5604,37.81646],[13.5611,37.81776],[13.56065,37.81861],[13.56241,37.81947],[13.56415,37.82307],[13.57026,37.82544],[13.57076,37.82616],[13.57047,37.82814],[13.57095,37.82862],[13.57288,37.82907],[13.57359,37.82837],[13.57427,37.8265],[13.57625,37.82597],[13.57753,37.82493],[13.57688,37.82642],[13.57803,37.82835],[13.58062,37.83007],[13.58343,37.83325],[13.58725,37.83647],[13.58986,37.83981],[13.59182,37.84343],[13.59413,37.84275],[13.59286,37.84416],[13.59314,37.84504],[13.59265,37.84633],[13.59335,37.84686],[13.59336,37.84811],[13.59223,37.84911],[13.59231,37.85082],[13.59319,37.85144],[13.59442,37.85382],[13.5968,37.8548],[13.59794,37.85584],[13.59934,37.85598],[13.59956,37.85733],[13.60159,37.8588],[13.60101,37.86019],[13.60153,37.86335],[13.60114,37.86459],[13.60194,37.86693],[13.60055,37.86777],[13.60013,37.8689],[13.60039,37.87172],[13.59995,37.87272],[13.60082,37.87321],[13.60033,37.87488],[13.60062,37.87603],[13.59956,37.87801],[13.60058,37.87796],[13.60095,37.87841],[13.60081,37.88079],[13.60291,37.88288],[13.60907,37.88263],[13.60914,37.88305],[13.61032,37.88378],[13.61058,37.88536],[13.61124,37.88534],[13.61192,37.88588],[13.61206,37.88684],[13.61167,37.88743],[13.61337,37.88879],[13.6139,37.89001],[13.613,37.89155],[13.61288,37.89447],[13.61192,37.89556],[13.61154,37.89741],[13.61268,37.90005],[13.61248,37.90141],[13.61156,37.90198],[13.61218,37.9033],[13.61051,37.90521],[13.61062,37.90656],[13.6101,37.90747],[13.61085,37.90801],[13.61207,37.90779],[13.61383,37.90854],[13.61587,37.90854],[13.61736,37.90908],[13.61936,37.90893],[13.62024,37.90958],[13.62139,37.90939],[13.62199,37.90965],[13.62447,37.91158],[13.62527,37.9128],[13.62617,37.91301],[13.62818,37.91518],[13.62888,37.91766],[13.62996,37.91879],[13.63373,37.92013],[13.63415,37.92014],[13.63504,37.919],[13.63544,37.91931],[13.63623,37.92458],[13.63692,37.9249],[13.6394,37.92396],[13.63972,37.92429],[13.63919,37.92582],[13.63768,37.92671],[13.63555,37.92934],[13.63577,37.93024],[13.6339,37.93489],[13.63459,37.93579],[13.6416,37.93817],[13.64418,37.93686],[13.64427,37.93851],[13.64477,37.93932],[13.6463,37.94027],[13.64651,37.94121],[13.64563,37.94252],[13.64623,37.94427],[13.64704,37.94477],[13.64804,37.94689],[13.64735,37.94756],[13.64789,37.94846],[13.64908,37.94902],[13.65082,37.95185],[13.65166,37.95209],[13.65388,37.95169],[13.65464,37.95265],[13.6554,37.95271],[13.65532,37.95303],[13.65423,37.95328],[13.65459,37.95398],[13.65405,37.95495],[13.65556,37.95533],[13.66102,37.95428],[13.6614,37.95317],[13.66197,37.95313],[13.66242,37.95437],[13.66196,37.95527],[13.66261,37.95571],[13.66555,37.95287],[13.66619,37.95302],[13.66608,37.95549],[13.66841,37.95358],[13.66884,37.95268],[13.66888,37.95357],[13.66939,37.95385],[13.67091,37.95032],[13.67122,37.95008],[13.67164,37.9505],[13.67241,37.94909],[13.67122,37.9465],[13.66932,37.94636],[13.66754,37.94466],[13.66602,37.94408],[13.66514,37.94189],[13.66304,37.94074],[13.66147,37.93719],[13.66148,37.9345],[13.66064,37.93224],[13.66243,37.93148],[13.66557,37.9326],[13.66627,37.93262],[13.66673,37.93214],[13.66826,37.93207],[13.66785,37.93076],[13.66846,37.93003],[13.66758,37.92867],[13.66929,37.92884],[13.67565,37.926],[13.6796,37.9257],[13.68215,37.92485],[13.6851,37.92441],[13.68624,37.92383],[13.68693,37.92164],[13.68812,37.92042],[13.68789,37.91981],[13.68935,37.91676],[13.69145,37.91559],[13.69446,37.91277],[13.69566,37.91228],[13.69461,37.90882],[13.69537,37.90654],[13.69804,37.90662],[13.69862,37.90622],[13.70028,37.90643],[13.70103,37.90543],[13.70453,37.90485],[13.70735,37.90563],[13.70655,37.90364],[13.70926,37.9021],[13.71235,37.90151],[13.71356,37.90041],[13.71524,37.90032],[13.71529,37.89943],[13.71676,37.89798],[13.71705,37.89681],[13.71616,37.89672],[13.71539,37.89597],[13.71813,37.89501],[13.7196,37.89312],[13.72171,37.89197],[13.7234,37.88946],[13.7249,37.88835],[13.72498,37.88781],[13.72723,37.88667],[13.72651,37.88558],[13.72771,37.88279],[13.72737,37.88186],[13.73044,37.88053],[13.73225,37.87876],[13.73319,37.87839],[13.73588,37.87554],[13.73895,37.8714],[13.73976,37.87091],[13.73985,37.87007],[13.7437,37.86786],[13.74545,37.86549],[13.74648,37.86483],[13.74868,37.86167],[13.75127,37.86012],[13.75514,37.85384],[13.75563,37.85209],[13.75493,37.8506],[13.75542,37.84895],[13.7603,37.84773],[13.76214,37.85067],[13.76419,37.85038],[13.76643,37.85152],[13.76707,37.85146],[13.76743,37.85083],[13.76807,37.85091],[13.77028,37.85192],[13.77124,37.85335],[13.77309,37.85498],[13.77545,37.856],[13.77729,37.85635],[13.78135,37.85588],[13.78257,37.85614],[13.78475,37.85752],[13.78766,37.85697],[13.78943,37.85704],[13.79034,37.85633],[13.79174,37.85633],[13.79528,37.85541],[13.79709,37.85561],[13.79786,37.85648],[13.80021,37.85762],[13.80545,37.85591],[13.80797,37.85564],[13.81063,37.85436],[13.81306,37.85391],[13.81472,37.85304],[13.81902,37.85235],[13.82268,37.8526],[13.8257,37.85539],[13.82651,37.85465],[13.83155,37.8525],[13.83044,37.85],[13.84326,37.84774],[13.8444,37.84778],[13.84521,37.84911]]}}]}