{"type":"FeatureCollection","features":[{"type":"Feature","properties":{"name":"TET_P-01_20250305","country":"PT","lengthKm":465},"geometry":{"type":"LineString","coordinates":[[-7.89917,41.9264],[-7.89864,41.92689],[-7.89925,41.92527],[-7.89945,41.91814],[-7.89862,41.91658],[-7.89993,41.91246],[-7.89948,41.91072],[-7.89716,41.9068],[-7.8958,41.90575],[-7.89431,41.90541],[-7.89366,41.90623],[-7.8928,41.90628],[-7.89168,41.90603],[-7.89051,41.9051],[-7.89111,41.90146],[-7.89081,41.90097],[-7.88832,41.9003],[-7.88703,41.89741],[-7.88685,41.89646],[-7.88757,41.89485],[-7.88707,41.89274],[-7.88886,41.8894],[-7.89011,41.88315],[-7.89103,41.88262],[-7.89223,41.88258],[-7.89336,41.88388],[-7.89634,41.88247],[-7.89861,41.88049],[-7.90047,41.87577],[-7.90373,41.87419],[-7.90868,41.86923],[-7.91278,41.8683],[-7.91395,41.86715],[-7.91619,41.86602],[-7.9184,41.86646],[-7.91905,41.86625],[-7.92059,41.86769],[-7.92246,41.86764],[-7.92432,41.86856],[-7.92364,41.8674],[-7.92432,41.86663],[-7.926,41.86698],[-7.92738,41.86675],[-7.92798,41.86615],[-7.92935,41.86585],[-7.93089,41.86331],[-7.93301,41.86259],[-7.93468,41.86257],[-7.93748,41.86101],[-7.93821,41.85822],[-7.9392,41.85787],[-7.94032,41.85847],[-7.94,41.85861],[-7.94118,41.85799],[-7.94108,41.85481],[-7.94398,41.85263],[-7.94741,41.84874],[-7.94894,41.84775],[-7.95106,41.84516],[-7.95145,41.84353],[-7.95133,41.84207],[-7.95075,41.84169],[-7.94961,41.84206],[-7.94822,41.84103],[-7.94257,41.83892],[-7.94103,41.83974],[-7.94074,41.84179],[-7.93999,41.84212],[-7.9383,41.8408],[-7.93743,41.84058],[-7.93256,41.8401],[-7.93124,41.84066],[-7.9275,41.84052],[-7.92525,41.83958],[-7.9231,41.83947],[-7.92134,41.83864],[-7.91847,41.83313],[-7.91889,41.83164],[-7.91828,41.83097],[-7.91769,41.82708],[-7.91487,41.82358],[-7.91561,41.8214],[-7.91427,41.82087],[-7.91566,41.8142],[-7.91799,41.81261],[-7.91761,41.81037],[-7.92003,41.80576],[-7.92028,41.8046],[-7.91983,41.80285],[-7.92036,41.80222],[-7.92032,41.80081],[-7.92274,41.79886],[-7.92349,41.7976],[-7.92311,41.79537],[-7.92401,41.79486],[-7.92233,41.79446],[-7.92258,41.79372],[-7.92418,41.79299],[-7.9284,41.79244],[-7.93016,41.79384],[-7.93066,41.79309],[-7.93322,41.79157],[-7.93421,41.79006],[-7.93758,41.78835],[-7.93817,41.78763],[-7.93653,41.78655],[-7.93402,41.78571],[-7.93186,41.78615],[-7.9312,41.78666],[-7.92939,41.78689],[-7.92809,41.78639],[-7.92689,41.78667],[-7.92631,41.78616],[-7.925,41.78261],[-7.92272,41.78332],[-7.92228,41.7828],[-7.92526,41.78034],[-7.925,41.77931],[-7.92617,41.77858],[-7.92674,41.77728],[-7.92779,41.77677],[-7.92887,41.77702],[-7.93106,41.77654],[-7.93137,41.7751],[-7.93206,41.77444],[-7.93422,41.77588],[-7.93615,41.77547],[-7.93681,41.77446],[-7.93603,41.77342],[-7.93619,41.77303],[-7.93779,41.77239],[-7.93782,41.77197],[-7.93551,41.7699],[-7.93587,41.76946],[-7.93846,41.76967],[-7.93789,41.76777],[-7.93827,41.76556],[-7.93729,41.7641],[-7.94012,41.76002],[-7.93818,41.75761],[-7.93627,41.75727],[-7.93714,41.75548],[-7.93555,41.75414],[-7.93546,41.75319],[-7.93412,41.75246],[-7.93241,41.75289],[-7.93164,41.75258],[-7.93018,41.75268],[-7.93056,41.75401],[-7.92692,41.7569],[-7.92573,41.75767],[-7.92308,41.75774],[-7.9143,41.76408],[-7.91312,41.76418],[-7.9104,41.76533],[-7.90535,41.76531],[-7.90184,41.76474],[-7.90226,41.76608],[-7.90149,41.76666],[-7.90046,41.7663],[-7.89911,41.76644],[-7.89505,41.76589],[-7.89546,41.76535],[-7.8949,41.76513],[-7.89382,41.76526],[-7.89313,41.76606],[-7.89221,41.76423],[-7.89102,41.76379],[-7.89172,41.76444],[-7.89204,41.76602],[-7.89149,41.76606],[-7.89015,41.76732],[-7.88926,41.7705],[-7.88367,41.7705],[-7.88331,41.77167],[-7.88144,41.77261],[-7.87961,41.77438],[-7.87736,41.77365],[-7.87215,41.77564],[-7.86885,41.77537],[-7.86655,41.77464],[-7.86474,41.7755],[-7.86332,41.7768],[-7.85916,41.77717],[-7.8572,41.77803],[-7.85432,41.77864],[-7.85384,41.7793],[-7.8543,41.78049],[-7.85318,41.78132],[-7.85165,41.78175],[-7.84993,41.78104],[-7.84796,41.78203],[-7.84492,41.78133],[-7.84076,41.78424],[-7.83951,41.78411],[-7.83588,41.78555],[-7.83651,41.78602],[-7.83404,41.78704],[-7.83317,41.7882],[-7.83194,41.78873],[-7.83052,41.78854],[-7.83026,41.78975],[-7.8264,41.79147],[-7.82532,41.79274],[-7.82242,41.79307],[-7.82076,41.79187],[-7.8186,41.79131],[-7.81716,41.79189],[-7.81675,41.79252],[-7.81601,41.79206],[-7.81618,41.79328],[-7.8142,41.79465],[-7.81434,41.7944],[-7.81387,41.79567],[-7.81028,41.79494],[-7.80829,41.79546],[-7.80699,41.7933],[-7.80273,41.792],[-7.80042,41.79273],[-7.79985,41.79234],[-7.79736,41.79263],[-7.79473,41.78858],[-7.78805,41.78524],[-7.78664,41.78496],[-7.78629,41.78434],[-7.78554,41.78439],[-7.78538,41.78298],[-7.78598,41.78105],[-7.77941,41.77608],[-7.7783,41.77684],[-7.77673,41.77657],[-7.77532,41.77759],[-7.77281,41.77748],[-7.76943,41.77635],[-7.76824,41.77683],[-7.76695,41.77823],[-7.76518,41.77871],[-7.76146,41.77891],[-7.76033,41.77812],[-7.7588,41.77818],[-7.75779,41.77765],[-7.75679,41.77839],[-7.75587,41.77769],[-7.75215,41.77782],[-7.75148,41.77722],[-7.7483,41.7777],[-7.74666,41.77682],[-7.74623,41.77566],[-7.74234,41.7758],[-7.742,41.77468],[-7.73706,41.77458],[-7.73415,41.77383],[-7.7334,41.77326],[-7.72801,41.77731],[-7.72725,41.77744],[-7.72734,41.77925],[-7.72562,41.78067],[-7.7222,41.77838],[-7.72079,41.7784],[-7.71915,41.77789],[-7.71715,41.77847],[-7.71645,41.77918],[-7.716,41.77846],[-7.71537,41.77829],[-7.7124,41.7787],[-7.71002,41.77657],[-7.70704,41.77712],[-7.70648,41.77783],[-7.70553,41.77801],[-7.70464,41.77721],[-7.70452,41.77586],[-7.7035,41.77527],[-7.70385,41.77604],[-7.70269,41.78008],[-7.70089,41.7822],[-7.70259,41.78276],[-7.70238,41.78588],[-7.70168,41.78662],[-7.70069,41.78616],[-7.69886,41.7865],[-7.69758,41.78769],[-7.69627,41.78784],[-7.69624,41.78863],[-7.69439,41.78974],[-7.69298,41.78976],[-7.69132,41.7909],[-7.6888,41.79162],[-7.68498,41.79066],[-7.6839,41.78979],[-7.68343,41.79054],[-7.68346,41.79191],[-7.68279,41.79244],[-7.67885,41.79198],[-7.67804,41.7912],[-7.67515,41.79056],[-7.67309,41.79077],[-7.67045,41.79179],[-7.66892,41.79427],[-7.66776,41.79492],[-7.66508,41.79528],[-7.66275,41.79727],[-7.66402,41.80069],[-7.66316,41.8011],[-7.66177,41.80272],[-7.65806,41.80378],[-7.65363,41.80601],[-7.64948,41.80725],[-7.64443,41.80933],[-7.64339,41.81068],[-7.64323,41.81206],[-7.64062,41.81186],[-7.64117,41.8124],[-7.63969,41.81386],[-7.64004,41.81543],[-7.639,41.81687],[-7.63706,41.81708],[-7.63503,41.81809],[-7.63094,41.81881],[-7.63061,41.81924],[-7.6254,41.81916],[-7.62481,41.81997],[-7.62264,41.82035],[-7.62113,41.82544],[-7.62091,41.83277],[-7.62196,41.83392],[-7.61909,41.83364],[-7.61823,41.83321],[-7.61413,41.82901],[-7.61331,41.82894],[-7.6132,41.82849],[-7.61185,41.82842],[-7.61055,41.82743],[-7.60772,41.82639],[-7.60339,41.8262],[-7.59575,41.82725],[-7.59541,41.82667],[-7.59431,41.82632],[-7.59151,41.82648],[-7.59137,41.82524],[-7.59194,41.8245],[-7.59071,41.82288],[-7.58935,41.82289],[-7.58634,41.82135],[-7.58509,41.82122],[-7.5808,41.81953],[-7.57788,41.82038],[-7.57625,41.8183],[-7.57567,41.81664],[-7.57641,41.81599],[-7.57626,41.81519],[-7.57385,41.81223],[-7.56997,41.81155],[-7.56663,41.8103],[-7.56421,41.80879],[-7.56509,41.80765],[-7.56417,41.80574],[-7.56552,41.80431],[-7.56732,41.80394],[-7.56867,41.80319],[-7.57224,41.80306],[-7.57353,41.80252],[-7.5713,41.80072],[-7.57148,41.80023],[-7.56829,41.80049],[-7.56657,41.8021],[-7.56695,41.80041],[-7.56857,41.79934],[-7.56679,41.79734],[-7.56563,41.7951],[-7.56622,41.79469],[-7.56618,41.7936],[-7.56487,41.79337],[-7.56492,41.79213],[-7.56431,41.79164],[-7.56412,41.79064],[-7.56254,41.78994],[-7.56041,41.78795],[-7.55954,41.78625],[-7.55974,41.78519],[-7.55873,41.78423],[-7.55995,41.7837],[-7.55934,41.78235],[-7.56201,41.78071],[-7.56236,41.77949],[-7.56073,41.77701],[-7.56105,41.77649],[-7.56059,41.77562],[-7.55979,41.77545],[-7.55934,41.7737],[-7.55961,41.77236],[-7.55878,41.7709],[-7.55795,41.77035],[-7.55755,41.76829],[-7.55679,41.76763],[-7.55723,41.7664],[-7.55843,41.7652],[-7.55735,41.76359],[-7.55759,41.76191],[-7.55497,41.75948],[-7.55736,41.75732],[-7.55758,41.75639],[-7.55722,41.75586],[-7.55847,41.75506],[-7.5589,41.75398],[-7.55758,41.75195],[-7.55701,41.74999],[-7.55611,41.75002],[-7.55597,41.74969],[-7.55732,41.74695],[-7.55621,41.7466],[-7.55569,41.74683],[-7.55536,41.74623],[-7.5537,41.74591],[-7.55302,41.74484],[-7.55356,41.74422],[-7.55335,41.74313],[-7.55247,41.74182],[-7.5533,41.7412],[-7.55326,41.73946],[-7.55632,41.73351],[-7.55843,41.7315],[-7.56031,41.73108],[-7.56181,41.72989],[-7.5627,41.72982],[-7.56436,41.72877],[-7.56519,41.72943],[-7.56639,41.72733],[-7.56652,41.72622],[-7.56739,41.72587],[-7.56836,41.72607],[-7.56967,41.72553],[-7.57057,41.72187],[-7.56845,41.71836],[-7.56872,41.71533],[-7.56693,41.71334],[-7.56668,41.71132],[-7.56751,41.71082],[-7.56831,41.70947],[-7.56784,41.70832],[-7.56683,41.70785],[-7.56725,41.70698],[-7.56678,41.70393],[-7.56631,41.70349],[-7.56664,41.70215],[-7.55999,41.69947],[-7.5577,41.6975],[-7.55616,41.69724],[-7.55425,41.69838],[-7.5537,41.6977],[-7.55356,41.69623],[-7.55451,41.69466],[-7.55534,41.69429],[-7.55567,41.69337],[-7.55765,41.69274],[-7.55842,41.69327],[-7.55846,41.69396],[-7.56131,41.69471],[-7.5622,41.69386],[-7.56393,41.69368],[-7.56696,41.69522],[-7.56972,41.6952],[-7.57035,41.69383],[-7.57356,41.69091],[-7.57379,41.68797],[-7.57622,41.68701],[-7.5765,41.6861],[-7.57969,41.68395],[-7.57899,41.68292],[-7.578,41.68246],[-7.5738,41.68256],[-7.5738,41.68225],[-7.57196,41.68133],[-7.57236,41.6797],[-7.57162,41.67875],[-7.57117,41.6765],[-7.57285,41.67654],[-7.57664,41.67342],[-7.57835,41.67347],[-7.57833,41.67236],[-7.57711,41.66989],[-7.5775,41.66712],[-7.57824,41.66574],[-7.5789,41.66545],[-7.57771,41.66433],[-7.5779,41.66382],[-7.57893,41.66277],[-7.5806,41.66349],[-7.58259,41.66531],[-7.58395,41.66281],[-7.58497,41.66221],[-7.585,41.66086],[-7.58806,41.66076],[-7.58654,41.65957],[-7.58666,41.65775],[-7.5882,41.65733],[-7.58939,41.65799],[-7.59074,41.65746],[-7.59301,41.6573],[-7.59457,41.65586],[-7.59626,41.65594],[-7.59831,41.65464],[-7.59805,41.65371],[-7.59894,41.65153],[-7.59871,41.651],[-7.59987,41.64941],[-7.59945,41.64865],[-7.60075,41.64673],[-7.60114,41.64533],[-7.59977,41.64372],[-7.59983,41.64237],[-7.59925,41.64141],[-7.59516,41.64294],[-7.59247,41.643],[-7.58948,41.64367],[-7.58754,41.64276],[-7.58381,41.64256],[-7.5762,41.64127],[-7.5746,41.64021],[-7.57376,41.64054],[-7.57449,41.64135],[-7.57273,41.63965],[-7.57413,41.63746],[-7.57403,41.6362],[-7.57361,41.63292],[-7.5719,41.62749],[-7.57167,41.62457],[-7.57095,41.62302],[-7.5722,41.62125],[-7.57351,41.61785],[-7.57326,41.61639],[-7.57442,41.61555],[-7.57604,41.61592],[-7.57647,41.61521],[-7.57753,41.61496],[-7.57849,41.61258],[-7.57896,41.6129],[-7.5805,41.6114],[-7.58049,41.60947],[-7.58352,41.60626],[-7.58277,41.60586],[-7.58323,41.60308],[-7.58458,41.60291],[-7.58509,41.60401],[-7.58576,41.60282],[-7.58595,41.60318],[-7.58704,41.60284],[-7.58849,41.60195],[-7.58841,41.6014],[-7.58997,41.60052],[-7.59316,41.60095],[-7.59222,41.60288],[-7.59284,41.60357],[-7.59369,41.60288],[-7.59452,41.60276],[-7.59871,41.60688],[-7.59935,41.60711],[-7.60104,41.60683],[-7.59956,41.60849],[-7.59978,41.60924],[-7.60272,41.60983],[-7.60355,41.60967],[-7.60437,41.60869],[-7.60579,41.60848],[-7.60727,41.60875],[-7.60878,41.60984],[-7.61195,41.61054],[-7.60928,41.61201],[-7.60867,41.61308],[-7.60893,41.61393],[-7.60631,41.61421],[-7.60391,41.61705],[-7.60386,41.61753],[-7.60464,41.61766],[-7.60585,41.61705],[-7.60613,41.61749],[-7.60694,41.61663],[-7.60981,41.61577],[-7.6143,41.61547],[-7.61572,41.61573],[-7.61913,41.61533],[-7.62284,41.61396],[-7.62424,41.6156],[-7.62474,41.61434],[-7.6271,41.61333],[-7.62706,41.61271],[-7.62808,41.61185],[-7.63417,41.61105],[-7.63547,41.611],[-7.63613,41.61136],[-7.63795,41.61108],[-7.63812,41.61261],[-7.63699,41.61371],[-7.63532,41.61426],[-7.63697,41.61926],[-7.63606,41.62212],[-7.63653,41.62254],[-7.63572,41.62316],[-7.63866,41.62356],[-7.63928,41.62332],[-7.63911,41.62273],[-7.64024,41.62293],[-7.6401,41.6236],[-7.64061,41.62402],[-7.63898,41.62615],[-7.63804,41.6264],[-7.63985,41.62662],[-7.64102,41.62724],[-7.64162,41.62932],[-7.64252,41.63014],[-7.64298,41.63033],[-7.64412,41.62994],[-7.64556,41.63069],[-7.64732,41.63054],[-7.64772,41.63116],[-7.64464,41.63212],[-7.6442,41.63321],[-7.64227,41.63448],[-7.63948,41.63284],[-7.63738,41.63252],[-7.63697,41.63205],[-7.63729,41.63076],[-7.63631,41.63043],[-7.63411,41.63212],[-7.63247,41.63208],[-7.63169,41.63365],[-7.62865,41.63406],[-7.62623,41.63307],[-7.62254,41.63265],[-7.6218,41.6337],[-7.62175,41.63605],[-7.62099,41.63678],[-7.62026,41.63675],[-7.6199,41.6374],[-7.62072,41.63786],[-7.61942,41.63888],[-7.6205,41.63891],[-7.62243,41.63805],[-7.62354,41.63955],[-7.62463,41.63971],[-7.62747,41.63931],[-7.62835,41.63955],[-7.62837,41.63998],[-7.62898,41.63974],[-7.63003,41.63997],[-7.63555,41.63935],[-7.63615,41.63998],[-7.63598,41.64203],[-7.63785,41.64317],[-7.63607,41.64311],[-7.63584,41.64408],[-7.63474,41.64392],[-7.63121,41.64443],[-7.62938,41.64589],[-7.62995,41.64663],[-7.63224,41.64584],[-7.63479,41.64621],[-7.63835,41.6517],[-7.64103,41.65161],[-7.64316,41.65257],[-7.64483,41.6525],[-7.64776,41.65434],[-7.64848,41.65403],[-7.6495,41.6549],[-7.65056,41.65481],[-7.65071,41.65553],[-7.65275,41.65609],[-7.65332,41.65648],[-7.65323,41.65769],[-7.65613,41.65885],[-7.65623,41.66039],[-7.65695,41.6616],[-7.65594,41.66256],[-7.655,41.66275],[-7.65505,41.66308],[-7.65738,41.66292],[-7.66142,41.66389],[-7.66349,41.66355],[-7.66313,41.6644],[-7.66083,41.66523],[-7.65997,41.66511],[-7.65972,41.66567],[-7.6551,41.66693],[-7.65525,41.66767],[-7.65626,41.66835],[-7.65658,41.66918],[-7.65234,41.67083],[-7.65299,41.67262],[-7.65673,41.67323],[-7.65753,41.67295],[-7.65819,41.67342],[-7.65709,41.67635],[-7.65827,41.67846],[-7.65896,41.67761],[-7.66032,41.67698],[-7.66017,41.67656],[-7.66103,41.6773],[-7.66216,41.67618],[-7.66391,41.67615],[-7.66503,41.67697],[-7.66543,41.67919],[-7.66676,41.68091],[-7.6665,41.68218],[-7.66335,41.6826],[-7.66026,41.68218],[-7.65928,41.6828],[-7.66498,41.68629],[-7.66661,41.6865],[-7.66853,41.68582],[-7.67005,41.68653],[-7.67214,41.68659],[-7.67602,41.68927],[-7.67714,41.68922],[-7.67827,41.68836],[-7.67941,41.68858],[-7.67915,41.68924],[-7.68,41.68871],[-7.68049,41.68759],[-7.6811,41.68753],[-7.68184,41.68939],[-7.68354,41.68863],[-7.68516,41.69109],[-7.68537,41.69259],[-7.68858,41.69374],[-7.69149,41.69296],[-7.6932,41.69432],[-7.69349,41.69536],[-7.69439,41.69625],[-7.6931,41.69804],[-7.69487,41.69966],[-7.69606,41.69945],[-7.69738,41.70246],[-7.70007,41.70426],[-7.70394,41.70518],[-7.70462,41.70294],[-7.70533,41.70231],[-7.70508,41.70089],[-7.70698,41.70079],[-7.70894,41.70169],[-7.71024,41.69956],[-7.71199,41.69951],[-7.71466,41.70054],[-7.71777,41.70296],[-7.71778,41.70407],[-7.71829,41.7047],[-7.71815,41.70606],[-7.717,41.70584],[-7.71607,41.70626],[-7.71554,41.7079],[-7.71628,41.70851],[-7.71607,41.70907],[-7.71692,41.71109],[-7.71792,41.7122],[-7.71744,41.71345],[-7.71561,41.71275],[-7.71404,41.71154],[-7.71518,41.7149],[-7.71733,41.71766],[-7.71783,41.71976],[-7.7205,41.72358],[-7.72192,41.72681],[-7.72311,41.72808],[-7.7254,41.73219],[-7.7258,41.73346],[-7.72543,41.73615],[-7.72662,41.73988],[-7.72981,41.74314],[-7.73345,41.74426],[-7.73741,41.74453],[-7.74118,41.74399],[-7.74368,41.74483],[-7.74516,41.74469],[-7.74631,41.74535],[-7.74785,41.74513],[-7.74867,41.74801],[-7.74806,41.74854],[-7.74836,41.74945],[-7.74889,41.74881],[-7.75033,41.74891],[-7.75161,41.74847],[-7.75255,41.74903],[-7.7538,41.74904],[-7.75316,41.7479],[-7.7534,41.7471],[-7.75504,41.74649],[-7.75868,41.74413],[-7.76012,41.74399],[-7.76102,41.7466],[-7.75926,41.74699],[-7.75926,41.74751],[-7.76061,41.74773],[-7.7625,41.74872],[-7.76289,41.74971],[-7.7639,41.74986],[-7.76447,41.75093],[-7.76414,41.75213],[-7.77023,41.75257],[-7.77333,41.75078],[-7.77482,41.74651],[-7.77667,41.74485],[-7.7769,41.74273],[-7.77643,41.74067],[-7.77753,41.73955],[-7.77757,41.73777],[-7.77824,41.73744],[-7.78117,41.73846],[-7.78504,41.73818],[-7.78794,41.73598],[-7.78818,41.73536],[-7.78723,41.73351],[-7.7876,41.73305],[-7.78893,41.73332],[-7.79122,41.73632],[-7.79383,41.73624],[-7.79544,41.7351],[-7.79724,41.73447],[-7.79927,41.73531],[-7.80026,41.73622],[-7.80123,41.7357],[-7.80238,41.73676],[-7.80273,41.73839],[-7.8023,41.73763],[-7.80022,41.73745],[-7.80017,41.73613],[-7.79942,41.73539],[-7.79724,41.73448],[-7.79565,41.73503],[-7.79765,41.73341],[-7.79767,41.73266],[-7.79572,41.7317],[-7.79512,41.73034],[-7.7931,41.73051],[-7.79101,41.72923],[-7.7898,41.72941],[-7.78931,41.7291],[-7.78971,41.72799],[-7.78886,41.72555],[-7.78783,41.72411],[-7.78898,41.72315],[-7.78933,41.72226],[-7.78994,41.72229],[-7.78878,41.7206],[-7.78947,41.72009],[-7.78938,41.71836],[-7.78761,41.71586],[-7.78737,41.71195],[-7.78613,41.71068],[-7.78658,41.71021],[-7.78604,41.70917],[-7.78331,41.70826],[-7.78268,41.70733],[-7.78282,41.70665],[-7.78588,41.7058],[-7.78747,41.70639],[-7.7931,41.70688],[-7.79557,41.70837],[-7.79682,41.70791],[-7.79801,41.70808],[-7.79888,41.70777],[-7.80281,41.70805],[-7.80547,41.70712],[-7.80705,41.70697],[-7.80698,41.70762],[-7.80881,41.70794],[-7.80974,41.70903],[-7.81044,41.70782],[-7.81139,41.7077],[-7.81219,41.70671],[-7.81504,41.70584],[-7.81535,41.70618],[-7.81906,41.70417],[-7.81995,41.70388],[-7.82255,41.70444],[-7.82404,41.70393],[-7.82371,41.70282],[-7.82534,41.7016],[-7.82952,41.70139],[-7.83188,41.69997],[-7.83617,41.70101],[-7.83679,41.70084],[-7.83772,41.69968],[-7.84011,41.69888],[-7.8399,41.6974],[-7.84035,41.69668],[-7.84366,41.69611],[-7.84565,41.69477],[-7.84567,41.693],[-7.84434,41.69263],[-7.84382,41.6921],[-7.84468,41.69059],[-7.8459,41.69099],[-7.84765,41.69037],[-7.84808,41.6897],[-7.85172,41.69048],[-7.85218,41.69025],[-7.85425,41.68624],[-7.8542,41.6843],[-7.85557,41.68225],[-7.8555,41.68175],[-7.85408,41.68074],[-7.8506,41.68043],[-7.85392,41.67409],[-7.85473,41.67325],[-7.85668,41.67236],[-7.85794,41.67014],[-7.85846,41.66819],[-7.8578,41.66525],[-7.85859,41.66246],[-7.8599,41.66036],[-7.85899,41.66004],[-7.85667,41.66061],[-7.8559,41.66134],[-7.85597,41.65944],[-7.85426,41.65634],[-7.85356,41.65589],[-7.85207,41.65642],[-7.84904,41.65436],[-7.84901,41.65396],[-7.85034,41.65405],[-7.85079,41.65365],[-7.85067,41.65249],[-7.84942,41.65126],[-7.84944,41.65071],[-7.85177,41.64872],[-7.85028,41.64735],[-7.84817,41.64707],[-7.84999,41.64432],[-7.84868,41.6404],[-7.85206,41.64116],[-7.85298,41.64209],[-7.85469,41.64257],[-7.85494,41.6429],[-7.85425,41.64323],[-7.85588,41.64492],[-7.86228,41.64662],[-7.86211,41.64781],[-7.86302,41.64902],[-7.87035,41.65064],[-7.87205,41.65197],[-7.8732,41.65144],[-7.8726,41.65082],[-7.87518,41.65064],[-7.87714,41.65009],[-7.87563,41.64882],[-7.87524,41.64819],[-7.8756,41.64784],[-7.8768,41.64773],[-7.87829,41.64818],[-7.88065,41.64964],[-7.88255,41.64924],[-7.88358,41.64967],[-7.88489,41.64958],[-7.88532,41.65139],[-7.88632,41.65014],[-7.8901,41.64767],[-7.89123,41.64786],[-7.89244,41.64896],[-7.89231,41.64782],[-7.89271,41.64743],[-7.89693,41.6478],[-7.89788,41.64631],[-7.90056,41.64777],[-7.90026,41.6497],[-7.90261,41.64946],[-7.90354,41.64876],[-7.90384,41.6478],[-7.9096,41.64877],[-7.91462,41.64892],[-7.91527,41.64948],[-7.91596,41.64919],[-7.91704,41.65131],[-7.91597,41.65184],[-7.91654,41.6525],[-7.91572,41.65629],[-7.91664,41.65695],[-7.91743,41.657],[-7.91832,41.65673],[-7.92069,41.65417],[-7.92363,41.65247],[-7.92817,41.65234],[-7.92739,41.65204],[-7.92741,41.65051],[-7.92657,41.64988],[-7.92656,41.64935],[-7.9275,41.6494],[-7.92898,41.64815],[-7.92808,41.64451],[-7.93022,41.64461],[-7.93277,41.64357],[-7.93335,41.64176],[-7.93546,41.63928],[-7.94006,41.64024],[-7.94092,41.64081],[-7.94408,41.63942],[-7.94667,41.63921],[-7.94779,41.64042],[-7.94946,41.63849],[-7.95053,41.63818],[-7.95324,41.63894],[-7.95367,41.64132],[-7.95556,41.64224],[-7.95606,41.64319],[-7.95655,41.64331],[-7.95758,41.64168],[-7.95908,41.64145],[-7.95926,41.64078],[-7.96059,41.64044],[-7.96182,41.63933],[-7.9631,41.63911],[-7.96403,41.63968],[-7.96343,41.6375],[-7.96383,41.63616],[-7.96688,41.6327],[-7.96724,41.63059],[-7.96863,41.6303],[-7.96987,41.62889],[-7.97113,41.62921],[-7.97156,41.63067],[-7.97227,41.6312],[-7.97348,41.6302],[-7.97591,41.62964],[-7.97933,41.63169],[-7.98067,41.63194],[-7.98145,41.63423],[-7.98454,41.63434],[-7.98598,41.63261],[-7.98558,41.6309],[-7.98663,41.6309],[-7.98749,41.63027],[-7.98715,41.6272],[-7.98876,41.62407],[-7.98977,41.62331],[-7.99052,41.6217],[-7.992,41.62088],[-7.99352,41.61906],[-7.99336,41.61875],[-7.99229,41.61919],[-7.9915,41.61906],[-7.99132,41.6179],[-7.98887,41.6155],[-7.98917,41.61442],[-7.98983,41.61406],[-7.99185,41.6142],[-7.99338,41.61285],[-7.9948,41.61273],[-7.99795,41.61062],[-7.99945,41.61095],[-8.00437,41.61457],[-8.00786,41.61457],[-8.007,41.61523],[-8.00674,41.61674],[-8.00817,41.61737],[-8.0085,41.61841],[-8.00958,41.61842],[-8.01042,41.61721],[-8.01307,41.61625],[-8.01487,41.6149],[-8.01607,41.61454],[-8.0192,41.61126],[-8.01893,41.61023],[-8.02117,41.6094],[-8.02293,41.60992],[-8.0274,41.6049],[-8.02992,41.60387],[-8.03055,41.60411],[-8.03079,41.60528],[-8.0329,41.60566],[-8.03558,41.6069],[-8.03555,41.60861],[-8.03651,41.60896],[-8.03722,41.6099],[-8.03807,41.6093],[-8.03857,41.6093],[-8.0386,41.60969],[-8.03942,41.60961],[-8.04061,41.60814],[-8.0435,41.60719],[-8.0445,41.60853],[-8.04622,41.6097],[-8.0476,41.61159],[-8.04969,41.60988],[-8.05267,41.60847],[-8.05332,41.60752],[-8.05428,41.60739],[-8.05577,41.6081],[-8.05689,41.60765],[-8.05806,41.60772],[-8.05938,41.60631],[-8.06042,41.60771],[-8.06251,41.60475],[-8.06384,41.60437],[-8.06414,41.60548],[-8.06573,41.60624],[-8.06642,41.60789],[-8.06574,41.61032],[-8.0643,41.61229],[-8.06486,41.61251],[-8.06674,41.61207],[-8.06734,41.61273],[-8.06886,41.61236],[-8.06996,41.61252],[-8.07012,41.61361],[-8.07141,41.61421],[-8.0718,41.61484],[-8.07121,41.61682],[-8.07143,41.61839],[-8.07434,41.62003],[-8.07379,41.62181],[-8.07081,41.62317],[-8.07244,41.62331],[-8.07297,41.62397],[-8.07522,41.6235],[-8.07605,41.62367],[-8.07712,41.6245],[-8.07747,41.62638],[-8.07951,41.62816],[-8.08059,41.6281],[-8.0813,41.62879],[-8.08213,41.62866],[-8.08464,41.62686],[-8.08536,41.6269],[-8.08435,41.62858],[-8.08538,41.63111],[-8.08597,41.63439],[-8.08319,41.63652],[-8.08177,41.63636],[-8.08107,41.63577],[-8.07864,41.64021],[-8.07764,41.64087],[-8.07612,41.6412],[-8.07418,41.64269],[-8.07463,41.64332],[-8.07588,41.64295],[-8.07487,41.64535],[-8.07193,41.64763],[-8.07072,41.64942],[-8.07031,41.64967],[-8.06845,41.64899],[-8.06803,41.64783],[-8.06737,41.64855],[-8.06558,41.65428],[-8.06577,41.65493],[-8.06912,41.65779],[-8.06987,41.66025],[-8.0729,41.65967],[-8.0746,41.66107],[-8.07563,41.66257],[-8.07692,41.66214],[-8.07973,41.6603],[-8.08251,41.65956],[-8.08683,41.66116],[-8.08788,41.6607],[-8.09383,41.66154],[-8.09421,41.66255],[-8.09379,41.66342],[-8.09837,41.66361],[-8.10126,41.66473],[-8.10459,41.66456],[-8.10709,41.66347],[-8.11213,41.66268],[-8.1144,41.66396],[-8.11721,41.6623],[-8.1187,41.6621],[-8.1198,41.66242],[-8.12169,41.66223],[-8.12262,41.66328],[-8.1267,41.66403],[-8.13015,41.66291],[-8.13358,41.66303],[-8.13573,41.66273],[-8.13744,41.66331],[-8.13974,41.66324],[-8.14115,41.66218],[-8.14373,41.66266],[-8.1452,41.66246],[-8.1456,41.66183],[-8.14886,41.65984],[-8.14919,41.65912],[-8.1503,41.65881],[-8.15059,41.65777],[-8.1501,41.65624],[-8.15245,41.65435],[-8.15265,41.65324],[-8.15883,41.65294],[-8.16116,41.65143],[-8.16373,41.65096],[-8.16469,41.65131],[-8.1658,41.65027],[-8.16941,41.64975],[-8.17053,41.64867],[-8.17085,41.64736],[-8.1693,41.64266],[-8.16863,41.64333],[-8.16772,41.64225],[-8.16838,41.64216],[-8.16814,41.64086],[-8.16903,41.63973],[-8.16922,41.63711],[-8.17048,41.63519],[-8.17285,41.6332],[-8.17646,41.63288],[-8.17693,41.63251],[-8.17621,41.63258],[-8.17628,41.63213],[-8.1757,41.63206],[-8.17637,41.63126],[-8.17695,41.63168],[-8.17852,41.63104],[-8.17938,41.63117],[-8.18056,41.62956],[-8.18157,41.62951],[-8.18137,41.62816],[-8.18089,41.62856],[-8.18023,41.62825],[-8.17882,41.62837],[-8.18129,41.62568],[-8.18207,41.62599],[-8.18127,41.62523],[-8.18045,41.62531],[-8.18183,41.62374],[-8.18357,41.62269],[-8.18431,41.62125],[-8.18574,41.6206],[-8.18609,41.61977],[-8.18511,41.61919],[-8.1857,41.61871],[-8.18554,41.61793],[-8.18666,41.61723],[-8.18694,41.61611],[-8.18813,41.61599],[-8.18862,41.615],[-8.18924,41.61528],[-8.19023,41.61411],[-8.19172,41.61411],[-8.1924,41.61322],[-8.19335,41.6165],[-8.19455,41.61662],[-8.19553,41.6159],[-8.19651,41.61593],[-8.19687,41.61534],[-8.19912,41.6168],[-8.2005,41.61559],[-8.20265,41.6126],[-8.20385,41.61237],[-8.20529,41.61293],[-8.20635,41.61287],[-8.20712,41.61414],[-8.2083,41.61346],[-8.20823,41.61264],[-8.20943,41.61117],[-8.20932,41.6104],[-8.21209,41.6068],[-8.21354,41.60633],[-8.21457,41.60723],[-8.21515,41.6038],[-8.21444,41.60214],[-8.21487,41.60156],[-8.2147,41.59954],[-8.21396,41.59852],[-8.21669,41.5972],[-8.21776,41.59599],[-8.21586,41.59618],[-8.21503,41.5957],[-8.21168,41.59562],[-8.21017,41.59479],[-8.20924,41.59506],[-8.2089,41.59433],[-8.20751,41.59416],[-8.20666,41.59275],[-8.2061,41.59287],[-8.20508,41.59239],[-8.2048,41.5931],[-8.20427,41.59314],[-8.202,41.5919],[-8.20116,41.59261],[-8.20171,41.59413],[-8.20116,41.59301],[-8.19953,41.59202],[-8.1982,41.59226],[-8.19679,41.59318],[-8.19653,41.59382],[-8.19522,41.59382],[-8.1937,41.59463],[-8.1927,41.59434],[-8.18947,41.59543],[-8.1875,41.59514],[-8.18587,41.5954],[-8.18467,41.59601],[-8.18072,41.59695],[-8.18032,41.59775],[-8.17944,41.59735],[-8.17905,41.59958],[-8.17859,41.60005],[-8.17695,41.60027],[-8.176,41.59972],[-8.17322,41.59921],[-8.17247,41.59862],[-8.17194,41.59718],[-8.17048,41.59705],[-8.16807,41.59597],[-8.16657,41.59655],[-8.16494,41.59527],[-8.16233,41.59422],[-8.16084,41.59402],[-8.15876,41.59294],[-8.15599,41.59144],[-8.15531,41.59053],[-8.15238,41.59021],[-8.1506,41.58876],[-8.14929,41.58877],[-8.14835,41.58806],[-8.14833,41.58696],[-8.14705,41.58632],[-8.1463,41.58636],[-8.14574,41.58595],[-8.14496,41.58671],[-8.143,41.58636],[-8.14253,41.58781],[-8.14129,41.58697],[-8.14063,41.58748],[-8.13986,41.58689],[-8.13875,41.58663],[-8.13849,41.58688],[-8.13439,41.5819],[-8.13413,41.57974],[-8.13334,41.57991],[-8.13339,41.57913],[-8.13203,41.57847],[-8.13034,41.57843],[-8.13004,41.57648],[-8.1288,41.57587],[-8.12821,41.57822],[-8.13064,41.58109],[-8.13097,41.58244],[-8.13036,41.58309],[-8.13166,41.58392],[-8.13196,41.58463],[-8.13262,41.58448],[-8.13302,41.58479],[-8.1327,41.58629],[-8.13147,41.58838],[-8.13057,41.58882],[-8.12945,41.58873],[-8.12703,41.58709],[-8.12655,41.58752],[-8.1249,41.58725],[-8.12443,41.58649],[-8.12323,41.58621],[-8.12162,41.58498],[-8.12067,41.58537],[-8.11933,41.58319],[-8.11974,41.58264],[-8.11942,41.5803],[-8.12034,41.57849],[-8.11884,41.57737],[-8.1175,41.57712],[-8.11868,41.5756],[-8.11866,41.57436],[-8.11978,41.57368],[-8.1204,41.5727],[-8.11921,41.57089],[-8.1157,41.56828],[-8.1152,41.56832],[-8.11472,41.5692],[-8.11566,41.56952],[-8.11661,41.57083],[-8.1158,41.57237],[-8.11498,41.57259],[-8.11344,41.57186],[-8.11194,41.57166],[-8.10979,41.57033],[-8.1085,41.57064],[-8.10697,41.56971],[-8.10572,41.57003],[-8.10352,41.57226],[-8.10196,41.57306],[-8.10086,41.57268],[-8.10083,41.57219],[-8.09936,41.57141],[-8.0987,41.57249],[-8.09728,41.57305],[-8.09485,41.57169],[-8.09353,41.57254],[-8.09276,41.57255],[-8.08955,41.57068],[-8.08531,41.57113],[-8.08397,41.57207],[-8.08086,41.57155],[-8.0827,41.57127],[-8.08354,41.57042],[-8.08207,41.56972],[-8.08076,41.56973],[-8.08052,41.56937],[-8.08173,41.56844],[-8.0815,41.56751],[-8.08284,41.56532],[-8.08323,41.56171],[-8.08501,41.56055],[-8.0863,41.55913],[-8.0861,41.55805],[-8.085,41.55715],[-8.08568,41.55667],[-8.08552,41.55611],[-8.08514,41.55566],[-8.08454,41.55568],[-8.08407,41.55441],[-8.08272,41.5534],[-8.08207,41.55174],[-8.08284,41.54685],[-8.08402,41.54528],[-8.0873,41.54377],[-8.08732,41.54258],[-8.08889,41.54306],[-8.09056,41.54239],[-8.0943,41.5424],[-8.09572,41.54183],[-8.09569,41.54142],[-8.093,41.53954],[-8.08939,41.53773],[-8.08702,41.53469],[-8.08793,41.53261],[-8.08723,41.53127],[-8.08768,41.52867],[-8.08849,41.52844],[-8.08932,41.52634],[-8.08922,41.52413],[-8.0902,41.52371],[-8.08779,41.52221],[-8.08822,41.52089],[-8.08767,41.52004],[-8.08762,41.51829],[-8.08923,41.5165],[-8.08912,41.51578],[-8.0901,41.51475],[-8.09192,41.51066],[-8.09052,41.5098],[-8.0902,41.50502],[-8.08687,41.50326],[-8.08368,41.50241],[-8.08251,41.50246],[-8.08034,41.50092],[-8.07915,41.50076],[-8.07906,41.49943],[-8.07851,41.49895],[-8.07676,41.49939],[-8.0766,41.4985],[-8.0774,41.49743],[-8.07644,41.49775],[-8.07539,41.49692],[-8.07417,41.49713],[-8.07391,41.49674],[-8.07204,41.49666],[-8.07178,41.49601],[-8.0723,41.49524],[-8.07228,41.49309],[-8.06979,41.4909],[-8.06961,41.4902],[-8.06811,41.4896],[-8.06587,41.48733],[-8.06623,41.48304],[-8.06784,41.48094],[-8.06831,41.47944],[-8.07009,41.47817],[-8.07081,41.47535],[-8.07248,41.47467],[-8.07335,41.47387],[-8.07302,41.47079],[-8.07164,41.46979],[-8.07128,41.46903],[-8.07182,41.46446],[-8.06936,41.46313],[-8.06764,41.46322],[-8.06841,41.46164],[-8.07019,41.46066],[-8.072,41.45729],[-8.07425,41.45524],[-8.077,41.45394],[-8.07437,41.45305],[-8.07265,41.45369],[-8.06988,41.45373],[-8.06159,41.45757],[-8.05914,41.45813],[-8.05617,41.45951],[-8.05476,41.46069],[-8.05268,41.46345],[-8.05186,41.46619],[-8.0495,41.46747],[-8.04888,41.46708],[-8.04907,41.46625],[-8.04736,41.46795],[-8.04715,41.47165],[-8.04496,41.47198],[-8.04415,41.47099],[-8.04534,41.46928],[-8.04584,41.46724],[-8.0452,41.46709],[-8.04441,41.4677],[-8.0435,41.46771],[-8.04248,41.46693],[-8.03978,41.46678],[-8.0389,41.4662],[-8.03787,41.46604],[-8.03639,41.46641],[-8.03555,41.46594],[-8.03579,41.46431],[-8.03227,41.46309],[-8.03242,41.46362],[-8.03139,41.46369],[-8.03129,41.46416],[-8.03065,41.46426],[-8.02901,41.46332],[-8.02752,41.4641],[-8.02362,41.46324],[-8.0194,41.46371],[-8.01503,41.46522],[-8.01161,41.46507],[-8.00786,41.46549],[-8.00716,41.46581],[-8.00692,41.46646],[-8.00597,41.46672],[-8.00463,41.46554],[-8.00318,41.46572],[-8.00253,41.46392],[-8.00279,41.46205],[-8.00211,41.46101],[-8.00145,41.46087],[-8.00154,41.46027],[-8.00096,41.46035],[-7.99954,41.45925],[-7.99717,41.46025],[-7.99649,41.45999],[-7.99628,41.4593],[-7.99526,41.45914],[-7.99334,41.45956],[-7.99114,41.45891],[-7.98933,41.45982],[-7.98668,41.45937],[-7.98535,41.46003],[-7.98494,41.45881],[-7.98587,41.45756],[-7.98527,41.457],[-7.9859,41.45575],[-7.98518,41.45531],[-7.98531,41.45424],[-7.9825,41.45343],[-7.98141,41.45104],[-7.98183,41.44846],[-7.98277,41.44855],[-7.98317,41.44825],[-7.98072,41.44781],[-7.97812,41.44547],[-7.97657,41.44556],[-7.97576,41.44503],[-7.97581,41.44437],[-7.97419,41.44323],[-7.97532,41.44174],[-7.97514,41.44088],[-7.97403,41.43866],[-7.97196,41.43692],[-7.97308,41.43288],[-7.97297,41.43121],[-7.97429,41.42896],[-7.97274,41.42678],[-7.97263,41.42592],[-7.96997,41.42535],[-7.96902,41.4262],[-7.96924,41.42702],[-7.96846,41.42729],[-7.96671,41.42579],[-7.96527,41.42567],[-7.96385,41.42605],[-7.96282,41.42699],[-7.96166,41.42722],[-7.95964,41.42606],[-7.95968,41.42404],[-7.95845,41.42334],[-7.95902,41.42276],[-7.95822,41.42203],[-7.95867,41.42003],[-7.95953,41.41904],[-7.96205,41.41785],[-7.96441,41.41537],[-7.96618,41.41416],[-7.96501,41.41356],[-7.96526,41.41248],[-7.96405,41.41303],[-7.96097,41.41265],[-7.96289,41.41194],[-7.96294,41.41143],[-7.96241,41.41132],[-7.95915,41.41246],[-7.95802,41.41193],[-7.95555,41.41172],[-7.95576,41.41149],[-7.95578,41.41182],[-7.95455,41.41229],[-7.9517,41.41064],[-7.95195,41.40943],[-7.95104,41.40894],[-7.94982,41.40886],[-7.94909,41.40983],[-7.94687,41.41004],[-7.94626,41.41132],[-7.94539,41.41135],[-7.94573,41.41083],[-7.94519,41.41059],[-7.94242,41.41128],[-7.93915,41.41104],[-7.93735,41.41181],[-7.93508,41.41212],[-7.93097,41.40959],[-7.92601,41.40746],[-7.92271,41.40683],[-7.92231,41.40748],[-7.92318,41.40784],[-7.92479,41.40975],[-7.92465,41.41048],[-7.92952,41.41564],[-7.92972,41.41638],[-7.92944,41.41953],[-7.92872,41.42078],[-7.92671,41.42259],[-7.9261,41.42229],[-7.92542,41.42248],[-7.92284,41.42398],[-7.92128,41.42424],[-7.92187,41.42365],[-7.92186,41.42283],[-7.92537,41.42083],[-7.92592,41.4195],[-7.92601,41.41838],[-7.92485,41.41587],[-7.92446,41.41581],[-7.92476,41.41886],[-7.9241,41.41971],[-7.92059,41.42066],[-7.91737,41.42091],[-7.91621,41.42183],[-7.91533,41.42194],[-7.91698,41.42032],[-7.92033,41.4194],[-7.92151,41.41831],[-7.92117,41.41642],[-7.91891,41.41455],[-7.91722,41.41379],[-7.91471,41.41397],[-7.91387,41.41502],[-7.91321,41.41746],[-7.91427,41.41848],[-7.91739,41.41709],[-7.91763,41.41653],[-7.91681,41.41567],[-7.91608,41.41553],[-7.91478,41.41679],[-7.91559,41.41699],[-7.91636,41.41661],[-7.91617,41.41602],[-7.91651,41.41654],[-7.91481,41.41704],[-7.91568,41.41566],[-7.91652,41.41546],[-7.91759,41.41637],[-7.91766,41.41692],[-7.91466,41.41851],[-7.91133,41.41699],[-7.90964,41.41675],[-7.9073,41.41791],[-7.90687,41.41852],[-7.90518,41.4186],[-7.90382,41.42135],[-7.90315,41.4214],[-7.90185,41.4226],[-7.89962,41.42327],[-7.89861,41.42585],[-7.89596,41.4276],[-7.89371,41.42996],[-7.89417,41.43097],[-7.89308,41.43378],[-7.89176,41.43494],[-7.89262,41.43849],[-7.8915,41.44342],[-7.89026,41.44408],[-7.88714,41.44274],[-7.88332,41.44348],[-7.88175,41.44253],[-7.88134,41.44309],[-7.88071,41.44311],[-7.87826,41.44164],[-7.87716,41.44218],[-7.87717,41.44279],[-7.87477,41.44244],[-7.87436,41.44415],[-7.87115,41.44597],[-7.87051,41.44753],[-7.86944,41.44829],[-7.86973,41.44877],[-7.86853,41.45035],[-7.86828,41.45164],[-7.86865,41.4527],[-7.86721,41.45346],[-7.86748,41.45407],[-7.86801,41.4542],[-7.86799,41.45699],[-7.86606,41.45796],[-7.86203,41.45828],[-7.86058,41.45762],[-7.8588,41.45905],[-7.85597,41.45882],[-7.85442,41.45833],[-7.85177,41.45862],[-7.84882,41.45811],[-7.84708,41.45975],[-7.84556,41.45848],[-7.84382,41.45831],[-7.84303,41.4574],[-7.84212,41.45755],[-7.84107,41.45701],[-7.83969,41.45726],[-7.83869,41.45668],[-7.83816,41.45571],[-7.83899,41.45364],[-7.83716,41.45424],[-7.83547,41.45392],[-7.83458,41.45313],[-7.83306,41.45324],[-7.83231,41.45274],[-7.83014,41.45472],[-7.8284,41.45377],[-7.82766,41.45251],[-7.82585,41.45304],[-7.82317,41.45581],[-7.81985,41.4577],[-7.81668,41.45801],[-7.81597,41.4575],[-7.8156,41.45625],[-7.81438,41.45562],[-7.81408,41.45496],[-7.81411,41.45378],[-7.81527,41.45309],[-7.81367,41.45258],[-7.81323,41.45191],[-7.81105,41.45176],[-7.80992,41.45131],[-7.81022,41.44996],[-7.81108,41.44935],[-7.81064,41.44826],[-7.80968,41.44853],[-7.80802,41.44797],[-7.80724,41.44851],[-7.80646,41.44806],[-7.80584,41.44861],[-7.80474,41.44756],[-7.80473,41.44677],[-7.8027,41.44644],[-7.80135,41.44712],[-7.80178,41.44771],[-7.80167,41.44911],[-7.80028,41.44973],[-7.8005,41.44896],[-7.79844,41.44723],[-7.79809,41.44762],[-7.79764,41.447],[-7.79712,41.44748],[-7.79668,41.4473],[-7.79638,41.44807],[-7.79499,41.44723],[-7.79413,41.44799],[-7.79239,41.44722],[-7.79029,41.44521],[-7.78704,41.44343],[-7.78384,41.44256],[-7.78288,41.44169],[-7.78065,41.44267],[-7.78042,41.44465],[-7.77897,41.44493],[-7.77733,41.44452],[-7.77667,41.44337],[-7.77514,41.44295],[-7.77243,41.44559],[-7.772,41.44726],[-7.77293,41.44886],[-7.77342,41.45223],[-7.77186,41.4531],[-7.77202,41.454],[-7.77041,41.45437],[-7.77003,41.45406],[-7.76907,41.45262],[-7.76928,41.45182],[-7.76876,41.45101],[-7.76467,41.45075],[-7.76337,41.45167],[-7.76066,41.45177],[-7.75817,41.45241],[-7.7545,41.45128],[-7.75319,41.44907],[-7.75164,41.44814],[-7.74982,41.44772],[-7.7491,41.44618],[-7.74748,41.44569],[-7.74536,41.44602],[-7.74139,41.4452],[-7.73722,41.44345],[-7.73688,41.44175],[-7.73547,41.4399],[-7.7346,41.43966],[-7.73339,41.43998],[-7.73226,41.43908],[-7.7318,41.43699],[-7.72855,41.43937],[-7.72633,41.44447],[-7.72665,41.4453],[-7.72949,41.44793],[-7.73035,41.44947],[-7.73046,41.45071],[-7.73151,41.45238],[-7.73153,41.45375],[-7.73289,41.45603],[-7.73326,41.45869],[-7.73283,41.46023],[-7.73325,41.46102],[-7.73284,41.46024],[-7.7332,41.45701],[-7.73308,41.45671],[-7.73326,41.45858],[-7.73283,41.4601],[-7.73334,41.46257],[-7.73507,41.46347],[-7.7351,41.46728],[-7.73155,41.47111],[-7.73079,41.47113],[-7.72737,41.469],[-7.72707,41.46561],[-7.72376,41.46471],[-7.72229,41.46278],[-7.72204,41.46117],[-7.72018,41.45885],[-7.71857,41.45953],[-7.71269,41.45795],[-7.7075,41.45851],[-7.70616,41.45976],[-7.70561,41.46103],[-7.70376,41.46202],[-7.70023,41.46147],[-7.69641,41.46451],[-7.69249,41.46614],[-7.69013,41.46523],[-7.68927,41.46527],[-7.68754,41.46627],[-7.68708,41.46522],[-7.68536,41.46544],[-7.68513,41.46588],[-7.68296,41.46557],[-7.68199,41.46587],[-7.68168,41.46629],[-7.68197,41.46966],[-7.68277,41.46982],[-7.68436,41.47135],[-7.68433,41.47179],[-7.68548,41.47102],[-7.688,41.47083],[-7.68939,41.47131],[-7.68954,41.47279],[-7.6882,41.47389],[-7.68879,41.47413],[-7.68863,41.47447],[-7.68664,41.47668],[-7.68635,41.47767],[-7.68912,41.47949],[-7.68935,41.48039],[-7.68724,41.481],[-7.68615,41.48217],[-7.68312,41.48079],[-7.6818,41.48098],[-7.67707,41.47936],[-7.67594,41.47944],[-7.67454,41.48019],[-7.67279,41.47957],[-7.67197,41.47976],[-7.66895,41.47927],[-7.66812,41.47764],[-7.66506,41.47914],[-7.66473,41.48045],[-7.66343,41.48125],[-7.65953,41.48007],[-7.65894,41.4802],[-7.65882,41.48134],[-7.65812,41.48194],[-7.65439,41.48177],[-7.64906,41.49006],[-7.64634,41.49097],[-7.64488,41.4939],[-7.64234,41.49674],[-7.64101,41.49899],[-7.64087,41.50048],[-7.63996,41.50041],[-7.63966,41.49993],[-7.63768,41.50109],[-7.63548,41.50126],[-7.63667,41.50077],[-7.63696,41.50004],[-7.63565,41.50045],[-7.63604,41.49976],[-7.63565,41.49927],[-7.63432,41.49911],[-7.63085,41.5014],[-7.62777,41.50098],[-7.62526,41.50155],[-7.62385,41.50138],[-7.62368,41.50021],[-7.62473,41.49855],[-7.62366,41.49838],[-7.62321,41.49704],[-7.62153,41.49581],[-7.62143,41.49305],[-7.61969,41.4902],[-7.62082,41.48968],[-7.62144,41.48881],[-7.62231,41.48925],[-7.62405,41.48678],[-7.62338,41.48465],[-7.62165,41.48339],[-7.6222,41.48252],[-7.62205,41.48129],[-7.62143,41.48072],[-7.6235,41.47977],[-7.62824,41.47284],[-7.62864,41.46966],[-7.62925,41.46865],[-7.63049,41.46828],[-7.63196,41.46685],[-7.62961,41.4657],[-7.6317,41.46444],[-7.63305,41.4627],[-7.6363,41.45588],[-7.64097,41.44815],[-7.64061,41.44631],[-7.64184,41.44303],[-7.64142,41.4403],[-7.64038,41.43916],[-7.63876,41.43436],[-7.63797,41.43367],[-7.63769,41.43075],[-7.63705,41.42946],[-7.63551,41.4294],[-7.63463,41.43102],[-7.63228,41.43127],[-7.63082,41.43278],[-7.62968,41.43284],[-7.62867,41.43196],[-7.62731,41.43181],[-7.6263,41.43215],[-7.62567,41.43378],[-7.62442,41.43246],[-7.62294,41.43433],[-7.62144,41.43376],[-7.6182,41.43546],[-7.61646,41.437],[-7.61475,41.4368],[-7.61384,41.43592],[-7.61109,41.43533],[-7.60911,41.43439],[-7.60762,41.43292],[-7.60665,41.43264],[-7.60627,41.43166],[-7.60661,41.42973],[-7.60602,41.42938],[-7.60472,41.42943],[-7.60518,41.4278],[-7.60338,41.42713],[-7.60385,41.42486],[-7.60131,41.42218],[-7.60018,41.42175],[-7.59855,41.41855],[-7.59798,41.41889],[-7.59674,41.41842],[-7.59567,41.41844],[-7.59488,41.41896],[-7.59399,41.41877],[-7.5945,41.41754],[-7.59418,41.41718],[-7.59687,41.41374],[-7.59728,41.41088],[-7.59954,41.40871],[-7.60139,41.40557],[-7.60092,41.40508],[-7.60159,41.40324],[-7.60041,41.4024],[-7.60053,41.40103],[-7.60001,41.40096],[-7.60135,41.39856],[-7.60068,41.39797],[-7.59956,41.3979],[-7.60021,41.39674],[-7.60016,41.39466],[-7.59914,41.39394],[-7.60053,41.39061],[-7.60042,41.38729],[-7.60118,41.38649],[-7.60021,41.38549],[-7.60007,41.38411],[-7.59867,41.38333],[-7.59885,41.38245],[-7.59777,41.3812],[-7.59499,41.38284],[-7.59428,41.38396],[-7.59179,41.38535],[-7.59088,41.38544],[-7.58748,41.38357],[-7.58831,41.38204],[-7.58765,41.3815],[-7.58747,41.38034],[-7.5906,41.37573],[-7.59209,41.37432],[-7.59266,41.37197],[-7.58814,41.36459],[-7.58873,41.36329],[-7.58832,41.36193],[-7.59012,41.35744],[-7.5898,41.35633],[-7.59053,41.35418],[-7.59037,41.35384],[-7.58897,41.35363],[-7.58835,41.35282],[-7.59003,41.35159],[-7.58949,41.3515],[-7.58652,41.35313],[-7.585,41.35315],[-7.58705,41.3483],[-7.5855,41.34768],[-7.58519,41.34911],[-7.58406,41.34956],[-7.57776,41.3496],[-7.57755,41.34831],[-7.57538,41.35259],[-7.57222,41.35234],[-7.56901,41.35431],[-7.56877,41.35354],[-7.5677,41.35298],[-7.56703,41.35099],[-7.56805,41.34921],[-7.57037,41.34771],[-7.57066,41.346],[-7.57137,41.34543],[-7.57098,41.34423],[-7.56973,41.34351],[-7.57051,41.34312],[-7.57012,41.34246],[-7.57497,41.33893],[-7.57561,41.33863],[-7.57641,41.33878],[-7.57684,41.33698],[-7.57614,41.33644],[-7.57514,41.33647],[-7.57536,41.3358],[-7.57621,41.33548],[-7.57876,41.33581],[-7.57595,41.33417],[-7.57404,41.33481],[-7.57371,41.33438],[-7.57094,41.33358],[-7.57041,41.33282],[-7.57062,41.33236],[-7.56942,41.33149],[-7.57044,41.33024],[-7.56964,41.32829],[-7.56755,41.32858],[-7.56704,41.32626],[-7.56463,41.3255],[-7.56478,41.32451],[-7.56362,41.32327],[-7.56382,41.32236],[-7.56041,41.31911],[-7.56082,41.31788],[-7.56054,41.31752],[-7.56132,41.31636],[-7.56066,41.3127],[-7.55785,41.31248],[-7.55673,41.31281],[-7.5565,41.3124],[-7.55528,41.31211],[-7.55568,41.31148],[-7.55729,41.31087],[-7.55732,41.31045],[-7.55646,41.31003],[-7.55747,41.30726],[-7.55701,41.30677],[-7.55425,41.30659],[-7.55078,41.30863],[-7.54936,41.30798],[-7.54901,41.30551],[-7.54754,41.30594],[-7.5468,41.30657],[-7.54598,41.30531],[-7.54684,41.30278],[-7.54626,41.30207],[-7.54674,41.30083],[-7.54138,41.30286],[-7.5362,41.3043],[-7.53323,41.30413],[-7.52968,41.30193],[-7.52812,41.30013],[-7.52483,41.29825],[-7.52462,41.29679],[-7.52321,41.29611],[-7.52373,41.29552],[-7.52332,41.29404],[-7.52012,41.29225],[-7.51869,41.29357],[-7.51726,41.29411],[-7.51742,41.29339],[-7.51615,41.29376],[-7.51585,41.29166],[-7.515,41.29293],[-7.515,41.29219],[-7.514,41.29314],[-7.51438,41.29216],[-7.51378,41.29275],[-7.51257,41.29245],[-7.50866,41.29366],[-7.50731,41.29339],[-7.50364,41.29481],[-7.49922,41.29404],[-7.49918,41.29327],[-7.49589,41.28904],[-7.49335,41.2874],[-7.49378,41.28675],[-7.4929,41.28541],[-7.49381,41.28401],[-7.49256,41.2817],[-7.49314,41.28039],[-7.49424,41.27976],[-7.49524,41.28131],[-7.49795,41.28275],[-7.49767,41.27716],[-7.49716,41.27587],[-7.49621,41.27516],[-7.49807,41.27456],[-7.49833,41.27374],[-7.49756,41.27359],[-7.49832,41.2713],[-7.49561,41.27055],[-7.49006,41.27205],[-7.4882,41.27181],[-7.48666,41.2729],[-7.48389,41.27244],[-7.48146,41.27336],[-7.47978,41.27217],[-7.47756,41.2718],[-7.47716,41.27236],[-7.47816,41.2706],[-7.47229,41.26715],[-7.4708,41.26714],[-7.46999,41.2656],[-7.46669,41.2646],[-7.46385,41.26258],[-7.4611,41.26197],[-7.45838,41.26073],[-7.45802,41.26003],[-7.45828,41.25856],[-7.45609,41.25659],[-7.45474,41.25378],[-7.4498,41.24923],[-7.44837,41.24904],[-7.4488,41.24838],[-7.4481,41.24756],[-7.44533,41.24715],[-7.44352,41.24607],[-7.44095,41.24616],[-7.44036,41.24567],[-7.43784,41.24731],[-7.43398,41.2473],[-7.4333,41.24682],[-7.43246,41.24748],[-7.43196,41.24636],[-7.42946,41.24588],[-7.42911,41.24327],[-7.4299,41.24067],[-7.42916,41.2395],[-7.42751,41.23906],[-7.42656,41.23726],[-7.42844,41.23555],[-7.42709,41.23472],[-7.42777,41.23267],[-7.42693,41.23253],[-7.42524,41.23134],[-7.42307,41.22726],[-7.42313,41.22686],[-7.42463,41.22819],[-7.42483,41.22896],[-7.42695,41.23151],[-7.42663,41.23034],[-7.42397,41.22705],[-7.42335,41.2228],[-7.42361,41.22062],[-7.42454,41.21903],[-7.42595,41.21772],[-7.42711,41.2181],[-7.4285,41.21805],[-7.42867,41.2174],[-7.43099,41.2158],[-7.43166,41.21429],[-7.43365,41.21406],[-7.43564,41.21462],[-7.43576,41.21437],[-7.43118,41.21312],[-7.43069,41.21335],[-7.43043,41.21446],[-7.42871,41.21565],[-7.42783,41.21568],[-7.42682,41.21415],[-7.4284,41.21315],[-7.42867,41.21097],[-7.42475,41.2095],[-7.42321,41.20945],[-7.42259,41.20891],[-7.41901,41.20886],[-7.41706,41.20755],[-7.41557,41.20783],[-7.41524,41.2067],[-7.4138,41.20592],[-7.41277,41.20588],[-7.41216,41.20513],[-7.40977,41.2045],[-7.40919,41.20361],[-7.40694,41.20271],[-7.40555,41.20265],[-7.40516,41.20433],[-7.40383,41.20503],[-7.40396,41.20669],[-7.40213,41.20778],[-7.40196,41.20886],[-7.40138,41.209],[-7.40046,41.2103],[-7.40147,41.21127],[-7.40261,41.21156],[-7.40296,41.21292],[-7.40217,41.21326],[-7.4004,41.21327],[-7.39969,41.21369],[-7.39971,41.21435],[-7.39876,41.21467],[-7.39791,41.21564],[-7.39815,41.21631],[-7.39704,41.2167],[-7.39686,41.21773],[-7.39736,41.21885],[-7.39699,41.21961],[-7.39543,41.22009],[-7.39474,41.22079],[-7.39379,41.22026],[-7.39265,41.22164],[-7.38966,41.22246],[-7.3891,41.22306],[-7.38807,41.22319],[-7.38756,41.22272],[-7.38699,41.22283],[-7.38448,41.22576],[-7.38389,41.225],[-7.38398,41.22413],[-7.38329,41.22376],[-7.38354,41.22293],[-7.38291,41.22326],[-7.38268,41.22278],[-7.38158,41.22389],[-7.382,41.22498],[-7.3817,41.22628],[-7.38128,41.22643],[-7.38113,41.22543],[-7.38066,41.22533],[-7.38024,41.22591],[-7.37856,41.22309],[-7.37673,41.22136],[-7.37686,41.21933],[-7.37558,41.21844],[-7.37396,41.21795],[-7.37446,41.21688],[-7.37628,41.21546],[-7.37313,41.21364],[-7.37248,41.2104],[-7.37063,41.20868],[-7.37186,41.20882],[-7.37231,41.20827],[-7.3725,41.20675],[-7.37172,41.2052],[-7.37224,41.20471],[-7.37324,41.20464],[-7.37304,41.20326],[-7.37395,41.20375],[-7.37443,41.20255],[-7.37481,41.2027],[-7.37553,41.20218],[-7.37634,41.20252],[-7.37618,41.20014],[-7.37789,41.20065],[-7.37743,41.19901],[-7.37776,41.1985],[-7.37799,41.19879],[-7.37837,41.19863],[-7.37866,41.19705],[-7.37603,41.19545],[-7.37592,41.19421],[-7.37468,41.1942],[-7.37393,41.19354],[-7.37441,41.19046],[-7.37329,41.1906],[-7.37336,41.1896],[-7.37258,41.18897],[-7.37578,41.18787],[-7.37703,41.18789],[-7.37685,41.18757],[-7.37749,41.18808],[-7.37765,41.18754],[-7.37635,41.18689],[-7.37673,41.18674],[-7.37882,41.18705],[-7.3796,41.18786],[-7.38055,41.18751],[-7.37981,41.18761],[-7.3791,41.18617],[-7.37796,41.18562],[-7.37485,41.18558],[-7.37338,41.18616],[-7.37225,41.18604],[-7.37307,41.18421],[-7.37536,41.18239],[-7.37672,41.18179],[-7.37678,41.18121],[-7.37316,41.18111],[-7.37175,41.18172],[-7.36951,41.18197],[-7.36913,41.18255],[-7.36788,41.18217],[-7.36617,41.18283],[-7.36523,41.18231],[-7.36545,41.18111],[-7.3676,41.18003],[-7.36641,41.17887],[-7.36774,41.17764],[-7.37099,41.17613],[-7.36894,41.17476],[-7.36959,41.1739],[-7.36859,41.1716],[-7.36781,41.17122],[-7.36954,41.16997],[-7.37068,41.16649],[-7.37245,41.16378],[-7.3724,41.16052],[-7.37276,41.16032],[-7.37705,41.16075],[-7.37738,41.16122],[-7.3747,41.16646],[-7.37516,41.16857],[-7.37665,41.16891],[-7.37766,41.17104],[-7.37831,41.17113],[-7.38045,41.16985],[-7.37814,41.17058],[-7.378,41.16941],[-7.37894,41.16793],[-7.37794,41.16689],[-7.382,41.1607],[-7.38241,41.15704],[-7.38185,41.15514],[-7.38211,41.15396],[-7.38082,41.15226],[-7.37996,41.15199],[-7.37135,41.15152],[-7.37093,41.15086],[-7.37045,41.15134],[-7.36869,41.15171],[-7.3664,41.15073],[-7.3656,41.15129],[-7.36589,41.15111],[-7.36598,41.15183],[-7.36589,41.15103],[-7.36637,41.15081],[-7.36815,41.15167],[-7.37046,41.15138],[-7.37479,41.14861],[-7.37726,41.14949],[-7.37897,41.14944],[-7.38258,41.14846],[-7.38669,41.14922],[-7.38973,41.14902],[-7.39379,41.14717],[-7.39674,41.14692],[-7.39733,41.14575],[-7.39958,41.14509],[-7.40257,41.14581],[-7.40328,41.14537],[-7.40623,41.14708]]}},{"type":"Feature","properties":{"name":"TET_P-02_20250305","country":"PT","lengthKm":366.6},"geometry":{"type":"LineString","coordinates":[[-7.40608,41.14701],[-7.40729,41.14675],[-7.40991,41.14734],[-7.41124,41.14607],[-7.41282,41.1457],[-7.41674,41.14556],[-7.42156,41.14483],[-7.424,41.14274],[-7.4255,41.1423],[-7.42921,41.14279],[-7.4304,41.14327],[-7.43106,41.14309],[-7.43505,41.14067],[-7.43663,41.13926],[-7.43921,41.13297],[-7.43912,41.13228],[-7.43693,41.13019],[-7.43624,41.12899],[-7.43645,41.12602],[-7.43572,41.12529],[-7.43945,41.11998],[-7.44254,41.1182],[-7.44482,41.11929],[-7.44646,41.11908],[-7.44914,41.11942],[-7.44966,41.12002],[-7.44902,41.1223],[-7.4497,41.12266],[-7.45296,41.11872],[-7.4543,41.11811],[-7.45501,41.11678],[-7.45636,41.1157],[-7.456,41.11493],[-7.45737,41.1136],[-7.4595,41.11269],[-7.46123,41.11245],[-7.46434,41.10997],[-7.46919,41.10989],[-7.46737,41.10842],[-7.4628,41.10673],[-7.45976,41.1039],[-7.45848,41.10363],[-7.45803,41.10305],[-7.45974,41.10164],[-7.46213,41.10048],[-7.46189,41.09877],[-7.46337,41.09746],[-7.46371,41.09627],[-7.46755,41.09587],[-7.46815,41.09421],[-7.46776,41.09299],[-7.46868,41.09124],[-7.46834,41.09038],[-7.46917,41.08938],[-7.46928,41.08853],[-7.46602,41.08715],[-7.46457,41.08458],[-7.46304,41.08432],[-7.4631,41.08328],[-7.46238,41.08225],[-7.4613,41.08286],[-7.4575,41.08293],[-7.45745,41.08196],[-7.45396,41.08111],[-7.45251,41.08147],[-7.45185,41.08013],[-7.44525,41.07814],[-7.44536,41.07755],[-7.4474,41.07744],[-7.44695,41.07681],[-7.44728,41.07565],[-7.4496,41.074],[-7.45004,41.07291],[-7.45047,41.06985],[-7.44982,41.06963],[-7.44946,41.06893],[-7.44902,41.06779],[-7.44926,41.06722],[-7.44841,41.06728],[-7.44822,41.06678],[-7.44876,41.06205],[-7.44933,41.06125],[-7.45087,41.06033],[-7.45122,41.05883],[-7.45206,41.05788],[-7.45246,41.05775],[-7.45463,41.05854],[-7.45522,41.05774],[-7.45487,41.05723],[-7.4566,41.05683],[-7.46007,41.05485],[-7.46103,41.05485],[-7.46249,41.05151],[-7.46334,41.05119],[-7.46604,41.04803],[-7.46695,41.04763],[-7.46809,41.04543],[-7.46307,41.04385],[-7.46352,41.04349],[-7.46412,41.03962],[-7.46374,41.03927],[-7.46367,41.03971],[-7.46306,41.0396],[-7.46211,41.03726],[-7.45982,41.03499],[-7.45911,41.03235],[-7.45778,41.03164],[-7.45582,41.03442],[-7.45344,41.03519],[-7.45125,41.03458],[-7.44978,41.03502],[-7.44687,41.03908],[-7.44516,41.04025],[-7.44146,41.0393],[-7.43528,41.03922],[-7.43726,41.03638],[-7.43958,41.03572],[-7.44041,41.03593],[-7.44182,41.03418],[-7.44496,41.0332],[-7.44641,41.03076],[-7.44732,41.0302],[-7.44669,41.02824],[-7.44043,41.02685],[-7.44213,41.02436],[-7.44233,41.02281],[-7.44349,41.02116],[-7.44396,41.01881],[-7.44596,41.01627],[-7.44793,41.01562],[-7.44924,41.01324],[-7.44962,41.00993],[-7.45141,41.00644],[-7.45008,41.00376],[-7.45139,41.00198],[-7.45126,41.00105],[-7.45206,40.99854],[-7.45395,40.99745],[-7.45601,40.99708],[-7.45647,40.99665],[-7.45988,40.99814],[-7.46236,40.99853],[-7.46645,41.00116],[-7.47045,41.00298],[-7.47425,41.00259],[-7.4782,40.99976],[-7.48124,41.0002],[-7.48099,40.99642],[-7.48263,40.99401],[-7.48284,40.99115],[-7.48384,40.98954],[-7.48706,40.98996],[-7.48704,40.99027],[-7.48924,40.99158],[-7.48994,40.99313],[-7.49084,40.99397],[-7.49152,40.99739],[-7.49242,40.99843],[-7.49393,40.99868],[-7.49763,40.99725],[-7.49993,40.99148],[-7.50118,40.99138],[-7.50253,40.99268],[-7.50304,40.99462],[-7.50424,40.9959],[-7.5044,40.99876],[-7.50547,41.00032],[-7.5088,41.00319],[-7.51032,41.00504],[-7.51097,41.00744],[-7.51192,41.0081],[-7.51327,41.00721],[-7.51469,41.00709],[-7.51512,41.00752],[-7.51719,41.00281],[-7.5189,41.00087],[-7.51971,41.00352],[-7.52074,41.00436],[-7.52184,41.00388],[-7.5217,41.00318],[-7.52257,41.00236],[-7.52433,41.00198],[-7.52563,41.00032],[-7.52849,40.99888],[-7.53124,40.99836],[-7.53192,40.99775],[-7.5352,40.99743],[-7.5359,40.99696],[-7.5371,40.99722],[-7.53803,40.99521],[-7.53706,40.99538],[-7.53665,40.99308],[-7.53542,40.99175],[-7.53581,40.98849],[-7.53672,40.98788],[-7.53729,40.98622],[-7.53791,40.98589],[-7.53894,40.98599],[-7.5407,40.98703],[-7.54114,40.98602],[-7.54293,40.98596],[-7.54418,40.98655],[-7.54792,40.98602],[-7.54938,40.98528],[-7.55071,40.9851],[-7.5545,40.98921],[-7.55827,40.98926],[-7.55975,40.98986],[-7.56178,40.98975],[-7.56284,40.99123],[-7.56368,40.99166],[-7.56813,40.99108],[-7.57335,40.99251],[-7.57671,40.99217],[-7.57792,40.99274],[-7.57991,40.99473],[-7.57985,40.99545],[-7.58357,40.99485],[-7.58436,40.9963],[-7.58765,40.99362],[-7.58884,40.99349],[-7.59133,40.99403],[-7.59261,40.9966],[-7.59361,40.99669],[-7.59478,40.99805],[-7.59602,40.99854],[-7.59656,41.00005],[-7.59723,40.99843],[-7.59639,40.99686],[-7.59676,40.99497],[-7.59905,40.99555],[-7.60416,40.99322],[-7.60421,40.99491],[-7.6033,40.99605],[-7.60361,40.99809],[-7.60608,40.99981],[-7.60584,41.00117],[-7.60681,41.00206],[-7.60733,41.00337],[-7.60862,41.00282],[-7.6092,41.00172],[-7.6108,41.00145],[-7.61222,41.00205],[-7.61297,41.00332],[-7.61295,41.0043],[-7.61365,41.00484],[-7.61582,41.00602],[-7.61704,41.00527],[-7.61716,41.00671],[-7.61984,41.01005],[-7.62035,41.00822],[-7.62182,41.00725],[-7.62304,41.00694],[-7.62593,41.00706],[-7.62616,41.00774],[-7.62796,41.008],[-7.63045,41.00695],[-7.63004,41.006],[-7.6308,41.00526],[-7.63259,41.00536],[-7.63296,41.00747],[-7.63534,41.00787],[-7.6366,41.00754],[-7.63559,41.00348],[-7.63832,41.0005],[-7.63949,41.00009],[-7.64039,41.00021],[-7.64093,40.99822],[-7.64215,40.99759],[-7.64543,40.99755],[-7.64762,40.99873],[-7.64824,40.99861],[-7.64907,40.99671],[-7.65081,40.99493],[-7.65141,40.99357],[-7.65138,40.99218],[-7.65306,40.99103],[-7.65357,40.98983],[-7.65301,40.98867],[-7.65324,40.98531],[-7.65617,40.98515],[-7.65467,40.98279],[-7.65481,40.98175],[-7.65365,40.97957],[-7.65238,40.9785],[-7.65205,40.9771],[-7.65251,40.97655],[-7.65044,40.97399],[-7.65214,40.97465],[-7.65452,40.97439],[-7.65554,40.97384],[-7.65779,40.97082],[-7.65818,40.96546],[-7.65933,40.96387],[-7.65975,40.96462],[-7.66022,40.96429],[-7.66182,40.96421],[-7.66284,40.96305],[-7.66616,40.96368],[-7.66724,40.96354],[-7.6714,40.96143],[-7.67435,40.9618],[-7.67643,40.96013],[-7.67786,40.95827],[-7.68124,40.95602],[-7.68396,40.95456],[-7.68615,40.95436],[-7.68864,40.95205],[-7.69035,40.95254],[-7.69435,40.95521],[-7.69628,40.95928],[-7.69547,40.96171],[-7.69385,40.96241],[-7.69368,40.96493],[-7.69066,40.96514],[-7.68932,40.96564],[-7.68773,40.96705],[-7.68542,40.96725],[-7.68304,40.96671],[-7.68261,40.96716],[-7.68414,40.9702],[-7.68507,40.97112],[-7.68733,40.97137],[-7.69082,40.97327],[-7.69444,40.97464],[-7.69562,40.98142],[-7.6953,40.98452],[-7.69719,40.98393],[-7.69985,40.98422],[-7.70084,40.98664],[-7.7019,40.98656],[-7.70299,40.98576],[-7.70364,40.98594],[-7.704,40.98676],[-7.7035,40.98797],[-7.70528,40.99087],[-7.70809,40.99139],[-7.70968,40.99088],[-7.71218,40.99209],[-7.71295,40.99052],[-7.71351,40.99023],[-7.71457,40.99076],[-7.71677,40.9909],[-7.71718,40.98995],[-7.71652,40.98837],[-7.71875,40.98722],[-7.7208,40.98742],[-7.72234,40.98934],[-7.72406,40.98859],[-7.726,40.99022],[-7.72597,40.99079],[-7.72858,40.98978],[-7.72896,40.99181],[-7.72783,40.99382],[-7.72637,40.99532],[-7.72699,40.99779],[-7.72653,41.00046],[-7.72887,40.99858],[-7.72965,40.99701],[-7.73348,40.99232],[-7.7341,40.99217],[-7.73776,40.99312],[-7.73469,40.99522],[-7.73466,40.99569],[-7.73521,40.99603],[-7.73692,40.99649],[-7.73866,40.99618],[-7.74024,40.99734],[-7.74366,40.99672],[-7.74575,40.99712],[-7.74701,41.00022],[-7.74713,41.00383],[-7.74756,41.00245],[-7.74698,40.99803],[-7.74773,40.99688],[-7.74677,40.99465],[-7.74774,40.99462],[-7.74902,40.99384],[-7.74875,40.99422],[-7.74993,40.99485],[-7.7505,40.99595],[-7.75136,40.99883],[-7.7533,41.00052],[-7.75428,41.00224],[-7.75426,41.00384],[-7.75467,41.00469],[-7.75534,41.00495],[-7.75548,41.00592],[-7.75813,41.00833],[-7.76075,41.0092],[-7.7619,41.00885],[-7.76095,41.00863],[-7.75998,41.00759],[-7.75962,41.00577],[-7.75831,41.00377],[-7.75778,41.00143],[-7.75849,41.00063],[-7.76008,41.00275],[-7.7623,41.00401],[-7.76115,41.00217],[-7.76324,40.99909],[-7.76907,40.99616],[-7.77217,40.99277],[-7.77648,40.99108],[-7.77736,40.98961],[-7.78134,40.98682],[-7.78218,40.98956],[-7.78236,40.99258],[-7.78424,40.99312],[-7.78555,40.99422],[-7.78657,40.99572],[-7.78666,40.99817],[-7.78767,40.99841],[-7.78843,40.99935],[-7.79071,41.0003],[-7.79125,40.99982],[-7.79178,40.99767],[-7.79268,40.99719],[-7.79442,40.99711],[-7.79546,40.99755],[-7.79647,41.0007],[-7.79721,41.00127],[-7.79541,41.00096],[-7.79535,41.00158],[-7.79565,41.00122],[-7.7982,41.00126],[-7.8016,41.00281],[-7.80208,41.00558],[-7.80454,41.00702],[-7.80604,41.00746],[-7.80636,41.00857],[-7.80895,41.00791],[-7.81147,41.0116],[-7.81236,41.01173],[-7.81364,41.01118],[-7.81404,41.01377],[-7.81516,41.01555],[-7.8172,41.01678],[-7.81798,41.01608],[-7.8198,41.0174],[-7.82002,41.01897],[-7.82113,41.01843],[-7.82328,41.01833],[-7.8243,41.01717],[-7.82496,41.01855],[-7.82584,41.01779],[-7.82674,41.01864],[-7.82736,41.01868],[-7.83004,41.02134],[-7.83623,41.02268],[-7.83702,41.02314],[-7.83775,41.023],[-7.83814,41.02371],[-7.83721,41.02587],[-7.83818,41.02768],[-7.83905,41.02828],[-7.83799,41.02947],[-7.83763,41.03154],[-7.84159,41.03077],[-7.84261,41.0301],[-7.84505,41.03119],[-7.84494,41.03184],[-7.84319,41.03222],[-7.84158,41.03359],[-7.84071,41.0338],[-7.83644,41.03394],[-7.83448,41.03312],[-7.83067,41.03435],[-7.82769,41.03667],[-7.82482,41.03805],[-7.8227,41.03776],[-7.82031,41.03565],[-7.8184,41.03777],[-7.81617,41.03916],[-7.81537,41.03925],[-7.8158,41.0404],[-7.81534,41.04087],[-7.81559,41.04249],[-7.81492,41.04299],[-7.81515,41.04468],[-7.81593,41.04496],[-7.81627,41.04646],[-7.81806,41.04764],[-7.82008,41.04701],[-7.82091,41.04601],[-7.82333,41.04594],[-7.82281,41.04657],[-7.82349,41.04712],[-7.82267,41.04839],[-7.82391,41.04825],[-7.82378,41.04856],[-7.82455,41.04878],[-7.82402,41.05035],[-7.82144,41.05146],[-7.82229,41.05159],[-7.82175,41.05221],[-7.82267,41.05418],[-7.82427,41.05464],[-7.82579,41.05576],[-7.82611,41.0597],[-7.8269,41.06039],[-7.82589,41.06138],[-7.82572,41.06234],[-7.82395,41.06492],[-7.82456,41.06486],[-7.82876,41.06662],[-7.82988,41.06586],[-7.82976,41.06468],[-7.83037,41.06283],[-7.83161,41.06252],[-7.83144,41.06327],[-7.83235,41.06348],[-7.83295,41.06451],[-7.83422,41.06497],[-7.83381,41.06767],[-7.83407,41.06877],[-7.8334,41.0703],[-7.83493,41.07251],[-7.83273,41.07526],[-7.83316,41.07564],[-7.83563,41.07597],[-7.83593,41.07635],[-7.83576,41.07708],[-7.83495,41.07735],[-7.83473,41.07815],[-7.83315,41.07993],[-7.83298,41.08209],[-7.8323,41.08265],[-7.83686,41.08215],[-7.84221,41.08076],[-7.84379,41.08132],[-7.84251,41.0822],[-7.84062,41.08246],[-7.83784,41.08433],[-7.83626,41.08475],[-7.83543,41.08575],[-7.83363,41.0868],[-7.83219,41.08868],[-7.82906,41.0908],[-7.8278,41.09106],[-7.82695,41.09023],[-7.82448,41.09077],[-7.82324,41.09066],[-7.8204,41.09196],[-7.81916,41.09345],[-7.81669,41.09482],[-7.81126,41.09386],[-7.80871,41.09544],[-7.80857,41.09594],[-7.80688,41.09719],[-7.81201,41.09438],[-7.81156,41.09419],[-7.80873,41.09556],[-7.8116,41.09339],[-7.80859,41.09422],[-7.80986,41.09353],[-7.81303,41.08976],[-7.81323,41.08745],[-7.81883,41.08543],[-7.8226,41.0827],[-7.82388,41.08322],[-7.82893,41.08206],[-7.8331,41.08276],[-7.84204,41.08074],[-7.84682,41.08178],[-7.84725,41.08153],[-7.84749,41.0797],[-7.84888,41.08133],[-7.8497,41.08141],[-7.85189,41.08027],[-7.85361,41.07866],[-7.85484,41.08053],[-7.85508,41.08328],[-7.85664,41.08412],[-7.85727,41.08346],[-7.85843,41.08483],[-7.86099,41.08523],[-7.86037,41.08452],[-7.86099,41.08392],[-7.86399,41.08455],[-7.86552,41.08342],[-7.86568,41.08608],[-7.86694,41.0885],[-7.86738,41.09203],[-7.86821,41.09157],[-7.87214,41.0842],[-7.87753,41.07936],[-7.87744,41.07779],[-7.87926,41.0763],[-7.87979,41.07511],[-7.88114,41.07393],[-7.88094,41.07237],[-7.87981,41.07185],[-7.87962,41.0711],[-7.88137,41.06712],[-7.88571,41.06365],[-7.88513,41.06096],[-7.88539,41.05955],[-7.88815,41.05901],[-7.89054,41.0577],[-7.89214,41.05618],[-7.89286,41.05415],[-7.89556,41.05405],[-7.89829,41.05449],[-7.89995,41.05403],[-7.90012,41.05466],[-7.90275,41.05305],[-7.90365,41.05302],[-7.90352,41.05386],[-7.90568,41.05324],[-7.90585,41.0523],[-7.9074,41.05171],[-7.90764,41.05028],[-7.9089,41.04895],[-7.90843,41.0479],[-7.91001,41.04565],[-7.91061,41.04225],[-7.91185,41.04068],[-7.9119,41.03924],[-7.91493,41.03868],[-7.916,41.0394],[-7.91893,41.03997],[-7.91948,41.04038],[-7.92186,41.03994],[-7.92671,41.04049],[-7.92805,41.03991],[-7.92924,41.03792],[-7.92931,41.03366],[-7.93075,41.03041],[-7.93447,41.02642],[-7.93698,41.02577],[-7.93774,41.02518],[-7.93802,41.02366],[-7.93678,41.02141],[-7.93756,41.01878],[-7.93903,41.0181],[-7.93909,41.01513],[-7.94186,41.01389],[-7.94396,41.01242],[-7.94463,41.01143],[-7.94642,41.0104],[-7.9488,41.01024],[-7.95442,41.01084],[-7.95532,41.01129],[-7.95535,41.0105],[-7.95738,41.01058],[-7.96072,41.00829],[-7.96411,41.00758],[-7.96449,41.00655],[-7.96627,41.00858],[-7.96545,41.00921],[-7.96567,41.01053],[-7.96742,41.01238],[-7.96892,41.01313],[-7.96962,41.01404],[-7.97128,41.01321],[-7.97202,41.01324],[-7.97256,41.01431],[-7.97374,41.0136],[-7.97487,41.0135],[-7.97609,41.01546],[-7.97683,41.01483],[-7.97803,41.01501],[-7.98008,41.00964],[-7.98151,41.0082],[-7.9804,41.00632],[-7.97766,41.00472],[-7.977,41.00459],[-7.97525,41.00623],[-7.97345,41.0067],[-7.97263,41.00612],[-7.9726,41.00432],[-7.97129,41.0037],[-7.97003,41.00349],[-7.96978,41.00378],[-7.96948,41.00225],[-7.96901,41.00198],[-7.96775,41.00245],[-7.96556,41.00207],[-7.96345,40.99996],[-7.9638,40.99858],[-7.96366,40.99636],[-7.9632,40.99571],[-7.9619,40.99543],[-7.95952,40.99578],[-7.95837,40.99549],[-7.95667,40.99378],[-7.95528,40.99138],[-7.95247,40.98959],[-7.94922,40.98652],[-7.94985,40.98537],[-7.94874,40.98365],[-7.94993,40.981],[-7.94988,40.98009],[-7.94908,40.97931],[-7.94702,40.9787],[-7.94569,40.97725],[-7.94105,40.97033],[-7.94145,40.96806],[-7.94463,40.96445],[-7.94542,40.9615],[-7.94622,40.95965],[-7.94718,40.95883],[-7.94737,40.95773],[-7.94794,40.95765],[-7.94869,40.95847],[-7.94882,40.95617],[-7.94947,40.95475],[-7.94864,40.9504],[-7.94727,40.94934],[-7.94553,40.94952],[-7.94474,40.94922],[-7.94402,40.9469],[-7.9421,40.94736],[-7.93591,40.94531],[-7.93478,40.94555],[-7.93234,40.94731],[-7.93139,40.94726],[-7.92973,40.94531],[-7.92703,40.94408],[-7.92581,40.94149],[-7.92457,40.94173],[-7.92424,40.9432],[-7.92275,40.94538],[-7.92272,40.94739],[-7.92119,40.94841],[-7.92072,40.94972],[-7.91645,40.95288],[-7.9151,40.9535],[-7.91246,40.95342],[-7.91098,40.95262],[-7.90886,40.95288],[-7.90824,40.95402],[-7.90605,40.95493],[-7.9052,40.95494],[-7.90447,40.95429],[-7.90368,40.95422],[-7.90348,40.9535],[-7.90136,40.95468],[-7.90043,40.95455],[-7.89693,40.95735],[-7.89508,40.96302],[-7.89448,40.97239],[-7.89355,40.975],[-7.89354,40.98004],[-7.89089,40.98033],[-7.8904,40.98132],[-7.88917,40.98191],[-7.88699,40.98133],[-7.88605,40.98181],[-7.88596,40.98044],[-7.88732,40.97736],[-7.88727,40.97634],[-7.88437,40.97206],[-7.88431,40.96728],[-7.88501,40.96439],[-7.88422,40.9639],[-7.88373,40.96018],[-7.88222,40.95943],[-7.88202,40.95725],[-7.88131,40.95573],[-7.88083,40.95524],[-7.8797,40.95517],[-7.87895,40.95378],[-7.87804,40.95321],[-7.87537,40.95307],[-7.87403,40.95343],[-7.87183,40.95241],[-7.87247,40.95792],[-7.8715,40.96019],[-7.87179,40.96096],[-7.87069,40.96123],[-7.86675,40.95981],[-7.86632,40.96032],[-7.86618,40.96446],[-7.86429,40.96719],[-7.86334,40.96776],[-7.85846,40.96833],[-7.85789,40.96705],[-7.85825,40.96487],[-7.85762,40.96594],[-7.85536,40.96648],[-7.8529,40.96832],[-7.85207,40.96811],[-7.85144,40.96693],[-7.85171,40.96505],[-7.84852,40.96552],[-7.84789,40.96616],[-7.84614,40.96671],[-7.84196,40.97054],[-7.84059,40.97288],[-7.83947,40.97739],[-7.83968,40.97841],[-7.83896,40.98001],[-7.83475,40.97257],[-7.83325,40.97428],[-7.83101,40.97562],[-7.83024,40.97448],[-7.8287,40.97385],[-7.82855,40.97332],[-7.83008,40.97074],[-7.82913,40.97157],[-7.82526,40.97164],[-7.82378,40.97293],[-7.82285,40.97785],[-7.82366,40.9793],[-7.82142,40.97993],[-7.82009,40.97984],[-7.81849,40.97769],[-7.81651,40.97633],[-7.81465,40.97616],[-7.81009,40.97221],[-7.80944,40.97094],[-7.80806,40.97009],[-7.80732,40.97078],[-7.80657,40.97088],[-7.80361,40.97049],[-7.80329,40.96891],[-7.80512,40.96711],[-7.80465,40.96524],[-7.80211,40.96423],[-7.80251,40.9631],[-7.80201,40.96242],[-7.79818,40.96172],[-7.79747,40.96031],[-7.79725,40.96127],[-7.79556,40.96178],[-7.79407,40.96128],[-7.7932,40.9614],[-7.79354,40.96225],[-7.79231,40.96251],[-7.79288,40.9632],[-7.79174,40.96329],[-7.79077,40.96406],[-7.78985,40.96685],[-7.78816,40.96553],[-7.78646,40.96618],[-7.78579,40.96599],[-7.78557,40.96887],[-7.78394,40.96966],[-7.78246,40.96653],[-7.7813,40.96565],[-7.78057,40.95989],[-7.7806,40.95538],[-7.78013,40.95407],[-7.78074,40.95306],[-7.78494,40.95389],[-7.78578,40.95506],[-7.78718,40.95419],[-7.78951,40.95416],[-7.79206,40.95476],[-7.79404,40.95606],[-7.79472,40.95611],[-7.79445,40.95545],[-7.79877,40.95357],[-7.79851,40.95167],[-7.79968,40.95044],[-7.7995,40.94974],[-7.79772,40.94949],[-7.79678,40.94886],[-7.7955,40.94893],[-7.79401,40.94807],[-7.79262,40.94659],[-7.79098,40.94712],[-7.78935,40.94645],[-7.78423,40.94257],[-7.78359,40.94091],[-7.78391,40.93912],[-7.78048,40.93495],[-7.78011,40.93216],[-7.77868,40.93259],[-7.77732,40.93353],[-7.77475,40.93401],[-7.77193,40.9397],[-7.76796,40.94281],[-7.76585,40.94372],[-7.76149,40.94466],[-7.75978,40.94581],[-7.75777,40.94445],[-7.7547,40.94509],[-7.75397,40.94494],[-7.75285,40.94382],[-7.74893,40.94164],[-7.74493,40.94077],[-7.73123,40.94145],[-7.73076,40.94091],[-7.73078,40.94158],[-7.71984,40.9432],[-7.71684,40.9425],[-7.7114,40.9427],[-7.70845,40.94074],[-7.70543,40.94109],[-7.69972,40.93839],[-7.69455,40.93933],[-7.69066,40.93919],[-7.69006,40.93674],[-7.68921,40.93604],[-7.68923,40.93451],[-7.68778,40.93328],[-7.68695,40.93351],[-7.68316,40.93921],[-7.68176,40.93995],[-7.67796,40.94055],[-7.67491,40.94148],[-7.67021,40.94123],[-7.66564,40.93985],[-7.66408,40.93988],[-7.66305,40.9396],[-7.66073,40.9379],[-7.65943,40.93896],[-7.65843,40.93853],[-7.65693,40.93956],[-7.65465,40.9399],[-7.65033,40.94218],[-7.6463,40.94307],[-7.63765,40.94292],[-7.63523,40.94257],[-7.63193,40.9412],[-7.62961,40.94311],[-7.62809,40.94296],[-7.62637,40.9434],[-7.62424,40.94259],[-7.62228,40.94284],[-7.62237,40.9383],[-7.6217,40.93571],[-7.61971,40.9352],[-7.61913,40.93462],[-7.61624,40.93399],[-7.61538,40.9332],[-7.6141,40.93361],[-7.61158,40.9334],[-7.61093,40.93264],[-7.6097,40.93226],[-7.60781,40.9331],[-7.60608,40.9331],[-7.60482,40.93187],[-7.6037,40.93141],[-7.60365,40.93096],[-7.60594,40.92855],[-7.60705,40.92801],[-7.60899,40.92806],[-7.6098,40.9277],[-7.6101,40.92723],[-7.6093,40.92663],[-7.60923,40.92578],[-7.60843,40.9254],[-7.61023,40.92408],[-7.60998,40.92379],[-7.60859,40.92364],[-7.6072,40.9241],[-7.6056,40.92357],[-7.60275,40.92374],[-7.59999,40.92311],[-7.59827,40.92491],[-7.59585,40.92598],[-7.59438,40.92603],[-7.59273,40.92688],[-7.58881,40.92695],[-7.5879,40.92736],[-7.58662,40.9299],[-7.58522,40.93067],[-7.58481,40.93058],[-7.58553,40.93051],[-7.58389,40.93071],[-7.58291,40.93025],[-7.58249,40.92958],[-7.58104,40.92997],[-7.57882,40.92898],[-7.57736,40.92917],[-7.57518,40.92824],[-7.57325,40.92925],[-7.57202,40.92899],[-7.56979,40.93053],[-7.56691,40.93022],[-7.56403,40.93083],[-7.56139,40.93066],[-7.55889,40.93115],[-7.55782,40.93225],[-7.55357,40.9289],[-7.54913,40.92441],[-7.54578,40.92451],[-7.5444,40.92553],[-7.54375,40.9254],[-7.54025,40.92634],[-7.53832,40.92626],[-7.53797,40.92661],[-7.53682,40.92616],[-7.5354,40.92487],[-7.53524,40.92508],[-7.5343,40.92467],[-7.53322,40.92499],[-7.53282,40.9238],[-7.53402,40.92282],[-7.53391,40.9221],[-7.53109,40.92225],[-7.52956,40.92283],[-7.52739,40.92248],[-7.52712,40.92517],[-7.52607,40.92659],[-7.52852,40.93023],[-7.52629,40.93043],[-7.52589,40.929],[-7.52442,40.92798],[-7.52354,40.92799],[-7.52086,40.92922],[-7.51994,40.92928],[-7.51873,40.92893],[-7.5169,40.92932],[-7.51524,40.92818],[-7.51694,40.92931],[-7.51883,40.92893],[-7.51948,40.92914],[-7.51809,40.9305],[-7.51663,40.93097],[-7.51619,40.93152],[-7.51413,40.93198],[-7.51335,40.93174],[-7.5116,40.9323],[-7.51138,40.93314],[-7.50903,40.93427],[-7.50874,40.93495],[-7.50812,40.93509],[-7.50544,40.9376],[-7.50364,40.93662],[-7.50524,40.93415],[-7.50692,40.92879],[-7.50808,40.92764],[-7.50789,40.92713],[-7.50866,40.92616],[-7.50858,40.92448],[-7.50519,40.92301],[-7.50413,40.92327],[-7.50374,40.92281],[-7.49678,40.92159],[-7.4955,40.92245],[-7.49432,40.92238],[-7.49343,40.92284],[-7.4917,40.92251],[-7.49113,40.92282],[-7.4882,40.92201],[-7.48748,40.92121],[-7.48431,40.92092],[-7.48391,40.92062],[-7.48128,40.92186],[-7.48092,40.923],[-7.47909,40.92474],[-7.47754,40.9251],[-7.47688,40.92434],[-7.47445,40.92423],[-7.47186,40.92274],[-7.46949,40.92555],[-7.46803,40.92464],[-7.46764,40.9235],[-7.46649,40.9234],[-7.46579,40.92286],[-7.46314,40.9246],[-7.46317,40.92566],[-7.46252,40.92654],[-7.46257,40.92808],[-7.4604,40.92912],[-7.45837,40.92954],[-7.45786,40.93013],[-7.4573,40.93457],[-7.45588,40.93546],[-7.45382,40.93785],[-7.45016,40.9394],[-7.4477,40.9395],[-7.44462,40.94072],[-7.44393,40.94177],[-7.44698,40.94352],[-7.44779,40.94476],[-7.44655,40.94545],[-7.44654,40.94626],[-7.44601,40.94664],[-7.44572,40.952],[-7.4442,40.95307],[-7.44452,40.95413],[-7.44398,40.95531],[-7.4427,40.95492],[-7.44175,40.95576],[-7.44166,40.95698],[-7.44046,40.95745],[-7.43876,40.95724],[-7.43769,40.956],[-7.43684,40.95598],[-7.43299,40.95423],[-7.43259,40.95779],[-7.43322,40.95939],[-7.43175,40.96015],[-7.42958,40.95894],[-7.42682,40.9581],[-7.42535,40.95687],[-7.42435,40.95657],[-7.42356,40.95686],[-7.42164,40.96036],[-7.42077,40.9608],[-7.42042,40.96159],[-7.41809,40.96257],[-7.41751,40.96351],[-7.41772,40.9644],[-7.41706,40.96654],[-7.41839,40.96808],[-7.41971,40.96871],[-7.41928,40.9692],[-7.41926,40.97098],[-7.41852,40.97213],[-7.419,40.97341],[-7.41978,40.97373],[-7.41899,40.97537],[-7.41687,40.97759],[-7.41539,40.98158],[-7.41236,40.9836],[-7.41072,40.98366],[-7.40901,40.98321],[-7.40782,40.98366],[-7.40616,40.98482],[-7.40563,40.98589],[-7.40084,40.9872],[-7.39791,40.98721],[-7.39687,40.98846],[-7.39399,40.98817],[-7.39342,40.99033],[-7.39491,40.99095],[-7.39634,40.99097],[-7.39787,40.9902],[-7.39925,40.99252],[-7.40107,40.99343],[-7.40168,40.99336],[-7.40079,40.99331],[-7.39914,40.99234],[-7.39787,40.98934],[-7.39699,40.98848],[-7.39408,40.98813],[-7.3916,40.98923],[-7.38862,40.98874],[-7.38214,40.98652],[-7.38,40.98472],[-7.3778,40.98517],[-7.37697,40.98591],[-7.37582,40.98586],[-7.37546,40.98372],[-7.37411,40.98194],[-7.37297,40.98234],[-7.37172,40.98209],[-7.37033,40.9831],[-7.36899,40.98309],[-7.36729,40.98363],[-7.36625,40.98485],[-7.36451,40.98246],[-7.36452,40.98063],[-7.36258,40.98043],[-7.36085,40.98106],[-7.35984,40.9808],[-7.35839,40.98108],[-7.35567,40.98038],[-7.35576,40.97878],[-7.35437,40.97797],[-7.35405,40.9772],[-7.3518,40.97633],[-7.35042,40.97463],[-7.34863,40.97571],[-7.34516,40.97499],[-7.34494,40.97538],[-7.34549,40.97604],[-7.34354,40.97859],[-7.34233,40.97938],[-7.34125,40.98206],[-7.34084,40.98217],[-7.3377,40.98056],[-7.33637,40.97875],[-7.3343,40.97878],[-7.33231,40.97808],[-7.33141,40.97846],[-7.33039,40.97831],[-7.3303,40.97916],[-7.32761,40.98085],[-7.32706,40.98032],[-7.32634,40.98059],[-7.32553,40.98028],[-7.32371,40.98222],[-7.3247,40.98458],[-7.32421,40.98624],[-7.32133,40.9847],[-7.31808,40.97945],[-7.3151,40.97965],[-7.31402,40.97916],[-7.31366,40.97839],[-7.31202,40.97731],[-7.31181,40.97634],[-7.31469,40.97366],[-7.31505,40.97212],[-7.31461,40.97109],[-7.31401,40.97081],[-7.31139,40.97104],[-7.31141,40.97048],[-7.31049,40.97006],[-7.30971,40.97064],[-7.30967,40.97166],[-7.3086,40.9718],[-7.30541,40.97038],[-7.30556,40.96979],[-7.30202,40.968],[-7.30435,40.96332],[-7.29837,40.96585],[-7.29487,40.96885],[-7.2916,40.96939],[-7.28886,40.96854],[-7.28649,40.96934],[-7.28512,40.96916],[-7.28312,40.97008],[-7.28199,40.97126],[-7.28223,40.97183],[-7.28167,40.97208],[-7.27842,40.9717],[-7.27776,40.97014],[-7.27641,40.96858],[-7.2726,40.96616],[-7.27244,40.96558],[-7.27325,40.96379],[-7.26994,40.96392],[-7.26708,40.96318],[-7.26646,40.96361],[-7.26333,40.96394],[-7.26328,40.9628],[-7.26115,40.96268],[-7.26102,40.96433],[-7.25967,40.96443],[-7.25908,40.96397],[-7.2573,40.96497],[-7.25648,40.96498],[-7.25597,40.9634],[-7.25526,40.96326],[-7.25618,40.9623],[-7.25539,40.96229],[-7.25467,40.96177],[-7.25392,40.96025],[-7.25258,40.95925],[-7.25179,40.95782],[-7.24953,40.95647],[-7.24938,40.9555],[-7.24591,40.95318],[-7.24486,40.95205],[-7.2437,40.95037],[-7.24403,40.94867],[-7.24323,40.9476],[-7.24304,40.94622],[-7.24113,40.94505],[-7.23878,40.94022],[-7.23699,40.93885],[-7.23552,40.93336],[-7.2365,40.93173],[-7.23569,40.92831],[-7.23483,40.92684],[-7.23232,40.92467],[-7.23209,40.92307],[-7.23184,40.91866],[-7.23238,40.91747],[-7.23239,40.91404],[-7.232,40.91438],[-7.23236,40.91414],[-7.23269,40.9146],[-7.23321,40.91432],[-7.23386,40.91254],[-7.23463,40.91198],[-7.23434,40.91065],[-7.23145,40.90907],[-7.2299,40.90932],[-7.22908,40.90891],[-7.22801,40.90752],[-7.22656,40.90754],[-7.22596,40.90612],[-7.22506,40.90561],[-7.21978,40.90374],[-7.22014,40.90152],[-7.21867,40.90071],[-7.2182,40.90085],[-7.21761,40.90281],[-7.21682,40.90261],[-7.21344,40.903],[-7.20953,40.9021],[-7.20869,40.901],[-7.20669,40.9],[-7.20276,40.89471],[-7.19797,40.89194],[-7.19729,40.89083],[-7.18851,40.88547],[-7.18739,40.88499],[-7.18371,40.88535],[-7.18121,40.88507],[-7.17951,40.88434],[-7.17838,40.88446],[-7.17615,40.88364],[-7.17407,40.88401],[-7.17321,40.88372],[-7.17337,40.88218],[-7.17248,40.87628],[-7.1729,40.87567],[-7.17189,40.87516],[-7.1668,40.87771],[-7.1675,40.87552],[-7.16693,40.87385],[-7.16514,40.87241],[-7.16401,40.87216],[-7.16286,40.87133],[-7.16154,40.87121],[-7.16104,40.87013],[-7.15998,40.86941],[-7.15907,40.86996],[-7.15814,40.86992],[-7.15709,40.86852],[-7.15577,40.86762],[-7.15379,40.86824],[-7.14933,40.86709],[-7.14803,40.86726],[-7.14615,40.86815],[-7.14517,40.8679],[-7.14463,40.86728],[-7.14139,40.86611],[-7.14075,40.86536],[-7.1384,40.86517],[-7.13682,40.86161],[-7.13604,40.86175],[-7.13057,40.86006],[-7.12498,40.85757],[-7.12324,40.85582],[-7.12292,40.85422],[-7.12321,40.85145],[-7.12253,40.84934],[-7.12473,40.84691],[-7.12535,40.84562],[-7.12692,40.84432],[-7.12635,40.84279],[-7.12067,40.84029],[-7.12032,40.83875],[-7.11893,40.83829],[-7.11703,40.83849],[-7.11635,40.83768],[-7.11396,40.83759],[-7.11327,40.83663],[-7.11082,40.83511],[-7.11015,40.83357],[-7.10445,40.83148],[-7.10376,40.83048],[-7.10157,40.82985],[-7.09875,40.82766],[-7.09638,40.82719],[-7.09509,40.82606],[-7.09294,40.82609],[-7.09281,40.82573],[-7.09107,40.826],[-7.08813,40.8275],[-7.08764,40.8265],[-7.08791,40.82585],[-7.08723,40.82499],[-7.08592,40.82428],[-7.08128,40.82443],[-7.07782,40.82498],[-7.07258,40.82311],[-7.06941,40.82081],[-7.06589,40.81755],[-7.06311,40.81622],[-7.06234,40.81472],[-7.06328,40.81269],[-7.0634,40.81333],[-7.06429,40.81355],[-7.06364,40.81383],[-7.0648,40.81408],[-7.06586,40.8153],[-7.06675,40.81468],[-7.06861,40.81555],[-7.07138,40.81836],[-7.07189,40.81988],[-7.07273,40.82077],[-7.07604,40.82113],[-7.07843,40.82042],[-7.07805,40.82017],[-7.07825,40.81977],[-7.07962,40.81939],[-7.07748,40.81792],[-7.078,40.81764],[-7.07891,40.81779],[-7.07894,40.81732],[-7.07653,40.81518],[-7.07567,40.81298],[-7.07558,40.81127],[-7.07374,40.80948],[-7.07208,40.80985],[-7.07126,40.80936],[-7.07037,40.80755],[-7.06972,40.80747],[-7.07041,40.80678],[-7.06918,40.80531],[-7.06825,40.80228],[-7.06536,40.80017],[-7.06522,40.79929],[-7.06375,40.7978],[-7.06226,40.79849],[-7.06192,40.79829],[-7.06121,40.79895],[-7.06004,40.80298],[-7.05995,40.80671],[-7.05902,40.80836],[-7.05752,40.80887],[-7.05635,40.81149],[-7.05509,40.81184],[-7.05593,40.81408],[-7.05719,40.81493],[-7.05685,40.81563],[-7.0545,40.81619],[-7.05344,40.81588],[-7.05282,40.81608],[-7.05131,40.81502],[-7.04994,40.81684],[-7.04911,40.81688],[-7.04786,40.81645],[-7.04343,40.81618],[-7.04146,40.81501],[-7.03946,40.81735],[-7.03917,40.81708],[-7.03792,40.81731],[-7.03607,40.81684],[-7.03324,40.81674],[-7.03224,40.8158],[-7.03262,40.81392],[-7.03382,40.81345],[-7.03442,40.81251],[-7.03417,40.81105],[-7.03254,40.80893],[-7.03297,40.80669],[-7.03171,40.80524],[-7.0332,40.80458],[-7.03367,40.80319],[-7.03504,40.80292],[-7.03597,40.80179],[-7.03735,40.80218],[-7.03846,40.80118],[-7.03945,40.79989],[-7.03982,40.79792],[-7.04246,40.79511],[-7.04169,40.79412],[-7.04117,40.7922],[-7.03758,40.791],[-7.035,40.78845],[-7.03531,40.78738],[-7.03646,40.78645],[-7.03684,40.78525],[-7.03639,40.78428],[-7.03797,40.78299],[-7.03653,40.78127],[-7.03618,40.77967],[-7.03666,40.77829],[-7.03879,40.77478],[-7.04044,40.77353],[-7.04072,40.77268],[-7.04258,40.77194],[-7.04377,40.77187],[-7.04369,40.77106],[-7.04504,40.77044],[-7.04703,40.76832],[-7.0526,40.7661],[-7.05443,40.76608],[-7.05475,40.76637],[-7.05246,40.7682],[-7.05229,40.76915],[-7.05309,40.77029],[-7.05462,40.77172],[-7.05612,40.77188],[-7.057,40.77253],[-7.0601,40.77347],[-7.0604,40.77596],[-7.06184,40.77553],[-7.06321,40.77559],[-7.06247,40.77426],[-7.0654,40.77376],[-7.06697,40.77404],[-7.06671,40.77438],[-7.0673,40.77442],[-7.06752,40.77323],[-7.08184,40.77255],[-7.08354,40.77097],[-7.08592,40.76972],[-7.08648,40.76853],[-7.08812,40.76781],[-7.09172,40.76719],[-7.09461,40.76726],[-7.09657,40.7663],[-7.09837,40.76602],[-7.10063,40.76601],[-7.10161,40.76567],[-7.1075,40.76584],[-7.11153,40.76544],[-7.11436,40.76454],[-7.11579,40.76451],[-7.11615,40.76488],[-7.11739,40.765],[-7.1178,40.76603],[-7.11756,40.76854],[-7.11847,40.76897],[-7.11928,40.77009],[-7.11756,40.77077],[-7.11727,40.77122],[-7.11757,40.77263],[-7.11648,40.77515],[-7.11902,40.77529],[-7.12161,40.77671],[-7.12326,40.77702],[-7.12516,40.77978],[-7.12798,40.78014],[-7.12816,40.78087],[-7.12906,40.78001],[-7.13088,40.78049],[-7.13257,40.78047],[-7.13927,40.77969],[-7.14108,40.77914],[-7.14412,40.77926],[-7.15205,40.78145],[-7.1548,40.78121],[-7.1587,40.78213],[-7.16108,40.78212],[-7.16116,40.78268],[-7.16431,40.78253],[-7.17734,40.78028],[-7.18143,40.77896],[-7.19319,40.77769],[-7.19843,40.77987],[-7.19959,40.77967],[-7.20111,40.77847],[-7.20135,40.77543],[-7.20236,40.77525],[-7.20471,40.77541],[-7.20647,40.77629],[-7.20679,40.77709],[-7.20912,40.77678],[-7.21206,40.77695],[-7.2147,40.77806],[-7.21624,40.77811],[-7.21865,40.77659],[-7.22098,40.77402],[-7.2211,40.77296],[-7.2219,40.77179],[-7.2228,40.77119],[-7.22403,40.77109],[-7.22487,40.77223],[-7.22607,40.77232],[-7.22826,40.77445],[-7.22935,40.77425],[-7.23118,40.77315],[-7.23323,40.77339],[-7.23495,40.77285],[-7.23652,40.77306],[-7.23749,40.77526],[-7.23834,40.77591],[-7.2384,40.77663],[-7.24281,40.77794],[-7.24605,40.77822],[-7.2483,40.77892],[-7.25078,40.77919],[-7.25417,40.77859],[-7.25914,40.78001],[-7.26459,40.78005],[-7.26891,40.78212],[-7.27173,40.78066],[-7.27179,40.78022],[-7.27631,40.77835],[-7.27971,40.78017],[-7.28262,40.78081],[-7.284,40.78214],[-7.28741,40.7838],[-7.2925,40.7848],[-7.29428,40.78413],[-7.29722,40.78444],[-7.29812,40.784],[-7.30268,40.78393],[-7.30488,40.78451],[-7.30577,40.78405],[-7.30739,40.78418],[-7.31196,40.78507],[-7.3127,40.78688],[-7.3151,40.78602],[-7.31745,40.78425],[-7.31812,40.78579],[-7.32107,40.78596],[-7.32356,40.78366],[-7.32439,40.78221],[-7.32555,40.78342],[-7.3275,40.78338],[-7.32814,40.7847],[-7.33286,40.7815],[-7.33481,40.78086],[-7.33709,40.78186],[-7.33943,40.78142],[-7.33978,40.78084],[-7.34056,40.78072],[-7.34309,40.78232],[-7.34472,40.78237],[-7.34657,40.7812],[-7.34641,40.77922],[-7.34705,40.77792],[-7.34917,40.77666],[-7.35032,40.77717],[-7.35431,40.77194],[-7.35468,40.77101],[-7.35418,40.7691],[-7.35571,40.7627],[-7.35769,40.75931],[-7.36072,40.75651],[-7.36133,40.75449],[-7.36302,40.75345],[-7.36311,40.74927],[-7.36203,40.74662],[-7.36118,40.74233],[-7.36127,40.74122],[-7.36245,40.73958],[-7.36251,40.73869],[-7.36565,40.73476],[-7.36685,40.73415],[-7.36899,40.73205],[-7.3699,40.73079],[-7.36991,40.72986],[-7.37083,40.728],[-7.373,40.72719],[-7.37565,40.72498],[-7.3775,40.7253],[-7.3781,40.72345],[-7.37804,40.72174],[-7.37882,40.72087],[-7.38014,40.72045],[-7.38075,40.71932],[-7.38022,40.71877],[-7.38039,40.71784],[-7.38249,40.71537],[-7.38152,40.70964],[-7.38172,40.70849],[-7.38302,40.70635],[-7.38264,40.70517],[-7.38319,40.7047],[-7.3827,40.70398],[-7.38383,40.70138],[-7.38549,40.6988],[-7.38679,40.69782],[-7.38667,40.69689],[-7.39129,40.68988],[-7.39237,40.68526],[-7.39643,40.6814],[-7.397,40.67883],[-7.3971,40.675],[-7.39778,40.67335],[-7.39754,40.6714],[-7.39694,40.67057],[-7.39702,40.66942],[-7.39634,40.66706],[-7.39516,40.66538],[-7.39364,40.66431],[-7.39386,40.66318],[-7.39313,40.66167],[-7.39244,40.6611],[-7.39224,40.65997],[-7.39026,40.65791],[-7.38991,40.65676],[-7.39166,40.65452],[-7.39179,40.65193],[-7.39243,40.65023],[-7.39315,40.64928],[-7.39466,40.649],[-7.39453,40.6476],[-7.39574,40.64671],[-7.39559,40.64559],[-7.39476,40.64525],[-7.39565,40.64405],[-7.39617,40.64188],[-7.39587,40.64059],[-7.39453,40.64029],[-7.39204,40.64142],[-7.39095,40.64329],[-7.39025,40.64343],[-7.38956,40.64224],[-7.39052,40.64163],[-7.38914,40.64108],[-7.38839,40.63999]]}},{"type":"Feature","properties":{"name":"TET_P-03_20250305","country":"PT","lengthKm":422.4},"geometry":{"type":"LineString","coordinates":[[-7.38837,40.64],[-7.38782,40.64036],[-7.38661,40.64034],[-7.3842,40.63951],[-7.386,40.6361],[-7.38569,40.63446],[-7.38517,40.63364],[-7.38388,40.63328],[-7.38377,40.63197],[-7.38191,40.63048],[-7.38073,40.63019],[-7.37855,40.63073],[-7.37479,40.62847],[-7.37064,40.62808],[-7.37027,40.62662],[-7.36965,40.62633],[-7.37061,40.62663],[-7.37019,40.62465],[-7.37175,40.62353],[-7.37328,40.62335],[-7.37368,40.62265],[-7.37254,40.62036],[-7.3729,40.61962],[-7.37429,40.61876],[-7.37585,40.61559],[-7.37723,40.61401],[-7.37748,40.61316],[-7.37702,40.61038],[-7.37756,40.60809],[-7.37839,40.60732],[-7.3783,40.60506],[-7.37354,40.60467],[-7.3705,40.60266],[-7.37034,40.60057],[-7.37113,40.5974],[-7.37456,40.59425],[-7.37732,40.593],[-7.37761,40.59242],[-7.37858,40.59193],[-7.37751,40.59171],[-7.37807,40.58924],[-7.37686,40.58862],[-7.37552,40.58866],[-7.37456,40.58773],[-7.37192,40.58725],[-7.37497,40.58336],[-7.37603,40.58266],[-7.37605,40.58227],[-7.37477,40.58197],[-7.37644,40.58067],[-7.3771,40.5789],[-7.37768,40.57858],[-7.37849,40.57879],[-7.37973,40.57774],[-7.3793,40.57592],[-7.38,40.57515],[-7.38334,40.57457],[-7.38476,40.57342],[-7.38683,40.57465],[-7.38803,40.57403],[-7.39144,40.57398],[-7.39293,40.57325],[-7.39447,40.57301],[-7.39705,40.5732],[-7.39836,40.57152],[-7.40032,40.57096],[-7.40231,40.57112],[-7.40307,40.57179],[-7.40759,40.57185],[-7.4087,40.57134],[-7.41346,40.56749],[-7.41561,40.56437],[-7.41754,40.56296],[-7.41856,40.56048],[-7.4181,40.56029],[-7.41845,40.5586],[-7.41988,40.55797],[-7.42067,40.55704],[-7.42362,40.55633],[-7.4246,40.55574],[-7.4271,40.55326],[-7.42999,40.54848],[-7.43394,40.54448],[-7.43426,40.5435],[-7.436,40.54289],[-7.43738,40.53984],[-7.43901,40.53819],[-7.44184,40.53644],[-7.44352,40.53182],[-7.44628,40.52933],[-7.44734,40.52637],[-7.44677,40.52272],[-7.44591,40.52164],[-7.44175,40.51987],[-7.44203,40.51897],[-7.44111,40.51777],[-7.44137,40.51706],[-7.4447,40.51577],[-7.44865,40.51671],[-7.45206,40.51631],[-7.45421,40.51522],[-7.45947,40.51099],[-7.46364,40.5069],[-7.47018,40.5056],[-7.47156,40.50466],[-7.47377,40.50511],[-7.47558,40.50483],[-7.47927,40.50638],[-7.48076,40.50631],[-7.48246,40.50508],[-7.48466,40.5047],[-7.48666,40.50382],[-7.48668,40.50637],[-7.48824,40.50705],[-7.48936,40.50447],[-7.49048,40.50452],[-7.4916,40.504],[-7.49392,40.50166],[-7.49523,40.50093],[-7.49635,40.50135],[-7.49694,40.50119],[-7.49769,40.49934],[-7.49917,40.49782],[-7.50033,40.49748],[-7.50107,40.49466],[-7.50196,40.49477],[-7.50505,40.49387],[-7.50615,40.49226],[-7.50813,40.4926],[-7.51001,40.49215],[-7.51086,40.49159],[-7.51184,40.48962],[-7.51363,40.48931],[-7.51406,40.48962],[-7.51315,40.49058],[-7.51208,40.49087],[-7.51247,40.49337],[-7.51108,40.49493],[-7.51082,40.49586],[-7.51175,40.4959],[-7.51158,40.49818],[-7.51217,40.49866],[-7.51197,40.49971],[-7.51423,40.50199],[-7.51365,40.50388],[-7.51443,40.50723],[-7.51511,40.50574],[-7.51682,40.50528],[-7.51948,40.50317],[-7.52251,40.50241],[-7.52522,40.5024],[-7.52661,40.50134],[-7.52687,40.50259],[-7.52642,40.50457],[-7.52696,40.50564],[-7.52832,40.50634],[-7.53034,40.50644],[-7.53146,40.50882],[-7.5326,40.50887],[-7.53337,40.50829],[-7.53341,40.50578],[-7.53383,40.50523],[-7.53749,40.50512],[-7.53849,40.50555],[-7.53816,40.50731],[-7.53905,40.50804],[-7.53914,40.50881],[-7.54203,40.50952],[-7.54285,40.51005],[-7.54296,40.51079],[-7.54378,40.5116],[-7.54422,40.51079],[-7.54594,40.51048],[-7.54612,40.50963],[-7.54533,40.50909],[-7.54598,40.50843],[-7.54639,40.50648],[-7.548,40.50512],[-7.54989,40.50127],[-7.55074,40.50278],[-7.55213,40.50345],[-7.5527,40.50519],[-7.55344,40.50547],[-7.55282,40.50632],[-7.55345,40.5072],[-7.5565,40.50717],[-7.55729,40.50769],[-7.55581,40.50877],[-7.5563,40.5095],[-7.55601,40.5109],[-7.5576,40.51027],[-7.55861,40.50938],[-7.56225,40.50831],[-7.56407,40.50706],[-7.56665,40.5074],[-7.56786,40.50835],[-7.56918,40.50851],[-7.56907,40.50697],[-7.57077,40.50658],[-7.57145,40.50521],[-7.57368,40.50432],[-7.57511,40.50277],[-7.57641,40.50265],[-7.57723,40.50104],[-7.57785,40.50112],[-7.58021,40.49896],[-7.58276,40.49814],[-7.58679,40.4956],[-7.58881,40.49605],[-7.58997,40.49391],[-7.59002,40.49227],[-7.59158,40.49167],[-7.59215,40.49117],[-7.59186,40.49045],[-7.59304,40.48999],[-7.59337,40.48934],[-7.59466,40.48932],[-7.59398,40.48494],[-7.59166,40.48393],[-7.59038,40.48451],[-7.58963,40.48353],[-7.58858,40.48382],[-7.58968,40.48267],[-7.58833,40.48263],[-7.58587,40.48341],[-7.58433,40.48321],[-7.58557,40.48277],[-7.58494,40.48259],[-7.58663,40.4817],[-7.58549,40.48186],[-7.58594,40.48117],[-7.58489,40.4803],[-7.58304,40.47702],[-7.58213,40.47666],[-7.58265,40.47649],[-7.58283,40.47466],[-7.58122,40.47506],[-7.58036,40.47425],[-7.57954,40.47446],[-7.57662,40.47254],[-7.57477,40.47195],[-7.57395,40.47136],[-7.57318,40.4698],[-7.57175,40.46904],[-7.57164,40.46845],[-7.57634,40.46813],[-7.5776,40.46718],[-7.57762,40.46641],[-7.57856,40.46673],[-7.58174,40.46655],[-7.58288,40.46591],[-7.58593,40.46659],[-7.58752,40.46565],[-7.58909,40.46658],[-7.59036,40.46594],[-7.59094,40.46502],[-7.59147,40.46537],[-7.59166,40.46454],[-7.59336,40.46539],[-7.59684,40.46835],[-7.5977,40.4685],[-7.59752,40.46736],[-7.60119,40.46706],[-7.60308,40.46611],[-7.60407,40.46423],[-7.60534,40.46411],[-7.60689,40.46285],[-7.60677,40.46239],[-7.60598,40.4621],[-7.60581,40.46103],[-7.60732,40.4579],[-7.6069,40.45653],[-7.6082,40.45422],[-7.60853,40.45167],[-7.61005,40.4503],[-7.6113,40.44994],[-7.60948,40.4499],[-7.60945,40.44913],[-7.61076,40.44806],[-7.6105,40.44661],[-7.61117,40.44553],[-7.61261,40.44501],[-7.61426,40.4425],[-7.61915,40.43977],[-7.61883,40.43848],[-7.62072,40.43955],[-7.62156,40.4396],[-7.62209,40.43884],[-7.62283,40.43972],[-7.62416,40.44014],[-7.62463,40.44071],[-7.6233,40.44225],[-7.62327,40.44287],[-7.62417,40.44349],[-7.62542,40.44339],[-7.62512,40.44504],[-7.62568,40.44579],[-7.62715,40.44499],[-7.62807,40.44226],[-7.63263,40.44213],[-7.63311,40.44158],[-7.63398,40.44227],[-7.6351,40.4423],[-7.63572,40.4421],[-7.63704,40.44047],[-7.63753,40.44247],[-7.64031,40.44319],[-7.64103,40.44434],[-7.64346,40.44326],[-7.64518,40.44131],[-7.64532,40.44016],[-7.64629,40.44029],[-7.64584,40.44009],[-7.64564,40.43792],[-7.6448,40.43729],[-7.64504,40.43692],[-7.64566,40.43702],[-7.64603,40.43594],[-7.64501,40.43528],[-7.64476,40.43381],[-7.64561,40.4337],[-7.64752,40.4318],[-7.65163,40.43065],[-7.65482,40.42907],[-7.65389,40.42725],[-7.65267,40.4264],[-7.65381,40.4255],[-7.65379,40.42509],[-7.65192,40.42421],[-7.65444,40.42206],[-7.654,40.42117],[-7.65235,40.42015],[-7.65228,40.41851],[-7.6518,40.41925],[-7.64908,40.42051],[-7.64938,40.4192],[-7.64839,40.4178],[-7.64953,40.41664],[-7.64817,40.41647],[-7.64822,40.41467],[-7.64977,40.41127],[-7.65364,40.40911],[-7.65307,40.40741],[-7.65001,40.40569],[-7.64802,40.40566],[-7.64743,40.40499],[-7.64652,40.40532],[-7.64525,40.40462],[-7.64322,40.40465],[-7.64172,40.40299],[-7.64119,40.40115],[-7.6424,40.40015],[-7.6442,40.40073],[-7.64673,40.3994],[-7.64935,40.39966],[-7.65101,40.39906],[-7.65422,40.39931],[-7.65508,40.39848],[-7.65643,40.39802],[-7.65711,40.39681],[-7.65879,40.39537],[-7.65905,40.39449],[-7.66152,40.39435],[-7.66202,40.39316],[-7.663,40.3939],[-7.6681,40.39431],[-7.66929,40.39471],[-7.66615,40.39495],[-7.66511,40.39463],[-7.66373,40.39495],[-7.66534,40.39517],[-7.66357,40.39586],[-7.66395,40.39606],[-7.66302,40.39678],[-7.66361,40.39689],[-7.66258,40.39709],[-7.66294,40.39729],[-7.66421,40.39657],[-7.66566,40.39635],[-7.66702,40.39686],[-7.67081,40.39651],[-7.67192,40.39681],[-7.67265,40.39751],[-7.67481,40.3974],[-7.67635,40.39851],[-7.67674,40.39949],[-7.67874,40.39893],[-7.67761,40.39966],[-7.67861,40.39969],[-7.67761,40.40013],[-7.67581,40.40027],[-7.67554,40.39956],[-7.67516,40.40068],[-7.67793,40.40207],[-7.6862,40.39881],[-7.68895,40.39658],[-7.69128,40.3957],[-7.69289,40.39622],[-7.69364,40.396],[-7.69399,40.39534],[-7.69286,40.39589],[-7.69113,40.39495],[-7.69057,40.39395],[-7.6913,40.39315],[-7.69077,40.39218],[-7.69252,40.39168],[-7.69329,40.39108],[-7.69567,40.39063],[-7.69639,40.38992],[-7.6972,40.38792],[-7.69703,40.38734],[-7.69649,40.38715],[-7.69778,40.38569],[-7.69817,40.38591],[-7.69809,40.3854],[-7.69727,40.38494],[-7.70104,40.38299],[-7.70208,40.38206],[-7.70425,40.38153],[-7.70382,40.38115],[-7.69732,40.38186],[-7.69699,40.38158],[-7.69801,40.38075],[-7.69806,40.37951],[-7.69924,40.37852],[-7.69898,40.37784],[-7.69823,40.37792],[-7.69667,40.37669],[-7.6928,40.37729],[-7.69226,40.3771],[-7.69052,40.37455],[-7.68923,40.37496],[-7.68741,40.37448],[-7.68761,40.37371],[-7.68659,40.3725],[-7.68843,40.37278],[-7.68565,40.37064],[-7.68611,40.36903],[-7.68571,40.36848],[-7.68705,40.36648],[-7.68706,40.36553],[-7.68962,40.36331],[-7.69187,40.36058],[-7.69358,40.36005],[-7.69422,40.35948],[-7.69473,40.35807],[-7.69399,40.35672],[-7.69428,40.35624],[-7.69469,40.35617],[-7.6966,40.3575],[-7.69753,40.35891],[-7.69812,40.35758],[-7.69786,40.35657],[-7.69467,40.35346],[-7.69531,40.35267],[-7.69758,40.35179],[-7.69937,40.3518],[-7.70099,40.35037],[-7.70145,40.34925],[-7.70119,40.34849],[-7.69911,40.35013],[-7.69765,40.35002],[-7.6988,40.34873],[-7.69874,40.34697],[-7.69751,40.34846],[-7.69602,40.3489],[-7.69735,40.34574],[-7.69889,40.34375],[-7.69469,40.34437],[-7.69376,40.34502],[-7.69206,40.34754],[-7.69024,40.34907],[-7.68838,40.34921],[-7.68757,40.35023],[-7.68382,40.35242],[-7.68255,40.35382],[-7.68134,40.35435],[-7.67981,40.35571],[-7.67882,40.35618],[-7.67717,40.35611],[-7.67438,40.35686],[-7.66984,40.35867],[-7.66869,40.35879],[-7.66684,40.35835],[-7.66564,40.35935],[-7.66515,40.35929],[-7.66352,40.35863],[-7.66541,40.35829],[-7.66534,40.35639],[-7.66671,40.35556],[-7.66486,40.35505],[-7.66202,40.35467],[-7.66053,40.35485],[-7.65742,40.35431],[-7.65253,40.36244],[-7.65057,40.36335],[-7.6487,40.36539],[-7.64762,40.36527],[-7.64528,40.36762],[-7.64221,40.36876],[-7.64089,40.36876],[-7.63871,40.3694],[-7.63807,40.37004],[-7.63938,40.37201],[-7.64023,40.37247],[-7.64232,40.3724],[-7.64348,40.37275],[-7.6448,40.37483],[-7.64834,40.3764],[-7.64661,40.3795],[-7.64724,40.38163],[-7.64873,40.38214],[-7.65152,40.38048],[-7.65258,40.38062],[-7.65291,40.38106],[-7.65302,40.38179],[-7.65223,40.3827],[-7.65133,40.38552],[-7.65278,40.38666],[-7.65291,40.38893],[-7.65149,40.39017],[-7.65118,40.3916],[-7.64749,40.39306],[-7.64881,40.39088],[-7.64561,40.39092],[-7.64506,40.39042],[-7.64302,40.39135],[-7.64288,40.3905],[-7.64026,40.39163],[-7.63943,40.39269],[-7.63908,40.39407],[-7.63705,40.39485],[-7.63723,40.3955],[-7.63671,40.39628],[-7.63698,40.39764],[-7.63234,40.39581],[-7.63084,40.39587],[-7.63284,40.39686],[-7.63295,40.39725],[-7.63103,40.39881],[-7.62939,40.3984],[-7.624,40.39892],[-7.62405,40.39964],[-7.6245,40.39931],[-7.62637,40.39973],[-7.62134,40.40207],[-7.62117,40.40359],[-7.6179,40.40467],[-7.61577,40.40479],[-7.61485,40.40585],[-7.61138,40.40825],[-7.60718,40.40764],[-7.60401,40.40852],[-7.60362,40.40887],[-7.60362,40.41139],[-7.60162,40.41236],[-7.59924,40.41438],[-7.5943,40.41504],[-7.59218,40.41467],[-7.59225,40.41577],[-7.59145,40.4162],[-7.59286,40.41754],[-7.59295,40.42098],[-7.59183,40.42179],[-7.59176,40.42327],[-7.58857,40.42548],[-7.58522,40.42576],[-7.58172,40.424],[-7.57999,40.424],[-7.57863,40.42315],[-7.57387,40.42303],[-7.57297,40.42375],[-7.57156,40.42395],[-7.57241,40.42522],[-7.57118,40.4256],[-7.57191,40.4263],[-7.57094,40.42795],[-7.57205,40.42841],[-7.57075,40.42983],[-7.57186,40.42991],[-7.57317,40.43055],[-7.57275,40.43165],[-7.56955,40.43238],[-7.57059,40.43421],[-7.57001,40.43533],[-7.5676,40.43539],[-7.56797,40.43717],[-7.56673,40.43703],[-7.56426,40.4356],[-7.55963,40.43647],[-7.55929,40.43797],[-7.55811,40.43731],[-7.55552,40.43731],[-7.55402,40.43546],[-7.55281,40.43497],[-7.55082,40.43559],[-7.54971,40.43676],[-7.55009,40.43754],[-7.55145,40.43811],[-7.55065,40.43939],[-7.55349,40.44199],[-7.55425,40.44215],[-7.5548,40.44404],[-7.55328,40.44511],[-7.55312,40.44605],[-7.55217,40.44701],[-7.55234,40.44799],[-7.55329,40.4492],[-7.54996,40.44832],[-7.54826,40.44945],[-7.5491,40.44586],[-7.54777,40.44369],[-7.54765,40.44255],[-7.54178,40.43981],[-7.54027,40.43942],[-7.53938,40.43969],[-7.53751,40.4377],[-7.53682,40.4374],[-7.53687,40.43822],[-7.53609,40.43817],[-7.53556,40.4373],[-7.53513,40.43757],[-7.53563,40.43891],[-7.53523,40.43939],[-7.53587,40.43983],[-7.53526,40.44048],[-7.53564,40.44306],[-7.53497,40.44363],[-7.53607,40.44483],[-7.53583,40.44527],[-7.53329,40.44573],[-7.52904,40.4494],[-7.52948,40.45038],[-7.52878,40.45114],[-7.52919,40.45176],[-7.52876,40.45312],[-7.5277,40.45364],[-7.52718,40.45292],[-7.52576,40.45276],[-7.52433,40.45327],[-7.52414,40.45399],[-7.52096,40.45569],[-7.52048,40.4555],[-7.52123,40.45426],[-7.51986,40.45408],[-7.51991,40.45351],[-7.51786,40.45096],[-7.51814,40.44978],[-7.52059,40.4469],[-7.52075,40.44461],[-7.51596,40.43848],[-7.51726,40.43688],[-7.51757,40.43318],[-7.51685,40.43276],[-7.51753,40.43055],[-7.517,40.42903],[-7.51758,40.42782],[-7.51719,40.42616],[-7.51663,40.425],[-7.51507,40.4251],[-7.51647,40.42389],[-7.51397,40.42249],[-7.51411,40.42136],[-7.51272,40.41975],[-7.51238,40.41841],[-7.51022,40.41734],[-7.51128,40.41222],[-7.51248,40.41033],[-7.51201,40.40989],[-7.51199,40.40871],[-7.50911,40.40563],[-7.50804,40.40682],[-7.5086,40.40805],[-7.50742,40.40713],[-7.50704,40.40464],[-7.50772,40.40236],[-7.50727,40.40211],[-7.50505,40.4059],[-7.50521,40.40728],[-7.50397,40.40525],[-7.50471,40.40461],[-7.50481,40.40152],[-7.50562,40.40056],[-7.50559,40.39885],[-7.50643,40.39811],[-7.51065,40.40048],[-7.51515,40.40145],[-7.519,40.40323],[-7.52423,40.40303],[-7.52428,40.4026],[-7.51926,40.40113],[-7.51483,40.39797],[-7.51218,40.39688],[-7.51031,40.39496],[-7.51046,40.39242],[-7.50977,40.39176],[-7.50845,40.39157],[-7.50677,40.39344],[-7.50389,40.39345],[-7.50213,40.39414],[-7.50163,40.39514],[-7.50183,40.39382],[-7.50283,40.3931],[-7.50315,40.39234],[-7.50496,40.39199],[-7.50581,40.38787],[-7.50495,40.38485],[-7.50662,40.38415],[-7.50771,40.38184],[-7.50941,40.3804],[-7.51,40.37922],[-7.50917,40.38008],[-7.50951,40.37894],[-7.51075,40.37697],[-7.51184,40.37679],[-7.51509,40.37414],[-7.51631,40.37372],[-7.51617,40.37278],[-7.5165,40.37269],[-7.52009,40.37546],[-7.51949,40.37705],[-7.52011,40.37787],[-7.52119,40.3783],[-7.52123,40.38319],[-7.52351,40.38533],[-7.52261,40.38867],[-7.52095,40.39057],[-7.52222,40.39184],[-7.52302,40.39349],[-7.52366,40.39333],[-7.52382,40.39169],[-7.52519,40.3881],[-7.5252,40.38641],[-7.52734,40.38522],[-7.52642,40.3838],[-7.52745,40.38165],[-7.53055,40.38038],[-7.53106,40.37969],[-7.52995,40.37862],[-7.53006,40.37758],[-7.52917,40.37695],[-7.5288,40.3758],[-7.52893,40.37252],[-7.53122,40.37341],[-7.53255,40.37468],[-7.53389,40.37467],[-7.53531,40.37601],[-7.53521,40.3753],[-7.53563,40.37522],[-7.53523,40.37445],[-7.53592,40.37451],[-7.53596,40.37316],[-7.53538,40.37238],[-7.53669,40.37215],[-7.53711,40.37057],[-7.53604,40.3703],[-7.53548,40.36858],[-7.53657,40.36768],[-7.53929,40.3667],[-7.54172,40.36402],[-7.54194,40.36245],[-7.54361,40.36104],[-7.54393,40.35925],[-7.54479,40.35816],[-7.54478,40.35764],[-7.5439,40.35718],[-7.54377,40.356],[-7.54538,40.35418],[-7.55083,40.35204],[-7.55082,40.35167],[-7.54829,40.34997],[-7.55107,40.34867],[-7.55277,40.3486],[-7.55499,40.34792],[-7.55603,40.34621],[-7.55552,40.34144],[-7.55616,40.33954],[-7.56134,40.337],[-7.56539,40.3343],[-7.56769,40.32965],[-7.5694,40.3273],[-7.57112,40.32624],[-7.57413,40.3218],[-7.57402,40.31972],[-7.5749,40.31646],[-7.57627,40.31619],[-7.58149,40.31168],[-7.58333,40.31176],[-7.58648,40.31573],[-7.5874,40.31806],[-7.58705,40.31943],[-7.58886,40.32043],[-7.58788,40.3225],[-7.59091,40.32277],[-7.59077,40.32344],[-7.58952,40.32434],[-7.59176,40.32357],[-7.59375,40.32166],[-7.59367,40.32094],[-7.59237,40.32006],[-7.59082,40.32003],[-7.59022,40.31962],[-7.59086,40.31883],[-7.59249,40.31812],[-7.59441,40.31876],[-7.59601,40.31884],[-7.59941,40.32029],[-7.60051,40.32132],[-7.60175,40.32133],[-7.60286,40.32271],[-7.60279,40.32463],[-7.60024,40.32657],[-7.60178,40.32631],[-7.60273,40.32732],[-7.60403,40.32768],[-7.60502,40.32662],[-7.60685,40.32731],[-7.60792,40.32618],[-7.61017,40.32523],[-7.61226,40.32269],[-7.61326,40.3221],[-7.61329,40.3218],[-7.61262,40.32164],[-7.6108,40.3246],[-7.60796,40.32615],[-7.60713,40.32703],[-7.60502,40.32664],[-7.60392,40.32768],[-7.60266,40.32728],[-7.60195,40.32632],[-7.60054,40.32665],[-7.60021,40.32642],[-7.60277,40.3246],[-7.60296,40.32282],[-7.60168,40.32127],[-7.60035,40.32121],[-7.59961,40.32038],[-7.59636,40.31891],[-7.59238,40.31817],[-7.59048,40.31909],[-7.59019,40.3196],[-7.5905,40.32],[-7.59204,40.32],[-7.5937,40.32109],[-7.59365,40.32175],[-7.59179,40.32352],[-7.58957,40.32433],[-7.59085,40.3235],[-7.59098,40.32275],[-7.588,40.32262],[-7.58781,40.3222],[-7.58896,40.32057],[-7.58705,40.31941],[-7.58745,40.31795],[-7.58654,40.31573],[-7.58358,40.312],[-7.58653,40.31371],[-7.5903,40.3144],[-7.59109,40.31391],[-7.59149,40.31219],[-7.59054,40.31226],[-7.59064,40.31144],[-7.59003,40.31149],[-7.58956,40.31248],[-7.58799,40.31257],[-7.58586,40.31055],[-7.5853,40.30862],[-7.58674,40.30568],[-7.58769,40.30207],[-7.58806,40.30203],[-7.58796,40.30284],[-7.58871,40.30171],[-7.58926,40.30254],[-7.58978,40.30109],[-7.58905,40.29978],[-7.58908,40.29513],[-7.58966,40.29201],[-7.58892,40.29043],[-7.59077,40.28964],[-7.59196,40.28611],[-7.59184,40.28509],[-7.5902,40.28362],[-7.59215,40.28472],[-7.59249,40.28479],[-7.59133,40.28366],[-7.59363,40.2846],[-7.59589,40.28035],[-7.59694,40.27936],[-7.59878,40.27901],[-7.59948,40.27745],[-7.6004,40.27687],[-7.60105,40.27487],[-7.60033,40.27416],[-7.60207,40.27497],[-7.60221,40.27804],[-7.60392,40.2767],[-7.60475,40.27474],[-7.60495,40.27246],[-7.60572,40.27201],[-7.60683,40.27283],[-7.60768,40.27154],[-7.60718,40.27045],[-7.60792,40.2695],[-7.60738,40.26486],[-7.60793,40.26405],[-7.61078,40.2651],[-7.6114,40.2638],[-7.61411,40.26343],[-7.61502,40.26381],[-7.6162,40.263],[-7.61768,40.2631],[-7.61759,40.26047],[-7.61881,40.25887],[-7.61876,40.26066],[-7.61943,40.26237],[-7.62076,40.26369],[-7.62163,40.26358],[-7.62182,40.26237],[-7.62355,40.26219],[-7.62314,40.25935],[-7.62441,40.25849],[-7.62458,40.25756],[-7.62438,40.25235],[-7.62636,40.25044],[-7.62917,40.24932],[-7.63092,40.24931],[-7.63084,40.24884],[-7.63158,40.24883],[-7.63307,40.24707],[-7.63499,40.24772],[-7.63467,40.24661],[-7.63505,40.24335],[-7.63677,40.24138],[-7.63741,40.23974],[-7.64003,40.23692],[-7.64153,40.23145],[-7.64406,40.23105],[-7.64447,40.23063],[-7.64436,40.22996],[-7.64619,40.22555],[-7.64783,40.22394],[-7.64897,40.22395],[-7.65025,40.22277],[-7.6512,40.22295],[-7.65234,40.22242],[-7.64945,40.22066],[-7.64925,40.21988],[-7.65045,40.21875],[-7.65155,40.21635],[-7.65251,40.21632],[-7.65293,40.21511],[-7.65413,40.21431],[-7.65604,40.21371],[-7.65893,40.21452],[-7.66421,40.21718],[-7.67162,40.21943],[-7.67302,40.22176],[-7.67414,40.2226],[-7.67435,40.22408],[-7.6736,40.22551],[-7.67383,40.22834],[-7.67212,40.23153],[-7.67198,40.23309],[-7.67141,40.23328],[-7.66939,40.2374],[-7.66198,40.24597],[-7.66316,40.24843],[-7.66247,40.24862],[-7.66225,40.25024],[-7.66122,40.25173],[-7.66153,40.25357],[-7.66077,40.25438],[-7.66078,40.25525],[-7.65993,40.25549],[-7.66001,40.25614],[-7.65879,40.25665],[-7.65947,40.25756],[-7.6588,40.25941],[-7.65977,40.25996],[-7.65893,40.26055],[-7.65933,40.261],[-7.65909,40.26142],[-7.66067,40.26283],[-7.66124,40.26387],[-7.66027,40.26449],[-7.66134,40.26526],[-7.66057,40.26558],[-7.66132,40.26602],[-7.66057,40.26662],[-7.66059,40.26889],[-7.65899,40.27247],[-7.65987,40.27287],[-7.65955,40.27402],[-7.66179,40.27353],[-7.66096,40.27434],[-7.66075,40.2752],[-7.66154,40.27698],[-7.66634,40.28341],[-7.66796,40.28466],[-7.66977,40.28493],[-7.67406,40.28674],[-7.67442,40.28749],[-7.67547,40.28751],[-7.67915,40.28913],[-7.67945,40.28858],[-7.67804,40.28705],[-7.6776,40.28466],[-7.67348,40.28255],[-7.67581,40.28166],[-7.67568,40.28105],[-7.67696,40.27968],[-7.67695,40.27811],[-7.67847,40.27837],[-7.67963,40.27805],[-7.67947,40.27886],[-7.68143,40.28143],[-7.68621,40.28169],[-7.68961,40.28238],[-7.69104,40.28189],[-7.69226,40.27958],[-7.69337,40.28055],[-7.69451,40.28241],[-7.69479,40.28387],[-7.69551,40.28456],[-7.69732,40.28103],[-7.69706,40.27835],[-7.69746,40.27615],[-7.69547,40.27959],[-7.69546,40.27657],[-7.69682,40.27222],[-7.6946,40.27393],[-7.69545,40.27137],[-7.69451,40.2715],[-7.69605,40.26918],[-7.69658,40.26675],[-7.69952,40.26497],[-7.7005,40.26366],[-7.70569,40.26242],[-7.70966,40.26044],[-7.71432,40.25494],[-7.71476,40.25391],[-7.71615,40.25327],[-7.71679,40.25243],[-7.71954,40.25118],[-7.72046,40.25114],[-7.72103,40.25047],[-7.72298,40.24952],[-7.72348,40.25038],[-7.72427,40.24893],[-7.72419,40.24824],[-7.72587,40.24738],[-7.72723,40.24612],[-7.73007,40.24135],[-7.73163,40.24022],[-7.73272,40.23859],[-7.73523,40.23781],[-7.73746,40.23653],[-7.74208,40.2357],[-7.74661,40.2367],[-7.75144,40.23553],[-7.75353,40.23569],[-7.76,40.23478],[-7.76389,40.23482],[-7.76775,40.23562],[-7.76891,40.23649],[-7.76938,40.23745],[-7.76994,40.23755],[-7.77079,40.23672],[-7.77238,40.23938],[-7.77295,40.23955],[-7.77521,40.23768],[-7.77656,40.2352],[-7.78095,40.23262],[-7.78241,40.22992],[-7.78321,40.22925],[-7.78281,40.22815],[-7.78651,40.22762],[-7.78914,40.22611],[-7.79393,40.22539],[-7.79549,40.22448],[-7.79598,40.2236],[-7.79767,40.22287],[-7.80016,40.22279],[-7.80394,40.22342],[-7.80817,40.22351],[-7.81087,40.22212],[-7.8126,40.22171],[-7.81651,40.21821],[-7.82389,40.21547],[-7.82611,40.21521],[-7.82708,40.21573],[-7.83029,40.21596],[-7.83642,40.21881],[-7.84155,40.22092],[-7.84241,40.22098],[-7.84471,40.21976],[-7.84827,40.21892],[-7.84965,40.21822],[-7.85362,40.21869],[-7.8566,40.21688],[-7.85903,40.21719],[-7.86142,40.217],[-7.86327,40.2176],[-7.86572,40.2167],[-7.86705,40.21537],[-7.86825,40.2151],[-7.87067,40.21368],[-7.87101,40.2129],[-7.87268,40.21153],[-7.87587,40.2105],[-7.88178,40.21096],[-7.88566,40.21484],[-7.88989,40.21593],[-7.8914,40.21515],[-7.89825,40.21607],[-7.89841,40.21533],[-7.8993,40.21487],[-7.90015,40.21648],[-7.90127,40.21735],[-7.90056,40.21802],[-7.90074,40.21833],[-7.90177,40.21822],[-7.90207,40.2176],[-7.90254,40.21767],[-7.90367,40.21958],[-7.90416,40.21901],[-7.90733,40.21983],[-7.90518,40.2179],[-7.90418,40.216],[-7.90555,40.21519],[-7.90645,40.21382],[-7.90895,40.21354],[-7.91795,40.2114],[-7.91957,40.21132],[-7.92044,40.21171],[-7.92689,40.21664],[-7.92597,40.21202],[-7.92669,40.20878],[-7.92779,40.20993],[-7.92978,40.2105],[-7.9308,40.21053],[-7.93203,40.20998],[-7.93049,40.20934],[-7.92888,40.20767],[-7.93102,40.20775],[-7.93083,40.20729],[-7.92935,40.20656],[-7.9305,40.20568],[-7.9296,40.20558],[-7.92889,40.20452],[-7.92561,40.20192],[-7.92851,40.20324],[-7.92996,40.20339],[-7.93104,40.20274],[-7.93214,40.20106],[-7.93339,40.20028],[-7.93903,40.2002],[-7.94367,40.2017],[-7.94641,40.20423],[-7.94968,40.20422],[-7.95341,40.20553],[-7.95967,40.20624],[-7.96443,40.20421],[-7.96455,40.20372],[-7.96292,40.20224],[-7.9628,40.20115],[-7.96278,40.20033],[-7.96385,40.1984],[-7.96404,40.19438],[-7.96812,40.19273],[-7.9697,40.19343],[-7.97178,40.19323],[-7.97451,40.19398],[-7.97406,40.19306],[-7.97233,40.19227],[-7.97104,40.19228],[-7.97026,40.19139],[-7.97033,40.18954],[-7.97124,40.1888],[-7.97049,40.18764],[-7.97049,40.18619],[-7.97086,40.18597],[-7.97556,40.18525],[-7.98292,40.18665],[-7.98725,40.18528],[-7.99173,40.18518],[-7.99545,40.1877],[-7.99782,40.18835],[-8.00009,40.18641],[-8.00097,40.18499],[-8.00095,40.18226],[-8.00168,40.17861],[-8.00261,40.17755],[-8.00275,40.17626],[-8.0089,40.17319],[-8.01187,40.1723],[-8.01431,40.17212],[-8.01581,40.17325],[-8.01993,40.17386],[-8.02008,40.17327],[-8.02142,40.17334],[-8.02313,40.1727],[-8.02683,40.17208],[-8.0324,40.17382],[-8.03558,40.17283],[-8.03638,40.17205],[-8.03734,40.17175],[-8.03701,40.17019],[-8.0384,40.16952],[-8.03882,40.16836],[-8.03829,40.16731],[-8.03755,40.16694],[-8.03776,40.166],[-8.0386,40.16514],[-8.04258,40.16891],[-8.04381,40.16908],[-8.04659,40.16838],[-8.04673,40.16605],[-8.0438,40.16142],[-8.04362,40.16043],[-8.04582,40.15865],[-8.04486,40.15729],[-8.04547,40.15684],[-8.04399,40.15522],[-8.0452,40.15467],[-8.04408,40.15391],[-8.04379,40.15305],[-8.04282,40.15268],[-8.04206,40.15105],[-8.04065,40.15026],[-8.04078,40.15164],[-8.04015,40.15201],[-8.03991,40.15289],[-8.03853,40.15239],[-8.03743,40.15141],[-8.03553,40.15184],[-8.0356,40.15286],[-8.03421,40.15213],[-8.03342,40.15072],[-8.0319,40.15145],[-8.03009,40.15327],[-8.02824,40.15376],[-8.02709,40.15318],[-8.02578,40.15058],[-8.02641,40.14844],[-8.02624,40.15016],[-8.02898,40.15139],[-8.02931,40.14984],[-8.0316,40.14915],[-8.03322,40.14767],[-8.03441,40.14759],[-8.037,40.14831],[-8.04079,40.14564],[-8.04335,40.14624],[-8.0456,40.14572],[-8.04497,40.14343],[-8.0463,40.14438],[-8.04703,40.1423],[-8.04845,40.14131],[-8.04859,40.14269],[-8.05119,40.14207],[-8.05356,40.14267],[-8.05411,40.14183],[-8.05381,40.14044],[-8.05598,40.14145],[-8.0569,40.14041],[-8.0584,40.14009],[-8.05855,40.13933],[-8.05979,40.13881],[-8.06441,40.13929],[-8.06507,40.1389],[-8.0645,40.13731],[-8.06582,40.1377],[-8.06797,40.1396],[-8.0666,40.14073],[-8.0669,40.14169],[-8.06683,40.14109],[-8.06855,40.14068],[-8.07183,40.14164],[-8.07483,40.14154],[-8.07393,40.14206],[-8.07214,40.14428],[-8.07062,40.14395],[-8.07024,40.14469],[-8.06917,40.14407],[-8.06842,40.14407],[-8.07058,40.14627],[-8.07112,40.14573],[-8.07304,40.14742],[-8.07155,40.14686],[-8.07069,40.14774],[-8.06972,40.14755],[-8.06925,40.14791],[-8.07058,40.15168],[-8.07248,40.15299],[-8.07145,40.1539],[-8.07368,40.15366],[-8.07428,40.15322],[-8.07362,40.15238],[-8.07185,40.15206],[-8.07181,40.15138],[-8.07228,40.15109],[-8.07298,40.15118],[-8.075,40.15031],[-8.07805,40.15138],[-8.07808,40.14912],[-8.08022,40.14912],[-8.08184,40.14796],[-8.08426,40.14896],[-8.08559,40.15067],[-8.08649,40.14975],[-8.08864,40.14968],[-8.08713,40.14739],[-8.08914,40.14729],[-8.08953,40.14674],[-8.09071,40.14632],[-8.09019,40.14527],[-8.09016,40.14233],[-8.09074,40.14162],[-8.09124,40.14446],[-8.09249,40.14622],[-8.09347,40.14668],[-8.09425,40.14618],[-8.09577,40.14647],[-8.09504,40.14701],[-8.09614,40.14934],[-8.09486,40.14993],[-8.09538,40.15173],[-8.09474,40.15245],[-8.09561,40.15341],[-8.09857,40.15348],[-8.10056,40.1529],[-8.10205,40.15344],[-8.10273,40.15439],[-8.10158,40.15522],[-8.10105,40.15514],[-8.1006,40.15611],[-8.09989,40.15647],[-8.1045,40.15664],[-8.10842,40.15562],[-8.10988,40.15618],[-8.11028,40.15531],[-8.1125,40.1548],[-8.113,40.15171],[-8.1124,40.15078],[-8.11245,40.14988],[-8.11306,40.14755],[-8.11613,40.14514],[-8.11608,40.14408],[-8.11533,40.14317],[-8.11773,40.14172],[-8.11702,40.14006],[-8.11775,40.13898],[-8.11925,40.13816],[-8.11834,40.13798],[-8.11849,40.13703],[-8.11815,40.13693],[-8.11623,40.13766],[-8.11554,40.13723],[-8.11494,40.13734],[-8.11387,40.13811],[-8.11137,40.13791],[-8.11127,40.13763],[-8.11411,40.13545],[-8.11501,40.13332],[-8.11444,40.13306],[-8.11304,40.13358],[-8.11223,40.1327],[-8.11216,40.13198],[-8.11089,40.13139],[-8.11044,40.13026],[-8.111,40.12932],[-8.11131,40.13018],[-8.11461,40.13067],[-8.11679,40.12955],[-8.11599,40.12883],[-8.11793,40.12857],[-8.1199,40.12914],[-8.11954,40.12849],[-8.12028,40.12855],[-8.12043,40.12785],[-8.12206,40.12704],[-8.12122,40.12627],[-8.1212,40.12524],[-8.12237,40.1249],[-8.12243,40.12322],[-8.12285,40.12319],[-8.12325,40.12388],[-8.12386,40.12321],[-8.12109,40.12165],[-8.11913,40.1186],[-8.11853,40.11603],[-8.11894,40.11594],[-8.11847,40.11506],[-8.11904,40.11478],[-8.11849,40.11457],[-8.11841,40.11381],[-8.11981,40.11335],[-8.12114,40.1139],[-8.12196,40.11326],[-8.12313,40.11442],[-8.12498,40.11297],[-8.12582,40.11287],[-8.12674,40.11345],[-8.12859,40.11349],[-8.12958,40.11401],[-8.13156,40.11392],[-8.1324,40.11441],[-8.13287,40.11369],[-8.13258,40.1121],[-8.13325,40.11158],[-8.13358,40.11006],[-8.1344,40.10964],[-8.1353,40.10967],[-8.13542,40.11108],[-8.13617,40.11205],[-8.13727,40.11244],[-8.13854,40.11236],[-8.13994,40.11308],[-8.14057,40.11236],[-8.14086,40.1108],[-8.14181,40.11085],[-8.14345,40.11218],[-8.14405,40.11102],[-8.14381,40.10956],[-8.14769,40.11046],[-8.14988,40.11046],[-8.15601,40.10832],[-8.15751,40.10526],[-8.15988,40.10317],[-8.16262,40.1017],[-8.16783,40.09553],[-8.17277,40.09237],[-8.17795,40.0916],[-8.17977,40.0903],[-8.18125,40.08723],[-8.18824,40.07957],[-8.18983,40.07654],[-8.19062,40.07668],[-8.18995,40.07636],[-8.19003,40.07552],[-8.19114,40.07346],[-8.1928,40.07167],[-8.19427,40.0702],[-8.19886,40.06843],[-8.20046,40.06707],[-8.20157,40.06468],[-8.204,40.06419],[-8.20521,40.063],[-8.21228,40.06312],[-8.21706,40.06242],[-8.22208,40.06343],[-8.22439,40.06343],[-8.22464,40.06314],[-8.22555,40.0638],[-8.22794,40.06416],[-8.2317,40.06655],[-8.23351,40.06713],[-8.23964,40.06736],[-8.24225,40.06731],[-8.24292,40.067],[-8.2427,40.0648],[-8.24217,40.06404],[-8.24576,40.06191],[-8.24725,40.05935],[-8.24645,40.05762],[-8.24919,40.05604],[-8.24932,40.05465],[-8.25167,40.05352],[-8.25536,40.05247],[-8.2585,40.05384],[-8.25926,40.05286],[-8.26146,40.05222],[-8.2661,40.05225],[-8.26903,40.05098],[-8.26915,40.0496],[-8.27116,40.04944],[-8.27332,40.0469],[-8.27523,40.04537],[-8.27601,40.04445],[-8.27612,40.04183],[-8.27921,40.03878],[-8.27919,40.03833],[-8.28029,40.03776],[-8.28117,40.03988],[-8.28206,40.03923],[-8.2832,40.03945],[-8.2836,40.03871],[-8.28444,40.03852],[-8.28607,40.03899],[-8.28634,40.03775],[-8.28716,40.03793],[-8.28824,40.03915],[-8.29039,40.03859],[-8.29233,40.03907],[-8.29331,40.03506],[-8.29372,40.03452],[-8.295,40.03473],[-8.29481,40.03309],[-8.29565,40.0329],[-8.29519,40.03199],[-8.29569,40.03193],[-8.29569,40.03134],[-8.2971,40.02986],[-8.29733,40.02842],[-8.29866,40.02586],[-8.29939,40.02614],[-8.30038,40.02585],[-8.30101,40.02633],[-8.30297,40.02611],[-8.30471,40.02671],[-8.30617,40.0266],[-8.30946,40.02742],[-8.31217,40.02759],[-8.31462,40.0257],[-8.316,40.02556],[-8.31393,40.02523],[-8.31572,40.02434],[-8.32214,40.02308],[-8.3195,40.02152],[-8.31822,40.02137],[-8.3189,40.02044],[-8.32059,40.01997],[-8.32228,40.01798],[-8.32188,40.01646],[-8.32048,40.01566],[-8.32061,40.01444],[-8.3247,40.01498],[-8.32549,40.01477],[-8.32623,40.01384],[-8.32915,40.01329],[-8.33129,40.01162],[-8.33274,40.01159],[-8.33349,40.01091],[-8.33522,40.01029],[-8.33729,40.01058],[-8.33989,40.01055],[-8.34158,40.01012],[-8.34269,40.01032],[-8.3481,40.00839],[-8.34973,40.00723],[-8.34757,40.00697],[-8.34919,40.00642],[-8.34891,40.0057],[-8.35062,40.00417],[-8.3493,40.00434],[-8.35066,40.00249],[-8.35001,40.00151],[-8.35052,40.00036],[-8.34884,40.00133],[-8.34759,40.00339],[-8.3467,40.00359],[-8.34703,40.00313],[-8.34661,40.00245],[-8.34665,40.00024],[-8.34744,39.99955],[-8.34776,39.99756],[-8.3491,39.99773],[-8.3502,39.99648],[-8.35098,39.99767],[-8.35302,39.99668],[-8.35433,39.99784],[-8.35628,39.99533],[-8.35574,39.99435],[-8.35587,39.99317],[-8.359,39.99293],[-8.35931,39.99216],[-8.36309,39.99197],[-8.3631,39.99423],[-8.36925,39.99567],[-8.37131,39.99572],[-8.37498,39.99724],[-8.37599,39.99707],[-8.37624,39.99797],[-8.37578,40.00003],[-8.37665,40.00035],[-8.37898,40.00034],[-8.37964,39.99886],[-8.38055,39.99849],[-8.38375,39.99908],[-8.38624,39.99757],[-8.38636,39.99788],[-8.38409,40.00028],[-8.38464,40.00051],[-8.38292,40.00105],[-8.38316,40.00128],[-8.38243,40.00158],[-8.3826,40.00292],[-8.38496,40.00325],[-8.3862,40.00387],[-8.38619,40.00438],[-8.38791,40.00609],[-8.38912,40.00663],[-8.38847,40.0084],[-8.38802,40.00874],[-8.3866,40.00879],[-8.38637,40.00928],[-8.38851,40.00913],[-8.39013,40.00847],[-8.39187,40.00851],[-8.39363,40.00752],[-8.39523,40.00576],[-8.39567,40.00585],[-8.39631,40.00799],[-8.39818,40.01079],[-8.39659,40.01174],[-8.39524,40.01175],[-8.39533,40.01331],[-8.39636,40.01358],[-8.3961,40.01446],[-8.39692,40.01537],[-8.39786,40.01557],[-8.39868,40.01664],[-8.39817,40.01807],[-8.40044,40.01892],[-8.40129,40.02047],[-8.40048,40.02162],[-8.40284,40.02104],[-8.40532,40.01856],[-8.41139,40.01532],[-8.41353,40.01562],[-8.41619,40.01496],[-8.41925,40.01346],[-8.4206,40.01212],[-8.42152,40.01191],[-8.42481,40.01249],[-8.42715,40.0123],[-8.43003,40.01279],[-8.42961,40.01359],[-8.42996,40.01425],[-8.42947,40.01458],[-8.43167,40.02178],[-8.42917,40.02217],[-8.42757,40.02526],[-8.42781,40.02655],[-8.4282,40.02582],[-8.42897,40.0271],[-8.4294,40.02615],[-8.42972,40.02631],[-8.42987,40.02712],[-8.4305,40.02716],[-8.43099,40.02787],[-8.43008,40.02814],[-8.43096,40.02832],[-8.43163,40.02909],[-8.43265,40.02806],[-8.43412,40.02771],[-8.43495,40.0279],[-8.43593,40.02632],[-8.43869,40.02774],[-8.44057,40.02695],[-8.44231,40.0274],[-8.44304,40.02676],[-8.44456,40.02718],[-8.44464,40.02605],[-8.44691,40.02603],[-8.44881,40.02531],[-8.451,40.02813],[-8.45262,40.02908],[-8.45493,40.02918],[-8.45475,40.03154],[-8.45511,40.03269],[-8.45342,40.03361],[-8.45325,40.03446],[-8.45197,40.03482],[-8.45191,40.03547],[-8.45304,40.03667],[-8.45404,40.03883],[-8.45435,40.03854],[-8.45553,40.03895],[-8.45807,40.03889],[-8.46054,40.03792],[-8.4605,40.04032],[-8.46168,40.04237],[-8.46197,40.04389],[-8.46056,40.04687],[-8.45993,40.04991],[-8.4613,40.05172],[-8.463,40.05194],[-8.46552,40.05304],[-8.46757,40.05294],[-8.46827,40.05243],[-8.46951,40.04966],[-8.46838,40.04815],[-8.46595,40.04661],[-8.46536,40.04576],[-8.46563,40.04536],[-8.4671,40.04518],[-8.46963,40.04416],[-8.47007,40.04307],[-8.47075,40.04303],[-8.47359,40.04398],[-8.47593,40.04545],[-8.47848,40.04778],[-8.48275,40.04961],[-8.48526,40.04998],[-8.48705,40.0516],[-8.48989,40.05084],[-8.4919,40.05251],[-8.49248,40.05351],[-8.49387,40.05407],[-8.49707,40.05413],[-8.49866,40.0538],[-8.49888,40.05303],[-8.49787,40.05085],[-8.49815,40.04925],[-8.49882,40.04862],[-8.49627,40.04707],[-8.49598,40.04577],[-8.49332,40.043],[-8.49419,40.04246],[-8.49501,40.0404],[-8.49441,40.03894],[-8.495,40.03734],[-8.49327,40.03729],[-8.48339,40.03464],[-8.48007,40.03415],[-8.47957,40.03286],[-8.47803,40.03291],[-8.47623,40.03233],[-8.47563,40.03252],[-8.4744,40.03448],[-8.47275,40.03419],[-8.47431,40.03005],[-8.47624,40.02701],[-8.47853,40.02576],[-8.47952,40.02485],[-8.48,40.02367],[-8.47783,40.02202],[-8.47756,40.02035],[-8.47709,40.01991],[-8.47574,40.01993],[-8.47536,40.02024],[-8.47262,40.01942],[-8.47332,40.01791],[-8.47302,40.01706],[-8.47079,40.01792],[-8.47067,40.01724],[-8.46928,40.01655],[-8.4675,40.0149],[-8.46772,40.01359],[-8.46877,40.01263],[-8.46784,40.01215],[-8.46864,40.01024],[-8.46803,40.00772],[-8.46912,40.00768],[-8.4702,40.00573],[-8.47239,40.00548],[-8.47567,40.00574],[-8.47902,40.00482],[-8.47946,40.00532],[-8.48101,40.00581],[-8.48139,40.00639],[-8.48448,40.00656],[-8.48674,40.00555],[-8.4876,40.00563],[-8.48932,40.00679],[-8.48998,40.00537],[-8.49193,40.00383],[-8.49359,40.00372],[-8.49379,40.0033],[-8.49546,40.00278],[-8.49784,40.00265],[-8.50004,40.0018],[-8.50172,40.00017],[-8.50347,40.00071],[-8.50555,40.00204],[-8.50637,40.00201],[-8.50786,40.00109],[-8.5097,40.00091],[-8.5096,39.99925],[-8.50674,39.9954],[-8.50787,39.99501],[-8.50874,39.99373],[-8.51038,39.9936],[-8.51132,39.99308],[-8.511,39.9906],[-8.51331,39.99133],[-8.51514,39.99106],[-8.5175,39.99298],[-8.52064,39.99395],[-8.52159,39.99559],[-8.52145,39.99747],[-8.52358,39.99827],[-8.52376,39.99874],[-8.52582,39.99785],[-8.52834,39.99744],[-8.52992,39.99784],[-8.5324,39.99772],[-8.53382,39.99724],[-8.53477,39.99773],[-8.5363,39.99786],[-8.53737,39.99757],[-8.5377,39.99687],[-8.53856,39.99708],[-8.53986,39.9966],[-8.53936,39.99551],[-8.53961,39.99488],[-8.54161,39.99309],[-8.54136,39.99283],[-8.54237,39.99292],[-8.54236,39.99197],[-8.54172,39.99099],[-8.54099,39.9909],[-8.53889,39.98856],[-8.54007,39.98753],[-8.54394,39.98788],[-8.54498,39.98731],[-8.54621,39.98798],[-8.54816,39.99065],[-8.5477,39.99189],[-8.54946,39.99259],[-8.5488,39.99332],[-8.54904,39.99451],[-8.54884,39.99322],[-8.54953,39.9927],[-8.55049,39.99287],[-8.55066,39.99375],[-8.55119,39.99217],[-8.55164,39.994],[-8.55314,39.99205],[-8.55424,39.99207],[-8.55594,39.99112],[-8.5563,39.9896],[-8.55762,39.98906],[-8.55677,39.9877],[-8.55707,39.98535],[-8.55646,39.98381],[-8.55848,39.98344],[-8.56228,39.98557],[-8.56139,39.98318],[-8.56019,39.9819],[-8.55716,39.98078],[-8.55819,39.98066],[-8.55753,39.9799],[-8.55798,39.97876],[-8.55974,39.97974],[-8.56205,39.98004],[-8.5623,39.97977],[-8.56256,39.97767],[-8.562,39.97637],[-8.56256,39.97495],[-8.56181,39.97455],[-8.56138,39.97355],[-8.56289,39.97273],[-8.56106,39.97248],[-8.55762,39.97111],[-8.55566,39.96892],[-8.55741,39.96904],[-8.55861,39.96851],[-8.55856,39.96709],[-8.55695,39.96498],[-8.55662,39.96351],[-8.55497,39.96116],[-8.55814,39.95896],[-8.55936,39.95678],[-8.55949,39.95512],[-8.55582,39.94977],[-8.55755,39.94705],[-8.55707,39.94546],[-8.55463,39.94378],[-8.55318,39.94163],[-8.55014,39.94033],[-8.54904,39.93908],[-8.54782,39.93628],[-8.54737,39.93349],[-8.54531,39.93191],[-8.54382,39.92968],[-8.54107,39.92688],[-8.53864,39.92633],[-8.53548,39.92654],[-8.53471,39.92613],[-8.53286,39.92425],[-8.53295,39.92386],[-8.53406,39.92375],[-8.53474,39.92314],[-8.53488,39.92145],[-8.53362,39.92108],[-8.53327,39.92181],[-8.53101,39.92165],[-8.5284,39.92077],[-8.52707,39.92072],[-8.52562,39.91875],[-8.52523,39.91719],[-8.52334,39.91605],[-8.52318,39.91469],[-8.52585,39.9097],[-8.52936,39.91235],[-8.53421,39.91431],[-8.53513,39.91535],[-8.53763,39.91646],[-8.54163,39.91919],[-8.54127,39.91986],[-8.53989,39.92041],[-8.54197,39.9193],[-8.54263,39.92007],[-8.54249,39.91798],[-8.54297,39.91683],[-8.54425,39.91666],[-8.54809,39.91723],[-8.55047,39.91621],[-8.55139,39.91362],[-8.55342,39.91124],[-8.5555,39.90717],[-8.55846,39.90618],[-8.55915,39.90446],[-8.55911,39.90139],[-8.56291,39.89808],[-8.56488,39.89725],[-8.56761,39.89681],[-8.56671,39.89544],[-8.56492,39.89414],[-8.56413,39.89149],[-8.56284,39.88994],[-8.56229,39.88784],[-8.56288,39.88622],[-8.56392,39.88596],[-8.5644,39.8854],[-8.56314,39.88341],[-8.56476,39.88208],[-8.56363,39.87954],[-8.56243,39.87985],[-8.56242,39.8783],[-8.56175,39.87787],[-8.56158,39.87691],[-8.56025,39.87521],[-8.55985,39.86656],[-8.5571,39.86731],[-8.55614,39.86573],[-8.55474,39.86473],[-8.55224,39.86434],[-8.55271,39.86366],[-8.55329,39.86394],[-8.55609,39.86344],[-8.55619,39.86304],[-8.55528,39.86211],[-8.55544,39.86058],[-8.55474,39.86016],[-8.5547,39.85968],[-8.55353,39.86019],[-8.55256,39.85991],[-8.55169,39.86032],[-8.55146,39.86102],[-8.55026,39.86158],[-8.54955,39.86148],[-8.54981,39.86222],[-8.54951,39.86203],[-8.54916,39.86271],[-8.54697,39.86319],[-8.54676,39.86247],[-8.54555,39.86156],[-8.54513,39.86213],[-8.5431,39.86123],[-8.54324,39.86018],[-8.5425,39.85737],[-8.54167,39.8562],[-8.5418,39.85551],[-8.53859,39.85654],[-8.53692,39.85567],[-8.53626,39.85477],[-8.53521,39.85448],[-8.53358,39.85484],[-8.53589,39.85239],[-8.53665,39.85251],[-8.5371,39.85037],[-8.5358,39.85056],[-8.53307,39.85209],[-8.53191,39.85187],[-8.53082,39.85098],[-8.52946,39.85161],[-8.52918,39.85098],[-8.52674,39.85018],[-8.52438,39.85036],[-8.52269,39.84904],[-8.52438,39.84811],[-8.52358,39.84815],[-8.52118,39.84687],[-8.51806,39.84659],[-8.51663,39.84545],[-8.51614,39.84439],[-8.51804,39.84446],[-8.51947,39.84553],[-8.52035,39.84427],[-8.52319,39.843],[-8.52279,39.84238],[-8.52239,39.84245],[-8.52235,39.8418],[-8.52379,39.84133],[-8.52492,39.8395],[-8.52653,39.83843],[-8.52286,39.83827],[-8.52105,39.83722],[-8.5209,39.83657],[-8.52218,39.83531],[-8.52055,39.83487],[-8.5217,39.83258],[-8.52657,39.82851],[-8.52423,39.82764],[-8.52377,39.82714],[-8.52334,39.82591],[-8.52479,39.82323],[-8.52421,39.82181],[-8.52508,39.81956],[-8.52632,39.81857],[-8.5265,39.81655],[-8.52728,39.81557],[-8.53143,39.81484],[-8.53242,39.81436],[-8.53502,39.81064],[-8.53625,39.8103],[-8.5395,39.80805],[-8.5412,39.80201],[-8.5457,39.79809],[-8.54831,39.79776],[-8.55118,39.79622],[-8.55303,39.79399],[-8.55498,39.79335],[-8.5567,39.79192],[-8.55863,39.79161],[-8.56533,39.79196],[-8.56733,39.79051],[-8.56777,39.7897],[-8.57008,39.78904],[-8.57134,39.7873],[-8.57346,39.78717],[-8.57521,39.78758],[-8.57713,39.78476],[-8.57868,39.78379],[-8.57963,39.78246],[-8.58176,39.78213],[-8.58292,39.78143],[-8.58463,39.7795],[-8.58878,39.77903],[-8.59314,39.77697],[-8.60325,39.77942],[-8.6033,39.77691],[-8.60402,39.77564],[-8.60897,39.77409],[-8.61191,39.77176],[-8.61175,39.77101],[-8.611,39.77039],[-8.61102,39.76948],[-8.60936,39.76774],[-8.61038,39.76573],[-8.61027,39.76353],[-8.61167,39.76055],[-8.61107,39.7554],[-8.60941,39.75174],[-8.61265,39.75077],[-8.61413,39.75098],[-8.61787,39.74949],[-8.62019,39.74802],[-8.62055,39.74608],[-8.62139,39.74532],[-8.61873,39.74498],[-8.61749,39.74333],[-8.61466,39.74291],[-8.61211,39.74151],[-8.61199,39.74065],[-8.61038,39.73885],[-8.60657,39.73225],[-8.60756,39.73141],[-8.60912,39.72885],[-8.61373,39.72526],[-8.61439,39.72276],[-8.61555,39.72238],[-8.61581,39.7218],[-8.6182,39.72042],[-8.62436,39.71925],[-8.62507,39.71609]]}},{"type":"Feature","properties":{"name":"TET_P-04_20250305","country":"PT","lengthKm":519.5},"geometry":{"type":"LineString","coordinates":[[-8.62487,39.71568],[-8.62444,39.71353],[-8.62587,39.71104],[-8.62649,39.70615],[-8.62772,39.70381],[-8.6292,39.70292],[-8.62926,39.70236],[-8.62836,39.70184],[-8.62902,39.70125],[-8.62897,39.69911],[-8.63038,39.69827],[-8.63057,39.69649],[-8.63209,39.6957],[-8.63192,39.69515],[-8.63464,39.69339],[-8.63603,39.6933],[-8.63725,39.69205],[-8.63799,39.69015],[-8.63792,39.68885],[-8.63888,39.68766],[-8.64117,39.68703],[-8.6426,39.68524],[-8.64406,39.68448],[-8.64467,39.68466],[-8.64506,39.68424],[-8.64543,39.68328],[-8.64528,39.6812],[-8.64754,39.68037],[-8.64879,39.67688],[-8.65201,39.67456],[-8.65481,39.67391],[-8.65093,39.6699],[-8.6505,39.66779],[-8.64957,39.66684],[-8.64922,39.6657],[-8.64806,39.66532],[-8.64491,39.66253],[-8.63726,39.65759],[-8.63193,39.65515],[-8.63093,39.65386],[-8.6295,39.6532],[-8.62988,39.65272],[-8.62963,39.6525],[-8.62802,39.65264],[-8.62622,39.65213],[-8.62327,39.65243],[-8.62166,39.65198],[-8.61786,39.65238],[-8.61165,39.65148],[-8.60717,39.65228],[-8.60697,39.64895],[-8.60888,39.64537],[-8.61067,39.64424],[-8.60852,39.64462],[-8.60603,39.64391],[-8.60371,39.6446],[-8.60105,39.64438],[-8.59984,39.6451],[-8.59807,39.64486],[-8.59748,39.64514],[-8.5972,39.64469],[-8.59559,39.64587],[-8.59518,39.6469],[-8.59393,39.64482],[-8.59101,39.64367],[-8.59096,39.64334],[-8.59215,39.64366],[-8.59221,39.64318],[-8.59336,39.64246],[-8.59314,39.64122],[-8.59284,39.64251],[-8.59285,39.64162],[-8.59198,39.64079],[-8.59153,39.64084],[-8.59097,39.64196],[-8.59137,39.64304],[-8.59225,39.64335],[-8.59303,39.64298],[-8.59343,39.64202],[-8.59288,39.64074],[-8.5935,39.6411],[-8.59107,39.63815],[-8.5917,39.63613],[-8.59529,39.6335],[-8.59848,39.63369],[-8.59938,39.63336],[-8.60008,39.63365],[-8.60028,39.63295],[-8.59886,39.63188],[-8.59658,39.63136],[-8.59579,39.63084],[-8.59384,39.62853],[-8.59157,39.62785],[-8.58931,39.62469],[-8.58888,39.62486],[-8.58725,39.62262],[-8.585,39.62336],[-8.58253,39.62339],[-8.58132,39.62409],[-8.58012,39.62107],[-8.57918,39.61998],[-8.58061,39.61713],[-8.58013,39.6169],[-8.57844,39.61814],[-8.57835,39.61716],[-8.57764,39.61677],[-8.57821,39.61499],[-8.57797,39.61433],[-8.57508,39.61254],[-8.57374,39.61212],[-8.57095,39.6138],[-8.57037,39.61361],[-8.56896,39.61408],[-8.5691,39.61362],[-8.56796,39.61325],[-8.56749,39.61018],[-8.56607,39.60823],[-8.56268,39.60928],[-8.56439,39.60753],[-8.5642,39.60635],[-8.56459,39.60573],[-8.56803,39.60292],[-8.5697,39.60374],[-8.572,39.60301],[-8.57498,39.60408],[-8.57297,39.5986],[-8.57066,39.59746],[-8.56884,39.59721],[-8.56938,39.59573],[-8.56642,39.59487],[-8.56493,39.59321],[-8.56201,39.59125],[-8.56044,39.59071],[-8.55849,39.5912],[-8.55496,39.59419],[-8.55272,39.59739],[-8.5518,39.59787],[-8.54778,39.59748],[-8.54628,39.59827],[-8.54073,39.59877],[-8.53323,39.59625],[-8.53282,39.59665],[-8.53488,39.60079],[-8.53513,39.60372],[-8.534,39.60421],[-8.53193,39.60427],[-8.52852,39.6051],[-8.5296,39.60707],[-8.52799,39.6086],[-8.52681,39.60935],[-8.52558,39.60921],[-8.5232,39.61033],[-8.52239,39.61204],[-8.52105,39.61341],[-8.5196,39.61396],[-8.51958,39.61499],[-8.51699,39.61428],[-8.51366,39.61544],[-8.51328,39.61839],[-8.5127,39.61901],[-8.51263,39.61854],[-8.51201,39.61858],[-8.51041,39.62067],[-8.50744,39.61759],[-8.50502,39.6194],[-8.50318,39.6178],[-8.50225,39.61748],[-8.50185,39.61674],[-8.50081,39.61827],[-8.4994,39.61907],[-8.49825,39.61811],[-8.49537,39.61702],[-8.49533,39.61562],[-8.49523,39.61618],[-8.49429,39.6163],[-8.49219,39.61578],[-8.49248,39.61525],[-8.49212,39.61479],[-8.49077,39.6149],[-8.48875,39.61424],[-8.48842,39.61332],[-8.48665,39.61289],[-8.48531,39.61335],[-8.48497,39.61476],[-8.48329,39.61709],[-8.48215,39.61707],[-8.47869,39.6189],[-8.47798,39.61879],[-8.47704,39.62023],[-8.47454,39.62053],[-8.47205,39.62262],[-8.47063,39.62271],[-8.46626,39.6214],[-8.46482,39.62205],[-8.4637,39.62367],[-8.46237,39.62352],[-8.46021,39.62408],[-8.45925,39.62269],[-8.4576,39.62174],[-8.45746,39.62104],[-8.45789,39.6209],[-8.45718,39.61993],[-8.45668,39.61999],[-8.45532,39.6187],[-8.45573,39.61777],[-8.45656,39.6175],[-8.45657,39.61688],[-8.45414,39.61721],[-8.45455,39.61665],[-8.45333,39.6153],[-8.45355,39.61469],[-8.45506,39.61365],[-8.45121,39.61104],[-8.44975,39.60953],[-8.44824,39.60985],[-8.44452,39.60783],[-8.44251,39.60808],[-8.44453,39.60786],[-8.4427,39.60735],[-8.44189,39.60765],[-8.4412,39.60853],[-8.43922,39.60878],[-8.43825,39.60786],[-8.43572,39.60692],[-8.42959,39.6054],[-8.42878,39.60404],[-8.42764,39.60335],[-8.42542,39.60375],[-8.42174,39.60361],[-8.42094,39.6033],[-8.42049,39.6041],[-8.4181,39.60419],[-8.41726,39.60374],[-8.4165,39.60449],[-8.41592,39.6006],[-8.41495,39.59821],[-8.41656,39.59757],[-8.41882,39.59739],[-8.42064,39.5966],[-8.42246,39.59352],[-8.42251,39.59234],[-8.42456,39.59196],[-8.42609,39.59014],[-8.42773,39.58899],[-8.42769,39.5882],[-8.4295,39.58814],[-8.43023,39.58732],[-8.42979,39.58568],[-8.43267,39.58509],[-8.4346,39.58515],[-8.43458,39.58562],[-8.43775,39.58702],[-8.43969,39.58646],[-8.44067,39.58688],[-8.44206,39.58673],[-8.44271,39.586],[-8.44237,39.5853],[-8.44283,39.58376],[-8.44472,39.58436],[-8.44482,39.58282],[-8.44562,39.58138],[-8.44716,39.58265],[-8.44954,39.58012],[-8.45068,39.58072],[-8.45231,39.57713],[-8.45266,39.57444],[-8.45627,39.57268],[-8.45845,39.57025],[-8.45929,39.57032],[-8.45985,39.56995],[-8.46072,39.56757],[-8.4618,39.56702],[-8.46116,39.56474],[-8.45997,39.5636],[-8.45919,39.56125],[-8.45597,39.55938],[-8.45305,39.55565],[-8.44968,39.55371],[-8.44705,39.55134],[-8.44576,39.55076],[-8.44588,39.55037],[-8.44358,39.5497],[-8.44181,39.54826],[-8.44115,39.54734],[-8.4411,39.54581],[-8.44373,39.54386],[-8.44417,39.54272],[-8.44123,39.54337],[-8.43564,39.5424],[-8.4346,39.54187],[-8.43391,39.54179],[-8.43272,39.54238],[-8.42998,39.54155],[-8.42681,39.54249],[-8.42464,39.54111],[-8.42447,39.54018],[-8.42127,39.53974],[-8.42029,39.53575],[-8.41795,39.5336],[-8.41884,39.53113],[-8.41833,39.52928],[-8.41929,39.52727],[-8.41825,39.52587],[-8.41723,39.52563],[-8.41616,39.52478],[-8.41627,39.52449],[-8.4157,39.52439],[-8.41451,39.5216],[-8.41693,39.5195],[-8.42262,39.51785],[-8.42258,39.51611],[-8.42502,39.51539],[-8.42446,39.51354],[-8.42466,39.51131],[-8.42195,39.50948],[-8.421,39.50782],[-8.41913,39.50623],[-8.41509,39.50462],[-8.41523,39.50114],[-8.41225,39.49751],[-8.41038,39.49593],[-8.40999,39.49469],[-8.40898,39.49491],[-8.40626,39.49379],[-8.40516,39.49434],[-8.40444,39.49423],[-8.40161,39.4928],[-8.39935,39.49289],[-8.39636,39.49248],[-8.39315,39.49141],[-8.39335,39.49013],[-8.39406,39.4894],[-8.39446,39.48613],[-8.39386,39.48224],[-8.39306,39.48121],[-8.39339,39.4771],[-8.39258,39.47261],[-8.39204,39.47161],[-8.39088,39.47157],[-8.39009,39.47048],[-8.38765,39.47062],[-8.38387,39.46875],[-8.38369,39.46826],[-8.38616,39.46711],[-8.38325,39.46654],[-8.38038,39.46405],[-8.3807,39.46328],[-8.38368,39.46303],[-8.38335,39.46276],[-8.38364,39.46303],[-8.38065,39.46327],[-8.38038,39.46414],[-8.38303,39.46651],[-8.38613,39.46729],[-8.37017,39.47328],[-8.36435,39.47315],[-8.36075,39.47177],[-8.36009,39.47105],[-8.36096,39.46825],[-8.35856,39.46941],[-8.35796,39.46754],[-8.35641,39.4679],[-8.35499,39.46586],[-8.35018,39.4681],[-8.3478,39.47018],[-8.34586,39.46838],[-8.3446,39.46849],[-8.34409,39.46901],[-8.34283,39.46924],[-8.34138,39.47051],[-8.33995,39.47266],[-8.34212,39.47378],[-8.34269,39.47447],[-8.34724,39.47475],[-8.34763,39.47528],[-8.34707,39.47577],[-8.34548,39.47538],[-8.34439,39.4758],[-8.34279,39.48033],[-8.34388,39.48158],[-8.34295,39.48236],[-8.34424,39.48232],[-8.34516,39.48345],[-8.34405,39.48512],[-8.34468,39.4883],[-8.34415,39.49104],[-8.34492,39.49298],[-8.34603,39.49408],[-8.34659,39.49556],[-8.34854,39.49822],[-8.34977,39.4985],[-8.35054,39.49793],[-8.35108,39.4991],[-8.35191,39.49952],[-8.35618,39.49987],[-8.35529,39.50076],[-8.35585,39.50197],[-8.35939,39.50297],[-8.35981,39.50399],[-8.36177,39.50547],[-8.36327,39.50787],[-8.36538,39.50864],[-8.36695,39.51223],[-8.36588,39.5162],[-8.36494,39.51746],[-8.36598,39.51731],[-8.36666,39.51832],[-8.36915,39.51787],[-8.36977,39.51854],[-8.3715,39.51926],[-8.37396,39.51962],[-8.3741,39.52051],[-8.37544,39.5212],[-8.37512,39.52178],[-8.37657,39.52215],[-8.37616,39.52274],[-8.37754,39.52374],[-8.37815,39.52511],[-8.3805,39.52769],[-8.38083,39.5296],[-8.38225,39.53033],[-8.38165,39.5318],[-8.37978,39.53253],[-8.38129,39.53577],[-8.38091,39.5366],[-8.38006,39.53628],[-8.37833,39.5368],[-8.37758,39.53655],[-8.37375,39.53718],[-8.37171,39.53669],[-8.37151,39.53576],[-8.3723,39.53447],[-8.37304,39.5342],[-8.37287,39.5333],[-8.37464,39.53264],[-8.37483,39.53216],[-8.37381,39.53076],[-8.37051,39.53153],[-8.36015,39.5357],[-8.35839,39.53584],[-8.35841,39.53515],[-8.35739,39.53376],[-8.35403,39.53321],[-8.35507,39.53158],[-8.35487,39.5297],[-8.35624,39.52875],[-8.35525,39.52743],[-8.35531,39.5268],[-8.35751,39.52509],[-8.35753,39.52439],[-8.35582,39.52184],[-8.35518,39.52314],[-8.35467,39.52317],[-8.35347,39.52516],[-8.35358,39.52603],[-8.35302,39.52611],[-8.35209,39.52798],[-8.35116,39.52772],[-8.34688,39.52944],[-8.34447,39.53278],[-8.33561,39.53569],[-8.33226,39.53782],[-8.32921,39.5388],[-8.32673,39.54052],[-8.32411,39.54141],[-8.32349,39.54226],[-8.32272,39.54192],[-8.32212,39.54217],[-8.32188,39.54236],[-8.32286,39.54219],[-8.32302,39.54293],[-8.32363,39.54331],[-8.32323,39.54379],[-8.32203,39.54325],[-8.32067,39.54409],[-8.31903,39.54333],[-8.31856,39.54209],[-8.31965,39.54077],[-8.31961,39.5397],[-8.31938,39.5395],[-8.3189,39.54],[-8.31868,39.53853],[-8.31565,39.53704],[-8.31485,39.53615],[-8.31318,39.53601],[-8.30778,39.53739],[-8.30641,39.5358],[-8.30327,39.53566],[-8.30313,39.53392],[-8.3026,39.53355],[-8.29974,39.53264],[-8.29962,39.53223],[-8.29833,39.53164],[-8.29626,39.53159],[-8.29304,39.52962],[-8.29094,39.53011],[-8.28972,39.53097],[-8.28886,39.5304],[-8.28674,39.53058],[-8.2864,39.53094],[-8.28783,39.53116],[-8.2886,39.53169],[-8.28953,39.5337],[-8.28755,39.53571],[-8.2863,39.53771],[-8.288,39.54027],[-8.28239,39.542],[-8.28136,39.54213],[-8.27973,39.5412],[-8.27733,39.54187],[-8.27633,39.54314],[-8.2749,39.54312],[-8.27679,39.54419],[-8.27717,39.54509],[-8.27679,39.5442],[-8.27475,39.54319],[-8.27479,39.54432],[-8.27373,39.54446],[-8.27527,39.54569],[-8.27221,39.54291],[-8.26986,39.54222],[-8.26918,39.54236],[-8.26824,39.54307],[-8.26561,39.54402],[-8.26468,39.54524],[-8.26459,39.54604],[-8.2632,39.54763],[-8.26381,39.5499],[-8.26241,39.55246],[-8.26006,39.5543],[-8.26105,39.5555],[-8.25797,39.55591],[-8.25735,39.55711],[-8.25631,39.55662],[-8.25498,39.5573],[-8.25347,39.55698],[-8.25293,39.55743],[-8.25312,39.55976],[-8.25172,39.55846],[-8.25074,39.55917],[-8.24917,39.559],[-8.24468,39.56012],[-8.24394,39.55983],[-8.24375,39.5604],[-8.24309,39.56068],[-8.24029,39.56039],[-8.24038,39.561],[-8.24284,39.56269],[-8.243,39.56358],[-8.24409,39.56309],[-8.2455,39.56302],[-8.24749,39.56389],[-8.24876,39.56494],[-8.2506,39.5646],[-8.25154,39.56484],[-8.25319,39.56578],[-8.25373,39.56665],[-8.25461,39.56702],[-8.25598,39.56671],[-8.25524,39.56906],[-8.25747,39.56959],[-8.25954,39.56917],[-8.25983,39.56942],[-8.2581,39.5702],[-8.25824,39.57173],[-8.25883,39.57172],[-8.25828,39.57269],[-8.25658,39.57333],[-8.25694,39.574],[-8.25638,39.5744],[-8.25435,39.57519],[-8.25052,39.57448],[-8.24898,39.57489],[-8.24765,39.57453],[-8.24682,39.57539],[-8.24575,39.57576],[-8.24419,39.57602],[-8.24267,39.57563],[-8.24281,39.57603],[-8.24181,39.57639],[-8.2408,39.57746],[-8.24069,39.57847],[-8.24268,39.58019],[-8.24435,39.581],[-8.24974,39.58154],[-8.25109,39.5807],[-8.25067,39.58234],[-8.24999,39.58269],[-8.25006,39.58382],[-8.24907,39.58413],[-8.24782,39.58398],[-8.24711,39.58433],[-8.24653,39.58395],[-8.24482,39.5842],[-8.24359,39.58263],[-8.24268,39.5841],[-8.24057,39.5831],[-8.23745,39.58327],[-8.23673,39.58305],[-8.23621,39.58198],[-8.23381,39.58158],[-8.23248,39.57889],[-8.23175,39.57906],[-8.23113,39.57853],[-8.23028,39.57896],[-8.22823,39.58134],[-8.22659,39.58145],[-8.22576,39.58073],[-8.22656,39.58198],[-8.2284,39.58283],[-8.22439,39.58241],[-8.22223,39.58332],[-8.22152,39.58313],[-8.22132,39.5827],[-8.2189,39.58446],[-8.21742,39.58443],[-8.21574,39.58614],[-8.2151,39.58561],[-8.21447,39.58575],[-8.21227,39.5835],[-8.21144,39.58377],[-8.20976,39.58251],[-8.20943,39.58262],[-8.20982,39.58375],[-8.20932,39.58428],[-8.2085,39.58388],[-8.20858,39.58324],[-8.20788,39.58235],[-8.2067,39.58172],[-8.20579,39.58215],[-8.20548,39.58166],[-8.2042,39.58251],[-8.2027,39.58179],[-8.20002,39.58193],[-8.19518,39.58824],[-8.1921,39.58987],[-8.19074,39.58982],[-8.19115,39.59059],[-8.19249,39.59139],[-8.19334,39.59127],[-8.19309,39.59177],[-8.19164,39.59253],[-8.19281,39.59417],[-8.19248,39.59458],[-8.19328,39.59636],[-8.19216,39.59697],[-8.19034,39.59907],[-8.18699,39.60151],[-8.18449,39.6026],[-8.18147,39.60279],[-8.17941,39.60351],[-8.17432,39.60359],[-8.17635,39.60619],[-8.17627,39.60822],[-8.17214,39.60911],[-8.16978,39.60848],[-8.16932,39.60874],[-8.16986,39.60953],[-8.16875,39.61018],[-8.16819,39.61131],[-8.16865,39.6124],[-8.16977,39.61295],[-8.16876,39.61339],[-8.16894,39.61469],[-8.17047,39.61699],[-8.17025,39.61807],[-8.17115,39.61899],[-8.16789,39.62062],[-8.16689,39.62186],[-8.16743,39.6216],[-8.16753,39.62193],[-8.16749,39.62162],[-8.16697,39.62185],[-8.16736,39.621],[-8.16542,39.62022],[-8.16421,39.62105],[-8.16257,39.62141],[-8.16182,39.62261],[-8.16116,39.62267],[-8.16032,39.62364],[-8.16054,39.62386],[-8.15914,39.62332],[-8.15586,39.6234],[-8.1566,39.62436],[-8.1584,39.6245],[-8.1597,39.62537],[-8.16029,39.62508],[-8.16143,39.62522],[-8.16091,39.62557],[-8.16208,39.626],[-8.16092,39.62556],[-8.16153,39.62524],[-8.15947,39.62508],[-8.15996,39.62658],[-8.1592,39.62732],[-8.16381,39.62808],[-8.16328,39.62805],[-8.16256,39.62983],[-8.16139,39.63027],[-8.15842,39.63008],[-8.15584,39.63129],[-8.15329,39.63161],[-8.15053,39.62895],[-8.14762,39.62853],[-8.14538,39.62958],[-8.14199,39.62906],[-8.13914,39.63118],[-8.13621,39.63231],[-8.13556,39.63209],[-8.13636,39.62844],[-8.13538,39.62613],[-8.13501,39.62575],[-8.13215,39.62513],[-8.12853,39.62208],[-8.12708,39.62177],[-8.12478,39.62236],[-8.12208,39.62233],[-8.12099,39.62343],[-8.11986,39.62373],[-8.11881,39.62527],[-8.11905,39.62655],[-8.11968,39.62569],[-8.12046,39.62597],[-8.11867,39.62895],[-8.11853,39.63111],[-8.11677,39.63444],[-8.11379,39.63839],[-8.11314,39.64143],[-8.11091,39.64312],[-8.11031,39.64553],[-8.10636,39.65055],[-8.10626,39.65158],[-8.10726,39.65174],[-8.10851,39.65085],[-8.11094,39.65244],[-8.11139,39.65526],[-8.11524,39.65874],[-8.1174,39.65895],[-8.11748,39.66066],[-8.1195,39.66075],[-8.11769,39.66446],[-8.11746,39.66599],[-8.11931,39.66873],[-8.12185,39.66983],[-8.12787,39.66748],[-8.12876,39.66775],[-8.12866,39.66913],[-8.1293,39.66979],[-8.12884,39.67087],[-8.12803,39.67092],[-8.12773,39.67346],[-8.12659,39.67602],[-8.12659,39.67682],[-8.12735,39.67753],[-8.1235,39.67768],[-8.12283,39.67818],[-8.12194,39.67961],[-8.12261,39.68028],[-8.12267,39.68107],[-8.12162,39.682],[-8.12194,39.68228],[-8.1212,39.68305],[-8.12315,39.68394],[-8.12455,39.68517],[-8.12492,39.68668],[-8.1262,39.68852],[-8.1255,39.68951],[-8.12642,39.69029],[-8.12761,39.69354],[-8.13045,39.69189],[-8.13122,39.6917],[-8.13243,39.69233],[-8.13295,39.6913],[-8.13398,39.69128],[-8.13382,39.69326],[-8.13451,39.69411],[-8.13385,39.6947],[-8.13128,39.69523],[-8.13009,39.69476],[-8.13019,39.69443],[-8.1305,39.69441],[-8.13005,39.69461],[-8.1303,39.69489],[-8.13119,39.69517],[-8.13432,39.69463],[-8.13189,39.69617],[-8.12747,39.69564],[-8.12533,39.69693],[-8.12291,39.69907],[-8.11999,39.69916],[-8.11972,39.69962],[-8.12018,39.70091],[-8.11794,39.69942],[-8.11812,39.69837],[-8.11484,39.69732],[-8.11417,39.69656],[-8.11358,39.69688],[-8.11067,39.69653],[-8.10977,39.69714],[-8.10868,39.69718],[-8.10749,39.69704],[-8.10607,39.69592],[-8.10268,39.69622],[-8.10193,39.69564],[-8.10088,39.69546],[-8.09816,39.6959],[-8.09615,39.69537],[-8.09429,39.69636],[-8.09385,39.69529],[-8.09293,39.6963],[-8.09312,39.69682],[-8.09244,39.6973],[-8.09311,39.69729],[-8.09322,39.69842],[-8.08574,39.69882],[-8.08972,39.69513],[-8.08953,39.69269],[-8.09075,39.69163],[-8.09161,39.69015],[-8.09122,39.68919],[-8.0919,39.68723],[-8.09172,39.68658],[-8.09312,39.68586],[-8.09037,39.68622],[-8.08917,39.68546],[-8.0883,39.68593],[-8.08793,39.68457],[-8.08537,39.68363],[-8.08292,39.68428],[-8.08224,39.68544],[-8.07843,39.68685],[-8.07485,39.68715],[-8.07386,39.68673],[-8.07171,39.68783],[-8.06965,39.68824],[-8.0639,39.69222],[-8.06307,39.69322],[-8.06299,39.69438],[-8.06172,39.695],[-8.06089,39.69483],[-8.05986,39.69598],[-8.06156,39.69709],[-8.05829,39.69809],[-8.05713,39.69919],[-8.05662,39.70048],[-8.05533,39.70045],[-8.05381,39.69982],[-8.05087,39.70054],[-8.04919,39.70142],[-8.04661,39.70362],[-8.04467,39.70407],[-8.04325,39.7038],[-8.04334,39.70413],[-8.04242,39.70447],[-8.04093,39.70595],[-8.03882,39.70538],[-8.03627,39.70613],[-8.03581,39.70649],[-8.03616,39.70713],[-8.03569,39.70677],[-8.03171,39.71044],[-8.02956,39.71146],[-8.02738,39.71178],[-8.02545,39.71343],[-8.02373,39.71363],[-8.02326,39.71294],[-8.02198,39.71298],[-8.02163,39.71218],[-8.02077,39.71212],[-8.02101,39.71013],[-8.02065,39.7096],[-8.01982,39.71047],[-8.01914,39.7104],[-8.01813,39.71195],[-8.01723,39.71218],[-8.01621,39.71212],[-8.0151,39.71115],[-8.01437,39.71162],[-8.01322,39.71164],[-8.01321,39.7112],[-8.01243,39.71102],[-8.0118,39.71132],[-8.01053,39.71107],[-8.01006,39.71065],[-8.01197,39.71047],[-8.01389,39.71079],[-8.01415,39.70947],[-8.01265,39.70778],[-8.01471,39.70803],[-8.01523,39.70775],[-8.01787,39.70357],[-8.01775,39.70262],[-8.01837,39.70136],[-8.01917,39.70126],[-8.02089,39.70224],[-8.02126,39.70041],[-8.02034,39.70004],[-8.01854,39.69769],[-8.01895,39.69726],[-8.01851,39.69605],[-8.01672,39.69561],[-8.01755,39.69504],[-8.01618,39.69468],[-8.0172,39.69254],[-8.01287,39.69163],[-8.01016,39.68899],[-8.00992,39.68829],[-8.01075,39.68651],[-8.01089,39.68419],[-8.00865,39.6832],[-8.00751,39.68345],[-8.00717,39.68282],[-8.00592,39.68392],[-8.00411,39.68411],[-8.00348,39.68569],[-8.00207,39.6861],[-8.00101,39.68732],[-8.00142,39.6844],[-8.00104,39.68405],[-8.0011,39.68309],[-8.00038,39.68266],[-8.00049,39.6814],[-7.99862,39.68292],[-7.99695,39.68199],[-7.99659,39.68116],[-7.99471,39.68033],[-7.99308,39.67827],[-7.98988,39.67836],[-7.98943,39.67695],[-7.98782,39.67597],[-7.98801,39.67539],[-7.98612,39.67416],[-7.9828,39.67379],[-7.97986,39.67462],[-7.97894,39.67455],[-7.97734,39.67529],[-7.97891,39.6734],[-7.97716,39.67217],[-7.97558,39.67191],[-7.97455,39.67239],[-7.9719,39.67266],[-7.96942,39.6748],[-7.96622,39.67488],[-7.96715,39.67259],[-7.96633,39.67039],[-7.96601,39.67269],[-7.96503,39.67307],[-7.96402,39.67414],[-7.96177,39.67305],[-7.96206,39.67221],[-7.96149,39.67014],[-7.96018,39.66912],[-7.96019,39.66721],[-7.96097,39.6669],[-7.95992,39.66576],[-7.96039,39.66414],[-7.95925,39.6642],[-7.95887,39.66389],[-7.9591,39.66273],[-7.95853,39.66239],[-7.95836,39.66021],[-7.96007,39.65983],[-7.96108,39.65836],[-7.96085,39.65779],[-7.96212,39.65728],[-7.96245,39.65564],[-7.96425,39.65345],[-7.96395,39.6516],[-7.96645,39.65074],[-7.96872,39.65069],[-7.96937,39.65026],[-7.96941,39.64901],[-7.97223,39.64765],[-7.97101,39.64706],[-7.97146,39.64644],[-7.9709,39.64524],[-7.96927,39.6457],[-7.96392,39.6436],[-7.96322,39.64272],[-7.95624,39.64128],[-7.95568,39.64071],[-7.95422,39.64071],[-7.95142,39.63942],[-7.94882,39.63895],[-7.94768,39.63922],[-7.94635,39.63892],[-7.94594,39.63936],[-7.94394,39.63954],[-7.94298,39.64012],[-7.94233,39.63917],[-7.93947,39.63866],[-7.93779,39.6378],[-7.93759,39.63821],[-7.93425,39.63909],[-7.933,39.6405],[-7.93139,39.64039],[-7.92989,39.63982],[-7.92985,39.63927],[-7.92915,39.63963],[-7.92864,39.63829],[-7.92785,39.63751],[-7.92678,39.63728],[-7.92659,39.63658],[-7.9249,39.63484],[-7.92472,39.63307],[-7.92411,39.63229],[-7.92409,39.63066],[-7.92345,39.62969],[-7.92573,39.62829],[-7.92153,39.62888],[-7.92074,39.63056],[-7.91984,39.63082],[-7.91867,39.63072],[-7.91858,39.62997],[-7.91724,39.63006],[-7.9172,39.62865],[-7.91892,39.62692],[-7.9194,39.62535],[-7.91899,39.62379],[-7.91958,39.62281],[-7.91705,39.62231],[-7.91339,39.62041],[-7.91364,39.61795],[-7.91234,39.6163],[-7.91237,39.61577],[-7.91255,39.61432],[-7.9139,39.61278],[-7.91396,39.61188],[-7.91209,39.61049],[-7.91121,39.60903],[-7.90995,39.60873],[-7.91044,39.60637],[-7.90819,39.60616],[-7.90599,39.60749],[-7.90542,39.60839],[-7.90427,39.60874],[-7.90125,39.60801],[-7.89979,39.60807],[-7.89793,39.60905],[-7.89715,39.6091],[-7.89782,39.60828],[-7.89727,39.60723],[-7.89793,39.60555],[-7.89351,39.60443],[-7.89164,39.60208],[-7.89095,39.60431],[-7.88974,39.60483],[-7.88967,39.60553],[-7.8851,39.60868],[-7.8854,39.6095],[-7.88487,39.61091],[-7.88296,39.61256],[-7.88315,39.61329],[-7.88455,39.61461],[-7.8903,39.61789],[-7.89162,39.61914],[-7.89188,39.6225],[-7.89088,39.62324],[-7.88923,39.62262],[-7.88899,39.62338],[-7.88851,39.62347],[-7.88525,39.62312],[-7.88162,39.61903],[-7.88024,39.61788],[-7.8771,39.61638],[-7.87355,39.6131],[-7.86791,39.61049],[-7.8673,39.60971],[-7.86492,39.60911],[-7.86239,39.60782],[-7.86159,39.60825],[-7.85455,39.60105],[-7.85177,39.5971],[-7.84965,39.593],[-7.8467,39.59058],[-7.84349,39.58868],[-7.84071,39.58758],[-7.83837,39.58616],[-7.83667,39.58612],[-7.83677,39.5853],[-7.83558,39.58258],[-7.83557,39.58552],[-7.83451,39.58685],[-7.8321,39.588],[-7.83023,39.58769],[-7.83033,39.58655],[-7.82884,39.58545],[-7.82675,39.5851],[-7.82591,39.5826],[-7.82612,39.58204],[-7.82482,39.58135],[-7.82496,39.58051],[-7.82572,39.58012],[-7.8249,39.57939],[-7.82529,39.57768],[-7.82722,39.57572],[-7.82518,39.57603],[-7.82112,39.57743],[-7.82186,39.57628],[-7.82126,39.57442],[-7.82149,39.57194],[-7.82038,39.57124],[-7.82055,39.57062],[-7.81932,39.56959],[-7.81951,39.56867],[-7.82026,39.56878],[-7.82201,39.56796],[-7.82373,39.56775],[-7.82421,39.56728],[-7.82557,39.56724],[-7.82381,39.56869],[-7.82547,39.56815],[-7.8279,39.56828],[-7.82922,39.56737],[-7.83568,39.56898],[-7.83689,39.57011],[-7.84306,39.57397],[-7.84653,39.57501],[-7.852,39.57496],[-7.8536,39.5754],[-7.85266,39.57348],[-7.85697,39.57456],[-7.85989,39.57419],[-7.86121,39.57507],[-7.86404,39.57528],[-7.86462,39.57479],[-7.86573,39.57464],[-7.8643,39.57373],[-7.86315,39.57124],[-7.86056,39.56888],[-7.86173,39.56734],[-7.86137,39.56661],[-7.86231,39.56538],[-7.86507,39.56418],[-7.86829,39.56373],[-7.86935,39.5614],[-7.87016,39.56077],[-7.8727,39.56175],[-7.87258,39.56268],[-7.87317,39.56248],[-7.87372,39.5611],[-7.87565,39.56112],[-7.87722,39.56036],[-7.88048,39.55954],[-7.88068,39.5606],[-7.87959,39.5626],[-7.88079,39.56249],[-7.88362,39.56476],[-7.8855,39.56385],[-7.88618,39.564],[-7.88644,39.56609],[-7.88717,39.56715],[-7.8899,39.56714],[-7.8918,39.56661],[-7.8937,39.56402],[-7.89748,39.56343],[-7.89692,39.56448],[-7.89724,39.56536],[-7.89862,39.56481],[-7.89937,39.56528],[-7.9007,39.56487],[-7.90179,39.56508],[-7.90291,39.56571],[-7.90241,39.56658],[-7.90275,39.56687],[-7.9037,39.5662],[-7.90559,39.56594],[-7.90615,39.56635],[-7.90737,39.56634],[-7.90874,39.5671],[-7.90951,39.56684],[-7.91031,39.56713],[-7.91177,39.5664],[-7.91434,39.56698],[-7.91789,39.5669],[-7.92077,39.56893],[-7.92277,39.56894],[-7.9241,39.57332],[-7.92572,39.57509],[-7.92654,39.57535],[-7.92601,39.57621],[-7.92701,39.57752],[-7.92923,39.57744],[-7.93463,39.57836],[-7.93553,39.57962],[-7.93833,39.57947],[-7.93979,39.58022],[-7.94254,39.58076],[-7.94825,39.58263],[-7.95323,39.58103],[-7.95723,39.5803],[-7.9582,39.57935],[-7.95606,39.57671],[-7.95363,39.57607],[-7.95131,39.57446],[-7.952,39.57284],[-7.95061,39.5721],[-7.94935,39.57054],[-7.95133,39.5709],[-7.95389,39.57045],[-7.95402,39.5719],[-7.9549,39.57325],[-7.95758,39.57319],[-7.95796,39.57373],[-7.9586,39.57334],[-7.96,39.57403],[-7.96127,39.57351],[-7.96143,39.57227],[-7.96254,39.57157],[-7.9655,39.57373],[-7.96597,39.57349],[-7.96524,39.57297],[-7.96517,39.57195],[-7.96558,39.57162],[-7.96818,39.57175],[-7.96925,39.57141],[-7.96965,39.57176],[-7.97024,39.5714],[-7.97118,39.57225],[-7.97006,39.57297],[-7.97036,39.57333],[-7.96994,39.57355],[-7.97118,39.57476],[-7.97449,39.57586],[-7.97784,39.57492],[-7.97878,39.57345],[-7.97784,39.57297],[-7.97663,39.5699],[-7.97639,39.56888],[-7.97701,39.56734],[-7.97621,39.56642],[-7.97734,39.5645],[-7.976,39.56395],[-7.97554,39.56239],[-7.9764,39.56212],[-7.97798,39.56243],[-7.97712,39.56076],[-7.97737,39.55979],[-7.97863,39.55862],[-7.97826,39.55841],[-7.97891,39.55717],[-7.97835,39.55607],[-7.97923,39.55602],[-7.98048,39.55726],[-7.98238,39.55735],[-7.98299,39.55935],[-7.9868,39.56028],[-7.98798,39.55976],[-7.9896,39.56066],[-7.99092,39.56069],[-7.99472,39.55845],[-7.99602,39.56102],[-7.99677,39.56157],[-7.99604,39.56093],[-7.99518,39.55868],[-7.99374,39.5577],[-7.99448,39.5573],[-7.9957,39.55813],[-7.99589,39.55687],[-7.99873,39.55728],[-8.00014,39.5547],[-8.00157,39.55433],[-8.00188,39.55294],[-8.00334,39.55201],[-8.00434,39.55059],[-8.00293,39.54869],[-8.00142,39.5486],[-8.00303,39.54706],[-8.00285,39.542],[-8.00431,39.54009],[-8.00103,39.53872],[-7.99716,39.53455],[-7.99622,39.53224],[-7.99499,39.53136],[-7.99446,39.53171],[-7.99289,39.53058],[-7.99333,39.52879],[-7.99187,39.52728],[-7.99072,39.52694],[-7.98957,39.52532],[-7.98884,39.52274],[-7.98666,39.52175],[-7.98545,39.51953],[-7.98312,39.51909],[-7.98239,39.51719],[-7.98293,39.51603],[-7.98614,39.51669],[-7.98807,39.51571],[-7.9888,39.51633],[-7.99043,39.51641],[-7.99098,39.51565],[-7.99233,39.51518],[-7.99412,39.5157],[-7.99539,39.51849],[-7.99662,39.51906],[-7.99723,39.51839],[-7.99972,39.51839],[-8.00048,39.51796],[-8.00109,39.5183],[-8.00486,39.51769],[-8.00491,39.51711],[-8.00617,39.51707],[-8.00554,39.51564],[-8.00281,39.5149],[-8.00128,39.51375],[-7.99903,39.51285],[-7.99907,39.51197],[-7.99845,39.51108],[-7.99984,39.51098],[-7.99953,39.50942],[-7.99999,39.50875],[-7.99931,39.50774],[-7.99783,39.50706],[-7.99962,39.50644],[-8.00057,39.50564],[-8.00089,39.50408],[-8.00008,39.50328],[-8.00325,39.50317],[-8.0038,39.50054],[-8.00567,39.50015],[-8.00556,39.49885],[-8.00695,39.49675],[-8.0076,39.49664],[-8.00776,39.49532],[-8.00678,39.49399],[-8.00658,39.49325],[-8.00697,39.49252],[-8.00368,39.49203],[-8.00346,39.49154],[-8.0038,39.4909],[-8.00356,39.48962],[-8.00444,39.48899],[-8.00396,39.48786],[-8.00436,39.48715],[-8.00318,39.4868],[-8.00276,39.4863],[-8.00207,39.48429],[-8.00247,39.48283],[-8.00375,39.48265],[-8.00216,39.48089],[-7.99842,39.48146],[-7.99732,39.4774],[-7.99586,39.47736],[-7.99551,39.47701],[-7.99488,39.47292],[-7.99188,39.47146],[-7.99182,39.47106],[-7.99492,39.46905],[-7.9938,39.46771],[-7.99563,39.46622],[-7.99748,39.46561],[-7.99838,39.4636],[-8.00021,39.46265],[-7.99959,39.46126],[-7.99854,39.46058],[-7.99961,39.4598],[-7.99925,39.45895],[-7.99866,39.45904],[-7.99727,39.45838],[-7.99575,39.45875],[-7.99438,39.45716],[-7.99165,39.45705],[-8.00179,39.45638],[-8.00256,39.45557],[-8.00324,39.45313],[-8.0031,39.45154],[-8.00356,39.45111],[-8.00548,39.45109],[-8.00568,39.45083],[-8.00549,39.44804],[-8.00461,39.44531],[-8.00614,39.44419],[-8.00663,39.44472],[-8.01136,39.44406],[-8.01249,39.4445],[-8.01351,39.44305],[-8.01343,39.44201],[-8.01595,39.44106],[-8.01673,39.43852],[-8.01666,39.43707],[-8.0139,39.43364],[-8.01446,39.43129],[-8.01667,39.4291],[-8.01443,39.42822],[-8.01054,39.42447],[-8.00822,39.42281],[-8.01028,39.42076],[-8.01433,39.41529],[-8.01653,39.41407],[-8.01692,39.41331],[-8.02094,39.41182],[-8.02004,39.41036],[-8.02005,39.40812],[-8.02116,39.40507],[-8.02333,39.40163],[-8.02318,39.39931],[-8.02564,39.39939],[-8.03178,39.39844],[-8.03244,39.39861],[-8.03357,39.39616],[-8.0345,39.39671],[-8.03617,39.39577],[-8.03281,39.39355],[-8.03596,39.39099],[-8.03548,39.38933],[-8.03198,39.3877],[-8.03037,39.38461],[-8.02605,39.38034],[-8.02372,39.37654],[-8.02261,39.3758],[-8.0197,39.37487],[-8.01603,39.37427],[-8.01481,39.37025],[-8.01409,39.36884],[-8.01225,39.36687],[-8.01072,39.36724],[-8.01142,39.36946],[-8.01131,39.37049],[-8.01037,39.37117],[-8.0092,39.37065],[-8.00926,39.36953],[-8.0052,39.36823],[-8.00657,39.36625],[-8.0056,39.36607],[-8.00368,39.36309],[-8.00097,39.36109],[-8.00081,39.36025],[-7.99985,39.35919],[-7.99995,39.35842],[-7.99833,39.35755],[-7.99768,39.35653],[-7.99622,39.35599],[-7.99566,39.35503],[-7.99427,39.35417],[-7.99472,39.35172],[-7.99422,39.35108],[-7.99221,39.35023],[-7.9909,39.3487],[-7.99064,39.34506],[-7.99078,39.34465],[-7.99137,39.34484],[-7.99155,39.3446],[-7.99189,39.34261],[-7.99001,39.33952],[-7.99065,39.33907],[-7.98982,39.33683],[-7.99233,39.33732],[-7.99297,39.33601],[-7.99245,39.3355],[-7.99405,39.33383],[-7.99907,39.33604],[-8.00203,39.33652],[-8.00356,39.33614],[-8.00548,39.33658],[-8.00909,39.3356],[-8.01022,39.33612],[-8.01218,39.33616],[-8.0152,39.33528],[-8.01813,39.33547],[-8.02052,39.33461],[-8.02074,39.33493],[-8.02696,39.33608],[-8.02344,39.33286],[-8.02307,39.33201],[-8.02277,39.32999],[-8.0233,39.32862],[-8.02213,39.32448],[-8.02018,39.32126],[-8.0192,39.32082],[-8.01585,39.31669],[-8.01636,39.3153],[-8.01584,39.3136],[-8.01686,39.31246],[-8.01499,39.31157],[-8.01301,39.30993],[-8.0107,39.30682],[-8.00979,39.30601],[-8.00876,39.30575],[-8.00867,39.30303],[-8.01032,39.29927],[-8.01202,39.29665],[-8.01385,39.28791],[-8.01322,39.28131],[-8.01611,39.28132],[-8.01867,39.28078],[-8.01964,39.27844],[-8.01882,39.27683],[-8.01912,39.27454],[-8.0236,39.27297],[-8.0238,39.27235],[-8.02301,39.27114],[-8.02329,39.2706],[-8.02508,39.26987],[-8.02457,39.26771],[-8.02351,39.26587],[-8.02459,39.26212],[-8.0258,39.26105],[-8.02725,39.26078],[-8.02869,39.26138],[-8.02984,39.26297],[-8.03406,39.26485],[-8.03566,39.2668],[-8.03858,39.26844],[-8.04003,39.26985],[-8.04307,39.27367],[-8.04413,39.27324],[-8.04493,39.27151],[-8.04644,39.27114],[-8.04664,39.27084],[-8.04588,39.27051],[-8.04671,39.26915],[-8.05022,39.27042],[-8.05176,39.26701],[-8.0546,39.2651],[-8.05421,39.26483],[-8.05655,39.26221],[-8.05818,39.26086],[-8.06045,39.26027],[-8.0637,39.26042],[-8.06751,39.25973],[-8.07218,39.26111],[-8.07403,39.26119],[-8.07513,39.26014],[-8.0765,39.26037],[-8.08071,39.25998],[-8.08167,39.25976],[-8.08311,39.25852],[-8.08532,39.25781],[-8.09034,39.25689],[-8.09127,39.25609],[-8.09355,39.25611],[-8.09512,39.25497],[-8.0985,39.25354],[-8.10503,39.25338],[-8.107,39.25371],[-8.11148,39.24979],[-8.11687,39.248],[-8.12115,39.24801],[-8.12268,39.24858],[-8.12827,39.24762],[-8.13008,39.24842],[-8.13097,39.24845],[-8.13473,39.2508],[-8.13872,39.25128],[-8.14132,39.25224],[-8.14443,39.25116],[-8.14601,39.25163],[-8.14822,39.25136],[-8.15112,39.24987],[-8.15259,39.2486],[-8.15748,39.2465],[-8.15892,39.24513],[-8.16071,39.24121],[-8.16196,39.23963],[-8.1659,39.23753],[-8.17357,39.23163],[-8.17834,39.23072],[-8.18038,39.22994],[-8.18134,39.2285],[-8.18155,39.22675],[-8.18419,39.21955],[-8.18518,39.21869],[-8.18875,39.2174],[-8.18844,39.21488],[-8.18675,39.2093],[-8.188,39.20604],[-8.18511,39.20318],[-8.17661,39.19708],[-8.17401,39.19102],[-8.17469,39.18887],[-8.1744,39.18718],[-8.17265,39.18537],[-8.17185,39.18384],[-8.16926,39.18326],[-8.16727,39.18031],[-8.17086,39.1811],[-8.17333,39.18039],[-8.17396,39.17979],[-8.1764,39.17998],[-8.18474,39.17709],[-8.18504,39.17668],[-8.18696,39.1778],[-8.18811,39.1778],[-8.18992,39.1768],[-8.19049,39.17508],[-8.19212,39.17481],[-8.19225,39.17278],[-8.19394,39.17115],[-8.1977,39.1736],[-8.19917,39.17529],[-8.20256,39.17715],[-8.20473,39.17654],[-8.20729,39.17376],[-8.20687,39.17116],[-8.20532,39.16954],[-8.206,39.16721],[-8.20483,39.16476],[-8.20539,39.16334],[-8.20504,39.16229],[-8.20347,39.16123],[-8.20395,39.15989],[-8.20073,39.15849],[-8.19911,39.15681],[-8.19879,39.15302],[-8.1974,39.14855],[-8.19472,39.14664],[-8.19318,39.14461],[-8.19206,39.14218],[-8.19202,39.14025],[-8.19356,39.13757],[-8.19517,39.13618],[-8.19455,39.13401],[-8.19603,39.132],[-8.19663,39.1286],[-8.1977,39.12793],[-8.19869,39.12301],[-8.19966,39.12239],[-8.20138,39.11988],[-8.20269,39.11932],[-8.20321,39.11853],[-8.20212,39.11642],[-8.20169,39.11251],[-8.19913,39.11],[-8.1983,39.10814],[-8.19799,39.1038],[-8.19876,39.10137],[-8.20097,39.09778],[-8.20134,39.09411],[-8.201,39.0922],[-8.20193,39.09075],[-8.20362,39.08966],[-8.2036,39.08759],[-8.20416,39.08658],[-8.20678,39.08475],[-8.20693,39.08183],[-8.20775,39.08014],[-8.20916,39.07985],[-8.20861,39.07888],[-8.20654,39.07751],[-8.20589,39.07524],[-8.2036,39.0758],[-8.20189,39.07552],[-8.20069,39.0757],[-8.19653,39.07451],[-8.1917,39.07434],[-8.19207,39.07312],[-8.19088,39.07075],[-8.18962,39.07156],[-8.18842,39.0717],[-8.18888,39.07087],[-8.18637,39.06834],[-8.18623,39.06644],[-8.18555,39.06568],[-8.18508,39.064],[-8.18699,39.06056],[-8.18638,39.06025],[-8.18587,39.05906],[-8.18551,39.05681],[-8.1862,39.05429],[-8.18398,39.05052],[-8.18122,39.05134],[-8.18002,39.05291],[-8.17861,39.05221],[-8.17617,39.05261],[-8.17619,39.05166],[-8.17562,39.05216],[-8.17361,39.05149],[-8.17381,39.05083],[-8.17578,39.04962],[-8.17745,39.04963],[-8.1786,39.04836],[-8.18014,39.04787],[-8.18166,39.04653],[-8.18069,39.04441],[-8.18157,39.04321],[-8.18275,39.0425],[-8.18744,39.04085],[-8.18956,39.04079],[-8.19099,39.04027],[-8.19371,39.04078],[-8.19432,39.04264],[-8.19507,39.04318],[-8.19695,39.04319],[-8.19955,39.04162],[-8.20095,39.04187],[-8.20371,39.04134],[-8.207,39.03837],[-8.20717,39.03736],[-8.21079,39.03773],[-8.21231,39.03664],[-8.2131,39.03491],[-8.21267,39.03347],[-8.21183,39.03251],[-8.21192,39.0316],[-8.21453,39.03144],[-8.21569,39.02954],[-8.21391,39.02467],[-8.21259,39.02306],[-8.21233,39.02197],[-8.2096,39.02137],[-8.20742,39.02251],[-8.20629,39.0225],[-8.20501,39.02368],[-8.20427,39.02533],[-8.20128,39.02406],[-8.19987,39.0228],[-8.19934,39.02112],[-8.19978,39.01994],[-8.19968,39.01799],[-8.19878,39.01652],[-8.19672,39.01498],[-8.19627,39.01329],[-8.19304,39.01118],[-8.1929,39.01003],[-8.19487,39.00826],[-8.19778,39.00853],[-8.19951,39.00786],[-8.20073,39.00575],[-8.2019,39.00537],[-8.20358,39.00342],[-8.20341,39.00314],[-8.20152,39.00169],[-8.2009,39.00169],[-8.19931,38.9995],[-8.19704,38.9974],[-8.19178,38.99459],[-8.19126,38.99388],[-8.19079,38.99114],[-8.18795,38.98906],[-8.18629,38.98857],[-8.18244,38.98875],[-8.17797,38.98644],[-8.17669,38.98636],[-8.17453,38.98553],[-8.17156,38.98261],[-8.17134,38.98146],[-8.17475,38.97992],[-8.17595,38.97766],[-8.17567,38.97558],[-8.17632,38.97215],[-8.17595,38.96784],[-8.17697,38.96517],[-8.17485,38.96233],[-8.1717,38.96105],[-8.16764,38.95785],[-8.16733,38.95256],[-8.16528,38.95151],[-8.16256,38.94659],[-8.16203,38.9469],[-8.15977,38.94667],[-8.15994,38.94509],[-8.15769,38.9449],[-8.15687,38.94341],[-8.14757,38.94577],[-8.14651,38.9427],[-8.14439,38.94246],[-8.14198,38.93849],[-8.1395,38.93739],[-8.13549,38.93849],[-8.13285,38.93871],[-8.1326,38.93826],[-8.1345,38.93457],[-8.13662,38.9324],[-8.13565,38.93166],[-8.13312,38.93091],[-8.1236,38.92676],[-8.12166,38.92748],[-8.122,38.92694],[-8.12111,38.92329],[-8.12158,38.91711],[-8.12105,38.9157],[-8.12262,38.91278],[-8.12209,38.90782],[-8.12297,38.906],[-8.12504,38.9043],[-8.12524,38.9029],[-8.12577,38.90231],[-8.12856,38.90249],[-8.1301,38.90324],[-8.13277,38.90353],[-8.13653,38.90502],[-8.13981,38.90388],[-8.1431,38.90371],[-8.14473,38.90398],[-8.15026,38.90596],[-8.15243,38.90758],[-8.15737,38.90692],[-8.15908,38.90628],[-8.16205,38.90775],[-8.16453,38.90651],[-8.16559,38.90716],[-8.16895,38.90807],[-8.17039,38.90963],[-8.17441,38.91188],[-8.17684,38.91505],[-8.17775,38.91361],[-8.17947,38.90723],[-8.17939,38.90589],[-8.17868,38.90282],[-8.17629,38.89759],[-8.17439,38.89082],[-8.17482,38.88625],[-8.17433,38.88443],[-8.17292,38.88281],[-8.17373,38.87931],[-8.17125,38.87699],[-8.16033,38.87291],[-8.15742,38.87123],[-8.15451,38.8718],[-8.15178,38.87117],[-8.15054,38.86867],[-8.15142,38.86565],[-8.15263,38.86407],[-8.15662,38.86092],[-8.15845,38.85625],[-8.16172,38.85573],[-8.16324,38.85146],[-8.16626,38.8483],[-8.17195,38.84423],[-8.17566,38.84092],[-8.17884,38.83642],[-8.1849,38.83048],[-8.21203,38.81321],[-8.22623,38.81043],[-8.23024,38.80802],[-8.23055,38.80742],[-8.2299,38.80454],[-8.22874,38.80338],[-8.22814,38.80188],[-8.22864,38.79825],[-8.22791,38.79208],[-8.22668,38.79079],[-8.22643,38.78771],[-8.2253,38.78703],[-8.22181,38.78594],[-8.2181,38.78209],[-8.21263,38.77835],[-8.20715,38.77676],[-8.20451,38.7741],[-8.1964,38.76945],[-8.19316,38.76533],[-8.19303,38.76439],[-8.19402,38.7626],[-8.19402,38.76172],[-8.18524,38.76262],[-8.17008,38.75921],[-8.15655,38.76055],[-8.15503,38.76125],[-8.14822,38.76634],[-8.1446,38.76775],[-8.14224,38.76764],[-8.1393,38.7686],[-8.1349,38.76784],[-8.13121,38.7666],[-8.12198,38.76458],[-8.11881,38.76311],[-8.12335,38.75894],[-8.12361,38.75749],[-8.12252,38.75467],[-8.12272,38.75309],[-8.12513,38.75],[-8.12533,38.74919],[-8.12389,38.74675],[-8.12394,38.74593],[-8.12586,38.74369],[-8.12679,38.74157],[-8.12667,38.73146],[-8.12586,38.73096],[-8.12666,38.72953],[-8.12377,38.72637],[-8.12091,38.72459],[-8.11964,38.72213],[-8.1232,38.72017],[-8.1234,38.71759],[-8.12566,38.71289],[-8.125,38.71101],[-8.12546,38.70985],[-8.1236,38.70522],[-8.12273,38.70405],[-8.12176,38.70042],[-8.11832,38.69683],[-8.11771,38.6957],[-8.11769,38.69389],[-8.11713,38.69387],[-8.11907,38.68978],[-8.11937,38.6837],[-8.1139,38.68502],[-8.10873,38.6878],[-8.10228,38.68972],[-8.08871,38.69202],[-8.08804,38.68905],[-8.09064,38.68549],[-8.09539,38.67169],[-8.0944,38.66546],[-8.0975,38.66139],[-8.09834,38.65566],[-8.09784,38.65462],[-8.09798,38.65364],[-8.09745,38.65351],[-8.09721,38.65273],[-8.0975,38.64955],[-8.09559,38.6482],[-8.09279,38.64362],[-8.09094,38.63958],[-8.09137,38.63701],[-8.09234,38.63467],[-8.09183,38.63303],[-8.0903,38.63148],[-8.08674,38.62957],[-8.08453,38.62534],[-8.08475,38.62174],[-8.0854,38.62142],[-8.08672,38.61923],[-8.08242,38.61734],[-8.07713,38.61421],[-8.06399,38.61068],[-8.0539,38.60525],[-8.05365,38.60452],[-8.05812,38.60373],[-8.06499,38.6017],[-8.07407,38.5978],[-8.07694,38.59731],[-8.0849,38.59733],[-8.08969,38.59615],[-8.09207,38.59473],[-8.09501,38.59064],[-8.10058,38.58792],[-8.10311,38.58408],[-8.10555,38.58517],[-8.10805,38.58358],[-8.11079,38.58688],[-8.11367,38.588],[-8.11483,38.5889],[-8.12239,38.59042],[-8.12628,38.58965],[-8.12869,38.5878],[-8.13028,38.58912],[-8.13131,38.58893],[-8.13629,38.58532],[-8.1381,38.58232],[-8.14095,38.58493],[-8.14882,38.58904],[-8.15013,38.58718],[-8.15032,38.58401],[-8.151,38.58284],[-8.14937,38.58065],[-8.1498,38.58008],[-8.14973,38.57904],[-8.15245,38.57529],[-8.15333,38.57448],[-8.1548,38.57397],[-8.15666,38.56936],[-8.15777,38.56881],[-8.16048,38.56847],[-8.16212,38.56688],[-8.16434,38.56655],[-8.16535,38.56687],[-8.16826,38.56638],[-8.17014,38.56705],[-8.17251,38.56657],[-8.17326,38.56678],[-8.17411,38.56593],[-8.17306,38.5635],[-8.17223,38.55815],[-8.17059,38.55635],[-8.16519,38.55522],[-8.16336,38.55538],[-8.16161,38.55621],[-8.16036,38.5549],[-8.16032,38.5535],[-8.16143,38.55259],[-8.1628,38.54977],[-8.16404,38.5495],[-8.16504,38.54788],[-8.16594,38.54799],[-8.1662,38.54772],[-8.16553,38.5458],[-8.16784,38.5421],[-8.16786,38.54016],[-8.16491,38.53491],[-8.16113,38.537],[-8.15859,38.53744],[-8.15769,38.53725],[-8.14772,38.53162],[-8.14214,38.52765],[-8.13531,38.52782],[-8.13533,38.52697],[-8.13796,38.52343],[-8.13684,38.52131],[-8.14108,38.51093],[-8.13952,38.50619],[-8.14075,38.50616],[-8.13977,38.50203],[-8.13704,38.49654],[-8.13799,38.49553],[-8.14024,38.49418],[-8.15403,38.49756],[-8.15425,38.49819],[-8.1581,38.49922],[-8.15917,38.50077],[-8.16003,38.49971],[-8.16081,38.49651],[-8.16014,38.49814],[-8.16408,38.49929],[-8.166,38.49852],[-8.17082,38.49743],[-8.17517,38.49798],[-8.17708,38.49721],[-8.1827,38.49597],[-8.18765,38.49654],[-8.18947,38.49713],[-8.19082,38.49825],[-8.19814,38.49406],[-8.20167,38.49265],[-8.20875,38.49337],[-8.21094,38.49437],[-8.2167,38.49573],[-8.22187,38.49356],[-8.22376,38.49328],[-8.22468,38.49264],[-8.22744,38.49229],[-8.22872,38.49169],[-8.23285,38.49136],[-8.23612,38.49161],[-8.24549,38.49013],[-8.2489,38.49594],[-8.24975,38.49551],[-8.25222,38.49537],[-8.25831,38.49276],[-8.26099,38.49075],[-8.26428,38.48735],[-8.26822,38.48626],[-8.27115,38.4865],[-8.27686,38.48371],[-8.28442,38.48128],[-8.28722,38.48001],[-8.28884,38.47844],[-8.29139,38.47735],[-8.29526,38.47471],[-8.2969,38.47592],[-8.29886,38.47661],[-8.29898,38.47753],[-8.30189,38.48061],[-8.3044,38.4807],[-8.30487,38.48657],[-8.30573,38.48702],[-8.30599,38.48766],[-8.30608,38.4895],[-8.30527,38.49001],[-8.30664,38.49186],[-8.30683,38.49127],[-8.30809,38.49169],[-8.3093,38.49147],[-8.31494,38.49254],[-8.3192,38.49219],[-8.32156,38.49344],[-8.32299,38.49327],[-8.32718,38.49409],[-8.32955,38.49251],[-8.33157,38.49176],[-8.3502,38.48871],[-8.35368,38.48568],[-8.3549,38.48556],[-8.36004,38.48642],[-8.36262,38.4849],[-8.36475,38.48072],[-8.36907,38.47882],[-8.36958,38.47653],[-8.37219,38.47378],[-8.3712,38.4672],[-8.37167,38.46541],[-8.38072,38.45589],[-8.38815,38.45221],[-8.39101,38.44958],[-8.39197,38.44777],[-8.39908,38.45161],[-8.39966,38.45095],[-8.40154,38.45032],[-8.40635,38.45273],[-8.40851,38.45282],[-8.41507,38.45203],[-8.41988,38.45208],[-8.42159,38.45141],[-8.4236,38.45194],[-8.42691,38.45182],[-8.4281,38.45248],[-8.43227,38.45043],[-8.4357,38.44982],[-8.43777,38.44891],[-8.44023,38.44857],[-8.44307,38.44895],[-8.44777,38.44696],[-8.44895,38.44693],[-8.45249,38.44301],[-8.45563,38.44172],[-8.45791,38.44144],[-8.45868,38.44071],[-8.46021,38.4404],[-8.46276,38.44122],[-8.4613,38.43368],[-8.45928,38.43191],[-8.45873,38.43084],[-8.45694,38.42998],[-8.45682,38.42851],[-8.45519,38.42657],[-8.45324,38.42524],[-8.45293,38.42448],[-8.45018,38.42324],[-8.45055,38.41709],[-8.44996,38.41613],[-8.44983,38.41243],[-8.44936,38.41143],[-8.45012,38.40967],[-8.45316,38.40843],[-8.44978,38.40406],[-8.4482,38.40074],[-8.44586,38.3987],[-8.4543,38.39503],[-8.45757,38.39227],[-8.46065,38.39213],[-8.46317,38.3911],[-8.46572,38.38888],[-8.46774,38.38588],[-8.47285,38.38138],[-8.48221,38.37115],[-8.48473,38.37029],[-8.48751,38.36874],[-8.48862,38.36764],[-8.49099,38.3673],[-8.49916,38.3697],[-8.50185,38.3697],[-8.50332,38.36882],[-8.50612,38.37031],[-8.51041,38.36918],[-8.51084,38.36876],[-8.5172,38.34884],[-8.51924,38.34706],[-8.51852,38.34521],[-8.51889,38.34347],[-8.53026,38.30752]]}},{"type":"Feature","properties":{"name":"TET_P-05_20250305","country":"PT","lengthKm":517.2},"geometry":{"type":"LineString","coordinates":[[-8.53027,38.30753],[-8.53191,38.30277],[-8.54096,38.30258],[-8.54786,38.30077],[-8.54947,38.29747],[-8.55208,38.29585],[-8.5583,38.29401],[-8.56541,38.29291],[-8.56739,38.29199],[-8.56925,38.29386],[-8.57123,38.29368],[-8.57378,38.29181],[-8.57483,38.29146],[-8.58636,38.28903],[-8.59636,38.28973],[-8.62535,38.29351],[-8.63398,38.29731],[-8.63692,38.28011],[-8.63976,38.27276],[-8.64271,38.27099],[-8.66258,38.26608],[-8.6758,38.26365],[-8.678,38.26208],[-8.67818,38.2615],[-8.66734,38.24941],[-8.67119,38.24744],[-8.67253,38.24729],[-8.67403,38.24798],[-8.67517,38.24905],[-8.68689,38.25132],[-8.68774,38.25194],[-8.69142,38.25066],[-8.69913,38.252],[-8.70159,38.25362],[-8.7043,38.25656],[-8.71678,38.26199],[-8.72107,38.24906],[-8.72678,38.22749],[-8.72851,38.22433],[-8.72975,38.21003],[-8.7317,38.20295],[-8.73214,38.20283],[-8.7304,38.18796],[-8.72847,38.18366],[-8.73057,38.17738],[-8.73058,38.16862],[-8.72997,38.16316],[-8.73073,38.16095],[-8.73096,38.15535],[-8.73172,38.15334],[-8.73199,38.15064],[-8.72908,38.14729],[-8.72901,38.14662],[-8.72841,38.14666],[-8.72761,38.14575],[-8.72667,38.14539],[-8.72692,38.14214],[-8.7262,38.13784],[-8.72489,38.1376],[-8.72378,38.1369],[-8.72228,38.13691],[-8.72088,38.13643],[-8.72064,38.13534],[-8.71979,38.13431],[-8.71915,38.13387],[-8.71573,38.13342],[-8.71419,38.13159],[-8.71529,38.12785],[-8.71607,38.12672],[-8.71714,38.12584],[-8.71936,38.12594],[-8.72186,38.12292],[-8.72104,38.12186],[-8.71715,38.12172],[-8.71492,38.11938],[-8.7109,38.11693],[-8.70717,38.11582],[-8.70518,38.11579],[-8.70196,38.11433],[-8.70021,38.11446],[-8.69663,38.11321],[-8.69575,38.11251],[-8.69582,38.11185],[-8.69527,38.11136],[-8.68926,38.11012],[-8.6878,38.11024],[-8.68621,38.10918],[-8.68604,38.1089],[-8.68716,38.10822],[-8.68641,38.10655],[-8.68687,38.10555],[-8.68633,38.10518],[-8.68769,38.10432],[-8.68786,38.1033],[-8.68759,38.10242],[-8.68692,38.10279],[-8.68702,38.10161],[-8.68843,38.10038],[-8.68823,38.09964],[-8.68713,38.0987],[-8.68677,38.09724],[-8.68579,38.09712],[-8.68604,38.09484],[-8.68538,38.09389],[-8.68562,38.09138],[-8.68511,38.09095],[-8.68525,38.09054],[-8.68742,38.09148],[-8.68541,38.08907],[-8.68536,38.08804],[-8.68706,38.08711],[-8.68604,38.08645],[-8.68874,38.08533],[-8.68972,38.08336],[-8.68969,38.08274],[-8.68853,38.08226],[-8.68718,38.08058],[-8.6878,38.07859],[-8.68858,38.07807],[-8.68876,38.07737],[-8.68343,38.07282],[-8.68301,38.07222],[-8.68336,38.07131],[-8.68235,38.0699],[-8.68008,38.07017],[-8.67947,38.06979],[-8.67644,38.07091],[-8.67542,38.07059],[-8.66846,38.07145],[-8.66816,38.07071],[-8.67478,38.06994],[-8.67764,38.06862],[-8.67969,38.06667],[-8.68029,38.06335],[-8.68124,38.06234],[-8.68224,38.05976],[-8.68146,38.0591],[-8.681,38.05959],[-8.68001,38.05977],[-8.67727,38.05964],[-8.67721,38.05848],[-8.6793,38.05652],[-8.6788,38.05546],[-8.6807,38.05488],[-8.68117,38.05413],[-8.68344,38.05327],[-8.68377,38.0527],[-8.68462,38.05344],[-8.68557,38.05329],[-8.68706,38.05365],[-8.68821,38.05331],[-8.6889,38.05228],[-8.68961,38.05277],[-8.69231,38.05309],[-8.69255,38.05248],[-8.69427,38.05285],[-8.69484,38.05239],[-8.69622,38.05217],[-8.69725,38.05315],[-8.69846,38.05312],[-8.70095,38.05454],[-8.70316,38.05336],[-8.7058,38.053],[-8.70467,38.05112],[-8.70491,38.04982],[-8.70641,38.04872],[-8.70651,38.04763],[-8.70863,38.04633],[-8.7097,38.04409],[-8.71104,38.0382],[-8.71238,38.03562],[-8.71107,38.03475],[-8.7089,38.03113],[-8.70851,38.02971],[-8.70957,38.02964],[-8.71054,38.02864],[-8.70953,38.02796],[-8.70869,38.02641],[-8.70468,38.0232],[-8.70531,38.0206],[-8.70441,38.0209],[-8.7009,38.02015],[-8.6994,38.01866],[-8.69672,38.01775],[-8.69688,38.0172],[-8.69488,38.01779],[-8.69267,38.01748],[-8.69334,38.0106],[-8.69269,38.00656],[-8.69373,38.00377],[-8.69672,38.00399],[-8.69853,38.00361],[-8.69871,38.00271],[-8.70116,38.00234],[-8.70243,38.00147],[-8.70338,38.00132],[-8.70686,37.9963],[-8.70669,37.99389],[-8.70538,37.99251],[-8.70242,37.99102],[-8.70174,37.98996],[-8.69978,37.98906],[-8.7001,37.98718],[-8.69962,37.98585],[-8.69862,37.98522],[-8.69838,37.98337],[-8.69908,37.98067],[-8.69846,37.97893],[-8.69925,37.97817],[-8.70097,37.97846],[-8.70147,37.97822],[-8.70265,37.97879],[-8.70528,37.97873],[-8.70776,37.98],[-8.70914,37.97953],[-8.714,37.98098],[-8.71669,37.98125],[-8.71802,37.98196],[-8.7191,37.98191],[-8.72209,37.98062],[-8.72706,37.97925],[-8.72762,37.97828],[-8.7276,37.97714],[-8.72989,37.97285],[-8.72952,37.97072],[-8.72775,37.97029],[-8.72679,37.96928],[-8.7257,37.9691],[-8.72629,37.96813],[-8.72628,37.96555],[-8.7268,37.96355],[-8.72537,37.96148],[-8.72538,37.96037],[-8.726,37.95991],[-8.72605,37.9593],[-8.72306,37.95687],[-8.72213,37.95341],[-8.72215,37.95184],[-8.72323,37.95069],[-8.72279,37.94942],[-8.72297,37.94833],[-8.72219,37.94839],[-8.72051,37.94713],[-8.72144,37.94552],[-8.7235,37.94357],[-8.72314,37.94266],[-8.72048,37.9444],[-8.71664,37.9422],[-8.71652,37.94171],[-8.71543,37.94185],[-8.71338,37.93787],[-8.71074,37.93722],[-8.70929,37.93525],[-8.70737,37.93547],[-8.70381,37.93484],[-8.7015,37.93355],[-8.70117,37.93175],[-8.69895,37.93199],[-8.69551,37.93123],[-8.69528,37.92932],[-8.69168,37.92695],[-8.69138,37.92615],[-8.69211,37.92539],[-8.69031,37.92383],[-8.69132,37.92261],[-8.69738,37.923],[-8.70243,37.92281],[-8.70392,37.92238],[-8.70515,37.92055],[-8.70509,37.91891],[-8.70591,37.91852],[-8.70816,37.91579],[-8.7105,37.91459],[-8.7126,37.91152],[-8.71287,37.9093],[-8.71512,37.90381],[-8.71548,37.90343],[-8.71736,37.90316],[-8.71783,37.90246],[-8.72051,37.90107],[-8.72453,37.90122],[-8.72494,37.90172],[-8.73013,37.90223],[-8.7292,37.904],[-8.73011,37.90528],[-8.73191,37.90593],[-8.73175,37.90841],[-8.73235,37.90938],[-8.73146,37.91063],[-8.73131,37.91251],[-8.73246,37.91499],[-8.734,37.91497],[-8.73484,37.91458],[-8.73776,37.91179],[-8.74247,37.9099],[-8.74783,37.90897],[-8.74931,37.90821],[-8.74926,37.90943],[-8.75017,37.90958],[-8.75048,37.91045],[-8.75135,37.91093],[-8.76268,37.90429],[-8.76387,37.90209],[-8.76332,37.90043],[-8.75677,37.89304],[-8.75407,37.89261],[-8.74983,37.89008],[-8.75022,37.88728],[-8.74996,37.88524],[-8.7511,37.88171],[-8.75124,37.87957],[-8.75376,37.87389],[-8.7516,37.87145],[-8.74769,37.86912],[-8.74778,37.86757],[-8.74856,37.86624],[-8.74707,37.8626],[-8.74709,37.86146],[-8.74261,37.86025],[-8.73965,37.86073],[-8.7378,37.85995],[-8.73586,37.85964],[-8.73266,37.86117],[-8.7245,37.86327],[-8.72147,37.86535],[-8.72063,37.86652],[-8.7196,37.86612],[-8.71593,37.86589],[-8.71343,37.86471],[-8.71046,37.86414],[-8.70768,37.86427],[-8.70589,37.86376],[-8.69829,37.85955],[-8.69131,37.85662],[-8.69042,37.85605],[-8.68667,37.85141],[-8.68369,37.8498],[-8.6822,37.84854],[-8.67393,37.84612],[-8.67702,37.84196],[-8.67804,37.83804],[-8.67756,37.83113],[-8.67662,37.82643],[-8.67705,37.82438],[-8.6791,37.82235],[-8.68011,37.81844],[-8.67674,37.81745],[-8.67526,37.8161],[-8.67373,37.81574],[-8.67289,37.81332],[-8.66546,37.8097],[-8.66588,37.80908],[-8.66946,37.8077],[-8.67073,37.80573],[-8.67302,37.80475],[-8.67415,37.80237],[-8.67247,37.80137],[-8.67208,37.8004],[-8.67448,37.79887],[-8.67539,37.79882],[-8.67495,37.7984],[-8.67595,37.79579],[-8.67779,37.794],[-8.67788,37.79238],[-8.67918,37.79062],[-8.68073,37.78972],[-8.68204,37.78946],[-8.68463,37.78782],[-8.68657,37.78766],[-8.68755,37.78386],[-8.68976,37.78062],[-8.69442,37.77944],[-8.69834,37.77778],[-8.69919,37.77631],[-8.70066,37.77518],[-8.70152,37.77352],[-8.7022,37.77367],[-8.70258,37.77288],[-8.7033,37.77261],[-8.70257,37.77182],[-8.7035,37.77094],[-8.70301,37.77011],[-8.70379,37.76941],[-8.70466,37.76972],[-8.70553,37.76935],[-8.70551,37.76803],[-8.706,37.76787],[-8.70676,37.76526],[-8.70495,37.7647],[-8.704,37.76054],[-8.7057,37.75882],[-8.70789,37.75824],[-8.71038,37.75668],[-8.70988,37.75591],[-8.71106,37.75439],[-8.71166,37.75227],[-8.70995,37.74933],[-8.70934,37.74924],[-8.70822,37.74769],[-8.704,37.74674],[-8.70349,37.74564],[-8.70531,37.74543],[-8.70576,37.7441],[-8.70447,37.74435],[-8.70377,37.74412],[-8.70268,37.74085],[-8.7007,37.73962],[-8.69977,37.74016],[-8.69961,37.74159],[-8.69814,37.7422],[-8.69628,37.74234],[-8.69317,37.73988],[-8.69191,37.73773],[-8.69103,37.73736],[-8.69123,37.73671],[-8.69003,37.73513],[-8.68756,37.73456],[-8.68448,37.73558],[-8.68438,37.73638],[-8.68307,37.73585],[-8.67977,37.73165],[-8.67888,37.72892],[-8.67938,37.72756],[-8.67776,37.72477],[-8.67709,37.72219],[-8.67394,37.72166],[-8.67146,37.7182],[-8.66851,37.71583],[-8.66747,37.7159],[-8.66617,37.71536],[-8.66363,37.71566],[-8.66525,37.71408],[-8.66184,37.71285],[-8.66422,37.71086],[-8.66273,37.7106],[-8.65993,37.70909],[-8.65747,37.70876],[-8.65732,37.70816],[-8.65864,37.70531],[-8.65879,37.70323],[-8.65837,37.70243],[-8.65511,37.69992],[-8.65162,37.70122],[-8.64637,37.70111],[-8.64211,37.69688],[-8.64185,37.69516],[-8.6412,37.69441],[-8.63986,37.69379],[-8.6351,37.69365],[-8.63348,37.69305],[-8.63219,37.69151],[-8.628,37.69116],[-8.62665,37.69152],[-8.62528,37.69082],[-8.62411,37.68847],[-8.62284,37.688],[-8.62241,37.68724],[-8.62295,37.68198],[-8.62259,37.67958],[-8.6214,37.67838],[-8.62018,37.67879],[-8.61982,37.67675],[-8.61767,37.67604],[-8.61719,37.67534],[-8.61651,37.67662],[-8.61431,37.67769],[-8.61019,37.68057],[-8.6082,37.68111],[-8.60609,37.68071],[-8.60558,37.68313],[-8.60466,37.68395],[-8.60172,37.6838],[-8.60049,37.68517],[-8.59863,37.68526],[-8.59459,37.68764],[-8.5921,37.68768],[-8.58916,37.6905],[-8.5885,37.69156],[-8.58923,37.69348],[-8.58674,37.69503],[-8.58691,37.69581],[-8.58549,37.69607],[-8.58474,37.69682],[-8.5832,37.69669],[-8.58249,37.69755],[-8.58251,37.69837],[-8.58155,37.69889],[-8.57934,37.69858],[-8.57171,37.70215],[-8.56931,37.69928],[-8.56854,37.69705],[-8.5664,37.69657],[-8.5631,37.69404],[-8.56141,37.69397],[-8.56115,37.69288],[-8.56181,37.69167],[-8.5606,37.69145],[-8.5569,37.69199],[-8.55421,37.6913],[-8.55332,37.69175],[-8.55278,37.69291],[-8.5516,37.69278],[-8.55073,37.69322],[-8.55017,37.69222],[-8.54927,37.6925],[-8.54831,37.69224],[-8.54902,37.69001],[-8.55084,37.68797],[-8.55153,37.68532],[-8.55322,37.68464],[-8.55515,37.68504],[-8.563,37.68353],[-8.5659,37.68436],[-8.56789,37.68303],[-8.56872,37.68174],[-8.57032,37.68059],[-8.57387,37.68067],[-8.57586,37.68032],[-8.57945,37.67769],[-8.58099,37.67715],[-8.58332,37.67712],[-8.58435,37.67657],[-8.58785,37.67277],[-8.58924,37.67262],[-8.59075,37.67307],[-8.59262,37.672],[-8.59462,37.66815],[-8.59364,37.66775],[-8.59238,37.66623],[-8.59063,37.66499],[-8.59051,37.66307],[-8.59139,37.6612],[-8.59117,37.65915],[-8.59296,37.65811],[-8.5956,37.65753],[-8.5983,37.65536],[-8.60191,37.65598],[-8.60241,37.65288],[-8.60292,37.65224],[-8.60584,37.65139],[-8.60726,37.64978],[-8.60834,37.64944],[-8.61012,37.64496],[-8.6096,37.6429],[-8.61199,37.63926],[-8.61408,37.63865],[-8.61697,37.63907],[-8.61785,37.6384],[-8.61904,37.63838],[-8.61955,37.63778],[-8.6201,37.63793],[-8.62061,37.63872],[-8.62031,37.63952],[-8.6183,37.64092],[-8.61862,37.64414],[-8.6183,37.64092],[-8.62031,37.63952],[-8.62066,37.63856],[-8.62045,37.63807],[-8.61869,37.63758],[-8.61858,37.63722],[-8.61939,37.63691],[-8.6223,37.63744],[-8.62298,37.63724],[-8.62328,37.63646],[-8.62257,37.63487],[-8.62293,37.63404],[-8.62399,37.63361],[-8.62723,37.63363],[-8.62589,37.63112],[-8.62559,37.62913],[-8.62557,37.62585],[-8.62639,37.62428],[-8.62804,37.62325],[-8.63102,37.62244],[-8.63165,37.6216],[-8.63278,37.62141],[-8.63305,37.62096],[-8.63547,37.62081],[-8.63841,37.62161],[-8.63952,37.61901],[-8.64228,37.61792],[-8.64453,37.61588],[-8.64581,37.61547],[-8.64885,37.61589],[-8.65075,37.61569],[-8.65394,37.61398],[-8.65497,37.6122],[-8.65489,37.61157],[-8.65536,37.61129],[-8.65493,37.61051],[-8.6533,37.61062],[-8.65424,37.60944],[-8.65204,37.60917],[-8.65007,37.60799],[-8.64902,37.60623],[-8.64696,37.60665],[-8.64724,37.60561],[-8.64606,37.60373],[-8.64635,37.60137],[-8.64582,37.6003],[-8.64582,37.59876],[-8.6432,37.59607],[-8.6427,37.59602],[-8.64569,37.59337],[-8.64504,37.59164],[-8.64293,37.59079],[-8.64249,37.59098],[-8.64195,37.59249],[-8.63811,37.59284],[-8.63697,37.59064],[-8.63343,37.58808],[-8.63263,37.58794],[-8.63029,37.58853],[-8.63104,37.58715],[-8.62925,37.58596],[-8.62674,37.58033],[-8.62481,37.57881],[-8.62167,37.57885],[-8.61629,37.58244],[-8.61506,37.58278],[-8.61372,37.5827],[-8.61217,37.58206],[-8.61141,37.58272],[-8.61051,37.58228],[-8.60872,37.58245],[-8.60717,37.58164],[-8.60695,37.58028],[-8.60488,37.57879],[-8.60419,37.57866],[-8.60319,37.57968],[-8.6031,37.57722],[-8.60219,37.57627],[-8.60212,37.57474],[-8.60113,37.57345],[-8.6032,37.57232],[-8.60368,37.57132],[-8.60342,37.57076],[-8.59998,37.57129],[-8.59924,37.5717],[-8.59782,37.57134],[-8.59534,37.56792],[-8.59545,37.56708],[-8.5968,37.56526],[-8.60109,37.56154],[-8.60186,37.56127],[-8.60178,37.55993],[-8.60005,37.5588],[-8.59699,37.55862],[-8.58806,37.55996],[-8.58624,37.5598],[-8.58384,37.55888],[-8.58286,37.55925],[-8.58162,37.56227],[-8.58218,37.56667],[-8.5785,37.57103],[-8.57784,37.57128],[-8.57724,37.57103],[-8.57598,37.57221],[-8.57365,37.5728],[-8.57073,37.57547],[-8.56938,37.57583],[-8.569,37.57747],[-8.56655,37.57752],[-8.56084,37.57843],[-8.55911,37.57664],[-8.55942,37.57628],[-8.55905,37.57583],[-8.55954,37.57292],[-8.56052,37.57159],[-8.56036,37.57091],[-8.56107,37.56976],[-8.56129,37.5683],[-8.56031,37.56599],[-8.56087,37.56521],[-8.56048,37.56457],[-8.55972,37.56462],[-8.55567,37.56739],[-8.55157,37.56624],[-8.55091,37.56454],[-8.54936,37.56452],[-8.54921,37.56543],[-8.5471,37.56593],[-8.54447,37.56355],[-8.54289,37.56289],[-8.54132,37.56356],[-8.54136,37.56511],[-8.54054,37.56599],[-8.53977,37.56611],[-8.53749,37.56479],[-8.53552,37.56553],[-8.5342,37.5655],[-8.53284,37.56446],[-8.53344,37.56221],[-8.53263,37.55993],[-8.53347,37.5591],[-8.53145,37.55742],[-8.53085,37.55574],[-8.52982,37.55468],[-8.5296,37.55278],[-8.53113,37.55125],[-8.52933,37.55027],[-8.52909,37.54884],[-8.52811,37.54776],[-8.52537,37.54883],[-8.52452,37.54789],[-8.52337,37.54755],[-8.52131,37.54784],[-8.52026,37.5474],[-8.51899,37.54618],[-8.51921,37.54477],[-8.51877,37.54438],[-8.51611,37.54646],[-8.51281,37.5468],[-8.51189,37.54622],[-8.50977,37.54678],[-8.50795,37.54815],[-8.50628,37.54803],[-8.50448,37.54851],[-8.50288,37.55017],[-8.50072,37.55075],[-8.50037,37.55134],[-8.49942,37.55117],[-8.49515,37.54895],[-8.49413,37.55055],[-8.4927,37.55114],[-8.49037,37.55117],[-8.48962,37.55175],[-8.48914,37.55291],[-8.48791,37.55388],[-8.48715,37.5539],[-8.48771,37.5518],[-8.48713,37.54775],[-8.48495,37.54476],[-8.48531,37.53911],[-8.48338,37.53822],[-8.47989,37.53116],[-8.47889,37.53071],[-8.47709,37.53097],[-8.47536,37.52994],[-8.47515,37.52828],[-8.47413,37.52611],[-8.47498,37.52271],[-8.47542,37.51637],[-8.47714,37.51348],[-8.47569,37.51267],[-8.47563,37.5121],[-8.47275,37.50997],[-8.47153,37.5096],[-8.47044,37.50966],[-8.46906,37.50905],[-8.46243,37.51059],[-8.4579,37.50827],[-8.45668,37.50809],[-8.4514,37.51019],[-8.44769,37.50874],[-8.44576,37.50856],[-8.44335,37.50886],[-8.44276,37.50929],[-8.44285,37.51174],[-8.44122,37.5109],[-8.44103,37.51043],[-8.4425,37.50805],[-8.44533,37.50614],[-8.44407,37.50619],[-8.44249,37.50694],[-8.44047,37.5073],[-8.43912,37.50699],[-8.43662,37.5056],[-8.4356,37.50619],[-8.43407,37.50458],[-8.43173,37.5046],[-8.43013,37.50319],[-8.42909,37.50078],[-8.42881,37.49891],[-8.42503,37.49363],[-8.42534,37.49218],[-8.42351,37.49143],[-8.42312,37.4903],[-8.42347,37.49003],[-8.42599,37.49],[-8.42697,37.48955],[-8.42725,37.4886],[-8.43042,37.48673],[-8.43084,37.48553],[-8.43076,37.48333],[-8.43201,37.48066],[-8.4329,37.4807],[-8.43405,37.48145],[-8.44147,37.48203],[-8.44409,37.48628],[-8.44582,37.48697],[-8.44753,37.48678],[-8.4479,37.48736],[-8.44757,37.48821],[-8.44902,37.48786],[-8.44932,37.48871],[-8.451,37.48783],[-8.45207,37.48617],[-8.45284,37.48575],[-8.45436,37.48626],[-8.4574,37.4861],[-8.459,37.48684],[-8.46057,37.48693],[-8.46179,37.48612],[-8.46456,37.48526],[-8.46694,37.48505],[-8.46822,37.48546],[-8.46857,37.48721],[-8.47085,37.48992],[-8.47229,37.49032],[-8.47384,37.48986],[-8.47584,37.49106],[-8.47561,37.49199],[-8.47595,37.4924],[-8.47765,37.49242],[-8.4796,37.49133],[-8.47991,37.49148],[-8.48004,37.49402],[-8.48149,37.49347],[-8.48175,37.49585],[-8.48299,37.49576],[-8.48335,37.49812],[-8.48411,37.49897],[-8.48547,37.49854],[-8.48853,37.49945],[-8.49086,37.49924],[-8.4934,37.50008],[-8.49493,37.49949],[-8.49635,37.49781],[-8.49747,37.49909],[-8.49969,37.50061],[-8.5004,37.50194],[-8.50229,37.50387],[-8.50463,37.50319],[-8.50829,37.50452],[-8.50833,37.50523],[-8.51039,37.50632],[-8.512,37.50818],[-8.5141,37.50959],[-8.51621,37.51039],[-8.51787,37.51077],[-8.51861,37.51057],[-8.51931,37.50965],[-8.52458,37.50777],[-8.52802,37.50606],[-8.53252,37.50684],[-8.53304,37.50789],[-8.53345,37.50744],[-8.53657,37.50794],[-8.54161,37.50642],[-8.54201,37.50596],[-8.54151,37.5055],[-8.54305,37.50461],[-8.54397,37.50467],[-8.54524,37.50585],[-8.54576,37.50577],[-8.54586,37.50751],[-8.54664,37.50791],[-8.54693,37.50676],[-8.5515,37.50341],[-8.55377,37.50322],[-8.5557,37.5039],[-8.55575,37.50271],[-8.55281,37.50194],[-8.55429,37.50182],[-8.55467,37.50157],[-8.55448,37.50085],[-8.55506,37.50084],[-8.5563,37.49985],[-8.55616,37.49779],[-8.55741,37.49746],[-8.55843,37.49531],[-8.55786,37.4919],[-8.5561,37.4914],[-8.55529,37.49078],[-8.55641,37.49021],[-8.55632,37.48972],[-8.55715,37.48906],[-8.55703,37.48832],[-8.55797,37.48682],[-8.5592,37.48645],[-8.56079,37.48429],[-8.56108,37.48281],[-8.56395,37.48111],[-8.5648,37.48099],[-8.56465,37.48022],[-8.56528,37.47857],[-8.56465,37.47633],[-8.56339,37.47514],[-8.56304,37.47332],[-8.5659,37.47313],[-8.56861,37.4745],[-8.5719,37.48115],[-8.57429,37.48258],[-8.57637,37.48316],[-8.57717,37.48432],[-8.57936,37.4847],[-8.5809,37.48547],[-8.5799,37.48365],[-8.58062,37.4841],[-8.5814,37.48406],[-8.58237,37.48315],[-8.58201,37.48266],[-8.58326,37.48233],[-8.58271,37.48098],[-8.58301,37.48052],[-8.58409,37.48086],[-8.58534,37.47912],[-8.58573,37.47707],[-8.58639,37.47696],[-8.58686,37.47553],[-8.58666,37.47468],[-8.58748,37.47205],[-8.58959,37.46921],[-8.59199,37.46823],[-8.59256,37.46673],[-8.5936,37.46557],[-8.59447,37.46093],[-8.59554,37.45903],[-8.59492,37.45838],[-8.59569,37.45703],[-8.59531,37.45588],[-8.59755,37.45098],[-8.59693,37.44771],[-8.59762,37.44686],[-8.59773,37.44562],[-8.60038,37.44413],[-8.60063,37.44352],[-8.60349,37.44275],[-8.60476,37.44119],[-8.60674,37.44157],[-8.60676,37.44209],[-8.6081,37.44269],[-8.61068,37.44225],[-8.61308,37.44386],[-8.61393,37.44364],[-8.61529,37.44394],[-8.61771,37.44229],[-8.61926,37.43982],[-8.61962,37.43814],[-8.62119,37.43753],[-8.62288,37.43792],[-8.62422,37.43773],[-8.62698,37.43979],[-8.62907,37.43978],[-8.63055,37.43886],[-8.63268,37.44003],[-8.63435,37.44012],[-8.6364,37.44089],[-8.63787,37.44009],[-8.6405,37.44044],[-8.64278,37.43902],[-8.64508,37.43984],[-8.6554,37.44128],[-8.65712,37.44094],[-8.65745,37.44057],[-8.65818,37.43639],[-8.65937,37.43578],[-8.66394,37.43915],[-8.66463,37.44064],[-8.66431,37.44205],[-8.66528,37.44348],[-8.6694,37.44665],[-8.67003,37.44779],[-8.6725,37.45002],[-8.67538,37.45177],[-8.67759,37.45383],[-8.69722,37.45633],[-8.69948,37.45567],[-8.70177,37.45633],[-8.70429,37.45556],[-8.70517,37.45568],[-8.70668,37.45417],[-8.70648,37.45439],[-8.70423,37.44877],[-8.70339,37.44783],[-8.70382,37.44754],[-8.7047,37.4477],[-8.70501,37.44733],[-8.70373,37.44637],[-8.70318,37.44528],[-8.70359,37.44333],[-8.70446,37.44292],[-8.7045,37.44152],[-8.70548,37.4412],[-8.70505,37.44047],[-8.70575,37.43955],[-8.70542,37.43698],[-8.7057,37.43655],[-8.7035,37.43572],[-8.70225,37.4339],[-8.69993,37.43178],[-8.69772,37.43064],[-8.69646,37.429],[-8.69526,37.42826],[-8.69269,37.42479],[-8.6901,37.42297],[-8.68861,37.42051],[-8.68615,37.41928],[-8.68324,37.41848],[-8.68103,37.41851],[-8.67987,37.41801],[-8.68421,37.41669],[-8.68514,37.41585],[-8.69067,37.41873],[-8.69616,37.41907],[-8.69853,37.41765],[-8.70194,37.41863],[-8.70406,37.41696],[-8.70472,37.41585],[-8.70488,37.41399],[-8.70644,37.41214],[-8.70865,37.41228],[-8.70834,37.41166],[-8.71102,37.41138],[-8.71288,37.41035],[-8.71505,37.41059],[-8.71592,37.41081],[-8.71677,37.4117],[-8.71904,37.41267],[-8.72047,37.41383],[-8.7256,37.41596],[-8.73551,37.41503],[-8.73746,37.41565],[-8.73853,37.41556],[-8.74097,37.41703],[-8.74225,37.41725],[-8.74308,37.41782],[-8.74373,37.41911],[-8.74457,37.41933],[-8.74743,37.42215],[-8.74678,37.42283],[-8.75157,37.42369],[-8.75261,37.42458],[-8.75157,37.42782],[-8.75005,37.42911],[-8.74963,37.4301],[-8.75402,37.43021],[-8.75524,37.42982],[-8.75535,37.42912],[-8.75659,37.42936],[-8.758,37.42895],[-8.76169,37.43036],[-8.76237,37.43174],[-8.76329,37.4319],[-8.76389,37.43267],[-8.76614,37.43362],[-8.76662,37.43354],[-8.76759,37.43412],[-8.77148,37.43431],[-8.77307,37.43319],[-8.77154,37.43284],[-8.77122,37.43238],[-8.77213,37.43251],[-8.77131,37.43129],[-8.77256,37.4301],[-8.7732,37.42756],[-8.77197,37.42603],[-8.77067,37.42579],[-8.7685,37.42242],[-8.77023,37.42191],[-8.76692,37.4178],[-8.76602,37.41365],[-8.76549,37.41306],[-8.75837,37.40843],[-8.75582,37.40735],[-8.7486,37.40157],[-8.74607,37.40166],[-8.74055,37.40278],[-8.73923,37.40419],[-8.73868,37.40424],[-8.73981,37.40251],[-8.7397,37.40123],[-8.73594,37.40027],[-8.73504,37.39663],[-8.73376,37.39506],[-8.73078,37.39396],[-8.73064,37.39244],[-8.73108,37.39164],[-8.73078,37.39116],[-8.7314,37.38993],[-8.73088,37.38814],[-8.73106,37.38674],[-8.72716,37.38382],[-8.72516,37.38314],[-8.72144,37.38327],[-8.7191,37.38161],[-8.71763,37.37914],[-8.71362,37.3759],[-8.71126,37.37547],[-8.71048,37.37479],[-8.70701,37.37318],[-8.70683,37.37337],[-8.70503,37.37149],[-8.7054,37.37197],[-8.70475,37.37174],[-8.70326,37.37236],[-8.70263,37.37228],[-8.70185,37.37287],[-8.70148,37.37242],[-8.70019,37.37365],[-8.69955,37.3734],[-8.6984,37.37395],[-8.69759,37.37391],[-8.69659,37.37464],[-8.69486,37.37231],[-8.69444,37.36952],[-8.69368,37.36871],[-8.69456,37.36733],[-8.69289,37.36662],[-8.6917,37.3666],[-8.69074,37.36726],[-8.68976,37.36895],[-8.68858,37.36929],[-8.68619,37.36853],[-8.68761,37.36539],[-8.68508,37.35928],[-8.68641,37.35979],[-8.68546,37.35866],[-8.68,37.35711],[-8.67855,37.35627],[-8.67835,37.35667],[-8.67843,37.35461],[-8.6781,37.35425],[-8.6771,37.35409],[-8.67748,37.35513],[-8.67681,37.35575],[-8.67505,37.3547],[-8.67504,37.35403],[-8.67266,37.35128],[-8.67184,37.34973],[-8.67137,37.34842],[-8.67166,37.34594],[-8.66927,37.34258],[-8.66919,37.33911],[-8.66819,37.33735],[-8.66731,37.33671],[-8.66705,37.33523],[-8.66576,37.33423],[-8.66392,37.3335],[-8.66201,37.33334],[-8.66093,37.33226],[-8.65984,37.33193],[-8.65876,37.33066],[-8.65903,37.32878],[-8.65864,37.32798],[-8.6576,37.32828],[-8.65599,37.32979],[-8.65459,37.32954],[-8.65369,37.32874],[-8.65277,37.32904],[-8.65206,37.32876],[-8.65026,37.32889],[-8.64947,37.32842],[-8.64581,37.32863],[-8.64352,37.32727],[-8.64205,37.32684],[-8.64002,37.32726],[-8.63813,37.32684],[-8.63545,37.32753],[-8.63483,37.32752],[-8.63449,37.32687],[-8.63321,37.32712],[-8.6317,37.32838],[-8.63083,37.32839],[-8.62901,37.3279],[-8.62733,37.32449],[-8.62397,37.32309],[-8.62319,37.32307],[-8.62268,37.32346],[-8.62176,37.32281],[-8.62018,37.32249],[-8.61987,37.32385],[-8.61838,37.32252],[-8.61666,37.32302],[-8.61561,37.32278],[-8.61522,37.32346],[-8.61411,37.32366],[-8.61464,37.32448],[-8.61408,37.32511],[-8.61199,37.32429],[-8.61125,37.3245],[-8.61135,37.3255],[-8.61079,37.32641],[-8.61105,37.32727],[-8.61052,37.32655],[-8.61056,37.32507],[-8.61014,37.32436],[-8.61098,37.32352],[-8.61136,37.32202],[-8.6105,37.32084],[-8.61073,37.32223],[-8.60952,37.32084],[-8.60945,37.32189],[-8.60818,37.32275],[-8.6081,37.32145],[-8.60694,37.32049],[-8.60431,37.32178],[-8.60288,37.32139],[-8.60139,37.32183],[-8.60152,37.32066],[-8.60093,37.3187],[-8.60438,37.31775],[-8.60536,37.31595],[-8.60549,37.31389],[-8.60749,37.3112],[-8.60742,37.31003],[-8.60532,37.30745],[-8.60482,37.30772],[-8.60565,37.30788],[-8.60683,37.30922],[-8.60692,37.3103],[-8.60319,37.31314],[-8.60194,37.31529],[-8.59875,37.31567],[-8.59648,37.31698],[-8.59497,37.31723],[-8.59449,37.31707],[-8.59431,37.31643],[-8.59304,37.3163],[-8.59272,37.31558],[-8.59202,37.31562],[-8.5925,37.31881],[-8.59108,37.31986],[-8.59608,37.31979],[-8.59694,37.31919],[-8.5959,37.32131],[-8.59402,37.32298],[-8.59041,37.32454],[-8.58736,37.325],[-8.58744,37.32434],[-8.58546,37.32416],[-8.58303,37.3246],[-8.58119,37.32596],[-8.58191,37.32366],[-8.58159,37.32348],[-8.57925,37.32431],[-8.57776,37.32442],[-8.57648,37.32392],[-8.57395,37.32567],[-8.57084,37.32629],[-8.5688,37.32535],[-8.56687,37.3254],[-8.56495,37.32388],[-8.56313,37.32383],[-8.55838,37.32217],[-8.55659,37.32114],[-8.55627,37.32031],[-8.55581,37.32031],[-8.55616,37.31936],[-8.55402,37.31963],[-8.55227,37.32065],[-8.55138,37.32185],[-8.55141,37.32253],[-8.5528,37.32234],[-8.55272,37.32281],[-8.54924,37.32519],[-8.54778,37.32526],[-8.54534,37.32647],[-8.54456,37.32624],[-8.5445,37.32591],[-8.54542,37.32346],[-8.54257,37.32498],[-8.53995,37.32481],[-8.53865,37.32413],[-8.53828,37.32476],[-8.53672,37.32535],[-8.53382,37.32869],[-8.53159,37.32835],[-8.53031,37.33079],[-8.52894,37.33096],[-8.52658,37.3302],[-8.52664,37.33203],[-8.52572,37.33293],[-8.5247,37.33079],[-8.52222,37.33031],[-8.52062,37.33207],[-8.52041,37.33286],[-8.5216,37.33459],[-8.52122,37.336],[-8.5205,37.33683],[-8.5186,37.33742],[-8.51804,37.33817],[-8.51837,37.33953],[-8.5173,37.34075],[-8.51783,37.3415],[-8.51701,37.34209],[-8.51512,37.34207],[-8.51454,37.34273],[-8.51345,37.34278],[-8.51242,37.34333],[-8.5124,37.34404],[-8.51161,37.34465],[-8.50819,37.34497],[-8.50795,37.34436],[-8.50714,37.34408],[-8.50401,37.34503],[-8.50256,37.34405],[-8.50294,37.34488],[-8.50175,37.34761],[-8.5018,37.3489],[-8.50101,37.34765],[-8.5013,37.3462],[-8.50089,37.34535],[-8.49963,37.3455],[-8.49752,37.34433],[-8.49619,37.34462],[-8.49566,37.34352],[-8.49323,37.34118],[-8.49188,37.34074],[-8.48963,37.34138],[-8.48951,37.34101],[-8.49022,37.34075],[-8.48976,37.34074],[-8.48895,37.33913],[-8.4877,37.34065],[-8.48627,37.34103],[-8.48624,37.34175],[-8.48575,37.34199],[-8.48389,37.3416],[-8.48225,37.3418],[-8.48105,37.34239],[-8.48046,37.34189],[-8.48082,37.34128],[-8.47992,37.3418],[-8.47898,37.34363],[-8.47898,37.34292],[-8.47876,37.34276],[-8.4787,37.3432],[-8.47814,37.34341],[-8.47838,37.34316],[-8.47794,37.34253],[-8.47714,37.34405],[-8.47465,37.34156],[-8.47297,37.34114],[-8.47123,37.33989],[-8.46988,37.33955],[-8.46816,37.34021],[-8.466,37.33945],[-8.46565,37.34024],[-8.46698,37.3425],[-8.4673,37.34393],[-8.46697,37.34466],[-8.46951,37.34851],[-8.46916,37.34957],[-8.46985,37.34999],[-8.47021,37.35143],[-8.47166,37.352],[-8.47227,37.35307],[-8.47487,37.35437],[-8.47346,37.35516],[-8.47238,37.35479],[-8.47155,37.35557],[-8.47262,37.35565],[-8.4729,37.3561],[-8.47228,37.35638],[-8.4723,37.35695],[-8.47097,37.35739],[-8.47069,37.35809],[-8.4712,37.36037],[-8.47071,37.36062],[-8.47121,37.36272],[-8.47095,37.36336],[-8.46975,37.3651],[-8.46838,37.36518],[-8.46716,37.3659],[-8.46571,37.36549],[-8.46475,37.36569],[-8.46304,37.36505],[-8.4614,37.36387],[-8.45948,37.36404],[-8.45894,37.36314],[-8.45735,37.36417],[-8.45775,37.36241],[-8.45647,37.36401],[-8.45381,37.36402],[-8.45222,37.36603],[-8.44996,37.36519],[-8.4495,37.36581],[-8.44985,37.36642],[-8.44848,37.36751],[-8.44811,37.36855],[-8.44859,37.36981],[-8.44843,37.37073],[-8.44924,37.37213],[-8.44907,37.37283],[-8.44295,37.36954],[-8.43936,37.36912],[-8.43823,37.36862],[-8.43547,37.3662],[-8.43093,37.36353],[-8.4301,37.36208],[-8.42871,37.36201],[-8.42672,37.36246],[-8.42633,37.36221],[-8.42487,37.36098],[-8.42397,37.35858],[-8.42158,37.35636],[-8.42271,37.35369],[-8.42252,37.35219],[-8.42296,37.35152],[-8.42141,37.35231],[-8.42074,37.35325],[-8.41914,37.35393],[-8.41805,37.3552],[-8.41557,37.35481],[-8.41293,37.35673],[-8.41106,37.35734],[-8.40919,37.35675],[-8.40696,37.35517],[-8.40267,37.354],[-8.40223,37.35336],[-8.40278,37.35255],[-8.40259,37.35119],[-8.40199,37.34993],[-8.40047,37.34838],[-8.39956,37.34674],[-8.39769,37.34519],[-8.39741,37.34418],[-8.39551,37.34199],[-8.39484,37.34183],[-8.39338,37.34231],[-8.39142,37.34192],[-8.39127,37.34257],[-8.38934,37.34351],[-8.38904,37.34415],[-8.38989,37.342],[-8.38972,37.33974],[-8.38932,37.33868],[-8.38831,37.33787],[-8.38496,37.33773],[-8.38336,37.33744],[-8.38184,37.33649],[-8.38049,37.33657],[-8.37902,37.33494],[-8.37637,37.33459],[-8.37275,37.3331],[-8.37232,37.33222],[-8.37035,37.33116],[-8.36919,37.33097],[-8.36728,37.3287],[-8.36447,37.32927],[-8.36333,37.33033],[-8.3601,37.32909],[-8.35968,37.32869],[-8.35957,37.32735],[-8.3578,37.32583],[-8.3573,37.32473],[-8.35502,37.32385],[-8.35441,37.32292],[-8.35255,37.32163],[-8.34981,37.32136],[-8.34659,37.31869],[-8.34592,37.31753],[-8.34581,37.31624],[-8.34636,37.3152],[-8.3462,37.3133],[-8.34559,37.31274],[-8.34442,37.31244],[-8.34408,37.31154],[-8.34201,37.31054],[-8.33999,37.31136],[-8.33701,37.31087],[-8.33631,37.31106],[-8.33471,37.31052],[-8.33133,37.30682],[-8.32893,37.30799],[-8.32809,37.30686],[-8.32486,37.30607],[-8.32364,37.30255],[-8.32212,37.29992],[-8.32044,37.30144],[-8.31857,37.30162],[-8.31761,37.30058],[-8.31715,37.29903],[-8.31654,37.29833],[-8.31468,37.29762],[-8.31191,37.29371],[-8.31027,37.29446],[-8.3087,37.29636],[-8.30894,37.29726],[-8.31013,37.29849],[-8.30915,37.29929],[-8.30854,37.30056],[-8.30901,37.30197],[-8.3085,37.30204],[-8.30798,37.30297],[-8.30732,37.30689],[-8.30593,37.30672],[-8.30308,37.30834],[-8.30293,37.30676],[-8.2994,37.30708],[-8.29899,37.30653],[-8.29715,37.3061],[-8.2956,37.30675],[-8.29419,37.30664],[-8.29332,37.308],[-8.29052,37.3061],[-8.2896,37.3057],[-8.28935,37.30592],[-8.28812,37.30454],[-8.28831,37.29924],[-8.28786,37.29842],[-8.28536,37.29655],[-8.28422,37.29643],[-8.27166,37.3021],[-8.26927,37.30275],[-8.26637,37.3021],[-8.26351,37.30857],[-8.26267,37.30921],[-8.26212,37.30937],[-8.25989,37.30869],[-8.25528,37.30816],[-8.25319,37.30895],[-8.25134,37.30753],[-8.25094,37.30669],[-8.24965,37.30679],[-8.24613,37.31211],[-8.24453,37.31285],[-8.24347,37.31203],[-8.24278,37.31013],[-8.23935,37.30981],[-8.24043,37.30751],[-8.24,37.30658],[-8.23836,37.30697],[-8.23535,37.30547],[-8.23516,37.30499],[-8.23423,37.30481],[-8.23345,37.304],[-8.23205,37.30365],[-8.2296,37.30443],[-8.22687,37.30368],[-8.22556,37.30408],[-8.22463,37.30373],[-8.22333,37.30413],[-8.22215,37.30325],[-8.22054,37.3034],[-8.21939,37.30243],[-8.21914,37.30133],[-8.2165,37.29982],[-8.21619,37.29872],[-8.21526,37.29784],[-8.213,37.2982],[-8.21152,37.29723],[-8.20998,37.29764],[-8.20904,37.2975],[-8.20875,37.29802],[-8.20816,37.29792],[-8.20751,37.29831],[-8.20433,37.29773],[-8.2027,37.29827],[-8.20043,37.2948],[-8.19766,37.29255],[-8.19699,37.29248],[-8.19423,37.2939],[-8.19226,37.29334],[-8.19141,37.29285],[-8.18997,37.29089],[-8.18934,37.28886],[-8.18774,37.28844],[-8.18663,37.28569],[-8.18109,37.2851],[-8.17921,37.28429],[-8.18034,37.28358],[-8.18089,37.28396],[-8.18165,37.28341],[-8.18296,37.28323],[-8.18117,37.28149],[-8.1798,37.28169],[-8.17803,37.28138],[-8.17591,37.28204],[-8.17325,37.28198],[-8.17144,37.28323],[-8.16881,37.28291],[-8.16691,37.28206],[-8.1652,37.28275],[-8.16405,37.28273],[-8.16224,37.28142],[-8.16002,37.28156],[-8.15925,37.27985],[-8.15886,37.27975],[-8.15706,37.2809],[-8.15701,37.28012],[-8.15666,37.28056],[-8.15608,37.2805],[-8.15276,37.27955],[-8.15085,37.27963],[-8.14929,37.27925],[-8.14769,37.27954],[-8.14596,37.27881],[-8.14348,37.2786],[-8.14276,37.27906],[-8.14112,37.27889],[-8.13832,37.27732],[-8.13727,37.27722],[-8.13575,37.27805],[-8.1342,37.27821],[-8.13198,37.27794],[-8.13137,37.27775],[-8.13116,37.27708],[-8.12783,37.27635],[-8.12701,37.27567],[-8.12717,37.27777],[-8.12785,37.27918],[-8.1262,37.28204],[-8.12452,37.28244],[-8.12335,37.2838],[-8.12455,37.28425],[-8.12466,37.28583],[-8.12581,37.2872],[-8.12563,37.28776],[-8.1237,37.28801],[-8.12509,37.29023],[-8.12536,37.29211],[-8.12617,37.29281],[-8.12634,37.29386],[-8.1252,37.29408],[-8.12438,37.29556],[-8.12341,37.2959],[-8.12336,37.29725],[-8.12252,37.29891],[-8.12264,37.30026],[-8.12179,37.29961],[-8.1216,37.29834],[-8.11967,37.29859],[-8.11924,37.29787],[-8.11786,37.29757],[-8.11721,37.29527],[-8.11723,37.29461],[-8.11784,37.29403],[-8.11747,37.29319],[-8.11594,37.29436],[-8.11536,37.29564],[-8.11545,37.297],[-8.11467,37.29766],[-8.11402,37.29929],[-8.11342,37.30277],[-8.11262,37.30333],[-8.11173,37.305],[-8.1118,37.30529],[-8.11403,37.30604],[-8.11216,37.30603],[-8.11116,37.30578],[-8.11085,37.30527],[-8.10983,37.30576],[-8.10731,37.30528],[-8.1044,37.3036],[-8.10199,37.30361],[-8.10152,37.30518],[-8.10116,37.30497],[-8.10062,37.30548],[-8.09974,37.30567],[-8.09891,37.30519],[-8.09872,37.30473],[-8.10023,37.30168],[-8.10138,37.3014],[-8.1028,37.29922],[-8.10184,37.29829],[-8.1028,37.29675],[-8.10158,37.29622],[-8.10433,37.29123],[-8.10425,37.28851],[-8.10327,37.28672],[-8.10225,37.28651],[-8.10122,37.28775],[-8.0947,37.28843],[-8.09013,37.29243],[-8.08835,37.29321],[-8.08737,37.29268],[-8.08526,37.29021],[-8.08382,37.28979],[-8.08282,37.29031],[-8.08366,37.29096],[-8.08341,37.29215],[-8.08423,37.29205],[-8.08442,37.29233],[-8.08376,37.29302],[-8.08551,37.29362],[-8.08365,37.2945],[-8.08371,37.29587],[-8.08446,37.29614],[-8.08425,37.29688],[-8.08531,37.29775],[-8.08466,37.29905],[-8.08576,37.3019],[-8.08509,37.3031],[-8.086,37.30468],[-8.08479,37.30607],[-8.08197,37.30725],[-8.07716,37.30574],[-8.07523,37.30446],[-8.07293,37.30156],[-8.07217,37.30026],[-8.07208,37.29914],[-8.06592,37.29667],[-8.06474,37.29535],[-8.06348,37.29464],[-8.06249,37.29725],[-8.06123,37.29893],[-8.06033,37.29867],[-8.05881,37.29901],[-8.05707,37.30058],[-8.05398,37.30097],[-8.05159,37.29996],[-8.05017,37.30013],[-8.04902,37.29983],[-8.04726,37.29999],[-8.0465,37.30039],[-8.04465,37.30012],[-8.04188,37.29694],[-8.03899,37.29591],[-8.03726,37.29639],[-8.03347,37.29992],[-8.03065,37.30113],[-8.0297,37.30272],[-8.0267,37.30337],[-8.02384,37.30303],[-8.02327,37.30415],[-8.02338,37.30598],[-8.02271,37.30654],[-8.02286,37.307],[-8.0219,37.30711],[-8.02031,37.30921],[-8.01895,37.30958],[-8.01564,37.30956],[-8.01471,37.31167],[-8.01291,37.31281],[-8.01298,37.31399],[-8.01147,37.31311],[-8.01073,37.31307],[-8.01054,37.31267],[-8.00754,37.31215],[-8.00607,37.31088],[-8.00472,37.31074],[-8.00459,37.30987],[-8.00355,37.30996],[-8.00219,37.3091],[-7.99924,37.30833],[-7.9976,37.30692],[-7.99659,37.30827],[-7.99335,37.3073],[-7.99158,37.30725],[-7.99105,37.30682],[-7.99139,37.30606],[-7.98966,37.30525],[-7.98792,37.30516],[-7.98712,37.30474],[-7.98602,37.30278],[-7.98345,37.30265],[-7.98168,37.30191],[-7.98081,37.30114],[-7.98007,37.29964],[-7.97734,37.29839],[-7.97635,37.29746],[-7.97735,37.29615],[-7.97654,37.29552],[-7.97656,37.29461],[-7.97756,37.29415],[-7.9785,37.2923],[-7.97946,37.29238],[-7.97956,37.29151],[-7.97753,37.28897],[-7.97788,37.28854],[-7.97708,37.28812],[-7.9763,37.28821],[-7.97394,37.2863],[-7.97341,37.28482],[-7.97366,37.28359],[-7.97304,37.28283],[-7.97312,37.28131],[-7.97179,37.28115],[-7.97081,37.28045],[-7.97093,37.27981],[-7.97006,37.27903],[-7.96981,37.27767],[-7.96812,37.27798],[-7.9672,37.27775],[-7.9636,37.27366],[-7.96323,37.27295],[-7.96363,37.27192],[-7.96101,37.2711],[-7.96086,37.27062],[-7.95984,37.27043],[-7.95775,37.26871],[-7.95555,37.26878],[-7.9554,37.26766],[-7.95007,37.26691],[-7.94928,37.26647],[-7.9468,37.26683],[-7.94611,37.26658],[-7.94593,37.26591],[-7.94472,37.26554],[-7.94124,37.26638],[-7.93979,37.26507],[-7.93876,37.26342],[-7.93847,37.26122],[-7.93882,37.26011],[-7.9379,37.25985],[-7.9358,37.26084],[-7.9349,37.26184],[-7.93388,37.26079],[-7.93234,37.26105],[-7.93311,37.26296],[-7.93212,37.26413],[-7.93077,37.26472],[-7.93054,37.26555],[-7.92866,37.26693],[-7.92815,37.26779],[-7.92687,37.26725],[-7.92617,37.26828],[-7.92415,37.26815],[-7.9237,37.26902],[-7.92429,37.27009],[-7.92299,37.27085],[-7.9212,37.2709],[-7.91627,37.26961],[-7.91247,37.26921],[-7.91189,37.26788],[-7.91101,37.26738],[-7.9086,37.26707],[-7.90772,37.26765],[-7.90655,37.2663],[-7.90617,37.26732],[-7.90461,37.26676],[-7.9024,37.26751],[-7.90081,37.26679],[-7.89872,37.26697],[-7.89478,37.26599],[-7.89441,37.26644],[-7.89223,37.26637],[-7.89243,37.26666],[-7.89163,37.26682],[-7.89103,37.26659],[-7.89124,37.26729],[-7.89218,37.26778],[-7.89114,37.26826],[-7.88602,37.26697],[-7.88467,37.26448],[-7.88269,37.26506],[-7.88161,37.26438],[-7.88036,37.2651],[-7.87809,37.26412],[-7.87949,37.2655],[-7.87891,37.26606],[-7.8791,37.26676],[-7.87762,37.26605],[-7.87639,37.2667],[-7.87642,37.26752],[-7.87546,37.26717],[-7.87674,37.26841],[-7.87567,37.26842],[-7.87688,37.26906],[-7.87625,37.26914],[-7.87669,37.26986],[-7.87638,37.27045],[-7.87334,37.26926],[-7.87005,37.26635],[-7.86944,37.2647],[-7.86884,37.26428],[-7.86923,37.26416],[-7.86837,37.26315],[-7.86792,37.26149],[-7.86844,37.2605],[-7.86788,37.2603],[-7.86816,37.2597],[-7.86756,37.25939],[-7.86762,37.25723],[-7.86712,37.25657],[-7.86629,37.25605],[-7.86497,37.2559],[-7.86445,37.25519],[-7.86291,37.25601],[-7.86146,37.25579],[-7.86071,37.25526],[-7.85809,37.2551],[-7.85742,37.254],[-7.85769,37.25225],[-7.85652,37.25128],[-7.856,37.24948],[-7.85443,37.24855],[-7.85337,37.24857],[-7.85271,37.24776],[-7.85154,37.24832],[-7.85004,37.24781],[-7.84839,37.24807],[-7.84831,37.24752],[-7.84717,37.24691],[-7.84651,37.2454],[-7.84683,37.24513],[-7.84841,37.24523],[-7.84887,37.24439],[-7.84762,37.24274],[-7.84773,37.24136],[-7.84575,37.23949],[-7.84482,37.23912],[-7.84428,37.23933],[-7.84419,37.2385],[-7.84481,37.23804],[-7.84327,37.23803],[-7.84313,37.23639],[-7.84243,37.23554],[-7.84415,37.23476],[-7.84424,37.23435],[-7.84297,37.23336],[-7.84311,37.23272],[-7.84697,37.23185],[-7.84542,37.23114],[-7.84471,37.22947],[-7.84586,37.22828],[-7.84424,37.22755],[-7.84367,37.22677],[-7.84319,37.22735],[-7.84255,37.22658],[-7.84109,37.22645],[-7.83923,37.22444],[-7.8374,37.22354],[-7.83448,37.22395],[-7.83428,37.223],[-7.83344,37.22257],[-7.83338,37.22187],[-7.83126,37.22157],[-7.8298,37.22043],[-7.82844,37.21784],[-7.82928,37.21813],[-7.82907,37.21757],[-7.82994,37.21743],[-7.82961,37.21622],[-7.83157,37.21479],[-7.83484,37.21374],[-7.83414,37.21291],[-7.83488,37.21159],[-7.83652,37.2116],[-7.8383,37.21076],[-7.83917,37.20982],[-7.84049,37.21021],[-7.84337,37.20946],[-7.84417,37.20896],[-7.84415,37.20815],[-7.84468,37.20761],[-7.84749,37.20693],[-7.84769,37.205],[-7.85158,37.20229],[-7.8505,37.20268],[-7.8501,37.20244],[-7.84912,37.2015],[-7.84897,37.2002],[-7.84833,37.19991],[-7.84751,37.19856],[-7.8448,37.19893],[-7.84364,37.20011],[-7.84062,37.19941],[-7.83794,37.20038],[-7.83691,37.20007],[-7.83468,37.20054],[-7.8338,37.20142],[-7.83138,37.2016],[-7.82838,37.20112],[-7.82804,37.20165],[-7.82754,37.20159],[-7.82801,37.20271],[-7.82665,37.20295],[-7.82448,37.20435],[-7.8239,37.2045],[-7.82149,37.20373],[-7.81844,37.20462],[-7.81724,37.20398],[-7.81508,37.20366],[-7.81543,37.2027],[-7.81502,37.20197],[-7.81579,37.20205],[-7.81751,37.20142],[-7.81851,37.19976],[-7.81646,37.20047],[-7.81676,37.19966],[-7.81594,37.19892],[-7.81636,37.19861],[-7.81627,37.19764],[-7.81472,37.19738],[-7.81429,37.19842],[-7.8138,37.19845],[-7.81263,37.19952],[-7.81207,37.19896],[-7.81075,37.19876],[-7.80971,37.20065],[-7.80903,37.20027],[-7.80784,37.20056],[-7.80688,37.20015],[-7.80649,37.19925],[-7.80449,37.19805],[-7.80421,37.19849],[-7.80518,37.19955],[-7.80457,37.19974],[-7.80422,37.20051],[-7.80482,37.20195],[-7.80391,37.20183],[-7.80317,37.20219],[-7.80203,37.20113],[-7.8019,37.20036],[-7.80091,37.20072],[-7.80009,37.20015],[-7.79967,37.20059],[-7.79991,37.20141],[-7.799,37.20097],[-7.79826,37.20239],[-7.79747,37.20283],[-7.7968,37.20079],[-7.79632,37.20072],[-7.79628,37.19947],[-7.7957,37.19948],[-7.79555,37.19902],[-7.79405,37.1991],[-7.79323,37.19977],[-7.793,37.19899],[-7.79248,37.20086],[-7.79161,37.20126],[-7.78986,37.19918],[-7.78989,37.19857],[-7.78851,37.197],[-7.78828,37.19605],[-7.78424,37.19246],[-7.78304,37.19202],[-7.78048,37.19192],[-7.77996,37.19157],[-7.77715,37.19226],[-7.77468,37.19136],[-7.77379,37.19141],[-7.77281,37.19204],[-7.77063,37.19095],[-7.76863,37.19084],[-7.76797,37.1904],[-7.76839,37.18985],[-7.76651,37.18928],[-7.76442,37.1873],[-7.76141,37.18673],[-7.76093,37.18569],[-7.76187,37.18603],[-7.76119,37.1855],[-7.75814,37.18481],[-7.75794,37.18529],[-7.75848,37.18652],[-7.75784,37.18794],[-7.75691,37.18745],[-7.75767,37.1866],[-7.75724,37.1859],[-7.75592,37.18533],[-7.75575,37.1843],[-7.75523,37.18537],[-7.75575,37.18623],[-7.75176,37.18692],[-7.75111,37.18769],[-7.75043,37.18683],[-7.75,37.18679],[-7.74927,37.18748],[-7.74751,37.18713],[-7.74704,37.1864],[-7.74489,37.18683],[-7.74437,37.18748],[-7.74494,37.18868],[-7.74505,37.19131],[-7.74608,37.19259],[-7.74666,37.19447],[-7.74582,37.19599],[-7.74347,37.19729],[-7.74335,37.19782],[-7.74943,37.20108],[-7.74965,37.20149],[-7.75243,37.20201],[-7.75429,37.20164],[-7.75646,37.20203],[-7.75686,37.20238],[-7.75666,37.20462],[-7.75822,37.20536],[-7.76044,37.20412],[-7.76149,37.20409],[-7.76246,37.20332],[-7.76358,37.20335],[-7.76492,37.20372],[-7.76527,37.20417],[-7.7661,37.2042],[-7.76564,37.20499],[-7.76701,37.20587],[-7.76803,37.20594],[-7.76959,37.20752],[-7.77164,37.20803],[-7.77386,37.20701],[-7.77539,37.20785],[-7.77601,37.20733],[-7.77644,37.20805],[-7.77841,37.20871],[-7.77927,37.21014],[-7.78149,37.21072],[-7.78318,37.21188],[-7.78652,37.21229],[-7.78804,37.21341],[-7.79296,37.21359],[-7.79159,37.21143],[-7.79216,37.21121],[-7.79746,37.21283],[-7.79778,37.21337],[-7.79758,37.21476],[-7.79927,37.21576],[-7.80034,37.21584],[-7.79845,37.21622],[-7.79799,37.21734],[-7.79824,37.21821],[-7.79535,37.22243],[-7.79624,37.22404],[-7.79524,37.2252],[-7.79332,37.22538],[-7.79139,37.22695],[-7.79136,37.22791],[-7.7902,37.22921],[-7.78561,37.23067],[-7.78432,37.23128],[-7.78283,37.23275],[-7.78022,37.23364],[-7.78122,37.23583],[-7.78105,37.23705],[-7.78049,37.23761],[-7.78043,37.23913],[-7.78258,37.23998],[-7.78298,37.24083],[-7.77935,37.24449],[-7.77867,37.24677],[-7.77446,37.24858],[-7.77418,37.2494],[-7.77274,37.25046],[-7.77086,37.25372],[-7.77131,37.25522],[-7.77084,37.25604],[-7.77161,37.2566],[-7.77179,37.25853],[-7.77131,37.25785],[-7.76872,37.25819],[-7.76631,37.25801],[-7.76502,37.25732],[-7.7634,37.25701],[-7.76359,37.25631],[-7.76261,37.25631],[-7.76188,37.25677],[-7.76205,37.25748],[-7.76095,37.25678],[-7.76091,37.25773],[-7.75961,37.25813],[-7.75693,37.258],[-7.75602,37.25719],[-7.75544,37.25772],[-7.7533,37.25761],[-7.75197,37.25621],[-7.74872,37.25595],[-7.74836,37.2579],[-7.74721,37.25896],[-7.74645,37.26086],[-7.74638,37.26307],[-7.74583,37.26373],[-7.74366,37.26416],[-7.74252,37.2648],[-7.74391,37.26503],[-7.74464,37.26585],[-7.74771,37.26601],[-7.74788,37.26627],[-7.74541,37.26672],[-7.74003,37.2701],[-7.73887,37.27125],[-7.73471,37.27229],[-7.73323,37.27242],[-7.73273,37.27204],[-7.73238,37.27251],[-7.73002,37.27269],[-7.7291,37.27294],[-7.72825,37.27385],[-7.72743,37.27317],[-7.72415,37.27491],[-7.72307,37.27631],[-7.72025,37.27699],[-7.71995,37.27607],[-7.71741,37.27503],[-7.71635,37.27362],[-7.71489,37.2736],[-7.7141,37.27271],[-7.71346,37.27255],[-7.71205,37.27263],[-7.71139,37.27229],[-7.7115,37.27183],[-7.71094,37.27232],[-7.71132,37.27335],[-7.70954,37.27295],[-7.70844,37.27183],[-7.7089,37.27039],[-7.70764,37.26403],[-7.70785,37.26284],[-7.70726,37.26218],[-7.70617,37.26173],[-7.70303,37.26199],[-7.7009,37.26338],[-7.69755,37.26359],[-7.69656,37.26474],[-7.69513,37.26385],[-7.6929,37.26387],[-7.69198,37.2648],[-7.69239,37.26544],[-7.69058,37.26532],[-7.6882,37.26581],[-7.68972,37.26559],[-7.69023,37.26658],[-7.68886,37.26722],[-7.68935,37.26855],[-7.6882,37.26889],[-7.68802,37.26952],[-7.68726,37.26991],[-7.68553,37.26856],[-7.6828,37.26815],[-7.6812,37.26895],[-7.67905,37.26926],[-7.67726,37.27035],[-7.67586,37.27007],[-7.67595,37.2709],[-7.67386,37.27221],[-7.67201,37.27207],[-7.67075,37.27245],[-7.66972,37.27384],[-7.66894,37.27603],[-7.66969,37.27697],[-7.6711,37.27727],[-7.67103,37.2787],[-7.67171,37.27951],[-7.67245,37.27974],[-7.67286,37.28109],[-7.67231,37.28162],[-7.67123,37.28461],[-7.6665,37.2875],[-7.66501,37.28912],[-7.66416,37.28743],[-7.66307,37.28696],[-7.65875,37.2883],[-7.65713,37.28795],[-7.65602,37.28704],[-7.65392,37.28788],[-7.65156,37.28786],[-7.65109,37.28863],[-7.65115,37.28978],[-7.65018,37.29036],[-7.6477,37.29034],[-7.6466,37.29121],[-7.64493,37.29106],[-7.64339,37.28987],[-7.64195,37.28993],[-7.64302,37.28903],[-7.64419,37.28618],[-7.64422,37.28466],[-7.64321,37.28246],[-7.64414,37.2813],[-7.64424,37.27904],[-7.64493,37.27832],[-7.64494,37.27721],[-7.64434,37.2773],[-7.64397,37.27783],[-7.64304,37.27786],[-7.64072,37.2788],[-7.63767,37.27861],[-7.63554,37.27951],[-7.63519,37.28016],[-7.63373,37.28087],[-7.631,37.2789],[-7.62723,37.28013],[-7.62619,37.27897],[-7.62659,37.27854],[-7.62446,37.27707],[-7.62458,37.27616],[-7.62309,37.27634],[-7.62178,37.27554],[-7.62166,37.2766],[-7.62099,37.27681],[-7.61831,37.27537],[-7.61817,37.27336],[-7.61752,37.27197],[-7.61787,37.26777],[-7.61595,37.26387],[-7.61427,37.26389],[-7.61373,37.26348],[-7.61494,37.2605],[-7.61511,37.25896],[-7.61414,37.25741],[-7.61442,37.2564],[-7.61266,37.25532],[-7.61135,37.25364],[-7.61136,37.25156],[-7.6101,37.25008],[-7.60996,37.24843],[-7.60723,37.24618],[-7.60618,37.24603],[-7.60234,37.24795],[-7.59977,37.24773],[-7.59816,37.24823],[-7.59645,37.24892],[-7.59579,37.24968],[-7.59623,37.25007],[-7.59579,37.24972],[-7.5962,37.24875],[-7.59489,37.24963],[-7.5926,37.2497],[-7.59149,37.25104],[-7.58918,37.25144],[-7.58892,37.25086],[-7.58699,37.25013],[-7.5855,37.25011],[-7.58523,37.24932],[-7.58633,37.24609],[-7.58779,37.24454],[-7.58905,37.24487],[-7.58875,37.24067],[-7.58785,37.24026],[-7.58392,37.24127],[-7.58247,37.2412],[-7.58121,37.24031],[-7.57981,37.23795],[-7.57888,37.23746],[-7.57854,37.2355],[-7.57611,37.23387],[-7.57528,37.23056],[-7.57376,37.22925],[-7.5725,37.22908],[-7.57117,37.22717],[-7.57128,37.22634],[-7.57052,37.22509],[-7.571,37.22285],[-7.57066,37.22192],[-7.56871,37.21806],[-7.56661,37.21611],[-7.56626,37.21291],[-7.56505,37.21123],[-7.56537,37.21069],[-7.56759,37.21068],[-7.56827,37.21028],[-7.56768,37.20978],[-7.56792,37.20776],[-7.56703,37.20617],[-7.56697,37.20389],[-7.56835,37.20184],[-7.56802,37.20135],[-7.56908,37.19994],[-7.56886,37.19941],[-7.56703,37.1995],[-7.56645,37.20058],[-7.56569,37.20045],[-7.5631,37.2024],[-7.56035,37.2027],[-7.5593,37.2024],[-7.55779,37.20338],[-7.55442,37.2039],[-7.55413,37.20361],[-7.55203,37.20437],[-7.54975,37.20342],[-7.54721,37.20443],[-7.54556,37.20603],[-7.54303,37.20529],[-7.53942,37.20556],[-7.53751,37.20739],[-7.53623,37.20949],[-7.53443,37.20948],[-7.53269,37.21027],[-7.53096,37.20981],[-7.5305,37.21003],[-7.52935,37.21338],[-7.53035,37.21629],[-7.52991,37.21949],[-7.53018,37.22055],[-7.53212,37.22186],[-7.53288,37.22472],[-7.53177,37.22584],[-7.53004,37.22576],[-7.52803,37.22695],[-7.526,37.22547],[-7.52329,37.22671],[-7.52257,37.22655],[-7.52004,37.22427],[-7.51692,37.22588],[-7.51531,37.22502],[-7.51447,37.22502],[-7.51207,37.22609],[-7.50843,37.22858],[-7.50452,37.23007],[-7.50158,37.22958],[-7.49816,37.22784],[-7.49305,37.22726],[-7.48602,37.22527],[-7.47981,37.22164],[-7.47701,37.22044],[-7.46981,37.21997],[-7.46898,37.21934],[-7.46712,37.21885],[-7.46208,37.21879],[-7.44531,37.21737],[-7.44118,37.21742],[-7.44062,37.21566],[-7.43893,37.21527],[-7.4385,37.21546],[-7.43804,37.21878],[-7.43853,37.21934],[-7.44467,37.22076],[-7.44452,37.22172],[-7.44839,37.22984],[-7.44795,37.23043],[-7.44408,37.23423],[-7.44222,37.23538],[-7.43361,37.23733],[-7.41979,37.23787]]}}]}