{"type":"FeatureCollection","features":[{"type":"Feature","properties":{"name":"TET_S-01_20260801","country":"SE","lengthKm":446.4},"geometry":{"type":"LineString","coordinates":[[12.81117,55.57876],[12.84537,55.5712],[12.86688,55.56776],[12.87763,55.56655],[12.89156,55.56551],[12.90076,55.56518],[12.91449,55.56553],[12.92258,55.56457],[12.92982,55.56269],[12.93574,55.56034],[12.93982,55.55814],[12.94736,55.55296],[12.95147,55.55088],[12.95779,55.54871],[12.96425,55.54738],[12.97071,55.54667],[12.97831,55.54637],[12.98,55.5454],[12.99871,55.54326],[13.0132,55.54319],[13.02,55.54256],[13.02529,55.54262],[13.02631,55.54131],[13.02795,55.54111],[13.03703,55.54132],[13.03834,55.54058],[13.0405,55.5378],[13.04208,55.53671],[13.05358,55.53751],[13.05844,55.5385],[13.06402,55.54029],[13.07196,55.54093],[13.07231,55.54171],[13.07154,55.54226],[13.07243,55.54274],[13.08655,55.54522],[13.08794,55.54507],[13.0913,55.54383],[13.09381,55.54568],[13.09614,55.5503],[13.09484,55.55247],[13.10024,55.55488],[13.10474,55.5577],[13.10615,55.55709],[13.11133,55.55963],[13.11398,55.56035],[13.1236,55.56114],[13.12964,55.56238],[13.12889,55.56518],[13.12699,55.56758],[13.12406,55.56922],[13.12331,55.57095],[13.12342,55.57397],[13.12579,55.57671],[13.13829,55.57789],[13.14587,55.58003],[13.14971,55.58],[13.1561,55.57844],[13.15592,55.58089],[13.15316,55.58698],[13.15283,55.59065],[13.15364,55.59233],[13.15284,55.5929],[13.15021,55.59328],[13.14811,55.59506],[13.14784,55.59719],[13.14871,55.59823],[13.14942,55.60088],[13.14903,55.60157],[13.14605,55.60205],[13.14547,55.60283],[13.14721,55.60463],[13.14958,55.60607],[13.15694,55.60848],[13.16425,55.61014],[13.1714,55.60875],[13.17692,55.60914],[13.18584,55.61406],[13.18983,55.61452],[13.19277,55.61605],[13.19558,55.61844],[13.19621,55.61996],[13.19591,55.62228],[13.19704,55.62258],[13.20232,55.62251],[13.21912,55.62363],[13.2208,55.62809],[13.22667,55.63203],[13.22673,55.63401],[13.22768,55.63486],[13.2413,55.63053],[13.23721,55.63525],[13.23313,55.64177],[13.23362,55.6422],[13.23631,55.64232],[13.23947,55.64302],[13.24496,55.64299],[13.25301,55.64427],[13.25051,55.64665],[13.2501,55.65067],[13.24829,55.65416],[13.24704,55.65439],[13.24591,55.65516],[13.24535,55.65665],[13.24691,55.6643],[13.2445,55.66508],[13.2456,55.66824],[13.24451,55.67031],[13.24652,55.67569],[13.24982,55.67695],[13.25966,55.67832],[13.26574,55.67854],[13.26717,55.68292],[13.26826,55.68442],[13.27598,55.68204],[13.29219,55.68562],[13.293,55.6868],[13.3101,55.68971],[13.31223,55.69095],[13.3056,55.69927],[13.30258,55.70535],[13.29922,55.70966],[13.29744,55.71401],[13.3025,55.71489],[13.29841,55.72214],[13.28837,55.72116],[13.28651,55.72226],[13.28956,55.72604],[13.27102,55.73761],[13.27831,55.74063],[13.27753,55.74141],[13.26834,55.74503],[13.26029,55.74669],[13.24881,55.7497],[13.24845,55.75041],[13.24892,55.75119],[13.25605,55.75815],[13.26246,55.7604],[13.26643,55.76121],[13.26779,55.76328],[13.26679,55.76382],[13.2586,55.76513],[13.25811,55.76582],[13.25901,55.76727],[13.25678,55.76732],[13.254,55.76653],[13.23795,55.77179],[13.22954,55.77353],[13.23462,55.77621],[13.24396,55.77842],[13.25053,55.78122],[13.25151,55.78187],[13.25114,55.78257],[13.25349,55.78662],[13.2512,55.78698],[13.248,55.78681],[13.24692,55.78717],[13.24432,55.78627],[13.2431,55.78638],[13.23818,55.78838],[13.23648,55.78957],[13.22012,55.7914],[13.20506,55.79494],[13.20696,55.80599],[13.20702,55.8105],[13.20602,55.82414],[13.20439,55.82991],[13.19365,55.82817],[13.18841,55.82851],[13.17941,55.82271],[13.17268,55.82091],[13.16748,55.82666],[13.16228,55.82899],[13.16305,55.83519],[13.18441,55.85446],[13.18826,55.85392],[13.19384,55.85118],[13.20317,55.85161],[13.21145,55.85332],[13.21693,55.85588],[13.21751,55.85696],[13.22475,55.85922],[13.23355,55.86151],[13.23482,55.86173],[13.23859,55.86136],[13.23949,55.86191],[13.2396,55.86486],[13.24401,55.86696],[13.24414,55.87209],[13.24514,55.87406],[13.24749,55.87587],[13.25222,55.87759],[13.25406,55.8804],[13.25534,55.88766],[13.25328,55.895],[13.25704,55.90102],[13.26078,55.90339],[13.26445,55.90474],[13.2648,55.90813],[13.28177,55.90793],[13.28695,55.91001],[13.28599,55.91161],[13.28311,55.91402],[13.27965,55.91511],[13.27705,55.91747],[13.28037,55.91857],[13.28451,55.92191],[13.29148,55.92647],[13.29184,55.92791],[13.29405,55.93006],[13.29852,55.93201],[13.30117,55.93244],[13.29917,55.93699],[13.30232,55.94152],[13.30529,55.94342],[13.30956,55.94533],[13.31091,55.94525],[13.31873,55.94348],[13.32436,55.94322],[13.32788,55.9421],[13.33456,55.9414],[13.33683,55.93948],[13.34011,55.94091],[13.34857,55.9468],[13.34975,55.94715],[13.35236,55.94747],[13.35421,55.94614],[13.35856,55.94569],[13.37563,55.94566],[13.37465,55.94645],[13.37696,55.94689],[13.37701,55.94829],[13.37466,55.94964],[13.37237,55.94993],[13.36768,55.95143],[13.36659,55.9523],[13.36565,55.95483],[13.36289,55.95722],[13.36283,55.95876],[13.36443,55.96293],[13.36127,55.96593],[13.36091,55.96873],[13.36613,55.96924],[13.36906,55.97074],[13.37213,55.97124],[13.37417,55.97223],[13.37596,55.97417],[13.37865,55.97552],[13.3871,55.97513],[13.38876,55.97566],[13.39061,55.9775],[13.39539,55.97863],[13.39922,55.98043],[13.40257,55.98381],[13.40728,55.9855],[13.40756,55.9862],[13.40788,55.98571],[13.41269,55.98493],[13.41703,55.98544],[13.42062,55.98469],[13.4261,55.98551],[13.43088,55.98216],[13.43639,55.98003],[13.44092,55.97948],[13.44432,55.97995],[13.4484,55.97918],[13.44972,55.97844],[13.47395,55.99689],[13.48292,55.99988],[13.48805,56.00226],[13.49019,56.00603],[13.49126,56.01013],[13.4961,56.01308],[13.50426,56.01717],[13.50744,56.01767],[13.512,56.01513],[13.51685,56.014],[13.52021,56.01172],[13.52349,56.01059],[13.52601,56.01107],[13.52921,56.01108],[13.5346,56.00965],[13.53727,56.00953],[13.54158,56.01213],[13.54725,56.01368],[13.54927,56.01363],[13.5517,56.01485],[13.55498,56.01584],[13.56015,56.01872],[13.5622,56.02045],[13.56864,56.02126],[13.57499,56.02364],[13.57787,56.02553],[13.58181,56.02493],[13.58368,56.02635],[13.59155,56.03012],[13.59768,56.03188],[13.60387,56.03271],[13.60596,56.03262],[13.60759,56.03184],[13.61007,56.03211],[13.61205,56.03139],[13.61469,56.03115],[13.6166,56.03112],[13.62062,56.03178],[13.62553,56.03088],[13.62819,56.03161],[13.63941,56.03142],[13.63801,56.03056],[13.63904,56.02959],[13.63944,56.02781],[13.64588,56.02427],[13.65114,56.02703],[13.65415,56.02939],[13.6576,56.03417],[13.68296,56.04311],[13.68391,56.04624],[13.68061,56.05168],[13.67887,56.05287],[13.6722,56.05503],[13.67124,56.05603],[13.66907,56.05649],[13.66775,56.0572],[13.66624,56.05709],[13.66539,56.05746],[13.66577,56.05816],[13.66512,56.05908],[13.66353,56.05935],[13.66293,56.06046],[13.66108,56.06181],[13.6608,56.06281],[13.65968,56.06308],[13.66435,56.0658],[13.6668,56.06806],[13.66689,56.0687],[13.67136,56.07127],[13.68086,56.07503],[13.68405,56.07767],[13.68851,56.07872],[13.69194,56.07894],[13.69601,56.08113],[13.69397,56.08408],[13.68998,56.08643],[13.68469,56.0865],[13.68237,56.08688],[13.6781,56.08581],[13.67788,56.08657],[13.67147,56.08763],[13.67109,56.08989],[13.6695,56.09143],[13.67181,56.09645],[13.66855,56.10145],[13.66767,56.10209],[13.66405,56.10295],[13.65862,56.1049],[13.6655,56.10962],[13.67082,56.11235],[13.67281,56.11377],[13.67353,56.11488],[13.67598,56.11467],[13.68241,56.11651],[13.6857,56.11635],[13.6826,56.1185],[13.68022,56.11892],[13.67899,56.12],[13.67723,56.12033],[13.67641,56.12088],[13.66832,56.12028],[13.6659,56.12108],[13.66341,56.12262],[13.65985,56.12348],[13.65865,56.12452],[13.65821,56.12626],[13.65354,56.12723],[13.65195,56.12989],[13.64909,56.13124],[13.64492,56.13447],[13.63959,56.1362],[13.63458,56.13612],[13.63041,56.1377],[13.62912,56.13903],[13.6292,56.14175],[13.62759,56.14302],[13.62859,56.1472],[13.62824,56.14872],[13.62929,56.15004],[13.62957,56.15156],[13.62785,56.15299],[13.62735,56.15596],[13.62588,56.15708],[13.62619,56.15854],[13.62457,56.16381],[13.62468,56.16499],[13.62703,56.16863],[13.62911,56.17095],[13.63341,56.17294],[13.63579,56.1734],[13.63664,56.17523],[13.63859,56.17666],[13.65301,56.17998],[13.65821,56.18062],[13.66197,56.18545],[13.662,56.18756],[13.66582,56.18992],[13.66827,56.19422],[13.66886,56.19443],[13.66979,56.19407],[13.67092,56.1949],[13.66935,56.19584],[13.66448,56.20461],[13.66389,56.20693],[13.66494,56.21088],[13.66424,56.21219],[13.65802,56.21718],[13.65596,56.22194],[13.65593,56.22371],[13.65398,56.22933],[13.65208,56.23095],[13.64976,56.23409],[13.6492,56.23701],[13.64797,56.23942],[13.64412,56.24456],[13.63976,56.2487],[13.63611,56.25583],[13.63276,56.25892],[13.63157,56.26104],[13.6322,56.26469],[13.63147,56.26716],[13.63176,56.26801],[13.6353,56.2688],[13.6366,56.26955],[13.63782,56.27421],[13.64041,56.27735],[13.64184,56.27835],[13.64176,56.28052],[13.63764,56.28353],[13.63576,56.28943],[13.63093,56.29509],[13.6282,56.29614],[13.61989,56.30414],[13.61746,56.30484],[13.61359,56.30811],[13.60859,56.31021],[13.60804,56.31078],[13.6085,56.31148],[13.60601,56.31197],[13.60211,56.31502],[13.60119,56.31649],[13.60134,56.31765],[13.60056,56.31835],[13.60511,56.32344],[13.60749,56.32502],[13.60394,56.32582],[13.59899,56.33038],[13.59573,56.33187],[13.5828,56.33291],[13.57322,56.33304],[13.56933,56.33401],[13.56867,56.33545],[13.56656,56.33641],[13.5627,56.33937],[13.5607,56.34359],[13.5589,56.34463],[13.55798,56.346],[13.55907,56.34644],[13.56132,56.34632],[13.56926,56.34762],[13.57233,56.34703],[13.57348,56.34762],[13.5744,56.34926],[13.57572,56.35006],[13.58281,56.35043],[13.58677,56.34864],[13.58883,56.34911],[13.59256,56.35498],[13.59414,56.35595],[13.59321,56.35808],[13.59148,56.35966],[13.59192,56.36153],[13.59114,56.36213],[13.58978,56.36239],[13.58951,56.36311],[13.59204,56.36394],[13.59505,56.36398],[13.59677,56.36527],[13.59874,56.36576],[13.60426,56.36603],[13.59967,56.36799],[13.59908,56.3702],[13.5895,56.37262],[13.58566,56.3755],[13.58792,56.37958],[13.58658,56.38268],[13.58683,56.38637],[13.58366,56.39005],[13.5755,56.39342],[13.57336,56.39382],[13.57313,56.39465],[13.57196,56.39537],[13.57205,56.40039],[13.56905,56.40416],[13.5688,56.40618],[13.57363,56.40681],[13.5773,56.40515],[13.58738,56.40551],[13.5913,56.40681],[13.60097,56.40272],[13.6103,56.39706],[13.6283,56.40308],[13.63945,56.39694],[13.65061,56.39718],[13.64904,56.39894],[13.64671,56.40326],[13.64314,56.40724],[13.6391,56.41054],[13.63006,56.41549],[13.6286,56.41677],[13.62337,56.42636],[13.61491,56.43545],[13.60846,56.4394],[13.60212,56.4447],[13.61283,56.44713],[13.61465,56.446],[13.61912,56.44615],[13.62478,56.44718],[13.6278,56.44846],[13.63355,56.4485],[13.63772,56.44799],[13.63902,56.44834],[13.64226,56.44784],[13.64491,56.44806],[13.65105,56.45012],[13.65131,56.45089],[13.65454,56.45254],[13.65488,56.45401],[13.65121,56.45578],[13.64961,56.45758],[13.64968,56.4583],[13.65609,56.45891],[13.66123,56.45786],[13.66802,56.45766],[13.6695,56.45916],[13.67069,56.46157],[13.67318,56.46271],[13.67593,56.46332],[13.68485,56.46439],[13.69093,56.46305],[13.69923,56.46399],[13.70491,56.46566],[13.70991,56.46885],[13.71953,56.47343],[13.72633,56.47464],[13.73136,56.47646],[13.73766,56.47744],[13.75388,56.47631],[13.75889,56.47801],[13.77686,56.47882],[13.78153,56.48014],[13.80428,56.4831],[13.79518,56.48731],[13.79331,56.4897],[13.7841,56.49341],[13.77943,56.49429],[13.77745,56.49693],[13.76937,56.50014],[13.77662,56.50217],[13.77631,56.50453],[13.78203,56.50697],[13.78248,56.50868],[13.78372,56.50989],[13.78414,56.51209],[13.78739,56.51073],[13.78771,56.50914],[13.78877,56.5086],[13.79516,56.50808],[13.79783,56.50736],[13.80399,56.50881],[13.8048,56.50942],[13.80705,56.51294],[13.80762,56.51752],[13.81118,56.5207],[13.81028,56.52509],[13.81272,56.52938],[13.81078,56.53128],[13.80855,56.53224],[13.80798,56.53432],[13.80648,56.53583],[13.80622,56.53786],[13.80355,56.53973],[13.80408,56.54093],[13.82522,56.53631],[13.8273,56.53475],[13.82969,56.5365],[13.83142,56.53879],[13.83084,56.54036],[13.84033,56.54678],[13.84158,56.54898],[13.85691,56.54849],[13.86496,56.54728],[13.87234,56.54566],[13.8756,56.54562],[13.87694,56.54508],[13.87943,56.54553],[13.88489,56.54512],[13.88681,56.5453],[13.88854,56.54463],[13.89093,56.54436],[13.89201,56.54697],[13.89368,56.54799],[13.89401,56.55078],[13.89172,56.55455],[13.89404,56.5562],[13.89869,56.55783],[13.90475,56.56171],[13.9074,56.56497],[13.91027,56.5666],[13.91511,56.56738],[13.9193,56.56954],[13.92996,56.56645],[13.93349,56.56376],[13.93666,56.56771],[13.93743,56.57027],[13.94494,56.57364],[13.95956,56.57539],[13.96601,56.581],[13.97535,56.58405],[13.97707,56.58891],[13.9788,56.59044],[13.98381,56.59124],[13.98583,56.59259],[13.99237,56.60027],[13.97534,56.59915],[13.96888,56.60052],[13.95922,56.60114],[13.95099,56.60587],[13.94704,56.60646],[13.94703,56.60717],[13.94608,56.60784],[13.94187,56.60991],[13.94173,56.6117],[13.94292,56.61255],[13.94622,56.61328],[13.94711,56.61498],[13.94584,56.62177],[13.94491,56.62238],[13.94556,56.62447],[13.9478,56.62515],[13.95033,56.62489],[13.95157,56.62512],[13.95396,56.62625],[13.95971,56.63082],[13.96143,56.63311],[13.96446,56.63446],[13.96646,56.63724],[13.96805,56.63999],[13.96656,56.64137],[13.96448,56.6451],[13.96459,56.64918],[13.9673,56.65238],[13.97067,56.6549],[13.96976,56.65542],[13.96526,56.65614],[13.96127,56.65746],[13.96124,56.65929],[13.95901,56.66155],[13.95821,56.66356],[13.95586,56.66511],[13.94996,56.66619],[13.94985,56.66686],[13.95213,56.66777],[13.95387,56.66906],[13.95453,56.67057],[13.95792,56.67405],[13.95787,56.67747],[13.95997,56.67968],[13.96091,56.68214],[13.9605,56.68289],[13.95643,56.68479],[13.95645,56.68565],[13.96127,56.68588],[13.96303,56.68951],[13.96502,56.69048],[13.96564,56.69127],[13.96701,56.69625],[13.96663,56.69794],[13.96727,56.69914],[13.9693,56.70061],[13.97425,56.69926],[13.9838,56.69993],[13.98847,56.69877],[13.99361,56.70088],[13.99509,56.70218],[14.00078,56.70527],[14.00558,56.70454],[14.0099,56.70467],[14.02091,56.70366],[14.02243,56.70494],[14.02758,56.70578],[14.0301,56.70701],[14.03192,56.71072],[14.03199,56.7129],[14.03112,56.71503],[14.03153,56.71578],[14.03226,56.71633],[14.03599,56.71719],[14.03703,56.72105],[14.03776,56.72169],[14.04041,56.72259],[14.04255,56.72443],[14.04563,56.72977],[14.04538,56.73221],[14.0446,56.73276],[14.04322,56.73341],[14.03726,56.73414],[14.03103,56.73317],[14.02343,56.73396],[14.02108,56.73668],[14.02041,56.73841],[14.01678,56.7397],[14.01667,56.74045],[14.0156,56.74085],[14.01409,56.74258],[14.01192,56.74321],[14.01128,56.74387],[14.01149,56.74456],[14.01064,56.7451],[14.00282,56.74702],[13.99981,56.74893],[14.00029,56.7503],[14.00619,56.75297],[14.00716,56.75412],[14.00392,56.75532],[14.00303,56.75747],[14.00032,56.75906],[14.00003,56.76332],[14.00103,56.76396],[14.00411,56.76427],[14.01066,56.76643],[14.01226,56.76762],[14.01734,56.77445],[14.01809,56.77675],[14.01786,56.77816],[14.02704,56.77727],[14.03171,56.77619],[14.0406,56.76966],[14.0522,56.76581],[14.05961,56.76765],[14.06701,56.76741],[14.07082,56.76855],[14.07409,56.76815],[14.07534,56.76845],[14.07914,56.76794],[14.08321,56.76841],[14.0903,56.76758],[14.09348,56.76898],[14.09602,56.77138],[14.09865,56.77218],[14.09907,56.77357],[14.10001,56.77425],[14.10464,56.776],[14.106,56.77716],[14.11444,56.7766],[14.11763,56.77727],[14.12276,56.77711],[14.13227,56.77475],[14.13501,56.77458],[14.1364,56.77507],[14.13444,56.7794],[14.13445,56.78066],[14.14146,56.79379],[14.14055,56.79764],[14.13585,56.80128],[14.13765,56.8053],[14.14246,56.80695],[14.14062,56.81124],[14.14146,56.81548],[14.14335,56.81926],[14.141,56.82003],[14.13687,56.82256],[14.13788,56.8231],[14.17744,56.82189],[14.17919,56.82839],[14.20098,56.82672],[14.20241,56.82704],[14.20509,56.83024],[14.21649,56.83569],[14.21927,56.84005],[14.2252,56.8451],[14.22872,56.84633],[14.22979,56.8483],[14.23426,56.84836],[14.24029,56.84732],[14.24319,56.84737],[14.24604,56.84847],[14.2485,56.85069],[14.25188,56.85235],[14.25304,56.85267],[14.25582,56.85253],[14.25829,56.85426],[14.26239,56.85516],[14.26299,56.85593],[14.26491,56.85689],[14.26957,56.862],[14.2707,56.86251],[14.2755,56.86314],[14.27896,56.86557],[14.28368,56.86717],[14.28881,56.8682],[14.2921,56.86997],[14.29332,56.87021],[14.29538,56.87026],[14.2964,56.86984],[14.29767,56.8684],[14.29917,56.86818],[14.30348,56.86858],[14.30593,56.86784],[14.31421,56.86677],[14.31741,56.86751],[14.31822,56.86803],[14.32018,56.87004],[14.3215,56.87334],[14.32441,56.87527],[14.3296,56.87585],[14.33086,56.87554],[14.33354,56.8757],[14.33557,56.87663],[14.3467,56.87771],[14.35228,56.87913],[14.35588,56.88331],[14.36439,56.88545],[14.37528,56.89166],[14.37669,56.89529],[14.37846,56.8977],[14.37895,56.89984],[14.38375,56.90429],[14.40229,56.90184],[14.40955,56.90189],[14.42405,56.90368],[14.4393,56.90508],[14.4573,56.90472],[14.45455,56.91002],[14.45505,56.91339],[14.45688,56.91631],[14.44547,56.92053],[14.44474,56.92199],[14.44142,56.92297],[14.44282,56.92618],[14.44484,56.92816],[14.44436,56.93411],[14.44314,56.93398],[14.4424,56.93319],[14.44108,56.9327],[14.43838,56.9328],[14.43371,56.93121],[14.42949,56.93121],[14.41932,56.92822],[14.41658,56.92644],[14.415,56.92603],[14.4121,56.9261],[14.4082,56.92713],[14.40868,56.92989],[14.40827,56.93231],[14.40512,56.93836],[14.40348,56.94568],[14.40218,56.9469],[14.40213,56.94843],[14.39918,56.95026],[14.39825,56.95168],[14.39933,56.95517],[14.399,56.95768],[14.3998,56.96025],[14.40202,56.963],[14.40176,56.96589],[14.40235,56.96757],[14.39907,56.97055],[14.39517,56.97281],[14.39479,56.97603],[14.39209,56.9777],[14.38917,56.98279],[14.37682,56.99538],[14.37971,56.99954],[14.37784,57.00223],[14.37473,57.00245],[14.36887,57.00407],[14.361,57.00505],[14.35982,57.00689],[14.35358,57.00706],[14.35002,57.00943],[14.34642,57.01032],[14.34373,57.01024],[14.34131,57.01082],[14.34013,57.01224],[14.33215,57.01584],[14.32744,57.01682],[14.32274,57.0171],[14.31719,57.02014],[14.31472,57.02293],[14.31433,57.02471],[14.31346,57.02525],[14.2965,57.02735],[14.28908,57.02678],[14.28834,57.02984],[14.2863,57.03189],[14.28486,57.03226],[14.27204,57.03307],[14.26,57.03722],[14.25913,57.03789],[14.25779,57.03799],[14.24964,57.04537],[14.23646,57.04982],[14.23601,57.05045],[14.23661,57.05105],[14.23437,57.05453],[14.23352,57.05503],[14.2288,57.05549],[14.23279,57.06317],[14.23286,57.0671],[14.23433,57.07238],[14.23188,57.07934],[14.22763,57.08239],[14.22232,57.08753],[14.21144,57.09214],[14.208,57.09611],[14.2077,57.10011],[14.20512,57.10277],[14.18444,57.11461],[14.18649,57.1147],[14.19119,57.1161],[14.19419,57.11629],[14.19849,57.11925],[14.20226,57.12023],[14.20362,57.12227],[14.2077,57.12614],[14.20819,57.12764],[14.21667,57.13182],[14.2186,57.13307],[14.21971,57.13462],[14.21962,57.13613],[14.21694,57.13789],[14.216,57.13933],[14.21617,57.14002],[14.21791,57.14121],[14.21709,57.14336],[14.21854,57.1446],[14.21827,57.14615],[14.22164,57.14763],[14.22382,57.15607],[14.22138,57.16044],[14.21829,57.16252],[14.21587,57.16523],[14.21477,57.17269],[14.21577,57.17587],[14.2155,57.17674],[14.2179,57.18016],[14.21745,57.18264],[14.21939,57.1845],[14.22064,57.18673],[14.22096,57.18832],[14.22052,57.18895],[14.21757,57.19019],[14.22066,57.19712],[14.22294,57.20532],[14.23277,57.20551],[14.23476,57.20605],[14.2474,57.20373],[14.25519,57.20118],[14.2562,57.20356],[14.2562,57.20637],[14.25794,57.20875],[14.25753,57.20963],[14.25525,57.21075],[14.25113,57.21493],[14.24965,57.21905],[14.24519,57.21926],[14.23882,57.22057],[14.23536,57.22184],[14.23513,57.2233],[14.23431,57.22347],[14.23137,57.22568],[14.23015,57.22765],[14.23049,57.22914],[14.23187,57.22997],[14.2306,57.23169],[14.22863,57.2367],[14.22382,57.24022],[14.2211,57.24043],[14.22201,57.24201],[14.22138,57.24375],[14.22277,57.24694],[14.22454,57.24807],[14.22513,57.24922],[14.22815,57.25016],[14.23036,57.25294],[14.22965,57.25888],[14.23081,57.26103],[14.23007,57.26179],[14.2159,57.26556],[14.21314,57.26576],[14.20136,57.26521],[14.19847,57.26464],[14.19498,57.26328],[14.18202,57.25476],[14.1807,57.25522],[14.17149,57.25627],[14.16092,57.25977],[14.15965,57.25995],[14.15285,57.25922],[14.15228,57.25986],[14.14824,57.26053],[14.14643,57.26158],[14.13561,57.2643],[14.13429,57.26427],[14.13055,57.26293],[14.12929,57.26296],[14.12723,57.2639],[14.12707,57.26549],[14.12616,57.26636],[14.12254,57.26849],[14.11543,57.27158],[14.11139,57.27228],[14.1015,57.27011],[14.09303,57.26898],[14.08503,57.26663],[14.06848,57.26372],[14.05673,57.26326],[14.05542,57.26197],[14.0546,57.26575],[14.05585,57.27132],[14.05804,57.27458],[14.06745,57.28487],[14.08207,57.29817],[14.08273,57.30043],[14.07255,57.30205],[14.06984,57.30156],[14.06708,57.29931],[14.064,57.29809],[14.06057,57.29815],[14.05373,57.30105],[14.035,57.30473],[14.01551,57.31048],[14.01404,57.31168],[14.01181,57.31264],[14.01134,57.31331],[14.01382,57.31853],[14.00905,57.32638],[14.0057,57.32752],[14.00376,57.33022],[14.00219,57.33139],[14.00183,57.33273],[13.99885,57.33525],[13.99894,57.33594],[13.99808,57.33651],[13.99529,57.33715],[13.98941,57.33661],[13.97779,57.3379],[13.97432,57.34128],[13.95471,57.34241],[13.94579,57.34682],[13.93916,57.3467],[13.93631,57.34822],[13.93712,57.35021],[13.93156,57.35158],[13.93311,57.35342],[13.93063,57.36152],[13.92713,57.3629],[13.9231,57.36352],[13.9177,57.36613],[13.91514,57.36789],[13.91283,57.36857],[13.91151,57.36988],[13.90922,57.37091],[13.90852,57.37231],[13.9017,57.37626],[13.89957,57.37834],[13.8934,57.38054],[13.89201,57.38442],[13.89118,57.38506],[13.8896,57.38515],[13.88575,57.38429],[13.88159,57.38551],[13.88016,57.38543],[13.87669,57.38396],[13.87521,57.38393],[13.86989,57.38537],[13.86672,57.38555],[13.86434,57.38501],[13.86123,57.38349],[13.85979,57.38364],[13.85736,57.38461],[13.85053,57.38783],[13.84673,57.38808],[13.84267,57.38934],[13.84003,57.38936],[13.8354,57.39018],[13.83415,57.38998],[13.83014,57.38777],[13.82869,57.38761],[13.82543,57.38943],[13.82274,57.39015],[13.81913,57.39282],[13.81643,57.3956],[13.81123,57.39749],[13.8052,57.39745],[13.80141,57.39815],[13.80027,57.39942],[13.80049,57.40179],[13.79751,57.40427],[13.79631,57.40649],[13.79298,57.40773],[13.78884,57.41129],[13.78823,57.4128],[13.78613,57.41392],[13.78338,57.41469],[13.78247,57.41583],[13.78026,57.42457],[13.77879,57.42576],[13.77881,57.4317],[13.77262,57.43389],[13.77278,57.4391],[13.77104,57.44094],[13.76639,57.4431],[13.75857,57.44375],[13.75685,57.44511],[13.75201,57.44699],[13.74519,57.44699],[13.74392,57.44519],[13.74517,57.4442],[13.74498,57.44209],[13.74074,57.4398],[13.7418,57.43801],[13.74151,57.43625],[13.74353,57.43284],[13.73843,57.43068],[13.73545,57.43275],[13.7317,57.43432],[13.73035,57.43531],[13.72698,57.43675],[13.72419,57.43697],[13.71938,57.43953],[13.71495,57.43985],[13.70467,57.44369],[13.70174,57.44406],[13.69763,57.44379],[13.69622,57.44414],[13.68769,57.45144],[13.68695,57.45506],[13.68842,57.45802],[13.68989,57.46495],[13.69149,57.46921],[13.69107,57.47446],[13.69215,57.47642],[13.68873,57.47489],[13.68711,57.47329],[13.68221,57.47056],[13.68022,57.46858],[13.6767,57.46768],[13.6743,57.46661],[13.66927,57.46278],[13.66909,57.46127],[13.66753,57.45984],[13.66585,57.45663],[13.66553,57.45412],[13.66395,57.45061],[13.66065,57.44753],[13.65701,57.44225],[13.65564,57.44163],[13.65436,57.44175],[13.65363,57.4424],[13.64976,57.44206],[13.64366,57.44362],[13.63977,57.44032],[13.62822,57.437],[13.62081,57.43426],[13.61032,57.42559],[13.60465,57.42568],[13.60253,57.4273],[13.60157,57.42901],[13.60301,57.43399],[13.60301,57.43669],[13.59681,57.44296],[13.59426,57.44674],[13.5943,57.44743],[13.59674,57.44922],[13.60252,57.45918],[13.60156,57.46163],[13.59349,57.46652],[13.59207,57.46857],[13.5956,57.47968],[13.59509,57.48119],[13.59371,57.48235],[13.59152,57.48317],[13.57071,57.48746],[13.56543,57.48798]]}},{"type":"Feature","properties":{"name":"TET_S-02_20260801","country":"SE","lengthKm":705.4},"geometry":{"type":"LineString","coordinates":[[13.08788,56.95744],[13.09408,56.95975],[13.09229,56.96254],[13.09831,56.96786],[13.09955,56.96977],[13.10339,56.97223],[13.10399,56.97349],[13.10315,56.97626],[13.10376,56.97712],[13.10296,56.97868],[13.10329,56.98111],[13.10044,56.98204],[13.09895,56.98406],[13.09849,56.98719],[13.0957,56.99169],[13.09588,56.99373],[13.0951,56.99451],[13.09275,56.99481],[13.09323,56.99642],[13.09287,56.99859],[13.0958,57.00139],[13.09713,57.00413],[13.09763,57.00778],[13.09411,57.01029],[13.09421,57.01154],[13.0898,57.01313],[13.08798,57.0145],[13.08943,57.01954],[13.09166,57.02163],[13.09656,57.02368],[13.09708,57.02547],[13.09429,57.02594],[13.09023,57.02601],[13.08851,57.02651],[13.08803,57.02874],[13.0902,57.02931],[13.09457,57.032],[13.10295,57.03588],[13.10347,57.03672],[13.10318,57.03865],[13.10593,57.04209],[13.10525,57.04299],[13.10812,57.0475],[13.10795,57.04898],[13.11194,57.05176],[13.11061,57.05533],[13.10388,57.05847],[13.10258,57.05931],[13.10127,57.06123],[13.09981,57.06182],[13.09999,57.0662],[13.09913,57.06704],[13.09713,57.06757],[13.09359,57.0695],[13.09378,57.06996],[13.09808,57.07221],[13.09709,57.07361],[13.09733,57.07463],[13.10018,57.07695],[13.09997,57.08061],[13.10393,57.0832],[13.10396,57.08402],[13.10336,57.08437],[13.10516,57.08511],[13.10638,57.08636],[13.10676,57.08815],[13.11097,57.08994],[13.11064,57.09042],[13.11462,57.09163],[13.11815,57.09406],[13.11555,57.09451],[13.11173,57.09858],[13.11133,57.0996],[13.11265,57.10282],[13.11213,57.1037],[13.10878,57.10425],[13.10402,57.10674],[13.10112,57.10771],[13.09819,57.10958],[13.09711,57.1165],[13.09466,57.11845],[13.09395,57.12198],[13.09602,57.12243],[13.10307,57.12549],[13.10809,57.12839],[13.11355,57.13081],[13.11395,57.13217],[13.11329,57.13342],[13.11342,57.13608],[13.11496,57.1372],[13.11421,57.13914],[13.11515,57.14046],[13.1237,57.14527],[13.12695,57.1457],[13.13128,57.14871],[13.13324,57.1511],[13.13445,57.1537],[13.13424,57.15478],[13.13962,57.15707],[13.14101,57.15896],[13.14285,57.16479],[13.14373,57.16573],[13.14738,57.16864],[13.15596,57.17259],[13.15932,57.17485],[13.16736,57.17368],[13.16905,57.17387],[13.17971,57.17695],[13.18831,57.17727],[13.19607,57.17886],[13.20386,57.17829],[13.20651,57.17894],[13.21525,57.1795],[13.2189,57.17896],[13.22605,57.17904],[13.2329,57.17837],[13.23613,57.1777],[13.24391,57.18071],[13.26503,57.18654],[13.27224,57.18955],[13.27504,57.19475],[13.27933,57.1982],[13.28367,57.19987],[13.28428,57.20361],[13.28824,57.20754],[13.29182,57.21562],[13.29686,57.22133],[13.30447,57.22374],[13.30558,57.22453],[13.30697,57.22713],[13.30925,57.22968],[13.31929,57.23754],[13.32215,57.24088],[13.32353,57.24162],[13.32234,57.24214],[13.31504,57.24326],[13.31128,57.24678],[13.30521,57.25095],[13.30035,57.2531],[13.30029,57.2549],[13.29786,57.25786],[13.29301,57.25944],[13.28857,57.2621],[13.28764,57.26655],[13.28407,57.2713],[13.28422,57.27386],[13.28647,57.27637],[13.28525,57.27864],[13.28852,57.28045],[13.29063,57.28094],[13.2946,57.28088],[13.30436,57.28319],[13.3067,57.2854],[13.30583,57.28742],[13.32036,57.29787],[13.32289,57.29855],[13.32716,57.29842],[13.33708,57.30099],[13.34084,57.30252],[13.36013,57.30157],[13.37099,57.30426],[13.3836,57.30873],[13.3922,57.31573],[13.40581,57.31593],[13.41234,57.32221],[13.38247,57.33677],[13.37975,57.33891],[13.37407,57.34074],[13.36751,57.34124],[13.36692,57.34577],[13.36747,57.34779],[13.36238,57.34884],[13.35803,57.35126],[13.35637,57.35296],[13.35353,57.35375],[13.35637,57.35506],[13.35576,57.35617],[13.35696,57.3568],[13.35884,57.3593],[13.3597,57.3627],[13.36319,57.36415],[13.36444,57.3651],[13.36393,57.36651],[13.36673,57.36743],[13.37092,57.36715],[13.37614,57.36761],[13.38474,57.36983],[13.38364,57.37014],[13.38099,57.37426],[13.38378,57.37638],[13.38586,57.38157],[13.38386,57.38468],[13.38137,57.38615],[13.37877,57.38728],[13.37533,57.3877],[13.36932,57.38989],[13.3683,57.39116],[13.36285,57.39184],[13.35693,57.39598],[13.35842,57.39661],[13.35984,57.39672],[13.3617,57.3963],[13.36432,57.3967],[13.36833,57.39613],[13.36978,57.39532],[13.37355,57.3947],[13.37561,57.39468],[13.37861,57.39565],[13.38244,57.39557],[13.385,57.39647],[13.38708,57.39842],[13.39336,57.40104],[13.4064,57.40324],[13.40954,57.4049],[13.41125,57.40651],[13.40877,57.41038],[13.41002,57.41164],[13.40976,57.41264],[13.40773,57.41349],[13.4074,57.41618],[13.4102,57.41948],[13.41469,57.42105],[13.41722,57.42355],[13.42015,57.42497],[13.42703,57.42525],[13.43973,57.42943],[13.44249,57.42899],[13.44489,57.43029],[13.44675,57.43077],[13.44454,57.4343],[13.44737,57.43507],[13.44859,57.4379],[13.45131,57.44042],[13.45538,57.44195],[13.45808,57.44363],[13.46196,57.44424],[13.46976,57.44672],[13.47198,57.44698],[13.47389,57.44786],[13.47531,57.44749],[13.48067,57.44867],[13.48583,57.44881],[13.48826,57.4494],[13.49,57.45053],[13.4985,57.45239],[13.50436,57.45262],[13.50552,57.45547],[13.50892,57.45914],[13.51158,57.46046],[13.51518,57.4613],[13.5195,57.46364],[13.51987,57.46451],[13.51871,57.46623],[13.5207,57.46982],[13.52468,57.47098],[13.53027,57.47418],[13.53333,57.4751],[13.54428,57.48004],[13.54926,57.48339],[13.56109,57.48744],[13.56563,57.48789],[13.56541,57.49295],[13.56622,57.49337],[13.56836,57.49742],[13.56892,57.50068],[13.56641,57.50109],[13.55258,57.50049],[13.55326,57.50177],[13.55251,57.5027],[13.55571,57.51113],[13.5535,57.51446],[13.55716,57.52085],[13.55891,57.52201],[13.56003,57.52348],[13.56092,57.52639],[13.56045,57.52804],[13.56365,57.53242],[13.56547,57.53821],[13.57193,57.5451],[13.57867,57.54928],[13.58015,57.55289],[13.58418,57.55729],[13.58652,57.56128],[13.58575,57.56356],[13.58105,57.56555],[13.5762,57.56703],[13.57434,57.56811],[13.57338,57.56956],[13.57174,57.57644],[13.57283,57.57685],[13.5728,57.57837],[13.57567,57.58349],[13.57744,57.58463],[13.57795,57.58604],[13.58259,57.59017],[13.58563,57.59449],[13.58502,57.59802],[13.58903,57.60714],[13.59231,57.61184],[13.59221,57.61254],[13.58768,57.61283],[13.58723,57.61383],[13.58847,57.6164],[13.58705,57.61761],[13.58593,57.62137],[13.58417,57.62181],[13.58259,57.62394],[13.58256,57.62466],[13.58348,57.62517],[13.58462,57.62742],[13.58417,57.62823],[13.58144,57.6289],[13.58151,57.62963],[13.58353,57.63078],[13.58902,57.63224],[13.59065,57.63421],[13.59222,57.63447],[13.59472,57.63563],[13.59718,57.63739],[13.59489,57.63797],[13.59465,57.63875],[13.59289,57.64017],[13.58813,57.64021],[13.58694,57.64081],[13.58417,57.63987],[13.58203,57.63999],[13.58022,57.63849],[13.5795,57.63655],[13.57435,57.6339],[13.57075,57.63258],[13.56832,57.63005],[13.56512,57.62959],[13.56249,57.62851],[13.56209,57.62755],[13.55912,57.6249],[13.55701,57.62435],[13.55424,57.6228],[13.55381,57.62437],[13.55153,57.62557],[13.5514,57.62642],[13.54706,57.626],[13.54468,57.62506],[13.54336,57.62506],[13.53689,57.62799],[13.53851,57.62958],[13.53887,57.63119],[13.54135,57.63083],[13.54291,57.63212],[13.54293,57.63372],[13.54418,57.6356],[13.5441,57.63699],[13.54533,57.63816],[13.5446,57.6386],[13.54477,57.63962],[13.5437,57.64211],[13.54671,57.64542],[13.54779,57.64776],[13.54385,57.64911],[13.54384,57.64975],[13.54305,57.65009],[13.54,57.64909],[13.54035,57.65463],[13.53926,57.65604],[13.53556,57.65683],[13.53357,57.65666],[13.53186,57.65466],[13.52768,57.65296],[13.52639,57.65352],[13.52303,57.65326],[13.52177,57.6559],[13.52186,57.65713],[13.52321,57.65797],[13.52257,57.65842],[13.52109,57.65847],[13.51969,57.65935],[13.51949,57.66297],[13.51876,57.66381],[13.51644,57.66477],[13.51551,57.66642],[13.51464,57.66666],[13.51192,57.6669],[13.50796,57.66816],[13.5064,57.66719],[13.50493,57.66716],[13.50277,57.66937],[13.49987,57.67009],[13.50032,57.67327],[13.50761,57.67339],[13.51016,57.67409],[13.5127,57.67552],[13.51591,57.67643],[13.51797,57.67757],[13.52184,57.67843],[13.52572,57.6785],[13.52936,57.68024],[13.53318,57.68014],[13.53524,57.6805],[13.54482,57.68481],[13.55212,57.68714],[13.55142,57.68799],[13.55195,57.6897],[13.55078,57.69039],[13.55034,57.69171],[13.5489,57.69225],[13.54991,57.69616],[13.54911,57.69758],[13.54937,57.69857],[13.54828,57.69967],[13.54795,57.70101],[13.54826,57.70341],[13.55128,57.70701],[13.553,57.7079],[13.55185,57.71058],[13.55263,57.71323],[13.55482,57.7145],[13.55784,57.71838],[13.55145,57.72255],[13.54909,57.72548],[13.56479,57.7341],[13.57203,57.73927],[13.57651,57.741],[13.57783,57.74245],[13.57935,57.74203],[13.58069,57.74053],[13.58548,57.73798],[13.58968,57.73236],[13.59664,57.72691],[13.59825,57.72634],[13.59978,57.72628],[13.6022,57.72509],[13.60404,57.72467],[13.6081,57.72167],[13.61153,57.7205],[13.61375,57.71907],[13.61664,57.71847],[13.6177,57.71899],[13.61878,57.72116],[13.6207,57.7225],[13.62923,57.72558],[13.63246,57.72881],[13.64045,57.73381],[13.64068,57.73786],[13.64809,57.7463],[13.6517,57.74895],[13.65682,57.75479],[13.65569,57.76022],[13.65962,57.76433],[13.66255,57.76458],[13.66545,57.76555],[13.66706,57.76799],[13.66933,57.76919],[13.67075,57.77056],[13.67488,57.77243],[13.67768,57.77477],[13.68318,57.77362],[13.68569,57.77572],[13.68633,57.77748],[13.68491,57.78585],[13.68897,57.79202],[13.68749,57.79743],[13.69209,57.79881],[13.69383,57.80306],[13.69241,57.80649],[13.69607,57.8132],[13.69399,57.81942],[13.69458,57.82338],[13.69747,57.83303],[13.69557,57.83979],[13.67749,57.84336],[13.66132,57.83854],[13.64711,57.83852],[13.64506,57.84048],[13.64503,57.84144],[13.64393,57.8425],[13.63989,57.84349],[13.63692,57.8447],[13.63443,57.84961],[13.63411,57.85178],[13.63319,57.85252],[13.63405,57.85343],[13.63313,57.85993],[13.63169,57.86082],[13.63082,57.86254],[13.62903,57.86324],[13.62868,57.86421],[13.62609,57.8661],[13.62551,57.87014],[13.62447,57.87092],[13.62661,57.87586],[13.62684,57.87903],[13.62782,57.88035],[13.6303,57.88105],[13.63215,57.88224],[13.63498,57.88253],[13.6385,57.8852],[13.64756,57.88558],[13.65228,57.8913],[13.65255,57.8925],[13.65254,57.8939],[13.65059,57.89514],[13.65008,57.89602],[13.65095,57.89831],[13.65064,57.90045],[13.65287,57.90164],[13.65355,57.90304],[13.65538,57.90417],[13.65728,57.90631],[13.6597,57.90725],[13.66036,57.90792],[13.66029,57.9101],[13.66135,57.9108],[13.66531,57.90975],[13.66679,57.90982],[13.67237,57.91148],[13.68004,57.91457],[13.68888,57.9158],[13.69269,57.91511],[13.69517,57.91582],[13.6965,57.91578],[13.69889,57.9166],[13.70596,57.91764],[13.70757,57.91883],[13.70904,57.91912],[13.72411,57.91934],[13.72667,57.91876],[13.72824,57.91774],[13.72883,57.91662],[13.73599,57.91226],[13.73966,57.9119],[13.74166,57.90921],[13.74699,57.90907],[13.75191,57.90732],[13.76191,57.90894],[13.77091,57.91141],[13.77708,57.91141],[13.78208,57.90974],[13.78375,57.90853],[13.78567,57.9093],[13.78667,57.91087],[13.78883,57.91087],[13.78767,57.91266],[13.78567,57.91415],[13.78533,57.91702],[13.78191,57.91981],[13.7795,57.92313],[13.77966,57.9238],[13.77608,57.92762],[13.77512,57.93172],[13.77699,57.9337],[13.77623,57.93585],[13.77379,57.93762],[13.77217,57.93968],[13.77218,57.94046],[13.76941,57.94323],[13.77139,57.94619],[13.77131,57.94984],[13.77036,57.95055],[13.77018,57.9534],[13.76833,57.95458],[13.76661,57.95859],[13.76446,57.96142],[13.76476,57.96216],[13.76283,57.96645],[13.76288,57.96957],[13.76378,57.97194],[13.7639,57.97783],[13.76639,57.98503],[13.76945,57.98711],[13.77706,57.98468],[13.7797,57.98298],[13.78573,57.98164],[13.78806,57.9806],[13.79235,57.97574],[13.79541,57.97377],[13.80059,57.973],[13.80313,57.97119],[13.80749,57.97089],[13.8105,57.97005],[13.81206,57.97009],[13.81656,57.97074],[13.82166,57.97276],[13.83003,57.97336],[13.83216,57.97247],[13.83254,57.97178],[13.83539,57.97652],[13.83553,57.97806],[13.8379,57.97905],[13.83937,57.98097],[13.84124,57.98204],[13.84261,57.98351],[13.84647,57.98944],[13.84702,57.99189],[13.85054,57.99444],[13.85204,57.99736],[13.85378,57.9988],[13.85614,58.00256],[13.8557,58.00401],[13.85721,58.00654],[13.85982,58.00825],[13.86416,58.01361],[13.86627,58.01451],[13.8668,58.01526],[13.86604,58.01691],[13.86638,58.01929],[13.87272,58.02626],[13.87608,58.0311],[13.87708,58.03537],[13.87913,58.03831],[13.87651,58.04259],[13.87479,58.04363],[13.87457,58.04662],[13.87286,58.04882],[13.8727,58.05313],[13.87427,58.05611],[13.87499,58.05678],[13.88671,58.05983],[13.89302,58.0634],[13.89892,58.06436],[13.8999,58.06492],[13.90255,58.06541],[13.90701,58.0675],[13.91212,58.06869],[13.9124,58.06935],[13.91474,58.07029],[13.91601,58.07038],[13.91659,58.07102],[13.91704,58.07322],[13.91319,58.07672],[13.91277,58.07747],[13.91362,58.07878],[13.91326,58.07945],[13.91153,58.08067],[13.90788,58.08185],[13.90688,58.08297],[13.90282,58.08264],[13.90136,58.08639],[13.90266,58.08841],[13.90123,58.09387],[13.90232,58.09765],[13.90687,58.10117],[13.91022,58.1019],[13.91177,58.10575],[13.91153,58.10661],[13.91244,58.1071],[13.91467,58.10785],[13.91761,58.10826],[13.92079,58.11025],[13.92619,58.11073],[13.92938,58.11227],[13.93472,58.11263],[13.93981,58.11432],[13.94757,58.1137],[13.95381,58.11392],[13.95925,58.11503],[13.96685,58.11783],[13.97215,58.12055],[13.97954,58.1204],[13.98482,58.12078],[13.99131,58.12494],[13.99162,58.12777],[13.99305,58.129],[13.99719,58.12912],[14.00321,58.13191],[14.00406,58.13635],[14.0075,58.13828],[14.01204,58.13869],[14.01272,58.13919],[14.0167,58.13857],[14.01994,58.13916],[14.02819,58.13653],[14.03302,58.13205],[14.04192,58.13078],[14.0464,58.12758],[14.05391,58.12687],[14.06103,58.12389],[14.06713,58.11829],[14.07127,58.11597],[14.07263,58.11421],[14.07311,58.11236],[14.07496,58.11048],[14.0767,58.103],[14.09428,58.09947],[14.10026,58.10206],[14.10631,58.10329],[14.11075,58.10262],[14.11895,58.10034],[14.12695,58.09968],[14.13228,58.09786],[14.13674,58.09951],[14.14151,58.1002],[14.13895,58.10549],[14.13921,58.1079],[14.14281,58.11186],[14.14078,58.11609],[14.14277,58.12058],[14.14487,58.12146],[14.14236,58.12271],[14.14221,58.12461],[14.14054,58.12736],[14.1422,58.12815],[14.14435,58.13124],[14.14896,58.13212],[14.15837,58.12941],[14.15826,58.13195],[14.15711,58.1331],[14.15886,58.13512],[14.15898,58.13832],[14.16053,58.1403],[14.15964,58.14271],[14.15786,58.14436],[14.15846,58.14587],[14.16031,58.14649],[14.16145,58.14784],[14.16122,58.14856],[14.16384,58.15016],[14.16588,58.15067],[14.16851,58.15301],[14.17412,58.15502],[14.17443,58.15701],[14.17621,58.15861],[14.17531,58.15987],[14.17097,58.16009],[14.16582,58.15786],[14.16417,58.15658],[14.16116,58.15568],[14.1577,58.15573],[14.15613,58.15637],[14.1514,58.1571],[14.15026,58.1566],[14.15004,58.15558],[14.15097,58.15494],[14.15043,58.15353],[14.14298,58.1525],[14.13966,58.15121],[14.13421,58.15295],[14.13081,58.153],[14.1272,58.1519],[14.12573,58.15207],[14.12081,58.15367],[14.11767,58.1563],[14.11532,58.15713],[14.1175,58.15906],[14.11882,58.15961],[14.11854,58.16193],[14.11599,58.16685],[14.11916,58.17006],[14.11992,58.17321],[14.11937,58.17479],[14.12034,58.17674],[14.11995,58.17769],[14.12158,58.17879],[14.12103,58.1795],[14.12276,58.18354],[14.12459,58.18599],[14.12458,58.18779],[14.12716,58.18969],[14.12717,58.19132],[14.12001,58.19129],[14.11175,58.19189],[14.1087,58.19484],[14.10898,58.1984],[14.11055,58.2018],[14.10877,58.20445],[14.109,58.20592],[14.10734,58.20862],[14.10804,58.21022],[14.11033,58.2126],[14.1133,58.21468],[14.11221,58.21671],[14.11279,58.21894],[14.11152,58.2205],[14.10695,58.22269],[14.10573,58.22662],[14.10296,58.22857],[14.10157,58.23126],[14.10205,58.2326],[14.10369,58.23261],[14.10662,58.2318],[14.10878,58.2326],[14.11411,58.23342],[14.11749,58.23536],[14.11874,58.23689],[14.11871,58.23841],[14.11956,58.23924],[14.11763,58.2404],[14.11634,58.24246],[14.11667,58.2434],[14.11242,58.24483],[14.10927,58.2532],[14.11265,58.25961],[14.11697,58.25917],[14.11861,58.26332],[14.12059,58.26439],[14.12549,58.26565],[14.12767,58.26735],[14.12635,58.27074],[14.12747,58.27453],[14.12882,58.2751],[14.12815,58.27627],[14.13082,58.27746],[14.13236,58.28303],[14.12869,58.28416],[14.12964,58.28748],[14.12711,58.28992],[14.13429,58.29182],[14.13364,58.29361],[14.1382,58.29689],[14.13565,58.2995],[14.13615,58.30953],[14.14412,58.3103],[14.15452,58.30798],[14.162,58.3096],[14.17188,58.31331],[14.17506,58.31325],[14.17855,58.31105],[14.18313,58.31151],[14.18911,58.31001],[14.19649,58.30625],[14.21871,58.30912],[14.22879,58.30856],[14.24508,58.30615],[14.25555,58.30338],[14.25543,58.30687],[14.2565,58.31053],[14.25936,58.31495],[14.26297,58.31847],[14.26757,58.32074],[14.2689,58.32077],[14.27103,58.32166],[14.27433,58.32223],[14.27935,58.32248],[14.28969,58.32196],[14.28936,58.32459],[14.29166,58.32704],[14.29815,58.32768],[14.29783,58.32925],[14.30512,58.33635],[14.31296,58.33986],[14.31036,58.34138],[14.30988,58.34216],[14.31034,58.34283],[14.30994,58.34454],[14.31077,58.34512],[14.32071,58.34739],[14.32528,58.34957],[14.33014,58.35027],[14.3338,58.35181],[14.33605,58.35338],[14.33676,58.35476],[14.33636,58.3579],[14.33012,58.35943],[14.32901,58.36013],[14.32681,58.36245],[14.32547,58.36524],[14.31899,58.3672],[14.31802,58.36802],[14.31683,58.3708],[14.31344,58.37233],[14.31176,58.37447],[14.30821,58.37624],[14.30669,58.37775],[14.30217,58.37886],[14.29682,58.38125],[14.29609,58.38208],[14.29623,58.38567],[14.29405,58.38799],[14.2933,58.38991],[14.28615,58.39346],[14.28807,58.39903],[14.29082,58.40296],[14.28483,58.40392],[14.28126,58.40353],[14.27692,58.40514],[14.27442,58.40496],[14.27276,58.40712],[14.25759,58.40694],[14.25325,58.40928],[14.24725,58.41134],[14.24225,58.41116],[14.23375,58.41485],[14.23192,58.41521],[14.23025,58.41619],[14.21692,58.41646],[14.21108,58.41539],[14.20275,58.4153],[14.20492,58.41772],[14.20875,58.4206],[14.21575,58.42104],[14.22608,58.42625],[14.22942,58.42976],[14.24094,58.43464],[14.24134,58.43558],[14.23474,58.44016],[14.23499,58.44081],[14.24954,58.44447],[14.25184,58.44657],[14.25202,58.45448],[14.25001,58.45789],[14.25458,58.45807],[14.25979,58.45879],[14.26518,58.46081],[14.26947,58.46324],[14.27413,58.46333],[14.28299,58.46467],[14.29121,58.46723],[14.29952,58.46862],[14.30315,58.46983],[14.30746,58.47208],[14.3081,58.47281],[14.31761,58.47576],[14.31853,58.47637],[14.31818,58.48003],[14.31425,58.48235],[14.30933,58.48338],[14.30875,58.48405],[14.30876,58.48624],[14.31041,58.48741],[14.31246,58.49057],[14.31997,58.49413],[14.32135,58.49696],[14.32242,58.4975],[14.32436,58.49982],[14.32738,58.50171],[14.32963,58.50449],[14.33223,58.50463],[14.33684,58.50377],[14.34329,58.50485],[14.34502,58.50647],[14.34637,58.50692],[14.34858,58.50934],[14.35272,58.51078],[14.35368,58.5128],[14.35811,58.51392],[14.35869,58.51491],[14.36407,58.51738],[14.36725,58.51783],[14.36956,58.51891],[14.3736,58.51954],[14.37706,58.52071],[14.38197,58.52124],[14.38678,58.52084],[14.38842,58.52318],[14.39034,58.52398],[14.39814,58.52304],[14.39756,58.52019],[14.40363,58.51569],[14.41309,58.51178],[14.4307,58.50992],[14.43018,58.51275],[14.43295,58.51528],[14.43394,58.52102],[14.43301,58.52269],[14.43648,58.5249],[14.44114,58.52608],[14.44646,58.52902],[14.45052,58.5335],[14.45417,58.53949],[14.44894,58.54657],[14.44382,58.54733],[14.43571,58.54299],[14.4329,58.5398],[14.43244,58.5408],[14.43409,58.54345],[14.43425,58.54676],[14.43748,58.54998],[14.43487,58.5507],[14.43414,58.55135],[14.43293,58.55511],[14.43074,58.55598],[14.42761,58.55888],[14.42598,58.55877],[14.4243,58.56008],[14.42319,58.56163],[14.42343,58.56681],[14.42293,58.56761],[14.42319,58.56839],[14.42562,58.56999],[14.43227,58.57261],[14.43501,58.57614],[14.43451,58.57908],[14.43061,58.58255],[14.42971,58.58427],[14.43488,58.58518],[14.43545,58.58738],[14.43872,58.58944],[14.44001,58.59175],[14.43995,58.59242],[14.43785,58.59458],[14.4384,58.59719],[14.43773,58.59958],[14.43811,58.60125],[14.44401,58.60627],[14.44651,58.61192],[14.45028,58.61755],[14.44997,58.61907],[14.45176,58.62004],[14.45254,58.62307],[14.45303,58.62374],[14.45445,58.62379],[14.45468,58.6246],[14.45043,58.62865],[14.44359,58.63706],[14.44417,58.63871],[14.44674,58.63949],[14.44331,58.64204],[14.44131,58.64556],[14.43641,58.64819],[14.43476,58.65031],[14.42876,58.65527],[14.42798,58.65834],[14.42564,58.65946],[14.42399,58.66089],[14.42043,58.66264],[14.41457,58.6634],[14.40322,58.66094],[14.40001,58.65932],[14.39326,58.65954],[14.38796,58.66196],[14.38405,58.66578],[14.37976,58.66583],[14.36151,58.67278],[14.35768,58.67444],[14.35549,58.6763],[14.35382,58.67934],[14.35508,58.68063],[14.35374,58.68259],[14.35372,58.68479],[14.35246,58.6862],[14.35248,58.69099],[14.35173,58.69154],[14.34891,58.6916],[14.34945,58.69256],[14.35238,58.69336],[14.35488,58.69475],[14.35566,58.69645],[14.35562,58.69821],[14.35942,58.70515],[14.35772,58.70916],[14.35349,58.7145],[14.35371,58.71612],[14.35568,58.71906],[14.35544,58.72068],[14.35187,58.72199],[14.35049,58.72553],[14.34929,58.72697],[14.34573,58.72955],[14.34662,58.7327],[14.34455,58.73788],[14.34544,58.74032],[14.34274,58.74204],[14.34494,58.74475],[14.34438,58.74557],[14.34258,58.74626],[14.34186,58.74702],[14.3405,58.74728],[14.3376,58.74698],[14.33694,58.74759],[14.33523,58.75008],[14.33296,58.75665],[14.3301,58.75647],[14.32356,58.75708],[14.32161,58.75795],[14.31822,58.7629],[14.31868,58.76357],[14.31726,58.76474],[14.31516,58.76857],[14.31034,58.77131],[14.31034,58.77411],[14.309,58.77636],[14.30697,58.7775],[14.30712,58.77987],[14.30634,58.7813],[14.30923,58.78334],[14.31205,58.78388],[14.31845,58.78597],[14.31951,58.78753],[14.31649,58.78915],[14.31756,58.78972],[14.31787,58.79175],[14.31906,58.7922],[14.32258,58.79542],[14.33074,58.79697],[14.33357,58.7968],[14.33477,58.79631],[14.33606,58.79656],[14.34075,58.79971],[14.33912,58.80123],[14.33798,58.80406],[14.33811,58.80634],[14.34104,58.80796],[14.34192,58.80933],[14.34648,58.81114],[14.34724,58.81175],[14.3477,58.81341],[14.35167,58.81591],[14.35307,58.81803],[14.35555,58.81867],[14.35501,58.82586],[14.35351,58.82767],[14.3587,58.82745],[14.36464,58.82873],[14.37046,58.82826],[14.37489,58.82621],[14.37551,58.82406],[14.37807,58.82349],[14.38048,58.82228],[14.38324,58.82183],[14.38909,58.82231],[14.39274,58.82353],[14.40496,58.82435],[14.40982,58.82766],[14.42052,58.83099],[14.42179,58.83238],[14.42422,58.83322],[14.42642,58.83518],[14.42821,58.83866],[14.4296,58.83874],[14.43486,58.8378],[14.44412,58.83795],[14.44645,58.83867],[14.44927,58.8402],[14.45219,58.84259],[14.45607,58.84366],[14.4619,58.84425],[14.46234,58.84655],[14.45954,58.84938],[14.4578,58.85502],[14.45168,58.86024],[14.45164,58.86647],[14.4524,58.87353],[14.46188,58.87861],[14.46512,58.88439],[14.46261,58.89229],[14.46188,58.90624],[14.47211,58.90094],[14.48428,58.89718],[14.49299,58.88993],[14.49757,58.8832],[14.50556,58.87888],[14.50943,58.87426],[14.52433,58.87332],[14.52989,58.87096],[14.53199,58.86755],[14.53424,58.86902],[14.53688,58.87004],[14.53732,58.87087],[14.53984,58.87251],[14.54024,58.87379],[14.54076,58.88074],[14.54032,58.88551],[14.54255,58.89195],[14.54544,58.89527],[14.54911,58.89644],[14.55354,58.89692],[14.55427,58.89759],[14.55245,58.905],[14.5529,58.90567],[14.55651,58.90659],[14.55644,58.90961],[14.55774,58.91085],[14.55657,58.91386],[14.55841,58.91566],[14.55744,58.91849],[14.55793,58.91915],[14.5602,58.92006],[14.55585,58.92677],[14.5609,58.92829],[14.56697,58.92843],[14.57111,58.93074],[14.57363,58.93144],[14.5743,58.93207],[14.57339,58.9358],[14.57434,58.93725],[14.57437,58.93866],[14.57649,58.93957],[14.578,58.9408],[14.5821,58.94159],[14.58589,58.94422],[14.58762,58.94557],[14.58853,58.94934],[14.5912,58.95087],[14.59562,58.95053],[14.59839,58.95126],[14.60087,58.95011],[14.60225,58.94876],[14.60472,58.9477],[14.60606,58.94759],[14.61531,58.94831],[14.61792,58.94902],[14.61928,58.94906],[14.62074,58.94863],[14.62369,58.95203],[14.62543,58.95307],[14.62555,58.95485],[14.62709,58.95788],[14.62978,58.96242],[14.63269,58.96495],[14.63315,58.96612],[14.62938,58.97473],[14.62392,58.98177],[14.638,58.98562],[14.63531,58.98763],[14.62762,58.99044],[14.61955,58.9952],[14.60857,58.99984],[14.60501,59.00208],[14.60315,58.99974],[14.59956,58.9991],[14.59114,58.99984],[14.58863,58.99962],[14.58746,59.00006],[14.58242,59.00043],[14.58058,59.0012],[14.57179,58.99969],[14.56562,59.00049],[14.5638,59.0005],[14.56245,58.99954],[14.56106,58.99987],[14.56082,59.00157],[14.55883,59.00296],[14.55776,59.00759],[14.55594,59.00886],[14.5543,59.00865],[14.54849,59.00585],[14.54413,59.0047],[14.53929,59.00522],[14.53387,59.00386],[14.53185,59.00417],[14.52601,59.00252],[14.52181,58.99877],[14.52132,58.99254],[14.52214,58.98991],[14.52046,58.99041],[14.51843,58.98855],[14.51818,58.98616],[14.51922,58.98462],[14.51962,58.98144],[14.52051,58.98079],[14.5174,58.97838],[14.51672,58.97493],[14.51943,58.97128],[14.51926,58.97054],[14.51538,58.9671],[14.50756,58.9683],[14.50109,58.9707],[14.49635,58.9708],[14.49186,58.97148],[14.49015,58.97332],[14.48902,58.97372],[14.48492,58.97327],[14.47355,58.97469],[14.46729,58.98401],[14.46641,58.98709],[14.46421,58.98737],[14.46117,58.9887],[14.4602,58.98978],[14.45776,58.9903],[14.4507,58.99049],[14.44666,58.99139],[14.44496,58.99134],[14.44321,58.9909],[14.43956,58.98829],[14.43739,58.98589],[14.43258,58.98552],[14.42878,58.9827],[14.41753,58.9813],[14.41538,58.98148],[14.41082,58.97989],[14.4075,58.98106],[14.40538,58.98107],[14.40369,58.98012],[14.40285,58.97868],[14.39805,58.98001],[14.39508,58.9816],[14.39158,58.98591],[14.39006,58.98994],[14.38997,58.99342],[14.38647,58.99732],[14.38654,59.0019],[14.38447,59.00144],[14.3842,59.00177],[14.38548,59.0037],[14.38514,59.0118],[14.3872,59.01328],[14.38818,59.01498],[14.39238,59.01416],[14.39458,59.01531],[14.39541,59.01726],[14.39636,59.01798],[14.40061,59.01951],[14.40347,59.0199],[14.40816,59.01986],[14.41334,59.02203],[14.414,59.02308],[14.41812,59.02415],[14.41843,59.02913],[14.42031,59.03006],[14.42132,59.03119],[14.42264,59.03354],[14.42405,59.03476],[14.42482,59.0368],[14.4262,59.03757],[14.42878,59.03768],[14.43267,59.03904],[14.43303,59.04105],[14.4342,59.04205],[14.43437,59.04327],[14.43996,59.04602],[14.44159,59.04787],[14.44145,59.05006],[14.44248,59.0517],[14.44231,59.05438],[14.44628,59.0593],[14.44613,59.06203],[14.44289,59.06526],[14.44136,59.06781],[14.44009,59.07381],[14.44068,59.07615],[14.43983,59.07749],[14.42955,59.08445],[14.42878,59.08756],[14.42675,59.08948],[14.42322,59.0917],[14.41949,59.09287],[14.41824,59.09467],[14.41448,59.09736],[14.41316,59.09801],[14.40933,59.0983],[14.40669,59.09945],[14.40554,59.10067],[14.39944,59.10425],[14.39789,59.10654],[14.39893,59.10926],[14.39594,59.1118],[14.39415,59.11273],[14.39146,59.11257],[14.3888,59.11288],[14.38608,59.1125],[14.38401,59.11274],[14.37779,59.11636],[14.373,59.11568],[14.37101,59.11473],[14.36731,59.11493],[14.36564,59.11556],[14.36844,59.1175],[14.36934,59.12059],[14.37056,59.12237],[14.37048,59.12576],[14.36557,59.12868],[14.36396,59.12928],[14.36054,59.12978],[14.3569,59.13322],[14.35647,59.1349],[14.34956,59.13919],[14.3472,59.14159],[14.34681,59.14421],[14.35059,59.14799],[14.35159,59.15515],[14.34768,59.15624],[14.33472,59.1571],[14.33135,59.15948],[14.33822,59.16156],[14.34076,59.16288],[14.34252,59.16295],[14.34387,59.16347],[14.34453,59.16478],[14.34605,59.16581],[14.34919,59.16684],[14.35215,59.16841],[14.35405,59.17099],[14.35387,59.17226],[14.36134,59.17784],[14.35855,59.18022],[14.3573,59.18202],[14.35732,59.18347],[14.35606,59.1843],[14.35093,59.18514],[14.34873,59.18626],[14.34669,59.18831],[14.34627,59.18999],[14.34509,59.19104],[14.33938,59.19194],[14.33677,59.19312],[14.33646,59.19437],[14.33363,59.19646],[14.3321,59.19875],[14.33269,59.20334],[14.32817,59.2075],[14.32833,59.20956],[14.32573,59.21371],[14.32444,59.21477],[14.32451,59.21691],[14.32318,59.21951],[14.32393,59.21964],[14.32519,59.22624],[14.32681,59.22883],[14.32554,59.23128],[14.32848,59.23444],[14.32963,59.23767],[14.33233,59.23907],[14.33285,59.24093],[14.33072,59.24201],[14.3279,59.24457],[14.32859,59.24772],[14.32796,59.25581],[14.32404,59.25867],[14.32375,59.25988],[14.32134,59.25934],[14.3207,59.25818],[14.31212,59.25635],[14.30838,59.25476],[14.30325,59.2536],[14.30124,59.25161],[14.29962,59.25094],[14.29836,59.24846],[14.29277,59.24727],[14.29093,59.24614],[14.28621,59.24627],[14.28313,59.24686],[14.28451,59.24815],[14.28422,59.24996],[14.28508,59.25341],[14.28336,59.25527],[14.28101,59.25465],[14.27625,59.25457],[14.27516,59.25117],[14.2719,59.24937],[14.27167,59.24856],[14.27012,59.2474],[14.26737,59.2464],[14.26542,59.24452],[14.26117,59.24392],[14.26072,59.24258],[14.25596,59.24155],[14.25089,59.24103],[14.24797,59.24147],[14.25117,59.24314],[14.25103,59.24402],[14.24475,59.24412],[14.24506,59.24664],[14.2413,59.24858],[14.24052,59.25002],[14.23797,59.25116],[14.23606,59.25514],[14.23599,59.25721],[14.23469,59.25812],[14.23251,59.25836],[14.23064,59.25789],[14.22644,59.25766],[14.2221,59.2592],[14.21922,59.26184],[14.22039,59.26486],[14.21887,59.26819],[14.22095,59.27366],[14.22237,59.27532],[14.21992,59.28129],[14.22096,59.28322],[14.22079,59.28885],[14.21883,59.29072],[14.2189,59.29225],[14.21651,59.29612],[14.21374,59.29884],[14.2135,59.30247],[14.20346,59.30372],[14.19061,59.30384],[14.1876,59.3033],[14.1847,59.30338],[14.18224,59.30255],[14.17946,59.30228],[14.17249,59.30398],[14.16236,59.30429],[14.1594,59.30497],[14.15807,59.30634],[14.15867,59.30999],[14.15378,59.31343],[14.14885,59.31398],[14.14782,59.31304],[14.1437,59.31098],[14.14202,59.31051],[14.13949,59.31098],[14.13799,59.32124],[14.1285,59.32632],[14.12962,59.32698],[14.12379,59.32767],[14.12364,59.33096],[14.12711,59.33542],[14.12621,59.33774],[14.12767,59.341],[14.12826,59.3445],[14.13273,59.35051],[14.13345,59.35476],[14.13456,59.3568],[14.14006,59.36021],[14.14056,59.36183],[14.14381,59.3634],[14.15064,59.36812],[14.15415,59.37319],[14.15164,59.37512],[14.15131,59.37652],[14.14931,59.37715],[14.14931,59.37795],[14.14614,59.3784],[14.14164,59.38024],[14.13931,59.38056],[14.13581,59.3824],[14.131,59.38183],[14.12816,59.38244],[14.12609,59.38229],[14.12308,59.38281],[14.12254,59.38527],[14.11961,59.38556],[14.1187,59.3863],[14.11894,59.3878],[14.11804,59.38837],[14.1066,59.38783],[14.0998,59.38843],[14.09671,59.38837],[14.09239,59.38926],[14.09144,59.38866],[14.08528,59.38798],[14.08433,59.38713],[14.07616,59.3859],[14.07366,59.38603],[14.07112,59.38564],[14.06634,59.38647],[14.06363,59.386],[14.05916,59.38594],[14.05432,59.38469],[14.04708,59.38616],[14.04279,59.38612],[14.04128,59.3865],[14.03153,59.3846],[14.02163,59.38533],[14.01301,59.38528],[14.0082,59.38595],[14.00196,59.3849],[13.9995,59.38408],[13.99506,59.38344],[13.99266,59.38358],[13.98842,59.38452],[13.99051,59.38676],[13.99039,59.38813],[13.99116,59.38963],[13.99085,59.39226],[13.98953,59.3931],[13.99,59.39512],[13.9963,59.39698],[13.99543,59.3986],[13.98902,59.40143],[13.9917,59.40275],[13.98723,59.40841],[13.987,59.41266],[13.9845,59.41315],[13.98403,59.41755],[13.97903,59.41769],[13.97579,59.41718],[13.97138,59.41788],[13.96362,59.41625],[13.95944,59.41409],[13.95589,59.41344],[13.9497,59.41437],[13.94451,59.41904],[13.93792,59.41861],[13.93392,59.41956],[13.93345,59.4221],[13.93586,59.42359],[13.93585,59.42483],[13.93486,59.42572],[13.93242,59.42645],[13.93248,59.428],[13.93026,59.43191],[13.92932,59.43245],[13.93554,59.4355],[13.94583,59.43766],[13.94888,59.44157],[13.94879,59.44599],[13.94275,59.44919],[13.93709,59.44867],[13.93131,59.44922],[13.92514,59.45091],[13.92594,59.45224],[13.92297,59.45447],[13.92027,59.45532],[13.91686,59.45744],[13.91551,59.45901],[13.91427,59.45957],[13.90528,59.46098],[13.89697,59.4618],[13.89668,59.4661],[13.89431,59.46674],[13.89593,59.47083],[13.89582,59.47344],[13.89831,59.47643],[13.89848,59.47745],[13.90135,59.47967],[13.90166,59.48143],[13.90075,59.48424],[13.89939,59.48599],[13.8974,59.48663],[13.89902,59.4899],[13.89842,59.49324],[13.89363,59.49714],[13.89212,59.499],[13.89146,59.5012],[13.89242,59.50237],[13.89446,59.50352],[13.8953,59.50603],[13.89471,59.50665],[13.90029,59.50942],[13.90485,59.51063],[13.90564,59.51423],[13.90807,59.5156],[13.90773,59.51985],[13.91008,59.52158],[13.9125,59.52246],[13.91344,59.52345],[13.9089,59.52435],[13.90266,59.52638],[13.90062,59.52548],[13.88991,59.52676],[13.88864,59.5276],[13.88032,59.52906],[13.87358,59.53197],[13.87236,59.53313],[13.86218,59.53341],[13.8613,59.53537],[13.85965,59.53651],[13.8562,59.53587],[13.85353,59.5362],[13.84953,59.53744],[13.84634,59.53663],[13.84506,59.53735],[13.84329,59.54059],[13.84555,59.54118],[13.84636,59.54299],[13.84732,59.5436],[13.84602,59.54528],[13.8452,59.54839],[13.84665,59.54962],[13.8488,59.55047],[13.85129,59.55406],[13.84999,59.55857],[13.8481,59.55948],[13.84965,59.56121],[13.85131,59.56148],[13.85028,59.56344],[13.85039,59.56506],[13.84896,59.56592],[13.84931,59.56927],[13.8465,59.57132],[13.84588,59.57302],[13.84353,59.57418],[13.84086,59.57454],[13.83986,59.57549],[13.83778,59.57604],[13.82977,59.58032],[13.82834,59.58306],[13.82171,59.5866],[13.82114,59.58726],[13.81899,59.5855],[13.81802,59.58537],[13.81659,59.5858],[13.81336,59.58423],[13.80811,59.58363],[13.80589,59.58174],[13.80687,59.57772],[13.80622,59.57552],[13.80681,59.57325],[13.80532,59.56939],[13.80389,59.56813],[13.80302,59.56775],[13.79846,59.56796],[13.79819,59.56749],[13.79668,59.56738],[13.78993,59.56851],[13.78418,59.56878],[13.78047,59.56848],[13.78099,59.56671],[13.78309,59.56479],[13.7823,59.56349],[13.78281,59.56219],[13.78463,59.56068],[13.77866,59.55783],[13.77531,59.55887],[13.77359,59.55598],[13.76637,59.55472],[13.76156,59.55478],[13.75811,59.55678],[13.75291,59.55693],[13.75276,59.55795],[13.75154,59.55859],[13.74773,59.55859],[13.73951,59.55963],[13.73348,59.55956],[13.72737,59.56063],[13.72283,59.56039],[13.72115,59.55986],[13.71668,59.5595],[13.71266,59.56034],[13.7102,59.5601],[13.70897,59.5596],[13.69886,59.55888],[13.6956,59.559],[13.69075,59.55981],[13.68837,59.55949],[13.68296,59.55603],[13.67952,59.55598],[13.67642,59.55675],[13.67544,59.55762],[13.67243,59.55837],[13.66921,59.55843],[13.67019,59.56233],[13.67173,59.56368],[13.67408,59.57001],[13.67345,59.57144],[13.67483,59.57287],[13.67483,59.57346],[13.67391,59.57384],[13.6742,59.57737],[13.67558,59.57848],[13.67649,59.57864],[13.67586,59.57996],[13.67695,59.58238],[13.67798,59.58314],[13.67185,59.58131],[13.66961,59.58039],[13.66806,59.5791],[13.66692,59.57004],[13.66594,59.56764],[13.66412,59.56779],[13.66072,59.56606],[13.65708,59.56526],[13.65258,59.56611],[13.65118,59.56699],[13.63758,59.56855],[13.62651,59.57199],[13.61374,59.57129],[13.61314,59.57577],[13.61056,59.57617],[13.60809,59.57846],[13.60383,59.58109],[13.60043,59.5813],[13.5972,59.58033],[13.58797,59.58239],[13.58263,59.58408],[13.5813,59.58554],[13.57938,59.58594],[13.57653,59.58569],[13.56869,59.58752],[13.56523,59.58738],[13.56188,59.58892],[13.55523,59.58879],[13.54425,59.5843],[13.54039,59.58369],[13.53354,59.57972],[13.52978,59.5795],[13.52287,59.57666],[13.51908,59.57554],[13.51827,59.575],[13.51767,59.57344],[13.51885,59.57059],[13.51078,59.56894],[13.50105,59.55746],[13.49909,59.55657],[13.48651,59.55425],[13.4806,59.5539],[13.47915,59.55351],[13.47868,59.55264],[13.47737,59.55332],[13.47862,59.55383],[13.47552,59.55622],[13.47587,59.5578],[13.47107,59.56175],[13.46474,59.57071],[13.45665,59.57342],[13.44979,59.57494],[13.4478,59.57474],[13.44608,59.57377],[13.44168,59.57282],[13.43881,59.571],[13.4332,59.56608],[13.43024,59.56159],[13.42416,59.56127],[13.4215,59.5582],[13.41747,59.55593],[13.41787,59.55413],[13.41676,59.55226],[13.41673,59.5497],[13.41801,59.54797],[13.41816,59.54663],[13.41559,59.53943],[13.41306,59.53658],[13.40843,59.53405],[13.40616,59.5322],[13.40271,59.5314],[13.39974,59.53161],[13.36885,59.52434],[13.36638,59.52317],[13.36319,59.52418],[13.36072,59.52449],[13.35559,59.52432],[13.35122,59.52359],[13.34971,59.52738],[13.34763,59.52902],[13.34462,59.53047],[13.34651,59.53236],[13.34849,59.53324],[13.35174,59.53568],[13.35285,59.53757],[13.35332,59.54182],[13.35296,59.54271],[13.35055,59.54458],[13.35057,59.54613],[13.35429,59.55276],[13.35424,59.55552],[13.35565,59.55877],[13.35521,59.5609],[13.35611,59.56366],[13.35619,59.56883],[13.35494,59.57198],[13.35318,59.57422],[13.35347,59.57561],[13.3515,59.57694],[13.35201,59.57873],[13.34677,59.58386],[13.34704,59.58678],[13.34602,59.58861],[13.34639,59.59042],[13.34386,59.59385],[13.34352,59.6006],[13.34069,59.60536],[13.33833,59.60811],[13.33837,59.60928],[13.33385,59.61507],[13.33112,59.616],[13.32744,59.61572],[13.32634,59.61664],[13.31833,59.61344],[13.30964,59.61142],[13.30792,59.61013],[13.30479,59.61369],[13.29697,59.61581],[13.29303,59.61792],[13.29011,59.61866],[13.28777,59.62052],[13.28637,59.62015],[13.2798,59.62289],[13.2781,59.62318],[13.27287,59.62304],[13.26165,59.62589],[13.25793,59.62605],[13.24823,59.62324],[13.24285,59.62323],[13.24167,59.62257],[13.22915,59.61969],[13.22958,59.61865],[13.22816,59.61715],[13.22496,59.61754],[13.22305,59.61729],[13.22059,59.61783],[13.2177,59.61773],[13.21478,59.61998],[13.20993,59.62229],[13.20117,59.62084],[13.19338,59.62112],[13.18709,59.62551],[13.18519,59.62637],[13.18184,59.62632],[13.18053,59.62579],[13.17972,59.62497],[13.17989,59.62393],[13.1785,59.62324],[13.17414,59.62295],[13.17311,59.62224],[13.16612,59.62026],[13.15705,59.61815],[13.15418,59.61373],[13.15406,59.6112],[13.15664,59.60637],[13.16184,59.6003],[13.15868,59.60087],[13.15632,59.60234],[13.15295,59.60055],[13.14875,59.6003],[13.14738,59.59977],[13.14362,59.6013],[13.13854,59.60225],[13.1358,59.60415],[13.13252,59.6046],[13.13042,59.60604],[13.12735,59.60625],[13.12479,59.60542],[13.12354,59.60785],[13.1239,59.61091],[13.12093,59.61515],[13.11515,59.61516],[13.1097,59.61468],[13.10798,59.61386],[13.10698,59.61252],[13.10483,59.60781],[13.10381,59.60692],[13.10125,59.60605],[13.09189,59.6077],[13.08865,59.60953],[13.08315,59.61095],[13.07909,59.61137],[13.07325,59.61137],[13.06943,59.61186],[13.06669,59.61111],[13.06611,59.60816],[13.06499,59.60761],[13.06296,59.60737],[13.06139,59.60626],[13.05745,59.60588],[13.05596,59.60634],[13.0546,59.60871],[13.05317,59.60963],[13.05134,59.61011],[13.04822,59.6122],[13.04363,59.61648],[13.04104,59.61823],[13.03926,59.62069],[13.03808,59.62497],[13.03522,59.62699],[13.03252,59.63052],[13.0311,59.63074],[13.02869,59.63045],[13.02765,59.62988],[13.02696,59.62919],[13.02705,59.62817],[13.02829,59.62587],[13.03082,59.6236],[13.03326,59.6196],[13.03617,59.6187],[13.03834,59.61685],[13.04148,59.61022],[13.03997,59.60753],[13.03979,59.60595],[13.03461,59.59799],[13.0337,59.59742],[13.0301,59.5966],[13.02822,59.59662],[13.0165,59.60423],[13.01529,59.60641],[13.01205,59.60741],[13.00953,59.60693],[13.00115,59.60763],[12.9952,59.60892],[12.99158,59.61075],[12.98813,59.61084],[12.98447,59.61398],[12.95374,59.62823],[12.94842,59.63266],[12.94458,59.6449],[12.94496,59.65089],[12.94319,59.65586],[12.94119,59.65695],[12.90985,59.66681],[12.90929,59.66805],[12.90685,59.66906],[12.89598,59.68181],[12.89113,59.6858],[12.89162,59.68716],[12.89126,59.68863],[12.88834,59.69118],[12.88799,59.69328],[12.88527,59.69567],[12.88409,59.69942],[12.88525,59.70033],[12.88575,59.70263],[12.88679,59.70312],[12.88555,59.70491],[12.88559,59.70614],[12.88324,59.70612],[12.87991,59.70675],[12.8763,59.70984],[12.87166,59.70948],[12.86611,59.70771],[12.86133,59.70736],[12.85688,59.70619],[12.8546,59.70681],[12.85326,59.70969],[12.8517,59.71019],[12.8509,59.71172],[12.84709,59.71428],[12.8459,59.7157],[12.84044,59.71749],[12.83742,59.72037],[12.83737,59.72276],[12.8356,59.7264],[12.83589,59.7277],[12.83445,59.72864],[12.83318,59.73032],[12.83306,59.73314],[12.83051,59.73566],[12.82926,59.73801],[12.82943,59.74063],[12.83078,59.74375],[12.82924,59.74913],[12.82236,59.75093],[12.81947,59.74958],[12.81755,59.74788],[12.81277,59.74556],[12.81179,59.74443],[12.8116,59.74299],[12.80707,59.74506],[12.80271,59.74847],[12.79988,59.7529],[12.79606,59.75245],[12.79386,59.75283],[12.78993,59.75609],[12.78487,59.75802],[12.78332,59.7605],[12.78163,59.76097],[12.78117,59.76242],[12.78445,59.76286],[12.78609,59.76457],[12.78569,59.76545],[12.78381,59.76669],[12.78254,59.76944],[12.77966,59.77201],[12.77605,59.77161],[12.77246,59.77259],[12.77169,59.77776],[12.77257,59.77903],[12.77237,59.78104],[12.76644,59.7844],[12.76502,59.78425],[12.76015,59.78522],[12.75558,59.78665],[12.75269,59.78577],[12.74633,59.7877],[12.74351,59.79009],[12.74011,59.79141],[12.7375,59.79496],[12.72806,59.79449],[12.72016,59.79455],[12.71752,59.79539],[12.71004,59.79674],[12.70548,59.79617],[12.69578,59.79586],[12.69382,59.7962],[12.69198,59.79796],[12.6874,59.79955],[12.68265,59.79981],[12.67695,59.79945],[12.67292,59.79996],[12.66951,59.79851],[12.66367,59.79872],[12.65973,59.79996],[12.63758,59.79915],[12.62895,59.80012],[12.62731,59.79979],[12.62609,59.7989],[12.62226,59.79821],[12.62073,59.79826],[12.61901,59.79884],[12.62056,59.79944],[12.62289,59.80161],[12.62225,59.80308],[12.62371,59.80475],[12.62317,59.80607],[12.6232,59.81217],[12.62192,59.81596],[12.6225,59.81889],[12.61812,59.81833],[12.61293,59.81981],[12.611,59.82101],[12.61132,59.82172],[12.60679,59.82328],[12.60258,59.82678],[12.60246,59.82757],[12.60291,59.82916],[12.60452,59.83006],[12.60477,59.83156],[12.60799,59.83257],[12.60885,59.83332],[12.60696,59.83596],[12.60327,59.83854],[12.60366,59.8404],[12.6081,59.84358],[12.61597,59.84616],[12.61894,59.84843],[12.62321,59.84991],[12.62466,59.85249],[12.62647,59.85429],[12.62574,59.85699],[12.6229,59.8606],[12.62393,59.86371],[12.62001,59.8648],[12.61771,59.86727],[12.61572,59.86841],[12.61458,59.87193],[12.6116,59.87534],[12.61696,59.88012],[12.62203,59.88255],[12.62775,59.88639],[12.63335,59.88892],[12.6349,59.8901],[12.63561,59.89154],[12.6346,59.89493],[12.63529,59.89645],[12.637,59.89761],[12.64198,59.89926],[12.64342,59.90098],[12.64185,59.90615],[12.64318,59.91227],[12.64531,59.91441],[12.64754,59.91579],[12.65376,59.91677],[12.65539,59.91759],[12.65552,59.91883],[12.65434,59.92197],[12.65488,59.9237],[12.66657,59.93263],[12.66932,59.93572],[12.66608,59.93701],[12.66528,59.93808],[12.66215,59.93911],[12.66028,59.94074],[12.66138,59.94475],[12.66142,59.94825],[12.66011,59.94973],[12.66016,59.95207],[12.6588,59.9531],[12.6596,59.95454],[12.6597,59.95737],[12.65752,59.96372],[12.6596,59.96572],[12.66005,59.96776],[12.6602,59.96915],[12.65861,59.97196],[12.66116,59.97827],[12.66001,59.98136],[12.66065,59.98522],[12.66219,59.98836],[12.66121,59.99087],[12.66241,59.99359],[12.66219,59.99473],[12.65825,59.99758],[12.66048,60.00198],[12.65771,60.00754],[12.6446,60.0138],[12.64095,60.01462],[12.64269,60.01561],[12.63709,60.01915],[12.63297,60.02093],[12.6319,60.02232],[12.63406,60.02932],[12.632,60.03153],[12.6296,60.03891],[12.63108,60.04093],[12.62973,60.04713],[12.63044,60.0508],[12.62514,60.05861],[12.62587,60.06226],[12.62507,60.06535],[12.62207,60.06998],[12.62072,60.0738],[12.61956,60.08146],[12.61733,60.08595],[12.61647,60.09019],[12.61044,60.09721],[12.60936,60.1003],[12.60651,60.10453],[12.60312,60.11573],[12.59812,60.1242],[12.59424,60.12792],[12.5919,60.1324],[12.59293,60.13592],[12.59578,60.13931],[12.59561,60.14107],[12.59829,60.14319],[12.59857,60.14399],[12.59546,60.14772],[12.59566,60.15023]]}},{"type":"Feature","properties":{"name":"TET_S-03_20260801","country":"SE","lengthKm":501.5},"geometry":{"type":"LineString","coordinates":[[11.16962,58.93274],[11.17078,58.93485],[11.16992,58.93161],[11.17344,58.93036],[11.17777,58.93036],[11.18395,58.9315],[11.18664,58.93129],[11.19043,58.92835],[11.19524,58.92702],[11.19711,58.92605],[11.19955,58.92146],[11.20116,58.92064],[11.2044,58.91987],[11.20601,58.91888],[11.20563,58.90966],[11.20674,58.90056],[11.2085,58.89648],[11.20998,58.89567],[11.21554,58.89502],[11.21977,58.8941],[11.22384,58.89195],[11.22987,58.8864],[11.23073,58.88502],[11.23069,58.88341],[11.22884,58.87904],[11.23135,58.87608],[11.23279,58.87219],[11.2509,58.86157],[11.25534,58.85972],[11.25403,58.85312],[11.25871,58.84724],[11.25923,58.84436],[11.25803,58.83986],[11.25541,58.83726],[11.25582,58.83406],[11.2517,58.8293],[11.25032,58.82432],[11.25195,58.82299],[11.25809,58.82159],[11.26251,58.81812],[11.26275,58.81417],[11.26395,58.81001],[11.26337,58.80563],[11.26245,58.80458],[11.2586,58.80243],[11.25603,58.79344],[11.25071,58.78799],[11.24871,58.7801],[11.25135,58.76546],[11.25461,58.76267],[11.26345,58.75954],[11.26056,58.75819],[11.25463,58.75722],[11.25391,58.75651],[11.25058,58.75068],[11.24597,58.74696],[11.24587,58.74212],[11.24667,58.74089],[11.25069,58.73815],[11.25223,58.7351],[11.25504,58.73394],[11.26227,58.73478],[11.26981,58.73679],[11.27564,58.73628],[11.28092,58.72973],[11.28332,58.72534],[11.28236,58.7227],[11.27832,58.72141],[11.26511,58.71547],[11.25938,58.70553],[11.25534,58.69991],[11.25376,58.69605],[11.25386,58.69461],[11.25556,58.69266],[11.2556,58.69126],[11.25697,58.68929],[11.25691,58.68645],[11.25938,58.68326],[11.26105,58.68291],[11.26506,58.68356],[11.26702,58.6833],[11.27204,58.67952],[11.29128,58.67268],[11.29388,58.67115],[11.30626,58.67543],[11.31399,58.67963],[11.3183,58.68311],[11.31957,58.68268],[11.32457,58.67903],[11.32592,58.67877],[11.33203,58.67465],[11.33456,58.6754],[11.33702,58.67874],[11.3391,58.6793],[11.34137,58.67487],[11.34135,58.67345],[11.35077,58.67708],[11.35673,58.68034],[11.36104,58.6807],[11.36557,58.68184],[11.37079,58.68562],[11.37467,58.6877],[11.38096,58.68939],[11.38699,58.68658],[11.39458,58.68096],[11.40284,58.68098],[11.40559,58.68184],[11.40806,58.68197],[11.41595,58.68051],[11.41694,58.68004],[11.41986,58.68038],[11.4216,58.68165],[11.42428,58.68248],[11.42705,58.68233],[11.42898,58.68118],[11.4323,58.68085],[11.4364,58.68145],[11.43829,58.68038],[11.43919,58.6804],[11.44241,58.6816],[11.44752,58.685],[11.45421,58.68809],[11.45756,58.68914],[11.46174,58.68916],[11.46318,58.68987],[11.46728,58.68888],[11.47106,58.68939],[11.47314,58.68877],[11.47509,58.68909],[11.48509,58.68832],[11.4873,58.68519],[11.48945,58.6856],[11.49226,58.68744],[11.49721,58.68736],[11.49805,58.688],[11.50404,58.68997],[11.5049,58.69072],[11.50743,58.69139],[11.50934,58.69525],[11.51088,58.69536],[11.512,58.69469],[11.51292,58.6948],[11.5144,58.69663],[11.5209,58.7015],[11.52275,58.70165],[11.52635,58.70102],[11.52987,58.70137],[11.52946,58.70416],[11.53107,58.70656],[11.53176,58.71012],[11.53232,58.71072],[11.53391,58.71135],[11.53491,58.71126],[11.53773,58.7125],[11.53841,58.71452],[11.54002,58.71622],[11.53964,58.7174],[11.5406,58.7186],[11.53839,58.72031],[11.53833,58.72113],[11.53865,58.72274],[11.54073,58.72493],[11.53934,58.72752],[11.53949,58.73023],[11.54193,58.73182],[11.54195,58.73366],[11.54041,58.73581],[11.54075,58.73694],[11.53927,58.74115],[11.53927,58.74297],[11.54152,58.74529],[11.54307,58.74853],[11.54702,58.75051],[11.54715,58.75175],[11.5491,58.75124],[11.55232,58.75246],[11.5538,58.75214],[11.55363,58.7507],[11.55478,58.75033],[11.55524,58.75205],[11.55839,58.75242],[11.56339,58.74617],[11.56369,58.74493],[11.56294,58.74317],[11.56691,58.74306],[11.57114,58.74164],[11.57762,58.74117],[11.57976,58.7407],[11.58122,58.74104],[11.58223,58.74244],[11.58626,58.74209],[11.58933,58.74336],[11.58989,58.74529],[11.59584,58.74705],[11.5983,58.74701],[11.60019,58.74923],[11.61019,58.75579],[11.61196,58.75873],[11.60911,58.76313],[11.59935,58.76928],[11.59791,58.77063],[11.59725,58.77379],[11.59995,58.77269],[11.60279,58.77276],[11.60558,58.77392],[11.6086,58.7745],[11.6109,58.7755],[11.61165,58.77774],[11.61366,58.77761],[11.61648,58.77825],[11.61851,58.7799],[11.6221,58.77986],[11.62628,58.78179],[11.6274,58.78334],[11.63177,58.78497],[11.6339,58.78503],[11.63692,58.78589],[11.64375,58.78559],[11.6463,58.7866],[11.6474,58.78621],[11.64791,58.7854],[11.64873,58.78533],[11.65031,58.78585],[11.65085,58.78728],[11.65242,58.78829],[11.65568,58.78825],[11.66132,58.78902],[11.66358,58.78997],[11.66514,58.79151],[11.66667,58.79203],[11.67521,58.79366],[11.68173,58.79552],[11.68812,58.7943],[11.69173,58.79469],[11.69153,58.79606],[11.69381,58.7987],[11.6919,58.8011],[11.69265,58.80297],[11.69254,58.80497],[11.69012,58.80816],[11.69216,58.81044],[11.69149,58.81273],[11.69293,58.81593],[11.69239,58.81889],[11.69291,58.81917],[11.69475,58.81874],[11.69677,58.81878],[11.70316,58.81932],[11.70859,58.82147],[11.7101,58.82252],[11.7154,58.82979],[11.71797,58.83054],[11.72286,58.83327],[11.72904,58.83522],[11.73076,58.83616],[11.73473,58.84187],[11.73788,58.84346],[11.74348,58.84262],[11.7475,58.84292],[11.77131,58.84857],[11.77561,58.85071],[11.77713,58.85305],[11.77734,58.85503],[11.77209,58.86494],[11.7705,58.87144],[11.77155,58.87307],[11.77809,58.87532],[11.78882,58.8767],[11.80105,58.88015],[11.80702,58.88084],[11.81775,58.87977],[11.8229,58.88041],[11.82485,58.88024],[11.82661,58.87966],[11.83491,58.87468],[11.83916,58.8735],[11.84345,58.87288],[11.84783,58.87311],[11.85438,58.875],[11.86105,58.87569],[11.86105,58.87698],[11.8698,58.88088],[11.87268,58.88271],[11.88066,58.88505],[11.88231,58.88734],[11.88268,58.88929],[11.88671,58.8908],[11.88937,58.89324],[11.89407,58.89642],[11.901,58.89972],[11.90693,58.90522],[11.91133,58.90755],[11.91879,58.90929],[11.92025,58.91187],[11.92171,58.91236],[11.92394,58.91251],[11.92193,58.91418],[11.92156,58.91603],[11.91519,58.92114],[11.91186,58.9256],[11.90603,58.92842],[11.90093,58.92799],[11.89942,58.92826],[11.89432,58.9337],[11.89131,58.93584],[11.89028,58.93789],[11.89154,58.93941],[11.89141,58.94022],[11.88878,58.94608],[11.89484,58.95382],[11.89567,58.95562],[11.89446,58.95761],[11.89613,58.96077],[11.89429,58.96285],[11.89347,58.96564],[11.8921,58.96684],[11.89251,58.96903],[11.88931,58.97193],[11.88427,58.97504],[11.88313,58.97742],[11.87895,58.97939],[11.8771,58.98107],[11.87637,58.9833],[11.87337,58.98506],[11.87161,58.98911],[11.86526,58.99253],[11.86367,58.9948],[11.86032,58.99542],[11.85955,58.99793],[11.8576,58.99826],[11.85639,58.99888],[11.85633,59.00006],[11.85425,59.00362],[11.85272,59.00469],[11.85225,59.00589],[11.84891,59.00703],[11.84661,59.00849],[11.84461,59.01096],[11.84524,59.01439],[11.8432,59.01604],[11.84373,59.01821],[11.84236,59.01989],[11.843,59.02081],[11.84273,59.0228],[11.84185,59.0236],[11.83837,59.02478],[11.83732,59.02602],[11.8338,59.02793],[11.83427,59.03036],[11.833,59.0357],[11.83391,59.03707],[11.83206,59.03855],[11.83221,59.03971],[11.83009,59.04375],[11.83069,59.0457],[11.82788,59.0498],[11.82751,59.05385],[11.82601,59.05634],[11.82661,59.05726],[11.83152,59.05844],[11.83152,59.05962],[11.83311,59.06164],[11.83412,59.06589],[11.83307,59.06874],[11.82987,59.0698],[11.82753,59.07278],[11.82176,59.07432],[11.82043,59.07518],[11.82007,59.07834],[11.82266,59.08001],[11.82262,59.08108],[11.81936,59.08338],[11.81854,59.08509],[11.81522,59.08728],[11.8129,59.0908],[11.8105,59.09256],[11.80949,59.09404],[11.81062,59.09602],[11.81303,59.09775],[11.81279,59.09977],[11.8144,59.10087],[11.81569,59.10368],[11.81363,59.10696],[11.81453,59.109],[11.81309,59.11271],[11.81058,59.11408],[11.80974,59.11522],[11.81075,59.11687],[11.81335,59.1175],[11.81528,59.11758],[11.81912,59.11683],[11.8218,59.11808],[11.82457,59.12095],[11.82382,59.12353],[11.82157,59.12522],[11.82307,59.12799],[11.82534,59.12986],[11.82434,59.13258],[11.82783,59.13509],[11.83311,59.13558],[11.83562,59.13642],[11.83959,59.13649],[11.84363,59.13713],[11.84551,59.13659],[11.85489,59.13709],[11.86255,59.13878],[11.86712,59.13771],[11.8768,59.13683],[11.88013,59.13777],[11.88253,59.13722],[11.88495,59.13771],[11.89886,59.13786],[11.90094,59.13767],[11.90489,59.13655],[11.908,59.13419],[11.90929,59.13376],[11.91306,59.13464],[11.91551,59.13398],[11.91826,59.13067],[11.92102,59.1296],[11.92564,59.129],[11.92918,59.12983],[11.93607,59.12825],[11.94205,59.12752],[11.94695,59.13095],[11.94858,59.13151],[11.95377,59.13119],[11.95875,59.12934],[11.96115,59.13028],[11.96304,59.13215],[11.9636,59.13398],[11.9663,59.13505],[11.9672,59.13625],[11.97057,59.13816],[11.97351,59.13917],[11.97784,59.1429],[11.98038,59.14312],[11.98033,59.14503],[11.98269,59.1464],[11.98306,59.14827],[11.98694,59.15088],[11.98707,59.15247],[11.99226,59.15537],[11.99527,59.16035],[12.00514,59.16254],[12.0087,59.1658],[12.00999,59.16874],[12.01175,59.17093],[12.01121,59.17284],[12.01276,59.17395],[12.01389,59.17582],[12.01286,59.17788],[12.01353,59.18002],[12.01477,59.18047],[12.01477,59.18245],[12.014,59.18251],[12.01241,59.18365],[12.01145,59.18599],[12.00773,59.18728],[11.99829,59.19431],[11.99649,59.19721],[11.99814,59.2018],[11.99767,59.2029],[11.9913,59.20603],[11.98396,59.20888],[11.98115,59.21116],[11.97791,59.21279],[11.97454,59.21622],[11.9669,59.2183],[11.96523,59.21914],[11.96248,59.21981],[11.96079,59.21981],[11.9589,59.21772],[11.95491,59.21599],[11.95313,59.21603],[11.95094,59.21884],[11.94448,59.22451],[11.94227,59.22775],[11.93937,59.23002],[11.93716,59.2339],[11.93742,59.2377],[11.93572,59.24094],[11.92495,59.24534],[11.92115,59.24596],[11.91109,59.24671],[11.90534,59.24826],[11.90306,59.24972],[11.90137,59.25779],[11.8998,59.26083],[11.90079,59.26407],[11.89922,59.26706],[11.89862,59.27399],[11.89405,59.28693],[11.89472,59.29308],[11.89918,59.29701],[11.89903,59.29888],[11.89491,59.30377],[11.89508,59.30506],[11.8974,59.30832],[11.89727,59.31263],[11.90023,59.31643],[11.9021,59.31759],[11.90693,59.3189],[11.91594,59.31847],[11.91892,59.31862],[11.92124,59.31926],[11.92184,59.31894],[11.92293,59.31722],[11.92502,59.31628],[11.9269,59.31452],[11.92753,59.31313],[11.92426,59.30725],[11.9254,59.30263],[11.93023,59.29866],[11.93094,59.29714],[11.93426,59.29366],[11.93817,59.29248],[11.93918,59.2925],[11.94081,59.2918],[11.94094,59.29128],[11.94922,59.28826],[11.95074,59.28716],[11.95501,59.28635],[11.95915,59.28444],[11.96173,59.28025],[11.96443,59.27755],[11.9772,59.27695],[11.98619,59.28098],[11.98887,59.28019],[11.98971,59.28034],[11.98853,59.28332],[11.99016,59.28813],[11.99462,59.29156],[11.99671,59.29429],[11.99853,59.2951],[12.00409,59.29641],[12.0037,59.30023],[12.00246,59.30165],[12.00392,59.30547],[12.00604,59.30688],[12.00758,59.30999],[12.00932,59.31169],[12.0116,59.3169],[12.0134,59.31888],[12.01359,59.32029],[12.01349,59.32124],[12.0075,59.32866],[12.00529,59.33381],[12.0037,59.33516],[12.00932,59.34905],[12.00898,59.3496],[12.00647,59.35068],[12.00439,59.35261],[12.00507,59.35325],[12.00825,59.35443],[12.00834,59.35617],[12.00979,59.35894],[12.01188,59.36059],[12.01464,59.36061],[12.01531,59.36025],[12.01653,59.36222],[12.01806,59.36252],[12.01791,59.36379],[12.01366,59.36969],[12.01368,59.37027],[12.01587,59.37224],[12.0122,59.37709],[12.01231,59.37943],[12.00982,59.38044],[12.0104,59.38206],[12.01004,59.38345],[12.00936,59.38405],[12.00885,59.38398],[12.00741,59.38602],[12.00876,59.3899],[12.01138,59.39252],[12.01284,59.39276],[12.01273,59.39597],[12.01402,59.39722],[12.0099,59.40331],[12.00982,59.40574],[12.00694,59.40835],[12.00675,59.41127],[12.00471,59.41376],[11.99969,59.41745],[11.99495,59.41853],[11.99353,59.42037],[11.99443,59.4237],[11.9925,59.42747],[11.99404,59.43376],[11.99289,59.43614],[11.99836,59.44687],[11.99853,59.45011],[11.99836,59.45067],[11.99486,59.45249],[11.99265,59.4547],[11.99295,59.45908],[11.99063,59.46258],[11.99301,59.46784],[11.99085,59.46893],[11.9869,59.46983],[11.9855,59.47062],[11.98516,59.47187],[11.98083,59.4732],[11.9772,59.47395],[11.96493,59.47535],[11.96272,59.47256],[11.95982,59.47329],[11.95832,59.47432],[11.94795,59.47344],[11.94682,59.47296],[11.94165,59.47322],[11.93729,59.47185],[11.93903,59.46985],[11.93898,59.46844],[11.93643,59.4652],[11.93671,59.46337],[11.93285,59.46153],[11.93192,59.45966],[11.92529,59.45812],[11.91778,59.45812],[11.91549,59.45749],[11.91199,59.45747],[11.90905,59.45646],[11.90126,59.45522],[11.8959,59.45479],[11.88779,59.45114],[11.88534,59.4464],[11.88472,59.44638],[11.88317,59.44749],[11.88184,59.44762],[11.87727,59.44606],[11.87116,59.44565],[11.86886,59.44601],[11.86798,59.44633],[11.86671,59.44878],[11.8636,59.44953],[11.86234,59.45039],[11.85852,59.45125],[11.85723,59.45361],[11.85324,59.45417],[11.8523,59.45196],[11.84176,59.44985],[11.84152,59.4491],[11.83899,59.44756],[11.83519,59.44659],[11.82957,59.44355],[11.82734,59.44166],[11.82586,59.4391],[11.82303,59.43747],[11.82253,59.43252],[11.8244,59.42919],[11.82157,59.42679],[11.81921,59.42582],[11.8165,59.42295],[11.81571,59.42063],[11.81629,59.4184],[11.81535,59.4179],[11.81483,59.41653],[11.81638,59.4111],[11.81547,59.40932],[11.81552,59.40737],[11.81376,59.40511],[11.81453,59.40284],[11.81329,59.40222],[11.81185,59.40012],[11.81215,59.39956],[11.81494,59.39947],[11.81558,59.39881],[11.81901,59.39928],[11.81979,59.39775],[11.82238,59.39715],[11.82395,59.39582],[11.82509,59.39554],[11.82556,59.39514],[11.82524,59.39344],[11.82614,59.39258],[11.82507,59.39108],[11.82541,59.38896],[11.8273,59.38806],[11.82923,59.3878],[11.83022,59.38606],[11.83446,59.38364],[11.83238,59.37932],[11.83352,59.37825],[11.83356,59.37685],[11.83886,59.37432],[11.83854,59.37314],[11.84,59.37205],[11.83994,59.37012],[11.84094,59.36789],[11.83912,59.36574],[11.83927,59.36389],[11.83856,59.36334],[11.83893,59.36149],[11.83846,59.36308],[11.83927,59.36389],[11.83912,59.36574],[11.84094,59.36789],[11.83994,59.37012],[11.84013,59.37183],[11.83854,59.37314],[11.83895,59.37413],[11.83335,59.37705],[11.83352,59.37808],[11.83232,59.37979],[11.83468,59.38318],[11.83446,59.38364],[11.83022,59.38606],[11.82923,59.3878],[11.82618,59.38836],[11.82541,59.38896],[11.82507,59.39108],[11.82599,59.39226],[11.82509,59.39554],[11.82419,59.39569],[11.8229,59.39696],[11.81979,59.39775],[11.81944,59.39909],[11.817,59.39919],[11.8161,59.39874],[11.81494,59.39947],[11.81215,59.39956],[11.81185,59.39994],[11.81329,59.40222],[11.81472,59.40318],[11.81371,59.40402],[11.81378,59.40477],[11.81539,59.40711],[11.81547,59.40932],[11.81638,59.4111],[11.81483,59.41653],[11.81515,59.41762],[11.81629,59.4184],[11.81571,59.42063],[11.8165,59.42295],[11.81906,59.42565],[11.82157,59.42679],[11.8244,59.42919],[11.82253,59.43252],[11.82279,59.43715],[11.82586,59.4391],[11.82715,59.4414],[11.82957,59.44355],[11.83519,59.44659],[11.83899,59.44756],[11.84152,59.4491],[11.84176,59.44985],[11.8518,59.45174],[11.85324,59.45417],[11.85723,59.45361],[11.85785,59.45316],[11.85802,59.45159],[11.86013,59.45088],[11.86118,59.45432],[11.86049,59.45764],[11.86105,59.45919],[11.8639,59.46144],[11.86869,59.46357],[11.87399,59.47305],[11.87789,59.47603],[11.88373,59.47601],[11.88513,59.47627],[11.88646,59.47708],[11.88626,59.48189],[11.88755,59.48301],[11.88828,59.48519],[11.88555,59.4915],[11.88618,59.49296],[11.88952,59.49672],[11.90167,59.49803],[11.91203,59.49762],[11.918,59.4964],[11.9204,59.49764],[11.92487,59.50195],[11.92718,59.50322],[11.9333,59.50536],[11.93613,59.50766],[11.93858,59.5109],[11.94791,59.51577],[11.94802,59.51802],[11.94662,59.52066],[11.94611,59.52352],[11.94849,59.5294],[11.94941,59.53023],[11.95216,59.53073],[11.95426,59.53167],[11.956,59.53337],[11.95907,59.53485],[11.95939,59.53631],[11.96375,59.54062],[11.96396,59.54577],[11.9648,59.54779],[11.96291,59.55013],[11.96433,59.55158],[11.96705,59.55309],[11.96806,59.5548],[11.96842,59.55841],[11.96619,59.5639],[11.96254,59.56455],[11.96124,59.56525],[11.9613,59.56806],[11.95748,59.57126],[11.95621,59.57547],[11.9533,59.57763],[11.95381,59.58285],[11.95336,59.59034],[11.95516,59.59349],[11.95516,59.59476],[11.954,59.59643],[11.95004,59.59926],[11.94808,59.60443],[11.94598,59.60733],[11.94737,59.61001],[11.94461,59.61293],[11.94677,59.62201],[11.94546,59.62377],[11.94431,59.63124],[11.94546,59.63357],[11.94446,59.63585],[11.94448,59.63827],[11.94656,59.64078],[11.94469,59.64257],[11.94162,59.64319],[11.94115,59.64368],[11.94188,59.64512],[11.94115,59.64606],[11.93849,59.64604],[11.93508,59.64656],[11.93306,59.64772],[11.93113,59.64752],[11.93044,59.64778],[11.93122,59.65076],[11.93044,59.65302],[11.93074,59.65555],[11.92811,59.65812],[11.92976,59.66701],[11.93087,59.66842],[11.93242,59.669],[11.9333,59.6728],[11.93276,59.67477],[11.93343,59.67855],[11.93139,59.6828],[11.93143,59.68389],[11.93725,59.68896],[11.94353,59.69239],[11.94289,59.69456],[11.94443,59.69599],[11.94452,59.6973],[11.94564,59.69836],[11.94637,59.70063],[11.94752,59.70132],[11.95081,59.70177],[11.95566,59.70372],[11.9619,59.70655],[11.9636,59.70778],[11.96739,59.70859],[11.97076,59.71164],[11.97482,59.71301],[11.98143,59.71299],[11.98344,59.71106],[11.98349,59.70973],[11.98407,59.70936],[11.98475,59.70964],[11.98407,59.71329],[11.98553,59.71391],[11.9878,59.71662],[11.98872,59.71687],[11.99329,59.71638],[11.99561,59.71696],[11.99716,59.71655],[11.99992,59.71338],[12.00179,59.71217],[12.00643,59.71301],[12.01097,59.71211],[12.01357,59.71217],[12.01535,59.71286],[12.01722,59.71466],[12.01885,59.71468],[12.02149,59.71286],[12.02436,59.71189],[12.02821,59.71217],[12.02932,59.71144],[12.03434,59.71056],[12.03651,59.71065],[12.03881,59.70926],[12.04456,59.70767],[12.04782,59.7058],[12.05232,59.70471],[12.05522,59.70256],[12.06084,59.70132],[12.06606,59.69908],[12.06779,59.69932],[12.0685,59.70067],[12.06945,59.70102],[12.07286,59.70121],[12.07691,59.70033],[12.07867,59.70054],[12.0885,59.69722],[12.08698,59.70363],[12.08889,59.70651],[12.08891,59.70844],[12.08348,59.71245],[12.08189,59.71473],[12.08176,59.71621],[12.08376,59.71947],[12.08385,59.72601],[12.08211,59.72934],[12.07855,59.73198],[12.0773,59.73453],[12.06923,59.74393],[12.06726,59.75063],[12.06468,59.75234],[12.06528,59.75512],[12.06288,59.75581],[12.06442,59.75897],[12.06363,59.76097],[12.05986,59.76365],[12.05479,59.76871],[12.05189,59.77779],[12.04973,59.78062],[12.05035,59.78305],[12.05198,59.78558],[12.05183,59.78676],[12.04941,59.78938],[12.04376,59.79131],[12.04022,59.796],[12.03974,59.79911],[12.03786,59.80063],[12.02856,59.80567],[12.02171,59.81431],[12.01722,59.81587],[12.01591,59.81752],[12.01947,59.8173],[12.02103,59.81684],[12.02385,59.81352],[12.0259,59.81294],[12.02902,59.81126],[12.03102,59.80888],[12.03175,59.80648],[12.03875,59.80265],[12.04443,59.80481],[12.0464,59.80773],[12.0463,59.81001],[12.04725,59.81097],[12.04899,59.81152],[12.05473,59.81215],[12.05579,59.81191],[12.05659,59.81048],[12.05844,59.80947],[12.0657,59.80958],[12.06815,59.80874],[12.07782,59.80828],[12.08612,59.80639],[12.08799,59.80665],[12.09105,59.80639],[12.09524,59.80766],[12.0973,59.80781],[12.10211,59.80899],[12.10588,59.80886],[12.10896,59.80821],[12.11045,59.80697],[12.11328,59.80616],[12.12295,59.80619],[12.12554,59.80535],[12.13285,59.80468],[12.13815,59.80519],[12.14506,59.80533],[12.14783,59.80616],[12.15099,59.80654],[12.15347,59.80713],[12.16366,59.81144],[12.16268,59.81416],[12.15767,59.81594],[12.15462,59.81813],[12.15025,59.81907],[12.14823,59.81877],[12.14679,59.82004],[12.14592,59.82214],[12.14296,59.82478],[12.14448,59.83298],[12.14386,59.83483],[12.14442,59.83693],[12.14345,59.83858],[12.14466,59.84043],[12.14365,59.84221],[12.14395,59.84319],[12.14037,59.84832],[12.13809,59.85005],[12.13574,59.849],[12.13245,59.84925],[12.12521,59.85671],[12.12042,59.85926],[12.11932,59.86119],[12.10741,59.87024],[12.10531,59.87259],[12.10533,59.87424],[12.10276,59.87598],[12.10164,59.87895],[12.10144,59.88433],[12.09854,59.88681],[12.09853,59.88772],[12.09567,59.89057],[12.09681,59.89424],[12.09558,59.89941],[12.09631,59.90014],[12.0967,59.90246],[12.09284,59.90628],[12.092,59.90875],[12.09296,59.90988],[12.09236,59.91132],[12.09264,59.91353],[12.09048,59.91482],[12.08966,59.9163],[12.0876,59.9181],[12.08728,59.92016],[12.08369,59.92583],[12.08316,59.92744],[12.0838,59.92982],[12.08354,59.93415],[12.08194,59.93726],[12.07844,59.93864],[12.07618,59.9387],[12.07515,59.93917],[12.07481,59.94237],[12.07103,59.94516],[12.06994,59.94705],[12.06784,59.94829],[12.06825,59.95095],[12.06425,59.95409],[12.0649,59.95703],[12.06284,59.95943],[12.06307,59.96241],[12.06157,59.96557],[12.06254,59.96829],[12.06215,59.97278],[12.06106,59.97334],[12.05659,59.9731],[12.0623,59.97879],[12.06644,59.98415],[12.06846,59.98505],[12.07028,59.98514],[12.07756,59.98417],[12.08234,59.98301],[12.08633,59.98306],[12.09206,59.9817],[12.10788,59.98102],[12.11813,59.98097],[12.11893,59.98063],[12.12427,59.98237],[12.12805,59.98276],[12.13088,59.98037],[12.13543,59.97782],[12.14702,59.97643],[12.16047,59.9725],[12.17124,59.96984],[12.17513,59.96598],[12.18105,59.96258],[12.185,59.96057],[12.19594,59.95632],[12.20409,59.95992],[12.21452,59.96312],[12.21665,59.96424],[12.21961,59.96681],[12.22345,59.96829],[12.22933,59.9743],[12.23107,59.9773],[12.23111,59.97861],[12.2354,59.98125],[12.23519,59.98314],[12.23665,59.9867],[12.24349,59.98655],[12.24729,59.98786],[12.25117,59.98737],[12.25224,59.98769],[12.2539,59.98928],[12.25516,59.98951],[12.26342,59.98778],[12.27145,59.98821],[12.27885,59.98996],[12.29621,59.99239],[12.29883,59.99338],[12.30128,59.99507],[12.30374,59.99561],[12.30874,59.99595],[12.311,59.99773],[12.31293,59.99823],[12.31943,59.99737],[12.3369,59.98917],[12.34007,59.98861],[12.347,59.99061],[12.34848,59.99226],[12.35842,59.999],[12.36181,60.00247],[12.36704,60.00456],[12.36769,60.00537],[12.37247,60.00269],[12.3738,60.00072],[12.37423,60.00037],[12.37492,60.00053],[12.37423,60.00037],[12.37569,59.99951],[12.38198,59.99745],[12.38597,59.99657],[12.39146,59.9943],[12.39376,59.99087],[12.39391,59.98398],[12.39874,59.97934],[12.40213,59.97746],[12.41018,59.97423],[12.41098,59.97487],[12.41309,59.98177],[12.4144,59.98372],[12.41764,59.98623],[12.42163,59.98795],[12.4377,59.99333],[12.4418,59.99411],[12.4468,59.99417],[12.4642,59.99237],[12.46676,59.99471],[12.46689,59.99576],[12.46491,60.00438],[12.46259,60.01104],[12.46343,60.01243],[12.46182,60.01344],[12.46242,60.01529],[12.46199,60.01775],[12.46405,60.0199],[12.4659,60.0205],[12.47199,60.02059],[12.47287,60.02106],[12.47283,60.02237],[12.47377,60.02331],[12.47517,60.02357],[12.47785,60.02337],[12.4812,60.02408],[12.48588,60.02344],[12.4868,60.02468],[12.48834,60.0246],[12.4913,60.0255],[12.49238,60.02537],[12.49448,60.02707],[12.49615,60.027],[12.50017,60.02857],[12.50465,60.02889],[12.50665,60.0279],[12.50903,60.02861],[12.51193,60.02857],[12.51102,60.03297],[12.51128,60.03618],[12.51304,60.03788],[12.51019,60.04114],[12.51343,60.04359],[12.5151,60.04575],[12.51585,60.04614],[12.51982,60.04659],[12.52195,60.04816],[12.52244,60.04912],[12.52424,60.04966],[12.52403,60.05208],[12.52669,60.05644],[12.5265,60.06067],[12.52783,60.06125],[12.53126,60.06155],[12.53334,60.06273],[12.53317,60.06756],[12.53246,60.06856],[12.53398,60.06917],[12.53422,60.06987],[12.53124,60.07105],[12.52581,60.07678],[12.52177,60.0826],[12.51276,60.09054],[12.51433,60.09116],[12.51508,60.0923],[12.51137,60.10039],[12.51229,60.10592],[12.51178,60.1083],[12.51257,60.10942],[12.51334,60.11373],[12.51482,60.11547],[12.51699,60.11657],[12.5169,60.11914],[12.51774,60.12036],[12.52023,60.12169],[12.52154,60.12414],[12.52392,60.12476],[12.51931,60.12935],[12.51701,60.13328],[12.51772,60.13719],[12.52042,60.13873],[12.52105,60.14204],[12.52167,60.14251],[12.52283,60.14259],[12.52394,60.14212],[12.52695,60.14208],[12.52982,60.1415],[12.5313,60.1418],[12.53255,60.14283],[12.53274,60.14373],[12.53529,60.14137],[12.53658,60.14079],[12.53836,60.13837],[12.54107,60.13877],[12.54392,60.13802],[12.54851,60.1356],[12.55295,60.13547],[12.55508,60.13659],[12.55589,60.13961],[12.55553,60.14107],[12.55643,60.1424],[12.55973,60.14349],[12.56231,60.14364],[12.56435,60.1445],[12.5669,60.14478],[12.5702,60.14622],[12.58628,60.15032],[12.59576,60.15032],[12.5966,60.15272],[12.60334,60.1609],[12.61273,60.16248],[12.62576,60.17072],[12.63168,60.17186],[12.63477,60.17163],[12.64359,60.1727],[12.64541,60.17356],[12.64642,60.17493],[12.64556,60.17727],[12.64548,60.18178],[12.64438,60.18459],[12.64537,60.18594],[12.63458,60.1862],[12.62681,60.18716],[12.61574,60.19568],[12.61117,60.19772],[12.61029,60.20107],[12.61342,60.2045],[12.61947,60.20261],[12.61866,60.20426],[12.61449,60.20748],[12.61031,60.20881],[12.6034,60.21272],[12.59958,60.21587],[12.5954,60.21774],[12.58748,60.22317],[12.58293,60.22533],[12.57956,60.22806],[12.57087,60.23265],[12.56819,60.23454],[12.56724,60.23589],[12.56349,60.23769],[12.5628,60.23915],[12.5607,60.24068],[12.55804,60.24186],[12.55703,60.24325],[12.55467,60.24402],[12.553,60.24565],[12.54909,60.24814],[12.5434,60.25394],[12.54137,60.26003],[12.53999,60.26188],[12.53195,60.26628],[12.52995,60.26666],[12.52742,60.26653],[12.52257,60.26922],[12.51922,60.27288],[12.51484,60.27567],[12.5115,60.27722],[12.51201,60.27778],[12.51512,60.27698],[12.52047,60.27677],[12.52347,60.27743],[12.52349,60.28194],[12.52038,60.28911],[12.52038,60.29093],[12.52137,60.29162],[12.5325,60.29288],[12.536,60.29383],[12.548,60.29565],[12.55825,60.29891],[12.56209,60.29928],[12.5666,60.30164],[12.57851,60.30308],[12.58512,60.30265],[12.59164,60.30368],[12.59821,60.30368],[12.60256,60.30481],[12.60507,60.30507],[12.63297,60.3025],[12.63048,60.30602],[12.62741,60.30726],[12.62458,60.3091],[12.62374,60.31022],[12.61909,60.31299],[12.61569,60.31378],[12.61381,60.31479],[12.61501,60.31859],[12.62007,60.32634],[12.61838,60.33586],[12.61539,60.33852],[12.6143,60.34176],[12.62102,60.34331],[12.63022,60.34382],[12.63805,60.34749],[12.64522,60.34691],[12.65267,60.34348],[12.65934,60.33975],[12.66185,60.33876],[12.66762,60.33756],[12.67625,60.33297],[12.67573,60.3352],[12.67788,60.33672],[12.68084,60.34013],[12.68239,60.34603],[12.68202,60.34848],[12.67494,60.35906],[12.67447,60.36393],[12.66822,60.37421],[12.66689,60.37534],[12.66325,60.38273],[12.66007,60.38511],[12.65657,60.38665],[12.65273,60.38912],[12.6535,60.39161],[12.65552,60.39386],[12.65799,60.39479],[12.66352,60.39545],[12.66522,60.39629],[12.66623,60.39811],[12.66842,60.39957],[12.6691,60.40131],[12.67065,60.4027],[12.67058,60.40345],[12.67357,60.40697],[12.67872,60.40927],[12.68114,60.41096],[12.68552,60.41191],[12.68902,60.41174],[12.69232,60.41249],[12.69367,60.4162],[12.6909,60.41944],[12.69022,60.4227],[12.69256,60.42489],[12.69479,60.42598],[12.69522,60.42723],[12.69279,60.43103],[12.69395,60.43184],[12.69895,60.43304],[12.70395,60.43594],[12.70713,60.44051],[12.70603,60.44341],[12.70573,60.44997],[12.70749,60.453],[12.71129,60.45714],[12.71114,60.45948],[12.715,60.4651],[12.71522,60.46778],[12.71258,60.4771],[12.7061,60.4871],[12.70442,60.49143],[12.70719,60.49849],[12.7061,60.50536],[12.7064,60.50765],[12.70365,60.5154],[12.7044,60.51982],[12.70314,60.53068],[12.7008,60.53278],[12.69959,60.53495],[12.70056,60.53767],[12.7129,60.55171],[12.73446,60.56357],[12.74176,60.56926],[12.74796,60.56612],[12.7518,60.56851],[12.75875,60.56758],[12.76343,60.56827],[12.76781,60.56778],[12.77242,60.57024],[12.77358,60.57048],[12.77849,60.57007],[12.77963,60.56827],[12.78109,60.56788],[12.7912,60.56718],[12.79225,60.5675],[12.79291,60.5687],[12.79216,60.57061],[12.79274,60.57295],[12.79555,60.57409],[12.80527,60.57486],[12.81077,60.57651],[12.81574,60.57361],[12.81982,60.57235],[12.82315,60.56975],[12.82489,60.56943],[12.82673,60.56969],[12.8328,60.57327],[12.83308,60.57473],[12.83137,60.57801],[12.83201,60.58145],[12.83585,60.58351],[12.83707,60.58576],[12.83952,60.58692],[12.84261,60.58745],[12.84456,60.58748],[12.85057,60.58604],[12.85237,60.58606],[12.85428,60.58666],[12.84724,60.59123],[12.85975,60.59561],[12.86008,60.59983],[12.85933,60.6049],[12.86377,60.60831],[12.86694,60.60977],[12.87068,60.60998],[12.87548,60.60889],[12.88168,60.60848],[12.89359,60.61033],[12.89874,60.61196],[12.90344,60.61258],[12.9116,60.61488],[12.91282,60.61488],[12.91462,60.61451],[12.92267,60.61067],[12.92913,60.6093],[12.93359,60.60773],[12.93964,60.60771],[12.94228,60.60735],[12.94668,60.60754],[12.95479,60.60642],[12.95651,60.60677],[12.96434,60.61164],[12.96754,60.61415],[12.97118,60.61546],[12.97503,60.61606],[12.97769,60.61816],[12.98026,60.6188],[12.98204,60.6202],[12.98326,60.62046],[13.01064,60.61975],[13.01715,60.61799],[13.02298,60.61556],[13.02678,60.61209],[13.0303,60.61037],[13.03732,60.61477],[13.04208,60.61625],[13.04744,60.61685],[13.05114,60.61546],[13.05963,60.61698],[13.06113,60.61818],[13.06064,60.62142],[13.0624,60.62462],[13.06262,60.63179],[13.06045,60.63455],[13.06131,60.64054],[13.05912,60.64605],[13.05929,60.64899],[13.06013,60.65114],[13.06156,60.65245],[13.06367,60.66011],[13.06489,60.66155],[13.06616,60.66489],[13.07399,60.66897],[13.07296,60.67213],[13.07386,60.67324],[13.07513,60.6776],[13.07296,60.68022],[13.06843,60.68328],[13.06626,60.6876],[13.06399,60.68946],[13.06139,60.69077],[13.06105,60.69236],[13.05596,60.69715],[13.05455,60.70006],[13.05865,60.70506],[13.05712,60.70987],[13.05751,60.71189],[13.05873,60.71365],[13.06045,60.71465],[13.06255,60.71792],[13.06126,60.72066],[13.05429,60.72895],[13.05397,60.73152],[13.05221,60.73313],[13.05062,60.73888],[13.05202,60.74055],[13.05135,60.7418],[13.04852,60.74352],[13.04695,60.74693],[13.04665,60.75045],[13.04953,60.75143],[13.05129,60.7527],[13.05,60.75757],[13.04817,60.75903],[13.04702,60.76218],[13.04521,60.76418],[13.04187,60.76723],[13.03912,60.76886],[13.04034,60.77175],[13.03757,60.77381],[13.03757,60.77647],[13.03431,60.78017],[13.03925,60.78594],[13.03961,60.79042],[13.03708,60.79328],[13.03708,60.79587],[13.03403,60.79935],[13.0327,60.8039],[13.03024,60.80699],[13.03137,60.81267],[13.02753,60.81722],[13.02884,60.8193],[13.02457,60.82293],[13.02326,60.82527]]}},{"type":"Feature","properties":{"name":"TET_S-04_20260801","country":"SE","lengthKm":1207.1},"geometry":{"type":"LineString","coordinates":[[13.02326,60.82527],[13.01798,60.82769],[13.01337,60.83211],[13.00492,60.83651],[13.00206,60.83922],[12.99717,60.84012],[12.99483,60.83793],[12.99268,60.83784],[12.98835,60.84014],[12.98698,60.84171],[12.98438,60.84332],[12.97451,60.84628],[12.97792,60.84692],[12.98213,60.84885],[12.97835,60.85171],[12.97569,60.85258],[12.97393,60.85426],[12.97052,60.85572],[12.96603,60.85662],[12.9591,60.86085],[12.95803,60.86254],[12.95187,60.86571],[12.95803,60.86254],[12.959,60.86095],[12.96603,60.85662],[12.9723,60.85503],[12.97518,60.85355],[12.97569,60.85258],[12.97835,60.85171],[12.98033,60.85035],[12.98213,60.84885],[12.97792,60.84692],[12.97451,60.84628],[12.97393,60.84662],[12.97239,60.84784],[12.972,60.84952],[12.9673,60.85334],[12.959,60.85608],[12.95511,60.85662],[12.95228,60.8564],[12.94574,60.85812],[12.94125,60.85868],[12.93709,60.86192],[12.93119,60.86522],[12.92889,60.8675],[12.92108,60.87016],[12.91351,60.87095],[12.91357,60.87222],[12.91748,60.87306],[12.91936,60.87505],[12.92282,60.87428],[12.92664,60.8749],[12.92737,60.87548],[12.92606,60.87685],[12.91896,60.87904],[12.91971,60.88037],[12.91806,60.88127],[12.91357,60.8831],[12.91168,60.88331],[12.90821,60.88503],[12.91042,60.88647],[12.91085,60.8881],[12.91166,60.88866],[12.9114,60.88992],[12.9093,60.89089],[12.90619,60.89157],[12.90572,60.89207],[12.90842,60.89342],[12.90844,60.89524],[12.90501,60.89756],[12.90115,60.90275],[12.89512,60.9061],[12.89486,60.90677],[12.89668,60.90786],[12.89922,60.9085],[12.90003,60.90921],[12.90155,60.90945],[12.90123,60.91093],[12.90209,60.91453],[12.89937,60.91657],[12.89954,60.91861],[12.89799,60.91994],[12.89471,60.92129],[12.89364,60.92228],[12.89106,60.92642],[12.89209,60.92794],[12.89091,60.92949],[12.89134,60.93043],[12.88825,60.93363],[12.88759,60.93606],[12.88872,60.93857],[12.8905,60.94009],[12.89177,60.94045],[12.89368,60.94067],[12.89795,60.93994],[12.90269,60.94005],[12.90389,60.94043],[12.90806,60.94389],[12.90898,60.9459],[12.91074,60.94736],[12.91102,60.95099],[12.91357,60.95277],[12.91767,60.95335],[12.92771,60.95294],[12.93232,60.9514],[12.93672,60.94803],[12.94919,60.94427],[12.95501,60.94359],[12.96348,60.94408],[12.97054,60.94303],[12.977,60.93734],[12.9809,60.93663],[12.98243,60.93503],[12.98552,60.93369],[12.98633,60.93243],[12.99226,60.92977],[12.99537,60.92891],[13.00507,60.92814],[13.00745,60.92831],[13.01421,60.92679],[13.01762,60.92706],[13.02378,60.92889],[13.02633,60.929],[13.0303,60.92992],[13.0376,60.93464],[13.04182,60.94002],[13.04345,60.94114],[13.04532,60.94404],[13.05002,60.94588],[13.05019,60.94788],[13.04695,60.95211],[13.04678,60.95459],[13.04485,60.95711],[13.04985,60.96517],[13.05528,60.96702],[13.0591,60.96764],[13.05955,60.9708],[13.06324,60.97444],[13.06442,60.98322],[13.06721,60.98453],[13.07133,60.98481],[13.07867,60.98648],[13.08264,60.98882],[13.08929,60.99114],[13.0898,60.99345],[13.10038,60.99627],[13.10171,60.99916],[13.10452,60.99966],[13.1057,61.00024],[13.10731,61.00384],[13.11399,61.00736],[13.11343,61.00871],[13.11529,61.01272],[13.12216,61.01429],[13.13192,61.01446],[13.13534,61.01523],[13.14409,61.01603],[13.14701,61.01594],[13.1501,61.01809],[13.15362,61.01873],[13.15602,61.01843],[13.15864,61.01938],[13.16018,61.02032],[13.15885,61.02362],[13.16117,61.02534],[13.15997,61.02809],[13.16126,61.03051],[13.16615,61.03324],[13.17229,61.03519],[13.17619,61.03817],[13.1881,61.03598],[13.20267,61.03212],[13.22381,61.02465],[13.23741,61.02238],[13.2402,61.02146],[13.24509,61.02058],[13.24932,61.0194],[13.25732,61.01581],[13.26921,61.01139],[13.27558,61.01028],[13.28063,61.00845],[13.29234,61.00611],[13.29695,61.00491],[13.29985,61.00352],[13.30955,61.00146],[13.31264,60.99961],[13.31506,60.99635],[13.31901,60.99431],[13.32487,60.98848],[13.32545,60.98689],[13.32798,60.98408],[13.33137,60.98258],[13.33562,60.98176],[13.33635,60.98343],[13.33599,60.98803],[13.33358,60.9918],[13.33212,60.99682],[13.33084,61.00768],[13.33444,61.01287],[13.33596,61.0182],[13.33817,61.02073],[13.33912,61.0244],[13.33856,61.02686],[13.33944,61.03214],[13.33714,61.03714],[13.33665,61.04077],[13.33815,61.04542],[13.33736,61.04914],[13.33764,61.0518],[13.33532,61.0574],[13.3392,61.05828],[13.33974,61.05987],[13.34161,61.06062],[13.34212,61.06133],[13.35667,61.05824],[13.35903,61.05675],[13.36317,61.05216],[13.3707,61.04884],[13.37373,61.04836],[13.38585,61.04828],[13.39568,61.05064],[13.39834,61.05092],[13.41235,61.05036],[13.41718,61.0507],[13.4313,61.05532],[13.44141,61.05536],[13.45409,61.0566],[13.45733,61.058],[13.4584,61.06171],[13.45965,61.06274],[13.47192,61.06665],[13.48319,61.0668],[13.4993,61.06899],[13.51625,61.06778],[13.52389,61.06819],[13.52752,61.06875],[13.5497,61.07433],[13.58459,61.07729],[13.57374,61.08622],[13.55706,61.09761],[13.54764,61.10132],[13.53353,61.11166],[13.52743,61.1183],[13.52518,61.12454],[13.52359,61.12651],[13.51838,61.12924],[13.51336,61.134],[13.50516,61.13919],[13.49582,61.14398],[13.48555,61.15106],[13.474,61.16934],[13.47261,61.17027],[13.46632,61.17245],[13.4616,61.17481],[13.44413,61.20299],[13.43688,61.21073],[13.42512,61.22663],[13.41729,61.2311],[13.41295,61.23457],[13.40718,61.24318],[13.40029,61.24616],[13.39635,61.24947],[13.38875,61.2532],[13.3848,61.25764],[13.37993,61.26034],[13.37467,61.26612],[13.37433,61.26723],[13.37588,61.27247],[13.37888,61.27839],[13.37804,61.282],[13.38109,61.28534],[13.38004,61.28882],[13.37828,61.29049],[13.37787,61.2926],[13.38306,61.29603],[13.38534,61.3029],[13.3839,61.3089],[13.38109,61.3118],[13.37967,61.313],[13.36307,61.32064],[13.35618,61.32944],[13.35568,61.33204],[13.35712,61.33315],[13.35819,61.33596],[13.36021,61.33654],[13.36064,61.33718],[13.36051,61.338],[13.35832,61.34015],[13.35927,61.34223],[13.35839,61.34379],[13.35957,61.34502],[13.35931,61.34603],[13.35719,61.34596],[13.35356,61.3465],[13.35287,61.34907],[13.35036,61.35118],[13.34603,61.35281],[13.34017,61.3542],[13.33414,61.35783],[13.33054,61.3589],[13.32571,61.36326],[13.32133,61.36959],[13.31846,61.37201],[13.31457,61.37707],[13.31187,61.37922],[13.31135,61.38102],[13.31013,61.3821],[13.30805,61.38302],[13.30693,61.38452],[13.30234,61.38783],[13.29472,61.3913],[13.29084,61.39465],[13.28786,61.39589],[13.2808,61.39774],[13.27794,61.40008],[13.27569,61.40662],[13.2744,61.40785],[13.27305,61.40821],[13.26985,61.40827],[13.26711,61.40909],[13.2623,61.41254],[13.25726,61.41276],[13.25447,61.41486],[13.25213,61.41907],[13.24827,61.41982],[13.24638,61.42074],[13.24353,61.42141],[13.24245,61.42441],[13.2437,61.42671],[13.2393,61.42965],[13.24082,61.43171],[13.24166,61.43486],[13.23947,61.44078],[13.23818,61.44241],[13.22758,61.44658],[13.22235,61.45022],[13.2208,61.45095],[13.21805,61.45151],[13.21213,61.45572],[13.20509,61.45816],[13.20355,61.45945],[13.20196,61.46503],[13.20351,61.46791],[13.20299,61.47099],[13.2114,61.46962],[13.21316,61.46872],[13.21587,61.46842],[13.2187,61.46924],[13.22165,61.4704],[13.22248,61.47589],[13.22355,61.47842],[13.2166,61.48305],[13.21428,61.4837],[13.20874,61.48709],[13.20793,61.49129],[13.20488,61.49314],[13.19788,61.5061],[13.20007,61.5061],[13.20295,61.50713],[13.20737,61.50764],[13.21252,61.50885],[13.21518,61.50816],[13.21986,61.50837],[13.22166,61.50958],[13.21977,61.50983],[13.21604,61.51211],[13.21608,61.51352],[13.22097,61.51782],[13.22372,61.51945],[13.22578,61.52198],[13.22668,61.52657],[13.2287,61.52932],[13.22908,61.53232],[13.22835,61.53563],[13.22664,61.53786],[13.2169,61.54434],[13.20887,61.55133],[13.21115,61.55477],[13.21651,61.55996],[13.21853,61.56721],[13.21818,61.5694],[13.21449,61.57361],[13.21393,61.58824],[13.21209,61.5924],[13.21544,61.59579],[13.21767,61.59699],[13.21904,61.60257],[13.22123,61.60412],[13.24277,61.60536],[13.24878,61.60669],[13.24586,61.61094],[13.24565,61.61566],[13.24406,61.61785],[13.24307,61.61892],[13.23548,61.62369],[13.23093,61.62952],[13.22677,61.63261],[13.22986,61.63575],[13.2338,61.63699],[13.23578,61.63686],[13.24007,61.63768],[13.24131,61.63836],[13.24462,61.63905],[13.24702,61.6403],[13.25033,61.64068],[13.25852,61.64068],[13.25664,61.64163],[13.25556,61.64321],[13.25595,61.64429],[13.25277,61.6469],[13.24711,61.65416],[13.24067,61.65811],[13.23994,61.65939],[13.23835,61.66051],[13.23458,61.66072],[13.2299,61.6621],[13.22436,61.66287],[13.21488,61.66686],[13.21183,61.66905],[13.20402,61.67214],[13.19003,61.68231],[13.18256,61.6842],[13.1772,61.68669],[13.1709,61.68867],[13.17063,61.68948],[13.17647,61.69325],[13.18733,61.69377],[13.19149,61.69278],[13.19531,61.69102],[13.19707,61.68956],[13.19982,61.68862],[13.21046,61.68707],[13.21642,61.68733],[13.2196,61.68686],[13.22256,61.68566],[13.23539,61.6839],[13.23831,61.68403],[13.24651,61.68536],[13.25067,61.68557],[13.25569,61.68767],[13.25737,61.68913],[13.25973,61.69008],[13.269,61.69034],[13.27573,61.68961],[13.28002,61.68793],[13.28208,61.68755],[13.28951,61.68673],[13.29118,61.68587],[13.2932,61.6839],[13.2956,61.68313],[13.30101,61.68252],[13.30766,61.68055],[13.31429,61.67752],[13.31843,61.67669],[13.32298,61.67682],[13.33869,61.67476],[13.34096,61.67501],[13.35423,61.67849],[13.36032,61.67939],[13.37933,61.67849],[13.38182,61.67909],[13.38624,61.68115],[13.39156,61.68205],[13.39929,61.68403],[13.40336,61.68591],[13.40787,61.68943],[13.41135,61.69098],[13.42023,61.69291],[13.42435,61.69626],[13.43053,61.69853],[13.43701,61.70527],[13.43744,61.71072],[13.43834,61.71295],[13.44254,61.7169],[13.4431,61.71905],[13.43873,61.72317],[13.43637,61.73106],[13.43714,61.73256],[13.4422,61.73621],[13.44739,61.74158],[13.44782,61.74479],[13.45078,61.74973],[13.4516,61.75522],[13.45679,61.759],[13.47962,61.76818],[13.48108,61.76934],[13.48241,61.77166],[13.48173,61.77587],[13.48276,61.7793],[13.49825,61.78938],[13.50181,61.79363],[13.50499,61.79599],[13.5073,61.80123],[13.50846,61.80217],[13.51031,61.8029],[13.51606,61.80282],[13.524,61.80136],[13.52546,61.80058],[13.52602,61.79569],[13.53541,61.79016],[13.53833,61.78771],[13.5394,61.78475],[13.54219,61.78338],[13.56078,61.77737],[13.57936,61.77548],[13.58571,61.77565],[13.58973,61.7716],[13.59472,61.76921],[13.5986,61.76607],[13.60621,61.76242],[13.61047,61.76162],[13.61322,61.76183],[13.61854,61.76127],[13.62236,61.75934],[13.62438,61.75909],[13.62871,61.7596],[13.63365,61.75891],[13.63777,61.75565],[13.63893,61.75303],[13.6492,61.76289],[13.6575,61.76685],[13.65682,61.76848],[13.6669,61.77251],[13.66962,61.77251],[13.67071,61.77483],[13.68079,61.77471],[13.6891,61.77653],[13.68978,61.77515],[13.69482,61.77251],[13.69495,61.77062],[13.69727,61.76874],[13.69836,61.76301],[13.694,61.76087],[13.6906,61.76037],[13.68978,61.75729],[13.69441,61.75245],[13.69909,61.75231],[13.70502,61.75432],[13.71063,61.75416],[13.71258,61.75147],[13.72347,61.74868],[13.73787,61.74734],[13.74235,61.74743],[13.75168,61.74356],[13.76355,61.74195],[13.7618,61.73934],[13.77192,61.73665],[13.78203,61.73162],[13.78612,61.73063],[13.79429,61.72542],[13.80791,61.72695],[13.81258,61.72362],[13.81978,61.72192],[13.83086,61.72353],[13.83942,61.72757],[13.84176,61.7282],[13.84662,61.72766],[13.84896,61.73045],[13.85265,61.72946],[13.86627,61.72991],[13.87853,61.7335],[13.88158,61.73764],[13.88323,61.74201],[13.89092,61.73649],[13.89175,61.7303],[13.89288,61.7289],[13.89426,61.72822],[13.89848,61.72756],[13.90033,61.72686],[13.90788,61.71707],[13.912,61.715],[13.92228,61.70786],[13.92514,61.70064],[13.93297,61.69143],[13.93495,61.69034],[13.94044,61.68903],[13.94494,61.68849],[13.94656,61.68967],[13.95035,61.69294],[13.9504,61.69698],[13.95303,61.69671],[13.95579,61.69695],[13.96046,61.69809],[13.96414,61.70074],[13.96744,61.70685],[13.96865,61.70761],[13.96873,61.70901],[13.96755,61.71139],[13.96522,61.71338],[13.95998,61.71592],[13.95742,61.71923],[13.95402,61.72111],[13.95446,61.72242],[13.96143,61.72971],[13.96817,61.73167],[13.97349,61.73266],[13.98057,61.73291],[13.98426,61.73377],[13.9889,61.73329],[13.9941,61.73446],[14.0034,61.73249],[14.00891,61.73282],[14.00909,61.73231],[14.01784,61.72947],[14.02065,61.72807],[14.02191,61.72714],[14.02319,61.72409],[14.02282,61.72192],[14.01931,61.71876],[14.01897,61.71718],[14.01907,61.71605],[14.02376,61.71205],[14.02344,61.70941],[14.02068,61.70734],[14.01809,61.70623],[14.01511,61.70358],[14.01797,61.70131],[14.01843,61.69951],[14.0156,61.69504],[14.01674,61.69155],[14.02831,61.69002],[14.03007,61.69017],[14.03189,61.69045],[14.0375,61.69398],[14.04163,61.69425],[14.04345,61.69389],[14.05156,61.68933],[14.05349,61.68903],[14.06109,61.69144],[14.063,61.69158],[14.05939,61.68892],[14.05686,61.68355],[14.05391,61.68105],[14.05213,61.67798],[14.05206,61.67701],[14.05364,61.67622],[14.05446,61.67448],[14.05277,61.67301],[14.05223,61.671],[14.05407,61.67044],[14.05813,61.66757],[14.06012,61.66719],[14.06523,61.66505],[14.07667,61.66372],[14.08053,61.66274],[14.08943,61.65893],[14.10224,61.65556],[14.11351,61.65545],[14.12046,61.65283],[14.12087,61.65072],[14.11987,61.64951],[14.11999,61.64854],[14.12814,61.64464],[14.13065,61.64436],[14.14502,61.64086],[14.14875,61.64058],[14.1562,61.64132],[14.15885,61.64094],[14.16359,61.63803],[14.16842,61.63696],[14.17731,61.63378],[14.18175,61.63261],[14.18653,61.63195],[14.20228,61.63482],[14.21348,61.63938],[14.22137,61.64118],[14.22956,61.63888],[14.23134,61.63881],[14.23837,61.63996],[14.25171,61.64077],[14.25526,61.64008],[14.2591,61.64136],[14.2644,61.64148],[14.26619,61.64207],[14.26887,61.6394],[14.26639,61.63533],[14.2685,61.63198],[14.27073,61.63072],[14.27127,61.62958],[14.27296,61.62953],[14.27479,61.62992],[14.27711,61.62987],[14.28117,61.63263],[14.28022,61.63839],[14.28084,61.64313],[14.27531,61.64573],[14.27125,61.64643],[14.26923,61.64818],[14.26549,61.64955],[14.2646,61.65037],[14.26461,61.65129],[14.26208,61.65177],[14.25938,61.65303],[14.25706,61.65353],[14.25493,61.65484],[14.25461,61.65574],[14.25656,61.65787],[14.25664,61.65971],[14.25785,61.66066],[14.2589,61.66317],[14.25894,61.66936],[14.2601,61.67034],[14.26375,61.67175],[14.26533,61.67362],[14.26996,61.67516],[14.27366,61.67728],[14.2773,61.68495],[14.27873,61.68618],[14.28014,61.68683],[14.28277,61.68678],[14.28698,61.68588],[14.29092,61.68612],[14.29493,61.68752],[14.30207,61.69355],[14.30099,61.69576],[14.30139,61.69661],[14.30808,61.69616],[14.31159,61.69539],[14.31347,61.69545],[14.31491,61.69606],[14.31655,61.69777],[14.31639,61.70098],[14.31799,61.70301],[14.32351,61.7044],[14.32543,61.70649],[14.32179,61.71169],[14.31345,61.71263],[14.30968,61.71378],[14.30889,61.71461],[14.31186,61.71676],[14.31165,61.718],[14.3102,61.72021],[14.30571,61.72309],[14.30545,61.7307],[14.30821,61.73462],[14.30869,61.73696],[14.31101,61.74056],[14.31255,61.74112],[14.31329,61.74197],[14.31601,61.74232],[14.32977,61.74249],[14.33784,61.74005],[14.34133,61.73731],[14.34491,61.73648],[14.34832,61.73718],[14.34976,61.73795],[14.35117,61.74026],[14.35285,61.74085],[14.35606,61.74095],[14.35771,61.74034],[14.36288,61.73598],[14.37401,61.73498],[14.3806,61.73402],[14.39637,61.73666],[14.40132,61.74424],[14.40125,61.7457],[14.40289,61.7484],[14.40027,61.75039],[14.39716,61.75176],[14.39795,61.75265],[14.40459,61.75512],[14.40642,61.75619],[14.40755,61.75944],[14.41108,61.76111],[14.41208,61.76222],[14.4123,61.76472],[14.416,61.76661],[14.41689,61.76824],[14.41935,61.76907],[14.42235,61.77093],[14.43278,61.77071],[14.43118,61.77332],[14.43446,61.77471],[14.43688,61.77644],[14.4369,61.77749],[14.43555,61.77916],[14.43069,61.78058],[14.428,61.78095],[14.42637,61.78169],[14.42557,61.78274],[14.41773,61.78501],[14.41469,61.78738],[14.41476,61.7882],[14.41643,61.78874],[14.42131,61.78679],[14.43026,61.78704],[14.43471,61.78752],[14.44584,61.7874],[14.45664,61.78855],[14.45884,61.7882],[14.46232,61.78695],[14.46504,61.78676],[14.46566,61.78589],[14.46956,61.78492],[14.47022,61.78403],[14.47171,61.78363],[14.47592,61.78406],[14.48179,61.78164],[14.48356,61.78145],[14.48491,61.78222],[14.48722,61.78236],[14.49054,61.78163],[14.49271,61.78051],[14.50047,61.78001],[14.50544,61.77912],[14.50709,61.77947],[14.50789,61.78051],[14.50269,61.78506],[14.50664,61.78723],[14.49585,61.79063],[14.49455,61.79151],[14.49462,61.79252],[14.49676,61.79358],[14.4967,61.79496],[14.4922,61.79995],[14.49511,61.8057],[14.49718,61.80751],[14.49564,61.81113],[14.49578,61.8134],[14.49909,61.81657],[14.49615,61.81938],[14.48308,61.82228],[14.47163,61.82349],[14.46252,61.8255],[14.46037,61.82633],[14.45914,61.82757],[14.45972,61.82863],[14.45853,61.82962],[14.4526,61.83077],[14.45039,61.8317],[14.446,61.83463],[14.4441,61.83465],[14.44159,61.8353],[14.4395,61.83629],[14.4331,61.83765],[14.4292,61.83944],[14.42371,61.84078],[14.41781,61.84387],[14.41244,61.84841],[14.41191,61.85037],[14.41353,61.85466],[14.41114,61.85921],[14.40633,61.86159],[14.40374,61.86414],[14.40846,61.86654],[14.41853,61.86829],[14.42184,61.86974],[14.42341,61.87095],[14.42538,61.87142],[14.43213,61.87161],[14.4375,61.87297],[14.44127,61.87489],[14.4445,61.87521],[14.44616,61.87576],[14.448,61.87928],[14.44763,61.88041],[14.44387,61.88309],[14.44364,61.88426],[14.44479,61.88593],[14.44383,61.89404],[14.43284,61.90605],[14.42536,61.91106],[14.42612,61.91836],[14.42467,61.92332],[14.41407,61.93499],[14.41398,61.93593],[14.41793,61.93858],[14.42163,61.9445],[14.42694,61.94888],[14.43096,61.95502],[14.43538,61.95784],[14.43601,61.96037],[14.43764,61.96102],[14.43882,61.96265],[14.43813,61.96395],[14.43517,61.96614],[14.43235,61.96749],[14.43104,61.96906],[14.42603,61.97066],[14.41885,61.9741],[14.40562,61.9787],[14.40047,61.97912],[14.39549,61.97776],[14.37546,61.97939],[14.35741,61.98957],[14.35265,61.99071],[14.35048,61.99273],[14.3463,61.99518],[14.34189,61.99868],[14.33738,62.00125],[14.33514,62.01098],[14.34302,62.01401],[14.35073,62.01515],[14.35903,62.01889],[14.35971,62.02194],[14.35935,62.02633],[14.3528,62.03114],[14.36089,62.03333],[14.36582,62.03405],[14.36693,62.03274],[14.37267,62.0293],[14.37752,62.0246],[14.37879,62.02431],[14.39381,62.02708],[14.39958,62.02785],[14.40458,62.02807],[14.40647,62.02846],[14.40772,62.02934],[14.40942,62.02978],[14.42761,62.02808],[14.44263,62.025],[14.45727,62.02325],[14.46355,62.02126],[14.46693,62.02061],[14.47045,62.02449],[14.47256,62.02797],[14.4747,62.02939],[14.48015,62.03111],[14.49275,62.03411],[14.4936,62.03499],[14.49391,62.03684],[14.49827,62.04122],[14.5012,62.04304],[14.50605,62.04498],[14.51765,62.04555],[14.52522,62.04778],[14.52833,62.04663],[14.52859,62.04578],[14.53056,62.04587],[14.53477,62.04517],[14.53504,62.04429],[14.53729,62.04267],[14.53959,62.04175],[14.5527,62.04007],[14.56021,62.03861],[14.56747,62.03844],[14.57488,62.03892],[14.57675,62.03944],[14.57797,62.04178],[14.58361,62.04243],[14.59187,62.04075],[14.60776,62.04043],[14.62189,62.03908],[14.62693,62.03937],[14.63306,62.0411],[14.63634,62.03945],[14.63817,62.03915],[14.64046,62.04257],[14.64623,62.04568],[14.65031,62.04748],[14.65507,62.04679],[14.6542,62.06332],[14.65584,62.07522],[14.64997,62.08214],[14.66078,62.09584],[14.66246,62.09876],[14.66486,62.10649],[14.66482,62.1076],[14.66349,62.10923],[14.66263,62.11365],[14.66404,62.11503],[14.67606,62.11846],[14.67876,62.11975],[14.68271,62.12318],[14.68863,62.12584],[14.69005,62.1276],[14.68979,62.13138],[14.69052,62.13253],[14.69263,62.13378],[14.69477,62.13434],[14.70456,62.13541],[14.71159,62.13794],[14.714,62.13932],[14.71649,62.14159],[14.71885,62.14266],[14.72262,62.14361],[14.7249,62.14378],[14.73086,62.14318],[14.73623,62.14065],[14.74348,62.13876],[14.74691,62.13876],[14.75369,62.14056],[14.76412,62.1403],[14.77159,62.14082],[14.77627,62.14198],[14.77974,62.14369],[14.78665,62.15107],[14.79043,62.15133],[14.80532,62.15176],[14.80854,62.15116],[14.81069,62.15039],[14.81365,62.14803],[14.81541,62.14747],[14.81687,62.14597],[14.82523,62.14417],[14.82695,62.14292],[14.82571,62.13932],[14.82759,62.13721],[14.8279,62.13575],[14.8306,62.13305],[14.83725,62.13833],[14.84262,62.13884],[14.85309,62.13893],[14.85888,62.1376],[14.86382,62.1379],[14.8724,62.13919],[14.88493,62.13957],[14.87939,62.14434],[14.87884,62.14541],[14.87931,62.14927],[14.88051,62.15125],[14.89102,62.16077],[14.89081,62.1673],[14.89167,62.16936],[14.89347,62.1706],[14.89772,62.17197],[14.90085,62.17253],[14.90763,62.17635],[14.91171,62.17682],[14.91703,62.17545],[14.92536,62.17416],[14.93471,62.17391],[14.93761,62.1741],[14.93878,62.1749],[14.9364,62.17887],[14.93214,62.18374],[14.93012,62.18833],[14.93004,62.19296],[14.927,62.1959],[14.92294,62.19764],[14.91722,62.20164],[14.91508,62.20657],[14.91518,62.20876],[14.93385,62.21507],[14.93647,62.21837],[14.9392,62.22018],[14.94492,62.22283],[14.95487,62.23151],[14.95969,62.23379],[14.96399,62.23459],[14.97008,62.23508],[14.97536,62.23811],[14.97899,62.24205],[14.98147,62.24347],[14.98994,62.24607],[14.99823,62.24354],[15.00122,62.24331],[15.00759,62.24372],[15.01295,62.24297],[15.01803,62.24319],[15.02129,62.2424],[15.02287,62.24243],[15.03369,62.24732],[15.03575,62.25178],[15.0296,62.25711],[15.02814,62.25913],[15.02436,62.2612],[15.01919,62.26182],[15.02015,62.26259],[15.0257,62.26324],[15.03082,62.26498],[15.03091,62.26603],[15.02928,62.26872],[15.02258,62.27294],[15.02072,62.27653],[15.01673,62.27935],[15.0217,62.28055],[15.02113,62.28181],[15.01665,62.28501],[15.01583,62.28642],[15.00893,62.28914],[15.00677,62.29198],[15.0045,62.29299],[15.00136,62.29549],[14.99717,62.30018],[14.99149,62.30459],[14.98788,62.30824],[14.98643,62.30898],[14.98153,62.30942],[14.97648,62.31157],[14.9735,62.31376],[14.9656,62.31607],[14.96176,62.31888],[14.95715,62.32077],[14.95347,62.32173],[14.9533,62.32384],[14.95226,62.3251],[14.95271,62.32594],[14.95563,62.32608],[14.95896,62.32723],[14.96453,62.32708],[14.9699,62.3307],[14.96229,62.33834],[14.96101,62.34115],[14.96655,62.34971],[14.9588,62.35501],[14.95316,62.35641],[14.95177,62.35879],[14.95218,62.35964],[14.95567,62.36096],[14.96439,62.36553],[14.96504,62.36873],[14.96456,62.36977],[14.95876,62.37264],[14.95533,62.37344],[14.95203,62.37557],[14.94869,62.38001],[14.94503,62.38099],[14.94231,62.38762],[14.93912,62.39082],[14.93913,62.39172],[14.94072,62.39239],[14.94352,62.39177],[14.94495,62.39247],[14.94041,62.39888],[14.94191,62.39994],[14.94266,62.40143],[14.94109,62.40264],[14.94056,62.40402],[14.93925,62.40475],[14.93492,62.40432],[14.93371,62.40614],[14.93142,62.40782],[14.9265,62.40993],[14.92099,62.41361],[14.92074,62.41619],[14.91929,62.41686],[14.91492,62.41775],[14.90977,62.42158],[14.90758,62.4267],[14.9057,62.42785],[14.9003,62.42983],[14.89302,62.43441],[14.88861,62.43553],[14.88714,62.4372],[14.88662,62.43985],[14.88334,62.44406],[14.88556,62.44593],[14.88722,62.44895],[14.89205,62.44831],[14.89774,62.44906],[14.90068,62.45029],[14.90139,62.4532],[14.90314,62.45394],[14.91142,62.45121],[14.91687,62.45082],[14.9151,62.45463],[14.91922,62.46226],[14.91851,62.46608],[14.91602,62.47009],[14.91745,62.48064],[14.91795,62.48165],[14.92406,62.48453],[14.92502,62.48645],[14.91342,62.52077],[14.91326,62.52244],[14.91551,62.52781],[14.91541,62.52924],[14.91327,62.53132],[14.9091,62.5332],[14.9075,62.53706],[14.89813,62.54669],[14.89802,62.55035],[14.8959,62.55675],[14.89577,62.55823],[14.9045,62.57308],[14.90296,62.58347],[14.90365,62.58527],[14.90922,62.58833],[14.91064,62.59037],[14.9107,62.59181],[14.91431,62.59543],[14.91551,62.59615],[14.91982,62.59668],[14.92249,62.5978],[14.92444,62.59785],[14.9343,62.59487],[14.93659,62.59469],[14.94047,62.59548],[14.94575,62.59487],[14.95377,62.59187],[14.96537,62.58982],[14.96677,62.58906],[14.96808,62.57989],[14.97049,62.57758],[14.96991,62.57425],[14.97408,62.56842],[14.97784,62.56806],[14.98417,62.56955],[14.98819,62.56916],[14.98997,62.56959],[15.01077,62.56791],[15.016,62.56848],[15.02089,62.56794],[15.02487,62.57003],[15.03015,62.57163],[15.03242,62.573],[15.03116,62.57645],[15.03158,62.57736],[15.03633,62.581],[15.03774,62.5816],[15.04693,62.58243],[15.05404,62.5916],[15.05564,62.5927],[15.05808,62.59341],[15.06357,62.59423],[15.06785,62.59128],[15.06961,62.59038],[15.07182,62.58994],[15.09307,62.59025],[15.09882,62.5898],[15.1031,62.59031],[15.1078,62.58984],[15.11195,62.58844],[15.12311,62.58883],[15.12563,62.58937],[15.13445,62.59406],[15.13417,62.59664],[15.13194,62.60031],[15.1257,62.60363],[15.11957,62.60772],[15.11717,62.6112],[15.11431,62.61189],[15.11309,62.61309],[15.09352,62.62327],[15.10044,62.62366],[15.11098,62.62342],[15.1137,62.62302],[15.11794,62.62149],[15.12057,62.62173],[15.12557,62.62516],[15.12982,62.62625],[15.14343,62.62659],[15.14983,62.62573],[15.15379,62.62603],[15.15773,62.62899],[15.16066,62.62996],[15.16747,62.63131],[15.17086,62.6341],[15.17528,62.63478],[15.18569,62.63483],[15.20311,62.638],[15.20964,62.63754],[15.21463,62.63649],[15.22109,62.63844],[15.22474,62.63914],[15.23734,62.63865],[15.24047,62.63911],[15.24455,62.64305],[15.24819,62.64767],[15.25266,62.64911],[15.25901,62.64881],[15.26199,62.64897],[15.2637,62.64949],[15.26629,62.65265],[15.27349,62.6562],[15.27368,62.65883],[15.27509,62.66195],[15.27684,62.66326],[15.2798,62.66392],[15.28491,62.66268],[15.28572,62.66024],[15.28851,62.65945],[15.29365,62.66049],[15.29576,62.66101],[15.30717,62.66675],[15.31694,62.66716],[15.31995,62.66786],[15.32148,62.66929],[15.32484,62.66926],[15.3284,62.66985],[15.32985,62.67082],[15.3326,62.6745],[15.33561,62.67531],[15.34274,62.6745],[15.34447,62.67536],[15.34699,62.67777],[15.35539,62.68211],[15.36029,62.6827],[15.37846,62.68198],[15.38614,62.68265],[15.39246,62.68401],[15.39759,62.68563],[15.40047,62.68735],[15.40681,62.68939],[15.41238,62.69298],[15.41509,62.69372],[15.42271,62.69379],[15.42563,62.69441],[15.42735,62.69792],[15.43502,62.7024],[15.43794,62.70309],[15.44478,62.70262],[15.44813,62.70279],[15.45027,62.70331],[15.45402,62.70542],[15.45571,62.70929],[15.46262,62.71477],[15.45305,62.71815],[15.44234,62.72326],[15.43487,62.72876],[15.4325,62.73123],[15.42604,62.74361],[15.42058,62.74733],[15.41368,62.75688],[15.41045,62.75934],[15.4093,62.76095],[15.40883,62.7633],[15.40762,62.76543],[15.40589,62.76688],[15.40468,62.7696],[15.40035,62.77281],[15.38817,62.77842],[15.38372,62.7844],[15.37558,62.79343],[15.37189,62.79886],[15.3696,62.80477],[15.36428,62.81087],[15.36212,62.81245],[15.35902,62.81368],[15.35351,62.8146],[15.3374,62.81702],[15.33489,62.81695],[15.33054,62.81611],[15.32878,62.81672],[15.32348,62.82051],[15.32182,62.8243],[15.31315,62.82755],[15.30729,62.8305],[15.3092,62.83129],[15.30978,62.83218],[15.30729,62.83507],[15.29969,62.84021],[15.29649,62.84475],[15.29825,62.84713],[15.29826,62.84824],[15.29477,62.84965],[15.29504,62.85171],[15.29,62.85386],[15.29758,62.85863],[15.29961,62.85813],[15.30214,62.85618],[15.30605,62.8541],[15.31739,62.85189],[15.32328,62.8496],[15.32318,62.85117],[15.32664,62.85133],[15.33249,62.85022],[15.33896,62.85004],[15.36223,62.85303],[15.36566,62.85425],[15.36732,62.85597],[15.36701,62.85778],[15.36462,62.86152],[15.3649,62.86391],[15.36665,62.86537],[15.37173,62.86768],[15.37296,62.86954],[15.37614,62.87215],[15.38232,62.8755],[15.38596,62.87685],[15.39163,62.87742],[15.40056,62.87601],[15.40681,62.87552],[15.42316,62.87584],[15.42692,62.8768],[15.43279,62.87943],[15.44951,62.88219],[15.45184,62.88305],[15.45616,62.88744],[15.45826,62.89194],[15.45805,62.89359],[15.4516,62.89902],[15.44172,62.90462],[15.434,62.90705],[15.42353,62.9089],[15.41501,62.90949],[15.4049,62.90931],[15.39913,62.9106],[15.39172,62.91239],[15.37903,62.91763],[15.37709,62.91919],[15.3781,62.92055],[15.3803,62.92066],[15.38204,62.92199],[15.3819,62.92392],[15.38411,62.9268],[15.39808,62.92772],[15.40451,62.92699],[15.40798,62.92786],[15.41163,62.93083],[15.414,62.93157],[15.41726,62.93147],[15.42434,62.93034],[15.4273,62.93023],[15.4285,62.93317],[15.42556,62.93719],[15.42628,62.93968],[15.42577,62.94131],[15.42201,62.9436],[15.41933,62.94744],[15.41689,62.94917],[15.41114,62.95207],[15.40971,62.95331],[15.40719,62.95405],[15.40012,62.95754],[15.3951,62.9613],[15.39003,62.96336],[15.39071,62.9648],[15.39348,62.96685],[15.39379,62.96911],[15.38969,62.97242],[15.38587,62.97461],[15.38516,62.97744],[15.38602,62.97879],[15.39054,62.97781],[15.39481,62.97609],[15.39969,62.97514],[15.40525,62.97657],[15.40898,62.9716],[15.40953,62.9694],[15.41113,62.968],[15.41236,62.96404],[15.41395,62.96284],[15.41473,62.96099],[15.41646,62.95953],[15.41855,62.95862],[15.41824,62.95728],[15.41894,62.9565],[15.42328,62.95506],[15.43064,62.95368],[15.43651,62.951],[15.44602,62.94646],[15.44939,62.94299],[15.4535,62.94041],[15.45749,62.93867],[15.47457,62.93274],[15.48146,62.93212],[15.48534,62.93103],[15.49607,62.92981],[15.51497,62.92696],[15.52291,62.92513],[15.52451,62.9274],[15.5243,62.92913],[15.52312,62.93038],[15.51939,62.93257],[15.51875,62.93424],[15.52011,62.93607],[15.52322,62.93729],[15.52759,62.93758],[15.53981,62.93639],[15.54335,62.93546],[15.54897,62.93282],[15.55523,62.93521],[15.55992,62.93547],[15.56231,62.93648],[15.56555,62.93716],[15.5689,62.93937],[15.57001,62.9422],[15.57407,62.9437],[15.57581,62.94364],[15.57676,62.94312],[15.57625,62.94074],[15.57811,62.93916],[15.58048,62.9386],[15.58502,62.93832],[15.5879,62.94],[15.59324,62.94137],[15.59928,62.94133],[15.60335,62.94057],[15.61026,62.94149],[15.61539,62.94311],[15.61627,62.94382],[15.61644,62.94503],[15.62279,62.94554],[15.62635,62.94719],[15.63149,62.94873],[15.63312,62.9497],[15.63363,62.95313],[15.63317,62.95464],[15.63522,62.95743],[15.63758,62.95845],[15.6389,62.95981],[15.63772,62.96148],[15.63483,62.96261],[15.63218,62.9644],[15.63176,62.96599],[15.62859,62.96738],[15.62793,62.96911],[15.62369,62.97156],[15.62264,62.97494],[15.6213,62.97598],[15.61534,62.97654],[15.61295,62.97643],[15.60924,62.98009],[15.60044,62.9852],[15.59528,62.98606],[15.59046,62.98784],[15.58479,62.99097],[15.58372,62.99288],[15.57973,62.99468],[15.56943,62.99668],[15.56275,62.99672],[15.56164,62.99878],[15.55686,63.00189],[15.55551,63.00665],[15.55946,63.00777],[15.55995,63.00846],[15.55043,63.01238],[15.54929,63.01478],[15.5502,63.01612],[15.55,63.0173],[15.54833,63.01854],[15.54456,63.01882],[15.5421,63.0213],[15.54177,63.02311],[15.53954,63.02424],[15.537,63.02752],[15.54161,63.02993],[15.53752,63.03188],[15.53489,63.03545],[15.53231,63.03727],[15.5341,63.04195],[15.53659,63.04481],[15.5383,63.04562],[15.55173,63.04829],[15.55787,63.0503],[15.56189,63.05278],[15.56834,63.05554],[15.56193,63.05684],[15.55868,63.05863],[15.54892,63.05992],[15.5357,63.06491],[15.53255,63.06534],[15.52302,63.06518],[15.5192,63.06569],[15.51646,63.06682],[15.51396,63.06895],[15.52458,63.07251],[15.52916,63.07145],[15.53443,63.07133],[15.54592,63.07537],[15.55516,63.07935],[15.56023,63.08042],[15.56486,63.08098],[15.57074,63.08051],[15.576,63.08097],[15.57849,63.08229],[15.5783,63.0855],[15.57991,63.087],[15.5818,63.09379],[15.58463,63.09712],[15.5829,63.10166],[15.5835,63.10304],[15.58915,63.10828],[15.5893,63.11083],[15.58782,63.11322],[15.57991,63.116],[15.57552,63.11888],[15.57473,63.12024],[15.57555,63.12581],[15.57077,63.1332],[15.56862,63.13474],[15.56546,63.1365],[15.55843,63.13884],[15.55402,63.1412],[15.55057,63.14197],[15.54159,63.14268],[15.53872,63.14392],[15.54113,63.14575],[15.54698,63.14827],[15.54953,63.14998],[15.55958,63.15781],[15.5622,63.16093],[15.56615,63.16264],[15.57614,63.16182],[15.58502,63.16205],[15.59367,63.16278],[15.59588,63.16343],[15.59967,63.16569],[15.60335,63.16709],[15.61034,63.16823],[15.63449,63.16648],[15.64254,63.1666],[15.65635,63.16522],[15.65854,63.1676],[15.66128,63.16843],[15.66277,63.17046],[15.66363,63.18023],[15.65778,63.18494],[15.65658,63.18652],[15.65907,63.18917],[15.66005,63.19355],[15.66437,63.19603],[15.66738,63.19659],[15.66661,63.19932],[15.67377,63.20107],[15.67682,63.20267],[15.67754,63.20416],[15.68037,63.20514],[15.68519,63.20393],[15.68812,63.20385],[15.6894,63.20853],[15.67867,63.22201],[15.6804,63.22492],[15.6791,63.22675],[15.67719,63.22778],[15.67651,63.22944],[15.67697,63.23062],[15.67559,63.23299],[15.67541,63.23487],[15.67585,63.2374],[15.67795,63.23923],[15.68242,63.24142],[15.68532,63.24203],[15.68865,63.24085],[15.69253,63.24026],[15.69567,63.24074],[15.69708,63.24208],[15.69537,63.24309],[15.69503,63.24456],[15.69785,63.24527],[15.70007,63.24649],[15.69926,63.24816],[15.69519,63.25036],[15.69289,63.25261],[15.69485,63.25654],[15.69714,63.25739],[15.70048,63.25738],[15.70368,63.25866],[15.70417,63.2596],[15.70259,63.26193],[15.70084,63.26324],[15.70517,63.26448],[15.70859,63.26467],[15.7145,63.26576],[15.72352,63.26624],[15.72615,63.2675],[15.72939,63.27121],[15.73156,63.27261],[15.73337,63.27313],[15.77096,63.27969],[15.7784,63.28205],[15.76232,63.28836],[15.75418,63.29017],[15.7513,63.29327],[15.74698,63.29502],[15.73863,63.30005],[15.73425,63.30443],[15.72915,63.30818],[15.725,63.31265],[15.72174,63.32474],[15.71999,63.32754],[15.71832,63.32895],[15.71794,63.3304],[15.71088,63.33401],[15.70582,63.34013],[15.70448,63.34093],[15.69704,63.34242],[15.69517,63.3437],[15.69668,63.34539],[15.70072,63.34694],[15.70164,63.35017],[15.70405,63.3513],[15.70525,63.35274],[15.70528,63.3537],[15.70267,63.35678],[15.69929,63.35867],[15.69136,63.362],[15.68262,63.36725],[15.67726,63.36983],[15.67073,63.37121],[15.66612,63.37289],[15.66504,63.37433],[15.66512,63.37776],[15.66229,63.37926],[15.64956,63.38207],[15.64257,63.38624],[15.63889,63.3872],[15.63033,63.38755],[15.62159,63.38976],[15.60559,63.39727],[15.60255,63.39829],[15.58177,63.40287],[15.56632,63.40464],[15.56467,63.40533],[15.56218,63.40764],[15.56208,63.40868],[15.56601,63.41654],[15.57984,63.4145],[15.58187,63.41458],[15.5884,63.41591],[15.59394,63.41577],[15.60027,63.41495],[15.60816,63.41214],[15.61455,63.41103],[15.62328,63.40448],[15.63122,63.40002],[15.63483,63.39855],[15.64251,63.39622],[15.65136,63.39632],[15.67332,63.39146],[15.67856,63.39266],[15.69417,63.39339],[15.70826,63.39547],[15.72448,63.39485],[15.72906,63.39415],[15.73825,63.39376],[15.74598,63.39486],[15.75206,63.39459],[15.75179,63.39591],[15.74785,63.40111],[15.74322,63.40452],[15.72988,63.41072],[15.72776,63.41253],[15.71762,63.41383],[15.71363,63.41826],[15.70754,63.42347],[15.70692,63.42583],[15.71721,63.42544],[15.72024,63.42583],[15.73226,63.42544],[15.733,63.42526],[15.73199,63.42461],[15.73279,63.42411],[15.73519,63.4247],[15.73873,63.42459],[15.74088,63.42413],[15.74432,63.4243],[15.7474,63.424],[15.75429,63.42589],[15.75869,63.42644],[15.77055,63.42487],[15.77883,63.42313],[15.789,63.422],[15.80108,63.42249],[15.80752,63.42604],[15.8112,63.42654],[15.82077,63.42475],[15.82555,63.42292],[15.83956,63.41962],[15.84995,63.41837],[15.85578,63.41683],[15.85811,63.41667],[15.86816,63.41939],[15.87398,63.42006],[15.8759,63.4213],[15.8855,63.42422],[15.88891,63.4248],[15.89362,63.42484],[15.89695,63.42526],[15.90061,63.42845],[15.90201,63.42929],[15.90517,63.43015],[15.9366,63.43541],[15.94275,63.43564],[15.9446,63.436],[15.94631,63.43686],[15.94953,63.44066],[15.94563,63.44352],[15.9433,63.44449],[15.94137,63.45225],[15.94234,63.45759],[15.94035,63.45894],[15.92794,63.46284],[15.92559,63.46504],[15.92509,63.46717],[15.92383,63.46858],[15.92082,63.4704],[15.91788,63.47106],[15.91682,63.47299],[15.9152,63.47417],[15.91619,63.48095],[15.91957,63.48581],[15.91933,63.48747],[15.92318,63.49061],[15.92325,63.49535],[15.92184,63.49741],[15.92154,63.49993],[15.92361,63.50225],[15.92473,63.50551],[15.9187,63.51302],[15.91496,63.51502],[15.91034,63.51904],[15.9064,63.5264],[15.89626,63.53278],[15.89523,63.53624],[15.89333,63.53886],[15.89201,63.54253],[15.89357,63.54387],[15.89978,63.5459],[15.90321,63.54655],[15.87708,63.55173],[15.88169,63.55494],[15.88726,63.55667],[15.89291,63.55974],[15.89924,63.56188],[15.89934,63.56367],[15.90518,63.56799],[15.90276,63.57076],[15.89861,63.5733],[15.89755,63.57511],[15.89029,63.57697],[15.88642,63.57868],[15.88586,63.58081],[15.889,63.58263],[15.89474,63.58482],[15.90658,63.59252],[15.91074,63.59417],[15.91297,63.59589],[15.91796,63.59784],[15.92365,63.6036],[15.92552,63.60645],[15.93194,63.61035],[15.93418,63.6131],[15.94116,63.61774],[15.94111,63.6198],[15.94248,63.62303],[15.94701,63.62686],[15.94771,63.62808],[15.94739,63.63018],[15.94849,63.63106],[15.95474,63.6331],[15.95608,63.63462],[15.95598,63.63776],[15.96101,63.64073],[15.96738,63.64641],[15.9683,63.64805],[15.96808,63.65108],[15.96733,63.652],[15.96354,63.65376],[15.96244,63.65481],[15.96499,63.65848],[15.96597,63.65906],[15.97238,63.65762],[15.98818,63.65608],[15.98882,63.65834],[15.99224,63.66124],[15.99367,63.66323],[15.99367,63.6662],[15.99614,63.6691],[16.00003,63.67147],[16.00207,63.67207],[16.00322,63.67308],[16.00316,63.67515],[16.00536,63.67732],[16.00768,63.67828],[16.01382,63.67948],[16.01567,63.68035],[16.01877,63.6855],[16.02381,63.68834],[16.0248,63.69077],[16.02751,63.69127],[16.03096,63.69116],[16.03476,63.69159],[16.04121,63.6938],[16.04549,63.69832],[16.0504,63.70143],[16.05514,63.70115],[16.05731,63.70138],[16.06756,63.70331],[16.07941,63.70638],[16.08441,63.70693],[16.08617,63.70777],[16.08695,63.70879],[16.08549,63.71086],[16.08335,63.71133],[16.08107,63.71114],[16.07908,63.71141],[16.07478,63.71652],[16.07287,63.72101],[16.08969,63.72289],[16.09764,63.72514],[16.09976,63.7267],[16.10169,63.72703],[16.12523,63.72792],[16.12786,63.72932],[16.12856,63.73123],[16.1299,63.73201],[16.13401,63.73242],[16.14455,63.72847],[16.157,63.7213],[16.17272,63.71712],[16.18932,63.71699],[16.20571,63.71464],[16.21505,63.71397],[16.21716,63.71427],[16.22004,63.71567],[16.22243,63.71608],[16.23435,63.71655],[16.23861,63.71928],[16.23902,63.72143],[16.2372,63.72486],[16.23763,63.72783],[16.23878,63.73004],[16.2379,63.73416],[16.24024,63.73647],[16.24141,63.73722],[16.2493,63.73934],[16.25109,63.741],[16.2538,63.74245],[16.25435,63.74336],[16.25684,63.74451],[16.27031,63.74624],[16.27439,63.74574],[16.27981,63.74875],[16.28072,63.75001],[16.28769,63.75175],[16.29139,63.75322],[16.29278,63.75394],[16.29619,63.75742],[16.29968,63.75857],[16.3028,63.7628],[16.3055,63.76357],[16.30487,63.76624],[16.30712,63.76678],[16.31105,63.76629],[16.31453,63.76539],[16.31604,63.76598],[16.31983,63.76824],[16.31731,63.76978],[16.31615,63.77281],[16.31219,63.77577],[16.31203,63.77678],[16.31324,63.77767],[16.31491,63.77818],[16.32094,63.77822],[16.32891,63.77908],[16.34851,63.77693],[16.35208,63.77791],[16.356,63.78017],[16.36763,63.7833],[16.37907,63.78486],[16.38615,63.78448],[16.3882,63.78471],[16.39091,63.78679],[16.39286,63.79225],[16.39531,63.79397],[16.39989,63.79959],[16.40206,63.79946],[16.40413,63.79979],[16.4121,63.80285],[16.41317,63.80362],[16.4127,63.80451],[16.40694,63.80776],[16.40613,63.80877],[16.40627,63.80977],[16.40732,63.81056],[16.41354,63.81106],[16.41497,63.81184],[16.41635,63.81355],[16.42214,63.81066],[16.43315,63.80621],[16.43471,63.80626],[16.44235,63.80795],[16.45043,63.80873],[16.45619,63.8102],[16.46903,63.81633],[16.4725,63.81745],[16.48013,63.81756],[16.48311,63.81863],[16.491,63.8199],[16.49937,63.8191],[16.50764,63.82068],[16.51564,63.82307],[16.52563,63.82493],[16.52998,63.82509],[16.54195,63.82397],[16.55109,63.82414],[16.56169,63.82661],[16.57391,63.82748],[16.57734,63.8287],[16.58009,63.83344],[16.58685,63.83799],[16.60034,63.84253],[16.60891,63.84667],[16.61854,63.84667],[16.62563,63.84919],[16.64592,63.8412],[16.65035,63.84033],[16.6603,63.83685],[16.66901,63.83558],[16.67093,63.83675],[16.67133,63.83768],[16.66825,63.84449],[16.66628,63.85341],[16.66238,63.85717],[16.65315,63.86806],[16.64243,63.87533],[16.63823,63.88062],[16.63407,63.88465],[16.62223,63.89487],[16.62159,63.89841],[16.63273,63.90724],[16.63309,63.90814],[16.63154,63.91039],[16.63221,63.91126],[16.64,63.91494],[16.65652,63.92606],[16.66073,63.92782],[16.68267,63.93149],[16.69382,63.93531],[16.69735,63.93757],[16.69774,63.9392],[16.69329,63.94388],[16.6857,63.95027],[16.68548,63.95248],[16.69489,63.96084],[16.69608,63.96473],[16.69863,63.96592],[16.7075,63.96754],[16.71762,63.96793],[16.72341,63.96882],[16.73654,63.97161],[16.74094,63.97388],[16.74257,63.97537],[16.74271,63.97739],[16.7416,63.98434],[16.73812,63.98983],[16.73845,63.99282],[16.73955,63.99473],[16.74428,63.99721],[16.74823,63.99789],[16.75046,63.99789],[16.75515,63.99908],[16.76233,64.00235],[16.76598,64.00259],[16.76906,64.00176],[16.77233,64.00222],[16.77885,64.00832],[16.78836,64.0101],[16.79606,64.01375],[16.79627,64.01467],[16.78917,64.02608],[16.7965,64.02863],[16.80247,64.0323],[16.80964,64.03511],[16.81178,64.03666],[16.81437,64.03916],[16.81583,64.04404],[16.81802,64.04636],[16.8187,64.04811],[16.82381,64.05316],[16.82424,64.05444],[16.8227,64.06018],[16.81845,64.07045],[16.82412,64.07493],[16.82977,64.07831],[16.8312,64.08341],[16.83057,64.08476],[16.82914,64.08547],[16.81157,64.09258],[16.81156,64.09415],[16.81621,64.09958],[16.81802,64.10378],[16.82066,64.10442],[16.83485,64.10399],[16.85043,64.1014],[16.85736,64.09778],[16.85814,64.09664],[16.85903,64.09082],[16.86027,64.08961],[16.87592,64.08477],[16.8885,64.08202],[16.89258,64.08191],[16.90844,64.0833],[16.92147,64.081],[16.93357,64.08033],[16.94012,64.0829],[16.94378,64.08318],[16.94997,64.08291],[16.96289,64.08146],[16.9713,64.08205],[16.97049,64.08061],[16.97553,64.07943],[16.98001,64.07896],[16.98948,64.07632],[17.02913,64.07008],[17.03501,64.0695],[17.04904,64.0669],[17.05402,64.0669],[17.06082,64.06465],[17.0684,64.06345],[17.07252,64.06319],[17.08078,64.06001],[17.08488,64.05967],[17.08795,64.06158],[17.08891,64.06302],[17.08511,64.06684],[17.08707,64.0681],[17.08958,64.07124],[17.08968,64.07222],[17.0873,64.07445],[17.07799,64.07969],[17.07788,64.08048],[17.07889,64.08087],[17.0861,64.08248],[17.09543,64.08364],[17.10346,64.08293],[17.11445,64.08532],[17.11813,64.08502],[17.13035,64.08596],[17.14601,64.08596],[17.15073,64.08721],[17.15391,64.08886],[17.15681,64.09184],[17.16326,64.09547],[17.16916,64.09778],[17.17706,64.09983],[17.18266,64.10182],[17.20308,64.11053],[17.21247,64.11072],[17.22051,64.10996],[17.22827,64.10984],[17.24039,64.11298],[17.24744,64.11926],[17.24543,64.1227],[17.24137,64.1257],[17.23701,64.13045],[17.23621,64.13313],[17.23668,64.13457],[17.24966,64.14795],[17.25035,64.14887],[17.24992,64.15147],[17.25914,64.16066],[17.27517,64.16754],[17.28583,64.16718],[17.31859,64.16199],[17.32801,64.15889],[17.34198,64.16006],[17.35292,64.16131],[17.35247,64.16249],[17.35576,64.16298],[17.36837,64.16724],[17.3727,64.16823],[17.42279,64.17767],[17.46132,64.18397],[17.46193,64.18217],[17.46328,64.18131],[17.46413,64.17875],[17.46573,64.17729],[17.46919,64.1758],[17.47359,64.17271],[17.47594,64.17167],[17.48062,64.17094],[17.48289,64.17099],[17.49186,64.17376],[17.4968,64.17366],[17.51953,64.17168],[17.52198,64.17098],[17.5411,64.15879],[17.55783,64.1542],[17.56521,64.15099],[17.57787,64.14987],[17.58494,64.1507],[17.587,64.15064],[17.60146,64.14785],[17.60656,64.14616],[17.61479,64.1443],[17.63624,64.14219],[17.65068,64.13897],[17.66915,64.13162],[17.6752,64.13028],[17.67946,64.12999],[17.68169,64.13038],[17.68383,64.13155],[17.69628,64.12921],[17.70491,64.12966],[17.72103,64.12894],[17.74131,64.1271],[17.75557,64.12442],[17.76559,64.12352],[17.77271,64.12215],[17.77627,64.12136],[17.78655,64.11775],[17.79521,64.11535],[17.79735,64.11551],[17.79836,64.11705],[17.79994,64.1177],[17.80791,64.11636],[17.81089,64.11895],[17.81009,64.12304],[17.81973,64.12463],[17.81334,64.12862],[17.80735,64.13126],[17.80966,64.13219],[17.81554,64.13296],[17.8175,64.13407],[17.82191,64.13762],[17.82223,64.13979],[17.82338,64.14125],[17.83014,64.14139],[17.83278,64.14196],[17.83439,64.14397],[17.84011,64.14489],[17.84236,64.14611],[17.84466,64.14958],[17.84429,64.15136],[17.84551,64.15574],[17.854,64.15565],[17.85544,64.15907],[17.85517,64.16017],[17.84794,64.16543],[17.84282,64.17053],[17.8423,64.17331],[17.84079,64.17453],[17.83836,64.181],[17.83882,64.18234],[17.84177,64.18322],[17.84365,64.18655],[17.84641,64.18825],[17.85014,64.1895],[17.85427,64.18987],[17.86006,64.18953],[17.86716,64.19118],[17.87113,64.19173],[17.88296,64.18933],[17.88355,64.18795],[17.8812,64.18697],[17.88269,64.18583],[17.8861,64.18457],[17.88962,64.18407],[17.8965,64.18217],[17.90523,64.18114],[17.91074,64.17873],[17.92012,64.1773],[17.92948,64.1767],[17.93305,64.17607],[17.93717,64.17661],[17.94616,64.1787],[17.94984,64.17834],[17.95885,64.17843],[17.96211,64.17903],[17.96621,64.17841],[17.97067,64.17861],[17.97496,64.17834],[17.97815,64.17698],[17.98374,64.17559],[17.98829,64.1737],[17.99736,64.1711],[18.00115,64.16736],[18.00183,64.16594],[18.01865,64.15681],[18.02174,64.15735],[18.02647,64.15961],[18.02674,64.16716],[18.031,64.17264],[18.03159,64.17456],[18.02994,64.17866],[18.03152,64.18016],[18.0339,64.18134],[18.0374,64.18486],[18.04408,64.18717],[18.04902,64.19049],[18.04998,64.19194],[18.04875,64.19626],[18.04992,64.19756],[18.05242,64.19843],[18.05531,64.19866],[18.06109,64.19601],[18.06745,64.19407],[18.07099,64.19361],[18.07848,64.19439],[18.08567,64.19726],[18.09024,64.19814],[18.08886,64.19975],[18.09116,64.2003],[18.094,64.20008],[18.10882,64.19684],[18.11238,64.19676],[18.12198,64.19894],[18.12728,64.1981],[18.13571,64.19749],[18.15982,64.19758],[18.16237,64.19729],[18.17985,64.19236],[18.19107,64.19085],[18.19733,64.18886],[18.1996,64.1877],[18.20026,64.1862],[18.2022,64.18481],[18.20692,64.1833],[18.21056,64.18259],[18.21759,64.18182],[18.22171,64.18187],[18.23284,64.183],[18.2413,64.18182],[18.25731,64.18246],[18.26299,64.18216],[18.26483,64.18377],[18.2712,64.18306],[18.27483,64.18176],[18.27848,64.18176],[18.2817,64.18232],[18.28921,64.17965],[18.29889,64.17694],[18.30279,64.17757],[18.30677,64.17889],[18.31519,64.18349],[18.31411,64.18784],[18.31296,64.18948],[18.30865,64.1922],[18.30226,64.19517],[18.30404,64.19674],[18.30781,64.19678],[18.3119,64.19731],[18.31404,64.20031],[18.31717,64.20262],[18.32246,64.20484],[18.33126,64.20623],[18.33078,64.21397],[18.33553,64.21708],[18.33987,64.22357],[18.33954,64.22453],[18.33411,64.22958],[18.33356,64.2325],[18.33501,64.23488],[18.33939,64.23815],[18.33798,64.2408],[18.33389,64.24503],[18.32486,64.24982],[18.31526,64.254],[18.3122,64.25462],[18.30973,64.25733],[18.30519,64.26447],[18.29523,64.27124],[18.28622,64.27499],[18.28016,64.27678],[18.27797,64.27801],[18.27864,64.28533],[18.2819,64.28867],[18.28596,64.29085],[18.28281,64.29432],[18.2887,64.29753],[18.28723,64.30317],[18.2879,64.30486],[18.30949,64.31751],[18.32744,64.32222],[18.33245,64.32221],[18.33923,64.32131],[18.34289,64.32203],[18.35304,64.32765],[18.36381,64.3285],[18.36874,64.33063],[18.37169,64.33094],[18.37544,64.33051],[18.38257,64.32869],[18.38693,64.32817],[18.39951,64.32862],[18.40715,64.33002],[18.411,64.32971],[18.41864,64.33001],[18.4198,64.33136],[18.42742,64.33451],[18.43659,64.33614],[18.44024,64.33791],[18.44739,64.3392],[18.45517,64.33965],[18.45899,64.34052],[18.46486,64.34357],[18.47153,64.34462],[18.49041,64.34264],[18.49983,64.34314],[18.51861,64.34843],[18.53475,64.34448],[18.54628,64.34276],[18.55223,64.34005],[18.56719,64.33533],[18.57402,64.33537],[18.57707,64.33482],[18.58486,64.33213],[18.5925,64.33052],[18.61205,64.32821],[18.61319,64.32227],[18.61696,64.31965],[18.62161,64.31528],[18.62842,64.31721],[18.63168,64.3169],[18.63688,64.31564],[18.64424,64.31655],[18.64959,64.31489],[18.65542,64.31127],[18.659,64.31047],[18.67591,64.31076],[18.68668,64.31047],[18.68981,64.31084],[18.69558,64.31318],[18.70247,64.31495],[18.70474,64.31591],[18.70905,64.32037],[18.71149,64.32073],[18.71675,64.32075],[18.71907,64.32019],[18.72423,64.31857],[18.73025,64.31563],[18.73475,64.31418],[18.74541,64.3114],[18.75525,64.30955],[18.76028,64.30723],[18.76306,64.30544],[18.7634,64.30444],[18.77164,64.30219],[18.77309,64.29971],[18.77675,64.29739],[18.80194,64.29113],[18.80547,64.2887],[18.81302,64.2858],[18.81832,64.28541],[18.81986,64.28639],[18.82131,64.28633],[18.82211,64.28532],[18.82585,64.28325],[18.83722,64.28087],[18.84052,64.27964],[18.84466,64.27721],[18.84481,64.27582],[18.85477,64.26924],[18.85626,64.26703],[18.85732,64.26247],[18.85852,64.2603],[18.86517,64.25791],[18.86196,64.25505],[18.85865,64.25315],[18.85844,64.25124],[18.86618,64.24922],[18.8719,64.24852],[18.87686,64.24836],[18.88101,64.24883],[18.87446,64.25266],[18.87246,64.25442],[18.87232,64.26173],[18.87157,64.26355],[18.86081,64.27347],[18.85809,64.27665],[18.84849,64.28332],[18.83586,64.28984],[18.83159,64.2928],[18.82398,64.29542],[18.81523,64.29943],[18.8016,64.30053],[18.785,64.30441],[18.78091,64.31118],[18.77633,64.3152],[18.7741,64.32434],[18.77011,64.33085],[18.76718,64.33229],[18.75892,64.33975],[18.76072,64.34786],[18.7645,64.35107],[18.76626,64.35158],[18.77568,64.35133],[18.77899,64.35198],[18.78342,64.35371],[18.78461,64.35764],[18.78542,64.35844],[18.79033,64.3597],[18.79423,64.36663],[18.7942,64.36753],[18.79083,64.36977],[18.79098,64.37066],[18.79278,64.3713],[18.80456,64.37298],[18.80831,64.37486],[18.80772,64.37985],[18.80846,64.3808],[18.81447,64.38455],[18.81133,64.38768],[18.8107,64.3911],[18.81564,64.39317],[18.81695,64.39645],[18.81795,64.3972],[18.82145,64.39845],[18.82896,64.39936],[18.83016,64.4065],[18.82975,64.40859],[18.82831,64.41021],[18.82449,64.41259],[18.82344,64.41446],[18.82377,64.41549],[18.82615,64.41709],[18.83194,64.41893],[18.8353,64.42257],[18.83646,64.42669],[18.83517,64.43364],[18.84567,64.43452],[18.84791,64.43399],[18.85949,64.42403],[18.87174,64.41859],[18.88564,64.41753],[18.8901,64.4176],[18.89574,64.41684],[18.89639,64.42083],[18.88762,64.42802],[18.88553,64.43172],[18.88627,64.43281],[18.89065,64.43662],[18.89226,64.4396],[18.90166,64.44374],[18.90305,64.4467],[18.90416,64.44753],[18.90623,64.44793],[18.915,64.44752],[18.91696,64.44792],[18.91847,64.44874],[18.91916,64.44983],[18.91824,64.45079],[18.9134,64.45264],[18.91279,64.45347],[18.89011,64.45704],[18.88579,64.45836],[18.88359,64.45961],[18.87984,64.46296],[18.87835,64.46551],[18.87656,64.46678],[18.87677,64.46792],[18.87468,64.46934],[18.87399,64.47052],[18.87416,64.47171],[18.8794,64.47183],[18.88039,64.47236],[18.87889,64.47403],[18.8797,64.47455],[18.88145,64.47461],[18.88375,64.47396],[18.88681,64.47395],[18.90104,64.47519],[18.90228,64.47706],[18.90232,64.47902],[18.8967,64.48792],[18.89801,64.49955],[18.8971,64.50257],[18.8964,64.50375],[18.89343,64.50606],[18.88987,64.50759],[18.89102,64.50808],[18.89354,64.50816],[18.90152,64.50699],[18.91578,64.50648],[18.92452,64.50465],[18.93209,64.50378],[18.94114,64.5056],[18.95307,64.50656],[18.96146,64.50983],[18.96845,64.51169],[18.97904,64.51277],[18.98527,64.51235],[18.99191,64.51302],[19.00022,64.51319],[19.0011,64.51514],[18.99918,64.51737],[19.0017,64.52014],[19.00227,64.52159],[19.00709,64.52496],[19.00709,64.52985],[19.00661,64.53117],[19.00394,64.53406],[19.00363,64.53969],[18.99658,64.54644],[18.99774,64.55058],[18.99332,64.55586],[18.99572,64.55905],[19.0025,64.56415],[19.0027,64.56511],[19.00095,64.56747],[19.00526,64.57121],[19.00846,64.57168],[19.01472,64.57153],[19.01877,64.57271],[19.01997,64.57592],[19.01736,64.57811],[19.01967,64.58041],[19.02126,64.58058],[19.02541,64.58011],[19.02909,64.579],[19.03279,64.57941],[19.03536,64.57931],[19.04251,64.58068],[19.0508,64.58044],[19.05793,64.57933],[19.07281,64.58085],[19.07606,64.58277],[19.07971,64.58422],[19.07931,64.58756],[19.082,64.5894],[19.08866,64.59089],[19.08966,64.59174],[19.08924,64.59399],[19.09352,64.59617],[19.10938,64.59594],[19.12243,64.5983],[19.12699,64.6001],[19.13079,64.60077],[19.1409,64.60347],[19.15951,64.60302],[19.16169,64.60402],[19.16352,64.60638],[19.17006,64.60768],[19.17648,64.60717],[19.18877,64.60438],[19.19801,64.60308],[19.20728,64.59993],[19.21846,64.59534],[19.22312,64.59503],[19.22662,64.59431],[19.23021,64.59422],[19.23798,64.59199],[19.24052,64.59215],[19.24186,64.5931],[19.24123,64.59382],[19.24164,64.59488],[19.23949,64.59622],[19.23537,64.59735],[19.23235,64.59749],[19.23156,64.59849],[19.2267,64.60093],[19.21567,64.60306],[19.21243,64.60491],[19.20679,64.60673],[19.20451,64.60893],[19.20047,64.61153],[19.19921,64.61303],[19.20035,64.61584],[19.19957,64.61693],[19.20033,64.61801],[19.19949,64.61965],[19.19474,64.62219],[19.19557,64.62318],[19.19449,64.62443],[19.18765,64.62668],[19.18245,64.6313],[19.18259,64.63216],[19.19719,64.63471],[19.20322,64.6379],[19.20707,64.64058],[19.21016,64.64104],[19.21207,64.64184],[19.20647,64.64486],[19.20446,64.65155],[19.197,64.65759],[19.19443,64.65834],[19.18866,64.6585],[19.18575,64.65931],[19.18417,64.65932],[19.17973,64.65741],[19.16014,64.65292],[19.15577,64.65237],[19.15212,64.65242],[19.15084,64.65261],[19.14875,64.65418],[19.14677,64.65476],[19.13712,64.6551],[19.13015,64.65655],[19.12504,64.65819],[19.12093,64.66111],[19.12038,64.66601],[19.11909,64.66977],[19.11937,64.67212],[19.13377,64.68825],[19.13586,64.6895],[19.15195,64.6947],[19.1393,64.69852],[19.12954,64.70281],[19.12031,64.70591],[19.11209,64.70968],[19.09047,64.71765],[19.08873,64.7191],[19.08761,64.7233],[19.08644,64.7247],[19.0838,64.72603],[19.07689,64.72816],[19.07871,64.73049],[19.07324,64.73267],[19.06909,64.73509],[19.06294,64.73771],[19.05678,64.7387],[19.0365,64.74894],[19.03231,64.75118],[19.02883,64.75396],[19.02156,64.75738],[19.00762,64.76039],[18.99657,64.768],[18.98721,64.77372],[18.98573,64.77755],[18.97779,64.77995],[18.9591,64.78825],[18.95182,64.78992],[18.94387,64.79062],[18.93636,64.79235],[18.92636,64.79659],[18.91714,64.79823],[18.91197,64.80022],[18.8969,64.8044],[18.88459,64.8058],[18.85597,64.81084],[18.83542,64.81258],[18.83212,64.81219],[18.82691,64.81092],[18.82338,64.81467],[18.82021,64.81614],[18.80255,64.81721],[18.79847,64.81779],[18.793,64.82011],[18.78954,64.82109],[18.79938,64.82556],[18.79229,64.82757],[18.78495,64.83041],[18.77246,64.8374],[18.76908,64.83671],[18.77154,64.83753],[18.7633,64.84358],[18.76123,64.84705],[18.76139,64.84853],[18.75786,64.85229],[18.75686,64.85282],[18.75406,64.85287],[18.7528,64.85244],[18.74895,64.85309],[18.72914,64.85859],[18.72531,64.86094],[18.72088,64.86518],[18.72191,64.86771],[18.72374,64.87001],[18.73014,64.8743],[18.73344,64.87892],[18.73508,64.87908],[18.73537,64.87834],[18.73849,64.88077],[18.7391,64.88248],[18.73719,64.88537],[18.73418,64.88716],[18.73101,64.8869],[18.72721,64.88894],[18.71973,64.89169],[18.70105,64.90113],[18.68658,64.90464],[18.67704,64.90783],[18.67892,64.90996],[18.67912,64.91456],[18.6814,64.91791],[18.68594,64.91938],[18.68703,64.92154],[18.69323,64.9249],[18.69341,64.92926],[18.6894,64.93775],[18.69114,64.94341],[18.69186,64.94406],[18.70156,64.94741],[18.70545,64.94776],[18.71271,64.94924],[18.71587,64.95064],[18.71707,64.95165],[18.71744,64.95279],[18.71306,64.95886],[18.71973,64.96709],[18.71336,64.97627],[18.71405,64.98462],[18.70902,64.99046],[18.70627,64.99619],[18.70654,64.99792],[18.70909,65.00139],[18.70991,65.00456],[18.73484,65.02433],[18.74429,65.02778],[18.74768,65.0317],[18.76307,65.04457],[18.77932,65.04901],[18.7818,65.04904],[18.82389,65.0443],[18.8257,65.04485],[18.82874,65.05078],[18.83579,65.06008],[18.83616,65.06148],[18.83368,65.06476],[18.8341,65.0717],[18.83582,65.07377],[18.83909,65.07675],[18.84431,65.07965],[18.84788,65.08419],[18.85696,65.08901],[18.86101,65.08991],[18.87042,65.09019],[18.87355,65.09082],[18.87736,65.09743],[18.87802,65.10231],[18.87898,65.10287],[18.89161,65.10596],[18.88716,65.1133],[18.87459,65.12256],[18.87253,65.12479],[18.88121,65.12471],[18.89545,65.12587],[18.90083,65.12802],[18.90765,65.12975],[18.92098,65.1299],[18.92901,65.12899],[18.93878,65.12915],[18.94255,65.12885],[18.94716,65.12786],[18.94895,65.12799],[18.95516,65.13118],[18.95673,65.13308],[18.95628,65.13375],[18.95528,65.13456],[18.94795,65.13768],[18.93774,65.15864],[18.93587,65.1596],[18.92837,65.16115],[18.9172,65.16055],[18.90209,65.16624],[18.89494,65.16812],[18.87881,65.17147],[18.87833,65.17218],[18.8804,65.17389],[18.88392,65.17476],[18.9052,65.176],[18.9089,65.17677],[18.91055,65.17759],[18.91172,65.17891],[18.91649,65.18105],[18.91739,65.18302],[18.91734,65.18619],[18.91915,65.18677],[18.92381,65.1867],[18.928,65.18617],[18.94112,65.18337],[18.98824,65.17612],[19.0037,65.17189],[19.0154,65.1682],[19.01822,65.16645],[19.02282,65.16458],[19.02984,65.16447],[19.04199,65.16251],[19.04551,65.16121],[19.05033,65.16036],[19.0575,65.158],[19.06354,65.15749],[19.07232,65.1577],[19.08078,65.15635],[19.08212,65.15598],[19.08376,65.15397],[19.08745,65.15164],[19.0935,65.14929],[19.10608,65.14857],[19.11947,65.14662],[19.13004,65.1439],[19.13845,65.14315],[19.14122,65.14221],[19.14454,65.13965],[19.15191,65.13821],[19.15493,65.13674],[19.15508,65.13602],[19.17018,65.13463],[19.17142,65.13525],[19.16774,65.14197],[19.16302,65.14385],[19.16348,65.14476],[19.1685,65.14854],[19.17158,65.15333],[19.16972,65.16237],[19.16715,65.16902],[19.16613,65.17087],[19.15941,65.17471],[19.15889,65.17665],[19.15952,65.17908],[19.1698,65.18734],[19.18066,65.19067],[19.19247,65.19865],[19.23612,65.1904],[19.24262,65.19299],[19.24329,65.19472],[19.24124,65.19909],[19.23754,65.21619],[19.23427,65.22026],[19.23136,65.22591],[19.23096,65.2281],[19.23191,65.23055],[19.23982,65.23407],[19.24079,65.23489],[19.2412,65.23644],[19.24502,65.23811],[19.24562,65.23888],[19.24232,65.2405],[19.24097,65.24182],[19.23954,65.24484],[19.24331,65.24753],[19.25243,65.24936],[19.24856,65.25247],[19.23588,65.26005],[19.2203,65.26674],[19.21734,65.26748],[19.21274,65.26708],[19.20909,65.2673],[19.18138,65.27876],[19.17128,65.28192],[19.16753,65.28207],[19.16635,65.28262],[19.16671,65.28335],[19.16718,65.28404],[19.17735,65.28717],[19.19397,65.28332],[19.19872,65.28279],[19.20309,65.28289],[19.20833,65.28369],[19.21341,65.28344],[19.21625,65.2826],[19.21896,65.2812],[19.22542,65.27932],[19.24161,65.27637],[19.26432,65.27387],[19.26979,65.27461],[19.27123,65.27775],[19.26466,65.28684],[19.26592,65.2949],[19.26802,65.29679],[19.27236,65.29889],[19.27693,65.30022],[19.27978,65.30222],[19.28734,65.30357],[19.28809,65.3067],[19.28796,65.31155],[19.27922,65.31516],[19.27238,65.32357],[19.27674,65.35756],[19.28296,65.35762],[19.28817,65.35857],[19.29045,65.3596],[19.29324,65.36479],[19.29261,65.36734],[19.29324,65.37151],[19.2944,65.37376],[19.29693,65.37651],[19.31798,65.37344],[19.32798,65.37082],[19.33534,65.3679],[19.34263,65.3658],[19.34761,65.36288],[19.35458,65.36254],[19.36606,65.36355],[19.37235,65.36453],[19.37497,65.36554],[19.38177,65.36612],[19.38314,65.3667],[19.38398,65.3687],[19.38544,65.37007],[19.39162,65.3714],[19.3945,65.37393],[19.39928,65.3753],[19.40527,65.3764],[19.42509,65.3779],[19.43179,65.38011],[19.43408,65.38041],[19.43775,65.37957],[19.44183,65.37975],[19.44486,65.37938],[19.44657,65.37835],[19.44941,65.37507],[19.45142,65.37408],[19.46767,65.37163],[19.4684,65.37181],[19.46934,65.37138],[19.47558,65.36773],[19.47923,65.3647],[19.4844,65.35724],[19.48513,65.35726],[19.48897,65.35556],[19.50172,65.35249],[19.50438,65.35142],[19.50513,65.35054],[19.51567,65.352],[19.51966,65.35333],[19.52466,65.35803],[19.52472,65.36016],[19.53373,65.3655],[19.533,65.36661],[19.52183,65.36945],[19.52399,65.37114],[19.52614,65.37206],[19.53129,65.3726],[19.54914,65.37264],[19.54901,65.377],[19.55335,65.37947],[19.55461,65.38168],[19.56335,65.38563],[19.56511,65.3879],[19.57098,65.3929],[19.57287,65.39773],[19.57618,65.40264],[19.58386,65.40889],[19.59079,65.40747],[19.62019,65.39923],[19.63971,65.38771],[19.64489,65.38668],[19.64828,65.38537],[19.66242,65.38176],[19.66748,65.38344],[19.67527,65.38769],[19.68252,65.38979],[19.69694,65.39629],[19.69992,65.3991],[19.701,65.40264],[19.69992,65.4053],[19.69572,65.41017],[19.7067,65.41105]]}},{"type":"Feature","properties":{"name":"TET_S-05_20260801","country":"SE","lengthKm":492.7},"geometry":{"type":"LineString","coordinates":[[13.3956,56.52382],[13.40643,56.5268],[13.4125,56.52914],[13.42077,56.53116],[13.42879,56.53118],[13.43115,56.53084],[13.44233,56.5426],[13.4413,56.54281],[13.43941,56.54459],[13.43594,56.54678],[13.43536,56.54818],[13.43662,56.55367],[13.43478,56.55635],[13.43473,56.55764],[13.43369,56.55927],[13.43549,56.55977],[13.43632,56.56094],[13.43758,56.56058],[13.43881,56.56073],[13.43858,56.56208],[13.43924,56.5629],[13.437,56.56523],[13.43509,56.56519],[13.43226,56.56609],[13.42841,56.56603],[13.42706,56.56659],[13.42466,56.56655],[13.42276,56.57075],[13.42351,56.57292],[13.42828,56.57425],[13.43463,56.57725],[13.4387,56.58193],[13.44334,56.58165],[13.44491,56.58287],[13.4504,56.5847],[13.45411,56.58485],[13.45671,56.58435],[13.4599,56.58506],[13.46443,56.58356],[13.47016,56.58358],[13.47347,56.58309],[13.47739,56.58307],[13.48014,56.58253],[13.48441,56.58579],[13.49312,56.58998],[13.49741,56.59122],[13.49512,56.59231],[13.49863,56.5949],[13.50102,56.5979],[13.50993,56.60064],[13.51147,56.60208],[13.51185,56.60446],[13.50744,56.60779],[13.50639,56.61003],[13.5085,56.61223],[13.50878,56.61587],[13.50735,56.61798],[13.50025,56.61928],[13.4991,56.62077],[13.49642,56.62261],[13.49594,56.6236],[13.49441,56.62414],[13.4947,56.62512],[13.49326,56.62566],[13.49345,56.62818],[13.48904,56.62741],[13.48674,56.62737],[13.48125,56.6255],[13.47883,56.6253],[13.47092,56.62361],[13.46359,56.62449],[13.45625,56.62388],[13.45199,56.62419],[13.44719,56.62387],[13.44689,56.62552],[13.44397,56.62701],[13.44585,56.62992],[13.44389,56.63213],[13.43909,56.63517],[13.43759,56.63525],[13.4366,56.63459],[13.43465,56.63424],[13.43308,56.63437],[13.42134,56.63907],[13.41771,56.6422],[13.41817,56.64303],[13.41777,56.64465],[13.41604,56.64788],[13.41386,56.65042],[13.41294,56.65077],[13.40782,56.6505],[13.40477,56.65073],[13.40323,56.65104],[13.39774,56.65353],[13.39622,56.65465],[13.38854,56.65385],[13.38682,56.65512],[13.38669,56.65761],[13.38819,56.65873],[13.38806,56.66209],[13.3857,56.66171],[13.3845,56.66188],[13.38184,56.6651],[13.37867,56.66525],[13.37952,56.66888],[13.38025,56.66971],[13.37701,56.66926],[13.3733,56.67072],[13.37201,56.67544],[13.37313,56.67628],[13.37259,56.67864],[13.37388,56.68136],[13.37377,56.68338],[13.3691,56.68499],[13.36298,56.68802],[13.3618,56.69001],[13.35993,56.69108],[13.35583,56.69173],[13.34871,56.69194],[13.34646,56.69332],[13.34311,56.69377],[13.33899,56.69374],[13.33109,56.69619],[13.32837,56.69825],[13.3282,56.69877],[13.33086,56.70156],[13.33099,56.7028],[13.33257,56.70473],[13.34311,56.71031],[13.3503,56.7119],[13.35317,56.71559],[13.36461,56.7196],[13.36607,56.72173],[13.36862,56.72402],[13.36875,56.72486],[13.35925,56.7246],[13.34594,56.72196],[13.32579,56.72063],[13.3389,56.73095],[13.33938,56.73209],[13.3388,56.73374],[13.34367,56.73606],[13.34603,56.73773],[13.34783,56.73825],[13.34895,56.73945],[13.34656,56.74057],[13.34498,56.74061],[13.3373,56.73887],[13.33017,56.74003],[13.3282,56.74102],[13.3256,56.74157],[13.32305,56.74175],[13.31587,56.73912],[13.31512,56.73935],[13.31364,56.73896],[13.31354,56.73845],[13.31077,56.73816],[13.30477,56.7363],[13.29627,56.73535],[13.29541,56.73681],[13.29646,56.73926],[13.29582,56.73962],[13.29393,56.73966],[13.29183,56.74084],[13.29017,56.74067],[13.28934,56.73994],[13.28633,56.73979],[13.28483,56.74031],[13.27914,56.73951],[13.27666,56.7399],[13.27526,56.74052],[13.27069,56.74505],[13.27187,56.74784],[13.27142,56.74915],[13.27219,56.75082],[13.27138,56.75413],[13.26902,56.75799],[13.26833,56.76037],[13.26595,56.76297],[13.26554,56.76415],[13.26028,56.76591],[13.26084,56.77046],[13.25651,56.77187],[13.25419,56.7731],[13.25155,56.77593],[13.2484,56.77754],[13.24749,56.77988],[13.24962,56.77988],[13.25342,56.78071],[13.26249,56.78024],[13.26475,56.78123],[13.26751,56.7835],[13.27412,56.78406],[13.2805,56.78565],[13.28616,56.78616],[13.2918,56.7882],[13.29736,56.78807],[13.30193,56.78863],[13.30326,56.78897],[13.30537,56.79041],[13.30386,56.79067],[13.29826,56.79397],[13.29801,56.79507],[13.29539,56.79678],[13.29028,56.80372],[13.27681,56.80846],[13.2752,56.80942],[13.27301,56.80996],[13.27153,56.80947],[13.27033,56.80966],[13.27365,56.81455],[13.27693,56.81612],[13.277,56.81749],[13.28086,56.82039],[13.28133,56.82178],[13.28099,56.82337],[13.27878,56.82348],[13.27494,56.82468],[13.27138,56.82496],[13.26972,56.82665],[13.26775,56.82723],[13.26256,56.82768],[13.25702,56.82938],[13.2532,56.82938],[13.25337,56.83264],[13.25567,56.83502],[13.25464,56.8367],[13.25112,56.8379],[13.25041,56.83901],[13.24739,56.83972],[13.24625,56.83828],[13.24033,56.83815],[13.23853,56.83899],[13.2388,56.84002],[13.23698,56.8418],[13.23383,56.84303],[13.23273,56.84386],[13.22979,56.84418],[13.22771,56.84624],[13.22175,56.84781],[13.22239,56.84871],[13.22123,56.85152],[13.22351,56.85324],[13.22393,56.85425],[13.22301,56.85485],[13.2205,56.85474],[13.21853,56.85412],[13.21432,56.85414],[13.21044,56.85283],[13.21033,56.85341],[13.20846,56.85343],[13.20368,56.85234],[13.20102,56.85266],[13.19623,56.85227],[13.19284,56.85167],[13.18926,56.85032],[13.18694,56.85009],[13.18231,56.84878],[13.18031,56.84747],[13.17887,56.8479],[13.17641,56.84785],[13.16203,56.84948],[13.16623,56.85474],[13.16248,56.85811],[13.16132,56.86069],[13.16342,56.86412],[13.16368,56.86646],[13.16508,56.86826],[13.16357,56.87015],[13.16424,56.87169],[13.16171,56.87626],[13.16317,56.87725],[13.16242,56.8804],[13.16276,56.88212],[13.16514,56.88403],[13.16559,56.88575],[13.1669,56.88689],[13.16596,56.88882],[13.1678,56.89214],[13.16718,56.89716],[13.16053,56.89965],[13.1557,56.9004],[13.15349,56.90126],[13.14641,56.90287],[13.13946,56.90899],[13.13482,56.91186],[13.1342,56.91263],[13.13486,56.91392],[13.13454,56.91497],[13.13004,56.91817],[13.12669,56.92553],[13.12426,56.92753],[13.12265,56.92967],[13.12119,56.93029],[13.12214,56.93308],[13.11894,56.93512],[13.11716,56.93703],[13.118,56.94059],[13.11707,56.94218],[13.11774,56.94454],[13.11446,56.94527],[13.1154,56.95091],[13.11135,56.95336],[13.10663,56.95553],[13.1065,56.95643],[13.10392,56.95858],[13.09656,56.95716],[13.09105,56.95757],[13.08789,56.95705],[13.08326,56.958],[13.08079,56.95748],[13.08006,56.9581],[13.07628,56.9587],[13.06214,56.96282],[13.05397,56.9604],[13.04785,56.95948],[13.04124,56.95939],[13.03367,56.96008],[13.03303,56.96235],[13.02646,56.9654],[13.01779,56.96838],[13.01264,56.96926],[13.00588,56.97218],[13.00153,56.97349],[12.99479,56.9743],[12.98414,56.9733],[12.97796,56.97321],[12.97891,56.97574],[12.97842,56.97709],[12.97584,56.97887],[12.97468,56.97915],[12.9717,56.97883],[12.97129,56.97999],[12.96957,56.981],[12.96554,56.98688],[12.96333,56.99153],[12.96365,56.99284],[12.96134,56.99355],[12.95728,56.99301],[12.95475,56.99317],[12.95084,56.99505],[12.94992,56.99606],[12.94994,56.99761],[12.95224,56.99907],[12.954,57.00119],[12.95691,57.00299],[12.9587,57.00359],[12.95848,57.0051],[12.95938,57.00788],[12.95773,57.01063],[12.96063,57.01314],[12.96839,57.01623],[12.96932,57.01784],[12.96816,57.01909],[12.96848,57.02269],[12.9632,57.02778],[12.95707,57.03226],[12.95496,57.03962],[12.9478,57.04565],[12.94526,57.0485],[12.95091,57.04941],[12.95816,57.05183],[12.96241,57.05449],[12.96382,57.05481],[12.96743,57.05745],[12.967,57.05902],[12.9679,57.05973],[12.96962,57.06007],[12.96949,57.06119],[12.97187,57.06222],[12.97374,57.06395],[12.97975,57.06745],[12.98226,57.06818],[12.98502,57.07211],[12.98923,57.07458],[12.98972,57.07539],[12.98934,57.077],[12.98653,57.07908],[12.98477,57.08209],[12.98013,57.08187],[12.97681,57.0829],[12.97234,57.08185],[12.97131,57.08116],[12.97013,57.08142],[12.97022,57.08202],[12.96921,57.0829],[12.96792,57.08312],[12.9644,57.08146],[12.96243,57.08273],[12.95595,57.08397],[12.95275,57.08528],[12.95344,57.08775],[12.95434,57.08872],[12.95649,57.08979],[12.96226,57.0914],[12.9661,57.09361],[12.96932,57.09477],[12.97078,57.09582],[12.97099,57.09738],[12.97445,57.10045],[12.9729,57.10329],[12.96977,57.10455],[12.96897,57.10562],[12.96724,57.10597],[12.96524,57.10964],[12.96073,57.10968],[12.95889,57.1108],[12.95638,57.11103],[12.95567,57.1117],[12.95273,57.1126],[12.95215,57.11333],[12.95325,57.11481],[12.9531,57.11672],[12.9484,57.11957],[12.94719,57.12236],[12.94692,57.1297],[12.95108,57.13526],[12.9514,57.13927],[12.95043,57.14193],[12.94777,57.14532],[12.94273,57.14867],[12.93595,57.14914],[12.93142,57.15036],[12.92797,57.15294],[12.92589,57.15365],[12.92288,57.15667],[12.91947,57.15815],[12.91494,57.1612],[12.91024,57.16141],[12.90763,57.16221],[12.90658,57.16384],[12.90743,57.1659],[12.90499,57.16665],[12.90443,57.16725],[12.90477,57.16968],[12.90151,57.17367],[12.90055,57.17684],[12.90207,57.18021],[12.90061,57.18536],[12.90306,57.18791],[12.90252,57.18982],[12.89825,57.19197],[12.89698,57.19375],[12.89402,57.19564],[12.89076,57.19637],[12.88816,57.19856],[12.88522,57.20309],[12.88347,57.20373],[12.88209,57.20572],[12.87692,57.20791],[12.86956,57.21272],[12.86563,57.21457],[12.86244,57.21783],[12.86239,57.21907],[12.86763,57.22615],[12.86789,57.22924],[12.87115,57.23581],[12.87394,57.23735],[12.87909,57.23834],[12.88207,57.23677],[12.88321,57.23467],[12.88647,57.23486],[12.8881,57.23416],[12.89201,57.23396],[12.90035,57.23259],[12.90353,57.23135],[12.90535,57.23111],[12.90724,57.2298],[12.90943,57.22937],[12.90853,57.2263],[12.9067,57.22452],[12.91252,57.22289],[12.91559,57.22036],[12.92179,57.21823],[12.92696,57.21866],[12.92896,57.21944],[12.93001,57.22062],[12.93383,57.22132],[12.93449,57.22188],[12.94273,57.22401],[12.94728,57.22671],[12.95449,57.22804],[12.96131,57.23205],[12.96378,57.23199],[12.97009,57.23366],[12.97185,57.2333],[12.97762,57.24373],[12.97827,57.246],[12.97719,57.24733],[12.98095,57.25031],[12.985,57.25538],[12.9906,57.25885],[12.99228,57.26254],[12.9908,57.26598],[12.99127,57.26945],[12.99071,57.27076],[12.98676,57.27083],[12.98307,57.27239],[12.98174,57.27334],[12.98026,57.27548],[12.97824,57.27578],[12.97859,57.27741],[12.977,57.27909],[12.97657,57.28059],[12.98043,57.28132],[12.98166,57.28222],[12.98204,57.28368],[12.98153,57.28872],[12.97891,57.29203],[12.97357,57.2943],[12.97241,57.29557],[12.97262,57.29703],[12.97344,57.29784],[12.9732,57.29907],[12.97157,57.30061],[12.97166,57.30194],[12.96927,57.30561],[12.96837,57.3064],[12.96719,57.30666],[12.96736,57.309],[12.96541,57.31063],[12.96539,57.31248],[12.9637,57.3146],[12.96217,57.31522],[12.96082,57.31449],[12.95964,57.31441],[12.95782,57.31531],[12.95342,57.31572],[12.95155,57.31524],[12.949,57.31357],[12.94857,57.31248],[12.94644,57.31059],[12.93876,57.31048],[12.93647,57.30988],[12.93078,57.30941],[12.92945,57.31117],[12.92803,57.31207],[12.92657,57.31241],[12.92138,57.31246],[12.9199,57.31316],[12.91902,57.31424],[12.91638,57.31509],[12.91578,57.31572],[12.91409,57.31615],[12.9113,57.31608],[12.90675,57.31816],[12.90769,57.31846],[12.90977,57.31816],[12.91939,57.32029],[12.92089,57.32269],[12.92293,57.32464],[12.92271,57.32681],[12.92741,57.33061],[12.9331,57.33726],[12.93059,57.34112],[12.93063,57.34327],[12.92911,57.34419],[12.92666,57.35047],[12.92511,57.35093],[12.9166,57.34917],[12.91162,57.35074],[12.90821,57.34949],[12.90376,57.35095],[12.90492,57.35237],[12.90411,57.35277],[12.89874,57.35232],[12.89941,57.35601],[12.90413,57.36039],[12.90359,57.36355],[12.90552,57.36524],[12.90776,57.3658],[12.90726,57.36749],[12.90791,57.36889],[12.90947,57.37028],[12.91014,57.37294],[12.9128,57.37451],[12.91042,57.3776],[12.90561,57.37972],[12.9057,57.38129],[12.90703,57.38303],[12.90606,57.38464],[12.90883,57.38805],[12.90982,57.39054],[12.91409,57.39249],[12.91627,57.39447],[12.91743,57.39753],[12.9167,57.39919],[12.91522,57.40009],[12.91102,57.40146],[12.90857,57.40277],[12.90696,57.40299],[12.90372,57.40271],[12.90224,57.40303],[12.89679,57.40442],[12.89441,57.40603],[12.89934,57.40631],[12.91271,57.41032],[12.91164,57.41073],[12.90788,57.41075],[12.90623,57.41112],[12.9037,57.41359],[12.90162,57.41341],[12.89947,57.41382],[12.89716,57.4158],[12.89192,57.41715],[12.89098,57.41828],[12.88954,57.41869],[12.88939,57.41972],[12.88842,57.42058],[12.88636,57.42146],[12.88531,57.42479],[12.8792,57.42779],[12.87578,57.4285],[12.87188,57.4309],[12.86926,57.43174],[12.86832,57.43193],[12.86415,57.42934],[12.86005,57.4282],[12.85645,57.42543],[12.85287,57.43268],[12.84832,57.43783],[12.84806,57.44283],[12.84662,57.44425],[12.84634,57.4459],[12.84383,57.448],[12.84113,57.45373],[12.84128,57.45609],[12.83355,57.45895],[12.83283,57.46103],[12.82491,57.46253],[12.82126,57.46489],[12.81574,57.46498],[12.81244,57.4668],[12.80733,57.46796],[12.80572,57.47107],[12.80032,57.4751],[12.7916,57.47849],[12.78699,57.47886],[12.78712,57.4801],[12.78624,57.48182],[12.7821,57.48374],[12.78268,57.48607],[12.78397,57.48686],[12.78345,57.48751],[12.78449,57.48916],[12.78681,57.48955],[12.79229,57.48877],[12.79772,57.49057],[12.80152,57.49051],[12.80526,57.4921],[12.8078,57.49224],[12.81419,57.4938],[12.81505,57.49418],[12.81505,57.49617],[12.81563,57.49682],[12.82213,57.49825],[12.82352,57.50016],[12.82871,57.50107],[12.83153,57.50301],[12.8378,57.5042],[12.8408,57.50242],[12.8469,57.50226],[12.84633,57.50396],[12.84736,57.50598],[12.84506,57.51018],[12.84212,57.5136],[12.84379,57.51587],[12.84345,57.51805],[12.83964,57.52049],[12.83278,57.52305],[12.82921,57.52504],[12.83002,57.52666],[12.82973,57.52803],[12.82679,57.52774],[12.82593,57.52658],[12.82437,57.52596],[12.82144,57.5235],[12.81908,57.52229],[12.81447,57.52103],[12.81182,57.51925],[12.81005,57.51923],[12.80745,57.51999],[12.80527,57.51896],[12.80135,57.51859],[12.79202,57.51557],[12.79041,57.51554],[12.7873,57.51454],[12.78707,57.51384],[12.78563,57.51309],[12.78332,57.5136],[12.78212,57.51349],[12.78062,57.5126],[12.77826,57.51209],[12.77377,57.51344],[12.77169,57.51357],[12.77014,57.51306],[12.7668,57.51274],[12.75537,57.51333],[12.74287,57.51158],[12.7412,57.50993],[12.73619,57.50861],[12.7351,57.50929],[12.73619,57.51047],[12.73544,57.51177],[12.73636,57.51239],[12.73636,57.51371],[12.73688,57.51403],[12.73636,57.51417],[12.73492,57.51355],[12.72744,57.5181],[12.72559,57.51813],[12.7203,57.51635],[12.71926,57.51689],[12.71891,57.5181],[12.71753,57.51788],[12.71362,57.51592],[12.71246,57.51446],[12.7131,57.51376],[12.70545,57.51135],[12.70188,57.51081],[12.69918,57.50965],[12.70096,57.50866],[12.70067,57.50804],[12.6948,57.50512],[12.69624,57.50418],[12.69158,57.49998],[12.68953,57.49667],[12.68084,57.49645],[12.67468,57.49437],[12.66588,57.49304],[12.66359,57.49233],[12.66127,57.49439],[12.65666,57.49371],[12.64945,57.49193],[12.64318,57.49154],[12.63906,57.49045],[12.6335,57.49081],[12.62964,57.49049],[12.62752,57.4907],[12.62687,57.49291],[12.62531,57.49431],[12.61855,57.49738],[12.61119,57.50356],[12.60679,57.50618],[12.60029,57.50761],[12.58329,57.50877],[12.55853,57.51701],[12.54797,57.51961],[12.53641,57.5289],[12.53298,57.53308],[12.53115,57.53785],[12.53431,57.54437],[12.53349,57.54692],[12.53027,57.55044],[12.52291,57.55413],[12.52984,57.55641],[12.53377,57.55651],[12.53922,57.55733],[12.54426,57.56085],[12.53864,57.56448],[12.53948,57.56626],[12.53971,57.56971],[12.53898,57.57008],[12.53982,57.57216],[12.53928,57.57321],[12.54111,57.57501],[12.5407,57.57673],[12.54111,57.5778],[12.53989,57.57947],[12.53956,57.58119],[12.54192,57.58368],[12.54484,57.58518],[12.54467,57.58619],[12.54594,57.58722],[12.54613,57.58864],[12.54767,57.58956],[12.54866,57.59095],[12.54606,57.58982],[12.54325,57.58937],[12.53991,57.58814],[12.53755,57.58795],[12.53431,57.58572],[12.53261,57.58518],[12.52671,57.58385],[12.52401,57.58415],[12.51894,57.58344],[12.51502,57.58177],[12.50896,57.57791],[12.50381,57.57778],[12.50257,57.57744],[12.49624,57.57928],[12.49313,57.58085],[12.49375,57.58254],[12.49315,57.58471],[12.49362,57.58587],[12.49231,57.5869],[12.48946,57.58793],[12.48725,57.59153],[12.48285,57.59289],[12.48094,57.59422],[12.47862,57.59482],[12.47613,57.59621],[12.47399,57.59662],[12.47289,57.59737],[12.47122,57.59716],[12.47116,57.599],[12.47051,57.59943],[12.45925,57.58692],[12.45714,57.58756],[12.45416,57.58913],[12.44905,57.59402],[12.44708,57.59967],[12.44596,57.601],[12.43987,57.60411],[12.43824,57.60542],[12.43605,57.60994],[12.43459,57.61585],[12.43468,57.61872],[12.43384,57.61986],[12.43047,57.62115],[12.42309,57.62157],[12.42015,57.62235],[12.41395,57.62666],[12.41221,57.63104],[12.40543,57.64048],[12.40595,57.64475],[12.4055,57.64629],[12.39904,57.65112],[12.39595,57.65265],[12.3965,57.65526],[12.39453,57.65773],[12.38895,57.66065],[12.38239,57.6614],[12.38005,57.6637],[12.37303,57.6667],[12.37144,57.66818],[12.37013,57.66846],[12.3682,57.66998],[12.36035,57.67078],[12.35861,57.67041],[12.35507,57.67236],[12.33438,57.67565],[12.3287,57.67724],[12.32484,57.67756],[12.32411,57.67809],[12.32355,57.68022],[12.32321,57.67953],[12.31784,57.6846],[12.31784,57.68539],[12.31411,57.68696],[12.31355,57.6879],[12.30992,57.68867],[12.30795,57.69069],[12.30319,57.69176],[12.29718,57.69217],[12.2834,57.69144],[12.28087,57.69099],[12.27323,57.68857],[12.26606,57.68822],[12.25744,57.68657],[12.25143,57.68638],[12.24622,57.6853],[12.23943,57.68477],[12.21311,57.68556],[12.20827,57.68608],[12.20618,57.68769],[12.20675,57.6908],[12.20594,57.69775],[12.2063,57.69906],[12.20523,57.7015],[12.20626,57.70337],[12.20839,57.70504],[12.20744,57.70706],[12.20772,57.70977],[12.21281,57.71382],[12.22141,57.71661],[12.23192,57.71925],[12.23446,57.72232],[12.2292,57.72453],[12.2265,57.72693],[12.22173,57.72792],[12.2156,57.73086],[12.21109,57.73163],[12.2074,57.73182],[12.20626,57.73273],[12.20613,57.73391],[12.20527,57.73438],[12.19875,57.73388],[12.19551,57.73408],[12.19083,57.73496],[12.18931,57.7362],[12.18609,57.74112],[12.18536,57.7415],[12.19375,57.74438],[12.19727,57.74345],[12.20229,57.74358],[12.20448,57.74328],[12.20748,57.74388],[12.20809,57.74451],[12.21057,57.74378],[12.21495,57.74155],[12.21963,57.74154],[12.22291,57.74296],[12.22547,57.74504],[12.22607,57.74596],[12.22532,57.74665],[12.22871,57.7479],[12.23287,57.75058],[12.2371,57.75193],[12.23838,57.75373],[12.23946,57.75395],[12.24396,57.75277],[12.24806,57.75255],[12.25748,57.76062],[12.26081,57.76287],[12.25935,57.76367],[12.26274,57.76547],[12.26619,57.76916],[12.26892,57.7704],[12.26902,57.77137],[12.26632,57.77431],[12.26499,57.77508],[12.26239,57.7759],[12.25866,57.77555],[12.25757,57.77579],[12.25473,57.77832],[12.2534,57.78043],[12.2528,57.78377],[12.25227,57.78414],[12.2448,57.78712],[12.24096,57.78791],[12.23765,57.78909],[12.2327,57.78924],[12.22883,57.78978],[12.22313,57.79199],[12.21798,57.79289],[12.21663,57.79424],[12.21049,57.79671],[12.20654,57.79763],[12.20212,57.80055],[12.19899,57.80388],[12.1956,57.80536],[12.19388,57.80663],[12.18942,57.80723],[12.18727,57.80699],[12.18596,57.80735],[12.18515,57.8068],[12.18066,57.80697],[12.17219,57.80536],[12.17047,57.80682],[12.17066,57.80838],[12.17607,57.8113],[12.17216,57.81345],[12.17092,57.81384],[12.16959,57.8136],[12.16734,57.81665],[12.16163,57.82089],[12.16062,57.8245],[12.16182,57.82534],[12.16491,57.82622],[12.16444,57.82716],[12.15489,57.8334],[12.1527,57.83561],[12.15206,57.83752],[12.14165,57.84568],[12.13131,57.853],[12.12949,57.85411],[12.12708,57.85478],[12.1264,57.85656],[12.12479,57.85724],[12.12685,57.85913],[12.12562,57.86113],[12.12294,57.8616],[12.12193,57.86261],[12.12028,57.86302],[12.11837,57.86488],[12.11425,57.86677],[12.11421,57.86853],[12.11359,57.8692],[12.11226,57.8696],[12.11058,57.86909],[12.10749,57.87151],[12.10543,57.87188],[12.10374,57.87134],[12.09951,57.87224],[12.09629,57.87675],[12.09635,57.87877],[12.0932,57.88115],[12.09382,57.88261],[12.09043,57.88207],[12.08822,57.88471],[12.08719,57.88514],[12.08348,57.88428],[12.08,57.88484],[12.07539,57.88769],[12.07378,57.89087],[12.07129,57.89121],[12.0679,57.89091],[12.06792,57.89464],[12.06586,57.89653],[12.06166,57.89784],[12.05739,57.89866],[12.05533,57.89861],[12.05144,57.89776],[12.04717,57.89662],[12.04559,57.89542],[12.04432,57.89278],[12.04462,57.89224],[12.04625,57.89198],[12.04595,57.89119],[12.04282,57.88965],[12.04125,57.88741],[12.0379,57.87578],[12.03475,57.87269],[12.03503,57.87222],[12.02874,57.8698],[12.02563,57.86817],[12.02295,57.86613],[12.02301,57.86402],[12.02248,57.86349],[12.01947,57.86261],[12.01608,57.85594],[12.01522,57.85291],[12.01582,57.85269],[12.01625,57.85336],[12.01576,57.85396],[12.00361,57.85662],[12.00085,57.85761],[11.99907,57.85752],[11.99789,57.85881],[11.99746,57.86083],[11.99475,57.8649],[11.99731,57.86529],[11.9993,57.86495],[12.00278,57.86505],[12.00514,57.86589],[12.00885,57.86864],[12.01361,57.87081],[12.01771,57.87516],[12.02138,57.87696],[12.0261,57.88188],[12.02765,57.88286],[12.02921,57.8884],[12.02767,57.89035],[12.0317,57.89316],[12.03372,57.89711],[12.0358,57.89885],[12.03653,57.90093],[12.04175,57.90735],[12.03863,57.90642],[12.03795,57.90795],[12.03396,57.91005],[12.03348,57.91183],[12.03209,57.91338],[12.02876,57.91492],[12.02823,57.91557],[12.02681,57.91924],[12.02587,57.92001],[12.03022,57.92202],[12.03406,57.9261],[12.04065,57.93054],[12.04215,57.93293],[12.04241,57.93494],[12.03524,57.93724],[12.03112,57.93709],[12.0228,57.93921],[12.01971,57.93947],[12.01823,57.94074],[12.01434,57.94136],[12.01239,57.9428],[12.00894,57.94419],[12.00819,57.94518],[12.00836,57.94627],[12.00967,57.94771],[12.01516,57.95134],[12.01634,57.95295],[12.01767,57.95378],[12.01595,57.95833],[12.01293,57.96108],[12.01413,57.96245],[12.01844,57.96462],[12.02127,57.96732],[12.01982,57.969],[12.01992,57.97028],[12.01859,57.97127],[12.01597,57.97522],[12.01559,57.97642],[12.01645,57.97833],[12.01505,57.98009],[12.01776,57.98292],[12.01808,57.98599],[12.02029,57.98784],[12.02044,57.98861],[12.02142,57.98882],[12.02276,57.9903],[12.02132,57.99204],[12.02936,57.99794],[12.03134,58.00086],[12.03303,58.00223],[12.03387,58.00397],[12.03969,58.00886],[12.04035,58.00994],[12.04301,58.01163],[12.04458,58.01157],[12.044,58.01258],[12.04458,58.01365],[12.04297,58.01513],[12.0455,58.01474],[12.0525,58.01655],[12.0591,58.01706],[12.06434,58.01582],[12.0661,58.01436],[12.06625,58.01311],[12.06715,58.01264],[12.0691,58.01453],[12.07097,58.01515],[12.07466,58.01487],[12.08024,58.01931],[12.08541,58.02474],[12.08818,58.02652],[12.0909,58.02951],[12.08906,58.03406],[12.09013,58.03616],[12.08509,58.03951],[12.08393,58.04165],[12.08402,58.0429],[12.08621,58.04605],[12.08279,58.04991],[12.0885,58.05187],[12.09153,58.05384],[12.09627,58.05459],[12.09462,58.05656],[12.09522,58.05884],[12.09365,58.05991],[12.09618,58.06442],[12.09794,58.06504],[12.09998,58.06682],[12.10112,58.06714],[12.1044,58.07073],[12.10672,58.07088],[12.10917,58.07266],[12.11204,58.07264],[12.11393,58.0736],[12.11736,58.08002],[12.1185,58.08038],[12.12384,58.07832],[12.12412,58.07871],[12.1235,58.08043],[12.12461,58.08225],[12.12519,58.08538],[12.12307,58.08985],[12.12105,58.09021],[12.12041,58.09075],[12.12122,58.09218],[12.1208,58.0933],[12.12163,58.09448],[12.12028,58.09645],[12.11807,58.09832],[12.11745,58.09839],[12.11721,58.09957],[12.10932,58.0957],[12.10374,58.09371],[12.09981,58.09356],[12.09631,58.09278],[12.08972,58.09281],[12.08286,58.09369],[12.0791,58.09309],[12.07556,58.09343],[12.07498,58.0933],[12.0738,58.09154],[12.07237,58.09079],[12.07189,58.08982],[12.07031,58.08963],[12.0684,58.0883],[12.06013,58.08746],[12.05743,58.08796],[12.05419,58.08948],[12.05033,58.08963],[12.04799,58.09079],[12.04638,58.09096],[12.04325,58.09553],[12.04365,58.09869],[12.04273,58.10197],[12.04342,58.10253],[12.05014,58.10433],[12.05456,58.10203],[12.057,58.10158],[12.06149,58.10323],[12.06239,58.10433],[12.06556,58.10422],[12.07063,58.10622],[12.0717,58.10884],[12.0737,58.10903],[12.07552,58.10811],[12.07657,58.10871],[12.07769,58.10856],[12.08095,58.11214],[12.08273,58.1119],[12.0838,58.11291],[12.08569,58.11338],[12.0867,58.11319],[12.08691,58.11529],[12.09198,58.11643],[12.09217,58.11856],[12.0899,58.11984],[12.09011,58.12025],[12.09382,58.12089],[12.09897,58.12077],[12.10178,58.11989],[12.10232,58.11896],[12.10715,58.11944],[12.10974,58.12085],[12.10324,58.12263],[12.10056,58.12471],[12.09513,58.12714],[12.08893,58.12727],[12.08299,58.12789],[12.08352,58.12984],[12.08312,58.13227],[12.08599,58.13285],[12.08771,58.13407],[12.08781,58.13519],[12.09962,58.13735],[12.09884,58.13933],[12.09743,58.14094],[12.09011,58.14553],[12.08666,58.14574],[12.08176,58.1451],[12.07846,58.14699],[12.07153,58.14898],[12.07275,58.14971],[12.07582,58.15327],[12.07636,58.15475],[12.0803,58.15546],[12.08348,58.15776],[12.08608,58.15789],[12.08852,58.15939],[12.08992,58.16128],[12.09698,58.16493],[12.10112,58.16581],[12.10899,58.16553],[12.11635,58.16641],[12.11635,58.17053],[12.1144,58.17237],[12.11071,58.17351],[12.11013,58.17452],[12.11723,58.18123],[12.11807,58.19784],[12.12191,58.2002],[12.12721,58.20636],[12.13629,58.21093],[12.13665,58.21181],[12.1347,58.21357],[12.13236,58.2146],[12.12734,58.21507],[12.12773,58.21621],[12.12957,58.21784],[12.12916,58.21799],[12.12803,58.21745],[12.12747,58.21799],[12.12805,58.21861],[12.12916,58.21887],[12.12912,58.21977],[12.12773,58.22114],[12.12867,58.22213],[12.12702,58.22477],[12.12309,58.22629],[12.12011,58.22829],[12.11672,58.22883],[12.1156,58.23016],[12.11653,58.2308],[12.11616,58.23114],[12.11288,58.23112],[12.11084,58.23376],[12.11148,58.23462],[12.11116,58.23559],[12.10985,58.23617],[12.10816,58.23642],[12.10676,58.23599],[12.10593,58.23632],[12.10464,58.23617],[12.10393,58.23642],[12.10376,58.23713],[12.1014,58.23732],[12.09565,58.2367],[12.09146,58.23683],[12.08966,58.23589],[12.0873,58.23582],[12.08148,58.23696],[12.07745,58.23838],[12.0743,58.23895],[12.07346,58.23983],[12.07378,58.24069],[12.07226,58.24245],[12.06928,58.2432],[12.06692,58.24627],[12.06262,58.24863],[12.0614,58.25374],[12.05679,58.25419],[12.05436,58.2558],[12.0532,58.25539],[12.05286,58.25432],[12.05123,58.254],[12.04747,58.25509],[12.04215,58.25526],[12.03883,58.25621],[12.03651,58.25619],[12.03138,58.257],[12.02572,58.25625],[12.02312,58.25702],[12.02057,58.25709],[12.01921,58.25657],[12.01213,58.25739],[12.009,58.26106],[12.00887,58.26176],[12.00988,58.26284],[12.00731,58.26985],[12.00638,58.27513],[11.99924,58.27775],[11.99585,58.28039],[11.99102,58.28717],[11.98372,58.29406],[11.97988,58.29588],[11.97636,58.29893],[11.97171,58.30178],[11.9672,58.30217],[11.95817,58.30646],[11.95072,58.30728],[11.94476,58.30871],[11.9431,58.31073],[11.94248,58.31361],[11.94139,58.31468],[11.94046,58.31436],[11.94078,58.31368],[11.94046,58.31436],[11.94139,58.31468],[11.93242,58.32412],[11.9177,58.33017],[11.91293,58.33337],[11.91137,58.33549],[11.90869,58.33635],[11.90839,58.33712],[11.90751,58.33753],[11.90751,58.33805],[11.90918,58.33886],[11.92461,58.34309],[11.92727,58.34416],[11.9312,58.34753],[11.93195,58.35105],[11.92871,58.35116],[11.92733,58.35079],[11.92551,58.34957],[11.91982,58.3486],[11.91776,58.34948],[11.91568,58.35289],[11.91435,58.35337],[11.91332,58.35324],[11.91244,58.35377],[11.91251,58.35431],[11.90854,58.35564],[11.90519,58.35551],[11.90296,58.35498],[11.89843,58.35255],[11.89442,58.35129],[11.89272,58.35101],[11.89225,58.35244],[11.89128,58.3521],[11.89154,58.35086],[11.88579,58.35006],[11.87547,58.34953],[11.86965,58.35034],[11.86993,58.35234],[11.86466,58.35199],[11.85732,58.35289],[11.85017,58.35206],[11.84908,58.35354],[11.84371,58.35324],[11.84176,58.35347],[11.83968,58.35315],[11.83848,58.35352],[11.83676,58.35485],[11.83549,58.35448],[11.83485,58.35506],[11.83223,58.3597],[11.83305,58.36036],[11.83114,58.36292],[11.8262,58.36328],[11.82554,58.36399],[11.82657,58.36716],[11.82622,58.37193],[11.82788,58.37564],[11.8324,58.37978],[11.83526,58.3815],[11.83983,58.38238],[11.84133,58.38394],[11.84262,58.38708],[11.84129,58.3883],[11.84189,58.39023],[11.84039,58.39113],[11.84094,58.39268],[11.84009,58.39864],[11.84124,58.40047],[11.83972,58.40478],[11.84,58.4069],[11.83895,58.40984],[11.83927,58.41083],[11.84161,58.41313],[11.84006,58.41592],[11.84028,58.41866],[11.83964,58.42188],[11.84109,58.42349],[11.84155,58.42643],[11.84348,58.42834],[11.84371,58.43263],[11.83897,58.43415],[11.83541,58.43452],[11.83075,58.43647],[11.83045,58.43724],[11.8317,58.43815],[11.83367,58.44164],[11.83431,58.44443],[11.83176,58.4463],[11.83116,58.44787],[11.83388,58.44997],[11.83618,58.45055],[11.83728,58.45169],[11.83781,58.45278],[11.83753,58.4548],[11.83914,58.45699],[11.8406,58.45761],[11.84657,58.45752],[11.85,58.45823],[11.85534,58.46252],[11.8586,58.46606],[11.86199,58.46806],[11.85695,58.47014],[11.85279,58.47469],[11.85412,58.48179],[11.85309,58.48432],[11.85341,58.48694],[11.85238,58.48855],[11.84438,58.49151],[11.84354,58.49256],[11.84006,58.49464],[11.83403,58.49612],[11.83178,58.49636],[11.83024,58.49535],[11.82852,58.49488],[11.81848,58.4946],[11.81925,58.49524],[11.81953,58.49776],[11.82213,58.49941],[11.82438,58.5031],[11.82927,58.50715],[11.82989,58.50872],[11.83682,58.51224],[11.84247,58.51233],[11.84354,58.51263],[11.85217,58.51741],[11.85431,58.51951],[11.85826,58.52033],[11.86038,58.52151],[11.86541,58.52217],[11.87386,58.51969],[11.88401,58.5182],[11.88605,58.51732],[11.89083,58.51668],[11.89727,58.52035],[11.90002,58.5202],[11.90532,58.52177],[11.90843,58.52121],[11.90905,58.52198],[11.9116,58.52314],[11.91036,58.52421],[11.90888,58.5284],[11.90866,58.53258],[11.90905,58.53651],[11.91223,58.53904],[11.91313,58.54213],[11.91261,58.54552],[11.91349,58.54915],[11.91847,58.55299],[11.9192,58.55503],[11.92787,58.55855],[11.9289,58.55872],[11.93092,58.55801],[11.93195,58.55807],[11.93253,58.55949],[11.93368,58.56041],[11.94173,58.56387],[11.94639,58.56827],[11.94815,58.57131],[11.95233,58.57286],[11.9536,58.57442],[11.95336,58.57678],[11.95431,58.57841],[11.95652,58.5797],[11.95709,58.58099],[11.95922,58.58294],[11.96488,58.58541],[11.96568,58.58758],[11.96229,58.59234],[11.95984,58.5941],[11.95703,58.59809],[11.95529,58.59927],[11.95257,58.59876],[11.94353,58.59837],[11.91858,58.595],[11.9151,58.59592],[11.91313,58.59798],[11.90802,58.59893],[11.90497,58.59775],[11.89622,58.60095],[11.89534,58.60075],[11.89418,58.59934],[11.89268,58.59921],[11.89128,58.59966],[11.88948,58.60146],[11.88841,58.60185],[11.88603,58.60007],[11.88377,58.59946],[11.88225,58.5979],[11.87965,58.59779],[11.87738,58.59625],[11.8759,58.59605],[11.87498,58.59706],[11.87141,58.59775],[11.86689,58.60481],[11.86356,58.60592],[11.85594,58.60717],[11.85227,58.6106],[11.84837,58.61142],[11.84631,58.61524],[11.84472,58.61627],[11.84309,58.61824],[11.84208,58.62045],[11.837,58.62382],[11.83322,58.62451],[11.83217,58.62502],[11.82996,58.62513],[11.8291,58.62732],[11.82586,58.62963],[11.81916,58.63197],[11.81668,58.63468],[11.81826,58.63702],[11.81485,58.63841],[11.80864,58.63751],[11.80834,58.63678],[11.80474,58.63614],[11.80422,58.63504],[11.80284,58.6344],[11.80021,58.63509],[11.79837,58.63447],[11.79731,58.63178],[11.79547,58.63128],[11.79507,58.63077],[11.79632,58.62909],[11.79205,58.62759],[11.79313,58.62663],[11.79006,58.62504],[11.78741,58.62611],[11.78308,58.62342],[11.78188,58.62299],[11.77968,58.62289],[11.77671,58.62021],[11.77489,58.62034],[11.76516,58.61785],[11.76316,58.61802],[11.75651,58.62122],[11.75511,58.62143],[11.75081,58.62109],[11.74714,58.62495],[11.74284,58.6264],[11.73599,58.62531],[11.72432,58.62569],[11.71958,58.62506],[11.71205,58.62585],[11.70203,58.62508],[11.70234,58.62645],[11.70621,58.62993],[11.70404,58.63033],[11.70312,58.62994],[11.70186,58.62998],[11.70048,58.62948],[11.70013,58.62859],[11.69777,58.62745],[11.69334,58.6291],[11.69187,58.62911],[11.68515,58.63064],[11.67895,58.63636],[11.67478,58.6368],[11.67234,58.63937],[11.66696,58.64101],[11.66558,58.64584],[11.66365,58.64975],[11.65795,58.64984],[11.65715,58.64896],[11.6554,58.64833],[11.65344,58.64692],[11.64969,58.64625],[11.64669,58.64443],[11.64067,58.64225],[11.63811,58.64208],[11.63245,58.64269],[11.62967,58.64174],[11.62705,58.64149],[11.62213,58.64194],[11.61955,58.64169],[11.61433,58.63979],[11.60886,58.639],[11.6071,58.63823],[11.60505,58.63825],[11.60208,58.63723],[11.60126,58.6374],[11.60019,58.6387],[11.5966,58.6395],[11.59427,58.63896],[11.59236,58.63926],[11.58743,58.63831],[11.58532,58.64002],[11.58277,58.63872],[11.57956,58.63824],[11.57833,58.63873],[11.57179,58.63935],[11.57163,58.64067],[11.57259,58.64221],[11.57516,58.64279],[11.57785,58.64251],[11.57793,58.64639],[11.57978,58.64862],[11.57979,58.64979],[11.58397,58.65145],[11.58455,58.65222],[11.58511,58.65906],[11.58685,58.66368],[11.58667,58.66526],[11.58916,58.66746],[11.58996,58.66919],[11.59184,58.67087],[11.59277,58.67299],[11.591,58.68156],[11.59315,58.68613],[11.59631,58.68599],[11.60112,58.68739],[11.60469,58.68942],[11.60829,58.6899],[11.60912,58.69185],[11.6122,58.69309],[11.61356,58.69322],[11.61708,58.69267],[11.62112,58.69312],[11.62269,58.69387],[11.62413,58.69543],[11.62958,58.69756],[11.6313,58.70078],[11.63042,58.7023],[11.63007,58.70544],[11.63081,58.70732],[11.62714,58.70919],[11.62389,58.71243],[11.62212,58.71351],[11.62212,58.71525],[11.62296,58.71653],[11.61986,58.71879],[11.61487,58.72117],[11.60974,58.7221],[11.60703,58.7232],[11.60605,58.72545],[11.60903,58.72683],[11.61039,58.72833],[11.61417,58.72958],[11.61559,58.73128],[11.61932,58.73359],[11.62153,58.7344],[11.62267,58.73602],[11.61637,58.73672],[11.61391,58.73755],[11.61193,58.73769],[11.61074,58.73875],[11.6086,58.73965],[11.60732,58.73878],[11.60287,58.73866],[11.59756,58.73957],[11.59583,58.74014],[11.59591,58.74112],[11.59404,58.74144],[11.59289,58.74211],[11.59305,58.74272],[11.59114,58.74251],[11.58953,58.74359]]}},{"type":"Feature","properties":{"name":"TET_S-06_20260801","country":"SE","lengthKm":984.2},"geometry":{"type":"LineString","coordinates":[[24.03877,65.96228],[24.03435,65.96155],[24.03324,65.9629],[24.03032,65.96848],[24.0291,65.97468],[24.01341,65.97852],[23.99856,65.97726],[23.97303,65.97365],[23.9608,65.97275],[23.94444,65.97232],[23.94251,65.97151],[23.94041,65.96603],[23.94114,65.9644],[23.94063,65.96357],[23.91865,65.95762],[23.90086,65.9561],[23.89067,65.95818],[23.88217,65.96129],[23.87984,65.96146],[23.87709,65.96088],[23.86859,65.95676],[23.86394,65.95288],[23.85542,65.95213],[23.84477,65.95215],[23.83008,65.95043],[23.82512,65.9502],[23.8193,65.94919],[23.80518,65.94882],[23.79812,65.94784],[23.7701,65.95127],[23.75678,65.95462],[23.74113,65.95762],[23.72781,65.96239],[23.72513,65.9629],[23.70993,65.96236],[23.69296,65.96061],[23.68757,65.96125],[23.67895,65.96333],[23.67442,65.96361],[23.66867,65.96168],[23.65642,65.96194],[23.62406,65.95968],[23.61262,65.95743],[23.60209,65.95451],[23.55293,65.949],[23.54984,65.94814],[23.5481,65.94711],[23.54628,65.94423],[23.5343,65.94166],[23.52905,65.93921],[23.52666,65.93466],[23.52656,65.93198],[23.52417,65.93001],[23.52226,65.92928],[23.47029,65.92207],[23.46313,65.92065],[23.45914,65.92044],[23.4463,65.92097],[23.42611,65.91926],[23.41124,65.91988],[23.40281,65.91975],[23.39674,65.92044],[23.37352,65.92679],[23.35432,65.93312],[23.33097,65.93932],[23.29584,65.94595],[23.28591,65.94945],[23.25741,65.95754],[23.24317,65.95932],[23.22643,65.96322],[23.19051,65.98131],[23.16637,65.98616],[23.16306,65.9882],[23.15281,65.99266],[23.15077,65.99309],[23.14257,65.99946],[23.14287,66.00957],[23.1383,66.01094],[23.13395,66.0132],[23.12541,66.01324],[23.1189,66.01376],[23.11292,66.0164],[23.10461,66.01912],[23.09517,66.02084],[23.08026,66.02848],[23.07427,66.03017],[23.06816,66.03268],[23.06335,66.03566],[23.05496,66.03933],[23.05071,66.04193],[23.04344,66.04375],[23.03232,66.04828],[23.02863,66.05122],[23.02511,66.05884],[23.01595,66.06701],[22.99795,66.06523],[22.98226,66.06974],[22.98037,66.07139],[22.97563,66.07313],[22.97263,66.07575],[22.96454,66.07804],[22.96198,66.07824],[22.95924,66.07736],[22.95407,66.07678],[22.94263,66.07776],[22.93342,66.07665],[22.93158,66.07676],[22.92662,66.07753],[22.92366,66.07862],[22.91973,66.07877],[22.90304,66.08197],[22.89808,66.08706],[22.89392,66.08742],[22.8904,66.08667],[22.88368,66.08935],[22.88025,66.08937],[22.87699,66.08999],[22.87422,66.08991],[22.86939,66.0906],[22.86613,66.08959],[22.85871,66.08875],[22.8398,66.08927],[22.83345,66.09017],[22.8297,66.09197],[22.82463,66.09221],[22.82109,66.09158],[22.81729,66.09208],[22.81538,66.09319],[22.81202,66.09369],[22.80266,66.09332],[22.79517,66.09231],[22.78661,66.09287],[22.78007,66.09375],[22.77393,66.09259],[22.77174,66.09182],[22.76874,66.08978],[22.76756,66.08675],[22.76363,66.08562],[22.75891,66.08517],[22.75517,66.08321],[22.75511,66.08184],[22.75333,66.08077],[22.75219,66.07905],[22.74425,66.07686],[22.7391,66.07437],[22.73571,66.0751],[22.73161,66.07506],[22.72953,66.07467],[22.72179,66.07184],[22.71116,66.07073],[22.70792,66.06961],[22.70681,66.06978],[22.71007,66.07628],[22.71346,66.07997],[22.71415,66.08186],[22.71348,66.0906],[22.71179,66.09624],[22.71215,66.10323],[22.70883,66.10738],[22.70747,66.11158],[22.70385,66.11701],[22.70396,66.11969],[22.7055,66.12169],[22.69973,66.12248],[22.69644,66.12497],[22.68293,66.12671],[22.67956,66.12806],[22.67563,66.12879],[22.67123,66.13222],[22.66381,66.13328],[22.66125,66.13422],[22.65733,66.13757],[22.65525,66.14205],[22.65902,66.14926],[22.659,66.15184],[22.6442,66.16203],[22.64096,66.16297],[22.62491,66.1652],[22.61145,66.17183],[22.60834,66.17229],[22.59426,66.17276],[22.57281,66.17949],[22.56289,66.18037],[22.56015,66.18183],[22.55156,66.18906],[22.54873,66.1904],[22.54214,66.19106],[22.53193,66.19125],[22.52427,66.19261],[22.49736,66.20338],[22.49582,66.20471],[22.49425,66.20992],[22.48554,66.21516],[22.48097,66.22164],[22.4661,66.23477],[22.45968,66.23857],[22.45623,66.24342],[22.45672,66.24915],[22.45438,66.25245],[22.45432,66.255],[22.45071,66.25906],[22.44236,66.25979],[22.43741,66.25955],[22.43222,66.26035],[22.43112,66.26069],[22.42554,66.26567],[22.42518,66.26777],[22.42434,66.26827],[22.41771,66.26848],[22.41187,66.26925],[22.40979,66.27153],[22.41003,66.27571],[22.40243,66.27936],[22.40039,66.2888],[22.39833,66.29339],[22.39147,66.29702],[22.38754,66.30015],[22.36149,66.297],[22.35754,66.29494],[22.35001,66.29386],[22.34151,66.29419],[22.33596,66.29326],[22.32499,66.2932],[22.31439,66.28947],[22.29074,66.28627],[22.28495,66.28674],[22.27847,66.29043],[22.2541,66.308],[22.25307,66.31326],[22.24729,66.31747],[22.24538,66.32073],[22.23596,66.32446],[22.22839,66.3286],[22.21575,66.33953],[22.21268,66.34395],[22.21169,66.34959],[22.21268,66.35128],[22.20693,66.35141],[22.20129,66.35017],[22.20017,66.34938],[22.19994,66.34732],[22.19923,66.34712],[22.19219,66.3489],[22.18541,66.34929],[22.17983,66.35225],[22.17631,66.35774],[22.17406,66.35856],[22.16496,66.3647],[22.15511,66.36588],[22.14955,66.36714],[22.13966,66.36701],[22.13535,66.36549],[22.12938,66.36521],[22.11891,66.36712],[22.10773,66.36491],[22.10132,66.36249],[22.09402,66.35725],[22.08921,66.35474],[22.07108,66.34753],[22.06522,66.34614],[22.05847,66.34532],[22.05499,66.34534],[22.05203,66.3462],[22.04847,66.34796],[22.04557,66.34856],[22.03008,66.34755],[22.03257,66.35023],[22.03293,66.35304],[22.02484,66.35989],[22.00892,66.37588],[22.00392,66.37892],[22.00242,66.38412],[21.99864,66.38802],[21.99017,66.39465],[21.98815,66.40268],[21.98718,66.40366],[21.98394,66.40482],[21.98635,66.40572],[21.996,66.40731],[22.01064,66.41199],[22.02392,66.41729],[22.02473,66.41768],[22.02413,66.41898],[22.02008,66.42089],[22.02413,66.41898],[22.0248,66.41823],[22.02392,66.41729],[22.01064,66.41199],[21.996,66.40731],[21.98635,66.40572],[21.98394,66.40482],[21.97862,66.40628],[21.9701,66.40738],[21.95588,66.41165],[21.93935,66.41137],[21.93455,66.41042],[21.92526,66.40437],[21.91807,66.40223],[21.90206,66.40109],[21.89378,66.39956],[21.88037,66.40053],[21.86517,66.39789],[21.85155,66.39379],[21.8396,66.38221],[21.83642,66.38051],[21.83344,66.37931],[21.82108,66.37626],[21.81823,66.37512],[21.80923,66.37899],[21.79996,66.38523],[21.78464,66.39214],[21.78351,66.3939],[21.78434,66.39823],[21.77091,66.4072],[21.76641,66.4125],[21.74394,66.41746],[21.73452,66.4177],[21.72293,66.41995],[21.7136,66.42085],[21.70508,66.42016],[21.703,66.41948],[21.69347,66.41276],[21.68993,66.40959],[21.68993,66.4062],[21.68787,66.40343],[21.68581,66.40231],[21.65375,66.39373],[21.64504,66.39349],[21.63629,66.39424],[21.62652,66.39401],[21.62468,66.39317],[21.61764,66.38624],[21.61539,66.38536],[21.61172,66.38512],[21.60612,66.38684],[21.56354,66.38579],[21.55591,66.38656],[21.55071,66.38665],[21.53715,66.38549],[21.52992,66.38394],[21.51857,66.37733],[21.51151,66.37107],[21.50748,66.3647],[21.50859,66.35594],[21.50775,66.35446],[21.50516,66.35384],[21.49078,66.35221],[21.47151,66.35289],[21.46907,66.35259],[21.45456,66.34875],[21.43321,66.33912],[21.42703,66.33747],[21.41695,66.3356],[21.4116,66.33354],[21.40465,66.32768],[21.39212,66.31258],[21.3883,66.31067],[21.38281,66.30912],[21.37017,66.30803],[21.33506,66.3012],[21.33208,66.30092],[21.31571,66.30195],[21.30378,66.30515],[21.29065,66.30573],[21.27288,66.30584],[21.26329,66.30451],[21.25256,66.30423],[21.22625,66.30616],[21.21587,66.30483],[21.19344,66.30406],[21.18673,66.3032],[21.17057,66.29931],[21.15559,66.29393],[21.15478,66.29296],[21.15452,66.2888],[21.15117,66.28481],[21.14782,66.28316],[21.13227,66.27992],[21.1231,66.27919],[21.12304,66.27751],[21.10487,66.27833],[21.09798,66.27781],[21.09362,66.27678],[21.08972,66.27423],[21.0889,66.26779],[21.07944,66.26445],[21.07403,66.26391],[21.06781,66.26503],[21.06043,66.26554],[21.04088,66.26481],[21.00867,66.26629],[21.00425,66.26668],[20.99363,66.26878],[20.98912,66.26899],[20.97013,66.2635],[20.9664,66.26114],[20.96009,66.25829],[20.94917,66.25824],[20.94546,66.25784],[20.94249,66.25681],[20.93717,66.25333],[20.9343,66.24928],[20.93402,66.24784],[20.93662,66.24157],[20.93496,66.23936],[20.93138,66.2379],[20.87907,66.2314],[20.87269,66.23018],[20.86761,66.23331],[20.86276,66.23144],[20.85426,66.22949],[20.8466,66.22949],[20.84512,66.22902],[20.84306,66.22335],[20.84675,66.21975],[20.84675,66.21687],[20.84636,66.21599],[20.84121,66.2129],[20.83999,66.21157],[20.84079,66.20357],[20.83954,66.19919],[20.8413,66.19756],[20.83918,66.19784],[20.8413,66.19756],[20.84274,66.19595],[20.84694,66.18226],[20.85692,66.17589],[20.86353,66.16913],[20.86422,66.16628],[20.86226,66.16306],[20.86136,66.15778],[20.85915,66.15493],[20.85812,66.15124],[20.86274,66.14647],[20.86844,66.14289],[20.87241,66.13667],[20.87211,66.13497],[20.86763,66.13358],[20.86173,66.13448],[20.85448,66.13197],[20.84956,66.13137],[20.84602,66.13201],[20.84154,66.13182],[20.83778,66.13214],[20.8284,66.13119],[20.82411,66.13154],[20.81888,66.13117],[20.8128,66.13184],[20.80871,66.131],[20.80605,66.13089],[20.79517,66.13276],[20.79366,66.13274],[20.78534,66.13141],[20.77886,66.13117],[20.76828,66.12755],[20.77583,66.12145],[20.77497,66.11727],[20.78008,66.11326],[20.78401,66.1113],[20.78701,66.10645],[20.78755,66.10068],[20.78562,66.09858],[20.78542,66.09705],[20.78738,66.09555],[20.7918,66.09439],[20.79321,66.09358],[20.7962,66.08862],[20.79484,66.08682],[20.79231,66.0853],[20.78648,66.08566],[20.77654,66.08772],[20.76753,66.0889],[20.75328,66.08851],[20.74244,66.08673],[20.73358,66.08626],[20.70762,66.08673],[20.70056,66.0886],[20.67835,66.07283],[20.67666,66.07236],[20.67406,66.07229],[20.66404,66.07457],[20.66133,66.07433],[20.65636,66.07317],[20.65335,66.07199],[20.63174,66.06002],[20.61333,66.05493],[20.60509,66.05435],[20.58967,66.05691],[20.58688,66.05699],[20.54688,66.05418],[20.54263,66.0536],[20.53924,66.0521],[20.52879,66.04573],[20.51553,66.04169],[20.5109,66.03983],[20.51017,66.03908],[20.51094,66.03745],[20.50665,66.03534],[20.50296,66.03094],[20.50062,66.03039],[20.49163,66.03028],[20.48894,66.02989],[20.47341,66.02262],[20.468,66.02172],[20.46631,66.02103],[20.46465,66.01371],[20.46508,66.012],[20.47673,66.00234],[20.48394,66.00034],[20.485,65.99953],[20.48461,65.99856],[20.47611,65.99275],[20.47401,65.98992],[20.47341,65.98833],[20.47446,65.98485],[20.48191,65.97629],[20.48345,65.97303],[20.49392,65.96732],[20.49783,65.9637],[20.50302,65.9611],[20.50587,65.95852],[20.50223,65.95333],[20.5001,65.95228],[20.49169,65.94346],[20.48811,65.9417],[20.48733,65.94043],[20.4874,65.93471],[20.49388,65.93162],[20.49474,65.92932],[20.48716,65.92241],[20.4771,65.91763],[20.47555,65.91606],[20.47676,65.91228],[20.48034,65.90872],[20.47785,65.90218],[20.47903,65.899],[20.47506,65.89402],[20.47684,65.89243],[20.51227,65.8775],[20.51366,65.87619],[20.51469,65.8705],[20.5127,65.86542],[20.51806,65.85636],[20.52639,65.85081],[20.52675,65.84975],[20.52478,65.84804],[20.52248,65.84409],[20.51765,65.83978],[20.51686,65.83701],[20.50853,65.83954],[20.50585,65.8377],[20.50605,65.83654],[20.50708,65.83581],[20.52383,65.83027],[20.53246,65.82935],[20.53632,65.8295],[20.53961,65.82703],[20.54306,65.82553],[20.53943,65.82493],[20.53589,65.82493],[20.5304,65.82343],[20.50414,65.82673],[20.49321,65.82613],[20.49088,65.82553],[20.48184,65.82767],[20.47843,65.82798],[20.47628,65.82911],[20.47302,65.82967],[20.46937,65.83115],[20.46283,65.83203],[20.45609,65.83347],[20.453,65.83583],[20.4506,65.83628],[20.42118,65.83742],[20.39663,65.83641],[20.39627,65.83669],[20.39974,65.83821],[20.40562,65.83896],[20.40897,65.84006],[20.41009,65.84081],[20.41034,65.84351],[20.41195,65.8439],[20.41612,65.84394],[20.4176,65.84445],[20.41612,65.84394],[20.41054,65.8437],[20.41009,65.84081],[20.40779,65.83952],[20.39974,65.83821],[20.39631,65.83684],[20.39661,65.83647],[20.38629,65.83463],[20.37983,65.83246],[20.37073,65.83085],[20.37337,65.81647],[20.36601,65.81289],[20.35166,65.80081],[20.33992,65.7865],[20.33855,65.78251],[20.33649,65.78094],[20.33698,65.77635],[20.33629,65.77551],[20.33254,65.77448],[20.32696,65.77867],[20.31439,65.78032],[20.31108,65.77987],[20.30838,65.77849],[20.30044,65.7771],[20.30147,65.77491],[20.29982,65.77332],[20.29823,65.76974],[20.2981,65.7636],[20.29982,65.76013],[20.30567,65.75701],[20.30615,65.75416],[20.30203,65.74336],[20.29395,65.74602],[20.29313,65.74717],[20.28956,65.74889],[20.28624,65.74915],[20.27433,65.75314],[20.27103,65.75333],[20.26323,65.75792],[20.25628,65.7601],[20.24967,65.76609],[20.24804,65.76691],[20.24308,65.76819],[20.2407,65.76991],[20.24006,65.77088],[20.24265,65.77156],[20.23639,65.77345],[20.23332,65.77371],[20.23031,65.77266],[20.22583,65.76373],[20.21598,65.76731],[20.21023,65.76875],[20.19551,65.76867],[20.17598,65.76952],[20.17131,65.76873],[20.16459,65.76431],[20.16253,65.76358],[20.15989,65.76328],[20.15873,65.7654],[20.14699,65.77186],[20.14144,65.77618],[20.13779,65.78448],[20.12245,65.79504],[20.11828,65.79733],[20.11343,65.79875],[20.0602,65.80866],[20.04303,65.81401],[20.03617,65.81476],[20.01997,65.82128],[20.01327,65.82283],[20.00758,65.82675],[20.00334,65.82798],[20.00035,65.82821],[19.99057,65.82744],[19.98314,65.82993],[19.99012,65.83482],[20.00374,65.83898],[19.98666,65.84574],[19.96184,65.84999],[19.9569,65.85156],[19.95413,65.85304],[19.95257,65.85518],[19.95939,65.86274],[19.95945,65.86422],[19.95664,65.86589],[19.94615,65.87005],[19.94319,65.87269],[19.9404,65.87653],[19.94044,65.87958],[19.94126,65.8808],[19.95203,65.88675],[19.95403,65.88804],[19.95538,65.8899],[19.95484,65.89303],[19.95291,65.89643],[19.95647,65.90552],[19.96525,65.9058],[19.97656,65.90509],[19.97823,65.90628],[19.97656,65.90509],[19.96525,65.9058],[19.95647,65.90552],[19.95079,65.9058],[19.91699,65.90962],[19.90375,65.91151],[19.88607,65.91531],[19.86989,65.9181],[19.85822,65.91857],[19.853,65.91771],[19.82891,65.91207],[19.82331,65.91115],[19.81809,65.90962],[19.81013,65.90851],[19.80436,65.90853],[19.80103,65.90756],[19.78754,65.9055],[19.77889,65.90651],[19.76831,65.90919],[19.75934,65.90964],[19.75314,65.91359],[19.72711,65.91977],[19.72424,65.91853],[19.72093,65.91475],[19.7161,65.91301],[19.71273,65.90911],[19.71537,65.90565],[19.71859,65.90376],[19.72692,65.90016],[19.72748,65.89849],[19.72417,65.89711],[19.71557,65.89675],[19.70634,65.89715],[19.70155,65.89788],[19.69589,65.89818],[19.68872,65.89668],[19.68394,65.89649],[19.6805,65.89589],[19.67729,65.89426],[19.67188,65.894],[19.66319,65.89585],[19.65523,65.89673],[19.64317,65.89915],[19.63776,65.89969],[19.63229,65.90076],[19.62403,65.89986],[19.6198,65.90063],[19.61248,65.90059],[19.60944,65.89891],[19.6042,65.89842],[19.59577,65.8957],[19.59478,65.89494],[19.5951,65.88876],[19.60532,65.88488],[19.60628,65.8837],[19.59952,65.88243],[19.59618,65.88218],[19.57738,65.88325],[19.56925,65.88222],[19.5612,65.88183],[19.55281,65.88014],[19.53663,65.88123],[19.52848,65.88053],[19.51496,65.88033],[19.5009,65.88168],[19.49739,65.88235],[19.48041,65.88778],[19.47179,65.88954],[19.46295,65.88226],[19.46292,65.8763],[19.46438,65.8743],[19.46331,65.87383],[19.45689,65.87334],[19.45357,65.8716],[19.45275,65.87168],[19.4502,65.8737],[19.44707,65.87675],[19.43934,65.87943],[19.43027,65.88344],[19.42348,65.88426],[19.41696,65.88722],[19.414,65.88754],[19.40664,65.88741],[19.39435,65.88823],[19.39216,65.88866],[19.38956,65.89278],[19.39568,65.89507],[19.39977,65.90142],[19.39546,65.90205],[19.39308,65.902],[19.38179,65.89928],[19.37851,65.89902],[19.37048,65.89928],[19.36589,65.89823],[19.35858,65.89731],[19.35351,65.89516],[19.35143,65.89462],[19.34821,65.89441],[19.34441,65.89439],[19.34119,65.89488],[19.33765,65.89604],[19.33403,65.89634],[19.33027,65.89735],[19.3251,65.8981],[19.31246,65.89821],[19.30798,65.89909],[19.30227,65.90173],[19.28665,65.90505],[19.26663,65.90696],[19.25543,65.9084],[19.23903,65.9131],[19.23045,65.9166],[19.20747,65.92441],[19.18769,65.93009],[19.18082,65.93316],[19.16297,65.93724],[19.14977,65.93949],[19.12123,65.94406],[19.11254,65.94458],[19.10381,65.94775],[19.09935,65.9487],[19.08939,65.95252],[19.08598,65.95142],[19.0799,65.95155],[19.07804,65.95129],[19.06583,65.94726],[19.06192,65.94387],[19.05102,65.93863],[19.05074,65.93614],[19.04866,65.93284],[19.04958,65.93144],[19.04911,65.93056],[19.05795,65.92739],[19.06776,65.92301],[19.07501,65.9167],[19.0775,65.9158],[19.08542,65.91406],[19.09467,65.91082],[19.09696,65.90778],[19.09153,65.90688],[19.08544,65.90331],[19.08147,65.90248],[19.08036,65.90072],[19.07763,65.89887],[19.06973,65.89842],[19.05463,65.8961],[19.03856,65.89593],[19.01804,65.89795],[19.00761,65.89705],[19.00038,65.89842],[18.99178,65.89793],[18.97901,65.89851],[18.96189,65.8963],[18.95112,65.89147],[18.9447,65.88997],[18.94822,65.88606],[18.94513,65.88419],[18.94532,65.88349],[18.95234,65.88025],[18.95487,65.87831],[18.95693,65.87752],[18.96543,65.8708],[18.97262,65.86791],[18.97395,65.86548],[18.97302,65.86248],[18.97,65.85967],[18.96974,65.85829],[18.97169,65.8551],[18.97684,65.84999],[18.9768,65.84823],[18.97953,65.84566],[18.98171,65.84469],[19.00077,65.83911],[19.00834,65.83823],[19.01789,65.83598],[19.02347,65.83416],[19.02697,65.82903],[19.03592,65.82471],[19.03952,65.81993],[19.04012,65.81733],[19.04525,65.81441],[19.05087,65.81326],[19.05448,65.81137],[19.05765,65.80628],[19.06336,65.80353],[19.06439,65.80205],[19.06888,65.80111],[19.07381,65.79843],[19.07499,65.7966],[19.0745,65.79487],[19.08626,65.78716],[19.09119,65.78302],[19.09362,65.78221],[19.09613,65.78019],[19.09872,65.77901],[19.10029,65.77682],[19.10737,65.77528],[19.11325,65.77165],[19.13597,65.76779],[19.13748,65.76725],[19.13745,65.76663],[19.13632,65.76622],[19.12722,65.76523],[19.12488,65.7638],[19.12293,65.76199],[19.1219,65.75815],[19.11868,65.75646],[19.11632,65.7539],[19.11838,65.75174],[19.12349,65.7492],[19.13469,65.74489],[19.14278,65.74099],[19.14471,65.73938],[19.14943,65.73807],[19.15715,65.73502],[19.15917,65.73223],[19.16084,65.73127],[19.17458,65.72734],[19.17981,65.72412],[19.18923,65.72129],[19.20541,65.71187],[19.21305,65.70981],[19.21914,65.70944],[19.22685,65.70816],[19.23191,65.70429],[19.23972,65.69985],[19.24084,65.69777],[19.24899,65.69586],[19.24423,65.69146],[19.24277,65.6885],[19.24289,65.68244],[19.24547,65.68131],[19.24469,65.67864],[19.24513,65.6751],[19.25341,65.67372],[19.28133,65.67131],[19.28729,65.67054],[19.28811,65.67013],[19.2892,65.66844],[19.28916,65.66453],[19.30068,65.65007],[19.30615,65.64629],[19.30851,65.64528],[19.30774,65.64286],[19.3083,65.64166],[19.32261,65.63024],[19.32538,65.62539],[19.32566,65.62338],[19.32384,65.62153],[19.32656,65.61726],[19.32725,65.61108],[19.32403,65.60881],[19.31725,65.60591],[19.31585,65.60464],[19.31605,65.60284],[19.31976,65.60108],[19.32208,65.59915],[19.32096,65.59716],[19.31703,65.59514],[19.31832,65.59155],[19.3168,65.58701],[19.32336,65.58338],[19.32553,65.57907],[19.32508,65.57784],[19.33836,65.57265],[19.33989,65.57059],[19.3534,65.57471],[19.35497,65.57415],[19.35939,65.56907],[19.36733,65.56422],[19.3749,65.55619],[19.39746,65.54812],[19.41301,65.53836],[19.42419,65.53534],[19.43207,65.52894],[19.43908,65.52484],[19.44187,65.51991],[19.45994,65.5101],[19.46968,65.5066],[19.47333,65.50577],[19.48657,65.49742],[19.48777,65.49549],[19.48837,65.48867],[19.48964,65.48736],[19.50835,65.47755],[19.51371,65.47339],[19.52292,65.46407],[19.53131,65.46159],[19.53826,65.45897],[19.55212,65.45674],[19.55635,65.45573],[19.573,65.44798],[19.60399,65.44309],[19.6124,65.44238],[19.62274,65.44208],[19.62615,65.44144],[19.6416,65.43483],[19.64748,65.4274],[19.64819,65.42513],[19.64946,65.42425],[19.66124,65.41998],[19.67108,65.41702],[19.67362,65.41682],[19.67686,65.41721],[19.67963,65.41691],[19.68686,65.41509],[19.69093,65.41324],[19.6975,65.41176],[19.7067,65.41105],[19.71782,65.41135],[19.72557,65.4111],[19.74147,65.40921],[19.74668,65.40906],[19.75029,65.4062],[19.76001,65.40337],[19.76642,65.40002],[19.77331,65.3973],[19.77848,65.39389],[19.785,65.39215],[19.78912,65.39011],[19.80631,65.37942],[19.80983,65.37805],[19.81657,65.37408],[19.8206,65.37247],[19.82427,65.37155],[19.8333,65.37071],[19.843,65.36882],[19.86109,65.36121],[19.86884,65.3587],[19.88124,65.35228],[19.88691,65.35046],[19.89109,65.34855],[19.90727,65.34346],[19.92497,65.33722],[19.93227,65.33514],[19.95274,65.33232],[19.96795,65.33556],[19.99222,65.33689],[19.9978,65.33664],[20.00645,65.3384],[20.01366,65.34481],[20.03065,65.3435],[20.04333,65.34316],[20.05526,65.34142],[20.07548,65.33593],[20.09944,65.33108],[20.11633,65.32584],[20.12575,65.32256],[20.1246,65.32223],[20.12575,65.32256],[20.12805,65.32177],[20.15504,65.31014],[20.16,65.307],[20.17365,65.30063],[20.21014,65.2925],[20.22021,65.29207],[20.21838,65.28503],[20.2201,65.27786],[20.21667,65.27121],[20.2192,65.26012],[20.22055,65.25887],[20.2475,65.24499],[20.24905,65.24338],[20.24579,65.23456],[20.23173,65.22742],[20.23624,65.22538],[20.24735,65.21834],[20.25121,65.21525],[20.25658,65.21373],[20.26267,65.20856],[20.26478,65.20778],[20.27864,65.20579],[20.28338,65.20283],[20.29209,65.20012],[20.29786,65.19611],[20.3105,65.19386],[20.31928,65.19],[20.32567,65.18821],[20.334,65.18279],[20.34011,65.18281],[20.34758,65.18062],[20.35526,65.18013],[20.35655,65.17757],[20.36309,65.1748],[20.3655,65.17191],[20.36837,65.17013],[20.37215,65.16873],[20.37661,65.16811],[20.38215,65.16674],[20.38599,65.1653],[20.39213,65.16485],[20.39455,65.16425],[20.40371,65.15944],[20.41835,65.15352],[20.42777,65.15176],[20.43723,65.14925],[20.44764,65.14547],[20.45581,65.14438],[20.48231,65.13723],[20.49708,65.13504],[20.50064,65.13378],[20.49203,65.13039],[20.48882,65.12738],[20.4886,65.12618],[20.49594,65.11961],[20.50184,65.11088],[20.50594,65.10764],[20.50744,65.10264],[20.50547,65.09745],[20.50667,65.09464],[20.51622,65.08693],[20.5148,65.08022],[20.51055,65.07569],[20.50862,65.06985],[20.49811,65.06649],[20.48834,65.06507],[20.485,65.06284],[20.48043,65.06101],[20.47862,65.05301],[20.47581,65.05215],[20.47279,65.04861],[20.47221,65.04694],[20.4774,65.04308],[20.47813,65.04119],[20.47691,65.03983],[20.47317,65.03784],[20.46809,65.03677],[20.46156,65.03747],[20.45118,65.03672],[20.44551,65.03762],[20.43601,65.03644],[20.42661,65.03672],[20.41419,65.03299],[20.40676,65.03305],[20.40103,65.03213],[20.40161,65.03026],[20.40631,65.02752],[20.40981,65.02707],[20.41485,65.02728],[20.43058,65.02576],[20.43646,65.02484],[20.44712,65.01803],[20.44253,65.00709],[20.44468,65.00372],[20.45099,65.00087],[20.45077,64.99748],[20.44133,64.98872],[20.43545,64.98535],[20.43024,64.97583],[20.43071,64.97362],[20.43556,64.97059],[20.43629,64.96718],[20.43476,64.96151],[20.43129,64.95454],[20.46171,64.95169],[20.47349,64.94873],[20.49199,64.94542],[20.50671,64.94222],[20.5233,64.9348],[20.5407,64.93057],[20.54939,64.92907],[20.55276,64.92785],[20.55913,64.92491],[20.5666,64.92066],[20.57274,64.91607],[20.5813,64.91283],[20.59327,64.91102],[20.60299,64.91006],[20.59415,64.90502],[20.59246,64.90289],[20.59067,64.89978],[20.59336,64.89635],[20.59233,64.89448],[20.57362,64.88673],[20.56632,64.88186],[20.56383,64.87892],[20.53997,64.86062],[20.51042,64.84425],[20.50626,64.8412],[20.50113,64.8314],[20.49793,64.827],[20.49319,64.81534],[20.4959,64.81075],[20.5021,64.80374],[20.50712,64.79378],[20.5128,64.78518],[20.51613,64.77593],[20.5177,64.767],[20.50894,64.76204],[20.50592,64.76084],[20.5003,64.75917],[20.49504,64.75872],[20.49261,64.75773],[20.48729,64.75202],[20.48523,64.75181],[20.48253,64.75237],[20.48234,64.752],[20.48725,64.75123],[20.49532,64.749],[20.49995,64.74823],[20.50195,64.74651],[20.50308,64.74359],[20.50982,64.7393],[20.51905,64.73747],[20.54634,64.73537],[20.55317,64.72861],[20.55834,64.72537],[20.56345,64.72398],[20.57199,64.72293],[20.57634,64.71947],[20.59057,64.71452],[20.59634,64.706],[20.59572,64.70503],[20.58711,64.70027],[20.58698,64.6996],[20.59724,64.69664],[20.60898,64.69018],[20.60136,64.68688],[20.61816,64.67574],[20.61773,64.6698],[20.61456,64.66132],[20.6173,64.65572],[20.61615,64.65375],[20.61329,64.65175],[20.6155,64.64718],[20.60964,64.64409],[20.60557,64.64027],[20.607,64.63577],[20.60076,64.63175],[20.59982,64.62208],[20.59572,64.61218],[20.59314,64.61066],[20.58499,64.60781],[20.57595,64.60684],[20.57276,64.60588],[20.56752,64.60002],[20.56591,64.59706],[20.56329,64.58528],[20.561,64.58128],[20.56083,64.57208],[20.56205,64.56807],[20.58171,64.55345],[20.59031,64.55127],[20.59949,64.54678],[20.62857,64.53655],[20.63031,64.53547],[20.63224,64.5327],[20.62404,64.52873],[20.62561,64.52781],[20.62548,64.52472],[20.62996,64.51865],[20.62151,64.51625],[20.6178,64.51361],[20.61224,64.5147],[20.60634,64.51436],[20.59394,64.51313],[20.58016,64.51009],[20.55613,64.50638],[20.54991,64.50573],[20.54285,64.50573],[20.51469,64.50367],[20.51235,64.50393],[20.50431,64.50597],[20.49057,64.50994],[20.4807,64.51024],[20.47476,64.51103],[20.46369,64.51075],[20.4571,64.5115],[20.44858,64.51138],[20.43433,64.51256],[20.41888,64.51468],[20.41112,64.51713],[20.40037,64.51966],[20.3902,64.51968],[20.385,64.52137],[20.38189,64.52294],[20.37764,64.52751],[20.3743,64.52961],[20.36473,64.53288],[20.35674,64.53238],[20.3431,64.53217],[20.33076,64.53086],[20.33089,64.52882],[20.32732,64.5261],[20.32629,64.5217],[20.32295,64.51837],[20.32121,64.51762],[20.2902,64.50994],[20.28057,64.50792],[20.27857,64.50687],[20.26814,64.49608],[20.25883,64.49144],[20.2543,64.48848],[20.25134,64.48365],[20.24954,64.48217],[20.24478,64.4817],[20.22731,64.47706],[20.22883,64.47473],[20.22815,64.46773],[20.22422,64.46196],[20.22044,64.45831],[20.21476,64.45593],[20.20922,64.45513],[20.2054,64.45505],[20.20253,64.45387],[20.19811,64.44966],[20.19326,64.44638],[20.18879,64.44471],[20.186,64.44168],[20.17483,64.43677],[20.16403,64.43462],[20.16335,64.43393],[20.1635,64.43179],[20.1624,64.43076],[20.15564,64.42928],[20.15221,64.4278],[20.14817,64.4267],[20.14453,64.4246],[20.12933,64.42055],[20.12631,64.41909],[20.12558,64.41475],[20.12305,64.41258],[20.12217,64.409],[20.1177,64.40645],[20.11867,64.40533],[20.11803,64.40366],[20.12305,64.40068],[20.12397,64.39844],[20.12599,64.39632],[20.12466,64.39396],[20.12648,64.38855],[20.12614,64.38611],[20.12792,64.38276],[20.11107,64.38542],[20.10479,64.38533],[20.09477,64.38975],[20.08307,64.39229],[20.06164,64.39119],[20.05333,64.39372],[20.04717,64.3951],[20.03672,64.39615],[20.03108,64.39587],[20.02634,64.39645],[20.01065,64.39359],[20.00628,64.3943],[19.99166,64.3845],[19.96917,64.37686],[19.96799,64.376],[19.96615,64.37209],[19.95821,64.3707],[19.95351,64.36707],[19.9377,64.36113],[19.9363,64.35913],[19.93916,64.34398],[19.94426,64.33589],[19.94139,64.33326],[19.94154,64.33122],[19.9434,64.32637],[19.94564,64.32493],[19.94808,64.32182],[19.9489,64.31909],[19.94776,64.31225],[19.95724,64.30714],[19.95797,64.306],[19.95742,64.30369],[19.95797,64.30238],[19.9622,64.29819],[19.96847,64.29459],[19.97679,64.28081],[19.97954,64.27798],[19.97799,64.26762],[19.97868,64.26584],[19.97428,64.26047],[19.96452,64.25878],[19.95413,64.25408],[19.9631,64.25363],[19.97036,64.2526],[19.97999,64.252],[20.01194,64.2486],[20.01685,64.24871],[20.02241,64.24966],[20.02248,64.24918],[20.02115,64.24594],[20.01743,64.24236],[20.01261,64.23968],[20.00846,64.23833],[20.0061,64.2365],[20.00334,64.23554],[20.00288,64.23429],[19.99387,64.22904],[19.9855,64.22728],[19.97855,64.22944],[19.97563,64.22919],[19.97044,64.22702],[19.96456,64.22217],[19.97128,64.21421],[19.97036,64.21266],[19.9734,64.20889],[19.97293,64.2076],[19.969,64.2055],[19.96902,64.20063],[19.95602,64.19627],[19.95388,64.19181],[19.94881,64.1888],[19.94179,64.18696],[19.93793,64.18453],[19.93707,64.17814],[19.94008,64.17584],[19.9407,64.17337],[19.94409,64.17127],[19.94405,64.16773],[19.94564,64.16518],[19.94072,64.15887],[19.94034,64.15498],[19.9377,64.15262],[19.94023,64.14417],[19.94276,64.13971],[19.94729,64.13621],[19.95647,64.12745],[19.96969,64.11685],[19.96557,64.1101],[19.95958,64.10522],[19.95658,64.10098],[19.95385,64.09274],[19.95428,64.08883],[19.93928,64.08984],[19.93441,64.09055],[19.89873,64.09864],[19.89515,64.09898],[19.88219,64.09825],[19.8671,64.09943],[19.8597,64.09926],[19.85693,64.09967],[19.85242,64.09943],[19.84266,64.10063],[19.83946,64.10063],[19.82745,64.09958],[19.81695,64.09658],[19.78144,64.09231],[19.77436,64.09263],[19.76455,64.09207],[19.7437,64.09222],[19.7273,64.09325],[19.71876,64.09293],[19.71552,64.09347],[19.71091,64.09304],[19.69911,64.0931],[19.69057,64.09686],[19.68707,64.09752],[19.68209,64.09776],[19.6775,64.09666],[19.67484,64.09497],[19.67259,64.09424],[19.66872,64.09462],[19.66239,64.09111],[19.6437,64.08709],[19.62772,64.08439],[19.61231,64.07935],[19.60658,64.07422],[19.6042,64.06873],[19.60094,64.0686],[19.59804,64.06761],[19.58873,64.06864],[19.57772,64.06596],[19.57062,64.06495],[19.56721,64.06484],[19.56345,64.06295],[19.56103,64.05993],[19.55384,64.0584],[19.55294,64.05656],[19.5491,64.05403],[19.52846,64.05158],[19.52148,64.0516],[19.51234,64.05306],[19.49824,64.05647],[19.47964,64.06003],[19.47101,64.0625],[19.46758,64.06244],[19.45608,64.06074],[19.45773,64.0574],[19.4575,64.05632],[19.44842,64.04617],[19.44659,64.04242],[19.43975,64.03907],[19.43612,64.03489],[19.43271,64.03351],[19.42799,64.03253],[19.42801,64.03139],[19.43003,64.03038],[19.43014,64.02896],[19.43187,64.02735],[19.43554,64.02551],[19.45316,64.02617],[19.47672,64.02568],[19.47807,64.0224],[19.48239,64.02042],[19.48728,64.01714],[19.48799,64.01624],[19.48769,64.0139],[19.48215,64.01077],[19.48221,64.00931],[19.48915,64.00234],[19.49294,63.99588],[19.51208,63.98313],[19.51309,63.9791],[19.5088,63.97648],[19.50475,63.97075],[19.50577,63.96916],[19.51318,63.96506],[19.51597,63.9615],[19.51599,63.96006],[19.51384,63.95663],[19.51386,63.95489],[19.52043,63.947],[19.50869,63.94635],[19.50258,63.94567],[19.49674,63.94388],[19.49217,63.94318],[19.48762,63.94333],[19.47451,63.94039],[19.48421,63.93517],[19.48865,63.93101],[19.47116,63.93118],[19.45591,63.93264],[19.47161,63.91957],[19.47612,63.91009],[19.49146,63.89271],[19.49764,63.86561],[19.48215,63.86571],[19.4702,63.86501],[19.46573,63.86438],[19.48451,63.83711],[19.4888,63.82902],[19.5026,63.80791],[19.50498,63.79958],[19.50799,63.79853],[19.50891,63.79653],[19.50953,63.78917],[19.50747,63.77836],[19.50292,63.77488],[19.48526,63.76763],[19.47848,63.76628],[19.46061,63.76488],[19.45441,63.76486],[19.44389,63.76523],[19.42679,63.76797],[19.42445,63.76969],[19.42145,63.77053],[19.41563,63.77308],[19.40784,63.7743],[19.38171,63.78173],[19.36941,63.79012],[19.36469,63.79218],[19.35064,63.79527],[19.34175,63.79578],[19.33341,63.79535],[19.30536,63.78821],[19.30706,63.7857],[19.30761,63.78033],[19.3092,63.77754],[19.30882,63.76825],[19.30939,63.76716],[19.30626,63.76682],[19.30248,63.76718],[19.29867,63.76834],[19.29543,63.76864],[19.2927,63.76939],[19.28873,63.76976],[19.27798,63.76823],[19.27272,63.768],[19.26442,63.76896],[19.25534,63.76883],[19.24811,63.76973],[19.24515,63.77085],[19.24189,63.77353],[19.22663,63.77984],[19.21895,63.78175],[19.21211,63.78218],[19.20271,63.78508],[19.18449,63.78531],[19.18179,63.78606],[19.17882,63.78636],[19.16801,63.78619],[19.16537,63.78544],[19.15468,63.78027],[19.14297,63.77907],[19.13799,63.77808],[19.13108,63.77872],[19.12591,63.77733],[19.11492,63.7784],[19.10188,63.78145],[19.06458,63.78173],[19.05014,63.78458],[19.02158,63.78626],[19.0207,63.7834],[19.01695,63.77984],[19.01628,63.77742],[19.01128,63.76933],[19.00944,63.76881],[18.99884,63.76954],[18.99158,63.76933],[18.98457,63.76791],[18.98401,63.76564],[18.97646,63.7637],[18.97274,63.76319],[18.97195,63.76261],[18.97139,63.7613],[18.96923,63.75973],[18.96897,63.75733],[18.96532,63.75115],[18.96429,63.74577],[18.96157,63.7442],[18.96026,63.74203],[18.95651,63.74076],[18.95594,63.73403],[18.95239,63.73323],[18.94979,63.73208],[18.946,63.73189],[18.93753,63.73057],[18.93217,63.73495],[18.92826,63.73665],[18.9244,63.73708],[18.91811,63.7371],[18.91505,63.73559],[18.9112,63.73276],[18.90788,63.73186],[18.90481,63.72924],[18.90393,63.72905],[18.89719,63.72974],[18.89421,63.72924],[18.89333,63.72781],[18.89427,63.7262],[18.89492,63.71963],[18.88818,63.7157],[18.88642,63.71315],[18.887,63.70867],[18.88174,63.7056],[18.88198,63.70244],[18.87239,63.7006],[18.86988,63.69948],[18.86413,63.69403],[18.86586,63.6933],[18.8634,63.69216],[18.85554,63.69294],[18.8482,63.6924],[18.83752,63.69566],[18.81402,63.69965],[18.80443,63.70176],[18.80196,63.70158],[18.79862,63.70008],[18.79604,63.69965],[18.79053,63.7],[18.78666,63.70113],[18.78115,63.70137],[18.77669,63.70212],[18.77149,63.70182],[18.76935,63.7021],[18.76182,63.70375],[18.75491,63.70635],[18.74864,63.70746],[18.74201,63.70929],[18.72744,63.71407],[18.71572,63.71487],[18.70997,63.71568],[18.7068,63.71725],[18.6915,63.72094],[18.68618,63.72137],[18.67738,63.72457],[18.67118,63.72478],[18.6656,63.72748],[18.63942,63.73227],[18.63221,63.73229],[18.62861,63.73143],[18.62633,63.73135],[18.61738,63.73289],[18.61151,63.73272],[18.59809,63.73384],[18.58603,63.73789],[18.57488,63.74259],[18.56181,63.74478],[18.55342,63.74547],[18.54559,63.74521],[18.53857,63.74838],[18.53381,63.74969],[18.52336,63.74995],[18.51701,63.74795],[18.50958,63.74658],[18.50469,63.74426],[18.49686,63.74469],[18.4945,63.74905],[18.48954,63.75278],[18.48016,63.75828],[18.47733,63.76094],[18.44896,63.76757],[18.43836,63.76699],[18.42748,63.76791],[18.41418,63.76699],[18.40886,63.76716],[18.4018,63.76566],[18.3983,63.76529],[18.38764,63.76613],[18.38723,63.763],[18.38478,63.76203],[18.38047,63.76158],[18.3785,63.76083],[18.37805,63.76023],[18.37948,63.75596],[18.37652,63.75222],[18.36963,63.75055],[18.3683,63.74926],[18.3694,63.74585],[18.37457,63.74156],[18.37755,63.72987],[18.37665,63.72933],[18.37414,63.72989],[18.36871,63.73266],[18.3647,63.73111],[18.36197,63.73062],[18.35708,63.72781],[18.34766,63.72446],[18.34262,63.72403],[18.33987,63.72302],[18.33906,63.72223],[18.3317,63.72006],[18.32989,63.7206],[18.32532,63.72062],[18.32131,63.72111],[18.30629,63.72624],[18.30127,63.72729],[18.29732,63.72611],[18.2943,63.72021],[18.28612,63.71609],[18.2847,63.71158],[18.28112,63.70845],[18.2787,63.70764],[18.27677,63.70596],[18.27679,63.70553],[18.28033,63.70482],[18.27938,63.7007],[18.2787,63.70028],[18.27084,63.69888],[18.26655,63.69573],[18.26567,63.69167],[18.26608,63.68907],[18.26544,63.6889],[18.26016,63.6898],[18.2572,63.68976],[18.25089,63.69141],[18.2469,63.69068],[18.2413,63.68813],[18.24014,63.68663],[18.24256,63.68191],[18.24267,63.67772],[18.24027,63.67584],[18.23625,63.67382],[18.22958,63.67116],[18.22055,63.65963],[18.2187,63.65957],[18.21518,63.65839],[18.21342,63.65646],[18.20602,63.65609],[18.20454,63.65551],[18.21235,63.6509],[18.21851,63.64854],[18.22507,63.64504],[18.22834,63.64125],[18.22709,63.63976],[18.23155,63.63657],[18.23449,63.63266],[18.23402,63.63107],[18.23494,63.62951],[18.23439,63.62813],[18.2311,63.62622],[18.22808,63.62524],[18.22449,63.62571],[18.2234,63.6255],[18.21999,63.62382],[18.21548,63.62271],[18.21411,63.6206],[18.21143,63.61895],[18.20561,63.61743],[18.20332,63.61294],[18.20368,63.60865],[18.20177,63.60741],[18.20254,63.60657],[18.20205,63.60588],[18.19823,63.60133],[18.1963,63.59992],[18.19381,63.59915],[18.18883,63.59554],[18.19012,63.58887],[18.19471,63.58505],[18.1943,63.58389],[18.19231,63.58288],[18.19132,63.58129],[18.19014,63.57295],[18.19104,63.57209],[18.20344,63.56595],[18.19797,63.56348],[18.18551,63.56288],[18.18051,63.56198],[18.17104,63.55947],[18.16557,63.56001],[18.15714,63.55992],[18.14708,63.56121],[18.13551,63.5614],[18.12961,63.56202],[18.11712,63.56018],[18.10731,63.55988],[18.10058,63.55835],[18.09429,63.55355],[18.09249,63.5493],[18.08674,63.54717],[18.07918,63.54012],[18.0795,63.53795],[18.07783,63.53587],[18.07978,63.526],[18.08146,63.52443],[18.08573,63.52254],[18.08504,63.52147],[18.08023,63.52082],[18.07214,63.52237],[18.06328,63.52203],[18.06064,63.52115],[18.05843,63.52246],[18.05455,63.52379],[18.04434,63.52565],[18.04073,63.52604],[17.99623,63.5275],[17.9841,63.52999],[17.97492,63.53024],[17.97112,63.53089],[17.96762,63.53258],[17.96316,63.5381],[17.95535,63.54359],[17.9514,63.54932],[17.94473,63.55413],[17.94192,63.55865],[17.9331,63.56599],[17.93115,63.56614],[17.92879,63.56792],[17.92595,63.56874],[17.91997,63.57194],[17.91958,63.57275],[17.91544,63.57393],[17.90435,63.57988],[17.90096,63.58241],[17.89617,63.58219],[17.88136,63.58747],[17.87737,63.58747],[17.87394,63.58859],[17.87141,63.58889],[17.86735,63.58824],[17.86491,63.58674],[17.85969,63.58511],[17.8595,63.582],[17.85559,63.58217],[17.85418,63.58179],[17.85141,63.58207],[17.84778,63.58161],[17.84489,63.58209],[17.84094,63.582],[17.83751,63.58024],[17.83259,63.5764],[17.8256,63.57286],[17.82356,63.57262],[17.81841,63.57046],[17.81047,63.56818],[17.80483,63.56717],[17.80122,63.56717],[17.79285,63.56462],[17.78901,63.56211],[17.78607,63.5593],[17.7809,63.55668],[17.78071,63.55572],[17.77888,63.55518],[17.76978,63.55486],[17.7579,63.55732],[17.75358,63.55722],[17.75009,63.55668],[17.74477,63.55666],[17.73829,63.55501],[17.72925,63.55333],[17.72648,63.55305],[17.72153,63.55353],[17.71687,63.55314],[17.71485,63.55183],[17.71129,63.55138],[17.70758,63.54975],[17.70548,63.54743],[17.70091,63.54565],[17.704,63.54428],[17.70962,63.53917],[17.72151,63.53211],[17.72311,63.52958],[17.72826,63.52767],[17.73399,63.524],[17.74015,63.51812],[17.7506,63.51267],[17.75343,63.51205],[17.76238,63.51115],[17.7618,63.5101],[17.76472,63.50853],[17.76515,63.50585],[17.75854,63.50413],[17.75204,63.50394],[17.74618,63.5049],[17.73966,63.50544],[17.73022,63.50505],[17.72071,63.50692],[17.69825,63.50711],[17.6923,63.50825],[17.68211,63.50857],[17.68074,63.50827],[17.68001,63.50748],[17.68209,63.50432],[17.69071,63.49761],[17.69417,63.49319],[17.69706,63.49087],[17.70258,63.48797],[17.70968,63.48102],[17.7105,63.47945],[17.71773,63.47499],[17.72635,63.47119],[17.7273,63.46969],[17.72728,63.46671],[17.72878,63.46503],[17.74348,63.45849],[17.74895,63.45323],[17.75161,63.45173],[17.77882,63.4395],[17.7874,63.43731],[17.79566,63.43266],[17.79841,63.42495],[17.8077,63.41624],[17.80918,63.41195],[17.80854,63.41053],[17.80935,63.41051],[17.81043,63.40935],[17.81105,63.40703],[17.81375,63.40332],[17.816,63.4018],[17.81678,63.39942],[17.82244,63.39592],[17.82214,63.39525],[17.82405,63.39214],[17.8253,63.39133],[17.82532,63.39056],[17.82412,63.38983],[17.82141,63.38961],[17.81772,63.3886],[17.81461,63.38843],[17.81706,63.38637],[17.81884,63.38579],[17.83291,63.38414],[17.83845,63.38633],[17.84055,63.38637],[17.85317,63.38264],[17.85392,63.3839],[17.85662,63.38345],[17.85774,63.38414],[17.85444,63.38489],[17.85417,63.38441],[17.85444,63.38489],[17.87819,63.37908],[17.87297,63.37431],[17.87259,63.3733],[17.87358,63.37111],[17.87128,63.3686],[17.87205,63.3676],[17.87744,63.36485],[17.88742,63.35702],[17.88312,63.33507],[17.88422,63.33163],[17.89516,63.32159],[17.89615,63.31745],[17.89078,63.31187],[17.88244,63.30987],[17.87162,63.30914],[17.86074,63.30895],[17.84976,63.31043],[17.8468,63.31011],[17.83982,63.3082],[17.82721,63.30829],[17.82592,63.30696],[17.82733,63.30623],[17.82693,63.30457],[17.82978,63.30339],[17.82974,63.30301],[17.82433,63.30157],[17.82596,63.3003],[17.82641,63.29794],[17.82959,63.29374],[17.82654,63.29206],[17.82763,63.29058],[17.83081,63.28887],[17.83083,63.28608],[17.83051,63.28494],[17.82688,63.28372],[17.82894,63.27947],[17.83027,63.27863],[17.83656,63.27728],[17.84454,63.27292],[17.84815,63.27256],[17.85512,63.27048],[17.856,63.2673],[17.8621,63.26567],[17.86482,63.26365],[17.86999,63.26245],[17.87411,63.26222],[17.87911,63.2628],[17.88319,63.26035],[17.88433,63.25758],[17.88381,63.25565],[17.88143,63.25443],[17.88252,63.25258],[17.8822,63.2517],[17.87748,63.25102],[17.87304,63.25149],[17.86958,63.25134],[17.86476,63.25027],[17.84909,63.24175],[17.84826,63.23919],[17.8536,63.23546],[17.85366,63.23325],[17.85772,63.23228],[17.8636,63.23241],[17.8651,63.23151],[17.8684,63.23087],[17.87194,63.229],[17.87864,63.22422],[17.87933,63.22231],[17.87883,63.22128],[17.88589,63.21821],[17.88939,63.21578],[17.89381,63.21409],[17.89639,63.21218],[17.90619,63.20827],[17.90765,63.20608],[17.91576,63.2031],[17.92902,63.19726],[17.93267,63.196],[17.93703,63.19584],[17.93572,63.19373],[17.93575,63.19119],[17.92939,63.18698],[17.92994,63.1853],[17.92904,63.18418]]}},{"type":"Feature","properties":{"name":"TET_S-07_20260801","country":"SE","lengthKm":686.1},"geometry":{"type":"LineString","coordinates":[[16.14604,60.63372],[16.14379,60.635],[16.14256,60.63648],[16.14355,60.63736],[16.14673,60.63846],[16.14915,60.6403],[16.15422,60.64198],[16.15606,60.64623],[16.15967,60.64771],[16.16411,60.64807],[16.16713,60.64882],[16.17052,60.64887],[16.17458,60.65099],[16.17445,60.65221],[16.16881,60.65442],[16.16617,60.65618],[16.16492,60.65771],[16.16415,60.6617],[16.16552,60.66535],[16.16945,60.66826],[16.1652,60.67369],[16.16578,60.67749],[16.1669,60.67848],[16.17063,60.6797],[16.17123,60.68058],[16.17127,60.68174],[16.16936,60.68532],[16.16954,60.68727],[16.15722,60.69255],[16.15325,60.69266],[16.14653,60.69152],[16.14065,60.69193],[16.13452,60.69165],[16.12791,60.69013],[16.12525,60.69017],[16.11819,60.69131],[16.11583,60.69238],[16.10939,60.69745],[16.10422,60.69848],[16.09868,60.70039],[16.09609,60.70253],[16.09499,60.70549],[16.09137,60.70785],[16.09748,60.71045],[16.10006,60.7124],[16.10482,60.71416],[16.10587,60.7168],[16.10347,60.72073],[16.09993,60.72429],[16.09615,60.72523],[16.09413,60.72699],[16.09001,60.72873],[16.09025,60.72976],[16.09259,60.73081],[16.09336,60.73197],[16.09143,60.73354],[16.0889,60.73422],[16.08725,60.73523],[16.08682,60.73624],[16.08815,60.73828],[16.08662,60.73976],[16.08474,60.74047],[16.08392,60.74201],[16.0831,60.7454],[16.08379,60.74757],[16.0828,60.75092],[16.08341,60.75195],[16.08519,60.75294],[16.08516,60.75414],[16.0821,60.75669],[16.07821,60.75845],[16.07609,60.7601],[16.0615,60.76431],[16.05718,60.76665],[16.05197,60.76645],[16.04879,60.76793],[16.04716,60.76965],[16.04414,60.77551],[16.04609,60.77937],[16.04613,60.78074],[16.04515,60.78132],[16.04064,60.78229],[16.03929,60.78347],[16.03764,60.78409],[16.03555,60.78729],[16.03124,60.78982],[16.03058,60.79137],[16.03113,60.79197],[16.03435,60.79319],[16.03852,60.793],[16.04851,60.79476],[16.05708,60.79407],[16.06163,60.79536],[16.06358,60.79649],[16.06178,60.79943],[16.06242,60.80171],[16.06392,60.80325],[16.06763,60.80482],[16.07452,60.80557],[16.07594,60.80637],[16.0757,60.80748],[16.07349,60.80961],[16.07055,60.81119],[16.07059,60.81175],[16.07306,60.81351],[16.07289,60.81499],[16.06407,60.82151],[16.06004,60.8231],[16.05843,60.82493],[16.05375,60.82662],[16.04907,60.82778],[16.0524,60.82804],[16.0539,60.82872],[16.04716,60.83068],[16.05173,60.82969],[16.05328,60.82995],[16.05497,60.8304],[16.0609,60.83379],[16.05982,60.84121],[16.06137,60.84389],[16.06639,60.84563],[16.07366,60.84716],[16.07635,60.8481],[16.08609,60.84915],[16.09439,60.85321],[16.0954,60.85919],[16.09935,60.8654],[16.1025,60.88267],[16.10147,60.88612],[16.09418,60.89526],[16.09383,60.89829],[16.09531,60.90091],[16.09984,60.90393],[16.1077,60.90732],[16.11235,60.9088],[16.12063,60.90994],[16.13244,60.90977],[16.13975,60.91196],[16.13398,60.9144],[16.13192,60.91481],[16.1263,60.91496],[16.12231,60.91642],[16.11851,60.91947],[16.11806,60.92164],[16.1163,60.92348],[16.11355,60.92462],[16.11008,60.92687],[16.10759,60.92927],[16.10748,60.93069],[16.11119,60.93498],[16.11132,60.93674],[16.11276,60.93893],[16.11051,60.94597],[16.11046,60.94912],[16.10877,60.95108],[16.11143,60.95354],[16.11503,60.95522],[16.11546,60.95663],[16.11443,60.95786],[16.10924,60.96092],[16.10546,60.96213],[16.1004,60.96788],[16.10061,60.96955],[16.10435,60.97371],[16.10379,60.97728],[16.10321,60.97927],[16.10182,60.98097],[16.09725,60.98401],[16.09409,60.98691],[16.0936,60.99223],[16.09585,60.99333],[16.09639,60.99414],[16.09557,60.99691],[16.09233,61.00062],[16.09137,61.00337],[16.09188,61.00976],[16.09304,61.01086],[16.09748,61.01285],[16.09909,61.01403],[16.10117,61.01905],[16.09581,61.02686],[16.08984,61.0306],[16.08875,61.03302],[16.0939,61.03806],[16.09664,61.04922],[16.10132,61.05364],[16.10379,61.0592],[16.11231,61.06757],[16.11551,61.06959],[16.12329,61.07184],[16.12555,61.07287],[16.1567,61.09776],[16.16089,61.10003],[16.15909,61.1054],[16.1555,61.10866],[16.14722,61.11463],[16.14754,61.11626],[16.15076,61.1183],[16.16138,61.12029],[16.16477,61.12162],[16.17376,61.12306],[16.17625,61.12478],[16.17833,61.1275],[16.1755,61.1298],[16.17681,61.13244],[16.1761,61.13413],[16.17316,61.13641],[16.17329,61.1381],[16.16891,61.13939],[16.16855,61.14022],[16.1696,61.14168],[16.16936,61.1425],[16.16756,61.14364],[16.16539,61.14628],[16.16181,61.14823],[16.15975,61.15241],[16.16035,61.15409],[16.15855,61.16035],[16.1563,61.16248],[16.15685,61.16758],[16.15544,61.16975],[16.15407,61.17095],[16.15276,61.17355],[16.15025,61.17584],[16.14743,61.17756],[16.13812,61.18531],[16.1399,61.19297],[16.13825,61.19486],[16.13812,61.19644],[16.14016,61.19846],[16.14323,61.19975],[16.14196,61.20217],[16.14183,61.20413],[16.14458,61.20627],[16.14417,61.20966],[16.15091,61.21715],[16.14887,61.22106],[16.14643,61.22339],[16.14568,61.22623],[16.14658,61.22724],[16.15031,61.22936],[16.15201,61.23116],[16.14934,61.23567],[16.14864,61.23987],[16.14613,61.24275],[16.14252,61.2453],[16.1434,61.24891],[16.14115,61.25131],[16.1331,61.25586],[16.12576,61.25736],[16.12205,61.2605],[16.12293,61.26391],[16.11817,61.26794],[16.11529,61.27298],[16.11338,61.27412],[16.1095,61.27552],[16.10025,61.28165],[16.09583,61.28367],[16.09443,61.28509],[16.09225,61.29013],[16.08658,61.29569],[16.08675,61.29762],[16.09066,61.29901],[16.09158,61.30116],[16.09025,61.30264],[16.09008,61.30382],[16.0881,61.30532],[16.08862,61.30723],[16.08729,61.3112],[16.08568,61.31197],[16.0827,61.31259],[16.08162,61.31485],[16.07785,61.31742],[16.07684,61.31983],[16.07538,61.32137],[16.0704,61.32388],[16.06577,61.32493],[16.06246,61.32613],[16.0615,61.32706],[16.06244,61.33053],[16.0601,61.33244],[16.06244,61.33379],[16.0651,61.33809],[16.06351,61.34034],[16.06995,61.34351],[16.07293,61.34442],[16.07135,61.34515],[16.06514,61.34229],[16.06137,61.34424],[16.0515,61.34579],[16.04894,61.36203],[16.05008,61.36317],[16.05508,61.36534],[16.05693,61.36675],[16.05656,61.37006],[16.05122,61.37604],[16.06133,61.3792],[16.06858,61.37911],[16.07308,61.37986],[16.07868,61.38008],[16.08688,61.37986],[16.08789,61.38695],[16.08695,61.39119],[16.09049,61.39381],[16.09478,61.3954],[16.09673,61.39675],[16.09752,61.40061],[16.10469,61.40707],[16.10787,61.4084],[16.11222,61.40945],[16.11658,61.41233],[16.13351,61.43748],[16.13988,61.44098],[16.13881,61.44271],[16.13531,61.44458],[16.13709,61.44666],[16.13889,61.4472],[16.14244,61.44696],[16.15194,61.44737],[16.15546,61.44814],[16.16179,61.45203],[16.16394,61.45711],[16.1746,61.46136],[16.17359,61.46612],[16.17563,61.46844],[16.17795,61.47823],[16.17299,61.48327],[16.15235,61.49531],[16.14754,61.4996],[16.13714,61.50619],[16.13576,61.51479],[16.13254,61.51546],[16.13319,61.51621],[16.13265,61.52179],[16.13621,61.52655],[16.14387,61.53322],[16.14825,61.53292],[16.15512,61.53307],[16.1614,61.53449],[16.17123,61.53513],[16.1837,61.5379],[16.18797,61.53805],[16.19151,61.53861],[16.19784,61.5412],[16.19947,61.54144],[16.21024,61.54084],[16.21477,61.54127],[16.21885,61.54099],[16.22282,61.54247],[16.23112,61.54217],[16.23597,61.54247],[16.24185,61.54217],[16.24586,61.54095],[16.26288,61.54307],[16.26719,61.54232],[16.27369,61.54434],[16.2829,61.5453],[16.29944,61.54292],[16.30684,61.54054],[16.31457,61.54082],[16.32547,61.53769],[16.32742,61.53781],[16.33343,61.53693],[16.33742,61.53708],[16.33985,61.53848],[16.34206,61.53914],[16.34579,61.53953],[16.34708,61.53929],[16.3504,61.54041],[16.36321,61.54073],[16.36617,61.5403],[16.36939,61.53702],[16.36894,61.53541],[16.36989,61.53363],[16.36821,61.53208],[16.36843,61.52833],[16.37516,61.52816],[16.38377,61.52691],[16.38774,61.52726],[16.39122,61.52923],[16.39347,61.53565],[16.39572,61.54037],[16.39709,61.54163],[16.39922,61.5426],[16.40304,61.54335],[16.41325,61.54367],[16.41675,61.5452],[16.41765,61.5509],[16.41302,61.56103],[16.41932,61.56371],[16.4337,61.56708],[16.44752,61.56861],[16.45134,61.56942],[16.46299,61.57369],[16.4713,61.57412],[16.47711,61.57292],[16.48198,61.57275],[16.47235,61.57839],[16.46619,61.57968],[16.45752,61.58738],[16.45507,61.58914],[16.45007,61.59148],[16.4469,61.59436],[16.4428,61.59942],[16.44263,61.60099],[16.43692,61.60839],[16.43143,61.61253],[16.42761,61.61405],[16.42621,61.61558],[16.42531,61.61755],[16.42842,61.62049],[16.42836,61.62553],[16.43177,61.6301],[16.43263,61.63493],[16.43497,61.63568],[16.43898,61.63523],[16.44233,61.636],[16.44368,61.63667],[16.44404,61.63772],[16.44316,61.63845],[16.43883,61.63888],[16.43095,61.63809],[16.42752,61.63811],[16.42525,61.63845],[16.42033,61.64045],[16.41958,61.64268],[16.41585,61.64682],[16.42005,61.65298],[16.41883,61.65834],[16.41926,61.65944],[16.42377,61.66092],[16.42568,61.66265],[16.42881,61.66433],[16.43855,61.66712],[16.44196,61.66641],[16.4487,61.66574],[16.45321,61.66407],[16.45473,61.66216],[16.46235,61.65909],[16.46606,61.65817],[16.47387,61.65806],[16.48263,61.65862],[16.49127,61.65766],[16.49758,61.6563],[16.5093,61.65283],[16.51674,61.64929],[16.52185,61.64847],[16.52726,61.64824],[16.53944,61.64594],[16.54213,61.64294],[16.54447,61.64195],[16.54603,61.6421],[16.54792,61.64304],[16.55142,61.64362],[16.55931,61.64416],[16.56234,61.64555],[16.56436,61.64577],[16.57032,61.64469],[16.57865,61.64551],[16.58667,61.6503],[16.58828,61.65051],[16.59356,61.65012],[16.59727,61.6509],[16.5992,61.65208],[16.6056,61.65712],[16.60571,61.66017],[16.60397,61.66371],[16.60444,61.66527],[16.60721,61.6672],[16.60405,61.66858],[16.60234,61.67207],[16.5997,61.67334],[16.5968,61.67413],[16.59547,61.67626],[16.59047,61.67866],[16.58993,61.67939],[16.59039,61.6825],[16.58659,61.68463],[16.5788,61.68585],[16.57004,61.68851],[16.56747,61.6889],[16.55298,61.69452],[16.55307,61.69596],[16.56159,61.70109],[16.56195,61.70222],[16.56065,61.7037],[16.55648,61.70544],[16.55256,61.70894],[16.54955,61.71278],[16.54983,61.71407],[16.55262,61.71583],[16.5521,61.71776],[16.54687,61.72224],[16.54423,61.72351],[16.54129,61.72574],[16.53786,61.72666],[16.53696,61.72752],[16.53485,61.73136],[16.53644,61.73383],[16.53078,61.73939],[16.529,61.74192],[16.52515,61.75248],[16.52524,61.75507],[16.51891,61.75763],[16.51636,61.75917],[16.51685,61.76104],[16.51983,61.76213],[16.52191,61.76368],[16.52279,61.76698],[16.5211,61.76788],[16.51777,61.76844],[16.51071,61.77333],[16.51155,61.77505],[16.51076,61.77662],[16.51322,61.77835],[16.52095,61.77878],[16.52657,61.78016],[16.53234,61.78376],[16.53479,61.78844],[16.53923,61.78973],[16.54429,61.79037],[16.54539,61.79082],[16.54876,61.7938],[16.55341,61.80204],[16.55466,61.80247],[16.5532,61.80507],[16.55264,61.81011],[16.56075,61.81316],[16.56811,61.81427],[16.57923,61.8144],[16.58118,61.81539],[16.5817,61.8164],[16.58903,61.82041],[16.59015,61.82163],[16.58998,61.82393],[16.59305,61.82627],[16.59738,61.83144],[16.59788,61.83119],[16.59738,61.83144],[16.60599,61.84217],[16.60635,61.84979],[16.60762,61.85337],[16.60875,61.85438],[16.613,61.85648],[16.61708,61.85631],[16.62246,61.85451],[16.63639,61.85301],[16.64034,61.85337],[16.64699,61.8553],[16.64991,61.85526],[16.66283,61.85052],[16.6666,61.84854],[16.67373,61.84674],[16.6778,61.84382],[16.68883,61.8412],[16.69785,61.83794],[16.7045,61.83618],[16.70703,61.83498],[16.71812,61.83245],[16.72462,61.83015],[16.73115,61.82934],[16.73786,61.82998],[16.74557,61.82842],[16.75434,61.82887],[16.75795,61.82867],[16.76127,61.82831],[16.76698,61.82691],[16.77432,61.82743],[16.7779,61.82683],[16.78061,61.82593],[16.78595,61.82657],[16.78968,61.82599],[16.79245,61.82599],[16.79543,61.82681],[16.79934,61.82691],[16.80634,61.82835],[16.81586,61.82638],[16.82698,61.82548],[16.83213,61.82346],[16.83438,61.82153],[16.8349,61.81726],[16.83674,61.81569],[16.84586,61.81582],[16.85526,61.8144],[16.86125,61.81397],[16.86397,61.81395],[16.8682,61.81468],[16.87358,61.81389],[16.87929,61.81576],[16.8771,61.81747],[16.87285,61.81902],[16.8706,61.82086],[16.86743,61.82241],[16.86086,61.82876],[16.85541,61.8297],[16.85309,61.82972],[16.84702,61.83142],[16.83247,61.83786],[16.82015,61.84532],[16.81837,61.84689],[16.81344,61.84854],[16.81187,61.84981],[16.80537,61.85747],[16.80535,61.85904],[16.80413,61.86125],[16.80481,61.86341],[16.8034,61.86764],[16.80363,61.87584],[16.80455,61.87871],[16.80406,61.87968],[16.79722,61.88414],[16.79149,61.88927],[16.7873,61.89122],[16.78003,61.89238],[16.77617,61.89609],[16.7667,61.90071],[16.76348,61.90532],[16.76108,61.90648],[16.75383,61.90813],[16.74555,61.91279],[16.73205,61.91491],[16.72836,61.91665],[16.72426,61.9174],[16.72063,61.91998],[16.71799,61.92092],[16.71269,61.92173],[16.70673,61.92201],[16.69703,61.92167],[16.693,61.92053],[16.68909,61.92043],[16.68375,61.92161],[16.68124,61.92261],[16.67789,61.92491],[16.67405,61.926],[16.67265,61.92869],[16.66203,61.93006],[16.65918,61.93139],[16.6565,61.93141],[16.65465,61.93182],[16.65362,61.93105],[16.65027,61.93094],[16.64703,61.92974],[16.63727,61.93],[16.63414,61.92785],[16.62725,61.92536],[16.61631,61.9227],[16.61341,61.92131],[16.60856,61.92043],[16.60506,61.91931],[16.60225,61.91897],[16.59884,61.9174],[16.59094,61.91571],[16.58343,61.91315],[16.57633,61.91182],[16.56519,61.90665],[16.56271,61.9095],[16.56552,61.91135],[16.56532,61.91208],[16.56361,61.91259],[16.5573,61.91326],[16.55584,61.91313],[16.55374,61.91227],[16.55307,61.91191],[16.55346,61.91141],[16.55389,61.91122],[16.55307,61.91191],[16.55374,61.91227],[16.55584,61.91313],[16.5573,61.91326],[16.56361,61.91259],[16.56532,61.91208],[16.56552,61.91135],[16.56271,61.9095],[16.56519,61.90665],[16.57633,61.91182],[16.58343,61.91315],[16.59094,61.91571],[16.59884,61.9174],[16.60225,61.91897],[16.60506,61.91931],[16.60856,61.92043],[16.61341,61.92131],[16.61882,61.92418],[16.61781,61.92463],[16.61244,61.92491],[16.60963,61.92558],[16.60607,61.92897],[16.59968,61.93077],[16.59845,61.9318],[16.59837,61.93285],[16.59371,61.93744],[16.58996,61.94362],[16.58579,61.94733],[16.58914,61.95143],[16.58826,61.95695],[16.58753,61.95742],[16.58496,61.95778],[16.5824,61.95929],[16.58017,61.96002],[16.5791,61.96306],[16.58009,61.96529],[16.57785,61.96604],[16.57612,61.96761],[16.57803,61.96976],[16.57773,61.97152],[16.57968,61.97319],[16.58341,61.97484],[16.58414,61.97559],[16.58635,61.97583],[16.58899,61.9772],[16.58826,61.97935],[16.59871,61.98409],[16.60388,61.98697],[16.60553,61.98866],[16.60856,61.9895],[16.61165,61.98982],[16.61828,61.99175],[16.6206,61.99203],[16.62543,61.99188],[16.62688,61.99224],[16.63585,61.99533],[16.6397,61.99769],[16.64643,61.99877],[16.6527,62.00166],[16.65506,62.00044],[16.66439,61.99883],[16.67373,61.99422],[16.67637,61.99342],[16.67763,61.99321],[16.67879,61.9936],[16.68102,61.99289],[16.68336,61.99291],[16.68828,61.99074],[16.69806,61.99036],[16.70315,61.98933],[16.70574,61.98778],[16.70645,61.98527],[16.70892,61.98149],[16.71016,61.97798],[16.71061,61.97274],[16.71147,61.97124],[16.71407,61.96944],[16.72059,61.96656],[16.72235,61.96437],[16.7222,61.96293],[16.72128,61.96199],[16.72246,61.96017],[16.72065,61.95901],[16.71984,61.95922],[16.72065,61.95901],[16.72033,61.95877],[16.72462,61.95858],[16.72795,61.95877],[16.73246,61.95997],[16.73392,61.96173],[16.73231,61.96407],[16.73244,61.9648],[16.73705,61.96727],[16.73812,61.96838],[16.73786,61.96913],[16.74037,61.97074],[16.74349,61.9713],[16.74664,61.97107],[16.74823,61.97047],[16.75314,61.96984],[16.75885,61.97066],[16.76052,61.96997],[16.76168,61.96997],[16.76475,61.971],[16.76593,61.97379],[16.77175,61.97617],[16.77387,61.97628],[16.77947,61.97765],[16.78471,61.97843],[16.78694,61.97982],[16.79056,61.97976],[16.7964,61.981],[16.80273,61.98079],[16.80758,61.98308],[16.81011,61.98319],[16.81387,61.98396],[16.81627,61.98508],[16.81715,61.98664],[16.81816,61.98718],[16.83153,61.98823],[16.83563,61.99038],[16.83558,61.99182],[16.84247,61.9943],[16.84483,61.99424],[16.84964,61.993],[16.8556,61.99248],[16.8579,61.99289],[16.8611,61.99443],[16.86331,61.99418],[16.86534,61.99336],[16.86627,61.99126],[16.86882,61.99089],[16.87927,61.99261],[16.88285,61.99194],[16.88421,61.99023],[16.88908,61.98928],[16.89251,61.98915],[16.89517,61.99003],[16.90457,61.99049],[16.90862,61.99145],[16.91513,61.99096],[16.91804,61.99162],[16.92231,61.9919],[16.92691,61.99463],[16.93298,61.99388],[16.93551,61.99437],[16.94244,61.99456],[16.94454,61.99512],[16.95096,61.99559],[16.95641,61.99501],[16.95993,61.99639],[16.97066,61.9942],[16.97379,61.99407],[16.97802,61.99439],[16.98293,61.99559],[16.99598,61.99261],[16.99999,61.99252],[17.00744,61.9913],[17.01145,61.9904],[17.0189,61.98772],[17.02887,61.98712],[17.03138,61.98624],[17.03319,61.98488],[17.03574,61.98503],[17.03799,61.98613],[17.04615,61.98587],[17.05147,61.98686],[17.05524,61.98705],[17.05705,61.98654],[17.06166,61.9834],[17.06432,61.98222],[17.06597,61.98218],[17.07619,61.98495],[17.08037,61.989],[17.08074,61.99089],[17.08003,61.99544],[17.0814,62.0034],[17.07625,62.01604],[17.07698,62.01894],[17.07868,62.02012],[17.08211,62.02136],[17.0893,62.02505],[17.09189,62.02952],[17.09387,62.03042],[17.09477,62.03198],[17.10151,62.0354],[17.10254,62.03696],[17.09192,62.04076],[17.08044,62.04106],[17.07634,62.04233],[17.07329,62.04261],[17.07001,62.04366],[17.06481,62.04454],[17.06134,62.04638],[17.06061,62.04818],[17.05737,62.05003],[17.056,62.05057],[17.05299,62.0508],[17.05074,62.05188],[17.05205,62.05286],[17.05379,62.05321],[17.0543,62.05522],[17.05567,62.05574],[17.05627,62.05675],[17.05364,62.0608],[17.04997,62.06209],[17.0467,62.06179],[17.04449,62.06288],[17.0419,62.06342],[17.04042,62.06415],[17.03838,62.06439],[17.03475,62.06404],[17.03286,62.06295],[17.02752,62.06278],[17.02591,62.06336],[17.02471,62.06509],[17.02098,62.06672],[17.02454,62.06855],[17.0251,62.07093],[17.03072,62.07357],[17.03293,62.07623],[17.03284,62.07677],[17.02804,62.07945],[17.02492,62.08185],[17.02297,62.08552],[17.02398,62.08876],[17.02182,62.09374],[17.02345,62.09969],[17.02846,62.10022],[17.03015,62.10204],[17.03179,62.10189],[17.034,62.10054],[17.03739,62.09975],[17.041,62.09758],[17.0522,62.09636],[17.05715,62.09468],[17.06563,62.0937],[17.06966,62.09256],[17.08374,62.09093],[17.08754,62.09001],[17.09123,62.0896],[17.10196,62.08625],[17.10554,62.08468],[17.11419,62.08462],[17.11024,62.10082],[17.09955,62.10902],[17.09792,62.11488],[17.09844,62.11659],[17.10299,62.12266],[17.10428,62.12359],[17.12425,62.12865],[17.13114,62.13296],[17.13172,62.13429],[17.13118,62.13635],[17.13603,62.14648],[17.13856,62.14715],[17.14429,62.14721],[17.15243,62.14642],[17.15436,62.14657],[17.16056,62.14837],[17.16223,62.15112],[17.16717,62.15009],[17.17002,62.14871],[17.17556,62.14826],[17.18549,62.14642],[17.19534,62.14275],[17.19704,62.14082],[17.20019,62.13979],[17.20197,62.13848],[17.21253,62.13642],[17.21601,62.13612],[17.21746,62.13535],[17.21922,62.13522],[17.21957,62.13335],[17.21897,62.13234],[17.21959,62.13002],[17.22223,62.12818],[17.22259,62.12736],[17.22549,62.1253],[17.23201,62.12455],[17.23274,62.1255],[17.24109,62.12816],[17.24233,62.12953],[17.2459,62.13129],[17.24645,62.13284],[17.24772,62.13363],[17.25416,62.13185],[17.25811,62.13264],[17.26441,62.13281],[17.27008,62.13178],[17.2745,62.13187],[17.28182,62.13266],[17.28637,62.13251],[17.29941,62.13449],[17.30181,62.13644],[17.30405,62.13715],[17.30611,62.13861],[17.31005,62.13856],[17.3142,62.13906],[17.31692,62.14054],[17.31915,62.14116],[17.32806,62.14116],[17.33123,62.14047],[17.33346,62.14092],[17.33887,62.14112],[17.33784,62.14219],[17.33767,62.14346],[17.33445,62.14489],[17.33357,62.14678],[17.33385,62.14788],[17.33722,62.15116],[17.33739,62.15255],[17.33514,62.15944],[17.33518,62.16335],[17.33351,62.16691],[17.33175,62.16895],[17.33398,62.16976],[17.33499,62.17075],[17.3375,62.17058],[17.34044,62.1712],[17.34432,62.17382],[17.34559,62.17584],[17.3455,62.17762],[17.34769,62.18066],[17.35106,62.18285],[17.34851,62.18451],[17.34986,62.18734],[17.34909,62.18878],[17.35151,62.19169],[17.35372,62.19232],[17.35389,62.19429],[17.34939,62.19783],[17.34971,62.20013],[17.35213,62.20253],[17.35218,62.20354],[17.34958,62.20571],[17.34967,62.20753],[17.35072,62.20815],[17.35527,62.20935],[17.35711,62.21051],[17.35692,62.21231],[17.35904,62.21343],[17.35934,62.21427],[17.35582,62.21708],[17.35597,62.21785],[17.35883,62.2194],[17.35709,62.22043],[17.35679,62.22188],[17.36267,62.22615],[17.34692,62.22678],[17.34512,62.22839],[17.33876,62.23045],[17.33593,62.23201],[17.32838,62.23354],[17.32261,62.23532],[17.31956,62.23669],[17.31817,62.23774],[17.31647,62.24118],[17.31943,62.24478],[17.31859,62.24667],[17.31638,62.24875],[17.31398,62.24727],[17.30018,62.24596],[17.29385,62.24663],[17.29242,62.24645],[17.28469,62.24375],[17.27143,62.24343],[17.26356,62.24422],[17.25358,62.24592],[17.25053,62.24761],[17.25197,62.24965],[17.25171,62.25171],[17.25336,62.25502],[17.25255,62.2559],[17.2524,62.25751],[17.245,62.25801],[17.24332,62.25632],[17.24332,62.25441],[17.24225,62.25323],[17.24212,62.25448],[17.24075,62.25553],[17.23688,62.25695],[17.23298,62.25768],[17.22841,62.25982],[17.22373,62.26113],[17.21751,62.26135],[17.21208,62.26302],[17.20468,62.26422],[17.20268,62.26542],[17.20053,62.26551],[17.19824,62.26627],[17.20053,62.26551],[17.20268,62.26542],[17.20468,62.26422],[17.21208,62.26302],[17.21751,62.26135],[17.22373,62.26113],[17.22841,62.25982],[17.23298,62.25768],[17.23688,62.25695],[17.24075,62.25553],[17.24212,62.25448],[17.24225,62.25323],[17.24212,62.25448],[17.24075,62.25553],[17.23688,62.25695],[17.23298,62.25768],[17.22841,62.25982],[17.22373,62.26113],[17.21751,62.26135],[17.21208,62.26302],[17.20468,62.26422],[17.20268,62.26542],[17.20053,62.26551],[17.19826,62.26626],[17.20078,62.26704],[17.1999,62.26824],[17.20042,62.2702],[17.20227,62.27178],[17.20635,62.27308],[17.20763,62.27391],[17.20531,62.27649],[17.20873,62.27682],[17.20783,62.27791],[17.20781,62.27969],[17.20399,62.2816],[17.20665,62.2839],[17.20787,62.28634],[17.20637,62.28654],[17.20633,62.28694],[17.20824,62.28836],[17.20897,62.29072],[17.20845,62.29892],[17.20983,62.30036],[17.20013,62.30188],[17.19581,62.30203],[17.19217,62.30145],[17.1877,62.30201],[17.18517,62.30194],[17.1776,62.30411],[17.17285,62.30458],[17.17092,62.30555],[17.16777,62.30636],[17.16161,62.30709],[17.15891,62.30836],[17.16367,62.31085],[17.16682,62.31081],[17.16766,62.3119],[17.17378,62.31143],[17.17927,62.30975],[17.18498,62.31005],[17.19002,62.30988],[17.19234,62.31033],[17.19566,62.3116],[17.19841,62.31392],[17.19856,62.3154],[17.19641,62.31928],[17.19674,62.3205],[17.19824,62.3216],[17.20347,62.32334],[17.21073,62.32473],[17.22251,62.32469],[17.22706,62.32507],[17.22978,62.32583],[17.23216,62.32705],[17.23485,62.32928],[17.23553,62.33145],[17.23478,62.33289],[17.23173,62.33561],[17.23154,62.33872],[17.23266,62.34228],[17.23547,62.3454],[17.23783,62.3499],[17.23755,62.35374],[17.2389,62.35494],[17.24497,62.35666],[17.25141,62.36012],[17.25471,62.36295],[17.25572,62.36505],[17.25716,62.36614],[17.26577,62.36904],[17.26849,62.3732],[17.27261,62.37619],[17.27366,62.37801],[17.27995,62.37934],[17.28147,62.38037],[17.2824,62.38215],[17.2819,62.38421],[17.2828,62.38488],[17.28497,62.38432],[17.30128,62.38277],[17.30789,62.38106],[17.30838,62.38007],[17.30956,62.37964],[17.31096,62.37756],[17.30926,62.37576],[17.30684,62.37494],[17.3043,62.37342],[17.2978,62.372],[17.29744,62.37127],[17.29988,62.36936],[17.3036,62.3687],[17.3102,62.36872],[17.31349,62.36829],[17.31924,62.36902],[17.32093,62.36799],[17.32156,62.36814],[17.32093,62.36799],[17.31924,62.36902],[17.31349,62.36829],[17.3102,62.36872],[17.3036,62.3687],[17.29988,62.36936],[17.29744,62.37127],[17.2978,62.372],[17.3043,62.37342],[17.30684,62.37494],[17.30926,62.37576],[17.31087,62.37739],[17.30956,62.37964],[17.30784,62.38063],[17.30883,62.3826],[17.30765,62.38288],[17.31044,62.38848],[17.3072,62.38885],[17.30782,62.39014],[17.30784,62.38876],[17.30059,62.3896],[17.30366,62.39518],[17.30566,62.39649],[17.31188,62.39777],[17.31044,62.39842],[17.30581,62.39889],[17.3043,62.39936],[17.30154,62.39893],[17.2975,62.39919],[17.29437,62.39886],[17.2975,62.39919],[17.30154,62.39893],[17.30967,62.40054],[17.30707,62.40333],[17.30424,62.40518],[17.30001,62.40576],[17.29373,62.40578],[17.29186,62.40666],[17.28701,62.40666],[17.28551,62.40713],[17.28321,62.409],[17.28454,62.40973],[17.28735,62.41284],[17.28991,62.41447],[17.29143,62.41513],[17.29527,62.41552],[17.29596,62.41588],[17.29216,62.41644],[17.28767,62.41616],[17.28553,62.41638],[17.28332,62.41711],[17.28029,62.41912],[17.27776,62.4197],[17.26832,62.41951],[17.26665,62.41987],[17.26233,62.42215],[17.25521,62.42365],[17.25641,62.42466],[17.25456,62.42387],[17.25132,62.42414],[17.24761,62.42389],[17.24639,62.42509],[17.24658,62.42608],[17.24826,62.42769],[17.25439,62.42938],[17.25753,62.43565],[17.26094,62.43884],[17.26216,62.43936],[17.26652,62.44492],[17.26705,62.44657],[17.26559,62.44861],[17.2628,62.45052],[17.26265,62.45135],[17.26463,62.45322],[17.26238,62.45582],[17.25615,62.45745],[17.2542,62.45753],[17.25229,62.45931],[17.25248,62.46343],[17.26012,62.4641],[17.2707,62.46652],[17.28008,62.46719],[17.29454,62.475],[17.29896,62.47635],[17.30402,62.47723],[17.29514,62.47927],[17.29111,62.48354],[17.28709,62.48508],[17.26823,62.48603],[17.26377,62.48674],[17.25843,62.4868],[17.25407,62.48966],[17.25577,62.49223],[17.25461,62.4948],[17.25293,62.49592],[17.25115,62.49927],[17.24918,62.50079],[17.24843,62.50285],[17.24572,62.50549],[17.24409,62.50624],[17.2389,62.50699],[17.23688,62.50779],[17.22871,62.50968],[17.22015,62.51364],[17.21489,62.51489],[17.19307,62.51553],[17.17298,62.51416],[17.15575,62.51794],[17.14631,62.5183],[17.15202,62.52626],[17.15268,62.52774],[17.15236,62.52909],[17.14758,62.53487],[17.14378,62.53744],[17.13382,62.54233],[17.12228,62.55212],[17.12172,62.55405],[17.1244,62.55716],[17.12509,62.55907],[17.12226,62.56283],[17.11874,62.56555],[17.11352,62.56838],[17.10955,62.56995],[17.09818,62.57328],[17.09436,62.57484],[17.09734,62.57574],[17.09792,62.57652],[17.09985,62.57673],[17.10874,62.57958],[17.11299,62.5801],[17.11363,62.58061],[17.11202,62.58306],[17.11159,62.58516],[17.11361,62.58735],[17.11316,62.58898],[17.1094,62.59282],[17.10531,62.59473],[17.10226,62.59746],[17.10204,62.59825],[17.10657,62.60641],[17.11037,62.61147],[17.11058,62.61368],[17.11157,62.61437],[17.11595,62.61578],[17.11616,62.6172],[17.10282,62.62668],[17.09713,62.63145],[17.07144,62.64121],[17.06921,62.64284],[17.05061,62.65308],[17.04864,62.65378],[17.03782,62.65565],[17.02898,62.65934],[17.02424,62.6599],[17.02057,62.65944],[17.02424,62.6599],[17.02898,62.65934],[17.03782,62.65565],[17.04864,62.65378],[17.05061,62.65308],[17.04846,62.65492],[17.0414,62.6581],[17.04003,62.65969],[17.03967,62.66132],[17.04181,62.66541],[17.04168,62.66747],[17.04246,62.66917],[17.04095,62.67338],[17.04415,62.68511],[17.04134,62.69033],[17.0354,62.69747],[17.03529,62.69885],[17.03724,62.70149],[17.04007,62.70286],[17.04494,62.70316],[17.05456,62.70455],[17.07245,62.7043],[17.0776,62.70481],[17.08235,62.70593],[17.08323,62.70663],[17.08893,62.7058],[17.12048,62.69822],[17.13387,62.69376],[17.15912,62.68646],[17.16337,62.68451],[17.16796,62.68093],[17.16803,62.6834],[17.16961,62.68537],[17.17026,62.68792],[17.16777,62.68955],[17.16751,62.69415],[17.16876,62.69627],[17.16753,62.69818],[17.16712,62.70071],[17.1691,62.7023],[17.16839,62.70389],[17.17221,62.70606],[17.17446,62.70844],[17.17466,62.71303],[17.17888,62.71548],[17.18543,62.7179],[17.18676,62.71751],[17.1865,62.717],[17.18837,62.71629],[17.18993,62.7141],[17.19403,62.71369],[17.19839,62.71402],[17.20661,62.71176],[17.2077,62.71093],[17.21062,62.71013],[17.2124,62.7103],[17.21558,62.71151],[17.21776,62.71151],[17.22197,62.71056],[17.22907,62.71138],[17.2307,62.71213],[17.23287,62.71442],[17.23225,62.71681],[17.23375,62.7182],[17.23557,62.71953],[17.23836,62.72035],[17.23974,62.72125],[17.24523,62.72105],[17.24787,62.72232],[17.2507,62.72159],[17.25566,62.72271],[17.26313,62.7217],[17.26435,62.72316],[17.26656,62.72326],[17.26856,62.72423],[17.26931,62.72472],[17.26864,62.72603],[17.26959,62.72871],[17.2675,62.73163],[17.26804,62.73363],[17.27115,62.73346],[17.27525,62.7317],[17.28162,62.73045],[17.28529,62.73039],[17.29645,62.73163],[17.30242,62.73165],[17.30523,62.73219],[17.3089,62.73371],[17.30887,62.73734],[17.30956,62.73863],[17.31123,62.73977],[17.31864,62.74279],[17.32559,62.74477],[17.32881,62.74498],[17.33587,62.74434],[17.34181,62.7459],[17.34488,62.74584],[17.34919,62.74509],[17.3537,62.74582],[17.35924,62.74577],[17.37082,62.74936],[17.37614,62.75288],[17.39237,62.75567],[17.39715,62.75421],[17.4032,62.75427],[17.40925,62.75316],[17.41612,62.75009],[17.42264,62.75013],[17.42191,62.74867],[17.4199,62.7473],[17.42112,62.74616],[17.41981,62.74202],[17.42073,62.74045],[17.42069,62.73878],[17.41829,62.7364],[17.41893,62.73562],[17.42033,62.73539],[17.42247,62.73024],[17.42382,62.72923],[17.42492,62.7241],[17.42816,62.72981],[17.43341,62.73292],[17.43608,62.73629],[17.43723,62.73644],[17.44088,62.73822],[17.44603,62.73861],[17.46324,62.73698],[17.47311,62.73738],[17.47697,62.73713],[17.47996,62.73635],[17.48657,62.73356],[17.49506,62.73202],[17.50487,62.72773],[17.51922,62.72434],[17.52676,62.72627],[17.5298,62.72805],[17.53508,62.72891],[17.53654,62.72955],[17.53778,62.73095],[17.53877,62.73116],[17.54467,62.73142],[17.54776,62.73112],[17.55628,62.72835],[17.56081,62.73088],[17.55547,62.73908],[17.55555,62.74047],[17.55783,62.7432],[17.55697,62.74543],[17.56008,62.74968],[17.55761,62.75582],[17.55916,62.75835],[17.56216,62.75979],[17.56424,62.76204],[17.56783,62.76438],[17.56922,62.76833],[17.57079,62.76989],[17.57302,62.77888],[17.57199,62.78178],[17.5654,62.78721],[17.55993,62.78968],[17.55969,62.79068],[17.56482,62.79154],[17.5757,62.79103],[17.58137,62.79135],[17.59239,62.79519],[17.59467,62.79839],[17.59366,62.80206],[17.59493,62.80388],[17.59604,62.80828],[17.60106,62.81219],[17.6031,62.81184],[17.60772,62.81227],[17.61001,62.81182],[17.61357,62.80884],[17.61462,62.80669],[17.61355,62.805],[17.61454,62.80259],[17.62147,62.79946],[17.6243,62.7959],[17.64265,62.79253],[17.64505,62.79111],[17.64475,62.78923],[17.64574,62.78768],[17.65179,62.78599],[17.65786,62.78691],[17.66421,62.78843],[17.67623,62.78901],[17.67782,62.78862],[17.69445,62.78019],[17.7002,62.77796],[17.70569,62.77712],[17.71811,62.77285],[17.71987,62.77275],[17.72118,62.77315],[17.72202,62.77431],[17.72475,62.77444],[17.72839,62.77564],[17.72908,62.77648],[17.72942,62.78049],[17.73247,62.78253],[17.73384,62.78311],[17.73968,62.7842],[17.74723,62.78311],[17.76416,62.77908],[17.77077,62.77706],[17.77451,62.77674],[17.7789,62.77549],[17.78326,62.77562],[17.78886,62.77326],[17.80285,62.77021],[17.8092,62.7694],[17.81311,62.76938],[17.83637,62.76549],[17.84124,62.76616],[17.8424,62.76736],[17.8466,62.76828],[17.84999,62.76987],[17.85707,62.77081],[17.8636,62.77086],[17.87027,62.77182],[17.87703,62.77204],[17.88233,62.77146],[17.88454,62.77195],[17.88973,62.77058],[17.89619,62.77036],[17.89978,62.76828],[17.90787,62.76639],[17.91651,62.77371],[17.91855,62.77697],[17.91862,62.77998],[17.91703,62.78659],[17.91784,62.78682],[17.91797,62.78532],[17.91887,62.78483],[17.92183,62.78768],[17.95095,62.80588],[17.94969,62.80594],[17.94842,62.80444],[17.94915,62.80392],[17.95175,62.80549],[17.95302,62.80694],[17.95175,62.80549],[17.95181,62.80345],[17.95175,62.80549],[17.95327,62.80712],[17.95268,62.80744],[17.95507,62.80899],[17.95921,62.81066],[17.95799,62.81107],[17.95672,62.81075],[17.95608,62.81094],[17.95323,62.81255],[17.95151,62.81392],[17.9519,62.81583],[17.95726,62.81903],[17.9611,62.82006],[17.96623,62.82047],[17.96868,62.82126],[17.96971,62.82231],[17.9735,62.82068],[17.98213,62.81832],[17.98325,62.8168],[17.98174,62.8147],[17.98211,62.81347],[17.98522,62.81081],[17.98855,62.80976],[17.99432,62.80875],[17.99773,62.8095],[18.00595,62.80674],[18.01058,62.8071],[18.01329,62.80549],[18.01496,62.80528],[18.02361,62.80549],[18.02447,62.80594],[18.02498,62.8074],[18.02633,62.80802],[18.04015,62.80899],[18.05204,62.80534],[18.06345,62.8033],[18.06974,62.80107],[18.08101,62.79957],[18.08481,62.79976],[18.09468,62.80324],[18.0959,62.80463],[18.09564,62.80643],[18.09644,62.80749],[18.10712,62.80927],[18.11021,62.8094],[18.11497,62.80871],[18.12255,62.81081],[18.12802,62.81085],[18.13332,62.8101],[18.13877,62.81131],[18.14096,62.81092],[18.14323,62.80925],[18.14742,62.80802],[18.14956,62.80787],[18.15295,62.80834],[18.15495,62.80897],[18.15733,62.81079],[18.16019,62.81508],[18.17218,62.81892],[18.17742,62.82218],[18.1783,62.82397],[18.17684,62.82714],[18.18214,62.83115],[18.18536,62.8318],[18.18744,62.83324],[18.1933,62.83454],[18.19598,62.83622],[18.20018,62.83671],[18.20145,62.83757],[18.20141,62.83963],[18.20046,62.84072],[18.1949,62.84405],[18.19136,62.84527],[18.18995,62.84635],[18.19432,62.84753],[18.19242,62.84862],[18.18823,62.8548],[18.18684,62.85611],[18.1786,62.86066],[18.17549,62.86424],[18.17531,62.86493],[18.17669,62.86647],[18.18203,62.86798],[18.1842,62.87158],[18.18319,62.87308],[18.18027,62.87458],[18.17443,62.87579],[18.17216,62.87572],[18.16883,62.87669],[18.16272,62.88233],[18.14877,62.89145],[18.14525,62.89278],[18.1424,62.89445],[18.14414,62.89566],[18.14431,62.89656],[18.13948,62.90188],[18.13956,62.9034],[18.14175,62.90452],[18.14688,62.90493],[18.1512,62.90675],[18.15896,62.90832],[18.163,62.91138],[18.16664,62.91297],[18.16622,62.91666],[18.16836,62.91836],[18.17583,62.91995],[18.17744,62.92098],[18.17765,62.92213],[18.18345,62.92351],[18.19797,62.9213],[18.20132,62.91945],[18.20259,62.9175],[18.2057,62.9163],[18.21046,62.9169],[18.21473,62.91855],[18.21986,62.91902],[18.22321,62.92044],[18.22773,62.92005],[18.22898,62.91958],[18.23003,62.9184],[18.23224,62.9178],[18.23271,62.91692],[18.23222,62.91578],[18.23308,62.91432],[18.23649,62.9105],[18.23964,62.9092],[18.24196,62.90574],[18.24301,62.90512],[18.25185,62.90276],[18.26269,62.90323],[18.26486,62.9037],[18.2687,62.90611],[18.26846,62.90729],[18.26949,62.90881],[18.27874,62.91359],[18.28067,62.91306],[18.28262,62.91179],[18.2967,62.90917],[18.30007,62.90971],[18.30011,62.91224],[18.30908,62.90782],[18.31183,62.90707],[18.31442,62.90287],[18.31601,62.90138],[18.31861,62.90068],[18.32337,62.90046],[18.32457,62.90012],[18.3252,62.89821],[18.32629,62.89763],[18.33352,62.89675],[18.33635,62.89681],[18.34129,62.89602],[18.34343,62.89514],[18.34043,62.8936],[18.34262,62.88965],[18.34105,62.88441],[18.34122,62.88287],[18.33968,62.88098],[18.33805,62.87688],[18.33419,62.87295],[18.3321,62.86843],[18.32951,62.86566],[18.33019,62.86325],[18.33376,62.86214],[18.33762,62.86201],[18.34221,62.86261],[18.34869,62.85976],[18.3523,62.85892],[18.35856,62.86276],[18.36309,62.8621],[18.36339,62.86117],[18.36481,62.86044],[18.36461,62.85944],[18.36609,62.85763],[18.36787,62.8571],[18.37056,62.85527],[18.37405,62.85478],[18.38075,62.85055],[18.38114,62.8508],[18.3779,62.85225],[18.37405,62.85478],[18.37056,62.85527],[18.36787,62.8571],[18.36609,62.85763],[18.36461,62.85944],[18.36481,62.86044],[18.36339,62.86117],[18.36309,62.8621],[18.35856,62.86276],[18.36343,62.86549],[18.36865,62.86677],[18.3739,62.8672],[18.37927,62.86948],[18.38315,62.8704],[18.38498,62.87411],[18.38847,62.87621],[18.39678,62.88381],[18.40124,62.88149],[18.40497,62.88154],[18.40577,62.88115],[18.40768,62.88104],[18.41092,62.87967],[18.4139,62.87913],[18.41703,62.87793],[18.41905,62.87787],[18.42384,62.87898],[18.42626,62.87907],[18.42839,62.87976],[18.42993,62.87982],[18.4315,62.87952],[18.43274,62.8783],[18.43703,62.87823],[18.43999,62.87692],[18.44435,62.87583],[18.44677,62.87712],[18.44662,62.87787],[18.44677,62.87712],[18.44435,62.87583],[18.43999,62.87692],[18.43703,62.87823],[18.43274,62.8783],[18.4315,62.87952],[18.42993,62.87982],[18.41789,62.87782],[18.41092,62.87967],[18.40768,62.88104],[18.40577,62.88115],[18.40497,62.88154],[18.40124,62.88149],[18.39397,62.88553],[18.38968,62.88716],[18.38798,62.88825],[18.37678,62.89121],[18.37399,62.89349],[18.37182,62.89413],[18.36936,62.8943],[18.36616,62.89538],[18.36519,62.89819],[18.36884,62.90173],[18.36867,62.90267],[18.36594,62.90327],[18.36247,62.90252],[18.35918,62.90244],[18.35994,62.90314],[18.35618,62.90432],[18.35504,62.90533],[18.35414,62.90894],[18.35663,62.91417],[18.35682,62.91789],[18.355,62.92012],[18.35461,62.9219],[18.35365,62.92259],[18.35556,62.92434],[18.36129,62.92295],[18.36747,62.9231],[18.3729,62.92396],[18.37955,62.92623],[18.37875,62.92902],[18.3803,62.93151],[18.37957,62.9337],[18.38253,62.93634],[18.38174,62.93728],[18.36989,62.94166],[18.36485,62.94499],[18.36461,62.94745],[18.36157,62.94859],[18.36131,62.94911],[18.36599,62.94926],[18.37654,62.95271],[18.38094,62.95866],[18.38777,62.96136],[18.39528,62.96226],[18.39822,62.96529],[18.40133,62.96717],[18.40643,62.96767],[18.40772,62.96812],[18.41036,62.97129],[18.41027,62.9728],[18.41244,62.97827],[18.41776,62.98217],[18.42141,62.98288],[18.42864,62.98591],[18.44315,62.98653],[18.45044,62.98483],[18.45564,62.98556],[18.46465,62.98537],[18.46802,62.98483],[18.47304,62.98492],[18.48793,62.98136],[18.50641,62.97947],[18.51647,62.9776],[18.52426,62.97445],[18.52458,62.97353],[18.5228,62.97281],[18.52458,62.97353],[18.52426,62.97445],[18.51771,62.97724],[18.5122,62.9784],[18.5116,62.97947],[18.52175,62.97992],[18.52381,62.9805],[18.52505,62.98505],[18.52823,62.98812],[18.52735,62.9885],[18.52823,62.98812],[18.52505,62.98505],[18.52417,62.98071],[18.52175,62.97992],[18.51198,62.97962],[18.51158,62.97928],[18.5122,62.9784],[18.50641,62.97947],[18.48793,62.98136],[18.47304,62.98492],[18.46802,62.98483],[18.46465,62.98537],[18.45564,62.98556],[18.45044,62.98483],[18.44315,62.98653],[18.42864,62.98591],[18.42141,62.98288],[18.41836,62.98239],[18.42023,62.98541],[18.42032,62.98593],[18.41907,62.98631],[18.41706,62.98558],[18.41227,62.98486],[18.41174,62.98397],[18.41264,62.98505],[18.41706,62.98558],[18.41907,62.98631],[18.42032,62.98593],[18.41836,62.98239],[18.41673,62.98164],[18.41173,62.97758],[18.41036,62.97129],[18.40811,62.96838],[18.40643,62.96767],[18.40133,62.96717],[18.39822,62.96529],[18.39528,62.96226],[18.38777,62.96136],[18.38094,62.95866],[18.37654,62.95271],[18.36824,62.9499],[18.36534,62.94913],[18.35509,62.94921],[18.3418,62.95138],[18.33588,62.95087],[18.3268,62.9523],[18.30897,62.95278],[18.30784,62.95505],[18.30921,62.95726],[18.30859,62.96168],[18.31073,62.96387],[18.31129,62.96597],[18.31279,62.96694],[18.31406,62.96887],[18.31324,62.97086],[18.31599,62.97522],[18.31438,62.97773],[18.31475,62.97953],[18.3135,62.98187],[18.30608,62.98571],[18.29573,62.98625],[18.29331,62.98591],[18.28816,62.98732],[18.26908,62.99496],[18.25503,62.99827],[18.25022,62.99882],[18.24085,62.99794],[18.23389,62.99829],[18.23258,62.99764],[18.22728,62.99788],[18.22168,62.99893],[18.20806,63.00374],[18.20428,63.00453],[18.19829,63.00511],[18.19139,63.00846],[18.19036,63.00962],[18.19051,63.01088],[18.18997,63.01105],[18.18896,63.01026],[18.18628,63.01048],[18.18748,63.01479],[18.18845,63.01554],[18.1872,63.01696],[18.18184,63.01779],[18.17697,63.02015],[18.17036,63.02221],[18.16508,63.02644],[18.16263,63.02734],[18.15699,63.03077],[18.15006,63.03161],[18.14624,63.03341],[18.14038,63.03543],[18.13422,63.03569],[18.12886,63.03732],[18.12313,63.03588],[18.1213,63.03588],[18.11547,63.03708],[18.10873,63.03672],[18.10549,63.03756],[18.10255,63.03771],[18.10083,63.03725],[18.09686,63.03792],[18.09242,63.03728],[18.09056,63.03749],[18.0885,63.03846],[18.08279,63.03822],[18.07983,63.03854],[18.07114,63.0403],[18.0618,63.04294],[18.05856,63.04487],[18.05646,63.05195],[18.05642,63.0544],[18.05869,63.0597],[18.05399,63.06519],[18.05436,63.06989],[18.05191,63.07302],[18.04951,63.07468],[18.04579,63.07581],[18.04144,63.07802],[18.0379,63.08309],[18.03811,63.08536],[18.03683,63.08783],[18.03702,63.09229],[18.03099,63.09663],[18.03095,63.09905],[18.02953,63.10304],[18.02601,63.10442],[18.02382,63.1059],[18.02365,63.10656],[18.0264,63.10811],[18.0288,63.10869],[18.02977,63.10993],[18.032,63.11068],[18.03271,63.1115],[18.0477,63.11294],[18.04798,63.11382],[18.0462,63.11609],[18.0468,63.1165],[18.0529,63.11573],[18.05607,63.11669],[18.05648,63.11796],[18.05318,63.12154],[18.04996,63.12281],[18.05103,63.12596],[18.04888,63.12742],[18.04955,63.12817],[18.05309,63.12753],[18.05579,63.1286],[18.06536,63.12894],[18.07081,63.13083],[18.08787,63.13113],[18.10776,63.1359],[18.11543,63.1354],[18.11879,63.1357],[18.12339,63.13751],[18.12532,63.1389],[18.13197,63.13944],[18.13109,63.14102],[18.12901,63.14182],[18.12126,63.1489],[18.09817,63.1551],[18.08341,63.15559],[18.07174,63.15737],[18.06133,63.16169],[18.05888,63.16323],[18.05796,63.16328],[18.05264,63.15971],[18.05004,63.15873],[18.0465,63.15843],[18.04507,63.15716],[18.03983,63.15567],[18.0352,63.15612],[18.03238,63.15578],[18.02846,63.15452],[18.01858,63.15591],[18.0151,63.15766],[18.00687,63.16067],[18.00211,63.16407],[17.99296,63.16689],[17.99048,63.16734],[17.98627,63.16706],[17.98158,63.16754],[17.97907,63.1683],[17.97339,63.16907],[17.97002,63.17073],[17.9614,63.17235],[17.95715,63.17443],[17.95007,63.17518],[17.94164,63.17549],[17.93997,63.17613],[17.93123,63.1819],[17.92904,63.18417]]}},{"type":"Feature","properties":{"name":"TET_S-08_20260801","country":"SE","lengthKm":329.2},"geometry":{"type":"LineString","coordinates":[[17.12372,65.0985],[17.14331,65.10097],[17.16088,65.10075],[17.19519,65.10298],[17.19901,65.10444],[17.20412,65.10794],[17.21646,65.11474],[17.22547,65.12363],[17.24437,65.12899],[17.25351,65.13283],[17.2562,65.13236],[17.26235,65.13223],[17.26883,65.13047],[17.2792,65.13045],[17.28795,65.12961],[17.30731,65.1312],[17.32898,65.13112],[17.33773,65.132],[17.35557,65.13148],[17.35778,65.13189],[17.36273,65.13425],[17.37825,65.13431],[17.38391,65.13509],[17.38713,65.13463],[17.39623,65.13425],[17.4064,65.13307],[17.41234,65.13384],[17.41385,65.13367],[17.41185,65.12777],[17.41395,65.12663],[17.42378,65.1235],[17.4252,65.12251],[17.42685,65.11831],[17.42693,65.11363],[17.42361,65.11004],[17.42204,65.10925],[17.41657,65.10944],[17.409,65.10839],[17.39831,65.11067],[17.39595,65.11069],[17.39421,65.11009],[17.39224,65.10633],[17.38986,65.10468],[17.38943,65.10361],[17.38981,65.10298],[17.39679,65.09947],[17.39668,65.0973],[17.39524,65.09631],[17.39024,65.09537],[17.38786,65.09281],[17.38271,65.09159],[17.38265,65.09013],[17.39119,65.08794],[17.39734,65.08824],[17.40046,65.08794],[17.40389,65.08552],[17.40423,65.08387],[17.40638,65.08417],[17.40833,65.08369],[17.41408,65.08028],[17.42689,65.07895],[17.43685,65.07627],[17.43846,65.07513],[17.43884,65.07307],[17.44071,65.07028],[17.44082,65.06621],[17.44588,65.06878],[17.45009,65.07174],[17.45114,65.07284],[17.45232,65.07782],[17.45309,65.07846],[17.45687,65.08039],[17.46472,65.08099],[17.47991,65.08097],[17.48414,65.0796],[17.49508,65.0744],[17.50388,65.07198],[17.51008,65.07112],[17.51712,65.07136],[17.52171,65.07252],[17.52568,65.07513],[17.53012,65.07698],[17.53294,65.07876],[17.5339,65.08026],[17.53364,65.08256],[17.53607,65.08438],[17.53656,65.08578],[17.53135,65.09644],[17.52856,65.09822],[17.52008,65.10118],[17.51746,65.10552],[17.51485,65.10796],[17.51416,65.12393],[17.51957,65.12927],[17.52459,65.13663],[17.52658,65.13757],[17.53474,65.1394],[17.53763,65.1374],[17.54083,65.13082],[17.54699,65.12755],[17.55139,65.12629],[17.55497,65.12337],[17.57019,65.11427],[17.57289,65.11371],[17.57566,65.11365],[17.59342,65.11657],[17.59763,65.11672],[17.60093,65.1159],[17.61102,65.11208],[17.6216,65.1115],[17.62546,65.11039],[17.64095,65.1073],[17.64482,65.10616],[17.64855,65.10369],[17.65215,65.09974],[17.65559,65.09723],[17.66181,65.09382],[17.66297,65.09254],[17.66263,65.09073],[17.66724,65.08887],[17.66962,65.08723],[17.67134,65.0844],[17.68861,65.07812],[17.69361,65.07751],[17.69597,65.07633],[17.69906,65.07606],[17.70372,65.07477],[17.71455,65.0702],[17.72346,65.06949],[17.72672,65.07142],[17.73105,65.07215],[17.73953,65.06992],[17.75208,65.06833],[17.76032,65.06807],[17.7653,65.06091],[17.7674,65.05522],[17.76045,65.04891],[17.7559,65.04054],[17.75079,65.03778],[17.73983,65.0302],[17.73859,65.02271],[17.74191,65.02203],[17.74335,65.02067],[17.74652,65.02016],[17.74816,65.02112],[17.7491,65.02372],[17.75182,65.02535],[17.75298,65.02554],[17.76382,65.02567],[17.78912,65.02308],[17.80107,65.02569],[17.81813,65.02535],[17.83746,65.03016],[17.84693,65.03138],[17.8551,65.03743],[17.86452,65.0379],[17.87325,65.0396],[17.88308,65.04052],[17.89323,65.03919],[17.90121,65.04213],[17.90643,65.04305],[17.91619,65.04286],[17.92647,65.04209],[17.93312,65.04395],[17.95803,65.0482],[17.96127,65.04956],[17.9667,65.04996],[17.97093,65.052],[17.97563,65.05245],[17.97788,65.05322],[17.97885,65.05312],[17.9849,65.05419],[17.99344,65.0538],[17.99966,65.05108],[18.00597,65.05003],[18.01305,65.04683],[18.01745,65.04659],[18.02335,65.04681],[18.02073,65.02881],[18.02303,65.02537],[18.02614,65.02329],[18.03492,65.0187],[18.05172,65.01443],[18.07079,65.00175],[18.08019,64.99707],[18.08583,64.99175],[18.10832,64.98063],[18.12587,64.97561],[18.12999,64.97553],[18.13251,64.97501],[18.14358,64.96993],[18.15491,64.96626],[18.16941,64.96008],[18.19102,64.95433],[18.19598,64.94624],[18.21025,64.9366],[18.21134,64.93426],[18.21501,64.93165],[18.21713,64.92791],[18.22237,64.92497],[18.23443,64.92216],[18.25763,64.91961],[18.27385,64.91414],[18.2785,64.91199],[18.28788,64.90602],[18.29659,64.89517],[18.31082,64.88886],[18.32526,64.87631],[18.32998,64.8739],[18.33425,64.87023],[18.33983,64.86654],[18.34796,64.86204],[18.35105,64.86386],[18.35444,64.86504],[18.36094,64.87004],[18.36352,64.87073],[18.35987,64.87701],[18.36169,64.8792],[18.36137,64.8806],[18.36335,64.88176],[18.37541,64.88294],[18.37946,64.88092],[18.38785,64.87832],[18.39307,64.87579],[18.40538,64.87227],[18.40695,64.87266],[18.40806,64.87358],[18.4113,64.87358],[18.41068,64.87487],[18.41115,64.87583],[18.41841,64.88077],[18.41294,64.89105],[18.42111,64.896],[18.42499,64.89985],[18.43165,64.89809],[18.43894,64.89845],[18.44278,64.89787],[18.45124,64.89772],[18.45787,64.89884],[18.46748,64.89834],[18.47495,64.8962],[18.48342,64.89665],[18.49784,64.89982],[18.50411,64.89794],[18.50675,64.89635],[18.51235,64.89467],[18.52035,64.8959],[18.52479,64.89609],[18.52696,64.89691],[18.52982,64.8971],[18.53726,64.89663],[18.54351,64.89553],[18.54823,64.89515],[18.55606,64.89315],[18.56801,64.89221],[18.57189,64.89229],[18.57734,64.89379],[18.58462,64.89382],[18.58962,64.8927],[18.59198,64.89135],[18.59354,64.88824],[18.59354,64.88603],[18.59756,64.88367],[18.59945,64.88086],[18.60136,64.87991],[18.60661,64.87862],[18.60814,64.87753],[18.6126,64.87573],[18.61434,64.87416],[18.62052,64.87139],[18.63869,64.86084],[18.64416,64.85852],[18.64912,64.8568],[18.65472,64.85719],[18.67212,64.85266],[18.68034,64.85195],[18.68446,64.85077],[18.69858,64.85086],[18.71141,64.84843],[18.71678,64.84586],[18.72311,64.83963],[18.72948,64.83691],[18.73566,64.83547],[18.73868,64.83358],[18.7469,64.83124],[18.7484,64.82923],[18.75559,64.82597],[18.75778,64.82285],[18.76323,64.82461],[18.77918,64.82388],[18.79199,64.82043],[18.79735,64.81816],[18.80023,64.81743],[18.8202,64.81614],[18.82338,64.81468],[18.82692,64.81092],[18.83211,64.81219],[18.83542,64.81258],[18.85597,64.81084],[18.88681,64.80541],[18.89627,64.80451],[18.91108,64.8005],[18.91715,64.79822],[18.92635,64.79659],[18.93682,64.79223],[18.94386,64.79063],[18.95182,64.78992],[18.9591,64.78824],[18.97847,64.77968],[18.98171,64.77902],[18.98573,64.77756],[18.98721,64.77372],[19.00761,64.76039],[19.02156,64.75739],[19.02884,64.75395],[19.03287,64.75084],[19.05677,64.7387],[19.06255,64.73786],[19.0787,64.7305],[19.0769,64.72816],[19.08381,64.72604],[19.08645,64.72471],[19.08772,64.72306],[19.08872,64.71911],[19.09046,64.71765],[19.11276,64.70941],[19.11928,64.70636],[19.12866,64.70312],[19.13816,64.69898],[19.15196,64.69471],[19.13554,64.68939],[19.13361,64.68808],[19.11937,64.67211],[19.11915,64.66941],[19.12125,64.66083],[19.12527,64.65808],[19.13016,64.65656],[19.13711,64.6551],[19.14754,64.65461],[19.15084,64.65261],[19.15213,64.65242],[19.15659,64.65244],[19.16069,64.65304],[19.17973,64.65742],[19.18417,64.65933],[19.18618,64.65922],[19.18865,64.65851],[19.19442,64.65834],[19.197,64.65759],[19.20447,64.65156],[19.20646,64.64486],[19.21207,64.64184],[19.20971,64.64095],[19.20707,64.64058],[19.19719,64.63471],[19.18259,64.63216],[19.18245,64.6313],[19.18765,64.62668],[19.19449,64.62443],[19.19557,64.62318],[19.19474,64.62219],[19.19949,64.61965],[19.20035,64.61584],[19.19912,64.61358],[19.20047,64.61153],[19.20679,64.60673],[19.21243,64.60491],[19.21567,64.60306],[19.22622,64.60109],[19.23156,64.59849],[19.23235,64.59749],[19.23495,64.59737],[19.23949,64.59622],[19.24164,64.59488],[19.24189,64.59337],[19.24052,64.59215],[19.24837,64.59068],[19.25811,64.59004],[19.25873,64.58899],[19.26923,64.58401],[19.28154,64.57583],[19.28437,64.57536],[19.28761,64.57558],[19.30349,64.57942],[19.33604,64.54109],[19.3421,64.53577],[19.34628,64.53386],[19.34712,64.52961],[19.35137,64.52972],[19.36102,64.53133],[19.36499,64.53217],[19.37057,64.53446],[19.37538,64.53472],[19.38396,64.53221],[19.39271,64.52856],[19.40512,64.52601],[19.41132,64.52374],[19.41542,64.52075],[19.42074,64.51919],[19.42308,64.51891],[19.43599,64.52099],[19.44769,64.52007],[19.45099,64.5203],[19.46398,64.52343],[19.47449,64.52693],[19.47803,64.52715],[19.49043,64.52515],[19.49159,64.52466],[19.49329,64.52264],[19.5011,64.51848],[19.5061,64.51786],[19.51483,64.51537],[19.51966,64.51307],[19.52588,64.51221],[19.53743,64.51213],[19.56051,64.51281],[19.56993,64.51118],[19.57371,64.51135],[19.57684,64.51095],[19.58373,64.51356],[19.59021,64.51399],[19.60506,64.51378],[19.61111,64.51185],[19.61594,64.50932],[19.62259,64.50775],[19.62965,64.50337],[19.63804,64.50075],[19.63825,64.49985],[19.63699,64.49908],[19.6318,64.49728],[19.62995,64.49399],[19.63171,64.49142],[19.6319,64.48867],[19.63319,64.48713],[19.63246,64.4849],[19.62793,64.48097],[19.62873,64.47973],[19.62506,64.47745],[19.62343,64.47445],[19.6233,64.47352],[19.62613,64.47065],[19.62686,64.46891],[19.6242,64.46513],[19.62444,64.46168],[19.63079,64.45415],[19.63122,64.45277],[19.62997,64.44805],[19.63564,64.4411],[19.64448,64.43567],[19.64931,64.4311],[19.65514,64.4287],[19.66216,64.42252],[19.67038,64.41846],[19.67164,64.41739],[19.67287,64.41396],[19.66218,64.41046],[19.65714,64.40814],[19.65613,64.40694],[19.6628,64.40016],[19.6749,64.39278],[19.67645,64.39295],[19.68896,64.38939],[19.7017,64.38731],[19.72548,64.38707],[19.73443,64.38546],[19.75468,64.38538],[19.76063,64.38411],[19.76475,64.38377],[19.76816,64.3828],[19.76904,64.38229],[19.76943,64.38003],[19.77745,64.38158],[19.80159,64.38357],[19.84448,64.38162],[19.85017,64.38072],[19.8588,64.37628],[19.86648,64.37379],[19.87032,64.37091],[19.87639,64.36909],[19.87813,64.36776],[19.88354,64.36624],[19.88446,64.36499],[19.89064,64.3607],[19.89218,64.35827],[19.8904,64.35634],[19.88978,64.35319],[19.89135,64.35197],[19.8965,64.35055],[19.9092,64.34332],[19.91723,64.34169],[19.92873,64.34064],[19.93514,64.33894],[19.94278,64.33819],[19.94426,64.33589],[19.94392,64.33508],[19.94978,64.3339],[19.95536,64.33452],[19.96059,64.33626],[19.96763,64.3378],[19.97559,64.33864],[19.98199,64.33628],[19.98297,64.33452],[19.98877,64.3322],[19.99385,64.32697],[19.996,64.32594],[20.0013,64.32171],[20.03522,64.31527],[20.04232,64.31452],[20.04629,64.31214],[20.05007,64.31186],[20.05114,64.3107],[20.05584,64.30826],[20.06046,64.30787],[20.06897,64.30873],[20.07498,64.30848],[20.07288,64.30858],[20.0735,64.31027],[20.07556,64.31236],[20.07558,64.31729],[20.07648,64.31828],[20.09082,64.32229],[20.09743,64.32304],[20.10558,64.32499],[20.10893,64.32514],[20.12232,64.32358],[20.14605,64.31911],[20.15515,64.31392],[20.15744,64.31143],[20.15725,64.30841],[20.15324,64.30347],[20.15328,64.30231],[20.15551,64.29989],[20.15717,64.29916],[20.16287,64.29867],[20.16637,64.29513],[20.17116,64.29435],[20.18229,64.28721],[20.1897,64.28536],[20.19583,64.28109],[20.20736,64.27015],[20.21798,64.2682],[20.22049,64.26719],[20.22519,64.2635],[20.22774,64.2629],[20.22765,64.26191],[20.23004,64.25942],[20.23482,64.25723],[20.24559,64.2538],[20.2457,64.25135],[20.24252,64.24637],[20.2522,64.22695],[20.25295,64.22056],[20.25158,64.21766],[20.25439,64.21768],[20.26282,64.21434],[20.26999,64.21374],[20.27355,64.21245],[20.27387,64.21144],[20.27089,64.20938],[20.27291,64.20751],[20.27207,64.20511],[20.27377,64.20294],[20.27696,64.20063],[20.27866,64.1979],[20.28168,64.19676],[20.28329,64.19502],[20.28529,64.19161],[20.28707,64.19063],[20.28531,64.19039],[20.28827,64.19073],[20.28999,64.19028],[20.29299,64.19071],[20.29602,64.18938],[20.29913,64.18715],[20.30037,64.18397],[20.30471,64.1808],[20.30115,64.17893],[20.30233,64.17674],[20.30151,64.17593],[20.28578,64.17073],[20.28392,64.16975],[20.28205,64.16556],[20.28344,64.1625],[20.29194,64.15522],[20.29934,64.15174],[20.30181,64.14797],[20.30475,64.14621],[20.30681,64.14205],[20.30537,64.13855],[20.3052,64.13406],[20.30831,64.12276],[20.30623,64.12168],[20.29027,64.1169],[20.28771,64.11516],[20.28834,64.11316],[20.2905,64.11048],[20.29449,64.10098],[20.29808,64.09872],[20.30415,64.09186],[20.3028,64.08495],[20.30336,64.0837],[20.31097,64.07499],[20.31295,64.07392],[20.31855,64.07278],[20.31994,64.07209],[20.32145,64.06888],[20.33011,64.05806],[20.33316,64.05645],[20.35207,64.04238],[20.36423,64.0345],[20.3832,64.01802],[20.3861,64.00658],[20.38874,64.00328],[20.3882,64.00253],[20.3888,64.00216],[20.38771,64.00118],[20.38449,63.99322],[20.38335,63.99208],[20.3873,63.99077],[20.40301,63.98362],[20.43015,63.95453],[20.43517,63.9515],[20.4477,63.94554],[20.45644,63.94064],[20.46021,63.93659],[20.46313,63.92751],[20.46682,63.92479],[20.47197,63.92217],[20.46871,63.92161],[20.46723,63.92082],[20.44826,63.9008],[20.44448,63.89775],[20.42706,63.88863],[20.42412,63.8843],[20.42155,63.87623],[20.41522,63.86425],[20.41283,63.86256],[20.41277,63.86151],[20.38786,63.85589],[20.38929,63.849],[20.39299,63.84657],[20.39526,63.84423],[20.3962,63.83672],[20.39901,63.83299],[20.4041,63.8322],[20.40547,63.83074],[20.40389,63.82123],[20.40425,63.81512],[20.39822,63.81404],[20.38593,63.81078],[20.37,63.80849],[20.36601,63.80671],[20.36277,63.80304],[20.36166,63.80291],[20.36458,63.80143],[20.36842,63.79574],[20.37127,63.79501],[20.37827,63.79413],[20.38039,63.79306],[20.38013,63.79038],[20.38151,63.78892],[20.38376,63.78802],[20.38522,63.78493],[20.3852,63.78194],[20.38687,63.78057],[20.38749,63.75909],[20.38511,63.74718],[20.38423,63.74506],[20.38275,63.74429],[20.38644,63.73935],[20.3896,63.72905],[20.38972,63.72536],[20.38526,63.71669],[20.3811,63.71384],[20.37659,63.71221],[20.362,63.70362],[20.36114,63.70317],[20.35966,63.70319],[20.35535,63.69476],[20.34413,63.6885]]}},{"type":"Feature","properties":{"name":"TET_S-09_20260801","country":"SE","lengthKm":237.6},"geometry":{"type":"LineString","coordinates":[[18.38764,63.76613],[18.37926,63.76746],[18.36325,63.77167],[18.35742,63.7721],[18.35084,63.77402],[18.34189,63.77502],[18.32912,63.77883],[18.31995,63.78098],[18.31749,63.78252],[18.31596,63.78436],[18.31018,63.78604],[18.30326,63.78729],[18.29557,63.78815],[18.28265,63.79103],[18.27765,63.79308],[18.2652,63.80429],[18.25761,63.80671],[18.25114,63.80821],[18.24696,63.80991],[18.23539,63.81951],[18.21573,63.82703],[18.2124,63.82756],[18.20942,63.82757],[18.19766,63.82552],[18.19008,63.8248],[18.18307,63.82542],[18.17605,63.82683],[18.16975,63.82864],[18.15422,63.82899],[18.14361,63.83036],[18.13642,63.83228],[18.12372,63.83305],[18.11775,63.83446],[18.11379,63.83441],[18.10815,63.83361],[18.09531,63.8346],[18.08496,63.83402],[18.07547,63.83631],[18.06618,63.8403],[18.0589,63.84098],[18.05306,63.84207],[18.04709,63.84462],[18.03856,63.84585],[18.02599,63.84662],[18.03259,63.85098],[18.03432,63.8513],[18.04109,63.85141],[18.04237,63.85181],[18.04263,63.85244],[18.04071,63.85426],[18.04046,63.85783],[18.04222,63.86018],[18.0419,63.86459],[18.04378,63.86967],[18.04611,63.87135],[18.05216,63.87282],[18.05383,63.87377],[18.05362,63.87516],[18.05147,63.87809],[18.04856,63.88004],[18.04241,63.88255],[18.04257,63.8847],[18.0448,63.88657],[18.04876,63.88561],[18.05708,63.88446],[18.06337,63.88272],[18.06667,63.8823],[18.07,63.88248],[18.08794,63.88682],[18.09276,63.8874],[18.1067,63.88564],[18.11394,63.88245],[18.11432,63.8832],[18.11163,63.88571],[18.09932,63.89236],[18.08989,63.89466],[18.08819,63.89546],[18.08527,63.89995],[18.07366,63.9059],[18.06212,63.91685],[18.05332,63.9199],[18.04978,63.92159],[18.02487,63.93969],[18.01913,63.94279],[18.01276,63.94541],[18.00688,63.94646],[17.99857,63.95032],[17.98474,63.95506],[17.97826,63.95797],[17.97313,63.95927],[17.96268,63.96357],[17.95977,63.96635],[17.95209,63.9711],[17.95133,63.97408],[17.95316,63.97643],[17.95126,63.97819],[17.95147,63.97903],[17.94518,63.98068],[17.94272,63.98223],[17.94055,63.98724],[17.93727,63.99123],[17.94363,63.99455],[17.9502,63.99646],[17.95501,63.99646],[17.96376,63.99414],[17.96842,63.99412],[17.97153,63.99551],[17.98028,63.99654],[17.98505,63.99663],[17.98749,63.99712],[17.99136,63.99858],[17.99344,64.00128],[17.99614,64.00227],[18.01556,64.00452],[18.02674,64.00639],[18.03206,64.00579],[18.03955,64.00427],[18.0426,64.00283],[18.0476,64.00167],[18.05236,63.99989],[18.05472,64.00019],[18.0562,64.00096],[18.05208,64.00401],[18.04189,64.00742],[18.02917,64.00967],[18.01962,64.00942],[18.01552,64.0095],[18.01254,64.01],[17.99571,64.0165],[17.99438,64.01738],[17.98365,64.02961],[17.97421,64.03321],[17.97346,64.03396],[17.97325,64.03523],[17.97599,64.04104],[17.9758,64.04242],[17.96239,64.05392],[17.95917,64.05931],[17.95411,64.0651],[17.95329,64.07085],[17.94683,64.07782],[17.94711,64.07868],[17.95091,64.08177],[17.93842,64.08501],[17.93209,64.08621],[17.90967,64.08636],[17.90924,64.0872],[17.89877,64.09417],[17.89649,64.0952],[17.89282,64.09999],[17.89136,64.10083],[17.88776,64.10194],[17.87913,64.10312],[17.8621,64.109],[17.85667,64.11306],[17.84562,64.1146],[17.82474,64.12196],[17.81974,64.12477],[17.81009,64.12304],[17.81089,64.11895],[17.80791,64.11636],[17.79994,64.1177],[17.79836,64.11705],[17.79735,64.11551],[17.79521,64.11535],[17.78655,64.11775],[17.77627,64.12136],[17.77271,64.12215],[17.76559,64.12352],[17.75557,64.12442],[17.74131,64.1271],[17.72103,64.12894],[17.70491,64.12966],[17.69628,64.12921],[17.68383,64.13155],[17.68169,64.13038],[17.67946,64.12999],[17.67721,64.12999],[17.67208,64.13079],[17.66915,64.13162],[17.65264,64.13835],[17.63624,64.14219],[17.61479,64.1443],[17.60656,64.14616],[17.60146,64.14785],[17.587,64.15064],[17.58494,64.1507],[17.57787,64.14987],[17.56521,64.15099],[17.55783,64.1542],[17.5411,64.15879],[17.52198,64.17098],[17.51953,64.17168],[17.4968,64.17366],[17.49186,64.17376],[17.48289,64.17099],[17.48062,64.17094],[17.47594,64.17167],[17.47359,64.17271],[17.46919,64.1758],[17.46573,64.17729],[17.46413,64.17875],[17.46328,64.18131],[17.46193,64.18217],[17.46132,64.18397],[17.42279,64.17767],[17.3727,64.16823],[17.36837,64.16724],[17.35576,64.16298],[17.35251,64.16256],[17.35077,64.16637],[17.3452,64.17089],[17.33355,64.17701],[17.32345,64.18313],[17.31259,64.18777],[17.30917,64.19213],[17.30726,64.19321],[17.30147,64.19511],[17.29911,64.19687],[17.29547,64.20105],[17.2939,64.20644],[17.29144,64.21025],[17.29252,64.21754],[17.29197,64.21873],[17.28586,64.22203],[17.28126,64.22771],[17.27022,64.23468],[17.26262,64.24384],[17.25845,64.24678],[17.25421,64.2518],[17.253,64.25604],[17.25354,64.25948],[17.25474,64.26064],[17.2583,64.26177],[17.25928,64.26284],[17.26069,64.26709],[17.25906,64.27086],[17.26119,64.27396],[17.26169,64.27718],[17.25367,64.28047],[17.24753,64.28397],[17.24362,64.28473],[17.23935,64.28727],[17.23812,64.28932],[17.2356,64.29054],[17.23254,64.29308],[17.22101,64.29916],[17.21663,64.30078],[17.21043,64.30236],[17.20637,64.30285],[17.20286,64.30268],[17.18576,64.30547],[17.14864,64.31065],[17.13283,64.31083],[17.11112,64.31323],[17.09897,64.31249],[17.08495,64.31371],[17.08111,64.31365],[17.0728,64.31425],[17.06527,64.315],[17.05837,64.31642],[17.05097,64.3167],[17.03975,64.32058],[17.03384,64.32215],[17.03261,64.32172],[17.02628,64.32218],[17.02354,64.32159],[17.01753,64.31968],[17.01689,64.31835],[17.01247,64.31754],[17.00109,64.32227],[16.99547,64.32217],[16.98887,64.32098],[16.98721,64.32211],[16.98649,64.32678],[16.98463,64.32754],[16.98139,64.32805],[16.97772,64.33184],[16.97041,64.33272],[16.96894,64.33322],[16.96292,64.33301],[16.95745,64.33429],[16.95197,64.33668],[16.94828,64.33953],[16.92343,64.34821],[16.88976,64.35277],[16.87579,64.35099],[16.86039,64.34989],[16.85012,64.34713],[16.81858,64.34555],[16.79831,64.33603],[16.79549,64.33533],[16.79215,64.33539],[16.77303,64.33788],[16.75808,64.34325],[16.75409,64.34709],[16.74302,64.3541],[16.74113,64.35692],[16.74047,64.36568],[16.73081,64.38107],[16.72984,64.39437],[16.72656,64.39818],[16.72719,64.39992],[16.72652,64.40042],[16.72779,64.40245],[16.72671,64.40302],[16.72658,64.40441],[16.7274,64.406],[16.72661,64.40759],[16.72717,64.40952],[16.73232,64.41229],[16.73354,64.41435],[16.7288,64.41451],[16.72522,64.41411],[16.72184,64.4146],[16.72018,64.41527],[16.7181,64.4175],[16.71524,64.4192],[16.7103,64.42074],[16.70516,64.42137],[16.70486,64.42237],[16.70851,64.42631],[16.7051,64.42975],[16.70227,64.43124],[16.70159,64.43278],[16.70258,64.4346],[16.70217,64.43566],[16.69621,64.43709],[16.68083,64.44332],[16.67796,64.44601],[16.67779,64.44687],[16.67929,64.45144],[16.67544,64.45356],[16.67459,64.45769],[16.67276,64.45863],[16.66985,64.46148],[16.66294,64.46659],[16.66173,64.46966],[16.65747,64.46977],[16.65245,64.47147],[16.6412,64.47092],[16.63833,64.47108],[16.63627,64.4719],[16.62675,64.47291],[16.62257,64.47221],[16.61975,64.46999],[16.61622,64.46954],[16.60919,64.47209],[16.60259,64.47297],[16.59912,64.47292],[16.59663,64.4742],[16.59436,64.47663],[16.59006,64.47922],[16.58454,64.48042],[16.57989,64.48293],[16.57957,64.48457],[16.57407,64.48631],[16.56699,64.48929],[16.56674,64.49149],[16.565,64.49436],[16.55688,64.50006],[16.55376,64.50106],[16.55148,64.50236],[16.55051,64.50407],[16.55127,64.50711],[16.5494,64.51032],[16.54754,64.51234],[16.54273,64.51559],[16.53052,64.51986],[16.52378,64.52087],[16.51799,64.52431],[16.50805,64.52745],[16.5059,64.52924],[16.49961,64.53267],[16.48931,64.53561],[16.46913,64.53846],[16.46582,64.53861],[16.45241,64.53738],[16.43613,64.53664],[16.42863,64.53899],[16.41817,64.54537],[16.41415,64.54656],[16.41033,64.54712],[16.39374,64.54621],[16.39251,64.54071],[16.39181,64.52975],[16.39264,64.523],[16.39848,64.51596],[16.40355,64.50307],[16.39857,64.49426],[16.39851,64.48425],[16.40413,64.47704],[16.40274,64.4705],[16.40611,64.46513],[16.41069,64.46271],[16.41112,64.45912],[16.4122,64.45727],[16.41183,64.4561],[16.40706,64.4512],[16.40564,64.45265],[16.39996,64.45425],[16.39693,64.45661],[16.39461,64.45952],[16.3913,64.46116],[16.38684,64.46234],[16.38271,64.46561],[16.38198,64.46662],[16.38262,64.46821],[16.3806,64.47049],[16.37914,64.47379],[16.37667,64.47471],[16.37755,64.47481],[16.37667,64.47471],[16.37914,64.47379],[16.3806,64.47049],[16.38262,64.46821],[16.38198,64.46662],[16.38616,64.46271],[16.39094,64.46128],[16.39448,64.4596],[16.39966,64.45442],[16.40564,64.45265],[16.40706,64.4512],[16.41203,64.45637],[16.41088,64.46237],[16.40565,64.46559],[16.40274,64.4705],[16.40413,64.47704],[16.39835,64.48496],[16.39857,64.49426],[16.40322,64.50168],[16.40346,64.50383],[16.39848,64.51596],[16.39264,64.523],[16.39181,64.52975],[16.39251,64.54071],[16.39374,64.54621],[16.411,64.54711],[16.40978,64.54878],[16.41182,64.55161],[16.41239,64.55604],[16.40671,64.56166],[16.40787,64.57251],[16.41287,64.58075],[16.40604,64.58874],[16.406,64.59047],[16.40786,64.59426],[16.40734,64.60261],[16.39981,64.61338],[16.3873,64.62421],[16.38778,64.62574],[16.38995,64.62738],[16.39022,64.6283],[16.38625,64.63196],[16.39284,64.63208],[16.39853,64.63275],[16.4083,64.63215],[16.43854,64.63518],[16.45163,64.63774],[16.50143,64.64485],[16.51396,64.64801],[16.52936,64.64705],[16.54225,64.64712],[16.55569,64.64672],[16.56431,64.64733],[16.57548,64.64963],[16.58338,64.65034],[16.59668,64.64993],[16.60549,64.64804],[16.60485,64.64918],[16.59832,64.65218],[16.59545,64.65421],[16.59484,64.6553],[16.59473,64.6573],[16.59799,64.6611],[16.5991,64.66587],[16.59876,64.67112],[16.59978,64.67543],[16.5987,64.67751],[16.58944,64.68241],[16.58442,64.68623],[16.57571,64.69036],[16.55959,64.6967],[16.5522,64.69869],[16.54837,64.70084],[16.54808,64.70222],[16.54969,64.70492],[16.54638,64.70972],[16.54856,64.71681],[16.549,64.72209]]}},{"type":"Feature","properties":{"name":"TET_S-10_20260801","country":"SE","lengthKm":226},"geometry":{"type":"LineString","coordinates":[[16.55927,62.75762],[16.56255,62.75859],[16.56315,62.75938],[16.5624,62.76058],[16.5586,62.76334],[16.5567,62.76955],[16.5538,62.76991],[16.55065,62.773],[16.55283,62.77373],[16.55215,62.77437],[16.55292,62.77854],[16.55414,62.78021],[16.55335,62.7806],[16.55441,62.78166],[16.55953,62.78266],[16.56255,62.78201],[16.5634,62.78439],[16.55712,62.78534],[16.54794,62.78983],[16.54584,62.78989],[16.53801,62.78886],[16.52915,62.79189],[16.52316,62.79223],[16.51601,62.79474],[16.51629,62.79783],[16.51127,62.79946],[16.50792,62.80186],[16.51069,62.80279],[16.51603,62.80583],[16.51586,62.80738],[16.51451,62.80922],[16.51483,62.8103],[16.51975,62.81156],[16.52799,62.81223],[16.53318,62.81364],[16.54447,62.81564],[16.55249,62.81521],[16.56268,62.81575],[16.57112,62.81528],[16.57878,62.81341],[16.58899,62.81261],[16.59343,62.8101],[16.59852,62.81015],[16.60429,62.80888],[16.60463,62.81231],[16.59813,62.81658],[16.59599,62.81721],[16.58766,62.82169],[16.58648,62.82639],[16.58489,62.82843],[16.58403,62.83113],[16.58496,62.83339],[16.58273,62.8362],[16.58011,62.83787],[16.58041,62.83933],[16.57554,62.84126],[16.57487,62.84285],[16.57552,62.84394],[16.57397,62.84478],[16.57335,62.84585],[16.57324,62.84678],[16.57515,62.84832],[16.57556,62.85092],[16.57388,62.85188],[16.57328,62.85388],[16.57193,62.85446],[16.56655,62.85418],[16.56472,62.8548],[16.56277,62.85722],[16.56294,62.85922],[16.56125,62.8613],[16.55719,62.86295],[16.54882,62.87072],[16.54811,62.87216],[16.54466,62.87336],[16.54181,62.87619],[16.53575,62.87761],[16.5335,62.8804],[16.53219,62.881],[16.52895,62.88117],[16.52779,62.88158],[16.52721,62.88327],[16.52957,62.88763],[16.52936,62.89033],[16.53056,62.89136],[16.53322,62.89205],[16.55206,62.89175],[16.55283,62.89254],[16.55269,62.89419],[16.55862,62.89334],[16.56247,62.89421],[16.56338,62.89483],[16.56343,62.89642],[16.55989,62.89739],[16.55899,62.89845],[16.56899,62.90175],[16.55914,62.90426],[16.55451,62.90499],[16.55266,62.90632],[16.55367,62.90802],[16.55333,62.90926],[16.55586,62.9099],[16.55777,62.91149],[16.56335,62.91102],[16.56706,62.91374],[16.56854,62.9161],[16.57112,62.91741],[16.5714,62.92012],[16.58442,62.92213],[16.58648,62.92351],[16.58749,62.92501],[16.59234,62.92675],[16.59502,62.93067],[16.59802,62.9317],[16.60414,62.92979],[16.61013,62.92879],[16.61163,62.92896],[16.61856,62.92816],[16.62066,62.92825],[16.63847,62.93537],[16.63957,62.93681],[16.64139,62.94681],[16.64281,62.94812],[16.64693,62.95505],[16.64579,62.95717],[16.64294,62.95831],[16.64186,62.95949],[16.64261,62.96741],[16.64169,62.96872],[16.64319,62.96857],[16.65066,62.96977],[16.65223,62.96958],[16.65493,62.96767],[16.65396,62.9646],[16.65534,62.96168],[16.65781,62.95979],[16.65931,62.95664],[16.66201,62.954],[16.6636,62.95348],[16.66418,62.95396],[16.6636,62.95348],[16.66448,62.95303],[16.66589,62.95022],[16.67306,62.95211],[16.67413,62.95052],[16.6739,62.94954],[16.67497,62.95009],[16.6751,62.95084],[16.67409,62.95151],[16.67317,62.95351],[16.67162,62.95445],[16.67428,62.95574],[16.67162,62.95445],[16.67317,62.95351],[16.67409,62.95151],[16.6751,62.95084],[16.67497,62.95009],[16.6739,62.94954],[16.67413,62.95052],[16.67272,62.95286],[16.6698,62.95454],[16.66935,62.9576],[16.66677,62.96026],[16.66871,62.96823],[16.6666,62.97014],[16.66036,62.97331],[16.65954,62.9758],[16.6612,62.97861],[16.66349,62.97934],[16.66774,62.98181],[16.6672,62.98752],[16.66834,62.98968],[16.66858,62.99359],[16.6698,62.99528],[16.66557,63.00138],[16.66866,63.00543],[16.66141,63.01003],[16.66173,63.01142],[16.65873,63.01155],[16.65648,63.01215],[16.65315,63.01496],[16.64321,63.02071],[16.61993,63.02837],[16.60474,63.0311],[16.59109,63.03249],[16.57187,63.03535],[16.55498,63.03595],[16.55125,63.03693],[16.54863,63.03811],[16.54361,63.04047],[16.53391,63.04775],[16.52404,63.05427],[16.52035,63.05544],[16.52404,63.05427],[16.51936,63.05869],[16.51078,63.06429],[16.51093,63.06515],[16.50509,63.07189],[16.50222,63.07648],[16.50168,63.08129],[16.50299,63.0842],[16.51447,63.08768],[16.51792,63.0895],[16.52333,63.09111],[16.52451,63.09193],[16.52455,63.09365],[16.51775,63.10231],[16.51773,63.10341],[16.51921,63.10545],[16.52061,63.10601],[16.53932,63.1097],[16.54938,63.11875],[16.56198,63.12375],[16.56526,63.12793],[16.56794,63.1286],[16.57318,63.12821],[16.57541,63.12854],[16.58255,63.13263],[16.58706,63.13366],[16.59034,63.13384],[16.59257,63.13435],[16.59729,63.13778],[16.59847,63.14053],[16.60062,63.14193],[16.64027,63.15686],[16.65854,63.1598],[16.65371,63.16411],[16.65079,63.16538],[16.64834,63.16746],[16.6436,63.17486],[16.64733,63.18486],[16.64562,63.18525],[16.6516,63.19192],[16.64839,63.19971],[16.62948,63.21357],[16.62603,63.21497],[16.62776,63.21602],[16.63028,63.21677],[16.64551,63.21913],[16.64847,63.2214],[16.64847,63.22306],[16.64382,63.22591],[16.64244,63.22761],[16.64508,63.23876],[16.64279,63.24303],[16.65542,63.2452],[16.66102,63.24823],[16.66742,63.25003],[16.67544,63.24954],[16.68207,63.24829],[16.68727,63.24784],[16.69497,63.24825],[16.7004,63.24795],[16.70877,63.24617],[16.71581,63.24417],[16.71956,63.2443],[16.72525,63.24327],[16.73134,63.24381],[16.74022,63.24623],[16.74758,63.24733],[16.75748,63.24735],[16.76138,63.24891],[16.76424,63.24956],[16.75252,63.25426],[16.72825,63.26005],[16.7151,63.26737],[16.71046,63.27344],[16.7001,63.27971],[16.68433,63.28492],[16.67489,63.28625],[16.66465,63.28934],[16.65392,63.29352],[16.64787,63.29932],[16.64165,63.30249],[16.63596,63.31093],[16.62169,63.31895],[16.61989,63.32217],[16.6168,63.32455],[16.60236,63.32153],[16.57109,63.32309],[16.5682,63.32275],[16.56185,63.32097],[16.54331,63.31987],[16.54097,63.31934],[16.53702,63.32022],[16.53425,63.32288],[16.53114,63.32481],[16.52591,63.32678],[16.51503,63.32689],[16.50745,63.32766],[16.50333,63.33195],[16.49788,63.33425],[16.49383,63.33509],[16.48859,63.33519],[16.4878,63.33792],[16.48271,63.34084],[16.48029,63.34453],[16.47561,63.3467],[16.47248,63.34884],[16.47198,63.35021],[16.47357,63.3512],[16.47398,63.35313],[16.47123,63.35446],[16.46947,63.35614],[16.45185,63.35972],[16.44237,63.36476],[16.43563,63.36663],[16.43085,63.36708],[16.42611,63.36878],[16.42059,63.37163],[16.41561,63.37242],[16.41349,63.37481],[16.41396,63.37678],[16.4125,63.37871],[16.40988,63.37777],[16.40235,63.37693],[16.39778,63.3774],[16.39014,63.37622],[16.37935,63.37599],[16.37231,63.37481],[16.35298,63.3759],[16.338,63.37453],[16.31983,63.37957],[16.30468,63.3824],[16.30086,63.38418],[16.29721,63.38789],[16.2921,63.39135],[16.28942,63.39064],[16.28225,63.38987],[16.27991,63.38852],[16.2738,63.38809],[16.2709,63.38684],[16.26625,63.3862],[16.26464,63.38534],[16.26365,63.38538],[16.2614,63.38676],[16.25854,63.38751],[16.25554,63.3868],[16.25299,63.38734],[16.25127,63.38729],[16.24395,63.38592],[16.23987,63.38648],[16.23717,63.38635],[16.23318,63.38751],[16.22852,63.39047],[16.22612,63.39352],[16.22267,63.39433],[16.22086,63.39538],[16.21722,63.39654],[16.21299,63.3968],[16.20685,63.40023],[16.20938,63.40564],[16.20764,63.40693],[16.20213,63.40813],[16.20028,63.40918],[16.20039,63.41141],[16.19956,63.41319],[16.20142,63.41585],[16.19998,63.41686],[16.19529,63.41757],[16.19273,63.41901],[16.19037,63.41952],[16.18651,63.41948],[16.18084,63.41834],[16.17681,63.41884],[16.17003,63.41759],[16.16338,63.41927],[16.16278,63.41993],[16.16376,63.42182],[16.16273,63.42334],[16.16027,63.42461],[16.1596,63.42652],[16.16316,63.42686],[16.16623,63.42785],[16.16014,63.43181],[16.15828,63.43203],[16.15446,63.43347],[16.15085,63.43337],[16.14888,63.43429],[16.14782,63.43623],[16.1486,63.43687],[16.15108,63.43724],[16.15152,63.44028],[16.14664,63.44541],[16.14631,63.44623],[16.14739,63.4478],[16.14546,63.45057],[16.14018,63.45435],[16.13797,63.4545],[16.13681,63.45497],[16.13523,63.4569],[16.131,63.45819],[16.12692,63.46096],[16.11975,63.46295],[16.11503,63.46347],[16.10971,63.46298],[16.10772,63.46212],[16.10531,63.46274],[16.09804,63.46349],[16.09173,63.46358],[16.0874,63.4633],[16.08373,63.46261],[16.08089,63.46519],[16.06508,63.47265],[16.06119,63.47419],[16.05646,63.4752],[16.05665,63.47707],[16.05366,63.47815],[16.05191,63.48068],[16.04727,63.48441],[16.04493,63.48551],[16.0501,63.48772],[16.06014,63.48819],[16.06193,63.48941],[16.05684,63.4899],[16.04545,63.4919],[16.03946,63.49383],[16.0345,63.50016],[16.03562,63.50209],[16.05017,63.51325],[16.05512,63.5146],[16.05633,63.51529],[16.05607,63.52398],[16.05991,63.52666],[16.06678,63.5281],[16.0742,63.52788],[16.07862,63.52812],[16.0798,63.52849],[16.0795,63.52947],[16.06959,63.53574],[16.07409,63.54179],[16.07538,63.54248],[16.08776,63.54591],[16.09836,63.54739],[16.10087,63.54908],[16.10147,63.552],[16.10263,63.55305],[16.07778,63.55608],[16.07338,63.55552],[16.06446,63.55271],[16.05927,63.55172],[16.05356,63.55192],[16.0418,63.55072],[16.03043,63.552],[16.01629,63.55256],[16.00386,63.55464],[15.99384,63.5573],[15.98521,63.56144],[15.9827,63.562],[15.97378,63.56559],[15.97236,63.56765],[15.97985,63.57623],[15.98766,63.57655],[15.98908,63.57732],[15.99034,63.57919],[15.99279,63.58001],[15.99444,63.58001],[15.9994,63.57902],[16.00292,63.57949],[16.01259,63.58417],[16.01759,63.58936],[16.0198,63.59337],[16.01708,63.59434],[16.01665,63.59573],[16.01433,63.59683],[16.0133,63.59889],[16.00482,63.60124],[16.0052,63.60353],[16.00429,63.6048],[16.00032,63.60659],[15.99933,63.6085],[15.995,63.6099],[15.9903,63.61206],[15.98476,63.61333],[15.96043,63.62127],[15.95511,63.62226],[15.94975,63.62399],[15.94524,63.6238],[15.94367,63.62417],[15.94751,63.62745],[15.94715,63.62953],[15.94784,63.63069],[15.93354,63.6341],[15.9199,63.63792],[15.91852,63.63878],[15.91741,63.64116],[15.91361,63.64414],[15.90964,63.64509],[15.90421,63.64541],[15.90112,63.64622],[15.89087,63.65193],[15.88185,63.65476],[15.87801,63.65669],[15.87662,63.6586],[15.87771,63.66122],[15.8758,63.66502],[15.87883,63.66963],[15.88325,63.67195],[15.88778,63.6727],[15.89408,63.67253],[15.89705,63.67311],[15.89891,63.67508],[15.89797,63.67811],[15.89689,63.67959],[15.89258,63.6824],[15.88938,63.68772],[15.88593,63.68925],[15.88134,63.69274],[15.87735,63.69386],[15.87428,63.69521],[15.87016,63.69798],[15.86643,63.69931],[15.86207,63.70242],[15.85844,63.70384],[15.85379,63.70472],[15.84984,63.70667],[15.84486,63.70733],[15.83954,63.70903],[15.83398,63.70974],[15.83104,63.71124],[15.82087,63.71227],[15.80667,63.71259],[15.7995,63.71401],[15.79497,63.7165],[15.79252,63.71718],[15.78411,63.71641],[15.7769,63.71506],[15.76937,63.71545],[15.76405,63.71504],[15.7548,63.71787],[15.74991,63.71824],[15.73594,63.71757],[15.73395,63.71794],[15.73056,63.7195],[15.71953,63.72738],[15.71461,63.73274],[15.71384,63.73933],[15.71041,63.74218],[15.71047,63.74289],[15.71176,63.74347],[15.71742,63.74398],[15.72553,63.74377],[15.72869,63.74512],[15.70783,63.76398],[15.70762,63.76598],[15.71551,63.78117],[15.71592,63.78402],[15.71448,63.78716],[15.70691,63.7943],[15.7009,63.80216],[15.688,63.80703],[15.67938,63.80872],[15.67423,63.81031],[15.67131,63.81074],[15.66129,63.81037],[15.65464,63.81183],[15.64299,63.81591],[15.63919,63.81677],[15.6343,63.81696],[15.62621,63.81625],[15.62292,63.81679],[15.62119,63.81825],[15.62211,63.82269],[15.619,63.82827],[15.61576,63.82921],[15.61764,63.83065],[15.61745,63.83121],[15.60252,63.83623],[15.59456,63.84057],[15.5925,63.84263],[15.58301,63.84374],[15.55782,63.85061],[15.55621,63.85205],[15.55218,63.85065],[15.53776,63.84851],[15.53226,63.84514],[15.52538,63.8419],[15.52156,63.84175],[15.5034,63.84265],[15.45691,63.84372],[15.44133,63.84198],[15.42714,63.84286],[15.41388,63.8449],[15.40539,63.84535]]}},{"type":"Feature","properties":{"name":"TET_S-11_20260801","country":"SE","lengthKm":787.5},"geometry":{"type":"LineString","coordinates":[[17.92904,63.18418],[17.92894,63.18136],[17.9304,63.17971],[17.92967,63.17727],[17.93128,63.17079],[17.93055,63.16995],[17.92707,63.1683],[17.92447,63.16579],[17.92417,63.16467],[17.93312,63.15452],[17.93409,63.15201],[17.93441,63.14898],[17.93321,63.1457],[17.93612,63.14152],[17.93488,63.13845],[17.93512,63.13497],[17.93342,63.12946],[17.93432,63.12667],[17.93136,63.12628],[17.92083,63.12751],[17.90928,63.12675],[17.90619,63.12613],[17.90505,63.12545],[17.9004,63.12474],[17.89963,63.12427],[17.89568,63.12349],[17.89289,63.12424],[17.88497,63.1245],[17.87924,63.12532],[17.87649,63.12523],[17.87594,63.12467],[17.87225,63.12562],[17.87085,63.12332],[17.86759,63.12208],[17.86388,63.12214],[17.85984,63.12152],[17.85532,63.12223],[17.85304,63.12313],[17.8472,63.12257],[17.846,63.12221],[17.84547,63.12122],[17.84763,63.11817],[17.84544,63.1154],[17.84519,63.11139],[17.84347,63.11028],[17.84341,63.10596],[17.84148,63.10356],[17.84115,63.10182],[17.83877,63.09974],[17.83834,63.09656],[17.8333,63.09536],[17.82598,63.09586],[17.82515,63.09571],[17.82497,63.095],[17.81989,63.09506],[17.81002,63.09375],[17.80399,63.09498],[17.79983,63.09536],[17.79794,63.09487],[17.79817,63.0944],[17.79412,63.09337],[17.79438,63.09162],[17.79816,63.08603],[17.79689,63.08419],[17.80491,63.07787],[17.80819,63.07601],[17.81315,63.07081],[17.81573,63.07045],[17.81714,63.06957],[17.81712,63.06899],[17.81583,63.06693],[17.81656,63.06635],[17.80813,63.06045],[17.80798,63.05813],[17.80577,63.05633],[17.80558,63.05549],[17.80796,63.05326],[17.80637,63.05187],[17.80109,63.04944],[17.80227,63.04899],[17.7983,63.04564],[17.79953,63.04161],[17.79794,63.0376],[17.79489,63.03614],[17.79229,63.03562],[17.78996,63.03455],[17.78901,63.03037],[17.7892,63.02717],[17.78727,63.02305],[17.77015,63.02359],[17.76431,63.02288],[17.7632,63.02483],[17.7624,63.02942],[17.76015,63.03365],[17.76049,63.04004],[17.75839,63.04157],[17.74206,63.04676],[17.73972,63.04959],[17.73998,63.05086],[17.74163,63.052],[17.74032,63.05202],[17.73899,63.05101],[17.73807,63.04966],[17.73813,63.04779],[17.73612,63.0459],[17.73453,63.04528],[17.73266,63.04513],[17.72908,63.04558],[17.72451,63.047],[17.72423,63.05092],[17.72135,63.05122],[17.72166,63.05172],[17.71749,63.05185],[17.71202,63.05313],[17.70698,63.0535],[17.70269,63.05311],[17.69758,63.0517],[17.69164,63.05077],[17.68923,63.05112],[17.68125,63.05427],[17.67788,63.05425],[17.67129,63.05498],[17.66286,63.05521],[17.65823,63.05412],[17.64698,63.05513],[17.64436,63.05487],[17.64213,63.05391],[17.6405,63.05386],[17.63211,63.05588],[17.6314,63.05577],[17.61299,63.06322],[17.59514,63.07163],[17.58971,63.07266],[17.57139,63.07399],[17.56272,63.07579],[17.55971,63.07599],[17.55725,63.07491],[17.56098,63.07358],[17.54974,63.06657],[17.54165,63.05614],[17.54152,63.05378],[17.53963,63.05309],[17.53244,63.05232],[17.52924,63.04961],[17.53045,63.04753],[17.53407,63.04539],[17.5356,63.04361],[17.53611,63.03944],[17.53839,63.03783],[17.53699,63.03513],[17.53725,63.03326],[17.53592,63.03067],[17.53648,63.02882],[17.53592,63.02786],[17.53212,63.02623],[17.52957,63.02395],[17.53366,63.01977],[17.53433,63.01575],[17.54004,63.01189],[17.54489,63.00994],[17.5475,63.00762],[17.53609,63.00614],[17.52957,63.00305],[17.52107,63.0029],[17.51274,63.00496],[17.49905,63.00565],[17.48869,63.00689],[17.48444,63.00801],[17.47633,63.00839],[17.46981,63.01172],[17.46579,63.01445],[17.46496,63.01578],[17.4627,63.01683],[17.45268,63.01432],[17.45198,63.01052],[17.44419,63.00706],[17.43906,63.0073],[17.41657,63.00556],[17.41475,63.00483],[17.41455,63.00359],[17.41224,63.00215],[17.39975,62.99908],[17.39786,62.99822],[17.3994,62.99616],[17.39953,62.99367],[17.39192,62.99136],[17.39074,62.98689],[17.38861,62.98372],[17.38801,62.98069],[17.39048,62.97664],[17.38303,62.97432],[17.37883,62.97226],[17.37286,62.97162],[17.36709,62.96808],[17.36709,62.96662],[17.37112,62.9617],[17.36737,62.95572],[17.36612,62.95569],[17.36293,62.95709],[17.36033,62.95756],[17.35808,62.95754],[17.35355,62.95638],[17.34887,62.95597],[17.33705,62.95726],[17.3308,62.95846],[17.32518,62.95863],[17.32076,62.95823],[17.30896,62.95434],[17.30744,62.95271],[17.30505,62.95213],[17.30027,62.95254],[17.30029,62.95024],[17.29875,62.94889],[17.29853,62.94784],[17.29922,62.94617],[17.30368,62.94115],[17.30392,62.94001],[17.29626,62.93505],[17.29029,62.93012],[17.2807,62.92808],[17.27931,62.92632],[17.2783,62.92291],[17.27991,62.92057],[17.27909,62.91995],[17.27613,62.92005],[17.26843,62.92301],[17.26345,62.92445],[17.25875,62.92381],[17.24148,62.926],[17.24064,62.92578],[17.24102,62.92293],[17.24328,62.91844],[17.24289,62.90643],[17.24564,62.90149],[17.24776,62.89926],[17.25158,62.89737],[17.26137,62.89578],[17.26441,62.89488],[17.26635,62.8933],[17.26733,62.89085],[17.26658,62.89066],[17.26544,62.88903],[17.26454,62.88881],[17.26186,62.88963],[17.25999,62.88971],[17.25212,62.88737],[17.2463,62.88714],[17.23987,62.88379],[17.23972,62.88278],[17.24311,62.87933],[17.24321,62.8778],[17.2416,62.87542],[17.24343,62.87147],[17.24072,62.86963],[17.23658,62.86969],[17.22985,62.87119],[17.21624,62.87085],[17.21397,62.8704],[17.21154,62.86847],[17.20875,62.86838],[17.20502,62.8677],[17.19828,62.86903],[17.1968,62.86823],[17.20071,62.86366],[17.19678,62.85965],[17.20199,62.8539],[17.20008,62.84995],[17.20356,62.84759],[17.20365,62.8445],[17.20092,62.84193],[17.20283,62.83965],[17.20262,62.83828],[17.19968,62.83643],[17.19661,62.83302],[17.19457,62.83212],[17.19339,62.82989],[17.19433,62.8286],[17.20161,62.82431],[17.20648,62.82004],[17.20686,62.81837],[17.20787,62.81785],[17.21839,62.81553],[17.22019,62.81448],[17.2259,62.81435],[17.23736,62.81596],[17.24045,62.81482],[17.2389,62.81442],[17.23272,62.80877],[17.2277,62.80869],[17.22399,62.80817],[17.22124,62.80875],[17.2139,62.80882],[17.20942,62.80955],[17.19882,62.80955],[17.19624,62.81049],[17.19234,62.81101],[17.19056,62.81259],[17.18639,62.81227],[17.18127,62.81485],[17.17388,62.81564],[17.16307,62.81772],[17.15582,62.82182],[17.15082,62.82283],[17.14502,62.82244],[17.13593,62.82688],[17.13305,62.83019],[17.1244,62.83354],[17.11331,62.84006],[17.1114,62.84047],[17.10582,62.84053],[17.10058,62.84281],[17.08921,62.84502],[17.08507,62.84793],[17.07953,62.85789],[17.07093,62.86113],[17.06717,62.86465],[17.06233,62.86652],[17.05542,62.8678],[17.03913,62.86916],[17.02883,62.8689],[17.0237,62.86937],[17.014,62.86798],[17.00926,62.86783],[17.00394,62.86928],[17.00085,62.86834],[16.99926,62.86673],[16.99694,62.86626],[16.99064,62.86664],[16.98218,62.86828],[16.97765,62.86744],[16.97568,62.86759],[16.97345,62.86658],[16.97177,62.86454],[16.9642,62.8627],[16.96392,62.85986],[16.96064,62.85377],[16.95296,62.85242],[16.951,62.85276],[16.94946,62.85366],[16.94637,62.85383],[16.94452,62.85332],[16.94409,62.85304],[16.94502,62.85212],[16.9468,62.85113],[16.94759,62.84886],[16.95212,62.84665],[16.95315,62.84547],[16.94819,62.84124],[16.94332,62.83959],[16.94109,62.83823],[16.93832,62.83759],[16.9445,62.83354],[16.94424,62.83214],[16.95218,62.82347],[16.95251,62.82184],[16.95336,62.82154],[16.95746,62.82169],[16.95811,62.82025],[16.96435,62.81588],[16.96718,62.81422],[16.97248,62.81259],[16.96868,62.80128],[16.9698,62.79556],[16.96886,62.79448],[16.96036,62.79103],[16.95851,62.78785],[16.95487,62.78513],[16.95375,62.78084],[16.95411,62.77564],[16.95611,62.7738],[16.95652,62.77172],[16.95768,62.77109],[16.96092,62.7709],[16.96527,62.77169],[16.96596,62.77116],[16.96688,62.76558],[16.96946,62.76504],[16.97167,62.76345],[16.9751,62.76348],[16.97673,62.76292],[16.9777,62.76157],[16.97804,62.75895],[16.9774,62.75717],[16.97798,62.75644],[16.98491,62.75468],[16.9881,62.75161],[16.99312,62.74961],[16.99426,62.74612],[16.99561,62.7447],[16.99724,62.74397],[17.00102,62.74324],[17.00437,62.74129],[17.00722,62.74035],[17.01035,62.73783],[17.01018,62.73691],[17.00624,62.73801],[16.98458,62.74095],[16.98162,62.74015],[16.98016,62.73788],[16.97864,62.73706],[16.97117,62.73623],[16.96703,62.73635],[16.96349,62.7359],[16.9386,62.73153],[16.93459,62.73041],[16.92882,62.72977],[16.92169,62.72809],[16.91068,62.72887],[16.90592,62.73024],[16.89981,62.73097],[16.88723,62.72878],[16.86931,62.7282],[16.85101,62.72178],[16.83749,62.71822],[16.83389,62.71796],[16.82893,62.71835],[16.82318,62.7199],[16.82108,62.72093],[16.81874,62.72105],[16.81545,62.7191],[16.81003,62.71786],[16.80874,62.71528],[16.80202,62.70917],[16.80056,62.70646],[16.80024,62.6994],[16.79868,62.69842],[16.80136,62.69464],[16.8011,62.69325],[16.80016,62.69295],[16.79696,62.69603],[16.79623,62.69608],[16.79226,62.69891],[16.79211,62.69955],[16.79031,62.69998],[16.78988,62.7003],[16.79054,62.70099],[16.78891,62.70054],[16.78865,62.70303],[16.78638,62.702],[16.78503,62.69955],[16.78155,62.69958],[16.77992,62.69865],[16.77829,62.6991],[16.7805,62.6973],[16.77979,62.69337],[16.77754,62.69084],[16.77535,62.68988],[16.77293,62.68955],[16.77151,62.69005],[16.76784,62.69043],[16.76434,62.69035],[16.76027,62.6908],[16.75949,62.69164],[16.76316,62.69204],[16.76533,62.69374],[16.76608,62.69556],[16.76988,62.69543],[16.77245,62.6949],[16.77035,62.69541],[16.76632,62.69565],[16.76533,62.69374],[16.76353,62.69224],[16.76254,62.69185],[16.7599,62.69174],[16.75861,62.69328],[16.75721,62.69333],[16.75623,62.69384],[16.75593,62.69465],[16.75669,62.69512],[16.75205,62.69749],[16.74042,62.7002],[16.73673,62.69928],[16.73261,62.70121],[16.72329,62.70696],[16.72347,62.71438],[16.71978,62.71859],[16.70804,62.72509],[16.69557,62.74071],[16.69289,62.74191],[16.68675,62.7429],[16.67815,62.74792],[16.67253,62.74788],[16.66699,62.74953],[16.65939,62.7488],[16.65671,62.74934],[16.65549,62.75017],[16.65474,62.75215],[16.65008,62.75828],[16.63989,62.76212],[16.63811,62.76251],[16.61485,62.76324],[16.60508,62.76543],[16.60079,62.76485],[16.60238,62.76333],[16.60729,62.76217],[16.60894,62.76061],[16.60867,62.75927],[16.60636,62.75813],[16.6021,62.75807],[16.60009,62.75712],[16.59803,62.75693],[16.59623,62.75562],[16.59462,62.75528],[16.58641,62.74948],[16.58277,62.74916],[16.57897,62.7482],[16.57511,62.74884],[16.57324,62.74961],[16.5717,62.74871],[16.56955,62.74863],[16.56927,62.75041],[16.56605,62.75292],[16.56528,62.7544],[16.56185,62.75689],[16.55886,62.7577],[16.55429,62.75794],[16.55123,62.75661],[16.54944,62.75455],[16.54702,62.7547],[16.54657,62.75676],[16.54912,62.75996],[16.54836,62.76204],[16.54682,62.76297],[16.54345,62.76353],[16.54019,62.76263],[16.5378,62.76143],[16.53618,62.75913],[16.52359,62.75779],[16.52271,62.75687],[16.52348,62.75571],[16.52228,62.75474],[16.52297,62.75339],[16.52061,62.75298],[16.51483,62.75356],[16.50981,62.75316],[16.50947,62.75202],[16.50492,62.74903],[16.49835,62.74869],[16.49628,62.74914],[16.49518,62.74835],[16.49743,62.74628],[16.50115,62.74429],[16.50607,62.74371],[16.51007,62.74211],[16.51088,62.74081],[16.51035,62.73803],[16.50898,62.7369],[16.50615,62.73606],[16.49777,62.73787],[16.48646,62.73904],[16.48045,62.74091],[16.47408,62.74213],[16.4718,62.74072],[16.47172,62.73878],[16.46939,62.73801],[16.46791,62.73608],[16.4646,62.73465],[16.45876,62.73474],[16.45321,62.73661],[16.44258,62.73916],[16.43842,62.74137],[16.43093,62.74431],[16.42649,62.74326],[16.42467,62.74146],[16.41572,62.73743],[16.41433,62.7361],[16.41184,62.73569],[16.40948,62.73412],[16.40666,62.73314],[16.40336,62.73002],[16.403,62.72556],[16.40173,62.72357],[16.40212,62.7224],[16.40044,62.71987],[16.40044,62.71811],[16.39851,62.71706],[16.401,62.71438],[16.39431,62.7146],[16.39134,62.71382],[16.38791,62.71166],[16.37778,62.70303],[16.38042,62.70185],[16.38761,62.70048],[16.39053,62.69902],[16.39132,62.69745],[16.39025,62.69565],[16.39042,62.69438],[16.39478,62.69194],[16.39656,62.68955],[16.39847,62.68857],[16.39718,62.68837],[16.39315,62.68878],[16.38589,62.68807],[16.38302,62.68835],[16.38139,62.6879],[16.37714,62.68758],[16.36978,62.6879],[16.35961,62.68908],[16.35298,62.69048],[16.34364,62.69127],[16.34225,62.69153],[16.33176,62.69629],[16.32343,62.69915],[16.32092,62.70224],[16.31568,62.70466],[16.3151,62.70567],[16.30371,62.70739],[16.29691,62.70736],[16.28715,62.70934],[16.28011,62.70874],[16.27326,62.7106],[16.25953,62.71333],[16.24861,62.71176],[16.24193,62.71294],[16.22679,62.71668],[16.22526,62.71524],[16.22466,62.71099],[16.22168,62.70663],[16.22181,62.69745],[16.22518,62.69582],[16.23275,62.69481],[16.23751,62.69288],[16.24118,62.69219],[16.24404,62.6908],[16.25095,62.68863],[16.2514,62.68784],[16.25002,62.68616],[16.24938,62.68322],[16.25002,62.68267],[16.25633,62.68054],[16.25777,62.67861],[16.25678,62.67634],[16.25144,62.674],[16.24756,62.67477],[16.24095,62.67458],[16.23539,62.67325],[16.22809,62.67247],[16.222,62.67108],[16.21462,62.66812],[16.21277,62.66816],[16.20803,62.66938],[16.20383,62.67134],[16.19949,62.67194],[16.1925,62.67475],[16.18786,62.67533],[16.18494,62.67539],[16.17988,62.67488],[16.17576,62.67252],[16.17254,62.6725],[16.1702,62.67099],[16.16763,62.67071],[16.16797,62.66968],[16.17138,62.66803],[16.16964,62.66623],[16.17057,62.66469],[16.17333,62.66348],[16.17297,62.66301],[16.17179,62.66258],[16.16608,62.66335],[16.16359,62.66316],[16.1617,62.66072],[16.15668,62.66009],[16.15803,62.65853],[16.15484,62.65737],[16.14758,62.65597],[16.14542,62.65357],[16.14179,62.65278],[16.1411,62.65108],[16.13761,62.64977],[16.13754,62.64866],[16.14014,62.64675],[16.14274,62.64696],[16.14731,62.64602],[16.14812,62.6443],[16.14561,62.64209],[16.14557,62.64108],[16.1496,62.63806],[16.14711,62.63735],[16.14503,62.63516],[16.13604,62.63265],[16.13546,62.63192],[16.13628,62.6305],[16.13437,62.62829],[16.12673,62.62261],[16.11757,62.61984],[16.11508,62.61868],[16.11368,62.61744],[16.11342,62.61548],[16.11044,62.6122],[16.11102,62.6102],[16.11012,62.60634],[16.10806,62.60484],[16.10199,62.6039],[16.09997,62.60314],[16.09937,62.6019],[16.09583,62.60018],[16.09559,62.59722],[16.093,62.59525],[16.08692,62.59619],[16.08501,62.59699],[16.08059,62.60139],[16.07793,62.60304],[16.07703,62.6048],[16.07068,62.61057],[16.05289,62.61776],[16.05006,62.61789],[16.04015,62.61638],[16.01828,62.61797],[16.00768,62.61694],[16.00002,62.61508],[15.98893,62.61469],[15.97676,62.61913],[15.96361,62.62308],[15.95927,62.6255],[15.93833,62.63327],[15.9346,62.63782],[15.93138,62.63645],[15.92932,62.63304],[15.93118,62.63117],[15.92979,62.63046],[15.927,62.63033],[15.92595,62.62958],[15.92739,62.6252],[15.92612,62.6225],[15.93048,62.6199],[15.93095,62.61853],[15.93266,62.61701],[15.93226,62.61647],[15.92985,62.61538],[15.92294,62.61533],[15.9184,62.61424],[15.91531,62.61411],[15.91005,62.61293],[15.90677,62.61083],[15.90754,62.60937],[15.90567,62.60864],[15.90528,62.60711],[15.90301,62.60653],[15.90247,62.60501],[15.89378,62.60263],[15.88859,62.59877],[15.88419,62.59677],[15.88039,62.59409],[15.87793,62.5919],[15.87767,62.59083],[15.88119,62.5895],[15.88477,62.58716],[15.89091,62.5813],[15.89078,62.57911],[15.89381,62.57214],[15.90164,62.57323],[15.91239,62.5719],[15.92213,62.56791],[15.92297,62.56424],[15.9264,62.56225],[15.92687,62.56115],[15.92623,62.55961],[15.92097,62.55697],[15.91917,62.55534],[15.91889,62.55482],[15.92032,62.55323],[15.91897,62.55459],[15.91917,62.55534],[15.92097,62.55697],[15.92608,62.55948],[15.92683,62.56102],[15.92584,62.56293],[15.92297,62.56424],[15.92213,62.56791],[15.91164,62.57207],[15.90164,62.57323],[15.89381,62.57214],[15.89477,62.56982],[15.89445,62.56836],[15.88881,62.56343],[15.88713,62.56083],[15.88917,62.55536],[15.89964,62.54686],[15.90631,62.54347],[15.90436,62.54126],[15.91895,62.53892],[15.92063,62.53753],[15.9385,62.53684],[15.94206,62.5392],[15.94232,62.54008],[15.9497,62.54167],[15.95095,62.54311],[15.95,62.54424],[15.9505,62.54487],[15.95584,62.54853],[15.95618,62.55002],[15.95427,62.55304],[15.9549,62.55405],[15.96451,62.54901],[15.97365,62.54508],[15.98933,62.54193],[15.99429,62.53766],[15.99438,62.5359],[15.99888,62.53605],[16.00298,62.53435],[16.0047,62.5345],[16.00858,62.53572],[16.01019,62.53669],[16.01152,62.5369],[16.01695,62.53624],[16.02334,62.53796],[16.02611,62.54038],[16.03603,62.54323],[16.03811,62.54529],[16.03774,62.54742],[16.04051,62.54997],[16.04208,62.55059],[16.04684,62.55107],[16.04843,62.55195],[16.04715,62.55329],[16.04781,62.55406],[16.04691,62.55447],[16.04862,62.5551],[16.04972,62.55615],[16.05212,62.55628],[16.05272,62.55673],[16.05139,62.55832],[16.05115,62.55995],[16.053,62.56274],[16.05605,62.56336],[16.05847,62.56323],[16.07152,62.55834],[16.07319,62.55624],[16.07349,62.55407],[16.07708,62.55059],[16.0777,62.54746],[16.07849,62.54675],[16.08109,62.54613],[16.08654,62.54607],[16.08924,62.54551],[16.09064,62.53993],[16.09388,62.53881],[16.09591,62.53729],[16.10083,62.5368],[16.09804,62.5321],[16.09542,62.5304],[16.08765,62.52742],[16.08718,62.52645],[16.08832,62.52502],[16.08748,62.52448],[16.08589,62.52439],[16.08986,62.52251],[16.09699,62.52146],[16.10141,62.51991],[16.10364,62.51974],[16.11372,62.51727],[16.11525,62.5162],[16.1183,62.51547],[16.12289,62.51367],[16.12686,62.51019],[16.13825,62.50616],[16.14404,62.50296],[16.14366,62.50216],[16.131,62.49974],[16.12355,62.49925],[16.11493,62.49991],[16.11231,62.49974],[16.11323,62.50096],[16.11239,62.50219],[16.109,62.5042],[16.10806,62.50553],[16.10636,62.50586],[16.09482,62.505],[16.08132,62.50729],[16.07409,62.50779],[16.07208,62.50721],[16.07053,62.50609],[16.07081,62.50523],[16.07283,62.50472],[16.07888,62.505],[16.08263,62.5045],[16.0845,62.50388],[16.0848,62.50287],[16.08572,62.50272],[16.08508,62.50274],[16.0845,62.50388],[16.08263,62.5045],[16.07888,62.505],[16.07283,62.50472],[16.07122,62.50504],[16.0704,62.5059],[16.07208,62.50721],[16.07375,62.50777],[16.07978,62.50744],[16.09482,62.505],[16.10724,62.50583],[16.11239,62.50219],[16.11323,62.50096],[16.11231,62.49974],[16.11493,62.49991],[16.12355,62.49925],[16.131,62.49974],[16.13061,62.49867],[16.12868,62.49751],[16.12231,62.49695],[16.11808,62.49699],[16.11894,62.49324],[16.12087,62.49111],[16.12319,62.48981],[16.12375,62.48775],[16.1302,62.48811],[16.1478,62.48577],[16.15239,62.48463],[16.15074,62.4821],[16.15237,62.47987],[16.16192,62.47732],[16.16376,62.47605],[16.16587,62.47339],[16.17213,62.46968],[16.18441,62.46637],[16.18619,62.46517],[16.19402,62.46228],[16.19533,62.45893],[16.19462,62.45502],[16.19061,62.4527],[16.19277,62.4511],[16.19632,62.45082],[16.19848,62.45009],[16.2014,62.4512],[16.20131,62.452],[16.20709,62.45034],[16.2138,62.44768],[16.21496,62.44567],[16.22442,62.43687],[16.22623,62.43198],[16.23086,62.42889],[16.23082,62.42771],[16.23507,62.4252],[16.24058,62.42395],[16.24114,62.42118],[16.24522,62.41955],[16.25045,62.41648],[16.25354,62.41391],[16.26159,62.41224],[16.27268,62.41236],[16.28391,62.41013],[16.28893,62.4105],[16.29423,62.40973],[16.29637,62.409],[16.29772,62.40777],[16.29174,62.40576],[16.28352,62.40179],[16.28309,62.40067],[16.27176,62.39668],[16.2684,62.39451],[16.26864,62.39309],[16.27381,62.38873],[16.27496,62.38823],[16.2784,62.3882],[16.28034,62.38556],[16.27998,62.38331],[16.28116,62.3837],[16.28415,62.38378],[16.28911,62.38291],[16.2899,62.38044],[16.29293,62.37787],[16.29261,62.37641],[16.29528,62.37574],[16.29554,62.37432],[16.31071,62.37479],[16.32047,62.37619],[16.32571,62.37799],[16.32912,62.37848],[16.32167,62.38059],[16.32161,62.3817],[16.31629,62.38117],[16.31551,62.38247],[16.31641,62.38331],[16.31611,62.38421],[16.31886,62.3846],[16.31828,62.38586],[16.32107,62.38624],[16.31877,62.38601],[16.31837,62.38548],[16.31903,62.38479],[16.31611,62.38421],[16.31586,62.38383],[16.31629,62.38117],[16.32161,62.3817],[16.32137,62.3808],[16.32912,62.37848],[16.34315,62.37938],[16.34399,62.3773],[16.35072,62.37385],[16.35225,62.37232],[16.36628,62.36559],[16.36956,62.36355],[16.37029,62.36153],[16.3725,62.35919],[16.37336,62.35381],[16.37486,62.35104],[16.37424,62.3487],[16.36527,62.34329],[16.36399,62.34106],[16.36811,62.34025],[16.37145,62.34014],[16.37544,62.33874],[16.3772,62.33763],[16.38285,62.33561],[16.38486,62.33533],[16.38858,62.33361],[16.391,62.3302],[16.39579,62.3284],[16.39797,62.32705],[16.40083,62.32254],[16.4025,62.3219],[16.40381,62.3204],[16.40737,62.31911],[16.41196,62.31915],[16.4136,62.31872],[16.42578,62.3119],[16.43145,62.31111],[16.43411,62.31008],[16.43879,62.31048],[16.44462,62.31008],[16.4519,62.30902],[16.462,62.30844],[16.46363,62.30793],[16.45196,62.29827],[16.44773,62.29619],[16.44276,62.28978],[16.44224,62.2828],[16.43518,62.27227],[16.43218,62.27113],[16.43503,62.26997],[16.43806,62.26967],[16.44316,62.26819],[16.44707,62.26491],[16.44456,62.26182],[16.4428,62.26081],[16.44329,62.25877],[16.44574,62.25502],[16.44591,62.25351],[16.44488,62.25147],[16.44724,62.24864],[16.4454,62.24587],[16.44662,62.24439],[16.44649,62.24019],[16.44613,62.23984],[16.44179,62.23984],[16.43698,62.2365],[16.43619,62.23193],[16.4299,62.22382],[16.42675,62.22047],[16.42362,62.21856],[16.41954,62.2171],[16.41829,62.2144],[16.41922,62.21384],[16.41993,62.21056],[16.42237,62.20843],[16.4225,62.20682],[16.43291,62.20124],[16.43482,62.19946],[16.43482,62.19809],[16.42997,62.19397],[16.43033,62.19296],[16.44486,62.18981],[16.44977,62.18925],[16.45426,62.18708],[16.45473,62.18669],[16.45335,62.18675],[16.45764,62.17727],[16.45854,62.17653],[16.46355,62.17574],[16.46192,62.17398],[16.46182,62.17234],[16.46572,62.16759],[16.462,62.16642],[16.45765,62.16592],[16.45003,62.16346],[16.44741,62.16221],[16.44057,62.16213],[16.43027,62.1606],[16.42883,62.15912],[16.42911,62.15811],[16.428,62.15791],[16.41804,62.16181],[16.41334,62.16465],[16.40535,62.16771],[16.39987,62.16928],[16.39585,62.16571],[16.3921,62.16451],[16.388,62.16408],[16.38973,62.16092],[16.38842,62.15926],[16.38703,62.15856],[16.3828,62.15845],[16.38016,62.15766],[16.37864,62.15763],[16.37747,62.15693],[16.37724,62.1547],[16.37478,62.15408],[16.37712,62.15291],[16.37837,62.15092],[16.3886,62.14925],[16.39394,62.14719],[16.39613,62.14462],[16.39561,62.14346],[16.39615,62.14247],[16.39903,62.14105],[16.39879,62.13949],[16.41293,62.13753],[16.41774,62.1356],[16.42278,62.13535],[16.43016,62.13292],[16.43134,62.13116],[16.43621,62.12717],[16.43883,62.12284],[16.43784,62.12078],[16.43188,62.11839],[16.43093,62.11679],[16.4381,62.11438],[16.43801,62.11236],[16.43085,62.1096],[16.42973,62.10829],[16.43299,62.10642],[16.44055,62.1035],[16.44737,62.09889],[16.46016,62.09421],[16.46215,62.08945],[16.46825,62.08567],[16.4705,62.08507],[16.47623,62.08503],[16.48011,62.08456],[16.492,62.08179],[16.50756,62.07644],[16.512,62.07415],[16.53352,62.07269],[16.53657,62.07157],[16.53938,62.0699],[16.54618,62.0676],[16.54453,62.06612],[16.53844,62.05273],[16.53912,62.05245],[16.54017,62.04868],[16.53683,62.04582],[16.53693,62.04098],[16.5323,62.03763],[16.53153,62.036],[16.53423,62.03398],[16.53487,62.03093],[16.53468,62.02913],[16.53264,62.02793],[16.53262,62.0258],[16.53125,62.02312],[16.53159,62.02117],[16.53475,62.01814],[16.53455,62.01548],[16.53408,62.01417],[16.53127,62.01132],[16.52764,62.01035],[16.52543,62.00896],[16.52678,61.99999],[16.52445,61.99699],[16.51882,61.99289],[16.52041,61.99006],[16.51509,61.98778],[16.5137,61.98574],[16.50977,61.98501],[16.50061,61.98218],[16.49054,61.98137],[16.48724,61.98143],[16.48263,61.98001],[16.47627,61.97879],[16.47104,61.97639],[16.46763,61.97583],[16.4658,61.97364],[16.46672,61.96918],[16.4646,61.96553],[16.46475,61.96446],[16.46857,61.96193],[16.47426,61.95954],[16.48084,61.95244],[16.4554,61.95433],[16.45291,61.95381],[16.4481,61.95141],[16.43767,61.95242],[16.43147,61.95197],[16.42735,61.95214],[16.42437,61.95019],[16.42224,61.95006],[16.38757,61.95572],[16.38407,61.95716],[16.38295,61.95826],[16.37609,61.95993],[16.37257,61.9624],[16.35763,61.96712],[16.35167,61.9681],[16.35008,61.96941],[16.34826,61.96997],[16.34236,61.97081],[16.33736,61.97137],[16.33298,61.97053],[16.3206,61.9663],[16.31867,61.96665],[16.31468,61.96626],[16.30998,61.96465],[16.29946,61.96454],[16.28725,61.96358],[16.28399,61.96495],[16.28247,61.96512],[16.27092,61.96555],[16.26837,61.9662],[16.26408,61.9663],[16.25987,61.96716],[16.25474,61.96712],[16.24539,61.96909],[16.24028,61.97171],[16.23646,61.97253],[16.22503,61.97347],[16.21925,61.97519],[16.21239,61.97546],[16.20597,61.97765],[16.20342,61.97752],[16.19571,61.97562],[16.19331,61.97557],[16.19168,61.97441],[16.18932,61.97422],[16.18863,61.97358],[16.18494,61.97255],[16.18408,61.97186],[16.18104,61.97214],[16.17842,61.97315],[16.1766,61.97261],[16.161,61.97287],[16.15952,61.97364],[16.15793,61.97347],[16.1554,61.97433],[16.14078,61.97233],[16.13587,61.97248],[16.12514,61.97175],[16.11744,61.97169],[16.108,61.97053],[16.10699,61.97001],[16.10068,61.97047],[16.09735,61.96933],[16.0913,61.96926],[16.0901,61.96989],[16.08589,61.97057],[16.0745,61.97029],[16.07012,61.97104],[16.06388,61.9715],[16.05942,61.9701],[16.05774,61.97008],[16.05397,61.97064],[16.05332,61.97242],[16.05369,61.97544],[16.04929,61.97976],[16.04974,61.9825],[16.05126,61.98377],[16.0506,61.98639],[16.04905,61.9881],[16.05002,61.98963],[16.05291,61.99115],[16.05364,61.99209],[16.05105,61.99422],[16.05036,61.99598],[16.0454,61.99853],[16.04212,62.00216],[16.03616,62.00383],[16.03343,62.00546],[16.0241,62.00868],[16.01858,62.01265],[16.00923,62.01628],[16.00414,62.01896],[16.00178,62.01941],[15.99974,62.02031],[15.99708,62.02231],[15.99663,62.02347],[15.99796,62.02583],[15.99757,62.02696],[15.98944,62.02864],[15.98045,62.02806],[15.97779,62.02879],[15.97335,62.02911],[15.96835,62.02799],[15.9591,62.02859],[15.95384,62.02937],[15.95022,62.02928],[15.94423,62.03014],[15.94213,62.02982],[15.93842,62.02806],[15.93494,62.02752],[15.93101,62.02759],[15.92827,62.02853],[15.92749,62.02784],[15.92535,62.02752],[15.91947,62.02836],[15.9117,62.02606],[15.90702,62.0254],[15.90574,62.02462],[15.90059,62.02377],[15.90243,62.02096],[15.90668,62.01733],[15.90865,62.01297],[15.90747,62.01194],[15.90258,62.01166],[15.89426,62.01338],[15.89106,62.01344],[15.84546,62.0054],[15.8431,62.00454],[15.84141,62.00302],[15.84076,62.00006],[15.84344,61.99722],[15.84563,61.99261],[15.85477,61.98746],[15.85842,61.97813],[15.86385,61.97212],[15.8673,61.96974],[15.87816,61.96454],[15.87853,61.96373],[15.87711,61.96184],[15.87707,61.96032],[15.88454,61.95317],[15.88475,61.94944],[15.88363,61.94568],[15.88065,61.94057],[15.87827,61.93384],[15.87385,61.93055],[15.87351,61.9286],[15.87198,61.92862],[15.87078,61.92955],[15.86653,61.93058],[15.86198,61.93257],[15.85668,61.93242],[15.83151,61.93667],[15.82134,61.93787],[15.81171,61.93993],[15.80782,61.9386],[15.80154,61.93821],[15.79883,61.93718],[15.79572,61.935],[15.79231,61.93461],[15.79145,61.93403],[15.77892,61.93506],[15.77645,61.93474],[15.77469,61.93313],[15.76869,61.93062],[15.76783,61.92931],[15.76879,61.92764],[15.76671,61.92558],[15.76341,61.92562],[15.75626,61.92656],[15.75279,61.92785],[15.74948,61.92809],[15.74416,61.92933],[15.72528,61.93463],[15.72236,61.93405],[15.71856,61.93135],[15.71832,61.92916],[15.71534,61.928],[15.71337,61.92759],[15.70592,61.92783],[15.70051,61.92721],[15.68839,61.92394],[15.68667,61.92257],[15.65672,61.9256],[15.65408,61.92652],[15.64779,61.9301],[15.64384,61.93141],[15.63339,61.93141],[15.61582,61.93384],[15.60906,61.93375],[15.59893,61.93542],[15.58355,61.93579],[15.57696,61.93678],[15.57398,61.93854],[15.57108,61.9386],[15.5652,61.9395],[15.55381,61.94371],[15.54883,61.94396],[15.54417,61.94311],[15.54048,61.9436],[15.53902,61.94467],[15.53437,61.94622],[15.52042,61.95306],[15.50892,61.95566],[15.50499,61.9551],[15.50278,61.95117],[15.50403,61.94916],[15.50761,61.94733],[15.50905,61.94585],[15.50907,61.94444],[15.50647,61.93948],[15.50637,61.93753],[15.50087,61.93826],[15.49454,61.93813],[15.48999,61.93843],[15.47568,61.94156],[15.46394,61.94334],[15.4583,61.94358],[15.45109,61.94448],[15.44343,61.94401],[15.43547,61.94238],[15.42581,61.93922],[15.42071,61.93845],[15.42032,61.93742],[15.40946,61.93249],[15.4003,61.93208],[15.39603,61.92654],[15.39206,61.92364],[15.38876,61.92255],[15.38721,61.92135],[15.38097,61.92006],[15.37472,61.91952],[15.37105,61.9209],[15.3579,61.92195],[15.34899,61.92004],[15.34728,61.91826],[15.34468,61.91731],[15.34273,61.91708],[15.33837,61.91736],[15.33404,61.91682],[15.33224,61.91618],[15.3317,61.91506],[15.33301,61.9109],[15.33773,61.90783],[15.34256,61.90594],[15.34545,61.9041],[15.34571,61.90341],[15.3429,61.90038],[15.34342,61.89772],[15.34198,61.89416],[15.33964,61.89285],[15.33672,61.89234],[15.33361,61.89105],[15.33127,61.88843],[15.33226,61.8859],[15.32902,61.8824],[15.32857,61.87985],[15.33256,61.87693],[15.34187,61.87519],[15.34882,61.87279],[15.35213,61.86981],[15.35223,61.86828],[15.34754,61.86468],[15.34781,61.85983],[15.3538,61.85603],[15.35711,61.85305],[15.35822,61.85112],[15.35854,61.84962],[15.35494,61.84661],[15.35464,61.845],[15.35996,61.84309],[15.36543,61.83949],[15.37399,61.83708],[15.37906,61.83305],[15.37818,61.83013],[15.37953,61.82889],[15.38373,61.82674],[15.39382,61.81994],[15.39906,61.81782],[15.40667,61.81561],[15.41878,61.80812],[15.4221,61.80734],[15.42792,61.80805],[15.43425,61.80722],[15.44678,61.80794],[15.44826,61.80689],[15.45285,61.80509],[15.4595,61.8035],[15.47132,61.8049],[15.47418,61.8032],[15.4777,61.80189],[15.48218,61.80153],[15.49085,61.79975],[15.50242,61.79674],[15.50589,61.79456],[15.51791,61.79258],[15.51624,61.79147],[15.50085,61.7872],[15.49877,61.78612],[15.50544,61.78187],[15.50718,61.77827],[15.50712,61.7778],[15.501,61.77694],[15.49845,61.7773],[15.49855,61.7758],[15.49564,61.774],[15.49574,61.77009],[15.49501,61.76878],[15.49349,61.76799],[15.49317,61.76679],[15.49757,61.76269],[15.49132,61.76218],[15.4742,61.75743],[15.46186,61.75677],[15.448,61.75389],[15.44004,61.75499],[15.43034,61.75501],[15.42223,61.75634],[15.40298,61.75864],[15.39116,61.75915],[15.38888,61.75894],[15.37916,61.756],[15.37532,61.75278],[15.37178,61.75151],[15.36771,61.74919],[15.36419,61.74821],[15.33691,61.73372],[15.32333,61.73007],[15.31335,61.72658],[15.307,61.72604],[15.30228,61.72621],[15.29599,61.72578],[15.27921,61.7216],[15.27745,61.72147],[15.27185,61.72203],[15.26385,61.72196],[15.25424,61.72402],[15.25102,61.72589],[15.24797,61.72859],[15.23917,61.73108],[15.22593,61.73355],[15.22124,61.73383],[15.21594,61.73323],[15.21216,61.73216],[15.20888,61.73046],[15.19622,61.7337],[15.18847,61.73338],[15.18716,61.73381],[15.18377,61.73634],[15.16302,61.74132],[15.16135,61.74123],[15.15909,61.74323],[15.15519,61.7454],[15.15013,61.74488],[15.14137,61.74585],[15.13521,61.74587],[15.12573,61.74812],[15.12126,61.74763],[15.115,61.74909],[15.11105,61.75196],[15.10154,61.75627],[15.0968,61.75681],[15.09195,61.75688],[15.06964,61.76132],[15.06457,61.76177],[15.06129,61.76254],[15.05121,61.76336],[15.04794,61.76548],[15.04427,61.76615],[15.04196,61.76623],[15.03646,61.76477],[15.02498,61.76516],[15.02007,61.76595],[15.01014,61.76653],[15.00166,61.76857],[14.98709,61.7702],[14.96188,61.77677],[14.95267,61.78065],[14.93952,61.78209],[14.92023,61.78282],[14.91424,61.78389],[14.90467,61.78235],[14.89645,61.7805],[14.89008,61.78024],[14.88579,61.77919],[14.87045,61.78061],[14.86392,61.77949],[14.86409,61.77906],[14.86806,61.77775],[14.87055,61.77612],[14.87808,61.77344],[14.87991,61.77235],[14.88002,61.76833],[14.87905,61.76537],[14.88156,61.76089],[14.88068,61.75065],[14.87697,61.7493],[14.87051,61.74819],[14.86246,61.74469],[14.85598,61.74361],[14.84555,61.74437],[14.8371,61.7437],[14.81884,61.74728],[14.8156,61.74733],[14.8118,61.74432],[14.81429,61.73954],[14.8133,61.73864],[14.80453,61.7363],[14.76657,61.71456],[14.76544,61.71102],[14.76403,61.70952],[14.76428,61.70443],[14.75393,61.702],[14.74784,61.6991],[14.74865,61.69443],[14.75086,61.69134],[14.76223,61.68514],[14.76303,61.68278],[14.76245,61.68214],[14.76174,61.6818],[14.75644,61.68325],[14.74483,61.69325],[14.73713,61.69703],[14.73522,61.69576],[14.73449,61.69265],[14.72951,61.68804],[14.72644,61.68611],[14.72651,61.68171],[14.72595,61.68117],[14.7241,61.68074],[14.72174,61.67701],[14.7193,61.67529],[14.71533,61.67499],[14.7122,61.67259],[14.70705,61.67102],[14.70516,61.66982],[14.70114,61.66645],[14.7008,61.66368],[14.69786,61.66214],[14.69743,61.65888],[14.691,61.65697],[14.68913,61.65727],[14.68694,61.65847],[14.68447,61.65735],[14.67737,61.65705],[14.67473,61.65746],[14.67042,61.65924],[14.66632,61.65952],[14.66825,61.65763],[14.67299,61.65019],[14.66752,61.64409],[14.6714,61.63912],[14.67241,61.63618],[14.67769,61.63124],[14.67582,61.62723],[14.67692,61.62517],[14.67492,61.61892],[14.67574,61.61571],[14.67342,61.61253],[14.67355,61.60983],[14.67604,61.60607],[14.67756,61.60508],[14.68694,61.60341],[14.68992,61.60217],[14.69344,61.59476],[14.69481,61.58547],[14.69417,61.58163],[14.69473,61.57837],[14.69372,61.57135],[14.68951,61.56382],[14.69035,61.56195],[14.6926,61.55992],[14.68514,61.55951],[14.67947,61.55981],[14.67694,61.56043],[14.67578,61.56032],[14.67366,61.56105],[14.66917,61.5614],[14.6604,61.56446],[14.65145,61.56564],[14.64276,61.56517],[14.63201,61.56612],[14.61076,61.56951],[14.60572,61.57114],[14.59941,61.57431],[14.58838,61.57642],[14.57175,61.57841],[14.56721,61.57833],[14.56457,61.57916],[14.55852,61.57929],[14.55665,61.57811],[14.55161,61.57721],[14.55088,61.57676],[14.54877,61.57376],[14.5483,61.56983],[14.53901,61.56019],[14.53987,61.55416],[14.54352,61.55133],[14.54551,61.54065],[14.54442,61.53914],[14.54371,61.53556],[14.54571,61.53241],[14.54244,61.53217],[14.54013,61.53103],[14.53279,61.5305],[14.52873,61.52966],[14.52371,61.53052],[14.51878,61.53204],[14.51232,61.53198],[14.50781,61.5344],[14.50567,61.53363],[14.50382,61.53187],[14.49773,61.52908],[14.49249,61.52803],[14.48575,61.52799],[14.48195,61.52872],[14.47455,61.52863],[14.46646,61.52949],[14.46142,61.52949],[14.45528,61.53024],[14.44247,61.52859],[14.43917,61.5273],[14.43507,61.52687],[14.42649,61.52794],[14.41962,61.53269],[14.41692,61.53307],[14.40971,61.53213],[14.40642,61.53264],[14.40316,61.53445],[14.40175,61.53648],[14.39906,61.53732],[14.39466,61.53689],[14.3863,61.5376],[14.38151,61.53696],[14.37846,61.53556],[14.37276,61.53455],[14.36353,61.53185],[14.35484,61.5338],[14.34943,61.53399],[14.34988,61.53099],[14.3513,61.52938],[14.35392,61.52842],[14.35842,61.52799],[14.36156,61.52678],[14.36563,61.52385],[14.36799,61.52009],[14.36868,61.51704],[14.36769,61.51498],[14.36782,61.51013],[14.37095,61.50719],[14.37181,61.50556],[14.37153,61.4941],[14.37542,61.4879],[14.37527,61.48443],[14.37634,61.48009],[14.37535,61.47664],[14.37621,61.47241],[14.38014,61.46177],[14.38269,61.45814],[14.384,61.45228],[14.38211,61.44975],[14.3852,61.44743],[14.38872,61.43224],[14.38851,61.42823],[14.39095,61.42538],[14.39037,61.42214],[14.39166,61.41896],[14.39353,61.41699],[14.39554,61.41289],[14.40801,61.4027],[14.4099,61.39997],[14.42818,61.38458],[14.42835,61.38233],[14.42685,61.37879],[14.42269,61.37944],[14.42016,61.38147],[14.41713,61.3821],[14.41458,61.38182],[14.40917,61.38461],[14.39621,61.38244],[14.39464,61.38147],[14.39638,61.37817],[14.39898,61.37598],[14.39906,61.37349],[14.40696,61.37117],[14.40911,61.36892],[14.40797,61.36605],[14.40872,61.36465],[14.40803,61.36253],[14.41181,61.35881],[14.41438,61.35504],[14.41202,61.35278],[14.4131,61.3489],[14.42136,61.33905],[14.42054,61.3356],[14.42157,61.33339],[14.42056,61.33131],[14.41932,61.32395],[14.4158,61.31935],[14.41438,61.31601],[14.41509,61.31573],[14.41636,61.31292],[14.41846,61.31217],[14.41906,61.31111],[14.4249,61.30993],[14.42383,61.30918],[14.42322,61.30622],[14.41816,61.30614],[14.40947,61.30774],[14.40248,61.30665],[14.39909,61.30661],[14.38763,61.30536],[14.38265,61.30558],[14.37825,61.30159],[14.37128,61.28959],[14.36598,61.28637],[14.36301,61.28337],[14.3531,61.28191],[14.34647,61.27863],[14.34083,61.27704],[14.33128,61.27552],[14.32422,61.27092],[14.32463,61.26667],[14.32793,61.26253],[14.32896,61.2591],[14.33304,61.25726],[14.3336,61.25659],[14.33381,61.25221],[14.33956,61.24189],[14.33918,61.2397],[14.34012,61.23852],[14.34027,61.23636],[14.34233,61.23427],[14.34177,61.23157],[14.35031,61.22758],[14.35291,61.22543],[14.35585,61.22415],[14.35844,61.22241],[14.35812,61.22161],[14.35909,61.22071],[14.3628,61.21966],[14.36149,61.2161],[14.36321,61.21176],[14.36186,61.20921],[14.36106,61.20855],[14.35677,61.20722],[14.35134,61.20327],[14.34741,61.19526],[14.34799,61.19372],[14.34737,61.19282],[14.35342,61.18904],[14.3578,61.18323],[14.36038,61.18097],[14.36074,61.17902],[14.35572,61.18076],[14.35224,61.18134],[14.34988,61.18333],[14.34441,61.18492],[14.34269,61.18602],[14.33823,61.18745],[14.33139,61.19112],[14.32806,61.19155],[14.3266,61.19297],[14.32328,61.19385],[14.31943,61.19685],[14.3118,61.19915],[14.30695,61.1996],[14.30098,61.20116],[14.29682,61.20168],[14.28523,61.20417],[14.28188,61.20567],[14.2804,61.20773],[14.27478,61.21084],[14.26852,61.21215],[14.26521,61.21234],[14.26227,61.21327],[14.25397,61.2143],[14.25077,61.2155],[14.24556,61.21932],[14.24105,61.21962],[14.23867,61.22052],[14.23311,61.22149],[14.22689,61.22196],[14.22268,61.22136],[14.21736,61.2214],[14.21215,61.22067],[14.20629,61.22048],[14.1971,61.21934],[14.19389,61.2199],[14.19056,61.21932],[14.18258,61.21973],[14.17565,61.21775],[14.17387,61.2155],[14.17217,61.21475],[14.16938,61.21419],[14.16163,61.21389],[14.15756,61.21305],[14.15927,61.21209],[14.16481,61.21086],[14.16702,61.20988],[14.16717,61.20913],[14.16363,61.20702],[14.1632,61.20599],[14.16661,61.2052],[14.17065,61.20301],[14.16908,61.20301],[14.16097,61.20479],[14.15533,61.20378],[14.1496,61.20391],[14.14185,61.2025],[14.13724,61.20099],[14.13078,61.2008],[14.11591,61.19814],[14.10866,61.19816],[14.10018,61.1958],[14.09917,61.19466],[14.09986,61.19024],[14.10295,61.18945],[14.11604,61.1879],[14.11945,61.18599],[14.12205,61.1817],[14.12241,61.17376],[14.12958,61.16668],[14.13337,61.16524],[14.13674,61.16312],[14.14874,61.15932],[14.15316,61.1575],[14.1553,61.15449],[14.15981,61.15226],[14.16505,61.14885],[14.16541,61.14782],[14.16221,61.1481],[14.15861,61.1478],[14.15408,61.14825],[14.15219,61.14731],[14.15262,61.14634],[14.17339,61.13503],[14.17163,61.13321],[14.17354,61.12366],[14.17078,61.11956],[14.17208,61.11714],[14.17329,61.11677],[14.17959,61.11669],[14.18273,61.11619],[14.18822,61.11456],[14.20573,61.11072],[14.22588,61.10546],[14.22772,61.10469],[14.23103,61.10173],[14.23354,61.10081],[14.2368,61.10044],[14.2353,61.0989],[14.23669,61.09828],[14.23541,61.0971],[14.23214,61.09557],[14.22963,61.09321],[14.22333,61.09094],[14.22178,61.08892],[14.2206,61.08834],[14.21144,61.08804],[14.20354,61.08864],[14.1965,61.08731],[14.19438,61.08643],[14.19286,61.08437],[14.18861,61.08358],[14.18653,61.08107],[14.18232,61.07926],[14.17689,61.0718],[14.17451,61.07012],[14.16638,61.06798],[14.16337,61.06592],[14.13666,61.06158],[14.13125,61.0622],[14.11994,61.06199],[14.11417,61.06023],[14.11037,61.05618],[14.10372,61.05454],[14.1008,61.05487],[14.09404,61.05448],[14.09318,61.05384],[14.09286,61.05197],[14.09057,61.05111],[14.08718,61.05111],[14.08366,61.05021],[14.07793,61.04967],[14.06847,61.05105],[14.06495,61.04774],[14.06437,61.04585],[14.06898,61.04201],[14.0728,61.04118],[14.07887,61.04194],[14.08222,61.0414],[14.0881,61.04212],[14.09112,61.04306],[14.09542,61.04304],[14.10046,61.04379],[14.10203,61.04343],[14.10333,61.04216],[14.10726,61.04008],[14.11177,61.03654],[14.11668,61.03534],[14.12589,61.03555],[14.13211,61.03785],[14.13417,61.04051],[14.13556,61.04113],[14.14136,61.04109],[14.1479,61.04047],[14.15121,61.04126],[14.15415,61.04],[14.15294,61.03794],[14.13966,61.03032],[14.13498,61.02931],[14.12357,61.02845],[14.10908,61.0251],[14.10295,61.02631],[14.09512,61.02626],[14.08464,61.02249],[14.07583,61.02184],[14.0681,61.02279],[14.05937,61.02186],[14.05435,61.01942],[14.04853,61.01759],[14.04555,61.01618],[14.04248,61.01545],[14.04061,61.01425],[14.03615,61.01352],[14.03285,61.01341],[14.02673,61.01223],[14.02261,61.01307],[14.01628,61.01292],[14.01188,61.01219],[14.00836,61.01229],[14.00036,61.00981],[13.9954,61.01032],[13.99246,61.00914],[13.97851,61.00727],[13.97319,61.00369],[13.96566,61.00317],[13.95759,61.00315],[13.95174,61.00502],[13.94852,61.00521],[13.93648,61.00378],[13.93354,60.99809],[13.93116,60.99594],[13.93084,60.99427],[13.93223,60.99189],[13.93202,60.98985],[13.92968,60.98863],[13.92839,60.98539],[13.92642,60.98373],[13.92725,60.98266],[13.92577,60.97966],[13.92691,60.97781],[13.92577,60.9764],[13.92592,60.97296],[13.92444,60.97191],[13.92702,60.96685],[13.92612,60.96552],[13.92326,60.96419],[13.92322,60.96333],[13.92084,60.96095],[13.91751,60.95895],[13.91712,60.95753],[13.91339,60.95384],[13.90781,60.9515],[13.90176,60.95116],[13.89153,60.94702],[13.88786,60.94462],[13.88015,60.94223],[13.85715,60.94022],[13.84543,60.94035],[13.83943,60.93831],[13.82288,60.93713],[13.81406,60.93518],[13.8058,60.93179],[13.80106,60.92923],[13.79417,60.92297],[13.79226,60.92185],[13.77855,60.91702],[13.77121,60.91524],[13.76488,60.91273],[13.75877,60.91119],[13.75467,60.90818],[13.74658,60.9055],[13.73688,60.89992],[13.73304,60.89906],[13.72454,60.89934],[13.72132,60.89902],[13.69849,60.89417],[13.6942,60.8929],[13.68783,60.89275],[13.68186,60.89344],[13.67394,60.89348],[13.66137,60.89462],[13.64729,60.90142],[13.64347,60.90258],[13.63721,60.9032],[13.62835,60.90307],[13.61951,60.90528],[13.6094,60.9055],[13.58824,60.8999],[13.58294,60.89782],[13.57299,60.89636],[13.55979,60.89792],[13.557,60.89782],[13.55031,60.89657],[13.54144,60.89634],[13.53432,60.89462],[13.52428,60.89359],[13.51827,60.89119],[13.51436,60.89029],[13.50848,60.89033],[13.4963,60.89155],[13.48767,60.89295],[13.47561,60.89305],[13.45845,60.89561],[13.44963,60.8943],[13.4387,60.89323],[13.41722,60.89301],[13.41401,60.89235],[13.41186,60.89142],[13.40819,60.88724],[13.40525,60.88835],[13.40109,60.88726],[13.39558,60.89314],[13.39129,60.89552],[13.3839,60.90443],[13.37451,60.90331],[13.37271,60.9036],[13.38234,60.88973],[13.38566,60.88254],[13.38343,60.88209],[13.3815,60.88072],[13.37716,60.87971],[13.37669,60.87885],[13.37216,60.87578],[13.36879,60.87505],[13.36442,60.87507],[13.36165,60.87542],[13.35968,60.8761],[13.35888,60.87593],[13.35549,60.86898],[13.35092,60.86894],[13.34744,60.86986],[13.34386,60.86904],[13.3374,60.87061],[13.33596,60.87022],[13.33313,60.8702],[13.32526,60.8717],[13.32273,60.87168],[13.32172,60.87123],[13.31633,60.8711],[13.3153,60.87012],[13.31534,60.86715],[13.30919,60.85804],[13.30766,60.85746],[13.30253,60.85876],[13.29685,60.85827],[13.29129,60.85447],[13.29153,60.85325],[13.29067,60.85243],[13.2852,60.85046],[13.28088,60.8501],[13.2794,60.84939],[13.2794,60.84763],[13.27831,60.8466],[13.27874,60.84542],[13.27717,60.8448],[13.27003,60.84437],[13.26582,60.84497],[13.26466,60.84555],[13.26168,60.84535],[13.25921,60.84634],[13.2567,60.84578],[13.25234,60.8466],[13.24861,60.84542],[13.24069,60.84404],[13.23798,60.84327],[13.23556,60.84184],[13.22835,60.84074],[13.22484,60.83977],[13.21702,60.83889],[13.21295,60.83623],[13.20935,60.83529],[13.20809,60.83345],[13.20666,60.83264],[13.20495,60.83035],[13.20457,60.8284],[13.19875,60.82212],[13.19679,60.81851],[13.19582,60.81405],[13.19293,60.8104],[13.19082,60.80911],[13.19129,60.80956],[13.18853,60.80595],[13.18605,60.80167],[13.18568,60.79954],[13.1782,60.79628],[13.17065,60.796],[13.16504,60.79813],[13.15985,60.79867],[13.15241,60.80528],[13.14475,60.80715],[13.13173,60.8131],[13.1213,60.81566],[13.11802,60.81581],[13.11444,60.81546],[13.10831,60.81594],[13.102,60.81711],[13.0927,60.82116],[13.08867,60.82193],[13.08563,60.82183],[13.08076,60.82321],[13.07915,60.82426],[13.07473,60.82447],[13.0715,60.82539],[13.06492,60.82573],[13.06136,60.82693],[13.05214,60.82907],[13.04599,60.82949],[13.04003,60.82735],[13.03778,60.82707],[13.03458,60.82749],[13.03152,60.82728],[13.02326,60.82527]]}},{"type":"Feature","properties":{"name":"TET_S-12_20260801","country":"SE","lengthKm":583.7},"geometry":{"type":"LineString","coordinates":[[16.93525,59.21531],[16.93517,59.2171],[16.93588,59.21723],[16.93618,59.21807],[16.93497,59.21929],[16.93536,59.22013],[16.93641,59.22051],[16.93798,59.22335],[16.93804,59.22708],[16.93901,59.22888],[16.93817,59.23244],[16.9395,59.23442],[16.94399,59.23156],[16.94733,59.2309],[16.95167,59.23073],[16.95946,59.2283],[16.96441,59.22768],[16.97637,59.22856],[16.98392,59.22802],[16.98752,59.22837],[16.99098,59.2282],[16.99263,59.22781],[16.9954,59.22618],[17.0072,59.22365],[17.00948,59.22247],[17.00791,59.22041],[17.00675,59.21738],[17.00825,59.21547],[17.02278,59.20843],[17.02945,59.20575],[17.04572,59.1977],[17.05539,59.19416],[17.05634,59.1941],[17.05688,59.19517],[17.05709,59.19683],[17.05574,59.1994],[17.05801,59.20285],[17.05846,59.20592],[17.06175,59.20743],[17.06037,59.21165],[17.06157,59.21322],[17.06267,59.21363],[17.07057,59.21318],[17.07065,59.21257],[17.07662,59.21144],[17.08207,59.21161],[17.0849,59.21024],[17.08483,59.20747],[17.08552,59.20674],[17.0879,59.20577],[17.08857,59.20401],[17.08975,59.20296],[17.08977,59.20064],[17.09222,59.2003],[17.09752,59.2011],[17.09885,59.20202],[17.10018,59.20221],[17.10307,59.20191],[17.10867,59.20311],[17.11702,59.20206],[17.12174,59.20337],[17.12101,59.20206],[17.12198,59.20116],[17.12734,59.20032],[17.12991,59.19752],[17.13208,59.19699],[17.13234,59.19605],[17.13152,59.19507],[17.13206,59.1939],[17.13325,59.19327],[17.13234,59.19198],[17.13414,59.19058],[17.13479,59.18764],[17.1359,59.18653],[17.13487,59.18204],[17.1358,59.18174],[17.13846,59.18185],[17.14147,59.18031],[17.13964,59.1794],[17.14256,59.17644],[17.1431,59.17667],[17.14382,59.1761],[17.14625,59.17569],[17.14736,59.17582],[17.14798,59.1765],[17.14629,59.17811],[17.14288,59.17865],[17.14354,59.17981],[17.1459,59.1806],[17.14417,59.18208],[17.1497,59.18391],[17.15142,59.18528],[17.1544,59.18618],[17.1579,59.18693],[17.15942,59.18588],[17.15998,59.18655],[17.16228,59.18741],[17.16408,59.18779],[17.1665,59.1876],[17.16792,59.18824],[17.17225,59.18567],[17.17642,59.18391],[17.17839,59.18371],[17.18013,59.18271],[17.18551,59.18266],[17.18614,59.18337],[17.18768,59.18307],[17.1883,59.18219],[17.18959,59.1823],[17.18899,59.17839],[17.19081,59.17674],[17.19,59.17554],[17.1906,59.17309],[17.19526,59.17303],[17.19828,59.17185],[17.19931,59.1738],[17.20103,59.17393],[17.20388,59.17067],[17.21302,59.16571],[17.21725,59.16492],[17.2194,59.16496],[17.22169,59.16625],[17.22399,59.16642],[17.22646,59.16543],[17.22903,59.16494],[17.22974,59.16408],[17.23272,59.16382],[17.23701,59.16408],[17.24064,59.16511],[17.24287,59.16198],[17.24225,59.16073],[17.24469,59.15846],[17.24628,59.15784],[17.2495,59.15721],[17.26132,59.15711],[17.26246,59.1558],[17.26731,59.15473],[17.2684,59.15397],[17.27074,59.15406],[17.27263,59.15357],[17.27673,59.15327],[17.2787,59.15232],[17.28111,59.15198],[17.28712,59.15447],[17.28969,59.15666],[17.29006,59.15951],[17.28909,59.1608],[17.28999,59.16121],[17.29583,59.15983],[17.2981,59.16054],[17.30186,59.16093],[17.30478,59.16054],[17.3066,59.16099],[17.30827,59.16026],[17.31422,59.16011],[17.31505,59.16148],[17.31677,59.16219],[17.32538,59.16445],[17.32643,59.16597],[17.3263,59.16668],[17.32477,59.16771],[17.32503,59.16921],[17.32681,59.17007],[17.3269,59.17054],[17.32572,59.17217],[17.32686,59.17402],[17.32638,59.17567],[17.32759,59.17608],[17.3298,59.17852],[17.32967,59.18054],[17.33181,59.18208],[17.3313,59.18419],[17.33213,59.18571],[17.33479,59.18698],[17.33782,59.18925],[17.3385,59.18925],[17.34132,59.18692],[17.3414,59.18633],[17.34557,59.18511],[17.34801,59.18468],[17.35666,59.18504],[17.35936,59.18419],[17.35906,59.18612],[17.36059,59.18775],[17.35793,59.18871],[17.35679,59.19024],[17.36239,59.1935],[17.36179,59.19575],[17.36224,59.197],[17.36786,59.19837],[17.37267,59.19734],[17.37507,59.19944],[17.37874,59.19927],[17.38189,59.20004],[17.382,59.20161],[17.38005,59.2026],[17.38044,59.20427],[17.38228,59.20534],[17.3846,59.20599],[17.38526,59.2068],[17.37846,59.20788],[17.37104,59.20676],[17.3617,59.20762],[17.3579,59.2083],[17.35479,59.2129],[17.35827,59.21534],[17.35872,59.21659],[17.35535,59.22236],[17.3569,59.22384],[17.35857,59.2244],[17.35836,59.22614],[17.35754,59.22687],[17.35851,59.22777],[17.35825,59.22878],[17.35715,59.22957],[17.35739,59.2312],[17.36441,59.23302],[17.36713,59.23307],[17.37245,59.23238],[17.37928,59.23292],[17.37975,59.235],[17.38235,59.23691],[17.3834,59.23852],[17.38848,59.24034],[17.39084,59.23925],[17.39483,59.23646],[17.40672,59.23378],[17.40736,59.23047],[17.40599,59.22699],[17.40818,59.22618],[17.40923,59.22448],[17.41172,59.22466],[17.41537,59.22412],[17.42163,59.2247],[17.42816,59.22581],[17.42676,59.22811],[17.4276,59.23109],[17.42994,59.2321],[17.43127,59.23135],[17.43844,59.23111],[17.4394,59.23017],[17.44035,59.22996],[17.44086,59.2291],[17.44429,59.228],[17.44962,59.22094],[17.45277,59.21867],[17.45266,59.21762],[17.45369,59.21693],[17.45358,59.21562],[17.4532,59.21463],[17.4518,59.21386],[17.45348,59.21054],[17.45331,59.20912],[17.45627,59.20785],[17.45607,59.20693],[17.45796,59.20384],[17.46339,59.20354],[17.46569,59.20386],[17.47285,59.203],[17.47869,59.20358],[17.48011,59.20414],[17.48521,59.20397],[17.49431,59.20521],[17.50281,59.20457],[17.50674,59.20558],[17.50772,59.20657],[17.50968,59.207],[17.51618,59.207],[17.5186,59.20779],[17.51967,59.20494],[17.52139,59.20395],[17.52796,59.20268],[17.53291,59.20004],[17.53834,59.1991],[17.54145,59.19987],[17.54358,59.20148],[17.54645,59.20258],[17.54946,59.20307],[17.5554,59.20197],[17.56351,59.2024],[17.56733,59.20202],[17.57345,59.20004],[17.58194,59.19818],[17.58162,59.19691],[17.58645,59.19698],[17.59237,59.19788],[17.59735,59.19961],[17.60091,59.20206],[17.60533,59.20292],[17.61289,59.20236],[17.61531,59.20176],[17.61662,59.20122],[17.62014,59.19777],[17.63291,59.20092],[17.63636,59.19747],[17.64031,59.19584],[17.64368,59.192],[17.64756,59.18996],[17.6475,59.18942],[17.65844,59.18547],[17.6632,59.18425],[17.66452,59.18089],[17.66597,59.18042],[17.66719,59.17799],[17.67125,59.17569],[17.67074,59.17234],[17.67513,59.17082],[17.67641,59.16851],[17.67906,59.16805],[17.68421,59.16792],[17.69144,59.16605],[17.70812,59.16393],[17.71251,59.1646],[17.71578,59.16593],[17.73142,59.16526],[17.7373,59.16408],[17.76659,59.16548],[17.77294,59.1647],[17.78869,59.16496],[17.79281,59.16475],[17.79624,59.16412],[17.79903,59.16249],[17.80167,59.16174],[17.80298,59.1596],[17.80528,59.15863],[17.81103,59.15822],[17.81972,59.15595],[17.82184,59.15648],[17.82478,59.15601],[17.82684,59.155],[17.83268,59.1541],[17.83214,59.15245],[17.83081,59.15116],[17.83371,59.14599],[17.83229,59.14288],[17.83199,59.1396],[17.8348,59.139],[17.83686,59.13715],[17.84087,59.13563],[17.84298,59.13434],[17.84441,59.13209],[17.84388,59.13114],[17.8427,59.13059],[17.83808,59.13187],[17.8351,59.1311],[17.83733,59.12941],[17.83959,59.1285],[17.84027,59.12698],[17.84223,59.12715],[17.84463,59.12608],[17.84826,59.12426],[17.85032,59.12239],[17.85495,59.12271],[17.8642,59.12132],[17.86868,59.12179],[17.87102,59.12159],[17.87493,59.12258],[17.87621,59.12359],[17.87778,59.124],[17.88377,59.12327],[17.88701,59.12344],[17.89126,59.12252],[17.8954,59.12299],[17.90141,59.1228],[17.90887,59.12574],[17.90986,59.12715],[17.91106,59.12773],[17.92683,59.12803],[17.93325,59.12943],[17.9363,59.13151],[17.94082,59.13254],[17.94964,59.13297],[17.95391,59.13119],[17.95569,59.13091],[17.96117,59.13275],[17.96602,59.13213],[17.97318,59.13342],[17.97983,59.13252],[17.98393,59.13121],[17.98758,59.13159],[17.98913,59.1311],[17.9896,59.13001],[17.99088,59.12936],[17.99659,59.12904],[17.99893,59.12801],[18.00151,59.12773],[18.00496,59.12501],[18.01155,59.12329],[18.01198,59.12125],[18.01427,59.11906],[18.02365,59.11696],[18.02957,59.11378],[18.03298,59.11366],[18.03522,59.11477],[18.0382,59.11477],[18.04026,59.11537],[18.04442,59.11537],[18.0459,59.11503],[18.04974,59.11591],[18.05343,59.11481],[18.05524,59.11323],[18.05876,59.11432],[18.06408,59.11726],[18.06867,59.11859],[18.08008,59.12037],[18.08502,59.12162],[18.09532,59.12209],[18.10442,59.12393],[18.10841,59.1258],[18.11538,59.12816],[18.11813,59.13303],[18.12375,59.13848],[18.1209,59.13931],[18.11728,59.13615],[18.11285,59.13789],[18.11211,59.13902],[18.11323,59.14138],[18.11426,59.14192],[18.10493,59.14565],[18.10446,59.14616],[18.1043,59.14691],[18.10942,59.15037],[18.10616,59.15226],[18.11327,59.15696],[18.11146,59.15801],[18.11066,59.15962],[18.111,59.16022],[18.1021,59.16224],[18.09963,59.16314],[18.09083,59.17037],[18.08723,59.17202],[18.08401,59.17234],[18.08187,59.17217],[18.0747,59.17101],[18.07094,59.1712],[18.06751,59.17191],[18.07225,59.17365],[18.07429,59.17552],[18.07674,59.17676],[18.08084,59.17764],[18.08399,59.17758],[18.08491,59.17788],[18.08987,59.18037],[18.09457,59.18361],[18.10002,59.18592],[18.10171,59.18809],[18.10772,59.19028],[18.10811,59.19056],[18.10739,59.19084],[18.10665,59.19237],[18.10808,59.19433],[18.10701,59.19472],[18.11124,59.19787],[18.11161,59.19876],[18.11599,59.20126],[18.11615,59.20311],[18.12354,59.20294],[18.12768,59.20017],[18.13495,59.20041],[18.13435,59.20146],[18.13156,59.20324],[18.13051,59.20884],[18.13115,59.21129],[18.1348,59.21582],[18.13508,59.218],[18.13446,59.21974],[18.13208,59.22257],[18.12624,59.22723],[18.12364,59.23275],[18.12259,59.23762],[18.11993,59.24107],[18.11532,59.24298],[18.10665,59.24423],[18.1041,59.24549],[18.09972,59.24875],[18.0992,59.25062],[18.10049,59.25749],[18.09828,59.26463],[18.09386,59.27276],[18.09212,59.27929],[18.08845,59.27909],[18.07963,59.28141],[18.08013,59.28188],[18.07863,59.28311],[18.07796,59.28287],[18.07663,59.28324],[18.07596,59.28525],[18.07399,59.2845],[18.08,59.28652],[18.07978,59.28695],[18.08111,59.28772],[18.0833,59.2883],[18.08504,59.28935],[18.07916,59.29429],[18.08032,59.29675],[18.08629,59.29701],[18.08674,59.29791],[18.08622,59.2992],[18.08453,59.30021],[18.08259,59.30034],[18.08268,59.30062],[18.08388,59.30062],[18.08079,59.30177],[18.07826,59.30572],[18.07558,59.30604],[18.07455,59.30755],[18.07004,59.30757],[18.06528,59.30838],[18.05436,59.31227],[18.05255,59.31362],[18.05049,59.31737],[18.07281,59.32025],[18.07455,59.32197],[18.07571,59.32497],[18.07517,59.32619],[18.07292,59.32804],[18.07324,59.32943],[18.07455,59.32973],[18.07659,59.32892],[18.07882,59.33001],[18.07611,59.33151],[18.07611,59.33201],[18.0771,59.33244],[18.07577,59.33302],[18.06584,59.33263],[18.06393,59.33529],[18.05026,59.34956],[18.05026,59.35018],[18.04449,59.35014],[18.03322,59.34626],[18.01567,59.35477],[18.01151,59.35591],[17.9996,59.3619],[17.99919,59.36213],[18.00091,59.36351],[17.99342,59.36864],[17.98561,59.37061],[17.9817,59.37121],[17.9814,59.37207],[17.98217,59.37409],[17.9847,59.37664],[17.9852,59.37894],[17.99153,59.37911],[17.99966,59.37698],[18.00694,59.37668],[18.01082,59.37801],[18.00882,59.38001],[18.01073,59.38076],[18.01058,59.38231],[18.0073,59.38555],[18.00151,59.38829],[18.00088,59.38883],[18.00116,59.38967],[17.99449,59.39112],[17.98962,59.39314],[17.9823,59.39921],[17.97511,59.40284],[17.97516,59.40408],[17.97722,59.40542],[17.97458,59.4082],[17.96885,59.41091],[17.96754,59.41348],[17.96303,59.41505],[17.96168,59.41593],[17.96029,59.41745],[17.9593,59.42022],[17.9546,59.42365],[17.95492,59.42511],[17.95417,59.42698],[17.94932,59.43271],[17.95078,59.43788],[17.9502,59.44086],[17.94936,59.44198],[17.9455,59.44412],[17.94443,59.44567],[17.94634,59.44616],[17.95065,59.44612],[17.95115,59.44936],[17.95842,59.45477],[17.96453,59.4558],[17.97898,59.46305],[17.98543,59.46929],[17.98593,59.47108],[17.98747,59.47189],[17.9908,59.47262],[17.99668,59.47256],[18.00033,59.47339],[18.00385,59.47303],[18.00565,59.47376],[18.00966,59.4741],[18.01387,59.47395],[18.02073,59.47487],[18.0202,59.47863],[18.01944,59.47951],[18.01575,59.47998],[18.01414,59.48208],[18.01479,59.48365],[18.01374,59.48487],[18.00348,59.49114],[18.00251,59.49225],[18.00436,59.49303],[18.00552,59.49457],[18.00569,59.49779],[18.00927,59.49987],[18.00923,59.50532],[18.00861,59.50586],[18.00996,59.50931],[18.0091,59.51036],[18.00951,59.51182],[18.0103,59.51215],[18.01202,59.51528],[18.01565,59.5183],[18.01636,59.51856],[18.01852,59.51841],[18.02226,59.51985],[18.02189,59.52161],[18.02279,59.52298],[18.01515,59.52596],[18.01262,59.5279],[18.00713,59.53013],[18.00861,59.53167],[18.0123,59.5329],[18.01384,59.53504],[18.0182,59.53781],[18.01848,59.53873],[18.01951,59.53907],[18.01732,59.54225],[18.01764,59.54251],[18.02466,59.54257],[18.03035,59.54392],[18.03725,59.54399],[18.0426,59.5436],[18.04873,59.54189],[18.05884,59.53605],[18.06127,59.53506],[18.07436,59.53247],[18.07828,59.53111],[18.0818,59.53129],[18.08579,59.53285],[18.08959,59.5336],[18.09049,59.53414],[18.09013,59.53622],[18.09219,59.53644],[18.09422,59.53768],[18.09661,59.53828],[18.10568,59.53929],[18.11465,59.54386],[18.11693,59.5444],[18.11727,59.54521],[18.12201,59.54577],[18.12942,59.5453],[18.13154,59.54603],[18.13356,59.54607],[18.13399,59.54706],[18.1422,59.55006],[18.14452,59.55208],[18.14529,59.55349],[18.15188,59.55371],[18.15574,59.55422],[18.16059,59.55813],[18.16398,59.5586],[18.16527,59.55815],[18.17059,59.55813],[18.17458,59.55918],[18.18021,59.55978],[18.18254,59.56212],[18.18671,59.56221],[18.18684,59.56146],[18.189,59.56032],[18.18679,59.55742],[18.18727,59.55658],[18.18866,59.55598],[18.19175,59.55579],[18.19293,59.55345],[18.1951,59.55279],[18.19686,59.55116],[18.20231,59.54957],[18.20377,59.54965],[18.20452,59.54888],[18.19995,59.5471],[18.19581,59.54476],[18.19739,59.54405],[18.19802,59.543],[18.20126,59.54088],[18.20488,59.54015],[18.20834,59.53665],[18.21042,59.53573],[18.21119,59.5341],[18.21291,59.53315],[18.21443,59.53135],[18.21782,59.53032],[18.21795,59.52957],[18.2225,59.52805],[18.2252,59.52435],[18.22915,59.52425],[18.23537,59.52302],[18.23552,59.52472],[18.2372,59.52517],[18.24486,59.52384],[18.25027,59.52493],[18.25076,59.52601],[18.25434,59.52815],[18.25421,59.5294],[18.25524,59.53105],[18.25138,59.5342],[18.25385,59.53618],[18.25288,59.53723],[18.25402,59.53865],[18.25284,59.5403],[18.25065,59.54184],[18.24743,59.54313],[18.24627,59.54483],[18.2467,59.54671],[18.24565,59.54813],[18.24578,59.54905],[18.24357,59.54983],[18.24303,59.55045],[18.24278,59.55223],[18.24162,59.55332],[18.24039,59.55637],[18.2411,59.558],[18.23973,59.55852],[18.23973,59.55903],[18.23555,59.56049],[18.24402,59.56328],[18.25389,59.56508],[18.26934,59.57319],[18.27449,59.5739],[18.27582,59.57439],[18.28142,59.57862],[18.28561,59.58055],[18.28799,59.58246],[18.29303,59.5842],[18.29751,59.58347],[18.30198,59.58184],[18.30685,59.58163],[18.30884,59.58274],[18.3132,59.5836],[18.31685,59.58493],[18.3191,59.58645],[18.32408,59.58866],[18.32753,59.58768],[18.33642,59.58974],[18.33916,59.58991],[18.34067,59.58911],[18.34586,59.58774],[18.34734,59.58813],[18.35182,59.58817],[18.35298,59.58793],[18.35515,59.58647],[18.35985,59.58598],[18.36584,59.58806],[18.36886,59.59038],[18.3706,59.59072],[18.3762,59.588],[18.38011,59.58933],[18.38332,59.58907],[18.38622,59.5901],[18.39146,59.59017],[18.39294,59.58963],[18.39307,59.58742],[18.39551,59.58553],[18.39699,59.58555],[18.40013,59.58482],[18.40405,59.58321],[18.40783,59.58362],[18.40916,59.58289],[18.41266,59.58205],[18.41628,59.57999],[18.41763,59.57967],[18.41897,59.5804],[18.42328,59.58042],[18.42703,59.57886],[18.43575,59.57761],[18.43937,59.57796],[18.44381,59.58032],[18.44707,59.58098],[18.45152,59.58128],[18.45851,59.58321],[18.46162,59.58467],[18.46317,59.58613],[18.46267,59.58757],[18.46486,59.58813],[18.46705,59.59285],[18.47018,59.59375],[18.4722,59.593],[18.48164,59.59356],[18.48596,59.59491],[18.48739,59.5971],[18.48926,59.59849],[18.49289,59.59819],[18.49628,59.59868],[18.50164,59.59793],[18.50394,59.59701],[18.50651,59.59738],[18.50756,59.59605],[18.50911,59.59607],[18.50977,59.59645],[18.51563,59.59637],[18.51651,59.5963],[18.51771,59.59553],[18.51979,59.59574],[18.52061,59.59735],[18.52349,59.59615],[18.52713,59.59615],[18.53059,59.59802],[18.52574,59.60388],[18.52591,59.6057],[18.5249,59.60765],[18.52218,59.60958],[18.51718,59.61156],[18.51136,59.61656],[18.50982,59.61894],[18.50634,59.621],[18.5061,59.62212],[18.5072,59.62458],[18.50681,59.62675],[18.50744,59.62855],[18.50688,59.62978],[18.4987,59.6348],[18.49222,59.64072],[18.48514,59.64555],[18.478,59.65548],[18.47587,59.66016],[18.46924,59.66971],[18.46999,59.6763],[18.46757,59.68293],[18.46757,59.68546],[18.46834,59.68728],[18.47287,59.69033],[18.47624,59.69331],[18.48094,59.69507],[18.48559,59.69773],[18.48988,59.70241],[18.48995,59.70426],[18.4936,59.70743],[18.49347,59.70934],[18.48853,59.71874],[18.48598,59.72101],[18.48538,59.72262],[18.49366,59.72228],[18.49392,59.72494],[18.49325,59.72657],[18.49501,59.72683],[18.50046,59.72631],[18.50853,59.72788],[18.51115,59.72782],[18.5122,59.72689],[18.51439,59.72621],[18.52471,59.7258],[18.52679,59.72389],[18.52574,59.72215],[18.52617,59.72177],[18.5281,59.72189],[18.53741,59.72383],[18.54033,59.72361],[18.54973,59.72477],[18.55247,59.72589],[18.55715,59.72707],[18.55919,59.72822],[18.56001,59.73001],[18.55887,59.73187],[18.55971,59.7329],[18.56876,59.73196],[18.57071,59.73245],[18.57874,59.73168],[18.58505,59.73215],[18.5899,59.73168],[18.59423,59.7317],[18.60078,59.73252],[18.60962,59.73432],[18.6197,59.7355],[18.63781,59.73842],[18.653,59.74185],[18.65541,59.74187],[18.66245,59.74097],[18.67575,59.74232],[18.67867,59.74337],[18.68047,59.7435],[18.68324,59.74312],[18.68459,59.74254],[18.68691,59.74039],[18.68828,59.73998],[18.68731,59.73855],[18.69935,59.73955],[18.70096,59.74015],[18.70259,59.7417],[18.70772,59.74378],[18.70618,59.74475],[18.70347,59.74541],[18.70152,59.747],[18.70064,59.75281],[18.70306,59.75376],[18.70661,59.75382],[18.70836,59.75719],[18.70673,59.75906],[18.70663,59.76005],[18.70206,59.75945],[18.70195,59.75863],[18.69553,59.75889],[18.6918,59.7597],[18.69019,59.76163],[18.69163,59.76625],[18.69064,59.76794],[18.68575,59.76981],[18.68197,59.77015],[18.68034,59.77101],[18.67899,59.77099],[18.67605,59.77262],[18.67423,59.7726],[18.66918,59.77477],[18.66725,59.77434],[18.6435,59.7752],[18.64225,59.77344],[18.63927,59.77114],[18.63333,59.77045],[18.63043,59.76949],[18.62745,59.77],[18.62571,59.77133],[18.62552,59.77219],[18.62174,59.77498],[18.61811,59.77631],[18.61541,59.77674],[18.60814,59.77955],[18.60344,59.77891],[18.60209,59.77698],[18.6,59.77788],[18.59751,59.77829],[18.59599,59.77959],[18.59024,59.78161],[18.58651,59.7838],[18.58468,59.78592],[18.58099,59.78706],[18.57977,59.78788],[18.57724,59.78837],[18.57494,59.78981],[18.57479,59.79125],[18.57067,59.79309],[18.56754,59.79569],[18.56423,59.79652],[18.562,59.79676],[18.55915,59.79382],[18.5572,59.79022],[18.55664,59.78556],[18.55361,59.78331],[18.55314,59.78376],[18.54975,59.78384],[18.54316,59.78331],[18.53745,59.78406],[18.53394,59.78404],[18.53001,59.78316],[18.52834,59.78331],[18.52585,59.78419],[18.52192,59.78423],[18.51673,59.78539],[18.50793,59.78395],[18.49988,59.78547],[18.49673,59.78558],[18.49411,59.78502],[18.48979,59.78569],[18.49032,59.787],[18.49252,59.78908],[18.4922,59.78968],[18.494,59.79174],[18.49566,59.79251],[18.49106,59.79487],[18.49051,59.79719],[18.48838,59.79779],[18.48308,59.79736],[18.47975,59.79783],[18.47911,59.79856],[18.47905,59.80049],[18.48199,59.80337],[18.4783,59.80474],[18.47739,59.80567],[18.47518,59.80549],[18.47261,59.80464],[18.47165,59.80485],[18.47092,59.80579],[18.46339,59.806],[18.45943,59.80854],[18.45902,59.81049],[18.46076,59.8115],[18.4623,59.81395],[18.4646,59.81495],[18.46552,59.81825],[18.46851,59.82006],[18.47242,59.82002],[18.47336,59.82049],[18.47188,59.82315],[18.47469,59.8244],[18.47499,59.82541],[18.47355,59.82712],[18.4719,59.82772],[18.47006,59.82933],[18.46684,59.83553],[18.4633,59.83272],[18.46295,59.8309],[18.45961,59.83139],[18.45692,59.83099],[18.45459,59.83221],[18.45495,59.83405],[18.45735,59.83764],[18.45542,59.84219],[18.45585,59.8433],[18.45853,59.84504],[18.46598,59.84766],[18.46935,59.84991],[18.47021,59.85135],[18.46988,59.855],[18.47068,59.85697],[18.47651,59.85929],[18.47965,59.86354],[18.48036,59.86706],[18.47739,59.87113],[18.47688,59.8768],[18.47988,59.88072],[18.48025,59.88506],[18.48302,59.88836],[18.48497,59.88796],[18.48639,59.8869],[18.48808,59.88678],[18.48943,59.8862],[18.49076,59.88774],[18.49145,59.88999],[18.4901,59.89315],[18.49081,59.89493],[18.47192,59.89394],[18.46107,59.89383],[18.45212,59.89493],[18.44044,59.89514],[18.42626,59.89463],[18.41858,59.89371],[18.4106,59.89349],[18.40695,59.8939],[18.39234,59.89716],[18.38253,59.89856],[18.37717,59.89841],[18.36925,59.89677],[18.3639,59.89667],[18.34959,59.89813],[18.3447,59.89935],[18.33882,59.90195],[18.33376,59.90731],[18.33258,59.90622],[18.32779,59.90671],[18.32562,59.90613],[18.31994,59.90707],[18.31457,59.90731],[18.3108,59.90787],[18.30732,59.90802],[18.3056,59.90746],[18.29084,59.90907],[18.28492,59.9101],[18.28106,59.90999],[18.28063,59.91152],[18.27846,59.9127],[18.27689,59.91297],[18.2764,59.91368],[18.27419,59.91424],[18.27638,59.9193],[18.28011,59.92282],[18.28483,59.92259],[18.28764,59.92184],[18.28983,59.92297],[18.2929,59.92254],[18.29423,59.92327],[18.29501,59.92453],[18.29172,59.92633],[18.28874,59.92675],[18.28687,59.9279],[18.28557,59.92817],[18.28437,59.9277],[18.2831,59.92872],[18.28063,59.93267],[18.28114,59.93598],[18.28616,59.9419],[18.28625,59.93866],[18.28923,59.93845],[18.29141,59.93983],[18.28975,59.94406],[18.29344,59.94411],[18.29631,59.94364],[18.29981,59.94439],[18.30333,59.94641],[18.30569,59.94699],[18.31071,59.94741],[18.31372,59.94894],[18.31711,59.94909],[18.31932,59.9496],[18.32277,59.94883],[18.3247,59.94924],[18.32711,59.95078],[18.32908,59.95128],[18.3329,59.95462],[18.33818,59.95587],[18.34337,59.95784],[18.34631,59.95759],[18.34833,59.95889],[18.35326,59.95819],[18.35689,59.95842],[18.3624,59.95623],[18.36418,59.95658],[18.36442,59.95797],[18.36335,59.95907],[18.36476,59.9631],[18.36386,59.96434],[18.36238,59.96486],[18.35998,59.96724],[18.3606,59.96829],[18.3586,59.97046],[18.35953,59.9717],[18.35876,59.97361],[18.3556,59.97503],[18.3532,59.97533],[18.35309,59.97623],[18.35161,59.977],[18.35144,59.97782],[18.34882,59.98022],[18.34867,59.98327],[18.35425,59.98595],[18.35639,59.98853],[18.36045,59.99153],[18.36137,59.99183],[18.36511,59.99157],[18.36796,59.99293],[18.3724,59.99713],[18.37397,59.99932],[18.37554,60.00035],[18.37794,60.00142],[18.38019,60.0017],[18.38395,60.00456],[18.38588,60.00514],[18.38755,60.00657],[18.38914,60.00702],[18.39066,60.00698],[18.39146,60.00793],[18.39025,60.01009],[18.39019,60.01316],[18.38903,60.01576],[18.3918,60.0176],[18.39167,60.01868],[18.39347,60.01917],[18.39388,60.02048],[18.39075,60.02537],[18.38777,60.02627],[18.38631,60.02769],[18.38345,60.02865],[18.37862,60.02928],[18.37528,60.03035],[18.37326,60.03033],[18.37182,60.0317],[18.37326,60.03419],[18.37322,60.03541],[18.37214,60.03676],[18.37298,60.0396],[18.37189,60.04112],[18.37214,60.0453],[18.37139,60.04724],[18.37337,60.04807],[18.3733,60.04865],[18.37558,60.05015],[18.37457,60.05245],[18.3709,60.05498],[18.36991,60.0576],[18.36837,60.05889],[18.36884,60.06526],[18.36704,60.06751],[18.36841,60.07013],[18.36905,60.07397],[18.36796,60.07633],[18.36592,60.07831],[18.36311,60.08311],[18.36159,60.08457],[18.36212,60.08588],[18.36167,60.08755],[18.35957,60.08955],[18.35906,60.09137],[18.35197,60.09582],[18.35,60.09933],[18.35112,60.10163],[18.35337,60.10354],[18.35367,60.10556],[18.35665,60.10875],[18.35586,60.11174],[18.35672,60.11245],[18.35605,60.11633],[18.35828,60.11798],[18.36088,60.12313],[18.36283,60.1244],[18.36294,60.12519],[18.36082,60.12682],[18.35972,60.13238],[18.35867,60.13444],[18.3568,60.13581],[18.35717,60.13774],[18.35504,60.14028],[18.355,60.14229],[18.35689,60.14334],[18.35674,60.14487],[18.35764,60.14669],[18.36339,60.14871],[18.36412,60.14991],[18.36612,60.15128],[18.36639,60.15236],[18.36796,60.15294],[18.36841,60.15525],[18.3709,60.156],[18.37028,60.15957],[18.37234,60.16375],[18.37197,60.16551],[18.37425,60.16845],[18.37575,60.17173],[18.35929,60.1733],[18.34706,60.17332],[18.34249,60.17538],[18.33874,60.17879],[18.33578,60.17978],[18.33402,60.17954],[18.32832,60.17479],[18.32537,60.17504],[18.32058,60.17369],[18.31631,60.17356],[18.31402,60.17272],[18.30799,60.17283],[18.30781,60.17508],[18.30726,60.17538],[18.30269,60.17469],[18.29554,60.17435],[18.29543,60.17311],[18.29378,60.17197],[18.29533,60.17163],[18.28513,60.1689],[18.28252,60.16982],[18.27123,60.17004],[18.26138,60.16901],[18.25844,60.17034],[18.25544,60.16989],[18.2529,60.171],[18.2455,60.17139],[18.23379,60.17362],[18.22994,60.17268],[18.22314,60.17469],[18.21943,60.17446],[18.21595,60.17244],[18.2066,60.16909],[18.20119,60.16886],[18.19842,60.16924],[18.19415,60.16888],[18.1933,60.17289],[18.19072,60.17626],[18.18272,60.17611],[18.17937,60.17562],[18.17293,60.17356],[18.17137,60.17339],[18.16978,60.17527],[18.16645,60.17757],[18.16111,60.17911],[18.15467,60.17967],[18.15274,60.18023],[18.15272,60.18055],[18.15514,60.18083],[18.15566,60.18128],[18.1545,60.18336],[18.151,60.18733],[18.14727,60.18828],[18.14647,60.18941],[18.14502,60.19021],[18.14459,60.19201],[18.14362,60.1924],[18.14171,60.19295],[18.13993,60.1928],[18.13439,60.19373],[18.1309,60.19484],[18.12703,60.1942],[18.1251,60.19332],[18.12382,60.19341],[18.12111,60.19497],[18.11455,60.19566],[18.11324,60.19459],[18.11244,60.19274],[18.11058,60.1919],[18.10495,60.1919],[18.09641,60.18834],[18.0962,60.18718],[18.09734,60.18583],[18.09633,60.1839],[18.09603,60.181],[18.09545,60.1804],[18.09219,60.17974],[18.0947,60.17763],[18.08729,60.17592],[18.0862,60.17463],[18.08586,60.17278],[18.08144,60.17027],[18.07294,60.16723],[18.06438,60.16478],[18.06236,60.16248],[18.06236,60.1612],[18.06073,60.15997],[18.0606,60.1586],[18.05901,60.15716],[18.0579,60.15463],[18.05667,60.15442],[18.05073,60.156],[18.04719,60.15635],[18.04296,60.15811],[18.03399,60.15873],[18.03281,60.15912],[18.02713,60.15858],[18.02378,60.15871],[18.02189,60.15916],[18.0203,60.15897],[18.01739,60.15751],[18.01412,60.15706],[18.01082,60.15757],[18.00882,60.15877],[18.00618,60.15845],[18.00146,60.15978],[17.99344,60.15929],[17.99237,60.16034],[17.98895,60.16012],[17.99138,60.1577],[17.99593,60.15527],[17.99689,60.15006],[17.99331,60.14965],[17.99209,60.14905],[17.99189,60.148],[17.9888,60.14764],[17.98745,60.14658],[17.97758,60.14356],[17.97732,60.14294],[17.97359,60.14079],[17.96696,60.13946],[17.96099,60.14032],[17.95447,60.13989],[17.95378,60.13968],[17.95383,60.13802],[17.95211,60.13753],[17.94898,60.13513],[17.94121,60.1324],[17.94039,60.13135],[17.93625,60.13062],[17.92928,60.12796],[17.92222,60.12824],[17.91855,60.12734],[17.91336,60.12691],[17.91141,60.12637],[17.9034,60.12695],[17.89742,60.12637],[17.89074,60.12485],[17.89147,60.12435],[17.89194,60.12038],[17.89006,60.11729],[17.88604,60.11337],[17.88282,60.11176],[17.88121,60.11021],[17.87699,60.10933],[17.87641,60.10875],[17.87703,60.10757],[17.87203,60.10442],[17.87119,60.10163],[17.86845,60.09929],[17.86798,60.09734],[17.86435,60.09597],[17.86283,60.09483],[17.8628,60.09451],[17.86596,60.09324],[17.86767,60.0918],[17.87216,60.08667],[17.8754,60.08543],[17.87484,60.08326],[17.87564,60.08208],[17.87536,60.08002],[17.87285,60.07822],[17.86212,60.0779],[17.86122,60.07833],[17.86128,60.07908],[17.86008,60.08032],[17.85933,60.08052],[17.84639,60.07906],[17.84321,60.07766],[17.84203,60.07648],[17.83976,60.07575],[17.831,60.07644],[17.82933,60.07745],[17.81682,60.07792],[17.81401,60.07916],[17.8133,60.07914],[17.81158,60.07786],[17.80708,60.07668],[17.80517,60.07683],[17.80294,60.07616],[17.80098,60.0762],[17.79607,60.07672],[17.79244,60.07921],[17.7865,60.07921],[17.78399,60.07977],[17.78268,60.08058],[17.77865,60.08127],[17.76981,60.08067],[17.77064,60.07841],[17.7732,60.07685],[17.77221,60.07489],[17.77197,60.07155],[17.77318,60.06779],[17.77253,60.06715],[17.76918,60.06635],[17.76642,60.06683],[17.76311,60.06618],[17.76187,60.06676],[17.7576,60.06713],[17.75854,60.07331],[17.74573,60.07509],[17.7417,60.07663],[17.73477,60.07676],[17.73127,60.07775],[17.73429,60.07914],[17.73494,60.08065],[17.73451,60.08249],[17.73543,60.08451],[17.73412,60.08612],[17.7308,60.08781],[17.72983,60.09034],[17.73219,60.0953],[17.73489,60.09835],[17.73526,60.10266],[17.73653,60.10468],[17.73773,60.11513],[17.73891,60.1174],[17.73841,60.11882],[17.73417,60.12114],[17.74304,60.1236],[17.74289,60.12486],[17.7438,60.1268],[17.74251,60.13116],[17.74318,60.13174],[17.74532,60.13229],[17.74616,60.13313],[17.74273,60.13375],[17.74224,60.13476],[17.74256,60.14047],[17.74461,60.1419],[17.74758,60.14143],[17.74852,60.1404],[17.74852,60.13942],[17.74979,60.13869],[17.75086,60.13699],[17.75195,60.13873],[17.75543,60.14038],[17.75618,60.14124],[17.75627,60.14302],[17.76163,60.14461],[17.76736,60.1512],[17.77004,60.15289],[17.77137,60.15856],[17.77066,60.161],[17.77384,60.16489],[17.76796,60.16873],[17.76727,60.16987],[17.77182,60.1718],[17.76833,60.17321],[17.768,60.17392],[17.76622,60.17489],[17.76294,60.17538],[17.76103,60.1751],[17.75903,60.17572],[17.755,60.1786],[17.75489,60.18096],[17.7526,60.18349],[17.74734,60.18377],[17.74148,60.18525],[17.73275,60.18632],[17.72333,60.18566],[17.71786,60.18658],[17.71631,60.18639],[17.71339,60.18671],[17.71176,60.18802],[17.7103,60.18815],[17.7094,60.1869],[17.7073,60.18609],[17.70513,60.18353],[17.70232,60.18293],[17.70127,60.18145],[17.69893,60.18083],[17.69649,60.17946],[17.69563,60.17701],[17.69155,60.17635],[17.68951,60.17557],[17.68895,60.17454],[17.68945,60.17343],[17.68801,60.1722],[17.68548,60.17214],[17.68464,60.17154],[17.6787,60.17148],[17.66958,60.16939],[17.66782,60.16843],[17.66883,60.16609],[17.66505,60.1657],[17.6617,60.16409],[17.65908,60.16399],[17.65595,60.16201],[17.65327,60.16154],[17.649,60.15991],[17.64666,60.15824],[17.64778,60.15721],[17.64741,60.1562],[17.64559,60.15555],[17.64361,60.15558],[17.6417,60.15482],[17.63917,60.15461],[17.63765,60.15399],[17.63756,60.14905],[17.63514,60.14723],[17.63417,60.14472],[17.63198,60.14334],[17.62999,60.14281],[17.62855,60.13978],[17.62484,60.1386],[17.62372,60.13762],[17.61992,60.13631],[17.61726,60.13613],[17.61477,60.13498],[17.60924,60.13448],[17.60694,60.13392],[17.60658,60.13304],[17.6052,60.1327],[17.60432,60.1318],[17.60398,60.12998],[17.60059,60.13049],[17.59632,60.13195],[17.59591,60.13354],[17.59383,60.13579],[17.59308,60.13817],[17.59096,60.13993],[17.59091,60.14053],[17.5922,60.14158],[17.59175,60.14317],[17.58894,60.14493],[17.58776,60.14515],[17.59113,60.14948],[17.59006,60.15049],[17.5901,60.15141],[17.58845,60.15291],[17.57418,60.15596],[17.57064,60.15592],[17.56894,60.15435],[17.56665,60.15575],[17.56366,60.15661],[17.55508,60.15789],[17.55205,60.15727],[17.54652,60.15697],[17.53866,60.15899],[17.53045,60.1598],[17.52987,60.15948],[17.52339,60.15884],[17.52092,60.15897],[17.51854,60.15845],[17.51656,60.15725],[17.51377,60.15635],[17.51266,60.15495],[17.5112,60.15414],[17.50974,60.15399],[17.50766,60.15246],[17.50667,60.14974],[17.5097,60.14691],[17.51019,60.14577],[17.50976,60.14459],[17.50405,60.14124],[17.5048,60.13762],[17.49912,60.13738],[17.49646,60.13667],[17.49313,60.13699],[17.48976,60.13633],[17.48519,60.13671],[17.47631,60.13603],[17.45979,60.13884],[17.44157,60.13884],[17.41584,60.14259],[17.40211,60.13849],[17.4017,60.13609],[17.40273,60.13401],[17.40204,60.12504],[17.4011,60.12144],[17.40202,60.12],[17.40052,60.11775],[17.39928,60.11729],[17.39526,60.11714],[17.39209,60.1162],[17.38883,60.11502],[17.38719,60.11309],[17.38507,60.11225],[17.37812,60.11148],[17.36645,60.11129],[17.3628,60.11032],[17.35898,60.10764],[17.35891,60.10633],[17.35758,60.10521],[17.3555,60.1035],[17.35125,60.10139],[17.35007,60.09966],[17.34334,60.09438],[17.34291,60.09341],[17.34046,60.09187],[17.33975,60.08837],[17.34113,60.08749],[17.34396,60.07992],[17.34612,60.07794],[17.34694,60.0762],[17.34692,60.07292],[17.34471,60.07195],[17.34497,60.07041],[17.34859,60.067],[17.34529,60.06093],[17.34621,60.05927],[17.34456,60.05625],[17.34617,60.05374],[17.3458,60.04915],[17.34808,60.04745],[17.34765,60.04702],[17.34261,60.04683],[17.34059,60.04747],[17.33859,60.04655],[17.33598,60.04749],[17.33233,60.04801],[17.32269,60.0532],[17.31969,60.05344],[17.31874,60.05395],[17.31535,60.05412],[17.3134,60.0552],[17.31344,60.05601],[17.30297,60.05427],[17.29941,60.05423],[17.29525,60.05095],[17.29482,60.04979],[17.29308,60.04902],[17.29233,60.04739],[17.29319,60.04636],[17.29306,60.0452],[17.28679,60.04129],[17.28596,60.03893],[17.28368,60.03747],[17.28353,60.03569],[17.28124,60.03481],[17.27821,60.03468],[17.27731,60.03327],[17.27559,60.03286],[17.27426,60.03146],[17.26744,60.03357],[17.26128,60.03397],[17.2522,60.03715],[17.25175,60.03797],[17.25506,60.04382],[17.25641,60.04477],[17.25549,60.04545],[17.25613,60.047],[17.25532,60.04927],[17.25551,60.05067],[17.25804,60.0538],[17.25738,60.05509],[17.25802,60.05573],[17.25765,60.05732],[17.25982,60.05902],[17.2613,60.0611],[17.26319,60.06166],[17.26392,60.06281],[17.26364,60.06601],[17.25948,60.06638],[17.2572,60.06762],[17.2551,60.0679],[17.253,60.06884],[17.24549,60.06805],[17.24248,60.06822],[17.24032,60.06867],[17.23581,60.07084],[17.2339,60.07075],[17.23,60.07131],[17.228,60.07082],[17.22635,60.06925],[17.22397,60.06814],[17.21783,60.06818],[17.21502,60.07017],[17.20564,60.0735],[17.19307,60.08037],[17.18828,60.09309],[17.18169,60.09326],[17.18133,60.09376],[17.17747,60.09388],[17.17528,60.09509],[17.17236,60.09436],[17.1707,60.09451],[17.17126,60.09583],[17.16201,60.09481],[17.15324,60.09549],[17.15088,60.09453],[17.14489,60.09472],[17.14092,60.09414],[17.13655,60.09472],[17.13125,60.09416],[17.12653,60.09429],[17.12163,60.09541],[17.11528,60.09455],[17.10936,60.09509],[17.10805,60.09579],[17.09269,60.09129],[17.0843,60.08981],[17.06561,60.08534],[17.05917,60.08247],[17.05649,60.08221],[17.05758,60.08309],[17.05368,60.08309],[17.05301,60.0817],[17.0507,60.08043],[17.05027,60.07816],[17.0493,60.07768],[17.04866,60.07648],[17.04724,60.07629],[17.0454,60.07657],[17.044,60.07498],[17.03417,60.07157],[17.03261,60.07054],[17.03213,60.06874],[17.02789,60.06584],[17.02673,60.06444],[17.02789,60.06101],[17.02201,60.05736],[17.02194,60.05545],[17.01589,60.04951],[17.01508,60.04724],[17.01207,60.04575],[17.01035,60.04408],[17.0084,60.04344],[17.00205,60.04344],[16.98654,60.05037],[16.9827,60.04921],[16.97963,60.05174],[16.97255,60.05618],[16.96925,60.05699],[16.96403,60.05681],[16.96179,60.05754],[16.96002,60.05767],[16.95921,60.05801],[16.95977,60.05875],[16.95884,60.05969],[16.9536,60.0594],[16.94528,60.06015],[16.942,60.06003],[16.94074,60.06037],[16.94104,60.06191],[16.93983,60.0626],[16.93595,60.06265],[16.93477,60.06209],[16.93092,60.06181],[16.92648,60.06281],[16.92232,60.06322],[16.91948,60.06289],[16.91153,60.06568],[16.91322,60.06728],[16.91358,60.06876],[16.90892,60.06953],[16.90634,60.06962],[16.89236,60.05464],[16.88382,60.05254],[16.88069,60.05026],[16.87724,60.04877],[16.87632,60.04892],[16.87343,60.05203],[16.8714,60.05188],[16.86601,60.05244],[16.86584,60.05444],[16.87303,60.05917],[16.87891,60.06116],[16.88316,60.06469],[16.87611,60.06512],[16.87204,60.06575],[16.87249,60.06698],[16.86882,60.06786],[16.86833,60.06897],[16.86884,60.06968],[16.86751,60.07178],[16.86805,60.07236],[16.8714,60.07241],[16.87697,60.07936],[16.87652,60.07994],[16.87268,60.08144],[16.8679,60.08213],[16.86697,60.08279],[16.8715,60.08682],[16.87187,60.08852],[16.87412,60.09058],[16.87431,60.09229],[16.87604,60.09203],[16.87773,60.09232],[16.88058,60.09164],[16.88337,60.09033],[16.88536,60.09119],[16.88671,60.09552],[16.88942,60.09966],[16.88689,60.10014],[16.88523,60.10098],[16.88469,60.10193],[16.8827,60.10239],[16.87834,60.10233],[16.87765,60.10266],[16.87429,60.10482],[16.86799,60.11029],[16.86649,60.11201],[16.8666,60.11258],[16.87029,60.11774],[16.87334,60.12336],[16.87982,60.12769],[16.8832,60.12935],[16.88739,60.13332],[16.88927,60.13425],[16.89187,60.13345],[16.89683,60.13655],[16.90246,60.13808],[16.90596,60.13941],[16.9078,60.14058],[16.90876,60.14025],[16.90928,60.13802],[16.91061,60.13604],[16.90325,60.13388],[16.90279,60.13278],[16.89874,60.1317],[16.89609,60.12785],[16.89315,60.1286],[16.89152,60.12862],[16.88926,60.12743],[16.88664,60.12106],[16.88698,60.10607],[16.88642,60.10475],[16.88381,60.10218],[16.8849,60.10192],[16.88521,60.1009],[16.8873,60.09987],[16.88917,60.09987],[16.89009,60.09492],[16.88986,60.09266],[16.89219,60.08995],[16.89287,60.0877],[16.89674,60.0842],[16.8919,60.08156],[16.89077,60.07848],[16.88384,60.07656],[16.88919,60.07477],[16.89095,60.07364],[16.88992,60.07118],[16.88674,60.06866],[16.88501,60.06575],[16.883,60.06479],[16.87656,60.06502],[16.87225,60.06581],[16.87246,60.06683],[16.86882,60.06786],[16.86833,60.06897],[16.86884,60.06968],[16.86751,60.07178],[16.86805,60.07236],[16.84773,60.0764],[16.84314,60.07835],[16.84024,60.07807],[16.83532,60.07833],[16.8282,60.07541],[16.82593,60.0729],[16.82655,60.06936],[16.81998,60.06655],[16.81827,60.05786],[16.81882,60.05683],[16.81809,60.05563],[16.81863,60.05434],[16.81824,60.05318],[16.81668,60.05187],[16.81659,60.05116],[16.81402,60.05022],[16.81026,60.0476],[16.80887,60.04874],[16.80447,60.05067],[16.80125,60.05363],[16.79631,60.05404],[16.7935,60.05616],[16.79198,60.05627],[16.78696,60.05472],[16.78089,60.05466],[16.77999,60.05423],[16.77756,60.05245],[16.77649,60.05056],[16.77662,60.04837],[16.77563,60.04595],[16.77417,60.0449],[16.76666,60.04751],[16.76449,60.05028],[16.7702,60.06269],[16.76992,60.06932],[16.77318,60.07573],[16.77314,60.07717],[16.77138,60.08011],[16.76962,60.08577],[16.76385,60.08766],[16.75795,60.09324],[16.75342,60.0947],[16.7428,60.09579],[16.72535,60.09552],[16.7252,60.09624],[16.72201,60.09826],[16.72274,60.09921],[16.72241,60.10015],[16.71767,60.10292],[16.71772,60.10399],[16.71615,60.10678],[16.71711,60.1077],[16.71722,60.1088],[16.71426,60.10869],[16.71188,60.11002],[16.70415,60.10929],[16.69926,60.10957],[16.69583,60.11075],[16.69334,60.11079],[16.6883,60.11169],[16.68493,60.11294],[16.67177,60.11631],[16.66527,60.12002],[16.65716,60.12347],[16.64972,60.13491],[16.64813,60.14328],[16.64261,60.14633],[16.63839,60.15068],[16.63195,60.1547],[16.62886,60.15901],[16.62815,60.16096],[16.62894,60.16218],[16.63169,60.16397],[16.63527,60.16517],[16.63605,60.16594],[16.63118,60.17656],[16.62817,60.17935],[16.62667,60.1816],[16.62483,60.18229],[16.62465,60.1851],[16.62279,60.1874],[16.62236,60.18789],[16.61869,60.18699],[16.61751,60.1871],[16.61401,60.18858],[16.60813,60.18748],[16.60637,60.18813],[16.60543,60.19055],[16.60184,60.1927],[16.60118,60.19435],[16.59195,60.19918],[16.59204,60.19963],[16.59058,60.20049],[16.58732,60.20409],[16.58803,60.20626],[16.58764,60.20684],[16.58901,60.20896],[16.5903,60.20988],[16.59086,60.21132],[16.5903,60.21231],[16.58453,60.21557],[16.5823,60.21806],[16.57687,60.22173],[16.57498,60.22379],[16.57137,60.22525],[16.56573,60.22643],[16.55846,60.22493],[16.5565,60.22718],[16.55114,60.23126],[16.54691,60.23012],[16.53794,60.23201],[16.53434,60.23145],[16.52923,60.23263],[16.52711,60.2345],[16.52196,60.23746],[16.52018,60.24031],[16.51573,60.24233],[16.51275,60.24282],[16.51035,60.24398],[16.50857,60.24613],[16.50687,60.24673],[16.50234,60.24638],[16.4981,60.24677],[16.4967,60.24756],[16.49438,60.2481],[16.49312,60.24962],[16.48735,60.24967],[16.48514,60.24896],[16.4832,60.24894],[16.48153,60.24823],[16.47842,60.24793],[16.472,60.24866],[16.47095,60.24844],[16.47057,60.24769],[16.46797,60.24608],[16.46415,60.24574],[16.46301,60.24531],[16.46213,60.24531],[16.4599,60.24675],[16.45793,60.24656],[16.45331,60.2437],[16.45301,60.24295],[16.44686,60.2422],[16.43984,60.23986],[16.43703,60.24072],[16.43188,60.24083],[16.42645,60.2484],[16.42413,60.24962],[16.42016,60.25074],[16.41808,60.25237],[16.41617,60.25505],[16.41252,60.25819],[16.40606,60.26683],[16.40529,60.27173],[16.40458,60.27233],[16.40428,60.2763],[16.40666,60.28166],[16.40624,60.28329],[16.40486,60.28479],[16.40426,60.28479],[16.40411,60.28389],[16.40156,60.28209],[16.40012,60.28181],[16.38894,60.28361],[16.38669,60.28473],[16.38081,60.28548],[16.37776,60.28709],[16.37673,60.2872],[16.37235,60.28597],[16.37032,60.28602],[16.36343,60.28851],[16.36141,60.28885],[16.35761,60.28874],[16.35374,60.29034]]}},{"type":"Feature","properties":{"name":"TET_S-13_20260801","country":"SE","lengthKm":357.5},"geometry":{"type":"LineString","coordinates":[[14.63561,58.98391],[14.64454,58.98379],[14.64626,58.98342],[14.64778,58.98112],[14.64902,58.98085],[14.6547,58.9812],[14.66148,58.9803],[14.66471,58.98028],[14.66673,58.98069],[14.66992,58.98362],[14.677,58.98435],[14.67749,58.98565],[14.67878,58.98627],[14.68706,58.98649],[14.69222,58.98183],[14.69097,58.98087],[14.69071,58.97893],[14.69226,58.97675],[14.6907,58.96849],[14.69106,58.96676],[14.68938,58.96497],[14.68501,58.96229],[14.68482,58.96121],[14.6819,58.95998],[14.68082,58.95871],[14.68462,58.95771],[14.68728,58.95744],[14.69282,58.95835],[14.69905,58.95854],[14.70273,58.96068],[14.70746,58.96195],[14.71137,58.96183],[14.71383,58.96129],[14.71728,58.9587],[14.72033,58.95465],[14.72049,58.95339],[14.72304,58.95172],[14.72725,58.95023],[14.72984,58.94975],[14.73152,58.94856],[14.73548,58.94692],[14.73552,58.94516],[14.73636,58.9447],[14.73824,58.94449],[14.73936,58.94329],[14.7441,58.9406],[14.75464,58.93802],[14.75642,58.93712],[14.75585,58.93316],[14.75768,58.93142],[14.76334,58.93134],[14.76667,58.93203],[14.77168,58.92755],[14.77564,58.92567],[14.77664,58.92352],[14.77511,58.92181],[14.77528,58.92113],[14.77997,58.91724],[14.78287,58.91599],[14.78474,58.91407],[14.7863,58.91082],[14.78585,58.90919],[14.7887,58.90922],[14.79154,58.90825],[14.79568,58.90892],[14.79761,58.90855],[14.80125,58.90871],[14.80498,58.90929],[14.80806,58.91123],[14.81141,58.91243],[14.81728,58.91212],[14.82051,58.91238],[14.82445,58.91203],[14.82793,58.91278],[14.83115,58.91171],[14.83855,58.91121],[14.84089,58.91072],[14.8463,58.90872],[14.84954,58.90878],[14.85385,58.90948],[14.85665,58.90894],[14.86035,58.90947],[14.86288,58.90798],[14.8638,58.90638],[14.86919,58.9049],[14.86799,58.90375],[14.86909,58.90129],[14.87185,58.90177],[14.87789,58.90177],[14.88282,58.90057],[14.88687,58.90073],[14.88968,58.8993],[14.89464,58.89843],[14.89824,58.89219],[14.89919,58.88919],[14.89994,58.88882],[14.90268,58.89151],[14.90747,58.89325],[14.91206,58.89363],[14.92654,58.89306],[14.93036,58.89366],[14.93489,58.895],[14.94209,58.89915],[14.9421,58.89993],[14.94367,58.90021],[14.94576,58.90221],[14.94785,58.90314],[14.94851,58.90436],[14.94727,58.90674],[14.94779,58.90767],[14.94887,58.90814],[14.95397,58.90875],[14.95752,58.91166],[14.96035,58.91285],[14.96225,58.9132],[14.97022,58.91328],[14.97406,58.91253],[14.97754,58.91534],[14.98029,58.91456],[14.98362,58.91277],[14.98683,58.91327],[14.98801,58.914],[14.9874,58.91598],[14.99021,58.91982],[14.99239,58.92185],[14.99457,58.92217],[14.99504,58.92102],[14.99853,58.92079],[15.00043,58.91953],[15.00195,58.91763],[15.00233,58.91629],[15.00085,58.91306],[15.001,58.91109],[15.00389,58.90961],[15.00468,58.90836],[15.00674,58.90707],[15.00972,58.90636],[15.01573,58.90397],[15.01685,58.8981],[15.01587,58.89722],[15.01475,58.89348],[15.01509,58.8918],[15.01447,58.8913],[15.01561,58.88752],[15.01918,58.88421],[15.0227,58.88204],[15.02259,58.87983],[15.02434,58.8786],[15.02456,58.87558],[15.02574,58.87452],[15.02864,58.87314],[15.0283,58.8721],[15.02924,58.86982],[15.03052,58.86909],[15.03305,58.86577],[15.03433,58.86505],[15.04112,58.86457],[15.0466,58.86244],[15.04977,58.86299],[15.05178,58.86427],[15.05551,58.86847],[15.05592,58.87112],[15.06259,58.8747],[15.06266,58.87633],[15.06382,58.87743],[15.06547,58.87795],[15.06586,58.87914],[15.06742,58.87989],[15.06821,58.87928],[15.07494,58.87743],[15.07924,58.87517],[15.08123,58.87336],[15.08479,58.87273],[15.08485,58.87144],[15.08377,58.86954],[15.08923,58.86734],[15.09547,58.86717],[15.09905,58.86507],[15.10567,58.86402],[15.10988,58.86104],[15.11795,58.85917],[15.11973,58.85811],[15.12376,58.85761],[15.12625,58.85673],[15.12963,58.85621],[15.13595,58.8565],[15.14407,58.85892],[15.14194,58.86288],[15.14387,58.87309],[15.14531,58.87546],[15.14665,58.87597],[15.14778,58.87531],[15.14826,58.87542],[15.1441,58.87902],[15.14767,58.87882],[15.15057,58.88061],[15.15509,58.8812],[15.16146,58.87981],[15.16527,58.87962],[15.16632,58.87919],[15.17159,58.87915],[15.17485,58.87722],[15.17706,58.87658],[15.17694,58.87482],[15.17816,58.87381],[15.18024,58.87352],[15.18213,58.87533],[15.1825,58.87696],[15.18484,58.87799],[15.18772,58.8809],[15.19755,58.88177],[15.20126,58.88248],[15.20622,58.88412],[15.2127,58.88438],[15.21531,58.88508],[15.21891,58.88483],[15.22072,58.88552],[15.22306,58.89075],[15.22188,58.89547],[15.22031,58.89749],[15.22136,58.89844],[15.22399,58.89932],[15.22694,58.89924],[15.22766,58.90002],[15.23096,58.9005],[15.23302,58.90339],[15.23823,58.90313],[15.24127,58.90417],[15.24761,58.90824],[15.24896,58.91017],[15.25168,58.91104],[15.2527,58.91198],[15.25993,58.91393],[15.26034,58.91449],[15.26463,58.91477],[15.26646,58.91441],[15.27113,58.91447],[15.27198,58.91415],[15.27434,58.91471],[15.2821,58.91473],[15.28554,58.91247],[15.28801,58.91233],[15.29138,58.91156],[15.29516,58.91149],[15.29741,58.91578],[15.29586,58.91808],[15.29967,58.91916],[15.3006,58.92017],[15.31291,58.91671],[15.32156,58.91696],[15.3264,58.91553],[15.32921,58.91376],[15.32955,58.91275],[15.33407,58.91298],[15.34236,58.9115],[15.34495,58.91217],[15.3472,58.91204],[15.35355,58.91077],[15.35834,58.91286],[15.36143,58.91289],[15.36457,58.91199],[15.3689,58.91181],[15.36978,58.9137],[15.37317,58.91443],[15.38017,58.91437],[15.38296,58.91515],[15.39015,58.91428],[15.39306,58.91505],[15.39198,58.91658],[15.39421,58.91686],[15.39551,58.91623],[15.39558,58.91507],[15.40006,58.91484],[15.40336,58.91251],[15.41214,58.90899],[15.41599,58.90484],[15.41967,58.90441],[15.42208,58.90307],[15.42631,58.90159],[15.42951,58.9013],[15.4332,58.90169],[15.43473,58.90092],[15.43444,58.89938],[15.43297,58.89891],[15.43407,58.89799],[15.43072,58.89543],[15.43106,58.89437],[15.43011,58.89241],[15.43103,58.89262],[15.43219,58.89399],[15.43262,58.89682],[15.44041,58.8984],[15.44323,58.89947],[15.44799,58.90056],[15.45231,58.90077],[15.46002,58.90007],[15.46854,58.90005],[15.4687,58.90113],[15.47118,58.90246],[15.4718,58.90459],[15.47403,58.9057],[15.47537,58.90703],[15.47681,58.90665],[15.47691,58.90499],[15.47812,58.90388],[15.48241,58.90493],[15.48332,58.90644],[15.48538,58.9065],[15.48848,58.90601],[15.49015,58.90619],[15.49104,58.90462],[15.49032,58.90245],[15.49134,58.89916],[15.49438,58.89487],[15.49657,58.8939],[15.50205,58.89266],[15.5077,58.89218],[15.50969,58.89128],[15.51272,58.89065],[15.51505,58.89133],[15.51864,58.89043],[15.52346,58.89028],[15.5271,58.88682],[15.5317,58.88537],[15.53784,58.88608],[15.54048,58.8855],[15.55225,58.88437],[15.55508,58.88493],[15.55679,58.88449],[15.55985,58.88436],[15.56127,58.88386],[15.5641,58.8807],[15.56862,58.87889],[15.57075,58.87971],[15.57332,58.87994],[15.57786,58.88111],[15.58166,58.88389],[15.58395,58.88456],[15.58735,58.88812],[15.5947,58.89006],[15.60066,58.88876],[15.60903,58.88588],[15.61482,58.88664],[15.62055,58.88854],[15.62292,58.88986],[15.62999,58.88782],[15.63231,58.88775],[15.63871,58.88846],[15.64368,58.88822],[15.64572,58.88618],[15.64648,58.88404],[15.6456,58.88294],[15.64593,58.882],[15.64436,58.88111],[15.64425,58.88056],[15.65226,58.87855],[15.65277,58.87861],[15.65286,58.88024],[15.65124,58.88158],[15.64901,58.8855],[15.64889,58.88612],[15.64982,58.88684],[15.65078,58.88694],[15.65046,58.88816],[15.65673,58.88712],[15.66414,58.88788],[15.66842,58.89188],[15.67492,58.89092],[15.69078,58.89277],[15.70379,58.89285],[15.70608,58.89324],[15.7104,58.89167],[15.71355,58.89153],[15.71849,58.89049],[15.72783,58.89119],[15.73202,58.89081],[15.73513,58.88854],[15.73759,58.88844],[15.74272,58.88691],[15.74632,58.88682],[15.754,58.88319],[15.75931,58.88252],[15.7631,58.88301],[15.76552,58.88376],[15.76856,58.88373],[15.7696,58.8825],[15.76842,58.88007],[15.76961,58.87611],[15.76869,58.87527],[15.76973,58.87398],[15.78059,58.87078],[15.78359,58.87028],[15.78731,58.87066],[15.78994,58.8705],[15.79749,58.86838],[15.8019,58.86766],[15.80678,58.86815],[15.81297,58.86759],[15.81605,58.86657],[15.82238,58.86717],[15.83187,58.86562],[15.83674,58.86555],[15.83977,58.86638],[15.84139,58.86797],[15.85093,58.87272],[15.85659,58.87364],[15.85835,58.87347],[15.86056,58.87385],[15.8611,58.87444],[15.86014,58.87667],[15.86236,58.8782],[15.86458,58.87831],[15.86725,58.87708],[15.86959,58.8773],[15.87066,58.87613],[15.87429,58.87398],[15.88262,58.87071],[15.88453,58.86953],[15.89036,58.86861],[15.89071,58.86793],[15.89346,58.86733],[15.89577,58.86634],[15.8961,58.86582],[15.89559,58.86548],[15.8965,58.86413],[15.90106,58.86194],[15.90467,58.85895],[15.90647,58.85581],[15.90617,58.8526],[15.9083,58.84985],[15.90896,58.84801],[15.91679,58.84495],[15.92018,58.84274],[15.91928,58.84101],[15.91554,58.83899],[15.91034,58.83953],[15.90741,58.84057],[15.89797,58.83977],[15.89647,58.83916],[15.89503,58.83668],[15.89704,58.8354],[15.89832,58.83344],[15.89575,58.83159],[15.89651,58.82838],[15.89505,58.82634],[15.89809,58.82369],[15.90536,58.8248],[15.90916,58.82595],[15.91453,58.82895],[15.92027,58.82938],[15.92274,58.83],[15.92554,58.83138],[15.93173,58.82934],[15.93977,58.82729],[15.93939,58.82619],[15.93847,58.82574],[15.93997,58.82513],[15.94145,58.82277],[15.94202,58.8228],[15.94104,58.82082],[15.94109,58.81696],[15.93992,58.81644],[15.94057,58.81531],[15.93973,58.81387],[15.94898,58.81212],[15.95347,58.81242],[15.95682,58.81167],[15.95944,58.81185],[15.9628,58.81039],[15.96456,58.81013],[15.96879,58.81188],[15.97289,58.81177],[15.976,58.81238],[15.98851,58.81102],[15.99495,58.80906],[16.00015,58.80873],[16.00442,58.80699],[16.0068,58.8055],[16.01157,58.80411],[16.01965,58.80418],[16.02706,58.80235],[16.03193,58.80238],[16.03853,58.80156],[16.04019,58.8018],[16.04351,58.79758],[16.04341,58.79635],[16.04118,58.79287],[16.04351,58.79654],[16.04105,58.79264],[16.04183,58.79143],[16.04129,58.78939],[16.04434,58.78682],[16.04652,58.78643],[16.04599,58.78365],[16.04382,58.78139],[16.04424,58.77828],[16.04707,58.77737],[16.04759,58.77607],[16.04966,58.77543],[16.05846,58.77545],[16.06228,58.77378],[16.06695,58.77366],[16.07575,58.77135],[16.07721,58.77021],[16.07993,58.76969],[16.08094,58.7682],[16.08343,58.76762],[16.08721,58.76549],[16.08767,58.76352],[16.09179,58.75921],[16.09289,58.75891],[16.09417,58.75911],[16.09618,58.75852],[16.09824,58.75964],[16.10127,58.75986],[16.10019,58.75761],[16.10138,58.75626],[16.10407,58.75469],[16.10624,58.75679],[16.10635,58.7577],[16.11016,58.75921],[16.11179,58.76043],[16.11191,58.76257],[16.11324,58.76404],[16.11566,58.76536],[16.11569,58.76598],[16.11738,58.76712],[16.11722,58.76843],[16.12021,58.77095],[16.12118,58.77461],[16.12684,58.77804],[16.13138,58.77789],[16.13827,58.77983],[16.13991,58.77984],[16.13992,58.78036],[16.14133,58.78092],[16.15645,58.78239],[16.15875,58.78224],[16.16227,58.77782],[16.16378,58.77743],[16.16472,58.77668],[16.16863,58.77689],[16.17256,58.77835],[16.17576,58.77838],[16.1778,58.77942],[16.18066,58.7792],[16.18951,58.78031],[16.19232,58.78005],[16.19569,58.78052],[16.19886,58.78022],[16.20174,58.77855],[16.20426,58.77798],[16.20652,58.77566],[16.20766,58.77291],[16.21418,58.77301],[16.21661,58.77389],[16.21829,58.77372],[16.21961,58.7745],[16.22257,58.77467],[16.22466,58.77538],[16.22501,58.77647],[16.22239,58.77919],[16.22427,58.78201],[16.22359,58.78539],[16.22427,58.78601],[16.22687,58.7867],[16.22844,58.7884],[16.23175,58.79038],[16.23755,58.79095],[16.24019,58.78998],[16.24662,58.7908],[16.24849,58.79163],[16.24345,58.79458],[16.23842,58.79606],[16.23884,58.79786],[16.2351,58.80025],[16.23608,58.8016],[16.23383,58.80312],[16.23551,58.80389],[16.23677,58.80532],[16.23985,58.80527],[16.24323,58.80603],[16.24875,58.80592],[16.25434,58.80515],[16.25815,58.80503],[16.2539,58.80806],[16.25041,58.80942],[16.24091,58.81145],[16.24034,58.81243],[16.24117,58.8137],[16.24041,58.81436],[16.23138,58.81589],[16.22897,58.81744],[16.22642,58.81702],[16.22462,58.81711],[16.21627,58.82012],[16.21447,58.82027],[16.20994,58.82251],[16.20575,58.82214],[16.2039,58.82606],[16.20379,58.82764],[16.20184,58.83016],[16.20211,58.83164],[16.19888,58.83105],[16.19648,58.83125],[16.19537,58.83189],[16.19609,58.83373],[16.19608,58.84049],[16.20224,58.84597],[16.20711,58.85242],[16.21518,58.85113],[16.23039,58.84717],[16.24556,58.84075],[16.2523,58.83966],[16.25796,58.83801],[16.26595,58.83454],[16.26426,58.83256],[16.26862,58.82966],[16.27097,58.82685],[16.27617,58.8274],[16.28666,58.82135],[16.29141,58.81789],[16.29762,58.8161],[16.30537,58.81681],[16.30761,58.81639],[16.30908,58.81683],[16.31394,58.81547],[16.3151,58.8133],[16.31454,58.81127],[16.32227,58.80836],[16.32497,58.80694],[16.3277,58.80676],[16.3311,58.80592],[16.33341,58.80604],[16.33541,58.80517],[16.33696,58.8038],[16.34036,58.80435],[16.34122,58.80506],[16.34273,58.80421],[16.34678,58.80353],[16.34779,58.80423],[16.3509,58.80395],[16.35365,58.80427],[16.35663,58.80384],[16.36222,58.80418],[16.36492,58.80357],[16.36669,58.80408],[16.36943,58.80296],[16.36961,58.80417],[16.36859,58.80489],[16.37011,58.80629],[16.36907,58.80809],[16.36901,58.80978],[16.37047,58.81195],[16.37073,58.81219],[16.37305,58.81162],[16.37688,58.81167],[16.37512,58.81309],[16.37574,58.81384],[16.37494,58.81525],[16.37308,58.816],[16.37138,58.81776],[16.37039,58.81969],[16.37187,58.82114],[16.36986,58.82375],[16.36914,58.82422],[16.36575,58.82493],[16.36337,58.82682],[16.36292,58.82846],[16.36397,58.82928],[16.36534,58.82975],[16.36758,58.82959],[16.37316,58.8279],[16.37434,58.82732],[16.37528,58.82526],[16.37796,58.82354],[16.38255,58.82326],[16.38435,58.824],[16.38649,58.82388],[16.3887,58.82507],[16.38748,58.82779],[16.38785,58.82951],[16.39004,58.83113],[16.39198,58.83161],[16.39446,58.83299],[16.39335,58.835],[16.39495,58.83611],[16.39604,58.83646],[16.39864,58.83649],[16.40177,58.83771],[16.40336,58.83894],[16.40699,58.83916],[16.40982,58.84118],[16.41481,58.84304],[16.41531,58.84123],[16.41755,58.84019],[16.41777,58.83824],[16.41647,58.8374],[16.41668,58.83654],[16.4176,58.83626],[16.42007,58.83649],[16.42388,58.83592],[16.42608,58.83631],[16.42642,58.83676],[16.42837,58.83561],[16.43192,58.83698],[16.43358,58.83715],[16.43851,58.83935],[16.44076,58.83899],[16.44613,58.84077],[16.4457,58.84245],[16.44691,58.84452],[16.44946,58.8469],[16.45112,58.8463],[16.46234,58.8443],[16.462,58.84491],[16.46358,58.84677],[16.46255,58.84742],[16.46366,58.84844],[16.46329,58.84924],[16.46579,58.85116],[16.46796,58.85143],[16.46948,58.85267],[16.46437,58.85782],[16.46192,58.85888],[16.4583,58.86139],[16.45121,58.86184],[16.45544,58.86475],[16.45905,58.86606],[16.46185,58.86847],[16.46773,58.86985],[16.46971,58.87198],[16.47259,58.87293],[16.48526,58.8726],[16.49279,58.8735],[16.49509,58.87417],[16.49515,58.87461],[16.49108,58.87782],[16.48919,58.88002],[16.4868,58.8816],[16.47231,58.88655],[16.46795,58.88602],[16.46133,58.88642],[16.45542,58.88577],[16.45256,58.88642],[16.45109,58.88483],[16.44573,58.88277],[16.44485,58.88156],[16.44282,58.88119],[16.43819,58.88118],[16.43217,58.88002],[16.43328,58.88225],[16.4351,58.88356],[16.43408,58.88486],[16.43482,58.88641],[16.43381,58.88705],[16.43355,58.88867],[16.43489,58.89232],[16.433,58.89283],[16.43069,58.8949],[16.42851,58.89604],[16.42575,58.89664],[16.42422,58.89625],[16.42275,58.89665],[16.4179,58.8994],[16.41401,58.90075],[16.41309,58.90154],[16.41337,58.90255],[16.41263,58.903],[16.41899,58.90405],[16.42068,58.90484],[16.42527,58.90577],[16.42906,58.90542],[16.43117,58.90607],[16.42468,58.90924],[16.4208,58.91288],[16.41551,58.91479],[16.41296,58.91837],[16.41105,58.91906],[16.4056,58.91996],[16.40214,58.91976],[16.39328,58.92461],[16.37454,58.92937],[16.37824,58.93322],[16.37903,58.93318],[16.38389,58.93769],[16.38238,58.93876],[16.37614,58.94037],[16.36561,58.94206],[16.36198,58.9437],[16.35781,58.94468],[16.35364,58.9465],[16.34557,58.94907],[16.33279,58.95115],[16.32289,58.95557],[16.31825,58.95563],[16.31263,58.95665],[16.30662,58.95443],[16.30464,58.9546],[16.30209,58.95418],[16.29876,58.9542],[16.29568,58.95479],[16.29252,58.95411],[16.25795,58.96908],[16.25739,58.96984],[16.26107,58.97302],[16.26123,58.97427],[16.25965,58.97712],[16.26162,58.98002],[16.26165,58.98187],[16.25886,58.98383],[16.25668,58.987],[16.25512,58.99108],[16.2528,58.99194],[16.25238,58.99303],[16.24905,58.9947],[16.24477,58.99457],[16.24281,58.99527],[16.23934,58.99961],[16.23715,59.00056],[16.23174,59.00463],[16.23467,59.00589],[16.23408,59.0071],[16.23827,59.0081],[16.23749,59.00957],[16.23597,59.00973],[16.23621,59.01195],[16.23542,59.01349],[16.23412,59.01467],[16.23007,59.01595],[16.22953,59.01643],[16.22982,59.01738],[16.23141,59.0183],[16.23227,59.01959],[16.23364,59.02011],[16.23546,59.02259],[16.23989,59.02412],[16.24358,59.02634],[16.24914,59.02663],[16.25176,59.0285],[16.25429,59.02839],[16.25726,59.02899],[16.2624,59.02736],[16.26765,59.0265],[16.26955,59.02679],[16.27265,59.02823],[16.27755,59.02889],[16.28378,59.02817],[16.28772,59.02813],[16.292,59.02822],[16.29555,59.02893],[16.29755,59.02764],[16.30343,59.02707],[16.30721,59.02359],[16.30986,59.02221],[16.31165,59.02182],[16.31378,59.02006],[16.31603,59.0198],[16.31692,59.01912],[16.31946,59.01966],[16.3234,59.01929],[16.32691,59.02158],[16.32852,59.02197],[16.32964,59.02177],[16.33127,59.01998],[16.34069,59.02096],[16.33947,59.02126],[16.34161,59.02566],[16.34118,59.02654],[16.34384,59.02756],[16.34343,59.02838],[16.34467,59.02851],[16.3455,59.02932],[16.3512,59.02971],[16.35312,59.03086],[16.35204,59.03199],[16.35169,59.03351],[16.35057,59.03512],[16.34953,59.03554],[16.34245,59.03514],[16.33982,59.03616],[16.33466,59.03601],[16.33323,59.03676],[16.33097,59.03868],[16.33176,59.0401],[16.33034,59.04063],[16.33078,59.04322],[16.32723,59.04559],[16.32644,59.04933],[16.32199,59.05123],[16.32028,59.0524],[16.31753,59.06011],[16.31088,59.05839],[16.31002,59.05753],[16.30704,59.05658],[16.30286,59.05649],[16.30194,59.05689],[16.29546,59.05763],[16.28893,59.05712],[16.28522,59.05563],[16.28279,59.05301],[16.28015,59.05117],[16.27892,59.05079],[16.27696,59.05091],[16.27321,59.0493],[16.27052,59.04949],[16.2686,59.04918],[16.26563,59.05018],[16.26153,59.05036],[16.25572,59.05393],[16.25252,59.05384],[16.24719,59.05467],[16.24546,59.0545],[16.24402,59.05392],[16.24159,59.05109],[16.23973,59.0503],[16.24366,59.04763],[16.23744,59.04459],[16.23667,59.04266],[16.23574,59.04231],[16.23092,59.04247],[16.22562,59.04146],[16.22345,59.04059],[16.2181,59.04094],[16.21435,59.03159],[16.21359,59.0313],[16.21365,59.0325],[16.21128,59.03323],[16.20581,59.0368],[16.20122,59.03613],[16.19969,59.03846],[16.19657,59.03893],[16.19379,59.0376],[16.19115,59.03746],[16.19182,59.03802],[16.19075,59.04107],[16.1851,59.04688],[16.18481,59.04829],[16.18576,59.0493],[16.18555,59.05055],[16.18291,59.05283],[16.1865,59.05426],[16.18798,59.05562],[16.18749,59.05628],[16.18286,59.05969],[16.17939,59.05988],[16.17564,59.06151],[16.17226,59.0645],[16.16906,59.06494],[16.16595,59.06626],[16.16263,59.0667],[16.16001,59.06749],[16.15662,59.07036],[16.15357,59.07148],[16.15421,59.0724],[16.16011,59.07311],[16.1665,59.07455],[16.16927,59.07438],[16.16993,59.07523],[16.17215,59.0756],[16.17145,59.07952],[16.16693,59.08178],[16.16432,59.08467],[16.16686,59.08644],[16.16641,59.08787],[16.16824,59.08869],[16.17312,59.08949],[16.17606,59.0913],[16.17723,59.09152],[16.18031,59.09149],[16.18316,59.08967],[16.18501,59.08927],[16.19138,59.08935],[16.19246,59.0901],[16.19447,59.09053],[16.19393,59.09395],[16.1976,59.09272],[16.20111,59.09201],[16.20149,59.09227],[16.20144,59.09437],[16.20188,59.09438],[16.1991,59.09545],[16.19305,59.09976],[16.19297,59.10005],[16.19633,59.10115],[16.19805,59.10115],[16.20181,59.10005],[16.2041,59.09985],[16.20625,59.10026],[16.20928,59.09975],[16.21217,59.10082],[16.21376,59.09976],[16.21391,59.0978],[16.2177,59.0932],[16.21713,59.09105],[16.21872,59.09056],[16.22849,59.08993],[16.23142,59.09017],[16.23945,59.09199],[16.24527,59.0928],[16.24812,59.09279],[16.25095,59.09351],[16.25119,59.09642],[16.24947,59.09846],[16.24557,59.10109],[16.24403,59.10275],[16.24511,59.10338],[16.24758,59.10318],[16.2478,59.10463],[16.24919,59.10657],[16.25146,59.10775],[16.25091,59.10967],[16.25523,59.11118],[16.25903,59.11144],[16.26297,59.11051],[16.27095,59.10795],[16.27348,59.10605],[16.27403,59.10607],[16.27679,59.10902],[16.28089,59.11016],[16.28354,59.11137],[16.28965,59.11021],[16.29328,59.11048],[16.29546,59.10991],[16.29758,59.11054],[16.30016,59.11199],[16.3015,59.11401],[16.30349,59.11444],[16.30912,59.117],[16.31269,59.11716],[16.31598,59.1183],[16.31708,59.11825],[16.31881,59.11736],[16.32702,59.11611],[16.33017,59.11505],[16.33219,59.11365],[16.33973,59.11537],[16.33893,59.11711],[16.34198,59.11938],[16.3435,59.11979],[16.34403,59.12063],[16.34295,59.12247],[16.34366,59.12761],[16.34275,59.1294],[16.33694,59.13165],[16.33333,59.13228],[16.33025,59.13716],[16.32513,59.13979],[16.32463,59.14077],[16.32685,59.14335],[16.33174,59.14372],[16.33417,59.1431],[16.33669,59.14315],[16.34014,59.14428],[16.34384,59.14616],[16.33724,59.1552],[16.33746,59.15952],[16.33626,59.16151],[16.33667,59.16349],[16.33772,59.16458],[16.34198,59.16633],[16.34277,59.16715],[16.33982,59.16816],[16.33933,59.1694],[16.33703,59.16986],[16.33649,59.17076],[16.33496,59.17109],[16.33431,59.17174],[16.32994,59.17211],[16.32887,59.17339],[16.32936,59.17481],[16.32754,59.17561],[16.3261,59.17895],[16.32659,59.17991],[16.32892,59.18104],[16.32878,59.18181],[16.32528,59.18422],[16.32127,59.18449],[16.32167,59.18611],[16.32109,59.18712],[16.31814,59.18896],[16.31801,59.18981],[16.31598,59.19092],[16.31546,59.19235],[16.31296,59.19484],[16.31417,59.19611],[16.31624,59.19695],[16.31759,59.19887],[16.32089,59.19978],[16.32263,59.19962],[16.32355,59.19999],[16.32235,59.20167],[16.32554,59.2028],[16.32624,59.20408],[16.32934,59.20472],[16.33283,59.20619],[16.33528,59.20657],[16.33839,59.20823],[16.3408,59.20839],[16.34278,59.20923],[16.34415,59.21045],[16.34723,59.21078],[16.34749,59.21272],[16.34914,59.21327],[16.35411,59.21392],[16.35565,59.21687],[16.35986,59.21884],[16.36434,59.21953],[16.36936,59.21873],[16.36946,59.2193],[16.37197,59.2203],[16.37497,59.22047],[16.37575,59.22168],[16.3771,59.22228],[16.37739,59.22379],[16.3782,59.22422],[16.38211,59.22401],[16.38882,59.22494],[16.39092,59.22557],[16.39439,59.22435],[16.39559,59.22499],[16.3974,59.22523],[16.40084,59.22746],[16.40349,59.23068],[16.40171,59.23283],[16.40206,59.23334],[16.40972,59.23498],[16.41366,59.23648],[16.41635,59.23636],[16.41927,59.23691],[16.42403,59.23864],[16.42728,59.23917],[16.42783,59.23996],[16.43003,59.23998],[16.43179,59.24073],[16.43682,59.2401],[16.44259,59.24071],[16.44429,59.24012],[16.44675,59.23826],[16.44895,59.24015],[16.44886,59.24186],[16.45131,59.24561],[16.45611,59.24783],[16.45373,59.24809],[16.45476,59.24916],[16.46007,59.24937],[16.46203,59.25103],[16.47481,59.252],[16.47598,59.25186],[16.47692,59.25099],[16.4816,59.24975],[16.48273,59.24831],[16.48259,59.24679],[16.47912,59.24493],[16.47886,59.24437],[16.47941,59.24325],[16.47906,59.24072],[16.48108,59.23445],[16.48611,59.2339],[16.48788,59.23334],[16.48881,59.23057],[16.49028,59.22986],[16.49185,59.22801],[16.49406,59.22708],[16.49535,59.2269],[16.49815,59.22768],[16.50116,59.22783],[16.50321,59.22649],[16.50619,59.22554],[16.50843,59.22362],[16.51115,59.22458],[16.51721,59.22388],[16.52107,59.22563],[16.52288,59.2256],[16.52358,59.22638],[16.52251,59.22775],[16.52022,59.22822],[16.51827,59.23023],[16.51822,59.2313],[16.51977,59.23273],[16.51877,59.23392],[16.51935,59.23489],[16.52153,59.23532],[16.52568,59.23773],[16.5282,59.23789],[16.52982,59.23838],[16.53146,59.24062],[16.53518,59.24062],[16.53749,59.24123],[16.53861,59.24203],[16.54404,59.242],[16.54489,59.2405],[16.54658,59.23972],[16.54918,59.23953],[16.55411,59.23848],[16.5557,59.23756],[16.55799,59.237],[16.56373,59.23628],[16.5665,59.23668],[16.56773,59.23596],[16.57192,59.23546],[16.5775,59.23596],[16.57906,59.23526],[16.57764,59.23373],[16.57954,59.23133],[16.57932,59.2295],[16.57709,59.22769],[16.57438,59.2278],[16.57186,59.22682],[16.56919,59.22522],[16.56888,59.22431],[16.57335,59.22273],[16.57803,59.21905],[16.58094,59.21847],[16.58286,59.21857],[16.58472,59.21941],[16.58794,59.21955],[16.58938,59.22144],[16.59161,59.22258],[16.59439,59.22208],[16.5968,59.2211],[16.59877,59.21952],[16.60124,59.21873],[16.60329,59.21737],[16.60678,59.21759],[16.60958,59.2184],[16.61666,59.21917],[16.61766,59.21696],[16.61748,59.21467],[16.61263,59.20848],[16.61581,59.20767],[16.61734,59.20598],[16.62469,59.20216],[16.62672,59.202],[16.63081,59.20086],[16.63215,59.20096],[16.63423,59.20221],[16.63759,59.20226],[16.6408,59.20161],[16.64301,59.1988],[16.64526,59.19813],[16.64629,59.19728],[16.64647,59.19697],[16.64413,59.19604],[16.64458,59.19539],[16.64978,59.19224],[16.64932,59.19109],[16.64717,59.19121],[16.6476,59.19011],[16.65145,59.18771],[16.65627,59.18608],[16.6576,59.18512],[16.65741,59.18409],[16.65813,59.18294],[16.6592,59.18315],[16.66077,59.18461],[16.66655,59.18604],[16.67071,59.18632],[16.67079,59.18786],[16.67304,59.18834],[16.67712,59.18777],[16.68499,59.18834],[16.68924,59.18812],[16.69142,59.18699],[16.70053,59.18519],[16.70286,59.18528],[16.7057,59.18604],[16.70953,59.18469],[16.71281,59.1844],[16.71578,59.18318],[16.71998,59.18287],[16.72341,59.18217],[16.72466,59.18153],[16.72358,59.18055],[16.72475,59.17963],[16.7358,59.17754],[16.7382,59.17635],[16.73889,59.17542],[16.74309,59.1735],[16.75276,59.17145],[16.75488,59.1701],[16.76011,59.17028],[16.764,59.17115],[16.76641,59.17223],[16.76939,59.17477],[16.77638,59.17697],[16.78139,59.1772],[16.792,59.17628],[16.79183,59.17715],[16.79387,59.17839],[16.79441,59.17943],[16.79228,59.1841],[16.79327,59.18698],[16.79276,59.18801],[16.79081,59.1895],[16.78912,59.19293],[16.78894,59.19842],[16.7873,59.20075],[16.78992,59.20067],[16.79068,59.20268],[16.79284,59.20441],[16.79171,59.20471],[16.79286,59.20695],[16.79692,59.20953],[16.80013,59.21298],[16.80882,59.21672],[16.81232,59.22187],[16.81932,59.22464],[16.81973,59.22573],[16.81873,59.22853],[16.82061,59.23107],[16.8205,59.23186],[16.82327,59.23237],[16.82305,59.23342],[16.83218,59.23234],[16.83586,59.23282],[16.8444,59.23489],[16.85934,59.23525],[16.8657,59.23638],[16.87088,59.23632],[16.87807,59.23687],[16.88751,59.23609],[16.90157,59.23724],[16.90851,59.23718],[16.9175,59.23881],[16.92576,59.23869],[16.93249,59.2398],[16.94017,59.23986],[16.9477,59.24121],[16.95931,59.24528],[16.96036,59.2444],[16.96326,59.2445],[16.96978,59.24135],[16.97456,59.24038],[16.97568,59.23978],[16.97409,59.23714],[16.97132,59.2359],[16.97162,59.23133],[16.96997,59.2297],[16.97047,59.22807],[16.96471,59.22768],[16.95937,59.22835],[16.95165,59.23077],[16.9465,59.23101],[16.94377,59.23163],[16.93967,59.23429],[16.93798,59.23238],[16.93903,59.22903],[16.93813,59.22732],[16.93798,59.22335],[16.93641,59.22051],[16.93536,59.22013],[16.93497,59.21929],[16.93618,59.21807],[16.93588,59.21723],[16.93517,59.2171],[16.9352,59.21512]]}},{"type":"Feature","properties":{"name":"TET_S-14_20260801","country":"SE","lengthKm":293.3},"geometry":{"type":"LineString","coordinates":[[16.14604,60.63372],[16.13821,60.63138],[16.13387,60.6314],[16.12829,60.62953],[16.12561,60.62932],[16.11724,60.62576],[16.11351,60.62507],[16.10171,60.62741],[16.09727,60.62724],[16.08866,60.62973],[16.0816,60.62973],[16.07858,60.63106],[16.07521,60.63344],[16.07341,60.6355],[16.07463,60.63674],[16.07868,60.6391],[16.07952,60.64344],[16.08119,60.64522],[16.0748,60.64406],[16.06463,60.64537],[16.06062,60.64541],[16.04626,60.64447],[16.04055,60.64541],[16.03624,60.64543],[16.03506,60.64511],[16.03418,60.64288],[16.03126,60.642],[16.02727,60.64202],[16.01787,60.64073],[16.01247,60.64095],[16.00738,60.64056],[16.00262,60.6409],[15.99798,60.64067],[15.99071,60.63994],[15.98558,60.63882],[15.98283,60.63895],[15.97275,60.63784],[15.96955,60.63831],[15.96404,60.6402],[15.95605,60.64116],[15.95361,60.64198],[15.94921,60.64243],[15.94552,60.64337],[15.94369,60.64342],[15.93983,60.64273],[15.9353,60.64354],[15.91629,60.64189],[15.90773,60.64217],[15.9014,60.64071],[15.88263,60.64121],[15.8799,60.64028],[15.87445,60.63951],[15.87308,60.63884],[15.86376,60.63766],[15.85939,60.6379],[15.85488,60.63889],[15.85147,60.64045],[15.84855,60.64103],[15.84128,60.6435],[15.83662,60.64324],[15.83231,60.64438],[15.82868,60.64436],[15.82207,60.64567],[15.81845,60.64573],[15.81703,60.64612],[15.81606,60.64672],[15.81538,60.64889],[15.81205,60.65266],[15.80963,60.6535],[15.80394,60.65447],[15.79967,60.65365],[15.78199,60.65301],[15.7766,60.65266],[15.77615,60.65221],[15.77289,60.65228],[15.76999,60.65309],[15.76836,60.65305],[15.76281,60.65155],[15.76122,60.65005],[15.75918,60.64923],[15.75875,60.64807],[15.75588,60.64719],[15.7548,60.64721],[15.7463,60.65196],[15.74034,60.65262],[15.73712,60.65228],[15.7306,60.65311],[15.72438,60.65451],[15.71781,60.65659],[15.71483,60.65689],[15.70948,60.65841],[15.70219,60.65886],[15.70028,60.65951],[15.69796,60.66133],[15.69219,60.66165],[15.69182,60.66213],[15.69288,60.66363],[15.69324,60.66646],[15.69,60.67009],[15.68957,60.67341],[15.6909,60.67569],[15.68833,60.67959],[15.68534,60.67882],[15.68056,60.67843],[15.66768,60.67642],[15.6658,60.67631],[15.66565,60.67659],[15.66047,60.67717],[15.66047,60.67635],[15.66,60.67652],[15.66047,60.67717],[15.65586,60.67779],[15.64689,60.67614],[15.64442,60.67481],[15.64043,60.67075],[15.63893,60.66708],[15.63507,60.66522],[15.63144,60.66575],[15.62655,60.66462],[15.62408,60.66509],[15.62146,60.66498],[15.62028,60.66397],[15.61792,60.66447],[15.61425,60.66914],[15.61421,60.67243],[15.61271,60.675],[15.61267,60.67693],[15.60385,60.68436],[15.59775,60.69146],[15.59181,60.69195],[15.58956,60.69328],[15.58376,60.69519],[15.56941,60.69704],[15.56533,60.6989],[15.56012,60.69989],[15.55447,60.70199],[15.55398,60.70086],[15.55267,60.70028],[15.55156,60.69723],[15.5508,60.69676],[15.54731,60.69648],[15.5422,60.69693],[15.53973,60.69665],[15.53553,60.69573],[15.53436,60.69512],[15.53392,60.69371],[15.52767,60.69191],[15.52645,60.69109],[15.5216,60.69062],[15.51937,60.6891],[15.51295,60.68895],[15.50918,60.68633],[15.50606,60.68554],[15.50557,60.68273],[15.50435,60.68165],[15.50332,60.68228],[15.50023,60.68215],[15.49042,60.68427],[15.48598,60.68395],[15.48334,60.68202],[15.48034,60.6809],[15.47804,60.67704],[15.47285,60.67556],[15.46499,60.67511],[15.46145,60.67446],[15.45757,60.67455],[15.45435,60.67401],[15.45289,60.67326],[15.45182,60.67176],[15.44701,60.66921],[15.44442,60.66629],[15.43736,60.66691],[15.43395,60.66663],[15.42734,60.66511],[15.42397,60.66567],[15.415,60.66597],[15.41094,60.6665],[15.4073,60.6676],[15.40287,60.66992],[15.39672,60.67097],[15.39526,60.67092],[15.39322,60.67183],[15.39084,60.67163],[15.3841,60.67382],[15.38099,60.67661],[15.37485,60.67743],[15.37292,60.67723],[15.37015,60.67597],[15.36766,60.67577],[15.36329,60.67436],[15.35949,60.67451],[15.35756,60.67423],[15.35507,60.67474],[15.35108,60.67485],[15.34975,60.67309],[15.34402,60.67062],[15.34028,60.66977],[15.33277,60.6691],[15.32859,60.66813],[15.32548,60.6664],[15.32329,60.66318],[15.31973,60.66114],[15.31462,60.65728],[15.30968,60.65498],[15.30737,60.65479],[15.30511,60.65356],[15.29977,60.65247],[15.29338,60.65043],[15.29102,60.6512],[15.2884,60.65296],[15.27771,60.65086],[15.26964,60.65127],[15.25653,60.64975],[15.25404,60.65032],[15.25074,60.65232],[15.24806,60.65322],[15.24334,60.65333],[15.23512,60.65447],[15.23068,60.65419],[15.22527,60.65595],[15.22098,60.65603],[15.21776,60.65728],[15.21295,60.65762],[15.20778,60.65856],[15.2007,60.65824],[15.19667,60.65601],[15.19448,60.65547],[15.19729,60.65395],[15.19879,60.65226],[15.19916,60.65067],[15.20735,60.64781],[15.2133,60.6464],[15.21594,60.64492],[15.22212,60.6426],[15.22984,60.64063],[15.23136,60.6385],[15.23561,60.63599],[15.23529,60.62934],[15.23692,60.62721],[15.23602,60.62451],[15.23673,60.62232],[15.2354,60.62082],[15.23503,60.61743],[15.2334,60.61567],[15.23237,60.61264],[15.22497,60.60724],[15.22287,60.6046],[15.22254,60.60162],[15.21948,60.59863],[15.21853,60.5935],[15.22141,60.58917],[15.21993,60.58104],[15.22018,60.57735],[15.219,60.57608],[15.2148,60.57368],[15.21366,60.57117],[15.21173,60.56945],[15.20905,60.56829],[15.20776,60.569],[15.20613,60.57145],[15.20214,60.57539],[15.1986,60.57756],[15.19366,60.57913],[15.1874,60.58029],[15.18255,60.58029],[15.17731,60.58175],[15.17253,60.58254],[15.16667,60.58406],[15.1606,60.58707],[15.15227,60.58657],[15.14959,60.58675],[15.14498,60.58565],[15.14225,60.58614],[15.1342,60.58318],[15.12978,60.58288],[15.12646,60.58346],[15.11832,60.58329],[15.11264,60.58245],[15.11047,60.58166],[15.10852,60.58205],[15.10517,60.58346],[15.10354,60.58488],[15.09766,60.58666],[15.09659,60.58846],[15.09416,60.59016],[15.087,60.59067],[15.08185,60.58992],[15.07721,60.59093],[15.07414,60.59082],[15.07191,60.59151],[15.06996,60.59112],[15.07071,60.58904],[15.06934,60.58692],[15.06964,60.58647],[15.06642,60.58735],[15.06335,60.58758],[15.0611,60.58619],[15.05651,60.5811],[15.0517,60.58314],[15.04872,60.58355],[15.04359,60.58494],[15.03784,60.58572],[15.02752,60.58597],[15.02509,60.58559],[15.02376,60.58419],[15.01977,60.58503],[15.01732,60.58507],[15.01681,60.58316],[15.01915,60.57915],[15.01885,60.57406],[15.0152,60.57018],[15.01183,60.56896],[15.00698,60.56366],[15.00441,60.56233],[14.99992,60.56136],[14.99587,60.55881],[14.99561,60.55765],[14.99702,60.55439],[14.99544,60.55213],[14.98909,60.5496],[14.98561,60.54958],[14.97926,60.5505],[14.97351,60.54883],[14.97102,60.54744],[14.9628,60.54709],[14.95986,60.54587],[14.9581,60.54559],[14.95432,60.5463],[14.95098,60.54587],[14.94649,60.54364],[14.94437,60.54175],[14.93673,60.53892],[14.93636,60.53615],[14.93553,60.53533],[14.93169,60.53484],[14.9325,60.53269],[14.93132,60.53018],[14.93181,60.52482],[14.93134,60.52006],[14.93021,60.51881],[14.9295,60.51559],[14.93141,60.51255],[14.93666,60.51033],[14.94162,60.50497],[14.94967,60.50632],[14.95417,60.50836],[14.95713,60.50875],[14.9648,60.50392],[14.97559,60.5001],[14.97621,60.49909],[14.97548,60.49798],[14.96484,60.49388],[14.95542,60.49403],[14.95821,60.49231],[14.95922,60.49094],[14.95692,60.48959],[14.95625,60.48321],[14.94398,60.48113],[14.9295,60.47306],[14.92628,60.47306],[14.91976,60.47392],[14.91437,60.47323],[14.90881,60.47351],[14.90731,60.47411],[14.90413,60.47703],[14.90044,60.47789],[14.898,60.47804],[14.89229,60.4774],[14.88519,60.47566],[14.88083,60.47662],[14.87671,60.47684],[14.86899,60.47564],[14.85918,60.47555],[14.85463,60.4742],[14.8507,60.47424],[14.84759,60.47287],[14.8465,60.47197],[14.84532,60.46946],[14.84686,60.46251],[14.84536,60.4613],[14.83968,60.45894],[14.83613,60.45523],[14.83144,60.45388],[14.83358,60.45111],[14.8339,60.44712],[14.83551,60.44315],[14.83476,60.44186],[14.83553,60.43699],[14.83191,60.43289],[14.83199,60.43111],[14.83532,60.42792],[14.83538,60.42691],[14.83107,60.42403],[14.83079,60.42204],[14.83283,60.41976],[14.8321,60.41897],[14.82946,60.41777],[14.82796,60.41534],[14.82837,60.4144],[14.82772,60.41262],[14.82562,60.40959],[14.815,60.40148],[14.81654,60.39539],[14.81631,60.39322],[14.81558,60.39],[14.81193,60.38704],[14.81187,60.38567],[14.80028,60.38423],[14.79695,60.3812],[14.79401,60.38073],[14.78916,60.37863],[14.78657,60.37901],[14.78466,60.37854],[14.78401,60.37646],[14.78112,60.37408],[14.78168,60.37253],[14.78028,60.36891],[14.77786,60.36374],[14.77545,60.36114],[14.77451,60.35884],[14.77243,60.35736],[14.77256,60.35483],[14.77146,60.35337],[14.76856,60.3526],[14.75483,60.35228],[14.75187,60.35161],[14.7499,60.35069],[14.74801,60.34702],[14.74494,60.34479],[14.74342,60.34178],[14.74009,60.33893],[14.69649,60.31531],[14.68788,60.31232],[14.68473,60.31166],[14.68125,60.3096],[14.6793,60.30941],[14.67389,60.31018],[14.67093,60.30977],[14.66767,60.31123],[14.65739,60.31132],[14.65426,60.31067],[14.65153,60.30861],[14.64432,60.30617],[14.64334,60.30466],[14.64211,60.30432],[14.62424,60.30475],[14.60943,60.30659],[14.60583,60.30782],[14.59444,60.30981],[14.59218,60.31082],[14.58632,60.31612],[14.58394,60.3202],[14.57802,60.32443],[14.57075,60.32664],[14.56684,60.32702],[14.55935,60.32906],[14.55369,60.32846],[14.54598,60.32629],[14.53886,60.32704],[14.53635,60.32809],[14.53274,60.32829],[14.53272,60.32979],[14.52828,60.33653],[14.52277,60.34153],[14.51431,60.34599],[14.51189,60.34535],[14.50725,60.34584],[14.50601,60.34689],[14.50273,60.34786],[14.49998,60.34805],[14.4962,60.34899],[14.49339,60.34869],[14.48998,60.35041],[14.48232,60.35026],[14.47891,60.34925],[14.47614,60.34934],[14.47522,60.34902],[14.47356,60.34569],[14.46895,60.3405],[14.46721,60.33942],[14.46483,60.33872],[14.46187,60.3358],[14.45906,60.33565],[14.4543,60.33674],[14.45095,60.33554],[14.44539,60.33625],[14.44206,60.33563],[14.43282,60.33734],[14.42677,60.33612],[14.42305,60.33614],[14.41705,60.33539],[14.40645,60.32784],[14.3946,60.32492],[14.3907,60.32245],[14.38782,60.32194],[14.38323,60.32003],[14.37387,60.31966],[14.36892,60.31792],[14.36533,60.31543],[14.36042,60.31561],[14.35769,60.31458],[14.35344,60.31395],[14.34907,60.3138],[14.34645,60.31322],[14.34396,60.31211],[14.34111,60.30994],[14.3363,60.30786],[14.33246,60.3075],[14.32997,60.30683],[14.32606,60.3043],[14.32523,60.30426],[14.32115,60.30653],[14.31952,60.30649],[14.31652,60.30548],[14.31132,60.30451],[14.30802,60.30316],[14.30418,60.30254],[14.30214,60.30258],[14.28557,60.29758],[14.28435,60.29653],[14.28148,60.29526],[14.27315,60.2878],[14.26431,60.2849],[14.26369,60.28424],[14.25982,60.28333],[14.25877,60.28125],[14.25568,60.27889],[14.25459,60.27735],[14.25302,60.27636],[14.25013,60.27582],[14.24772,60.27306],[14.22635,60.26473],[14.22251,60.26284],[14.21869,60.26012],[14.21298,60.25919],[14.20927,60.25986],[14.20642,60.25922],[14.20217,60.25445],[14.19635,60.25265],[14.19356,60.25222],[14.18936,60.24958],[14.18316,60.24902],[14.17655,60.25149],[14.17067,60.25235],[14.16674,60.25181],[14.16078,60.25334],[14.15361,60.25366],[14.14747,60.2555],[14.14477,60.25694],[14.13979,60.25681],[14.13806,60.25723],[14.13528,60.25961],[14.13341,60.26009],[14.1327,60.25997],[14.13276,60.25851],[14.13067,60.25582],[14.13019,60.25296],[14.12597,60.25603],[14.11325,60.25449],[14.11047,60.25277],[14.10427,60.2502],[14.09743,60.24989],[14.09604,60.24953],[14.09351,60.24975],[14.09227,60.24895],[14.08965,60.24863],[14.08555,60.25056],[14.08381,60.2508],[14.08292,60.25008],[14.0819,60.24746],[14.07854,60.24486],[14.07574,60.24517],[14.074,60.24639],[14.07069,60.24764],[14.06891,60.24898],[14.06674,60.24905],[14.06468,60.24996],[14.06198,60.2502],[14.0605,60.25122],[14.05798,60.25197],[14.04895,60.25259],[14.04762,60.25154],[14.04519,60.25139],[14.04413,60.25013],[14.04079,60.24925],[14.03951,60.24732],[14.03606,60.24675],[14.03302,60.24825],[14.0298,60.24898],[14.02615,60.25121],[14.02315,60.25241],[14.01302,60.25533],[14.00654,60.25859],[13.99813,60.25932],[13.99388,60.25889],[13.98705,60.26143],[13.98088,60.26173],[13.97349,60.26306],[13.96525,60.26739],[13.96487,60.26915],[13.96285,60.2707],[13.95839,60.2704],[13.95397,60.27078],[13.95036,60.27035],[13.94337,60.27258],[13.94066,60.27507],[13.93856,60.27439],[13.93813,60.27022],[13.92642,60.27022],[13.92135,60.27082],[13.91088,60.27606],[13.90406,60.28009],[13.90208,60.28228],[13.89693,60.28542],[13.89311,60.28524],[13.88959,60.28572],[13.88762,60.28743],[13.87809,60.28786],[13.87552,60.28992],[13.86814,60.29198],[13.8623,60.28962],[13.85621,60.29211],[13.85174,60.29331],[13.84522,60.29396],[13.83505,60.29567],[13.83071,60.29511],[13.82818,60.29357],[13.82011,60.29117],[13.81638,60.29069],[13.80372,60.2919],[13.80007,60.2919],[13.79548,60.29095],[13.77956,60.29039],[13.77351,60.29344],[13.77119,60.29589],[13.76359,60.29911],[13.76059,60.30215],[13.75003,60.30413],[13.74694,60.30507],[13.73158,60.3034],[13.72952,60.3019],[13.72411,60.30181],[13.7172,60.30091],[13.71377,60.30164],[13.71197,60.30353],[13.69351,60.30529],[13.6851,60.30704],[13.68176,60.30812],[13.6754,60.30649],[13.67206,60.30241],[13.66871,60.29958],[13.66176,60.30065],[13.65519,60.30331],[13.65038,60.30413],[13.64785,60.30786],[13.63871,60.31044],[13.63502,60.31074],[13.63086,60.31044],[13.62562,60.31104],[13.6191,60.3143],[13.60953,60.31481],[13.60713,60.31593],[13.60678,60.32001],[13.61172,60.3282],[13.61343,60.33374],[13.61648,60.33481],[13.62082,60.33773],[13.62004,60.34159],[13.62455,60.34648],[13.62541,60.34854],[13.62421,60.35477],[13.62665,60.3561],[13.62627,60.35811],[13.62734,60.36279],[13.62618,60.36447],[13.62635,60.3667],[13.62858,60.36803],[13.63039,60.37172],[13.62987,60.37644],[13.62833,60.37846],[13.62631,60.3773],[13.62481,60.37562],[13.62133,60.37597],[13.61747,60.37519],[13.61082,60.37721],[13.6012,60.37704],[13.59545,60.37764],[13.59129,60.37923],[13.58459,60.38717],[13.57584,60.39103],[13.57451,60.39506],[13.57185,60.39961],[13.57176,60.4018],[13.57043,60.40446],[13.56644,60.40695],[13.56464,60.41017],[13.56438,60.41373],[13.55923,60.41965],[13.55631,60.42476],[13.5534,60.42596],[13.55112,60.42777],[13.54153,60.43095],[13.53408,60.42987],[13.5318,60.43019],[13.52677,60.4321],[13.52516,60.43437],[13.52232,60.43622],[13.52057,60.43884],[13.52022,60.44146],[13.5182,60.44425],[13.5155,60.4457],[13.51469,60.44922],[13.51314,60.45094],[13.51499,60.45287],[13.51507,60.45691],[13.51426,60.45879],[13.51511,60.46463],[13.51413,60.46648],[13.51636,60.4709],[13.51614,60.4733],[13.51387,60.47467],[13.50941,60.47871],[13.50846,60.4809],[13.50962,60.4839],[13.50966,60.48669],[13.50585,60.48823],[13.50606,60.49034],[13.50911,60.49227],[13.50748,60.49673],[13.50645,60.50609],[13.5046,60.51192],[13.50306,60.51377],[13.50001,60.51561],[13.50207,60.5187],[13.50176,60.51923],[13.49516,60.51609],[13.48387,60.5127],[13.47878,60.51237],[13.47393,60.51274],[13.46188,60.51519],[13.4562,60.51607],[13.4508,60.51638],[13.44567,60.51594],[13.44152,60.51512],[13.43864,60.51385],[13.43443,60.51763],[13.42628,60.51973],[13.42371,60.52098],[13.41722,60.52214],[13.41379,60.5236],[13.41306,60.52578],[13.40615,60.53063],[13.40431,60.53364],[13.40414,60.53574],[13.4022,60.53754],[13.39989,60.53905],[13.39538,60.54012],[13.38929,60.55059],[13.38671,60.55256],[13.38006,60.55471],[13.37804,60.55634],[13.37676,60.56102],[13.37731,60.56312],[13.37641,60.5654],[13.37663,60.56857],[13.37294,60.57351],[13.37066,60.57557],[13.36543,60.57655],[13.36341,60.57818],[13.35551,60.58037],[13.34895,60.58788],[13.34577,60.58883],[13.34307,60.59059],[13.34049,60.59333],[13.33972,60.59582],[13.33487,60.60106],[13.33302,60.60393],[13.32989,60.60505],[13.32551,60.60908],[13.3256,60.61106],[13.32474,60.61282],[13.32122,60.61462],[13.31015,60.62252],[13.30843,60.62466],[13.30801,60.62668],[13.30577,60.62917],[13.29921,60.63488],[13.295,60.63625],[13.28925,60.64346],[13.28552,60.64453],[13.28097,60.64376],[13.2747,60.64616],[13.26809,60.65629],[13.26041,60.65681],[13.25681,60.65814],[13.2544,60.65989],[13.25161,60.65904],[13.24775,60.65856],[13.24269,60.65904],[13.23874,60.65895],[13.23561,60.65788],[13.22767,60.65294],[13.22042,60.65131],[13.21668,60.65093],[13.20432,60.64612],[13.2,60.64503],[13.1981,60.64906],[13.19763,60.65179],[13.19567,60.65402],[13.19528,60.65948],[13.19354,60.66081],[13.19264,60.66234],[13.1886,60.66539],[13.19386,60.67627],[13.19224,60.67916],[13.19504,60.68245],[13.19568,60.68414],[13.20121,60.68784],[13.20278,60.68998],[13.2022,60.6917],[13.20243,60.69675],[13.20842,60.70031],[13.21137,60.70317],[13.2133,60.70615],[13.22202,60.71036],[13.22899,60.71882],[13.22914,60.71982],[13.23447,60.72296],[13.23746,60.72304],[13.24284,60.72123],[13.24496,60.72132],[13.25044,60.72274],[13.25433,60.72285],[13.25202,60.72615],[13.24293,60.7271],[13.24113,60.72793],[13.23941,60.72982],[13.23332,60.73194],[13.23139,60.73442],[13.22927,60.73569],[13.22488,60.73655],[13.22357,60.73722],[13.22308,60.741],[13.22107,60.74277],[13.21853,60.74681],[13.21189,60.75148],[13.20832,60.7553],[13.207,60.75819],[13.20144,60.76298],[13.19877,60.76742],[13.19314,60.77185],[13.19006,60.77524],[13.18839,60.78225],[13.18161,60.78769],[13.17713,60.79607]]}},{"type":"Feature","properties":{"name":"TET_S-15_20260801","country":"SE","lengthKm":983.3},"geometry":{"type":"LineString","coordinates":[[12.7259,60.55876],[12.72072,60.5605],[12.71642,60.56354],[12.71058,60.56663],[12.69192,60.56932],[12.67505,60.56869],[12.66754,60.56924],[12.65265,60.56784],[12.64622,60.56603],[12.63388,60.56442],[12.62826,60.56202],[12.61479,60.5576],[12.6106,60.55844],[12.59778,60.56267],[12.57321,60.56088],[12.57303,60.5617],[12.57086,60.56344],[12.57074,60.56813],[12.5683,60.57299],[12.57079,60.58161],[12.56138,60.58648],[12.55509,60.58833],[12.55237,60.59001],[12.54977,60.5937],[12.54906,60.59656],[12.54595,60.60134],[12.54668,60.60752],[12.5463,60.61037],[12.54761,60.6149],[12.54651,60.61999],[12.54851,60.62319],[12.54957,60.62341],[12.5545,60.62288],[12.55952,60.62364],[12.55986,60.62483],[12.56242,60.62721],[12.56981,60.63022],[12.57705,60.63103],[12.57918,60.63218],[12.58006,60.63432],[12.58179,60.63503],[12.58388,60.63513],[12.58782,60.63395],[12.59357,60.63609],[12.59485,60.63609],[12.59672,60.63528],[12.59935,60.63496],[12.60173,60.63639],[12.60728,60.63593],[12.61068,60.63518],[12.61287,60.63322],[12.61618,60.63339],[12.61687,60.63498],[12.61925,60.63699],[12.6201,60.63856],[12.62498,60.63994],[12.62572,60.64188],[12.62525,60.64541],[12.62343,60.65023],[12.61406,60.65464],[12.6121,60.65659],[12.61227,60.65966],[12.60671,60.6625],[12.60375,60.66353],[12.60129,60.66515],[12.5974,60.66665],[12.59563,60.6683],[12.59245,60.6697],[12.59272,60.6719],[12.59627,60.67403],[12.59845,60.67669],[12.60046,60.6779],[12.60062,60.68012],[12.60233,60.68264],[12.6026,60.68459],[12.59909,60.69021],[12.59543,60.69192],[12.59289,60.69508],[12.58788,60.69756],[12.58549,60.69955],[12.58821,60.70056],[12.58991,60.70211],[12.5936,60.70289],[12.59922,60.70322],[12.59771,60.70587],[12.59586,60.70715],[12.59356,60.71035],[12.58966,60.71289],[12.58784,60.71711],[12.58278,60.72111],[12.58295,60.72317],[12.582,60.72489],[12.58279,60.72636],[12.58194,60.72825],[12.58335,60.73059],[12.58329,60.73236],[12.57839,60.73879],[12.57613,60.74439],[12.57631,60.74682],[12.57154,60.75123],[12.56993,60.7541],[12.57038,60.75633],[12.57193,60.7582],[12.57154,60.75975],[12.5682,60.76195],[12.56348,60.76647],[12.56052,60.76835],[12.56046,60.77496],[12.56173,60.77797],[12.56078,60.78351],[12.55957,60.78629],[12.56025,60.78873],[12.56217,60.79088],[12.56297,60.79327],[12.56128,60.80034],[12.5573,60.80428],[12.55729,60.80677],[12.55891,60.80979],[12.55839,60.8113],[12.55377,60.81807],[12.54811,60.8212],[12.54124,60.82296],[12.53902,60.82439],[12.53981,60.82779],[12.53412,60.8374],[12.53424,60.84793],[12.53575,60.84945],[12.54079,60.85189],[12.54455,60.85805],[12.54981,60.86041],[12.55761,60.8628],[12.56024,60.86538],[12.56187,60.86605],[12.56522,60.86699],[12.57229,60.86705],[12.57458,60.86892],[12.58398,60.87146],[12.58726,60.87327],[12.5868,60.87434],[12.58196,60.87818],[12.57973,60.88712],[12.58453,60.89363],[12.58379,60.89473],[12.57763,60.89876],[12.57482,60.90123],[12.5801,60.89952],[12.596,60.89758],[12.59735,60.90062],[12.59404,60.90177],[12.59499,60.90355],[12.58755,60.90479],[12.57557,60.90872],[12.56561,60.91261],[12.55548,60.91879],[12.5507,60.91977],[12.54892,60.92104],[12.54837,60.92299],[12.54928,60.92681],[12.54906,60.93112],[12.55002,60.93295],[12.55057,60.93759],[12.54957,60.94073],[12.54701,60.94343],[12.54597,60.94553],[12.54658,60.94511],[12.54692,60.95178],[12.55054,60.95768],[12.55046,60.95968],[12.54558,60.96849],[12.54719,60.97258],[12.54188,60.97683],[12.54145,60.97816],[12.54308,60.97952],[12.5435,60.98122],[12.54285,60.98245],[12.54096,60.98372],[12.54072,60.98603],[12.54174,60.98799],[12.55287,60.99712],[12.55361,60.9989],[12.55478,60.99987],[12.55958,61.00248],[12.56122,61.00295],[12.57752,61.00178],[12.59059,60.99816],[12.59496,60.99813],[12.59902,60.99931],[12.59991,61.0027],[12.59576,61.00626],[12.59538,61.00798],[12.59286,61.01051],[12.59267,61.01139],[12.59575,61.01544],[12.60198,61.01825],[12.60201,61.02039],[12.60604,61.02623],[12.60631,61.02835],[12.60511,61.03088],[12.60848,61.03335],[12.61029,61.03547],[12.61011,61.0379],[12.60724,61.04042],[12.60817,61.03958],[12.60685,61.04099],[12.60717,61.04184],[12.617,61.04459],[12.6219,61.04513],[12.62535,61.04504],[12.62804,61.04432],[12.62997,61.04266],[12.63156,61.04217],[12.63394,61.04198],[12.63732,61.04238],[12.64072,61.04336],[12.64836,61.04856],[12.65042,61.04911],[12.65279,61.0489],[12.65297,61.04688],[12.65531,61.04521],[12.6559,61.04363],[12.65187,61.04098],[12.65768,61.04055],[12.66057,61.04511],[12.66333,61.04789],[12.67451,61.04899],[12.67764,61.04979],[12.67744,61.05264],[12.6782,61.0542],[12.67966,61.05611],[12.68327,61.05783],[12.68853,61.05879],[12.6932,61.05875],[12.69737,61.05953],[12.70048,61.05953],[12.70363,61.06051],[12.70925,61.06073],[12.71309,61.06497],[12.71514,61.06633],[12.71874,61.06776],[12.71911,61.06832],[12.7196,61.071],[12.71644,61.07433],[12.71491,61.07864],[12.72339,61.07871],[12.73261,61.08066],[12.7352,61.0816],[12.7514,61.09105],[12.75662,61.09252],[12.77779,61.10437],[12.78367,61.11224],[12.79967,61.12136],[12.80373,61.12265],[12.80699,61.12628],[12.81384,61.12887],[12.81253,61.13027],[12.81259,61.13229],[12.80918,61.13488],[12.80766,61.13683],[12.8074,61.14102],[12.81838,61.141],[12.82497,61.14151],[12.84969,61.14778],[12.87686,61.16123],[12.88175,61.16497],[12.88761,61.16818],[12.89149,61.17127],[12.89355,61.17402],[12.89093,61.1749],[12.88917,61.17632],[12.88529,61.18065],[12.88419,61.1832],[12.87967,61.18589],[12.87643,61.18859],[12.86808,61.19717],[12.86493,61.20507],[12.86533,61.20923],[12.86005,61.21674],[12.85267,61.22101],[12.85081,61.22279],[12.85076,61.22481],[12.85308,61.23127],[12.85173,61.23333],[12.84465,61.23786],[12.84291,61.23977],[12.8437,61.24543],[12.84282,61.25243],[12.84546,61.25938],[12.84529,61.26393],[12.84868,61.26758],[12.85224,61.27017],[12.84634,61.27127],[12.84452,61.27217],[12.84748,61.27346],[12.84898,61.27522],[12.85224,61.27685],[12.85508,61.28028],[12.86726,61.28483],[12.87362,61.2865],[12.87641,61.28839],[12.8825,61.29058],[12.88439,61.29204],[12.88589,61.29521],[12.89567,61.29951],[12.89979,61.30375],[12.9016,61.30435],[12.90512,61.30448],[12.90735,61.30414],[12.92082,61.30543],[12.92778,61.30517],[12.93293,61.30607],[12.93653,61.30762],[12.94511,61.30744],[12.94134,61.31076],[12.93915,61.31629],[12.94528,61.32431],[12.9482,61.32641],[12.94876,61.32753],[12.9482,61.33405],[12.95185,61.33873],[12.95477,61.34427],[12.96048,61.35096],[12.96271,61.35624],[12.96185,61.36178],[12.96657,61.36886],[12.9685,61.37233],[12.96861,61.37381],[12.9703,61.37391],[12.97378,61.37283],[12.97773,61.37091],[12.97893,61.37196],[12.9805,61.37233],[12.98471,61.3712],[12.98769,61.37223],[12.98968,61.3721],[12.99177,61.37248],[12.99481,61.37371],[12.99608,61.37496],[12.99623,61.37641],[13.00316,61.38249],[13.00347,61.38527],[13.0027,61.38611],[13.00131,61.38735],[12.9907,61.39302],[12.98524,61.39814],[12.98571,61.40029],[12.99052,61.40126],[12.99841,61.40091],[13.0097,61.40147],[13.01266,61.40216],[13.02004,61.40237],[13.03712,61.40671],[13.05317,61.40619],[13.05862,61.40662],[13.06257,61.40645],[13.06935,61.4046],[13.07308,61.40404],[13.07416,61.40486],[13.07596,61.40817],[13.0751,61.40943],[13.07519,61.4125],[13.07098,61.41478],[13.07176,61.4172],[13.07079,61.41995],[13.07918,61.42632],[13.0804,61.4292],[13.08015,61.43201],[13.08448,61.43619],[13.08506,61.43806],[13.08448,61.43973],[13.08761,61.44958],[13.08412,61.45606],[13.08542,61.45821],[13.08523,61.46048],[13.08111,61.46932],[13.07435,61.46917],[13.07244,61.46793],[13.07096,61.46775],[13.06804,61.46801],[13.06498,61.46956],[13.06257,61.46996],[13.03605,61.4716],[13.02908,61.47248],[13.02015,61.48421],[13.01554,61.48833],[13.01498,61.49129],[13.01588,61.49363],[13.0153,61.49604],[13.01279,61.49857],[13.00874,61.50589],[13.0047,61.50779],[13.00318,61.50917],[13.00067,61.51325],[12.99816,61.51492],[12.99646,61.51818],[12.99112,61.52393],[12.9905,61.52533],[12.98196,61.52736],[12.97771,61.53005],[12.97683,61.53269],[12.97406,61.53541],[12.97487,61.53698],[12.97427,61.5385],[12.9708,61.54131],[12.96717,61.54269],[12.96655,61.54569],[12.96342,61.54685],[12.96243,61.54805],[12.96024,61.54932],[12.96011,61.55084],[12.96151,61.5523],[12.96028,61.55434],[12.96166,61.55575],[12.96479,61.55698],[12.96556,61.55839],[12.97361,61.5606],[12.97717,61.56088],[12.98133,61.55987],[12.98136,61.56013],[12.97977,61.56251],[12.97809,61.56346],[12.96552,61.57444],[12.96166,61.57985],[12.95977,61.58082],[12.9582,61.58266],[12.9532,61.58384],[12.94067,61.58221],[12.93887,61.58127],[12.9364,61.58105],[12.93488,61.58045],[12.93389,61.57835],[12.93194,61.57764],[12.92022,61.57998],[12.91703,61.58157],[12.91655,61.5835],[12.9155,61.58461],[12.91024,61.588],[12.90342,61.59474],[12.89881,61.5971],[12.8954,61.59929],[12.89353,61.60141],[12.89093,61.60272],[12.89136,61.60489],[12.89544,61.6085],[12.8954,61.60897],[12.89235,61.61129],[12.89151,61.61309],[12.88728,61.6145],[12.88308,61.61813],[12.88203,61.62025],[12.87935,61.62154],[12.87621,61.62285],[12.87291,61.62294],[12.86892,61.62111],[12.86548,61.62015],[12.86312,61.61983],[12.85654,61.6201],[12.85109,61.62141],[12.84606,61.62407],[12.80999,61.63461],[12.80218,61.63562],[12.79999,61.63751],[12.79742,61.63772],[12.7863,61.64021],[12.78392,61.64279],[12.7815,61.64373],[12.77845,61.64407],[12.77137,61.64592],[12.76613,61.65083],[12.76077,61.65128],[12.75946,61.65169],[12.75603,61.65366],[12.75386,61.65581],[12.74453,61.66006],[12.74285,61.66147],[12.73811,61.6633],[12.73506,61.66499],[12.73178,61.66598],[12.72712,61.66866],[12.72545,61.66883],[12.72281,61.67006],[12.71871,61.67289],[12.71571,61.67974],[12.71442,61.68079],[12.71247,61.68956],[12.71084,61.69177],[12.70803,61.69325],[12.70582,61.69546],[12.70715,61.69705],[12.70337,61.70169],[12.70374,61.70748],[12.69816,61.71089],[12.69771,61.71323],[12.69301,61.71501],[12.68869,61.71829],[12.68762,61.72132],[12.6859,61.72256],[12.68438,61.7266],[12.68481,61.72965],[12.68569,61.73007],[12.68848,61.73031],[12.69269,61.73196],[12.69854,61.73269],[12.71204,61.73126],[12.71856,61.72823],[12.72275,61.72771],[12.74702,61.74033],[12.74657,61.74445],[12.74837,61.74479],[12.76105,61.74327],[12.7677,61.74703],[12.7721,61.74692],[12.7768,61.74625],[12.78764,61.74709],[12.78978,61.74756],[12.79096,61.74844],[12.79324,61.752],[12.79448,61.75593],[12.80278,61.75861],[12.81274,61.75902],[12.80733,61.76883],[12.81111,61.77398],[12.80158,61.77951],[12.8107,61.78205],[12.81145,61.78262],[12.80045,61.78612],[12.79675,61.78662],[12.78976,61.7891],[12.78579,61.79245],[12.78186,61.79398],[12.77809,61.79516],[12.7715,61.79631],[12.76873,61.79752],[12.76287,61.79859],[12.75892,61.80041],[12.75489,61.80106],[12.75041,61.80312],[12.74234,61.80438],[12.74305,61.80531],[12.74266,61.80599],[12.7406,61.8067],[12.73397,61.81065],[12.72848,61.81288],[12.72273,61.81681],[12.72073,61.82088],[12.72088,61.82363],[12.71843,61.82689],[12.7191,61.82807],[12.71655,61.83095],[12.71723,61.83228],[12.71964,61.83365],[12.72075,61.8353],[12.71846,61.8394],[12.71884,61.84112],[12.71695,61.84268],[12.71758,61.84419],[12.72099,61.84678],[12.72,61.84859],[12.72125,61.84972],[12.71936,61.85144],[12.71573,61.85153],[12.71324,61.85097],[12.71131,61.85116],[12.71039,61.85172],[12.7126,61.8535],[12.71206,61.8571],[12.7126,61.85725],[12.70974,61.85972],[12.70865,61.86142],[12.70266,61.86419],[12.70241,61.86764],[12.70071,61.86966],[12.69981,61.87247],[12.69839,61.87281],[12.69269,61.87238],[12.68929,61.87346],[12.68764,61.87474],[12.68687,61.87732],[12.68726,61.87895],[12.69095,61.88167],[12.68908,61.88341],[12.68929,61.88676],[12.68814,61.88908],[12.68811,61.8912],[12.68563,61.89616],[12.68382,61.90397],[12.6846,61.90993],[12.68337,61.91062],[12.67762,61.91098],[12.67468,61.91208],[12.67284,61.91416],[12.67385,61.91665],[12.66953,61.92279],[12.66239,61.92639],[12.65985,61.9286],[12.6588,61.93135],[12.65361,61.93362],[12.65284,61.93478],[12.65385,61.93851],[12.65711,61.9418],[12.65608,61.94439],[12.65634,61.94944],[12.65958,61.95467],[12.66073,61.95785],[12.66219,61.96617],[12.66436,61.97034],[12.66773,61.97201],[12.67232,61.97555],[12.67187,61.97819],[12.67045,61.97967],[12.67084,61.98109],[12.66998,61.98201],[12.67148,61.98334],[12.67151,61.98703],[12.6693,61.99209],[12.66721,61.99428],[12.66902,61.99857],[12.6641,62.00276],[12.66374,62.0054],[12.66245,62.00656],[12.66164,62.00911],[12.6629,62.01025],[12.66694,62.01147],[12.67103,62.01493],[12.67346,62.0155],[12.67481,62.01763],[12.68305,62.02128],[12.68882,62.02587],[12.69578,62.0298],[12.6982,62.03422],[12.70103,62.03763],[12.71266,62.04666],[12.71882,62.04982],[12.72339,62.05089],[12.72777,62.05245],[12.7418,62.05763],[12.74348,62.05866],[12.74429,62.06044],[12.74146,62.06831],[12.74182,62.07342],[12.74358,62.07758],[12.7468,62.07915],[12.74946,62.08503],[12.75187,62.0873],[12.75946,62.08947],[12.77388,62.09172],[12.81999,62.09398],[12.844,62.09833],[12.84778,62.10099],[12.846,62.10554],[12.84692,62.10717],[12.87387,62.12593],[12.91537,62.13157],[12.94513,62.14163],[12.94962,62.14382],[12.95642,62.14455],[12.95915,62.1444],[12.95998,62.14599],[12.96247,62.14728],[12.95805,62.14992],[12.9547,62.15434],[12.95181,62.15524],[12.94286,62.16131],[12.94357,62.16378],[12.94037,62.16781],[12.94033,62.17009],[12.93846,62.17247],[12.94024,62.17818],[12.9385,62.18092],[12.93865,62.18191],[12.94389,62.18884],[12.94488,62.19236],[12.94698,62.19465],[12.94677,62.19813],[12.94938,62.2009],[12.95528,62.20362],[12.95524,62.20478],[12.95325,62.20674],[12.95202,62.21547],[12.95355,62.21736],[12.95277,62.21955],[12.95314,62.2224],[12.95207,62.22517],[12.9528,62.22794],[12.95518,62.22978],[12.95537,62.23128],[12.95374,62.23382],[12.95271,62.24017],[12.95305,62.24276],[12.94376,62.25137],[12.93754,62.25444],[12.93756,62.25559],[12.94069,62.25963],[12.93874,62.2612],[12.93228,62.26302],[12.92149,62.26407],[12.91065,62.26707],[12.90207,62.26821],[12.89707,62.26941],[12.89179,62.27212],[12.89044,62.27403],[12.8855,62.27641],[12.88136,62.27752],[12.87892,62.27864],[12.86634,62.28085],[12.85441,62.28145],[12.84551,62.28364],[12.84297,62.28471],[12.83789,62.28536],[12.83473,62.2878],[12.82879,62.28875],[12.82643,62.28973],[12.82012,62.29038],[12.818,62.29096],[12.80407,62.29838],[12.80068,62.30362],[12.80903,62.31001],[12.81023,62.31218],[12.8086,62.31531],[12.80886,62.32338],[12.80817,62.32808],[12.80609,62.33211],[12.80012,62.33655],[12.79939,62.34014],[12.79688,62.34462],[12.79508,62.34595],[12.79547,62.34715],[12.79435,62.34872],[12.79504,62.35042],[12.79334,62.35196],[12.7933,62.35348],[12.79416,62.35475],[12.79364,62.35619],[12.79412,62.35816],[12.79276,62.36016],[12.79459,62.3617],[12.79439,62.36224],[12.7927,62.36363],[12.78852,62.36557],[12.78356,62.36651],[12.78092,62.3666],[12.7756,62.36838],[12.77197,62.36883],[12.76714,62.37168],[12.76504,62.37243],[12.75766,62.37878],[12.7447,62.38318],[12.74058,62.38715],[12.73966,62.38917],[12.7306,62.39421],[12.7268,62.39913],[12.72127,62.40187],[12.71888,62.40423],[12.71573,62.40618],[12.71397,62.40833],[12.71397,62.40936],[12.7115,62.41142],[12.70324,62.41533],[12.70148,62.41661],[12.69292,62.42011],[12.68713,62.42522],[12.68211,62.42799],[12.68088,62.42917],[12.67797,62.43644],[12.68071,62.43938],[12.67912,62.44116],[12.67951,62.44277],[12.69309,62.43947],[12.70002,62.43884],[12.70612,62.43917],[12.71054,62.4402],[12.71487,62.43998],[12.71783,62.44086],[12.72352,62.44135],[12.72627,62.44286],[12.72633,62.44444],[12.72476,62.44565],[12.70919,62.45361],[12.69623,62.46461],[12.69108,62.46783],[12.63728,62.49332],[12.62535,62.50193],[12.60992,62.50927],[12.60321,62.5147],[12.59297,62.52122],[12.58896,62.52313],[12.55952,62.53416],[12.55731,62.53624],[12.549,62.54137],[12.54847,62.5419],[12.54937,62.54233],[12.54853,62.54444],[12.54896,62.54506],[12.55443,62.54605],[12.55785,62.5471],[12.56512,62.55201],[12.56742,62.55484],[12.56808,62.55712],[12.56514,62.56263],[12.56548,62.56654],[12.56377,62.56828],[12.5669,62.56971],[12.56905,62.57154],[12.57456,62.57246],[12.58061,62.5757],[12.58413,62.57632],[12.58533,62.57735],[12.59454,62.58205],[12.59694,62.58518],[12.60153,62.58724],[12.60458,62.58918],[12.60973,62.594],[12.61226,62.59759],[12.62067,62.60317],[12.62155,62.60525],[12.62166,62.60812],[12.62299,62.61018],[12.62162,62.61368],[12.62327,62.61516],[12.62702,62.61615],[12.62902,62.61741],[12.6296,62.6184],[12.62904,62.62218],[12.63252,62.62518],[12.63333,62.62819],[12.63599,62.62934],[12.64571,62.6314],[12.64795,62.63505],[12.65383,62.63739],[12.65655,62.63975],[12.65676,62.64145],[12.65966,62.64638],[12.66264,62.6487],[12.66481,62.65166],[12.66481,62.65282],[12.66331,62.65486],[12.66458,62.65623],[12.66515,62.65831],[12.66863,62.65945],[12.67024,62.66082],[12.67352,62.66217],[12.67436,62.66443],[12.674,62.66514],[12.67168,62.66632],[12.6726,62.66878],[12.67013,62.67144],[12.66887,62.67441],[12.66863,62.67812],[12.66696,62.68177],[12.66275,62.68644],[12.66337,62.68872],[12.66775,62.69144],[12.67226,62.69215],[12.67777,62.69468],[12.73245,62.73056],[12.74637,62.74618],[12.75017,62.75238],[12.75472,62.75601],[12.75841,62.75779],[12.76362,62.76124],[12.76637,62.76504],[12.76622,62.76796],[12.76701,62.76987],[12.7659,62.77292],[12.76568,62.78251],[12.7627,62.78629],[12.76571,62.79036],[12.76135,62.795],[12.76156,62.79613],[12.76603,62.79944],[12.77324,62.80096],[12.77751,62.80422],[12.78843,62.8044],[12.80169,62.80764],[12.80375,62.80948],[12.8089,62.81161],[12.81433,62.81635],[12.81478,62.81759],[12.81141,62.82763],[12.80562,62.83208],[12.80553,62.83457],[12.80384,62.83703],[12.79725,62.84045],[12.79564,62.84242],[12.79058,62.84579],[12.78656,62.84946],[12.78701,62.85096],[12.79113,62.85287],[12.81418,62.84956],[12.81877,62.84789],[12.82456,62.8433],[12.82879,62.8412],[12.83482,62.83957],[12.83939,62.83693],[12.8437,62.83553],[12.84793,62.83324],[12.85933,62.83072],[12.86353,62.83017],[12.8804,62.82995],[12.89258,62.82905],[12.90185,62.82877],[12.90898,62.82772],[12.9225,62.82246],[12.92355,62.82081],[12.92299,62.8177],[12.92456,62.81618],[12.93256,62.81461],[12.93865,62.81407],[12.94473,62.81133],[12.94745,62.81064],[12.94668,62.80982],[12.94486,62.8092],[12.9435,62.80774],[12.95026,62.80362],[12.95196,62.80319],[12.9617,62.80238],[12.97211,62.80317],[12.98146,62.80334],[12.98844,62.80251],[12.99279,62.80019],[12.99962,62.79772],[13.00592,62.79414],[13.01646,62.78993],[13.0226,62.78805],[13.0286,62.78747],[13.03712,62.78581],[13.04663,62.78528],[13.05122,62.78416],[13.05568,62.7821],[13.05854,62.78172],[13.06633,62.78227],[13.07843,62.78586],[13.08246,62.78609],[13.08673,62.78558],[13.0913,62.78405],[13.09645,62.78378],[13.1045,62.78268],[13.11731,62.78219],[13.13175,62.78045],[13.13699,62.77813],[13.14083,62.77723],[13.1522,62.77633],[13.16046,62.77483],[13.17085,62.77487],[13.17666,62.77549],[13.18282,62.77517],[13.18694,62.7756],[13.19776,62.77339],[13.20726,62.77354],[13.2102,62.77328],[13.21844,62.77107],[13.22063,62.77161],[13.22479,62.77416],[13.22769,62.77665],[13.22848,62.77813],[13.23041,62.77938],[13.23672,62.78159],[13.24584,62.7839],[13.25468,62.78412],[13.26794,62.78296],[13.27681,62.78154],[13.2962,62.78169],[13.30065,62.7824],[13.30198,62.78305],[13.30333,62.78549],[13.30582,62.78717],[13.32208,62.79495],[13.32425,62.7959],[13.32985,62.79669],[13.33208,62.7974],[13.33474,62.79905],[13.3388,62.80343],[13.34489,62.80684],[13.3459,62.80843],[13.34704,62.80895],[13.35654,62.80903],[13.38654,62.8118],[13.3933,62.81167],[13.40072,62.81023],[13.40379,62.8101],[13.408,62.81051],[13.42446,62.81025],[13.44353,62.81128],[13.45372,62.81373],[13.45776,62.81386],[13.46203,62.81201],[13.46797,62.81079],[13.47164,62.80955],[13.47812,62.80858],[13.49357,62.80414],[13.50177,62.80285],[13.50464,62.8018],[13.51001,62.79886],[13.51885,62.79716],[13.52514,62.79335],[13.52964,62.7915],[13.53567,62.79043],[13.54346,62.79],[13.55041,62.79021],[13.55417,62.78978],[13.55921,62.7883],[13.57193,62.78345],[13.57687,62.78221],[13.5815,62.7794],[13.5864,62.77429],[13.60801,62.76594],[13.61004,62.76455],[13.61391,62.76049],[13.6162,62.75914],[13.6244,62.757],[13.63908,62.75144],[13.65107,62.75045],[13.65468,62.74983],[13.66652,62.74552],[13.67298,62.74416],[13.67536,62.74328],[13.68231,62.73792],[13.68497,62.73369],[13.68701,62.73211],[13.69894,62.72507],[13.70197,62.72374],[13.70441,62.72168],[13.71222,62.71758],[13.71478,62.71683],[13.72046,62.71601],[13.73008,62.71144],[13.74372,62.70816],[13.75261,62.70689],[13.75636,62.70503],[13.7589,62.70569],[13.76053,62.70754],[13.76458,62.70876],[13.76904,62.70934],[13.77164,62.71234],[13.77005,62.71513],[13.76482,62.71659],[13.761,62.7185],[13.75551,62.72045],[13.74703,62.72241],[13.74561,62.72311],[13.75353,62.72726],[13.75381,62.72923],[13.75218,62.73305],[13.75089,62.7338],[13.75027,62.73511],[13.74767,62.73683],[13.74975,62.74107],[13.7448,62.74395],[13.7451,62.74509],[13.72898,62.74992],[13.72405,62.7509],[13.71677,62.75311],[13.7127,62.75644],[13.71662,62.75884],[13.72044,62.76236],[13.72323,62.76352],[13.72531,62.76378],[13.72465,62.76431],[13.72823,62.76457],[13.73976,62.75515],[13.75422,62.75022],[13.75864,62.74934],[13.76263,62.74916],[13.79237,62.75097],[13.80299,62.75255],[13.81042,62.75519],[13.82044,62.7562],[13.82136,62.75794],[13.82348,62.75955],[13.82301,62.76298],[13.82393,62.76466],[13.82391,62.76652],[13.82494,62.76738],[13.82846,62.76856],[13.82945,62.76961],[13.82668,62.77448],[13.82713,62.77736],[13.82488,62.77993],[13.82419,62.78182],[13.82486,62.78395],[13.82365,62.78768],[13.82318,62.78839],[13.82037,62.78989],[13.81934,62.79124],[13.81546,62.79244],[13.81325,62.79416],[13.80872,62.79541],[13.80381,62.79792],[13.80196,62.80204],[13.802,62.80405],[13.8037,62.80678],[13.80872,62.81015],[13.80855,62.81158],[13.8096,62.81377],[13.80911,62.81821],[13.80956,62.82178],[13.81908,62.82731],[13.82181,62.83038],[13.82198,62.83137],[13.82026,62.83324],[13.81874,62.83699],[13.81896,62.83781],[13.82061,62.8389],[13.83511,62.8422],[13.84151,62.84463],[13.85073,62.84733],[13.85331,62.84774],[13.86202,62.84789],[13.86539,62.84843],[13.87438,62.85208],[13.87972,62.8522],[13.89558,62.85486],[13.91824,62.85517],[13.94066,62.85802],[13.94298,62.85892],[13.94813,62.86323],[13.95635,62.86836],[13.96356,62.87122],[13.97163,62.87645],[13.9836,62.88049],[13.99497,62.88203],[14.01083,62.88769],[14.03918,62.89166],[14.04842,62.89413],[14.05147,62.89536],[14.05862,62.90048],[14.06389,62.90312],[14.07291,62.90557],[14.08447,62.90971],[14.08825,62.91177],[14.0902,62.91231],[14.1019,62.91237],[14.11711,62.91439],[14.12282,62.91565],[14.12735,62.91621],[14.1529,62.91495],[14.1579,62.91368],[14.17148,62.91173],[14.18337,62.91329],[14.1879,62.91325],[14.21114,62.9108],[14.21354,62.91033],[14.21843,62.90844],[14.22599,62.9075],[14.2374,62.90802],[14.2456,62.90668],[14.25802,62.90658],[14.26957,62.9081],[14.28066,62.90819],[14.29098,62.90677],[14.29697,62.90482],[14.29873,62.90467],[14.30092,62.90523],[14.30216,62.90759],[14.30313,62.90797],[14.30671,62.90823],[14.31343,62.9063],[14.31506,62.9125],[14.3181,62.91587],[14.306,62.91904],[14.3042,62.92321],[14.29853,62.92555],[14.28909,62.93085],[14.28635,62.93291],[14.27227,62.9393],[14.26465,62.95509],[14.2663,62.9631],[14.2674,62.964],[14.26697,62.96548],[14.26279,62.96511],[14.24397,62.96033],[14.24262,62.96024],[14.23774,62.96104],[14.23523,62.96361],[14.22006,62.97363],[14.21517,62.97868],[14.20981,62.97994],[14.20137,62.98325],[14.19376,62.984],[14.18966,62.98567],[14.17215,62.99001],[14.16136,62.99196],[14.15007,62.99824],[14.14142,63.00078],[14.13571,63.00191],[14.13312,63.00397],[14.11164,63.01144],[14.10426,63.01258],[14.101,63.01359],[14.08975,63.01833],[14.07533,63.02736],[14.07295,63.02835],[14.06535,63.02794],[14.05269,63.03082],[14.04233,63.03489],[14.0393,63.03695],[14.03724,63.03777],[14.0331,63.03852],[14.03044,63.03856],[14.02521,63.03706],[14.02265,63.03691],[14.0187,63.03788],[14.01167,63.04255],[14.00705,63.04307],[14.00057,63.04243],[13.99446,63.04348],[13.98789,63.04309],[13.97989,63.04382],[13.97418,63.04279],[13.96912,63.04326],[13.96708,63.04268],[13.96594,63.0409],[13.96444,63.03996],[13.96021,63.04393],[13.95925,63.04601],[13.9636,63.05185],[13.96296,63.05715],[13.9591,63.06564],[13.95856,63.07146],[13.96058,63.07566],[13.96004,63.07725],[13.95566,63.07974],[13.95322,63.08056],[13.94416,63.08013],[13.93549,63.08088],[13.91828,63.08483],[13.91112,63.08792],[13.90592,63.08957],[13.89513,63.09468],[13.89275,63.09667],[13.87674,63.10083],[13.87284,63.10285],[13.86726,63.10493],[13.86625,63.1062],[13.86689,63.10781],[13.87219,63.10794],[13.87565,63.10918],[13.87756,63.11088],[13.86217,63.11665],[13.85601,63.12012],[13.85157,63.12362],[13.85011,63.12768],[13.852,63.13199],[13.85048,63.13461],[13.85449,63.13832],[13.85576,63.14027],[13.85286,63.14418],[13.84878,63.14744],[13.83908,63.15242],[13.82576,63.15675],[13.81042,63.16068],[13.80936,63.16128],[13.81048,63.16263],[13.8125,63.16313],[13.82561,63.16323],[13.82816,63.16478],[13.83393,63.16667],[13.81587,63.1745],[13.80112,63.17724],[13.79235,63.18025],[13.78784,63.18115],[13.78424,63.1813],[13.7814,63.18104],[13.77701,63.17973],[13.77492,63.1795],[13.76035,63.18012],[13.75265,63.17956],[13.74278,63.18115],[13.73626,63.18166],[13.72628,63.18368],[13.71967,63.18392],[13.71143,63.18235],[13.70725,63.18237],[13.69403,63.1837],[13.67373,63.18201],[13.66062,63.18218],[13.65729,63.18175],[13.65049,63.17948],[13.64888,63.17937],[13.64684,63.17969],[13.63966,63.18242],[13.62642,63.18372],[13.61792,63.18014],[13.61361,63.179],[13.60865,63.17879],[13.60725,63.17842],[13.59959,63.17469],[13.58966,63.17315],[13.58792,63.17225],[13.5855,63.16988],[13.57859,63.16866],[13.57625,63.1686],[13.57417,63.16918],[13.57082,63.17027],[13.56822,63.17255],[13.56043,63.17409],[13.55835,63.17415],[13.55247,63.17315],[13.54666,63.17418],[13.54237,63.17351],[13.53702,63.17383],[13.53365,63.17469],[13.50449,63.16817],[13.501,63.16802],[13.49136,63.16922],[13.48876,63.17128],[13.48557,63.17274],[13.48222,63.1763],[13.47904,63.17752],[13.47634,63.17789],[13.46329,63.17812],[13.4601,63.17965],[13.45705,63.1825],[13.44546,63.18589],[13.43866,63.19005],[13.43566,63.19124],[13.42313,63.19192],[13.41815,63.19257],[13.41004,63.19117],[13.40819,63.19162],[13.40487,63.19392],[13.40023,63.19486],[13.3971,63.19478],[13.39167,63.19362],[13.3889,63.1937],[13.37448,63.1966],[13.36886,63.19885],[13.36476,63.20207],[13.34805,63.20714],[13.34536,63.20765],[13.33169,63.20868],[13.31794,63.20806],[13.30951,63.20726],[13.30019,63.2078],[13.29022,63.20641],[13.2797,63.20214],[13.27378,63.20048],[13.26563,63.19718],[13.26157,63.19265],[13.26003,63.19177],[13.24777,63.18875],[13.23552,63.18838],[13.23123,63.18696],[13.22243,63.18578],[13.2181,63.18634],[13.21149,63.18879],[13.20898,63.18881],[13.2046,63.18746],[13.19964,63.18778],[13.1899,63.19093],[13.18726,63.1913],[13.1795,63.19031],[13.17177,63.19008],[13.16139,63.18776],[13.15679,63.18574],[13.14244,63.18302],[13.12677,63.18111],[13.12452,63.18109],[13.12257,63.18162],[13.12072,63.18357],[13.1274,63.18624],[13.13338,63.19237],[13.14705,63.19939],[13.16044,63.20443],[13.16222,63.2057],[13.16233,63.20707],[13.15965,63.21151],[13.16372,63.21602],[13.16467,63.22031],[13.16409,63.22196],[13.15984,63.22685],[13.15933,63.22819],[13.16205,63.23143],[13.16312,63.2322],[13.16789,63.2337],[13.17078,63.23522],[13.17529,63.23855],[13.18149,63.24436],[13.1893,63.24542],[13.20001,63.24896],[13.20773,63.25572],[13.21123,63.2575],[13.21372,63.25951],[13.21548,63.26344],[13.21855,63.26625],[13.22076,63.27031],[13.22844,63.27578],[13.23552,63.27913],[13.23739,63.28131],[13.23711,63.28357],[13.23305,63.28814],[13.23061,63.29732],[13.22835,63.2987],[13.22331,63.30028],[13.22138,63.30226],[13.22222,63.30432],[13.22604,63.30687],[13.23604,63.31605],[13.23095,63.31859],[13.23402,63.32047],[13.23144,63.32376],[13.23256,63.32517],[13.22175,63.33039],[13.20501,63.34064],[13.19576,63.34378],[13.19181,63.3461],[13.18527,63.35459],[13.18252,63.3573],[13.16894,63.36659],[13.15832,63.37601],[13.15435,63.37826],[13.15094,63.37937],[13.15377,63.37869],[13.14737,63.38354],[13.14885,63.38371],[13.15396,63.38197],[13.15265,63.38457],[13.15336,63.38781],[13.15192,63.39004],[13.14645,63.39204],[13.14484,63.39326],[13.14415,63.39461],[13.14506,63.39637],[13.14873,63.39886],[13.16158,63.40109],[13.16452,63.40223],[13.17147,63.40633],[13.18198,63.40869],[13.19052,63.4086],[13.19374,63.40796],[13.1966,63.40656],[13.20074,63.40238],[13.20651,63.39935],[13.21391,63.39972],[13.22486,63.39849],[13.22683,63.39886],[13.23518,63.40197],[13.23595,63.40819],[13.23443,63.41184],[13.22992,63.41545],[13.22434,63.4186],[13.21971,63.42057],[13.21748,63.42257],[13.2163,63.4274],[13.21074,63.43572],[13.21153,63.43881],[13.21265,63.44023],[13.21469,63.44141],[13.21994,63.44289],[13.22591,63.44731],[13.20771,63.45195],[13.20024,63.45815],[13.19308,63.4627],[13.17589,63.46817],[13.16922,63.47139],[13.16179,63.47317],[13.15999,63.47566],[13.1557,63.47883],[13.14619,63.48394],[13.12853,63.48847],[13.12737,63.48913],[13.12278,63.49482],[13.11319,63.4981],[13.10789,63.50083],[13.09362,63.50411],[13.08564,63.50883],[13.07605,63.51319],[13.05998,63.51604],[13.05137,63.5163],[13.0424,63.51767],[13.03609,63.52001],[13.02712,63.52213],[13.02105,63.52643],[13.01843,63.52754],[12.99867,63.53112],[12.98425,63.53293],[12.97541,63.53535],[12.96839,63.53795],[12.96187,63.54228],[12.96039,63.54664],[12.95395,63.55207],[12.9499,63.55825],[12.94353,63.56144],[12.9408,63.56331],[12.94097,63.56477],[12.93956,63.56668],[12.93436,63.56917],[12.92874,63.57443],[12.92348,63.57769],[12.92046,63.5823],[12.91801,63.58333],[12.91651,63.58603],[12.9167,63.58713],[12.91481,63.58865],[12.91462,63.59125],[12.91649,63.5926],[12.91458,63.59599],[12.91677,63.59919],[12.91754,63.60245],[12.91346,63.60575],[12.91044,63.60681],[12.90984,63.60779],[12.9105,63.60906],[12.91273,63.61035],[12.9122,63.61303],[12.91273,63.6144],[12.91904,63.61794],[12.91934,63.61878],[12.91846,63.61974],[12.9096,63.62507],[12.90303,63.6271],[12.89567,63.63339],[12.8919,63.63749],[12.87829,63.64446],[12.87628,63.64715],[12.86802,63.65406],[12.86308,63.65618],[12.84789,63.66086],[12.82525,63.66504],[12.81907,63.66736],[12.81381,63.66869],[12.81345,63.67015],[12.8148,63.67154],[12.81611,63.67575],[12.82937,63.67386],[12.83004,63.67435],[12.83913,63.6733],[12.8519,63.67141],[12.8646,63.67225],[12.87128,63.67339],[12.87902,63.67414],[12.88664,63.67581],[12.89535,63.67985],[12.90112,63.68159],[12.90203,63.68251],[12.90196,63.68442],[12.90741,63.68757],[12.91224,63.68892],[12.92363,63.68976],[12.92526,63.69015],[12.92754,63.69206],[12.93363,63.6944],[12.93694,63.69678],[12.93771,63.69884],[12.94488,63.70085],[12.94754,63.70122],[12.95022,63.70409],[12.94865,63.70631],[12.94949,63.70813],[12.95159,63.70907],[12.95584,63.71004],[12.95756,63.71096],[12.96039,63.71444],[12.96649,63.71699],[12.96779,63.7186],[12.96812,63.72163],[12.96992,63.72461],[12.97217,63.72652],[12.97417,63.72727],[12.97872,63.72806],[12.98769,63.72738],[12.99127,63.72755],[12.99919,63.72969],[13.00494,63.73235],[13.01882,63.73716],[13.02691,63.73735],[13.03757,63.73935],[13.04395,63.73933],[13.04708,63.73888],[13.05154,63.73759],[13.05811,63.7348],[13.0621,63.73433],[13.06448,63.73446],[13.06901,63.73566],[13.07364,63.73765],[13.07869,63.74171],[13.0801,63.74476],[13.08302,63.74559],[13.08764,63.74566],[13.08806,63.74377],[13.09791,63.74094],[13.10193,63.73838],[13.14102,63.72901],[13.14857,63.72894],[13.16621,63.73158],[13.18883,63.73124],[13.19321,63.73079],[13.20267,63.72884],[13.21054,63.72532],[13.22067,63.72418],[13.22449,63.72454],[13.2272,63.72538],[13.22829,63.72615],[13.23005,63.731],[13.23479,63.73203],[13.24518,63.73199],[13.25573,63.72911],[13.26719,63.72862],[13.27022,63.72748],[13.27082,63.72611],[13.26758,63.72212],[13.26747,63.71952],[13.26863,63.71836],[13.27389,63.71568],[13.27887,63.71021],[13.28578,63.70757],[13.29288,63.70637],[13.30071,63.70566],[13.30816,63.7062],[13.31704,63.70965],[13.31961,63.71124],[13.32137,63.7133],[13.32727,63.7159],[13.32815,63.71845],[13.33167,63.72261],[13.33335,63.72364],[13.33543,63.7242],[13.3477,63.72457],[13.35339,63.72334],[13.36231,63.72223],[13.3744,63.72197],[13.37899,63.7215],[13.38422,63.71978],[13.3883,63.71989],[13.39611,63.71935],[13.39858,63.71982],[13.42564,63.73042],[13.43295,63.72959],[13.44797,63.73062],[13.45299,63.73017],[13.46121,63.73029],[13.46735,63.72911],[13.47231,63.72673],[13.47291,63.72399],[13.47767,63.72034],[13.48263,63.71939],[13.48808,63.71673],[13.49233,63.71538],[13.49879,63.71444],[13.50885,63.71405],[13.51153,63.7142],[13.51535,63.71502],[13.52151,63.71495],[13.52636,63.71553],[13.53202,63.71313],[13.54612,63.71036],[13.55084,63.70897],[13.55741,63.70832],[13.56322,63.70661],[13.5762,63.70633],[13.58532,63.70725],[13.58998,63.70718],[13.60041,63.70049],[13.60298,63.69942],[13.61062,63.69826],[13.65513,63.69422],[13.66579,63.69274],[13.67143,63.69077],[13.67538,63.68865],[13.68246,63.68641],[13.68298,63.68513],[13.68021,63.68193],[13.67963,63.68041],[13.6816,63.67807],[13.69499,63.67476],[13.6992,63.67086],[13.70214,63.66966],[13.70265,63.66873],[13.71371,63.66674],[13.71894,63.66554],[13.72051,63.66468],[13.73053,63.66405],[13.73336,63.66255],[13.73634,63.66193],[13.74261,63.66311],[13.74821,63.66272],[13.75302,63.66292],[13.76473,63.6568],[13.77389,63.6565],[13.77555,63.65609],[13.7775,63.65487],[13.77849,63.6526],[13.78306,63.6506],[13.7893,63.64888],[13.80859,63.64882],[13.82848,63.64556],[13.83093,63.64869],[13.82956,63.65238],[13.82805,63.65427],[13.82936,63.65723],[13.83142,63.65815],[13.84325,63.66011],[13.85803,63.66508],[13.85979,63.66775],[13.86612,63.67253],[13.87273,63.67944],[13.87736,63.68238],[13.88178,63.68401],[13.88577,63.68729],[13.88809,63.68802],[13.89056,63.68826],[13.9121,63.68605],[13.92114,63.6827],[13.9256,63.68021],[13.93099,63.67854],[13.93461,63.67637],[13.93908,63.67455],[13.948,63.67371],[13.95137,63.67191],[13.96025,63.66856],[13.96558,63.66575],[13.96929,63.66137],[13.97545,63.65781],[13.98553,63.65043],[13.99064,63.64466],[13.99922,63.64067],[14.01508,63.63691],[14.01641,63.63599],[14.02029,63.63],[14.02276,63.62852],[14.02782,63.62674],[14.0325,63.62588],[14.03866,63.6259],[14.04866,63.62425],[14.05495,63.62262],[14.06574,63.61884],[14.08426,63.61528],[14.09655,63.61459],[14.09981,63.6138],[14.10878,63.61022],[14.11089,63.61002],[14.11389,63.61032],[14.11666,63.60987],[14.12494,63.60584],[14.13198,63.60391],[14.13511,63.60161],[14.13852,63.59608],[14.14397,63.59063],[14.15101,63.58724],[14.15794,63.58483],[14.16254,63.5838],[14.17234,63.58273],[14.18234,63.58247],[14.187,63.58142],[14.19461,63.58097],[14.1977,63.58022],[14.2041,63.57945],[14.2141,63.57906],[14.22109,63.57812],[14.22712,63.57664],[14.2315,63.5764],[14.23691,63.57488],[14.23985,63.57271],[14.24045,63.57071],[14.24002,63.56919],[14.24092,63.56878],[14.25002,63.56816],[14.25425,63.56855],[14.26109,63.56801],[14.27088,63.56662],[14.27124,63.56758],[14.27839,63.56915],[14.28244,63.5711],[14.28259,63.57226],[14.2801,63.57432],[14.28017,63.57548],[14.28517,63.57921],[14.2919,63.58245],[14.29416,63.5876],[14.29632,63.59061],[14.29838,63.59211],[14.3074,63.59528],[14.31755,63.59972],[14.32134,63.60296],[14.32497,63.60865],[14.32742,63.61005],[14.33727,63.61346],[14.34031,63.61629],[14.34317,63.61792],[14.34772,63.61902],[14.3578,63.62005],[14.3663,63.62266],[14.37402,63.6241],[14.37776,63.6253],[14.38001,63.62665],[14.38325,63.63028],[14.38808,63.63294],[14.38883,63.63451],[14.38876,63.6403],[14.4034,63.64037],[14.42949,63.64337],[14.44209,63.64562],[14.46009,63.65058],[14.46846,63.65386],[14.47393,63.65549],[14.47912,63.6583],[14.48618,63.66073],[14.4953,63.66238],[14.50481,63.66281],[14.53347,63.66822],[14.53987,63.6686],[14.54749,63.6683],[14.55283,63.66886],[14.5556,63.66974],[14.56298,63.6735],[14.57141,63.67629],[14.58186,63.67656],[14.5871,63.67622],[14.58982,63.67532],[14.59853,63.67101],[14.60439,63.67077],[14.60862,63.67013],[14.62184,63.67146],[14.62484,63.67129],[14.62664,63.67202],[14.65849,63.67538],[14.66587,63.67511],[14.68044,63.67335],[14.68398,63.67362],[14.68829,63.67461],[14.68909,63.67549],[14.68827,63.67661],[14.67312,63.68354],[14.67175,63.68564],[14.67243,63.68749],[14.68076,63.69246],[14.68295,63.69425],[14.68546,63.69761],[14.68745,63.70266],[14.69576,63.71038],[14.69825,63.71182],[14.70529,63.7142],[14.71071,63.71693],[14.71565,63.72047],[14.71874,63.72411],[14.72518,63.72954],[14.72887,63.73075],[14.73479,63.73175],[14.73923,63.73345],[14.74277,63.73564],[14.73217,63.7427],[14.71795,63.74939],[14.71565,63.75162],[14.71511,63.75315],[14.71578,63.75686],[14.72033,63.7613],[14.72232,63.76594],[14.72086,63.76866],[14.70844,63.77815],[14.70692,63.78003],[14.70293,63.79186],[14.70323,63.7937],[14.70466,63.79503],[14.70874,63.79703],[14.71031,63.79877],[14.71376,63.80065],[14.72052,63.80248],[14.73764,63.80456],[14.74923,63.80623],[14.75586,63.80782],[14.76028,63.80791],[14.77058,63.8096],[14.77721,63.8099],[14.78275,63.80913],[14.79333,63.81119],[14.79777,63.81299],[14.80412,63.81402],[14.81603,63.81838],[14.82126,63.81887],[14.82714,63.82052],[14.83935,63.8219],[14.84661,63.82207],[14.85182,63.82312],[14.87221,63.83009],[14.87396,63.83097],[14.87523,63.83325],[14.88426,63.8367],[14.89544,63.83836],[14.90553,63.839],[14.90909,63.83979],[14.91192,63.84108],[14.92787,63.85301],[14.93175,63.85458],[14.95568,63.85949],[14.9619,63.86022],[14.96902,63.86014],[14.99857,63.85689],[15.00381,63.85679],[15.02254,63.85868],[15.0335,63.86031],[15.08792,63.86453],[15.09457,63.86578],[15.10315,63.86662],[15.11777,63.86719],[15.12923,63.86563],[15.13897,63.86561],[15.28205,63.84756],[15.31307,63.84408],[15.33024,63.84393],[15.337,63.84458],[15.34211,63.84462],[15.34777,63.84368],[15.35103,63.84177],[15.35627,63.8405],[15.35824,63.84082],[15.3612,63.84235],[15.36314,63.84284],[15.37554,63.84381],[15.40539,63.84535],[15.38324,63.86355],[15.35627,63.87782],[15.35357,63.87857],[15.327,63.88194],[15.29949,63.89282],[15.28396,63.89425],[15.27445,63.89715],[15.25868,63.90013],[15.24733,63.90556],[15.24578,63.90685],[15.24035,63.91841],[15.24216,63.9221],[15.23817,63.92577],[15.23774,63.92801],[15.23548,63.92957],[15.23364,63.9323],[15.23563,63.93835],[15.21915,63.95118],[15.21812,63.95279],[15.2186,63.95476],[15.22323,63.95702],[15.22772,63.95732],[15.2319,63.95815],[15.24012,63.95854],[15.24196,63.95914],[15.25113,63.96873],[15.26482,63.97661],[15.2693,63.9833],[15.26821,63.98849],[15.27486,63.99521],[15.3091,64.01916],[15.31604,64.02317],[15.31797,64.02929],[15.31177,64.03536],[15.31009,64.04201],[15.31434,64.04506],[15.3217,64.05222],[15.3238,64.05328],[15.32642,64.05364],[15.3347,64.05306],[15.35498,64.05381],[15.36717,64.05915],[15.37017,64.06879],[15.36966,64.06991],[15.36281,64.0731],[15.36101,64.07845],[15.35161,64.08853],[15.34071,64.09641],[15.33732,64.10113],[15.32919,64.10643],[15.31101,64.1137],[15.30365,64.11561],[15.29872,64.11617],[15.29106,64.12046],[15.26677,64.12966],[15.26505,64.13095],[15.26052,64.13642],[15.25956,64.13941],[15.25819,64.14046],[15.21836,64.16232],[15.20313,64.16842],[15.19956,64.17209],[15.19793,64.17307],[15.18821,64.17709],[15.18124,64.17855],[15.17686,64.18039],[15.16714,64.18567],[15.16422,64.189],[15.16272,64.18981],[15.15566,64.19217],[15.14098,64.19393],[15.12764,64.19734],[15.12594,64.19814],[15.11787,64.20674],[15.11929,64.21221],[15.11856,64.21657],[15.11438,64.22019],[15.11358,64.22352],[15.11109,64.22569],[15.11103,64.22837],[15.1094,64.22974],[15.10326,64.23266],[15.10011,64.23474],[15.09403,64.23631],[15.0897,64.23871],[15.08618,64.23959],[15.06987,64.24167],[15.06397,64.24082],[15.04614,64.24358],[15.03434,64.24871],[15.01303,64.26008],[15.01164,64.26114],[15.01132,64.26212],[15.01383,64.26564],[15.0137,64.26723],[15.00692,64.27588],[15.00752,64.27669],[15.01891,64.28343],[15.019,64.28414],[15.00902,64.28822],[14.9923,64.29272],[14.97917,64.29676],[14.97647,64.29845],[14.96559,64.30062],[14.95971,64.30257],[14.95889,64.3033],[14.9598,64.30422],[14.96344,64.30491],[14.9675,64.30718],[14.96269,64.31145],[14.96276,64.31317],[14.96207,64.31412],[14.95325,64.31628],[14.92656,64.31873],[14.92224,64.31871],[14.91933,64.3183],[14.90692,64.31525],[14.90512,64.31512],[14.89778,64.31583],[14.89308,64.31688],[14.87937,64.31579],[14.87287,64.31602],[14.86478,64.31723],[14.85358,64.31725],[14.85124,64.31791],[14.84937,64.31967],[14.84461,64.32214],[14.8291,64.32662],[14.8256,64.3271],[14.82191,64.32892],[14.81734,64.33023],[14.80884,64.33564],[14.80734,64.33834],[14.8041,64.34085],[14.80182,64.34128],[14.79687,64.34147],[14.7947,64.34197],[14.79064,64.34186],[14.7873,64.34268],[14.77816,64.34055],[14.76481,64.33937],[14.76363,64.33873],[14.76213,64.33647],[14.75505,64.33542],[14.74964,64.33553],[14.73958,64.33639],[14.72614,64.33465],[14.72089,64.336],[14.7081,64.3365],[14.70194,64.33733],[14.69417,64.33952],[14.69065,64.34291],[14.68046,64.34892],[14.66701,64.35478],[14.66014,64.35585],[14.64486,64.35958],[14.63699,64.36255],[14.62327,64.36606],[14.60948,64.36763],[14.59564,64.36707],[14.58053,64.36776],[14.55403,64.37216],[14.54444,64.37293],[14.51996,64.37349],[14.49974,64.37499],[14.49391,64.37671],[14.48876,64.37894],[14.47998,64.38126],[14.47112,64.38252],[14.4496,64.3842],[14.44443,64.38617],[14.44136,64.38649],[14.4323,64.38662],[14.42462,64.38548],[14.41548,64.38585],[14.41297,64.38529],[14.40636,64.38278],[14.39464,64.38181],[14.39248,64.38078],[14.38969,64.37793],[14.38243,64.37596],[14.37718,64.37342],[14.37544,64.37299],[14.37346,64.37297],[14.36795,64.37381],[14.35529,64.37718],[14.35001,64.37696],[14.35435,64.37332],[14.36196,64.37063],[14.36675,64.3695],[14.37868,64.36338],[14.37934,64.3625],[14.37947,64.3595],[14.38121,64.35804],[14.38271,64.35278],[14.38218,64.35169],[14.37943,64.35042],[14.37987,64.34893],[14.37943,64.35042],[14.38218,64.35169],[14.38271,64.35278],[14.38121,64.35804],[14.37947,64.3595],[14.37934,64.3625],[14.37868,64.36338],[14.36675,64.3695],[14.36196,64.37063],[14.35435,64.37332],[14.35001,64.37696],[14.34596,64.37759],[14.33046,64.38302],[14.32259,64.38649],[14.31838,64.38896],[14.31984,64.39121],[14.31946,64.39194],[14.31632,64.39269],[14.31077,64.39329],[14.30135,64.39379],[14.29362,64.39887],[14.28605,64.40256],[14.28242,64.40585],[14.25609,64.41273],[14.24747,64.41542],[14.23543,64.42185],[14.1953,64.4352],[14.18423,64.4375],[14.17142,64.44417],[14.16893,64.44503],[14.16106,64.44649],[14.15766,64.44758],[14.15391,64.45029],[14.15402,64.45101],[14.15603,64.45207],[14.16112,64.45318],[14.16541,64.4558],[14.16232,64.4587],[14.16183,64.46043],[14.1593,64.46316],[14.15496,64.46496],[14.14715,64.47073],[14.13724,64.47638],[14.12666,64.47902],[14.12569,64.47983],[14.1264,64.48146],[14.13095,64.48269],[14.13554,64.48595],[14.13558,64.48749],[14.13395,64.48904],[14.1337,64.49024],[14.13531,64.49159],[14.13807,64.49247],[14.13994,64.49369],[14.14189,64.49975],[14.13902,64.50123],[14.14337,64.50464],[14.14372,64.50588],[14.13983,64.50704],[14.12097,64.51655],[14.1176,64.51753],[14.09872,64.52099],[14.07679,64.5232],[14.06394,64.52517],[14.04207,64.53034],[14.03349,64.53324],[14.02456,64.53412],[14.01177,64.5373],[13.95987,64.5527],[13.95586,64.55277],[13.94504,64.55075],[13.94171,64.55077],[13.93944,64.5512],[13.92899,64.55534],[13.92277,64.55706],[13.91773,64.56109],[13.91521,64.56526],[13.90414,64.56929],[13.90167,64.5727],[13.89762,64.57506],[13.8944,64.5783],[13.88738,64.58328],[13.88292,64.58549],[13.86125,64.58854],[13.85477,64.59075],[13.85232,64.59103],[13.84932,64.59075],[13.84164,64.58804],[13.83741,64.58742],[13.82426,64.58783],[13.81992,64.58849],[13.80271,64.5898],[13.80091,64.59077],[13.80177,64.59257],[13.80153,64.59416],[13.79713,64.59854],[13.79419,64.60066],[13.78814,64.60358],[13.7772,64.60688],[13.76952,64.60832],[13.73061,64.6112],[13.72763,64.61085],[13.71804,64.60789],[13.71531,64.60748],[13.71128,64.60763],[13.70701,64.60845],[13.70057,64.60875],[13.69935,64.60995],[13.70169,64.61148],[13.70137,64.61448],[13.70034,64.61587],[13.70059,64.61778],[13.69705,64.61939],[13.6959,64.6225],[13.68678,64.62441],[13.68454,64.62611],[13.69019,64.62851],[13.69066,64.62982],[13.69002,64.63122],[13.69186,64.63255],[13.69506,64.63349],[13.69652,64.63474],[13.69658,64.63643],[13.69931,64.63783],[13.70328,64.63901],[13.70302,64.63961],[13.70141,64.63991],[13.70105,64.64055],[13.69789,64.64164],[13.69802,64.64225],[13.7001,64.64298]]}},{"type":"Feature","properties":{"name":"TET_S-16_20260801","country":"SE","lengthKm":1450.8},"geometry":{"type":"LineString","coordinates":[[13.7001,64.64298],[13.70566,64.64394],[13.71068,64.64418],[13.72858,64.64364],[13.73321,64.64396],[13.73795,64.64602],[13.74553,64.64658],[13.7469,64.64832],[13.75033,64.64894],[13.75387,64.64868],[13.7602,64.64729],[13.76379,64.64694],[13.76714,64.64564],[13.77874,64.64409],[13.78733,64.64186],[13.79784,64.64192],[13.8081,64.64111],[13.8152,64.64109],[13.83243,64.64267],[13.84629,64.64458],[13.85885,64.64433],[13.85902,64.64508],[13.8552,64.64703],[13.85477,64.64815],[13.85895,64.65169],[13.85949,64.65793],[13.86058,64.65967],[13.86588,64.6616],[13.8729,64.66714],[13.87547,64.67027],[13.87962,64.67184],[13.89133,64.67907],[13.89155,64.68166],[13.89921,64.68864],[13.90071,64.69085],[13.90652,64.69398],[13.9097,64.69651],[13.91807,64.70033],[13.92281,64.70177],[13.92581,64.7034],[13.93002,64.70741],[13.93348,64.70911],[13.94161,64.71634],[13.94277,64.71906],[13.94579,64.72164],[13.94736,64.72469],[13.95161,64.72876],[13.97141,64.7284],[13.97976,64.72859],[13.99547,64.72999],[14.00441,64.73151],[14.02124,64.7328],[14.02098,64.73445],[14.02225,64.73715],[14.02092,64.73932],[14.0204,64.74571],[14.02205,64.74741],[14.04085,64.75964],[14.04085,64.76125],[14.03838,64.76511],[14.03827,64.76955],[14.03978,64.7723],[14.04802,64.7817],[14.05044,64.78987],[14.05375,64.79369],[14.05516,64.79779],[14.05714,64.79897],[14.06823,64.80135],[14.07119,64.80344],[14.07128,64.8062],[14.06265,64.81519],[14.0604,64.8214],[14.06233,64.82225],[14.07351,64.82331],[14.07771,64.82504],[14.07872,64.82644],[14.07926,64.83004],[14.07731,64.83318],[14.07769,64.83468],[14.08027,64.83594],[14.08728,64.83712],[14.10166,64.83783],[14.10621,64.83672],[14.1137,64.83157],[14.12205,64.83],[14.1255,64.83024],[14.12728,64.83137],[14.12692,64.83882],[14.12876,64.84002],[14.14524,64.84296],[14.15427,64.84339],[14.16556,64.84476],[14.16923,64.84564],[14.17715,64.84901],[14.17779,64.84983],[14.17738,64.85163],[14.18129,64.85551],[14.17977,64.85807],[14.1808,64.86019],[14.19125,64.86511],[14.19704,64.86916],[14.20592,64.87191],[14.20979,64.87356],[14.21152,64.87508],[14.21197,64.87725],[14.21431,64.87828],[14.21401,64.87888],[14.20172,64.8854],[14.19225,64.88815],[14.18998,64.89002],[14.19193,64.89414],[14.1908,64.89892],[14.19131,64.90062],[14.19301,64.90195],[14.20691,64.90845],[14.20933,64.91066],[14.20979,64.91354],[14.20665,64.92115],[14.2109,64.93177],[14.21545,64.93508],[14.21751,64.93853],[14.21676,64.9427],[14.21575,64.94398],[14.21232,64.94493],[14.20498,64.94467],[14.20182,64.94521],[14.1941,64.951],[14.19313,64.95297],[14.19794,64.96121],[14.20897,64.97154],[14.21288,64.97437],[14.2141,64.97834],[14.21277,64.98392],[14.21468,64.98703],[14.21727,64.98857],[14.23176,64.99465],[14.23807,64.99649],[14.24382,65.00048],[14.25804,65.00527],[14.26648,65.00722],[14.27289,65.01027],[14.30886,65.02102],[14.33531,65.02741],[14.3375,65.02923],[14.33731,65.0308],[14.32808,65.03687],[14.32694,65.0385],[14.32729,65.03973],[14.33124,65.04432],[14.33578,65.04788],[14.34299,65.05003],[14.34737,65.05299],[14.35003,65.05415],[14.37104,65.05885],[14.38143,65.06451],[14.41464,65.07863],[14.41788,65.07925],[14.44076,65.08142],[14.45586,65.08535],[14.45827,65.08691],[14.46022,65.09054],[14.4659,65.09537],[14.46805,65.10168],[14.46992,65.10341],[14.47854,65.10786],[14.48365,65.10953],[14.50337,65.11775],[14.51165,65.11946],[14.51884,65.11981],[14.52148,65.11929],[14.52624,65.11517],[14.52897,65.11429],[14.53496,65.11326],[14.53757,65.11223],[14.5392,65.11082],[14.54092,65.10676],[14.54309,65.1055],[14.5477,65.10386],[14.55371,65.10311],[14.558,65.10324],[14.57195,65.10511],[14.5783,65.10674],[14.58115,65.1071],[14.58491,65.10672],[14.58974,65.10524],[14.59748,65.1041],[14.59954,65.10326],[14.60229,65.10088],[14.6075,65.09805],[14.61456,65.09288],[14.619,65.08865],[14.62263,65.08681],[14.62533,65.0846],[14.63789,65.07966],[14.64632,65.07408],[14.65153,65.0717],[14.66149,65.06936],[14.67979,65.06779],[14.68512,65.06694],[14.69651,65.0635],[14.71288,65.06024],[14.72981,65.05477],[14.74468,65.05074],[14.75487,65.05069],[14.79923,65.06176],[14.81112,65.06421],[14.81691,65.06462],[14.84864,65.06421],[14.8648,65.06297],[14.8706,65.06286],[14.88635,65.06164],[14.91237,65.05756],[14.93254,65.05631],[14.9455,65.05704],[14.96145,65.06009],[14.97632,65.06119],[14.9849,65.06363],[14.99818,65.0649],[15.01005,65.06492],[15.02872,65.06393],[15.04584,65.064],[15.05118,65.0635],[15.05987,65.06082],[15.06715,65.05664],[15.07987,65.05292],[15.0864,65.04996],[15.09534,65.04722],[15.10114,65.04466],[15.1086,65.04215],[15.11326,65.03983],[15.11779,65.03887],[15.13002,65.03728],[15.13693,65.03496],[15.14049,65.0329],[15.1389,65.03102],[15.13925,65.03024],[15.15482,65.02351],[15.16019,65.02194],[15.16594,65.01956],[15.17467,65.01134],[15.18624,65.00722],[15.20096,64.9987],[15.20566,64.99664],[15.2275,64.99374],[15.23089,64.99392],[15.24467,64.99587],[15.25117,64.99591],[15.26108,64.99243],[15.27215,64.99183],[15.276,64.99108],[15.28799,64.98484],[15.2922,64.98319],[15.29883,64.98173],[15.30825,64.98044],[15.33374,64.97265],[15.34254,64.97078],[15.34927,64.9701],[15.36084,64.97014],[15.36511,64.97083],[15.36708,64.97076],[15.37232,64.9692],[15.37713,64.9684],[15.38391,64.9663],[15.39195,64.96505],[15.39979,64.96497],[15.40487,64.96445],[15.41485,64.96175],[15.42972,64.95851],[15.43721,64.95785],[15.44573,64.95804],[15.45173,64.9575],[15.45588,64.95763],[15.46448,64.95598],[15.46592,64.95527],[15.46673,64.95278],[15.47042,64.94855],[15.46965,64.94328],[15.47025,64.94229],[15.47426,64.94019],[15.48115,64.9386],[15.4848,64.93589],[15.4889,64.93379],[15.49257,64.92907],[15.49274,64.92493],[15.50291,64.92038],[15.50484,64.91796],[15.50937,64.91429],[15.51278,64.91231],[15.51398,64.90916],[15.51866,64.90789],[15.52501,64.9054],[15.53048,64.90459],[15.5395,64.90384],[15.55293,64.90474],[15.55572,64.90553],[15.5628,64.90881],[15.56718,64.91154],[15.58398,64.91708],[15.5919,64.91901],[15.60426,64.92087],[15.61134,64.92263],[15.6131,64.92283],[15.62174,64.92216],[15.64663,64.92368],[15.65708,64.92585],[15.6609,64.92795],[15.66447,64.92892],[15.67477,64.9292],[15.68554,64.92901],[15.69521,64.93113],[15.70024,64.93315],[15.70318,64.93383],[15.70732,64.93431],[15.71901,64.93467],[15.74637,64.94044],[15.75884,64.94152],[15.76735,64.94319],[15.78321,64.94349],[15.79701,64.94293],[15.80343,64.94304],[15.81439,64.9424],[15.82304,64.94343],[15.82744,64.94332],[15.83304,64.94218],[15.85113,64.94012],[15.85819,64.93828],[15.86467,64.94004],[15.86615,64.93982],[15.86791,64.94055],[15.86836,64.94141],[15.86988,64.94109],[15.87346,64.93896],[15.88668,64.9436],[15.89357,64.9442],[15.89786,64.94291],[15.90037,64.9428],[15.90638,64.94491],[15.90893,64.9448],[15.91071,64.9442],[15.91565,64.94493],[15.91925,64.9451],[15.92234,64.94482],[15.92434,64.94598],[15.92715,64.94694],[15.92874,64.94707],[15.93269,64.94883],[15.93539,64.94907],[15.94052,64.95044],[15.94839,64.95548],[15.95391,64.95664],[15.96058,64.96102],[15.9668,64.96098],[15.97195,64.95973],[15.97695,64.95986],[15.97921,64.96102],[15.98755,64.9634],[15.99384,64.96632],[15.99468,64.96821],[16.00017,64.97188],[16.0023,64.97426],[16.00343,64.97454],[16.00644,64.97411],[16.00747,64.97357],[16.00292,64.96739],[16.00317,64.96154],[15.99991,64.95529],[15.99251,64.951],[15.9924,64.95012],[15.99412,64.94931],[15.99309,64.94591],[15.99013,64.94164],[15.9882,64.94027],[15.98712,64.93643],[15.98779,64.93229],[15.98738,64.92615],[15.98843,64.92469],[15.98895,64.92074],[15.98667,64.91873],[15.98644,64.91553],[15.98064,64.91171],[15.97873,64.90965],[15.97612,64.90551],[15.97552,64.90124],[15.97185,64.89553],[15.97148,64.89163],[15.97262,64.88828],[15.97588,64.88444],[15.98612,64.87813],[15.9891,64.87774],[15.9986,64.87826],[16.01592,64.87457],[16.02914,64.86629],[16.04109,64.85996],[16.04817,64.85275],[16.05049,64.85275],[16.06017,64.85429],[16.06555,64.85345],[16.07967,64.85459],[16.08486,64.85371],[16.091,64.85169],[16.09368,64.85124],[16.10658,64.85184],[16.11559,64.84972],[16.13108,64.84856],[16.15518,64.84288],[16.16812,64.83878],[16.17466,64.83818],[16.17908,64.83693],[16.19792,64.83079],[16.20898,64.82498],[16.21367,64.82369],[16.21979,64.82354],[16.24655,64.82507],[16.25792,64.82451],[16.26695,64.8264],[16.29234,64.81556],[16.29811,64.81153],[16.30547,64.80899],[16.31058,64.80571],[16.31455,64.80453],[16.33543,64.79393],[16.3386,64.79284],[16.348,64.79097],[16.35218,64.78947],[16.35624,64.78526],[16.36014,64.78331],[16.36233,64.77842],[16.36411,64.77685],[16.38446,64.77097],[16.39154,64.76687],[16.39969,64.7635],[16.41102,64.75762],[16.41654,64.75591],[16.42115,64.75537],[16.42864,64.75322],[16.43295,64.75247],[16.43754,64.75001],[16.44068,64.74745],[16.45449,64.74389],[16.48108,64.73389],[16.492,64.72821],[16.51865,64.72321],[16.53204,64.72342],[16.54899,64.72209],[16.55022,64.72503],[16.5558,64.72883],[16.56028,64.73284],[16.55683,64.7508],[16.55859,64.75168],[16.56736,64.75368],[16.56805,64.75468],[16.56474,64.7599],[16.55638,64.76861],[16.54942,64.77297],[16.54882,64.77636],[16.54541,64.77921],[16.5394,64.78179],[16.52831,64.79337],[16.52726,64.8017],[16.52897,64.80616],[16.53921,64.81777],[16.53513,64.83339],[16.53569,64.83594],[16.5408,64.8412],[16.54002,64.84581],[16.5412,64.84845],[16.5397,64.85041],[16.53359,64.85517],[16.53582,64.85798],[16.5408,64.86004],[16.56934,64.87864],[16.57146,64.87929],[16.57386,64.87933],[16.58955,64.87809],[16.59517,64.87796],[16.59515,64.87843],[16.59197,64.87942],[16.59077,64.88081],[16.58738,64.88234],[16.57348,64.88545],[16.5709,64.88671],[16.56174,64.88952],[16.55689,64.88991],[16.54929,64.89347],[16.54444,64.89463],[16.54271,64.89635],[16.53593,64.90027],[16.52762,64.90347],[16.52277,64.90609],[16.50764,64.91253],[16.49908,64.91971],[16.49342,64.9265],[16.47625,64.93699],[16.47037,64.94158],[16.46533,64.94877],[16.4573,64.95315],[16.43945,64.96488],[16.42518,64.97149],[16.41366,64.97885],[16.40209,64.98492],[16.39742,64.98814],[16.38173,65.00119],[16.36905,65.01503],[16.35796,65.02314],[16.35712,65.0284],[16.34609,65.04035],[16.34049,65.04365],[16.33583,65.04522],[16.3092,65.05007],[16.28487,65.05074],[16.27268,65.05363],[16.26558,65.05481],[16.2329,65.06443],[16.22726,65.06531],[16.21533,65.06494],[16.21239,65.06516],[16.20243,65.06771],[16.19722,65.06968],[16.19565,65.07127],[16.1961,65.07239],[16.21078,65.08816],[16.21018,65.09389],[16.20507,65.0965],[16.19805,65.10393],[16.20101,65.1123],[16.1993,65.11981],[16.20788,65.12843],[16.20902,65.13058],[16.20803,65.13249],[16.19747,65.1444],[16.19449,65.14596],[16.17943,65.1503],[16.16724,65.15579],[16.15722,65.15794],[16.1504,65.16036],[16.13827,65.16388],[16.12396,65.16588],[16.12012,65.16678],[16.11862,65.1677],[16.10774,65.18047],[16.10323,65.18242],[16.09937,65.18497],[16.09714,65.18564],[16.09014,65.18663],[16.08613,65.18817],[16.06401,65.20137],[16.05935,65.20345],[16.0498,65.20645],[16.03867,65.21298],[16.04124,65.21392],[16.04272,65.2151],[16.04268,65.21585],[16.04075,65.21755],[16.05493,65.21843],[16.06336,65.21658],[16.0695,65.21165],[16.07639,65.2104],[16.0821,65.20791],[16.0863,65.20729],[16.09776,65.20169],[16.0986,65.20079],[16.09838,65.19845],[16.10302,65.19626],[16.11048,65.19596],[16.12613,65.19665],[16.13512,65.19781],[16.14411,65.20006],[16.15952,65.20126],[16.16853,65.19984],[16.17932,65.19409],[16.19531,65.18907],[16.20335,65.18603],[16.22393,65.17624],[16.22578,65.17459],[16.23041,65.16755],[16.23277,65.16656],[16.24223,65.15802],[16.24481,65.15227],[16.24781,65.14848],[16.25438,65.14539],[16.27009,65.14122],[16.27262,65.14071],[16.27689,65.14092],[16.28464,65.13938],[16.29047,65.13923],[16.29249,65.13983],[16.2971,65.14429],[16.29699,65.14875],[16.2991,65.15069],[16.32564,65.16189],[16.34667,65.16502],[16.35454,65.17028],[16.36868,65.1771],[16.38825,65.18079],[16.39439,65.18137],[16.40177,65.18116],[16.41426,65.17854],[16.4196,65.17792],[16.4272,65.17772],[16.44499,65.17867],[16.45288,65.17719],[16.46509,65.17375],[16.47325,65.17096],[16.48157,65.16903],[16.49818,65.16586],[16.50282,65.16526],[16.50835,65.16508],[16.5073,65.17242],[16.50835,65.17658],[16.50747,65.18476],[16.50981,65.1856],[16.51335,65.18594],[16.51977,65.18551],[16.52625,65.18371],[16.53228,65.18291],[16.53644,65.18109],[16.54382,65.18058],[16.54914,65.17927],[16.55305,65.18201],[16.55436,65.1847],[16.55884,65.18654],[16.5614,65.18852],[16.56796,65.19161],[16.56831,65.19394],[16.56648,65.19628],[16.56672,65.19742],[16.5682,65.19836],[16.57552,65.20156],[16.58107,65.20135],[16.58485,65.20255],[16.5924,65.20347],[16.60496,65.20431],[16.61798,65.20291],[16.62648,65.20281],[16.68237,65.1959],[16.68836,65.19482],[16.7042,65.18952],[16.71308,65.18905],[16.71673,65.188],[16.72126,65.18738],[16.72956,65.18731],[16.73915,65.18843],[16.75218,65.18899],[16.75501,65.18879],[16.79964,65.17933],[16.81185,65.17794],[16.84668,65.17189],[16.88075,65.1685],[16.89901,65.16195],[16.92504,65.15659],[16.93038,65.15459],[16.93233,65.15296],[16.93615,65.1477],[16.9339,65.14367],[16.94931,65.13124],[16.94965,65.12964],[16.94787,65.12712],[16.94856,65.12386],[16.95012,65.12247],[16.96021,65.11813],[16.97237,65.11511],[16.98074,65.11438],[16.99242,65.11262],[16.99548,65.11172],[17.0039,65.10786],[17.01516,65.11019],[17.02595,65.1097],[17.03168,65.11088],[17.03377,65.11088],[17.04001,65.11004],[17.04224,65.10942],[17.05273,65.10436],[17.06067,65.10176],[17.07883,65.0985],[17.08638,65.09779],[17.09207,65.09653],[17.097,65.09442],[17.10792,65.09163],[17.10994,65.09314],[17.12372,65.0985],[17.12176,65.10633],[17.12103,65.11444],[17.11951,65.11657],[17.10927,65.12425],[17.10814,65.12618],[17.10788,65.13034],[17.1032,65.13884],[17.10093,65.14006],[17.09625,65.14144],[17.08807,65.14292],[17.07778,65.14672],[17.06419,65.15399],[17.0593,65.15727],[17.05376,65.15929],[17.04685,65.16047],[17.04331,65.16156],[17.04012,65.16298],[17.03016,65.16899],[17.02396,65.17525],[17.01984,65.17843],[17.01838,65.18045],[17.01877,65.183],[17.02117,65.18648],[17.02061,65.18946],[17.01859,65.19109],[17.00527,65.1986],[16.99632,65.2027],[16.99248,65.20723],[17.00278,65.20877],[17.00926,65.20823],[17.0254,65.20954],[17.02724,65.21002],[17.02992,65.21147],[17.03121,65.21431],[17.03415,65.21559],[17.03979,65.21926],[17.04342,65.22023],[17.04355,65.22105],[17.04679,65.22274],[17.04756,65.22366],[17.04769,65.22658],[17.05142,65.2298],[17.06005,65.23401],[17.06591,65.23557],[17.07844,65.24057],[17.0825,65.24579],[17.09005,65.24935],[17.09209,65.25076],[17.09799,65.25248],[17.10168,65.25647],[17.1123,65.26542],[17.1194,65.27025],[17.12359,65.27254],[17.13526,65.27767],[17.14567,65.28362],[17.14685,65.28606],[17.14828,65.28711],[17.15429,65.28971],[17.16163,65.29059],[17.16824,65.2931],[17.18249,65.2937],[17.20053,65.29258],[17.21693,65.28943],[17.2298,65.28896],[17.23182,65.28924],[17.23564,65.29181],[17.23654,65.29407],[17.23824,65.29546],[17.24701,65.29838],[17.24929,65.29969],[17.2501,65.30467],[17.25231,65.30711],[17.25242,65.30829],[17.24832,65.31147],[17.24811,65.31286],[17.25274,65.31632],[17.25785,65.31771],[17.26898,65.31872],[17.27853,65.31812],[17.29072,65.31554],[17.29742,65.31256],[17.30231,65.31151],[17.30791,65.31173],[17.3139,65.31325],[17.32053,65.3131],[17.32145,65.31696],[17.32462,65.31898],[17.33331,65.32147],[17.33093,65.32323],[17.33207,65.324],[17.33531,65.32494],[17.33645,65.32587],[17.33443,65.32726],[17.32662,65.32844],[17.32473,65.32904],[17.32126,65.33486],[17.32106,65.33608],[17.32389,65.34014],[17.32838,65.34357],[17.32786,65.34687],[17.32647,65.3484],[17.33522,65.34683],[17.33806,65.34704],[17.34449,65.34883],[17.3523,65.3487],[17.3575,65.34737],[17.36936,65.3428],[17.3802,65.33941],[17.39305,65.33868],[17.39835,65.33889],[17.41297,65.33698],[17.4188,65.33859],[17.43178,65.3396],[17.455,65.3349],[17.4633,65.33475],[17.47925,65.33537],[17.49133,65.33792],[17.50759,65.33971],[17.51028,65.33953],[17.52004,65.33771],[17.53085,65.33799],[17.53635,65.33863],[17.52714,65.34408],[17.51094,65.34992],[17.50266,65.35425],[17.49626,65.35687],[17.48581,65.3629],[17.47509,65.36485],[17.47264,65.36584],[17.46914,65.36812],[17.46502,65.37202],[17.45901,65.37601],[17.45419,65.37803],[17.45037,65.38045],[17.4432,65.38754],[17.4306,65.3935],[17.41938,65.4159],[17.41071,65.42509],[17.41067,65.42588],[17.4126,65.42876],[17.41241,65.43049],[17.41449,65.43483],[17.42125,65.43674],[17.427,65.43708],[17.42972,65.43787],[17.43075,65.43895],[17.4317,65.44401],[17.43322,65.44706],[17.43603,65.44895],[17.44758,65.4521],[17.45202,65.45551],[17.44886,65.45753],[17.44816,65.45912],[17.44084,65.46315],[17.44032,65.46607],[17.43556,65.46972],[17.4279,65.47234],[17.42485,65.47392],[17.41711,65.47579],[17.42009,65.4806],[17.41412,65.48811],[17.404,65.4968],[17.38943,65.50356],[17.38891,65.50478],[17.38608,65.5062],[17.38625,65.50716],[17.38269,65.50886],[17.38121,65.51165],[17.37634,65.5145],[17.3891,65.52235],[17.39013,65.52422],[17.39048,65.5275],[17.39803,65.53937],[17.39968,65.54091],[17.40286,65.54216],[17.41799,65.54531],[17.42513,65.54555],[17.43876,65.54392],[17.44955,65.54469],[17.46043,65.54347],[17.46485,65.54358],[17.46918,65.54456],[17.48641,65.55141],[17.49034,65.55199],[17.49401,65.55199],[17.50873,65.54941],[17.50798,65.54495],[17.51193,65.54188],[17.51648,65.54132],[17.53021,65.53707],[17.53375,65.53527],[17.54111,65.53473],[17.54293,65.53718],[17.53862,65.54388],[17.523,65.55587],[17.52126,65.55954],[17.52384,65.56714],[17.52369,65.57804],[17.50828,65.58904],[17.5074,65.59198],[17.49783,65.59782],[17.49367,65.60033],[17.48712,65.60076],[17.48382,65.60226],[17.48365,65.60282],[17.49191,65.61368],[17.49274,65.61587],[17.4862,65.62896],[17.48354,65.63222],[17.48661,65.63241],[17.49227,65.63018],[17.49343,65.62923],[17.49337,65.62812],[17.49671,65.62732],[17.50126,65.62454],[17.50274,65.62303],[17.50517,65.62202],[17.53581,65.61816],[17.54517,65.61818],[17.55201,65.61711],[17.55437,65.61715],[17.56356,65.61842],[17.56997,65.61874],[17.57851,65.62127],[17.58199,65.62162],[17.58671,65.62153],[17.59424,65.62027],[17.60589,65.61902],[17.61776,65.61872],[17.63574,65.62074],[17.64031,65.62327],[17.64617,65.62563],[17.65282,65.62932],[17.6561,65.63704],[17.65647,65.64174],[17.6546,65.64535],[17.65378,65.64631],[17.64722,65.64964],[17.64681,65.65026],[17.65074,65.65404],[17.65203,65.65627],[17.65095,65.66833],[17.64419,65.68183],[17.63842,65.68642],[17.64112,65.68953],[17.63827,65.69389],[17.63776,65.69919],[17.63246,65.70597],[17.63076,65.70719],[17.61894,65.71073],[17.60615,65.71725],[17.58508,65.72189],[17.58072,65.72352],[17.56774,65.72987],[17.56729,65.73137],[17.56862,65.73341],[17.56435,65.73584],[17.56261,65.73796],[17.56231,65.73957],[17.56409,65.74423],[17.56113,65.74873],[17.55969,65.75287],[17.56362,65.75854],[17.56851,65.7618],[17.57154,65.76457],[17.5736,65.76555],[17.58913,65.76721],[17.59973,65.76764],[17.59795,65.77712],[17.5949,65.78165],[17.59413,65.7854],[17.58982,65.79236],[17.59042,65.7977],[17.58542,65.81804],[17.58034,65.83038],[17.56864,65.8428],[17.563,65.84553],[17.55364,65.85141],[17.54418,65.85604],[17.54276,65.85744],[17.54635,65.86514],[17.55298,65.87008],[17.55718,65.87471],[17.56027,65.88576],[17.55933,65.8896],[17.55321,65.89715],[17.53407,65.90688],[17.53401,65.90773],[17.53695,65.90979],[17.51555,65.91835],[17.51094,65.92275],[17.48736,65.93597],[17.47661,65.94329],[17.47483,65.94524],[17.4723,65.95097],[17.45642,65.96198],[17.44496,65.99301],[17.44582,65.99444],[17.45584,66.00307],[17.45612,66.00936],[17.45685,66.01062],[17.46745,66.01779],[17.47193,66.02165],[17.48204,66.02511],[17.48435,66.02637],[17.48899,66.03139],[17.49043,66.0342],[17.50371,66.0436],[17.51425,66.04648],[17.52032,66.04753],[17.52257,66.04978],[17.53667,66.04779],[17.53854,66.04805],[17.53931,66.04993],[17.53744,66.05274],[17.5383,66.05433],[17.5516,66.05961],[17.55201,66.06536],[17.55289,66.06691],[17.56722,66.07332],[17.57401,66.07156],[17.58145,66.07058],[17.60117,66.07],[17.6237,66.07021],[17.63128,66.06987],[17.65655,66.06611],[17.66518,66.06532],[17.68627,66.06504],[17.70642,66.06358],[17.71835,66.06354],[17.7394,66.06279],[17.74361,66.06231],[17.76884,66.05744],[17.77654,66.05637],[17.8012,66.05556],[17.83536,66.05217],[17.87113,66.04794],[17.87551,66.04817],[17.88214,66.04991],[17.88606,66.05049],[17.90962,66.05163],[17.91731,66.05257],[17.92342,66.05386],[17.9405,66.05927],[17.94419,66.06549],[17.94138,66.07216],[17.93971,66.07326],[17.92992,66.07654],[17.92615,66.07834],[17.91761,66.08493],[17.91347,66.08736],[17.91347,66.08871],[17.91677,66.09036],[17.92353,66.09178],[17.92565,66.09384],[17.9334,66.09293],[17.939,66.09128],[17.94863,66.09375],[17.96857,66.0962],[17.96346,66.09759],[17.95872,66.09965],[17.95451,66.10557],[17.95516,66.10643],[17.95872,66.108],[17.95887,66.10849],[17.95823,66.10873],[17.95496,66.10838],[17.94997,66.10862],[17.94158,66.11124],[17.93934,66.11235],[17.94067,66.11403],[17.94181,66.11323],[17.94368,66.11317],[17.94681,66.11632],[17.94548,66.11729],[17.93859,66.11862],[17.94548,66.11729],[17.94681,66.11632],[17.94368,66.11317],[17.94181,66.11323],[17.94067,66.11403],[17.93934,66.11235],[17.94158,66.11124],[17.94997,66.10862],[17.95496,66.10838],[17.95823,66.10873],[17.95887,66.10849],[17.95872,66.108],[17.95516,66.10643],[17.95451,66.10557],[17.95872,66.09965],[17.96346,66.09759],[17.96857,66.0962],[17.94863,66.09375],[17.939,66.09128],[17.9334,66.09293],[17.92565,66.09384],[17.92364,66.09545],[17.90817,66.09894],[17.90263,66.1015],[17.89523,66.10298],[17.89199,66.10448],[17.89136,66.10699],[17.88842,66.10978],[17.88956,66.11871],[17.88791,66.1289],[17.89235,66.13636],[17.89405,66.13772],[17.90353,66.14269],[17.90454,66.14383],[17.90435,66.14478],[17.90136,66.14832],[17.89224,66.15207],[17.88823,66.15679],[17.88338,66.16018],[17.87392,66.16364],[17.87186,66.16482],[17.86617,66.1716],[17.86042,66.17593],[17.8581,66.18239],[17.85948,66.18452],[17.86317,66.18645],[17.87267,66.1931],[17.87194,66.19997],[17.87602,66.20503],[17.88263,66.20932],[17.8934,66.21338],[17.89681,66.2158],[17.90501,66.21881],[17.90907,66.22125],[17.91119,66.22329],[17.91319,66.22419],[17.9216,66.22499],[17.92844,66.2272],[17.93703,66.2284],[17.95529,66.23299],[17.96374,66.2337],[17.96818,66.23516],[17.97041,66.23642],[17.97445,66.24406],[17.97773,66.24653],[17.97898,66.24992],[17.98546,66.2523],[17.99348,66.25434],[18,66.25664],[18.0008,66.25919],[18.00215,66.26073],[18.00897,66.26498],[18.01243,66.26796],[18.03331,66.27198],[18.04007,66.27494],[18.04281,66.27717],[18.04743,66.27822],[18.0538,66.2817],[18.06326,66.28423],[18.06869,66.28524],[18.07144,66.28794],[18.08184,66.29459],[18.08139,66.2976],[18.0835,66.29946],[18.09603,66.30459],[18.10472,66.3121],[18.11661,66.31575],[18.12227,66.3165],[18.13163,66.3188],[18.13272,66.31936],[18.13272,66.32069],[18.13463,66.32249],[18.13735,66.32352],[18.14244,66.32427],[18.14467,66.32521],[18.14471,66.32577],[18.14195,66.3274],[18.14388,66.33187],[18.14079,66.33442],[18.14113,66.33504],[18.14431,66.33717],[18.14959,66.33882],[18.15377,66.34279],[18.15628,66.34423],[18.16632,66.34515],[18.1707,66.34618],[18.1766,66.34953],[18.17757,66.35369],[18.18334,66.35663],[18.18418,66.36083],[18.18527,66.36208],[18.19881,66.36661],[18.20117,66.36785],[18.20235,66.37128],[18.20417,66.37283],[18.20662,66.37716],[18.21224,66.38154],[18.21241,66.38364],[18.21988,66.38523],[18.22911,66.38545],[18.23909,66.38832],[18.25164,66.38774],[18.25741,66.38804],[18.27022,66.38954],[18.27561,66.38978],[18.28054,66.39083],[18.29479,66.39188],[18.30294,66.3933],[18.31232,66.39581],[18.32859,66.39787],[18.33453,66.39914],[18.34564,66.40053],[18.34983,66.40218],[18.35496,66.40306],[18.36654,66.40437],[18.37382,66.40341],[18.37674,66.40341],[18.38684,66.40525],[18.39004,66.4062],[18.40787,66.40789],[18.41663,66.40922],[18.41948,66.41025],[18.42759,66.41143],[18.43276,66.4131],[18.43838,66.41428],[18.45345,66.41559],[18.45669,66.41544],[18.46583,66.41405],[18.50928,66.3986],[18.51098,66.39727],[18.51323,66.39381],[18.519,66.39092],[18.52037,66.38905],[18.51737,66.37916],[18.52666,66.36888],[18.5272,66.36616],[18.5305,66.36418],[18.53428,66.35023],[18.53198,66.34671],[18.53308,66.34071],[18.53467,66.33991],[18.54484,66.33802],[18.5481,66.33629],[18.54387,66.33045],[18.54363,66.32903],[18.54587,66.31665],[18.55247,66.30509],[18.54767,66.30009],[18.54717,66.29704],[18.5478,66.29607],[18.55363,66.29253],[18.554,66.28854],[18.55666,66.28498],[18.55535,66.28204],[18.5575,66.27502],[18.56471,66.26818],[18.56941,66.26674],[18.57239,66.26445],[18.57857,66.26159],[18.58247,66.25666],[18.58863,66.2534],[18.59241,66.25224],[18.59908,66.25093],[18.60857,66.24256],[18.60734,66.23593],[18.60397,66.23091],[18.59827,66.22681],[18.59835,66.22346],[18.59668,66.22099],[18.5902,66.21904],[18.58955,66.21771],[18.59041,66.21653],[18.59239,66.21503],[18.60159,66.21067],[18.60492,66.20981],[18.60784,66.2081],[18.61056,66.20396],[18.61086,66.19964],[18.61869,66.19226],[18.61882,66.19072],[18.62002,66.18973],[18.63414,66.18458],[18.64354,66.18316],[18.64599,66.18246],[18.67375,66.17042],[18.68283,66.164],[18.6835,66.16278],[18.68232,66.1563],[18.68536,66.1519],[18.68495,66.15063],[18.68287,66.14877],[18.6842,66.1434],[18.68841,66.13739],[18.69124,66.1316],[18.69349,66.12939],[18.69774,66.12358],[18.69918,66.12031],[18.70124,66.11834],[18.70231,66.11433],[18.70676,66.10772],[18.70871,66.10611],[18.71744,66.10038],[18.72551,66.09729],[18.73285,66.08965],[18.73429,66.08287],[18.74019,66.07854],[18.74978,66.07489],[18.76143,66.07158],[18.7648,66.06978],[18.76703,66.06781],[18.78055,66.06212],[18.78632,66.06071],[18.79081,66.0551],[18.79763,66.05156],[18.8005,66.04948],[18.80625,66.04777],[18.81542,66.0436],[18.82533,66.03073],[18.83348,66.02757],[18.83651,66.02423],[18.84404,66.02064],[18.88406,66.0097],[18.88511,66.00762],[18.88818,66.00487],[18.90981,65.99595],[18.91571,65.98676],[18.9173,65.98562],[18.93247,65.97983],[18.94097,65.97717],[18.9459,65.97384],[18.95294,65.9755],[18.96026,65.9808],[18.99382,65.98753],[18.99877,65.9938],[19.0009,65.99496],[19.00952,65.99524],[19.0248,65.99638],[19.03304,65.99631],[19.03926,65.99706],[19.04596,65.99732],[19.05156,65.99906],[19.0631,66.00573],[19.07246,66.00648],[19.07664,66.00646],[19.08413,66.00758],[19.08894,66.00773],[19.1143,66.01498],[19.11949,66.01545],[19.12458,66.01528],[19.13046,66.01655],[19.15308,66.01803],[19.15694,66.01768],[19.16404,66.01579],[19.16593,66.01485],[19.16636,66.01339],[19.16795,66.01251],[19.17183,66.0118],[19.21303,66.00024],[19.22786,65.99968],[19.2329,66.00062],[19.23579,65.99906],[19.24197,65.99749],[19.24856,65.99764],[19.25133,65.99839],[19.2565,65.99779],[19.26474,65.99562],[19.27223,65.99305],[19.28189,65.99129],[19.29313,65.98736],[19.29757,65.98483],[19.30987,65.98247],[19.32278,65.9794],[19.33192,65.97605],[19.33411,65.97739],[19.33886,65.97889],[19.34386,65.98337],[19.34673,65.98457],[19.3566,65.98627],[19.35924,65.98726],[19.37284,65.98874],[19.37684,65.98949],[19.38752,65.99404],[19.39074,65.99492],[19.41548,65.99756],[19.41432,65.99837],[19.41018,65.99882],[19.40507,65.99994],[19.3887,66.00888],[19.3846,66.01049],[19.37814,66.01193],[19.35718,66.01519],[19.3519,66.0153],[19.34214,66.01766],[19.30961,66.02135],[19.29367,66.02382],[19.28764,66.02629],[19.28412,66.02974],[19.27907,66.03202],[19.27886,66.03547],[19.27738,66.03646],[19.27461,66.03736],[19.27817,66.0391],[19.28405,66.0445],[19.29624,66.04901],[19.29841,66.05302],[19.29963,66.05397],[19.31392,66.05985],[19.31697,66.06043],[19.34051,66.06169],[19.34478,66.06255],[19.35512,66.06742],[19.35551,66.06922],[19.3601,66.07171],[19.36583,66.07064],[19.37231,66.07013],[19.37649,66.06912],[19.38106,66.0665],[19.3842,66.06098],[19.38628,66.05948],[19.42233,66.04813],[19.43518,66.04753],[19.44606,66.04508],[19.45762,66.04474],[19.47737,66.04242],[19.47994,66.04244],[19.48805,66.04356],[19.49258,66.0436],[19.49552,66.04455],[19.50153,66.04511],[19.50447,66.04442],[19.51238,66.04418],[19.51522,66.04444],[19.51762,66.04549],[19.52637,66.04592],[19.53056,66.04551],[19.5377,66.04558],[19.54363,66.04639],[19.55624,66.04676],[19.56393,66.04774],[19.59023,66.0489],[19.59794,66.04839],[19.60444,66.04942],[19.61085,66.04923],[19.62171,66.04832],[19.63516,66.04774],[19.63866,66.04717],[19.65321,66.04695],[19.6637,66.04611],[19.66697,66.04654],[19.67853,66.0447],[19.69033,66.0442],[19.69441,66.04328],[19.69846,66.04107],[19.70979,66.0397],[19.71999,66.03777],[19.73329,66.03373],[19.73801,66.03326],[19.7435,66.03206],[19.75767,66.03148],[19.76485,66.03208],[19.77009,66.03352],[19.77282,66.03539],[19.78033,66.03839],[19.7859,66.0418],[19.78631,66.04279],[19.78455,66.0438],[19.7858,66.04508],[19.78599,66.04714],[19.78367,66.04931],[19.78545,66.05255],[19.78556,66.05598],[19.78914,66.05757],[19.79453,66.05819],[19.80024,66.05822],[19.80268,66.05925],[19.80496,66.06137],[19.80728,66.06197],[19.82215,66.06189],[19.82704,66.06163],[19.84672,66.05907],[19.8618,66.05656],[19.87678,66.05133],[19.91392,66.04386],[19.92916,66.04326],[19.93585,66.04223],[19.94776,66.04139],[19.95149,66.04034],[19.95982,66.03933],[19.96454,66.03785],[19.9746,66.03566],[19.98059,66.03496],[19.98259,66.03442],[19.98259,66.03395],[19.98971,66.03399],[19.99615,66.03526],[19.99846,66.03592],[19.9969,66.03826],[19.99799,66.04111],[19.9908,66.04626],[19.98194,66.05034],[19.97909,66.05704],[19.9795,66.06371],[19.97426,66.06734],[19.97207,66.07032],[19.97111,66.07684],[19.93549,66.098],[19.93229,66.10094],[19.92517,66.10466],[19.92017,66.11042],[19.92128,66.11323],[19.92795,66.11619],[19.93413,66.11574],[19.94585,66.11665],[19.94926,66.11613],[19.96235,66.11268],[19.98134,66.11295],[20.01269,66.12353],[20.01572,66.12604],[20.00911,66.12744],[20.00597,66.12849],[20.00346,66.12993],[20.0005,66.13368],[20.0011,66.13795],[20.0004,66.14059],[19.99778,66.14205],[19.99915,66.14239],[20.00572,66.1419],[20.01728,66.14282],[20.02033,66.14368],[20.02048,66.14503],[20.01692,66.14669],[20.01685,66.1484],[20.01591,66.14896],[20.01915,66.1504],[20.0202,66.15201],[20.01647,66.15351],[20.01741,66.15467],[20.01947,66.15557],[20.01855,66.15699],[20.0149,66.15986],[20.01374,66.16001],[20.00861,66.15922],[20.00664,66.15978],[20.01009,66.16012],[20.01143,66.1616],[20.01563,66.16405],[20.019,66.16392],[20.02306,66.16317],[20.0282,66.16338],[20.03022,66.16276],[20.03125,66.16188],[20.03331,66.16156],[20.03335,66.16048],[20.03887,66.15875],[20.04024,66.15724],[20.03835,66.15338],[20.04215,66.15199],[20.04361,66.1501],[20.04299,66.14875],[20.04747,66.14821],[20.04868,66.14763],[20.04719,66.14574],[20.04511,66.14527],[20.05747,66.1469],[20.06657,66.14632],[20.07185,66.14518],[20.08352,66.14497],[20.09382,66.14529],[20.10268,66.14613],[20.11073,66.14643],[20.12084,66.14587],[20.1297,66.14716],[20.13509,66.14905],[20.13577,66.15057],[20.13408,66.1519],[20.13466,66.1533],[20.13818,66.15452],[20.14075,66.1546],[20.14163,66.15501],[20.14077,66.15735],[20.14247,66.159],[20.14283,66.16166],[20.14436,66.16211],[20.1456,66.16338],[20.1541,66.16338],[20.16079,66.16231],[20.16738,66.16422],[20.16897,66.16565],[20.17697,66.1654],[20.18079,66.1643],[20.18562,66.16381],[20.18716,66.16254],[20.19143,66.16276],[20.19588,66.1622],[20.19669,66.16173],[20.19392,66.16035],[20.19555,66.15956],[20.19845,66.1592],[20.20302,66.1596],[20.20793,66.15836],[20.2095,66.15722],[20.21182,66.15677],[20.21369,66.15357],[20.21298,66.15194],[20.21345,66.15068],[20.21834,66.14941],[20.21841,66.14664],[20.21935,66.14602],[20.22956,66.14272],[20.23632,66.1416],[20.24304,66.14177],[20.24885,66.14064],[20.25094,66.13767],[20.25254,66.1369],[20.25463,66.13662],[20.25621,66.13536],[20.26548,66.13873],[20.27407,66.14012],[20.2778,66.14203],[20.28527,66.14293],[20.29516,66.15072],[20.29679,66.15121],[20.30198,66.15128],[20.30479,66.15171],[20.31563,66.15705],[20.29958,66.1631],[20.27681,66.16904],[20.26679,66.17349],[20.26319,66.17595],[20.24422,66.18623],[20.24669,66.18776],[20.24684,66.18851],[20.24385,66.19256],[20.24124,66.19398],[20.23961,66.19651],[20.23748,66.19722],[20.23737,66.19932],[20.23885,66.20035],[20.24276,66.20151],[20.24536,66.20299],[20.25778,66.20419],[20.27523,66.20833],[20.27681,66.20926],[20.2784,66.21211],[20.28576,66.21535],[20.29964,66.21782],[20.30801,66.21741],[20.31237,66.2178],[20.3326,66.22597],[20.33771,66.23595],[20.34112,66.2391],[20.34022,66.24269],[20.3446,66.25035],[20.34402,66.25297],[20.34456,66.25408],[20.34574,66.2543],[20.35146,66.25365],[20.35481,66.2544],[20.35576,66.25565],[20.35591,66.25818],[20.36155,66.26221],[20.38595,66.27374],[20.39532,66.28294],[20.3938,66.28936],[20.40425,66.30472],[20.4071,66.30573],[20.41013,66.30577],[20.43169,66.30281],[20.44345,66.30049],[20.44871,66.3],[20.45686,66.29996],[20.47289,66.29633],[20.4774,66.29575],[20.48547,66.29674],[20.48942,66.29603],[20.49371,66.29637],[20.49916,66.29792],[20.50302,66.29953],[20.51287,66.30174],[20.52894,66.30101],[20.53409,66.30159],[20.54227,66.3035],[20.54763,66.30646],[20.55984,66.30936],[20.56409,66.31363],[20.56439,66.31481],[20.56619,66.31536],[20.57177,66.31942],[20.57484,66.32122],[20.58231,66.32326],[20.58055,66.32618],[20.58557,66.33032],[20.5702,66.33154],[20.56323,66.33388],[20.55482,66.3353],[20.54175,66.33536],[20.53641,66.33794],[20.53117,66.33923],[20.52585,66.33978],[20.52152,66.3427],[20.51231,66.34362],[20.5056,66.3438],[20.49772,66.34654],[20.49038,66.34751],[20.47759,66.35144],[20.47038,66.35412],[20.45028,66.35678],[20.43584,66.36152],[20.42931,66.3645],[20.4197,66.36543],[20.41206,66.36521],[20.40936,66.36562],[20.40582,66.36646],[20.39211,66.37146],[20.37848,66.373],[20.37112,66.3748],[20.36483,66.37583],[20.35835,66.37753],[20.35488,66.37888],[20.34589,66.38085],[20.33183,66.38255],[20.32582,66.38422],[20.3232,66.38564],[20.3149,66.38826],[20.30876,66.38892],[20.30048,66.39111],[20.29394,66.39233],[20.28462,66.39291],[20.27898,66.39495],[20.27503,66.39789],[20.2557,66.40201],[20.24722,66.40553],[20.24585,66.4054],[20.23276,66.4078],[20.2272,66.41098],[20.2216,66.41253],[20.21755,66.41585],[20.21495,66.41692],[20.20911,66.42107],[20.19982,66.42418],[20.19654,66.42817],[20.1948,66.42898],[20.19184,66.42888],[20.18828,66.42787],[20.17877,66.4266],[20.17367,66.42669],[20.1627,66.42866],[20.15813,66.42858],[20.15586,66.42905],[20.15131,66.42896],[20.14714,66.42821],[20.14232,66.42821],[20.13412,66.42688],[20.12434,66.42789],[20.11938,66.42772],[20.11558,66.42836],[20.11022,66.43087],[20.10657,66.431],[20.10404,66.43201],[20.09039,66.43454],[20.06438,66.44516],[20.0573,66.4431],[20.05552,66.443],[20.05168,66.44353],[20.0478,66.44587],[20.04177,66.44718],[20.03932,66.4475],[20.02606,66.44748],[20.0149,66.4481],[20.01348,66.44862],[20.00909,66.44909],[20.00505,66.45057],[19.9905,66.45381],[19.98458,66.45332],[19.97911,66.45186],[19.96806,66.45351],[19.96192,66.45512],[19.95501,66.45778],[19.94836,66.45879],[19.94023,66.46104],[19.9286,66.46164],[19.92244,66.46302],[19.92023,66.46387],[19.91744,66.46407],[19.91248,66.46559],[19.90394,66.46662],[19.9018,66.4663],[19.89815,66.4649],[19.88673,66.46321],[19.88017,66.46325],[19.87601,66.46439],[19.86206,66.46338],[19.85727,66.46469],[19.85245,66.46492],[19.84792,66.46636],[19.84017,66.46608],[19.83592,66.46658],[19.82807,66.46784],[19.82161,66.46965],[19.81513,66.46977],[19.81146,66.47186],[19.80241,66.47209],[19.80032,66.47263],[19.79743,66.47417],[19.79472,66.47928],[19.79069,66.48368],[19.78938,66.48445],[19.78477,66.48582],[19.78269,66.48733],[19.77973,66.48814],[19.77445,66.48681],[19.77013,66.48769],[19.76657,66.48728],[19.76365,66.48784],[19.76157,66.48765],[19.75848,66.48542],[19.75477,66.4857],[19.75187,66.48548],[19.74314,66.48074],[19.73644,66.47945],[19.73336,66.47922],[19.72775,66.47733],[19.72664,66.47737],[19.72102,66.47943],[19.71694,66.48198],[19.71239,66.48299],[19.71132,66.48301],[19.7078,66.47962],[19.70417,66.48125],[19.70091,66.48417],[19.69814,66.48715],[19.6952,66.49211],[19.69293,66.49379],[19.6828,66.49671],[19.67312,66.49874],[19.67314,66.4975],[19.67214,66.4975],[19.65248,66.50282],[19.64424,66.5063],[19.64658,66.50797],[19.63939,66.50966],[19.63238,66.51447],[19.63832,66.51713],[19.64205,66.52084],[19.64493,66.52209],[19.65261,66.52241],[19.66257,66.52119],[19.66918,66.52181],[19.68231,66.52071],[19.68355,66.51949],[19.69278,66.52404],[19.70585,66.52795],[19.70692,66.52752],[19.71806,66.52859],[19.72728,66.53267],[19.73069,66.53565],[19.7314,66.53724],[19.73046,66.53818],[19.7313,66.53878],[19.73411,66.53951],[19.73981,66.53962],[19.74329,66.54018],[19.7449,66.54254],[19.74499,66.54451],[19.7641,66.55084],[19.77088,66.55923],[19.77303,66.55915],[19.77473,66.55837],[19.77629,66.55842],[19.77799,66.5602],[19.78513,66.56056],[19.78889,66.56361],[19.8056,66.5667],[19.8088,66.56773],[19.80893,66.56859],[19.80395,66.57348],[19.8058,66.57728],[19.80507,66.58082],[19.80249,66.58065],[19.80266,66.57773],[19.80204,66.58408],[19.79938,66.58678],[19.80179,66.58961],[19.80293,66.5897],[19.80545,66.59343],[19.8089,66.59383],[19.81258,66.59479],[19.81286,66.59618],[19.81189,66.59728],[19.81281,66.59831],[19.81195,66.59852],[19.82075,66.60378],[19.82348,66.60661],[19.82513,66.60957],[19.8241,66.61103],[19.81002,66.61869],[19.80747,66.62114],[19.80704,66.62266],[19.80794,66.62459],[19.81438,66.62918],[19.81783,66.63045],[19.8218,66.63126],[19.82281,66.6327],[19.82824,66.63236],[19.83837,66.62577],[19.85047,66.6209],[19.86006,66.61833],[19.86124,66.6177],[19.8585,66.61669],[19.86455,66.61485],[19.86652,66.61309],[19.8761,66.61006],[19.8818,66.60871],[19.88626,66.60687],[19.88811,66.60728],[19.89686,66.60174],[19.8998,66.60067],[19.91362,66.59732],[19.92132,66.59468],[19.92959,66.59112],[19.95051,66.58406],[19.96744,66.58077],[19.97572,66.57672],[19.98623,66.5732],[20.00739,66.56968],[20.03363,66.56741],[20.0399,66.56754],[20.05784,66.56938],[20.06666,66.56936],[20.07606,66.56743],[20.08468,66.56487],[20.10236,66.5635],[20.11813,66.56099],[20.12747,66.55998],[20.15165,66.55333],[20.17034,66.55009],[20.17725,66.54782],[20.18978,66.54522],[20.20489,66.54054],[20.2371,66.53505],[20.25355,66.53003],[20.27645,66.52565],[20.28958,66.52247],[20.29651,66.52009],[20.30934,66.51677],[20.31913,66.51546],[20.33621,66.51168],[20.34213,66.50984],[20.35151,66.5081],[20.35685,66.50743],[20.37964,66.50602],[20.3841,66.50492],[20.38758,66.50331],[20.40002,66.5019],[20.4017,66.50256],[20.40236,66.50353],[20.40226,66.50836],[20.40354,66.51104],[20.41206,66.51876],[20.4167,66.52205],[20.42236,66.52453],[20.43159,66.52709],[20.44133,66.52844],[20.44772,66.52889],[20.44644,66.53007],[20.44356,66.53095],[20.43905,66.53166],[20.42498,66.53777],[20.41586,66.53992],[20.40442,66.54509],[20.39492,66.54685],[20.37904,66.55168],[20.37157,66.55766],[20.36597,66.56344],[20.36629,66.56668],[20.36524,66.5682],[20.34898,66.57865],[20.32475,66.58592],[20.31801,66.5891],[20.3073,66.59882],[20.30685,66.60285],[20.30303,66.60506],[20.29203,66.60921],[20.27379,66.6124],[20.26284,66.61521],[20.25643,66.61629],[20.24471,66.61906],[20.24016,66.62045],[20.23446,66.6236],[20.23062,66.62676],[20.22274,66.62875],[20.21341,66.63238],[20.2083,66.63489],[20.20499,66.63826],[20.19933,66.64105],[20.17729,66.64571],[20.1688,66.64691],[20.16611,66.64719],[20.15073,66.64721],[20.14302,66.65051],[20.13444,66.65171],[20.13588,66.65354],[20.13382,66.65819],[20.13515,66.65998],[20.13822,66.66139],[20.15238,66.66495],[20.16244,66.66821],[20.16442,66.66929],[20.16564,66.67051],[20.16603,66.67242],[20.16345,66.67809],[20.16341,66.68017],[20.16603,66.68508],[20.16948,66.68759],[20.17483,66.69021],[20.17948,66.69182],[20.20347,66.6966],[20.21414,66.69787],[20.23111,66.6992],[20.25521,66.70265],[20.26175,66.70274],[20.28035,66.70094],[20.28806,66.69896],[20.29898,66.6939],[20.31499,66.68478],[20.32127,66.68012],[20.32293,66.67972],[20.32449,66.68015],[20.34891,66.69304],[20.35037,66.69293],[20.36086,66.68808],[20.3632,66.68755],[20.36234,66.69098],[20.3644,66.69371],[20.36672,66.69467],[20.38015,66.69817],[20.38299,66.69853],[20.3964,66.69881],[20.41818,66.70042],[20.43079,66.70276],[20.4385,66.70521],[20.45232,66.70722],[20.45993,66.70439],[20.48628,66.70002],[20.49523,66.69783],[20.50446,66.69635],[20.52201,66.69047],[20.5278,66.68701],[20.52958,66.6845],[20.53418,66.68257],[20.54456,66.67957],[20.55643,66.67817],[20.55999,66.67712],[20.57512,66.67433],[20.58634,66.66416],[20.59544,66.66219],[20.60207,66.65959],[20.60576,66.65879],[20.61851,66.64959],[20.6214,66.64841],[20.70103,66.62566],[20.72678,66.62339],[20.77373,66.61266],[20.77912,66.61032],[20.79763,66.60511],[20.79918,66.60393],[20.80276,66.60331],[20.80892,66.60088],[20.81006,66.59944],[20.81345,66.59811],[20.81753,66.59455],[20.81937,66.58981],[20.81497,66.58429],[20.81686,66.57859],[20.8195,66.57558],[20.82025,66.5735],[20.82394,66.5712],[20.82351,66.57022],[20.8245,66.56904],[20.83463,66.56496],[20.839,66.56209],[20.83926,66.55749],[20.84021,66.55623],[20.84482,66.55475],[20.84746,66.55447],[20.85093,66.55318],[20.84791,66.55136],[20.84765,66.54921],[20.85179,66.5423],[20.85458,66.53943],[20.85484,66.53818],[20.86531,66.53108],[20.86784,66.52449],[20.87334,66.52297],[20.87857,66.51915],[20.87666,66.51149],[20.87722,66.50825],[20.87922,66.50655],[20.88662,66.51121],[20.89765,66.51423],[20.90321,66.51505],[20.92705,66.51662],[20.93256,66.51818],[20.93878,66.519],[20.95402,66.52677],[20.95601,66.52726],[20.96166,66.52767],[20.97575,66.53183],[20.97781,66.53402],[20.97872,66.53724],[20.9832,66.53977],[20.98369,66.54348],[20.98934,66.54685],[20.99886,66.54885],[21.00095,66.54966],[21.00425,66.55766],[21.01833,66.56689],[21.01856,66.56981],[21.01959,66.57043],[21.02363,66.57088],[21.03942,66.57069],[21.04498,66.57127],[21.05077,66.57243],[21.08096,66.57189],[21.08697,66.57129],[21.09716,66.57277],[21.10317,66.57198],[21.11268,66.56865],[21.13864,66.56451],[21.15877,66.56288],[21.17297,66.56408],[21.18681,66.56273],[21.1957,66.56455],[21.19861,66.56631],[21.22833,66.57693],[21.23054,66.57835],[21.23383,66.58335],[21.23747,66.58588],[21.25717,66.59234],[21.27899,66.5971],[21.29449,66.59745],[21.30292,66.59708],[21.30816,66.59597],[21.315,66.59528],[21.32017,66.5956],[21.34798,66.60296],[21.35034,66.60382],[21.35206,66.60513],[21.35328,66.60659],[21.35328,66.61534],[21.32586,66.63465],[21.32,66.64167],[21.31569,66.64541],[21.30876,66.64757],[21.30019,66.6486],[21.28172,66.65214],[21.27447,66.65266],[21.26226,66.65452],[21.25644,66.65592],[21.24312,66.65682],[21.24009,66.65862],[21.23224,66.65957],[21.22468,66.66122],[21.22295,66.66201],[21.2225,66.6644],[21.21434,66.66982],[21.20211,66.67409],[21.20057,66.67624],[21.19769,66.67778],[21.19235,66.68308],[21.18561,66.68476],[21.17894,66.68804],[21.16984,66.69077],[21.16302,66.69343],[21.16229,66.6945],[21.16626,66.69937],[21.16619,66.70094],[21.15692,66.70647],[21.15203,66.71098],[21.1546,66.71561],[21.15417,66.71679],[21.14812,66.71703],[21.1472,66.71882],[21.14811,66.71703],[21.14918,66.7168],[21.15414,66.71684],[21.1534,66.71834],[21.14905,66.72179],[21.143,66.72834],[21.14276,66.72997],[21.14031,66.73325],[21.14076,66.73675],[21.13739,66.74051],[21.1516,66.73918],[21.17443,66.73827],[21.18615,66.73823],[21.1899,66.73746],[21.1993,66.73647],[21.20604,66.73626],[21.21149,66.73542],[21.22458,66.7345],[21.25822,66.73497],[21.27026,66.73476],[21.2741,66.73587],[21.28249,66.73926],[21.2894,66.73986],[21.32315,66.74452],[21.35916,66.74415],[21.39881,66.75284],[21.40712,66.75254],[21.41244,66.7519],[21.43712,66.75186],[21.44967,66.75572],[21.44823,66.75597],[21.44967,66.75572],[21.45216,66.75679],[21.45653,66.75752],[21.46739,66.76072],[21.47885,66.76192],[21.50471,66.76621],[21.52516,66.77181],[21.54576,66.77201],[21.56151,66.77325],[21.56842,66.77516],[21.57912,66.77979],[21.58249,66.78035],[21.59058,66.7802],[21.5947,66.77928],[21.60382,66.7754],[21.60743,66.77319],[21.61708,66.77001],[21.61841,66.76872],[21.61903,66.76576],[21.62457,66.76344],[21.6256,66.76104],[21.62146,66.75836],[21.62133,66.75696],[21.62519,66.75115],[21.62951,66.74793],[21.63257,66.74636],[21.63498,66.74336],[21.63725,66.73739],[21.64004,66.73557],[21.63965,66.73145],[21.63659,66.72858],[21.63622,66.72722],[21.63972,66.72388],[21.64755,66.72012],[21.6483,66.71939],[21.64862,66.71401],[21.64953,66.71255],[21.65759,66.70813],[21.67169,66.70699],[21.67798,66.70712],[21.68869,66.70559],[21.70225,66.70265],[21.70383,66.70186],[21.7092,66.69628],[21.72046,66.69296],[21.72023,66.69098],[21.72315,66.68903],[21.72553,66.68566],[21.73145,66.68356],[21.75192,66.68027],[21.77462,66.67512],[21.78735,66.66824],[21.79029,66.66727],[21.8102,66.66482],[21.81574,66.66682],[21.82938,66.66669],[21.83569,66.66826],[21.84503,66.66937],[21.84112,66.67221],[21.84159,66.67427],[21.83833,66.68004],[21.8381,66.68654],[21.8432,66.68828],[21.84664,66.6913],[21.85623,66.69336],[21.86363,66.69652],[21.86174,66.69918],[21.86537,66.70261],[21.86998,66.70465],[21.86676,66.7113],[21.86897,66.71308],[21.87805,66.72716],[21.87968,66.72776],[21.89069,66.72907],[21.89298,66.73014],[21.8918,66.73351],[21.89809,66.73639],[21.90045,66.73995],[21.89953,66.74327],[21.90496,66.74604],[21.89603,66.74965],[21.88603,66.75501],[21.88275,66.75733],[21.87657,66.7637],[21.86616,66.76898],[21.86075,66.77267],[21.85142,66.77748],[21.84367,66.78297],[21.82168,66.79344],[21.81773,66.79703],[21.81093,66.80735],[21.79726,66.81653],[21.79039,66.8238],[21.78694,66.82627],[21.77984,66.82923],[21.7719,66.83123],[21.74409,66.83513],[21.73158,66.83642],[21.72385,66.83773],[21.70534,66.84363],[21.68605,66.84893],[21.67751,66.85376],[21.66931,66.86123],[21.65513,66.86953],[21.63974,66.8835],[21.63347,66.88678],[21.60906,66.89665],[21.59019,66.90326],[21.59163,66.90609],[21.59374,66.90678],[21.60232,66.90809],[21.63202,66.91502],[21.64783,66.91659],[21.66867,66.91667],[21.70143,66.92099],[21.70778,66.91998],[21.7177,66.91725],[21.73793,66.90878],[21.7457,66.90723],[21.75012,66.90676],[21.75508,66.90481],[21.76018,66.90363],[21.77155,66.9032],[21.77859,66.90393],[21.78291,66.90384],[21.79651,66.90562],[21.80316,66.90539],[21.81016,66.90457],[21.81625,66.90236],[21.83455,66.90086],[21.84947,66.89713],[21.85837,66.89702],[21.87556,66.895],[21.89305,66.89446],[21.90197,66.89288],[21.91257,66.89167],[21.92204,66.89142],[21.92635,66.88828],[21.9265,66.88599],[21.92532,66.88462],[21.9189,66.88028],[21.9182,66.87886],[21.91905,66.87736],[21.92502,66.87296],[21.9371,66.86226],[21.9439,66.85979],[21.95585,66.85365],[21.96034,66.85226],[21.96566,66.84893],[21.97066,66.84702],[21.97418,66.84612],[21.98437,66.84505],[21.99396,66.84573],[22.00102,66.84541],[22.00744,66.84331],[22.02055,66.83715],[22.03819,66.83239],[22.05842,66.82511],[22.0655,66.82217],[22.07149,66.81876],[22.07452,66.81808],[22.08093,66.81741],[22.09312,66.8172],[22.09857,66.81647],[22.10237,66.81516],[22.10953,66.81112],[22.1129,66.81018],[22.12563,66.8099],[22.13786,66.80896],[22.14149,66.80938],[22.14595,66.81078],[22.1547,66.81205],[22.15958,66.81234],[22.1547,66.81205],[22.14595,66.81078],[22.14149,66.80938],[22.13786,66.80896],[22.12563,66.8099],[22.11576,66.81001],[22.11151,66.81044],[22.10237,66.81516],[22.09857,66.81647],[22.09312,66.8172],[22.08093,66.81741],[22.07452,66.81808],[22.07149,66.81876],[22.0655,66.82217],[22.05842,66.82511],[22.03819,66.83239],[22.02055,66.83715],[22.00744,66.84331],[22.00102,66.84541],[21.99396,66.84573],[21.98437,66.84505],[21.97418,66.84612],[21.96729,66.84827],[21.96034,66.85226],[21.95585,66.85365],[21.9439,66.85979],[21.9371,66.86226],[21.92502,66.87296],[21.91852,66.87794],[21.9189,66.88028],[21.92532,66.88462],[21.9265,66.88599],[21.92635,66.88828],[21.92204,66.89142],[21.92526,66.89243],[21.92732,66.89358],[21.92807,66.89504],[21.92725,66.89648],[21.91648,66.90191],[21.91159,66.90689],[21.90706,66.90979],[21.90446,66.91358],[21.8976,66.91796],[21.88953,66.92135],[21.88161,66.92554],[21.86839,66.92987],[21.86537,66.93182],[21.86485,66.93448],[21.87007,66.93892],[21.87,66.94184],[21.85264,66.9541],[21.85009,66.95768],[21.84949,66.96339],[21.84852,66.96523],[21.84088,66.97025],[21.83876,66.97227],[21.83627,66.98141],[21.83794,66.98778],[21.8332,66.99544],[21.83174,67.00572],[21.82477,67.0118],[21.82719,67.01192],[21.83657,67.01119],[21.84608,67.01188],[21.85249,67.01195],[21.88863,67.00926],[21.89537,67.00954],[21.90912,67.01134],[21.92989,67.01317],[21.93691,67.01212],[21.94925,67.00727],[21.95268,67.00697],[21.95633,67.00765],[21.96527,67.01437],[21.97158,67.01697],[21.97607,67.01825],[21.9898,67.02031],[21.99467,67.02152],[21.98761,67.03398],[21.97242,67.04151],[21.96948,67.04559],[21.96684,67.05162],[21.96028,67.0552],[21.93287,67.07812],[21.90833,67.08926],[21.88854,67.09481],[21.86638,67.10569],[21.85955,67.10771],[21.84303,67.11415],[21.83494,67.11831],[21.81848,67.12226],[21.80793,67.12636],[21.7949,67.13013],[21.79203,67.1317],[21.78417,67.1317],[21.7602,67.13479],[21.73591,67.1417],[21.72332,67.14232],[21.69892,67.15028],[21.68645,67.15513],[21.67139,67.16226],[21.65955,67.16552],[21.64564,67.17271],[21.63523,67.17663],[21.62077,67.18706],[21.6171,67.19133],[21.6118,67.1935],[21.60811,67.1944],[21.61476,67.20054],[21.61657,67.20399],[21.6235,67.21152],[21.62363,67.21257],[21.62032,67.21878],[21.6124,67.22435],[21.61069,67.22654],[21.60884,67.23148],[21.61212,67.23568],[21.61118,67.2406],[21.61165,67.24266],[21.59573,67.25178],[21.59215,67.25433],[21.58638,67.25718],[21.58296,67.25985],[21.58208,67.26373],[21.5859,67.26824],[21.59204,67.27173],[21.60019,67.27405],[21.61618,67.28045],[21.63255,67.29598],[21.63236,67.29873],[21.63611,67.30268],[21.63195,67.30686],[21.63139,67.30922],[21.63483,67.31581],[21.63629,67.32261],[21.64058,67.32555],[21.65343,67.32853],[21.65757,67.33147],[21.66019,67.33445],[21.66103,67.33658],[21.66116,67.33823],[21.65959,67.34194],[21.66113,67.34347],[21.66176,67.34557],[21.66425,67.34778],[21.67167,67.35143],[21.67394,67.35338],[21.67238,67.3602],[21.66828,67.36673],[21.66978,67.36825],[21.67843,67.3737],[21.67785,67.37658],[21.67605,67.37898],[21.67639,67.37975],[21.68534,67.38359],[21.69662,67.38632],[21.70529,67.3876],[21.70746,67.38936],[21.71222,67.39108],[21.71581,67.39321],[21.72156,67.39402],[21.73963,67.39357],[21.74656,67.39132],[21.75501,67.39117],[21.75849,67.39145],[21.76962,67.39054],[21.7772,67.39177],[21.78355,67.39108],[21.7919,67.38816],[21.7966,67.38718],[21.80149,67.38668],[21.80677,67.38548],[21.81784,67.38509],[21.82387,67.38333],[21.82973,67.38299],[21.83344,67.38338],[21.83726,67.38471],[21.84022,67.38681],[21.84112,67.38782],[21.84144,67.39042],[21.8526,67.39417],[21.85917,67.39535],[21.86281,67.39668],[21.87513,67.39981],[21.88427,67.40072],[21.90331,67.40099],[21.90781,67.40198],[21.91513,67.40464],[21.91835,67.40687],[21.91856,67.4122],[21.92403,67.4191],[21.92341,67.42331],[21.92611,67.42679],[21.93405,67.43153],[21.93586,67.43511],[21.93899,67.43797],[21.95266,67.44488],[21.99553,67.4559],[22.00851,67.45545],[22.03031,67.45614],[22.03864,67.45893],[22.04832,67.45455],[22.06782,67.45078],[22.07301,67.45009],[22.08709,67.45063],[22.10175,67.44968],[22.10979,67.44994],[22.11117,67.45067],[22.12743,67.44835],[22.13492,67.44788],[22.1776,67.44904],[22.18337,67.4488],[22.19603,67.44754],[22.20678,67.44711],[22.225,67.44792],[22.23294,67.44779],[22.24036,67.44666],[22.25442,67.44239],[22.26049,67.44114],[22.28705,67.43799],[22.29798,67.43616],[22.32139,67.43018],[22.32911,67.42949],[22.3469,67.4297],[22.37312,67.42799],[22.38587,67.42664],[22.40599,67.42352],[22.41975,67.42295],[22.42973,67.42389],[22.45301,67.42958],[22.46138,67.43067],[22.46863,67.43067],[22.48251,67.42977],[22.50526,67.42983],[22.51071,67.42925],[22.51575,67.42816],[22.518,67.42968],[22.52249,67.43447],[22.54834,67.44668],[22.55669,67.44953],[22.56062,67.4535],[22.56257,67.45442],[22.57287,67.45704],[22.57671,67.45932],[22.58278,67.46075],[22.59268,67.46198],[22.60145,67.46236],[22.60855,67.46571],[22.60999,67.46805],[22.61231,67.46964],[22.62175,67.47236],[22.6243,67.47468],[22.62937,67.47723],[22.64859,67.48099],[22.65709,67.48122],[22.65919,67.48564],[22.65791,67.48734],[22.65806,67.48839],[22.66104,67.49378],[22.65915,67.49848],[22.66209,67.50693],[22.66012,67.51191],[22.66119,67.51796],[22.66068,67.52259],[22.65761,67.52768],[22.65381,67.52995],[22.64962,67.53122],[22.64941,67.53255],[22.65203,67.5351],[22.64986,67.53899],[22.65076,67.54077],[22.64688,67.54156],[22.64338,67.54283],[22.63726,67.54311],[22.62548,67.54519],[22.62076,67.54826],[22.61682,67.54922],[22.61184,67.54957],[22.5983,67.55148],[22.5913,67.55349],[22.57922,67.55337],[22.57459,67.55392],[22.568,67.55914],[22.56351,67.56126],[22.5583,67.56302],[22.55371,67.56603],[22.55349,67.56721],[22.55613,67.56948],[22.55534,67.57371],[22.54937,67.58171],[22.54764,67.58304],[22.53296,67.59032],[22.53238,67.59574],[22.52963,67.59978],[22.52408,67.60471],[22.5232,67.60662],[22.52431,67.61772],[22.52877,67.62143],[22.52892,67.62319],[22.52317,67.62705],[22.52197,67.62875],[22.52371,67.63216],[22.5374,67.64023],[22.53742,67.64205],[22.53596,67.6431],[22.53238,67.64437],[22.53107,67.64679],[22.53124,67.64838],[22.53488,67.65184],[22.52511,67.65267],[22.51863,67.65388],[22.5166,67.65656],[22.51594,67.65901],[22.51479,67.65954],[22.50769,67.65924],[22.50514,67.66089],[22.50198,67.66169],[22.4967,67.66403],[22.49348,67.66634],[22.48871,67.66775],[22.48668,67.67058],[22.48664,67.67126],[22.48808,67.67244],[22.48339,67.6757],[22.48026,67.67681],[22.47676,67.6799],[22.47824,67.681],[22.48193,67.68224],[22.48316,67.68385],[22.48258,67.68497],[22.47856,67.68784],[22.4762,67.69089],[22.47631,67.69743],[22.47522,67.69938],[22.46322,67.70724],[22.45811,67.70859],[22.44799,67.71005],[22.44322,67.71211],[22.44142,67.71456],[22.44275,67.7193],[22.44213,67.72097],[22.43325,67.72657],[22.43052,67.72994],[22.4287,67.73116],[22.4243,67.73264],[22.41595,67.73412],[22.39024,67.7423],[22.38055,67.74588],[22.37535,67.74702],[22.36488,67.74831],[22.36001,67.74955],[22.35602,67.75129],[22.35297,67.75369],[22.3499,67.76032],[22.34196,67.76642],[22.34715,67.76731],[22.34937,67.76835],[22.35147,67.77762],[22.36261,67.78103],[22.36604,67.78161],[22.36917,67.785],[22.36922,67.78693],[22.37216,67.79133],[22.36945,67.79609],[22.37108,67.80328],[22.38151,67.80354],[22.38681,67.802],[22.39932,67.80146],[22.41344,67.80427],[22.41994,67.8044],[22.42631,67.8056],[22.4396,67.80998],[22.44818,67.81101],[22.45397,67.81356],[22.46324,67.81298],[22.47899,67.80957],[22.4817,67.80835],[22.48635,67.80828],[22.48893,67.80697],[22.49125,67.80384],[22.49792,67.80204],[22.50088,67.80041],[22.50172,67.79942],[22.50142,67.79721],[22.50345,67.79575],[22.50438,67.79273],[22.50165,67.78987],[22.50341,67.78852],[22.50461,67.78573],[22.50639,67.78376],[22.50972,67.7814],[22.51521,67.77916],[22.52809,67.7768],[22.53169,67.77466],[22.54008,67.77238],[22.55905,67.77058],[22.56635,67.76816],[22.56884,67.76691],[22.58662,67.76112],[22.58993,67.75805],[22.59353,67.7564],[22.60257,67.75335],[22.61001,67.75314],[22.6154,67.75357],[22.61793,67.75159],[22.61729,67.74852],[22.61991,67.74644],[22.62175,67.74286],[22.6296,67.73839],[22.63714,67.7364],[22.64141,67.73483],[22.64323,67.73352],[22.64362,67.73252],[22.64259,67.73071],[22.63634,67.72558],[22.62295,67.72239],[22.62126,67.72146],[22.6213,67.72046],[22.62677,67.71466],[22.63066,67.71305],[22.64518,67.70975],[22.65853,67.70445],[22.68368,67.69722],[22.68623,67.69679],[22.71026,67.69378],[22.70398,67.70346],[22.68966,67.71612],[22.68947,67.71807],[22.69123,67.72262],[22.69308,67.7243],[22.69681,67.72586],[22.69717,67.72661],[22.69462,67.72932],[22.68994,67.73067],[22.68696,67.73327],[22.68299,67.73417],[22.68222,67.73616],[22.68336,67.73837],[22.68125,67.7393],[22.68012,67.74093],[22.681,67.74314],[22.67836,67.74539],[22.67881,67.74685],[22.68387,67.74771],[22.69179,67.75015],[22.69544,67.75033],[22.70119,67.74904],[22.70816,67.74831],[22.71226,67.74739],[22.72865,67.74747],[22.75337,67.75502],[22.75906,67.75543],[22.76133,67.75509],[22.76953,67.75228],[22.76818,67.74985],[22.77092,67.74809],[22.80397,67.74636],[22.80725,67.74507],[22.81957,67.73241],[22.82377,67.72983],[22.838,67.72391],[22.85397,67.70666],[22.87521,67.66934],[22.88392,67.66342],[22.88113,67.65917],[22.90179,67.66357],[22.90791,67.66407],[22.91491,67.664],[22.92336,67.66325],[22.94201,67.65917],[22.94827,67.65825],[22.95402,67.65789],[22.96969,67.65784],[22.99168,67.65673],[22.99816,67.65683],[23.00404,67.65778],[23.01368,67.66128],[23.02048,67.66263],[23.02689,67.66308],[23.04927,67.66254],[23.0638,67.66394],[23.11444,67.67297],[23.12062,67.67462],[23.1292,67.67784],[23.13272,67.67956],[23.13736,67.68284],[23.1401,67.68642],[23.14285,67.69254],[23.1512,67.70044],[23.16079,67.70368],[23.1786,67.70765],[23.18304,67.70983],[23.18935,67.72114],[23.19004,67.72726],[23.19225,67.73007],[23.22514,67.7446],[23.24932,67.75243],[23.25316,67.75511],[23.25381,67.75676],[23.25319,67.76219],[23.26192,67.77082],[23.23372,67.77453],[23.22789,67.77665],[23.22578,67.77936],[23.22493,67.78311],[23.22066,67.78682],[23.20111,67.80058],[23.19641,67.8047],[23.18611,67.81002],[23.15935,67.81744],[23.15652,67.81927],[23.15553,67.82187],[23.15656,67.82356],[23.16532,67.83081],[23.16892,67.83206],[23.18197,67.83453],[23.18592,67.83613],[23.18967,67.84051],[23.19495,67.84401],[23.19669,67.84761],[23.20057,67.85062],[23.20076,67.855],[23.20169,67.85639],[23.20431,67.85824],[23.21364,67.86163],[23.22162,67.86684],[23.22336,67.86894],[23.22499,67.87431],[23.23209,67.88684],[23.23177,67.88832],[23.22971,67.89089],[23.23008,67.89253],[23.23915,67.898],[23.24806,67.90134],[23.25548,67.90675],[23.25619,67.90802],[23.25518,67.91733],[23.25645,67.91845],[23.26134,67.92074],[23.26383,67.92139],[23.26818,67.92147],[23.31033,67.91823],[23.31344,67.9183],[23.32859,67.92175],[23.33732,67.92544],[23.35217,67.92941],[23.39388,67.93194],[23.41556,67.93748],[23.43956,67.94091],[23.45137,67.9404],[23.45789,67.93956],[23.47008,67.93473],[23.47594,67.93302],[23.49225,67.93029],[23.50224,67.92772],[23.52872,67.91617],[23.53868,67.91362],[23.54645,67.91079],[23.55216,67.91029],[23.5555,67.91081],[23.56563,67.91441],[23.57737,67.91991],[23.58153,67.92357],[23.58415,67.92486],[23.60262,67.92967],[23.62131,67.93312],[23.62932,67.93767],[23.63471,67.94275],[23.64411,67.94359],[23.66503,67.93918]]}},{"type":"Feature","properties":{"name":"TET_S-17_20260801","country":"SE","lengthKm":502.1},"geometry":{"type":"LineString","coordinates":[[16.33151,59.77597],[16.33104,59.77488],[16.28931,59.77872],[16.26891,59.78246],[16.26208,59.78325],[16.2442,59.78386],[16.22071,59.78197],[16.21943,59.78314],[16.21941,59.78588],[16.21753,59.78753],[16.20977,59.79041],[16.2065,59.78987],[16.19892,59.78975],[16.19502,59.78834],[16.19137,59.78808],[16.18991,59.78704],[16.18766,59.78644],[16.18773,59.78519],[16.18635,59.78241],[16.18363,59.78086],[16.18286,59.77989],[16.18627,59.77788],[16.18782,59.77592],[16.19007,59.77487],[16.18773,59.77501],[16.18553,59.77365],[16.16385,59.77321],[16.15626,59.77223],[16.15449,59.7717],[16.15398,59.77106],[16.15138,59.77059],[16.15055,59.77139],[16.14833,59.77219],[16.14195,59.77235],[16.1342,59.77361],[16.12146,59.77437],[16.11782,59.77393],[16.11522,59.77301],[16.10564,59.77501],[16.09683,59.77257],[16.09146,59.77244],[16.06625,59.76842],[16.05244,59.76739],[16.03987,59.76576],[16.02236,59.76021],[16.01679,59.76014],[16.01191,59.75909],[15.9942,59.76093],[15.99059,59.76244],[15.98829,59.76421],[15.98307,59.76582],[15.97164,59.76843],[15.96852,59.7699],[15.96525,59.77261],[15.9522,59.77557],[15.94653,59.77643],[15.943,59.7781],[15.9395,59.77916],[15.9378,59.78118],[15.93325,59.7837],[15.92611,59.78585],[15.91734,59.78733],[15.91368,59.79266],[15.90812,59.79424],[15.91168,59.7966],[15.9099,59.8003],[15.91111,59.80126],[15.91468,59.80198],[15.91564,59.80279],[15.91567,59.80564],[15.91653,59.80709],[15.91997,59.81],[15.92368,59.81169],[15.92631,59.81218],[15.92886,59.81353],[15.93047,59.81507],[15.92868,59.81684],[15.92444,59.81862],[15.92329,59.8204],[15.92148,59.82126],[15.91963,59.82373],[15.91956,59.82503],[15.92109,59.82668],[15.91802,59.83203],[15.91598,59.83271],[15.9127,59.83217],[15.91172,59.83242],[15.90564,59.83558],[15.90237,59.83505],[15.90137,59.8353],[15.89912,59.8365],[15.89895,59.83797],[15.89477,59.83962],[15.89109,59.84015],[15.88907,59.83977],[15.88625,59.83995],[15.88041,59.83859],[15.87802,59.83866],[15.87459,59.83994],[15.87313,59.84157],[15.873,59.84318],[15.87218,59.84398],[15.86386,59.84531],[15.86157,59.84481],[15.85605,59.84227],[15.85026,59.84161],[15.84797,59.84186],[15.84133,59.84375],[15.84055,59.8432],[15.84073,59.84155],[15.84014,59.84096],[15.82885,59.83907],[15.82381,59.83755],[15.81806,59.83701],[15.8124,59.83597],[15.8087,59.8345],[15.80479,59.83402],[15.79376,59.82868],[15.7912,59.82692],[15.78207,59.82654],[15.77609,59.82692],[15.76825,59.82544],[15.76502,59.82531],[15.76297,59.8227],[15.76087,59.82152],[15.75141,59.8224],[15.73402,59.82189],[15.73039,59.82298],[15.72487,59.82547],[15.71684,59.82354],[15.71623,59.82307],[15.71665,59.81801],[15.71949,59.8148],[15.7212,59.81424],[15.72649,59.80981],[15.72903,59.80681],[15.72887,59.80563],[15.72749,59.80435],[15.7203,59.80423],[15.71533,59.80508],[15.70696,59.80835],[15.70424,59.81069],[15.70324,59.81004],[15.70304,59.80594],[15.69615,59.7997],[15.69204,59.79011],[15.69193,59.78358],[15.6817,59.78504],[15.67162,59.78827],[15.66962,59.78827],[15.66361,59.786],[15.65903,59.78322],[15.6555,59.78184],[15.652,59.77784],[15.65058,59.77293],[15.64886,59.77102],[15.64785,59.77126],[15.64775,59.77208],[15.64045,59.77233],[15.63734,59.77332],[15.63316,59.77594],[15.62959,59.77668],[15.62919,59.77716],[15.63011,59.77793],[15.62872,59.77954],[15.63065,59.78175],[15.63119,59.78387],[15.62979,59.78488],[15.62649,59.78574],[15.6216,59.78946],[15.62099,59.79055],[15.62311,59.79322],[15.6235,59.79529],[15.62263,59.80045],[15.62314,59.80223],[15.62597,59.80437],[15.6276,59.80676],[15.62743,59.80765],[15.62079,59.80945],[15.61834,59.81179],[15.61862,59.8089],[15.61787,59.80809],[15.60802,59.80394],[15.60269,59.79809],[15.59822,59.79505],[15.59707,59.79315],[15.5979,59.79009],[15.59403,59.78594],[15.591,59.78401],[15.58093,59.78099],[15.57856,59.77904],[15.57161,59.77678],[15.57118,59.7761],[15.57335,59.77485],[15.57199,59.77357],[15.56823,59.77246],[15.56665,59.77136],[15.56804,59.76842],[15.55086,59.77243],[15.54457,59.77686],[15.54605,59.77888],[15.5469,59.78159],[15.54649,59.78192],[15.54795,59.7878],[15.54731,59.79189],[15.54799,59.80006],[15.54583,59.79973],[15.5454,59.79933],[15.54269,59.79454],[15.53711,59.79333],[15.53591,59.79338],[15.53282,59.79517],[15.53153,59.79728],[15.52441,59.80045],[15.52266,59.80054],[15.52115,59.80148],[15.51864,59.8019],[15.51607,59.80302],[15.51477,59.80216],[15.50893,59.80586],[15.50572,59.80598],[15.50179,59.80459],[15.49799,59.80251],[15.49582,59.80177],[15.49393,59.80165],[15.48888,59.79864],[15.47829,59.80023],[15.47645,59.80014],[15.47446,59.7996],[15.46968,59.79631],[15.46741,59.79547],[15.4674,59.79226],[15.46837,59.79072],[15.47431,59.78702],[15.47747,59.78586],[15.48347,59.78665],[15.48953,59.78391],[15.48183,59.77836],[15.47792,59.77832],[15.4769,59.77711],[15.47048,59.77406],[15.46593,59.77243],[15.46341,59.77209],[15.46073,59.77047],[15.4574,59.76926],[15.45619,59.7691],[15.45141,59.76986],[15.44575,59.76952],[15.44399,59.76969],[15.44334,59.7705],[15.43907,59.7704],[15.43788,59.77085],[15.43393,59.77442],[15.43011,59.77544],[15.42484,59.77604],[15.41816,59.7748],[15.41235,59.77812],[15.40187,59.78524],[15.39349,59.78776],[15.38941,59.78782],[15.38657,59.78962],[15.37933,59.78974],[15.37816,59.78936],[15.37738,59.78748],[15.37986,59.78339],[15.38405,59.78128],[15.38485,59.77991],[15.38671,59.77513],[15.38616,59.76948],[15.38661,59.76777],[15.38302,59.76727],[15.38061,59.76762],[15.37327,59.76668],[15.37051,59.76677],[15.3665,59.76814],[15.35821,59.76895],[15.35635,59.77012],[15.35662,59.77156],[15.35474,59.77173],[15.35215,59.77101],[15.34731,59.76842],[15.34427,59.76792],[15.34317,59.76703],[15.34008,59.76616],[15.33935,59.76478],[15.33787,59.76399],[15.33074,59.76255],[15.32794,59.76018],[15.32285,59.75825],[15.32164,59.75755],[15.32113,59.75623],[15.31937,59.75529],[15.31782,59.75507],[15.31504,59.75325],[15.3116,59.75442],[15.30705,59.75277],[15.30349,59.75338],[15.29986,59.75317],[15.29346,59.75176],[15.28733,59.7498],[15.28315,59.74958],[15.277,59.74986],[15.27336,59.7482],[15.26864,59.74778],[15.26563,59.74622],[15.25905,59.74466],[15.25698,59.74549],[15.25052,59.74513],[15.24788,59.74567],[15.24585,59.75023],[15.2431,59.75308],[15.24076,59.75517],[15.23119,59.76162],[15.22601,59.76325],[15.22208,59.7652],[15.21881,59.76579],[15.21584,59.7669],[15.21349,59.76719],[15.20808,59.76551],[15.205,59.76368],[15.20807,59.75943],[15.20482,59.75714],[15.20695,59.75253],[15.20773,59.7476],[15.21156,59.74563],[15.21337,59.74249],[15.21114,59.74172],[15.20451,59.74072],[15.20266,59.74175],[15.19926,59.74543],[15.1969,59.74566],[15.19655,59.74432],[15.19711,59.74273],[15.19467,59.7415],[15.19357,59.74005],[15.19291,59.73992],[15.19,59.74135],[15.18866,59.74325],[15.18682,59.74414],[15.18507,59.74387],[15.18171,59.74438],[15.17863,59.74574],[15.17543,59.75055],[15.17225,59.75187],[15.1672,59.7528],[15.16541,59.75376],[15.16487,59.75471],[15.16502,59.75807],[15.17389,59.76295],[15.1769,59.76699],[15.18062,59.76882],[15.18646,59.7726],[15.19036,59.77435],[15.19424,59.77824],[15.20577,59.78335],[15.19008,59.79226],[15.187,59.79638],[15.18488,59.79723],[15.17679,59.79796],[15.17325,59.79874],[15.17048,59.80012],[15.16822,59.80247],[15.16657,59.80337],[15.16834,59.80649],[15.16811,59.80899],[15.16929,59.81076],[15.16848,59.81209],[15.16859,59.81691],[15.16446,59.82122],[15.16632,59.82292],[15.17234,59.82439],[15.17458,59.82929],[15.17447,59.8304],[15.17711,59.83239],[15.17517,59.83523],[15.17541,59.83676],[15.17473,59.83817],[15.17085,59.84324],[15.16817,59.84418],[15.16379,59.8448],[15.16212,59.8457],[15.16057,59.84744],[15.16024,59.85077],[15.15783,59.85226],[15.15763,59.85689],[15.16421,59.86286],[15.16927,59.86585],[15.16901,59.86754],[15.16738,59.86966],[15.16613,59.87559],[15.16262,59.87723],[15.1611,59.87945],[15.15819,59.88109],[15.15653,59.88385],[15.15464,59.88425],[15.15051,59.88264],[15.14357,59.88171],[15.14153,59.88104],[15.13905,59.87879],[15.13465,59.87267],[15.13323,59.87218],[15.12854,59.87176],[15.12739,59.87126],[15.12627,59.86869],[15.12146,59.86702],[15.11925,59.86558],[15.1145,59.86453],[15.11002,59.86547],[15.10655,59.86489],[15.10393,59.86226],[15.1006,59.86031],[15.10159,59.85686],[15.1012,59.85504],[15.09951,59.85238],[15.09711,59.85112],[15.09678,59.84858],[15.09538,59.84743],[15.09247,59.84718],[15.08535,59.84802],[15.07389,59.85183],[15.07037,59.8519],[15.06808,59.85255],[15.06774,59.85209],[15.06915,59.8504],[15.0682,59.84836],[15.07045,59.84663],[15.0745,59.84457],[15.07383,59.84279],[15.07516,59.84167],[15.07121,59.83785],[15.06881,59.83667],[15.06991,59.83385],[15.06947,59.83176],[15.0688,59.831],[15.06558,59.82982],[15.05878,59.82853],[15.05452,59.82869],[15.05266,59.82807],[15.04604,59.82892],[15.04473,59.82968],[15.04212,59.83015],[15.03659,59.8301],[15.03271,59.83091],[15.03174,59.83171],[15.02776,59.83303],[15.02032,59.83499],[15.01375,59.83511],[15.0066,59.83636],[15.00441,59.83638],[15.00315,59.83488],[15.00142,59.835],[14.99677,59.83754],[14.99508,59.84112],[14.99636,59.84283],[14.99454,59.84478],[14.99412,59.84862],[14.99677,59.85028],[14.99815,59.85211],[14.99942,59.85819],[14.99764,59.86319],[14.99654,59.86438],[14.99695,59.8668],[14.99564,59.86824],[14.99582,59.86895],[14.99287,59.87019],[14.99172,59.8711],[14.99132,59.8725],[14.98854,59.87294],[14.98718,59.87387],[14.98844,59.87495],[14.99218,59.87531],[14.99451,59.87616],[15.00019,59.8747],[15.00171,59.87826],[15.00495,59.87991],[15.00681,59.88183],[15.01078,59.88412],[15.01252,59.8881],[15.01115,59.88976],[15.00815,59.89092],[15.00464,59.89449],[15.00338,59.89792],[15.0044,59.90125],[15.00216,59.90515],[15.00339,59.90749],[15.00101,59.91607],[15.00138,59.91695],[15.00291,59.91776],[15.00305,59.91868],[15.00091,59.92541],[15.00171,59.92966],[15.00063,59.93326],[15.00067,59.93479],[15.00239,59.93589],[15.00351,59.93826],[15.0019,59.93942],[15.00098,59.94153],[15.00067,59.94689],[14.99978,59.94889],[15.00056,59.95026],[14.9979,59.95749],[14.99803,59.9585],[15.00072,59.96058],[15.00078,59.96149],[15.00252,59.96324],[15.00676,59.96448],[15.00862,59.96662],[15.01046,59.96741],[15.01107,59.96833],[15.01082,59.97242],[15.01144,59.97387],[15.01024,59.97668],[15.00702,59.97929],[15.00693,59.98087],[15.00607,59.98147],[15.00442,59.98153],[15.00285,59.98209],[15.00266,59.98319],[15.00179,59.98357],[14.99731,59.98333],[14.994,59.98358],[14.98983,59.98282],[14.98744,59.98195],[14.98285,59.98289],[14.97749,59.98854],[14.9762,59.99109],[14.97679,59.99297],[14.97556,59.99504],[14.97802,59.99763],[14.976,59.99981],[14.9756,60.00139],[14.97339,60.00248],[14.96833,60.00292],[14.96577,60.00383],[14.96202,60.00377],[14.95962,60.0042],[14.95923,60.00511],[14.96476,60.01244],[14.96383,60.01563],[14.96153,60.01715],[14.96073,60.0192],[14.96376,60.02149],[14.96398,60.02299],[14.9652,60.02451],[14.96477,60.02661],[14.96192,60.02437],[14.95817,60.02348],[14.95028,60.02271],[14.94713,60.02304],[14.94179,60.02588],[14.93725,60.0272],[14.93409,60.02658],[14.93986,60.02123],[14.94048,60.01881],[14.93634,60.01253],[14.93411,60.00759],[14.93291,60.00186],[14.93175,60.00024],[14.93657,59.99911],[14.9381,59.99815],[14.9418,59.99751],[14.93963,59.99071],[14.94207,59.99073],[14.94458,59.98978],[14.93789,59.98292],[14.93458,59.98191],[14.93318,59.97909],[14.92962,59.97812],[14.92862,59.97869],[14.92516,59.97872],[14.92165,59.98136],[14.9217,59.98256],[14.92357,59.98437],[14.92115,59.98562],[14.91912,59.98306],[14.91925,59.98102],[14.91848,59.98076],[14.9094,59.98102],[14.90526,59.98053],[14.90039,59.98363],[14.89523,59.98518],[14.89187,59.98524],[14.88891,59.98446],[14.886,59.98422],[14.88264,59.98724],[14.88226,59.98898],[14.88115,59.9901],[14.87583,59.99367],[14.87502,59.99727],[14.87212,59.9981],[14.87007,60.00045],[14.86676,60.00103],[14.86298,60.00231],[14.86059,60.00207],[14.85906,60.00136],[14.85602,59.9978],[14.8513,59.99597],[14.84934,59.99342],[14.84599,59.99122],[14.84384,59.99155],[14.84266,59.99213],[14.84023,59.99176],[14.83417,59.99327],[14.83082,59.99092],[14.83203,59.9872],[14.83179,59.98622],[14.83106,59.98604],[14.82478,59.98635],[14.81789,59.98564],[14.81503,59.98608],[14.81178,59.98595],[14.80668,59.98792],[14.79718,59.98805],[14.79482,59.98844],[14.78816,59.99135],[14.78493,59.99183],[14.78418,59.99645],[14.78631,60.00572],[14.78812,60.00975],[14.78903,60.01048],[14.79326,60.01204],[14.79428,60.01445],[14.7964,60.01641],[14.79624,60.0183],[14.7975,60.0219],[14.80084,60.02553],[14.80067,60.02863],[14.79536,60.02887],[14.79084,60.02773],[14.7877,60.02786],[14.78536,60.02946],[14.78095,60.03007],[14.77964,60.03008],[14.77577,60.02862],[14.77253,60.02887],[14.77038,60.02841],[14.76849,60.02844],[14.76203,60.02911],[14.75742,60.03033],[14.75381,60.03252],[14.75029,60.0336],[14.74857,60.03632],[14.74716,60.03726],[14.74686,60.03861],[14.73979,60.04173],[14.73497,60.04251],[14.73211,60.0421],[14.72944,60.03882],[14.7275,60.0379],[14.71799,60.03734],[14.71283,60.03816],[14.70981,60.03916],[14.70205,60.03999],[14.69077,60.03484],[14.68841,60.03438],[14.68578,60.03447],[14.68349,60.03518],[14.67681,60.03584],[14.6739,60.03581],[14.67036,60.0353],[14.66755,60.03342],[14.66557,60.03321],[14.6583,60.03551],[14.64782,60.03479],[14.64171,60.0375],[14.64379,60.03453],[14.64222,60.02994],[14.64045,60.02846],[14.63894,60.02806],[14.63746,60.02693],[14.63528,60.02395],[14.63249,60.02299],[14.63141,60.02168],[14.62827,60.02151],[14.62487,60.02297],[14.62362,60.02311],[14.62221,60.0223],[14.62185,60.02043],[14.62285,60.01824],[14.61658,60.01684],[14.61476,60.01721],[14.61344,60.01925],[14.60874,60.02068],[14.60818,60.02138],[14.60859,60.02264],[14.60786,60.02346],[14.60567,60.02407],[14.60452,60.02333],[14.60436,60.01959],[14.60112,60.01853],[14.59972,60.01872],[14.59918,60.01911],[14.5996,60.01954],[14.60286,60.02178],[14.60162,60.02831],[14.60237,60.02924],[14.60077,60.03006],[14.59786,60.03518],[14.59599,60.03694],[14.59272,60.04235],[14.58967,60.04924],[14.58808,60.05062],[14.58666,60.05104],[14.58323,60.04964],[14.58045,60.0501],[14.57866,60.05168],[14.57666,60.05243],[14.57571,60.05474],[14.56969,60.05572],[14.56808,60.05771],[14.56483,60.05915],[14.56417,60.06129],[14.56126,60.06222],[14.56017,60.06312],[14.55957,60.06485],[14.56021,60.0657],[14.56275,60.06622],[14.56488,60.06621],[14.56492,60.06739],[14.56293,60.06935],[14.56446,60.07069],[14.56396,60.07158],[14.56464,60.07274],[14.56216,60.07361],[14.56196,60.07513],[14.55786,60.07831],[14.55701,60.07983],[14.5554,60.08105],[14.55305,60.085],[14.54994,60.08787],[14.54636,60.09589],[14.53936,60.0972],[14.53445,60.09935],[14.53237,60.10108],[14.52896,60.10174],[14.5268,60.10342],[14.52465,60.10352],[14.52118,60.10442],[14.51956,60.10668],[14.51825,60.10706],[14.51634,60.10698],[14.512,60.10634],[14.50992,60.10674],[14.50674,60.10614],[14.50224,60.10686],[14.49643,60.10633],[14.49224,60.10714],[14.48673,60.1069],[14.48274,60.1085],[14.47767,60.11248],[14.47313,60.11463],[14.47007,60.11531],[14.46536,60.11481],[14.46298,60.11642],[14.45403,60.11917],[14.4508,60.12082],[14.44923,60.12387],[14.44674,60.12491],[14.44369,60.12721],[14.44032,60.12843],[14.436,60.12883],[14.43409,60.13043],[14.43152,60.13138],[14.42954,60.13297],[14.42156,60.13578],[14.41551,60.13717],[14.41114,60.13765],[14.40806,60.13615],[14.40275,60.13542],[14.39892,60.13569],[14.39509,60.13692],[14.38666,60.13704],[14.38452,60.13857],[14.37938,60.13911],[14.37631,60.14063],[14.37297,60.14103],[14.37118,60.14247],[14.36825,60.14227],[14.36906,60.14345],[14.36904,60.14579],[14.36832,60.14617],[14.36595,60.14597],[14.36457,60.14543],[14.36184,60.14213],[14.36109,60.14254],[14.35623,60.14244],[14.35521,60.1432],[14.35384,60.1433],[14.3516,60.14341],[14.34997,60.14269],[14.34441,60.14325],[14.33644,60.13909],[14.33396,60.13514],[14.33159,60.13403],[14.32768,60.13392],[14.32567,60.13421],[14.32263,60.13552],[14.31969,60.13593],[14.31154,60.13582],[14.30775,60.13635],[14.30345,60.13626],[14.29487,60.13907],[14.29156,60.13916],[14.28469,60.14054],[14.28144,60.14304],[14.27547,60.14461],[14.27376,60.14434],[14.2689,60.14171],[14.26858,60.13981],[14.26731,60.13897],[14.2651,60.13888],[14.25414,60.14035],[14.25082,60.14117],[14.24349,60.14577],[14.23732,60.14703],[14.23026,60.1511],[14.22545,60.15285],[14.22257,60.15354],[14.21919,60.15367],[14.21933,60.15106],[14.2164,60.15091],[14.21496,60.15126],[14.21498,60.1524],[14.21287,60.15402],[14.21157,60.15442],[14.21062,60.15644],[14.20694,60.15962],[14.19944,60.17054],[14.19467,60.1706],[14.19384,60.17112],[14.19136,60.17428],[14.19119,60.17715],[14.18955,60.18056],[14.18764,60.18229],[14.18299,60.18499],[14.18,60.18788],[14.17902,60.19052],[14.1772,60.19252],[14.17018,60.19614],[14.16713,60.19872],[14.16568,60.20015],[14.16579,60.20095],[14.16386,60.20366],[14.16012,60.20709],[14.16022,60.20931],[14.15829,60.21198],[14.1583,60.21613],[14.15911,60.21736],[14.15866,60.22149],[14.15794,60.22329],[14.15631,60.22482],[14.15483,60.22881],[14.14569,60.2418],[14.14523,60.24837],[14.14181,60.25264],[14.14194,60.25476],[14.14022,60.25546],[14.13978,60.25669],[14.13787,60.25736],[14.1353,60.25964],[14.13308,60.26005],[14.13283,60.2585],[14.13086,60.256],[14.13036,60.25332],[14.12959,60.25309],[14.12575,60.25601],[14.11259,60.25429],[14.11004,60.25258],[14.10417,60.25017],[14.09821,60.24995],[14.09565,60.2495],[14.09433,60.24966],[14.09211,60.24886],[14.08944,60.24861],[14.08473,60.25077],[14.08354,60.2507],[14.08171,60.2473],[14.07932,60.24513],[14.07807,60.24482],[14.07554,60.24531],[14.06905,60.24892],[14.06624,60.2492],[14.06449,60.25],[14.06189,60.25024],[14.06015,60.25132],[14.05653,60.25214],[14.04869,60.25247],[14.04689,60.25139],[14.04498,60.25116],[14.04397,60.25005],[14.04106,60.24939],[14.03981,60.24769],[14.03982,60.24723],[14.04608,60.24397],[14.0505,60.24299],[14.06059,60.23977],[14.06414,60.23793],[14.06557,60.23631],[14.06848,60.23469],[14.06929,60.23335],[14.07054,60.22914],[14.07248,60.22648],[14.07267,60.22394],[14.06986,60.22176],[14.06651,60.22034],[14.06606,60.2174],[14.06692,60.21572],[14.07168,60.21096],[14.07592,60.2043],[14.07454,60.20189],[14.07591,60.20046],[14.07564,60.20001],[14.07088,60.19731],[14.07009,60.19499],[14.07214,60.1922],[14.08385,60.18327],[14.08612,60.17887],[14.08581,60.17601],[14.08659,60.17333],[14.08349,60.17202],[14.08285,60.17104],[14.08551,60.1643],[14.0856,60.15882],[14.08675,60.15694],[14.08497,60.15495],[14.08252,60.15436],[14.0805,60.1528],[14.08293,60.15068],[14.08791,60.14981],[14.09062,60.14856],[14.09308,60.1429],[14.09628,60.13913],[14.09853,60.13491],[14.09626,60.13137],[14.09406,60.13099],[14.09161,60.13147],[14.08861,60.12985],[14.08732,60.13013],[14.08662,60.13213],[14.08216,60.13331],[14.07864,60.13615],[14.07439,60.1371],[14.07326,60.13638],[14.07367,60.13455],[14.07039,60.13293],[14.06987,60.13176],[14.07104,60.12361],[14.07301,60.11761],[14.07295,60.11138],[14.07458,60.10667],[14.07192,60.10428],[14.07221,60.10093],[14.07341,60.09634],[14.07657,60.09308],[14.07779,60.08955],[14.07959,60.08825],[14.0792,60.0862],[14.07797,60.08465],[14.07891,60.08241],[14.07688,60.08082],[14.06958,60.07945],[14.06263,60.08039],[14.05641,60.08021],[14.04982,60.08079],[14.04365,60.08212],[14.03767,60.08213],[14.03355,60.08309],[14.0316,60.08481],[14.03218,60.08768],[14.03187,60.09009],[14.03108,60.09072],[14.02748,60.09013],[14.02378,60.09073],[14.02118,60.08975],[14.01834,60.09106],[14.01559,60.09058],[14.0125,60.09079],[14.00476,60.0934],[13.99337,60.09472],[13.99103,60.09377],[13.98909,60.09367],[13.98929,60.09296],[13.99042,60.09242],[13.98942,60.09167],[13.99134,60.09135],[13.9903,60.09048],[13.99214,60.08973],[13.99243,60.08919],[13.99214,60.08869],[13.99033,60.08829],[13.9891,60.08751],[13.9882,60.0814],[13.97982,60.07543],[13.97036,60.07435],[13.96022,60.07534],[13.9583,60.07479],[13.95656,60.07315],[13.95474,60.0727],[13.94756,60.07263],[13.93899,60.07423],[13.9364,60.07322],[13.93273,60.07304],[13.93029,60.07186],[13.92683,60.07184],[13.92313,60.07112],[13.92178,60.07118],[13.91818,60.07274],[13.91762,60.0722],[13.91839,60.0708],[13.91806,60.0692],[13.91249,60.06584],[13.90764,60.06121],[13.90645,60.06047],[13.89975,60.05894],[13.89754,60.05922],[13.89123,60.06447],[13.88576,60.06509],[13.8811,60.06666],[13.86933,60.06682],[13.86528,60.06751],[13.87302,60.05851],[13.86807,60.05623],[13.86678,60.05476],[13.86555,60.05159],[13.8654,60.04623],[13.86219,60.04425],[13.86095,60.04147],[13.86161,60.03919],[13.85908,60.03716],[13.85922,60.03423],[13.86045,60.0324],[13.8588,60.03043],[13.85937,60.03034],[13.8531,60.0308],[13.84117,60.03313],[13.83885,60.03341],[13.83844,60.03293],[13.83879,60.02643],[13.83819,60.02535],[13.84095,60.02302],[13.84274,60.02044],[13.84508,60.01664],[13.84595,60.01329],[13.84532,60.00933],[13.84124,60.00554],[13.84073,60.00445],[13.83956,60.00405],[13.83793,60.00411],[13.83625,60.00333],[13.8292,60.00334],[13.82797,60.00357],[13.82486,60.00523],[13.82212,60.00408],[13.80969,60.00372],[13.80926,60.00615],[13.80816,60.00768],[13.80475,60.00908],[13.80271,60.00915],[13.79616,60.0084],[13.79322,60.00722],[13.7879,60.00653],[13.78534,60.00682],[13.78251,60.00601],[13.78163,60.00519],[13.78061,60.00103],[13.7798,60.00063],[13.77834,60.00051],[13.77642,60.00117],[13.77332,60.0041],[13.76966,60.0062],[13.76761,60.00601],[13.76187,60.00649],[13.75864,60.00522],[13.75664,60.00217],[13.75305,59.99991],[13.74885,59.99913],[13.74519,59.99913],[13.7432,60.00016],[13.743,60.00239],[13.74205,60.00309],[13.73999,60.00271],[13.73764,60.00305],[13.72967,60.003],[13.72636,60.00414],[13.72772,60.01159],[13.73049,60.01762],[13.73075,60.02189],[13.73043,60.01731],[13.7277,60.01149],[13.72688,60.00476],[13.72617,60.00411],[13.72377,60.00495],[13.71429,60.00605],[13.70945,60.00931],[13.71208,60.01203],[13.71518,60.01364],[13.7149,60.01594],[13.71701,60.02211],[13.7199,60.02521],[13.72142,60.0258],[13.72083,60.02661],[13.72143,60.02721],[13.7208,60.02763],[13.71979,60.02751],[13.71843,60.02797],[13.71757,60.029],[13.71451,60.02924],[13.71546,60.03015],[13.71103,60.0295],[13.72238,60.03833],[13.71701,60.0402],[13.70967,60.04207],[13.70708,60.04192],[13.70465,60.04252],[13.7032,60.04226],[13.7033,60.03939],[13.7057,60.03614],[13.70584,60.03451],[13.70472,60.03314],[13.70188,60.03173],[13.6997,60.02992],[13.69928,60.02491],[13.69262,60.02097],[13.6848,60.01851],[13.68339,60.01961],[13.67844,60.02619],[13.67517,60.0273],[13.66938,60.03017],[13.66751,60.03314],[13.66748,60.03514],[13.66553,60.0397],[13.66178,60.04283],[13.65965,60.04334],[13.65249,60.0406],[13.64719,60.04064],[13.64127,60.0386],[13.63878,60.03838],[13.63651,60.03747],[13.63413,60.0381],[13.63323,60.03784],[13.62956,60.03584],[13.62914,60.03466],[13.6266,60.03266],[13.62289,60.02539],[13.61865,60.02402],[13.61669,60.02564],[13.60811,60.03033],[13.60084,60.03578],[13.60174,60.03726],[13.60126,60.03784],[13.59899,60.03949],[13.59716,60.04184],[13.59418,60.04282],[13.59224,60.04901],[13.59396,60.05179],[13.5931,60.05799],[13.59236,60.05913],[13.59028,60.06056],[13.58797,60.06087],[13.5842,60.06018],[13.57709,60.06008],[13.57276,60.06086],[13.56899,60.06086],[13.55813,60.06339],[13.55209,60.06052],[13.54895,60.06422],[13.54472,60.06514],[13.5403,60.06763],[13.53641,60.0707],[13.53301,60.07188],[13.52959,60.07227],[13.52057,60.0775],[13.51967,60.07597],[13.52003,60.07525],[13.52455,60.07266],[13.51628,60.07214],[13.51218,60.07065],[13.50574,60.06479],[13.50414,60.06416],[13.4913,60.06858],[13.49131,60.07017],[13.493,60.0713],[13.48574,60.07079],[13.47721,60.06788],[13.47387,60.06982],[13.4682,60.07517],[13.46518,60.07666],[13.45043,60.08161],[13.44853,60.08284],[13.44788,60.08413],[13.43983,60.0852],[13.43551,60.08773],[13.43014,60.08804],[13.41226,60.09043],[13.40744,60.09303],[13.40433,60.09351],[13.40086,60.09674],[13.39355,60.09809],[13.39129,60.10018],[13.3872,60.10155],[13.3813,60.10187],[13.37806,60.1007],[13.37205,60.10013],[13.36646,60.10149],[13.36146,60.10173],[13.35701,60.10375],[13.35618,60.10359],[13.35154,60.10071],[13.34643,60.09536],[13.34226,60.09213],[13.32402,60.08619],[13.3182,60.08504],[13.31464,60.08288],[13.31339,60.08063],[13.31392,60.07852],[13.31216,60.07242],[13.31046,60.07131],[13.30742,60.06719],[13.30716,60.06383],[13.3061,60.06266],[13.3039,60.062],[13.29977,60.06202],[13.29527,60.06112],[13.28952,60.06077],[13.29063,60.06409],[13.29103,60.07534],[13.29184,60.07651],[13.29168,60.07815],[13.2928,60.0797],[13.29622,60.08138],[13.30043,60.08503],[13.30706,60.08812],[13.31153,60.08932],[13.31384,60.09049],[13.31672,60.09408],[13.31752,60.10022],[13.31981,60.104],[13.31861,60.10662],[13.31506,60.10965],[13.31342,60.11189],[13.31144,60.11918],[13.3107,60.11949],[13.30916,60.11936],[13.30784,60.11836],[13.30515,60.11962],[13.30363,60.12145],[13.30225,60.12173],[13.30123,60.12127],[13.29732,60.1213],[13.29312,60.12224],[13.28565,60.12634],[13.27927,60.12919],[13.27248,60.13118],[13.26921,60.13173],[13.26588,60.13297],[13.26473,60.13525],[13.26086,60.13638],[13.25883,60.13764],[13.25659,60.14103],[13.2564,60.14232],[13.25327,60.14655],[13.25003,60.14902],[13.2482,60.14954],[13.24265,60.1497],[13.23787,60.14829],[13.2319,60.14745],[13.22455,60.14824],[13.22249,60.14912],[13.21983,60.1514],[13.21931,60.15322],[13.21737,60.1549],[13.21306,60.15522],[13.21191,60.15611],[13.21002,60.15667],[13.2073,60.1565],[13.20502,60.15687],[13.19942,60.16086],[13.19686,60.16074],[13.19246,60.1612],[13.18805,60.16043],[13.18278,60.16064],[13.17699,60.16011],[13.17604,60.16044],[13.17209,60.16283],[13.16809,60.16687],[13.16683,60.16895],[13.16422,60.17037],[13.16134,60.17088],[13.15836,60.17055],[13.15309,60.16877],[13.14726,60.16799],[13.14342,60.16666],[13.13837,60.16609],[13.1376,60.16569],[13.13243,60.1674],[13.13122,60.16718],[13.12781,60.16513],[13.12478,60.16534],[13.12291,60.16638],[13.11858,60.16588],[13.1156,60.16638],[13.11402,60.16792],[13.11401,60.16948],[13.11179,60.171],[13.1106,60.17161],[13.10643,60.17192],[13.10282,60.17039],[13.09822,60.16721],[13.09612,60.16682],[13.09465,60.16607],[13.08577,60.1668],[13.08054,60.16625],[13.07924,60.16635],[13.07646,60.16742],[13.07121,60.16665],[13.06728,60.16649],[13.06389,60.16379],[13.05795,60.16238],[13.05304,60.16051],[13.05095,60.15903],[13.04405,60.15619],[13.04195,60.1544],[13.03523,60.15473],[13.02559,60.15284],[13.01812,60.15505],[13.01023,60.15545],[13.01109,60.15291],[13.0105,60.15107],[13.01213,60.14806],[13.0116,60.14636],[13.0117,60.13637],[13.01128,60.13576],[13.00918,60.13486],[13.00701,60.13594],[13.00581,60.13576],[13.00766,60.1342],[12.99609,60.13039],[12.98896,60.13469],[12.9872,60.13712],[12.98402,60.13693],[12.97936,60.13553],[12.97481,60.13483],[12.97101,60.13524],[12.96869,60.13594],[12.96681,60.13727],[12.96515,60.13997],[12.96236,60.14135],[12.9596,60.14433],[12.95649,60.14659],[12.94663,60.14952],[12.94456,60.15082],[12.94158,60.15424],[12.93627,60.15619],[12.9336,60.15917],[12.93095,60.15994],[12.92776,60.16168],[12.92796,60.16002],[12.92683,60.15872],[12.9223,60.15594],[12.91928,60.15559],[12.91418,60.15572],[12.91175,60.15641],[12.90906,60.15559],[12.90776,60.15593],[12.90171,60.15346],[12.8966,60.15356],[12.89273,60.15264],[12.89041,60.15158],[12.88547,60.15144],[12.88362,60.15013],[12.88265,60.15026],[12.88048,60.14972],[12.87295,60.1494],[12.86921,60.15],[12.86737,60.1499],[12.86246,60.15098],[12.85713,60.15384],[12.8475,60.15567],[12.84404,60.15459],[12.84225,60.15347],[12.8384,60.15247],[12.83433,60.15306],[12.83225,60.15283],[12.82998,60.15308],[12.82394,60.15245],[12.82148,60.15104],[12.81985,60.15077],[12.81648,60.15089],[12.81403,60.15013],[12.81238,60.14892],[12.8113,60.14702],[12.8089,60.14582],[12.80634,60.14589],[12.80263,60.14682],[12.79963,60.1485],[12.79608,60.14795],[12.79359,60.14843],[12.79078,60.14823],[12.78668,60.14909],[12.78326,60.1483],[12.78052,60.1482],[12.77344,60.14496],[12.76963,60.14459],[12.76528,60.1435],[12.75679,60.14296],[12.7538,60.14407],[12.75061,60.14389],[12.74683,60.14309],[12.74284,60.14321],[12.74886,60.13817],[12.75558,60.13515],[12.75451,60.13414],[12.75452,60.13174],[12.75934,60.12801],[12.76042,60.12611],[12.76685,60.12462],[12.79236,60.11452],[12.79673,60.11231],[12.80038,60.11172],[12.80619,60.10955],[12.80959,60.10553],[12.81734,60.1],[12.81793,60.10004],[12.81735,60.10014],[12.81731,60.09971],[12.8195,60.09842],[12.81998,60.09684],[12.82268,60.09643],[12.8249,60.0955],[12.8331,60.09007],[12.83871,60.08829],[12.84061,60.08643],[12.8476,60.08375],[12.85167,60.08134],[12.85677,60.07706],[12.86261,60.06968],[12.8666,60.06683],[12.86684,60.06582],[12.86888,60.06401],[12.86816,60.06321],[12.87026,60.06051],[12.87109,60.06029],[12.87173,60.06069],[12.87263,60.06053],[12.87186,60.05884],[12.87431,60.05454],[12.87343,60.05216],[12.87717,60.05128],[12.87921,60.05035],[12.88073,60.05034],[12.88595,60.04446],[12.88827,60.04329],[12.88966,60.04164],[12.8922,60.04127],[12.89405,60.04225],[12.89673,60.04264],[12.89738,60.04205],[12.89812,60.04849],[12.90009,60.04874],[12.90232,60.04696],[12.90674,60.04536],[12.91241,60.04256],[12.91361,60.04172],[12.91341,60.03966],[12.91491,60.03782],[12.92095,60.03552],[12.92619,60.02717],[12.92743,60.02617],[12.92814,60.02422],[12.92821,60.02356],[12.92678,60.02216],[12.92657,60.01906],[12.92724,60.0168],[12.92285,60.00896],[12.92214,60.00612],[12.92516,60.0024],[12.92716,60.00087],[12.92653,59.9992],[12.92461,59.99743],[12.92458,59.99438],[12.92559,59.99283],[12.92425,59.99138],[12.92297,59.98828],[12.9265,59.98338],[12.92401,59.97982],[12.92385,59.97702],[12.91894,59.97306],[12.91829,59.97095],[12.91859,59.97001],[12.92323,59.96531],[12.92318,59.96456],[12.91838,59.96032],[12.91748,59.95733],[12.91543,59.95581],[12.91472,59.95643],[12.91501,59.95753],[12.91354,59.95876],[12.91368,59.95935],[12.91556,59.96041],[12.91162,59.96276],[12.91131,59.96099],[12.90879,59.9592],[12.91099,59.95516],[12.91588,59.95433],[12.9163,59.9526],[12.91369,59.95052],[12.91139,59.94952],[12.91052,59.94772],[12.91158,59.94595],[12.90507,59.94477],[12.90335,59.94398],[12.89748,59.92645],[12.89788,59.91793],[12.90318,59.91324],[12.90401,59.91143],[12.8962,59.90829],[12.88784,59.90801],[12.88389,59.9073],[12.87888,59.90734],[12.87529,59.90684],[12.86783,59.907],[12.86199,59.90861],[12.85996,59.90881],[12.85403,59.90824],[12.84862,59.90848],[12.8472,59.90813],[12.84338,59.90473],[12.83402,59.90266],[12.83158,59.90264],[12.82933,59.90166],[12.82502,59.89628],[12.82365,59.89591],[12.82194,59.89098],[12.81928,59.88865],[12.81584,59.88706],[12.81489,59.88609],[12.80838,59.88369],[12.80778,59.88277],[12.80857,59.88008],[12.80591,59.87572],[12.80498,59.87129],[12.8041,59.87041],[12.80624,59.86877],[12.81136,59.8678],[12.81979,59.86538],[12.82532,59.86318],[12.82621,59.86242],[12.82406,59.86098],[12.82452,59.85977],[12.82381,59.8584],[12.82399,59.85666],[12.826,59.85465],[12.8264,59.85322],[12.82423,59.85084],[12.82378,59.84592],[12.82502,59.84492],[12.82598,59.84284],[12.82504,59.8417],[12.82299,59.84074],[12.82141,59.83506],[12.82045,59.8342],[12.82094,59.83357],[12.82028,59.83327],[12.81714,59.83331],[12.81432,59.83518],[12.81132,59.83538],[12.80397,59.83774],[12.79594,59.83886],[12.7856,59.83897],[12.76857,59.83539],[12.76653,59.83557],[12.76391,59.83717],[12.75624,59.83978],[12.75172,59.83957],[12.74467,59.838],[12.74695,59.83577],[12.74749,59.83013],[12.74649,59.82669],[12.74224,59.82184],[12.74551,59.81689],[12.74548,59.8136],[12.75137,59.79511],[12.76356,59.78593],[12.77115,59.7816],[12.77966,59.77778],[12.78025,59.77796],[12.7789,59.77934],[12.77904,59.78104],[12.77726,59.78328],[12.77726,59.7845],[12.77301,59.787],[12.77038,59.78982],[12.76936,59.79327],[12.77188,59.79451],[12.77398,59.79389],[12.77787,59.79508],[12.7846,59.79462],[12.78918,59.79666],[12.79528,59.79653],[12.79615,59.79276],[12.79901,59.79089],[12.8006,59.78816],[12.80583,59.78354],[12.8113,59.7807],[12.81714,59.77959],[12.82222,59.77658],[12.82319,59.7764],[12.82239,59.77361],[12.82097,59.77309],[12.82037,59.77211],[12.82118,59.7669],[12.82087,59.76339],[12.82195,59.76196],[12.82362,59.75672],[12.82367,59.75261],[12.82267,59.75125],[12.82306,59.75075],[12.82865,59.74941],[12.82964,59.74848],[12.83063,59.7433],[12.82923,59.73868]]}},{"type":"Feature","properties":{"name":"TET_S-18_20260801","country":"SE","lengthKm":163.6},"geometry":{"type":"LineString","coordinates":[[13.85012,59.5578],[13.85318,59.55845],[13.8576,59.5559],[13.86378,59.555],[13.86923,59.55504],[13.8723,59.55555],[13.87522,59.5542],[13.88,59.55386],[13.88425,59.55437],[13.88766,59.55435],[13.88974,59.5548],[13.89811,59.55888],[13.89833,59.55987],[13.89758,59.56053],[13.89972,59.56362],[13.89803,59.56939],[13.89809,59.57124],[13.89854,59.57175],[13.905,59.57409],[13.90674,59.57605],[13.90391,59.57753],[13.89961,59.58263],[13.89601,59.58493],[13.89522,59.58643],[13.8962,59.58763],[13.89828,59.58823],[13.89961,59.58941],[13.9017,59.59029],[13.90625,59.5892],[13.90989,59.58914],[13.92,59.59066],[13.92496,59.58963],[13.92562,59.5909],[13.92948,59.59328],[13.93463,59.59383],[13.94071,59.59392],[13.94313,59.59474],[13.94723,59.59521],[13.94813,59.59506],[13.94856,59.59424],[13.9527,59.59626],[13.95583,59.59716],[13.95678,59.59815],[13.97075,59.59916],[13.97929,59.60386],[13.99064,59.60695],[13.99742,59.61072],[13.99896,59.61304],[14.00244,59.61615],[14.00197,59.62415],[14.00544,59.62748],[14.00495,59.6287],[14.00233,59.63119],[14.00235,59.63312],[13.99744,59.63458],[13.99429,59.63707],[13.98851,59.6381],[13.98051,59.64104],[13.97302,59.64265],[13.97077,59.64353],[13.96403,59.6436],[13.96783,59.64527],[13.96643,59.64825],[13.96407,59.65156],[13.95768,59.65441],[13.95686,59.65578],[13.95699,59.6578],[13.95493,59.6598],[13.95461,59.66164],[13.95165,59.66381],[13.95171,59.6661],[13.95111,59.66655],[13.94596,59.66688],[13.94163,59.66941],[13.93723,59.67743],[13.9303,59.68031],[13.92318,59.68173],[13.92247,59.6849],[13.92339,59.68786],[13.9229,59.69024],[13.91545,59.69475],[13.91311,59.6984],[13.91251,59.7008],[13.91425,59.70308],[13.91459,59.7055],[13.91307,59.70835],[13.91378,59.71044],[13.9153,59.71205],[13.91341,59.71771],[13.90811,59.7244],[13.9035,59.72799],[13.90249,59.73073],[13.90032,59.73355],[13.9053,59.74436],[13.90706,59.74627],[13.90884,59.75026],[13.9091,59.75464],[13.91,59.75629],[13.91187,59.75724],[13.9109,59.76127],[13.91122,59.76232],[13.91264,59.76307],[13.91288,59.76586],[13.91182,59.76721],[13.9067,59.77],[13.90236,59.77592],[13.90367,59.77794],[13.90625,59.78013],[13.90745,59.78335],[13.90734,59.78537],[13.91208,59.78987],[13.91264,59.79206],[13.9183,59.79137],[13.91998,59.79219],[13.92169,59.79238],[13.92622,59.79178],[13.92927,59.79086],[13.93328,59.79067],[13.93354,59.79125],[13.93197,59.79331],[13.9321,59.79603],[13.92963,59.79762],[13.92897,59.79989],[13.92955,59.8012],[13.9291,59.80217],[13.93163,59.80448],[13.93202,59.80665],[13.93015,59.80841],[13.92858,59.80908],[13.92959,59.81071],[13.92929,59.81172],[13.928,59.81245],[13.92605,59.81489],[13.9241,59.81554],[13.92247,59.81678],[13.92202,59.81787],[13.91961,59.81959],[13.91843,59.82234],[13.92092,59.82152],[13.92575,59.81856],[13.94414,59.8168],[13.94611,59.81627],[13.94856,59.81478],[13.9509,59.81427],[13.95727,59.81448],[13.96489,59.81635],[13.96806,59.81639],[13.97401,59.81577],[13.97959,59.81644],[13.98128,59.81616],[13.98502,59.81427],[13.9916,59.81354],[13.99699,59.81386],[14.00051,59.81348],[14.01246,59.80951],[14.01566,59.80933],[14.02132,59.81013],[14.02615,59.80925],[14.02866,59.80747],[14.03735,59.79449],[14.03935,59.79328],[14.04508,59.79131],[14.05001,59.78805],[14.05166,59.78444],[14.05593,59.77865],[14.05626,59.77093],[14.06602,59.75975],[14.06626,59.75863],[14.0648,59.7553],[14.06619,59.75399],[14.0713,59.75249],[14.0737,59.7508],[14.08033,59.74762],[14.0837,59.74702],[14.0863,59.747],[14.08937,59.74629],[14.09061,59.74595],[14.09162,59.74503],[14.09402,59.74436],[14.09844,59.74421],[14.09958,59.74337],[14.10155,59.74309],[14.10533,59.74136],[14.10874,59.74127],[14.11144,59.74168],[14.11447,59.7414],[14.11599,59.74018],[14.1179,59.7396],[14.12041,59.73947],[14.12297,59.73831],[14.12342,59.73706],[14.12801,59.73294],[14.13172,59.73234],[14.13455,59.73007],[14.13788,59.72874],[14.13981,59.72659],[14.14061,59.722],[14.14228,59.72134],[14.14556,59.72095],[14.14717,59.72026],[14.14784,59.71363],[14.16472,59.71368],[14.18425,59.71462],[14.18359,59.71556],[14.18762,59.71541],[14.18889,59.71498],[14.19034,59.71325],[14.19174,59.71301],[14.19144,59.70977],[14.19449,59.71114],[14.19725,59.71134],[14.20393,59.70438],[14.20547,59.70175],[14.21597,59.69715],[14.21991,59.69647],[14.22354,59.69745],[14.22476,59.69898],[14.22217,59.70263],[14.2241,59.70741],[14.22335,59.70923],[14.22457,59.70941],[14.22528,59.71026],[14.22453,59.71127],[14.22541,59.71187],[14.22933,59.71187],[14.23242,59.71262],[14.23418,59.71544],[14.23515,59.72026],[14.23927,59.722],[14.23189,59.7246],[14.22764,59.72681],[14.22378,59.72807],[14.21837,59.72724],[14.21373,59.7255],[14.21255,59.72548],[14.20852,59.72189],[14.20712,59.72273],[14.20648,59.72606],[14.20479,59.72777],[14.20361,59.73024],[14.20264,59.73084],[14.19959,59.73078],[14.19685,59.73301],[14.19644,59.7344],[14.1953,59.73447],[14.19734,59.73644],[14.19961,59.73784],[14.2047,59.73846],[14.20972,59.74061],[14.21358,59.74076],[14.21878,59.74219],[14.22172,59.74412],[14.22719,59.7456],[14.23141,59.74848],[14.23408,59.74953],[14.23603,59.74955],[14.23669,59.7529],[14.24006,59.75359],[14.24304,59.7532],[14.24541,59.75363],[14.24972,59.75067],[14.25862,59.74979],[14.26343,59.74711],[14.26405,59.74578],[14.26521,59.74505],[14.26532,59.74339],[14.26716,59.74335],[14.26907,59.74451],[14.27165,59.74408],[14.27414,59.74503],[14.28025,59.74451],[14.28263,59.74312],[14.2838,59.74314],[14.28263,59.74312],[14.28025,59.74451],[14.28167,59.74629],[14.27939,59.74915],[14.27588,59.75007],[14.27321,59.75172],[14.27143,59.75228],[14.27038,59.7538],[14.26877,59.75442],[14.26789,59.75533],[14.26279,59.75648],[14.26006,59.75908],[14.25678,59.76011],[14.25841,59.76376],[14.26004,59.76429],[14.26377,59.76814],[14.26461,59.77045],[14.26646,59.77245],[14.2697,59.77361],[14.2771,59.77365],[14.28467,59.77504],[14.29334,59.77612],[14.29811,59.77719],[14.3072,59.7815],[14.30995,59.78586],[14.30937,59.7882],[14.31077,59.78848],[14.31594,59.78882],[14.31935,59.78846],[14.32694,59.78607],[14.33121,59.78528],[14.34289,59.7859],[14.34774,59.78575],[14.34765,59.78719],[14.34482,59.78837],[14.34467,59.78968],[14.34634,59.79144],[14.34621,59.79266],[14.34746,59.79483],[14.35078,59.7964],[14.35353,59.79893],[14.35128,59.80444],[14.35171,59.8094],[14.35546,59.81043],[14.35892,59.81021],[14.36362,59.8079],[14.36868,59.8062],[14.37387,59.80667],[14.37546,59.80708],[14.37733,59.80968],[14.37889,59.81011],[14.37958,59.81107],[14.38183,59.81202],[14.3846,59.81266],[14.39121,59.81315],[14.39559,59.81453],[14.39698,59.81562],[14.39737,59.8179],[14.40462,59.81723],[14.4076,59.81824],[14.40793,59.8215],[14.40928,59.82352],[14.40893,59.82444],[14.4105,59.82588],[14.40953,59.82618],[14.40297,59.82388],[14.39988,59.82199],[14.39846,59.82543],[14.39795,59.82978],[14.39559,59.8318],[14.39542,59.83732],[14.39756,59.83867],[14.39636,59.84051],[14.39664,59.84163],[14.40095,59.84547],[14.40222,59.85326],[14.40172,59.85648],[14.4096,59.86349],[14.41052,59.86512],[14.40913,59.86929],[14.4061,59.87214],[14.40675,59.87371],[14.40756,59.87459],[14.40814,59.87444],[14.40926,59.87819],[14.40928,59.8792],[14.40829,59.88023],[14.40861,59.88263],[14.40971,59.88338],[14.40962,59.88454],[14.4117,59.8859],[14.41181,59.88695],[14.41005,59.89094],[14.4058,59.89379],[14.40687,59.89471],[14.40887,59.89326],[14.41089,59.89291],[14.41278,59.89336],[14.4185,59.88879],[14.42097,59.88836],[14.42522,59.88888],[14.4264,59.88959],[14.427,59.89201],[14.43007,59.89306],[14.43138,59.89405],[14.43146,59.89577],[14.4329,59.89776],[14.43228,59.89931],[14.43267,59.90055],[14.42361,59.90555],[14.41739,59.90806],[14.41147,59.91591],[14.4111,59.91785],[14.40962,59.92044],[14.40782,59.92197],[14.40767,59.92308],[14.40393,59.9246],[14.40078,59.9269],[14.39984,59.92971],[14.40076,59.93216],[14.39984,59.93467],[14.40164,59.93941],[14.40039,59.94199],[14.39627,59.94756],[14.39554,59.94943],[14.39359,59.95031],[14.39157,59.95254],[14.38589,59.95621],[14.38282,59.96007],[14.37675,59.96261],[14.37428,59.96628],[14.37471,59.96834],[14.37392,59.97143],[14.37121,59.97183],[14.36881,59.97381],[14.36364,59.97443],[14.35941,59.9758],[14.35596,59.97891],[14.33855,59.98829],[14.33643,59.99138],[14.33317,59.99361],[14.32879,59.99546],[14.32679,59.99681],[14.32523,59.99984],[14.32143,60.00247],[14.32089,60.00434],[14.31424,60.00732],[14.31139,60.01005],[14.30544,60.014],[14.29544,60.02578],[14.2995,60.02715],[14.30034,60.02861],[14.30525,60.03101],[14.30845,60.03183],[14.31149,60.03142],[14.31658,60.03307],[14.31742,60.03462],[14.31705,60.03721],[14.31943,60.03818],[14.35141,60.04123],[14.3549,60.0423],[14.35626,60.04211],[14.36301,60.03865],[14.37164,60.0387],[14.37293,60.03973],[14.37284,60.04125],[14.3701,60.04346],[14.36666,60.05097],[14.36342,60.0526],[14.3607,60.05327],[14.35806,60.05327],[14.35445,60.05432],[14.34909,60.05704],[14.34287,60.05942],[14.3398,60.06172],[14.34076,60.06584],[14.33544,60.07159],[14.33257,60.07268],[14.32534,60.07318],[14.31819,60.07837],[14.31686,60.08095],[14.31293,60.08356],[14.31057,60.08266],[14.3095,60.08043],[14.30748,60.07953],[14.30707,60.07751],[14.30441,60.07713],[14.29971,60.07768],[14.29577,60.07683],[14.29379,60.07577],[14.29349,60.07419],[14.29203,60.07376],[14.29128,60.07303],[14.2906,60.07135],[14.28914,60.07047],[14.28609,60.0697],[14.28547,60.0655],[14.28354,60.06423],[14.28289,60.06299],[14.28457,60.06078],[14.28399,60.06005],[14.28632,60.05537],[14.28639,60.05363],[14.2853,60.05181],[14.28553,60.04985],[14.28339,60.04781],[14.28369,60.04575],[14.27974,60.04157],[14.27502,60.03979],[14.27356,60.0426],[14.27105,60.04522],[14.26901,60.04606],[14.26388,60.04702],[14.26322,60.04975],[14.26158,60.05082],[14.25867,60.05434],[14.25667,60.05887],[14.25506,60.06052],[14.25098,60.06269],[14.24918,60.06472],[14.24367,60.06723],[14.24356,60.06837],[14.24114,60.06891],[14.23755,60.07077],[14.23661,60.07172],[14.23644,60.07404],[14.23296,60.07616],[14.23298,60.07749],[14.23197,60.07801],[14.23075,60.08058],[14.22837,60.08159],[14.22852,60.08537],[14.22592,60.08987],[14.22592,60.09142],[14.22313,60.09515],[14.22167,60.09826],[14.22277,60.10051],[14.22189,60.10348],[14.22221,60.10657],[14.22367,60.10944],[14.22333,60.11032],[14.22146,60.11081],[14.2194,60.11],[14.21541,60.11011],[14.21442,60.11401],[14.21105,60.11744],[14.21099,60.11856],[14.21236,60.12081],[14.21116,60.12238],[14.21124,60.12343],[14.21283,60.12695],[14.21189,60.12856],[14.20998,60.12938],[14.208,60.13214],[14.20732,60.1374],[14.21039,60.1436],[14.21094,60.14566],[14.21024,60.14746],[14.21058,60.14847],[14.21354,60.14944],[14.21534,60.1505]]}},{"type":"Feature","properties":{"name":"TET_S-19_20260801","country":"SE","lengthKm":191.9},"geometry":{"type":"LineString","coordinates":[[14.43904,59.07818],[14.44224,59.07832],[14.44482,59.07998],[14.44703,59.08037],[14.45289,59.07912],[14.45997,59.07996],[14.46289,59.07951],[14.46556,59.08081],[14.47172,59.07862],[14.47592,59.07942],[14.47688,59.08028],[14.47655,59.08197],[14.47777,59.08504],[14.48273,59.08631],[14.48645,59.08812],[14.48829,59.08851],[14.48884,59.08923],[14.49239,59.09026],[14.49319,59.09099],[14.4956,59.09366],[14.49686,59.09695],[14.499,59.09819],[14.49887,59.1004],[14.4996,59.10082],[14.50191,59.10108],[14.5027,59.10439],[14.50683,59.10876],[14.50877,59.11006],[14.51003,59.11255],[14.51369,59.11608],[14.51634,59.11731],[14.52154,59.11876],[14.52445,59.11774],[14.52613,59.11802],[14.52786,59.11885],[14.52944,59.11894],[14.53452,59.11658],[14.53816,59.11573],[14.53956,59.11248],[14.54037,59.11187],[14.54782,59.11176],[14.55084,59.11265],[14.55238,59.1136],[14.5534,59.11464],[14.55347,59.11634],[14.55489,59.11751],[14.55232,59.12318],[14.55456,59.1244],[14.55957,59.12541],[14.56047,59.12667],[14.58973,59.12634],[14.60255,59.12746],[14.60845,59.12982],[14.60859,59.13178],[14.61122,59.13184],[14.61426,59.13339],[14.61715,59.1339],[14.62227,59.13755],[14.62531,59.13866],[14.62843,59.13926],[14.63342,59.13914],[14.64221,59.13623],[14.63869,59.1382],[14.63787,59.14099],[14.63793,59.14437],[14.63652,59.14491],[14.63436,59.14507],[14.63248,59.14651],[14.62963,59.14696],[14.62465,59.15121],[14.62241,59.15143],[14.61944,59.15048],[14.6098,59.15029],[14.60892,59.15164],[14.60768,59.15218],[14.60595,59.1542],[14.6021,59.15721],[14.58991,59.15782],[14.5853,59.16052],[14.58392,59.1629],[14.58068,59.16393],[14.57618,59.16355],[14.57334,59.16619],[14.56931,59.16798],[14.56767,59.17087],[14.56778,59.17222],[14.56929,59.17398],[14.57059,59.17747],[14.56176,59.18157],[14.55872,59.18349],[14.55438,59.18746],[14.55233,59.1884],[14.55112,59.18984],[14.55349,59.19167],[14.55275,59.19506],[14.55725,59.20206],[14.55676,59.20382],[14.55246,59.20607],[14.55026,59.21047],[14.54501,59.21366],[14.54084,59.21436],[14.53779,59.21548],[14.53315,59.21622],[14.52614,59.22044],[14.5284,59.22657],[14.53073,59.22773],[14.53196,59.22946],[14.53572,59.23185],[14.53699,59.2337],[14.54183,59.23717],[14.54249,59.23946],[14.54082,59.24092],[14.5418,59.24144],[14.5489,59.2426],[14.55332,59.24216],[14.55686,59.24383],[14.5631,59.24366],[14.56712,59.2426],[14.5681,59.23981],[14.57129,59.23787],[14.57175,59.23633],[14.57119,59.23393],[14.57501,59.23311],[14.57581,59.23154],[14.57784,59.23036],[14.58425,59.22931],[14.58692,59.23011],[14.58889,59.23121],[14.59329,59.23157],[14.59495,59.23222],[14.59861,59.23581],[14.59598,59.23922],[14.59629,59.24084],[14.60706,59.24633],[14.60774,59.24816],[14.61292,59.25067],[14.61684,59.25105],[14.61857,59.25455],[14.62145,59.25549],[14.62213,59.25621],[14.61928,59.26039],[14.62419,59.26374],[14.62598,59.26392],[14.62848,59.26154],[14.62918,59.25838],[14.63485,59.25296],[14.6378,59.25203],[14.64742,59.25126],[14.64889,59.25542],[14.6479,59.2513],[14.65485,59.25093],[14.65474,59.24823],[14.65684,59.24636],[14.65657,59.24515],[14.65369,59.24202],[14.65364,59.23971],[14.65491,59.23887],[14.65631,59.23896],[14.65946,59.24014],[14.66567,59.24113],[14.66779,59.24049],[14.669,59.23961],[14.67233,59.23894],[14.67396,59.23816],[14.67846,59.2379],[14.68309,59.23924],[14.68564,59.23813],[14.68804,59.23857],[14.69081,59.23755],[14.69439,59.23738],[14.6971,59.238],[14.69813,59.23948],[14.699,59.23983],[14.7127,59.24132],[14.71189,59.23672],[14.7148,59.23618],[14.71649,59.23517],[14.72194,59.23659],[14.7236,59.23544],[14.72754,59.23422],[14.73016,59.23434],[14.73137,59.23404],[14.73252,59.23328],[14.73082,59.23157],[14.73149,59.23002],[14.73485,59.22825],[14.73904,59.22768],[14.74954,59.22239],[14.74952,59.22169],[14.74796,59.22148],[14.74606,59.21927],[14.7452,59.21567],[14.74591,59.21409],[14.74908,59.21011],[14.75545,59.20861],[14.75817,59.20847],[14.76248,59.20676],[14.76423,59.20394],[14.76626,59.20222],[14.767,59.19809],[14.76658,59.19614],[14.76533,59.19459],[14.76628,59.19279],[14.76996,59.19233],[14.77347,59.19242],[14.7764,59.19357],[14.77971,59.19361],[14.78155,59.19466],[14.78416,59.1952],[14.79202,59.19512],[14.79227,59.19671],[14.78919,59.19978],[14.79165,59.20252],[14.79696,59.20623],[14.80091,59.20743],[14.80499,59.20956],[14.80782,59.21044],[14.81413,59.21131],[14.81748,59.2128],[14.81803,59.2095],[14.8186,59.20902],[14.82191,59.20821],[14.82475,59.20824],[14.82801,59.20734],[14.82878,59.20741],[14.82934,59.20856],[14.83477,59.2074],[14.83688,59.20762],[14.83946,59.20712],[14.84365,59.20753],[14.84637,59.20848],[14.84782,59.20805],[14.85176,59.21143],[14.85448,59.21151],[14.85556,59.212],[14.86335,59.22067],[14.86505,59.22145],[14.86738,59.22141],[14.86896,59.2237],[14.87362,59.22777],[14.87381,59.2339],[14.8672,59.23334],[14.86532,59.23372],[14.85913,59.23382],[14.85504,59.23427],[14.85209,59.23561],[14.84977,59.23582],[14.84365,59.24106],[14.83456,59.24365],[14.8279,59.24729],[14.82458,59.24823],[14.82425,59.24892],[14.82563,59.24974],[14.82598,59.25128],[14.82434,59.25187],[14.82406,59.25236],[14.82478,59.25242],[14.8244,59.25192],[14.82339,59.25263],[14.82379,59.25304],[14.82517,59.25317],[14.82864,59.25646],[14.83568,59.25996],[14.84039,59.26379],[14.84548,59.26665],[14.85178,59.26801],[14.85424,59.26917],[14.857,59.27137],[14.86345,59.27334],[14.86689,59.27541],[14.86958,59.27582],[14.87145,59.27688],[14.87392,59.27696],[14.87758,59.27884],[14.87712,59.27941],[14.87768,59.28205],[14.87076,59.28746],[14.87258,59.29085],[14.87267,59.29304],[14.87152,59.29441],[14.87272,59.29556],[14.87251,59.29793],[14.87196,59.29872],[14.86857,59.29988],[14.86309,59.30415],[14.86266,59.30719],[14.86468,59.30772],[14.86876,59.30708],[14.87055,59.3073],[14.87398,59.30855],[14.87624,59.31021],[14.8787,59.31056],[14.88024,59.31212],[14.88224,59.31272],[14.89017,59.31837],[14.89034,59.31893],[14.88797,59.32161],[14.88847,59.3224],[14.89201,59.32306],[14.8941,59.32175],[14.89825,59.32114],[14.89987,59.31951],[14.90073,59.31701],[14.90735,59.3157],[14.90957,59.3142],[14.91347,59.31396],[14.91669,59.31247],[14.92178,59.31195],[14.92849,59.30933],[14.9313,59.30881],[14.93398,59.30652],[14.93745,59.30531],[14.94149,59.30726],[14.94323,59.30902],[14.94698,59.31135],[14.94909,59.31517],[14.95503,59.31621],[14.95766,59.31726],[14.96153,59.32113],[14.96519,59.32369],[14.96803,59.32391],[14.96916,59.32532],[14.97179,59.32608],[14.97412,59.32594],[14.97579,59.32784],[14.97659,59.32791],[14.97938,59.32764],[14.9807,59.32681],[14.98076,59.325],[14.98245,59.3235],[14.98263,59.32218],[14.98237,59.32057],[14.97981,59.3199],[14.98075,59.31921],[14.9844,59.31823],[14.98632,59.31676],[14.98768,59.31313],[14.98915,59.31294],[14.99159,59.31421],[14.99917,59.31362],[15.00168,59.31194],[15.01063,59.30987],[15.0142,59.30727],[15.01776,59.30874],[15.02295,59.30939],[15.02819,59.31282],[15.02899,59.3142],[15.02801,59.31573],[15.02791,59.31827],[15.02875,59.32111],[15.0283,59.32305],[15.02948,59.32597],[15.02766,59.33145],[15.02518,59.33409],[15.02652,59.33616],[15.02621,59.3377],[15.02914,59.33872],[15.03252,59.33798],[15.04444,59.33712],[15.04467,59.33972],[15.04535,59.34058],[15.04653,59.34071],[15.04648,59.34556],[15.04809,59.3459],[15.04836,59.34641],[15.04862,59.34981],[15.0517,59.35264],[15.05391,59.35394],[15.06155,59.35572],[15.05918,59.35798],[15.05844,59.35954],[15.05713,59.36006],[15.05583,59.36335],[15.04754,59.36353],[15.04547,59.36429],[15.0445,59.3689],[15.04326,59.37133],[15.03997,59.37476],[15.03831,59.37766],[15.03171,59.38088],[15.02965,59.38293],[15.02835,59.38346],[15.02811,59.38499],[15.03062,59.38725],[15.03198,59.39106],[15.0345,59.39307],[15.03369,59.39532],[15.03101,59.39653],[15.03003,59.39779],[15.03587,59.40094],[15.03616,59.40253],[15.03699,59.40289],[15.04382,59.4024],[15.04931,59.40345],[15.05024,59.4041],[15.05075,59.40864],[15.05204,59.40982],[15.05198,59.41077],[15.05022,59.41237],[15.04989,59.4135],[15.04568,59.41382],[15.04435,59.41452],[15.0441,59.41559],[15.04208,59.41781],[15.04146,59.42256],[15.03983,59.42488],[15.03624,59.42519],[15.03259,59.42669],[15.03272,59.42882],[15.035,59.43126],[15.03448,59.43293],[15.03505,59.43381],[15.03472,59.43495],[15.03238,59.43695],[15.03323,59.43985],[15.03002,59.4425],[15.02947,59.44364],[15.03083,59.4471],[15.03484,59.44888],[15.03967,59.45275],[15.03914,59.45567],[15.04365,59.45875],[15.04457,59.46103],[15.04369,59.46227],[15.04512,59.46659],[15.04483,59.46773],[15.04744,59.47108],[15.04909,59.47188],[15.04952,59.47271],[15.04664,59.47524],[15.0472,59.4768],[15.04856,59.47765],[15.05146,59.48479],[15.05236,59.49034],[15.05158,59.49316],[15.05197,59.49359],[15.0499,59.49443],[15.04859,59.4971],[15.04232,59.502],[15.03989,59.50676],[15.03592,59.50849],[15.03249,59.51085],[15.02685,59.5088],[15.01971,59.50727],[15.01674,59.50702],[15.01601,59.50427],[15.0132,59.5026],[15.01183,59.49983],[15.00958,59.49831],[15.00842,59.49897],[15.0085,59.49991],[15.00666,59.50253],[15.0049,59.5076],[14.98578,59.50961],[14.98129,59.50947],[14.97288,59.50719],[14.97039,59.50691],[14.96791,59.50721],[14.96611,59.50792],[14.96509,59.5088],[14.9636,59.51226],[14.96176,59.5139],[14.96065,59.51798],[14.95913,59.51966],[14.95891,59.52161],[14.96223,59.52313],[14.96244,59.52783],[14.96498,59.53042],[14.96363,59.53107],[14.95926,59.53199],[14.95574,59.53409],[14.95067,59.53492],[14.94691,59.53754],[14.94394,59.53837],[14.93998,59.54014],[14.93585,59.54056],[14.93311,59.5424],[14.92666,59.54424],[14.92661,59.54829],[14.92813,59.54887],[14.92755,59.54957],[14.92153,59.55288],[14.91461,59.55572],[14.90773,59.5605],[14.9056,59.56056],[14.89889,59.56539],[14.89715,59.56752],[14.89585,59.5738],[14.89622,59.57464],[14.90818,59.58638],[14.91016,59.58995],[14.91042,59.59368],[14.90822,59.595],[14.90362,59.59566],[14.90027,59.59719],[14.89752,59.60059],[14.89814,59.60394],[14.89741,59.60564],[14.88828,59.61171],[14.8827,59.61368],[14.88098,59.61366],[14.87634,59.61545],[14.86874,59.61674],[14.85015,59.62179],[14.84911,59.62329],[14.84853,59.62822],[14.84964,59.62903],[14.85201,59.63631],[14.85,59.63938],[14.84575,59.64332],[14.8452,59.6457],[14.84686,59.64904],[14.8478,59.64976],[14.855,59.65152],[14.85679,59.65335],[14.85907,59.65461],[14.86608,59.65478],[14.87331,59.65242],[14.87738,59.65192],[14.88946,59.65182],[14.88812,59.65331],[14.89187,59.65601],[14.89439,59.65957],[14.90618,59.66847],[14.90943,59.6699],[14.9113,59.67147],[14.91607,59.67389],[14.91679,59.67573],[14.91515,59.67824],[14.91517,59.68228],[14.91607,59.68413],[14.91942,59.68594],[14.92384,59.68985],[14.92392,59.69105],[14.92312,59.69148],[14.92227,59.69414],[14.92331,59.69544],[14.92246,59.69728],[14.92381,59.69964],[14.92635,59.70065],[14.92642,59.70261],[14.9272,59.70298],[14.92917,59.70281],[14.93065,59.70094],[14.93413,59.69917],[14.93346,59.6967],[14.93518,59.69295],[14.93649,59.69328],[14.94116,59.69818],[14.94704,59.70079],[14.95065,59.70113],[14.95419,59.70211],[14.95455,59.70502],[14.95863,59.70686],[14.96382,59.70682],[14.96842,59.71088],[14.97086,59.71208],[14.97301,59.71236],[14.9775,59.71505],[14.97559,59.71856],[14.97421,59.71927],[14.97315,59.72098],[14.96933,59.7231],[14.97086,59.7286],[14.9692,59.73268],[14.97049,59.73437],[14.9727,59.73575],[14.9775,59.73757],[14.98332,59.74102],[14.98465,59.74301],[14.98409,59.74551],[14.98629,59.74719],[14.98928,59.74693],[14.99139,59.74727],[14.99313,59.74815],[14.99775,59.74842],[15.00098,59.74916],[15.00357,59.75029],[15.00502,59.75029],[15.01283,59.74536],[15.01939,59.74381],[15.02184,59.74093],[15.0257,59.7422],[15.02912,59.7412],[15.03302,59.74111],[15.0355,59.74052],[15.03971,59.74046],[15.04067,59.74014],[15.04284,59.73857],[15.04481,59.73555],[15.04663,59.73526],[15.04804,59.7345],[15.0492,59.73225],[15.05271,59.73028],[15.05642,59.72936],[15.06133,59.72965],[15.06402,59.73047],[15.06727,59.7303],[15.07283,59.72812],[15.077,59.72726],[15.08117,59.72659],[15.08653,59.72665],[15.08961,59.72548],[15.09764,59.72427],[15.09897,59.72345],[15.09977,59.72147],[15.09951,59.716],[15.10147,59.71044],[15.10054,59.70884],[15.1011,59.70863],[15.10517,59.70975],[15.10527,59.71019],[15.10524,59.70976],[15.10879,59.71082],[15.10944,59.71025],[15.11185,59.71055],[15.11412,59.71019],[15.1204,59.71325],[15.12285,59.71315],[15.12709,59.71385],[15.13584,59.71269],[15.13811,59.71273],[15.14435,59.71433],[15.14635,59.71591],[15.14763,59.71523],[15.15277,59.71573],[15.15635,59.71689],[15.15717,59.71823],[15.15848,59.7188],[15.15992,59.72027],[15.165,59.72135],[15.17033,59.72414],[15.17051,59.72119],[15.17451,59.72082],[15.1769,59.7197],[15.1789,59.71928],[15.18084,59.72002],[15.18304,59.71918],[15.18571,59.71993],[15.18792,59.7248],[15.18717,59.72592],[15.18764,59.72846],[15.1919,59.72902],[15.19208,59.73145],[15.19113,59.73362],[15.1917,59.73708],[15.194,59.741],[15.19699,59.7426],[15.19666,59.74566],[15.19881,59.74533],[15.19907,59.74563],[15.20121,59.74309],[15.20412,59.74082],[15.2095,59.74148],[15.209,59.74279],[15.20987,59.74151],[15.21355,59.74257],[15.21131,59.74584],[15.20787,59.74736],[15.20666,59.75345],[15.2049,59.75723],[15.20803,59.75929],[15.2049,59.76352]]}},{"type":"Feature","properties":{"name":"TET_S-20_20260801","country":"SE","lengthKm":264.6},"geometry":{"type":"LineString","coordinates":[[16.93517,59.21532],[16.93518,59.2171],[16.9359,59.21724],[16.93625,59.21794],[16.93513,59.21899],[16.93522,59.21989],[16.93636,59.22047],[16.93823,59.22314],[16.93804,59.22708],[16.93901,59.22888],[16.93817,59.23244],[16.9395,59.23442],[16.94399,59.23156],[16.94733,59.2309],[16.95167,59.23073],[16.95946,59.2283],[16.96441,59.22768],[16.97053,59.22809],[16.9698,59.22951],[16.97165,59.23137],[16.97107,59.23568],[16.97398,59.23702],[16.97572,59.23972],[16.97463,59.24038],[16.96967,59.24131],[16.9633,59.2445],[16.96029,59.24431],[16.95959,59.24549],[16.96881,59.2486],[16.97283,59.24955],[16.98076,59.25021],[16.99175,59.25246],[17.01915,59.25496],[17.02592,59.2561],[17.02299,59.25699],[17.02205,59.25832],[17.02398,59.26212],[17.03529,59.26502],[17.03881,59.26435],[17.04321,59.26495],[17.04149,59.26888],[17.03859,59.27128],[17.03922,59.27257],[17.03823,59.27287],[17.03819,59.27343],[17.04387,59.27429],[17.04913,59.27611],[17.05443,59.27663],[17.06187,59.27849],[17.06196,59.27984],[17.06082,59.28126],[17.06325,59.28225],[17.06273,59.28409],[17.05969,59.28514],[17.0578,59.28523],[17.05183,59.28961],[17.05014,59.2912],[17.04994,59.29248],[17.04606,59.29605],[17.03926,59.29476],[17.03559,59.2954],[17.0334,59.29647],[17.02855,59.29723],[17.02411,59.2966],[17.01958,59.29853],[17.01338,59.29813],[17.00915,59.29905],[17.00658,59.30079],[17.00396,59.30437],[17.00145,59.30564],[16.99926,59.30845],[16.99879,59.31044],[16.99714,59.31218],[16.99722,59.3127],[17.009,59.32115],[17.02385,59.33703],[17.02823,59.34076],[17.03362,59.344],[17.03351,59.34529],[17.02887,59.35379],[17.02737,59.35823],[17.02256,59.3658],[17.01932,59.36589],[17.0101,59.3687],[17.00772,59.36997],[17.0037,59.37385],[17.00078,59.37578],[16.986,59.37793],[16.98405,59.37939],[16.98913,59.38778],[16.99216,59.39031],[16.99774,59.39254],[17.00662,59.39477],[17.01323,59.39844],[17.01795,59.40181],[17.0199,59.40511],[17.02057,59.40979],[17.01913,59.41571],[17.02018,59.41732],[17.02458,59.42104],[17.02529,59.42235],[17.02578,59.42795],[17.02291,59.43374],[17.02267,59.43917],[17.01975,59.44348],[17.01355,59.44736],[17.00984,59.45155],[17.00716,59.45827],[17.0104,59.46854],[17.01604,59.47462],[17.01711,59.47687],[17.02033,59.48024],[17.02055,59.48204],[17.01611,59.48629],[17.00591,59.5038],[17.00394,59.50603],[16.99896,59.50927],[16.99821,59.51112],[16.99836,59.51408],[17.00353,59.51749],[17.00475,59.51938],[17.00557,59.52641],[17.0087,59.53429],[17.00845,59.53588],[17.00608,59.53959],[17.00761,59.54719],[17.00902,59.54989],[17.00338,59.55019],[16.99748,59.55146],[16.99156,59.54963],[16.988,59.54944],[16.984,59.5486],[16.97853,59.54901],[16.97722,59.54948],[16.97452,59.54931],[16.97283,59.54974],[16.96729,59.5495],[16.96748,59.55088],[16.97317,59.55588],[16.96789,59.55641],[16.96527,59.55628],[16.96289,59.55682],[16.96029,59.55768],[16.95931,59.55948],[16.95654,59.56088],[16.95557,59.56266],[16.95725,59.56403],[16.9568,59.56613],[16.9518,59.56811],[16.94886,59.5703],[16.94742,59.57066],[16.94407,59.58032],[16.94444,59.58341],[16.94371,59.58532],[16.93897,59.58575],[16.93502,59.58547],[16.93199,59.58602],[16.92791,59.58605],[16.92225,59.58712],[16.92302,59.59105],[16.92128,59.59278],[16.92109,59.59377],[16.91811,59.59607],[16.91019,59.59795],[16.90637,59.59849],[16.90427,59.6004],[16.89948,59.60117],[16.89528,59.60334],[16.89101,59.60439],[16.89002,59.60499],[16.88987,59.60551],[16.89502,59.60813],[16.89575,59.61139],[16.90234,59.61604],[16.90583,59.61922],[16.90712,59.6224],[16.8988,59.62282],[16.89556,59.62394],[16.89178,59.62628],[16.88461,59.62705],[16.87852,59.6284],[16.87547,59.62988],[16.87388,59.62986],[16.87519,59.62995],[16.87715,59.62933],[16.87665,59.63319],[16.87255,59.63533],[16.87071,59.63716],[16.86957,59.64128],[16.86964,59.64533],[16.86584,59.64763],[16.8653,59.65205],[16.86661,59.65362],[16.86584,59.66132],[16.86713,59.66415],[16.86858,59.66557],[16.86994,59.67095],[16.87122,59.67334],[16.86517,59.67658],[16.84764,59.67879],[16.84333,59.68012],[16.84144,59.67984],[16.84161,59.68136],[16.84082,59.68312],[16.83303,59.68827],[16.82968,59.69252],[16.82773,59.69404],[16.8253,59.69799],[16.82412,59.7019],[16.82625,59.70531],[16.82786,59.70668],[16.82672,59.70795],[16.82678,59.70992],[16.82052,59.71217],[16.81657,59.71576],[16.8135,59.71638],[16.81275,59.71571],[16.80848,59.71529],[16.79994,59.71617],[16.79492,59.71732],[16.79121,59.71876],[16.78795,59.71853],[16.78702,59.71934],[16.7875,59.72037],[16.78702,59.72181],[16.78559,59.72297],[16.78443,59.72561],[16.78232,59.72709],[16.77838,59.7288],[16.77166,59.72906],[16.76647,59.72996],[16.76486,59.73376],[16.76233,59.73509],[16.76009,59.73706],[16.75143,59.73664],[16.74703,59.73745],[16.73593,59.73769],[16.73089,59.73859],[16.71641,59.73945],[16.71096,59.73717],[16.70495,59.73599],[16.70156,59.73855],[16.69705,59.74088],[16.68892,59.74376],[16.68467,59.74591],[16.6827,59.74603],[16.67186,59.74893],[16.66881,59.75116],[16.66602,59.75421],[16.66396,59.76159],[16.65482,59.76861],[16.6474,59.76616],[16.64366,59.76578],[16.63811,59.7623],[16.63568,59.76166],[16.62834,59.76378],[16.62023,59.76391],[16.61764,59.76352],[16.61221,59.76423],[16.61116,59.76584],[16.60787,59.76751],[16.60401,59.76756],[16.60262,59.76824],[16.59978,59.77138],[16.59511,59.76962],[16.59287,59.76831],[16.59096,59.76796],[16.5756,59.77041],[16.57088,59.76972],[16.56695,59.76869],[16.55513,59.76805],[16.55384,59.7688],[16.55088,59.76861],[16.54618,59.76771],[16.54041,59.75833],[16.53642,59.75872],[16.53056,59.75844],[16.52711,59.75728],[16.52631,59.75655],[16.52279,59.75575],[16.50775,59.75374],[16.50157,59.75399],[16.49966,59.75453],[16.49814,59.75573],[16.48325,59.75831],[16.47584,59.76101],[16.47325,59.76288],[16.46986,59.76369],[16.46754,59.76494],[16.46177,59.76601],[16.46108,59.77084],[16.46151,59.77489],[16.4626,59.77773],[16.46179,59.78088],[16.45984,59.78137],[16.45733,59.78114],[16.45591,59.78168],[16.45241,59.7817],[16.44598,59.78331],[16.43941,59.78307],[16.41257,59.77925],[16.4048,59.78026],[16.40235,59.77962],[16.39819,59.77972],[16.39559,59.77936],[16.38958,59.78105],[16.38585,59.78279],[16.38066,59.78296],[16.37712,59.78191],[16.37622,59.78118],[16.37787,59.77983],[16.37753,59.7791],[16.37527,59.77841],[16.37203,59.7761],[16.36371,59.77277],[16.35714,59.77165],[16.3553,59.77095],[16.35332,59.77133],[16.34759,59.77155],[16.34107,59.77365],[16.34039,59.77284],[16.33124,59.77486],[16.33167,59.77607],[16.33079,59.77638],[16.32884,59.77575],[16.32766,59.77683],[16.3239,59.77783],[16.32056,59.78002],[16.31305,59.78273],[16.31004,59.78436],[16.30605,59.78528],[16.303,59.78788],[16.30099,59.78867],[16.29882,59.78893],[16.29596,59.7923],[16.29266,59.79476],[16.28867,59.79594],[16.28543,59.79753],[16.2821,59.79798],[16.2809,59.79861],[16.28045,59.79974],[16.2812,59.80178],[16.27927,59.80448],[16.28067,59.80569],[16.28075,59.81127],[16.27743,59.81255],[16.27573,59.81478],[16.26713,59.8212],[16.27017,59.8229],[16.2768,59.82474],[16.27728,59.82749],[16.27657,59.83068],[16.27721,59.83137],[16.27964,59.83225],[16.28002,59.83307],[16.2753,59.83899],[16.27631,59.83987],[16.27961,59.84083],[16.28002,59.84272],[16.27846,59.84716],[16.27843,59.84927],[16.27764,59.8495],[16.27416,59.84892],[16.27163,59.8491],[16.26858,59.8503],[16.26502,59.85036],[16.25541,59.85191],[16.25082,59.8533],[16.2515,59.85403],[16.24925,59.85532],[16.24736,59.85826],[16.24494,59.85916],[16.24736,59.85826],[16.24925,59.85532],[16.2515,59.85403],[16.25275,59.85461],[16.25914,59.85575],[16.26406,59.85577],[16.27,59.85712],[16.27547,59.85972],[16.28298,59.86755],[16.28193,59.87184],[16.28307,59.87362],[16.28234,59.87969],[16.28663,59.8842],[16.2882,59.88476],[16.29373,59.88553],[16.29135,59.88881],[16.29165,59.89289],[16.2903,59.8966],[16.2903,59.89948],[16.28888,59.90124],[16.28822,59.90349],[16.28292,59.90716],[16.27914,59.90916],[16.27358,59.91418],[16.27142,59.91965],[16.2732,59.92173],[16.2738,59.92506],[16.27358,59.92744],[16.27152,59.93014],[16.27225,59.9331],[16.27346,59.93437],[16.27305,59.93883],[16.27371,59.94372],[16.27588,59.94576],[16.27861,59.94692],[16.27491,59.94967],[16.27839,59.95089],[16.28099,59.95469],[16.28412,59.95698],[16.28777,59.96104],[16.28436,59.9613],[16.28251,59.96267],[16.28225,59.96417],[16.28365,59.96808],[16.28324,59.97076],[16.27994,59.97475],[16.27976,59.98014],[16.27764,59.98333],[16.27253,59.98825],[16.27313,59.99048],[16.27427,59.99166],[16.27708,60.00329],[16.27577,60.00578],[16.27328,60.00732],[16.27193,60.00887],[16.27161,60.01181],[16.27032,60.01486],[16.26916,60.01593],[16.26889,60.01876],[16.26689,60.02116],[16.27017,60.02215],[16.27715,60.02097],[16.2788,60.02022],[16.28539,60.01981],[16.28657,60.01889],[16.29079,60.01898],[16.30116,60.02071],[16.30577,60.02269],[16.31223,60.02179],[16.32216,60.02211],[16.32731,60.02357],[16.32804,60.02425],[16.33433,60.02685],[16.33414,60.02921],[16.33549,60.03097],[16.34012,60.03307],[16.34272,60.03355],[16.34165,60.0405],[16.34176,60.04612],[16.34272,60.04734],[16.34708,60.04904],[16.35038,60.05384],[16.34772,60.05614],[16.34622,60.05674],[16.34416,60.06204],[16.34281,60.06329],[16.3436,60.06432],[16.34347,60.0656],[16.34819,60.06816],[16.35002,60.0706],[16.35396,60.06942],[16.35705,60.07043],[16.36004,60.0703],[16.3645,60.0712],[16.36862,60.07032],[16.37032,60.07058],[16.36811,60.07176],[16.36813,60.07292],[16.36594,60.0747],[16.36733,60.07577],[16.36733,60.07695],[16.37025,60.07992],[16.37025,60.08099],[16.36871,60.08331],[16.37042,60.08695],[16.3666,60.09],[16.35933,60.09245],[16.35748,60.09395],[16.35654,60.09564],[16.35605,60.0983],[16.3621,60.10311],[16.36214,60.10506],[16.36414,60.10745],[16.36057,60.11272],[16.35639,60.11455],[16.34845,60.11526],[16.33781,60.11693],[16.33583,60.11817],[16.33238,60.11832],[16.32929,60.11768],[16.32624,60.12124],[16.32901,60.12551],[16.32708,60.13092],[16.32746,60.13281],[16.32588,60.13592],[16.32118,60.13873],[16.32096,60.14103],[16.31266,60.14622],[16.31238,60.15081],[16.31356,60.15199],[16.31272,60.15356],[16.31307,60.15517],[16.31137,60.15729],[16.3118,60.15914],[16.30738,60.16536],[16.30841,60.16839],[16.30736,60.17167],[16.30592,60.17313],[16.30358,60.17411],[16.30178,60.17609],[16.29755,60.17832],[16.29611,60.1824],[16.29337,60.18461],[16.29328,60.18581],[16.28878,60.18813],[16.28828,60.18939],[16.28639,60.19074],[16.2859,60.19212],[16.2826,60.19366],[16.28253,60.19465],[16.27715,60.20167],[16.27627,60.20386],[16.26901,60.2087],[16.26273,60.20982],[16.26198,60.21137],[16.25979,60.21278],[16.25865,60.21568],[16.25717,60.21716],[16.25736,60.21812],[16.25914,60.21969],[16.25874,60.22263],[16.25741,60.22336],[16.25573,60.22551],[16.25599,60.22774],[16.25803,60.22939],[16.25513,60.23516],[16.25251,60.23673],[16.25344,60.2399],[16.25054,60.24218],[16.24788,60.24252],[16.24865,60.24317],[16.24723,60.24407],[16.2403,60.24675],[16.23779,60.24894],[16.22996,60.25106],[16.22537,60.25379],[16.22037,60.25943],[16.21891,60.26194],[16.21355,60.26426],[16.20998,60.26879],[16.235,60.27239],[16.24187,60.27261],[16.25386,60.27651],[16.26363,60.27793],[16.26824,60.27932],[16.28526,60.28269],[16.30905,60.28647],[16.31371,60.28683],[16.31442,60.2872],[16.31843,60.28724],[16.33006,60.28986],[16.35354,60.2904],[16.35027,60.2928],[16.34585,60.29406],[16.34536,60.29505],[16.3468,60.297],[16.35115,60.29859],[16.35257,60.29984],[16.35315,60.30129],[16.34879,60.30552],[16.3445,60.30655],[16.34128,60.30795],[16.33442,60.30831],[16.33242,60.30926],[16.33051,60.31134],[16.32658,60.31307],[16.32362,60.3161],[16.32285,60.31925],[16.32053,60.32033],[16.31871,60.32207],[16.30459,60.32554],[16.29914,60.32767],[16.29339,60.32865],[16.29476,60.33056],[16.29414,60.33335],[16.29453,60.3379],[16.2903,60.34217],[16.2915,60.34301],[16.29208,60.34648],[16.28721,60.35174],[16.27779,60.35623],[16.27423,60.35732],[16.2697,60.36024],[16.26843,60.36247],[16.26567,60.36365],[16.25863,60.36494],[16.25226,60.36541],[16.24968,60.36608],[16.24747,60.36554],[16.2456,60.36582],[16.24513,60.36605],[16.2458,60.36704],[16.24511,60.36966],[16.24352,60.37065],[16.24329,60.37178],[16.24151,60.3712],[16.23897,60.37131],[16.23706,60.37069],[16.23251,60.37011],[16.22831,60.36826],[16.21451,60.36777],[16.20829,60.36565],[16.20537,60.36513],[16.20147,60.36573],[16.19537,60.36592],[16.18971,60.3653],[16.18908,60.36571],[16.1817,60.3665],[16.17917,60.36777],[16.17241,60.36874],[16.16733,60.37017],[16.17443,60.37599],[16.17842,60.37601],[16.18308,60.37904],[16.18587,60.37994],[16.18951,60.3841],[16.18947,60.38661],[16.18745,60.38901],[16.18771,60.39114],[16.18537,60.39414],[16.18524,60.39534],[16.18604,60.39594],[16.19022,60.39766],[16.19217,60.39796],[16.194,60.39957],[16.19756,60.40071],[16.20346,60.40099],[16.20586,60.40204],[16.20906,60.40255],[16.21181,60.40242],[16.2164,60.40423],[16.22393,60.40566],[16.22543,60.40721],[16.22067,60.40993],[16.20638,60.41405],[16.20595,60.41558],[16.20696,60.4171],[16.20771,60.42129],[16.2088,60.42229],[16.21773,60.42659],[16.21668,60.43219],[16.2147,60.43328],[16.21104,60.43328],[16.20719,60.4339],[16.20406,60.43564],[16.19526,60.43663],[16.1861,60.43907],[16.18353,60.44038],[16.18183,60.44575],[16.17898,60.44862],[16.1767,60.44972],[16.17314,60.4503],[16.17121,60.45176],[16.17125,60.45332],[16.17724,60.45585],[16.17913,60.45787],[16.18432,60.46068],[16.18473,60.46182],[16.1846,60.46317],[16.18254,60.4639],[16.1805,60.46534],[16.18018,60.47077],[16.17651,60.47326],[16.17591,60.47731],[16.17389,60.47847],[16.17065,60.47856],[16.16372,60.47978],[16.16145,60.48072],[16.16076,60.48257],[16.15876,60.48403],[16.15814,60.48551],[16.15709,60.48587],[16.1537,60.48602],[16.14844,60.4878],[16.14505,60.49356],[16.14552,60.49542],[16.14495,60.49632],[16.13907,60.4987],[16.13525,60.50154],[16.12885,60.50467],[16.13282,60.50667],[16.13471,60.50877],[16.1319,60.51128],[16.13166,60.51349],[16.13385,60.51881],[16.13716,60.52139],[16.13593,60.52375],[16.13302,60.52615],[16.13222,60.53199],[16.12952,60.53482],[16.13044,60.5369],[16.1305,60.53971],[16.1234,60.54368],[16.12392,60.54623],[16.12272,60.549],[16.12377,60.55012],[16.13907,60.54608],[16.15194,60.54387],[16.18496,60.54078],[16.19357,60.541],[16.21056,60.54351],[16.22123,60.54417],[16.22451,60.54392],[16.23108,60.54252],[16.23507,60.54207],[16.26779,60.54158],[16.26667,60.54359],[16.26221,60.54737],[16.25912,60.55248],[16.24959,60.55713],[16.24498,60.56095],[16.24148,60.56471],[16.23762,60.56724],[16.23657,60.57115],[16.23687,60.57271],[16.23509,60.57454],[16.23123,60.57554],[16.22676,60.57784],[16.22421,60.57786],[16.21668,60.58003],[16.21035,60.58035],[16.20363,60.57958],[16.19619,60.57988],[16.19559,60.58108],[16.18805,60.5831],[16.1855,60.58565],[16.18078,60.58778],[16.17415,60.59398],[16.15994,60.6014],[16.15973,60.60398],[16.1543,60.6114],[16.15327,60.61483],[16.15467,60.6167],[16.15595,60.62037],[16.15608,60.62307],[16.15389,60.62606],[16.14898,60.62844],[16.14855,60.63022],[16.14992,60.63144],[16.14967,60.63232],[16.14604,60.63372]]}},{"type":"Feature","properties":{"name":"TET_S-21_20260801","country":"SE","lengthKm":181.4},"geometry":{"type":"LineString","coordinates":[[14.27118,61.62947],[14.27002,61.62841],[14.27115,61.62553],[14.27324,61.62266],[14.27856,61.61742],[14.27957,61.61414],[14.28124,61.61225],[14.28143,61.61045],[14.27993,61.60691],[14.28203,61.60195],[14.28538,61.59903],[14.28566,61.59247],[14.29272,61.58841],[14.29718,61.58648],[14.29879,61.58459],[14.30143,61.58337],[14.30349,61.58105],[14.3084,61.57775],[14.30961,61.57633],[14.31278,61.57496],[14.31467,61.57356],[14.31671,61.57313],[14.31836,61.5718],[14.32139,61.57069],[14.32287,61.56816],[14.32458,61.56676],[14.3245,61.56444],[14.32512,61.56367],[14.33422,61.56073],[14.33887,61.55738],[14.33924,61.55562],[14.341,61.55386],[14.34293,61.55344],[14.34422,61.55174],[14.34915,61.54927],[14.34943,61.54728],[14.35111,61.54575],[14.35171,61.54245],[14.35488,61.53771],[14.35256,61.53601],[14.35132,61.53408],[14.35484,61.5338],[14.36353,61.53185],[14.37216,61.5282],[14.37851,61.52288],[14.37891,61.51921],[14.38046,61.51743],[14.38181,61.51681],[14.38593,61.51571],[14.39514,61.51475],[14.40355,61.51211],[14.4228,61.51076],[14.4302,61.50898],[14.47159,61.4964],[14.4762,61.49597],[14.4815,61.49415],[14.48311,61.49387],[14.487,61.49505],[14.49183,61.49475],[14.49824,61.49576],[14.51159,61.49692],[14.5179,61.49906],[14.51794,61.50172],[14.51918,61.50286],[14.52363,61.50196],[14.5268,61.50172],[14.53371,61.50187],[14.54296,61.50312],[14.55671,61.50196],[14.5657,61.50196],[14.56824,61.50146],[14.57173,61.50151],[14.57562,61.50022],[14.5774,61.49906],[14.57944,61.49898],[14.58768,61.50016],[14.60197,61.49803],[14.60615,61.4987],[14.60963,61.4999],[14.61107,61.50125],[14.62018,61.50121],[14.62469,61.50063],[14.63048,61.49855],[14.63847,61.49717],[14.64016,61.49644],[14.64194,61.49432],[14.64287,61.49149],[14.64467,61.48968],[14.64396,61.48402],[14.64617,61.48054],[14.65879,61.47786],[14.67014,61.4776],[14.67454,61.47881],[14.67737,61.482],[14.67988,61.48293],[14.68349,61.48312],[14.68703,61.48391],[14.689,61.48376],[14.69233,61.48263],[14.70082,61.48301],[14.70544,61.485],[14.70503,61.48611],[14.7059,61.48659],[14.70859,61.4868],[14.71323,61.48968],[14.71123,61.49022],[14.70863,61.49016],[14.70719,61.49221],[14.70863,61.49016],[14.71123,61.49022],[14.71323,61.48968],[14.71996,61.49269],[14.7228,61.4949],[14.72949,61.49681],[14.73606,61.49659],[14.73711,61.49595],[14.73925,61.49591],[14.745,61.49687],[14.74816,61.49797],[14.76262,61.49981],[14.76601,61.5008],[14.7732,61.50501],[14.77603,61.50962],[14.77919,61.51129],[14.78734,61.50945],[14.79552,61.50861],[14.80451,61.50646],[14.8121,61.50007],[14.81674,61.49848],[14.82,61.49664],[14.82285,61.49574],[14.83478,61.49426],[14.84176,61.49466],[14.84613,61.49582],[14.84558,61.49625],[14.85133,61.49683],[14.85772,61.49683],[14.86154,61.49726],[14.87092,61.49702],[14.88238,61.49805],[14.88671,61.49737],[14.8916,61.4979],[14.89611,61.49752],[14.91085,61.49792],[14.9269,61.49541],[14.93445,61.49301],[14.94486,61.49082],[14.96379,61.49462],[14.96589,61.49164],[14.96619,61.48992],[14.97134,61.48404],[14.97063,61.48301],[14.96741,61.48095],[14.96752,61.48005],[14.96949,61.4782],[14.96911,61.4769],[14.96518,61.47434],[14.9657,61.47039],[14.96711,61.46754],[14.971,61.46612],[14.97269,61.4649],[14.9731,61.46158],[14.97574,61.45773],[14.97941,61.45484],[14.98177,61.45205],[14.98203,61.45037],[14.98928,61.44256],[14.99923,61.43632],[15.00511,61.43016],[15.01979,61.42063],[15.02144,61.4187],[15.02556,61.41568],[15.03479,61.41083],[15.03644,61.40952],[15.03962,61.40454],[15.03951,61.40375],[15.0379,61.39898],[15.03706,61.39808],[15.03346,61.39654],[15.03288,61.39559],[15.03539,61.39244],[15.05082,61.38042],[15.05668,61.37311],[15.06438,61.36804],[15.07352,61.35236],[15.07519,61.34521],[15.07421,61.34354],[15.06468,61.33506],[15.0638,61.33345],[15.06421,61.33191],[15.0859,61.31118],[15.10562,61.29871],[15.11386,61.29227],[15.11693,61.28691],[15.1206,61.28431],[15.12114,61.28015],[15.12496,61.27794],[15.12504,61.27045],[15.12674,61.26768],[15.12781,61.2617],[15.13034,61.25745],[15.13564,61.25294],[15.14055,61.25075],[15.14637,61.24213],[15.14925,61.23535],[15.15156,61.23217],[15.15203,61.23171],[15.15305,61.23198],[15.15193,61.23181],[15.15279,61.23097],[15.15166,61.23207],[15.15545,61.22857],[15.16208,61.22481],[15.16379,61.22318],[15.16448,61.21696],[15.17105,61.20659],[15.16871,61.20402],[15.16296,61.20007],[15.16049,61.19717],[15.16169,61.19627],[15.16615,61.19567],[15.16798,61.19466],[15.16899,61.19316],[15.16798,61.19063],[15.16656,61.18898],[15.16379,61.18767],[15.15856,61.18617],[15.1521,61.18514],[15.14888,61.18378],[15.14652,61.18039],[15.13937,61.17559],[15.13834,61.17151],[15.13549,61.16919],[15.13427,61.16554],[15.13015,61.16147],[15.12965,61.15973],[15.13204,61.14836],[15.13416,61.14608],[15.13418,61.14411],[15.13609,61.14072],[15.13418,61.13847],[15.13377,61.13683],[15.13566,61.13445],[15.13671,61.1313],[15.13811,61.13023],[15.14987,61.12505],[15.15283,61.12411],[15.15697,61.12347],[15.16165,61.12141],[15.16433,61.11658],[15.16382,61.11239],[15.16489,61.10954],[15.17261,61.10866],[15.17656,61.1092],[15.18107,61.10915],[15.18802,61.11021],[15.19274,61.1101],[15.19465,61.10963],[15.19845,61.10748],[15.20349,61.10731],[15.21207,61.10596],[15.21956,61.10546],[15.22336,61.10443],[15.23248,61.10529],[15.24166,61.10349],[15.25289,61.10469],[15.25164,61.10141],[15.25289,61.10014],[15.25681,61.09864],[15.25651,61.093],[15.25874,61.09149],[15.26392,61.09025],[15.26928,61.08695],[15.27514,61.08407],[15.27722,61.08085],[15.28097,61.08068],[15.28576,61.08177],[15.28984,61.08167],[15.29342,61.08098],[15.29853,61.08104],[15.30365,61.07853],[15.31631,61.08165],[15.31906,61.0831],[15.32378,61.08383],[15.32601,61.08602],[15.33867,61.08879],[15.34215,61.09074],[15.34923,61.09145],[15.35762,61.09381],[15.36402,61.09379],[15.36627,61.09433],[15.37084,61.0992],[15.37114,61.10424],[15.37271,61.10703],[15.37429,61.10793],[15.37597,61.10812],[15.37738,61.10782],[15.37931,61.10617],[15.38,61.10403],[15.38309,61.10261],[15.38672,61.09948],[15.39045,61.09858],[15.39195,61.09858],[15.40371,61.10167],[15.40884,61.10203],[15.41157,61.10476],[15.41732,61.10611],[15.41987,61.10576],[15.42408,61.10343],[15.42847,61.10368],[15.43034,61.10461],[15.43195,61.10703],[15.43315,61.10776],[15.44021,61.1087],[15.43995,61.1098],[15.44639,61.11044],[15.44856,61.11025],[15.45141,61.11087],[15.45332,61.11609],[15.45195,61.11902],[15.45467,61.12121],[15.45997,61.12287],[15.4662,61.12355],[15.46901,61.12557],[15.47152,61.1254],[15.47536,61.12615],[15.4851,61.13093],[15.48886,61.13179],[15.49688,61.13265],[15.50184,61.13409],[15.50373,61.13426],[15.50789,61.13383],[15.51072,61.13417],[15.51506,61.13619],[15.51705,61.13653],[15.52072,61.1363],[15.52548,61.13329],[15.5304,61.13248],[15.53608,61.131],[15.54473,61.13126],[15.55078,61.12937],[15.55306,61.12707],[15.5564,61.12669],[15.55911,61.12681],[15.56509,61.129],[15.56956,61.12885],[15.5752,61.13087],[15.58898,61.1307],[15.59664,61.12866],[15.59898,61.12686],[15.60578,61.12578],[15.61923,61.11866],[15.6223,61.11546],[15.62327,61.1042],[15.62393,61.10315],[15.62561,61.10267],[15.62874,61.1025],[15.63324,61.10087],[15.63764,61.10091],[15.64071,61.10036],[15.6476,61.09782],[15.64972,61.0951],[15.65146,61.09428],[15.65432,61.09139],[15.65891,61.08847],[15.65925,61.08695],[15.66734,61.08341],[15.67178,61.0745],[15.67818,61.06802],[15.67863,61.06487],[15.68369,61.06225],[15.68455,61.06135],[15.68412,61.05781],[15.67867,61.05319],[15.67369,61.05145],[15.66741,61.04796],[15.66889,61.04079],[15.66848,61.03972],[15.66384,61.03442],[15.65947,61.03341],[15.65826,61.03279],[15.65663,61.02869],[15.65389,61.02774],[15.65281,61.02603],[15.65135,61.02566],[15.65037,61.0248],[15.64745,61.02399],[15.65286,61.02038],[15.67067,61.01545],[15.69193,61.00538],[15.69487,60.99948],[15.69442,60.99635],[15.69521,60.99453],[15.6988,60.99154],[15.70878,60.98567],[15.70981,60.98547],[15.70974,60.98352],[15.71388,60.98322],[15.71605,60.98022],[15.72047,60.9788],[15.72021,60.9747],[15.72197,60.97144],[15.72195,60.96957],[15.72644,60.96468],[15.73109,60.96298],[15.73285,60.96176],[15.74096,60.96172],[15.74935,60.96032],[15.75512,60.96069],[15.76278,60.95972],[15.79431,60.96702],[15.80456,60.96637],[15.81031,60.96751],[15.8175,60.96603],[15.82761,60.96277],[15.83486,60.96195],[15.8396,60.96253],[15.8466,60.96131],[15.85964,60.96204],[15.86344,60.96444],[15.86709,60.96511],[15.87735,60.96318],[15.87973,60.96412],[15.8816,60.96584],[15.89041,60.96614],[15.89681,60.96346],[15.90348,60.96296],[15.90765,60.95953],[15.91546,60.95987],[15.91672,60.95932],[15.91782,60.95779],[15.92363,60.95702],[15.93198,60.95883],[15.93565,60.95894],[15.93779,60.96009],[15.94159,60.96088],[15.95277,60.9611],[15.96043,60.96015],[15.96526,60.9605],[15.97459,60.95917],[15.98249,60.95884],[15.98657,60.95786],[15.99045,60.95788],[15.99594,60.95734],[15.99839,60.95635],[16.01816,60.94517],[16.02759,60.94061],[16.0304,60.93979],[16.03343,60.93951],[16.04036,60.93807],[16.04375,60.93796],[16.04729,60.93685],[16.05839,60.93056],[16.06375,60.9293],[16.0677,60.92786],[16.06939,60.92668],[16.07444,60.92494],[16.0795,60.92496],[16.08598,60.92402],[16.09441,60.92436],[16.1022,60.9234],[16.10877,60.92142],[16.11815,60.91988]]}},{"type":"Feature","properties":{"name":"TET_S-22_20260801","country":"SE","lengthKm":39.6},"geometry":{"type":"LineString","coordinates":[[13.68286,56.04302],[13.68764,56.04368],[13.69508,56.04707],[13.69909,56.04515],[13.70364,56.04223],[13.70462,56.04273],[13.71733,56.0507],[13.73244,56.05941],[13.73512,56.06212],[13.73834,56.06752],[13.74252,56.07136],[13.74639,56.07584],[13.75019,56.07908],[13.75186,56.0789],[13.75997,56.07932],[13.76395,56.08013],[13.76925,56.07969],[13.77289,56.07977],[13.77947,56.08221],[13.78466,56.08277],[13.78988,56.08412],[13.80057,56.08582],[13.80565,56.08536],[13.82913,56.09104],[13.83567,56.09079],[13.8494,56.09216],[13.85312,56.09321],[13.85435,56.09491],[13.85648,56.09636],[13.86429,56.09891],[13.87014,56.09928],[13.87135,56.09875],[13.8752,56.09843],[13.88146,56.09963],[13.88489,56.10095],[13.88631,56.10065],[13.88688,56.09989],[13.90371,56.10313],[13.91301,56.10367],[13.91315,56.10595],[13.92111,56.10423],[13.92744,56.10477],[13.9312,56.10439],[13.94422,56.1047],[13.9312,56.10439],[13.92744,56.10477],[13.92111,56.10423],[13.91328,56.10594],[13.92111,56.10423],[13.92744,56.10477],[13.9312,56.10439],[13.94371,56.10476],[13.9481,56.10404],[13.9566,56.10176],[13.97237,56.10154],[13.97864,56.10261],[13.9843,56.10422],[13.98785,56.10458],[13.99231,56.10722],[13.99322,56.10736],[14.00255,56.10629],[14.0124,56.10365],[14.01692,56.10362],[14.019,56.10395],[14.02232,56.10366],[14.02948,56.10481],[14.03374,56.10368],[14.03631,56.10346],[14.04682,56.10504],[14.05226,56.10341],[14.05901,56.10241],[14.06175,56.10146],[14.06835,56.10273],[14.07497,56.10268],[14.07753,56.10391],[14.08132,56.10491],[14.09037,56.10621],[14.09081,56.10783],[14.11173,56.10125],[14.11642,56.10017],[14.11914,56.10102],[14.12379,56.10346],[14.12634,56.10391],[14.12932,56.10302],[14.13053,56.10474],[14.13708,56.10572],[14.14311,56.1079],[14.15288,56.10797],[14.15621,56.1094],[14.16022,56.11026],[14.16563,56.11047],[14.16733,56.10889],[14.1697,56.10871]]}},{"type":"Feature","properties":{"name":"TET_S-23_20260801","country":"SE","lengthKm":546.7},"geometry":{"type":"LineString","coordinates":[[13.00576,55.54304],[13.01346,55.5432],[13.02063,55.54252],[13.02499,55.54265],[13.02668,55.54113],[13.03334,55.54125],[13.03294,55.53881],[13.02618,55.53108],[13.02237,55.52449],[13.01961,55.51619],[13.02117,55.51298],[13.0237,55.50907],[13.02595,55.50713],[13.02773,55.50435],[13.02963,55.50322],[13.03072,55.5014],[13.02912,55.50029],[13.03107,55.49932],[13.03487,55.49538],[13.04059,55.48771],[13.04332,55.48506],[13.04571,55.48305],[13.05476,55.48389],[13.05453,55.48271],[13.05221,55.48122],[13.05117,55.47487],[13.04549,55.4711],[13.04672,55.47092],[13.05563,55.46715],[13.059,55.46636],[13.0589,55.46569],[13.06121,55.46254],[13.06397,55.45965],[13.07858,55.45059],[13.08115,55.44845],[13.08283,55.44763],[13.08517,55.44759],[13.0857,55.44832],[13.08675,55.44814],[13.09062,55.44526],[13.09367,55.44474],[13.09541,55.44318],[13.10692,55.44179],[13.11203,55.44025],[13.11248,55.43735],[13.11173,55.43557],[13.11334,55.43607],[13.11743,55.43626],[13.12367,55.43746],[13.12524,55.43812],[13.12577,55.43956],[13.1293,55.44069],[13.13109,55.44173],[13.14391,55.44279],[13.146,55.44407],[13.14765,55.44448],[13.15129,55.44426],[13.1549,55.44834],[13.16351,55.44779],[13.1673,55.44877],[13.16896,55.44872],[13.16957,55.44786],[13.17423,55.44506],[13.17467,55.44299],[13.17999,55.44119],[13.18313,55.44065],[13.18593,55.43718],[13.188,55.43241],[13.18788,55.43004],[13.19031,55.42902],[13.19619,55.42193],[13.19579,55.41629],[13.19735,55.41114],[13.19961,55.40848],[13.1991,55.40625],[13.19992,55.40467],[13.1983,55.40036],[13.19818,55.39734],[13.19683,55.39359],[13.19883,55.39024],[13.20041,55.38988],[13.20749,55.39023],[13.2076,55.3905],[13.21127,55.39113],[13.2219,55.39123],[13.22164,55.391],[13.22268,55.39058],[13.23194,55.38751],[13.23514,55.38588],[13.24204,55.38485],[13.24345,55.38408],[13.24469,55.38218],[13.24673,55.38168],[13.24573,55.37973],[13.24913,55.37581],[13.25272,55.37314],[13.25613,55.37185],[13.25642,55.36914],[13.25805,55.36712],[13.25757,55.36298],[13.25824,55.3611],[13.2641,55.35638],[13.26256,55.3509],[13.27456,55.34695],[13.29145,55.34448],[13.31497,55.34421],[13.33003,55.34273],[13.3475,55.3394],[13.35701,55.33901],[13.36687,55.34137],[13.37213,55.34305],[13.3771,55.34501],[13.38143,55.34784],[13.38559,55.34918],[13.38282,55.35151],[13.38302,55.35447],[13.37896,55.35434],[13.3762,55.35833],[13.37136,55.35806],[13.37053,55.35838],[13.36857,55.36221],[13.36717,55.36259],[13.36498,55.37015],[13.38075,55.37202],[13.38525,55.37344],[13.39027,55.37446],[13.39124,55.37555],[13.39278,55.37566],[13.39556,55.37782],[13.4006,55.37851],[13.40681,55.38034],[13.41646,55.38175],[13.42191,55.38204],[13.42212,55.38293],[13.43424,55.38662],[13.43662,55.38776],[13.44561,55.3897],[13.44673,55.3949],[13.44966,55.39498],[13.45126,55.39636],[13.46316,55.39856],[13.47596,55.39802],[13.47302,55.40148],[13.48488,55.40494],[13.48414,55.40683],[13.48969,55.40801],[13.50058,55.41293],[13.50035,55.41583],[13.5084,55.41585],[13.51389,55.41731],[13.52023,55.41829],[13.51445,55.42239],[13.51751,55.42397],[13.52013,55.42457],[13.52046,55.42501],[13.52132,55.42764],[13.52077,55.43039],[13.52213,55.43373],[13.52961,55.43375],[13.52929,55.43823],[13.53054,55.43871],[13.53686,55.4396],[13.53937,55.44027],[13.5397,55.44078],[13.54392,55.44025],[13.54789,55.44091],[13.54864,55.44017],[13.55069,55.4401],[13.56044,55.4369],[13.56564,55.43571],[13.57362,55.43051],[13.58221,55.42874],[13.58343,55.4265],[13.58501,55.42615],[13.59201,55.4286],[13.59929,55.43251],[13.61354,55.4353],[13.61646,55.43553],[13.62388,55.43796],[13.63277,55.4424],[13.63551,55.44321],[13.64401,55.4442],[13.65131,55.4442],[13.65294,55.44405],[13.66343,55.44087],[13.66985,55.44025],[13.68819,55.44319],[13.6951,55.44525],[13.70186,55.44647],[13.7048,55.44639],[13.70976,55.4469],[13.71401,55.44665],[13.72304,55.44929],[13.7269,55.44907],[13.73581,55.44731],[13.7475,55.46064],[13.74956,55.46186],[13.75175,55.46214],[13.74842,55.46598],[13.74929,55.46678],[13.75206,55.47326],[13.75782,55.4797],[13.76043,55.4846],[13.76183,55.49023],[13.76322,55.49001],[13.76752,55.49063],[13.76894,55.49303],[13.77228,55.49566],[13.77279,55.49939],[13.77061,55.50049],[13.76993,55.50614],[13.77286,55.51313],[13.77648,55.51833],[13.77891,55.5198],[13.77678,55.52292],[13.77523,55.52904],[13.7735,55.53198],[13.78413,55.53412],[13.78451,55.5351],[13.78787,55.53748],[13.78775,55.54066],[13.78966,55.54421],[13.79286,55.54685],[13.794,55.54729],[13.79673,55.54757],[13.8083,55.54623],[13.81081,55.54532],[13.81496,55.54453],[13.81942,55.54193],[13.82001,55.54407],[13.82398,55.54564],[13.82553,55.54674],[13.82095,55.54963],[13.82209,55.55098],[13.81623,55.5548],[13.81503,55.55682],[13.82125,55.559],[13.82516,55.56109],[13.8279,55.56205],[13.84105,55.56351],[13.84316,55.56323],[13.84653,55.56466],[13.84893,55.56476],[13.85321,55.56157],[13.85657,55.55575],[13.85857,55.55534],[13.85923,55.55273],[13.86062,55.55091],[13.86553,55.54687],[13.86897,55.54477],[13.87696,55.53597],[13.88052,55.52931],[13.88045,55.52695],[13.88158,55.52648],[13.88504,55.52627],[13.88709,55.52719],[13.88886,55.52648],[13.89031,55.52423],[13.89196,55.51903],[13.89385,55.5184],[13.90504,55.51724],[13.91609,55.51263],[13.92088,55.5119],[13.92657,55.50821],[13.93562,55.50673],[13.94611,55.5057],[13.94759,55.50426],[13.95236,55.50523],[13.95397,55.50658],[13.96388,55.5075],[13.97624,55.5107],[13.9919,55.51364],[13.99999,55.51589],[14.01952,55.51164],[14.02276,55.5104],[14.02654,55.50774],[14.02866,55.50819],[14.02958,55.50883],[14.03154,55.5148],[14.03536,55.51628],[14.046,55.51664],[14.0517,55.51737],[14.06088,55.51755],[14.06425,55.5181],[14.06883,55.51822],[14.06665,55.52545],[14.06943,55.52485],[14.07186,55.52482],[14.07823,55.52736],[14.08209,55.52701],[14.09202,55.52761],[14.0952,55.52826],[14.09744,55.52805],[14.09715,55.53101],[14.09828,55.53376],[14.08565,55.54355],[14.08364,55.54592],[14.07792,55.55068],[14.07576,55.55234],[14.06544,55.55016],[14.0645,55.55313],[14.06147,55.55663],[14.05787,55.55935],[14.05688,55.55892],[14.05206,55.56473],[14.05029,55.56578],[14.05153,55.56652],[14.05057,55.56755],[14.05314,55.56807],[14.04977,55.57014],[14.04961,55.57114],[14.04721,55.57272],[14.05748,55.58004],[14.06236,55.57942],[14.06754,55.58039],[14.06508,55.58493],[14.06425,55.58768],[14.06277,55.58904],[14.06219,55.59173],[14.06137,55.59227],[14.05862,55.59233],[14.05767,55.59303],[14.0558,55.59461],[14.05468,55.59637],[14.0542,55.59635],[14.05271,55.59884],[14.04647,55.5997],[14.04642,55.60204],[14.04534,55.60555],[14.0362,55.6102],[14.03559,55.61135],[14.03587,55.61379],[14.03486,55.61841],[14.03273,55.62085],[14.0316,55.62136],[14.02971,55.62325],[14.02958,55.62539],[14.0288,55.62646],[14.02812,55.627],[14.02417,55.62708],[14.02316,55.62908],[14.02338,55.63146],[14.0212,55.63132],[14.01995,55.63367],[14.0189,55.63413],[14.0181,55.64068],[14.01397,55.64071],[14.01341,55.6434],[14.00887,55.64441],[14.01449,55.64763],[14.02927,55.65332],[14.03102,55.65687],[14.02336,55.65819],[14.01601,55.66224],[14.01335,55.66421],[14.00612,55.66789],[14.00516,55.66919],[14.00317,55.66923],[13.99529,55.67163],[13.99408,55.67103],[13.99376,55.66937],[13.97948,55.6745],[13.97563,55.67501],[13.97245,55.67781],[13.96961,55.68203],[13.96687,55.68216],[13.96607,55.68265],[13.96541,55.68484],[13.96345,55.6872],[13.96079,55.68797],[13.95903,55.68794],[13.95849,55.68755],[13.95571,55.68769],[13.95346,55.6885],[13.94897,55.69116],[13.95132,55.69346],[13.95413,55.69793],[13.95502,55.70076],[13.95981,55.70717],[13.9658,55.70966],[13.96852,55.71146],[13.97142,55.71758],[13.96912,55.71925],[13.96855,55.72138],[13.9636,55.72523],[13.96806,55.73395],[13.9661,55.73633],[13.96202,55.73811],[13.9608,55.74361],[13.96141,55.74704],[13.95762,55.75294],[13.95578,55.75775],[13.95639,55.75873],[13.95899,55.75943],[13.96901,55.75982],[13.97684,55.76448],[13.98066,55.76568],[13.98695,55.76637],[13.99577,55.7689],[13.99765,55.76877],[14.00124,55.76748],[14.01276,55.77484],[14.01883,55.77581],[14.02767,55.77866],[14.02939,55.78044],[14.03272,55.78061],[14.03594,55.78207],[14.03879,55.7828],[14.04074,55.78407],[14.04199,55.78578],[14.05023,55.78909],[14.05291,55.79102],[14.05632,55.79158],[14.05838,55.79259],[14.06269,55.79746],[14.06583,55.79926],[14.06883,55.80213],[14.07076,55.80316],[14.07596,55.80901],[14.07996,55.81168],[14.08048,55.81333],[14.08196,55.81433],[14.08158,55.81532],[14.07999,55.81543],[14.07788,55.8167],[14.07539,55.81681],[14.07535,55.81761],[14.07014,55.81464],[14.06187,55.81221],[14.06051,55.81374],[14.06002,55.81542],[14.0601,55.81754],[14.06101,55.81891],[14.05422,55.81901],[14.05413,55.82024],[14.05485,55.82128],[14.05362,55.82154],[14.05222,55.82253],[14.04807,55.8232],[14.04575,55.82267],[14.04644,55.82518],[14.04797,55.82602],[14.04837,55.8273],[14.04289,55.83205],[14.05008,55.83248],[14.05145,55.833],[14.05449,55.83314],[14.06452,55.83548],[14.06651,55.83441],[14.06611,55.83261],[14.06717,55.83129],[14.06793,55.83144],[14.07571,55.83848],[14.08612,55.84078],[14.08666,55.84047],[14.0885,55.84109],[14.09039,55.84118],[14.09078,55.84168],[14.09408,55.84266],[14.09582,55.84379],[14.09645,55.8453],[14.09616,55.84808],[14.092,55.85736],[14.09125,55.86107],[14.09202,55.86101],[14.09379,55.86209],[14.09957,55.86715],[14.10054,55.86746],[14.10312,55.86734],[14.10446,55.87101],[14.13246,55.87418],[14.12401,55.88235],[14.11989,55.8889],[14.11293,55.89404],[14.10849,55.89519],[14.10749,55.90665],[14.11027,55.91491],[14.11421,55.91837],[14.11498,55.93555],[14.11385,55.93777],[14.11416,55.93881],[14.11291,55.93971],[14.11205,55.94151],[14.11401,55.94521],[14.11689,55.94829],[14.11942,55.95486],[14.13373,55.96141],[14.14041,55.96304],[14.14489,55.96487],[14.14835,55.96842],[14.16117,55.96771],[14.1622,55.97127],[14.16654,55.97036],[14.16956,55.97588],[14.17088,55.97675],[14.17187,55.9784],[14.16622,55.98162],[14.1638,55.98384],[14.16074,55.98804],[14.15568,55.99093],[14.15357,55.99295],[14.15126,55.99712],[14.15084,56.00198],[14.1531,56.01266],[14.14139,56.02502],[14.13896,56.02832],[14.13853,56.03001],[14.14419,56.03957],[14.1474,56.04148],[14.15563,56.04418],[14.16233,56.05462],[14.16969,56.06165],[14.18271,56.06949],[14.18162,56.07551],[14.18285,56.07818],[14.18649,56.08191],[14.18668,56.08391],[14.17017,56.1054],[14.16955,56.10769],[14.17412,56.12362],[14.17505,56.13035],[14.17963,56.13521],[14.181,56.13897],[14.18546,56.14407],[14.18771,56.14806],[14.1935,56.15538],[14.18911,56.15725],[14.18763,56.16007],[14.1831,56.16266],[14.16877,56.16859],[14.16045,56.16981],[14.15205,56.17312],[14.1547,56.17754],[14.15671,56.179],[14.15706,56.18013],[14.15949,56.18262],[14.15689,56.18922],[14.15622,56.1934],[14.14994,56.20725],[14.14598,56.20679],[14.13435,56.20323],[14.12347,56.20266],[14.12463,56.20683],[14.12355,56.20843],[14.12465,56.21207],[14.12429,56.21329],[14.1209,56.21638],[14.10871,56.22288],[14.10975,56.22425],[14.1138,56.2253],[14.11548,56.2296],[14.11979,56.23429],[14.12116,56.2367],[14.12028,56.23865],[14.12126,56.24015],[14.12076,56.24176],[14.12134,56.24279],[14.12504,56.24424],[14.12651,56.24588],[14.12898,56.24701],[14.13179,56.24919],[14.13184,56.24973],[14.13404,56.25103],[14.14078,56.25256],[14.14547,56.25606],[14.14843,56.25734],[14.14911,56.25928],[14.15141,56.25964],[14.15579,56.26563],[14.16026,56.2678],[14.161,56.26953],[14.16058,56.27095],[14.16146,56.27265],[14.16618,56.27576],[14.16667,56.27731],[14.17271,56.28366],[14.17485,56.28426],[14.17685,56.28426],[14.17868,56.28528],[14.18239,56.28503],[14.18412,56.28589],[14.19609,56.2805],[14.19907,56.27812],[14.19946,56.27823],[14.20152,56.29176],[14.2069,56.30129],[14.21338,56.30206],[14.21733,56.30418],[14.22181,56.30408],[14.22516,56.30469],[14.2265,56.30656],[14.22894,56.30775],[14.23296,56.31172],[14.23465,56.31239],[14.2396,56.31252],[14.2415,56.31294],[14.24548,56.31193],[14.25036,56.3129],[14.25368,56.3131],[14.25564,56.31611],[14.25915,56.31984],[14.25775,56.32355],[14.25586,56.32515],[14.25358,56.32585],[14.25308,56.3271],[14.25228,56.32759],[14.25227,56.32849],[14.25365,56.32923],[14.25271,56.3315],[14.25266,56.3336],[14.25197,56.33431],[14.24835,56.33577],[14.24522,56.33921],[14.24212,56.33979],[14.23847,56.34165],[14.23537,56.34183],[14.23077,56.34274],[14.22998,56.34354],[14.23001,56.34573],[14.2275,56.34707],[14.22577,56.34725],[14.22577,56.34775],[14.22483,56.3481],[14.22497,56.35058],[14.22229,56.35147],[14.2238,56.35315],[14.22402,56.3555],[14.22749,56.35967],[14.22549,56.3615],[14.22239,56.36306],[14.21837,56.36867],[14.21595,56.36981],[14.21432,56.37008],[14.2153,56.37207],[14.21447,56.37515],[14.21545,56.37985],[14.21636,56.3814],[14.21217,56.38128],[14.21128,56.38231],[14.2115,56.3835],[14.21275,56.38427],[14.2136,56.38556],[14.21278,56.38697],[14.21318,56.3883],[14.21248,56.38941],[14.21356,56.39233],[14.21468,56.39292],[14.21445,56.39532],[14.21594,56.39819],[14.2184,56.40012],[14.21876,56.40157],[14.22181,56.40489],[14.2218,56.40559],[14.22044,56.40559],[14.2207,56.40856],[14.22141,56.40981],[14.22437,56.41121],[14.2252,56.41107],[14.22638,56.41288],[14.22647,56.41526],[14.22749,56.41668],[14.23206,56.41588],[14.23844,56.41564],[14.24238,56.4142],[14.24352,56.4123],[14.24801,56.4115],[14.24898,56.41156],[14.25116,56.41299],[14.25306,56.41353],[14.25764,56.41244],[14.25866,56.41571],[14.25811,56.4173],[14.25887,56.41812],[14.25918,56.42041],[14.2513,56.42443],[14.25048,56.42528],[14.24447,56.42674],[14.24237,56.42786],[14.2409,56.42792],[14.24022,56.42848],[14.23773,56.4287],[14.23445,56.43014],[14.23288,56.43028],[14.23118,56.4315],[14.22917,56.43225],[14.22554,56.4327],[14.22396,56.43335],[14.22311,56.43587],[14.22058,56.43725],[14.21635,56.43785],[14.21415,56.43853],[14.21185,56.43733],[14.20875,56.43818],[14.20732,56.44027],[14.20596,56.44027],[14.20445,56.44085],[14.20439,56.44171],[14.2025,56.44431],[14.20328,56.44591],[14.20118,56.44684],[14.1978,56.44749],[14.19574,56.44932],[14.19406,56.4494],[14.18884,56.44786],[14.18762,56.44771],[14.18668,56.448],[14.18438,56.45062],[14.18465,56.45318],[14.18001,56.45538],[14.17749,56.45857],[14.17621,56.45919],[14.176,56.46168],[14.17404,56.46341],[14.17432,56.46566],[14.1721,56.46763],[14.17061,56.46822],[14.17037,56.47026],[14.16871,56.47211],[14.16788,56.47792],[14.1668,56.47874],[14.16443,56.47857],[14.16349,56.47902],[14.16444,56.48115],[14.16595,56.48253],[14.16895,56.4828],[14.1725,56.48385],[14.17568,56.48397],[14.17732,56.4837],[14.1838,56.48378],[14.18563,56.4833],[14.18958,56.48127],[14.192,56.48095],[14.20252,56.48082],[14.20724,56.47978],[14.20402,56.48247],[14.2041,56.48328],[14.20268,56.48366],[14.20033,56.48565],[14.19689,56.48657],[14.19627,56.48718],[14.1968,56.49279],[14.19794,56.49463],[14.19862,56.49861],[14.19979,56.5011],[14.19771,56.50291],[14.19923,56.50377],[14.2035,56.50808],[14.20437,56.51337],[14.20659,56.51448],[14.2078,56.51691],[14.20902,56.51723],[14.21327,56.52019],[14.21332,56.52242],[14.21435,56.52359],[14.21705,56.52557],[14.22128,56.52583],[14.22283,56.52648],[14.22832,56.52571],[14.24438,56.52681],[14.24907,56.53023],[14.2538,56.5324],[14.25396,56.53312],[14.25545,56.5341],[14.25627,56.53437],[14.25794,56.53423],[14.25973,56.53489],[14.25936,56.53633],[14.25648,56.53769],[14.25723,56.53953],[14.25697,56.54174],[14.26434,56.54388],[14.26339,56.54172],[14.26417,56.54102],[14.26621,56.5405],[14.26665,56.53974],[14.273,56.53922],[14.27544,56.53994],[14.27941,56.53952],[14.28069,56.54055],[14.2826,56.54083],[14.28574,56.54219],[14.28735,56.54563],[14.28863,56.54653],[14.29285,56.54769],[14.29957,56.54889],[14.30215,56.54977],[14.30568,56.54884],[14.31099,56.54846],[14.31508,56.54774],[14.32627,56.54444],[14.33177,56.54386],[14.33872,56.54457],[14.34404,56.54431],[14.34825,56.54277],[14.35942,56.53538],[14.3536,56.53168],[14.35189,56.52657],[14.34974,56.52316],[14.3497,56.52002],[14.34766,56.51645],[14.34869,56.5155],[14.34872,56.51472],[14.34551,56.50899],[14.34573,56.50778],[14.34748,56.50582],[14.34719,56.50476],[14.3482,56.50339],[14.34814,56.50161],[14.35127,56.49971],[14.35613,56.4985],[14.35949,56.49494],[14.36125,56.49425],[14.36405,56.49187],[14.36449,56.49049],[14.36216,56.48763],[14.36859,56.48606],[14.37133,56.48331],[14.37618,56.48132],[14.38383,56.48262],[14.39007,56.47903],[14.39275,56.4743],[14.39429,56.47344],[14.39706,56.47269],[14.40123,56.47305],[14.40368,56.47234],[14.40401,56.47332],[14.40667,56.47528],[14.40743,56.47821],[14.41581,56.48538],[14.41722,56.48424],[14.41765,56.48108],[14.41972,56.47902],[14.42006,56.47706],[14.42204,56.47621],[14.42361,56.47431],[14.43177,56.47331],[14.4291,56.47153],[14.42908,56.46797],[14.43466,56.46721],[14.43998,56.46757],[14.44275,56.46812],[14.44603,56.46813],[14.4485,56.46927],[14.45173,56.46987],[14.45446,56.47114],[14.45857,56.47108],[14.46,56.47182],[14.46834,56.47181],[14.47032,56.47273],[14.47168,56.47229],[14.47547,56.47205],[14.47945,56.47535],[14.4823,56.47697],[14.48519,56.47689],[14.48984,56.47852],[14.4993,56.47864],[14.50553,56.47735],[14.50727,56.47446],[14.5117,56.47115],[14.51364,56.46888],[14.51576,56.46999],[14.51611,56.47093],[14.51987,56.47103],[14.52145,56.47018],[14.52182,56.46947],[14.52135,56.46881],[14.52221,56.46818],[14.52739,56.46695],[14.52687,56.46589],[14.52722,56.46541],[14.53468,56.46697],[14.54052,56.46683],[14.5398,56.46517],[14.54636,56.46171],[14.54956,56.45897],[14.54983,56.45806],[14.54858,56.4572],[14.54711,56.45515],[14.5473,56.45465],[14.54979,56.4558],[14.55275,56.45539],[14.5545,56.4558],[14.55882,56.45585],[14.56116,56.45651],[14.56462,56.45532],[14.56884,56.45314],[14.57231,56.45387],[14.57603,56.45372],[14.57762,56.45297],[14.58865,56.45764],[14.59299,56.45903],[14.61945,56.46378],[14.61929,56.46131],[14.61831,56.4597],[14.61543,56.45684],[14.61338,56.45628],[14.61061,56.45337],[14.61063,56.45274],[14.61173,56.45192],[14.61107,56.45112],[14.61512,56.44989],[14.62079,56.45122],[14.62549,56.45058],[14.62695,56.44995],[14.6283,56.44873],[14.62815,56.44828],[14.62623,56.44759],[14.62433,56.44791],[14.62322,56.44764],[14.62152,56.44606],[14.62353,56.44492],[14.62973,56.44352],[14.63006,56.44273],[14.63151,56.44207],[14.63397,56.43993],[14.6365,56.43967],[14.64074,56.44021],[14.6423,56.43985],[14.64359,56.43754],[14.64104,56.43672],[14.63935,56.43568],[14.63791,56.43557],[14.63021,56.43718],[14.62567,56.43767],[14.62389,56.43436],[14.62508,56.43164],[14.62811,56.43023],[14.62847,56.4291],[14.62935,56.4285],[14.62338,56.42675],[14.62405,56.42557],[14.627,56.42569],[14.62936,56.4252],[14.63692,56.42547],[14.64039,56.42636],[14.64566,56.42676],[14.64771,56.42888],[14.64913,56.42827],[14.65237,56.42805],[14.65492,56.42659],[14.66004,56.42519],[14.66407,56.42696],[14.66655,56.42697],[14.66849,56.42579],[14.66815,56.42438],[14.67015,56.42131],[14.6687,56.41862],[14.66519,56.4159],[14.66482,56.41022],[14.66393,56.40801],[14.66301,56.40793],[14.66143,56.40951],[14.66033,56.4094],[14.66033,56.40571],[14.66228,56.40272],[14.66495,56.40297],[14.6708,56.40216],[14.67154,56.39693],[14.6775,56.39419],[14.68459,56.38927],[14.68907,56.38811],[14.69368,56.38624],[14.69531,56.38602],[14.70151,56.38794],[14.7018,56.38752],[14.70405,56.38698],[14.70588,56.38782],[14.70609,56.39005],[14.7075,56.39072],[14.70652,56.39188],[14.70393,56.39299],[14.70349,56.39534],[14.71391,56.39614],[14.71991,56.3953],[14.72391,56.39695],[14.7254,56.39677],[14.72601,56.39712],[14.73101,56.39654],[14.73239,56.39552],[14.73432,56.39548],[14.73603,56.39562],[14.73788,56.39794],[14.74371,56.39796],[14.74505,56.3983],[14.74786,56.3977],[14.74961,56.3967],[14.75128,56.39653],[14.7568,56.39774],[14.76205,56.39939],[14.7643,56.39886],[14.76706,56.39951],[14.77147,56.39867],[14.77274,56.39791],[14.77223,56.39629],[14.77279,56.39519],[14.77291,56.39058],[14.77481,56.38436],[14.77882,56.38281],[14.78426,56.38262],[14.79085,56.38067],[14.7944,56.38059],[14.80042,56.37733],[14.80418,56.37685],[14.80593,56.37826],[14.80696,56.38018],[14.81048,56.38234],[14.80986,56.38338],[14.81235,56.38403],[14.8163,56.38672],[14.81861,56.38711],[14.82139,56.38828],[14.82342,56.38981],[14.8279,56.3911],[14.82899,56.39288],[14.83074,56.39411],[14.8316,56.39429],[14.83365,56.39305],[14.84482,56.39005],[14.84564,56.38947],[14.84667,56.38678],[14.84856,56.38563],[14.85228,56.38819],[14.85409,56.38845],[14.85735,56.38822],[14.86153,56.38893],[14.86483,56.3888],[14.86719,56.38949],[14.87063,56.39125],[14.87481,56.39212],[14.87747,56.39483],[14.89007,56.39599],[14.89322,56.39768],[14.89499,56.40055],[14.90016,56.40671],[14.90074,56.40693],[14.90318,56.40624],[14.90858,56.40694],[14.91065,56.40857],[14.91368,56.40971],[14.9147,56.41085],[14.91326,56.41246],[14.9136,56.41347],[14.91678,56.41571],[14.92238,56.41572],[14.92528,56.41464],[14.92846,56.41099],[14.9327,56.40943],[14.93581,56.40745],[14.94278,56.40473],[14.95056,56.4034],[14.95273,56.40849],[14.95164,56.41104],[14.95412,56.4166],[14.95375,56.41966],[14.95575,56.41941],[14.9628,56.41967],[14.96451,56.41872],[14.96748,56.41853],[14.97142,56.41927],[14.97232,56.42083],[14.97366,56.42111],[14.97589,56.42002],[14.97846,56.41956],[14.9807,56.4217],[14.98124,56.42325],[14.98499,56.42427],[14.98884,56.4248],[14.98689,56.42846],[14.98659,56.43072],[14.98153,56.43327],[14.98014,56.43438],[14.9799,56.4353],[14.98074,56.43547],[14.98113,56.43605],[14.98048,56.43662],[14.98254,56.43758],[14.98157,56.43886],[14.97995,56.43943],[14.97994,56.44018],[14.98442,56.44125],[14.98585,56.443],[14.99174,56.44482],[14.99315,56.44572],[14.99808,56.44654],[15.0023,56.44636],[15.00239,56.4471],[15.00367,56.44781],[15.00438,56.4493],[15.00765,56.45152],[15.00794,56.45282],[15.00878,56.45331],[15.00889,56.45476],[15.0109,56.45604],[15.01125,56.4573],[15.01331,56.45927],[15.01733,56.4576],[15.01831,56.45441],[15.02164,56.45456],[15.02113,56.4554],[15.02595,56.45551],[15.03109,56.45413],[15.03948,56.45352],[15.03958,56.45504],[15.04097,56.45633],[15.04164,56.45854],[15.04699,56.45788],[15.04916,56.4587],[15.05033,56.45965],[15.05027,56.46254],[15.04905,56.46447],[15.04942,56.46677],[15.0504,56.467],[15.05461,56.46678],[15.05525,56.46782],[15.05788,56.46435],[15.06056,56.46303],[15.06525,56.46198],[15.06742,56.45889],[15.06919,56.45783],[15.07212,56.45971],[15.07358,56.45918],[15.07409,56.45757],[15.07582,56.45723],[15.07673,56.45817],[15.08007,56.45882],[15.08488,56.4604],[15.08385,56.46718],[15.08483,56.46985],[15.0875,56.4704],[15.09044,56.46969],[15.09049,56.46834],[15.09226,56.46473],[15.09345,56.46368],[15.09358,56.46235],[15.09434,56.46198],[15.10164,56.4625],[15.11283,56.46078],[15.11949,56.4611],[15.11868,56.45254],[15.12435,56.45296],[15.12568,56.45237],[15.12582,56.45086],[15.12824,56.44847],[15.13331,56.44854],[15.13297,56.44626],[15.1353,56.44493],[15.13916,56.44391],[15.13878,56.441],[15.13932,56.43947],[15.14218,56.43755],[15.14836,56.43469],[15.14831,56.43406],[15.14953,56.43338],[15.14955,56.4326],[15.15037,56.43202],[15.153,56.43122],[15.15552,56.43094],[15.16004,56.43203],[15.16354,56.43162],[15.16669,56.43043],[15.16832,56.42919],[15.16901,56.42767],[15.1714,56.42625],[15.17152,56.42471],[15.17439,56.4237],[15.17787,56.42321],[15.17941,56.4225],[15.18313,56.42234],[15.18582,56.42118],[15.18897,56.42307],[15.18925,56.42374],[15.18609,56.42479],[15.18483,56.42591],[15.18431,56.42889],[15.18508,56.43131],[15.18909,56.43169],[15.18813,56.43356],[15.18938,56.43482],[15.19354,56.4353],[15.19715,56.43732],[15.1933,56.44186],[15.19503,56.4432],[15.1967,56.44628],[15.19772,56.44691],[15.20111,56.44782],[15.19994,56.44877],[15.19935,56.45064],[15.1959,56.4521],[15.19688,56.45381],[15.20072,56.45536],[15.20104,56.45586],[15.20128,56.46036],[15.20051,56.461],[15.19933,56.46113],[15.20106,56.4625],[15.203,56.46607],[15.20309,56.46768],[15.20511,56.46849],[15.2096,56.46727],[15.21122,56.46774],[15.21332,56.47344],[15.21467,56.47485],[15.21469,56.47632],[15.21653,56.4775],[15.21707,56.47841],[15.21725,56.47967],[15.21568,56.48271],[15.21666,56.48467],[15.21883,56.48491],[15.21929,56.48684],[15.22118,56.48699],[15.22311,56.48552],[15.22596,56.48454],[15.23002,56.48449],[15.23214,56.4835],[15.23318,56.47849],[15.23595,56.47602],[15.23764,56.47544],[15.23867,56.47546],[15.24295,56.47703],[15.24495,56.4765],[15.24781,56.47661],[15.2502,56.47499],[15.25695,56.47318],[15.25905,56.47321],[15.26041,56.47444],[15.26282,56.47459],[15.26739,56.47199],[15.271,56.47131],[15.27543,56.47129],[15.28058,56.47248],[15.28457,56.47253],[15.28814,56.47177],[15.29035,56.47238],[15.29164,56.4739],[15.29372,56.4751],[15.29626,56.47529],[15.29689,56.47606],[15.29962,56.47707],[15.30097,56.47836],[15.30265,56.47914],[15.30229,56.48122],[15.30365,56.48241],[15.30552,56.48568],[15.30654,56.49055],[15.30977,56.49241],[15.31237,56.49456],[15.31468,56.49551],[15.31541,56.49682],[15.31678,56.49628],[15.31926,56.49264],[15.32459,56.49201],[15.3252,56.49217],[15.32395,56.49313],[15.32514,56.49425],[15.32894,56.49453],[15.3303,56.4942],[15.33142,56.49339],[15.33198,56.49226],[15.33408,56.49184],[15.33586,56.49199],[15.33723,56.49278],[15.33776,56.49643],[15.33537,56.49799],[15.33526,56.4989],[15.33819,56.50151],[15.33908,56.50366],[15.3406,56.50408],[15.34498,56.50429],[15.3461,56.50576],[15.34871,56.50678],[15.34893,56.50763],[15.35033,56.50875],[15.35731,56.50765],[15.35812,56.50805],[15.35801,56.50893],[15.35865,56.50946],[15.36158,56.51008],[15.36303,56.51468],[15.36428,56.51611],[15.36299,56.51729],[15.36292,56.51898],[15.36357,56.52011],[15.36298,56.52106],[15.36321,56.52378],[15.3622,56.52434],[15.36208,56.52706],[15.36266,56.52852],[15.36563,56.5295],[15.35986,56.53239],[15.35445,56.53638],[15.35322,56.53785],[15.35045,56.53914],[15.34723,56.54238],[15.35001,56.54383],[15.35203,56.54631],[15.35355,56.55126],[15.35303,56.55411],[15.36028,56.55596],[15.36194,56.55707],[15.36887,56.55866],[15.38476,56.56022],[15.38916,56.56132],[15.39202,56.56292],[15.39852,56.56847],[15.40724,56.57336],[15.40674,56.57389],[15.40735,56.57599],[15.40684,56.57773],[15.40502,56.57929],[15.40468,56.58354],[15.39656,56.58604],[15.39499,56.5876],[15.39081,56.58877],[15.38526,56.59189],[15.38383,56.59388],[15.38022,56.59481],[15.37861,56.59564],[15.3767,56.59867],[15.37602,56.60166],[15.37639,56.60374],[15.3757,56.60487],[15.36762,56.60909],[15.36771,56.61063],[15.36647,56.61315],[15.36667,56.61509],[15.36581,56.61708],[15.36751,56.617],[15.37115,56.61768],[15.37608,56.61772],[15.37934,56.61836],[15.38128,56.61761],[15.38448,56.61797],[15.38886,56.61617],[15.3925,56.61619],[15.39575,56.61406],[15.40385,56.61523],[15.40422,56.61541],[15.40042,56.61934],[15.39996,56.62116],[15.40124,56.62263],[15.40538,56.62426],[15.4064,56.62587],[15.41166,56.62963],[15.41502,56.63064],[15.41777,56.63066],[15.42207,56.63213],[15.4275,56.63114],[15.43041,56.62983],[15.43195,56.62852],[15.4336,56.62877],[15.44214,56.6255],[15.44428,56.62424],[15.44783,56.62041],[15.44939,56.621],[15.45163,56.6212],[15.4556,56.62058],[15.45731,56.61986],[15.45951,56.62002],[15.45846,56.62267],[15.45694,56.62419],[15.45724,56.62473],[15.45951,56.62558],[15.46016,56.62682],[15.45968,56.62849],[15.45809,56.62949],[15.45802,56.63289],[15.45725,56.6344],[15.45543,56.63493],[15.45266,56.63734],[15.45666,56.63971],[15.45721,56.64124],[15.45679,56.64252],[15.45541,56.64391],[15.45059,56.64461],[15.44564,56.64678],[15.443,56.649],[15.44151,56.65226],[15.44183,56.65579],[15.44537,56.65889],[15.45003,56.66054],[15.45135,56.66158],[15.45177,56.66407],[15.4538,56.66608],[15.45626,56.66759],[15.45591,56.66818],[15.45692,56.6708],[15.45887,56.67094],[15.46145,56.67219],[15.46394,56.67268],[15.4677,56.67241],[15.47388,56.67745],[15.4748,56.67976],[15.47762,56.68132],[15.47869,56.68348],[15.48107,56.68532],[15.48066,56.68819],[15.48208,56.69036],[15.47982,56.69047],[15.47659,56.68958],[15.47285,56.69012],[15.47001,56.68999],[15.46962,56.6894],[15.46641,56.68976],[15.46426,56.68947],[15.46227,56.69113],[15.46348,56.69302],[15.4655,56.69457],[15.46573,56.69593],[15.46723,56.69819],[15.4673,56.70119],[15.46894,56.70734],[15.47265,56.71132],[15.47263,56.71418],[15.47324,56.71534],[15.47377,56.71585],[15.47721,56.71699],[15.47807,56.71802],[15.47821,56.71956],[15.47707,56.72112],[15.47708,56.72282],[15.4791,56.72461],[15.47976,56.7277],[15.4778,56.73138],[15.47794,56.73334],[15.46585,56.73272],[15.46479,56.73321],[15.46162,56.73335],[15.46084,56.73452],[15.45804,56.73549],[15.45675,56.73571],[15.45402,56.73517],[15.45188,56.73588],[15.4397,56.73401],[15.43592,56.73428],[15.43329,56.73353],[15.43118,56.73396],[15.42682,56.73573],[15.42505,56.73594],[15.42167,56.73553],[15.42038,56.73498],[15.41764,56.73488],[15.40673,56.73525],[15.40387,56.7363],[15.40159,56.73655],[15.40048,56.73771],[15.39998,56.74025],[15.39679,56.74265],[15.39404,56.74311],[15.3876,56.74191],[15.38623,56.74308],[15.38489,56.74724],[15.38354,56.74901],[15.38416,56.75109],[15.38373,56.75275],[15.38179,56.75379],[15.38119,56.75607],[15.37936,56.75817],[15.37896,56.75995],[15.37671,56.76386],[15.3782,56.76581],[15.38077,56.76652],[15.38142,56.7684],[15.38479,56.76934],[15.39108,56.7686],[15.39556,56.76887],[15.40068,56.77083],[15.4093,56.77306],[15.41291,56.77291],[15.4178,56.772],[15.41976,56.77238],[15.42291,56.77122],[15.4255,56.76969],[15.42991,56.76908],[15.43095,56.77355],[15.43451,56.77311],[15.43993,56.77088],[15.44545,56.77096],[15.44784,56.77058],[15.45163,56.77153],[15.45785,56.77182],[15.46399,56.77302],[15.46905,56.77503],[15.47174,56.77675],[15.47619,56.77794],[15.47963,56.77938],[15.48315,56.77982],[15.48761,56.781],[15.48873,56.78156],[15.48959,56.78276],[15.50243,56.78125],[15.50721,56.77884],[15.50964,56.77688],[15.51072,56.77414],[15.5141,56.77103],[15.51594,56.77013],[15.52289,56.76817],[15.52558,56.76671],[15.52815,56.76596],[15.52907,56.76506],[15.53145,56.76434],[15.53264,56.76332],[15.53483,56.76353],[15.53863,56.76296],[15.53963,56.76224],[15.54427,56.76066],[15.54984,56.7637],[15.55166,56.76421],[15.56447,56.76511],[15.57123,56.7663],[15.58377,56.77235],[15.58626,56.77316],[15.58783,56.77493],[15.58977,56.77965],[15.59285,56.7828],[15.59528,56.78395],[15.59642,56.78562],[15.59582,56.78696],[15.59704,56.78965],[15.59703,56.79114],[15.59654,56.79386],[15.59459,56.79791],[15.59439,56.80027],[15.59515,56.8008],[15.59887,56.80068],[15.60342,56.80176],[15.60426,56.80281],[15.60445,56.80431],[15.60039,56.80798],[15.60121,56.81086],[15.59989,56.81172],[15.59896,56.81675],[15.59772,56.81818],[15.58649,56.8256],[15.58568,56.82661],[15.58333,56.82747],[15.58211,56.82847],[15.58,56.82884],[15.57906,56.83084],[15.57962,56.83181],[15.57914,56.83242],[15.57947,56.83352],[15.58296,56.83482],[15.57894,56.83693],[15.57405,56.83741],[15.57268,56.83945],[15.5705,56.84027],[15.56791,56.8406],[15.5631,56.83983],[15.5602,56.83979],[15.55703,56.84032],[15.55562,56.84106],[15.57016,56.84564],[15.56771,56.84781],[15.56475,56.8492],[15.56153,56.85427],[15.55925,56.85531],[15.55917,56.85855],[15.55433,56.86214],[15.55379,56.86446],[15.55257,56.86547],[15.55053,56.86627],[15.55019,56.86826],[15.54637,56.87136],[15.55343,56.87806],[15.54892,56.88576],[15.55282,56.88701],[15.55225,56.8901],[15.5528,56.89165],[15.55127,56.89292],[15.54937,56.89374],[15.54836,56.89577],[15.55672,56.90039],[15.56269,56.90457],[15.57344,56.9016],[15.57919,56.90066],[15.59694,56.89891],[15.60123,56.90022],[15.60457,56.89928],[15.60583,56.8993],[15.61017,56.90106],[15.6142,56.90072],[15.61595,56.90116],[15.61863,56.9038],[15.62049,56.90443],[15.62267,56.90457],[15.62294,56.90522],[15.61882,56.90813],[15.61804,56.91063],[15.6191,56.91157],[15.6188,56.913],[15.62077,56.91478],[15.62247,56.91457],[15.62837,56.91242],[15.63048,56.9122],[15.63368,56.91037],[15.63571,56.91162],[15.63663,56.91137],[15.63749,56.91091],[15.6377,56.90922],[15.63995,56.90629],[15.64053,56.90468],[15.64962,56.9015],[15.65221,56.90007],[15.65248,56.89939],[15.65176,56.8989],[15.6501,56.89868],[15.64866,56.89782],[15.64649,56.8976],[15.64434,56.89553],[15.64614,56.89375],[15.64622,56.89289],[15.64479,56.8909],[15.64628,56.88927],[15.64997,56.88812],[15.65402,56.886],[15.65867,56.88307],[15.66124,56.88085],[15.66919,56.87746],[15.67585,56.87576],[15.67848,56.87481],[15.6792,56.87417],[15.68417,56.87414],[15.68779,56.87669],[15.68915,56.87882],[15.6931,56.87921],[15.69471,56.87869],[15.69542,56.87742],[15.70017,56.87369],[15.70706,56.87225],[15.71306,56.87194],[15.714,56.87279],[15.7139,56.87362],[15.71551,56.87433],[15.71622,56.87516],[15.7238,56.87895],[15.72455,56.88106],[15.72433,56.8825],[15.72536,56.88317],[15.72928,56.88217],[15.73728,56.87844],[15.74529,56.87771],[15.74723,56.877],[15.75269,56.8797],[15.75479,56.88318],[15.76382,56.89063],[15.7692,56.88948],[15.76951,56.88764],[15.77023,56.88735],[15.77283,56.8878],[15.77753,56.887],[15.7794,56.88719],[15.78068,56.88671],[15.78183,56.88691],[15.78642,56.88635],[15.7887,56.88575],[15.79566,56.88537],[15.79806,56.88384],[15.80037,56.88346],[15.79909,56.88142],[15.80318,56.88033],[15.80277,56.87929],[15.80348,56.87708],[15.80789,56.87343],[15.80894,56.8708],[15.81018,56.87004],[15.80999,56.86864],[15.81106,56.86751],[15.81084,56.86526],[15.81496,56.86325],[15.81532,56.86383],[15.81926,56.86491],[15.82033,56.86564],[15.82371,56.8695],[15.82839,56.87092],[15.83107,56.87332],[15.83173,56.87541],[15.83393,56.87622],[15.83359,56.87779],[15.83831,56.88043],[15.83873,56.88199],[15.84065,56.88367],[15.84208,56.8842],[15.84551,56.88465],[15.84783,56.88457],[15.84943,56.88643],[15.85418,56.88926],[15.85466,56.88989],[15.85247,56.89283],[15.85301,56.89436],[15.85811,56.89489],[15.869,56.89746],[15.87422,56.89667],[15.88176,56.89791],[15.8883,56.89737],[15.89192,56.89763],[15.89504,56.8983],[15.89937,56.89793],[15.90258,56.89823],[15.9059,56.8997],[15.91079,56.90105],[15.90876,56.9023],[15.90914,56.90268],[15.90835,56.90356],[15.90716,56.90407],[15.90336,56.90442],[15.90153,56.90571],[15.90107,56.90802],[15.89932,56.90887],[15.89784,56.91127],[15.89803,56.91302],[15.89749,56.91377],[15.8937,56.91534],[15.89201,56.91431],[15.89135,56.91276],[15.8904,56.91232],[15.88879,56.91251],[15.8855,56.91387],[15.88529,56.91538],[15.88621,56.91653],[15.88636,56.91787],[15.87995,56.92313],[15.88171,56.92428],[15.88198,56.9257],[15.86522,56.92124],[15.85451,56.92313],[15.84336,56.92928],[15.84036,56.92979],[15.84166,56.93189],[15.84546,56.93453]]}},{"type":"Feature","properties":{"name":"TET_S-24_20260801","country":"SE","lengthKm":487.8},"geometry":{"type":"LineString","coordinates":[[15.8455,56.93458],[15.84557,56.93633],[15.84703,56.93744],[15.84638,56.93885],[15.84853,56.94046],[15.85026,56.94046],[15.85021,56.94121],[15.85452,56.94322],[15.856,56.94723],[15.85788,56.94813],[15.862,56.94814],[15.8719,56.94623],[15.8752,56.9465],[15.87625,56.94717],[15.88195,56.94833],[15.8832,56.94935],[15.88601,56.94943],[15.89006,56.95019],[15.89281,56.95005],[15.89696,56.95129],[15.90136,56.95151],[15.89451,56.95586],[15.8857,56.96055],[15.8844,56.9627],[15.88405,56.96623],[15.87969,56.97415],[15.87929,56.97658],[15.87995,56.98051],[15.87972,56.98259],[15.87864,56.98464],[15.87709,56.98635],[15.86964,56.99191],[15.8674,56.99459],[15.86634,56.99467],[15.86438,56.99612],[15.86539,56.9993],[15.8636,57.00134],[15.86182,57.00484],[15.86185,57.00637],[15.8576,57.00751],[15.85546,57.00859],[15.85371,57.01396],[15.85563,57.01468],[15.85583,57.01678],[15.85483,57.0215],[15.85381,57.02223],[15.85232,57.02251],[15.84925,57.02566],[15.84973,57.02703],[15.84835,57.02996],[15.84681,57.03078],[15.84656,57.0321],[15.84517,57.03337],[15.84065,57.03575],[15.83922,57.03572],[15.83827,57.03628],[15.83572,57.03562],[15.82738,57.03774],[15.82104,57.03809],[15.8197,57.04026],[15.81146,57.04253],[15.80716,57.04482],[15.80578,57.0448],[15.80245,57.04569],[15.79767,57.04923],[15.7909,57.05159],[15.78869,57.05449],[15.78583,57.05664],[15.78402,57.05718],[15.77971,57.05759],[15.76481,57.06475],[15.75702,57.06726],[15.75766,57.07004],[15.75678,57.07162],[15.75502,57.07278],[15.75478,57.07393],[15.75545,57.07487],[15.7545,57.07554],[15.74933,57.07694],[15.74575,57.07725],[15.7414,57.07639],[15.73706,57.07609],[15.73491,57.07772],[15.73175,57.07743],[15.72853,57.0777],[15.71884,57.07983],[15.70236,57.0804],[15.69971,57.08105],[15.6941,57.08339],[15.69251,57.08434],[15.68969,57.0872],[15.68943,57.08931],[15.68675,57.09206],[15.68337,57.0937],[15.67927,57.09643],[15.67589,57.09727],[15.6745,57.09806],[15.6611,57.1027],[15.65734,57.10458],[15.65649,57.10784],[15.65437,57.10877],[15.65358,57.11266],[15.65329,57.11325],[15.65235,57.11332],[15.65409,57.11574],[15.65689,57.11648],[15.6581,57.11958],[15.65806,57.12167],[15.65712,57.12326],[15.65513,57.1246],[15.6512,57.12589],[15.64939,57.12905],[15.64782,57.13036],[15.64722,57.13198],[15.64449,57.13409],[15.6375,57.13612],[15.63497,57.13626],[15.6335,57.13716],[15.63102,57.13658],[15.62704,57.1388],[15.62373,57.13928],[15.61978,57.1405],[15.61741,57.14222],[15.61343,57.14248],[15.60844,57.14397],[15.60478,57.14615],[15.60023,57.14779],[15.59607,57.14756],[15.59243,57.14819],[15.58905,57.14782],[15.58698,57.14886],[15.58645,57.15036],[15.58525,57.15111],[15.58219,57.15145],[15.57792,57.15104],[15.57115,57.15207],[15.56941,57.15187],[15.5668,57.15345],[15.55685,57.15429],[15.54766,57.15571],[15.5514,57.15724],[15.55089,57.15918],[15.54885,57.16159],[15.53996,57.16303],[15.5354,57.16527],[15.5321,57.16638],[15.52854,57.16915],[15.52787,57.17172],[15.52662,57.17288],[15.52679,57.17708],[15.52775,57.17779],[15.52825,57.18032],[15.53143,57.18461],[15.52774,57.18573],[15.52098,57.19265],[15.51513,57.19516],[15.51717,57.19633],[15.51651,57.19692],[15.51727,57.19857],[15.51705,57.20113],[15.51895,57.20252],[15.51877,57.2033],[15.5204,57.20497],[15.52325,57.20714],[15.52988,57.20829],[15.53162,57.2104],[15.5306,57.21162],[15.53031,57.21373],[15.53316,57.21789],[15.53097,57.22057],[15.53284,57.22203],[15.53257,57.22341],[15.53129,57.22369],[15.5328,57.22606],[15.53195,57.22787],[15.53,57.22874],[15.53007,57.23135],[15.52954,57.23211],[15.53089,57.23415],[15.53235,57.23526],[15.53567,57.23655],[15.53554,57.24144],[15.53737,57.244],[15.53718,57.24521],[15.53825,57.24688],[15.54051,57.24663],[15.54026,57.25024],[15.54173,57.25103],[15.54356,57.2537],[15.54625,57.2562],[15.55009,57.25852],[15.55839,57.26226],[15.55873,57.26371],[15.55814,57.265],[15.559,57.26529],[15.5604,57.26499],[15.56158,57.26516],[15.56402,57.26645],[15.56811,57.26981],[15.56998,57.27224],[15.57068,57.27439],[15.57051,57.2767],[15.56672,57.28362],[15.56553,57.28838],[15.56599,57.29219],[15.56783,57.29508],[15.56511,57.29633],[15.56232,57.29867],[15.56075,57.29918],[15.55891,57.29925],[15.54765,57.29694],[15.54295,57.29446],[15.53857,57.29382],[15.53539,57.29225],[15.52767,57.29176],[15.52765,57.29283],[15.52542,57.29533],[15.52318,57.29648],[15.52028,57.29705],[15.5182,57.29651],[15.50725,57.29607],[15.507,57.29799],[15.49869,57.29904],[15.49695,57.29985],[15.49588,57.30273],[15.49589,57.30357],[15.49759,57.30452],[15.49845,57.30795],[15.49716,57.31012],[15.49767,57.31124],[15.49644,57.31196],[15.4953,57.31517],[15.49691,57.31537],[15.4993,57.31671],[15.49935,57.31768],[15.49673,57.32116],[15.49488,57.32217],[15.49194,57.32265],[15.48855,57.32534],[15.48293,57.32676],[15.48544,57.32781],[15.48792,57.3295],[15.49131,57.33032],[15.50473,57.33018],[15.50962,57.33094],[15.51249,57.3304],[15.51584,57.32906],[15.52032,57.32842],[15.52235,57.32758],[15.52448,57.32594],[15.53229,57.3234],[15.5362,57.32259],[15.53947,57.32313],[15.54135,57.32439],[15.54279,57.32648],[15.54392,57.32717],[15.54443,57.32861],[15.54358,57.32974],[15.54358,57.33591],[15.54038,57.33879],[15.54971,57.34436],[15.55213,57.34516],[15.55482,57.34479],[15.55623,57.34619],[15.55846,57.34719],[15.56105,57.34715],[15.56424,57.34828],[15.56832,57.3487],[15.57192,57.34841],[15.57291,57.34969],[15.56497,57.35602],[15.56461,57.35802],[15.56117,57.36082],[15.55938,57.36439],[15.55675,57.3657],[15.55579,57.36691],[15.55572,57.37113],[15.55485,57.37268],[15.55206,57.37414],[15.54833,57.37497],[15.5451,57.37707],[15.54218,57.37698],[15.53807,57.37792],[15.53146,57.382],[15.52529,57.38434],[15.52664,57.38566],[15.527,57.38693],[15.52931,57.38892],[15.53277,57.39105],[15.53731,57.39262],[15.53986,57.39607],[15.54172,57.3968],[15.54193,57.39907],[15.54011,57.4003],[15.53755,57.40051],[15.53362,57.40454],[15.53188,57.4051],[15.52972,57.40489],[15.52446,57.40599],[15.52435,57.40627],[15.53121,57.40657],[15.5305,57.40798],[15.52578,57.40958],[15.51905,57.41459],[15.51679,57.41496],[15.51487,57.41452],[15.51244,57.41638],[15.51115,57.41826],[15.51159,57.41926],[15.51079,57.42109],[15.50884,57.42261],[15.50787,57.42761],[15.50842,57.42906],[15.51123,57.43088],[15.51175,57.43334],[15.51021,57.4363],[15.50816,57.43736],[15.50516,57.43997],[15.5046,57.44141],[15.50618,57.44288],[15.51147,57.44493],[15.51516,57.44586],[15.51917,57.44618],[15.52101,57.44713],[15.52224,57.44798],[15.52307,57.45036],[15.52904,57.45283],[15.52887,57.45462],[15.53002,57.45727],[15.52938,57.458],[15.53094,57.45885],[15.53433,57.45887],[15.53793,57.46105],[15.5449,57.46401],[15.54711,57.46461],[15.55366,57.46193],[15.55696,57.46287],[15.55875,57.46293],[15.5615,57.46412],[15.56531,57.46439],[15.56456,57.46625],[15.56186,57.46741],[15.56656,57.46878],[15.57219,57.47138],[15.57,57.47256],[15.57052,57.47468],[15.57356,57.47497],[15.57639,57.47642],[15.58249,57.47764],[15.58695,57.47905],[15.58832,57.48139],[15.58664,57.48388],[15.59336,57.48469],[15.60334,57.4869],[15.6039,57.48906],[15.60484,57.48955],[15.60475,57.4904],[15.60663,57.49083],[15.60914,57.49235],[15.60875,57.49503],[15.61336,57.49752],[15.61279,57.49837],[15.61074,57.49878],[15.61081,57.50002],[15.60924,57.50062],[15.61551,57.50142],[15.61866,57.50031],[15.62484,57.49968],[15.62612,57.50199],[15.63251,57.50381],[15.63456,57.50515],[15.63795,57.50643],[15.64344,57.50708],[15.65283,57.50979],[15.67439,57.51212],[15.67687,57.51295],[15.67896,57.5151],[15.68038,57.51582],[15.69634,57.51891],[15.70594,57.5197],[15.70804,57.52028],[15.70992,57.52137],[15.7049,57.52507],[15.70305,57.525],[15.70002,57.52686],[15.69673,57.52722],[15.69393,57.52683],[15.68935,57.52746],[15.68666,57.52625],[15.68114,57.52824],[15.67564,57.52709],[15.6738,57.52711],[15.67163,57.52769],[15.67036,57.53066],[15.6727,57.53355],[15.67377,57.53411],[15.67861,57.53432],[15.68096,57.53552],[15.68233,57.53514],[15.68484,57.5353],[15.68321,57.53823],[15.68374,57.53881],[15.68097,57.53964],[15.67802,57.54172],[15.68028,57.5431],[15.68532,57.54478],[15.68663,57.54655],[15.68335,57.54892],[15.68306,57.55044],[15.67879,57.55209],[15.67282,57.55319],[15.66942,57.55467],[15.66511,57.55518],[15.66367,57.5564],[15.6584,57.55737],[15.6546,57.55759],[15.65128,57.5584],[15.64319,57.56483],[15.64326,57.56544],[15.64437,57.56611],[15.64485,57.56833],[15.64448,57.5713],[15.64297,57.57269],[15.63992,57.57401],[15.63894,57.5752],[15.63359,57.57252],[15.6308,57.57592],[15.62842,57.57737],[15.62597,57.57784],[15.62497,57.57919],[15.62426,57.58167],[15.62564,57.58361],[15.6256,57.58475],[15.62905,57.58696],[15.63167,57.58804],[15.63278,57.59083],[15.63442,57.59185],[15.633,57.59351],[15.63276,57.59466],[15.6335,57.595],[15.63442,57.59687],[15.63619,57.59649],[15.63707,57.59666],[15.63854,57.59769],[15.63863,57.59899],[15.63724,57.60031],[15.63808,57.60109],[15.63976,57.6018],[15.64339,57.60184],[15.64603,57.60136],[15.64745,57.6021],[15.65208,57.60264],[15.65897,57.60206],[15.6621,57.60128],[15.66481,57.60157],[15.66763,57.60132],[15.66911,57.60193],[15.66939,57.60283],[15.66662,57.61064],[15.66695,57.61144],[15.66934,57.61274],[15.66839,57.61396],[15.66601,57.61504],[15.66101,57.61875],[15.65672,57.61935],[15.64629,57.61859],[15.64524,57.61963],[15.64494,57.62309],[15.64027,57.62814],[15.63663,57.63125],[15.63394,57.631],[15.62508,57.62879],[15.62177,57.62917],[15.61977,57.62744],[15.6181,57.62786],[15.61546,57.62674],[15.60895,57.62601],[15.59739,57.62301],[15.59147,57.62109],[15.59118,57.62463],[15.58964,57.62782],[15.59002,57.63336],[15.58664,57.63708],[15.58486,57.63793],[15.57429,57.64004],[15.56011,57.64395],[15.55577,57.64567],[15.55447,57.64734],[15.55194,57.64897],[15.54859,57.64937],[15.54538,57.65049],[15.54635,57.65138],[15.54754,57.65142],[15.54842,57.65206],[15.54836,57.65269],[15.54743,57.65327],[15.54831,57.65416],[15.54816,57.6548],[15.54965,57.65524],[15.55004,57.65595],[15.55149,57.65534],[15.55435,57.65723],[15.55437,57.65935],[15.55546,57.66051],[15.5585,57.66083],[15.55896,57.66336],[15.55505,57.6661],[15.5626,57.66718],[15.56599,57.66935],[15.57221,57.6703],[15.57739,57.67039],[15.5826,57.66946],[15.58941,57.67039],[15.59135,57.6701],[15.59043,57.67309],[15.59191,57.67331],[15.59055,57.67622],[15.5879,57.67611],[15.58213,57.67816],[15.57853,57.68211],[15.57696,57.68196],[15.57201,57.68447],[15.56905,57.68518],[15.56555,57.68853],[15.55735,57.69093],[15.55145,57.69463],[15.54797,57.69931],[15.54674,57.70542],[15.53817,57.711],[15.5364,57.71431],[15.53439,57.71602],[15.53757,57.71657],[15.53988,57.71647],[15.54335,57.7176],[15.54663,57.71762],[15.5497,57.71642],[15.55525,57.71521],[15.55926,57.71574],[15.55826,57.71727],[15.55965,57.72083],[15.56076,57.72125],[15.56307,57.72115],[15.56824,57.72179],[15.56927,57.72146],[15.57188,57.72361],[15.57412,57.7273],[15.57421,57.72875],[15.5735,57.72964],[15.57107,57.73097],[15.56784,57.73372],[15.56757,57.73512],[15.56814,57.73593],[15.57462,57.73906],[15.57832,57.7389],[15.5795,57.73923],[15.58277,57.74248],[15.58219,57.74365],[15.58258,57.74483],[15.58642,57.74624],[15.59048,57.74285],[15.59238,57.74202],[15.59671,57.74586],[15.59856,57.74662],[15.59849,57.74769],[15.60104,57.74733],[15.60381,57.74934],[15.60625,57.75014],[15.61024,57.74965],[15.6116,57.75014],[15.6124,57.75108],[15.6159,57.75168],[15.61984,57.75154],[15.62246,57.75228],[15.62092,57.75453],[15.62906,57.75892],[15.63107,57.7624],[15.62871,57.7666],[15.62877,57.77133],[15.63257,57.77636],[15.63151,57.78426],[15.63401,57.78602],[15.63548,57.78806],[15.63326,57.78988],[15.63223,57.7924],[15.62932,57.79321],[15.62861,57.79455],[15.62032,57.79728],[15.61362,57.79778],[15.61567,57.8013],[15.61507,57.80469],[15.61926,57.80647],[15.62376,57.80774],[15.62613,57.80798],[15.62858,57.80889],[15.6357,57.80899],[15.64199,57.8112],[15.64359,57.81266],[15.64413,57.81453],[15.64278,57.81482],[15.64078,57.81664],[15.63562,57.81761],[15.63415,57.81844],[15.63411,57.82147],[15.63516,57.82221],[15.63595,57.82394],[15.63555,57.82529],[15.63873,57.8259],[15.63717,57.83117],[15.63538,57.83207],[15.63218,57.83504],[15.63076,57.83987],[15.637,57.84141],[15.63968,57.84115],[15.6442,57.84171],[15.64861,57.8438],[15.64913,57.84522],[15.6524,57.84637],[15.65408,57.84778],[15.65555,57.84804],[15.65706,57.84774],[15.6596,57.84538],[15.66024,57.84642],[15.66445,57.84898],[15.66398,57.84969],[15.66475,57.85006],[15.65942,57.85607],[15.65757,57.86024],[15.65563,57.86249],[15.65374,57.86829],[15.64977,57.8712],[15.64887,57.87257],[15.64899,57.8739],[15.65189,57.87844],[15.65133,57.88097],[15.65341,57.88568],[15.65321,57.89026],[15.64908,57.89398],[15.6485,57.89743],[15.64593,57.90184],[15.64573,57.90488],[15.64444,57.90778],[15.64478,57.91001],[15.64629,57.91211],[15.64629,57.91344],[15.64511,57.91491],[15.64622,57.9169],[15.64493,57.91967],[15.64324,57.91985],[15.63962,57.92182],[15.63595,57.92274],[15.63287,57.92233],[15.62904,57.92355],[15.62809,57.92429],[15.62625,57.92382],[15.62557,57.92404],[15.62105,57.92739],[15.62056,57.92872],[15.61617,57.93099],[15.61543,57.93218],[15.61521,57.93489],[15.61586,57.93641],[15.61462,57.93948],[15.6165,57.94148],[15.61921,57.94325],[15.62018,57.94526],[15.62432,57.94638],[15.62428,57.94686],[15.62212,57.94806],[15.62234,57.95217],[15.62496,57.95468],[15.6303,57.95696],[15.63196,57.95859],[15.6319,57.96048],[15.63361,57.96121],[15.63856,57.96483],[15.63729,57.97251],[15.63819,57.97352],[15.64292,57.97619],[15.6425,57.97735],[15.63479,57.98441],[15.63435,57.98925],[15.63044,57.98864],[15.62668,57.98732],[15.62607,57.98596],[15.62441,57.98452],[15.61598,57.98463],[15.60967,57.98358],[15.60893,57.98316],[15.60246,57.98273],[15.60265,57.98075],[15.60036,57.9786],[15.59818,57.97713],[15.59366,57.97578],[15.58886,57.97337],[15.58475,57.96866],[15.58509,57.96677],[15.583,57.96195],[15.58351,57.96022],[15.58285,57.95863],[15.58376,57.95719],[15.58142,57.95213],[15.58151,57.94726],[15.57938,57.94599],[15.57908,57.945],[15.57522,57.94259],[15.57217,57.94145],[15.57033,57.94201],[15.56351,57.94108],[15.55833,57.94248],[15.55793,57.94338],[15.56171,57.94424],[15.56235,57.94483],[15.56239,57.94792],[15.55974,57.9499],[15.56158,57.9527],[15.56147,57.95363],[15.56009,57.95522],[15.5608,57.9581],[15.55709,57.96453],[15.55762,57.9665],[15.55625,57.97109],[15.54971,57.97657],[15.55007,57.97888],[15.549,57.97987],[15.54525,57.98176],[15.54366,57.98314],[15.54096,57.98228],[15.52808,57.98235],[15.52218,57.98154],[15.52223,57.98112],[15.51987,57.98051],[15.51776,57.97936],[15.51728,57.97851],[15.51567,57.9781],[15.51305,57.97905],[15.50928,57.97912],[15.50329,57.98045],[15.49873,57.98239],[15.49556,57.98313],[15.48831,57.98718],[15.48782,57.98879],[15.48637,57.98974],[15.48677,57.99198],[15.49023,57.99523],[15.49028,57.99757],[15.48936,57.99846],[15.48956,58.00027],[15.49061,58.00138],[15.49349,58.00148],[15.49344,58.00258],[15.49242,58.00485],[15.489,58.00623],[15.48602,58.01007],[15.48227,58.01303],[15.48207,58.01443],[15.47982,58.01683],[15.48072,58.01879],[15.48153,58.01925],[15.48455,58.01943],[15.48766,58.02085],[15.48727,58.02351],[15.48773,58.02434],[15.48894,58.02494],[15.4891,58.02584],[15.48751,58.02818],[15.48482,58.02928],[15.48412,58.03209],[15.48269,58.033],[15.48193,58.03431],[15.48378,58.03448],[15.4849,58.03525],[15.49107,58.03657],[15.49323,58.03963],[15.49375,58.04159],[15.4934,58.04317],[15.49488,58.04443],[15.49485,58.04499],[15.49812,58.04686],[15.49992,58.04701],[15.50026,58.04785],[15.49716,58.04896],[15.49596,58.05001],[15.49668,58.05201],[15.49495,58.05503],[15.49279,58.05785],[15.48938,58.05951],[15.48754,58.06216],[15.48738,58.06382],[15.49063,58.07406],[15.48929,58.07595],[15.48721,58.07671],[15.47096,58.07505],[15.45804,58.07644],[15.45471,58.07783],[15.44871,58.08237],[15.44254,58.08457],[15.44012,58.08641],[15.42696,58.09131],[15.42596,58.09005],[15.42696,58.08776],[15.42679,58.08664],[15.42937,58.08296],[15.42954,58.08089],[15.43262,58.07963],[15.43354,58.07855],[15.43179,58.07456],[15.43053,58.07288],[15.42863,58.07166],[15.4225,58.07051],[15.41997,58.06771],[15.41994,58.06702],[15.42113,58.06588],[15.42115,58.06341],[15.42017,58.06148],[15.41997,58.05807],[15.41684,58.05093],[15.41529,58.05002],[15.41246,58.04916],[15.40904,58.0456],[15.40658,58.04505],[15.40413,58.04523],[15.4016,58.04407],[15.39964,58.04541],[15.39699,58.04871],[15.39506,58.05],[15.39254,58.05487],[15.39,58.05677],[15.38994,58.05751],[15.38677,58.05911],[15.38479,58.05864],[15.38194,58.05889],[15.3753,58.06094],[15.37458,58.06251],[15.36976,58.06699],[15.36994,58.06921],[15.36696,58.07091],[15.3651,58.07276],[15.3608,58.07231],[15.35571,58.07361],[15.35466,58.07352],[15.35292,58.07433],[15.35144,58.07428],[15.34829,58.07505],[15.34819,58.07554],[15.34651,58.07648],[15.34354,58.07764],[15.3384,58.07667],[15.33471,58.07696],[15.33192,58.07625],[15.32976,58.0763],[15.32822,58.07681],[15.32409,58.08066],[15.32252,58.08073],[15.32352,58.08252],[15.32355,58.08545],[15.32225,58.08639],[15.32083,58.08856],[15.31903,58.08934],[15.31464,58.09355],[15.30925,58.0947],[15.30704,58.09671],[15.30484,58.09784],[15.30335,58.0994],[15.30267,58.10211],[15.30044,58.10408],[15.3029,58.10495],[15.30405,58.10585],[15.30714,58.10653],[15.31034,58.10812],[15.31626,58.1122],[15.31616,58.11278],[15.31776,58.11398],[15.31739,58.115],[15.31431,58.11827],[15.31384,58.12056],[15.3128,58.12203],[15.31318,58.12362],[15.31223,58.12495],[15.30541,58.12705],[15.30416,58.12879],[15.30039,58.13108],[15.29362,58.13382],[15.29129,58.13661],[15.28739,58.13783],[15.28669,58.13861],[15.28339,58.14009],[15.28135,58.14033],[15.28211,58.14112],[15.28235,58.14419],[15.28431,58.14587],[15.28447,58.14698],[15.2859,58.1483],[15.28463,58.1505],[15.28734,58.15522],[15.28559,58.15865],[15.28358,58.16023],[15.28357,58.16184],[15.28284,58.16259],[15.28312,58.16447],[15.2809,58.16636],[15.27911,58.17076],[15.27893,58.17326],[15.2806,58.17466],[15.27811,58.17668],[15.2786,58.1816],[15.27738,58.18254],[15.27805,58.18412],[15.28383,58.18815],[15.28416,58.18886],[15.28991,58.1909],[15.28905,58.19216],[15.28694,58.19366],[15.28471,58.19991],[15.28882,58.20036],[15.28934,58.19887],[15.2912,58.19704],[15.29269,58.19641],[15.29348,58.19676],[15.29566,58.19682],[15.29574,58.19844],[15.29843,58.2],[15.30104,58.2002],[15.31081,58.19908],[15.31502,58.1974],[15.31615,58.1958],[15.31943,58.19477],[15.32241,58.1926],[15.33004,58.19106],[15.33249,58.19022],[15.33473,58.19007],[15.33575,58.19025],[15.33867,58.19266],[15.34402,58.19379],[15.34445,58.19424],[15.34371,58.19658],[15.34535,58.19834],[15.34684,58.19917],[15.34814,58.20251],[15.34785,58.20324],[15.35164,58.20287],[15.35435,58.204],[15.35512,58.20289],[15.35495,58.20154],[15.35604,58.2005],[15.35687,58.20057],[15.35888,58.20193],[15.3616,58.20266],[15.36347,58.20379],[15.36553,58.20422],[15.37146,58.20737],[15.37211,58.20938],[15.37362,58.21119],[15.37493,58.21182],[15.37741,58.21191],[15.37933,58.21276],[15.38192,58.21286],[15.39011,58.21426],[15.40041,58.21331],[15.40194,58.21235],[15.40297,58.21096],[15.40257,58.20598],[15.40367,58.20415],[15.4049,58.20395],[15.40573,58.20269],[15.40733,58.20242],[15.41057,58.19893],[15.41342,58.19722],[15.41369,58.1956],[15.41627,58.19324],[15.41896,58.19226],[15.41997,58.19234],[15.42185,58.18911],[15.42419,58.18706],[15.42419,58.18629],[15.42621,58.18693],[15.42677,58.18892],[15.42744,58.18926],[15.42857,58.18943],[15.43229,58.18771],[15.43351,58.18778],[15.43493,58.1917],[15.44076,58.1915],[15.44367,58.1941],[15.44616,58.19534],[15.44647,58.19581],[15.44524,58.19719],[15.4462,58.19838],[15.44624,58.20014],[15.4472,58.20056],[15.44868,58.20025],[15.45324,58.20042],[15.45606,58.19953],[15.45857,58.19933],[15.46317,58.1952],[15.46475,58.19466],[15.46851,58.19443],[15.47025,58.19392],[15.47395,58.19221],[15.47578,58.19183],[15.4787,58.18997],[15.48206,58.18989],[15.48126,58.19005],[15.47577,58.1941],[15.47556,58.19554],[15.47823,58.19654],[15.47809,58.19783],[15.47571,58.20041],[15.47533,58.20189],[15.47356,58.20337],[15.47314,58.20462],[15.46961,58.20691],[15.4716,58.20945],[15.47412,58.21081],[15.47499,58.21204],[15.47542,58.21324],[15.47436,58.21389],[15.47406,58.21513],[15.47485,58.21586],[15.47496,58.21711],[15.47646,58.218],[15.47715,58.21971],[15.4775,58.21996],[15.47853,58.21832],[15.48205,58.21739],[15.48514,58.21758],[15.48736,58.21653],[15.49022,58.21623],[15.49399,58.21407],[15.49779,58.2138],[15.50057,58.21427],[15.50115,58.2165],[15.50371,58.21756],[15.50692,58.21738],[15.50812,58.21845],[15.51212,58.22278],[15.5123,58.22411],[15.51472,58.22553],[15.51432,58.22687],[15.51474,58.22761],[15.51665,58.22801],[15.51804,58.22894],[15.52163,58.22856],[15.52518,58.22955],[15.52443,58.23552],[15.52579,58.23649],[15.5255,58.23837],[15.52604,58.23977],[15.52786,58.24097],[15.5272,58.24276],[15.52193,58.24487],[15.51733,58.24507],[15.51568,58.24568],[15.51391,58.24556],[15.5105,58.24693],[15.50883,58.24832],[15.50961,58.25018],[15.50759,58.25325],[15.5045,58.25435],[15.50198,58.25606],[15.49852,58.25742],[15.49234,58.26198],[15.49147,58.26356],[15.48886,58.264],[15.48371,58.26623],[15.48282,58.26783],[15.48446,58.27087],[15.48287,58.27334],[15.4921,58.27443],[15.49499,58.27455],[15.49769,58.27387],[15.50477,58.27467],[15.50744,58.27609],[15.50938,58.27873],[15.51438,58.27926],[15.51626,58.28068],[15.51679,58.28275],[15.51812,58.28459],[15.51859,58.28734],[15.51785,58.28964],[15.51483,58.29291],[15.51667,58.29339],[15.51763,58.29435],[15.52116,58.29596],[15.52496,58.29638],[15.52565,58.29774],[15.52427,58.29967],[15.51771,58.30094],[15.51695,58.30244],[15.51792,58.30494],[15.51752,58.30597],[15.51524,58.30811],[15.51553,58.30989],[15.51472,58.31106],[15.51972,58.3113],[15.52084,58.31233],[15.52324,58.31289],[15.52463,58.31443],[15.52632,58.3144],[15.53046,58.31543],[15.53301,58.31526],[15.53923,58.31402],[15.54171,58.31456],[15.54452,58.31635],[15.54785,58.32047],[15.55004,58.32168],[15.552,58.32363],[15.55058,58.32432],[15.54712,58.3244],[15.54395,58.32944],[15.54401,58.33027],[15.54577,58.33205],[15.54531,58.3327],[15.5496,58.33338],[15.5516,58.33295],[15.55827,58.33507],[15.5553,58.33921],[15.56044,58.33947],[15.56027,58.34159],[15.56152,58.34521],[15.56224,58.352],[15.57282,58.35297],[15.57759,58.35419],[15.58002,58.35439],[15.58755,58.35359],[15.59172,58.35229],[15.59722,58.35698],[15.59937,58.35629],[15.60129,58.35884],[15.60318,58.35907],[15.60446,58.3581],[15.60722,58.35723],[15.60977,58.35695],[15.6176,58.35464],[15.62285,58.35728],[15.6267,58.36028],[15.62653,58.36384],[15.62796,58.3655],[15.62818,58.36734],[15.6289,58.36759],[15.62737,58.36921],[15.62646,58.37284],[15.62326,58.37679],[15.62574,58.37863],[15.62849,58.3794],[15.62811,58.38116],[15.63144,58.3827],[15.63409,58.3807],[15.63605,58.37749],[15.63746,58.37646],[15.64664,58.37406],[15.65129,58.37344],[15.6574,58.37373],[15.66346,58.37516],[15.66785,58.37363],[15.67425,58.37332],[15.68217,58.37238],[15.68532,58.37246],[15.69249,58.37351],[15.70672,58.37357],[15.70972,58.37424],[15.71489,58.37635],[15.72117,58.37771],[15.72506,58.37636],[15.72708,58.3747],[15.72676,58.37142],[15.72806,58.37022],[15.72697,58.36941],[15.72791,58.36869],[15.72702,58.3678],[15.72762,58.3672],[15.73065,58.36646],[15.73408,58.36378],[15.73849,58.36408],[15.74059,58.36349],[15.74429,58.35916],[15.74781,58.35762],[15.74925,58.35651],[15.75225,58.35593],[15.75678,58.35301],[15.76822,58.34998],[15.76964,58.34899],[15.77304,58.34766],[15.77642,58.34756],[15.77924,58.34534],[15.78074,58.34513],[15.78689,58.34623],[15.78941,58.34579],[15.79094,58.345],[15.79127,58.34408],[15.80036,58.34102],[15.80393,58.33837],[15.8054,58.33646],[15.80814,58.33624],[15.81175,58.33682],[15.81901,58.33711],[15.82591,58.33981],[15.82811,58.34139],[15.83108,58.34179],[15.83641,58.34167],[15.84439,58.34265],[15.83859,58.34935],[15.84324,58.34872],[15.84675,58.34745],[15.84798,58.34838],[15.84736,58.34927],[15.85024,58.34978],[15.85293,58.34927],[15.85703,58.35071],[15.85466,58.35354],[15.86325,58.35193],[15.86894,58.3521],[15.87087,58.35288],[15.8774,58.35173],[15.88074,58.35076],[15.88655,58.34723],[15.8886,58.34779],[15.89049,58.35095],[15.897,58.35289],[15.91058,58.35323],[15.91288,58.35191],[15.91691,58.35185],[15.91947,58.3526],[15.92036,58.35406],[15.9251,58.35497],[15.93303,58.36009],[15.9315,58.36305],[15.93365,58.3646],[15.93173,58.37049],[15.93265,58.37282],[15.9323,58.37414],[15.93357,58.37515],[15.93253,58.37772],[15.93739,58.3788],[15.93906,58.38168],[15.94091,58.38292],[15.9433,58.38367],[15.94758,58.3826],[15.94902,58.38412],[15.95232,58.38465],[15.95429,58.3854],[15.95815,58.38493],[15.96405,58.38558],[15.96752,58.38519],[15.97054,58.38715],[15.97187,58.39113],[15.96905,58.39255],[15.97515,58.39355],[15.98065,58.39396],[15.98242,58.39526],[15.9853,58.39561],[15.98984,58.39766],[15.99294,58.39698],[15.9943,58.39736],[15.99609,58.39695],[15.99914,58.39707],[15.99918,58.39814],[16.00139,58.39921],[16.00787,58.39985],[16.00824,58.40142],[16.00896,58.40185],[16.01315,58.40164],[16.01768,58.40228],[16.02135,58.40447],[16.02167,58.40856],[16.02575,58.40968],[16.02959,58.40992],[16.03091,58.41219],[16.03089,58.41335],[16.04012,58.41946],[16.03932,58.42026],[16.0335,58.42287],[16.02759,58.42316],[16.02581,58.42271],[16.02255,58.42327],[16.0196,58.42287],[16.01315,58.42346],[16.01127,58.42429],[16.00889,58.42444],[16.00652,58.42508],[16.00633,58.42851],[16.00411,58.43044],[16.0054,58.43084],[16.00541,58.43198],[16.00736,58.43391],[16.00771,58.43615],[16.00674,58.4384],[16.00718,58.44029],[16.00585,58.44037],[16.00526,58.44096],[16.01001,58.44175],[16.01498,58.44099],[16.01766,58.44135],[16.02007,58.44043],[16.0226,58.44034],[16.02407,58.44071],[16.03152,58.44023],[16.035,58.43754],[16.03473,58.43597],[16.04133,58.43626],[16.04596,58.43524],[16.05159,58.43608],[16.05885,58.44205],[16.06505,58.44256],[16.06083,58.44488],[16.05768,58.44505],[16.05351,58.44651],[16.05206,58.44623],[16.04976,58.44789],[16.04571,58.44885],[16.0425,58.45165],[16.03896,58.45237],[16.03162,58.45675],[16.03048,58.45769],[16.02939,58.46089],[16.02164,58.46087],[16.01764,58.46565],[16.01786,58.46719],[16.02041,58.46879],[16.02292,58.46935],[16.02558,58.47151],[16.02739,58.47197],[16.02901,58.47416],[16.03521,58.47518],[16.03719,58.47607],[16.03794,58.47792],[16.03761,58.47861],[16.03404,58.48121],[16.03446,58.4823],[16.03869,58.48288],[16.02982,58.48836],[16.02528,58.49334],[16.03413,58.49488],[16.03943,58.49661],[16.03711,58.49837],[16.03689,58.49949],[16.03422,58.50282],[16.03188,58.50829],[16.02977,58.50865],[16.02766,58.50847],[16.02387,58.50908],[16.01786,58.50922],[16.01845,58.50974],[16.02025,58.50989],[16.0224,58.51071],[16.02679,58.5108],[16.02724,58.51165],[16.02896,58.5122],[16.0286,58.5131],[16.02606,58.51518],[16.02028,58.51717],[16.01739,58.51621],[16.01149,58.51648],[16.00622,58.51328],[16.00399,58.51254],[16.00169,58.5122],[16.00029,58.51237],[15.99746,58.51154],[15.99442,58.51141],[15.99213,58.51153],[15.9884,58.51321],[15.98209,58.51494],[15.97608,58.51461],[15.97355,58.5166],[15.97223,58.5193],[15.96882,58.51938],[15.96593,58.51885],[15.96466,58.51794],[15.96437,58.51645],[15.9635,58.51577],[15.95995,58.5169],[15.95231,58.51847],[15.94808,58.51808],[15.94439,58.5171],[15.94257,58.51728],[15.93737,58.51842],[15.93203,58.52048],[15.91026,58.52702],[15.90454,58.52771],[15.89229,58.53109],[15.88205,58.53292],[15.87924,58.53385],[15.87673,58.53405],[15.87308,58.5362],[15.86809,58.53754],[15.86672,58.53851],[15.86319,58.53943],[15.85913,58.54244],[15.85782,58.54413],[15.85505,58.54428],[15.85804,58.5535],[15.85762,58.55567],[15.85508,58.55559],[15.85483,58.55764],[15.85255,58.55878],[15.85006,58.55861],[15.84827,58.55899],[15.84564,58.56153],[15.84432,58.56199],[15.84337,58.56167],[15.84289,58.5619],[15.84209,58.56324],[15.84056,58.56405],[15.83688,58.56508],[15.83368,58.56529],[15.83079,58.56675],[15.8289,58.56692],[15.82457,58.56865],[15.81971,58.57191],[15.81835,58.57223],[15.81731,58.57353],[15.81623,58.573],[15.81412,58.57274],[15.81342,58.57201],[15.81031,58.57194],[15.80919,58.57542],[15.80737,58.57404],[15.80542,58.57339],[15.8055,58.5724],[15.80216,58.57212],[15.80076,58.57093],[15.79155,58.57164],[15.7874,58.56966],[15.78473,58.56985],[15.78211,58.56938],[15.78145,58.56793],[15.78272,58.56439],[15.78256,58.55863],[15.78124,58.55983],[15.7788,58.55922],[15.77755,58.55977],[15.77643,58.55973],[15.77233,58.55851],[15.77187,58.55742],[15.77075,58.55699],[15.7688,58.55442],[15.76295,58.55404],[15.76082,58.55502],[15.76017,58.55605],[15.75908,58.55633],[15.7571,58.5562],[15.75635,58.55681],[15.75203,58.55724],[15.75232,58.55804],[15.75026,58.56145],[15.74879,58.56161],[15.74646,58.56253],[15.74512,58.56333],[15.74484,58.56413],[15.74124,58.5656],[15.74023,58.56673],[15.73608,58.56934],[15.73508,58.57105],[15.72984,58.57053],[15.72701,58.56897],[15.72385,58.57041],[15.72366,58.57108],[15.72186,58.57237],[15.72026,58.57262],[15.71688,58.5743],[15.71758,58.57504],[15.71757,58.57654],[15.71564,58.57776],[15.7146,58.58119],[15.7118,58.58504],[15.71214,58.58901],[15.71107,58.59041],[15.7107,58.59249],[15.70865,58.59381],[15.70925,58.59461],[15.70888,58.5972],[15.70663,58.6],[15.70652,58.60123],[15.70807,58.60163],[15.70916,58.60274],[15.7073,58.60646],[15.7034,58.60581],[15.70277,58.60418],[15.70165,58.60387],[15.69945,58.60402],[15.69595,58.6025],[15.69369,58.60308],[15.69181,58.60257],[15.68887,58.60287],[15.68775,58.60204],[15.68654,58.60196],[15.68652,58.60071],[15.68511,58.59957],[15.68252,58.59907],[15.68111,58.59921],[15.67824,58.59876],[15.67426,58.60004],[15.67142,58.59988],[15.66841,58.60108],[15.66583,58.6004],[15.65869,58.60128],[15.65948,58.6004],[15.65783,58.59951],[15.65738,58.59847],[15.65845,58.59726],[15.65792,58.59451],[15.65613,58.59337],[15.65796,58.58888],[15.65965,58.58773],[15.66182,58.58481],[15.662,58.58166],[15.6619,58.5814],[15.6601,58.58132],[15.6592,58.58053],[15.65747,58.58106],[15.65305,58.5798],[15.65015,58.57948],[15.64258,58.58031],[15.64183,58.58402],[15.63889,58.58502],[15.63712,58.58673],[15.63324,58.58771],[15.62976,58.58812],[15.62682,58.58798],[15.62494,58.58915],[15.61758,58.59159],[15.6124,58.59192],[15.6094,58.59114],[15.60782,58.59181],[15.60654,58.5913],[15.60371,58.59106],[15.60353,58.5901],[15.60007,58.58928],[15.59612,58.5888],[15.59171,58.58879],[15.58848,58.58937],[15.58716,58.58824],[15.58532,58.58819],[15.58347,58.58847],[15.58018,58.591],[15.57519,58.592],[15.57303,58.59422],[15.57167,58.59479],[15.56508,58.59424],[15.56337,58.59255],[15.55937,58.59114],[15.55501,58.59138],[15.54361,58.59289],[15.54115,58.59424],[15.53634,58.59487],[15.53454,58.59601],[15.53133,58.59712],[15.52944,58.59855],[15.52774,58.59898],[15.52621,58.59892],[15.52595,58.59994],[15.52656,58.60084],[15.52925,58.60245],[15.52826,58.60358],[15.52823,58.60569],[15.53094,58.61034],[15.53094,58.61244],[15.53275,58.61359],[15.53434,58.61561],[15.53415,58.6182],[15.53598,58.61927],[15.53694,58.62179],[15.54066,58.62344],[15.54169,58.62469],[15.5432,58.6255],[15.54361,58.62674],[15.54682,58.62908],[15.54621,58.62988],[15.54691,58.63138],[15.54569,58.64031],[15.54466,58.64207],[15.54504,58.64403],[15.54381,58.64576],[15.54302,58.64939],[15.54149,58.65071],[15.54076,58.65234],[15.53901,58.65357],[15.53901,58.65486],[15.54164,58.65648],[15.54273,58.66078],[15.54886,58.66337],[15.55141,58.66568],[15.55156,58.66695],[15.55278,58.66794],[15.55241,58.66853],[15.55386,58.67107],[15.5553,58.67183],[15.55837,58.6719],[15.55905,58.67222],[15.559,58.67337],[15.55784,58.67471],[15.55814,58.6761],[15.5565,58.67833],[15.55789,58.68142],[15.56028,58.68141],[15.56207,58.68075],[15.5678,58.68172],[15.56973,58.68107],[15.57088,58.67757],[15.57219,58.67565],[15.57214,58.67387],[15.57505,58.67121],[15.57591,58.66943],[15.58154,58.66773],[15.58772,58.66515],[15.59124,58.66164],[15.59457,58.66045],[15.59805,58.65658],[15.59936,58.65651],[15.60177,58.65567],[15.60434,58.65565],[15.60591,58.65483],[15.608,58.6546],[15.61589,58.65514],[15.61775,58.65453],[15.62029,58.65502],[15.62278,58.65692],[15.6262,58.658],[15.63209,58.65692],[15.6341,58.65601],[15.63704,58.65584],[15.63877,58.65489],[15.64101,58.65462],[15.64506,58.65539],[15.64886,58.65488],[15.6512,58.6553],[15.6559,58.65458],[15.65902,58.65209],[15.66432,58.64955],[15.66879,58.6493],[15.6698,58.64989],[15.67358,58.64904],[15.67745,58.649],[15.67797,58.65079],[15.67906,58.65165],[15.67725,58.65329],[15.68118,58.6569],[15.68183,58.6601],[15.68453,58.66086],[15.68671,58.66099],[15.69148,58.66319],[15.69511,58.6636],[15.69993,58.66656],[15.70234,58.66682],[15.70477,58.66764],[15.70539,58.66887],[15.70709,58.66946],[15.70686,58.6702],[15.70803,58.67083],[15.71301,58.67199],[15.71523,58.6714],[15.71736,58.67159],[15.7211,58.67451],[15.72436,58.67497],[15.72651,58.67574],[15.7288,58.67833],[15.73082,58.67896],[15.7324,58.67888],[15.74165,58.68002],[15.74587,58.67872],[15.75155,58.67865],[15.7518,58.68018],[15.75037,58.68231],[15.75234,58.68564],[15.75024,58.6882],[15.75132,58.69224],[15.74847,58.69629],[15.74882,58.69699],[15.75149,58.69848],[15.75367,58.70041],[15.76146,58.70274],[15.76818,58.70424],[15.76758,58.70572],[15.76815,58.7061],[15.77407,58.70722],[15.77498,58.70827],[15.77645,58.70832],[15.78102,58.70981],[15.78804,58.71069],[15.79254,58.71057],[15.79756,58.71145],[15.80538,58.71158],[15.81449,58.71342],[15.82008,58.71416],[15.82881,58.71411],[15.83099,58.71457],[15.83459,58.71657],[15.83283,58.71779],[15.8319,58.72203],[15.83251,58.72357],[15.83109,58.72674],[15.83093,58.72859],[15.82751,58.73092],[15.82647,58.73303],[15.82767,58.73632],[15.827,58.73786],[15.82912,58.74021],[15.82822,58.74517],[15.82851,58.74929],[15.83039,58.75263],[15.82974,58.75328],[15.83073,58.75417],[15.83498,58.75484],[15.83601,58.7568],[15.83514,58.75834],[15.83549,58.75993],[15.83324,58.76102],[15.83315,58.76167],[15.83518,58.76325],[15.83643,58.7652],[15.83778,58.76592],[15.84211,58.7657],[15.84643,58.76595],[15.84674,58.76876],[15.8483,58.7705],[15.85186,58.77213],[15.85318,58.77401],[15.85283,58.7758],[15.85333,58.77739],[15.85694,58.78013],[15.86402,58.77878],[15.86694,58.77938],[15.86902,58.78033],[15.87983,58.7812],[15.88048,58.78155],[15.8804,58.78308],[15.87594,58.78572],[15.87339,58.7865],[15.87162,58.78774],[15.87185,58.78911],[15.86976,58.79036],[15.87033,58.79132],[15.87277,58.7924],[15.87487,58.79395],[15.87877,58.79424],[15.88057,58.79543],[15.88463,58.79537],[15.88507,58.79621],[15.88489,58.79756],[15.87643,58.80248],[15.87605,58.8039],[15.86993,58.8049],[15.86643,58.80709],[15.8634,58.80808],[15.86266,58.8088],[15.85975,58.80944],[15.85501,58.81125],[15.84556,58.81031],[15.83861,58.80794],[15.83782,58.80676],[15.84006,58.80574],[15.84048,58.80485],[15.83916,58.80375],[15.83658,58.80506],[15.83257,58.8053],[15.83047,58.80581],[15.82893,58.8056],[15.82542,58.80796],[15.8168,58.81028],[15.81783,58.81134],[15.81791,58.81359],[15.81698,58.81566],[15.81578,58.8164],[15.81416,58.8186],[15.81101,58.81903],[15.8019,58.82355],[15.79766,58.82431],[15.79586,58.82502],[15.79546,58.82666],[15.79387,58.82779],[15.79022,58.82861],[15.78663,58.83117],[15.78292,58.83257],[15.77897,58.83309],[15.77312,58.83588],[15.77276,58.8363],[15.77354,58.83686],[15.77851,58.83856],[15.77902,58.84029],[15.77697,58.84042],[15.77544,58.84092],[15.77403,58.84219],[15.76985,58.84278],[15.76558,58.84469],[15.76363,58.84502],[15.76242,58.84634],[15.76119,58.84634],[15.75652,58.84512],[15.75364,58.84322],[15.75223,58.84283],[15.74886,58.84289],[15.74448,58.84452],[15.74051,58.84473],[15.73347,58.84576],[15.73093,58.84398],[15.72555,58.84394],[15.72027,58.84285],[15.71336,58.84299],[15.71071,58.8419],[15.71123,58.8403],[15.70233,58.84215],[15.69996,58.84392],[15.69774,58.84733],[15.69999,58.84783],[15.70156,58.8495],[15.7016,58.85122],[15.70091,58.85219],[15.70202,58.85358],[15.7016,58.85458],[15.69861,58.85534],[15.69826,58.85647],[15.69723,58.85647],[15.69546,58.85586],[15.69493,58.85523],[15.69393,58.8551],[15.69276,58.85594],[15.69204,58.86086],[15.69038,58.86338],[15.68957,58.86657],[15.68727,58.87046],[15.68625,58.87356],[15.68833,58.87857],[15.68857,58.88139],[15.69196,58.88499],[15.69233,58.8863],[15.69445,58.88761],[15.6936,58.88918],[15.69448,58.89247]]}},{"type":"Feature","properties":{"name":"TET_S-25_20260801","country":"SE","lengthKm":64},"geometry":{"type":"LineString","coordinates":[[15.64076,56.16642],[15.64177,56.16974],[15.64432,56.1728],[15.64678,56.17443],[15.65406,56.17768],[15.65543,56.17903],[15.65611,56.18078],[15.65608,56.18848],[15.65423,56.1912],[15.6518,56.19252],[15.64755,56.19383],[15.6325,56.19636],[15.64024,56.20411],[15.64213,56.20706],[15.64162,56.20741],[15.63806,56.20632],[15.62757,56.20623],[15.62379,56.20689],[15.61709,56.20878],[15.60824,56.20995],[15.59646,56.21262],[15.58928,56.21352],[15.58335,56.21359],[15.57821,56.21299],[15.56401,56.21014],[15.55942,56.20986],[15.54842,56.21004],[15.52831,56.20726],[15.52539,56.20657],[15.5157,56.20287],[15.50337,56.20174],[15.48683,56.19832],[15.47013,56.19788],[15.46892,56.19958],[15.46801,56.20387],[15.46799,56.21066],[15.45862,56.21302],[15.4549,56.21522],[15.45168,56.21524],[15.44992,56.21631],[15.44648,56.21696],[15.4454,56.21749],[15.44025,56.2174],[15.43818,56.2186],[15.43406,56.21883],[15.43208,56.22045],[15.43039,56.22102],[15.43012,56.22239],[15.42704,56.22489],[15.42177,56.22708],[15.42146,56.22898],[15.41887,56.2302],[15.41495,56.234],[15.41902,56.24071],[15.41755,56.24142],[15.41377,56.24195],[15.41445,56.24323],[15.41104,56.24459],[15.40912,56.24764],[15.40963,56.24897],[15.40817,56.24981],[15.40815,56.25096],[15.4074,56.25161],[15.40436,56.25241],[15.39893,56.25318],[15.3971,56.25423],[15.39814,56.25777],[15.4005,56.25969],[15.40167,56.26153],[15.40172,56.26244],[15.40059,56.2632],[15.40142,56.26465],[15.39435,56.27102],[15.39454,56.27511],[15.39132,56.27792],[15.39061,56.27961],[15.38708,56.28287],[15.38656,56.28426],[15.386,56.28463],[15.3845,56.28473],[15.38363,56.28619],[15.3815,56.28669],[15.3806,56.28729],[15.38326,56.28917],[15.38207,56.29109],[15.38235,56.29337],[15.38078,56.29473],[15.37977,56.29758],[15.37583,56.2997],[15.37045,56.29919],[15.36848,56.29968],[15.36434,56.30267],[15.36205,56.30546],[15.35864,56.30693],[15.35835,56.30803],[15.35367,56.31327],[15.35187,56.31706],[15.35213,56.32046],[15.3498,56.32195],[15.35047,56.32414],[15.35418,56.32499],[15.36096,56.32762],[15.36277,56.32794],[15.36469,56.32776],[15.3678,56.32649],[15.3758,56.32139],[15.3811,56.32131],[15.38336,56.32059],[15.39138,56.32254],[15.39473,56.32387],[15.39848,56.32459],[15.40045,56.32452],[15.40906,56.32261],[15.41258,56.32383],[15.41726,56.32409],[15.4273,56.32722],[15.42249,56.3304],[15.42028,56.33295],[15.41998,56.33449],[15.41855,56.33586],[15.41638,56.33637],[15.41336,56.33862],[15.41206,56.34049],[15.40949,56.34164],[15.40633,56.34246],[15.40317,56.34262],[15.39846,56.34557],[15.39296,56.34705],[15.3885,56.34722],[15.38696,56.3479],[15.38077,56.34766],[15.37084,56.35204],[15.36329,56.35361],[15.36246,56.35449],[15.35926,56.35603],[15.35484,56.35617],[15.35392,56.35705],[15.35216,56.35774],[15.34958,56.36123],[15.34522,56.36323],[15.33921,56.36304],[15.33618,56.3633],[15.33481,56.3639],[15.33405,56.36484],[15.33222,56.3651],[15.33007,56.3666],[15.32607,56.36829],[15.32265,56.36935],[15.31952,56.3694],[15.31633,56.37002],[15.31474,56.37154],[15.31207,56.37283],[15.31128,56.37395],[15.30802,56.37488],[15.30731,56.37687],[15.30453,56.37965],[15.3047,56.38101],[15.303,56.38213],[15.30147,56.38407],[15.29952,56.38467],[15.29637,56.38645],[15.29319,56.38536],[15.29259,56.38469],[15.29078,56.3857],[15.28741,56.39016],[15.28522,56.39115],[15.2817,56.39365],[15.28059,56.39616],[15.27842,56.39742],[15.27684,56.39928],[15.27668,56.40091],[15.2755,56.40233],[15.26792,56.40577],[15.25779,56.40816],[15.2545,56.40841],[15.2435,56.41208],[15.23437,56.41288],[15.22877,56.41379],[15.22591,56.41466],[15.21731,56.41346],[15.21304,56.41385],[15.2092,56.41507],[15.20424,56.41008],[15.19984,56.41075],[15.19706,56.41163],[15.19298,56.41132],[15.19077,56.41157],[15.18583,56.41077],[15.18106,56.41187],[15.17295,56.41221],[15.17377,56.4135],[15.18177,56.41572],[15.18282,56.4169],[15.18291,56.41912],[15.18411,56.41941],[15.18575,56.42111]]}},{"type":"Feature","properties":{"name":"TET_S-26_20260801","country":"SE","lengthKm":258.3},"geometry":{"type":"LineString","coordinates":[[12.91413,57.41078],[12.91731,57.41259],[12.91825,57.41462],[12.92264,57.41605],[12.92856,57.42112],[12.93528,57.42177],[12.94032,57.42324],[12.94272,57.4247],[12.95396,57.42387],[12.95716,57.42293],[12.96091,57.41962],[12.96209,57.41936],[12.96866,57.42243],[12.97893,57.42618],[12.98699,57.42787],[12.99217,57.42806],[12.99229,57.42847],[12.99096,57.42909],[12.99632,57.43085],[13.00354,57.43501],[13.00549,57.43711],[13.00837,57.43857],[13.01146,57.44221],[13.01533,57.44292],[13.01487,57.44502],[13.01604,57.44664],[13.02302,57.45106],[13.02467,57.45322],[13.02856,57.45514],[13.0327,57.45645],[13.03752,57.45558],[13.04349,57.45366],[13.04628,57.45342],[13.04751,57.45406],[13.04848,57.45317],[13.04854,57.45179],[13.0501,57.45066],[13.05338,57.44929],[13.05539,57.44751],[13.05776,57.4434],[13.05781,57.44132],[13.05925,57.44139],[13.06317,57.43995],[13.06582,57.44124],[13.06877,57.44178],[13.06935,57.4428],[13.07186,57.44377],[13.07785,57.4442],[13.07947,57.44359],[13.08171,57.44334],[13.08401,57.44399],[13.08632,57.44342],[13.08977,57.44372],[13.09133,57.44348],[13.09386,57.44364],[13.09507,57.44431],[13.09693,57.44334],[13.09852,57.44485],[13.10055,57.4459],[13.10954,57.44712],[13.1125,57.44841],[13.1193,57.44501],[13.11983,57.44254],[13.12369,57.44208],[13.12432,57.44103],[13.12805,57.43946],[13.13036,57.43958],[13.13344,57.44044],[13.13771,57.44023],[13.14102,57.43758],[13.14239,57.4387],[13.14776,57.43883],[13.15123,57.44004],[13.15347,57.4404],[13.15969,57.44054],[13.16663,57.43991],[13.16929,57.43876],[13.17363,57.4352],[13.17393,57.43308],[13.17551,57.43094],[13.17965,57.42945],[13.18097,57.42967],[13.18219,57.42937],[13.18312,57.42799],[13.18557,57.42676],[13.19555,57.42587],[13.19873,57.42501],[13.20191,57.42476],[13.20447,57.42387],[13.20701,57.42375],[13.20831,57.42321],[13.20889,57.42225],[13.21074,57.42174],[13.21542,57.42151],[13.21759,57.42101],[13.21927,57.42006],[13.22836,57.41729],[13.23081,57.41691],[13.23477,57.4145],[13.23643,57.41469],[13.23713,57.41615],[13.23825,57.41678],[13.24187,57.41683],[13.24539,57.4163],[13.24869,57.41702],[13.2521,57.41687],[13.25458,57.41759],[13.25708,57.41771],[13.26033,57.41844],[13.26341,57.41776],[13.26471,57.41632],[13.26728,57.41702],[13.27089,57.41651],[13.27581,57.41773],[13.28038,57.41728],[13.28188,57.41831],[13.28542,57.41816],[13.28746,57.42221],[13.29208,57.42308],[13.2941,57.4209],[13.29911,57.42096],[13.30217,57.42058],[13.30561,57.41943],[13.3099,57.4172],[13.31354,57.41663],[13.31699,57.41476],[13.31788,57.41356],[13.321,57.41146],[13.32423,57.40627],[13.33444,57.401],[13.33745,57.39863],[13.3472,57.39723],[13.3543,57.39716],[13.35696,57.39599],[13.35765,57.39649],[13.35959,57.3967],[13.36221,57.39614],[13.36425,57.39673],[13.36857,57.39605],[13.37002,57.39515],[13.375,57.39457],[13.3792,57.39582],[13.38258,57.39559],[13.3835,57.39582],[13.38614,57.39712],[13.38715,57.39858],[13.39353,57.40109],[13.40379,57.40297],[13.40591,57.40307],[13.40905,57.4046],[13.41129,57.40666],[13.41026,57.40873],[13.40874,57.41011],[13.41013,57.41187],[13.40996,57.41241],[13.40761,57.41354],[13.40726,57.41451],[13.40751,57.41641],[13.41033,57.41959],[13.41444,57.42092],[13.41683,57.42332],[13.41997,57.42489],[13.42762,57.42537],[13.4322,57.4267],[13.4371,57.4288],[13.43975,57.42943],[13.44211,57.42893],[13.44638,57.43076],[13.44625,57.4319],[13.44454,57.43411],[13.44777,57.43558],[13.44867,57.43809],[13.45096,57.4402],[13.45542,57.44199],[13.45771,57.44341],[13.46261,57.44441],[13.47002,57.4468],[13.47215,57.44702],[13.47389,57.44789],[13.47541,57.44747],[13.48013,57.44856],[13.48495,57.4487],[13.48886,57.44964],[13.49017,57.45062],[13.49267,57.45087],[13.4985,57.45241],[13.5042,57.45257],[13.50516,57.45309],[13.5048,57.454],[13.50551,57.45534],[13.50994,57.45988],[13.51213,57.46071],[13.51487,57.46112],[13.51931,57.46352],[13.52183,57.46346],[13.52254,57.46398],[13.52707,57.46444],[13.53208,57.4661],[13.53338,57.4659],[13.53429,57.4652],[13.54052,57.46432],[13.54894,57.46219],[13.55269,57.46206],[13.55477,57.46134],[13.55678,57.46121],[13.56753,57.45683],[13.57247,57.45742],[13.57813,57.45741],[13.59316,57.46254],[13.59548,57.46305],[13.59907,57.46322],[13.60184,57.46134],[13.60248,57.45903],[13.59686,57.4494],[13.59388,57.44722],[13.59783,57.44147],[13.60295,57.43641],[13.60319,57.43477],[13.60154,57.42957],[13.60207,57.42767],[13.60404,57.42597],[13.60576,57.42524],[13.60788,57.42511],[13.61,57.42574],[13.613,57.4246],[13.61835,57.42368],[13.6354,57.41574],[13.63856,57.4214],[13.64058,57.42725],[13.65227,57.43768],[13.65498,57.44121],[13.65696,57.44218],[13.66084,57.44785],[13.66396,57.45056],[13.66562,57.45428],[13.66582,57.45653],[13.66741,57.45964],[13.66935,57.46156],[13.66928,57.46288],[13.67507,57.46707],[13.68035,57.46862],[13.68238,57.47065],[13.68795,57.47367],[13.68898,57.47511],[13.69216,57.47646],[13.69199,57.47802],[13.70228,57.47848],[13.7035,57.4782],[13.7056,57.47582],[13.70754,57.47444],[13.70947,57.47438],[13.71014,57.47266],[13.71231,57.47146],[13.71616,57.47133],[13.71835,57.47217],[13.7203,57.47225],[13.7233,57.47172],[13.72628,57.47175],[13.72653,57.47303],[13.72837,57.47381],[13.72898,57.47534],[13.73013,57.47633],[13.7316,57.47676],[13.73345,57.47846],[13.73292,57.4796],[13.73392,57.48174],[13.73782,57.48445],[13.73891,57.4893],[13.74252,57.49245],[13.74462,57.49783],[13.7441,57.50106],[13.74612,57.50422],[13.74933,57.50399],[13.75695,57.501],[13.76118,57.50159],[13.76135,57.50086],[13.75806,57.4992],[13.75824,57.49594],[13.75977,57.49645],[13.76064,57.49739],[13.76144,57.49735],[13.76221,57.49662],[13.76446,57.4969],[13.76666,57.49665],[13.76806,57.497],[13.76824,57.49643],[13.76931,57.49638],[13.77087,57.49722],[13.77365,57.49778],[13.77547,57.4992],[13.78097,57.50144],[13.78151,57.50204],[13.78695,57.50042],[13.79344,57.50069],[13.79374,57.49757],[13.79659,57.49563],[13.79836,57.4952],[13.80105,57.49527],[13.81237,57.49759],[13.81556,57.49741],[13.82358,57.4987],[13.82619,57.4981],[13.83315,57.49814],[13.84177,57.49628],[13.8474,57.4961],[13.85673,57.49285],[13.85875,57.49126],[13.8597,57.48985],[13.86032,57.48691],[13.85993,57.48519],[13.86327,57.48023],[13.86822,57.477],[13.8738,57.47511],[13.87714,57.47352],[13.88238,57.47239],[13.89009,57.4675],[13.8928,57.46478],[13.89408,57.46451],[13.89563,57.4647],[13.89866,57.46608],[13.90037,57.46639],[13.89913,57.46856],[13.89961,57.46921],[13.90572,57.47039],[13.909,57.46923],[13.91177,57.46875],[13.91401,57.46926],[13.91603,57.46856],[13.91896,57.46872],[13.92092,57.46821],[13.92196,57.46705],[13.92392,57.46659],[13.9249,57.46578],[13.93203,57.46384],[13.93287,57.46203],[13.93639,57.46058],[13.93886,57.45748],[13.93731,57.45456],[13.93794,57.45362],[13.93767,57.45255],[13.93423,57.45116],[13.93277,57.44969],[13.93534,57.44883],[13.93943,57.44864],[13.94177,57.44816],[13.94993,57.44499],[13.96051,57.44491],[13.96742,57.44001],[13.9718,57.43864],[13.97669,57.43796],[13.98132,57.43665],[13.98855,57.43657],[13.99527,57.43452],[14.00126,57.43376],[14.01557,57.43093],[14.02197,57.4281],[14.03728,57.42584],[14.04287,57.42627],[14.05122,57.42546],[14.05352,57.42484],[14.06893,57.42561],[14.08127,57.42687],[14.0861,57.42774],[14.08792,57.42989],[14.09362,57.43064],[14.0942,57.42784],[14.1003,57.42765],[14.10215,57.42662],[14.10209,57.42584],[14.1033,57.42611],[14.10284,57.42813],[14.10641,57.42773],[14.10767,57.42684],[14.10779,57.42498],[14.109,57.42307],[14.11372,57.41813],[14.11643,57.41547],[14.11913,57.41495],[14.12529,57.41723],[14.12954,57.41789],[14.13691,57.41834],[14.1487,57.42158],[14.15278,57.42101],[14.15451,57.42128],[14.15554,57.42233],[14.15756,57.42314],[14.15928,57.42317],[14.16733,57.4264],[14.17147,57.42877],[14.17038,57.43042],[14.17048,57.43206],[14.17355,57.43493],[14.1797,57.43462],[14.19016,57.43206],[14.19323,57.43915],[14.19323,57.444],[14.19141,57.44944],[14.19006,57.45761],[14.19169,57.47113],[14.19607,57.47118],[14.19849,57.47265],[14.20266,57.47228],[14.20281,57.47166],[14.2012,57.46916],[14.20137,57.46668],[14.20302,57.46673],[14.20512,57.46561],[14.21451,57.46498],[14.21543,57.46273],[14.22035,57.46149],[14.22134,57.46197],[14.22256,57.46193],[14.224,57.4611],[14.22584,57.46303],[14.22671,57.46306],[14.22853,57.46227],[14.22939,57.46401],[14.23323,57.46749],[14.23424,57.46968],[14.23416,57.47122],[14.2406,57.47618],[14.24177,57.47654],[14.244,57.47617],[14.24727,57.47893],[14.24738,57.47985],[14.2585,57.47649],[14.26952,57.47557],[14.28577,57.47291],[14.29356,57.47126],[14.30654,57.4702],[14.31702,57.46988],[14.31663,57.47295],[14.31848,57.47317],[14.31836,57.47511],[14.31944,57.47712],[14.32358,57.47679],[14.32862,57.47877],[14.33072,57.47883],[14.33378,57.47849],[14.33753,57.47713],[14.339,57.47609],[14.34227,57.47616],[14.34647,57.4777],[14.34991,57.47777],[14.35257,57.47844],[14.35505,57.48058],[14.36092,57.48114],[14.36401,57.48207],[14.36377,57.48064],[14.36457,57.47793],[14.36554,57.47716],[14.36859,57.47962],[14.37808,57.47749],[14.38276,57.47711],[14.38836,57.47458],[14.39324,57.47368],[14.39647,57.47396],[14.398,57.47366],[14.401,57.47587],[14.40453,57.47591],[14.41032,57.47779],[14.41834,57.47754],[14.4274,57.4795],[14.42955,57.47878],[14.43124,57.47885],[14.43247,57.47932],[14.434,57.47921],[14.43627,57.47668],[14.43976,57.47556],[14.44061,57.47461],[14.44886,57.47292],[14.44925,57.47165],[14.45746,57.46784],[14.46142,57.46818],[14.46633,57.47035],[14.4681,57.47055],[14.47059,57.46989],[14.47754,57.46911],[14.48215,57.46915],[14.4914,57.47088],[14.4924,57.46992],[14.49397,57.4694],[14.50246,57.46928],[14.50484,57.46962],[14.50702,57.4715],[14.50514,57.47571],[14.50713,57.4783],[14.50801,57.47855],[14.50836,57.48008],[14.50775,57.48139],[14.50644,57.48229],[14.50663,57.48459],[14.50483,57.48704],[14.50586,57.48936],[14.50541,57.49315],[14.50988,57.49316],[14.51365,57.49436],[14.51828,57.49347],[14.51989,57.49157],[14.5238,57.48879],[14.52652,57.48808],[14.53069,57.48809],[14.53272,57.48727],[14.53454,57.48706],[14.53679,57.48599],[14.53918,57.48391],[14.54021,57.48166],[14.54331,57.47907],[14.54292,57.47789],[14.54571,57.47452],[14.547,57.47439],[14.54832,57.47339],[14.55092,57.46814],[14.5527,57.46736],[14.56209,57.46531],[14.56762,57.46509],[14.57147,57.4642],[14.57332,57.46367],[14.57574,57.46221],[14.57902,57.46156],[14.58092,57.46062],[14.58564,57.46076],[14.58754,57.4603],[14.59894,57.46226],[14.602,57.46226],[14.60257,57.46544],[14.60038,57.46695],[14.60033,57.46873],[14.59572,57.47059],[14.59255,57.47339],[14.59042,57.47415],[14.58812,57.47639],[14.58777,57.47825],[14.58466,57.47806],[14.58337,57.47883],[14.58347,57.4811],[14.58548,57.48271],[14.58465,57.48666],[14.58492,57.48915],[14.58156,57.49267],[14.58143,57.49427],[14.57887,57.49951],[14.57459,57.50321],[14.57051,57.50507],[14.56749,57.50863],[14.57285,57.51141],[14.57532,57.51149],[14.58522,57.51432],[14.59051,57.51443],[14.5935,57.51486],[14.59704,57.51473],[14.59763,57.51548],[14.59704,57.5178],[14.59777,57.52011],[14.59941,57.52058],[14.60111,57.5227],[14.60132,57.5238],[14.60532,57.52618],[14.60832,57.52918],[14.61151,57.529],[14.61547,57.52991],[14.6175,57.52897],[14.62002,57.52693],[14.62468,57.52613],[14.6279,57.52741],[14.63047,57.53004],[14.63304,57.53094],[14.63413,57.53072],[14.63652,57.53151],[14.63804,57.53155],[14.6419,57.53071],[14.64368,57.52864],[14.6478,57.52685],[14.65921,57.52387],[14.66237,57.52161],[14.67148,57.51191],[14.68148,57.50774],[14.68493,57.50719],[14.6944,57.50824],[14.69588,57.51155],[14.69605,57.51631],[14.69652,57.51651],[14.69909,57.51594],[14.71187,57.51737],[14.71753,57.5193],[14.71805,57.51492],[14.72991,57.51678],[14.73521,57.51808],[14.7393,57.51826],[14.74805,57.5163],[14.76061,57.51568],[14.76988,57.5188],[14.77489,57.51994],[14.77472,57.52093],[14.77293,57.52231],[14.77069,57.52624],[14.77123,57.52664],[14.77568,57.52749],[14.78187,57.52751],[14.78406,57.52828],[14.7879,57.5286],[14.79164,57.52859],[14.7947,57.52765],[14.79849,57.52748],[14.79934,57.52717],[14.80007,57.52535],[14.80081,57.52503],[14.81214,57.52375],[14.81639,57.52228],[14.82121,57.518],[14.82157,57.51586],[14.82344,57.51424],[14.82472,57.51215],[14.82799,57.51033],[14.82994,57.50842],[14.82745,57.50503],[14.82836,57.50366],[14.83181,57.50232],[14.83638,57.50126],[14.83949,57.49827],[14.83974,57.49675],[14.84267,57.49664],[14.84488,57.49579],[14.85045,57.49257],[14.85077,57.49182],[14.85481,57.49338],[14.85662,57.49454],[14.86366,57.49691],[14.86719,57.49676],[14.86837,57.49456],[14.87077,57.49644],[14.87388,57.49703],[14.87707,57.49949],[14.87943,57.49998],[14.88176,57.49905],[14.88339,57.49972],[14.88574,57.50232],[14.88747,57.50558],[14.88891,57.5059],[14.89006,57.5069],[14.90348,57.5093],[14.90665,57.51051],[14.91068,57.50793],[14.91356,57.50739],[14.91673,57.5048],[14.9169,57.50342],[14.91924,57.50047],[14.91946,57.49819],[14.92071,57.49734],[14.92068,57.49612],[14.92466,57.48975],[14.92456,57.48556],[14.92521,57.48446],[14.92437,57.48252],[14.92617,57.47875],[14.92728,57.47796],[14.92767,57.47672],[14.92717,57.47575],[14.93143,57.47406],[14.93635,57.47397],[14.93991,57.47335],[14.94387,57.47355],[14.94606,57.4752],[14.94775,57.47538],[14.9537,57.47529],[14.9608,57.47644],[14.96448,57.47554],[14.96821,57.47635],[14.97127,57.4784],[14.97369,57.47931],[14.97673,57.47972],[14.97881,57.47928],[14.98025,57.47961],[14.98161,57.48078],[14.98587,57.4824],[14.9872,57.48415],[14.99232,57.48819],[14.99511,57.48885],[14.99687,57.48997],[14.99866,57.492],[14.99965,57.49467],[15.0033,57.49593],[15.00583,57.496],[15.01004,57.49682],[15.01477,57.49571],[15.01877,57.49532],[15.02137,57.49574],[15.02239,57.4939],[15.02664,57.49464],[15.02726,57.49509],[15.02894,57.49511],[15.03188,57.49384],[15.03581,57.49395],[15.038,57.49446],[15.04406,57.49266],[15.04739,57.49292],[15.04946,57.49394],[15.0532,57.49482],[15.05539,57.49484],[15.05783,57.4938],[15.05942,57.49493],[15.06283,57.49622],[15.06459,57.49755],[15.06568,57.49685],[15.06551,57.49539],[15.0681,57.49445],[15.07225,57.49507],[15.07645,57.49397],[15.07795,57.49432],[15.08019,57.49359],[15.08354,57.49335],[15.08532,57.49165],[15.08791,57.49079],[15.08952,57.48971],[15.09206,57.48906],[15.09315,57.48812],[15.09523,57.48895],[15.09551,57.49049],[15.09782,57.49165],[15.10101,57.49243],[15.10103,57.49278],[15.10398,57.49141],[15.10784,57.48553],[15.11348,57.48394],[15.11981,57.48373],[15.12911,57.48166],[15.1332,57.47854],[15.13562,57.47786],[15.13827,57.47555],[15.14028,57.47509],[15.14489,57.47627],[15.14921,57.47619],[15.15186,57.4742],[15.15462,57.47401],[15.15842,57.47274],[15.16365,57.47011],[15.1701,57.46807],[15.17165,57.46863],[15.17471,57.4689],[15.17586,57.47057],[15.17539,57.47453],[15.18104,57.47883],[15.18797,57.48032],[15.19601,57.48004],[15.20304,57.48305],[15.20957,57.48428],[15.21241,57.4861],[15.22583,57.49174],[15.22963,57.49449],[15.2317,57.49528],[15.23444,57.49584],[15.24151,57.49592],[15.24548,57.49652],[15.25667,57.50123],[15.25853,57.50259],[15.26158,57.50291],[15.26803,57.50169],[15.27273,57.50158],[15.27476,57.50168],[15.28122,57.50298],[15.28447,57.50289],[15.28363,57.50442],[15.28453,57.50539],[15.28404,57.50764],[15.28317,57.50879],[15.28335,57.51019],[15.2847,57.51107],[15.28556,57.51096],[15.2889,57.50867],[15.28999,57.50842],[15.29226,57.50586],[15.29421,57.50475],[15.30134,57.50357],[15.30197,57.50303],[15.30306,57.50393],[15.30786,57.50503],[15.31478,57.5055],[15.32069,57.50699],[15.32279,57.50809],[15.32398,57.51021],[15.32647,57.51113],[15.32669,57.51235],[15.32822,57.51287],[15.33178,57.51252],[15.33697,57.5126],[15.33962,57.51189],[15.34327,57.51012],[15.35199,57.51298],[15.35923,57.51208],[15.36332,57.51222],[15.36714,57.51404],[15.3714,57.51451],[15.37376,57.5153],[15.37654,57.51719],[15.38267,57.51814],[15.38588,57.51957],[15.38832,57.52007],[15.38955,57.52083],[15.39299,57.52185],[15.3936,57.52231],[15.39304,57.52366],[15.3936,57.52418],[15.39608,57.52455],[15.3974,57.52516],[15.40011,57.52498],[15.40731,57.52576],[15.41154,57.52662],[15.41407,57.52754],[15.41595,57.52767],[15.41852,57.52918],[15.42211,57.52907],[15.42448,57.5313],[15.42745,57.53221],[15.42919,57.53577],[15.43409,57.53814],[15.4359,57.53807],[15.43425,57.53965],[15.43655,57.54049],[15.43784,57.54258],[15.43975,57.54253],[15.4424,57.54174],[15.44696,57.54154],[15.45201,57.54331],[15.45563,57.54371],[15.46105,57.54727],[15.465,57.54792],[15.46787,57.54958],[15.47101,57.55243],[15.47245,57.55672],[15.47431,57.55796],[15.47225,57.56077],[15.47272,57.56296],[15.47323,57.5634],[15.48084,57.56363],[15.48262,57.56721],[15.48637,57.57099],[15.48711,57.57328],[15.49035,57.57465],[15.49342,57.57919],[15.49284,57.58022],[15.49725,57.58602],[15.50022,57.59585],[15.50664,57.59707],[15.5123,57.59891],[15.51776,57.59886],[15.52198,57.59954],[15.51891,57.59473],[15.51987,57.59019],[15.52226,57.58745],[15.52619,57.58512],[15.52523,57.58409],[15.52543,57.58332],[15.52332,57.58256],[15.52514,57.58004],[15.52715,57.57982],[15.52882,57.5787],[15.53149,57.57938],[15.53334,57.57766],[15.5384,57.57589],[15.54255,57.57658],[15.54878,57.57849],[15.55119,57.57858],[15.55495,57.5796],[15.55449,57.58055],[15.555,57.58141],[15.55948,57.58283],[15.56142,57.58503],[15.56444,57.58651],[15.56779,57.58616],[15.56733,57.58328],[15.56831,57.58322],[15.57211,57.58411],[15.57666,57.58411],[15.57804,57.58452],[15.58052,57.58635],[15.58461,57.58567],[15.58755,57.58605],[15.58743,57.58772],[15.58901,57.58884],[15.59073,57.58802],[15.59507,57.58749],[15.59699,57.58621],[15.59998,57.58632],[15.60096,57.58867],[15.60697,57.59161],[15.61081,57.59558],[15.61228,57.5992],[15.61223,57.60071],[15.62281,57.60112],[15.6281,57.60195],[15.64048,57.60187],[15.646,57.60138]]}},{"type":"Feature","properties":{"name":"TET_S-27_20260801","country":"SE","lengthKm":176.1},"geometry":{"type":"LineString","coordinates":[[13.40756,55.9862],[13.40414,55.99064],[13.40099,55.99251],[13.39746,55.99257],[13.39632,55.99287],[13.39593,55.99355],[13.39576,55.99584],[13.39959,56.00313],[13.39881,56.00372],[13.39614,56.00426],[13.3941,56.0054],[13.39235,56.00697],[13.39209,56.00856],[13.39448,56.01212],[13.39792,56.01589],[13.39791,56.01734],[13.39574,56.01809],[13.39437,56.01935],[13.38949,56.02097],[13.38746,56.02097],[13.38949,56.02375],[13.38718,56.02674],[13.39544,56.03452],[13.39607,56.03577],[13.39587,56.038],[13.39662,56.03883],[13.40822,56.03457],[13.4109,56.03668],[13.41105,56.03831],[13.41241,56.03903],[13.41415,56.03916],[13.4148,56.04022],[13.41761,56.03987],[13.41934,56.04095],[13.41955,56.04324],[13.42016,56.04393],[13.41998,56.0447],[13.41797,56.04604],[13.41838,56.04851],[13.41746,56.0503],[13.41086,56.05092],[13.40409,56.05095],[13.39879,56.05142],[13.39795,56.05192],[13.39932,56.05183],[13.40035,56.05232],[13.40436,56.05533],[13.40806,56.05604],[13.41084,56.05733],[13.41579,56.0631],[13.41774,56.06409],[13.41765,56.06446],[13.41317,56.06909],[13.41199,56.06969],[13.41218,56.07049],[13.41014,56.071],[13.40922,56.07072],[13.40658,56.071],[13.40345,56.07083],[13.40169,56.07003],[13.40014,56.06993],[13.3983,56.07102],[13.39508,56.07091],[13.38982,56.07227],[13.38817,56.07068],[13.38628,56.07121],[13.3809,56.07057],[13.37879,56.07087],[13.37543,56.07224],[13.37326,56.07448],[13.36564,56.07658],[13.36317,56.07662],[13.36227,56.0763],[13.35961,56.0772],[13.35564,56.07634],[13.3506,56.07632],[13.34566,56.07772],[13.34148,56.0772],[13.32989,56.07765],[13.33307,56.08031],[13.33423,56.08293],[13.3336,56.08321],[13.32906,56.0828],[13.3282,56.08299],[13.32487,56.08415],[13.32397,56.08626],[13.32099,56.08731],[13.32251,56.08943],[13.3256,56.09143],[13.32944,56.09287],[13.33157,56.09501],[13.33431,56.09578],[13.3386,56.09887],[13.34017,56.10254],[13.33661,56.10432],[13.33588,56.10632],[13.338,56.10756],[13.33929,56.10969],[13.3391,56.11063],[13.33446,56.11243],[13.33305,56.11349],[13.32921,56.11437],[13.33026,56.11804],[13.3283,56.12033],[13.32888,56.12288],[13.32809,56.12494],[13.32674,56.12576],[13.32693,56.12653],[13.32622,56.12681],[13.32582,56.12851],[13.32358,56.12992],[13.32148,56.1299],[13.32011,56.1305],[13.31562,56.12958],[13.31494,56.13123],[13.31397,56.13164],[13.30346,56.13147],[13.29571,56.13284],[13.29588,56.13321],[13.29884,56.13421],[13.29955,56.13516],[13.30114,56.13561],[13.30466,56.13881],[13.3077,56.13975],[13.30839,56.14069],[13.31133,56.14222],[13.31328,56.14426],[13.31376,56.1463],[13.31298,56.14735],[13.31011,56.14876],[13.30601,56.14898],[13.30204,56.14861],[13.29607,56.15046],[13.29378,56.14981],[13.29131,56.15361],[13.28867,56.16026],[13.28642,56.1614],[13.29041,56.16262],[13.295,56.16683],[13.29571,56.16805],[13.30116,56.17155],[13.30142,56.17316],[13.30271,56.17511],[13.30404,56.17556],[13.30798,56.1811],[13.30979,56.18226],[13.30944,56.18363],[13.31034,56.18481],[13.31434,56.18758],[13.31695,56.19028],[13.32415,56.19325],[13.31839,56.19912],[13.30869,56.20174],[13.30766,56.20236],[13.30406,56.20507],[13.30161,56.20775],[13.29805,56.21022],[13.29625,56.21333],[13.29715,56.21539],[13.2891,56.21874],[13.28736,56.22002],[13.28784,56.2258],[13.28745,56.22717],[13.28833,56.23155],[13.28781,56.23361],[13.2853,56.23543],[13.28468,56.23713],[13.28603,56.24455],[13.28232,56.24878],[13.2835,56.25099],[13.28382,56.25453],[13.28135,56.25425],[13.27612,56.25073],[13.27483,56.25082],[13.27226,56.25028],[13.27054,56.2488],[13.26646,56.24888],[13.26556,56.25],[13.26389,56.25092],[13.26361,56.25167],[13.26093,56.25193],[13.25563,56.25176],[13.25451,56.25127],[13.25254,56.25137],[13.25151,56.25189],[13.25022,56.2497],[13.24601,56.24818],[13.24481,56.24835],[13.24211,56.25],[13.23711,56.24996],[13.23357,56.25242],[13.2329,56.25339],[13.23119,56.25414],[13.23087,56.25481],[13.22773,56.25556],[13.22713,56.2627],[13.2243,56.26363],[13.22509,56.26584],[13.22389,56.26751],[13.22679,56.26976],[13.22095,56.2682],[13.21939,56.26957],[13.21576,56.27002],[13.20733,56.26813],[13.20424,56.26886],[13.20368,56.26955],[13.20132,56.27053],[13.1996,56.27197],[13.19984,56.27302],[13.19825,56.27358],[13.19861,56.27438],[13.19776,56.27556],[13.199,56.27815],[13.19857,56.28311],[13.20282,56.28588],[13.20473,56.28884],[13.21048,56.28858],[13.2169,56.28972],[13.22005,56.29307],[13.22099,56.29553],[13.22541,56.29826],[13.22752,56.3007],[13.23007,56.30169],[13.22576,56.30238],[13.22767,56.3098],[13.22754,56.31156],[13.23443,56.3177],[13.23329,56.31899],[13.22992,56.32034],[13.22443,56.3203],[13.22102,56.31957],[13.21535,56.32045],[13.21359,56.32248],[13.21424,56.32379],[13.21368,56.32474],[13.2102,56.32675],[13.20975,56.32826],[13.21042,56.33008],[13.21215,56.33165],[13.21052,56.3342],[13.21419,56.33858],[13.21378,56.33916],[13.21224,56.33944],[13.20911,56.34147],[13.21005,56.34386],[13.21185,56.34476],[13.21239,56.3463],[13.21136,56.3472],[13.20917,56.34791],[13.20756,56.34819],[13.20533,56.34791],[13.19885,56.35085],[13.1975,56.35336],[13.19915,56.35557],[13.19739,56.35791],[13.19758,56.35907],[13.20132,56.35832],[13.21027,56.35862],[13.22527,56.36646],[13.22613,56.36882],[13.22606,56.37055],[13.2278,56.37239],[13.23134,56.37385],[13.23398,56.3778],[13.23037,56.37997],[13.23037,56.38078],[13.22636,56.38205],[13.22662,56.38267],[13.23001,56.38557],[13.23054,56.38757],[13.23441,56.38922],[13.2361,56.39042],[13.2372,56.39293],[13.23986,56.39357],[13.24228,56.39529],[13.24898,56.39707],[13.25279,56.40029],[13.25988,56.40432],[13.26084,56.40533],[13.26451,56.40709],[13.265,56.40765],[13.26172,56.40866],[13.26043,56.41164],[13.25897,56.41205],[13.26131,56.41286],[13.26421,56.41606],[13.26728,56.41634],[13.26994,56.41726],[13.27142,56.41726],[13.27578,56.42005],[13.27955,56.42134],[13.28198,56.4216],[13.28294,56.42276],[13.28582,56.42329],[13.28715,56.42404],[13.29131,56.42473],[13.29232,56.42445],[13.29528,56.42529],[13.29839,56.42563],[13.29874,56.42625],[13.30137,56.42608],[13.30472,56.42728],[13.30629,56.4272],[13.30663,56.42833],[13.3065,56.43059],[13.30301,56.43149],[13.29005,56.43364],[13.28557,56.43485],[13.27803,56.43562],[13.27366,56.43694],[13.25966,56.43768],[13.25877,56.44328],[13.26296,56.44462],[13.26437,56.44616],[13.2669,56.44701],[13.27026,56.44884],[13.27362,56.4479],[13.27752,56.44796],[13.28256,56.44951],[13.28026,56.45097],[13.27983,56.45331],[13.28086,56.45516],[13.27904,56.45722],[13.27803,56.45743],[13.2767,56.45844],[13.27337,56.45765],[13.27097,56.45825],[13.26769,56.46005],[13.26541,56.46224],[13.25779,56.46737],[13.24955,56.47131],[13.25215,56.47267],[13.25282,56.47503],[13.25464,56.47584],[13.25464,56.47702],[13.25361,56.47837],[13.2547,56.48018],[13.2555,56.48374],[13.2597,56.4858],[13.26269,56.48927],[13.26236,56.49028],[13.26301,56.49163],[13.2573,56.49234],[13.25951,56.49344],[13.26204,56.4958],[13.26389,56.49612],[13.26387,56.49687],[13.26245,56.49775],[13.26256,56.49981],[13.26402,56.49981],[13.26608,56.50136],[13.27084,56.50305],[13.27623,56.50303],[13.27835,56.5035],[13.28007,56.50342],[13.28183,56.5047],[13.29084,56.50784],[13.29185,56.50869],[13.2941,56.50953],[13.29526,56.5111],[13.30092,56.51202],[13.30221,56.51464],[13.30354,56.5152],[13.30929,56.51492],[13.31036,56.51557],[13.31836,56.51343],[13.31644,56.51635],[13.31661,56.52009],[13.33011,56.52206],[13.34034,56.51998],[13.35386,56.51865],[13.35603,56.51899],[13.3574,56.52002],[13.36186,56.52195],[13.36667,56.52337],[13.37442,56.52172],[13.37934,56.5213],[13.38281,56.52281],[13.38603,56.5235],[13.39188,56.52393],[13.3956,56.52382],[13.39568,56.52131],[13.3975,56.51937],[13.40067,56.51811],[13.40448,56.51779],[13.40615,56.5169],[13.40798,56.51668],[13.41139,56.51538],[13.41245,56.51414],[13.41764,56.51455],[13.42218,56.51383],[13.42482,56.51438],[13.42744,56.51433],[13.42806,56.5148],[13.4295,56.51452],[13.43426,56.51558],[13.43789,56.51591],[13.43959,56.51643],[13.44004,56.51781],[13.44256,56.5199],[13.44715,56.51965],[13.45198,56.52253],[13.45504,56.52274],[13.45583,56.52217],[13.4576,56.52179],[13.46023,56.52227],[13.46072,56.52202],[13.46315,56.5222],[13.46369,56.52386],[13.46576,56.52479],[13.46703,56.52631],[13.46685,56.52719],[13.46821,56.52791],[13.47036,56.53243],[13.47134,56.53628],[13.47243,56.53689],[13.47304,56.53809],[13.47899,56.53925],[13.48114,56.53927],[13.49093,56.53775],[13.4944,56.53758],[13.50523,56.54206],[13.5086,56.54184],[13.51358,56.5431],[13.51631,56.54295],[13.51545,56.54039],[13.51587,56.53841],[13.52066,56.53858],[13.5235,56.53911],[13.52542,56.54025],[13.53044,56.5405],[13.53416,56.54159],[13.53728,56.54145],[13.53823,56.5411],[13.54067,56.53854],[13.54503,56.53523],[13.55007,56.53432],[13.55164,56.53259],[13.55658,56.53201],[13.56005,56.53108],[13.56167,56.5314],[13.56367,56.53304],[13.56672,56.53468],[13.56781,56.53474],[13.57055,56.53394],[13.57139,56.53418],[13.57548,56.54064],[13.58028,56.54417],[13.58117,56.54442],[13.58718,56.54413],[13.59198,56.54689],[13.59431,56.54465],[13.59431,56.54302],[13.59492,56.54238],[13.59926,56.54124],[13.60107,56.54042],[13.60233,56.5392],[13.61044,56.5378],[13.61345,56.53792],[13.6132,56.54216],[13.6161,56.54617],[13.6183,56.54678],[13.61985,56.54875],[13.62452,56.54971],[13.62774,56.54983],[13.63715,56.55293],[13.63889,56.55452],[13.64015,56.5544],[13.64203,56.55482],[13.64373,56.55882],[13.64588,56.56031],[13.65183,56.56121],[13.66417,56.56126],[13.67576,56.55967],[13.67891,56.55885],[13.68255,56.55935],[13.68655,56.55917],[13.69124,56.55953],[13.69293,56.55914],[13.69413,56.55811],[13.69631,56.55771],[13.69864,56.55803],[13.70278,56.55739],[13.70874,56.55764],[13.71178,56.55927],[13.71493,56.55979],[13.71891,56.56179],[13.72136,56.56199],[13.72507,56.56168],[13.72645,56.56426],[13.73941,56.5709],[13.74293,56.57394],[13.74582,56.57081],[13.74673,56.57097],[13.74687,56.57245],[13.74864,56.57335],[13.749,56.57405],[13.7502,56.57441],[13.75277,56.57406],[13.75442,56.57431],[13.75473,56.57493],[13.75714,56.57633],[13.75733,56.57761],[13.75977,56.57783],[13.76493,56.57458],[13.76282,56.57033],[13.763,56.56912],[13.76627,56.56728],[13.76647,56.56538],[13.77323,56.56239],[13.7762,56.55967],[13.78031,56.5592],[13.78267,56.55829],[13.78698,56.55511],[13.78951,56.55405],[13.7904,56.55256],[13.78989,56.54897],[13.7947,56.54736],[13.79796,56.54447],[13.80508,56.54089],[13.82514,56.53633],[13.8275,56.5349],[13.82951,56.53649],[13.83141,56.53892],[13.83049,56.53973],[13.83078,56.5404],[13.8321,56.54089],[13.84015,56.54633],[13.84147,56.54894],[13.86008,56.54814],[13.87245,56.54566],[13.87547,56.54564],[13.87741,56.54514],[13.88169,56.54558],[13.88576,56.54505],[13.88704,56.5453],[13.88882,56.54454],[13.89099,56.54425],[13.89151,56.54618],[13.89364,56.54769],[13.8941,56.55122],[13.89324,56.55205],[13.89335,56.55275],[13.89174,56.55416],[13.89266,56.55545],[13.89451,56.55658],[13.89848,56.55766],[13.90556,56.56229],[13.90781,56.56518],[13.91086,56.56682],[13.9142,56.56717],[13.91933,56.56962],[13.9286,56.56693],[13.93153,56.56555],[13.94363,56.55563],[13.94841,56.5506],[13.95826,56.5478],[13.96488,56.54752],[13.96977,56.54899],[13.9811,56.55149],[13.98891,56.55156],[13.99174,56.5504],[13.99314,56.55027],[13.99561,56.54763],[13.99876,56.54632],[14.00099,56.54419],[14.00953,56.54322],[14.01367,56.54197],[14.01609,56.54364],[14.0215,56.54554],[14.02835,56.54716],[14.02944,56.5489],[14.03235,56.54898],[14.03524,56.55028],[14.04261,56.55048],[14.04315,56.551],[14.05256,56.54972],[14.05607,56.54966],[14.06441,56.54646],[14.06747,56.54376],[14.06793,56.54179],[14.06685,56.54069],[14.06701,56.54022],[14.07144,56.53614],[14.07254,56.53424],[14.0722,56.53259],[14.07039,56.53093],[14.07102,56.52776],[14.07196,56.52702],[14.07452,56.52586],[14.07723,56.52535],[14.08523,56.5202],[14.0909,56.51933],[14.09583,56.5168],[14.09615,56.51503],[14.09762,56.51306],[14.10069,56.51164],[14.09936,56.51129],[14.10011,56.51074],[14.10448,56.5086],[14.10655,56.50831],[14.10914,56.50705],[14.10943,56.50647],[14.11109,56.5067],[14.11387,56.50385],[14.11409,56.50191],[14.11982,56.49984],[14.1209,56.49859],[14.12141,56.49845],[14.1252,56.50434],[14.1381,56.50517],[14.14093,56.50426],[14.14311,56.50256],[14.15233,56.48824],[14.15606,56.48764],[14.16156,56.48371],[14.16334,56.48297],[14.16588,56.48254]]}}]}