{"type":"FeatureCollection","features":[{"type":"Feature","properties":{"name":"TET_TR-01_20240614","country":"TR","lengthKm":709.7},"geometry":{"type":"LineString","coordinates":[[26.33187,40.93121],[26.35964,40.91496],[26.35972,40.91416],[26.36138,40.9128],[26.35629,40.90832],[26.3515,40.9058],[26.34839,40.90344],[26.34577,40.90493],[26.31473,40.88156],[26.29918,40.87112],[26.29841,40.87068],[26.29775,40.87097],[26.27718,40.85301],[26.27402,40.84912],[26.27693,40.84622],[26.27686,40.8445],[26.28071,40.83849],[26.28253,40.83685],[26.28844,40.83432],[26.28522,40.82857],[26.30666,40.81948],[26.30766,40.82023],[26.31527,40.81521],[26.31662,40.81469],[26.32006,40.81343],[26.32553,40.81367],[26.32217,40.81133],[26.32445,40.80991],[26.32706,40.80747],[26.331,40.80622],[26.33845,40.80055],[26.33974,40.79774],[26.3333,40.78834],[26.3364,40.78174],[26.3421,40.77795],[26.34271,40.77692],[26.34242,40.77623],[26.33595,40.7719],[26.33655,40.76874],[26.33609,40.76729],[26.33516,40.76664],[26.33312,40.76612],[26.3297,40.7661],[26.32298,40.76933],[26.31997,40.76868],[26.31668,40.76903],[26.31252,40.76779],[26.31105,40.76883],[26.30925,40.76926],[26.2925,40.76936],[26.29157,40.76889],[26.2982,40.75538],[26.30005,40.74484],[26.30903,40.73805],[26.31388,40.73115],[26.31562,40.73022],[26.32028,40.72882],[26.31857,40.72396],[26.31822,40.72216],[26.31829,40.72056],[26.31877,40.71977],[26.31853,40.7177],[26.31721,40.71384],[26.31062,40.71668],[26.3074,40.71558],[26.29523,40.69326],[26.29441,40.69198],[26.29304,40.6913],[26.29257,40.69147],[26.29256,40.69249],[26.29084,40.6947],[26.29149,40.69783],[26.29139,40.69974],[26.29099,40.70229],[26.28925,40.70725],[26.28877,40.70821],[26.28587,40.71076],[26.28355,40.71268],[26.28259,40.71303],[26.27824,40.71426],[26.27706,40.71401],[26.27632,40.71346],[26.2753,40.71331],[26.2753,40.71176],[26.27378,40.71082],[26.27373,40.71001],[26.2722,40.709],[26.27114,40.70849],[26.26677,40.70805],[26.26113,40.70591],[26.25812,40.706],[26.25188,40.70754],[26.2476,40.70961],[26.24659,40.70961],[26.2352,40.70627],[26.23285,40.70499],[26.23063,40.70478],[26.23084,40.70547],[26.23019,40.7062],[26.22625,40.70677],[26.22537,40.70717],[26.22495,40.70787],[26.22244,40.70807],[26.22074,40.70898],[26.22025,40.7112],[26.21799,40.71332],[26.21778,40.71509],[26.21706,40.71566],[26.21727,40.71661],[26.21515,40.71618],[26.21459,40.71677],[26.21347,40.71703],[26.21373,40.71882],[26.20974,40.72116],[26.20925,40.72192],[26.20936,40.72272],[26.20703,40.72579],[26.20353,40.72686],[26.20266,40.7266],[26.2006,40.727],[26.19973,40.72678],[26.19806,40.72747],[26.19622,40.72671],[26.19243,40.72698],[26.19098,40.7281],[26.18701,40.72755],[26.18386,40.72833],[26.18207,40.72921],[26.18134,40.72875],[26.17997,40.73013],[26.17893,40.73037],[26.17831,40.73101],[26.17609,40.73097],[26.17587,40.73176],[26.17496,40.73222],[26.16789,40.73469],[26.16487,40.73407],[26.16389,40.73285],[26.16311,40.73325],[26.16198,40.73311],[26.16016,40.73477],[26.15542,40.73385],[26.15343,40.73411],[26.15082,40.73208],[26.14935,40.73217],[26.14426,40.73086],[26.13974,40.72862],[26.13576,40.72818],[26.1301,40.72677],[26.11768,40.72752],[26.11413,40.72649],[26.11175,40.72531],[26.1067,40.72418],[26.09713,40.72365],[26.09363,40.72305],[26.0845,40.72528],[26.08288,40.72642],[26.08174,40.72616],[26.08082,40.72495],[26.08274,40.72337],[26.08362,40.72323],[26.08449,40.72472],[26.08541,40.72494],[26.0877,40.72468],[26.09292,40.72313],[26.09681,40.72156],[26.09842,40.72012],[26.09971,40.71795],[26.09804,40.71606],[26.0964,40.71074],[26.0915,40.70614],[26.09038,40.70455],[26.09038,40.70258],[26.08977,40.70101],[26.08788,40.69903],[26.08738,40.69759],[26.08613,40.69058],[26.08464,40.68731],[26.08334,40.68598],[26.07688,40.68147],[26.07754,40.6741],[26.07622,40.67006],[26.07303,40.66384],[26.07196,40.66064],[26.07193,40.65824],[26.07339,40.65633],[26.07372,40.65482],[26.07331,40.65327],[26.07449,40.6519],[26.07461,40.64925],[26.07697,40.64636],[26.07698,40.64218],[26.07671,40.64035],[26.07589,40.63878],[26.07605,40.63727],[26.07651,40.63669],[26.07857,40.63627],[26.08244,40.63449],[26.08529,40.63398],[26.0862,40.63242],[26.08637,40.63151],[26.08305,40.6198],[26.08225,40.61471],[26.0853,40.61166],[26.08955,40.61079],[26.09277,40.60888],[26.09575,40.6078],[26.1021,40.6095],[26.10444,40.60932],[26.10516,40.60884],[26.1077,40.60343],[26.10918,40.60224],[26.1138,40.60014],[26.11718,40.60075],[26.11937,40.60074],[26.12321,40.5993],[26.12663,40.6051],[26.13614,40.61483],[26.13759,40.61721],[26.14018,40.61912],[26.14378,40.62098],[26.14618,40.62376],[26.14847,40.62463],[26.15117,40.62638],[26.15467,40.6254],[26.1559,40.62733],[26.15706,40.62753],[26.15986,40.62727],[26.16299,40.62624],[26.16626,40.62342],[26.16842,40.62259],[26.17729,40.62374],[26.17946,40.62454],[26.18217,40.62621],[26.183,40.62592],[26.18347,40.62517],[26.18357,40.62379],[26.18466,40.62173],[26.18382,40.61765],[26.18743,40.61731],[26.19119,40.61645],[26.19533,40.61436],[26.20401,40.61351],[26.20487,40.61379],[26.20597,40.61523],[26.20947,40.61812],[26.21237,40.62363],[26.21743,40.62994],[26.21872,40.6326],[26.22231,40.6367],[26.22601,40.64402],[26.22864,40.65066],[26.22973,40.64981],[26.23711,40.64748],[26.2491,40.64568],[26.25541,40.6422],[26.25735,40.64161],[26.2587,40.64166],[26.28648,40.64938],[26.29468,40.6534],[26.30779,40.66428],[26.32652,40.66595],[26.3338,40.66732],[26.34069,40.67441],[26.34289,40.67558],[26.35636,40.67758],[26.3743,40.67861],[26.37926,40.68118],[26.38488,40.68347],[26.39222,40.68827],[26.39907,40.69104],[26.40828,40.68474],[26.40697,40.67474],[26.42258,40.66391],[26.42525,40.66165],[26.4303,40.66592],[26.43188,40.66816],[26.43233,40.6697],[26.43323,40.67039],[26.43531,40.67001],[26.43886,40.67133],[26.44058,40.6727],[26.44221,40.67522],[26.44373,40.67617],[26.44615,40.67686],[26.45139,40.68111],[26.45858,40.68445],[26.46146,40.68789],[26.46252,40.688],[26.46348,40.68702],[26.46417,40.68741],[26.46414,40.68798],[26.4676,40.68913],[26.46962,40.68902],[26.46978,40.68733],[26.46861,40.68271],[26.46953,40.68032],[26.47043,40.68013],[26.47204,40.68071],[26.47465,40.68039],[26.49124,40.67291],[26.50129,40.67213],[26.50587,40.67024],[26.50771,40.66846],[26.51108,40.66768],[26.51209,40.66787],[26.51305,40.66647],[26.51452,40.66207],[26.51674,40.65878],[26.51923,40.65171],[26.52313,40.64669],[26.52808,40.6446],[26.53119,40.644],[26.53331,40.6431],[26.53531,40.64292],[26.53777,40.64187],[26.53887,40.64248],[26.54068,40.64231],[26.5401,40.63999],[26.54046,40.63214],[26.53979,40.63045],[26.53804,40.62835],[26.53796,40.62735],[26.53856,40.6259],[26.54012,40.624],[26.54021,40.62206],[26.54117,40.61911],[26.54076,40.61671],[26.54035,40.61611],[26.5391,40.61573],[26.53608,40.61384],[26.53421,40.61098],[26.5356,40.60983],[26.53881,40.60882],[26.54123,40.60759],[26.543,40.60326],[26.54377,40.60281],[26.54526,40.60303],[26.54647,40.60519],[26.54637,40.60598],[26.54795,40.60741],[26.5509,40.60936],[26.55698,40.61202],[26.558,40.61377],[26.5582,40.61529],[26.55937,40.61326],[26.56028,40.61263],[26.56208,40.61297],[26.56268,40.61459],[26.56338,40.61399],[26.56373,40.61153],[26.56471,40.61169],[26.57038,40.6156],[26.57018,40.61644],[26.57066,40.6171],[26.57157,40.61667],[26.57409,40.61827],[26.57299,40.61869],[26.57282,40.61953],[26.57373,40.62152],[26.57302,40.62363],[26.57378,40.62508],[26.57519,40.62622],[26.57548,40.62784],[26.57644,40.62776],[26.57756,40.62645],[26.57922,40.6254],[26.58153,40.62556],[26.58344,40.62746],[26.5855,40.62814],[26.58589,40.62892],[26.58784,40.62975],[26.58954,40.63238],[26.59053,40.63249],[26.59121,40.63191],[26.59313,40.63145],[26.60034,40.63712],[26.60314,40.63762],[26.60376,40.63806],[26.60409,40.63771],[26.60572,40.63763],[26.6081,40.63875],[26.60974,40.63892],[26.61054,40.63983],[26.61159,40.63841],[26.6177,40.6411],[26.6208,40.64423],[26.62195,40.64445],[26.62539,40.64706],[26.62619,40.64847],[26.62578,40.64963],[26.6271,40.65413],[26.62813,40.66158],[26.62892,40.66286],[26.62865,40.66482],[26.63509,40.66973],[26.63758,40.67265],[26.64081,40.67358],[26.64597,40.68138],[26.64728,40.68522],[26.6466,40.68759],[26.64442,40.69],[26.64071,40.69253],[26.6409,40.69771],[26.63818,40.70056],[26.63718,40.70348],[26.63825,40.70649],[26.64099,40.70759],[26.64276,40.71042],[26.64126,40.71217],[26.64034,40.71247],[26.6393,40.71355],[26.63529,40.71844],[26.62951,40.72237],[26.63038,40.72382],[26.63453,40.72659],[26.63673,40.72882],[26.63474,40.7309],[26.63407,40.73222],[26.63413,40.73363],[26.62636,40.73757],[26.62492,40.73915],[26.62335,40.7396],[26.62236,40.74077],[26.61992,40.73923],[26.61743,40.73987],[26.6153,40.74095],[26.61387,40.74426],[26.61272,40.74514],[26.61214,40.748],[26.61097,40.74934],[26.60913,40.75017],[26.60787,40.74999],[26.60646,40.75051],[26.60436,40.75195],[26.60363,40.75415],[26.60332,40.75727],[26.6021,40.7591],[26.6021,40.76253],[26.60122,40.76868],[26.60222,40.77017],[26.60415,40.77137],[26.60724,40.77518],[26.61276,40.78671],[26.61409,40.7873],[26.616,40.79329],[26.61775,40.79593],[26.61909,40.80049],[26.64112,40.81724],[26.64307,40.81335],[26.64433,40.81351],[26.64585,40.81198],[26.64668,40.81248],[26.647,40.81226],[26.64776,40.81294],[26.6484,40.81424],[26.64809,40.81478],[26.64893,40.81563],[26.65026,40.81623],[26.65063,40.81589],[26.6533,40.8179],[26.65383,40.8176],[26.65475,40.81774],[26.6545,40.81892],[26.66265,40.82778],[26.66725,40.82613],[26.67377,40.82621],[26.67505,40.82652],[26.6745,40.82641],[26.67589,40.82766],[26.67739,40.83091],[26.68094,40.82979],[26.68162,40.82905],[26.68195,40.8293],[26.68449,40.82875],[26.68674,40.82971],[26.68846,40.82973],[26.69104,40.83067],[26.69337,40.83087],[26.69343,40.83207],[26.69133,40.83461],[26.69143,40.83594],[26.69079,40.83814],[26.69113,40.83871],[26.69201,40.83903],[26.69222,40.83985],[26.69498,40.84124],[26.69497,40.84197],[26.69344,40.8446],[26.69413,40.84526],[26.69403,40.84653],[26.69503,40.8485],[26.69481,40.8491],[26.69362,40.84936],[26.69518,40.84896],[26.6953,40.84766],[26.69748,40.8476],[26.69905,40.84873],[26.69843,40.84949],[26.69888,40.85003],[26.69993,40.84995],[26.69998,40.85372],[26.69465,40.85766],[26.69601,40.85687],[26.69882,40.85695],[26.70079,40.8564],[26.70267,40.85524],[26.70481,40.85269],[26.70467,40.84973],[26.71183,40.84814],[26.71253,40.84759],[26.71299,40.8458],[26.71276,40.84504],[26.71183,40.84448],[26.71162,40.84237],[26.71362,40.84139],[26.71525,40.83971],[26.7153,40.83884],[26.71431,40.83783],[26.71509,40.83406],[26.71512,40.83259],[26.71457,40.83177],[26.71554,40.83029],[26.71566,40.82819],[26.71618,40.82742],[26.7159,40.82671],[26.71672,40.82527],[26.71625,40.82053],[26.71933,40.81583],[26.71848,40.8108],[26.72014,40.80713],[26.72329,40.80513],[26.72426,40.80321],[26.72563,40.80282],[26.72528,40.80225],[26.72569,40.80179],[26.72496,40.80038],[26.72514,40.79789],[26.72288,40.79317],[26.71736,40.79],[26.71567,40.78742],[26.71736,40.7874],[26.7198,40.78654],[26.72326,40.78651],[26.72904,40.78802],[26.73147,40.78784],[26.73317,40.78916],[26.74062,40.786],[26.74781,40.78485],[26.75789,40.7847],[26.76147,40.78611],[26.76426,40.7883],[26.76495,40.78815],[26.76726,40.78596],[26.77038,40.78404],[26.7706,40.78099],[26.77158,40.78053],[26.77438,40.78022],[26.78038,40.7814],[26.7814,40.78114],[26.78152,40.78017],[26.7822,40.7795],[26.78379,40.77905],[26.78528,40.77702],[26.78548,40.77485],[26.78723,40.77387],[26.78856,40.77184],[26.79309,40.77094],[26.79517,40.76865],[26.79693,40.76816],[26.79985,40.76608],[26.80066,40.76385],[26.80104,40.75926],[26.80394,40.75666],[26.80416,40.75534],[26.80349,40.75346],[26.8054,40.75237],[26.80832,40.75271],[26.80935,40.75236],[26.80989,40.75164],[26.81015,40.74975],[26.80976,40.74732],[26.81023,40.74605],[26.80976,40.7444],[26.80994,40.74156],[26.80842,40.73582],[26.80789,40.73138],[26.80884,40.73143],[26.81092,40.73018],[26.81071,40.72945],[26.81009,40.72934],[26.80886,40.72793],[26.8089,40.72697],[26.81032,40.72599],[26.81107,40.72359],[26.81201,40.72342],[26.81395,40.72392],[26.81596,40.7253],[26.82137,40.72432],[26.82351,40.72267],[26.82522,40.72298],[26.8275,40.72446],[26.82797,40.72546],[26.82906,40.72558],[26.832,40.72485],[26.83376,40.72537],[26.83898,40.72578],[26.83906,40.72532],[26.84119,40.72471],[26.84331,40.72524],[26.8451,40.72637],[26.84594,40.72564],[26.84692,40.72579],[26.8478,40.7266],[26.85019,40.72657],[26.85238,40.72888],[26.85513,40.72851],[26.8555,40.72971],[26.85936,40.73051],[26.86027,40.73164],[26.86187,40.7323],[26.86405,40.7343],[26.86539,40.73517],[26.86663,40.73544],[26.86721,40.7363],[26.86913,40.73688],[26.86932,40.73734],[26.87131,40.7384],[26.87465,40.73847],[26.87617,40.73945],[26.87837,40.73954],[26.88264,40.74245],[26.88457,40.74329],[26.88574,40.74328],[26.88675,40.74371],[26.88716,40.74406],[26.88686,40.7443],[26.88641,40.74385],[26.88852,40.7451],[26.88966,40.74641],[26.88972,40.74724],[26.8933,40.74714],[26.89572,40.74908],[26.9009,40.74978],[26.90308,40.75073],[26.90424,40.75208],[26.90508,40.75241],[26.90849,40.75161],[26.91301,40.75128],[26.91517,40.75046],[26.91886,40.75201],[26.92139,40.7537],[26.92226,40.75374],[26.92528,40.75086],[26.92746,40.75119],[26.92869,40.75011],[26.93043,40.74957],[26.93205,40.74994],[26.9333,40.75085],[26.93352,40.75167],[26.9357,40.75063],[26.93838,40.75122],[26.93894,40.75196],[26.94221,40.75255],[26.94272,40.75365],[26.9431,40.75251],[26.94285,40.75324],[26.94323,40.75391],[26.94456,40.75255],[26.94608,40.75236],[26.95318,40.75308],[26.9575,40.75463],[26.95822,40.75446],[26.96047,40.75697],[26.9617,40.757],[26.96409,40.75594],[26.96557,40.75592],[26.96732,40.75454],[26.9689,40.75471],[26.97112,40.75384],[26.97292,40.75491],[26.97586,40.75315],[26.97898,40.75285],[26.97971,40.75121],[26.98181,40.74974],[26.9836,40.75079],[26.9848,40.75223],[26.98601,40.75262],[26.98799,40.7527],[26.99011,40.75198],[26.99314,40.75219],[26.99696,40.75512],[26.99978,40.75637],[27.00956,40.76548],[27.01813,40.77258],[27.01894,40.77375],[27.01892,40.77507],[27.01954,40.77653],[27.02388,40.77933],[27.02577,40.78182],[27.02726,40.78487],[27.02942,40.78572],[27.03869,40.78331],[27.041,40.78369],[27.04172,40.78514],[27.04349,40.78449],[27.04569,40.78453],[27.04885,40.78378],[27.05102,40.7842],[27.05278,40.7853],[27.05336,40.78544],[27.05403,40.78508],[27.0551,40.78375],[27.05518,40.78191],[27.05585,40.78094],[27.05517,40.77998],[27.05508,40.77889],[27.05678,40.77488],[27.05938,40.77258],[27.0621,40.768],[27.06621,40.7664],[27.0676,40.76062],[27.06884,40.75983],[27.06958,40.75788],[27.0734,40.75552],[27.07742,40.74693],[27.07931,40.74593],[27.08363,40.74619],[27.08739,40.74514],[27.09025,40.7439],[27.09226,40.74377],[27.09386,40.744],[27.09715,40.74763],[27.10117,40.74789],[27.10367,40.74746],[27.1043,40.7451],[27.10309,40.7442],[27.10178,40.74201],[27.10348,40.74072],[27.10813,40.73994],[27.11334,40.74227],[27.11694,40.74344],[27.1227,40.74242],[27.13335,40.74486],[27.13461,40.74364],[27.13745,40.7426],[27.13964,40.74282],[27.14109,40.74406],[27.14523,40.74449],[27.14828,40.74681],[27.15488,40.74971],[27.15748,40.75139],[27.16032,40.75237],[27.16123,40.75221],[27.16423,40.75344],[27.16571,40.75225],[27.16559,40.75153],[27.16633,40.75115],[27.16728,40.75143],[27.16995,40.75401],[27.17094,40.75433],[27.17396,40.75358],[27.17423,40.75291],[27.17518,40.75235],[27.17697,40.75287],[27.17876,40.75196],[27.18001,40.75225],[27.18379,40.75386],[27.18611,40.7539],[27.18791,40.75537],[27.19231,40.75617],[27.19355,40.75753],[27.19789,40.75991],[27.2016,40.7611],[27.20551,40.76101],[27.20725,40.76168],[27.2085,40.76306],[27.20915,40.76242],[27.21033,40.76254],[27.21455,40.765],[27.2187,40.76495],[27.22284,40.76582],[27.22555,40.76492],[27.22829,40.76607],[27.23034,40.76639],[27.24203,40.77125],[27.24277,40.77173],[27.24306,40.77334],[27.24392,40.77363],[27.24714,40.77316],[27.24814,40.77353],[27.24908,40.7749],[27.25007,40.7754],[27.25091,40.77756],[27.25241,40.77864],[27.2544,40.7779],[27.25945,40.77863],[27.2643,40.78017],[27.26712,40.78163],[27.26698,40.78079],[27.26776,40.78038],[27.26991,40.7808],[27.27327,40.7806],[27.27746,40.78192],[27.27957,40.78211],[27.28034,40.78249],[27.28144,40.78396],[27.28337,40.78329],[27.2845,40.78219],[27.28785,40.78234],[27.2902,40.78277],[27.2923,40.78442],[27.29584,40.786],[27.2983,40.78596],[27.30336,40.78739],[27.30875,40.78778],[27.31575,40.7913],[27.31695,40.79317],[27.3179,40.79336],[27.31837,40.79407],[27.31842,40.79725],[27.31822,40.79803],[27.31568,40.79959],[27.31497,40.80119],[27.31375,40.80095],[27.3119,40.8017],[27.30951,40.80155],[27.30722,40.80346],[27.31088,40.80527],[27.31385,40.8057],[27.31524,40.80698],[27.31815,40.80782],[27.31906,40.80925],[27.31995,40.80911],[27.32146,40.80807],[27.32507,40.80841],[27.32843,40.8103],[27.33003,40.812],[27.33092,40.81225],[27.33318,40.81239],[27.33528,40.81188],[27.33605,40.8113],[27.33673,40.81184],[27.33973,40.81278],[27.34298,40.81318],[27.34483,40.81518],[27.34665,40.81584],[27.34973,40.81586],[27.35297,40.81682],[27.35868,40.81749],[27.36053,40.81715],[27.36243,40.81755],[27.36387,40.81569],[27.36507,40.81606],[27.36896,40.81518],[27.37307,40.81488],[27.37409,40.81524],[27.37627,40.81356],[27.3774,40.81376],[27.37762,40.81442],[27.37841,40.81478],[27.38054,40.81447],[27.38245,40.81499],[27.38366,40.81711],[27.38637,40.81816],[27.38559,40.81863],[27.388,40.81998],[27.39232,40.82086],[27.39514,40.82204],[27.39724,40.82166],[27.39917,40.82079],[27.39962,40.82152],[27.3987,40.8239],[27.39796,40.82463],[27.39782,40.82624],[27.39692,40.82747],[27.39656,40.82948],[27.39312,40.83231],[27.39178,40.83273],[27.38944,40.83519],[27.38751,40.83569],[27.38657,40.83719],[27.38447,40.83863],[27.38391,40.8397],[27.38159,40.84048],[27.37828,40.84385],[27.37821,40.84471],[27.37601,40.84584],[27.37298,40.84993],[27.37255,40.85189],[27.37589,40.85854],[27.37557,40.8607],[27.37635,40.86298],[27.37584,40.86278],[27.37512,40.86406],[27.3758,40.86556],[27.37517,40.86752],[27.37762,40.86836],[27.37807,40.86952],[27.37766,40.87021],[27.37582,40.8709],[27.37542,40.87161],[27.37324,40.87248],[27.37204,40.87585],[27.37365,40.87605],[27.37563,40.87566],[27.37869,40.87781],[27.38155,40.87829],[27.38133,40.87966],[27.37853,40.88191],[27.37823,40.88306],[27.37853,40.88365],[27.37949,40.88377],[27.38006,40.88337],[27.38054,40.88426],[27.37822,40.88473],[27.37726,40.8844],[27.37616,40.88462],[27.37566,40.88677],[27.37128,40.89017],[27.36706,40.89192],[27.36652,40.89337],[27.36966,40.89861],[27.37104,40.89985],[27.37471,40.90135],[27.37705,40.90325],[27.37811,40.90354],[27.37808,40.90431],[27.37739,40.90506],[27.38015,40.90607],[27.38438,40.90835],[27.38451,40.91229],[27.3853,40.91384],[27.39073,40.91729],[27.3948,40.91804],[27.3962,40.91994],[27.39538,40.92036],[27.39691,40.9215],[27.39925,40.92214],[27.3993,40.92298],[27.39858,40.92352],[27.39998,40.92462],[27.40021,40.92528],[27.3986,40.92821],[27.39716,40.92942],[27.39595,40.92987],[27.39683,40.93138],[27.39636,40.93203],[27.39562,40.9325],[27.39454,40.93249],[27.39429,40.93458],[27.39056,40.93741],[27.38995,40.93895],[27.39106,40.94153],[27.39129,40.94329],[27.39088,40.94565],[27.3904,40.94631],[27.38929,40.94654],[27.38902,40.94806],[27.38667,40.95288],[27.38571,40.9572],[27.38642,40.95893],[27.38735,40.95956],[27.38652,40.96214],[27.38327,40.96583],[27.38311,40.96666],[27.38194,40.96684],[27.37624,40.9666],[27.36831,40.96433],[27.36756,40.96483],[27.36832,40.96633],[27.36621,40.97167],[27.36678,40.9749],[27.36834,40.97935],[27.36777,40.98442],[27.36977,40.98804],[27.37217,40.98941],[27.37381,40.99146],[27.37559,40.99531],[27.37707,40.99653],[27.37704,40.99877],[27.37778,41.00087],[27.37753,41.00163],[27.37884,41.00377],[27.37895,41.00734],[27.37852,41.00942],[27.37668,41.01318],[27.37249,41.01803],[27.37251,41.01887],[27.37322,41.01937],[27.37705,41.02096],[27.37854,41.02205],[27.37906,41.02297],[27.37908,41.02461],[27.37722,41.02661],[27.37349,41.02866],[27.37082,41.03259],[27.37674,41.03526],[27.39024,41.04353],[27.39134,41.0452],[27.39175,41.04764],[27.39347,41.04659],[27.39818,41.0469],[27.40718,41.04905],[27.41242,41.05107],[27.41917,41.05198],[27.42639,41.05025],[27.42925,41.04875],[27.43407,41.04796],[27.44292,41.04844],[27.44498,41.04903],[27.44983,41.05445],[27.45417,41.0552],[27.45617,41.05516],[27.46282,41.0535],[27.46427,41.0558],[27.46413,41.05901],[27.46616,41.05937],[27.47038,41.06188],[27.47263,41.06192],[27.47505,41.06147],[27.47631,41.05933],[27.47624,41.05758],[27.47712,41.05716],[27.48056,41.05866],[27.48722,41.05772],[27.48823,41.05715],[27.48866,41.05619],[27.48858,41.05351],[27.48915,41.05291],[27.49229,41.05162],[27.49245,41.0493],[27.4962,41.05202],[27.49768,41.05545],[27.5003,41.05796],[27.50144,41.05812],[27.50322,41.05739],[27.50809,41.05857],[27.50597,41.06942],[27.50247,41.07491],[27.50469,41.07529],[27.50716,41.07666],[27.51015,41.07743],[27.51274,41.07961],[27.51667,41.08025],[27.52331,41.08504],[27.5257,41.08541],[27.52673,41.08605],[27.53381,41.09404],[27.54053,41.09836],[27.5424,41.10377],[27.54717,41.10533],[27.54792,41.10606],[27.5478,41.10683],[27.54651,41.10826],[27.54656,41.10984],[27.54878,41.10985],[27.55038,41.11051],[27.5514,41.11181],[27.55534,41.11086],[27.55731,41.1097],[27.55782,41.10895],[27.56055,41.10761],[27.56579,41.1066],[27.5688,41.10538],[27.57088,41.10356],[27.57419,41.10152],[27.57569,41.09843],[27.57561,41.09681],[27.57699,41.09572],[27.57983,41.09698],[27.58366,41.09591],[27.58482,41.09437],[27.58581,41.09397],[27.58794,41.09379],[27.59091,41.0927],[27.5924,41.0934],[27.59696,41.09135],[27.60214,41.09156],[27.60415,41.09232],[27.6071,41.09156],[27.60928,41.09146],[27.60978,41.09306],[27.61229,41.09597],[27.61361,41.09969],[27.61256,41.1052],[27.61791,41.10595],[27.62128,41.1055],[27.62911,41.10576],[27.63801,41.10774],[27.64041,41.10613],[27.64837,41.10367],[27.65732,41.09946],[27.65931,41.0988],[27.66335,41.09844],[27.66706,41.09679],[27.66808,41.09682],[27.66894,41.09737],[27.67179,41.09601],[27.67643,41.096],[27.68077,41.09551],[27.68781,41.09675],[27.69351,41.09959],[27.69989,41.10155],[27.70451,41.10375],[27.73701,41.11417],[27.7454,41.1178],[27.74898,41.12031],[27.75025,41.12177],[27.75132,41.12163],[27.75132,41.12091],[27.76252,41.13537],[27.76826,41.1406],[27.77188,41.14547],[27.77688,41.14992],[27.78007,41.14796],[27.7835,41.14764],[27.79984,41.14777],[27.81401,41.1484],[27.82899,41.14389],[27.84746,41.14259],[27.85003,41.14618],[27.85101,41.14657],[27.88047,41.13562],[27.88291,41.13443],[27.88548,41.1321],[27.88606,41.13109],[27.88686,41.13071],[27.88972,41.13188],[27.90394,41.12589],[27.90578,41.12494],[27.91098,41.12078],[27.91067,41.1215],[27.91134,41.12468],[27.913,41.12646],[27.91557,41.12597],[27.91919,41.12676],[27.92724,41.12998],[27.92965,41.13183],[27.93768,41.13564],[27.94204,41.13607],[27.94374,41.13527],[27.94183,41.13612],[27.94303,41.13958],[27.94526,41.14256],[27.94724,41.14333],[27.94773,41.14411],[27.94697,41.15068],[27.94741,41.15451],[27.94616,41.15655],[27.94579,41.16134],[27.94638,41.16435],[27.94839,41.16463],[27.94855,41.16541],[27.94824,41.16612],[27.94665,41.16705],[27.94125,41.1686],[27.93785,41.16905],[27.93581,41.16988],[27.92987,41.17566],[27.92934,41.17639],[27.93027,41.17699],[27.93145,41.17704],[27.93017,41.17909],[27.92868,41.18038],[27.92926,41.18623],[27.92879,41.18861],[27.92751,41.18871],[27.92947,41.18942],[27.93044,41.18918],[27.93403,41.18788],[27.93643,41.18638],[27.93927,41.18572],[27.94184,41.18456],[27.9446,41.18493],[27.94485,41.18421],[27.947,41.18411],[27.94909,41.18301],[27.95108,41.18261],[27.95222,41.183],[27.95314,41.18454],[27.95722,41.18576],[27.95888,41.18694],[27.9595,41.18853],[27.96214,41.19192],[27.96621,41.19626],[27.96835,41.2015],[27.96913,41.20194],[27.97103,41.20467],[27.97354,41.20968],[27.97718,41.21014],[27.9773,41.21142],[27.97857,41.21356],[27.97776,41.21509],[27.97693,41.21858],[27.97771,41.22169],[27.97634,41.22627],[27.97342,41.22826],[27.96961,41.2331],[27.97427,41.23292],[27.97825,41.23188],[27.98138,41.23159],[27.98547,41.23043],[27.98797,41.2315],[27.99469,41.23269],[27.99682,41.23341],[27.99746,41.23398],[27.99819,41.23798],[27.99875,41.23873],[27.99983,41.23874],[28.00564,41.23412],[28.00947,41.23282],[28.01111,41.23181],[28.01204,41.2297],[28.01293,41.22925],[28.01721,41.22483],[28.01828,41.22273],[28.0225,41.22073],[28.02759,41.22056],[28.02832,41.22009],[28.0296,41.21491],[28.03074,41.2126],[28.03183,41.21231],[28.0338,41.21255],[28.03687,41.21496],[28.03731,41.21557],[28.03701,41.22183],[28.03964,41.22195],[28.04057,41.22245],[28.04069,41.22347],[28.0428,41.22724],[28.0452,41.23006],[28.05346,41.23209],[28.05511,41.23278],[28.05789,41.23534],[28.059,41.2353],[28.06354,41.23739],[28.06468,41.23686],[28.06574,41.2355],[28.06515,41.2338],[28.06682,41.23303],[28.06841,41.23126],[28.07322,41.22782],[28.07458,41.22556],[28.07363,41.22737],[28.07727,41.22618],[28.07854,41.22499],[28.0795,41.22474],[28.08038,41.2252],[28.0827,41.22255],[28.08608,41.2206],[28.08974,41.21908],[28.09347,41.2244],[28.09495,41.22588],[28.09704,41.22695],[28.103,41.22879],[28.11127,41.2275],[28.11648,41.23006],[28.1224,41.23214],[28.12478,41.23217],[28.12843,41.22805],[28.13325,41.22602],[28.14044,41.23212],[28.14673,41.23325],[28.14984,41.231],[28.15195,41.23048],[28.1532,41.2306],[28.15828,41.23234],[28.15954,41.23241],[28.16279,41.23158],[28.16349,41.23405],[28.16609,41.23635],[28.16623,41.2372],[28.16589,41.23874],[28.1644,41.24109],[28.16421,41.24387],[28.16227,41.24896],[28.1659,41.25198],[28.16684,41.25339],[28.16739,41.25506],[28.16714,41.25821],[28.16751,41.25985],[28.16876,41.26208],[28.17001,41.26804],[28.17184,41.27264],[28.17473,41.27797],[28.17579,41.28461],[28.1738,41.28841],[28.17346,41.29223],[28.17526,41.29917],[28.1755,41.3033],[28.1765,41.30751],[28.17627,41.31067],[28.17674,41.31271],[28.1813,41.31509],[28.18816,41.31758],[28.22273,41.31786],[28.23024,41.32003],[28.2325,41.31958],[28.23425,41.31787],[28.23944,41.31485],[28.24,41.31829],[28.25123,41.32558],[28.2519,41.32712],[28.25161,41.32948],[28.25199,41.33014],[28.25428,41.33005],[28.25636,41.33097],[28.25835,41.33059],[28.26174,41.33126],[28.26281,41.33049],[28.26374,41.32879],[28.26707,41.31824],[28.26769,41.3175],[28.27139,41.31533],[28.27325,41.31339],[28.27727,41.31156],[28.27825,41.3113],[28.28161,41.31199],[28.28256,41.31179],[28.28518,41.30964],[28.28904,41.30484],[28.29424,41.30586],[28.29924,41.30873],[28.304,41.3083],[28.30991,41.31054],[28.31086,41.31061],[28.3237,41.30742],[28.32659,41.30743],[28.33025,41.30898],[28.33071,41.31214],[28.33245,41.31524],[28.33252,41.31618],[28.3311,41.31781],[28.32859,41.31927],[28.32519,41.32293],[28.32372,41.32394],[28.32083,41.32486],[28.32012,41.32666],[28.31577,41.32816],[28.31624,41.32889],[28.3152,41.33044],[28.31448,41.33091],[28.31375,41.3305],[28.31328,41.33088],[28.31328,41.33341],[28.3115,41.33422],[28.31249,41.33647],[28.31273,41.34021],[28.31496,41.34201],[28.31522,41.34268],[28.31423,41.34411],[28.31349,41.34449],[28.31537,41.34233],[28.3127,41.34002],[28.3125,41.33646],[28.31126,41.33443],[28.31317,41.33359],[28.3133,41.33111],[28.3139,41.33053],[28.31494,41.3307],[28.3161,41.32935],[28.31603,41.3279],[28.31993,41.32692],[28.32048,41.32518],[28.32411,41.32381],[28.32888,41.31906],[28.33064,41.31825],[28.33185,41.31679],[28.33227,41.31759],[28.33227,41.31986],[28.33318,41.3206],[28.33536,41.32047],[28.3379,41.32231],[28.33874,41.32451],[28.34068,41.32737],[28.3399,41.32974],[28.34272,41.33438],[28.34197,41.33825],[28.34142,41.33909],[28.34159,41.34069],[28.344,41.34189],[28.34865,41.34253],[28.35002,41.34385],[28.34984,41.34466],[28.3505,41.34526],[28.35316,41.34429],[28.35616,41.34549],[28.35738,41.34682],[28.36029,41.34823],[28.36357,41.35064],[28.36726,41.35511],[28.3714,41.35611],[28.37307,41.35703],[28.37565,41.36065],[28.37793,41.3626],[28.3787,41.36438],[28.38294,41.36661],[28.38477,41.37039],[28.38686,41.37238],[28.38892,41.37534],[28.39023,41.37636],[28.38872,41.37732],[28.3865,41.37592],[28.38559,41.37621],[28.38463,41.37789],[28.38606,41.38074],[28.38587,41.38325],[28.38412,41.39553],[28.38322,41.39877],[28.38195,41.40119],[28.38176,41.40276],[28.38112,41.4034],[28.37819,41.40416],[28.37241,41.4083],[28.37206,41.40916],[28.37262,41.41354],[28.37218,41.41416],[28.36885,41.41501],[28.36574,41.41472],[28.36387,41.41866],[28.3642,41.41958],[28.36612,41.42051],[28.3669,41.42131],[28.36677,41.42202],[28.36171,41.42372],[28.35986,41.42473],[28.35584,41.425],[28.35486,41.42558],[28.3492,41.43344],[28.34934,41.43534],[28.34788,41.43982],[28.34534,41.43973],[28.34688,41.44137],[28.34557,41.44271],[28.34471,41.44302],[28.34287,41.44335],[28.34083,41.44316],[28.33955,41.44467],[28.33687,41.44637],[28.33664,41.44729],[28.33485,41.44955],[28.33453,41.45271],[28.33521,41.45449],[28.33406,41.45671],[28.33229,41.45788],[28.3301,41.45803],[28.32749,41.45968],[28.32334,41.45954],[28.32245,41.46183],[28.31804,41.4641],[28.31756,41.46566],[28.31187,41.46662],[28.30868,41.46592],[28.30509,41.46579],[28.30156,41.46772],[28.30119,41.47005],[28.29958,41.47189],[28.29411,41.47297],[28.29391,41.4737],[28.29196,41.47345],[28.28981,41.47382],[28.28867,41.47531],[28.28533,41.47809],[28.28342,41.47879],[28.28236,41.47837],[28.28162,41.47905],[28.28179,41.47991],[28.28364,41.48075],[28.28408,41.48154],[28.28379,41.48234],[28.28159,41.48299],[28.27982,41.48466],[28.28,41.48567],[28.28137,41.48669],[28.28175,41.48761],[28.28088,41.48794],[28.27994,41.48743],[28.27601,41.48871],[28.27274,41.48929],[28.26964,41.48929],[28.26709,41.49025],[28.264,41.48983],[28.25997,41.49316],[28.25925,41.49463],[28.25765,41.49571],[28.25658,41.49706],[28.25565,41.49731],[28.25176,41.49688],[28.25082,41.49709],[28.24962,41.49859],[28.24745,41.49862],[28.24655,41.49908],[28.24587,41.4998],[28.24608,41.50135],[28.24468,41.50519],[28.24416,41.50999],[28.24364,41.51055],[28.23652,41.51155],[28.22704,41.51479],[28.22515,41.51641],[28.2257,41.51875],[28.22459,41.51983],[28.22497,41.5206],[28.22273,41.52267],[28.21885,41.52349],[28.21606,41.52243],[28.215,41.5227],[28.21054,41.52251],[28.20627,41.52128],[28.20543,41.52153],[28.2037,41.5236],[28.20427,41.52663],[28.20326,41.53195],[28.19912,41.53576],[28.19479,41.53687],[28.19401,41.53862],[28.19395,41.54044],[28.19234,41.54131],[28.18951,41.54499],[28.18797,41.54814],[28.18754,41.5505],[28.18545,41.55044],[28.18498,41.55108],[28.18376,41.55097],[28.1815,41.54928],[28.17933,41.54959],[28.17801,41.55063],[28.17845,41.55139],[28.18067,41.55294],[28.18044,41.55377],[28.17878,41.55457],[28.17904,41.55535],[28.17822,41.55678],[28.17905,41.5571],[28.18115,41.55688],[28.17886,41.55706],[28.17719,41.5577],[28.17434,41.56012],[28.17387,41.56166],[28.17227,41.56296],[28.17052,41.56337],[28.17038,41.56409],[28.1677,41.56522],[28.16578,41.56726],[28.16386,41.56767],[28.16081,41.57001],[28.15882,41.57044],[28.15485,41.57233],[28.15253,41.57421],[28.15153,41.57403],[28.15082,41.5754],[28.14927,41.57662],[28.14641,41.57755],[28.14529,41.5773],[28.14481,41.57963],[28.14414,41.58034],[28.14312,41.58072],[28.14189,41.5804],[28.13993,41.58221],[28.13898,41.58201],[28.13844,41.58356],[28.13624,41.58535],[28.13726,41.58523],[28.13986,41.58648],[28.14159,41.58603],[28.14226,41.58675],[28.14162,41.59],[28.14215,41.58686],[28.14182,41.58605],[28.13946,41.58641],[28.13729,41.586],[28.13642,41.58673],[28.1335,41.58798],[28.1325,41.58814],[28.12804,41.58761],[28.12574,41.58823],[28.12275,41.58988],[28.12065,41.58936],[28.11962,41.58989],[28.11668,41.5887],[28.11277,41.58541],[28.11212,41.58475],[28.11199,41.58332],[28.11074,41.58213],[28.1085,41.58431],[28.10647,41.58454],[28.10331,41.58232],[28.10234,41.58237],[28.09926,41.58464],[28.0988,41.58538],[28.09909,41.58623],[28.09823,41.58687],[28.09589,41.58668],[28.0945,41.58809],[28.09364,41.58843],[28.0916,41.58808],[28.08598,41.59076],[28.08579,41.59158],[28.08666,41.59185],[28.09069,41.59069],[28.09158,41.59003],[28.09615,41.59045],[28.0976,41.5924],[28.0974,41.59311],[28.09905,41.59222],[28.10209,41.5928],[28.10338,41.59408],[28.10142,41.59402],[28.10346,41.59487],[28.1032,41.59557],[28.10182,41.59661],[28.1046,41.59567],[28.10541,41.59617],[28.10576,41.59752],[28.10435,41.6],[28.10467,41.60235],[28.10167,41.60375],[28.10153,41.60454],[28.10274,41.60761],[28.10408,41.60879],[28.10418,41.60951],[28.10547,41.60987],[28.10624,41.61135],[28.10741,41.6114],[28.10849,41.60999],[28.10785,41.6094],[28.1078,41.60808],[28.10701,41.60743],[28.10781,41.60705],[28.10773,41.60622],[28.1089,41.60662],[28.10989,41.6063],[28.10988,41.60561],[28.11099,41.60711],[28.11205,41.60687],[28.11317,41.60574],[28.11434,41.60562],[28.11349,41.60746],[28.11502,41.60831],[28.11603,41.60842],[28.11527,41.61229],[28.11603,41.61379],[28.11535,41.61611],[28.1147,41.61661],[28.11546,41.616],[28.11594,41.61363],[28.11548,41.61302],[28.11531,41.61057],[28.11604,41.60843],[28.11376,41.60777],[28.1137,41.60701],[28.11446,41.60573],[28.11331,41.60568],[28.11133,41.60741],[28.11034,41.60541],[28.10982,41.60631],[28.10896,41.60662],[28.10802,41.60612],[28.10805,41.60687],[28.10688,41.60707],[28.10717,41.60782],[28.10812,41.60834],[28.10778,41.60904],[28.10857,41.60966],[28.10765,41.61135],[28.10662,41.61159],[28.10616,41.61088],[28.10519,41.61051],[28.10076,41.60976],[28.10067,41.609],[28.09969,41.60884],[28.09709,41.61155],[28.09458,41.61179],[28.09362,41.61139],[28.09174,41.61194],[28.09098,41.61262],[28.08936,41.61596],[28.09132,41.6203],[28.09335,41.62163],[28.09375,41.62335],[28.09363,41.62495],[28.09132,41.62944],[28.09158,41.63333],[28.09324,41.63396],[28.09621,41.63371],[28.09577,41.63303],[28.09643,41.63238],[28.09678,41.63103],[28.09829,41.62996],[28.09902,41.63038],[28.09798,41.63016],[28.09663,41.63132],[28.09647,41.63214],[28.09702,41.63284],[28.09799,41.63306],[28.10027,41.63283],[28.09832,41.63307],[28.09537,41.63252],[28.09626,41.63316],[28.09567,41.63372],[28.09175,41.63468],[28.09119,41.63395],[28.0899,41.63515],[28.08781,41.63553],[28.08593,41.63439],[28.08268,41.63427],[28.0804,41.63601],[28.07746,41.63677],[28.07656,41.63658],[28.07591,41.6359],[28.07557,41.63415],[28.07433,41.63275],[28.0734,41.63246],[28.07141,41.63318],[28.06898,41.63589],[28.0675,41.6423],[28.06614,41.6455],[28.06911,41.64913],[28.07086,41.64987],[28.07215,41.651],[28.07205,41.6521],[28.07007,41.65313],[28.06878,41.6543],[28.06734,41.65699],[28.06193,41.66062],[28.05998,41.66275],[28.05893,41.665],[28.0568,41.66701],[28.05235,41.66845],[28.05264,41.67179],[28.05185,41.6757],[28.04599,41.67642],[28.04159,41.67796],[28.03669,41.67906],[28.03484,41.68105],[28.03219,41.68287],[28.03005,41.68583],[28.02752,41.68672],[28.02599,41.68798],[28.02426,41.68869],[28.02243,41.69107],[28.0183,41.69421],[28.01792,41.69634],[28.01393,41.69892],[28.01301,41.70355],[28.01227,41.70513],[28.01204,41.70761],[28.00906,41.71012],[28.00909,41.71096],[28.01071,41.71514],[28.01217,41.71645],[28.01482,41.7221],[28.01499,41.72468],[28.01644,41.7261],[28.02057,41.72734],[28.02499,41.72937],[28.02741,41.73079],[28.02906,41.73285],[28.02999,41.73343],[28.03295,41.73405],[28.03472,41.73581],[28.03673,41.73652],[28.03716,41.73744],[28.03808,41.73753],[28.03883,41.73709],[28.03635,41.73861],[28.03329,41.73965],[28.03306,41.74037],[28.03203,41.73993],[28.03171,41.74251],[28.03406,41.74416],[28.0313,41.74738],[28.03217,41.74954],[28.03314,41.74997],[28.03343,41.75069],[28.03245,41.75204],[28.03271,41.75275],[28.03138,41.75566],[28.03069,41.75632],[28.02974,41.75643],[28.02768,41.75586],[28.02505,41.75673],[28.0246,41.75601],[28.02374,41.75628],[28.02382,41.75709],[28.02297,41.75748],[28.02344,41.75811],[28.0279,41.76053],[28.02858,41.76205],[28.02778,41.76256],[28.02687,41.76237],[28.02692,41.7632],[28.0257,41.7635],[28.0239,41.76154],[28.02187,41.76194],[28.02103,41.76049],[28.02012,41.76202],[28.02044,41.76275],[28.01858,41.7631],[28.01862,41.76381],[28.01742,41.76371],[28.01889,41.76486],[28.02001,41.76463],[28.02211,41.76609],[28.02027,41.76697],[28.0183,41.76898],[28.01815,41.76972],[28.01706,41.77014],[28.01413,41.76986],[28.01202,41.77006],[28.01299,41.7707],[28.01625,41.77122],[28.01692,41.77168],[28.01518,41.77492],[28.01678,41.77205],[28.01452,41.77253],[28.01316,41.77379],[28.01018,41.77481],[28.00604,41.77493],[28.00484,41.77427],[28.00111,41.77025],[27.99792,41.77057],[27.99493,41.76976],[27.98915,41.77008],[27.98618,41.7675],[27.98571,41.76635],[27.97846,41.76299],[27.97407,41.76244],[27.97294,41.76175],[27.97115,41.75963],[27.97023,41.75984],[27.96891,41.75773],[27.96892,41.7561],[27.9676,41.75464],[27.96651,41.75445],[27.96457,41.7552],[27.96354,41.75521],[27.96297,41.75588],[27.96192,41.75606],[27.96059,41.75295],[27.95974,41.75246],[27.95298,41.75137],[27.9512,41.74948],[27.94872,41.74576],[27.94623,41.74386],[27.94459,41.74189],[27.94369,41.74152],[27.94215,41.74257],[27.93977,41.74257],[27.93858,41.74037],[27.93569,41.73778],[27.93459,41.73763],[27.93027,41.73825],[27.92763,41.73578],[27.92416,41.73377],[27.92028,41.73077],[27.91906,41.72855],[27.91647,41.7261],[27.91446,41.72333],[27.91279,41.72217],[27.91261,41.72127],[27.90187,41.71556],[27.90016,41.71361],[27.89687,41.71358],[27.89459,41.71273],[27.89256,41.71282],[27.89095,41.71136],[27.88766,41.71124],[27.88414,41.70917],[27.88208,41.70979],[27.88089,41.70959],[27.87726,41.71035],[27.87134,41.70996],[27.86825,41.70893],[27.8673,41.70827],[27.86305,41.70834],[27.86046,41.70952],[27.858,41.71244],[27.84591,41.71679],[27.84282,41.71862],[27.84187,41.71849],[27.83955,41.7192],[27.83638,41.72109],[27.83592,41.72437],[27.83538,41.72533],[27.8336,41.72636],[27.83327,41.72722],[27.83358,41.72809],[27.83284,41.72899],[27.83282,41.72981],[27.83551,41.73103],[27.83652,41.73237],[27.83212,41.73494],[27.83074,41.73856],[27.83164,41.74281],[27.83363,41.74476],[27.83574,41.74499],[27.83635,41.74556],[27.83728,41.75294],[27.83618,41.75647],[27.83737,41.7585],[27.83531,41.75942],[27.83566,41.76176],[27.83715,41.7628],[27.83789,41.76443],[27.83695,41.7652],[27.83332,41.76588],[27.83314,41.7666],[27.83559,41.76811],[27.83931,41.76899],[27.84125,41.77018],[27.84252,41.77044],[27.84513,41.77013],[27.84835,41.77087],[27.85053,41.77245],[27.85376,41.77407],[27.85694,41.77467],[27.8594,41.77575],[27.86078,41.77713],[27.86091,41.77932],[27.86221,41.78184],[27.86582,41.78472],[27.86995,41.78677],[27.87244,41.78655],[27.87491,41.78925],[27.88041,41.79165],[27.88467,41.79262],[27.8858,41.79403],[27.88796,41.7954],[27.88825,41.79615],[27.8893,41.79653],[27.89012,41.79821],[27.89353,41.7993],[27.8946,41.79904],[27.89461,41.79822],[27.89561,41.79784],[27.89521,41.79847],[27.89592,41.79931],[27.89583,41.80197],[27.89888,41.80574],[27.89974,41.80636],[27.90423,41.80716],[27.90584,41.80793],[27.90502,41.80944],[27.90549,41.81098],[27.90767,41.81286],[27.91122,41.81423],[27.9143,41.81657],[27.9153,41.81695],[27.91746,41.8164],[27.91832,41.81497],[27.91928,41.81426],[27.92698,41.81334],[27.92893,41.81462],[27.93092,41.81423],[27.93188,41.81442],[27.93581,41.81643],[27.9369,41.81633],[27.939,41.81553],[27.94094,41.81294],[27.94289,41.81334],[27.9438,41.81315],[27.94344,41.81232],[27.94444,41.81213],[27.94414,41.81506],[27.94495,41.81733],[27.94808,41.81855],[27.9517,41.81899],[27.95359,41.81966],[27.95376,41.8204],[27.95325,41.82122],[27.9539,41.82364],[27.95544,41.8248],[27.95541,41.82662],[27.95583,41.82726],[27.95845,41.82968],[27.95971,41.83515],[27.95951,41.8362],[27.95891,41.83701],[27.95789,41.83751],[27.95442,41.83828],[27.9424,41.83896],[27.93929,41.84012],[27.93962,41.84186],[27.94201,41.84411],[27.94166,41.84641],[27.9395,41.84785],[27.93944,41.84888],[27.94156,41.85143],[27.94067,41.85289],[27.94044,41.85521],[27.93992,41.85596],[27.93754,41.85784],[27.93685,41.85927],[27.9343,41.86149],[27.93451,41.86222],[27.93372,41.8645],[27.93413,41.86613],[27.93371,41.86708],[27.93512,41.8709],[27.93509,41.87243],[27.94112,41.87767],[27.94845,41.87553],[27.95149,41.87563],[27.95684,41.875],[27.95956,41.87518],[27.96342,41.87631],[27.97325,41.87529],[27.98243,41.87615],[27.98683,41.87731],[27.98767,41.87777],[27.98772,41.87858],[27.98837,41.87931],[28.00226,41.89267],[28.00551,41.89468],[28.00738,41.89648],[28.0082,41.89691],[28.00904,41.89652],[28.0114,41.90173],[28.01408,41.90303],[28.01462,41.90612],[28.01098,41.91137],[27.99443,41.92679],[27.98974,41.92888],[27.98485,41.9357],[27.97579,41.94402],[27.97408,41.94613],[27.96879,41.94812],[27.96666,41.94851],[27.96027,41.94717],[27.95827,41.94744],[27.94613,41.95176],[27.93528,41.95856],[27.93179,41.95965],[27.93007,41.96176],[27.93029,41.96414],[27.92944,41.9656],[27.92987,41.967],[27.92951,41.96839],[27.93048,41.97071],[27.92703,41.96876],[27.92494,41.96867],[27.92321,41.96946],[27.9231,41.97027],[27.92216,41.97043],[27.91307,41.96677],[27.91233,41.96615],[27.91132,41.96372],[27.90949,41.96183],[27.90905,41.95896],[27.90656,41.9565],[27.90551,41.95618],[27.90591,41.95555],[27.90554,41.95404],[27.90351,41.95357],[27.90469,41.95165],[27.90657,41.9509],[27.90461,41.95075],[27.90366,41.95087],[27.90183,41.95191],[27.89949,41.95368],[27.89401,41.95591],[27.89234,41.95764],[27.89159,41.95925],[27.8877,41.96087],[27.88782,41.96539],[27.88737,41.96679],[27.88579,41.96778],[27.88106,41.96963],[27.87818,41.97316],[27.87619,41.97351],[27.87249,41.97203],[27.86829,41.97213],[27.86759,41.96765],[27.86794,41.96613],[27.86699,41.9666],[27.86285,41.96431],[27.86071,41.96409],[27.85899,41.96304],[27.85054,41.96102],[27.84689,41.9582],[27.8456,41.95534],[27.84346,41.95284],[27.84421,41.95221],[27.84443,41.95075],[27.84278,41.94719],[27.84282,41.94495],[27.83645,41.93967],[27.8361,41.93834],[27.83507,41.93704],[27.8351,41.93624],[27.83679,41.93539],[27.83719,41.93478],[27.83819,41.93498],[27.84155,41.93446],[27.84379,41.93361],[27.84861,41.92929],[27.84013,41.92787],[27.83825,41.92594],[27.83394,41.92622],[27.82518,41.92428],[27.82381,41.92308],[27.8236,41.92232],[27.82401,41.91912],[27.82374,41.91829],[27.82113,41.91638],[27.81909,41.91616],[27.81591,41.91657],[27.81139,41.91498],[27.80489,41.91471],[27.80211,41.91258],[27.79695,41.91327],[27.79341,41.91169],[27.78795,41.91155],[27.78523,41.9104],[27.78087,41.9107],[27.77661,41.90993],[27.77209,41.91065],[27.76919,41.91161],[27.76828,41.91157],[27.76805,41.91089],[27.7685,41.91156],[27.76833,41.9139],[27.76528,41.91438],[27.75678,41.91849],[27.75628,41.91921],[27.7565,41.92078],[27.75599,41.9214],[27.75393,41.92184],[27.75047,41.92351],[27.74843,41.92354],[27.74798,41.92278],[27.74699,41.92228],[27.74301,41.92182],[27.73877,41.92284],[27.73934,41.92367],[27.73736,41.92468],[27.73656,41.92595],[27.73655,41.92682],[27.73559,41.928],[27.73591,41.931],[27.73537,41.9321],[27.73563,41.93446],[27.73471,41.93488],[27.73261,41.93401],[27.73055,41.93456],[27.72807,41.93356],[27.726,41.93195],[27.72345,41.93214],[27.72251,41.9316],[27.71946,41.93128],[27.71675,41.93159],[27.71664,41.93062],[27.71722,41.92948],[27.71557,41.92681],[27.7161,41.92288],[27.71737,41.91936],[27.71961,41.91644],[27.71856,41.91643],[27.71682,41.91708],[27.71585,41.91628],[27.71525,41.91543],[27.7152,41.91425],[27.71352,41.91307],[27.71334,41.91085],[27.71103,41.91119],[27.70834,41.91086],[27.70345,41.9064],[27.69997,41.90574],[27.69911,41.9033],[27.6966,41.90034],[27.6937,41.90048],[27.6843,41.90211],[27.68142,41.90152],[27.67894,41.90689],[27.67756,41.90832],[27.67613,41.90867],[27.6753,41.90944],[27.67205,41.90928],[27.66702,41.90783],[27.66561,41.90811],[27.66452,41.90896],[27.66344,41.909],[27.66303,41.90975],[27.66066,41.91069],[27.65894,41.91031],[27.658,41.90951],[27.65894,41.90762],[27.65657,41.90782],[27.65514,41.9089],[27.65287,41.90943],[27.64934,41.90683],[27.64875,41.90581],[27.64969,41.9033],[27.64614,41.89986],[27.64127,41.89818],[27.63869,41.89678],[27.6372,41.89724],[27.63355,41.89723],[27.63053,41.89491],[27.62927,41.89487],[27.62821,41.89427],[27.62816,41.89342],[27.62375,41.8884],[27.62398,41.8856],[27.62584,41.88454],[27.62242,41.88252],[27.62195,41.88007],[27.62021,41.87737],[27.6191,41.87675],[27.61769,41.87676],[27.61603,41.87555],[27.6158,41.87369],[27.61503,41.8728],[27.61362,41.87298],[27.61373,41.87393],[27.61185,41.87528],[27.61037,41.87722],[27.61062,41.88057],[27.61009,41.88133],[27.60946,41.88134],[27.60845,41.88204],[27.60741,41.88421],[27.60528,41.88655],[27.6054,41.89184],[27.60593,41.89264],[27.60589,41.8937],[27.60492,41.89536],[27.60326,41.89648],[27.60346,41.89847],[27.60291,41.8993],[27.60326,41.89969],[27.60406,41.89973],[27.60301,41.90027],[27.60119,41.89963],[27.59987,41.89965],[27.59965,41.90053],[27.59568,41.90177],[27.59396,41.9011],[27.59056,41.90087],[27.58673,41.90381],[27.5873,41.90357],[27.58527,41.90453],[27.58241,41.90491],[27.58186,41.90462],[27.58153,41.90514],[27.57822,41.90021],[27.57905,41.89772],[27.57838,41.89556],[27.57352,41.89438],[27.57149,41.89258],[27.57158,41.89117],[27.57039,41.89064],[27.56995,41.891],[27.56696,41.88946],[27.56507,41.88926],[27.56167,41.88969],[27.56081,41.8913],[27.5562,41.89526],[27.55799,41.89791],[27.55655,41.8992],[27.55402,41.89633],[27.55302,41.8964],[27.55137,41.89532],[27.54928,41.89584],[27.54863,41.89708],[27.54476,41.89736],[27.53824,41.89415],[27.532,41.89355],[27.53103,41.89433],[27.53077,41.89341],[27.52621,41.89215],[27.52472,41.89133],[27.52137,41.89208],[27.52118,41.8925],[27.52243,41.89263],[27.5226,41.89341],[27.51942,41.89445],[27.51871,41.89533],[27.51691,41.89471],[27.51272,41.89673],[27.51173,41.89672],[27.51176,41.89619],[27.5108,41.89584],[27.50687,41.89717],[27.50434,41.89856],[27.50163,41.90148],[27.49915,41.90269],[27.49159,41.90193],[27.48935,41.90025],[27.48495,41.89845],[27.48269,41.89657],[27.47526,41.89816],[27.47342,41.89933],[27.47348,41.90123],[27.47254,41.90248],[27.46686,41.90427],[27.46619,41.90549],[27.46499,41.90566],[27.46346,41.90739],[27.4607,41.90841],[27.46213,41.91081],[27.46192,41.91172],[27.46033,41.91337],[27.45807,41.91391],[27.4551,41.91301],[27.45365,41.91296],[27.45182,41.91434],[27.4514,41.91533],[27.45016,41.9157],[27.44723,41.91518],[27.44577,41.91313],[27.44362,41.91387],[27.44027,41.91306],[27.43983,41.9134],[27.44052,41.9149],[27.43983,41.9153],[27.43924,41.91646],[27.44085,41.9172],[27.44087,41.9177],[27.43998,41.91859],[27.43868,41.91903],[27.43934,41.91982],[27.44055,41.91971],[27.44056,41.92058],[27.4417,41.9219],[27.43923,41.92165],[27.43803,41.92092],[27.4361,41.92104],[27.43332,41.91913],[27.43212,41.91885],[27.43005,41.91854],[27.42933,41.91925],[27.42824,41.91809],[27.42606,41.91729],[27.42415,41.91748],[27.42266,41.91856],[27.42086,41.91853],[27.42027,41.91987],[27.4215,41.92218],[27.42069,41.92227],[27.41804,41.92102],[27.41618,41.92156],[27.41484,41.9214],[27.41499,41.92257],[27.41374,41.9243],[27.41416,41.92564],[27.41181,41.9264],[27.41155,41.92867],[27.41044,41.92867],[27.40771,41.92741],[27.40613,41.92821],[27.40242,41.92755],[27.40198,41.92788],[27.40085,41.92769],[27.39897,41.92855],[27.3985,41.92826],[27.39749,41.92577],[27.39692,41.92561],[27.39574,41.92618],[27.39499,41.92533],[27.39314,41.92494],[27.39109,41.92602],[27.39074,41.92405],[27.38973,41.92352],[27.38705,41.92418],[27.3844,41.92667],[27.38145,41.92786],[27.37937,41.92789],[27.37575,41.92654],[27.37095,41.92636],[27.37032,41.92636],[27.36883,41.92742],[27.36661,41.93079],[27.36645,41.93185],[27.36534,41.93296],[27.3654,41.93518],[27.36693,41.93816],[27.36901,41.94031],[27.3687,41.94087],[27.37074,41.94567],[27.37236,41.94764],[27.37554,41.9512],[27.38043,41.95441],[27.38653,41.95776],[27.39368,41.95981],[27.39906,41.96482],[27.40063,41.96745],[27.40827,41.97169],[27.41003,41.97215],[27.41184,41.97132],[27.41443,41.97083],[27.41687,41.96899],[27.41805,41.96878],[27.42112,41.96945],[27.42371,41.96959],[27.42892,41.97159],[27.43335,41.97078],[27.43697,41.97255],[27.43813,41.97221],[27.44311,41.96696],[27.44567,41.96763],[27.4469,41.96477],[27.44778,41.96365],[27.44894,41.96302],[27.44972,41.96367],[27.45101,41.96397],[27.45176,41.96353],[27.45328,41.96438],[27.45374,41.96581],[27.45789,41.96703]]}},{"type":"Feature","properties":{"name":"TET_TR-02_20240614","country":"TR","lengthKm":152.6},"geometry":{"type":"LineString","coordinates":[[28.32366,41.30735],[28.33885,41.3002],[28.3464,41.29171],[28.35279,41.28823],[28.35962,41.27681],[28.3585,41.27134],[28.36329,41.26484],[28.36389,41.25948],[28.36475,41.25669],[28.3652,41.25259],[28.36565,41.25197],[28.37172,41.24993],[28.3799,41.25199],[28.38234,41.25401],[28.38344,41.25443],[28.39135,41.25568],[28.39474,41.2554],[28.3961,41.25684],[28.39751,41.2574],[28.4032,41.25791],[28.41215,41.25656],[28.41798,41.25278],[28.42266,41.25225],[28.42283,41.25068],[28.43225,41.24049],[28.43418,41.23954],[28.43594,41.23735],[28.45547,41.22386],[28.45493,41.21965],[28.45626,41.21929],[28.46678,41.21907],[28.46858,41.21935],[28.47764,41.22272],[28.49431,41.2277],[28.50162,41.23145],[28.50412,41.23221],[28.5073,41.23203],[28.52203,41.22771],[28.52417,41.22738],[28.5387,41.22798],[28.55205,41.23277],[28.55615,41.23577],[28.56274,41.24504],[28.56593,41.24738],[28.57025,41.24829],[28.57538,41.24828],[28.58332,41.24903],[28.58836,41.24879],[28.59094,41.24968],[28.5923,41.25127],[28.59305,41.25401],[28.59419,41.25601],[28.59773,41.26037],[28.6003,41.26262],[28.60522,41.26938],[28.60642,41.27034],[28.60947,41.27169],[28.60998,41.27271],[28.60991,41.27451],[28.61088,41.27611],[28.61583,41.28118],[28.61862,41.28342],[28.62123,41.28451],[28.62391,41.28457],[28.62616,41.28382],[28.62891,41.28134],[28.63073,41.28039],[28.63408,41.28031],[28.64234,41.27849],[28.64829,41.27798],[28.65637,41.27464],[28.66177,41.27417],[28.66374,41.27355],[28.66785,41.2702],[28.67279,41.26402],[28.68537,41.25642],[28.69405,41.24937],[28.69751,41.24762],[28.70156,41.24628],[28.70518,41.2455],[28.71594,41.24418],[28.72641,41.24584],[28.73017,41.24612],[28.75534,41.24484],[28.76913,41.24503],[28.77443,41.24462],[28.80209,41.23985],[28.8051,41.23862],[28.80841,41.2359],[28.8101,41.23506],[28.82759,41.23039],[28.83195,41.22674],[28.83493,41.22235],[28.8365,41.2194],[28.83976,41.21083],[28.8408,41.20946],[28.84316,41.20817],[28.85051,41.20617],[28.85458,41.20346],[28.86415,41.19928],[28.86649,41.1976],[28.86765,41.19563],[28.87063,41.18574],[28.87713,41.17757],[28.87938,41.17557],[28.87896,41.17546],[28.87874,41.17596],[28.88031,41.17719],[28.88365,41.17883],[28.88631,41.17693],[28.88807,41.17646],[28.89242,41.17622],[28.89563,41.17513],[28.89916,41.17301],[28.90119,41.17231],[28.90503,41.16987],[28.90906,41.16294],[28.90966,41.16119],[28.91021,41.16194],[28.91077,41.16067],[28.91309,41.16033],[28.91324,41.15874],[28.91575,41.15945],[28.91656,41.1601],[28.92195,41.16133],[28.92557,41.16126],[28.92643,41.16186],[28.92677,41.1629],[28.92641,41.16433],[28.92684,41.1647],[28.92852,41.16489],[28.92894,41.16538],[28.92877,41.16631],[28.93179,41.16559],[28.93328,41.16591],[28.93773,41.16941],[28.94078,41.16801],[28.9466,41.16863],[28.94941,41.16979],[28.95229,41.16806],[28.95288,41.16811],[28.9561,41.16976],[28.95694,41.1711],[28.95815,41.17196],[28.95876,41.17191],[28.9592,41.17265],[28.96229,41.17339],[28.96268,41.1741],[28.96408,41.17495],[28.96659,41.17597],[28.96824,41.17823],[28.97161,41.18042],[28.9752,41.17951],[28.97591,41.17993],[28.97978,41.18015],[28.98114,41.18077],[28.98214,41.18035],[28.98749,41.17479],[28.98997,41.17408],[28.99095,41.17063],[28.99197,41.1697],[28.9943,41.16928],[28.99377,41.16775],[28.99412,41.16762],[28.9952,41.16845],[28.9973,41.16875],[28.99955,41.1674],[29.0107,41.16496],[29.0119,41.16395],[29.02819,41.15531],[29.03349,41.15544],[29.03581,41.15586],[29.0373,41.15369],[29.04149,41.15255],[29.04337,41.15024],[29.04579,41.14829],[29.05029,41.14766],[29.05249,41.14666],[29.05521,41.14401],[29.05549,41.14255],[29.05632,41.14202],[29.05777,41.13962],[29.05712,41.13916],[29.05427,41.13909],[29.05381,41.13825],[29.05836,41.1368],[29.05956,41.1359],[29.06128,41.1353],[29.0624,41.134],[29.06233,41.13325],[29.06394,41.13045],[29.06567,41.12904],[29.06985,41.12712],[29.07082,41.12564],[29.07101,41.12347],[29.07094,41.12272],[29.06872,41.11954],[29.0668,41.11821],[29.06361,41.11708],[29.06138,41.11375],[29.06065,41.11368],[29.05729,41.11508],[29.05441,41.11428],[29.0541,41.11366],[29.05453,41.11241],[29.05501,41.11215],[29.05724,41.11267],[29.05752,41.11118],[29.0592,41.10884],[29.05748,41.10687],[29.05425,41.09942],[29.05265,41.0982],[29.05278,41.09683],[29.04878,41.09691],[29.04784,41.09471],[29.04811,41.09256],[29.04694,41.09135],[29.04673,41.09011],[29.04195,41.09007],[29.04016,41.08953],[29.03751,41.09001],[29.03693,41.09046],[29.03721,41.09095],[29.04115,41.0905],[29.0475,41.09062],[29.08284,41.09209],[29.08506,41.09186],[29.08831,41.09087],[29.09204,41.08823],[29.09545,41.08156],[29.09732,41.07883],[29.11531,41.06137],[29.11855,41.05678],[29.12012,41.05329],[29.12126,41.047],[29.12064,41.02226],[29.12181,41.00967],[29.1211,41.00514],[29.11903,41.00045],[29.11961,40.99822],[29.12116,40.99671],[29.12256,40.99605],[29.12522,40.99565],[29.13139,40.99675],[29.13588,40.99693],[29.14901,40.99483],[29.16254,40.99443],[29.16652,40.9938],[29.17737,40.99076],[29.18878,40.99004],[29.1933,40.98858],[29.19915,40.9848],[29.20184,40.98359],[29.20594,40.98257],[29.21495,40.98138],[29.2265,40.977],[29.23277,40.97588],[29.2424,40.97578],[29.2461,40.97538],[29.24937,40.97453],[29.25551,40.97216],[29.26509,40.97054],[29.2698,40.96855],[29.27607,40.96379],[29.27967,40.96171],[29.28805,40.95824],[29.29631,40.95386],[29.30526,40.95032],[29.31542,40.94398],[29.32538,40.93982],[29.33521,40.93468],[29.34296,40.93177],[29.34594,40.92998],[29.34775,40.9284],[29.35034,40.92471],[29.35198,40.91948],[29.35417,40.91508],[29.3583,40.90986],[29.36376,40.9048],[29.3664,40.90161],[29.37093,40.89239],[29.37488,40.88666],[29.38103,40.88079],[29.39097,40.87455],[29.39393,40.87216],[29.3947,40.87106],[29.39426,40.86999],[29.389,40.86727],[29.37991,40.8607],[29.37781,40.85865],[29.37596,40.85598],[29.37465,40.85161],[29.37471,40.84596],[29.37311,40.84028],[29.37063,40.83456],[29.36653,40.82893],[29.3652,40.82607],[29.36471,40.82191],[29.36503,40.81693],[29.36375,40.81427],[29.36384,40.81354],[29.36663,40.81276],[29.3828,40.79978],[29.38874,40.79548],[29.39102,40.79456],[29.40859,40.78961],[29.40961,40.78913],[29.41019,40.78823],[29.41576,40.78608],[29.41674,40.78441],[29.41635,40.781],[29.41687,40.77963],[29.41965,40.77743],[29.42116,40.77525],[29.42385,40.77433],[29.42462,40.77357],[29.42406,40.77144],[29.42599,40.76972],[29.42543,40.76902],[29.42361,40.76812]]}},{"type":"Feature","properties":{"name":"TET_TR-03-N_20240614","country":"TR","lengthKm":505.7},"geometry":{"type":"LineString","coordinates":[[29.42116,40.76581],[29.43166,40.69618],[29.43138,40.69597],[29.43301,40.69179],[29.43305,40.68952],[29.4324,40.68665],[29.43326,40.68633],[29.43475,40.68696],[29.43304,40.68581],[29.43482,40.68382],[29.43548,40.68174],[29.43475,40.67866],[29.43508,40.67555],[29.43456,40.67341],[29.43167,40.66963],[29.4292,40.66508],[29.42691,40.66284],[29.42533,40.66016],[29.42598,40.65784],[29.42578,40.65653],[29.42695,40.65512],[29.42741,40.65335],[29.42701,40.65195],[29.42792,40.65094],[29.42793,40.64965],[29.42981,40.64569],[29.42989,40.64455],[29.42985,40.64562],[29.42916,40.64659],[29.42991,40.64531],[29.42982,40.64233],[29.43139,40.6409],[29.43013,40.63818],[29.43418,40.63884],[29.43522,40.6387],[29.44025,40.63605],[29.44181,40.63464],[29.44354,40.62915],[29.44522,40.62697],[29.445,40.6247],[29.44682,40.62328],[29.44724,40.62236],[29.44751,40.62049],[29.4466,40.61874],[29.44862,40.61866],[29.45036,40.61917],[29.45212,40.62106],[29.45245,40.62282],[29.45678,40.62287],[29.46061,40.62374],[29.46285,40.62381],[29.46697,40.62281],[29.46763,40.62195],[29.46757,40.62075],[29.46668,40.61904],[29.46639,40.6171],[29.46773,40.61525],[29.4689,40.60942],[29.4706,40.60866],[29.47305,40.60861],[29.47431,40.60776],[29.4754,40.6078],[29.47831,40.6101],[29.48098,40.61157],[29.48464,40.61319],[29.48648,40.61363],[29.48741,40.61346],[29.48851,40.61482],[29.48979,40.61395],[29.49007,40.61465],[29.49197,40.61555],[29.4997,40.61388],[29.5011,40.61452],[29.50247,40.61425],[29.50283,40.61537],[29.50435,40.61706],[29.50602,40.61705],[29.50683,40.61667],[29.51026,40.6172],[29.51618,40.61482],[29.5197,40.61234],[29.52071,40.61043],[29.5211,40.60775],[29.52181,40.60648],[29.52464,40.60583],[29.52513,40.60543],[29.52529,40.60409],[29.52986,40.59556],[29.53148,40.591],[29.52927,40.58501],[29.53155,40.58523],[29.53766,40.58176],[29.53823,40.58209],[29.53863,40.58356],[29.54015,40.58334],[29.54316,40.58206],[29.54464,40.58302],[29.5482,40.58276],[29.55303,40.58617],[29.55602,40.58756],[29.55701,40.58722],[29.55712,40.58642],[29.55848,40.58592],[29.56106,40.58734],[29.56619,40.58858],[29.56793,40.58853],[29.56982,40.58762],[29.57444,40.58816],[29.57471,40.58786],[29.57347,40.58705],[29.57349,40.58627],[29.57002,40.58472],[29.57457,40.58355],[29.57601,40.58242],[29.57738,40.58281],[29.57846,40.58193],[29.579,40.58197],[29.5795,40.58098],[29.57911,40.58076],[29.57965,40.58052],[29.58081,40.5806],[29.58639,40.57911],[29.58762,40.57793],[29.58989,40.57677],[29.59318,40.57579],[29.59487,40.57335],[29.59488,40.57272],[29.59644,40.57271],[29.59838,40.57084],[29.60014,40.57079],[29.60033,40.56878],[29.60263,40.56642],[29.60231,40.56608],[29.60283,40.56469],[29.60246,40.56053],[29.60337,40.56087],[29.60366,40.56155],[29.60572,40.56241],[29.60624,40.56068],[29.6067,40.56078],[29.61069,40.56479],[29.61182,40.56526],[29.61331,40.56455],[29.61382,40.56378],[29.61758,40.56513],[29.62063,40.56716],[29.62244,40.56739],[29.62582,40.56865],[29.62905,40.5694],[29.63451,40.56934],[29.63527,40.57062],[29.63754,40.57161],[29.63804,40.57223],[29.63747,40.57521],[29.63788,40.57694],[29.63951,40.57683],[29.64022,40.57802],[29.64108,40.57848],[29.6444,40.57659],[29.64722,40.57629],[29.64905,40.57541],[29.65183,40.57303],[29.65609,40.57219],[29.65642,40.57141],[29.65713,40.57103],[29.66141,40.57047],[29.66194,40.57109],[29.66164,40.57347],[29.66355,40.57526],[29.66453,40.57703],[29.66805,40.57866],[29.6715,40.58129],[29.67627,40.58301],[29.6785,40.58634],[29.68427,40.58985],[29.68477,40.5907],[29.68455,40.5919],[29.68635,40.59543],[29.68551,40.59903],[29.68568,40.59933],[29.68666,40.599],[29.68896,40.60194],[29.69535,40.60368],[29.69795,40.60376],[29.70164,40.60611],[29.7033,40.60793],[29.70382,40.60801],[29.7043,40.60728],[29.70484,40.60744],[29.70548,40.60865],[29.70751,40.6087],[29.70952,40.60788],[29.71141,40.60806],[29.71434,40.60915],[29.71567,40.61077],[29.71582,40.6113],[29.71525,40.6113],[29.71622,40.61124],[29.71434,40.61173],[29.71551,40.61192],[29.71758,40.61389],[29.71726,40.61489],[29.71848,40.61667],[29.71827,40.6169],[29.71818,40.61638],[29.71846,40.61779],[29.72059,40.6189],[29.72158,40.62027],[29.72601,40.62083],[29.72902,40.61919],[29.73241,40.61906],[29.73571,40.61728],[29.73892,40.61772],[29.74312,40.6174],[29.74664,40.61555],[29.75063,40.6147],[29.75235,40.61373],[29.75317,40.61354],[29.75643,40.61412],[29.75904,40.61356],[29.76091,40.61223],[29.76186,40.6107],[29.76355,40.60491],[29.76645,40.60154],[29.77091,40.603],[29.77267,40.60307],[29.77428,40.60266],[29.7763,40.60094],[29.77814,40.60079],[29.78248,40.60296],[29.78612,40.60403],[29.78941,40.60343],[29.7925,40.60364],[29.79496,40.60292],[29.79507,40.60204],[29.79584,40.60122],[29.79668,40.60086],[29.7976,40.60105],[29.79975,40.59957],[29.80398,40.59755],[29.807,40.59523],[29.80696,40.59429],[29.8085,40.59111],[29.80844,40.58985],[29.81089,40.58727],[29.8128,40.58442],[29.81374,40.58371],[29.81715,40.5829],[29.8164,40.58208],[29.81449,40.58172],[29.81327,40.58062],[29.8149,40.57983],[29.81943,40.58002],[29.82501,40.5792],[29.82552,40.578],[29.82359,40.57536],[29.8229,40.57339],[29.81996,40.57032],[29.81944,40.56777],[29.82327,40.56857],[29.8264,40.57015],[29.82757,40.57117],[29.83051,40.57205],[29.83317,40.57219],[29.8353,40.57159],[29.83756,40.57191],[29.83865,40.57134],[29.84089,40.57172],[29.84509,40.57145],[29.84625,40.5708],[29.84789,40.57143],[29.84918,40.56938],[29.85056,40.56946],[29.85317,40.56775],[29.8535,40.56431],[29.85672,40.56158],[29.8584,40.56105],[29.85912,40.55989],[29.85905,40.55853],[29.86006,40.55818],[29.86265,40.55874],[29.86617,40.55738],[29.86756,40.55745],[29.86971,40.55641],[29.87133,40.55614],[29.87104,40.55483],[29.87381,40.55305],[29.87442,40.55079],[29.87633,40.54919],[29.87899,40.54943],[29.88114,40.55007],[29.883,40.5494],[29.8848,40.55028],[29.88824,40.5502],[29.89138,40.55081],[29.89306,40.55079],[29.8947,40.55015],[29.89719,40.55089],[29.89735,40.55214],[29.89934,40.5532],[29.90162,40.55266],[29.90245,40.55195],[29.90353,40.55288],[29.90406,40.5528],[29.90532,40.55073],[29.90617,40.5518],[29.90673,40.55172],[29.90968,40.5494],[29.91029,40.54976],[29.91152,40.54968],[29.91054,40.55072],[29.91114,40.55151],[29.90934,40.55398],[29.90951,40.55443],[29.91122,40.55409],[29.91111,40.55497],[29.9125,40.55583],[29.91352,40.55831],[29.91492,40.55763],[29.918,40.55915],[29.91788,40.55838],[29.92076,40.55965],[29.92059,40.55853],[29.92404,40.56124],[29.93027,40.56322],[29.93139,40.56437],[29.93458,40.56619],[29.93431,40.56734],[29.93538,40.56831],[29.93545,40.56951],[29.93861,40.57019],[29.9403,40.56997],[29.94045,40.57031],[29.93813,40.57084],[29.94011,40.57103],[29.94178,40.57195],[29.93993,40.57175],[29.93858,40.57271],[29.93912,40.57414],[29.94065,40.57579],[29.94114,40.578],[29.94491,40.57984],[29.95003,40.58151],[29.95177,40.58143],[29.95404,40.58213],[29.95418,40.58091],[29.95314,40.58036],[29.95236,40.57691],[29.95274,40.57728],[29.95248,40.57812],[29.95363,40.57765],[29.95473,40.57797],[29.95494,40.57695],[29.95424,40.57544],[29.95745,40.57724],[29.95916,40.57763],[29.9616,40.57716],[29.96271,40.57612],[29.96202,40.57569],[29.96343,40.57327],[29.96279,40.56787],[29.96503,40.56539],[29.96561,40.56372],[29.96662,40.56309],[29.96759,40.56337],[29.97151,40.56268],[29.97189,40.56306],[29.97232,40.56212],[29.97456,40.56177],[29.9767,40.56048],[29.97723,40.56053],[29.97721,40.56012],[29.9791,40.55952],[29.98309,40.55997],[29.98654,40.55948],[29.99067,40.55979],[29.99178,40.56196],[29.99141,40.56395],[29.99246,40.56642],[29.99162,40.56849],[29.99526,40.56985],[29.99692,40.56968],[29.99948,40.56866],[30.00146,40.56907],[30.00415,40.56871],[30.01017,40.57041],[30.01159,40.57143],[30.01282,40.57429],[30.01351,40.57485],[30.01531,40.57318],[30.01534,40.57286],[30.01447,40.57267],[30.01441,40.57187],[30.01596,40.57162],[30.01861,40.56753],[30.02098,40.56757],[30.02183,40.56815],[30.02431,40.56692],[30.02587,40.56649],[30.0263,40.56678],[30.02741,40.56572],[30.0274,40.56458],[30.03154,40.56409],[30.0315,40.56322],[30.03299,40.56245],[30.03454,40.56212],[30.0359,40.56255],[30.03613,40.56221],[30.03469,40.56022],[30.03681,40.55814],[30.03643,40.55741],[30.03728,40.55691],[30.03721,40.55614],[30.04072,40.55375],[30.0429,40.55385],[30.04252,40.55246],[30.04346,40.55128],[30.04449,40.551],[30.04476,40.54972],[30.04728,40.54744],[30.04727,40.54625],[30.04471,40.54454],[30.04496,40.54316],[30.0446,40.54299],[30.04545,40.54253],[30.04453,40.54223],[30.04556,40.54041],[30.04682,40.53962],[30.0484,40.53725],[30.04767,40.53626],[30.04829,40.53397],[30.04964,40.53197],[30.05426,40.5333],[30.06312,40.53078],[30.06518,40.53151],[30.06599,40.53221],[30.06522,40.53107],[30.06614,40.52993],[30.0662,40.52861],[30.06597,40.52825],[30.06487,40.52836],[30.06343,40.52768],[30.06465,40.52775],[30.06653,40.52646],[30.06702,40.52649],[30.0679,40.52718],[30.0684,40.52828],[30.06874,40.52707],[30.06833,40.52589],[30.0696,40.52692],[30.0702,40.5285],[30.07113,40.52856],[30.07577,40.53077],[30.07502,40.52766],[30.07351,40.52473],[30.07359,40.52382],[30.07292,40.52325],[30.07263,40.52179],[30.07126,40.51968],[30.0741,40.51504],[30.07595,40.51315],[30.07702,40.51275],[30.07626,40.51216],[30.07413,40.51243],[30.07381,40.51114],[30.07488,40.51127],[30.07686,40.51048],[30.07802,40.51079],[30.07894,40.51026],[30.07807,40.50996],[30.07712,40.5075],[30.0774,40.50717],[30.07851,40.50721],[30.08032,40.50591],[30.07998,40.50323],[30.08424,40.49359],[30.08094,40.49181],[30.07755,40.49099],[30.07793,40.49054],[30.09551,40.49863],[30.09598,40.49836],[30.09774,40.49947],[30.10299,40.5009],[30.10928,40.50115],[30.12786,40.49919],[30.1303,40.49926],[30.14833,40.50282],[30.16117,40.50343],[30.17577,40.50699],[30.22626,40.51235],[30.22679,40.5123],[30.22721,40.51171],[30.22685,40.51071],[30.22777,40.50839],[30.22759,40.50587],[30.23031,40.50117],[30.23452,40.49938],[30.24138,40.49952],[30.24386,40.49807],[30.24547,40.4936],[30.24683,40.48715],[30.2472,40.48711],[30.25127,40.48793],[30.26255,40.49118],[30.266,40.4933],[30.27017,40.49498],[30.27204,40.49534],[30.27588,40.49723],[30.28253,40.49831],[30.28566,40.50025],[30.28921,40.50362],[30.29211,40.50558],[30.29241,40.50643],[30.29319,40.50691],[30.30082,40.50407],[30.30328,40.50416],[30.3051,40.50355],[30.31055,40.50371],[30.31424,40.50312],[30.31869,40.50333],[30.32325,40.50277],[30.32443,40.50228],[30.32614,40.50038],[30.32615,40.49925],[30.32426,40.49488],[30.32444,40.4937],[30.32591,40.49251],[30.33309,40.49151],[30.33495,40.49088],[30.33829,40.49186],[30.34253,40.49093],[30.34464,40.49151],[30.34529,40.49135],[30.34523,40.49081],[30.3435,40.48996],[30.33978,40.49024],[30.33644,40.48834],[30.3359,40.48765],[30.33591,40.48666],[30.33686,40.48574],[30.33817,40.48501],[30.33996,40.48482],[30.34524,40.4868],[30.34917,40.48691],[30.35157,40.48625],[30.35382,40.48486],[30.35417,40.48253],[30.3552,40.48106],[30.35433,40.47799],[30.35544,40.47592],[30.35798,40.47427],[30.35933,40.47234],[30.35947,40.4708],[30.35818,40.46977],[30.3574,40.46727],[30.3545,40.46479],[30.35422,40.46402],[30.35482,40.46359],[30.35618,40.46413],[30.35699,40.46405],[30.3576,40.46331],[30.35872,40.46333],[30.35925,40.46236],[30.36116,40.46178],[30.36191,40.46094],[30.36247,40.45987],[30.36186,40.45851],[30.36257,40.45627],[30.3614,40.45393],[30.36151,40.4521],[30.36369,40.45126],[30.36558,40.45125],[30.36744,40.45035],[30.36895,40.45021],[30.36902,40.44964],[30.37105,40.45067],[30.37422,40.45075],[30.37547,40.45138],[30.3803,40.45241],[30.38555,40.45415],[30.38633,40.45515],[30.38862,40.45585],[30.38846,40.45691],[30.38928,40.45762],[30.39257,40.45712],[30.39562,40.45817],[30.39662,40.45887],[30.39648,40.46105],[30.39706,40.46115],[30.39911,40.45927],[30.40137,40.45827],[30.40238,40.46042],[30.40448,40.46228],[30.40472,40.46308],[30.40359,40.46293],[30.40092,40.46355],[30.40156,40.46505],[30.40014,40.46571],[30.39934,40.46725],[30.39722,40.46726],[30.396,40.4679],[30.39793,40.47013],[30.39618,40.47102],[30.39736,40.47177],[30.39815,40.47296],[30.40042,40.47317],[30.40231,40.47438],[30.40299,40.47644],[30.40214,40.47813],[30.4043,40.47766],[30.40593,40.47824],[30.40759,40.47944],[30.41057,40.47977],[30.41143,40.4794],[30.4166,40.48067],[30.41803,40.48003],[30.41855,40.47881],[30.41976,40.47869],[30.42159,40.47945],[30.42289,40.47874],[30.42605,40.47944],[30.42645,40.47908],[30.42619,40.47781],[30.42671,40.47757],[30.42844,40.47709],[30.43171,40.47732],[30.43271,40.47771],[30.43393,40.47751],[30.4363,40.47646],[30.43904,40.47463],[30.44018,40.47453],[30.44219,40.4768],[30.44232,40.47908],[30.44272,40.47932],[30.4457,40.47896],[30.44618,40.47973],[30.44376,40.48067],[30.44269,40.48148],[30.44282,40.4818],[30.44335,40.48204],[30.44509,40.48162],[30.44582,40.48224],[30.44825,40.48217],[30.4458,40.48355],[30.45007,40.4833],[30.45105,40.48355],[30.45193,40.48321],[30.45536,40.48339],[30.45656,40.48462],[30.45964,40.48601],[30.46193,40.48588],[30.46354,40.48708],[30.46523,40.48742],[30.46726,40.4868],[30.46816,40.48779],[30.46943,40.48797],[30.46704,40.48861],[30.46905,40.489],[30.46956,40.48948],[30.46649,40.48952],[30.46606,40.4912],[30.46642,40.49239],[30.46777,40.4942],[30.46815,40.49437],[30.46974,40.4934],[30.47075,40.49381],[30.47025,40.49637],[30.47075,40.49665],[30.4746,40.49406],[30.47498,40.49317],[30.47666,40.49314],[30.47771,40.49474],[30.47692,40.4961],[30.47557,40.49638],[30.47498,40.49591],[30.47454,40.49672],[30.47498,40.49752],[30.47383,40.49759],[30.47508,40.49726],[30.47465,40.49688],[30.47474,40.49599],[30.47536,40.49595],[30.47536,40.49634],[30.47654,40.49617],[30.47734,40.49559],[30.47754,40.49454],[30.47692,40.4932],[30.47523,40.49295],[30.47488,40.49384],[30.47122,40.49654],[30.47056,40.49659],[30.47018,40.4958],[30.46949,40.4991],[30.46993,40.50032],[30.47131,40.50096],[30.47017,40.50106],[30.47106,40.50188],[30.47457,40.50271],[30.47572,40.50261],[30.48079,40.50488],[30.48382,40.50473],[30.48714,40.50531],[30.488,40.5058],[30.48836,40.50837],[30.49259,40.51038],[30.49485,40.51062],[30.49672,40.50996],[30.49867,40.51075],[30.50022,40.51053],[30.5026,40.51147],[30.50556,40.51158],[30.51019,40.51509],[30.51273,40.51552],[30.5162,40.51552],[30.51724,40.51641],[30.52165,40.5187],[30.52328,40.51908],[30.52896,40.51934],[30.53352,40.52031],[30.53686,40.51925],[30.53794,40.5184],[30.5369,40.5124],[30.53757,40.51173],[30.5388,40.51178],[30.54118,40.5103],[30.54144,40.50937],[30.54263,40.50854],[30.54443,40.50877],[30.54485,40.50996],[30.54599,40.51016],[30.54661,40.51006],[30.54719,40.50938],[30.54873,40.50952],[30.55033,40.50893],[30.55275,40.50749],[30.55422,40.50782],[30.5545,40.50692],[30.5566,40.50609],[30.55804,40.50584],[30.56237,40.50603],[30.56384,40.50511],[30.5649,40.50343],[30.5675,40.50084],[30.57123,40.50194],[30.57305,40.50306],[30.57773,40.50199],[30.57959,40.50114],[30.58073,40.4996],[30.58384,40.49801],[30.58477,40.49807],[30.58489,40.49903],[30.5849,40.49835],[30.58421,40.49773],[30.58772,40.49769],[30.58927,40.49831],[30.59093,40.49816],[30.5918,40.49779],[30.59401,40.49536],[30.59581,40.49449],[30.59998,40.49406],[30.61088,40.4896],[30.61231,40.49],[30.61371,40.48965],[30.61428,40.4884],[30.61532,40.48858],[30.61579,40.48929],[30.61714,40.48975],[30.61953,40.4895],[30.62143,40.48757],[30.62158,40.4867],[30.62542,40.48665],[30.62835,40.48563],[30.63164,40.48614],[30.63493,40.4873],[30.63827,40.48685],[30.64081,40.48854],[30.64719,40.48818],[30.65262,40.49045],[30.65565,40.49009],[30.65893,40.49078],[30.65916,40.49122],[30.66103,40.48999],[30.66305,40.4908],[30.6664,40.49118],[30.67016,40.49294],[30.67395,40.49387],[30.67742,40.4913],[30.67773,40.49045],[30.67942,40.48982],[30.6813,40.49051],[30.68412,40.49245],[30.68448,40.49228],[30.68329,40.49086],[30.6839,40.49023],[30.68955,40.49113],[30.69034,40.49091],[30.69118,40.49003],[30.69466,40.49034],[30.70399,40.49339],[30.70909,40.49308],[30.70982,40.49192],[30.71298,40.49116],[30.71322,40.49026],[30.71469,40.49011],[30.7155,40.48863],[30.71759,40.48729],[30.71777,40.48659],[30.71764,40.48705],[30.71802,40.48723],[30.72096,40.48615],[30.72726,40.48625],[30.73181,40.48837],[30.73267,40.48995],[30.73392,40.4907],[30.73672,40.491],[30.74032,40.48973],[30.74196,40.48815],[30.74372,40.48717],[30.74418,40.48633],[30.74782,40.48587],[30.7512,40.48704],[30.75905,40.49105],[30.76038,40.49277],[30.76064,40.49644],[30.75972,40.4979],[30.76055,40.49851],[30.7607,40.49939],[30.7619,40.50019],[30.76437,40.49993],[30.76641,40.50067],[30.7685,40.50297],[30.7701,40.50297],[30.77261,40.50419],[30.77728,40.50457],[30.78271,40.50661],[30.78526,40.50632],[30.78516,40.50586],[30.78571,40.50598],[30.78544,40.50632],[30.78634,40.50568],[30.78946,40.50468],[30.78991,40.50432],[30.78984,40.50318],[30.79221,40.50155],[30.7924,40.50088],[30.79623,40.50136],[30.79628,40.50104],[30.7967,40.50115],[30.79625,40.50134],[30.79643,40.50173],[30.79627,40.50131],[30.79706,40.50176],[30.80486,40.50173],[30.80706,40.50147],[30.8081,40.50059],[30.81017,40.50034],[30.81107,40.49976],[30.81319,40.49994],[30.81496,40.49968],[30.81585,40.49915],[30.81676,40.49924],[30.81627,40.49909],[30.81718,40.49753],[30.81595,40.49615],[30.81402,40.49494],[30.81917,40.49331],[30.82188,40.49176],[30.82202,40.49078],[30.82317,40.48993],[30.82482,40.48965],[30.82814,40.4898],[30.82954,40.48866],[30.83047,40.48837],[30.82996,40.4882],[30.83026,40.4877],[30.83162,40.48726],[30.8306,40.48701],[30.83221,40.48655],[30.83235,40.48606],[30.83291,40.4835],[30.83264,40.48011],[30.83292,40.47969],[30.83463,40.47931],[30.83687,40.48124],[30.83791,40.48125],[30.83788,40.48203],[30.83579,40.48296],[30.83567,40.48501],[30.83439,40.48716],[30.834,40.48739],[30.83267,40.48674],[30.83296,40.48732],[30.83079,40.48747],[30.83166,40.48831],[30.83159,40.48929],[30.82954,40.49018],[30.82901,40.49087],[30.83018,40.49069],[30.83072,40.49096],[30.834,40.49503],[30.83367,40.49775],[30.83443,40.50191],[30.83361,40.50294],[30.83425,40.50461],[30.83348,40.50584],[30.83472,40.50697],[30.83741,40.50781],[30.83881,40.50916],[30.8395,40.51309],[30.84083,40.51495],[30.84058,40.51654],[30.84214,40.51835],[30.84393,40.51887],[30.85004,40.51866],[30.85794,40.52031],[30.86121,40.52042],[30.8584,40.52032],[30.85874,40.5212],[30.85842,40.5215],[30.85382,40.5229],[30.84972,40.52352],[30.84617,40.52567],[30.84502,40.52572],[30.84496,40.5261],[30.84678,40.52693],[30.84659,40.52872],[30.84701,40.52925],[30.84913,40.5294],[30.85023,40.53019],[30.85442,40.53023],[30.8557,40.53134],[30.86178,40.53238],[30.86226,40.53312],[30.86193,40.5335],[30.85925,40.53402],[30.85828,40.53351],[30.85719,40.53428],[30.85403,40.53508],[30.84881,40.5355],[30.84864,40.53642],[30.84907,40.53731],[30.84979,40.53812],[30.8523,40.53939],[30.8527,40.54011],[30.85224,40.54034],[30.84977,40.54071],[30.84776,40.54012],[30.84623,40.54116],[30.84406,40.54114],[30.8426,40.54051],[30.84226,40.54074],[30.84277,40.5409],[30.84405,40.54273],[30.84792,40.54289],[30.84838,40.54339],[30.8494,40.54343],[30.85158,40.5446],[30.8527,40.54474],[30.85607,40.54412],[30.85481,40.5457],[30.85026,40.54902],[30.84975,40.55032],[30.85424,40.55144],[30.85714,40.55164],[30.86111,40.55301],[30.86235,40.55369],[30.86242,40.55506],[30.86014,40.55582],[30.8577,40.5561],[30.85237,40.55802],[30.84949,40.55805],[30.847,40.55913],[30.84524,40.55849],[30.84483,40.55855],[30.84489,40.55902],[30.84553,40.55973],[30.84822,40.56087],[30.85038,40.56081],[30.85676,40.56189],[30.85694,40.56229],[30.85545,40.56253],[30.85618,40.56406],[30.85876,40.56455],[30.85554,40.56582],[30.85423,40.56527],[30.85451,40.56617],[30.85352,40.56608],[30.85383,40.56707],[30.85567,40.56736],[30.85896,40.56897],[30.85937,40.5697],[30.85978,40.56946],[30.86202,40.5699],[30.86587,40.57115],[30.86607,40.57158],[30.86578,40.57426],[30.86616,40.5751],[30.86448,40.57576],[30.86213,40.57559],[30.85888,40.57476],[30.85669,40.57552],[30.85239,40.57588],[30.85148,40.57637],[30.85184,40.57594],[30.85326,40.57579],[30.86196,40.57605],[30.86412,40.57693],[30.86699,40.57708],[30.87002,40.57977],[30.8709,40.57915],[30.87126,40.57949],[30.87154,40.58158],[30.87284,40.58259],[30.87373,40.58414],[30.87354,40.58811],[30.8711,40.59229],[30.87088,40.5961],[30.87006,40.59731],[30.87163,40.59913],[30.87105,40.59985],[30.86787,40.60013],[30.87012,40.59917],[30.86888,40.59875],[30.8678,40.59648],[30.86608,40.59472],[30.8666,40.59348],[30.86616,40.59105],[30.86714,40.59],[30.86716,40.58824],[30.86578,40.58762],[30.86104,40.58787],[30.86069,40.58861],[30.86164,40.58982],[30.86224,40.59163],[30.86139,40.59361],[30.86292,40.59762],[30.86111,40.59782],[30.85964,40.59702],[30.85789,40.59677],[30.85809,40.59749],[30.85635,40.59914],[30.85534,40.59919],[30.85296,40.59849],[30.85104,40.59878],[30.85005,40.5998],[30.85031,40.60105],[30.84926,40.60096],[30.84782,40.60285],[30.84643,40.60336],[30.84425,40.60674],[30.84455,40.60693],[30.84724,40.60611],[30.84771,40.60628],[30.84978,40.60816],[30.84972,40.60851],[30.84934,40.60876],[30.84716,40.60825],[30.85073,40.61071],[30.85121,40.61151],[30.85263,40.61199],[30.85381,40.61181],[30.85495,40.61269],[30.85674,40.61258],[30.85734,40.61329],[30.85683,40.61406],[30.85433,40.61472],[30.85499,40.61642],[30.85376,40.61659],[30.85365,40.61789],[30.85079,40.61876],[30.85032,40.61948],[30.84868,40.6203],[30.84655,40.62057],[30.84762,40.62124],[30.84811,40.62241],[30.84932,40.62309],[30.84905,40.62381],[30.84978,40.62581],[30.84951,40.62648],[30.84679,40.62606],[30.8464,40.62692],[30.84727,40.63043],[30.84669,40.63174],[30.84735,40.63458],[30.84781,40.63534],[30.8494,40.63611],[30.84969,40.63681],[30.84936,40.63803],[30.85036,40.63918],[30.85139,40.63958],[30.85124,40.63995],[30.85033,40.64002],[30.84907,40.64173],[30.84864,40.64341],[30.85065,40.64623],[30.852,40.64656],[30.85324,40.64804],[30.85617,40.64934],[30.8568,40.65075],[30.85826,40.65202],[30.85828,40.65345],[30.85717,40.65353],[30.85526,40.65458],[30.85478,40.65532],[30.85509,40.65603],[30.85891,40.65753],[30.85995,40.65865],[30.86563,40.65925],[30.86762,40.65879],[30.86819,40.65821],[30.87105,40.658],[30.872,40.65747],[30.87137,40.65628],[30.87142,40.65497],[30.8737,40.6558],[30.87476,40.6546],[30.87626,40.65408],[30.87513,40.65537],[30.87377,40.66053],[30.87567,40.66226],[30.87729,40.66287],[30.87788,40.66363],[30.87893,40.66409],[30.88131,40.6666],[30.88444,40.6677],[30.88594,40.66905],[30.88929,40.66903],[30.89116,40.67162],[30.89305,40.67238],[30.8947,40.67244],[30.89675,40.67357],[30.89879,40.67393],[30.90128,40.67343],[30.90408,40.67415],[30.90587,40.67373],[30.90618,40.67209],[30.90768,40.67177],[30.91163,40.67268],[30.91196,40.67406],[30.91441,40.67511],[30.91573,40.67445],[30.91465,40.67424],[30.91445,40.67243],[30.91288,40.66907],[30.90977,40.66519],[30.91084,40.66387],[30.91215,40.66373],[30.9113,40.66318],[30.91234,40.66158],[30.91086,40.66097],[30.90927,40.66119],[30.90871,40.66031],[30.90909,40.65884],[30.9072,40.6576],[30.90689,40.65686],[30.90671,40.65726],[30.90556,40.6563],[30.90535,40.65519],[30.90601,40.65495],[30.90561,40.6547],[30.90539,40.65514],[30.9053,40.65471],[30.90596,40.65311],[30.90554,40.64958],[30.90833,40.6456],[30.90814,40.64347],[30.90743,40.64255],[30.90768,40.64181],[30.90828,40.64177],[30.90824,40.63977],[30.90885,40.63924],[30.90758,40.63599],[30.90806,40.6355],[30.9108,40.63598],[30.9134,40.63496],[30.91343,40.63371],[30.91481,40.63231],[30.91377,40.63156],[30.91768,40.6327],[30.91984,40.6316],[30.9235,40.6318],[30.92639,40.63321],[30.92889,40.63531],[30.93143,40.63649],[30.93252,40.63771],[30.93493,40.63497],[30.93601,40.63469],[30.93859,40.63587],[30.93854,40.63793],[30.93973,40.63806],[30.9414,40.6391],[30.94227,40.63894],[30.94318,40.63926],[30.94417,40.6367],[30.94568,40.6356],[30.94734,40.63518],[30.95076,40.63577],[30.95381,40.63535],[30.95471,40.63482],[30.95505,40.63517],[30.95621,40.63509],[30.96099,40.63163],[30.96066,40.63351],[30.96173,40.63298],[30.96354,40.63329],[30.96419,40.63555],[30.96378,40.63675],[30.96552,40.63462],[30.97016,40.63511],[30.97144,40.63642],[30.97492,40.63799],[30.97546,40.63801],[30.97627,40.6374],[30.97958,40.63762],[30.98005,40.63735],[30.98084,40.63794],[30.98265,40.63734],[30.9833,40.63576],[30.98445,40.63582],[30.98727,40.63693],[30.98813,40.638],[30.99002,40.6385],[30.99111,40.63939],[30.99237,40.63921],[30.99334,40.63814],[30.99445,40.63827],[30.99535,40.63506],[30.99676,40.63517],[30.99917,40.63469],[30.99827,40.63162],[31.00105,40.63504],[31.00206,40.63543],[31.00312,40.63512],[31.00351,40.63542],[31.00211,40.63732],[31.00294,40.63833],[31.00432,40.63845],[31.00497,40.63978],[31.00553,40.63996],[31.0071,40.63948],[31.01187,40.64009],[31.01307,40.6391],[31.01415,40.63891],[31.01523,40.63958],[31.01656,40.63942],[31.01704,40.64004],[31.01753,40.64004],[31.01792,40.63934],[31.01844,40.63944],[31.01934,40.64056],[31.02058,40.64032],[31.0226,40.64129],[31.02671,40.64573],[31.03216,40.65002],[31.03467,40.64766],[31.03507,40.64531],[31.03574,40.64461],[31.03961,40.64491],[31.04167,40.64436],[31.0435,40.64445],[31.04461,40.64377],[31.04561,40.64223],[31.04642,40.64337],[31.04889,40.6447],[31.05137,40.64733],[31.05549,40.6492],[31.05708,40.65072],[31.05988,40.652],[31.06109,40.65302],[31.06228,40.65312],[31.0627,40.65397],[31.06351,40.6531],[31.06499,40.65317],[31.0698,40.65605],[31.07493,40.65685],[31.07699,40.6583],[31.07772,40.65782],[31.07886,40.65802],[31.07923,40.65684],[31.08015,40.65634],[31.08256,40.65645],[31.08341,40.65584],[31.08605,40.65501],[31.08946,40.65814],[31.08996,40.65935],[31.09279,40.66083],[31.09448,40.66127],[31.09531,40.6613],[31.09959,40.65976],[31.10044,40.66102],[31.10145,40.66145],[31.10199,40.66219],[31.10313,40.66211],[31.10504,40.66283],[31.10559,40.66218],[31.10782,40.66222],[31.10886,40.66149],[31.10922,40.66065],[31.11023,40.66043],[31.11003,40.6576],[31.11056,40.65554],[31.11278,40.65583],[31.11785,40.6556],[31.11882,40.65711],[31.11809,40.65565],[31.11856,40.65681],[31.11941,40.65716],[31.12105,40.65545],[31.12408,40.65513],[31.12563,40.6555],[31.12563,40.65632],[31.12616,40.65639],[31.12637,40.6571],[31.1283,40.65786],[31.12884,40.65952],[31.13084,40.66069],[31.13233,40.65914],[31.135,40.65845],[31.13672,40.65879],[31.13845,40.65752],[31.13943,40.65737],[31.13988,40.65802],[31.14138,40.65697],[31.1405,40.65633],[31.13201,40.65376],[31.13229,40.65355],[31.13684,40.65365],[31.13834,40.65302],[31.13774,40.65312],[31.13736,40.65268],[31.13848,40.6529],[31.13964,40.65244],[31.143,40.65278],[31.1444,40.65206],[31.14853,40.65113],[31.15213,40.6481],[31.15466,40.64747],[31.15754,40.64748],[31.16038,40.64966],[31.16105,40.64968],[31.16126,40.64876],[31.16298,40.6499],[31.16395,40.64967],[31.16437,40.65077],[31.16498,40.64992],[31.16497,40.64851],[31.16348,40.64879],[31.16289,40.64646],[31.16496,40.64699],[31.16634,40.64633],[31.16847,40.64778],[31.16956,40.64742],[31.17055,40.64627],[31.17114,40.64613],[31.17279,40.64638],[31.1732,40.64719],[31.17455,40.64775],[31.17545,40.64973],[31.17519,40.65019],[31.17634,40.65104],[31.17678,40.65309],[31.17952,40.65659],[31.17963,40.65888],[31.18029,40.65928],[31.18164,40.65569],[31.18061,40.65234],[31.18227,40.65104],[31.18173,40.64599],[31.18055,40.64388],[31.17545,40.64145],[31.17414,40.63998],[31.17376,40.63788],[31.17631,40.63709],[31.17856,40.635],[31.17859,40.6329],[31.18201,40.63159],[31.18312,40.63062],[31.18634,40.63192],[31.1883,40.63145],[31.18967,40.63026],[31.19012,40.62909],[31.19102,40.62847],[31.19142,40.62872],[31.19188,40.62761],[31.19137,40.62682],[31.19318,40.62594],[31.1942,40.62484],[31.19534,40.62477],[31.19794,40.62586],[31.2017,40.62636],[31.20262,40.62686],[31.20407,40.62657],[31.20805,40.62742],[31.21012,40.62744],[31.21228,40.6285],[31.21378,40.62783],[31.21387,40.62668],[31.21554,40.62421],[31.21812,40.6243],[31.21976,40.62342],[31.22295,40.62328],[31.22447,40.62378],[31.22558,40.62352],[31.22689,40.62427],[31.22838,40.62856],[31.22902,40.62914],[31.23357,40.62982],[31.23537,40.63112],[31.23645,40.63079],[31.23889,40.62908],[31.24009,40.62929],[31.24146,40.63014],[31.2466,40.63056],[31.24855,40.6296],[31.24935,40.6278],[31.24898,40.62615],[31.24979,40.62421],[31.24947,40.62296],[31.25162,40.62223],[31.25207,40.6217],[31.25115,40.61965],[31.2518,40.61849],[31.24706,40.61506],[31.24732,40.61345],[31.24869,40.61149],[31.24842,40.61064],[31.2493,40.60997],[31.24895,40.6087],[31.2473,40.60691],[31.24787,40.6071],[31.24865,40.60663],[31.25066,40.60646],[31.25709,40.60774],[31.25627,40.6067],[31.25421,40.60537],[31.25889,40.60583],[31.25831,40.60526],[31.25706,40.60492],[31.25859,40.60467],[31.26201,40.60572],[31.26686,40.60836],[31.26996,40.60844],[31.27271,40.60906],[31.27849,40.61223],[31.27082,40.60734],[31.26872,40.6038],[31.27017,40.6033],[31.26999,40.60247],[31.2712,40.60176],[31.27292,40.59903],[31.27473,40.59901],[31.2768,40.59819],[31.27933,40.59555],[31.27814,40.59249],[31.27702,40.59115],[31.27492,40.59011],[31.27074,40.58999],[31.26993,40.58935],[31.26959,40.58832],[31.26783,40.58825],[31.26716,40.58692],[31.2646,40.58632],[31.26342,40.58484],[31.26377,40.58343],[31.26682,40.58281],[31.26836,40.58344],[31.26907,40.58433],[31.27016,40.58422],[31.2719,40.58228],[31.27239,40.58038],[31.2718,40.57835],[31.26369,40.57476],[31.26231,40.5736],[31.26138,40.57152],[31.25832,40.57106],[31.25676,40.56899],[31.24848,40.56287],[31.24792,40.55934],[31.24667,40.55709],[31.24582,40.55376],[31.24589,40.55204],[31.24679,40.54992],[31.24677,40.54819],[31.2442,40.54471],[31.24342,40.53981],[31.2443,40.52927],[31.24388,40.52632],[31.23788,40.51581],[31.23464,40.51207],[31.22702,40.50483],[31.22587,40.50434],[31.22119,40.50423],[31.21744,40.5028],[31.21517,40.50057],[31.207,40.49633],[31.20238,40.49288],[31.20206,40.48847],[31.20895,40.48142],[31.21021,40.47932],[31.2105,40.47673],[31.20946,40.47424],[31.20997,40.4722],[31.20986,40.4694],[31.21149,40.46566],[31.21217,40.46201],[31.21353,40.46096],[31.21425,40.45922],[31.21214,40.45687],[31.20948,40.45672],[31.20826,40.45613],[31.20789,40.45545],[31.20523,40.45342],[31.20227,40.45174],[31.20303,40.45048],[31.20273,40.44978],[31.199,40.44719],[31.20313,40.44475],[31.20264,40.44452],[31.19855,40.44499],[31.19704,40.44457],[31.19702,40.44531],[31.2028,40.44996],[31.20291,40.45062],[31.20223,40.45156],[31.20255,40.45194],[31.20504,40.45324],[31.20927,40.45672],[31.21232,40.45702],[31.21424,40.45915],[31.21355,40.4609],[31.21216,40.46203],[31.21198,40.46265],[31.21464,40.46098],[31.2224,40.45113],[31.22485,40.45094],[31.22762,40.45132],[31.22951,40.45071],[31.23288,40.45053],[31.23538,40.45195],[31.23668,40.45365],[31.2379,40.45411],[31.23908,40.45564],[31.24038,40.45623],[31.24087,40.45716],[31.24025,40.45806],[31.24078,40.45864],[31.24503,40.459],[31.24642,40.46034],[31.24839,40.46373],[31.25079,40.46581],[31.25719,40.4684],[31.26445,40.46519],[31.27,40.46025],[31.27175,40.45958],[31.27495,40.45615],[31.27973,40.45306],[31.28071,40.45284],[31.28207,40.45343],[31.28386,40.45352],[31.28599,40.45441],[31.29034,40.45542],[31.2915,40.45506],[31.29748,40.44999],[31.29742,40.44787],[31.29861,40.44571],[31.29883,40.44422],[31.29995,40.44373],[31.30164,40.44421],[31.30242,40.44585],[31.30705,40.44739],[31.3089,40.44892],[31.3095,40.4491],[31.31056,40.44869],[31.3135,40.45107],[31.31464,40.451],[31.31479,40.45175],[31.31582,40.45222],[31.31831,40.45154],[31.31944,40.45158],[31.32169,40.45223],[31.32281,40.45323],[31.32363,40.45303],[31.32456,40.45402],[31.32502,40.45566],[31.32599,40.45527],[31.32687,40.45578],[31.32801,40.45568],[31.32877,40.45697],[31.32922,40.45666],[31.33116,40.45657],[31.33209,40.45529],[31.33504,40.45467],[31.33673,40.45337],[31.33789,40.45134],[31.33974,40.45096],[31.34085,40.45114],[31.34407,40.4533],[31.34254,40.45405],[31.34147,40.4539],[31.34164,40.45444],[31.34252,40.45493],[31.34533,40.45502],[31.3471,40.45598],[31.34914,40.45912],[31.34949,40.46085],[31.35307,40.46196],[31.35325,40.4627],[31.35486,40.46218],[31.35923,40.46451],[31.36446,40.46628],[31.37179,40.47194],[31.37456,40.47533],[31.37578,40.47618],[31.37382,40.47804],[31.37339,40.48091],[31.37103,40.48695],[31.36968,40.48849],[31.36727,40.4898],[31.36572,40.49171],[31.36734,40.49196],[31.37024,40.49382],[31.37135,40.49387],[31.37496,40.49207],[31.37635,40.49048],[31.37658,40.489],[31.37878,40.48759],[31.38002,40.48582],[31.38161,40.48514],[31.38459,40.48587],[31.38502,40.4871],[31.38647,40.48824],[31.38718,40.48846],[31.38881,40.48809],[31.39475,40.48396],[31.39626,40.48118],[31.3998,40.47877],[31.40106,40.47865],[31.40342,40.47955],[31.40581,40.47951],[31.40665,40.47981],[31.40654,40.48081],[31.4076,40.48127],[31.4085,40.48002],[31.41006,40.47901],[31.41216,40.4791],[31.41356,40.47981],[31.4164,40.48002],[31.41945,40.47967],[31.42043,40.47907],[31.42117,40.4793],[31.42135,40.48112],[31.42214,40.48245],[31.42257,40.4803],[31.42492,40.48255],[31.42524,40.4812],[31.42614,40.48126],[31.42712,40.48318],[31.42716,40.48444],[31.42873,40.4863],[31.42954,40.48573],[31.43123,40.48544],[31.43282,40.48627],[31.43404,40.48601],[31.43532,40.48626],[31.43605,40.48711],[31.43623,40.48844],[31.43724,40.48815],[31.43809,40.48876],[31.43805,40.4897],[31.43935,40.49154],[31.44177,40.49119],[31.44279,40.49137],[31.44491,40.49262],[31.44767,40.49238],[31.44792,40.49328],[31.44664,40.49526],[31.44805,40.49909],[31.44633,40.50126],[31.44609,40.50197],[31.44656,40.50289],[31.443,40.50526],[31.44033,40.50608],[31.43882,40.50777],[31.44295,40.50726],[31.44349,40.50784],[31.44367,40.51038],[31.44496,40.50933],[31.44581,40.50949],[31.44828,40.51127],[31.44818,40.51253],[31.44734,40.51299],[31.44781,40.51329],[31.44994,40.5139],[31.45096,40.51373],[31.45334,40.51158],[31.45675,40.51017],[31.46047,40.51048],[31.46082,40.51161],[31.46392,40.51219],[31.46584,40.51373],[31.46678,40.51398],[31.46756,40.51383],[31.46801,40.5123],[31.46877,40.51196],[31.47029,40.51261],[31.4727,40.51258],[31.47352,40.51297],[31.47421,40.51464],[31.47511,40.51466],[31.47567,40.51509],[31.47503,40.51629],[31.47543,40.51679],[31.47647,40.51593],[31.4768,40.51683],[31.4764,40.51757],[31.47766,40.51818],[31.47736,40.52036],[31.4782,40.52006],[31.47972,40.51687],[31.47903,40.51552],[31.4799,40.51253],[31.4821,40.51169],[31.48251,40.51244],[31.48328,40.51258],[31.48358,40.51023],[31.48268,40.50913],[31.48268,40.50849],[31.48454,40.51008],[31.48548,40.51291],[31.48684,40.51438],[31.48881,40.51504],[31.491,40.51314],[31.4923,40.51463],[31.49244,40.51537],[31.49181,40.5162],[31.49009,40.51678],[31.4902,40.51755],[31.4913,40.51767],[31.49539,40.51621],[31.49628,40.51572],[31.49639,40.51484],[31.49599,40.51457],[31.49714,40.51461],[31.49821,40.51596],[31.50312,40.51778],[31.50366,40.5186],[31.50297,40.52021],[31.50374,40.52141],[31.50591,40.52392],[31.50785,40.52534],[31.50945,40.5286],[31.51091,40.52953],[31.51201,40.53202],[31.51314,40.53308],[31.51295,40.53417],[31.51226,40.53471],[31.51245,40.53534],[31.51443,40.5364],[31.51469,40.53842],[31.51342,40.54064],[31.51364,40.54227],[31.51475,40.5438],[31.51736,40.54486],[31.52345,40.54966],[31.52432,40.55191],[31.52912,40.55564],[31.53429,40.56093],[31.53573,40.56321],[31.53866,40.56597],[31.53947,40.56769],[31.54276,40.56976],[31.54404,40.57153],[31.54446,40.57511],[31.54929,40.57912],[31.55028,40.57936],[31.55214,40.58109],[31.55466,40.58232],[31.55552,40.58344],[31.55567,40.58522],[31.5577,40.58762],[31.55913,40.59168],[31.56295,40.59091],[31.56337,40.59219],[31.56457,40.59332],[31.56592,40.5936],[31.56781,40.59327],[31.56894,40.59443],[31.56957,40.59111],[31.57042,40.59092],[31.57094,40.59238],[31.57501,40.59328],[31.57469,40.59474],[31.57544,40.59417],[31.57665,40.59402],[31.57694,40.5934],[31.57636,40.59177],[31.57622,40.589],[31.5773,40.58744],[31.57715,40.58662],[31.57773,40.58526],[31.57744,40.58122],[31.5788,40.57984],[31.58076,40.57933],[31.58477,40.57722],[31.58982,40.57693],[31.59103,40.57715],[31.59364,40.57934],[31.59384,40.58007],[31.59313,40.58081],[31.59492,40.58082],[31.59583,40.58114],[31.59593,40.58195],[31.59769,40.58205],[31.60032,40.58307],[31.60062,40.5838],[31.60011,40.58446],[31.60245,40.58384],[31.60344,40.58422],[31.60508,40.58558],[31.60696,40.58819],[31.60636,40.58227],[31.60665,40.58181],[31.60869,40.58132],[31.61016,40.57981],[31.61085,40.57815],[31.61144,40.57806],[31.61251,40.579],[31.61739,40.5799],[31.61967,40.58143],[31.62255,40.58422],[31.62603,40.58618],[31.62638,40.58704],[31.62851,40.58775],[31.62884,40.58825],[31.62885,40.59312],[31.62938,40.59365],[31.63255,40.59339],[31.6351,40.59364],[31.63662,40.59429],[31.63782,40.59575],[31.63904,40.59636],[31.64277,40.59663],[31.65172,40.6],[31.65846,40.59722],[31.66083,40.59715],[31.66725,40.60269],[31.66889,40.60806],[31.66947,40.60866],[31.67479,40.60966],[31.67689,40.6112],[31.68165,40.61263],[31.68448,40.61516],[31.6859,40.61703],[31.68637,40.61841],[31.68649,40.62138],[31.6856,40.62387],[31.68576,40.6246],[31.68687,40.62663],[31.68805,40.62768],[31.68954,40.62825],[31.69135,40.62852],[31.6926,40.62828],[31.69405,40.62633],[31.69179,40.62355],[31.69139,40.62232],[31.69185,40.61967],[31.69275,40.61834],[31.69522,40.61787],[31.69586,40.61602],[31.6974,40.61515],[31.6987,40.61363],[31.70239,40.61069],[31.70536,40.61001],[31.71326,40.60708],[31.71616,40.60897],[31.71949,40.61479],[31.72159,40.61678],[31.72319,40.61776],[31.7258,40.61801],[31.72675,40.6185],[31.72964,40.61739],[31.72959,40.61659],[31.72897,40.61609],[31.72459,40.61639],[31.72586,40.61639],[31.72977,40.61407],[31.73211,40.61478],[31.74108,40.61505],[31.74703,40.61736],[31.75292,40.61745],[31.75598,40.61878],[31.75882,40.61948],[31.75971,40.61939],[31.76032,40.61967],[31.76079,40.62188],[31.76195,40.62396],[31.76346,40.62347],[31.76405,40.62155],[31.76545,40.62053],[31.76794,40.62113],[31.7699,40.62091],[31.77241,40.62188],[31.77465,40.62338],[31.77749,40.62417],[31.77821,40.62407],[31.77881,40.62322],[31.7809,40.62253],[31.78113,40.62171],[31.77992,40.61972],[31.78033,40.61915],[31.78246,40.62015],[31.78414,40.6205],[31.78469,40.62023],[31.7896,40.62311],[31.79374,40.62713],[31.79581,40.62854],[31.79652,40.62854],[31.79668,40.62797],[31.79581,40.62804],[31.79568,40.62846],[31.79928,40.63036],[31.79865,40.63806],[31.79727,40.6406],[31.7988,40.64108],[31.80343,40.63989],[31.80508,40.63995],[31.80608,40.64053],[31.80765,40.63932],[31.80899,40.63677],[31.81024,40.63569],[31.81583,40.63399],[31.81951,40.63373],[31.82016,40.63251],[31.821,40.63204],[31.82167,40.63197],[31.82538,40.63319],[31.83249,40.6321],[31.83369,40.63134],[31.83612,40.6287],[31.83747,40.62788],[31.83908,40.62747],[31.84251,40.62808],[31.85741,40.63869],[31.86056,40.63837],[31.86351,40.63711],[31.86727,40.63361],[31.86798,40.63249],[31.86797,40.63092],[31.86902,40.63005],[31.86913,40.6289],[31.87017,40.62724],[31.87395,40.62504],[31.8762,40.62464],[31.87906,40.62535],[31.8803,40.62716],[31.87911,40.62804],[31.88046,40.63071],[31.88002,40.63545],[31.88203,40.6353],[31.88485,40.63664],[31.88649,40.63614],[31.88721,40.63644],[31.88878,40.63845],[31.89017,40.63932],[31.89019,40.6404],[31.88902,40.6415],[31.88924,40.64197],[31.89077,40.64194],[31.89197,40.64277],[31.89165,40.64453],[31.89225,40.64477],[31.89388,40.64326],[31.89578,40.64305],[31.89703,40.64246],[31.89788,40.64248],[31.90053,40.64408],[31.90256,40.64643],[31.90219,40.64766],[31.90139,40.64843],[31.90253,40.64948],[31.90237,40.65003],[31.90084,40.65128],[31.90098,40.65197],[31.90358,40.65175],[31.90414,40.65199],[31.90544,40.65309],[31.90552,40.65517],[31.90804,40.65504],[31.90988,40.65601],[31.91073,40.6573],[31.91349,40.65784],[31.91463,40.6585],[31.91822,40.65745],[31.92076,40.65766],[31.92142,40.65732],[31.92355,40.65765],[31.92633,40.65824],[31.92807,40.66041],[31.93111,40.65967],[31.93223,40.66045],[31.93507,40.65949],[31.93699,40.65959],[31.94009,40.66119],[31.94052,40.6623],[31.94137,40.66201],[31.9401,40.65993],[31.93839,40.6591],[31.93904,40.65854],[31.94183,40.66017],[31.9437,40.66067],[31.94531,40.66012],[31.9464,40.66049],[31.94743,40.66161],[31.94821,40.66165],[31.94882,40.66123],[31.94787,40.65943],[31.94771,40.658],[31.94813,40.65752],[31.95182,40.6554],[31.95407,40.65351],[31.95716,40.6542],[31.96405,40.65821],[31.96762,40.6632],[31.9701,40.66463],[31.9701,40.66649],[31.9715,40.6689],[31.97421,40.67162],[31.97696,40.67324],[31.97856,40.67613],[31.98096,40.67805],[31.98246,40.68069],[31.98417,40.68223],[31.98918,40.68472],[31.99287,40.68738],[31.9984,40.68889],[31.99928,40.68943],[32.00073,40.69171],[32.0038,40.69273],[32.0048,40.69379],[32.00856,40.69546],[32.01754,40.70384],[32.0299,40.70848],[32.03617,40.70953],[32.04459,40.71024],[32.05191,40.71403],[32.0639,40.7216],[32.06773,40.72459],[32.07694,40.7282],[32.11559,40.74113],[32.1201,40.74161],[32.12288,40.74439],[32.12617,40.74444],[32.13044,40.74605],[32.14541,40.75411],[32.14719,40.75623],[32.14966,40.75677],[32.15126,40.75775],[32.15306,40.75937],[32.15569,40.76293],[32.15668,40.76726],[32.15767,40.76898],[32.16473,40.77472],[32.16772,40.78082],[32.16961,40.78225],[32.17344,40.78401],[32.17504,40.78568],[32.17589,40.78735],[32.17456,40.7899],[32.17767,40.79211],[32.18137,40.79334],[32.18308,40.79548],[32.1869,40.79748],[32.1874,40.79813],[32.18851,40.79743],[32.18537,40.79898],[32.18422,40.80054],[32.18443,40.801],[32.18918,40.80305],[32.18551,40.80401],[32.18617,40.80575],[32.18779,40.80697],[32.1875,40.80756],[32.18637,40.80776],[32.18381,40.8069],[32.18262,40.80702],[32.18277,40.80775],[32.18222,40.80826],[32.18329,40.80909],[32.18509,40.80921],[32.18415,40.81028],[32.18756,40.81001],[32.18869,40.81096],[32.18869,40.81174],[32.19147,40.8125],[32.19207,40.81301],[32.19193,40.81509],[32.19083,40.81601],[32.18978,40.81849],[32.1901,40.81926],[32.19117,40.81986],[32.19219,40.82216],[32.19515,40.82503],[32.1985,40.82733],[32.1971,40.82859],[32.19663,40.83041],[32.19674,40.8367],[32.19729,40.83921],[32.1982,40.84078],[32.20022,40.84189],[32.20233,40.84391],[32.2037,40.84895],[32.20438,40.84936],[32.20671,40.84779],[32.21009,40.8476],[32.21376,40.84543],[32.21473,40.84532],[32.21797,40.84725]]}},{"type":"Feature","properties":{"name":"TET_TR-04-N_20240614","country":"TR","lengthKm":428},"geometry":{"type":"LineString","coordinates":[[32.21801,40.84728],[32.21807,40.84673],[32.21716,40.84705],[32.2148,40.84535],[32.21388,40.84536],[32.21036,40.8476],[32.2071,40.84767],[32.20408,40.84964],[32.20438,40.84987],[32.20348,40.84975],[32.20292,40.8501],[32.20233,40.85159],[32.20229,40.85477],[32.20271,40.85552],[32.20534,40.85587],[32.20594,40.8566],[32.20495,40.85812],[32.20371,40.85794],[32.20478,40.8602],[32.20254,40.86113],[32.20158,40.86209],[32.19806,40.8626],[32.19727,40.86315],[32.19694,40.86449],[32.19763,40.86618],[32.19864,40.86733],[32.19924,40.8675],[32.20015,40.86709],[32.1999,40.86832],[32.19738,40.86835],[32.1968,40.87023],[32.19222,40.86976],[32.19261,40.87055],[32.19236,40.87124],[32.19119,40.87227],[32.19138,40.87293],[32.1922,40.87347],[32.19157,40.87397],[32.19021,40.87395],[32.18945,40.87555],[32.18753,40.87571],[32.18407,40.87772],[32.18314,40.87716],[32.18227,40.87776],[32.18251,40.87903],[32.18458,40.87934],[32.18493,40.88132],[32.18586,40.88274],[32.18854,40.88417],[32.18556,40.88417],[32.18363,40.8839],[32.18321,40.88352],[32.18315,40.88434],[32.18879,40.88616],[32.18962,40.88672],[32.19184,40.88717],[32.1936,40.8863],[32.19448,40.88401],[32.19494,40.88413],[32.19534,40.89069],[32.19583,40.89125],[32.19523,40.89252],[32.1987,40.89796],[32.19713,40.89996],[32.19275,40.90223],[32.1889,40.90264],[32.18694,40.90198],[32.18559,40.90209],[32.18311,40.90457],[32.18222,40.90489],[32.18168,40.90655],[32.17727,40.90735],[32.17344,40.90707],[32.17336,40.90839],[32.17471,40.90989],[32.17499,40.91136],[32.17674,40.9139],[32.17654,40.91529],[32.17769,40.91757],[32.17678,40.9184],[32.17753,40.91946],[32.17773,40.92068],[32.17908,40.92042],[32.17962,40.91975],[32.18023,40.91986],[32.18168,40.92309],[32.18173,40.92477],[32.18062,40.92597],[32.17793,40.92603],[32.17606,40.92651],[32.17679,40.92705],[32.17663,40.92763],[32.17291,40.92869],[32.17064,40.93272],[32.16979,40.93234],[32.16954,40.93118],[32.16846,40.93454],[32.17048,40.93545],[32.16758,40.93769],[32.16673,40.93932],[32.1684,40.94307],[32.17048,40.94556],[32.1737,40.94726],[32.17663,40.94752],[32.18093,40.94735],[32.18026,40.94743],[32.18234,40.94825],[32.18601,40.94798],[32.18676,40.94832],[32.18723,40.94922],[32.18908,40.95013],[32.19445,40.95126],[32.19745,40.95306],[32.19774,40.9541],[32.2001,40.95461],[32.20335,40.95701],[32.20417,40.95885],[32.20819,40.96204],[32.2077,40.96584],[32.20806,40.96721],[32.20903,40.96752],[32.21157,40.96705],[32.21092,40.96926],[32.21027,40.96983],[32.2111,40.96994],[32.21049,40.97026],[32.21038,40.97208],[32.21081,40.97316],[32.21229,40.9745],[32.212,40.97761],[32.21321,40.97884],[32.21658,40.97903],[32.21765,40.97873],[32.22052,40.97687],[32.22198,40.97724],[32.22247,40.97687],[32.2247,40.97699],[32.22681,40.97906],[32.22715,40.97795],[32.22776,40.97753],[32.23167,40.97798],[32.23209,40.97702],[32.23431,40.9764],[32.23741,40.9777],[32.23849,40.97766],[32.23974,40.97839],[32.2404,40.98045],[32.24189,40.98137],[32.24343,40.98114],[32.24428,40.98162],[32.24394,40.98239],[32.24904,40.98662],[32.25401,40.98728],[32.2546,40.98755],[32.25542,40.98915],[32.25811,40.98985],[32.25938,40.98982],[32.2601,40.9894],[32.26014,40.98887],[32.26198,40.98845],[32.26222,40.98934],[32.26039,40.99191],[32.26041,40.99323],[32.2586,40.99417],[32.25804,40.99394],[32.25695,40.99437],[32.25657,40.99553],[32.25563,40.99509],[32.25369,40.9962],[32.25298,40.99792],[32.25314,41.00094],[32.25268,41.00316],[32.25331,41.0042],[32.25307,41.00508],[32.25376,41.00576],[32.25473,41.00594],[32.25361,41.00903],[32.25524,41.0091],[32.25413,41.00998],[32.25421,41.01108],[32.25515,41.01152],[32.25533,41.01264],[32.25689,41.01329],[32.25662,41.01413],[32.2552,41.01448],[32.25574,41.01573],[32.25719,41.01628],[32.25625,41.01702],[32.25721,41.0179],[32.2571,41.01887],[32.25808,41.02008],[32.25805,41.02256],[32.25904,41.02543],[32.25847,41.02716],[32.26176,41.0297],[32.26302,41.02961],[32.26437,41.03133],[32.2635,41.03283],[32.26387,41.03331],[32.26319,41.03461],[32.26121,41.03648],[32.25997,41.03704],[32.25939,41.03825],[32.26022,41.03976],[32.25981,41.04252],[32.26085,41.04337],[32.26092,41.04433],[32.25934,41.04515],[32.2593,41.04561],[32.26219,41.04684],[32.2623,41.04807],[32.26366,41.04929],[32.26369,41.05039],[32.26587,41.05277],[32.26694,41.05533],[32.26912,41.05648],[32.26924,41.05772],[32.27076,41.05896],[32.27122,41.06189],[32.26836,41.06937],[32.26422,41.07055],[32.26204,41.07165],[32.25957,41.0719],[32.25784,41.07354],[32.25511,41.07421],[32.25156,41.07617],[32.2496,41.07781],[32.24989,41.07916],[32.24869,41.08014],[32.24892,41.0824],[32.24981,41.08335],[32.2489,41.08413],[32.2494,41.08627],[32.25067,41.0874],[32.25008,41.08845],[32.24997,41.09136],[32.25152,41.09224],[32.25384,41.09251],[32.25407,41.09324],[32.2566,41.09442],[32.25789,41.09596],[32.25778,41.09729],[32.2591,41.09925],[32.26088,41.10047],[32.26104,41.10144],[32.26054,41.10222],[32.26139,41.10309],[32.26355,41.10351],[32.26238,41.10333],[32.2633,41.10519],[32.26491,41.1069],[32.26662,41.10772],[32.26784,41.10975],[32.26835,41.11004],[32.27151,41.10907],[32.27267,41.10821],[32.27438,41.10796],[32.27733,41.10984],[32.27698,41.11142],[32.27749,41.11173],[32.27943,41.1111],[32.28013,41.11397],[32.28179,41.11419],[32.282,41.11665],[32.28135,41.1175],[32.28273,41.11835],[32.28146,41.1192],[32.28258,41.12096],[32.28206,41.12318],[32.28477,41.1255],[32.28575,41.12583],[32.28643,41.12784],[32.28784,41.12874],[32.28662,41.12967],[32.28691,41.13022],[32.28795,41.13046],[32.28802,41.13102],[32.28588,41.13079],[32.28656,41.13196],[32.28514,41.13298],[32.28651,41.13424],[32.28679,41.13694],[32.289,41.13852],[32.28973,41.13843],[32.29035,41.13759],[32.29107,41.13914],[32.29179,41.13935],[32.29293,41.13892],[32.29426,41.13994],[32.29391,41.14081],[32.29457,41.14258],[32.29406,41.14333],[32.29519,41.14396],[32.2945,41.14465],[32.29498,41.14671],[32.29611,41.14738],[32.29647,41.14955],[32.29751,41.1514],[32.29929,41.15117],[32.29976,41.15182],[32.30107,41.15196],[32.30323,41.15403],[32.30444,41.15442],[32.3049,41.15581],[32.30724,41.15673],[32.31039,41.16116],[32.31472,41.16376],[32.3171,41.16373],[32.31886,41.16623],[32.31902,41.16513],[32.31967,41.16617],[32.32126,41.16682],[32.32133,41.16582],[32.32034,41.16423],[32.3209,41.1636],[32.32228,41.16326],[32.32161,41.16376],[32.32182,41.16414],[32.32316,41.16458],[32.32303,41.16391],[32.32474,41.16299],[32.32462,41.16192],[32.32588,41.16284],[32.32596,41.1641],[32.32704,41.16452],[32.32686,41.16566],[32.32725,41.16586],[32.32764,41.16476],[32.32783,41.16508],[32.33114,41.16414],[32.33443,41.16603],[32.33535,41.16794],[32.33452,41.1692],[32.33694,41.16789],[32.33797,41.16685],[32.33828,41.16808],[32.34318,41.16928],[32.34377,41.16962],[32.34376,41.17021],[32.3405,41.17255],[32.33963,41.17499],[32.34309,41.17194],[32.34744,41.17057],[32.34848,41.16942],[32.34884,41.16945],[32.34832,41.17055],[32.34615,41.17201],[32.34749,41.17166],[32.34766,41.17245],[32.35115,41.17084],[32.35136,41.16977],[32.35167,41.17059],[32.35058,41.1721],[32.35152,41.17347],[32.35187,41.17534],[32.35249,41.17585],[32.35416,41.17613],[32.35551,41.17704],[32.35688,41.17871],[32.35662,41.17953],[32.35726,41.18052],[32.35732,41.18188],[32.3566,41.18264],[32.3565,41.18348],[32.35742,41.18477],[32.35701,41.18522],[32.35716,41.18591],[32.35789,41.18702],[32.35905,41.18746],[32.35909,41.18906],[32.36056,41.19221],[32.36246,41.19311],[32.36314,41.19529],[32.36282,41.19599],[32.3645,41.19641],[32.36522,41.1977],[32.36679,41.19777],[32.36751,41.1984],[32.36847,41.20034],[32.3683,41.20079],[32.36897,41.20161],[32.3701,41.20205],[32.37027,41.20325],[32.37104,41.20346],[32.37443,41.2015],[32.37797,41.20146],[32.3815,41.19961],[32.38717,41.19749],[32.39051,41.19689],[32.39306,41.19718],[32.40045,41.19972],[32.4019,41.20122],[32.40484,41.20263],[32.41658,41.20386],[32.41762,41.20615],[32.41826,41.20661],[32.41914,41.20627],[32.41982,41.2074],[32.42075,41.20797],[32.4202,41.20571],[32.41912,41.20444],[32.4208,41.20468],[32.42268,41.20453],[32.42313,41.20413],[32.4234,41.20469],[32.42282,41.20596],[32.4257,41.20681],[32.42621,41.20744],[32.42758,41.20792],[32.43137,41.20774],[32.43082,41.20992],[32.43201,41.21016],[32.43233,41.21122],[32.43889,41.20883],[32.44291,41.20958],[32.44402,41.21122],[32.44803,41.21359],[32.45119,41.21336],[32.45258,41.21281],[32.45372,41.21342],[32.45491,41.21331],[32.45482,41.21429],[32.45611,41.21507],[32.45607,41.21759],[32.45837,41.21771],[32.45943,41.21735],[32.46083,41.21563],[32.46282,41.21606],[32.46321,41.21672],[32.46411,41.21704],[32.46601,41.21698],[32.46871,41.21821],[32.46932,41.21925],[32.46857,41.22099],[32.47109,41.22067],[32.47121,41.22173],[32.47188,41.22227],[32.47299,41.22212],[32.47244,41.22171],[32.47286,41.22048],[32.47391,41.22075],[32.47745,41.22046],[32.47805,41.22116],[32.48214,41.22185],[32.48977,41.22719],[32.49041,41.22743],[32.49108,41.22711],[32.49275,41.22852],[32.494,41.22835],[32.49521,41.22865],[32.49532,41.22972],[32.49622,41.23047],[32.49732,41.23043],[32.49782,41.23243],[32.50077,41.23406],[32.50319,41.23726],[32.50294,41.23798],[32.50366,41.23835],[32.50221,41.24036],[32.50413,41.23976],[32.50824,41.24102],[32.50973,41.24085],[32.51155,41.24143],[32.51246,41.24205],[32.51247,41.24269],[32.51414,41.24314],[32.51439,41.24449],[32.51506,41.24477],[32.516,41.24354],[32.51594,41.24457],[32.51461,41.24685],[32.51362,41.24716],[32.51469,41.24938],[32.51541,41.24951],[32.51529,41.24886],[32.51746,41.24675],[32.51941,41.24807],[32.52143,41.2485],[32.52184,41.2489],[32.52532,41.24889],[32.52565,41.24842],[32.52642,41.24851],[32.52679,41.24768],[32.52851,41.24728],[32.53149,41.24766],[32.53475,41.24697],[32.53569,41.2474],[32.53724,41.24698],[32.53945,41.24761],[32.54209,41.24892],[32.54341,41.24996],[32.54409,41.25121],[32.54688,41.2519],[32.54729,41.25272],[32.54549,41.256],[32.54353,41.25778],[32.54435,41.25736],[32.54534,41.25748],[32.54575,41.25822],[32.54695,41.25784],[32.54757,41.25801],[32.5473,41.25975],[32.54757,41.26028],[32.54856,41.26029],[32.54663,41.26315],[32.54849,41.26324],[32.55022,41.26394],[32.54863,41.26608],[32.5485,41.26785],[32.54765,41.26928],[32.54833,41.26918],[32.54954,41.26796],[32.54966,41.26714],[32.55128,41.26649],[32.5523,41.26701],[32.55212,41.26813],[32.55401,41.269],[32.55467,41.27012],[32.55569,41.2706],[32.5556,41.2717],[32.55624,41.2721],[32.55637,41.27289],[32.55728,41.27262],[32.55789,41.27159],[32.55843,41.26923],[32.55943,41.2692],[32.55969,41.26839],[32.56069,41.26812],[32.56002,41.26715],[32.56064,41.26696],[32.56269,41.26782],[32.5621,41.27013],[32.56293,41.27085],[32.56311,41.27306],[32.56398,41.27448],[32.56479,41.27483],[32.56703,41.27476],[32.56803,41.27547],[32.56928,41.27529],[32.57005,41.2763],[32.57119,41.27667],[32.5717,41.27745],[32.57154,41.27866],[32.57341,41.27873],[32.57505,41.2805],[32.57632,41.28048],[32.57698,41.28149],[32.57798,41.28161],[32.57917,41.28293],[32.57866,41.28347],[32.57751,41.28265],[32.57619,41.28241],[32.57579,41.28274],[32.57478,41.28274],[32.57438,41.28323],[32.57326,41.28318],[32.57722,41.28366],[32.57638,41.28446],[32.57737,41.28468],[32.57666,41.2864],[32.57914,41.28606],[32.58044,41.2847],[32.58223,41.2849],[32.58346,41.28761],[32.58345,41.28809],[32.58208,41.28931],[32.58325,41.28907],[32.58373,41.28956],[32.58498,41.28842],[32.58525,41.28665],[32.58592,41.28656],[32.58726,41.28751],[32.58787,41.29033],[32.58713,41.29248],[32.58736,41.29569],[32.58651,41.2968],[32.58371,41.2974],[32.58317,41.29781],[32.58634,41.29872],[32.58713,41.29946],[32.5871,41.29996],[32.58365,41.302],[32.58339,41.3026],[32.58299,41.30226],[32.58269,41.30335],[32.58194,41.30387],[32.58112,41.30347],[32.57877,41.30573],[32.57925,41.30469],[32.58027,41.30393],[32.58098,41.30381],[32.58191,41.30424],[32.5841,41.30272],[32.58685,41.30235],[32.58792,41.3034],[32.59102,41.30108],[32.59313,41.30094],[32.59333,41.3016],[32.59555,41.30298],[32.59782,41.30368],[32.59978,41.30322],[32.6009,41.30178],[32.60295,41.30165],[32.60403,41.30053],[32.60621,41.30014],[32.60612,41.30071],[32.60811,41.302],[32.60582,41.30319],[32.60515,41.30315],[32.60489,41.30422],[32.60854,41.30332],[32.61151,41.30315],[32.61424,41.30387],[32.61542,41.30613],[32.61658,41.30713],[32.61734,41.3073],[32.61915,41.30962],[32.61951,41.31051],[32.61823,41.31336],[32.62091,41.31749],[32.62303,41.31926],[32.62378,41.32047],[32.62807,41.32102],[32.6286,41.32162],[32.62999,41.32192],[32.63127,41.32175],[32.63268,41.32111],[32.6367,41.32049],[32.63863,41.31724],[32.64031,41.3166],[32.64474,41.3175],[32.64696,41.31842],[32.65034,41.3183],[32.65332,41.31889],[32.65546,41.31842],[32.65623,41.31769],[32.65992,41.31605],[32.66053,41.31616],[32.6631,41.31462],[32.66348,41.31379],[32.66382,41.31431],[32.66362,41.31543],[32.6648,41.31459],[32.6646,41.31306],[32.66546,41.31157],[32.66545,41.30995],[32.66695,41.3078],[32.66672,41.30536],[32.66791,41.30291],[32.66808,41.30103],[32.66747,41.29991],[32.66743,41.29826],[32.66594,41.2963],[32.66671,41.29383],[32.666,41.29314],[32.66574,41.29186],[32.66671,41.29015],[32.66648,41.28886],[32.66832,41.28666],[32.66821,41.28562],[32.66972,41.28379],[32.67023,41.28247],[32.67511,41.27808],[32.67681,41.27723],[32.67585,41.27526],[32.67552,41.2732],[32.67321,41.2698],[32.67318,41.26868],[32.67409,41.26687],[32.674,41.2631],[32.67461,41.26228],[32.67452,41.26051],[32.67312,41.25865],[32.6736,41.2573],[32.68311,41.24938],[32.68586,41.2506],[32.68577,41.25192],[32.68656,41.25256],[32.68933,41.25229],[32.68953,41.25147],[32.69108,41.24973],[32.69245,41.24926],[32.69354,41.2481],[32.69357,41.24522],[32.69536,41.24544],[32.6973,41.24496],[32.69631,41.24415],[32.69699,41.24294],[32.70249,41.23853],[32.70256,41.23917],[32.70193,41.23941],[32.70221,41.24007],[32.71092,41.24218],[32.72195,41.24336],[32.72804,41.23998],[32.73238,41.23993],[32.73701,41.23846],[32.73971,41.24007],[32.74347,41.24489],[32.74487,41.24862],[32.7492,41.25199],[32.75199,41.25483],[32.75411,41.25778],[32.75475,41.26197],[32.75584,41.26351],[32.75654,41.26569],[32.75745,41.26538],[32.75691,41.26504],[32.75774,41.26473],[32.75897,41.26302],[32.76053,41.26427],[32.76341,41.26414],[32.76558,41.26466],[32.76638,41.26575],[32.76763,41.26582],[32.76882,41.26503],[32.77065,41.2655],[32.77337,41.26753],[32.77606,41.26653],[32.77834,41.26994],[32.77888,41.27185],[32.77756,41.2763],[32.77526,41.28212],[32.7734,41.28542],[32.77358,41.28745],[32.77515,41.28985],[32.77573,41.29019],[32.77717,41.28974],[32.77788,41.28937],[32.77772,41.28865],[32.77831,41.28892],[32.77827,41.28827],[32.77753,41.28961],[32.77683,41.29011],[32.77576,41.29019],[32.77716,41.29006],[32.77815,41.29083],[32.77687,41.29538],[32.77751,41.29755],[32.7781,41.29562],[32.77986,41.294],[32.7783,41.2953],[32.77763,41.29733],[32.77689,41.29609],[32.7782,41.29124],[32.77795,41.29062],[32.77755,41.2901],[32.77532,41.29011],[32.77337,41.28688],[32.77259,41.29143],[32.76898,41.29604],[32.76733,41.30001],[32.76528,41.3034],[32.7653,41.30593],[32.76451,41.30822],[32.76022,41.31285],[32.75075,41.32052],[32.74927,41.32326],[32.74651,41.32529],[32.74575,41.32746],[32.74302,41.33059],[32.73928,41.33211],[32.73521,41.3322],[32.73195,41.33432],[32.72813,41.33347],[32.72369,41.33375],[32.72261,41.33402],[32.71926,41.3364],[32.71551,41.33824],[32.71438,41.33927],[32.713,41.33758],[32.7121,41.33719],[32.70819,41.33908],[32.70489,41.34003],[32.70216,41.3428],[32.7007,41.34557],[32.69885,41.34656],[32.69812,41.34741],[32.69819,41.34959],[32.69997,41.35524],[32.69877,41.36027],[32.69803,41.3615],[32.69804,41.36277],[32.69882,41.36356],[32.70026,41.36367],[32.70381,41.36531],[32.70735,41.36808],[32.70819,41.37187],[32.7064,41.37318],[32.70533,41.37434],[32.70535,41.3749],[32.7104,41.37678],[32.71207,41.37671],[32.71346,41.37816],[32.71423,41.37831],[32.71641,41.37759],[32.71723,41.378],[32.718,41.3798],[32.71894,41.38031],[32.72032,41.38219],[32.72228,41.38339],[32.72248,41.38408],[32.72186,41.38586],[32.7229,41.38688],[32.72447,41.38699],[32.72505,41.38739],[32.72497,41.38978],[32.72398,41.39144],[32.72586,41.3931],[32.72791,41.39388],[32.72801,41.39442],[32.72729,41.39545],[32.72743,41.39755],[32.72525,41.39826],[32.72307,41.39824],[32.72238,41.39862],[32.72346,41.40115],[32.72336,41.40191],[32.71954,41.40484],[32.71884,41.4062],[32.71935,41.40658],[32.72414,41.40661],[32.72768,41.40574],[32.72997,41.40765],[32.73045,41.40973],[32.73267,41.41041],[32.73343,41.41253],[32.73561,41.41312],[32.73564,41.41389],[32.73423,41.41577],[32.73461,41.4163],[32.73775,41.4174],[32.73818,41.41789],[32.73777,41.41973],[32.74092,41.4216],[32.74131,41.42227],[32.74118,41.42342],[32.74247,41.42401],[32.74296,41.42737],[32.74549,41.42935],[32.74622,41.43165],[32.74751,41.43327],[32.74789,41.43458],[32.75409,41.44095],[32.7535,41.44457],[32.75008,41.44736],[32.75195,41.44655],[32.75292,41.44681],[32.75406,41.44813],[32.7541,41.44955],[32.76307,41.45337],[32.76593,41.45327],[32.76396,41.45346],[32.76573,41.45495],[32.76985,41.45472],[32.77112,41.45513],[32.77524,41.45741],[32.77778,41.45977],[32.78243,41.46234],[32.78377,41.4641],[32.78728,41.46589],[32.78825,41.46682],[32.79384,41.46822],[32.79597,41.46954],[32.80307,41.4726],[32.80652,41.47318],[32.80987,41.47203],[32.8116,41.47201],[32.8147,41.47274],[32.81528,41.4732],[32.81716,41.473],[32.81898,41.47344],[32.82062,41.473],[32.82348,41.47409],[32.82454,41.47504],[32.82542,41.47746],[32.82627,41.47851],[32.82558,41.48031],[32.82586,41.48119],[32.8271,41.4823],[32.82693,41.48385],[32.82837,41.48435],[32.82934,41.48539],[32.83094,41.4889],[32.8332,41.49108],[32.8335,41.49216],[32.83567,41.49402],[32.83842,41.49843],[32.84734,41.50418],[32.84808,41.50455],[32.85096,41.50479],[32.85685,41.50781],[32.86403,41.51501],[32.86277,41.5177],[32.86268,41.52186],[32.86213,41.522],[32.86078,41.52072],[32.85901,41.52012],[32.85841,41.51888],[32.8576,41.51844],[32.85544,41.51861],[32.85454,41.51905],[32.85269,41.52118],[32.85007,41.52302],[32.84824,41.52306],[32.84741,41.5236],[32.84706,41.52516],[32.84468,41.52686],[32.84273,41.52764],[32.84353,41.52795],[32.8457,41.5276],[32.84651,41.52817],[32.84883,41.5283],[32.84506,41.53018],[32.8411,41.531],[32.8387,41.531],[32.83759,41.53147],[32.83603,41.53288],[32.83514,41.53513],[32.8316,41.539],[32.82871,41.5412],[32.82778,41.54133],[32.82466,41.54012],[32.81706,41.53905],[32.81218,41.53981],[32.8093,41.53973],[32.8062,41.5403],[32.80269,41.54031],[32.7959,41.54251],[32.79277,41.54308],[32.78634,41.54251],[32.7847,41.54305],[32.78236,41.54319],[32.78079,41.54394],[32.77953,41.54542],[32.77937,41.54665],[32.77814,41.54804],[32.77734,41.54844],[32.77559,41.54822],[32.77335,41.55158],[32.77156,41.55215],[32.77248,41.55237],[32.77271,41.55289],[32.77311,41.55571],[32.77236,41.55614],[32.76799,41.55482],[32.76596,41.55494],[32.76369,41.55285],[32.76068,41.55309],[32.75927,41.55477],[32.75707,41.55473],[32.75394,41.55399],[32.75339,41.55455],[32.7524,41.55465],[32.75236,41.55719],[32.75426,41.56025],[32.75381,41.56172],[32.75433,41.56331],[32.75185,41.5618],[32.75061,41.56171],[32.74975,41.56041],[32.74593,41.55955],[32.74501,41.55885],[32.74456,41.56103],[32.7454,41.56446],[32.74327,41.56613],[32.74278,41.56747],[32.73985,41.56742],[32.73836,41.56884],[32.73799,41.57003],[32.73703,41.56966],[32.73432,41.56726],[32.73325,41.56706],[32.73148,41.57072],[32.73061,41.57104],[32.72781,41.57079],[32.72702,41.56932],[32.72781,41.56779],[32.7266,41.56617],[32.72625,41.5641],[32.72509,41.56305],[32.72454,41.56451],[32.72023,41.56833],[32.72099,41.57201],[32.7218,41.57229],[32.72265,41.57371],[32.72247,41.57416],[32.72374,41.57542],[32.71923,41.57831],[32.71824,41.5781],[32.71656,41.57882],[32.71432,41.57731],[32.71385,41.57747],[32.71442,41.57805],[32.71366,41.57811],[32.71152,41.5774],[32.70846,41.57798],[32.70526,41.57529],[32.69907,41.57541],[32.6951,41.5734],[32.69279,41.57165],[32.68958,41.57059],[32.68688,41.57025],[32.68537,41.56856],[32.68337,41.56744],[32.67862,41.5664],[32.67245,41.5644],[32.66711,41.56392],[32.6593,41.5641],[32.65402,41.56566],[32.65115,41.56566],[32.64831,41.56676],[32.64474,41.56968],[32.64225,41.57004],[32.64073,41.5698],[32.63969,41.57024],[32.63381,41.57354],[32.63141,41.57864],[32.63162,41.57903],[32.63353,41.57941],[32.6416,41.57943],[32.64692,41.58012],[32.64818,41.58067],[32.64995,41.58339],[32.65167,41.58415],[32.6599,41.58486],[32.66466,41.58635],[32.66667,41.58619],[32.67058,41.58429],[32.67176,41.5841],[32.67286,41.58444],[32.675,41.58669],[32.684,41.58869],[32.68815,41.59137],[32.69349,41.59177],[32.69506,41.59447],[32.69557,41.59701],[32.69672,41.59779],[32.69877,41.5978],[32.70034,41.59851],[32.70122,41.60106],[32.70688,41.60604],[32.70742,41.60696],[32.70855,41.61096],[32.708,41.61538],[32.70746,41.61786],[32.70527,41.62159],[32.70541,41.62213],[32.7077,41.62377],[32.70958,41.62386],[32.71325,41.62267],[32.71472,41.62275],[32.71707,41.62374],[32.7211,41.62403],[32.72146,41.62365],[32.72082,41.62247],[32.72285,41.62241],[32.72655,41.62367],[32.72783,41.62488],[32.72964,41.62579],[32.73251,41.62573],[32.73377,41.62616],[32.73671,41.625],[32.74019,41.62657],[32.74131,41.62552],[32.74395,41.62494],[32.74477,41.62423],[32.74598,41.62443],[32.74727,41.62418],[32.74852,41.62453],[32.75002,41.62558],[32.75123,41.62574],[32.75498,41.62489],[32.75677,41.62547],[32.75875,41.62524],[32.76215,41.62599],[32.7648,41.62747],[32.76876,41.6285],[32.77057,41.63084],[32.77706,41.63351],[32.77842,41.63367],[32.78041,41.63341],[32.78324,41.63205],[32.78825,41.62825],[32.78859,41.62862],[32.78719,41.63036],[32.78736,41.63079],[32.78799,41.63074],[32.78951,41.62964],[32.7911,41.62794],[32.79586,41.62679],[32.7985,41.62682],[32.7996,41.62735],[32.8016,41.62739],[32.80421,41.6289],[32.80682,41.62959],[32.8095,41.62948],[32.81268,41.62997],[32.817,41.62912],[32.81877,41.63003],[32.82081,41.63211],[32.82496,41.63423],[32.82646,41.63455],[32.82968,41.63399],[32.833,41.63416],[32.8359,41.63537],[32.83805,41.6358],[32.84046,41.6385],[32.84365,41.63941],[32.84698,41.6414],[32.84966,41.64388],[32.85065,41.64643],[32.85203,41.64765],[32.85515,41.65256],[32.85734,41.65413],[32.85846,41.65561],[32.86095,41.65709],[32.8645,41.65735],[32.86761,41.65853],[32.86854,41.65933],[32.87398,41.66044],[32.87666,41.66086],[32.87853,41.66044],[32.8798,41.66062],[32.88206,41.66237],[32.8839,41.66288],[32.8866,41.66294],[32.89012,41.66441],[32.89296,41.66354],[32.89673,41.665],[32.90058,41.66595],[32.90373,41.66483],[32.90578,41.66463],[32.90809,41.66261],[32.91215,41.66135],[32.91366,41.66025],[32.91795,41.65927],[32.91992,41.65926],[32.92679,41.66106],[32.92927,41.66308],[32.9297,41.66401],[32.93429,41.66544],[32.9353,41.66766],[32.93532,41.66961],[32.93628,41.66847],[32.93741,41.6658],[32.93954,41.6664],[32.93801,41.66707],[32.93811,41.66847],[32.9389,41.66965],[32.93927,41.66841],[32.94045,41.66859],[32.93993,41.66987],[32.94022,41.67136],[32.9421,41.67437],[32.94346,41.67512],[32.94453,41.6749],[32.94573,41.67526],[32.94803,41.67523],[32.94864,41.67658],[32.94874,41.68117],[32.94934,41.68131],[32.95023,41.6801],[32.95177,41.67944],[32.95173,41.67895],[32.95418,41.6767],[32.95489,41.67445],[32.95692,41.67827],[32.95774,41.67885],[32.95833,41.67875],[32.95986,41.67988],[32.96155,41.67922],[32.96299,41.67981],[32.96523,41.67849],[32.96653,41.68273],[32.96611,41.68392],[32.967,41.68609],[32.96667,41.68698],[32.96719,41.68802],[32.96645,41.68985],[32.96767,41.69101],[32.96888,41.69091],[32.96931,41.69335],[32.97015,41.694],[32.97553,41.69147],[32.97821,41.68809],[32.97894,41.68773],[32.97904,41.68993],[32.98025,41.69092],[32.97976,41.69227],[32.98035,41.69292],[32.98267,41.69134],[32.98339,41.69208],[32.98524,41.69455],[32.98458,41.69633],[32.98349,41.69681],[32.98363,41.69773],[32.98253,41.70031],[32.98257,41.70171],[32.98147,41.70514],[32.98189,41.70604],[32.98009,41.70892],[32.97977,41.71141],[32.98067,41.71205],[32.98324,41.71169],[32.98429,41.71215],[32.98717,41.71109],[32.98912,41.71111],[32.98958,41.71076],[32.98965,41.70976],[32.99123,41.70937],[32.99267,41.70717],[32.9946,41.70699],[32.99508,41.70783],[32.99358,41.70846],[32.99298,41.70981],[32.99316,41.71156],[32.99249,41.71233],[32.99261,41.7128],[32.9896,41.71632],[32.98823,41.71728],[32.98545,41.71828],[32.98371,41.71851],[32.98208,41.71996],[32.98517,41.7231],[32.98506,41.7236],[32.98606,41.72266],[32.9867,41.72271],[32.98717,41.72461],[32.98655,41.72597],[32.98876,41.726],[32.99165,41.72892],[32.99139,41.73161],[32.9919,41.73245],[32.99298,41.73293],[32.99346,41.73569],[32.9941,41.73643],[32.99383,41.73876],[32.99464,41.73889],[32.99696,41.74039],[32.99807,41.74058],[32.99834,41.73914],[32.99995,41.73955],[32.99973,41.73871],[33.00074,41.73792],[33.00303,41.73986],[33.00682,41.74033],[33.00753,41.73909],[33.00924,41.73857],[33.00958,41.73767],[33.01205,41.73841],[33.01437,41.73263],[33.01512,41.73281],[33.01565,41.73358],[33.0153,41.7354],[33.01611,41.73602],[33.01603,41.73647],[33.01747,41.73712],[33.01691,41.73888],[33.01845,41.73961],[33.01688,41.73896],[33.01718,41.73694],[33.01609,41.73655],[33.0153,41.73549],[33.01692,41.73259],[33.01656,41.73111],[33.01837,41.73147],[33.01955,41.73107],[33.02134,41.73146],[33.02309,41.73104],[33.02798,41.73169],[33.03184,41.72902],[33.03183,41.72643],[33.03346,41.72541],[33.03474,41.7252],[33.03519,41.72484],[33.03541,41.72339],[33.03714,41.72276],[33.03835,41.72306],[33.04029,41.72289],[33.04263,41.72548],[33.04454,41.72542],[33.04561,41.72491],[33.04818,41.72467],[33.05017,41.72347],[33.053,41.72306],[33.05712,41.72171],[33.05762,41.72133],[33.05307,41.71984],[33.05232,41.71869],[33.05729,41.71817],[33.05782,41.71786],[33.05763,41.71741],[33.05507,41.71604],[33.05457,41.71466],[33.05482,41.71234],[33.05548,41.71173],[33.05669,41.71213],[33.05867,41.71193],[33.0604,41.71255],[33.05837,41.70981],[33.059,41.70985],[33.06007,41.71094],[33.06257,41.71142],[33.06556,41.71074],[33.06763,41.71291],[33.06882,41.7127],[33.06929,41.71301],[33.0699,41.71479],[33.06957,41.71517],[33.07039,41.7151],[33.07103,41.71426],[33.07084,41.71278],[33.07154,41.71242],[33.07218,41.71468],[33.07281,41.71397],[33.07311,41.71129],[33.0738,41.71001],[33.07841,41.70627],[33.08102,41.70583],[33.08369,41.70473],[33.08857,41.70406],[33.08886,41.70313],[33.09159,41.70107],[33.09347,41.69352],[33.09442,41.6924],[33.09236,41.69005],[33.08958,41.6883],[33.08785,41.68788],[33.0871,41.68881],[33.08751,41.6892],[33.08684,41.68937],[33.08388,41.68853],[33.08195,41.68724],[33.08031,41.68423],[33.08042,41.68328],[33.07877,41.68121],[33.07848,41.6798],[33.07762,41.679],[33.07755,41.6776],[33.07897,41.67611],[33.08393,41.67566],[33.08579,41.67708],[33.08712,41.67732],[33.0903,41.67713],[33.09109,41.67789],[33.09223,41.67822],[33.09597,41.67753],[33.09771,41.67779],[33.09894,41.67669],[33.09934,41.6752],[33.10173,41.67443],[33.10328,41.67345],[33.10332,41.67208],[33.10382,41.67174],[33.10572,41.67144],[33.10675,41.66918],[33.10675,41.66777],[33.11081,41.66601],[33.10679,41.66481],[33.10555,41.66496],[33.10453,41.66446],[33.10442,41.66351],[33.10273,41.66205],[33.10235,41.66118],[33.10066,41.66056],[33.10011,41.66081],[33.09973,41.6602],[33.10015,41.65838],[33.10073,41.65785],[33.10194,41.6583],[33.10502,41.65801],[33.10689,41.65861],[33.11307,41.6577],[33.11346,41.65728],[33.11515,41.65783],[33.11566,41.65748],[33.11852,41.65745],[33.12215,41.65952],[33.12492,41.65999],[33.12552,41.65909],[33.12717,41.65851],[33.12759,41.65756],[33.12915,41.65924],[33.1317,41.66001],[33.13668,41.65855],[33.13588,41.65759],[33.13705,41.65867],[33.1378,41.65864],[33.13893,41.6577],[33.14042,41.65742],[33.13837,41.65796],[33.13733,41.65881],[33.13619,41.65864],[33.13308,41.65936],[33.13202,41.65998],[33.1295,41.65937],[33.12749,41.65762],[33.1272,41.65854],[33.12553,41.65909],[33.12456,41.6602],[33.12355,41.65955],[33.12175,41.65933],[33.11961,41.65825],[33.11887,41.65748],[33.11602,41.65746],[33.11497,41.65779],[33.11385,41.65722],[33.11288,41.65778],[33.11178,41.65729],[33.11048,41.65729],[33.10952,41.6567],[33.10951,41.65618],[33.11061,41.65531],[33.11111,41.65608],[33.1123,41.65559],[33.11385,41.65412],[33.11413,41.65169],[33.11801,41.64958],[33.11699,41.64668],[33.11736,41.6458],[33.11921,41.64565],[33.12055,41.64458],[33.12035,41.64364],[33.11755,41.64125],[33.11614,41.63903],[33.11856,41.63656],[33.11878,41.63561],[33.11801,41.63418],[33.11806,41.63324],[33.11653,41.63098],[33.11538,41.62805],[33.11794,41.62636],[33.11551,41.62477],[33.11375,41.62288],[33.11441,41.62259],[33.11626,41.6227],[33.1178,41.62177],[33.12078,41.6194],[33.12262,41.61701],[33.12602,41.61933],[33.12659,41.62175],[33.12904,41.62548],[33.13101,41.62692],[33.13282,41.62717],[33.13716,41.63144],[33.14201,41.6327],[33.13683,41.63124],[33.13334,41.62766],[33.13124,41.62709],[33.12924,41.62563],[33.12661,41.62178],[33.12596,41.61923],[33.11891,41.61469],[33.11648,41.61151],[33.11566,41.60896],[33.11102,41.60396],[33.11511,41.60182],[33.11778,41.60157],[33.12461,41.59789],[33.1322,41.59692],[33.13677,41.59508],[33.13881,41.59491],[33.13865,41.59413],[33.13789,41.59375],[33.14043,41.59398],[33.14139,41.59465],[33.14124,41.59546],[33.14187,41.59525],[33.14358,41.59437],[33.14381,41.59387],[33.14336,41.58952],[33.14515,41.5881],[33.14575,41.58666],[33.14731,41.58553],[33.15149,41.58389],[33.1541,41.58334],[33.15594,41.58199],[33.15721,41.58157],[33.16257,41.58091],[33.16458,41.5812],[33.17027,41.57719],[33.17245,41.57506],[33.17459,41.57466],[33.18802,41.57606],[33.19311,41.576],[33.19694,41.57678],[33.19872,41.57778],[33.20145,41.57843],[33.20427,41.57821],[33.20577,41.57724],[33.20964,41.5763],[33.214,41.57624],[33.21592,41.57681],[33.21898,41.58032],[33.21925,41.58587],[33.21796,41.58819],[33.21891,41.59111],[33.2202,41.59227],[33.22283,41.5934],[33.22751,41.597],[33.23386,41.60044],[33.23586,41.60271],[33.23746,41.60366],[33.23801,41.60486],[33.23868,41.60446],[33.24072,41.60553],[33.24434,41.6084],[33.24771,41.61158],[33.25164,41.61684],[33.25689,41.62135],[33.25731,41.62244],[33.25707,41.62448],[33.26385,41.63155],[33.26543,41.63241],[33.26956,41.63364],[33.27757,41.63824],[33.27989,41.63816],[33.28711,41.63683],[33.29063,41.63741],[33.29279,41.63731],[33.29733,41.64061],[33.2982,41.64191],[33.29959,41.64226],[33.3029,41.64202],[33.30568,41.64277],[33.30832,41.64003],[33.30945,41.63943],[33.3122,41.63587],[33.31291,41.63327],[33.31218,41.63074],[33.31244,41.62848],[33.31623,41.62475],[33.31634,41.62366],[33.31441,41.62173],[33.31389,41.6196],[33.31372,41.61864],[33.31445,41.61688],[33.31428,41.61499],[33.31115,41.61108],[33.30971,41.60995],[33.30797,41.60469],[33.31065,41.59859],[33.31145,41.59786],[33.31518,41.59718],[33.32016,41.59722],[33.32138,41.59651],[33.32151,41.5958],[33.32087,41.59503],[33.32134,41.59432],[33.32074,41.59426],[33.32035,41.59488],[33.32065,41.59546],[33.31986,41.59613],[33.31716,41.5957],[33.31589,41.59492],[33.31514,41.59381],[33.31595,41.59293],[33.31604,41.5916],[33.31733,41.5907],[33.31836,41.5892],[33.32042,41.58857],[33.32248,41.58849],[33.32331,41.58523],[33.32293,41.58454],[33.32166,41.58523],[33.3205,41.5836],[33.31958,41.58302],[33.31851,41.58072],[33.3178,41.58051],[33.31754,41.57982],[33.31859,41.57808],[33.32059,41.57677],[33.32098,41.57593],[33.32121,41.57469],[33.32037,41.57274],[33.3202,41.57098],[33.32072,41.57074],[33.32518,41.57214],[33.32613,41.57036],[33.32952,41.56978],[33.33132,41.56907],[33.3328,41.56915],[33.33503,41.56774],[33.33653,41.56851],[33.33866,41.56823],[33.34024,41.56997],[33.34308,41.57012],[33.34374,41.56963],[33.34378,41.56812],[33.34454,41.56705],[33.34662,41.56701],[33.34883,41.56594],[33.35123,41.56553],[33.35207,41.56493],[33.35209,41.56435],[33.35153,41.56403],[33.35123,41.56274],[33.35269,41.56186],[33.35271,41.56091],[33.35179,41.55973],[33.34885,41.55853],[33.34887,41.55795],[33.35112,41.55594],[33.34866,41.55531],[33.34756,41.55403],[33.34552,41.55278],[33.34653,41.5521],[33.34685,41.55113],[33.35067,41.55145],[33.35153,41.551],[33.35419,41.55164],[33.35488,41.55077],[33.35775,41.55156],[33.36196,41.54787],[33.36293,41.54634],[33.36295,41.54546],[33.36129,41.54289],[33.36479,41.5428],[33.36816,41.54649],[33.36876,41.5457],[33.36771,41.54388],[33.36865,41.54165],[33.36807,41.53961],[33.36921,41.53956],[33.37054,41.54044],[33.37262,41.54029],[33.37318,41.54008],[33.37252,41.53834],[33.37316,41.53841],[33.37537,41.53959],[33.37704,41.53948],[33.37863,41.53993],[33.37902,41.54042],[33.37893,41.54165],[33.37949,41.54182],[33.38164,41.54001],[33.3834,41.54096],[33.38376,41.54366],[33.38449,41.54454],[33.38915,41.54381],[33.38865,41.54321],[33.38958,41.54231],[33.38943,41.5416],[33.39224,41.53853],[33.39258,41.52853],[33.39093,41.5272],[33.38775,41.52693],[33.38541,41.52761],[33.38509,41.52819],[33.38419,41.52853],[33.38166,41.52804],[33.38108,41.5275],[33.38063,41.5254],[33.37996,41.52499],[33.37762,41.5251],[33.37732,41.52467],[33.37855,41.52356],[33.37775,41.52227],[33.37829,41.5215],[33.3814,41.52062],[33.38211,41.51918],[33.38271,41.51907],[33.38552,41.51603],[33.38406,41.51452],[33.38434,41.51317],[33.3835,41.51268],[33.38389,41.511],[33.38745,41.51],[33.38852,41.508],[33.39007,41.50744],[33.39374,41.50478],[33.39421,41.50225],[33.39576,41.5018],[33.39777,41.5006],[33.39775,41.49922],[33.39977,41.49779],[33.40054,41.49628],[33.40224,41.49538],[33.40091,41.49386],[33.40442,41.49412],[33.4053,41.4948],[33.40666,41.49513],[33.4085,41.49478],[33.41172,41.49663],[33.41404,41.49731],[33.41631,41.49912],[33.41781,41.50279],[33.41839,41.50246],[33.41876,41.50053],[33.4197,41.49959],[33.42108,41.50015],[33.42196,41.50169],[33.42399,41.50326],[33.42535,41.50281],[33.42603,41.50176],[33.4268,41.50161],[33.42777,41.50242],[33.43268,41.5024],[33.43635,41.50165],[33.4391,41.50045],[33.44348,41.49714],[33.4474,41.49485],[33.45639,41.49083],[33.4594,41.48871],[33.46234,41.48723],[33.4629,41.48613],[33.46279,41.48455],[33.4597,41.48186],[33.46017,41.48144],[33.46242,41.48122],[33.46416,41.47987],[33.46466,41.47689],[33.46787,41.47732],[33.47419,41.47903],[33.48968,41.48051],[33.49435,41.48255],[33.49809,41.4831],[33.52449,41.47888],[33.53052,41.47894],[33.53767,41.48004],[33.54174,41.47924],[33.54443,41.47952],[33.5509,41.47942],[33.55623,41.47817],[33.5612,41.4782],[33.56748,41.47945],[33.57279,41.48095],[33.57893,41.48154],[33.58142,41.4808],[33.59,41.48128],[33.5932,41.48055],[33.59585,41.48112],[33.59926,41.47941],[33.60835,41.47765],[33.61452,41.47802],[33.61796,41.47738],[33.62453,41.47738],[33.63015,41.47682],[33.63264,41.47617],[33.63798,41.47352],[33.64367,41.47009],[33.64962,41.46709],[33.65099,41.46671],[33.65632,41.46635],[33.6599,41.46545],[33.67055,41.45949],[33.67465,41.45795],[33.67916,41.45723],[33.68992,41.45818],[33.69667,41.45833],[33.6943,41.46008],[33.69179,41.46488],[33.68828,41.46541],[33.68698,41.46654],[33.68705,41.46794],[33.68945,41.47152],[33.68835,41.4727],[33.6876,41.47453],[33.6873,41.47753],[33.68464,41.4786],[33.68436,41.47937],[33.68552,41.47975],[33.68619,41.48044],[33.68779,41.48068],[33.68637,41.4805],[33.68572,41.47981],[33.68419,41.47915],[33.68495,41.47842],[33.68716,41.47767],[33.6883,41.47288],[33.68957,41.47174],[33.68685,41.46754],[33.687,41.46648],[33.68843,41.46539],[33.69111,41.46519],[33.69218,41.46461],[33.69318,41.46181],[33.69486,41.45969],[33.697,41.45852],[33.70015,41.45751],[33.70597,41.45286],[33.70974,41.451],[33.71292,41.45028],[33.72295,41.44947],[33.73088,41.44787],[33.7365,41.44447],[33.74486,41.44075],[33.74669,41.4389],[33.74813,41.43528],[33.74924,41.4345],[33.75073,41.4342],[33.75697,41.43426],[33.76047,41.43306],[33.76266,41.43113],[33.76432,41.42774],[33.76731,41.42401],[33.77423,41.42051],[33.77541,41.42033],[33.77641,41.41918],[33.78232,41.41674],[33.78415,41.41522],[33.78468,41.41161],[33.7866,41.40937],[33.78648,41.40691],[33.78087,41.39968],[33.78094,41.39812],[33.78208,41.39561],[33.78178,41.39184],[33.77998,41.38714],[33.77899,41.38056],[33.77679,41.37823],[33.77596,41.37233],[33.77347,41.37009],[33.7709,41.36878],[33.77011,41.36658],[33.76669,41.3622],[33.76797,41.35986],[33.7684,41.35758],[33.76755,41.35349],[33.76578,41.34942],[33.76731,41.34428],[33.76556,41.34029],[33.76513,41.33817],[33.76674,41.32617],[33.76773,41.32458],[33.77108,41.32258],[33.77423,41.32177],[33.77485,41.32181],[33.77511,41.32223],[33.77477,41.3226],[33.77391,41.32217],[33.77357,41.32116],[33.77391,41.32074],[33.77456,41.32082],[33.77474,41.32126],[33.77124,41.32236],[33.77099,41.32211],[33.77246,41.32056],[33.77176,41.31995],[33.77064,41.32017],[33.76962,41.31934],[33.76858,41.32016],[33.76752,41.31969]]}},{"type":"Feature","properties":{"name":"TET_TR-05-N_20240614","country":"TR","lengthKm":691.6},"geometry":{"type":"LineString","coordinates":[[33.77069,41.32246],[33.77201,41.32208],[33.77246,41.32098],[33.77316,41.32076],[33.77347,41.31915],[33.77569,41.31567],[33.77663,41.31281],[33.79699,41.29909],[33.79985,41.29499],[33.80291,41.29304],[33.80266,41.29237],[33.8048,41.29254],[33.80594,41.29173],[33.80836,41.29126],[33.81088,41.28898],[33.81079,41.28772],[33.81294,41.28525],[33.81291,41.28422],[33.81403,41.28353],[33.81366,41.28299],[33.81427,41.28081],[33.81781,41.28048],[33.82021,41.27911],[33.82075,41.27673],[33.81982,41.27388],[33.82068,41.27345],[33.82663,41.27306],[33.83025,41.27136],[33.83253,41.27119],[33.83635,41.2701],[33.84313,41.26894],[33.84551,41.26767],[33.84828,41.26546],[33.85083,41.26531],[33.85162,41.26495],[33.85759,41.26049],[33.86443,41.25712],[33.86761,41.25484],[33.86815,41.2539],[33.86881,41.25375],[33.87186,41.25521],[33.87473,41.25497],[33.87656,41.25564],[33.88184,41.25465],[33.88737,41.24755],[33.89016,41.24847],[33.89499,41.24881],[33.89819,41.25014],[33.89935,41.24639],[33.89984,41.24596],[33.90748,41.24223],[33.9105,41.24036],[33.91252,41.24006],[33.91529,41.24081],[33.91718,41.24068],[33.91816,41.23974],[33.92012,41.24096],[33.92091,41.24089],[33.9216,41.24038],[33.92207,41.23851],[33.92316,41.23742],[33.92368,41.23549],[33.92471,41.23489],[33.92801,41.23441],[33.92763,41.23362],[33.92597,41.23255],[33.92514,41.23023],[33.9263,41.22817],[33.92625,41.22667],[33.92516,41.22339],[33.92518,41.22133],[33.92578,41.22072],[33.92975,41.22053],[33.93046,41.21954],[33.93314,41.21877],[33.93411,41.21894],[33.93855,41.22122],[33.93887,41.22006],[33.93999,41.21912],[33.94084,41.21671],[33.94192,41.21611],[33.94443,41.21572],[33.94559,41.21506],[33.94726,41.21339],[33.94969,41.21251],[33.95095,41.21064],[33.95359,41.21051],[33.95475,41.21008],[33.95546,41.20813],[33.95464,41.2059],[33.95552,41.20448],[33.95617,41.20403],[33.96009,41.2036],[33.9623,41.20216],[33.96365,41.20062],[33.96786,41.19738],[33.96932,41.19446],[33.97342,41.19195],[33.9728,41.19094],[33.97275,41.18959],[33.97501,41.18897],[33.97775,41.18935],[33.97904,41.18903],[33.98024,41.18729],[33.98221,41.18659],[33.98528,41.18644],[33.98629,41.18596],[33.98824,41.18579],[33.99297,41.18646],[34.00189,41.18465],[34.00524,41.1833],[34.00127,41.18225],[34.00039,41.18279],[34.00007,41.18232],[34.00522,41.18096],[34.00882,41.1791],[34.01286,41.17886],[34.0159,41.18023],[34.01764,41.18034],[34.02344,41.18255],[34.02523,41.18176],[34.03092,41.17601],[34.03311,41.17491],[34.03841,41.17438],[34.04217,41.17206],[34.0541,41.17054],[34.05682,41.16966],[34.05963,41.16807],[34.06287,41.16781],[34.06933,41.16642],[34.07274,41.17026],[34.07324,41.17146],[34.07491,41.17236],[34.07534,41.17448],[34.07656,41.17534],[34.07755,41.17697],[34.07895,41.17586],[34.08034,41.17592],[34.08227,41.17534],[34.08551,41.17519],[34.08598,41.17487],[34.08302,41.17423],[34.08809,41.17375],[34.0924,41.17515],[34.09392,41.17523],[34.09847,41.17742],[34.10165,41.17796],[34.10388,41.17779],[34.10347,41.1786],[34.10032,41.17991],[34.10053,41.18124],[34.10004,41.18163],[34.09706,41.18212],[34.09785,41.18257],[34.10223,41.18302],[34.10459,41.18247],[34.10972,41.18251],[34.11439,41.18403],[34.1151,41.18403],[34.11684,41.18311],[34.11806,41.18352],[34.11841,41.1841],[34.1209,41.18371],[34.1218,41.18504],[34.12457,41.18485],[34.12487,41.18601],[34.1286,41.18918],[34.12903,41.19058],[34.12963,41.19077],[34.13042,41.19021],[34.13223,41.19075],[34.1325,41.19176],[34.13064,41.19274],[34.13396,41.19377],[34.13662,41.19399],[34.13909,41.19201],[34.14042,41.19154],[34.14104,41.19673],[34.14787,41.19864],[34.14761,41.19944],[34.14589,41.20002],[34.14677,41.20064],[34.15338,41.20236],[34.16315,41.20783],[34.16677,41.20882],[34.17338,41.20982],[34.17909,41.2092],[34.18426,41.20989],[34.18673,41.21077],[34.18829,41.2118],[34.19106,41.21463],[34.19336,41.21987],[34.19527,41.2215],[34.19606,41.22386],[34.19611,41.2309],[34.19671,41.23405],[34.19525,41.24027],[34.19572,41.24795],[34.19546,41.25031],[34.19941,41.25561],[34.20222,41.26308],[34.20205,41.26495],[34.20074,41.26806],[34.20091,41.26958],[34.20314,41.26988],[34.20535,41.26834],[34.20861,41.26435],[34.20984,41.26411],[34.2102,41.26448],[34.21076,41.26415],[34.2108,41.26332],[34.21224,41.26396],[34.21329,41.26394],[34.21342,41.26347],[34.21462,41.26334],[34.21544,41.26231],[34.21651,41.26259],[34.2208,41.26162],[34.22273,41.26169],[34.22482,41.26087],[34.22724,41.26046],[34.22752,41.25937],[34.22812,41.25901],[34.22915,41.26034],[34.23166,41.261],[34.23265,41.26094],[34.23314,41.26034],[34.23584,41.26061],[34.23949,41.26029],[34.24177,41.26083],[34.24458,41.26016],[34.24758,41.26175],[34.25099,41.26029],[34.2543,41.25997],[34.25846,41.25531],[34.25831,41.25465],[34.2596,41.25222],[34.25865,41.25044],[34.25893,41.24881],[34.26121,41.24735],[34.26084,41.24632],[34.26112,41.24559],[34.26256,41.24469],[34.26243,41.24568],[34.26425,41.24426],[34.26428,41.24261],[34.2652,41.24444],[34.26578,41.24476],[34.26679,41.24386],[34.2696,41.24329],[34.27022,41.24191],[34.27263,41.24013],[34.27179,41.23923],[34.27185,41.23874],[34.2735,41.23859],[34.27355,41.23695],[34.27431,41.23706],[34.27644,41.23573],[34.27771,41.23561],[34.27939,41.23676],[34.28125,41.23653],[34.28077,41.23566],[34.28106,41.23515],[34.28039,41.23427],[34.28218,41.23417],[34.2834,41.23353],[34.28577,41.23391],[34.28599,41.23325],[34.28789,41.23333],[34.28843,41.23359],[34.28877,41.23494],[34.28953,41.23514],[34.29115,41.23448],[34.29204,41.23473],[34.29161,41.23576],[34.29047,41.23595],[34.29183,41.23612],[34.29572,41.2353],[34.29861,41.23697],[34.30105,41.23716],[34.30251,41.23667],[34.30505,41.23645],[34.30981,41.23808],[34.31356,41.23828],[34.31597,41.2389],[34.31809,41.23886],[34.31889,41.23793],[34.31777,41.23697],[34.31635,41.23624],[34.31208,41.23514],[34.31498,41.23568],[34.31966,41.23581],[34.3217,41.23471],[34.32135,41.23433],[34.32062,41.23439],[34.3215,41.23394],[34.32872,41.23129],[34.33365,41.23171],[34.33414,41.23135],[34.33427,41.22984],[34.33403,41.22941],[34.33369,41.23021],[34.33309,41.23006],[34.33266,41.22828],[34.33436,41.22637],[34.33445,41.22559],[34.33387,41.22605],[34.33326,41.22593],[34.33345,41.22539],[34.33394,41.22409],[34.3367,41.22079],[34.33774,41.22056],[34.33733,41.21721],[34.33666,41.21688],[34.33606,41.2179],[34.33423,41.21832],[34.33374,41.21883],[34.33308,41.21862],[34.33384,41.21566],[34.3332,41.21508],[34.33733,41.21155],[34.3395,41.2106],[34.34217,41.20833],[34.34283,41.20852],[34.34213,41.2081],[34.34021,41.20909],[34.33988,41.20756],[34.33926,41.20717],[34.34069,41.20693],[34.34388,41.20477],[34.34158,41.20282],[34.34202,41.20188],[34.33837,41.20021],[34.33657,41.19875],[34.33619,41.19694],[34.33646,41.19456],[34.33572,41.19291],[34.338,41.18912],[34.34027,41.18668],[34.34027,41.18615],[34.33767,41.18705],[34.33692,41.18782],[34.33714,41.18665],[34.33803,41.18666],[34.33858,41.1857],[34.33823,41.18482],[34.33915,41.18364],[34.34244,41.18095],[34.34236,41.18026],[34.34142,41.17954],[34.34177,41.17892],[34.3434,41.17924],[34.34446,41.17878],[34.34753,41.17581],[34.34873,41.17519],[34.35212,41.17498],[34.35324,41.17556],[34.35717,41.17446],[34.3568,41.17358],[34.35712,41.17315],[34.35835,41.17369],[34.36054,41.1732],[34.36141,41.17418],[34.36309,41.17442],[34.36575,41.17549],[34.36592,41.17644],[34.3688,41.17639],[34.36976,41.17734],[34.38083,41.18036],[34.38193,41.18184],[34.38304,41.18242],[34.38448,41.18279],[34.38631,41.18264],[34.38796,41.1818],[34.38946,41.18236],[34.39015,41.18337],[34.39156,41.1841],[34.39204,41.18508],[34.39251,41.18468],[34.39343,41.18468],[34.39615,41.18573],[34.40027,41.18549],[34.41006,41.18298],[34.41178,41.18051],[34.4139,41.17944],[34.4127,41.17875],[34.41375,41.17759],[34.41137,41.17753],[34.41236,41.17603],[34.41135,41.17483],[34.41289,41.17399],[34.41319,41.17275],[34.41495,41.1726],[34.41416,41.17197],[34.41369,41.17034],[34.41407,41.16989],[34.41499,41.1706],[34.41678,41.17114],[34.41723,41.17058],[34.41624,41.16974],[34.41667,41.16805],[34.418,41.16586],[34.41819,41.1641],[34.41948,41.1629],[34.41714,41.16337],[34.41495,41.16307],[34.41663,41.16099],[34.41763,41.16066],[34.41723,41.15989],[34.41521,41.15959],[34.41527,41.1579],[34.41431,41.1568],[34.41605,41.15547],[34.41877,41.15573],[34.41999,41.15637],[34.42057,41.15547],[34.41736,41.15281],[34.4156,41.15195],[34.42014,41.15157],[34.4227,41.15062],[34.42113,41.14981],[34.41967,41.14987],[34.41856,41.14942],[34.41615,41.14693],[34.41401,41.14657],[34.41607,41.14434],[34.41705,41.14504],[34.41862,41.14401],[34.41798,41.14316],[34.41624,41.14294],[34.41551,41.14161],[34.41474,41.1417],[34.41602,41.1411],[34.41697,41.14118],[34.41448,41.13966],[34.413,41.14079],[34.41225,41.14069],[34.41118,41.14131],[34.4104,41.14099],[34.4101,41.14056],[34.41173,41.1377],[34.42394,41.12925],[34.43145,41.13243],[34.43484,41.13324],[34.43815,41.13328],[34.45285,41.13183],[34.45755,41.13286],[34.46486,41.13558],[34.46581,41.1364],[34.47051,41.13788],[34.47945,41.1367],[34.48874,41.13393],[34.49359,41.13112],[34.49432,41.12944],[34.49293,41.12691],[34.49383,41.12577],[34.49529,41.12545],[34.49623,41.12457],[34.49641,41.12337],[34.49733,41.12191],[34.49604,41.11807],[34.49477,41.11588],[34.49595,41.11414],[34.4987,41.11309],[34.50469,41.11303],[34.51042,41.11168],[34.51595,41.11155],[34.52853,41.10966],[34.54717,41.11148],[34.54872,41.11202],[34.55121,41.1138],[34.55642,41.11464],[34.55814,41.11434],[34.56842,41.115],[34.57953,41.11809],[34.58655,41.11925],[34.58797,41.11977],[34.58869,41.12101],[34.58906,41.12065],[34.5906,41.12054],[34.59269,41.1209],[34.5938,41.1218],[34.59378,41.12346],[34.59468,41.12404],[34.59659,41.12024],[34.59833,41.11882],[34.59904,41.11876],[34.59987,41.1176],[34.60253,41.1179],[34.60457,41.11882],[34.60801,41.11833],[34.61037,41.11719],[34.62195,41.10977],[34.62528,41.10955],[34.62708,41.10884],[34.63247,41.10839],[34.63393,41.10736],[34.63592,41.10736],[34.63833,41.10863],[34.6476,41.10794],[34.65519,41.10786],[34.6594,41.1059],[34.66045,41.10584],[34.66167,41.10616],[34.6639,41.10593],[34.67049,41.10616],[34.67553,41.10569],[34.67912,41.10668],[34.68341,41.10719],[34.68547,41.10685],[34.69171,41.10674],[34.69362,41.10631],[34.69568,41.10666],[34.70281,41.10378],[34.70836,41.1041],[34.7104,41.10539],[34.71167,41.10513],[34.71334,41.10389],[34.71489,41.1043],[34.71761,41.10438],[34.72004,41.10382],[34.72122,41.10213],[34.7219,41.10161],[34.72315,41.1014],[34.72587,41.10305],[34.72703,41.10314],[34.72892,41.1041],[34.73325,41.10369],[34.73716,41.10558],[34.73995,41.10597],[34.74216,41.10584],[34.74214,41.10646],[34.74134,41.10702],[34.73986,41.10728],[34.73969,41.10822],[34.74152,41.11067],[34.75128,41.10972],[34.75579,41.1097],[34.75787,41.11005],[34.77186,41.10938],[34.7731,41.10972],[34.77372,41.10955],[34.77424,41.10779],[34.77505,41.10687],[34.77671,41.10672],[34.77847,41.10777],[34.78166,41.10816],[34.78394,41.10947],[34.78965,41.10966],[34.79482,41.11082],[34.80048,41.11082],[34.80117,41.11032],[34.80494,41.1102],[34.80617,41.10816],[34.81003,41.10887],[34.8131,41.11017],[34.81664,41.11054],[34.8181,41.11114],[34.82331,41.11088],[34.82672,41.1112],[34.82831,41.11172],[34.8296,41.1112],[34.83183,41.11125],[34.8385,41.11223],[34.84174,41.11196],[34.84552,41.11238],[34.85041,41.11168],[34.85385,41.11028],[34.85908,41.10972],[34.86061,41.10876],[34.86473,41.1085],[34.86754,41.10891],[34.86818,41.10865],[34.86966,41.11101],[34.87309,41.11086],[34.87835,41.11161],[34.88071,41.11393],[34.88472,41.11459],[34.88777,41.11447],[34.89063,41.115],[34.89116,41.11552],[34.89071,41.11693],[34.89217,41.11653],[34.89659,41.11642],[34.90032,41.1158],[34.90329,41.11505],[34.90258,41.11477],[34.90307,41.11451],[34.90756,41.11485],[34.91187,41.11303],[34.91361,41.11114],[34.9171,41.11073],[34.9211,41.11198],[34.92067,41.11095],[34.9185,41.11041],[34.91989,41.10884],[34.91861,41.10848],[34.91786,41.10777],[34.91721,41.10777],[34.91498,41.10593],[34.91438,41.10569],[34.9138,41.10593],[34.91455,41.10541],[34.91607,41.1059],[34.91985,41.10629],[34.92985,41.10258],[34.93535,41.10308],[34.93138,41.10518],[34.92688,41.10631],[34.92776,41.10673],[34.93392,41.10579],[34.93732,41.10651],[34.94216,41.10615],[34.94293,41.10657],[34.94656,41.10614],[34.94955,41.10776],[34.95243,41.1087],[34.95279,41.11007],[34.95468,41.11008],[34.95635,41.1109],[34.95728,41.11201],[34.95893,41.11249],[34.9615,41.11444],[34.96315,41.1161],[34.965,41.11687],[34.96761,41.11718],[34.97567,41.12004],[34.9765,41.12052],[34.97708,41.12182],[34.97862,41.12145],[34.97948,41.12195],[34.98109,41.12487],[34.98002,41.12628],[34.98019,41.12675],[34.98137,41.12713],[34.98186,41.12675],[34.98315,41.12684],[34.98452,41.12743],[34.987,41.12911],[34.98751,41.13055],[34.99213,41.13255],[34.99192,41.13449],[34.99239,41.13597],[34.99416,41.13827],[34.99707,41.14168],[34.99862,41.14259],[35.00122,41.14294],[35.00253,41.1438],[35.00208,41.14471],[35.00377,41.14484],[35.00805,41.1435],[35.01239,41.14368],[35.018,41.14062],[35.02222,41.13988],[35.02408,41.139],[35.02921,41.13845],[35.03109,41.13916],[35.03471,41.13803],[35.03832,41.13627],[35.03885,41.13567],[35.03864,41.13497],[35.04074,41.13381],[35.0443,41.13271],[35.04568,41.13276],[35.05163,41.13139],[35.05498,41.12916],[35.05718,41.127],[35.06016,41.12865],[35.06043,41.12767],[35.06246,41.12628],[35.06597,41.12493],[35.07226,41.12335],[35.07291,41.12284],[35.07462,41.12288],[35.07588,41.12383],[35.08165,41.12354],[35.08969,41.12456],[35.09561,41.12678],[35.09943,41.12695],[35.10013,41.12747],[35.10226,41.12587],[35.10377,41.12805],[35.1058,41.12817],[35.1066,41.12854],[35.10996,41.1284],[35.11087,41.12812],[35.112,41.12706],[35.1164,41.12862],[35.1188,41.12827],[35.12074,41.12701],[35.12075,41.1263],[35.1248,41.12536],[35.12553,41.12547],[35.12758,41.12407],[35.12787,41.12288],[35.12997,41.12197],[35.13057,41.1204],[35.13201,41.11958],[35.13399,41.11898],[35.13581,41.11918],[35.1363,41.11845],[35.13749,41.11601],[35.13678,41.11271],[35.13589,41.1116],[35.13402,41.11138],[35.13328,41.11108],[35.13307,41.11054],[35.13252,41.11164],[35.13314,41.11231],[35.13255,41.113],[35.12974,41.1108],[35.13007,41.1093],[35.13272,41.10679],[35.1347,41.10771],[35.13778,41.10768],[35.14951,41.10924],[35.15372,41.10906],[35.1593,41.11035],[35.1605,41.11174],[35.16112,41.11185],[35.16151,41.10934],[35.16395,41.10513],[35.16893,41.10492],[35.17129,41.10427],[35.17189,41.10397],[35.17267,41.10127],[35.17387,41.1006],[35.17462,41.1006],[35.17548,41.09962],[35.17818,41.09957],[35.17938,41.09889],[35.17895,41.10037],[35.18033,41.10148],[35.18627,41.10112],[35.18745,41.10155],[35.18811,41.10129],[35.18747,41.09977],[35.18923,41.10024],[35.19178,41.10003],[35.1938,41.10069],[35.19537,41.10241],[35.19642,41.10191],[35.19927,41.1026],[35.19959,41.10217],[35.20086,41.1026],[35.20215,41.10209],[35.20457,41.10249],[35.20889,41.10198],[35.21028,41.10247],[35.21401,41.10174],[35.2159,41.10063],[35.21595,41.09975],[35.21657,41.09934],[35.21629,41.09874],[35.21451,41.09758],[35.21614,41.0973],[35.21753,41.09764],[35.21955,41.09687],[35.22176,41.09666],[35.22449,41.097],[35.22592,41.09657],[35.23187,41.09642],[35.23204,41.09593],[35.22942,41.09159],[35.22854,41.0894],[35.22811,41.08638],[35.22723,41.08524],[35.22777,41.08359],[35.22901,41.08335],[35.22972,41.08164],[35.23159,41.08511],[35.23191,41.08432],[35.23322,41.08331],[35.23476,41.08331],[35.23667,41.085],[35.23873,41.0837],[35.24043,41.08153],[35.24614,41.08327],[35.24914,41.08573],[35.25041,41.08556],[35.25182,41.08382],[35.25251,41.08357],[35.25707,41.08345],[35.25746,41.08279],[35.2581,41.08315],[35.25998,41.08288],[35.26165,41.07973],[35.26116,41.07873],[35.26262,41.07464],[35.26485,41.0737],[35.26405,41.07186],[35.26306,41.07116],[35.26219,41.06828],[35.26236,41.06748],[35.26273,41.06684],[35.26366,41.06642],[35.26534,41.0663],[35.26448,41.06238],[35.26507,41.06014],[35.26313,41.05864],[35.26212,41.05671],[35.25974,41.0563],[35.25856,41.05521],[35.25998,41.05416],[35.2629,41.05264],[35.26622,41.05184],[35.26753,41.05033],[35.26842,41.04998],[35.27178,41.05001],[35.27534,41.0513],[35.27559,41.05184],[35.27943,41.05272],[35.28088,41.05253],[35.2877,41.05297],[35.29271,41.05444],[35.29531,41.05415],[35.29415,41.05404],[35.29374,41.0537],[35.29433,41.05315],[35.29281,41.05275],[35.29253,41.05232],[35.29103,41.04801],[35.2912,41.0468],[35.28997,41.04553],[35.29002,41.04456],[35.28949,41.04422],[35.2901,41.04394],[35.29054,41.04441],[35.29069,41.04384],[35.29162,41.04326],[35.2916,41.04252],[35.28976,41.03987],[35.293,41.03637],[35.29591,41.03706],[35.29591,41.0365],[35.29684,41.03587],[35.29748,41.03336],[35.29892,41.03342],[35.29919,41.03408],[35.3019,41.03442],[35.30553,41.03239],[35.30711,41.03246],[35.30743,41.03206],[35.3107,41.03136],[35.31331,41.03184],[35.31358,41.03052],[35.31428,41.03005],[35.32275,41.02702],[35.32321,41.02619],[35.32462,41.0256],[35.32544,41.02565],[35.32471,41.02029],[35.32531,41.01752],[35.32398,41.016],[35.32431,41.01475],[35.32806,41.01477],[35.33802,41.00977],[35.34046,41.01143],[35.34265,41.01098],[35.34392,41.01125],[35.34549,41.01334],[35.34941,41.0155],[35.35428,41.01417],[35.35473,41.01374],[35.35388,41.01106],[35.3545,41.01059],[35.35887,41.01029],[35.36248,41.00044],[35.36804,40.99469],[35.36793,40.99194],[35.36669,40.99027],[35.36467,40.98548],[35.36351,40.98422],[35.36364,40.98166],[35.36505,40.97881],[35.36525,40.97501],[35.36398,40.97321],[35.36366,40.97186],[35.36362,40.96596],[35.36244,40.96441],[35.36224,40.96197],[35.35997,40.96038],[35.35937,40.95752],[35.36111,40.95508],[35.36188,40.95491],[35.36536,40.95562],[35.36615,40.95546],[35.3681,40.95332],[35.37005,40.9531],[35.37299,40.95199],[35.37314,40.95096],[35.37246,40.95068],[35.37188,40.94909],[35.37486,40.95049],[35.3792,40.95141],[35.37999,40.95119],[35.38246,40.94931],[35.38233,40.94757],[35.38437,40.94639],[35.38574,40.94677],[35.38907,40.94566],[35.39447,40.94534],[35.39128,40.94504],[35.39063,40.94467],[35.39235,40.94375],[35.39248,40.94319],[35.39119,40.94274],[35.39145,40.94053],[35.39447,40.94098],[35.39844,40.94023],[35.39952,40.93918],[35.3993,40.93765],[35.40265,40.93738],[35.40364,40.9354],[35.40512,40.93566],[35.40688,40.93534],[35.40743,40.93596],[35.40855,40.93596],[35.40984,40.93304],[35.4105,40.93281],[35.4117,40.93396],[35.41329,40.93362],[35.41411,40.93405],[35.41881,40.9322],[35.41878,40.9307],[35.41748,40.93006],[35.41685,40.92864],[35.41707,40.92819],[35.41801,40.92817],[35.41866,40.92557],[35.4181,40.92525],[35.41756,40.92549],[35.4175,40.9262],[35.41651,40.92592],[35.41621,40.92523],[35.4176,40.9233],[35.41846,40.92317],[35.4193,40.92122],[35.42142,40.9212],[35.42241,40.92175],[35.42351,40.92036],[35.42318,40.91817],[35.42202,40.9163],[35.41964,40.9145],[35.41975,40.91306],[35.42175,40.91221],[35.42301,40.91075],[35.42484,40.91073],[35.42636,40.91027],[35.42602,40.90933],[35.42687,40.9097],[35.42705,40.91023],[35.42702,40.90867],[35.42612,40.90731],[35.42651,40.90693],[35.42984,40.90673],[35.43114,40.90566],[35.43473,40.90126],[35.43917,40.89772],[35.44153,40.89706],[35.45288,40.88485],[35.45722,40.8809],[35.45949,40.87974],[35.46114,40.87571],[35.46655,40.86777],[35.49807,40.87008],[35.50193,40.86923],[35.50442,40.87045],[35.50661,40.87073],[35.62137,40.87978],[35.62501,40.88118],[35.62836,40.88423],[35.63656,40.90686],[35.63894,40.91201],[35.64038,40.91156],[35.64263,40.91281],[35.64407,40.91517],[35.64546,40.91626],[35.65134,40.91369],[35.653,40.9133],[35.65418,40.91216],[35.65684,40.91191],[35.66012,40.91103],[35.66162,40.90957],[35.66327,40.90922],[35.66555,40.90802],[35.6663,40.90785],[35.67102,40.90849],[35.67342,40.90691],[35.67214,40.90618],[35.67083,40.90624],[35.67106,40.90536],[35.67383,40.90377],[35.67546,40.90349],[35.67898,40.90457],[35.68252,40.90442],[35.68344,40.90261],[35.68235,40.89993],[35.68312,40.89845],[35.68585,40.89626],[35.68808,40.89345],[35.68877,40.89126],[35.6899,40.88963],[35.69203,40.88873],[35.69379,40.88674],[35.69769,40.88431],[35.69683,40.88339],[35.69707,40.88229],[35.69919,40.88011],[35.70005,40.88111],[35.70314,40.88266],[35.70602,40.88332],[35.71016,40.88515],[35.71999,40.88785],[35.72275,40.88781],[35.73312,40.89066],[35.73786,40.89047],[35.74402,40.88955],[35.75131,40.8897],[35.75408,40.88899],[35.75921,40.8903],[35.75985,40.89032],[35.76136,40.88948],[35.76545,40.89075],[35.76629,40.89064],[35.76739,40.8898],[35.77172,40.88914],[35.77254,40.88948],[35.77515,40.89386],[35.77623,40.89472],[35.7782,40.89478],[35.78202,40.89392],[35.78279,40.89437],[35.78238,40.8956],[35.78354,40.89556],[35.78629,40.89386],[35.78822,40.89414],[35.79159,40.89556],[35.81019,40.89618],[35.81221,40.89515],[35.8162,40.8939],[35.82075,40.89315],[35.80624,40.88569],[35.80484,40.8837],[35.80539,40.88296],[35.80389,40.87955],[35.80412,40.87878],[35.80363,40.87731],[35.80655,40.87422],[35.80522,40.87342],[35.806,40.87128],[35.80864,40.87009],[35.80838,40.86914],[35.80985,40.86648],[35.81199,40.86397],[35.81534,40.86132],[35.81731,40.86098],[35.81905,40.86003],[35.82034,40.8598],[35.82335,40.85794],[35.82526,40.85734],[35.83112,40.85785],[35.83345,40.85747],[35.83751,40.85418],[35.83772,40.85328],[35.83914,40.85172],[35.84639,40.84811],[35.85199,40.84985],[35.85255,40.84942],[35.85073,40.8471],[35.8509,40.84657],[35.85264,40.8459],[35.85895,40.8441],[35.86111,40.84429],[35.86264,40.84386],[35.86485,40.84446],[35.86929,40.84414],[35.87873,40.84183],[35.88306,40.83936],[35.8857,40.8391],[35.8898,40.83936],[35.89034,40.83893],[35.89139,40.83914],[35.89422,40.8409],[35.89871,40.84135],[35.89847,40.8418],[35.89703,40.84232],[35.89789,40.84354],[35.90214,40.84346],[35.90386,40.84376],[35.90499,40.84487],[35.90532,40.84356],[35.90186,40.84193],[35.90439,40.84178],[35.90613,40.84122],[35.91124,40.83745],[35.9136,40.83702],[35.91772,40.83771],[35.9228,40.83571],[35.92849,40.83466],[35.93051,40.8332],[35.93006,40.83256],[35.93021,40.83101],[35.93139,40.82837],[35.93124,40.82756],[35.93203,40.82736],[35.93295,40.82526],[35.93407,40.82399],[35.93484,40.82352],[35.93879,40.82322],[35.93939,40.82232],[35.94383,40.82133],[35.94297,40.82054],[35.94325,40.81949],[35.94518,40.81792],[35.94675,40.81801],[35.94815,40.81715],[35.94922,40.81745],[35.95016,40.81629],[35.95192,40.81625],[35.9539,40.81545],[35.95563,40.81582],[35.95814,40.81384],[35.96121,40.81399],[35.96486,40.81339],[35.969,40.81346],[35.97977,40.81161],[35.98121,40.81095],[35.98145,40.80949],[35.98342,40.80872],[35.98686,40.80872],[35.98977,40.80807],[35.99239,40.80854],[35.99737,40.80809],[35.99924,40.80717],[36.00183,40.80719],[36.00512,40.80537],[36.00559,40.80618],[36.0119,40.80593],[36.0137,40.80636],[36.01488,40.80565],[36.01732,40.80539],[36.01999,40.80354],[36.02262,40.80269],[36.02329,40.802],[36.02447,40.80189],[36.02659,40.80054],[36.02687,40.79981],[36.02893,40.79801],[36.02928,40.79576],[36.03026,40.79481],[36.03595,40.79421],[36.03754,40.7926],[36.03666,40.79028],[36.0376,40.78979],[36.04108,40.78846],[36.04413,40.78921],[36.04694,40.78698],[36.04946,40.78612],[36.05213,40.78604],[36.05305,40.78636],[36.05458,40.78591],[36.05689,40.78619],[36.05812,40.78535],[36.05867,40.78387],[36.06011,40.7831],[36.06037,40.78181],[36.06249,40.78172],[36.06509,40.78262],[36.06408,40.78185],[36.06307,40.77977],[36.06282,40.77795],[36.06554,40.77567],[36.06666,40.77546],[36.06704,40.77511],[36.06687,40.77447],[36.06438,40.77209],[36.06015,40.7734],[36.05779,40.77453],[36.0587,40.77387],[36.06035,40.77142],[36.06174,40.77035],[36.06256,40.76765],[36.06464,40.76655],[36.06644,40.76632],[36.06771,40.76561],[36.06784,40.76612],[36.0685,40.76453],[36.06736,40.76415],[36.06857,40.7637],[36.06932,40.76404],[36.07009,40.76464],[36.06996,40.76635],[36.07061,40.76656],[36.07113,40.76494],[36.07041,40.76303],[36.07105,40.76151],[36.07044,40.76091],[36.06817,40.76112],[36.06596,40.76018],[36.06559,40.7583],[36.06305,40.75805],[36.05909,40.75514],[36.05832,40.75526],[36.05809,40.75572],[36.05931,40.75771],[36.05605,40.75613],[36.05501,40.75737],[36.05433,40.75733],[36.05483,40.75435],[36.05378,40.75249],[36.05375,40.74941],[36.05583,40.74976],[36.06394,40.7533],[36.06783,40.75404],[36.07086,40.7538],[36.07333,40.75289],[36.07833,40.75186],[36.08316,40.75391],[36.0863,40.75411],[36.08971,40.75289],[36.09264,40.74914],[36.09577,40.74721],[36.10271,40.74536],[36.10614,40.7449],[36.11125,40.74529],[36.11397,40.74491],[36.11833,40.74341],[36.11702,40.74446],[36.11842,40.74715],[36.11874,40.7491],[36.11672,40.75353],[36.11725,40.75432],[36.11935,40.75563],[36.11993,40.75678],[36.12114,40.75783],[36.11789,40.75706],[36.11617,40.75751],[36.11403,40.7591],[36.11279,40.75909],[36.11208,40.75962],[36.11312,40.75939],[36.11421,40.75961],[36.11647,40.75908],[36.11886,40.76034],[36.11883,40.76231],[36.1207,40.76447],[36.11995,40.76443],[36.11974,40.7668],[36.1215,40.77044],[36.12129,40.77145],[36.12362,40.77167],[36.12392,40.7722],[36.12555,40.77269],[36.1261,40.77343],[36.126,40.7745],[36.12668,40.77422],[36.12628,40.77497],[36.12521,40.77447],[36.12474,40.77366],[36.12186,40.77292],[36.12019,40.77404],[36.11822,40.7728],[36.11678,40.76995],[36.11589,40.77038],[36.11524,40.77235],[36.11807,40.7753],[36.12006,40.7762],[36.12027,40.78007],[36.11866,40.78162],[36.11821,40.78105],[36.11698,40.78059],[36.11623,40.78093],[36.1159,40.78223],[36.11281,40.78415],[36.1134,40.78434],[36.11412,40.78399],[36.11504,40.78453],[36.1165,40.78371],[36.11716,40.78377],[36.11844,40.78557],[36.12196,40.7871],[36.1222,40.79029],[36.1258,40.78892],[36.12853,40.7889],[36.12972,40.78853],[36.13086,40.78858],[36.13663,40.79058],[36.13787,40.79079],[36.13903,40.79025],[36.13791,40.79113],[36.13615,40.79156],[36.13441,40.79117],[36.13338,40.79135],[36.13243,40.79263],[36.12977,40.79268],[36.12868,40.79325],[36.13036,40.79355],[36.13471,40.79539],[36.1345,40.79452],[36.13386,40.79409],[36.13515,40.79461],[36.13869,40.79792],[36.13687,40.79938],[36.13877,40.79878],[36.14383,40.79951],[36.14657,40.80279],[36.15026,40.80491],[36.15172,40.80482],[36.15664,40.80599],[36.15789,40.80497],[36.15875,40.80558],[36.16023,40.80503],[36.16206,40.80732],[36.16356,40.80764],[36.16523,40.80854],[36.16843,40.80891],[36.1654,40.80728],[36.16693,40.80681],[36.17098,40.80756],[36.17242,40.80837],[36.1748,40.80784],[36.17894,40.81208],[36.18056,40.81173],[36.1818,40.81239],[36.18467,40.81294],[36.19004,40.81305],[36.19933,40.81086],[36.20051,40.80949],[36.20647,40.80571],[36.2124,40.79912],[36.21315,40.79874],[36.21555,40.79867],[36.21956,40.79606],[36.23242,40.79209],[36.23875,40.78947],[36.24673,40.78509],[36.24827,40.78473],[36.25068,40.78483],[36.25396,40.78361],[36.25557,40.7826],[36.26782,40.77348],[36.27398,40.7676],[36.28158,40.76282],[36.28525,40.75831],[36.28746,40.75336],[36.28945,40.75149],[36.28958,40.75018],[36.28868,40.74787],[36.29123,40.74589],[36.29219,40.74561],[36.29293,40.7459],[36.29673,40.74825],[36.30022,40.74925],[36.30198,40.75079],[36.30264,40.75282],[36.30265,40.75833],[36.30338,40.76065],[36.30569,40.76244],[36.30767,40.76299],[36.31022,40.76254],[36.31472,40.75867],[36.31804,40.7567],[36.31622,40.7563],[36.31843,40.75496],[36.31676,40.75507],[36.31794,40.75438],[36.31607,40.75445],[36.31628,40.75354],[36.3172,40.75355],[36.31692,40.75295],[36.31616,40.75294],[36.31374,40.75495],[36.31328,40.75441],[36.31376,40.75314],[36.31497,40.752],[36.31513,40.74955],[36.31664,40.74906],[36.31642,40.7474],[36.31833,40.74579],[36.318,40.74365],[36.31675,40.74467],[36.31714,40.74266],[36.31664,40.73949],[36.31713,40.73889],[36.317,40.7371],[36.31843,40.73658],[36.31854,40.73565],[36.31934,40.73569],[36.32488,40.7299],[36.32736,40.72972],[36.32796,40.72917],[36.33092,40.72899],[36.32863,40.72682],[36.32814,40.72551],[36.32816,40.72334],[36.3274,40.72217],[36.32838,40.7219],[36.32645,40.72043],[36.32625,40.71984],[36.32762,40.71757],[36.32905,40.71739],[36.32856,40.71673],[36.33145,40.71529],[36.33343,40.71572],[36.33449,40.71525],[36.3365,40.71559],[36.33688,40.71448],[36.34078,40.71305],[36.34238,40.70778],[36.34226,40.70555],[36.34363,40.70164],[36.34938,40.70048],[36.35376,40.70057],[36.35972,40.69804],[36.36309,40.69355],[36.36384,40.69136],[36.36739,40.68812],[36.36972,40.68327],[36.37228,40.68109],[36.37374,40.68057],[36.37429,40.67993],[36.37408,40.67497],[36.37663,40.67319],[36.38153,40.671],[36.38326,40.66911],[36.38929,40.67014],[36.39041,40.67006],[36.39803,40.66746],[36.40157,40.66579],[36.40281,40.66175],[36.40313,40.65883],[36.40215,40.65718],[36.4012,40.65392],[36.40193,40.65381],[36.40515,40.65583],[36.40697,40.65568],[36.40972,40.65804],[36.41328,40.65976],[36.41627,40.66038],[36.42706,40.66149],[36.42981,40.66074],[36.43255,40.66107],[36.44026,40.65877],[36.44502,40.65928],[36.45017,40.65862],[36.45422,40.65909],[36.45952,40.65883],[36.46721,40.65688],[36.48,40.65536],[36.48345,40.65467],[36.49111,40.65122],[36.50287,40.64815],[36.50682,40.64828],[36.50753,40.64774],[36.50971,40.64753],[36.5136,40.64748],[36.51474,40.64798],[36.51838,40.64776],[36.52682,40.64886],[36.52812,40.64948],[36.52939,40.65137],[36.53173,40.65203],[36.53321,40.6518],[36.53795,40.64989],[36.53639,40.64888],[36.53547,40.64753],[36.5358,40.64641],[36.53883,40.64524],[36.5424,40.64466],[36.54205,40.64522],[36.54446,40.64482],[36.54621,40.64022],[36.54673,40.64055],[36.54828,40.64052],[36.54923,40.63922],[36.55331,40.63967],[36.55947,40.64115],[36.56235,40.64289],[36.56288,40.64469],[36.56417,40.64629],[36.56507,40.64643],[36.56244,40.64203],[36.561,40.641],[36.55883,40.63841],[36.55945,40.63778],[36.56108,40.63742],[36.5687,40.6306],[36.57022,40.62845],[36.57235,40.62313],[36.57688,40.62094],[36.57829,40.61931],[36.57808,40.61877],[36.57606,40.61929],[36.57282,40.61828],[36.57143,40.61864],[36.56997,40.61826],[36.56643,40.61886],[36.56465,40.6186],[36.56578,40.61809],[36.56619,40.61746],[36.56595,40.61667],[36.56501,40.61588],[36.5637,40.61618],[36.56209,40.6157],[36.55945,40.61289],[36.55872,40.6112],[36.55606,40.61],[36.55495,40.60768],[36.55355,40.60725],[36.55269,40.60613],[36.55123,40.6056],[36.54948,40.60416],[36.54838,40.60234],[36.54033,40.59847],[36.53991,40.59725],[36.53598,40.59262],[36.53666,40.59124],[36.53647,40.58862],[36.53817,40.58856],[36.53885,40.58817],[36.53752,40.58601],[36.53855,40.58543],[36.53735,40.58459],[36.53613,40.58287],[36.53797,40.58358],[36.53922,40.58305],[36.53235,40.57562],[36.53308,40.57502],[36.53493,40.57041],[36.5384,40.56813],[36.53881,40.56717],[36.54113,40.56732],[36.54184,40.56618],[36.5428,40.56569],[36.54338,40.56479],[36.54398,40.56144],[36.5448,40.56099],[36.54681,40.56118],[36.55008,40.56264],[36.55241,40.56249],[36.55707,40.56047],[36.56059,40.55715],[36.56447,40.55738],[36.56662,40.55693],[36.56947,40.55734],[36.57495,40.55687],[36.58044,40.558],[36.58291,40.55792],[36.58555,40.55856],[36.58894,40.55807],[36.59228,40.55682],[36.59381,40.55708],[36.60125,40.55621],[36.60554,40.55633],[36.61024,40.55715],[36.614,40.55614],[36.61705,40.55644],[36.61872,40.55582],[36.62196,40.55652],[36.62344,40.55588],[36.62865,40.55624],[36.62868,40.55562],[36.6302,40.55506],[36.63758,40.55674],[36.64091,40.55706],[36.64228,40.55781],[36.65112,40.55809],[36.65352,40.557],[36.65576,40.5573],[36.65872,40.55712],[36.66771,40.5585],[36.67045,40.55777],[36.67326,40.55805],[36.68588,40.55588],[36.68698,40.5562],[36.6888,40.55803],[36.69217,40.55803],[36.69605,40.55738],[36.69775,40.55848],[36.6982,40.55957],[36.69747,40.55979],[36.69777,40.56223],[36.69627,40.56257],[36.69582,40.56504],[36.69614,40.56616],[36.69683,40.56682],[36.69766,40.56659],[36.6985,40.56556],[36.7023,40.56936],[36.70266,40.57028],[36.70348,40.57064],[36.70388,40.57197],[36.70691,40.57335],[36.70736,40.57451],[36.70803,40.57487],[36.70921,40.57461],[36.71097,40.57322],[36.71124,40.57444],[36.70949,40.57654],[36.71021,40.57676],[36.71221,40.57646],[36.71335,40.57551],[36.71418,40.57532],[36.71858,40.57695],[36.71908,40.57661],[36.7221,40.57712],[36.72238,40.57775],[36.72678,40.5789],[36.7268,40.57955],[36.72564,40.58124],[36.72749,40.58174],[36.7277,40.5835],[36.72925,40.58279],[36.73032,40.58438],[36.73017,40.58541],[36.73109,40.58491],[36.73247,40.58283],[36.7327,40.58219],[36.73223,40.58178],[36.73315,40.58204],[36.7345,40.58313],[36.73487,40.58423],[36.73311,40.58757],[36.73129,40.58897],[36.73159,40.59077],[36.73081,40.59341],[36.7294,40.59601],[36.72809,40.59731],[36.72725,40.60193],[36.7247,40.60667],[36.72635,40.60875],[36.7276,40.61206],[36.73077,40.6174],[36.7394,40.62045],[36.75075,40.6192],[36.75272,40.61852],[36.75356,40.61869],[36.75944,40.62319],[36.75961,40.6245],[36.77401,40.6221],[36.77626,40.62139],[36.78701,40.6165],[36.79601,40.61066],[36.79679,40.61104],[36.79984,40.60943],[36.80106,40.60976],[36.81231,40.61578],[36.81289,40.61912],[36.81923,40.62624],[36.84872,40.62565],[36.85488,40.62921],[36.85806,40.6287],[36.8659,40.62555],[36.87492,40.62312],[36.88783,40.62322],[36.88881,40.6236],[36.89113,40.62365],[36.89245,40.6234],[36.90361,40.61805],[36.90726,40.6159],[36.91152,40.61234],[36.91425,40.60814],[36.91638,40.60617],[36.92727,40.60093],[36.93415,40.59829],[36.93604,40.59629],[36.93724,40.59618],[36.94331,40.59162],[36.94518,40.59141],[36.94736,40.59023],[36.96056,40.58974],[36.9635,40.58882],[36.96563,40.58903],[36.97002,40.58817],[36.97129,40.58759],[36.97608,40.58807],[36.97736,40.5885],[36.98017,40.5883],[36.98271,40.5886],[36.98365,40.58884],[36.98436,40.59049],[36.98507,40.59049],[36.98487,40.58867],[36.98545,40.58832],[36.98573,40.59053],[36.98644,40.5891],[36.98732,40.58865],[36.98906,40.5886],[36.99161,40.58704],[36.99286,40.58717],[36.99404,40.59],[36.99571,40.59011],[36.99652,40.58974],[36.99693,40.58871],[36.9976,40.58832],[36.99897,40.5889],[37.00062,40.5885],[37.00204,40.58697],[37.00298,40.58706],[37.00388,40.58777],[37.00322,40.59026],[37.00195,40.5912],[37.00174,40.5918],[37.00215,40.59227],[37.00571,40.59317],[37.00682,40.59416],[37.00841,40.59416],[37.01034,40.59549],[37.01236,40.59508],[37.01249,40.59571],[37.01408,40.59603],[37.01436,40.59532],[37.01498,40.59523],[37.01629,40.59603],[37.01863,40.59652],[37.01725,40.59369],[37.01629,40.59279],[37.0168,40.5924],[37.02109,40.59568],[37.02493,40.5951],[37.02571,40.59335],[37.02624,40.59309],[37.02886,40.59367],[37.03028,40.59495],[37.03163,40.59558],[37.03281,40.5924],[37.03435,40.59298],[37.03689,40.5933],[37.03757,40.59375],[37.03929,40.59352],[37.03759,40.59159],[37.03738,40.59043],[37.04068,40.59056],[37.0421,40.59019],[37.03972,40.58897],[37.03987,40.58824],[37.04433,40.58783],[37.04515,40.58732],[37.04564,40.5859],[37.04774,40.58573],[37.04903,40.58648],[37.05208,40.58611],[37.05201,40.58695],[37.05575,40.5868],[37.05637,40.58822],[37.05787,40.58747],[37.0594,40.58789],[37.05974,40.5886],[37.06115,40.58862],[37.06261,40.58914],[37.06094,40.5865],[37.06139,40.58596],[37.065,40.58742],[37.06703,40.58629],[37.06884,40.58689],[37.07096,40.58908],[37.07203,40.58646],[37.07587,40.59002],[37.07633,40.58912],[37.07635,40.58633],[37.07716,40.58508],[37.08113,40.5847],[37.08281,40.58506],[37.08437,40.58599],[37.08658,40.58566],[37.08716,40.58601],[37.08774,40.58545],[37.08761,40.58468],[37.08933,40.58305],[37.09027,40.58332],[37.09115,40.58498],[37.09268,40.5835],[37.09433,40.583],[37.09697,40.58444],[37.09712,40.58296],[37.10158,40.58367],[37.10233,40.58352],[37.10504,40.58508],[37.10637,40.58543],[37.10695,40.5839],[37.10671,40.58197],[37.10785,40.58154],[37.10838,40.58023],[37.10965,40.57987],[37.11152,40.58021],[37.11227,40.57978],[37.11446,40.57959],[37.11596,40.58081],[37.11677,40.57974],[37.11918,40.58092],[37.12087,40.58086],[37.11984,40.57966],[37.11933,40.57766],[37.12072,40.57652],[37.12147,40.57867],[37.12259,40.57918],[37.12405,40.57807],[37.12512,40.57813],[37.1278,40.58118],[37.13154,40.58367],[37.13463,40.58669],[37.13763,40.5889],[37.13939,40.58955],[37.13982,40.59036],[37.14141,40.58983],[37.14208,40.59007],[37.14363,40.5915],[37.14389,40.59237],[37.14496,40.59295],[37.14464,40.59144],[37.14543,40.59105],[37.14609,40.5916],[37.14936,40.59181],[37.15093,40.59234],[37.15231,40.59213],[37.15411,40.5939],[37.15543,40.59426],[37.1553,40.59364],[37.15625,40.59417],[37.1583,40.59435],[37.15982,40.59491],[37.16209,40.59427],[37.16452,40.59304],[37.16569,40.59205],[37.166,40.59063],[37.16667,40.59045],[37.16854,40.5909],[37.17276,40.59347],[37.17407,40.59376],[37.17992,40.59882],[37.18061,40.59872],[37.18162,40.59946],[37.18259,40.59947],[37.18233,40.59811],[37.18297,40.59783],[37.18314,40.59635],[37.18271,40.59476],[37.18192,40.59356],[37.17677,40.58976],[37.17643,40.58865],[37.17501,40.58691],[37.17531,40.58446],[37.17621,40.5841],[37.17634,40.58193],[37.17685,40.58144],[37.17655,40.58004],[37.17692,40.57882],[37.17894,40.57841],[37.17982,40.57635],[37.18273,40.57556],[37.18324,40.57448],[37.18447,40.57594],[37.18718,40.57702],[37.18818,40.5779],[37.18917,40.57787],[37.18997,40.57878],[37.19891,40.58011],[37.20258,40.58204],[37.20449,40.58257],[37.21112,40.5833],[37.21586,40.58341],[37.21861,40.58463],[37.22262,40.58517],[37.22376,40.5852],[37.22483,40.58477],[37.2258,40.5836],[37.22589,40.58413],[37.22685,40.58444],[37.22804,40.58344],[37.22876,40.58492],[37.2302,40.58569],[37.23091,40.58724],[37.23185,40.58816],[37.23263,40.58803],[37.23399,40.58926],[37.2365,40.59442],[37.23724,40.59449],[37.23949,40.59607],[37.24213,40.59699],[37.24576,40.5973],[37.25095,40.59843],[37.25289,40.5998],[37.25511,40.60289],[37.25531,40.60523],[37.25496,40.60631],[37.25708,40.60987],[37.25953,40.6103],[37.26151,40.61362],[37.26472,40.61686],[37.26814,40.61927],[37.26932,40.62306],[37.27176,40.62557],[37.27281,40.62751],[37.2752,40.62937],[37.27699,40.63023],[37.27798,40.63156],[37.2788,40.6319],[37.28097,40.63171],[37.27893,40.63292],[37.27598,40.63611],[37.27377,40.63748],[37.26467,40.64077],[37.26102,40.64351],[37.25735,40.64444],[37.26083,40.64368],[37.26263,40.64185],[37.26373,40.64161],[37.26729,40.63962],[37.27044,40.63897],[37.27201,40.63777],[37.2743,40.63706],[37.27461,40.63648],[37.27642,40.63588],[37.27813,40.63352],[37.27943,40.63258],[37.28114,40.63171],[37.28335,40.6316],[37.28434,40.63094],[37.2868,40.62879],[37.2876,40.62733],[37.28901,40.62798],[37.29062,40.62761],[37.29403,40.62622],[37.29451,40.62519],[37.29528,40.62497],[37.29599,40.6251],[37.29712,40.62682],[37.29749,40.62545],[37.29695,40.62242],[37.29788,40.62098],[37.29878,40.61794],[37.30236,40.61508],[37.30223,40.61242],[37.29951,40.60854],[37.29719,40.60214],[37.29412,40.59978],[37.29122,40.59873],[37.29054,40.59671],[37.29253,40.59356],[37.29275,40.59178],[37.2935,40.59073],[37.29483,40.58963],[37.29584,40.58933],[37.29719,40.58978],[37.29884,40.5859],[37.30234,40.58283],[37.30361,40.5771],[37.30249,40.57493],[37.30406,40.5739],[37.30654,40.57114],[37.307,40.56921],[37.30689,40.56854],[37.30509,40.56678],[37.30637,40.56708],[37.31315,40.56178],[37.31485,40.55987],[37.31734,40.55918],[37.3183,40.55933],[37.31936,40.56077],[37.32023,40.56077],[37.32137,40.56004],[37.32315,40.56017],[37.32453,40.55918],[37.32993,40.55876],[37.33543,40.5568],[37.33669,40.55657],[37.33802,40.55755],[37.33983,40.55788],[37.34304,40.55657],[37.35038,40.55494],[37.35279,40.55554],[37.35695,40.55789],[37.3623,40.55965],[37.36596,40.56017],[37.37055,40.56236],[37.37332,40.56423],[37.37502,40.56451],[37.37733,40.56562],[37.38057,40.56586],[37.38244,40.56536],[37.38585,40.56245],[37.38746,40.5615],[37.38961,40.56103],[37.39263,40.56152],[37.39298,40.562],[37.396,40.56253],[37.39776,40.56234],[37.40238,40.56351],[37.40673,40.56673],[37.41085,40.56559],[37.41146,40.56454],[37.41254,40.56411],[37.41376,40.56192],[37.41528,40.56167],[37.41989,40.56398],[37.42086,40.56473],[37.42282,40.56794],[37.42445,40.56777],[37.42434,40.56839],[37.42503,40.56828],[37.42574,40.56676],[37.42587,40.56489],[37.42664,40.56448],[37.4307,40.56421],[37.43381,40.56506],[37.43551,40.56483],[37.43881,40.56599],[37.44093,40.56717],[37.44147,40.56777],[37.44003,40.56882],[37.44012,40.56942],[37.44093,40.56903],[37.44098,40.57077],[37.44246,40.57041],[37.44179,40.57202],[37.44203,40.57268],[37.4401,40.57466],[37.44046,40.57511],[37.43343,40.57714],[37.43266,40.57937],[37.43275,40.58074],[37.43437,40.58244],[37.43886,40.58413],[37.43956,40.58478],[37.43959,40.58571],[37.44259,40.58702],[37.44265,40.5882],[37.44542,40.59092],[37.44817,40.59126],[37.44982,40.59195],[37.4505,40.5924],[37.45029,40.59307],[37.45117,40.59356],[37.45393,40.59382],[37.45477,40.59358],[37.456,40.59437],[37.45796,40.59408],[37.45773,40.59302],[37.45839,40.59352],[37.45934,40.59358],[37.46212,40.59261],[37.46266,40.59167],[37.4636,40.59192],[37.46453,40.5911],[37.46543,40.59091],[37.46626,40.58914],[37.46804,40.58698],[37.46609,40.58533],[37.46557,40.58631],[37.46488,40.58581],[37.46366,40.58564],[37.46368,40.58425],[37.46469,40.5812],[37.46683,40.57875],[37.46709,40.57755],[37.46608,40.57558],[37.46593,40.57403],[37.46977,40.57163],[37.46913,40.56833],[37.47061,40.5676],[37.47254,40.56764],[37.47355,40.56687],[37.47437,40.56455],[37.47501,40.56423],[37.47653,40.56472],[37.47707,40.56554],[37.4778,40.56551],[37.48059,40.56367],[37.48265,40.56335],[37.48409,40.56356],[37.48647,40.56161],[37.48748,40.56148],[37.48915,40.56206],[37.49029,40.56109],[37.49138,40.55573],[37.49263,40.55453],[37.49642,40.55264],[37.49763,40.55245],[37.49938,40.55294],[37.50499,40.5523],[37.50636,40.55309],[37.50687,40.55512],[37.50815,40.55567],[37.5135,40.5568],[37.51447,40.55655],[37.51553,40.55517],[37.51622,40.55504],[37.51753,40.55534],[37.51721,40.55645],[37.51852,40.55623],[37.51901,40.55651],[37.52205,40.55143],[37.52346,40.55072],[37.52408,40.5513],[37.52374,40.5529],[37.52482,40.55587],[37.52471,40.55753],[37.52577,40.55982],[37.52766,40.56189],[37.53154,40.56294],[37.53218,40.56348],[37.53296,40.5635],[37.53341,40.56416],[37.5357,40.56395],[37.53639,40.56208],[37.5387,40.56024],[37.54336,40.56036],[37.5465,40.5581],[37.5474,40.55498],[37.54946,40.55187],[37.5478,40.55041],[37.54708,40.54902],[37.547,40.54674],[37.54379,40.54418],[37.5436,40.54251],[37.54448,40.54121],[37.54461,40.53986],[37.54611,40.53895],[37.54956,40.53889],[37.55102,40.53713],[37.55244,40.53619],[37.5525,40.53543],[37.55465,40.53402],[37.55496,40.53309],[37.55376,40.53217],[37.55445,40.53062],[37.556,40.52966],[37.55888,40.52934],[37.55908,40.52885],[37.56206,40.52683],[37.55865,40.52449],[37.55545,40.52406],[37.55213,40.52408],[37.55013,40.52262],[37.54985,40.52078],[37.54882,40.51865],[37.54869,40.51691],[37.54994,40.51586],[37.55045,40.51464],[37.54975,40.51354],[37.54945,40.51123],[37.54784,40.51024],[37.54743,40.50902],[37.54829,40.50869],[37.54687,40.50764],[37.54509,40.50739],[37.54425,40.50706],[37.54427,40.50648],[37.54286,40.50621],[37.54093,40.50378],[37.54164,40.50316],[37.54333,40.50277],[37.5494,40.49906],[37.55039,40.49745],[37.55123,40.49704],[37.55528,40.49664],[37.56299,40.49775],[37.5662,40.49631],[37.57243,40.49434],[37.5806,40.49406],[37.59879,40.503],[37.60083,40.50624],[37.6015,40.50844],[37.60965,40.50828],[37.61152,40.50908],[37.615,40.50905],[37.61755,40.50746],[37.62024,40.50654],[37.62277,40.50691],[37.62498,40.50614],[37.62757,40.50443],[37.62837,40.50239],[37.63251,40.49994],[37.6361,40.49841],[37.64141,40.49948],[37.64257,40.50038],[37.65142,40.50322],[37.65694,40.50281],[37.65945,40.50332],[37.66063,40.50229],[37.66215,40.50198],[37.66304,40.5024],[37.66392,40.5017],[37.66631,40.50093],[37.67014,40.50064],[37.67064,40.49966],[37.66949,40.49627],[37.67208,40.49425],[37.67126,40.4915],[37.66882,40.49091],[37.66906,40.49006],[37.66779,40.48755],[37.66764,40.48315],[37.66819,40.48259],[37.67072,40.48314],[37.67127,40.48369],[37.67555,40.48499],[37.67619,40.4862],[37.67896,40.48656],[37.68037,40.48747],[37.68288,40.48819],[37.68693,40.49051],[37.68846,40.49038],[37.68831,40.49131],[37.69073,40.49037],[37.69321,40.49367],[37.69453,40.49432],[37.70059,40.48852],[37.70521,40.48827],[37.70654,40.48734],[37.70847,40.48694],[37.71134,40.48526],[37.71156,40.48391],[37.71209,40.48335],[37.7151,40.4841],[37.71594,40.4835],[37.71553,40.48254],[37.71435,40.48213],[37.71368,40.48144],[37.7134,40.48039],[37.71381,40.47994],[37.71639,40.47973],[37.71819,40.47868],[37.72051,40.47464],[37.72209,40.47475],[37.72518,40.47586],[37.72585,40.47561],[37.72662,40.47312],[37.72602,40.47069],[37.7272,40.46975],[37.72817,40.4696],[37.72729,40.4684],[37.72737,40.46735],[37.7313,40.46376],[37.73222,40.46338],[37.73362,40.46368],[37.73551,40.46187],[37.73804,40.46067],[37.73855,40.46005],[37.74235,40.45838],[37.74325,40.45831],[37.74458,40.45737],[37.7455,40.45893],[37.74628,40.45917],[37.74896,40.45715],[37.75269,40.45741],[37.75319,40.45709],[37.75319,40.45576],[37.754,40.45473],[37.75692,40.45393],[37.75962,40.4561],[37.76175,40.45696],[37.764,40.45947],[37.76542,40.46016],[37.76705,40.46024],[37.76829,40.46119],[37.77037,40.46123],[37.77355,40.45992],[37.77627,40.45986],[37.77385,40.46067],[37.77308,40.46155],[37.77398,40.46657],[37.77597,40.46908],[37.77733,40.46977],[37.77737,40.47035],[37.77846,40.47119],[37.77988,40.47323],[37.78072,40.47344],[37.78183,40.47447],[37.78303,40.47426],[37.78355,40.47526],[37.78142,40.48159],[37.77906,40.48451],[37.77898,40.48576],[37.77745,40.48661],[37.77602,40.48908],[37.77445,40.49024],[37.77464,40.49125],[37.77516,40.492],[37.77582,40.49202],[37.77889,40.49127],[37.77836,40.49406],[37.77917,40.49518],[37.78012,40.49533],[37.78211,40.4949],[37.78308,40.49539],[37.78301,40.49934],[37.78572,40.49827],[37.78516,40.50076],[37.78653,40.50033],[37.7866,40.50084],[37.78544,40.50301],[37.78569,40.50449],[37.78709,40.50528],[37.78715,40.5058],[37.78518,40.51056],[37.7858,40.51153],[37.78565,40.51453],[37.78743,40.51616],[37.78793,40.51869],[37.78943,40.51972],[37.79185,40.5203],[37.79271,40.52095],[37.79265,40.52213],[37.7934,40.52333],[37.79484,40.52402],[37.79705,40.52341],[37.79763,40.52408],[37.7978,40.5259],[37.80106,40.52932],[37.80018,40.5341],[37.80052,40.53492],[37.80159,40.53614],[37.80391,40.53723],[37.80599,40.53957],[37.80754,40.53951],[37.81084,40.53751],[37.81335,40.5371],[37.81543,40.53807],[37.81938,40.53882],[37.82275,40.54004],[37.82535,40.54307],[37.8288,40.54517],[37.82981,40.54747],[37.83215,40.54891],[37.83284,40.55142],[37.83282,40.55331],[37.83513,40.55996],[37.83565,40.56382],[37.83824,40.56562],[37.8397,40.56809],[37.84033,40.56845],[37.84065,40.56906],[37.83957,40.57024],[37.84,40.57073],[37.84101,40.57096],[37.84091,40.57154],[37.84219,40.57221],[37.84404,40.57408],[37.84022,40.57451],[37.8396,40.57663],[37.83848,40.57768],[37.83889,40.57963],[37.83698,40.57923],[37.83563,40.58126],[37.83496,40.58154],[37.83782,40.58172],[37.83839,40.58259],[37.84114,40.58352],[37.8426,40.58343],[37.84275,40.58124],[37.84395,40.58026],[37.84771,40.57955],[37.85024,40.57991],[37.85438,40.5821],[37.85567,40.58229],[37.85796,40.58148],[37.85964,40.58139],[37.86404,40.58236],[37.86562,40.58309],[37.86904,40.58281],[37.87479,40.58345],[37.87367,40.58485],[37.87489,40.58521],[37.87687,40.58491],[37.88028,40.58534],[37.88399,40.58663],[37.88449,40.58777],[37.88747,40.58774],[37.88809,40.58888],[37.88914,40.58944],[37.89223,40.58923],[37.89468,40.58976],[37.89682,40.59165],[37.89659,40.59581],[37.89811,40.59774],[37.90036,40.59901],[37.90528,40.6004],[37.90657,40.60165],[37.90736,40.60362],[37.90918,40.60429],[37.91251,40.60427],[37.91845,40.605],[37.91981,40.6065],[37.92124,40.60667],[37.92229,40.60538],[37.92369,40.60485],[37.92455,40.60517],[37.92532,40.60676],[37.93195,40.60916],[37.93519,40.61088],[37.93523,40.61167],[37.93429,40.61298],[37.93416,40.61392],[37.93586,40.615],[37.94086,40.61753],[37.94515,40.61731],[37.94815,40.61824],[37.94877,40.62025],[37.94839,40.62148],[37.95313,40.62433],[37.95476,40.62459],[37.95579,40.62555],[37.95579,40.62901],[37.95809,40.6289],[37.96027,40.62856],[37.96407,40.62607],[37.9676,40.62647],[37.96862,40.62608],[37.9695,40.62385],[37.97054,40.62286],[37.97391,40.62033],[37.97592,40.61978],[37.97702,40.61859],[37.97802,40.61638],[37.97926,40.61512],[37.97795,40.61178],[37.97872,40.61191],[37.97931,40.61152],[37.97973,40.60987],[37.98187,40.60945],[37.98678,40.61055],[37.98826,40.61015],[37.9896,40.61027],[37.99146,40.60952],[37.99218,40.60964],[37.99318,40.609],[37.99093,40.60923],[37.99175,40.60834],[37.9933,40.60767],[38.00034,40.60687],[38.00176,40.60577],[38.00456,40.60598],[38.00569,40.60574],[38.00605,40.60495],[38.00892,40.60453],[38.00935,40.60372],[38.01032,40.60356],[38.01164,40.60444],[38.01275,40.60369],[38.01367,40.60204],[38.01361,40.60004],[38.01605,40.601],[38.01682,40.60295],[38.01938,40.60319],[38.02106,40.60279],[38.02293,40.60333],[38.02401,40.60464],[38.02468,40.60253],[38.02534,40.60197],[38.02654,40.60246],[38.031,40.60263],[38.03114,40.60204],[38.02924,40.60157],[38.0292,40.60058],[38.03253,40.59829],[38.03293,40.59626],[38.03424,40.59839],[38.03568,40.59856],[38.04086,40.59743],[38.04377,40.59719],[38.04553,40.59622],[38.05233,40.59523],[38.05295,40.59444],[38.05502,40.59333],[38.05814,40.59281],[38.05916,40.59315],[38.06019,40.59286],[38.05999,40.5942],[38.0622,40.59255],[38.06534,40.59183],[38.06578,40.59121],[38.06387,40.59073],[38.06335,40.59006],[38.06026,40.58983],[38.05969,40.58927],[38.05968,40.5884],[38.06192,40.58783],[38.06413,40.58632],[38.06356,40.58833],[38.06437,40.58821],[38.06506,40.58697],[38.06642,40.58704],[38.0687,40.58606],[38.0694,40.58687],[38.07039,40.58562],[38.07426,40.58396],[38.07557,40.58285],[38.08061,40.58002],[38.08206,40.57845],[38.08682,40.57638],[38.08808,40.57562],[38.08932,40.57398],[38.09076,40.57356],[38.09247,40.57201],[38.0931,40.57081],[38.09493,40.56941],[38.09532,40.5685],[38.09563,40.56722],[38.09531,40.5646],[38.09397,40.56306],[38.09506,40.55751],[38.09583,40.55618],[38.09688,40.55514],[38.10136,40.55351],[38.1048,40.55272],[38.10554,40.55112],[38.1078,40.54934],[38.10841,40.54943],[38.10988,40.54699],[38.11175,40.54656],[38.11506,40.54743],[38.11549,40.54791],[38.11823,40.54766],[38.12089,40.54787],[38.12805,40.55013],[38.13288,40.55019],[38.13513,40.55247],[38.13661,40.55258],[38.13781,40.55322],[38.1385,40.55444],[38.14204,40.55811],[38.14279,40.5588],[38.14511,40.55936],[38.14593,40.56002],[38.14599,40.5609],[38.14805,40.56154],[38.15035,40.56139],[38.15311,40.56313],[38.15477,40.56554],[38.1547,40.56921],[38.15553,40.56894],[38.15705,40.56723],[38.1616,40.56573],[38.16753,40.56286],[38.17293,40.56223],[38.17496,40.56165],[38.17788,40.56192],[38.18224,40.56122],[38.1864,40.56162],[38.18616,40.56093],[38.19464,40.56286],[38.19938,40.56516],[38.20191,40.56506],[38.20352,40.56584],[38.20507,40.56587],[38.20648,40.56503],[38.21141,40.56364],[38.21445,40.56081],[38.21287,40.55728],[38.21544,40.55931],[38.21625,40.55946],[38.22208,40.55815],[38.22278,40.55697],[38.22227,40.55512],[38.2251,40.55558],[38.22658,40.55649],[38.22755,40.55609],[38.22754,40.55362],[38.22859,40.55227],[38.22884,40.55107],[38.22728,40.5489],[38.22727,40.54789],[38.22774,40.54733],[38.22863,40.54682],[38.2345,40.54601],[38.23917,40.54452],[38.24127,40.54426],[38.2436,40.54163],[38.24347,40.54036],[38.24415,40.54023],[38.24585,40.53875],[38.24537,40.53813],[38.24614,40.53767],[38.24835,40.53818],[38.24981,40.53785],[38.245,40.53131],[38.24179,40.52841],[38.24211,40.52525],[38.24232,40.52462],[38.24268,40.52505],[38.24294,40.52403],[38.24223,40.52255],[38.24258,40.52204],[38.24345,40.52183],[38.24359,40.51974],[38.24229,40.51883],[38.24264,40.51832],[38.24363,40.51817],[38.24342,40.51767],[38.24603,40.51689],[38.24285,40.51533],[38.24242,40.51374],[38.24284,40.51311],[38.24105,40.51093],[38.24352,40.51195],[38.24445,40.51376],[38.24635,40.51358],[38.24854,40.51287],[38.25346,40.51367],[38.25895,40.51309],[38.25857,40.51218],[38.25625,40.50987],[38.25605,40.5076],[38.25775,40.50631],[38.26114,40.50645],[38.26224,40.50663],[38.26157,40.50727],[38.25855,40.50703],[38.25761,40.50793],[38.25788,40.50862],[38.25834,40.50972],[38.26107,40.51225],[38.26413,40.51392],[38.26273,40.51164],[38.26427,40.51155],[38.26956,40.51226],[38.27047,40.51196],[38.27035,40.51105],[38.27118,40.51087],[38.27399,40.51089],[38.27772,40.51162],[38.28022,40.5117],[38.28322,40.50815],[38.28368,40.50687],[38.28569,40.50458],[38.28681,40.50395],[38.29224,40.50322],[38.29349,40.50381],[38.29497,40.50348],[38.29835,40.50373],[38.30231,40.50255],[38.30283,40.5028],[38.30236,40.50171],[38.30277,40.5013],[38.3065,40.50058],[38.31008,40.50039],[38.31239,40.50085],[38.31503,40.50031],[38.31636,40.501],[38.31802,40.50105],[38.31935,40.50011],[38.31892,40.49835],[38.3193,40.49741],[38.32096,40.49651],[38.32173,40.49498],[38.3213,40.49331],[38.31915,40.49217],[38.31664,40.4891],[38.31722,40.48814],[38.31827,40.48775],[38.31559,40.48653],[38.31694,40.48569],[38.318,40.48417],[38.3186,40.48526],[38.32117,40.48595],[38.3251,40.4847],[38.32578,40.48335],[38.32703,40.48258],[38.32589,40.48237],[38.32602,40.48177],[38.33096,40.47679],[38.33123,40.47601],[38.32999,40.47516],[38.32965,40.47299],[38.32881,40.47198],[38.3307,40.47005],[38.33164,40.46951],[38.33254,40.46953],[38.33589,40.47108],[38.33729,40.47134],[38.34121,40.47114],[38.34428,40.47247],[38.34688,40.4725],[38.35048,40.47067],[38.3552,40.47022],[38.35718,40.46876],[38.35872,40.46833],[38.36218,40.46835],[38.36608,40.46679],[38.36994,40.46597],[38.37306,40.46548],[38.37612,40.46636],[38.37887,40.46621],[38.38473,40.46346],[38.38758,40.46305],[38.38898,40.46243],[38.38956,40.46172],[38.38844,40.46026],[38.38951,40.45758],[38.39033,40.45683],[38.39299,40.45632],[38.39499,40.45679],[38.39735,40.45653],[38.39829,40.45481]]}},{"type":"Feature","properties":{"name":"TET_TR-06-N_20240614","country":"TR","lengthKm":424.3},"geometry":{"type":"LineString","coordinates":[[38.3984,40.45494],[38.39909,40.45565],[38.40408,40.45607],[38.40418,40.45719],[38.40542,40.45906],[38.40398,40.46026],[38.4035,40.46123],[38.40385,40.46194],[38.4057,40.46095],[38.40611,40.4628],[38.41064,40.46351],[38.41123,40.46432],[38.41438,40.46528],[38.41573,40.46702],[38.4155,40.46758],[38.41594,40.46844],[38.41723,40.46954],[38.41756,40.47073],[38.41715,40.47243],[38.42253,40.47544],[38.42445,40.47706],[38.42482,40.48044],[38.4255,40.48169],[38.43267,40.48224],[38.43777,40.48401],[38.44083,40.4844],[38.44244,40.48339],[38.44322,40.48184],[38.44442,40.48118],[38.44914,40.47954],[38.45026,40.47987],[38.45421,40.47921],[38.45496,40.47676],[38.45612,40.47724],[38.45714,40.47867],[38.46036,40.47811],[38.46342,40.47988],[38.4641,40.48104],[38.46402,40.48325],[38.46516,40.48411],[38.46722,40.4846],[38.46863,40.48578],[38.46743,40.48854],[38.46876,40.48803],[38.47203,40.49142],[38.47373,40.49233],[38.47634,40.49584],[38.47718,40.49632],[38.47921,40.49624],[38.47905,40.49577],[38.48107,40.49618],[38.48146,40.49575],[38.4823,40.49568],[38.48576,40.49656],[38.48739,40.49639],[38.48857,40.49531],[38.48924,40.49313],[38.48777,40.4938],[38.48791,40.49195],[38.49142,40.49036],[38.49325,40.49008],[38.49465,40.49039],[38.49592,40.49131],[38.4957,40.49364],[38.49729,40.49404],[38.50024,40.49576],[38.5024,40.49646],[38.50338,40.49734],[38.50346,40.49813],[38.50683,40.49877],[38.51132,40.49858],[38.5131,40.49933],[38.51123,40.50176],[38.50794,40.50359],[38.50978,40.50395],[38.51098,40.5038],[38.51105,40.50454],[38.5117,40.5044],[38.512,40.50626],[38.51355,40.50655],[38.51498,40.50733],[38.51527,40.50861],[38.51894,40.5112],[38.52424,40.51122],[38.52388,40.51407],[38.52438,40.51461],[38.5269,40.51508],[38.5277,40.51669],[38.53339,40.52035],[38.53651,40.52311],[38.53994,40.52371],[38.54427,40.52337],[38.54676,40.52376],[38.549,40.52329],[38.54956,40.52367],[38.5498,40.52641],[38.55044,40.5264],[38.55156,40.52699],[38.55223,40.52791],[38.55504,40.52907],[38.55686,40.52735],[38.55948,40.52682],[38.5616,40.52683],[38.56229,40.52616],[38.56335,40.52773],[38.56402,40.52772],[38.56591,40.52405],[38.56528,40.52358],[38.5649,40.5224],[38.56448,40.52072],[38.56478,40.52038],[38.56707,40.52123],[38.57023,40.52135],[38.56989,40.52088],[38.56709,40.51996],[38.56692,40.51847],[38.56748,40.51862],[38.56773,40.51931],[38.57081,40.51942],[38.57256,40.52012],[38.57463,40.52149],[38.57401,40.5223],[38.57603,40.52219],[38.57728,40.52166],[38.57972,40.52212],[38.58202,40.52197],[38.5885,40.5205],[38.58898,40.52001],[38.59076,40.51988],[38.5943,40.52128],[38.59459,40.52237],[38.59691,40.52268],[38.59781,40.52354],[38.60106,40.52473],[38.60138,40.52543],[38.60338,40.52526],[38.60492,40.52553],[38.60698,40.5244],[38.60664,40.52277],[38.60831,40.52183],[38.60879,40.52037],[38.61214,40.51565],[38.61603,40.51348],[38.62379,40.5125],[38.62835,40.51152],[38.63126,40.51007],[38.63618,40.50913],[38.63723,40.50954],[38.63761,40.51016],[38.63837,40.51013],[38.64176,40.5091],[38.6466,40.51043],[38.65381,40.50862],[38.65595,40.50756],[38.66184,40.50817],[38.66794,40.50742],[38.67272,40.50846],[38.67532,40.5085],[38.6807,40.50993],[38.68724,40.5097],[38.68789,40.50942],[38.68968,40.5098],[38.69104,40.50965],[38.69523,40.50842],[38.69645,40.50787],[38.69716,40.50688],[38.70042,40.5068],[38.70309,40.50586],[38.70387,40.50517],[38.70487,40.50291],[38.71192,40.50034],[38.7144,40.49997],[38.71796,40.50031],[38.72259,40.49859],[38.72402,40.49892],[38.72602,40.49769],[38.72766,40.49795],[38.72835,40.49862],[38.72926,40.49749],[38.73058,40.49732],[38.7325,40.4986],[38.73342,40.49853],[38.73475,40.49726],[38.73607,40.49682],[38.73532,40.49593],[38.73608,40.49567],[38.73851,40.49647],[38.74341,40.49614],[38.74488,40.49645],[38.74298,40.49658],[38.74097,40.49813],[38.7416,40.49803],[38.74223,40.49731],[38.74454,40.49728],[38.74594,40.4983],[38.74689,40.49766],[38.74991,40.4982],[38.75139,40.49786],[38.75293,40.49801],[38.7521,40.49845],[38.75382,40.49867],[38.75593,40.49814],[38.75733,40.49897],[38.75801,40.49893],[38.75858,40.49805],[38.75821,40.4973],[38.76,40.49606],[38.75973,40.49559],[38.76041,40.49377],[38.7611,40.49632],[38.76056,40.49727],[38.76216,40.49783],[38.76391,40.49792],[38.76246,40.49875],[38.76351,40.49871],[38.76262,40.4997],[38.76226,40.50161],[38.76286,40.50341],[38.76186,40.50697],[38.7683,40.50577],[38.77635,40.50672],[38.77943,40.50646],[38.7849,40.50435],[38.78825,40.50377],[38.78996,40.50231],[38.79218,40.50156],[38.79684,40.50067],[38.79741,40.5003],[38.79829,40.49815],[38.80049,40.49867],[38.80292,40.49797],[38.80642,40.4983],[38.80979,40.49731],[38.81205,40.49608],[38.8152,40.49706],[38.81562,40.49757],[38.81342,40.499],[38.81336,40.50034],[38.81395,40.50174],[38.81685,40.50787],[38.81919,40.50924],[38.81979,40.51117],[38.82214,40.51369],[38.82443,40.51776],[38.82425,40.51946],[38.82496,40.52125],[38.82774,40.52396],[38.82841,40.52558],[38.82999,40.52553],[38.83159,40.52609],[38.83306,40.52726],[38.83384,40.52731],[38.8345,40.52885],[38.83784,40.53206],[38.83884,40.53199],[38.83828,40.53042],[38.83922,40.52788],[38.83903,40.52691],[38.83973,40.52755],[38.84035,40.52924],[38.8418,40.53104],[38.8417,40.53517],[38.84291,40.53754],[38.84511,40.54631],[38.84573,40.5467],[38.85236,40.54544],[38.85675,40.54618],[38.85922,40.54597],[38.86253,40.54442],[38.86502,40.54231],[38.86802,40.54265],[38.86836,40.54197],[38.87157,40.54115],[38.87283,40.54207],[38.87637,40.54152],[38.87749,40.54215],[38.88316,40.54227],[38.88424,40.54266],[38.88484,40.54224],[38.88792,40.54199],[38.89061,40.54214],[38.89198,40.54259],[38.8957,40.54243],[38.89793,40.54265],[38.89842,40.54302],[38.90027,40.54285],[38.90085,40.54336],[38.90574,40.54255],[38.90907,40.54148],[38.9141,40.54165],[38.91676,40.54136],[38.91915,40.53992],[38.92159,40.53944],[38.9284,40.54177],[38.93563,40.54307],[38.93606,40.54309],[38.93389,40.54192],[38.94151,40.54101],[38.94023,40.5421],[38.94232,40.54279],[38.94483,40.54251],[38.94628,40.54281],[38.94452,40.54193],[38.94592,40.54109],[38.94916,40.54189],[38.95101,40.54171],[38.95684,40.54313],[38.96454,40.5433],[38.96725,40.54294],[38.96875,40.54317],[38.97439,40.54206],[38.9779,40.54237],[38.97975,40.5416],[38.98264,40.54104],[38.98745,40.5409],[38.98895,40.54043],[38.99054,40.54043],[38.99131,40.54],[38.99701,40.53886],[38.99777,40.53898],[38.99872,40.53769],[38.99963,40.53753],[39.00075,40.53786],[39.00325,40.5377],[39.00522,40.53867],[39.01023,40.53653],[39.012,40.53679],[39.01275,40.5373],[39.01227,40.53654],[39.01073,40.53584],[39.01195,40.536],[39.01476,40.53552],[39.01616,40.53619],[39.01998,40.53696],[39.02078,40.53734],[39.0219,40.54112],[39.02268,40.54204],[39.02227,40.54284],[39.0225,40.54336],[39.02378,40.54462],[39.02401,40.54565],[39.02518,40.54618],[39.02523,40.5484],[39.02461,40.54905],[39.02486,40.54988],[39.0272,40.5519],[39.02765,40.55538],[39.02822,40.55596],[39.02756,40.55729],[39.02792,40.55795],[39.02688,40.55963],[39.0242,40.56114],[39.0236,40.56205],[39.0234,40.56412],[39.0252,40.566],[39.02792,40.56798],[39.03023,40.57032],[39.03046,40.57106],[39.03195,40.57156],[39.03329,40.5742],[39.03558,40.57481],[39.0368,40.57556],[39.03704,40.57719],[39.03486,40.57775],[39.03363,40.57906],[39.03609,40.58044],[39.03659,40.58132],[39.03745,40.58101],[39.03682,40.58206],[39.03708,40.58296],[39.03527,40.58525],[39.03658,40.58639],[39.03905,40.5903],[39.04114,40.59071],[39.04253,40.59539],[39.04493,40.59747],[39.0459,40.59892],[39.04813,40.5992],[39.04987,40.60098],[39.04753,40.60334],[39.04908,40.60417],[39.04724,40.606],[39.04746,40.6097],[39.04988,40.61172],[39.0549,40.61869],[39.05709,40.61871],[39.05833,40.61793],[39.06162,40.6189],[39.06471,40.61907],[39.06875,40.61814],[39.07082,40.61833],[39.07246,40.61857],[39.07331,40.61916],[39.07437,40.6191],[39.07535,40.61997],[39.07622,40.62003],[39.07717,40.62095],[39.07864,40.62144],[39.07948,40.6227],[39.08165,40.62408],[39.08351,40.6229],[39.08736,40.62251],[39.08841,40.62466],[39.08981,40.62547],[39.09025,40.62677],[39.09227,40.62792],[39.09345,40.62778],[39.09392,40.62819],[39.09562,40.62754],[39.09665,40.62831],[39.09806,40.6283],[39.09799,40.62999],[39.09998,40.63182],[39.10155,40.63228],[39.10168,40.6336],[39.10417,40.63265],[39.10718,40.63533],[39.10939,40.63572],[39.11157,40.6384],[39.11461,40.6406],[39.11426,40.64194],[39.11489,40.64622],[39.11663,40.64595],[39.11741,40.64727],[39.11665,40.64793],[39.11716,40.64917],[39.11648,40.65056],[39.12383,40.64939],[39.12394,40.65174],[39.1247,40.65187],[39.12531,40.65149],[39.12749,40.65168],[39.12828,40.65309],[39.12942,40.65296],[39.13042,40.65367],[39.13214,40.65374],[39.13156,40.65416],[39.1309,40.65612],[39.13185,40.65753],[39.13301,40.65774],[39.13344,40.65819],[39.13208,40.65899],[39.13016,40.66164],[39.13208,40.66439],[39.12516,40.67311],[39.12933,40.67132],[39.12527,40.67484],[39.12723,40.67755],[39.12905,40.6787],[39.12722,40.67939],[39.1267,40.68032],[39.12502,40.68072],[39.12297,40.68065],[39.12161,40.6814],[39.12045,40.68128],[39.11645,40.68411],[39.11416,40.68711],[39.11905,40.68403],[39.1235,40.68412],[39.12336,40.68493],[39.12079,40.68668],[39.12125,40.68716],[39.12327,40.68567],[39.13038,40.68433],[39.13159,40.68363],[39.1324,40.68169],[39.13425,40.67954],[39.13551,40.67593],[39.13714,40.67665],[39.14076,40.68053],[39.14419,40.68083],[39.1456,40.68028],[39.14428,40.67851],[39.13806,40.67314],[39.13831,40.6724],[39.14028,40.67131],[39.13907,40.66957],[39.14178,40.66774],[39.14153,40.66355],[39.14225,40.66253],[39.14146,40.65803],[39.1426,40.65104],[39.14426,40.65115],[39.14672,40.65013],[39.14915,40.65081],[39.15147,40.65099],[39.15279,40.65064],[39.16043,40.65027],[39.16147,40.65095],[39.16211,40.65092],[39.16336,40.65016],[39.16781,40.65146],[39.16912,40.65074],[39.17126,40.65054],[39.17315,40.64865],[39.18129,40.6477],[39.18323,40.64697],[39.19065,40.64753],[39.19097,40.64599],[39.18941,40.64424],[39.18978,40.64373],[39.19639,40.64124],[39.19861,40.64138],[39.19983,40.64111],[39.2041,40.6384],[39.20784,40.63862],[39.20939,40.6381],[39.2129,40.63856],[39.21512,40.63957],[39.21636,40.6395],[39.21869,40.64197],[39.22033,40.64234],[39.22075,40.64152],[39.2233,40.64074],[39.22502,40.64074],[39.23563,40.63625],[39.23902,40.63313],[39.23996,40.62854],[39.24249,40.62475],[39.24837,40.62089],[39.25564,40.61802],[39.25796,40.61842],[39.26323,40.6211],[39.26691,40.62144],[39.26899,40.62106],[39.26971,40.61839],[39.27257,40.61732],[39.27488,40.62047],[39.27567,40.62037],[39.27621,40.62013],[39.27648,40.6187],[39.27581,40.61491],[39.27652,40.61459],[39.279,40.61539],[39.28188,40.61519],[39.28198,40.61462],[39.27996,40.61373],[39.28077,40.61221],[39.28118,40.60991],[39.28239,40.60845],[39.28611,40.60731],[39.28835,40.60597],[39.29055,40.6081],[39.29525,40.60787],[39.29761,40.60449],[39.30529,40.6011],[39.30736,40.59861],[39.31189,40.59942],[39.31409,40.60023],[39.31392,40.59919],[39.3175,40.60216],[39.33277,40.6129],[39.33507,40.61193],[39.3385,40.61169],[39.34151,40.61226],[39.35196,40.61112],[39.35885,40.61451],[39.35858,40.61281],[39.36064,40.61444],[39.36025,40.61326],[39.36429,40.60993],[39.36477,40.6076],[39.36605,40.60694],[39.36643,40.60615],[39.36811,40.606],[39.37205,40.60691],[39.37256,40.60728],[39.37222,40.60777],[39.37251,40.60829],[39.37318,40.60849],[39.37598,40.60853],[39.37712,40.60802],[39.37775,40.6083],[39.3842,40.60833],[39.38758,40.61168],[39.39318,40.61125],[39.39737,40.6102],[39.39676,40.60996],[39.39971,40.60777],[39.401,40.60944],[39.40379,40.61037],[39.40322,40.60968],[39.40393,40.61004],[39.40548,40.61008],[39.40584,40.61191],[39.40707,40.6119],[39.40871,40.61341],[39.40875,40.61161],[39.40813,40.61072],[39.40909,40.60787],[39.41057,40.60761],[39.41268,40.6085],[39.41456,40.60842],[39.41615,40.60878],[39.41552,40.60932],[39.41312,40.60939],[39.41798,40.61089],[39.41942,40.6108],[39.42183,40.61213],[39.42448,40.60955],[39.42358,40.60839],[39.42081,40.60717],[39.4246,40.60701],[39.42621,40.60733],[39.42892,40.60953],[39.42906,40.61232],[39.42838,40.61571],[39.42932,40.62137],[39.42927,40.6228],[39.42868,40.62373],[39.43156,40.6254],[39.42838,40.62548],[39.42931,40.62612],[39.42724,40.62702],[39.42994,40.62745],[39.43222,40.62952],[39.43261,40.63036],[39.4357,40.62798],[39.43742,40.62965],[39.44135,40.63107],[39.44326,40.63137],[39.44872,40.63016],[39.45646,40.62387],[39.45704,40.62175],[39.45871,40.62073],[39.4612,40.61808],[39.46319,40.61827],[39.46521,40.62037],[39.46785,40.62131],[39.46892,40.6216],[39.47183,40.62137],[39.47313,40.62212],[39.47709,40.61976],[39.48003,40.62026],[39.48967,40.61706],[39.49356,40.61666],[39.4966,40.61692],[39.49859,40.61671],[39.49893,40.61632],[39.50158,40.61621],[39.50427,40.61498],[39.51086,40.6149],[39.51505,40.61372],[39.5168,40.61419],[39.52294,40.62157],[39.52969,40.62377],[39.5338,40.62345],[39.53568,40.62374],[39.53783,40.62304],[39.53973,40.623],[39.54011,40.62357],[39.53966,40.62451],[39.54112,40.62742],[39.54102,40.62922],[39.53939,40.63047],[39.54341,40.63063],[39.55318,40.62615],[39.55493,40.62712],[39.56139,40.62793],[39.56182,40.62719],[39.56135,40.62542],[39.55964,40.62272],[39.55928,40.62004],[39.56048,40.61464],[39.5625,40.60961],[39.56405,40.60633],[39.56815,40.60337],[39.57063,40.60244],[39.57255,40.59947],[39.57396,40.59881],[39.57529,40.59463],[39.57754,40.59241],[39.57836,40.5907],[39.58136,40.58934],[39.58316,40.58793],[39.58476,40.58749],[39.58718,40.58791],[39.59115,40.58752],[39.59278,40.58941],[39.59357,40.58861],[39.59762,40.58957],[39.59958,40.58834],[39.60268,40.58763],[39.60488,40.5861],[39.60657,40.58343],[39.61093,40.58025],[39.61141,40.57915],[39.61307,40.57748],[39.61507,40.57647],[39.61894,40.57572],[39.62041,40.57597],[39.62781,40.57369],[39.62939,40.57617],[39.62995,40.57936],[39.62932,40.58198],[39.62975,40.58423],[39.63479,40.58403],[39.63418,40.58536],[39.6337,40.5903],[39.63464,40.59513],[39.63494,40.59553],[39.64171,40.597],[39.64155,40.59847],[39.64379,40.59972],[39.64862,40.60352],[39.65053,40.60398],[39.6521,40.60589],[39.65323,40.60597],[39.65493,40.60687],[39.6561,40.60815],[39.65734,40.61096],[39.65844,40.61183],[39.65837,40.61252],[39.65754,40.61331],[39.65746,40.61445],[39.65785,40.61486],[39.6603,40.61579],[39.66182,40.61597],[39.66628,40.61208],[39.66825,40.61106],[39.67143,40.61067],[39.67498,40.61152],[39.67782,40.61117],[39.68174,40.61207],[39.68591,40.61212],[39.68815,40.61388],[39.6876,40.61545],[39.68414,40.61821],[39.68341,40.61948],[39.68339,40.62461],[39.68616,40.62759],[39.68751,40.63019],[39.68659,40.63278],[39.68547,40.63435],[39.6841,40.63525],[39.68412,40.63592],[39.68547,40.63665],[39.68541,40.63714],[39.68596,40.63665],[39.68551,40.63622],[39.68635,40.63643],[39.68669,40.6371],[39.68558,40.63789],[39.68476,40.63918],[39.68408,40.63954],[39.67989,40.63999],[39.67779,40.64203],[39.67927,40.64126],[39.67998,40.6413],[39.67974,40.64205],[39.68017,40.64334],[39.68195,40.64542],[39.68081,40.64615],[39.67901,40.64838],[39.67942,40.64989],[39.67777,40.65102],[39.67785,40.65446],[39.67901,40.65547],[39.67981,40.65712],[39.67762,40.6575],[39.67519,40.66055],[39.67255,40.66235],[39.67232,40.6619],[39.67311,40.66098],[39.6717,40.6616],[39.67097,40.6637],[39.67159,40.66553],[39.66966,40.66574],[39.66766,40.66735],[39.66622,40.66787],[39.6662,40.66853],[39.6653,40.66864],[39.66455,40.66933],[39.66487,40.67091],[39.66406,40.67145],[39.6632,40.67345],[39.66165,40.67484],[39.66129,40.67585],[39.66255,40.67645],[39.66247,40.67785],[39.66354,40.67915],[39.66354,40.67973],[39.66189,40.68162],[39.66268,40.68171],[39.66288,40.68222],[39.6606,40.6834],[39.65987,40.68426],[39.66064,40.68701],[39.66017,40.68795],[39.66052,40.68905],[39.65833,40.69001],[39.66061,40.6892],[39.66017,40.68795],[39.66064,40.68701],[39.65985,40.68364],[39.66007,40.68418],[39.66041,40.6836],[39.66298,40.68237],[39.66268,40.68126],[39.66178,40.68188],[39.66358,40.67956],[39.66348,40.67885],[39.66223,40.67752],[39.66148,40.67518],[39.66324,40.6737],[39.66388,40.67147],[39.66472,40.67113],[39.66455,40.66933],[39.66496,40.66888],[39.66612,40.66885],[39.66622,40.66787],[39.66828,40.66737],[39.66927,40.66607],[39.67094,40.66561],[39.67148,40.66195],[39.67275,40.66111],[39.67232,40.6619],[39.67255,40.66235],[39.67519,40.66055],[39.67751,40.65757],[39.67955,40.65737],[39.67936,40.65594],[39.67764,40.65394],[39.67762,40.65137],[39.67938,40.64997],[39.67893,40.64873],[39.68058,40.64643],[39.68195,40.64542],[39.68017,40.64334],[39.67998,40.6415],[39.67927,40.64126],[39.67794,40.6421],[39.67951,40.64021],[39.68451,40.63929],[39.68528,40.63813],[39.68661,40.63727],[39.68635,40.63643],[39.68564,40.63609],[39.68596,40.63665],[39.68541,40.63714],[39.68513,40.63645],[39.68436,40.63617],[39.6841,40.63525],[39.68513,40.63461],[39.68687,40.63225],[39.68747,40.62969],[39.6832,40.62418],[39.68341,40.61948],[39.68414,40.61821],[39.68792,40.61504],[39.68791,40.61332],[39.6882,40.61381],[39.68879,40.61386],[39.6888,40.61514],[39.68944,40.614],[39.69065,40.61342],[39.69036,40.61192],[39.68946,40.61082],[39.69177,40.6138],[39.69196,40.61428],[39.69146,40.61493],[39.69431,40.61525],[39.69348,40.61557],[39.69357,40.61624],[39.69455,40.61605],[39.69441,40.61551],[39.69684,40.61501],[39.69833,40.61195],[39.69957,40.61155],[39.70033,40.61147],[39.70472,40.6133],[39.70694,40.61356],[39.70836,40.61572],[39.70844,40.61639],[39.70779,40.61631],[39.71001,40.61731],[39.71105,40.61857],[39.71307,40.6196],[39.71345,40.62157],[39.71466,40.62375],[39.72105,40.62449],[39.72177,40.62417],[39.7214,40.62365],[39.72851,40.62643],[39.72908,40.62696],[39.72881,40.6276],[39.73053,40.62667],[39.73477,40.62556],[39.73645,40.62539],[39.73815,40.62587],[39.74259,40.62852],[39.74458,40.63079],[39.74594,40.63161],[39.74365,40.63241],[39.75266,40.63582],[39.75396,40.6374],[39.75403,40.63694],[39.75338,40.63977],[39.7538,40.64391],[39.75583,40.64392],[39.75815,40.64603],[39.76937,40.64944],[39.77147,40.6524],[39.77715,40.65675],[39.78028,40.65569],[39.78109,40.65576],[39.78049,40.65619],[39.78183,40.65923],[39.78257,40.65924],[39.78403,40.65725],[39.78498,40.65691],[39.7876,40.65799],[39.78597,40.65857],[39.78535,40.65997],[39.784,40.66104],[39.78284,40.66142],[39.78498,40.66231],[39.78736,40.66273],[39.78984,40.66185],[39.79065,40.66195],[39.79158,40.66269],[39.79494,40.66348],[39.79629,40.66704],[39.79606,40.66797],[39.79481,40.66856],[39.79479,40.66906],[39.79576,40.66993],[39.79571,40.66921],[39.79628,40.66933],[39.79711,40.67138],[39.79699,40.67079],[39.79848,40.67149],[39.79805,40.67026],[39.79899,40.66864],[39.80062,40.66701],[39.80011,40.66599],[39.79998,40.66079],[39.79829,40.65949],[39.79685,40.65943],[39.79811,40.65846],[39.79798,40.65781],[39.79903,40.65702],[39.80162,40.65676],[39.80212,40.65628],[39.80147,40.65515],[39.80031,40.65464],[39.79934,40.65288],[39.80073,40.65332],[39.80057,40.65237],[39.80129,40.65252],[39.80096,40.6502],[39.80149,40.64983],[39.80257,40.65097],[39.80319,40.65311],[39.80433,40.65398],[39.80502,40.65552],[39.80745,40.65735],[39.80688,40.65792],[39.80743,40.65972],[39.80806,40.65999],[39.80897,40.65983],[39.80824,40.66142],[39.80974,40.66255],[39.8103,40.66354],[39.80994,40.66142],[39.81157,40.66012],[39.81165,40.65924],[39.81364,40.65869],[39.81441,40.65796],[39.81357,40.65789],[39.81135,40.65674],[39.81245,40.65576],[39.81157,40.65441],[39.81316,40.65509],[39.81348,40.65562],[39.81685,40.65565],[39.81757,40.65523],[39.81665,40.65543],[39.81579,40.65513],[39.81469,40.65465],[39.81451,40.65413],[39.81544,40.65421],[39.81514,40.6537],[39.81592,40.65413],[39.81681,40.6541],[39.817,40.65364],[39.81652,40.65289],[39.81567,40.65263],[39.81833,40.6527],[39.81886,40.65233],[39.81944,40.64999],[39.81788,40.6514],[39.81831,40.64755],[39.8158,40.64978],[39.81548,40.64868],[39.81617,40.64658],[39.8176,40.64503],[39.8157,40.64515],[39.81599,40.64464],[39.81534,40.64475],[39.81401,40.64594],[39.81375,40.64532],[39.8143,40.64232],[39.81559,40.63978],[39.81735,40.63807],[39.81438,40.63747],[39.81082,40.63757],[39.80802,40.63723],[39.81222,40.63564],[39.80801,40.63515],[39.80801,40.6333],[39.80659,40.6292],[39.8083,40.62423],[39.81002,40.62238],[39.80896,40.62236],[39.80853,40.6227],[39.80261,40.62391],[39.80003,40.62522],[39.80037,40.62413],[39.80142,40.62303],[39.80066,40.62189],[39.80051,40.61996],[39.80155,40.61552],[39.80519,40.61382],[39.8077,40.61112],[39.80595,40.61091],[39.80649,40.60907],[39.80522,40.60909],[39.80453,40.60857],[39.80379,40.60607],[39.79957,40.60833],[39.79798,40.60536],[39.79498,40.60163],[39.79713,40.60081],[39.79359,40.59997],[39.79384,40.59831],[39.79154,40.59936],[39.78969,40.59867],[39.78813,40.59862],[39.78697,40.5999],[39.7871,40.5994],[39.78807,40.59858],[39.79034,40.59877],[39.7913,40.59924],[39.79189,40.59905],[39.79387,40.59819],[39.79748,40.59582],[39.80041,40.59467],[39.80433,40.59522],[39.80383,40.59463],[39.80388,40.59366],[39.8032,40.59324],[39.80507,40.5903],[39.80419,40.58915],[39.8063,40.58984],[39.80636,40.59084],[39.80914,40.59072],[39.81051,40.59113],[39.80953,40.59003],[39.80829,40.58967],[39.80793,40.58898],[39.81074,40.58986],[39.8171,40.59055],[39.82042,40.58959],[39.82419,40.58764],[39.8262,40.58728],[39.82774,40.58598],[39.82963,40.58581],[39.83095,40.58522],[39.832,40.58357],[39.83296,40.58334],[39.83481,40.58153],[39.83632,40.57931],[39.83607,40.57836],[39.83715,40.57734],[39.83748,40.57526],[39.83822,40.57431],[39.84026,40.57233],[39.84245,40.57098],[39.84432,40.56853],[39.84616,40.56932],[39.84942,40.5691],[39.85447,40.57066],[39.85588,40.57141],[39.85784,40.57161],[39.86376,40.57434],[39.86629,40.57651],[39.86939,40.57836],[39.87251,40.57871],[39.87634,40.57996],[39.87994,40.58333],[39.88032,40.58413],[39.88231,40.58531],[39.88328,40.58662],[39.8855,40.58808],[39.88609,40.58918],[39.88743,40.58991],[39.88882,40.59436],[39.89237,40.59693],[39.89453,40.59741],[39.89689,40.59876],[39.89703,40.59978],[39.89879,40.60081],[39.90063,40.60324],[39.9015,40.60372],[39.90125,40.60441],[39.90207,40.60465],[39.90226,40.60562],[39.90428,40.60681],[39.90306,40.60822],[39.90315,40.60949],[39.90428,40.61082],[39.90651,40.61135],[39.90952,40.61295],[39.91082,40.6126],[39.91195,40.61459],[39.91295,40.61511],[39.91425,40.61464],[39.91534,40.61553],[39.9182,40.61601],[39.92031,40.61555],[39.92083,40.61629],[39.92041,40.61732],[39.9185,40.61876],[39.91542,40.62294],[39.91861,40.62114],[39.9191,40.62019],[39.91936,40.62222],[39.91865,40.62325],[39.91772,40.62395],[39.91552,40.62448],[39.91817,40.62942],[39.9176,40.62993],[39.91446,40.63021],[39.91373,40.63134],[39.9106,40.63277],[39.90959,40.63413],[39.91016,40.6357],[39.91115,40.63575],[39.90829,40.6396],[39.90766,40.63983],[39.90892,40.63969],[39.91029,40.63839],[39.91146,40.638],[39.91306,40.63824],[39.91367,40.63717],[39.9161,40.6357],[39.9166,40.63494],[39.92189,40.632],[39.92417,40.63015],[39.92516,40.63022],[39.9258,40.6283],[39.92586,40.63028],[39.92653,40.63051],[39.92664,40.62984],[39.92803,40.63043],[39.92867,40.62942],[39.93005,40.6285],[39.93464,40.62655],[39.93616,40.62463],[39.93766,40.6244],[39.93808,40.62229],[39.94082,40.61902],[39.94655,40.61724],[39.94608,40.61843],[39.94394,40.61948],[39.94633,40.61879],[39.95119,40.61582],[39.95329,40.61323],[39.95187,40.61201],[39.95211,40.61048],[39.95073,40.60846],[39.95325,40.60461],[39.95306,40.60362],[39.9547,40.60238],[39.95581,40.60232],[39.95848,40.60086],[39.96401,40.59682],[39.96452,40.59515],[39.96806,40.59108],[39.97066,40.59084],[39.97587,40.59188],[39.97743,40.5911],[39.97852,40.59113],[39.98256,40.58999],[39.9853,40.58876],[39.98747,40.58879],[39.98909,40.58924],[39.99088,40.58828],[39.99376,40.58806],[39.99526,40.58883],[39.99982,40.58601],[40.00258,40.58496],[40.00395,40.58498],[40.00491,40.58507],[40.00543,40.58581],[40.00716,40.59014],[40.01025,40.5928],[40.00968,40.59517],[40.01059,40.59813],[40.0129,40.59928],[40.01205,40.59938],[40.01466,40.60191],[40.01736,40.60375],[40.01984,40.60383],[40.02261,40.60514],[40.02332,40.60515],[40.02472,40.60418],[40.02629,40.60377],[40.02859,40.60532],[40.02814,40.60972],[40.03026,40.61295],[40.03068,40.61553],[40.03212,40.61755],[40.032,40.62006],[40.03411,40.61849],[40.03378,40.61804],[40.03441,40.61745],[40.03341,40.61641],[40.03429,40.61657],[40.03385,40.61542],[40.03558,40.61467],[40.03632,40.6129],[40.03576,40.61165],[40.03802,40.61273],[40.04038,40.61737],[40.04263,40.6188],[40.04346,40.61893],[40.04869,40.61561],[40.05126,40.61544],[40.05231,40.61407],[40.05318,40.61549],[40.05447,40.61615],[40.05473,40.61734],[40.06011,40.62101],[40.06488,40.6259],[40.06604,40.62846],[40.06684,40.629],[40.06288,40.62959],[40.06136,40.63009],[40.06011,40.63109],[40.05912,40.63349],[40.05946,40.63539],[40.0564,40.64033],[40.05432,40.64141],[40.05498,40.64259],[40.05682,40.64264],[40.05977,40.64159],[40.06573,40.64022],[40.07006,40.64176],[40.07588,40.64285],[40.07716,40.64276],[40.07801,40.64231],[40.07711,40.64224],[40.07777,40.64164],[40.07935,40.64156],[40.08382,40.63915],[40.08595,40.63875],[40.08677,40.63895],[40.08637,40.63839],[40.08573,40.63834],[40.07916,40.63931],[40.08479,40.63657],[40.0897,40.63617],[40.09336,40.63702],[40.09639,40.63696],[40.09741,40.63609],[40.09834,40.63599],[40.09872,40.6353],[40.10224,40.63378],[40.10394,40.63388],[40.10438,40.63353],[40.1104,40.63767],[40.1119,40.63577],[40.11514,40.63337],[40.1132,40.63687],[40.11566,40.63496],[40.1146,40.63691],[40.11762,40.63464],[40.11919,40.63394],[40.1209,40.63407],[40.12671,40.63695],[40.12975,40.63752],[40.13115,40.63864],[40.13434,40.63844],[40.13493,40.63807],[40.13517,40.63723],[40.13655,40.63909],[40.13883,40.63629],[40.13989,40.63573],[40.14131,40.63531],[40.14621,40.63532],[40.14547,40.63491],[40.14623,40.6353],[40.1486,40.63983],[40.15083,40.64222],[40.15087,40.64315],[40.15443,40.64173],[40.15542,40.64081],[40.15578,40.63826],[40.15715,40.63703],[40.15913,40.6369],[40.16252,40.63864],[40.16419,40.63892],[40.1658,40.63802],[40.16711,40.63781],[40.1702,40.63802],[40.17252,40.63939],[40.17342,40.64066],[40.17301,40.64115],[40.17033,40.64044],[40.1705,40.6409],[40.17353,40.64341],[40.17428,40.64377],[40.1752,40.64328],[40.17468,40.64429],[40.1735,40.64426],[40.17413,40.64474],[40.17443,40.64596],[40.17595,40.64611],[40.17649,40.64474],[40.17743,40.64407],[40.17677,40.64308],[40.17711,40.64173],[40.17647,40.64111],[40.17597,40.63873],[40.17629,40.63808],[40.1755,40.63755],[40.17664,40.63508],[40.1787,40.63364],[40.17711,40.63259],[40.17799,40.63167],[40.17853,40.6292],[40.17874,40.63208],[40.18069,40.63261],[40.18157,40.63323],[40.18114,40.63251],[40.18185,40.63296],[40.18155,40.63218],[40.18297,40.63296],[40.18209,40.63214],[40.18404,40.63257],[40.18282,40.63158],[40.18314,40.63193],[40.18614,40.63251],[40.18591,40.63186],[40.18337,40.63079],[40.18657,40.63128],[40.18977,40.63272],[40.18865,40.63184],[40.19069,40.63236],[40.18833,40.63055],[40.19329,40.63218],[40.19256,40.63171],[40.19582,40.63195],[40.19535,40.6316],[40.19672,40.63137],[40.19726,40.6318],[40.19698,40.63253],[40.19537,40.63345],[40.19769,40.633],[40.1991,40.63184],[40.19917,40.63253],[40.19829,40.63416],[40.19928,40.63418],[40.20095,40.63233],[40.20011,40.63532],[40.19842,40.6363],[40.19934,40.63746],[40.19872,40.63841],[40.19782,40.63866],[40.19975,40.63993],[40.20209,40.64418],[40.202,40.64281],[40.20367,40.64491],[40.2038,40.64566],[40.20412,40.64403],[40.2038,40.64345],[40.20507,40.64405],[40.20563,40.64572],[40.20576,40.64435],[40.20477,40.64257],[40.20468,40.63742],[40.20551,40.6351],[40.20657,40.63328],[40.20734,40.63272],[40.20671,40.63234],[40.20711,40.6311],[40.20525,40.62654],[40.2075,40.62445],[40.20847,40.62445],[40.20977,40.62212],[40.20866,40.62001],[40.20837,40.61756],[40.20949,40.61702],[40.20924,40.6163],[40.21058,40.61472],[40.21045,40.61366],[40.21309,40.61239],[40.21279,40.61194],[40.2112,40.6116],[40.21128,40.60968],[40.21203,40.60894],[40.21329,40.60538],[40.21558,40.60484],[40.21436,40.60398],[40.21476,40.60242],[40.21456,40.60369],[40.21519,40.60403],[40.21478,40.60369],[40.21512,40.60233],[40.21631,40.60114],[40.2166,40.60002],[40.21761,40.59937],[40.21739,40.59843],[40.21839,40.59633],[40.21902,40.59329],[40.2225,40.59446],[40.2211,40.59267],[40.221,40.59115],[40.22438,40.5896],[40.22178,40.58873],[40.22226,40.58752],[40.22429,40.58618],[40.22376,40.58458],[40.22395,40.5825],[40.2251,40.58116],[40.22641,40.58112],[40.22695,40.58149],[40.22782,40.58011],[40.22855,40.57991],[40.22928,40.57897],[40.22922,40.57789],[40.23104,40.57688],[40.23296,40.57648],[40.23301,40.57596],[40.23193,40.57514],[40.23014,40.57453],[40.23122,40.57267],[40.23395,40.57237],[40.23174,40.57282],[40.23173,40.57397],[40.2335,40.57523],[40.23208,40.57352],[40.23252,40.57319],[40.23411,40.57319],[40.23283,40.5733],[40.23397,40.57462],[40.23346,40.57377],[40.23553,40.57293],[40.23582,40.57045],[40.23664,40.56918],[40.2378,40.56879],[40.23758,40.56803],[40.23831,40.56753],[40.23893,40.56621],[40.24008,40.56548],[40.24048,40.56431],[40.24138,40.56433],[40.24166,40.56372],[40.24319,40.56292],[40.24402,40.56321],[40.24531,40.56257],[40.24492,40.56193],[40.24539,40.56138],[40.24489,40.55922],[40.24534,40.55847],[40.2447,40.55722],[40.24534,40.55675],[40.24511,40.55618],[40.24616,40.5553],[40.24547,40.55635],[40.24567,40.55719],[40.24578,40.55623],[40.24703,40.55558],[40.24729,40.55445],[40.24829,40.55326],[40.2483,40.5524],[40.24917,40.5513],[40.24654,40.55247],[40.24987,40.55005],[40.24824,40.55071],[40.24984,40.54982],[40.24913,40.54998],[40.24458,40.55225],[40.24575,40.55162],[40.24676,40.55034],[40.24556,40.55134],[40.2439,40.55182],[40.24683,40.5497],[40.24585,40.54995],[40.24518,40.55086],[40.24302,40.55153],[40.24505,40.55052],[40.24597,40.54927],[40.24461,40.55046],[40.24341,40.55083],[40.2454,40.54907],[40.24725,40.54848],[40.24547,40.54857],[40.24228,40.55108],[40.2405,40.55167],[40.23851,40.55179],[40.23718,40.55094],[40.23496,40.54807],[40.2328,40.54661],[40.2328,40.5456],[40.22993,40.54227],[40.23423,40.54416],[40.23548,40.54653],[40.23796,40.54785],[40.23622,40.54604],[40.23643,40.54447],[40.2359,40.54337],[40.23533,40.5427],[40.2339,40.5424],[40.23346,40.54117],[40.23048,40.53877],[40.22933,40.53689],[40.2298,40.53423],[40.22877,40.5337],[40.22801,40.5323],[40.23226,40.52828],[40.23277,40.52756],[40.23293,40.52537],[40.23388,40.52407],[40.23527,40.52424],[40.23613,40.52356],[40.23621,40.52047],[40.23502,40.51893],[40.23502,40.51979],[40.2367,40.51492],[40.23635,40.51414],[40.23382,40.51245],[40.23506,40.51114],[40.23599,40.51088],[40.24117,40.51312],[40.24904,40.51143],[40.25488,40.51483],[40.25614,40.51634],[40.25599,40.52109],[40.25636,40.52186],[40.26239,40.52379],[40.2652,40.52691],[40.26713,40.52782],[40.26858,40.52804],[40.27011,40.52923],[40.27298,40.5331],[40.27254,40.53492],[40.27414,40.537],[40.27625,40.53772],[40.27814,40.5371],[40.27956,40.53567],[40.28077,40.53932],[40.28322,40.54026],[40.28738,40.54003],[40.28758,40.54055],[40.28668,40.54132],[40.28039,40.54514],[40.28177,40.54526],[40.28619,40.54403],[40.29265,40.54358],[40.29408,40.54314],[40.29551,40.54316],[40.29728,40.54458],[40.29961,40.54507],[40.30316,40.54423],[40.30637,40.54489],[40.30452,40.54714],[40.30525,40.54905],[40.30527,40.55216],[40.30598,40.55432],[40.30754,40.55514],[40.30962,40.55562],[40.31176,40.55732],[40.31298,40.55919],[40.31392,40.55937],[40.31773,40.5581],[40.3181,40.56024],[40.31955,40.56248],[40.31992,40.56454],[40.32176,40.56802],[40.32248,40.5705],[40.3228,40.57198],[40.32113,40.57408],[40.32236,40.57529],[40.32384,40.57446],[40.32524,40.5743],[40.32841,40.57486],[40.32835,40.57301],[40.32923,40.57125],[40.33087,40.56994],[40.33531,40.56821],[40.33563,40.5676],[40.33293,40.56551],[40.33186,40.56401],[40.33659,40.56195],[40.33692,40.56148],[40.3363,40.56075],[40.33519,40.56037],[40.33556,40.55936],[40.33468,40.55847],[40.3364,40.55801],[40.33563,40.55595],[40.3384,40.55648],[40.34085,40.55762],[40.34226,40.55783],[40.34438,40.55908],[40.34693,40.55934],[40.34734,40.55789],[40.34707,40.55683],[40.34793,40.55367],[40.3472,40.55263],[40.34811,40.55256],[40.35002,40.55323],[40.34949,40.5493],[40.34859,40.55133],[40.3477,40.54803],[40.3497,40.54736],[40.35135,40.54551],[40.35303,40.54593],[40.35568,40.54445],[40.35429,40.5417],[40.35793,40.5432],[40.36031,40.54309],[40.3624,40.54235],[40.36384,40.54245],[40.36489,40.54336],[40.36476,40.54208],[40.36536,40.54235],[40.36605,40.54376],[40.36752,40.54454],[40.37462,40.54077],[40.37613,40.54083],[40.38017,40.54253],[40.38266,40.54466],[40.38393,40.54699],[40.38887,40.54847],[40.38964,40.54954],[40.39004,40.5491],[40.38931,40.54694],[40.38966,40.5462],[40.39277,40.5443],[40.39304,40.541],[40.39461,40.54477],[40.39529,40.54526],[40.39561,40.54461],[40.39537,40.54272],[40.39893,40.54243],[40.3993,40.54177],[40.39983,40.54224],[40.39967,40.54284],[40.39849,40.54375],[40.40058,40.54391],[40.40152,40.54365],[40.40235,40.54431],[40.40392,40.54376],[40.40463,40.54397],[40.4058,40.54298],[40.40817,40.54247],[40.41146,40.54346],[40.41169,40.5448],[40.41123,40.54539],[40.41357,40.54745],[40.4135,40.54666],[40.41391,40.547],[40.41425,40.54646],[40.41353,40.5466],[40.41342,40.54587],[40.41419,40.54496],[40.4211,40.54396],[40.42535,40.5444],[40.42419,40.54509],[40.42586,40.54577],[40.42696,40.54681],[40.42531,40.54668],[40.42595,40.54746],[40.42531,40.54769],[40.42562,40.54827],[40.43689,40.55154],[40.43835,40.55241],[40.44314,40.55296],[40.44663,40.55507],[40.44491,40.55729],[40.44588,40.55784],[40.44697,40.55744],[40.44649,40.55801],[40.44705,40.55816],[40.45093,40.55591],[40.45097,40.55678],[40.45274,40.55554],[40.45373,40.5567],[40.45408,40.56048],[40.4538,40.56309],[40.45429,40.56453],[40.45333,40.56565],[40.45422,40.56551],[40.45425,40.56606],[40.4561,40.56572],[40.45496,40.5668],[40.45435,40.56815],[40.45597,40.56716],[40.45794,40.56684],[40.4575,40.56717],[40.46021,40.56711],[40.46169,40.56747],[40.46287,40.56854],[40.46367,40.56875],[40.46427,40.56883],[40.46423,40.56836],[40.4646,40.56938],[40.46588,40.57018],[40.4649,40.57261],[40.46569,40.57286],[40.46731,40.57194],[40.46804,40.57196],[40.46977,40.57384],[40.46998,40.57182],[40.47096,40.57099],[40.47238,40.57076],[40.47585,40.57138],[40.47636,40.57109],[40.47474,40.56786],[40.47729,40.56917],[40.47545,40.5662],[40.47512,40.56459],[40.47699,40.56512],[40.47904,40.56632],[40.48378,40.57039],[40.48433,40.57016],[40.48393,40.56882],[40.48668,40.56991],[40.48658,40.56816],[40.48976,40.5691],[40.49365,40.57084],[40.495,40.57089],[40.49981,40.57231],[40.50171,40.57244],[40.50076,40.57198],[40.50314,40.57173],[40.50495,40.57108],[40.50631,40.57101],[40.5078,40.57172],[40.5076,40.57089],[40.50892,40.5714],[40.51032,40.57138],[40.51054,40.57241],[40.51003,40.57393],[40.51105,40.57729],[40.51302,40.58051],[40.51441,40.58196],[40.5155,40.58445],[40.51557,40.5861],[40.51691,40.58687],[40.51629,40.5904],[40.51889,40.59325],[40.52053,40.59748],[40.52218,40.60004],[40.52288,40.60011],[40.5228,40.60077],[40.52436,40.60333],[40.52554,40.60823],[40.52847,40.61141],[40.52931,40.61157],[40.5312,40.61484],[40.53196,40.61513],[40.53345,40.61706],[40.53578,40.61828],[40.53689,40.61978],[40.53927,40.62156],[40.54137,40.62291],[40.54328,40.62359],[40.54367,40.62403],[40.54332,40.62479],[40.54396,40.62519],[40.54321,40.62717],[40.5436,40.62916],[40.54235,40.6307],[40.54115,40.63136],[40.53951,40.63157],[40.53892,40.63107],[40.53692,40.63127],[40.53581,40.63249],[40.53473,40.63294],[40.53305,40.63307],[40.53179,40.63237],[40.53025,40.62882],[40.52948,40.62838],[40.52876,40.62964],[40.52774,40.63033],[40.52712,40.63397],[40.52613,40.63542],[40.52608,40.63823],[40.52661,40.64027],[40.52719,40.64083],[40.53004,40.63997],[40.53112,40.64038],[40.53262,40.64393],[40.53264,40.64579],[40.5358,40.64701],[40.53703,40.64836],[40.538,40.64879],[40.54107,40.6482],[40.5419,40.65127],[40.54299,40.65169],[40.54533,40.65126],[40.54601,40.65162],[40.545,40.65275],[40.54678,40.65481],[40.54682,40.6559],[40.54524,40.6578],[40.54501,40.65844],[40.54552,40.65912],[40.54833,40.65935],[40.55086,40.65808],[40.55246,40.65873],[40.55375,40.65996],[40.5574,40.65964],[40.55822,40.66088],[40.5604,40.66146],[40.5617,40.66021],[40.56351,40.66019],[40.56665,40.66242],[40.56958,40.66389],[40.57203,40.66353],[40.57333,40.66251],[40.57754,40.66332],[40.57808,40.66302],[40.57903,40.66579],[40.57842,40.66634],[40.57886,40.66696],[40.58244,40.6682],[40.58351,40.67023],[40.58302,40.67133],[40.58325,40.67213],[40.58424,40.67279],[40.58575,40.67334],[40.58771,40.67471],[40.58969,40.67486],[40.59034,40.67372],[40.59177,40.67336],[40.5928,40.67241],[40.5947,40.67312],[40.5956,40.67399],[40.59696,40.67623],[40.59779,40.67659],[40.59789,40.67739],[40.60122,40.68039],[40.60135,40.6815],[40.60072,40.68224],[40.60154,40.68469],[40.6006,40.68682],[40.59718,40.68913],[40.59624,40.68933],[40.59376,40.68854],[40.59267,40.6889],[40.59199,40.68973],[40.59199,40.69133],[40.59047,40.69282],[40.59032,40.6942],[40.59215,40.69525],[40.59402,40.69513],[40.59555,40.69564],[40.59563,40.69664],[40.59837,40.69975],[40.59895,40.70202],[40.59983,40.70346],[40.59895,40.70543],[40.59773,40.70665],[40.5985,40.70908],[40.59748,40.71069],[40.59691,40.71417],[40.59703,40.71493],[40.59865,40.71628],[40.5984,40.71745],[40.59882,40.71803],[40.60007,40.71839]]}},{"type":"Feature","properties":{"name":"TET_TR-07-N_20240614","country":"TR","lengthKm":284.3},"geometry":{"type":"LineString","coordinates":[[40.60108,40.71763],[40.60629,40.71821],[40.60756,40.71871],[40.61013,40.71655],[40.61113,40.71669],[40.6118,40.71757],[40.61272,40.71778],[40.61494,40.71636],[40.61708,40.71638],[40.61859,40.71591],[40.61909,40.71524],[40.6185,40.71431],[40.61899,40.7131],[40.62248,40.71298],[40.62474,40.71491],[40.62754,40.71511],[40.62828,40.71461],[40.62829,40.71386],[40.63002,40.71255],[40.63065,40.71088],[40.63253,40.71009],[40.63392,40.71134],[40.63471,40.71079],[40.63524,40.70934],[40.63643,40.70904],[40.63722,40.70923],[40.63862,40.71088],[40.63914,40.70994],[40.64032,40.71043],[40.64079,40.70999],[40.64045,40.70928],[40.64347,40.70961],[40.64406,40.70894],[40.64432,40.70714],[40.64787,40.70455],[40.64894,40.70455],[40.65015,40.70543],[40.652,40.7057],[40.65362,40.70553],[40.65493,40.70475],[40.66111,40.70474],[40.66453,40.70239],[40.66717,40.70207],[40.66913,40.70127],[40.67673,40.70062],[40.68063,40.69801],[40.68392,40.6974],[40.69066,40.69474],[40.69225,40.69232],[40.69446,40.691],[40.69782,40.68991],[40.70166,40.68742],[40.70568,40.68377],[40.70809,40.67959],[40.70934,40.67361],[40.71103,40.66856],[40.71434,40.66338],[40.84651,40.58719],[40.85206,40.58516],[40.85751,40.58041],[40.86059,40.57692],[40.86911,40.57196],[40.87103,40.57133],[40.87625,40.57097],[40.88281,40.5683],[40.88649,40.5676],[40.88968,40.56549],[40.89172,40.56506],[40.89454,40.56307],[40.89628,40.56252],[40.89959,40.56274],[40.90038,40.56314],[40.90165,40.56628],[40.90305,40.56758],[40.90247,40.57014],[40.89959,40.57308],[40.90126,40.5736],[40.90325,40.57311],[40.90395,40.57404],[40.9037,40.57651],[40.90414,40.57724],[40.9056,40.57882],[40.90591,40.57985],[40.90905,40.58244],[40.90882,40.57944],[40.91412,40.58059],[40.91618,40.58195],[40.9167,40.58274],[40.91756,40.58101],[40.91645,40.57931],[40.91625,40.5777],[40.91518,40.57723],[40.91479,40.57655],[40.91391,40.5764],[40.91405,40.57582],[40.91607,40.57585],[40.92039,40.57755],[40.9213,40.57694],[40.9222,40.577],[40.92073,40.57914],[40.92265,40.5784],[40.92376,40.57857],[40.92257,40.57882],[40.92211,40.57949],[40.92273,40.58071],[40.92386,40.58163],[40.92399,40.58231],[40.92308,40.58368],[40.92361,40.58469],[40.92956,40.58598],[40.93091,40.58677],[40.93089,40.58829],[40.93237,40.58938],[40.93382,40.58893],[40.93516,40.58765],[40.93638,40.58896],[40.93491,40.58996],[40.93474,40.59343],[40.93317,40.59529],[40.93495,40.59467],[40.9359,40.59355],[40.93672,40.5933],[40.93619,40.59377],[40.93588,40.59525],[40.93507,40.5955],[40.93423,40.59646],[40.93188,40.59694],[40.93011,40.59679],[40.93056,40.5978],[40.92958,40.60111],[40.92887,40.60203],[40.92893,40.6031],[40.92505,40.60458],[40.92261,40.60669],[40.92143,40.60617],[40.92061,40.60676],[40.91972,40.60684],[40.919,40.60569],[40.91789,40.60493],[40.91636,40.6049],[40.91529,40.60538],[40.91333,40.60904],[40.91384,40.61263],[40.91182,40.61769],[40.91199,40.61853],[40.91278,40.61841],[40.91161,40.61911],[40.91067,40.6187],[40.90996,40.62022],[40.90806,40.62035],[40.90633,40.62177],[40.9081,40.62202],[40.90611,40.62413],[40.90647,40.62491],[40.90092,40.62809],[40.90171,40.62963],[40.90106,40.63055],[40.8944,40.6343],[40.89503,40.63501],[40.89421,40.63551],[40.89665,40.63572],[40.89277,40.63749],[40.89423,40.63764],[40.89302,40.6381],[40.89372,40.63834],[40.89227,40.63891],[40.89369,40.63836],[40.89299,40.63816],[40.89421,40.63761],[40.89315,40.63765],[40.89363,40.63725],[40.89666,40.6357],[40.89413,40.63568],[40.89504,40.6351],[40.8942,40.6347],[40.89444,40.63425],[40.90091,40.63062],[40.90171,40.6297],[40.90094,40.62815],[40.90241,40.62693],[40.9065,40.62493],[40.90608,40.62437],[40.90811,40.62206],[40.90643,40.6219],[40.90771,40.62063],[40.90994,40.62023],[40.9107,40.6187],[40.91164,40.6191],[40.91289,40.61855],[40.91202,40.61861],[40.91183,40.61779],[40.91292,40.61586],[40.91382,40.61265],[40.91339,40.60873],[40.91524,40.60544],[40.91644,40.60488],[40.91777,40.60489],[40.91887,40.60556],[40.9197,40.60683],[40.92067,40.60679],[40.92107,40.60634],[40.92312,40.60657],[40.9235,40.60577],[40.92509,40.60454],[40.92835,40.60349],[40.92897,40.60312],[40.92882,40.60265],[40.9298,40.60298],[40.93006,40.60204],[40.93124,40.60118],[40.93639,40.59974],[40.94066,40.59731],[40.94184,40.59695],[40.94489,40.59777],[40.94497,40.59729],[40.94341,40.59577],[40.9439,40.5947],[40.94589,40.59373],[40.9465,40.5915],[40.94789,40.58978],[40.94963,40.58854],[40.94995,40.58691],[40.95263,40.58637],[40.95334,40.58541],[40.9536,40.58341],[40.95443,40.58264],[40.95669,40.5818],[40.95883,40.58172],[40.95993,40.58094],[40.96171,40.58073],[40.96446,40.57873],[40.96598,40.57678],[40.96703,40.57665],[40.96735,40.5753],[40.96933,40.57382],[40.96896,40.57335],[40.96797,40.57399],[40.96967,40.57071],[40.9704,40.57043],[40.97124,40.57066],[40.97643,40.56749],[40.97731,40.56609],[40.97907,40.56489],[40.97969,40.56356],[40.98158,40.56238],[40.98321,40.5624],[40.98969,40.56084],[40.99252,40.56092],[40.99299,40.5597],[40.99548,40.5585],[40.99724,40.55854],[41.00055,40.55781],[41.0054,40.55848],[41.00638,40.55721],[41.01085,40.55528],[41.01415,40.55262],[41.01522,40.55125],[41.01533,40.54976],[41.01583,40.54934],[41.01673,40.54884],[41.01853,40.54989],[41.02273,40.54655],[41.0237,40.54678],[41.02368,40.5462],[41.03421,40.54955],[41.03404,40.55069],[41.0355,40.55425],[41.03773,40.55614],[41.03668,40.55376],[41.03718,40.55238],[41.03675,40.55077],[41.03748,40.55148],[41.03988,40.5509],[41.03857,40.55064],[41.03818,40.54942],[41.0381,40.54856],[41.03859,40.5491],[41.03861,40.54575],[41.03651,40.54459],[41.03713,40.5444],[41.03683,40.54399],[41.03769,40.54386],[41.03855,40.54438],[41.03844,40.54316],[41.03913,40.54376],[41.04172,40.54459],[41.04218,40.54526],[41.04211,40.54655],[41.04275,40.54702],[41.04466,40.54796],[41.04741,40.5476],[41.04743,40.54713],[41.04516,40.54459],[41.04475,40.54361],[41.04357,40.5426],[41.04426,40.5426],[41.04477,40.54165],[41.04709,40.54208],[41.04917,40.54356],[41.04962,40.54511],[41.05325,40.54773],[41.05387,40.54858],[41.05477,40.55026],[41.05501,40.5521],[41.05932,40.5553],[41.06571,40.55781],[41.06668,40.55871],[41.06747,40.5588],[41.06979,40.55687],[41.07116,40.55648],[41.07548,40.5576],[41.07861,40.55899],[41.08114,40.55873],[41.08093,40.56028],[41.0853,40.56189],[41.08236,40.56406],[41.08116,40.56084],[41.08239,40.56129],[41.08451,40.56351],[41.08497,40.56458],[41.08545,40.56409],[41.08696,40.56463],[41.08573,40.56187],[41.08837,40.56292],[41.0908,40.5653],[41.09196,40.56815],[41.09367,40.56946],[41.09636,40.57051],[41.09932,40.57056],[41.10254,40.57296],[41.10676,40.57249],[41.11069,40.57092],[41.11258,40.57103],[41.11341,40.57165],[41.11736,40.57197],[41.11914,40.5732],[41.12009,40.57468],[41.12462,40.57667],[41.1321,40.58096],[41.13202,40.58176],[41.13442,40.58285],[41.13399,40.58461],[41.13073,40.58562],[41.12994,40.58751],[41.11981,40.59292],[41.1182,40.59448],[41.11479,40.59521],[41.11251,40.59659],[41.10874,40.59747],[41.10573,40.59892],[41.10367,40.60064],[41.10309,40.60186],[41.10224,40.60249],[41.10228,40.60395],[41.09915,40.60517],[41.0956,40.60785],[41.09273,40.60927],[41.0885,40.61442],[41.08713,40.61573],[41.08496,40.61669],[41.08131,40.62186],[41.0785,40.62349],[41.07541,40.62431],[41.07305,40.62729],[41.07288,40.62811],[41.07089,40.62974],[41.06805,40.63021],[41.06503,40.62948],[41.06144,40.63034],[41.05904,40.63049],[41.0561,40.63197],[41.05003,40.63394],[41.04668,40.63332],[41.04477,40.63345],[41.03981,40.63598],[41.03381,40.63701],[41.03177,40.63924],[41.02973,40.64021],[41.02625,40.64701],[41.02567,40.64909],[41.02559,40.65227],[41.02664,40.65497],[41.02409,40.65714],[41.01711,40.66006],[41.01132,40.66098],[41.00941,40.66207],[41.00078,40.66368],[40.99902,40.66377],[40.99641,40.66328],[40.99432,40.6642],[40.98965,40.66285],[40.99128,40.66388],[40.99036,40.66392],[40.99192,40.66499],[40.98733,40.66368],[40.98272,40.66325],[40.98057,40.66381],[40.97673,40.66409],[40.96819,40.66293],[40.96156,40.66476],[40.95873,40.66416],[40.95716,40.66338],[40.94944,40.6624],[40.94675,40.66261],[40.94547,40.66235],[40.94392,40.66274],[40.94167,40.66255],[40.94087,40.66287],[40.93954,40.6622],[40.93785,40.66257],[40.93596,40.66246],[40.93434,40.6633],[40.93434,40.66278],[40.93452,40.6633],[40.93596,40.66246],[40.93785,40.66257],[40.93954,40.6622],[40.94087,40.66287],[40.94167,40.66255],[40.94392,40.66274],[40.94547,40.66235],[40.94675,40.66261],[40.94944,40.6624],[40.95716,40.66338],[40.95873,40.66416],[40.96156,40.66476],[40.96819,40.66293],[40.97673,40.66409],[40.98057,40.66381],[40.98272,40.66325],[40.98733,40.66368],[40.99192,40.66499],[40.99036,40.66392],[40.99128,40.66388],[40.98965,40.66285],[40.99432,40.6642],[40.99641,40.66328],[40.99902,40.66377],[41.00078,40.66368],[41.00941,40.66207],[41.01132,40.66098],[41.01711,40.66006],[41.02409,40.65714],[41.02664,40.65497],[41.02559,40.65227],[41.02567,40.64909],[41.02625,40.64701],[41.02973,40.64021],[41.03177,40.63924],[41.03381,40.63701],[41.03981,40.63598],[41.04477,40.63345],[41.04668,40.63332],[41.05003,40.63394],[41.0561,40.63197],[41.05904,40.63049],[41.06144,40.63034],[41.06503,40.62948],[41.06805,40.63021],[41.07089,40.62974],[41.07288,40.62811],[41.07305,40.62729],[41.07541,40.62431],[41.0785,40.62349],[41.08131,40.62186],[41.08496,40.61669],[41.08713,40.61573],[41.0885,40.61442],[41.09273,40.60927],[41.0956,40.60785],[41.09915,40.60517],[41.10228,40.60395],[41.10224,40.60249],[41.10309,40.60186],[41.10367,40.60064],[41.10573,40.59892],[41.10874,40.59747],[41.11251,40.59659],[41.11479,40.59521],[41.1182,40.59448],[41.11981,40.59292],[41.12994,40.58751],[41.13073,40.58562],[41.13389,40.58472],[41.13431,40.58412],[41.13442,40.58285],[41.13202,40.58176],[41.1321,40.58096],[41.13395,40.58148],[41.13571,40.58079],[41.13781,40.58058],[41.13942,40.58071],[41.14131,40.58154],[41.1432,40.58425],[41.14346,40.58538],[41.14691,40.58588],[41.14794,40.58721],[41.15015,40.58723],[41.15294,40.58974],[41.15337,40.59487],[41.15513,40.60021],[41.15856,40.60191],[41.16002,40.60349],[41.16215,40.60425],[41.16517,40.60686],[41.16848,40.60832],[41.1744,40.60978],[41.17579,40.61077],[41.17665,40.61264],[41.18176,40.61549],[41.18264,40.61766],[41.18144,40.61948],[41.18498,40.62169],[41.18526,40.62429],[41.18603,40.62448],[41.19049,40.62343],[41.19094,40.62227],[41.19154,40.62203],[41.19204,40.62218],[41.19255,40.62388],[41.19399,40.62369],[41.19684,40.62257],[41.19879,40.62115],[41.20326,40.62218],[41.20549,40.62229],[41.20658,40.62281],[41.20804,40.62587],[41.20886,40.62669],[41.20877,40.62927],[41.21032,40.63057],[41.20985,40.63109],[41.20843,40.63092],[41.20794,40.63141],[41.20869,40.63289],[41.20993,40.63341],[41.21032,40.6342],[41.21025,40.636],[41.20914,40.63806],[41.21145,40.63751],[41.21534,40.63772],[41.21615,40.6401],[41.21706,40.64068],[41.21669,40.64296],[41.21568,40.64392],[41.21753,40.64456],[41.21946,40.64471],[41.21993,40.64529],[41.22098,40.64562],[41.22371,40.64572],[41.22493,40.6466],[41.22806,40.64673],[41.2306,40.64731],[41.23248,40.64999],[41.23278,40.6521],[41.23662,40.65476],[41.23877,40.65433],[41.2412,40.651],[41.24205,40.65064],[41.24259,40.65081],[41.24255,40.65364],[41.24141,40.65409],[41.2416,40.65469],[41.24081,40.65544],[41.24066,40.65682],[41.2412,40.65746],[41.24338,40.65849],[41.24345,40.65961],[41.24551,40.66242],[41.24688,40.66212],[41.24821,40.66304],[41.25064,40.66233],[41.25162,40.66355],[41.25362,40.66383],[41.25504,40.6634],[41.25559,40.6645],[41.25767,40.66521],[41.26049,40.66521],[41.26351,40.66808],[41.26463,40.66793],[41.26538,40.66701],[41.26652,40.66669],[41.26911,40.6666],[41.27042,40.66675],[41.27199,40.66804],[41.27478,40.66765],[41.28986,40.669],[41.29059,40.66958],[41.29018,40.67029],[41.2893,40.6707],[41.28877,40.67184],[41.28937,40.67325],[41.29153,40.67259],[41.29203,40.67169],[41.29497,40.67104],[41.29596,40.67001],[41.29703,40.67156],[41.29675,40.67297],[41.29847,40.6736],[41.30168,40.67368],[41.3019,40.67403],[41.2978,40.67422],[41.29544,40.67377],[41.29435,40.67289],[41.29347,40.67409],[41.29368,40.67435],[41.29497,40.67422],[41.29608,40.67493],[41.30132,40.67654],[41.30147,40.67782],[41.30359,40.6787],[41.30467,40.67888],[41.30623,40.67851],[41.31093,40.68059],[41.31291,40.68029],[41.31492,40.67898],[41.31632,40.67875],[41.31915,40.68048],[41.32097,40.68081],[41.32147,40.68182],[41.32291,40.68235],[41.32361,40.68304],[41.32651,40.68381],[41.32943,40.68533],[41.33434,40.68439],[41.34009,40.68475],[41.34254,40.68383],[41.34522,40.68469],[41.34617,40.68323],[41.34827,40.6822],[41.35314,40.68188],[41.35481,40.68252],[41.35906,40.68602],[41.35981,40.69003],[41.36327,40.69312],[41.36792,40.69587],[41.37275,40.69772],[41.37509,40.70001],[41.38121,40.70046],[41.38576,40.70246],[41.38784,40.70402],[41.38867,40.70626],[41.38955,40.70711],[41.39093,40.70744],[41.39533,40.70746],[41.39792,40.70866],[41.39945,40.71048],[41.39968,40.71194],[41.39906,40.71344],[41.39788,40.71507],[41.39601,40.71578],[41.39466,40.71304],[41.39314,40.71244],[41.39125,40.71256],[41.3885,40.71477],[41.38743,40.7164],[41.38672,40.71836],[41.387,40.71885],[41.38627,40.72003],[41.38492,40.721],[41.3841,40.72104],[41.38084,40.72376],[41.37917,40.72424],[41.37876,40.72628],[41.37921,40.7269],[41.37831,40.72769],[41.37794,40.72904],[41.37844,40.73046],[41.37752,40.73158],[41.37737,40.73535],[41.37546,40.73748],[41.37383,40.73816],[41.37307,40.73947],[41.37363,40.74085],[41.37239,40.7417],[41.37198,40.74293],[41.37009,40.74387],[41.36975,40.74522],[41.36853,40.74576],[41.3684,40.74756],[41.36968,40.74943],[41.36878,40.75065],[41.36861,40.75209],[41.36565,40.75625],[41.36649,40.75726],[41.3676,40.75728],[41.36816,40.75775],[41.36717,40.75988],[41.36541,40.76003],[41.36254,40.76138],[41.36224,40.76286],[41.35979,40.76301],[41.35816,40.76391],[41.35696,40.76488],[41.35773,40.76629],[41.35391,40.76833],[41.35387,40.76981],[41.35114,40.77003],[41.35009,40.77065],[41.35125,40.77037],[41.34675,40.77301],[41.34653,40.77436],[41.34295,40.77528],[41.34175,40.7764],[41.3414,40.77715],[41.34172,40.7779],[41.3413,40.77846],[41.33672,40.77921],[41.33724,40.77919],[41.33642,40.77983],[41.33651,40.78099],[41.334,40.78286],[41.33192,40.78382],[41.33097,40.78498],[41.33016,40.78516],[41.331,40.78524],[41.33168,40.78477],[41.33121,40.78541],[41.33003,40.78558],[41.32997,40.7864],[41.32872,40.78801],[41.32773,40.78827],[41.32675,40.78749],[41.32578,40.78743],[41.32334,40.78842],[41.31675,40.78844],[41.31604,40.79099],[41.31497,40.79164],[41.31379,40.79159],[41.31233,40.7905],[41.31121,40.79048],[41.31057,40.79116],[41.30949,40.7911],[41.30952,40.79241],[41.30892,40.79318],[41.30716,40.7941],[41.30651,40.79633],[41.3055,40.79713],[41.30411,40.79747],[41.30301,40.79842],[41.30042,40.79921],[41.29922,40.80024],[41.29591,40.80043],[41.29484,40.80084],[41.29349,40.80243],[41.29235,40.80301],[41.29233,40.80363],[41.29091,40.8049],[41.28868,40.80505],[41.28737,40.80584],[41.28596,40.8059],[41.28514,40.80646],[41.28098,40.80752],[41.27995,40.80822],[41.27823,40.81008],[41.27757,40.81229],[41.2756,40.81409],[41.27451,40.81438],[41.27632,40.81477],[41.27414,40.81743],[41.27562,40.82064],[41.27514,40.82262],[41.2734,40.82414],[41.27179,40.82448],[41.27317,40.82484],[41.26897,40.82578],[41.26514,40.82592],[41.26669,40.82683],[41.2647,40.8274],[41.26905,40.82756],[41.26947,40.82805],[41.26942,40.8295],[41.2736,40.83051],[41.27674,40.83002],[41.27517,40.83145],[41.27355,40.83221],[41.26702,40.8328],[41.26323,40.83232],[41.26073,40.83552],[41.26082,40.83654],[41.26145,40.83663],[41.2627,40.83492],[41.26384,40.83463],[41.26615,40.83509],[41.26439,40.83595],[41.26337,40.83836],[41.26418,40.83761],[41.26372,40.83842],[41.26066,40.8408],[41.26123,40.84265],[41.26084,40.84626],[41.25858,40.84824],[41.26221,40.84763],[41.26272,40.8472],[41.26376,40.85061],[41.26416,40.85015],[41.26615,40.85376],[41.26419,40.85436],[41.2637,40.85419],[41.267,40.85547],[41.26402,40.85617],[41.26346,40.85695],[41.2611,40.85505],[41.25886,40.85603],[41.26071,40.85594],[41.26132,40.85801],[41.2603,40.85731],[41.26059,40.85856],[41.2602,40.85796],[41.25964,40.86156],[41.25841,40.86019],[41.25614,40.8623],[41.25117,40.86163],[41.24669,40.85989],[41.24784,40.86179],[41.24637,40.8612],[41.24607,40.86073],[41.24676,40.85991],[41.24607,40.86073],[41.24555,40.86056],[41.24617,40.86079],[41.2466,40.8618],[41.24727,40.86169],[41.24735,40.86103],[41.24697,40.86172],[41.24789,40.86182],[41.24832,40.86298],[41.24913,40.86371],[41.2504,40.86386],[41.25697,40.86684],[41.2586,40.86654],[41.26111,40.86669],[41.26225,40.86721],[41.26338,40.86715],[41.26534,40.8683],[41.26888,40.86811],[41.27147,40.86882],[41.27235,40.86822],[41.27239,40.87045],[41.27654,40.87202],[41.27877,40.87199],[41.28227,40.87062],[41.28319,40.87077],[41.28604,40.86996],[41.28679,40.87028],[41.28765,40.86989],[41.29194,40.86968],[41.29329,40.86897],[41.29982,40.8715],[41.30115,40.8712],[41.30321,40.87002],[41.30503,40.86981],[41.31265,40.86963],[41.31484,40.87004],[41.31537,40.86931],[41.31662,40.86899],[41.31823,40.86916],[41.31891,40.86959],[41.31964,40.86936],[41.3201,40.86753],[41.32061,40.86721],[41.32213,40.86738],[41.32364,40.86835],[41.32726,40.86863],[41.32932,40.86723],[41.33211,40.86663],[41.33535,40.86661],[41.3373,40.8653],[41.34031,40.86556],[41.34202,40.86704],[41.34282,40.8674],[41.34404,40.8673],[41.34546,40.86835],[41.34522,40.86946],[41.34625,40.87028],[41.34623,40.87217],[41.34544,40.87313],[41.34629,40.87536],[41.34542,40.87751],[41.34649,40.8785],[41.34698,40.88047],[41.34398,40.88204],[41.34363,40.88302],[41.34486,40.8839],[41.34548,40.88577],[41.34771,40.88738],[41.34627,40.88916],[41.34546,40.89105],[41.34593,40.89189],[41.34572,40.89281],[41.3469,40.89371],[41.34415,40.89691],[41.34383,40.89918],[41.344,40.89998],[41.34522,40.90109],[41.34499,40.903],[41.3458,40.90412],[41.34477,40.90781],[41.34608,40.9098],[41.34587,40.91066],[41.34664,40.91321],[41.34752,40.91424],[41.34904,40.91459],[41.35065,40.91549],[41.35097,40.91686],[41.35166,40.91736],[41.35159,40.91841],[41.35252,40.91946],[41.35247,40.9212],[41.35342,40.92191],[41.35381,40.92356],[41.35539,40.92521],[41.35552,40.92905],[41.35619,40.92961],[41.35782,40.92997],[41.359,40.93124],[41.36037,40.93175],[41.36368,40.93429],[41.36505,40.93673],[41.36483,40.93864],[41.36556,40.93929],[41.36745,40.94604],[41.36945,40.9495],[41.37013,40.94976],[41.37198,40.95225],[41.3734,40.95304],[41.37376,40.95388],[41.37676,40.95592],[41.37857,40.95905],[41.38324,40.96143],[41.384,40.96252],[41.38687,40.96394],[41.38803,40.96407],[41.3885,40.96497],[41.39256,40.968],[41.39393,40.96778],[41.39441,40.96797],[41.39415,40.96834],[41.40392,40.96839],[41.40951,40.97244],[41.41548,40.97549],[41.42063,40.97674],[41.43005,40.97821],[41.44359,40.98241],[41.45872,40.98086],[41.46628,40.97827],[41.46469,40.97938],[41.46275,40.98154],[41.4617,40.98199],[41.46019,40.98101],[41.45887,40.98067],[41.45775,40.98089],[41.45694,40.98181],[41.45631,40.98169],[41.45561,40.9808],[41.44853,40.98256],[41.44725,40.98249],[41.44636,40.98189],[41.44548,40.98243],[41.44345,40.98212],[41.44193,40.98125],[41.43758,40.98105],[41.43086,40.97816],[41.42836,40.97766],[41.42561,40.9781],[41.42205,40.97685],[41.42115,40.97699],[41.41859,40.97566],[41.41441,40.97533],[41.41261,40.97452],[41.40646,40.97043],[41.40523,40.96884],[41.40432,40.96854],[41.39854,40.96892],[41.39543,40.96867],[41.39411,40.96796],[41.39314,40.96797],[41.39202,40.96968],[41.38763,40.9703],[41.3853,40.97014],[41.38384,40.96938],[41.38281,40.96968],[41.38023,40.96896],[41.38358,40.97044],[41.38186,40.96948],[41.38427,40.96941],[41.38572,40.97021],[41.38949,40.97019],[41.39221,40.96963],[41.39284,40.96814],[41.3937,40.96787],[41.39476,40.96852],[41.39853,40.96892],[41.40003,40.96856],[41.4051,40.96882],[41.40611,40.97026],[41.41447,40.97533],[41.41807,40.97564],[41.4249,40.97808],[41.42654,40.97813],[41.42742,40.9776],[41.43262,40.97878],[41.43352,40.97953],[41.43758,40.98113],[41.44188,40.98129],[41.44411,40.98227],[41.44657,40.98188],[41.44743,40.98278],[41.45188,40.9821],[41.45445,40.98095],[41.45607,40.98091],[41.45714,40.98318],[41.45925,40.98494],[41.4583,40.98637],[41.45425,40.98669],[41.45309,40.98793],[41.44747,40.98916],[41.4462,40.98975],[41.44489,40.99137],[41.44196,40.99226],[41.44174,40.99348],[41.44108,40.99407],[41.43918,40.99453],[41.43479,40.99739],[41.43412,40.99957],[41.43087,41.00184],[41.42632,41.00604],[41.42624,41.00671],[41.42727,41.00746],[41.42884,41.01028],[41.42755,41.01396],[41.42778,41.0145],[41.42725,41.01501],[41.42536,41.01536],[41.42267,41.01558],[41.4209,41.01531],[41.42034,41.01605],[41.42057,41.0167],[41.41939,41.01786],[41.4193,41.02091],[41.4208,41.02246],[41.42092,41.02336],[41.42191,41.02463],[41.42303,41.02565],[41.42634,41.02567],[41.4287,41.02615],[41.43033,41.0273],[41.4321,41.03032],[41.43277,41.03037],[41.43256,41.03375],[41.43038,41.03657],[41.43234,41.03877],[41.43586,41.03931],[41.4358,41.03981],[41.43687,41.04101],[41.4372,41.04239],[41.43881,41.04487],[41.43837,41.04552],[41.4371,41.046],[41.43699,41.04718],[41.43943,41.05015],[41.44009,41.05226],[41.44077,41.0528],[41.44083,41.05495],[41.44162,41.0562],[41.4422,41.05688],[41.44436,41.05735],[41.44499,41.05981],[41.44562,41.06042],[41.44534,41.06193],[41.44628,41.06279],[41.44944,41.06378],[41.45008,41.06477],[41.44981,41.0673],[41.44899,41.06633],[41.44892,41.06857],[41.45037,41.06827],[41.45183,41.06863],[41.45293,41.06965],[41.45323,41.07268],[41.45302,41.07316],[41.45209,41.07102],[41.45247,41.0745],[41.45197,41.07495],[41.45287,41.07736],[41.45499,41.07982],[41.45217,41.07853],[41.45001,41.07849],[41.44984,41.07784],[41.44926,41.07761],[41.4472,41.0784],[41.44646,41.07817],[41.44644,41.07752],[41.44567,41.07765],[41.446,41.07807],[41.44545,41.07921],[41.44597,41.07951],[41.44785,41.0793],[41.44945,41.08152],[41.4521,41.08131],[41.45024,41.08317],[41.44916,41.08562],[41.44786,41.08701],[41.4487,41.0883],[41.44945,41.09159],[41.44728,41.09385],[41.44576,41.09461],[41.44228,41.0955],[41.44037,41.0951],[41.43715,41.09593],[41.43767,41.09765],[41.43701,41.0991],[41.43632,41.10012],[41.43456,41.10132],[41.43462,41.10205],[41.43353,41.1027],[41.43287,41.10389],[41.43312,41.10489],[41.43224,41.10415],[41.43239,41.10529],[41.431,41.10648],[41.43013,41.10387],[41.42871,41.10541],[41.42861,41.10337],[41.42734,41.10553],[41.42754,41.10776],[41.42683,41.10966],[41.42777,41.11196],[41.42772,41.11351],[41.42871,41.11514],[41.42899,41.11764],[41.4297,41.11746],[41.43109,41.11518],[41.43323,41.11522],[41.4393,41.11632],[41.4396,41.11749],[41.44386,41.11935],[41.44389,41.12011],[41.44261,41.12255],[41.43845,41.12413],[41.43814,41.12533],[41.43675,41.1273],[41.43366,41.12888],[41.43028,41.1299],[41.42922,41.13115],[41.42587,41.13244],[41.41959,41.13602],[41.41884,41.13829],[41.41736,41.13943],[41.41609,41.14181],[41.41418,41.14291],[41.41253,41.14328]]}},{"type":"Feature","properties":{"name":"TET_TR-08-N_20240614","country":"TR","lengthKm":240},"geometry":{"type":"LineString","coordinates":[[40.60007,40.71839],[40.59947,40.71998],[40.60016,40.72509],[40.59802,40.72738],[40.59856,40.72857],[40.60265,40.7309],[40.60304,40.73153],[40.60309,40.73332],[40.60211,40.73671],[40.60281,40.73843],[40.60199,40.74049],[40.59937,40.74168],[40.5975,40.74401],[40.59699,40.74688],[40.59467,40.75012],[40.59429,40.75306],[40.5925,40.75801],[40.59187,40.75859],[40.58669,40.76006],[40.58412,40.76166],[40.58197,40.76184],[40.57824,40.76485],[40.57789,40.77021],[40.57731,40.77107],[40.57387,40.77058],[40.5721,40.769],[40.5692,40.76844],[40.5657,40.76942],[40.56422,40.77036],[40.56238,40.77023],[40.56183,40.77073],[40.5616,40.77233],[40.56179,40.77294],[40.56288,40.77363],[40.56277,40.77428],[40.56004,40.77683],[40.55886,40.78267],[40.55631,40.78528],[40.55674,40.78586],[40.55579,40.78788],[40.55691,40.78689],[40.55642,40.78801],[40.5571,40.7891],[40.55648,40.7896],[40.55693,40.79099],[40.55663,40.79161],[40.55811,40.79221],[40.55685,40.794],[40.55796,40.79453],[40.55753,40.79393],[40.55796,40.79327],[40.55944,40.79282],[40.55944,40.79211],[40.55865,40.79131],[40.55893,40.79024],[40.5603,40.78921],[40.56051,40.78878],[40.56002,40.78829],[40.56127,40.78756],[40.56255,40.78758],[40.56232,40.78625],[40.56403,40.78764],[40.56313,40.78928],[40.56202,40.78998],[40.56206,40.7923],[40.56294,40.79271],[40.56494,40.79256],[40.56691,40.79166],[40.56903,40.79151],[40.57004,40.79185],[40.56888,40.79099],[40.568,40.79084],[40.57176,40.79009],[40.57311,40.79033],[40.57345,40.79086],[40.57663,40.79142],[40.57852,40.79258],[40.57925,40.79719],[40.57888,40.79831],[40.57959,40.79788],[40.58013,40.7967],[40.58305,40.7979],[40.58508,40.79812],[40.5903,40.79981],[40.59103,40.79994],[40.59199,40.79936],[40.5936,40.79925],[40.59596,40.8011],[40.59815,40.80121],[40.59871,40.80161],[40.60013,40.80148],[40.60124,40.80236],[40.60326,40.80211],[40.60894,40.80299],[40.61109,40.80249],[40.61163,40.80213],[40.6118,40.80123],[40.61276,40.80054],[40.61229,40.80142],[40.61249,40.80226],[40.61401,40.80477],[40.61444,40.80412],[40.61474,40.8047],[40.61615,40.80507],[40.618,40.80616],[40.61836,40.80717],[40.61774,40.80709],[40.61781,40.8076],[40.6183,40.80818],[40.62098,40.80893],[40.62126,40.80964],[40.62201,40.80955],[40.62229,40.8108],[40.62356,40.81161],[40.62448,40.81286],[40.62819,40.81475],[40.62873,40.81545],[40.62834,40.81648],[40.62982,40.81779],[40.63049,40.82013],[40.63182,40.82095],[40.6303,40.82093],[40.62984,40.82191],[40.6304,40.82144],[40.63137,40.82178],[40.63148,40.82228],[40.6309,40.82249],[40.63145,40.82303],[40.63143,40.82438],[40.63343,40.82442],[40.63236,40.82567],[40.63283,40.82657],[40.63424,40.82642],[40.63579,40.82698],[40.63748,40.82693],[40.63862,40.82753],[40.63875,40.82635],[40.63944,40.82575],[40.63926,40.82661],[40.641,40.82738],[40.64315,40.82764],[40.6451,40.82721],[40.64961,40.82526],[40.65139,40.82573],[40.65471,40.82528],[40.65662,40.82627],[40.65821,40.82859],[40.65913,40.82876],[40.6604,40.82792],[40.6657,40.82674],[40.66772,40.82685],[40.67068,40.82728],[40.67323,40.82856],[40.67851,40.82844],[40.68197,40.8312],[40.68538,40.83129],[40.68746,40.83204],[40.68847,40.83193],[40.68978,40.83118],[40.69108,40.83112],[40.6948,40.82966],[40.696,40.83024],[40.69686,40.82996],[40.69772,40.82869],[40.69844,40.82839],[40.69669,40.83337],[40.69814,40.8338],[40.69802,40.83457],[40.69875,40.83483],[40.70044,40.83455],[40.70508,40.8314],[40.70984,40.82916],[40.71074,40.82906],[40.71804,40.8308],[40.72125,40.83213],[40.72119,40.83142],[40.71934,40.83004],[40.71791,40.82798],[40.71823,40.8264],[40.72265,40.8238],[40.72518,40.8212],[40.72806,40.8158],[40.73067,40.8135],[40.73183,40.81153],[40.73417,40.81022],[40.73353,40.80947],[40.73432,40.80846],[40.73522,40.80556],[40.73683,40.80666],[40.73857,40.80299],[40.73906,40.79985],[40.74054,40.7993],[40.74192,40.79779],[40.74147,40.79556],[40.74432,40.79661],[40.74454,40.79526],[40.7473,40.79382],[40.74829,40.79179],[40.75211,40.79052],[40.75327,40.79063],[40.75664,40.79003],[40.75795,40.78852],[40.76177,40.78606],[40.76446,40.78684],[40.76562,40.78692],[40.76632,40.78653],[40.76952,40.78664],[40.77064,40.7858],[40.77437,40.78534],[40.77876,40.78338],[40.77964,40.78318],[40.78029,40.78381],[40.78115,40.78177],[40.78115,40.78328],[40.78193,40.78168],[40.7822,40.78279],[40.78293,40.78195],[40.78326,40.78342],[40.78439,40.78197],[40.78479,40.7826],[40.78568,40.78292],[40.78534,40.78338],[40.78572,40.78393],[40.78633,40.78389],[40.78731,40.78565],[40.78705,40.78705],[40.78524,40.78606],[40.78466,40.78644],[40.78396,40.78805],[40.7841,40.7901],[40.78553,40.78902],[40.78625,40.78927],[40.79083,40.7928],[40.79318,40.79551],[40.7969,40.7953],[40.79779,40.79493],[40.79614,40.79699],[40.79686,40.79738],[40.79888,40.79605],[40.80058,40.79391],[40.80208,40.79298],[40.80172,40.79413],[40.80486,40.79129],[40.80515,40.79177],[40.80397,40.79432],[40.80614,40.79291],[40.8071,40.79313],[40.80815,40.79829],[40.80876,40.79902],[40.81174,40.79974],[40.8136,40.79989],[40.8182,40.79884],[40.81771,40.79837],[40.81863,40.79766],[40.82234,40.79592],[40.82037,40.79576],[40.82337,40.79363],[40.82752,40.79229],[40.82908,40.79247],[40.82941,40.79305],[40.83076,40.79143],[40.83086,40.79005],[40.83335,40.79185],[40.8343,40.79473],[40.83492,40.79454],[40.83524,40.79358],[40.83627,40.79622],[40.83386,40.79833],[40.83968,40.7966],[40.8421,40.79794],[40.85016,40.79844],[40.8559,40.80152],[40.8577,40.80309],[40.86083,40.80383],[40.86176,40.80421],[40.86355,40.80592],[40.86582,40.80645],[40.86906,40.80662],[40.86831,40.80601],[40.86539,40.80549],[40.86449,40.80494],[40.86408,40.80419],[40.86433,40.80182],[40.86575,40.8038],[40.8673,40.80404],[40.86977,40.80308],[40.86736,40.80282],[40.86967,40.80217],[40.87149,40.80224],[40.86808,40.80146],[40.86736,40.79986],[40.86879,40.80107],[40.87055,40.80058],[40.87229,40.80067],[40.86689,40.79749],[40.86555,40.79644],[40.8658,40.7958],[40.87128,40.7955],[40.87294,40.79586],[40.87605,40.79575],[40.8742,40.79656],[40.87483,40.79664],[40.88171,40.79638],[40.87866,40.7975],[40.8824,40.79704],[40.88402,40.79721],[40.88503,40.79686],[40.88421,40.79771],[40.88456,40.79828],[40.88642,40.79774],[40.88596,40.79829],[40.891,40.79609],[40.89052,40.79441],[40.8932,40.79637],[40.89322,40.7958],[40.89459,40.79665],[40.90078,40.79861],[40.90222,40.79818],[40.90632,40.79853],[40.90826,40.79791],[40.91263,40.79856],[40.91601,40.79795],[40.91769,40.79886],[40.91969,40.79871],[40.92128,40.79929],[40.92291,40.80067],[40.92313,40.8013],[40.92563,40.80225],[40.92815,40.80413],[40.93264,40.80572],[40.93549,40.80809],[40.93756,40.81121],[40.9376,40.81328],[40.93628,40.81687],[40.9371,40.81818],[40.93787,40.81863],[40.93795,40.82136],[40.93918,40.82373],[40.94263,40.82595],[40.94543,40.83014],[40.94497,40.83569],[40.94673,40.83906],[40.94698,40.84062],[40.94431,40.84831],[40.94638,40.85097],[40.94659,40.85294],[40.94584,40.85773],[40.94506,40.85822],[40.94372,40.86072],[40.94158,40.86191],[40.94801,40.86275],[40.95175,40.86375],[40.95289,40.86362],[40.95535,40.86249],[40.95752,40.8629],[40.9608,40.86241],[40.96486,40.86255],[40.96747,40.8635],[40.97075,40.86346],[40.97174,40.86389],[40.97573,40.86431],[40.98329,40.86639],[40.98595,40.86607],[40.98945,40.86497],[40.99203,40.865],[40.99399,40.86427],[40.99621,40.86329],[40.99891,40.86104],[41.00119,40.85992],[41.00327,40.85827],[41.00756,40.85751],[41.00949,40.85651],[41.01095,40.85625],[41.01196,40.85493],[41.01361,40.85438],[41.01256,40.85545],[41.01322,40.856],[41.01452,40.85516],[41.01375,40.85439],[41.01427,40.85305],[41.01849,40.85624],[41.01844,40.85696],[41.01914,40.8576],[41.02152,40.85801],[41.02122,40.857],[41.02571,40.85898],[41.02324,40.85565],[41.03059,40.85985],[41.03279,40.86008],[41.03768,40.85979],[41.03797,40.86042],[41.03747,40.86069],[41.03859,40.86061],[41.03909,40.86106],[41.04083,40.8596],[41.0411,40.86115],[41.04456,40.86216],[41.05159,40.86268],[41.0568,40.8616],[41.06056,40.86161],[41.06249,40.86028],[41.06163,40.86281],[41.06804,40.86223],[41.06611,40.86352],[41.06514,40.86373],[41.06833,40.86358],[41.06613,40.86502],[41.06529,40.86517],[41.06749,40.86543],[41.06931,40.86512],[41.06856,40.86548],[41.06836,40.86606],[41.06587,40.86669],[41.06963,40.8672],[41.06989,40.86798],[41.07049,40.86732],[41.07104,40.86789],[41.07093,40.86918],[41.07154,40.87025],[41.07288,40.87144],[41.07342,40.87171],[41.07312,40.87046],[41.07383,40.86991],[41.07674,40.87003],[41.07881,40.86966],[41.07744,40.87065],[41.07689,40.87198],[41.07839,40.87329],[41.07811,40.87257],[41.08036,40.87121],[41.08365,40.86668],[41.08308,40.86876],[41.08302,40.87399],[41.08367,40.88147],[41.08091,40.88947],[41.07966,40.89171],[41.08003,40.89229],[41.07899,40.8937],[41.07646,40.89581],[41.07378,40.89972],[41.07319,40.90146],[41.07113,40.90253],[41.0708,40.90315],[41.07117,40.90485],[41.07071,40.90564],[41.0653,40.91218],[41.065,40.91426],[41.06585,40.91539],[41.06391,40.91582],[41.06174,40.9182],[41.06187,40.91901],[41.06095,40.91869],[41.06079,40.91797],[41.06045,40.91953],[41.06096,40.92137],[41.06063,40.9226],[41.06101,40.92313],[41.0602,40.92347],[41.06122,40.92484],[41.06052,40.9263],[41.05708,40.92882],[41.05569,40.93157],[41.05686,40.93273],[41.05896,40.93343],[41.05541,40.93464],[41.05522,40.93592],[41.05573,40.93534],[41.05688,40.93497],[41.0596,40.93476],[41.05789,40.93535],[41.05645,40.93717],[41.05855,40.93613],[41.0595,40.93606],[41.06066,40.93652],[41.05949,40.93673],[41.05827,40.93783],[41.05838,40.93839],[41.05907,40.93787],[41.05845,40.94092],[41.06079,40.93869],[41.06294,40.93746],[41.06471,40.93737],[41.06592,40.93657],[41.06924,40.93591],[41.07025,40.93367],[41.07005,40.9328],[41.07033,40.93368],[41.07003,40.93419],[41.07019,40.93361],[41.06959,40.93275],[41.07084,40.93134],[41.07003,40.9323],[41.06972,40.93131],[41.07012,40.93178],[41.06963,40.93278],[41.07061,40.93518],[41.07035,40.9362],[41.07121,40.9379],[41.06966,40.93955],[41.06998,40.94032],[41.06967,40.94098],[41.06809,40.94156],[41.06788,40.94269],[41.06822,40.94312],[41.06768,40.94335],[41.06661,40.94271],[41.06526,40.94349],[41.06322,40.94517],[41.0632,40.94584],[41.06169,40.94673],[41.05817,40.95126],[41.05539,40.95335],[41.05469,40.95326],[41.05355,40.9539],[41.0522,40.95368],[41.05027,40.95554],[41.04807,40.95547],[41.04802,40.95488],[41.04733,40.9554],[41.0468,40.95703],[41.04542,40.9577],[41.04276,40.95782],[41.04101,40.95832],[41.03971,40.95816],[41.03626,40.96288],[41.03479,40.9634],[41.0311,40.96338],[41.02889,40.96443],[41.02796,40.96424],[41.02596,40.96498],[41.02474,40.9648],[41.02367,40.96529],[41.02198,40.96522],[41.0209,40.96621],[41.01963,40.96549],[41.01634,40.96493],[41.01508,40.96428],[41.0134,40.96456],[41.01173,40.96391],[41.0103,40.96438],[41.01125,40.96376],[41.01053,40.96351],[41.01148,40.96341],[41.00925,40.96551],[41.00779,40.96498],[41.00709,40.96415],[41.00636,40.96449],[41.00407,40.96414],[41.00259,40.96522],[41.00053,40.96462],[40.99951,40.96515],[40.99828,40.96502],[40.99582,40.96599],[40.99584,40.96709],[40.99463,40.96908],[40.99495,40.97146],[40.99384,40.97106],[40.99402,40.97232],[40.99364,40.97289],[40.99425,40.97299],[40.9923,40.97375],[40.98975,40.9773],[40.98969,40.97679],[40.98817,40.97843],[40.98575,40.97893],[40.98455,40.97963],[40.98244,40.97986],[40.98138,40.97842],[40.98138,40.97984],[40.98205,40.98119],[40.98473,40.98259],[40.98256,40.98252],[40.98399,40.98322],[40.98554,40.98504],[40.98309,40.98449],[40.98457,40.98586],[40.98558,40.98624],[40.98433,40.98633],[40.98464,40.98685],[40.98676,40.98699],[40.98527,40.98727],[40.98488,40.98774],[40.98595,40.98749],[40.98526,40.9886],[40.98414,40.98933],[40.98397,40.99006],[40.98475,40.99063],[40.98552,40.99046],[40.98547,40.99134],[40.9832,40.99194],[40.98257,40.99181],[40.98303,40.9924],[40.98445,40.99255],[40.9856,40.99225],[40.98699,40.99275],[40.9812,40.99378],[40.97958,40.99188],[40.97527,40.99305],[40.97712,40.99336],[40.97518,40.99398],[40.97602,40.9938],[40.97517,40.99429],[40.97348,40.99413],[40.9752,40.99503],[40.97596,40.99468],[40.97551,40.99519],[40.97403,40.99528],[40.97513,40.99676],[40.9754,40.99827],[40.97479,40.99801],[40.97484,40.99846],[40.97542,40.99832],[40.97761,41.00022],[40.98068,41.00157],[40.98082,41.00228],[40.98623,41.00254],[40.98819,41.00379],[40.98884,41.0055],[40.99187,41.00813],[40.99411,41.01122],[40.99423,41.01264],[40.99321,41.01433],[40.99323,41.01544],[40.99413,41.01659],[40.99578,41.01727],[40.99681,41.01849],[40.99733,41.02032],[41.00054,41.02319],[41.00311,41.02649],[41.00509,41.02996],[41.00563,41.03269],[41.00766,41.03426],[41.00794,41.03695],[41.00867,41.03759],[41.0077,41.03906],[41.00746,41.0415],[41.00622,41.04351],[41.00632,41.04407],[41.00664,41.0435],[41.00749,41.04358],[41.00697,41.04334],[41.00755,41.04359],[41.00637,41.04403],[41.00604,41.04541],[41.00399,41.04602],[41.00324,41.04661],[41.00341,41.04996],[41.00262,41.05098],[41.00262,41.05183],[41.00296,41.05275],[41.00584,41.0541],[41.00593,41.05473],[41.00502,41.05592],[41.00494,41.05763],[41.00674,41.06032],[41.00766,41.06578],[41.01027,41.06927],[41.01298,41.07177],[41.01341,41.07523],[41.01412,41.07675],[41.01506,41.07775],[41.01681,41.07817],[41.02157,41.08052],[41.02496,41.08041],[41.03185,41.08226],[41.04137,41.08811],[41.0439,41.09278],[41.04389,41.0944],[41.04318,41.09579],[41.04238,41.09971],[41.04249,41.10084],[41.04427,41.10164],[41.0489,41.10276],[41.05038,41.10633],[41.04732,41.10893],[41.04569,41.11112],[41.04577,41.11259],[41.04649,41.11408],[41.04617,41.11552],[41.0447,41.11687],[41.04346,41.11909],[41.0404,41.12176],[41.0397,41.12282],[41.0346,41.12649],[41.03113,41.12812],[41.02752,41.13166],[41.02543,41.13232],[41.02457,41.13343],[41.02247,41.13488],[41.0154,41.13782],[41.01242,41.14055],[41.0088,41.14712],[41.00675,41.1483],[41.00579,41.15002],[41.00291,41.15234],[41.00141,41.15308],[40.99995,41.15331],[40.99733,41.15537],[40.99404,41.15891],[40.99146,41.16006],[40.98551,41.16073],[40.98375,41.16167],[40.97995,41.16951],[40.97914,41.17022],[40.97191,41.17343],[40.96709,41.17793],[40.9641,41.18183],[40.96179,41.1861],[40.96546,41.18747],[40.96485,41.18909],[40.96538,41.18958],[40.96077,41.18829],[40.9613,41.18732],[40.96001,41.18846],[40.95939,41.18854],[40.95862,41.18764],[40.96402,41.18959],[40.98122,41.19461],[40.98414,41.19463],[40.98926,41.19361],[40.99241,41.19391],[40.99569,41.19478],[41.01467,41.20127],[41.02749,41.20727],[41.03604,41.20994],[41.04256,41.21023],[41.04476,41.21075],[41.05296,41.21333],[41.05785,41.21595],[41.06506,41.21846],[41.07149,41.22249],[41.07918,41.22918],[41.08539,41.23376],[41.09008,41.23595],[41.09324,41.23805],[41.09714,41.24162],[41.10142,41.24472],[41.10897,41.24882],[41.11349,41.2504],[41.11715,41.25323],[41.12629,41.25722],[41.14208,41.27347],[41.15307,41.28235],[41.15667,41.28359],[41.1782,41.28704],[41.19312,41.29339],[41.20522,41.29805],[41.20733,41.29914],[41.21166,41.30296],[41.21953,41.30528],[41.22474,41.30947],[41.23347,41.31323],[41.24151,41.31872],[41.25107,41.32768],[41.25658,41.33399],[41.25902,41.33764],[41.26158,41.33941],[41.27033,41.34372],[41.27352,41.34461],[41.27856,41.34694],[41.2896,41.34939],[41.29486,41.34977],[41.30003,41.35258],[41.3084,41.35477],[41.309,41.35305],[41.29673,41.34988],[41.29895,41.34573],[41.29775,41.33836],[41.29973,41.33316],[41.30221,41.32849],[41.30242,41.32465],[41.30176,41.32083],[41.30421,41.31631],[41.30524,41.31576],[41.31061,41.31674],[41.31543,41.31667],[41.31726,41.31595],[41.32012,41.31258],[41.32171,41.31132],[41.32363,41.31018],[41.32884,41.3084],[41.33025,41.30734],[41.33045,41.30521],[41.33166,41.30258],[41.33163,41.30131],[41.33216,41.30056],[41.3334,41.29997],[41.33309,41.29773],[41.33362,41.29701],[41.33703,41.29578],[41.33832,41.29415],[41.34149,41.29444],[41.3468,41.29143],[41.34977,41.29082],[41.35249,41.28803],[41.35621,41.28662],[41.35677,41.28562],[41.35812,41.28476],[41.36017,41.28499],[41.36133,41.28458],[41.36373,41.28277],[41.36658,41.28197],[41.36809,41.28064],[41.37013,41.2797],[41.37169,41.27821],[41.37498,41.27709],[41.37537,41.27666],[41.37533,41.27603],[41.37288,41.27442],[41.37084,41.272],[41.37103,41.27347],[41.37043,41.27324],[41.37125,41.27438],[41.37039,41.27372],[41.3705,41.27265],[41.37004,41.27335],[41.36917,41.27292],[41.36789,41.27321],[41.36902,41.27486],[41.3668,41.27657],[41.36675,41.27594],[41.36615,41.27582],[41.36594,41.27426],[41.36527,41.27506],[41.36414,41.27461],[41.36128,41.27514],[41.36069,41.27376],[41.35776,41.27193],[41.35476,41.27257],[41.35432,41.27174],[41.35492,41.26969],[41.3542,41.27018],[41.35426,41.26882],[41.35304,41.27021],[41.35098,41.27155],[41.34903,41.27171],[41.34818,41.27142],[41.34707,41.27212],[41.34605,41.27357],[41.34593,41.27213],[41.34693,41.26749],[41.34547,41.26856],[41.34541,41.26781],[41.34463,41.2676],[41.34506,41.26717],[41.34334,41.26511],[41.34381,41.26451],[41.34277,41.26397],[41.34208,41.26298],[41.34289,41.26335],[41.3435,41.26307],[41.34278,41.26298],[41.33825,41.25823],[41.33617,41.25688],[41.33524,41.25641],[41.3336,41.2567],[41.33154,41.25553],[41.32701,41.25442],[41.32589,41.2535],[41.32376,41.25286],[41.32344,41.25148],[41.32263,41.25168],[41.32165,41.25074],[41.32263,41.24912],[41.31877,41.24534],[41.31531,41.24298],[41.31538,41.24154],[41.31669,41.23981],[41.31873,41.23903],[41.31951,41.23934],[41.32085,41.23844],[41.32281,41.23832],[41.32445,41.23743],[41.32512,41.23826],[41.32584,41.23749],[41.327,41.23298],[41.32674,41.23143],[41.32796,41.22982],[41.32678,41.22685],[41.32845,41.22514],[41.32851,41.22393],[41.32928,41.22302],[41.33093,41.2226],[41.33171,41.2215],[41.33357,41.22053],[41.33433,41.21779],[41.33547,41.21682],[41.3352,41.21597],[41.3365,41.21454],[41.33726,41.2127],[41.33722,41.2108],[41.3359,41.20931],[41.33613,41.20864],[41.33727,41.20831],[41.3385,41.20669],[41.34067,41.20605],[41.34379,41.20309],[41.34397,41.20352],[41.34493,41.20346],[41.34449,41.2023],[41.34561,41.2013],[41.34544,41.20198],[41.34599,41.20157],[41.34628,41.20034],[41.34772,41.19893],[41.34808,41.19831],[41.34769,41.19726],[41.34906,41.19589],[41.35068,41.1955],[41.35182,41.19295],[41.35341,41.19157],[41.35352,41.18991],[41.35521,41.18795],[41.35368,41.18821],[41.35539,41.18698],[41.35324,41.18763],[41.35207,41.18672],[41.35249,41.18614],[41.3534,41.18605],[41.35397,41.18553],[41.35368,41.18263],[41.35521,41.18185],[41.35678,41.18157],[41.36101,41.17853],[41.36633,41.17576],[41.36771,41.17404],[41.36762,41.17153],[41.36815,41.17112],[41.37125,41.16976],[41.37362,41.1692],[41.37444,41.16859],[41.37547,41.16658],[41.37473,41.16508],[41.37389,41.16487],[41.37291,41.16381],[41.37305,41.16291],[41.37415,41.16193],[41.3745,41.16095],[41.37272,41.15937],[41.3728,41.15888],[41.37372,41.15884],[41.37727,41.15682],[41.37951,41.15607],[41.37971,41.15474],[41.37923,41.15375],[41.3798,41.1525],[41.37927,41.15178],[41.3794,41.15002],[41.38261,41.14899],[41.38429,41.14947],[41.38588,41.14918],[41.38857,41.14975],[41.389,41.14684],[41.39111,41.14614],[41.39098,41.14539],[41.39192,41.14495],[41.39263,41.14274],[41.39371,41.14178],[41.39327,41.13976],[41.39515,41.1388],[41.39742,41.13897],[41.40151,41.13827],[41.40231,41.13766],[41.40204,41.13553],[41.40469,41.13591],[41.40745,41.13711],[41.4094,41.13706],[41.41131,41.13506],[41.41141,41.13398],[41.41088,41.13298],[41.4112,41.13154],[41.41339,41.13477],[41.41383,41.13269],[41.41478,41.13244],[41.41786,41.13301],[41.41592,41.13356],[41.41704,41.13764],[41.41558,41.14173],[41.41256,41.14328]]}},{"type":"Feature","properties":{"name":"TET_TR-09-N_20240614","country":"TR","lengthKm":230.9},"geometry":{"type":"LineString","coordinates":[[41.41253,41.14328],[41.41502,41.14543],[41.41743,41.14429],[41.42277,41.14275],[41.42656,41.14014],[41.42743,41.13876],[41.42748,41.13928],[41.43076,41.1383],[41.43084,41.13857],[41.43221,41.13778],[41.43324,41.13796],[41.4342,41.13874],[41.4356,41.14126],[41.436,41.14404],[41.43449,41.14954],[41.437,41.15087],[41.44013,41.15083],[41.44072,41.15112],[41.44089,41.15175],[41.43953,41.15369],[41.44014,41.15347],[41.43724,41.15596],[41.43621,41.15739],[41.43751,41.15777],[41.44039,41.161],[41.44022,41.16372],[41.43868,41.16558],[41.4393,41.16609],[41.43949,41.16789],[41.43848,41.16968],[41.43574,41.17211],[41.43628,41.17244],[41.43639,41.17376],[41.43381,41.17568],[41.43379,41.17705],[41.43212,41.17782],[41.43067,41.18001],[41.43253,41.18391],[41.43291,41.18702],[41.43418,41.18764],[41.43484,41.18766],[41.43535,41.1872],[41.43757,41.18742],[41.4378,41.18817],[41.43831,41.18766],[41.43991,41.188],[41.4404,41.18943],[41.44036,41.19523],[41.44062,41.19578],[41.44245,41.19635],[41.44273,41.19768],[41.44374,41.19887],[41.44377,41.19948],[41.44189,41.20146],[41.44148,41.20337],[41.44253,41.20716],[41.44383,41.20644],[41.44606,41.20714],[41.4488,41.20597],[41.45116,41.20629],[41.45256,41.20717],[41.4542,41.20972],[41.45554,41.2105],[41.45692,41.21055],[41.4615,41.2068],[41.46513,41.20894],[41.46698,41.20934],[41.47352,41.20424],[41.4742,41.20468],[41.46952,41.21226],[41.47152,41.21235],[41.47284,41.21309],[41.4739,41.21525],[41.47413,41.21717],[41.47611,41.21924],[41.47689,41.22087],[41.47987,41.22234],[41.48124,41.22513],[41.48436,41.22546],[41.48381,41.22699],[41.48416,41.22738],[41.48613,41.22811],[41.48746,41.22816],[41.48774,41.23025],[41.48866,41.23185],[41.48863,41.23367],[41.4892,41.23432],[41.49097,41.23504],[41.49221,41.23458],[41.49348,41.23473],[41.49475,41.23668],[41.49452,41.23752],[41.49579,41.23864],[41.49591,41.23957],[41.49352,41.2408],[41.4931,41.24145],[41.49374,41.24237],[41.49285,41.24304],[41.49163,41.24342],[41.49144,41.24382],[41.49019,41.24324],[41.4869,41.24447],[41.48618,41.2451],[41.48579,41.24561],[41.48646,41.24595],[41.4871,41.24762],[41.4876,41.2479],[41.4871,41.24763],[41.48645,41.24597],[41.4858,41.24568],[41.48738,41.24426],[41.48881,41.24406],[41.49012,41.2433],[41.49144,41.24382],[41.49382,41.24256],[41.49317,41.2415],[41.49372,41.24073],[41.49595,41.23954],[41.49584,41.23873],[41.49469,41.23768],[41.49566,41.23838],[41.49597,41.23958],[41.4932,41.24126],[41.49376,41.24267],[41.49092,41.24376],[41.49048,41.24334],[41.48963,41.24349],[41.48724,41.24439],[41.48579,41.24563],[41.48786,41.24809],[41.48726,41.24888],[41.48735,41.24953],[41.48687,41.25044],[41.4848,41.25193],[41.48334,41.25452],[41.48247,41.25471],[41.48209,41.25592],[41.47848,41.25513],[41.47665,41.25615],[41.47619,41.25763],[41.47797,41.26156],[41.47469,41.26108],[41.47323,41.26219],[41.47194,41.26448],[41.47232,41.26699],[41.47101,41.26848],[41.46949,41.26943],[41.4696,41.26994],[41.47358,41.27345],[41.47358,41.27512],[41.47451,41.27642],[41.47472,41.27772],[41.47292,41.2788],[41.47544,41.2817],[41.47615,41.28342],[41.47587,41.28402],[41.4779,41.28613],[41.47859,41.28596],[41.4797,41.28485],[41.47798,41.28695],[41.48354,41.29806],[41.48131,41.2938],[41.48206,41.2943],[41.48206,41.29672],[41.48284,41.29687],[41.48647,41.29955],[41.48869,41.2984],[41.49107,41.2984],[41.49048,41.3002],[41.48908,41.30121],[41.49243,41.30202],[41.49264,41.30282],[41.49347,41.30317],[41.4938,41.30375],[41.49307,41.30406],[41.49291,41.30553],[41.494,41.3065],[41.4939,41.30749],[41.49463,41.30765],[41.49475,41.30898],[41.49649,41.30846],[41.49904,41.3095],[41.49964,41.31025],[41.49902,41.31185],[41.50141,41.3126],[41.49966,41.31272],[41.49976,41.31323],[41.49894,41.31343],[41.49973,41.31272],[41.50093,41.31252],[41.49904,41.31188],[41.50219,41.31286],[41.50187,41.31459],[41.50306,41.31577],[41.50548,41.31722],[41.51054,41.31732],[41.51238,41.31665],[41.51331,41.31757],[41.51388,41.31749],[41.51571,41.31503],[41.51565,41.31449],[41.51748,41.3128],[41.5193,41.31282],[41.51973,41.31175],[41.51947,41.31107],[41.52056,41.30961],[41.52093,41.30673],[41.52155,41.30569],[41.5223,41.30567],[41.52142,41.30508],[41.51881,41.3073],[41.51829,41.30702],[41.51998,41.30483],[41.5207,41.30297],[41.52069,41.30223],[41.52003,41.30248],[41.51951,41.3036],[41.51921,41.30229],[41.51983,41.30113],[41.52473,41.29939],[41.52605,41.2982],[41.528,41.29732],[41.52808,41.29622],[41.52768,41.2958],[41.529,41.2935],[41.52764,41.29126],[41.52698,41.29097],[41.52541,41.29129],[41.52573,41.2894],[41.52384,41.28708],[41.51801,41.28659],[41.5146,41.28367],[41.5135,41.28175],[41.51244,41.28111],[41.50944,41.28132],[41.50746,41.28107],[41.50592,41.28193],[41.49945,41.28188],[41.49648,41.2814],[41.50272,41.2817],[41.50741,41.2808],[41.5098,41.28121],[41.51087,41.28068],[41.51275,41.28111],[41.51512,41.28395],[41.51816,41.28661],[41.52351,41.28691],[41.52489,41.28813],[41.52594,41.28991],[41.5254,41.29126],[41.52757,41.29104],[41.52949,41.29298],[41.53178,41.29319],[41.53259,41.29401],[41.5354,41.2934],[41.54086,41.29498],[41.54533,41.29426],[41.54669,41.29446],[41.5504,41.29632],[41.55297,41.29583],[41.55812,41.297],[41.56541,41.29598],[41.56658,41.29536],[41.56639,41.29384],[41.56677,41.29317],[41.56898,41.29232],[41.56805,41.29108],[41.56649,41.29061],[41.56628,41.28977],[41.56459,41.28928],[41.56419,41.28846],[41.56465,41.2876],[41.56365,41.28491],[41.56459,41.28229],[41.56409,41.28121],[41.56464,41.27989],[41.56381,41.27896],[41.56201,41.27837],[41.56211,41.27781],[41.56452,41.27777],[41.56632,41.28003],[41.56803,41.28409],[41.57144,41.28807],[41.57104,41.2894],[41.57171,41.29002],[41.57345,41.29015],[41.57502,41.29082],[41.57944,41.29178],[41.58092,41.29179],[41.58229,41.29129],[41.5842,41.29345],[41.587,41.2956],[41.59,41.29694],[41.59088,41.29815],[41.59346,41.29852],[41.595,41.29993],[41.59727,41.30009],[41.59978,41.30224],[41.60315,41.30257],[41.60444,41.30361],[41.6071,41.30373],[41.61048,41.30481],[41.61309,41.3045],[41.61432,41.30476],[41.61744,41.30653],[41.61975,41.30652],[41.62305,41.3083],[41.62332,41.3087],[41.62287,41.31054],[41.62472,41.31167],[41.62562,41.31351],[41.63072,41.31571],[41.63023,41.3182],[41.63061,41.32003],[41.63334,41.32179],[41.63812,41.32282],[41.63863,41.32436],[41.64379,41.32832],[41.64449,41.32966],[41.64605,41.33063],[41.64666,41.33148],[41.65008,41.33312],[41.65031,41.3336],[41.64984,41.33433],[41.65053,41.3346],[41.65344,41.33419],[41.65519,41.3353],[41.65938,41.33696],[41.65916,41.33818],[41.66349,41.33866],[41.66443,41.33811],[41.66655,41.33867],[41.66995,41.33886],[41.67384,41.33996],[41.67806,41.34821],[41.67872,41.34797],[41.67396,41.35108],[41.67328,41.35326],[41.67475,41.3554],[41.67641,41.35677],[41.67755,41.35552],[41.67937,41.35758],[41.67949,41.35837],[41.67888,41.35991],[41.678,41.36017],[41.67533,41.36216],[41.67499,41.36341],[41.67527,41.3647],[41.67789,41.36573],[41.68011,41.3659],[41.68209,41.36668],[41.68283,41.36673],[41.68438,41.36602],[41.68532,41.36719],[41.68601,41.37037],[41.68581,41.37219],[41.68536,41.37409],[41.68443,41.3759],[41.6836,41.37659],[41.68401,41.37749],[41.68563,41.37882],[41.68971,41.3809],[41.69071,41.38372],[41.68998,41.38543],[41.68998,41.38769],[41.6938,41.39165],[41.69595,41.39275],[41.69654,41.39352],[41.69613,41.3954],[41.69399,41.39903],[41.69331,41.40304],[41.69361,41.40384],[41.69959,41.40319],[41.7008,41.40274],[41.70296,41.40092],[41.70541,41.40067],[41.70692,41.39989],[41.71005,41.40019],[41.71102,41.40096],[41.7114,41.40217],[41.71621,41.40124],[41.71776,41.4019],[41.7186,41.40325],[41.71958,41.40291],[41.72052,41.40171],[41.72277,41.40096],[41.72472,41.39976],[41.73572,41.39854],[41.7383,41.40056],[41.7409,41.39991],[41.74345,41.39831],[41.74256,41.39639],[41.74294,41.39552],[41.74596,41.39474],[41.74857,41.39601],[41.75136,41.3966],[41.75364,41.39386],[41.75526,41.39421],[41.75857,41.39638],[41.76234,41.39645],[41.76422,41.396],[41.76508,41.39631],[41.76668,41.39746],[41.76676,41.39905],[41.76859,41.39991],[41.76966,41.40124],[41.7719,41.40124],[41.77281,41.40354],[41.77203,41.40458],[41.77232,41.4055],[41.77499,41.40765],[41.7762,41.40679],[41.77756,41.40719],[41.7806,41.40368],[41.78229,41.4046],[41.78162,41.406],[41.78207,41.40739],[41.78455,41.40812],[41.7869,41.4079],[41.78731,41.40697],[41.78953,41.40563],[41.79429,41.40672],[41.79481,41.40572],[41.80113,41.40635],[41.80271,41.40732],[41.80748,41.40819],[41.80882,41.40928],[41.80986,41.40897],[41.81012,41.40815],[41.81628,41.40902],[41.81753,41.40829],[41.82073,41.40768],[41.82305,41.40528],[41.82491,41.40573],[41.82808,41.40808],[41.83132,41.40776],[41.8322,41.40797],[41.83329,41.40956],[41.834,41.40881],[41.83526,41.4086],[41.8355,41.40712],[41.83794,41.40654],[41.8391,41.40406],[41.84046,41.40443],[41.84232,41.40435],[41.84385,41.40543],[41.84661,41.40552],[41.8451,41.40403],[41.84567,41.40295],[41.8478,41.40164],[41.84962,41.40156],[41.8542,41.39903],[41.85326,41.3984],[41.85371,41.39727],[41.85329,41.39682],[41.85455,41.39418],[41.85383,41.39379],[41.85432,41.3923],[41.8538,41.39099],[41.85545,41.38958],[41.85454,41.38875],[41.85541,41.38833],[41.856,41.38735],[41.86139,41.38878],[41.86191,41.38701],[41.86425,41.38547],[41.8626,41.38468],[41.8659,41.38233],[41.86559,41.38121],[41.86859,41.38079],[41.86867,41.37923],[41.86546,41.3792],[41.86615,41.37697],[41.86646,41.37848],[41.86787,41.37593],[41.86644,41.37337],[41.8697,41.37294],[41.86718,41.37185],[41.8693,41.37179],[41.86917,41.37147],[41.87064,41.37098],[41.86997,41.37143],[41.86968,41.37117],[41.86917,41.37148],[41.86934,41.37175],[41.86719,41.37189],[41.86969,41.37287],[41.86649,41.37343],[41.86782,41.37592],[41.86654,41.37844],[41.86614,41.37697],[41.86545,41.37927],[41.86872,41.37917],[41.86852,41.38074],[41.86555,41.38127],[41.86591,41.38236],[41.86262,41.38469],[41.86423,41.38545],[41.86195,41.38651],[41.86157,41.38875],[41.86019,41.38881],[41.85642,41.38694],[41.85589,41.38796],[41.85474,41.3888],[41.85551,41.38945],[41.85393,41.39079],[41.85436,41.39217],[41.85391,41.39341],[41.85465,41.39426],[41.85393,41.39491],[41.85334,41.3968],[41.85377,41.39817],[41.85332,41.39847],[41.85418,41.39879],[41.85396,41.39943],[41.84968,41.40158],[41.84803,41.40158],[41.84581,41.40264],[41.84509,41.40375],[41.84659,41.40559],[41.8436,41.40534],[41.84244,41.40436],[41.84027,41.4044],[41.83941,41.40406],[41.83864,41.40431],[41.83835,41.40644],[41.83541,41.40727],[41.83533,41.40867],[41.83408,41.40877],[41.83358,41.40944],[41.83306,41.40949],[41.83222,41.40812],[41.83124,41.40777],[41.82835,41.4081],[41.82493,41.40576],[41.82388,41.40563],[41.82307,41.40591],[41.82133,41.40928],[41.81861,41.41044],[41.82036,41.41156],[41.81696,41.41285],[41.81689,41.41334],[41.81773,41.4142],[41.81793,41.41325],[41.81922,41.41281],[41.82376,41.41352],[41.82439,41.41313],[41.82445,41.41255],[41.82632,41.41173],[41.82588,41.41048],[41.82805,41.41144],[41.82829,41.41257],[41.82789,41.41369],[41.82679,41.41469],[41.82912,41.41417],[41.8304,41.41348],[41.83192,41.41594],[41.83539,41.41419],[41.83671,41.4144],[41.83933,41.41596],[41.84208,41.41384],[41.84395,41.4148],[41.84538,41.41402],[41.84533,41.4129],[41.84594,41.41323],[41.84586,41.41448],[41.8441,41.41559],[41.84295,41.41567],[41.84356,41.41615],[41.8454,41.41599],[41.84618,41.41554],[41.8477,41.41604],[41.84943,41.41585],[41.851,41.41634],[41.85311,41.41639],[41.85156,41.41872],[41.85189,41.4206],[41.84992,41.42099],[41.84806,41.42012],[41.84747,41.42022],[41.84601,41.4213],[41.84566,41.42386],[41.84287,41.42536],[41.84178,41.42552],[41.84162,41.42599],[41.84257,41.42764],[41.84547,41.42885],[41.84562,41.42977],[41.84429,41.4314],[41.84379,41.43337],[41.8408,41.435],[41.84114,41.43551],[41.84304,41.43706],[41.84418,41.43731],[41.84652,41.43695],[41.85076,41.43528],[41.85088,41.43642],[41.85026,41.43794],[41.85056,41.43939],[41.85633,41.43996],[41.85488,41.44189],[41.85768,41.44206],[41.86016,41.44166],[41.86098,41.44294],[41.86399,41.44392],[41.86831,41.44293],[41.8687,41.44356],[41.86847,41.44503],[41.86998,41.44694],[41.8688,41.44824],[41.86904,41.44866],[41.87105,41.44801],[41.87162,41.44822],[41.87009,41.44897],[41.87036,41.44936],[41.87495,41.44876],[41.8751,41.44935],[41.87244,41.45048],[41.87276,41.45129],[41.87593,41.45432],[41.87784,41.45448],[41.88123,41.45405],[41.87717,41.45352],[41.88163,41.45246],[41.8829,41.4515],[41.88656,41.45126],[41.88938,41.453],[41.89167,41.45356],[41.89258,41.45473],[41.89203,41.45648],[41.89476,41.45509],[41.89506,41.45555],[41.89382,41.45653],[41.89362,41.45748],[41.89172,41.45932],[41.89078,41.4611],[41.89211,41.46041],[41.89562,41.4608],[41.89654,41.46016],[41.89672,41.46054],[41.89497,41.4615],[41.895,41.46261],[41.8944,41.46339],[41.89564,41.46347],[41.89715,41.4624],[41.89808,41.46264],[41.89954,41.46229],[41.90131,41.46125],[41.90055,41.45972],[41.90083,41.45924],[41.90214,41.45898],[41.90318,41.45729],[41.90118,41.45401],[41.90293,41.45521],[41.90413,41.45659],[41.90457,41.45851],[41.90599,41.45939],[41.90499,41.46212],[41.90562,41.46381],[41.90386,41.46534],[41.9022,41.46764],[41.90197,41.46904],[41.90076,41.47045],[41.90024,41.47278],[41.89801,41.47381],[41.89847,41.47527],[41.90006,41.47704],[41.90077,41.47748],[41.90297,41.47717],[41.90346,41.47744],[41.90112,41.478],[41.89979,41.4778],[41.89826,41.47843],[41.89884,41.47824],[41.89928,41.47867],[41.90494,41.47823],[41.9053,41.47778],[41.90692,41.47751],[41.90939,41.47639],[41.91075,41.477],[41.91331,41.47684],[41.91733,41.47984],[41.91917,41.48063],[41.91927,41.48142],[41.92164,41.48339],[41.92324,41.48287],[41.9264,41.48359],[41.92829,41.48346],[41.93181,41.48101],[41.932,41.4818],[41.93294,41.48197],[41.93477,41.48395],[41.93586,41.48435],[41.9365,41.48445],[41.9386,41.48364],[41.93756,41.48456],[41.93957,41.48372],[41.93806,41.48529],[41.93547,41.48592],[41.93546,41.48663],[41.93584,41.48616],[41.94062,41.48659],[41.94086,41.4872],[41.94251,41.48795],[41.94494,41.4898],[41.94504,41.49117],[41.94385,41.49276],[41.94404,41.49425],[41.94464,41.49396],[41.94573,41.49472],[41.94802,41.49437],[41.95005,41.495],[41.95233,41.49328],[41.95284,41.49352],[41.95311,41.49579],[41.95245,41.49772],[41.9545,41.4997],[41.95564,41.49996],[41.95561,41.5016],[41.9547,41.50271],[41.95436,41.504],[41.95653,41.50316],[41.95754,41.50436],[41.95689,41.50311],[41.95452,41.50417],[41.9546,41.503],[41.95565,41.50139],[41.95589,41.50015],[41.95535,41.49972],[41.95482,41.49998],[41.95243,41.4978],[41.95312,41.49564],[41.95252,41.49327],[41.95008,41.49507],[41.94768,41.49422],[41.94556,41.49464],[41.94515,41.49406],[41.94417,41.49413],[41.94398,41.49256],[41.94477,41.49176],[41.94525,41.48994],[41.9424,41.48779],[41.94117,41.48758],[41.94062,41.48672],[41.93968,41.48637],[41.93584,41.48616],[41.93549,41.48665],[41.93543,41.48606],[41.93817,41.48526],[41.93919,41.48438],[41.93953,41.48389],[41.93782,41.48451],[41.93886,41.48351],[41.94169,41.48307],[41.94259,41.48336],[41.94405,41.48506],[41.94391,41.48244],[41.95448,41.48135],[41.95508,41.48051],[41.95825,41.47934],[41.96026,41.47963],[41.96114,41.48072],[41.96344,41.47962],[41.96535,41.48098],[41.96625,41.48048],[41.96894,41.48081],[41.97104,41.48038],[41.97206,41.48108],[41.97473,41.48026],[41.97736,41.48058],[41.97887,41.48142],[41.98421,41.48082],[41.98491,41.48096],[41.98576,41.48318],[41.98717,41.48472],[41.98808,41.47982],[41.98881,41.4791],[41.99003,41.47893],[41.99237,41.47937],[41.99433,41.481],[41.99611,41.48085],[41.99767,41.48224],[41.99902,41.48089],[41.99966,41.48102],[42.00259,41.48381],[42.00327,41.48296],[42.00281,41.4803],[42.00544,41.47958],[42.00771,41.47958],[42.00876,41.48257],[42.01048,41.4838],[42.01008,41.48264],[42.01298,41.47966],[42.01592,41.47959],[42.01681,41.47989],[42.01355,41.48032],[42.01276,41.48312],[42.01304,41.48268],[42.01331,41.48311],[42.01406,41.48171],[42.01569,41.48094],[42.01818,41.48219],[42.01886,41.48199],[42.0194,41.48116],[42.02111,41.48097],[42.02204,41.48046],[42.02307,41.4793],[42.02406,41.47966],[42.02577,41.48171],[42.02661,41.4821],[42.02929,41.4792],[42.03036,41.47948],[42.03197,41.47805],[42.03288,41.47779],[42.03314,41.47707],[42.03584,41.47797],[42.03664,41.47723],[42.03744,41.47769],[42.0387,41.48],[42.03927,41.47974],[42.03876,41.48004],[42.03953,41.48081],[42.0406,41.47901],[42.0395,41.48086],[42.03687,41.47859],[42.03418,41.47937],[42.03281,41.48168],[42.03092,41.48307],[42.03057,41.48504],[42.03088,41.48625],[42.03006,41.48657],[42.0296,41.48624],[42.03011,41.48724],[42.03062,41.48704],[42.03157,41.48741],[42.03184,41.48648],[42.03232,41.48804],[42.03071,41.48789],[42.03014,41.4882],[42.03044,41.4886],[42.02834,41.48804],[42.02708,41.48712],[42.02472,41.48628],[42.02418,41.48645],[42.0272,41.48931],[42.02675,41.49054],[42.02734,41.48992],[42.02946,41.49165],[42.03241,41.49288],[42.0363,41.49171],[42.03765,41.48966],[42.0396,41.49243],[42.0404,41.49224],[42.04143,41.49276],[42.04344,41.49251],[42.04468,41.49308],[42.04579,41.49247],[42.04653,41.49347],[42.04844,41.49356],[42.0499,41.49621],[42.05104,41.49713],[42.05577,41.49398],[42.05659,41.4938],[42.05824,41.495],[42.05923,41.49525],[42.06064,41.4973],[42.06309,41.49809],[42.06466,41.49774],[42.06552,41.49843],[42.06745,41.49889],[42.06709,41.49906],[42.06766,41.49945],[42.06752,41.50036],[42.06834,41.50116],[42.07086,41.5016],[42.07202,41.50138],[42.07265,41.50005],[42.07375,41.50087],[42.07606,41.50048],[42.07704,41.50063],[42.07747,41.50114],[42.07851,41.50048],[42.07944,41.50055],[42.08013,41.50104],[42.08151,41.50104],[42.08205,41.50036],[42.08188,41.50118],[42.08088,41.50222],[42.0799,41.50226],[42.08092,41.50261],[42.08473,41.50047],[42.0856,41.50103],[42.08652,41.50098],[42.08661,41.50055],[42.08701,41.50105],[42.0867,41.50146],[42.08729,41.50151],[42.08812,41.50105],[42.08811,41.50042],[42.09016,41.50032],[42.09091,41.49915],[42.09255,41.49815],[42.09566,41.49747],[42.09752,41.49622],[42.09764,41.49517],[42.09842,41.49493],[42.09905,41.49412],[42.10129,41.49369],[42.10212,41.49292],[42.10289,41.49369],[42.10242,41.494],[42.10315,41.49424],[42.10509,41.494],[42.10797,41.49232],[42.10928,41.48818],[42.1108,41.48804],[42.12072,41.48183],[42.12261,41.48168],[42.12326,41.48122],[42.12568,41.48086],[42.12774,41.4801],[42.12834,41.47919],[42.1298,41.4784],[42.13174,41.47814],[42.13243,41.47923],[42.13298,41.4788],[42.13288,41.47792],[42.13431,41.47709],[42.13535,41.47735],[42.13602,41.47682],[42.13921,41.47712],[42.14065,41.47557],[42.14139,41.47544],[42.14378,41.47606],[42.1449,41.47482],[42.14769,41.47452],[42.14836,41.47355],[42.14937,41.47343],[42.15076,41.47236],[42.1521,41.47217],[42.15315,41.47248],[42.15558,41.47195],[42.15688,41.47236],[42.15995,41.47215],[42.16142,41.47117],[42.16445,41.47139],[42.16563,41.47082],[42.16686,41.47075],[42.16723,41.4696],[42.16932,41.4691],[42.17216,41.46647],[42.17506,41.46473],[42.17587,41.46267],[42.17681,41.46203],[42.17964,41.46096],[42.18186,41.45964],[42.18455,41.45903],[42.19057,41.45681],[42.19239,41.45498],[42.19269,41.45417],[42.19448,41.45289],[42.19616,41.45358],[42.19776,41.45358],[42.20057,41.45236],[42.20403,41.45197],[42.20605,41.45046],[42.20812,41.44955],[42.20796,41.44813],[42.21064,41.44744],[42.2137,41.44405],[42.21528,41.44332],[42.21793,41.44114],[42.21928,41.43956],[42.22029,41.43772],[42.22041,41.43615],[42.22196,41.43404],[42.22332,41.43356],[42.22573,41.43336],[42.22765,41.43235],[42.23083,41.43178],[42.23281,41.43054],[42.23303,41.42887],[42.23213,41.42711],[42.23189,41.42818],[42.23147,41.42812],[42.2305,41.42668],[42.23068,41.42623],[42.23124,41.42653],[42.23301,41.42547],[42.23574,41.42542],[42.23722,41.42476],[42.2385,41.42468],[42.24232,41.4215],[42.24631,41.4217],[42.25047,41.42035],[42.25321,41.42061],[42.25829,41.41769],[42.2609,41.41767],[42.2664,41.41521],[42.26699,41.4153],[42.2677,41.41613],[42.26791,41.41549],[42.26703,41.41411],[42.26788,41.41271],[42.26822,41.4108],[42.26931,41.40926],[42.27158,41.40723],[42.27322,41.40676],[42.27723,41.40435],[42.28036,41.40352],[42.28327,41.40131],[42.28592,41.39852],[42.28598,41.39717],[42.28521,41.39622],[42.28535,41.39579],[42.28705,41.39544],[42.28538,41.39528],[42.28493,41.39427],[42.28403,41.39404],[42.28361,41.3931],[42.28653,41.38849],[42.28625,41.38572],[42.28691,41.38257],[42.28629,41.38106],[42.28672,41.38042],[42.28635,41.37939],[42.28733,41.37768],[42.28698,41.37651],[42.28773,41.37552],[42.28839,41.37317],[42.28981,41.37255],[42.28944,41.37129],[42.29052,41.37187],[42.29059,41.36935],[42.29277,41.36869],[42.29409,41.36876],[42.29543,41.3696],[42.29708,41.36971],[42.29867,41.3694],[42.29983,41.36839],[42.30187,41.36823],[42.3047,41.36956],[42.30579,41.3705],[42.30906,41.37089],[42.30971,41.3714],[42.31171,41.37171],[42.31769,41.37075],[42.3185,41.36991],[42.31947,41.37026],[42.32259,41.36967],[42.32363,41.36985],[42.32337,41.37081],[42.32385,41.371],[42.32495,41.37016],[42.3262,41.3702],[42.32673,41.37112],[42.32824,41.37118],[42.32901,41.37216],[42.33153,41.37359],[42.33251,41.37473],[42.33443,41.37428],[42.33728,41.37613],[42.33732,41.3774],[42.33828,41.37798],[42.33834,41.37902],[42.33911,41.37978],[42.33868,41.38069],[42.33887,41.38181],[42.34035,41.38238],[42.34,41.3836],[42.34042,41.38409],[42.34238,41.38409],[42.34334,41.38362],[42.34588,41.38447],[42.3464,41.3854],[42.34836,41.38648],[42.35071,41.38872],[42.35192,41.39161],[42.35438,41.39302],[42.35631,41.39292],[42.35722,41.39364],[42.3581,41.3935],[42.35901,41.39415],[42.36183,41.3946],[42.3647,41.39625],[42.36439,41.3951],[42.36332,41.39402],[42.36482,41.39394],[42.36596,41.39463],[42.3673,41.39482],[42.37046,41.39437],[42.37216,41.3953],[42.37426,41.39578],[42.37426,41.39622],[42.37581,41.39681],[42.3836,41.39771],[42.38361,41.39824],[42.38598,41.40011],[42.3862,41.40123],[42.38833,41.40246],[42.38922,41.4041],[42.39123,41.40496],[42.39293,41.40683],[42.39403,41.40725],[42.39437,41.4077],[42.39399,41.40806],[42.39519,41.40903],[42.39707,41.40928],[42.39821,41.41052],[42.39802,41.41186],[42.39987,41.41191],[42.40163,41.4139],[42.40159,41.41434],[42.40319,41.41501],[42.40446,41.41636],[42.40643,41.41673],[42.40712,41.41632],[42.40784,41.41713],[42.41161,41.41882],[42.41168,41.41957],[42.41498,41.41901],[42.4109,41.42127],[42.41353,41.42265],[42.41854,41.42311],[42.41969,41.42283],[42.42274,41.4207],[42.4244,41.42112],[42.42721,41.42053],[42.42678,41.42122],[42.42692,41.42215],[42.42996,41.4229],[42.43119,41.42359],[42.43272,41.42325],[42.43638,41.4242],[42.44041,41.42451],[42.44474,41.42534],[42.44779,41.4249],[42.44992,41.42498],[42.45312,41.42373],[42.45578,41.42365],[42.46113,41.42594],[42.46387,41.42581],[42.46853,41.42655],[42.46871,41.42634],[42.4736,41.42745],[42.4751,41.4282],[42.47627,41.4278],[42.47551,41.42699],[42.47581,41.42675],[42.48105,41.42631],[42.48159,41.42507],[42.48268,41.42454],[42.48304,41.42302]]}},{"type":"Feature","properties":{"name":"TET_TR-10-N_20240614","country":"TR","lengthKm":64.9},"geometry":{"type":"LineString","coordinates":[[42.48304,41.42302],[42.48247,41.42275],[42.48261,41.42187],[42.48408,41.4212],[42.4846,41.4205],[42.48292,41.41846],[42.48326,41.41763],[42.48253,41.41713],[42.48053,41.41734],[42.48025,41.41637],[42.47872,41.41513],[42.47679,41.41263],[42.47268,41.41112],[42.47163,41.41021],[42.47021,41.40781],[42.4715,41.40437],[42.4714,41.40308],[42.47065,41.40273],[42.4714,41.40237],[42.47228,41.40094],[42.47138,41.3986],[42.47182,41.39777],[42.47081,41.39716],[42.47299,41.39529],[42.47315,41.39624],[42.47376,41.39624],[42.47439,41.39523],[42.47421,41.39175],[42.47228,41.38932],[42.47215,41.38866],[42.47283,41.38731],[42.47266,41.38644],[42.47158,41.38514],[42.47264,41.38433],[42.47541,41.38378],[42.47669,41.38308],[42.47723,41.38263],[42.47726,41.38072],[42.47927,41.38035],[42.48013,41.37944],[42.4833,41.37809],[42.48598,41.37608],[42.48711,41.37587],[42.48791,41.37503],[42.48841,41.37256],[42.49103,41.37131],[42.49032,41.37007],[42.49041,41.36917],[42.48862,41.36623],[42.48931,41.36421],[42.49018,41.36332],[42.4903,41.36437],[42.49242,41.36466],[42.4921,41.36211],[42.49345,41.36237],[42.49376,41.362],[42.49494,41.35849],[42.49449,41.35863],[42.49446,41.35768],[42.50303,41.35904],[42.50654,41.35885],[42.50835,41.35916],[42.51036,41.35974],[42.51107,41.36057],[42.51165,41.36051],[42.51206,41.3589],[42.51267,41.35845],[42.51575,41.35892],[42.51612,41.35926],[42.51831,41.35899],[42.51734,41.35812],[42.51786,41.35793],[42.52028,41.35802],[42.52528,41.3591],[42.52644,41.35955],[42.52741,41.36056],[42.52725,41.3591],[42.5281,41.35937],[42.52971,41.36113],[42.53196,41.36271],[42.53797,41.36518],[42.53828,41.36426],[42.53789,41.36367],[42.53533,41.36165],[42.54164,41.36231],[42.544,41.36168],[42.5448,41.36225],[42.54472,41.36261],[42.5465,41.36098],[42.54614,41.36289],[42.54819,41.36116],[42.54934,41.35803],[42.54829,41.35489],[42.5481,41.35274],[42.5505,41.35398],[42.5518,41.35281],[42.55241,41.35266],[42.55295,41.35301],[42.55428,41.3519],[42.55619,41.34886],[42.55637,41.34453],[42.55849,41.34093],[42.56119,41.33854],[42.56352,41.33762],[42.57119,41.33151],[42.57545,41.32949],[42.58162,41.32024],[42.58987,41.31492],[42.5951,41.31381],[42.59989,41.30461],[42.60118,41.30289],[42.60284,41.3029],[42.60571,41.30477],[42.60807,41.30904],[42.6092,41.30986],[42.61235,41.31058],[42.61443,41.31392],[42.61917,41.31677],[42.61993,41.31637],[42.62484,41.31566],[42.63259,41.31311],[42.6376,41.31215],[42.63916,41.31284],[42.64468,41.31281],[42.64683,41.31414],[42.64822,41.31415],[42.64938,41.31481],[42.65152,41.31475],[42.6533,41.31589],[42.65579,41.3156],[42.65816,41.3139],[42.66111,41.31297],[42.66463,41.31112],[42.66576,41.31123],[42.6663,41.31089],[42.66686,41.3112],[42.66962,41.31036],[42.67527,41.30642],[42.68175,41.30336],[42.68636,41.30317],[42.68837,41.30417],[42.69561,41.30529],[42.69963,41.30628],[42.70275,41.30652],[42.70346,41.30647],[42.70429,41.3058],[42.70487,41.30613],[42.70701,41.30595],[42.70829,41.3064],[42.70965,41.3076],[42.70906,41.31381],[42.71225,41.31482],[42.71096,41.31773],[42.70868,41.32045],[42.7084,41.32332],[42.70774,41.3239],[42.70816,41.32628],[42.70975,41.32711],[42.71439,41.33184],[42.71499,41.33291],[42.71614,41.33313],[42.71651,41.33358],[42.71717,41.33704],[42.7166,41.33787],[42.71908,41.34067],[42.72053,41.3437],[42.72101,41.34781],[42.72255,41.35122],[42.72168,41.35255],[42.72403,41.35125],[42.72981,41.35158],[42.72965,41.35215],[42.72823,41.35315],[42.72856,41.35433],[42.7294,41.3551],[42.7313,41.35563],[42.73451,41.35759],[42.73522,41.35852],[42.73633,41.3591],[42.73639,41.35991],[42.7379,41.36175],[42.73637,41.36549],[42.73812,41.36778],[42.73848,41.36995],[42.73603,41.37287],[42.73623,41.37859],[42.7341,41.38537],[42.73489,41.38738],[42.7339,41.38977],[42.73386,41.39521],[42.73268,41.39822],[42.72859,41.40047],[42.72745,41.40133],[42.72741,41.40186],[42.72865,41.40327],[42.7283,41.40624],[42.7292,41.40801],[42.73165,41.40962],[42.7323,41.40969],[42.73408,41.41158],[42.74141,41.41348],[42.74183,41.41378],[42.74257,41.41702],[42.74164,41.41843],[42.73153,41.42444],[42.73073,41.42545],[42.73097,41.42956],[42.72817,41.43633],[42.72881,41.43736],[42.73195,41.43896],[42.73542,41.44533],[42.73511,41.44688],[42.73401,41.44773],[42.72677,41.44993],[42.72435,41.4543],[42.72362,41.45967],[42.72299,41.46001],[42.71826,41.45945],[42.71629,41.45972],[42.71545,41.46076],[42.71432,41.46473],[42.716,41.46746],[42.71734,41.46828],[42.71822,41.46826],[42.72117,41.46711],[42.72964,41.46212],[42.73015,41.46227],[42.72777,41.46438],[42.72618,41.46682],[42.72368,41.46901],[42.7218,41.47007],[42.71862,41.47167],[42.7168,41.47213],[42.71,41.47172],[42.70842,41.4727],[42.708,41.47366],[42.70955,41.47583],[42.7093,41.47682],[42.70865,41.47708],[42.70541,41.47689],[42.70051,41.47868]]}},{"type":"Feature","properties":{"name":"TET_TR-11-N_20240614","country":"TR","lengthKm":32.3},"geometry":{"type":"LineString","coordinates":[[42.48259,41.4229],[42.48428,41.42434],[42.48613,41.42524],[42.48692,41.4265],[42.48643,41.42826],[42.48701,41.4291],[42.48608,41.42949],[42.4863,41.43234],[42.48671,41.43356],[42.48731,41.43393],[42.48776,41.43213],[42.48851,41.43174],[42.48907,41.43253],[42.4899,41.43213],[42.48939,41.43129],[42.49098,41.43187],[42.49269,41.4309],[42.49507,41.43032],[42.49591,41.42979],[42.49578,41.42916],[42.49664,41.42796],[42.49784,41.42723],[42.49992,41.42706],[42.5008,41.42635],[42.50198,41.42706],[42.50284,41.42687],[42.50359,41.4273],[42.50269,41.42736],[42.5014,41.43069],[42.50246,41.43268],[42.50237,41.43369],[42.50376,41.43326],[42.5046,41.43339],[42.5084,41.43511],[42.51112,41.43504],[42.51479,41.4341],[42.51651,41.4329],[42.51889,41.43219],[42.52346,41.43183],[42.52578,41.43075],[42.52617,41.43004],[42.52788,41.42919],[42.52949,41.42897],[42.53016,41.42775],[42.53175,41.4288],[42.53389,41.4288],[42.53629,41.42758],[42.53938,41.42777],[42.54275,41.42944],[42.54597,41.43004],[42.54707,41.43073],[42.55784,41.43183],[42.56194,41.43004],[42.56425,41.42859],[42.56573,41.42674],[42.56363,41.42674],[42.56584,41.42474],[42.56777,41.42524],[42.56762,41.42455],[42.56943,41.42522],[42.56915,41.42449],[42.5714,41.42532],[42.57273,41.42642],[42.57445,41.42614],[42.57584,41.42504],[42.57751,41.42537],[42.57915,41.42494],[42.58166,41.42655],[42.58415,41.42897],[42.58644,41.42856],[42.59251,41.43022],[42.59455,41.43498],[42.59588,41.43588],[42.59749,41.43627],[42.60155,41.44037],[42.60131,41.44092],[42.60168,41.44144],[42.60404,41.44225],[42.60723,41.44262],[42.60863,41.44393],[42.61099,41.4447],[42.61331,41.44427],[42.61618,41.4427],[42.61777,41.44275],[42.6174,41.44251],[42.61882,41.43912],[42.62129,41.438],[42.62131,41.43698],[42.62174,41.4367],[42.62575,41.43781],[42.62723,41.43762],[42.62923,41.43592],[42.63155,41.43526],[42.63264,41.43659],[42.63444,41.43743],[42.63805,41.43758],[42.63985,41.43715],[42.64094,41.43577],[42.64382,41.43356],[42.64416,41.43251],[42.64674,41.43095],[42.64817,41.42936],[42.64832,41.42878],[42.64616,41.42702],[42.64594,41.42629],[42.64588,41.42537],[42.6476,41.42215],[42.64985,41.42425],[42.65111,41.42642],[42.65614,41.42809],[42.65738,41.42768],[42.65807,41.42786],[42.6585,41.4291],[42.65946,41.42908],[42.65993,41.42944],[42.65978,41.42992],[42.66137,41.43105],[42.66343,41.43549],[42.66691,41.44015],[42.67032,41.44142],[42.67223,41.44077],[42.67352,41.44088],[42.67543,41.4397],[42.67568,41.44015],[42.67401,41.44391],[42.67895,41.44762],[42.67931,41.44861],[42.67895,41.44994],[42.68004,41.45047],[42.68212,41.45002],[42.68551,41.45103],[42.6865,41.4518],[42.68708,41.45358],[42.68624,41.45425],[42.68414,41.45487],[42.68525,41.45657],[42.68592,41.45693],[42.68828,41.457],[42.69055,41.45648],[42.69577,41.45704],[42.69815,41.45674],[42.69828,41.45708],[42.69663,41.45826],[42.69341,41.45972],[42.69233,41.46161],[42.69047,41.46326],[42.69004,41.46802],[42.69246,41.47126],[42.69405,41.47182],[42.69572,41.47373],[42.69918,41.47558],[42.70057,41.47684],[42.70053,41.47871]]}},{"type":"Feature","properties":{"name":"TET_TR-12-N_20240614","country":"TR","lengthKm":22.2},"geometry":{"type":"LineString","coordinates":[[42.70052,41.4787],[42.69886,41.47925],[42.69835,41.48002],[42.6989,41.48159],[42.70263,41.48178],[42.70406,41.48374],[42.70712,41.48475],[42.7078,41.48479],[42.70994,41.48379],[42.71129,41.48387],[42.71322,41.48746],[42.71394,41.48751],[42.71527,41.48584],[42.71683,41.48537],[42.7175,41.48554],[42.71962,41.48807],[42.72102,41.48777],[42.72151,41.48815],[42.72159,41.48924],[42.71975,41.49286],[42.72075,41.49463],[42.72436,41.49788],[42.72676,41.49717],[42.72786,41.49593],[42.73564,41.49508],[42.73578,41.49417],[42.73798,41.49502],[42.73885,41.49616],[42.74055,41.4971],[42.74273,41.49757],[42.74177,41.49938],[42.74046,41.50026],[42.73601,41.50655],[42.73764,41.50712],[42.73828,41.50795],[42.73708,41.5106],[42.73753,41.51087],[42.74012,41.50994],[42.74261,41.50983],[42.7439,41.51033],[42.74609,41.51221],[42.7488,41.51311],[42.75449,41.51216],[42.75848,41.51425],[42.75986,41.51453],[42.76232,41.51419],[42.7634,41.51439],[42.76504,41.51551],[42.76646,41.51585],[42.77005,41.51566],[42.77388,41.51843],[42.77963,41.5214],[42.77993,41.52197],[42.77917,41.52344],[42.77963,41.52623],[42.78272,41.52751],[42.78512,41.52646],[42.78733,41.52917],[42.79166,41.53156],[42.79221,41.53501],[42.7908,41.53773],[42.79093,41.53942],[42.79173,41.54087],[42.79058,41.54244],[42.79141,41.5449],[42.79077,41.54718],[42.79157,41.54855],[42.79348,41.54955],[42.79353,41.55093],[42.79648,41.55561],[42.7961,41.55722],[42.7963,41.56069],[42.79525,41.56317],[42.79541,41.56642],[42.79579,41.56681],[42.79758,41.56606],[42.80006,41.56658],[42.80369,41.56911],[42.80538,41.57113],[42.80759,41.57288],[42.80863,41.57242],[42.80915,41.57257],[42.80865,41.5761],[42.80685,41.57726],[42.80649,41.57764],[42.80674,41.5781],[42.80803,41.57845],[42.81104,41.5784],[42.81668,41.58117],[42.81885,41.58835]]}},{"type":"Feature","properties":{"name":"TET_TR-13-S_20240614","country":"TR","lengthKm":674},"geometry":{"type":"LineString","coordinates":[[29.66101,40.57069],[29.66264,40.56983],[29.66575,40.56674],[29.6657,40.5659],[29.66485,40.56597],[29.66446,40.56476],[29.66504,40.56399],[29.66504,40.56307],[29.66828,40.55852],[29.66703,40.5568],[29.66626,40.55436],[29.66433,40.55262],[29.66367,40.55071],[29.66113,40.54882],[29.66064,40.54777],[29.65753,40.54618],[29.65862,40.54406],[29.65813,40.54333],[29.65491,40.5421],[29.65467,40.54152],[29.65607,40.53959],[29.65734,40.53627],[29.658,40.53251],[29.65916,40.53114],[29.65997,40.52878],[29.66105,40.52792],[29.66193,40.52788],[29.66324,40.52869],[29.66409,40.52768],[29.66899,40.52455],[29.67021,40.52324],[29.67032,40.52211],[29.66772,40.52043],[29.66727,40.5194],[29.66755,40.517],[29.67171,40.51101],[29.67137,40.51065],[29.67218,40.50848],[29.67139,40.50754],[29.67122,40.50603],[29.67334,40.50518],[29.6756,40.50575],[29.681,40.49777],[29.68115,40.49668],[29.68259,40.49483],[29.68409,40.49374],[29.68414,40.49249],[29.68645,40.49099],[29.68675,40.48861],[29.6863,40.48323],[29.68378,40.48069],[29.68231,40.47499],[29.68126,40.47401],[29.68063,40.46786],[29.68003,40.46689],[29.71246,40.44906],[29.71452,40.4466],[29.71892,40.43969],[29.72001,40.43641],[29.72056,40.43618],[29.71981,40.42938],[29.72892,40.4289],[29.729,40.42844],[29.73487,40.42638],[29.73629,40.42548],[29.74325,40.42274],[29.74643,40.42225],[29.77505,40.42008],[29.79111,40.41275],[29.81257,40.41389],[29.81708,40.41379],[29.81745,40.41284],[29.82024,40.41148],[29.82117,40.41044],[29.8202,40.40628],[29.82093,40.40108],[29.82026,40.39831],[29.82066,40.39706],[29.82281,40.39589],[29.82247,40.39566],[29.82079,40.39617],[29.81949,40.3944],[29.81826,40.39396],[29.8186,40.39217],[29.81692,40.39274],[29.81649,40.39139],[29.81725,40.39124],[29.81588,40.39067],[29.81578,40.38876],[29.81644,40.38783],[29.81692,40.38859],[29.81648,40.38898],[29.81665,40.38947],[29.81744,40.38948],[29.81856,40.38867],[29.81825,40.38774],[29.81953,40.3859],[29.82047,40.38146],[29.82266,40.37986],[29.82517,40.37906],[29.82663,40.37911],[29.82673,40.37671],[29.82564,40.37577],[29.82584,40.37514],[29.82525,40.3746],[29.8246,40.37146],[29.82512,40.36921],[29.82621,40.36851],[29.8263,40.3674],[29.82478,40.36711],[29.82443,40.36485],[29.82346,40.36421],[29.82277,40.36267],[29.81853,40.35775],[29.82024,40.35684],[29.823,40.35608],[29.82449,40.35508],[29.82421,40.35073],[29.82312,40.35036],[29.82597,40.34882],[29.82741,40.34916],[29.82755,40.34816],[29.82854,40.34703],[29.82834,40.34539],[29.82399,40.34026],[29.82372,40.33953],[29.82414,40.33699],[29.82473,40.33651],[29.82652,40.33636],[29.8281,40.33546],[29.82932,40.33534],[29.83261,40.33756],[29.83448,40.33768],[29.83575,40.33736],[29.83603,40.33857],[29.83715,40.33981],[29.83774,40.33983],[29.83855,40.34188],[29.84048,40.34329],[29.8441,40.34362],[29.84642,40.34319],[29.84718,40.34396],[29.84873,40.34428],[29.85065,40.34367],[29.852,40.34422],[29.85349,40.34364],[29.85534,40.34437],[29.85858,40.34338],[29.85937,40.34207],[29.86262,40.34216],[29.86406,40.3417],[29.86537,40.34047],[29.86429,40.33833],[29.86471,40.33783],[29.86724,40.33744],[29.86514,40.33566],[29.86497,40.33471],[29.86373,40.33425],[29.86109,40.33454],[29.86039,40.33433],[29.86031,40.33367],[29.85817,40.33298],[29.85956,40.33252],[29.86018,40.33181],[29.8603,40.3323],[29.86096,40.33258],[29.8615,40.33229],[29.86141,40.33184],[29.8627,40.33066],[29.86268,40.33007],[29.86201,40.32996],[29.86221,40.32931],[29.86156,40.32821],[29.8607,40.32793],[29.85988,40.32827],[29.85938,40.32745],[29.85787,40.32672],[29.8558,40.32632],[29.85754,40.32477],[29.85747,40.32432],[29.85648,40.32328],[29.85623,40.3217],[29.85552,40.32131],[29.85433,40.3214],[29.85509,40.32046],[29.85784,40.31947],[29.85803,40.32113],[29.85899,40.31992],[29.85912,40.31852],[29.85797,40.31796],[29.85482,40.31828],[29.85435,40.31867],[29.85091,40.31881],[29.84815,40.31751],[29.84904,40.31462],[29.84868,40.31405],[29.8457,40.31244],[29.8451,40.31136],[29.8465,40.30924],[29.8467,40.30738],[29.84573,40.30429],[29.84589,40.30294],[29.84524,40.30198],[29.84535,40.30016],[29.84321,40.29353],[29.8409,40.29222],[29.83882,40.2919],[29.83823,40.28974],[29.83737,40.28891],[29.8346,40.28881],[29.83161,40.28746],[29.82977,40.28704],[29.82927,40.28674],[29.82949,40.28519],[29.82632,40.28443],[29.82273,40.28288],[29.81783,40.28229],[29.81509,40.28112],[29.80249,40.28268],[29.79186,40.28221],[29.78687,40.27885],[29.78466,40.27635],[29.78366,40.27414],[29.78217,40.27271],[29.77229,40.26597],[29.77058,40.26204],[29.76966,40.26099],[29.76961,40.25942],[29.76835,40.2571],[29.76971,40.25479],[29.77062,40.25431],[29.77278,40.25435],[29.77398,40.25169],[29.7756,40.25091],[29.77611,40.25022],[29.77669,40.2492],[29.77595,40.24723],[29.77678,40.24505],[29.77889,40.24376],[29.77998,40.24366],[29.78099,40.24308],[29.78174,40.2421],[29.78338,40.24119],[29.78337,40.23963],[29.78231,40.23812],[29.78229,40.2365],[29.7838,40.23447],[29.78391,40.23244],[29.78573,40.23043],[29.7853,40.22944],[29.78858,40.22549],[29.7887,40.22257],[29.79243,40.2172],[29.79254,40.21545],[29.79429,40.21141],[29.79569,40.2109],[29.80076,40.21068],[29.79663,40.20908],[29.79294,40.20814],[29.78771,40.20588],[29.78679,40.20609],[29.782,40.20507],[29.78029,40.20513],[29.77493,40.20275],[29.77393,40.20211],[29.77308,40.19902],[29.77371,40.19594],[29.77219,40.19371],[29.76973,40.19258],[29.76677,40.18927],[29.76344,40.18947],[29.75826,40.18763],[29.75627,40.18731],[29.75541,40.18586],[29.74944,40.18392],[29.74949,40.18458],[29.74721,40.18426],[29.7422,40.18448],[29.74274,40.18196],[29.74111,40.17898],[29.74135,40.17686],[29.741,40.17624],[29.73889,40.17512],[29.7378,40.17214],[29.73439,40.17168],[29.73395,40.17114],[29.73433,40.17024],[29.73397,40.16978],[29.73677,40.16833],[29.73689,40.16545],[29.73808,40.16405],[29.73654,40.1653],[29.73684,40.16581],[29.7373,40.16611],[29.73759,40.16567],[29.73878,40.16603],[29.74194,40.16759],[29.74261,40.16769],[29.74389,40.16641],[29.74373,40.16561],[29.74548,40.16657],[29.74898,40.16693],[29.7516,40.16777],[29.75282,40.16745],[29.75329,40.16775],[29.7552,40.16703],[29.7561,40.16622],[29.75828,40.16574],[29.76081,40.16349],[29.76199,40.16325],[29.76222,40.1627],[29.76447,40.16265],[29.76703,40.16023],[29.76994,40.15946],[29.77175,40.15841],[29.7721,40.15749],[29.7731,40.15664],[29.77699,40.15544],[29.77822,40.1539],[29.77721,40.15206],[29.77516,40.15105],[29.77324,40.14784],[29.76846,40.14553],[29.76543,40.14559],[29.76287,40.14441],[29.76198,40.1436],[29.75986,40.14296],[29.75569,40.13699],[29.75318,40.13614],[29.75184,40.13488],[29.74945,40.13445],[29.7508,40.13395],[29.74994,40.13283],[29.75115,40.13054],[29.74951,40.12979],[29.74934,40.12881],[29.74807,40.12831],[29.74817,40.12732],[29.74687,40.12661],[29.7456,40.12345],[29.74557,40.12112],[29.74677,40.11934],[29.74622,40.11837],[29.74645,40.11535],[29.74791,40.11327],[29.74778,40.11117],[29.74899,40.10964],[29.75031,40.10611],[29.74883,40.10563],[29.74843,40.10516],[29.74736,40.10205],[29.74641,40.1011],[29.74737,40.09953],[29.74473,40.09719],[29.74407,40.09701],[29.74081,40.09153],[29.73807,40.08941],[29.73947,40.08816],[29.73869,40.08695],[29.73909,40.08465],[29.74165,40.08272],[29.74304,40.0799],[29.74508,40.079],[29.74961,40.07821],[29.75507,40.07121],[29.75557,40.06834],[29.75608,40.0678],[29.75813,40.06772],[29.75965,40.06696],[29.76082,40.06539],[29.76125,40.06346],[29.76415,40.06293],[29.76571,40.06325],[29.76771,40.0622],[29.76968,40.06252],[29.771,40.06224],[29.77111,40.06024],[29.77048,40.05908],[29.77115,40.05779],[29.77088,40.05606],[29.76976,40.05448],[29.76651,40.05249],[29.76608,40.05059],[29.76646,40.04938],[29.76814,40.04787],[29.76832,40.04672],[29.76954,40.04616],[29.76937,40.0457],[29.76579,40.04455],[29.76394,40.0426],[29.76456,40.03984],[29.7641,40.03865],[29.76224,40.0366],[29.76249,40.03574],[29.76346,40.03496],[29.76329,40.03325],[29.75984,40.03085],[29.75944,40.0302],[29.76074,40.02614],[29.75981,40.02351],[29.76027,40.02231],[29.76002,40.02113],[29.75792,40.02055],[29.75571,40.01882],[29.75485,40.01856],[29.75409,40.01604],[29.75802,40.01232],[29.75858,40.01205],[29.76035,40.01233],[29.76132,40.01214],[29.76179,40.01146],[29.76108,40.01035],[29.76177,40.0098],[29.76401,40.00922],[29.76659,40.00576],[29.76989,40.004],[29.77124,40.0038],[29.773,40.00004],[29.77369,39.99704],[29.77324,39.996],[29.77467,39.99447],[29.77611,39.99072],[29.77617,39.98917],[29.77698,39.98824],[29.77629,39.98766],[29.77415,39.98728],[29.77243,39.98568],[29.77199,39.98447],[29.77313,39.98093],[29.77269,39.97929],[29.77092,39.97812],[29.76982,39.9785],[29.76953,39.97691],[29.76883,39.97649],[29.77225,39.97574],[29.77241,39.97451],[29.77407,39.97326],[29.77738,39.97216],[29.78237,39.9712],[29.78372,39.97023],[29.78479,39.96831],[29.78678,39.96694],[29.78782,39.96569],[29.78748,39.96151],[29.78688,39.96092],[29.78764,39.96073],[29.78786,39.95951],[29.78709,39.95834],[29.78755,39.95797],[29.78781,39.95641],[29.78781,39.95193],[29.78715,39.94909],[29.78553,39.94596],[29.78768,39.94253],[29.78763,39.94181],[29.78554,39.93846],[29.78514,39.9357],[29.78328,39.93419],[29.78258,39.93431],[29.78027,39.93287],[29.78008,39.93162],[29.77902,39.93057],[29.77947,39.92985],[29.78033,39.92957],[29.78223,39.92959],[29.78319,39.92817],[29.78451,39.92815],[29.78607,39.92977],[29.78678,39.92934],[29.78697,39.92848],[29.78816,39.9281],[29.78892,39.92836],[29.78958,39.92923],[29.79019,39.92915],[29.78996,39.92641],[29.78896,39.92474],[29.78924,39.92419],[29.7911,39.92439],[29.79143,39.92375],[29.79057,39.9221],[29.79102,39.92144],[29.79503,39.92092],[29.79602,39.92153],[29.79699,39.92161],[29.79821,39.92441],[29.80194,39.92665],[29.80093,39.92207],[29.80174,39.92081],[29.80097,39.9192],[29.80147,39.91887],[29.80435,39.91976],[29.80384,39.91787],[29.80453,39.91777],[29.80803,39.91853],[29.80833,39.91807],[29.80619,39.91641],[29.80602,39.91572],[29.80654,39.91525],[29.8095,39.91448],[29.80899,39.91422],[29.80971,39.91361],[29.81301,39.91167],[29.82062,39.90545],[29.82284,39.90446],[29.82517,39.90251],[29.83366,39.89889],[29.84185,39.89467],[29.84676,39.89304],[29.85084,39.89094],[29.85678,39.89044],[29.85186,39.88857],[29.85134,39.88821],[29.85136,39.88748],[29.84929,39.88747],[29.84893,39.8882],[29.84811,39.88813],[29.84823,39.8874],[29.84753,39.88663],[29.84659,39.88258],[29.84555,39.88137],[29.84461,39.88169],[29.84375,39.88092],[29.84247,39.87876],[29.84017,39.88019],[29.83922,39.87978],[29.83841,39.8783],[29.83692,39.87774],[29.83632,39.87694],[29.83591,39.87577],[29.83662,39.87606],[29.83638,39.87509],[29.83541,39.87429],[29.83329,39.87328],[29.83283,39.87239],[29.82972,39.872],[29.82749,39.87091],[29.82801,39.87002],[29.82465,39.869],[29.82424,39.86782],[29.82342,39.8678],[29.8222,39.86698],[29.82168,39.86598],[29.81919,39.86505],[29.81936,39.8644],[29.81841,39.86422],[29.81779,39.86257],[29.81702,39.8635],[29.81562,39.86427],[29.81409,39.86423],[29.81155,39.86653],[29.80928,39.86663],[29.80738,39.86521],[29.80581,39.86658],[29.80143,39.86765],[29.8002,39.86724],[29.79805,39.86733],[29.79941,39.86784],[29.79603,39.86763],[29.79305,39.86662],[29.79231,39.86668],[29.78949,39.86489],[29.78827,39.86456],[29.7844,39.85943],[29.77934,39.85657],[29.77827,39.85454],[29.77714,39.84896],[29.7756,39.84542],[29.77672,39.841],[29.77874,39.83756],[29.78548,39.83042],[29.7887,39.83114],[29.78967,39.83097],[29.78808,39.82831],[29.78882,39.82724],[29.79071,39.82504],[29.79363,39.82305],[29.79617,39.82191],[29.79597,39.81975],[29.79404,39.81901],[29.79532,39.8172],[29.79622,39.81434],[29.79415,39.81249],[29.79415,39.81167],[29.79515,39.81123],[29.79528,39.81071],[29.79396,39.81081],[29.79331,39.81001],[29.79215,39.81012],[29.7886,39.81171],[29.78675,39.81081],[29.78697,39.81029],[29.78641,39.80978],[29.78557,39.81001],[29.7832,39.80868],[29.78165,39.80877],[29.78363,39.80691],[29.78016,39.80773],[29.77788,39.80766],[29.77852,39.80809],[29.77848,39.80915],[29.77744,39.81011],[29.7758,39.81046],[29.77242,39.80991],[29.76958,39.81096],[29.76555,39.80952],[29.76424,39.80952],[29.76122,39.80698],[29.75846,39.80538],[29.75686,39.80108],[29.75502,39.79947],[29.7521,39.79534],[29.74509,39.78736],[29.74378,39.78516],[29.74261,39.78106],[29.7404,39.77806],[29.73954,39.77525],[29.73736,39.7724],[29.73582,39.76833],[29.73607,39.76664],[29.73573,39.76729],[29.73497,39.76698],[29.73418,39.76568],[29.73477,39.76071],[29.73453,39.75928],[29.73641,39.75758],[29.73749,39.75407],[29.73741,39.75257],[29.73613,39.75052],[29.73396,39.74927],[29.73757,39.74924],[29.74083,39.75068],[29.74162,39.75187],[29.74389,39.75048],[29.74448,39.75047],[29.74458,39.75155],[29.74525,39.75186],[29.74638,39.75141],[29.74729,39.74971],[29.74867,39.74922],[29.74992,39.74693],[29.75486,39.74263],[29.75677,39.74179],[29.76308,39.74201],[29.75918,39.73918],[29.7568,39.73817],[29.75259,39.73541],[29.75774,39.7356],[29.76056,39.73532],[29.7618,39.73293],[29.76053,39.73093],[29.76048,39.72935],[29.76123,39.72693],[29.76047,39.7261],[29.76029,39.72358],[29.7597,39.72224],[29.75603,39.72067],[29.75453,39.71901],[29.75455,39.71801],[29.75537,39.71743],[29.75529,39.71519],[29.75587,39.71307],[29.75764,39.71187],[29.75856,39.71037],[29.75811,39.70895],[29.75538,39.70482],[29.75447,39.70489],[29.75353,39.70623],[29.75258,39.7051],[29.75511,39.69906],[29.75527,39.69613],[29.75455,39.69399],[29.75472,39.6919],[29.75374,39.69119],[29.7514,39.69061],[29.74974,39.68911],[29.74952,39.68467],[29.74849,39.68296],[29.74452,39.68101],[29.74059,39.67712],[29.7357,39.67532],[29.73219,39.67206],[29.73274,39.67054],[29.73277,39.66644],[29.73433,39.6631],[29.7385,39.66113],[29.7401,39.65953],[29.7399,39.659],[29.73832,39.65802],[29.73699,39.65804],[29.73662,39.6572],[29.73571,39.65656],[29.73557,39.65568],[29.73433,39.65386],[29.73504,39.65099],[29.73445,39.65049],[29.73293,39.65103],[29.73241,39.65079],[29.73274,39.65025],[29.73169,39.64938],[29.73238,39.64531],[29.73103,39.64109],[29.72898,39.63921],[29.73082,39.63758],[29.73262,39.63473],[29.73757,39.63399],[29.73895,39.63174],[29.74248,39.631],[29.74037,39.63039],[29.73853,39.63069],[29.73662,39.62998],[29.73012,39.62886],[29.72779,39.62762],[29.72629,39.62583],[29.72602,39.62259],[29.72502,39.62185],[29.72699,39.61961],[29.72663,39.6187],[29.72482,39.61727],[29.72719,39.61671],[29.72815,39.61588],[29.72805,39.614],[29.72969,39.61412],[29.73151,39.6132],[29.73257,39.61217],[29.73445,39.61152],[29.73872,39.61039],[29.74129,39.61071],[29.74474,39.6089],[29.74906,39.60731],[29.7504,39.6077],[29.75852,39.60582],[29.76096,39.60594],[29.7658,39.60458],[29.76628,39.60347],[29.76864,39.60102],[29.76889,39.59942],[29.76975,39.59944],[29.77212,39.5961],[29.77424,39.59427],[29.79142,39.58505],[29.79546,39.5834],[29.79934,39.58028],[29.80147,39.57949],[29.80204,39.58027],[29.804,39.58123],[29.80485,39.58058],[29.80492,39.57964],[29.80559,39.57925],[29.80665,39.5804],[29.80723,39.58049],[29.81028,39.57901],[29.81351,39.57627],[29.81698,39.57558],[29.82161,39.57554],[29.82076,39.57486],[29.8216,39.57528],[29.82118,39.57509],[29.82156,39.57502],[29.81867,39.57431],[29.81846,39.5746],[29.81569,39.57322],[29.81456,39.57144],[29.8123,39.56919],[29.81484,39.56795],[29.82311,39.56068],[29.82408,39.56263],[29.82541,39.56403],[29.82642,39.5599],[29.82643,39.5573],[29.8278,39.55572],[29.82941,39.55493],[29.83057,39.55463],[29.83366,39.55507],[29.83667,39.55701],[29.83848,39.55714],[29.83939,39.55783],[29.84318,39.55159],[29.84399,39.54889],[29.84403,39.54705],[29.84484,39.54665],[29.84486,39.54495],[29.84387,39.54306],[29.84389,39.54204],[29.84294,39.54074],[29.84282,39.53878],[29.84652,39.53679],[29.84733,39.53595],[29.85123,39.53448],[29.85706,39.53396],[29.85826,39.53414],[29.85912,39.53483],[29.85973,39.53474],[29.86188,39.53316],[29.86309,39.53307],[29.86683,39.53159],[29.86053,39.52075],[29.85825,39.51561],[29.85787,39.51343],[29.85817,39.51098],[29.85732,39.50792],[29.85634,39.50617],[29.85457,39.50448],[29.85395,39.50297],[29.85451,39.49896],[29.85039,39.49727],[29.84733,39.4965],[29.84432,39.49276],[29.84358,39.49246],[29.84144,39.49254],[29.84025,39.49049],[29.84047,39.48829],[29.83377,39.47712],[29.82627,39.46964],[29.82747,39.46901],[29.82953,39.46885],[29.82993,39.46848],[29.83035,39.46645],[29.83011,39.46486],[29.8321,39.46431],[29.83382,39.46532],[29.83443,39.46528],[29.83837,39.46354],[29.83713,39.46076],[29.83704,39.45928],[29.83564,39.45796],[29.83394,39.45714],[29.83371,39.45624],[29.82979,39.45642],[29.82749,39.45341],[29.82751,39.45152],[29.82795,39.45118],[29.8275,39.45082],[29.82622,39.45085],[29.82598,39.45042],[29.82621,39.44893],[29.82499,39.44731],[29.82456,39.4451],[29.82296,39.44351],[29.82338,39.4426],[29.82321,39.44136],[29.82052,39.43611],[29.8205,39.43483],[29.81891,39.43133],[29.8184,39.42741],[29.81912,39.42434],[29.81727,39.42078],[29.81794,39.41803],[29.8208,39.41586],[29.82174,39.41371],[29.82373,39.41248],[29.82391,39.41094],[29.82333,39.40878],[29.82411,39.40782],[29.82536,39.40699],[29.83019,39.40534],[29.82947,39.40502],[29.82771,39.40251],[29.82645,39.40206],[29.82572,39.40236],[29.82516,39.40337],[29.82179,39.40548],[29.82106,39.40561],[29.82062,39.40527],[29.81926,39.40245],[29.81912,39.39996],[29.81823,39.4008],[29.81756,39.40059],[29.81641,39.39829],[29.81651,39.39359],[29.81601,39.39317],[29.81389,39.39306],[29.81259,39.39241],[29.8121,39.39186],[29.8122,39.39097],[29.81268,39.3907],[29.81145,39.39069],[29.80974,39.39132],[29.80851,39.39307],[29.80569,39.39507],[29.80179,39.39655],[29.7993,39.39661],[29.79654,39.39722],[29.79476,39.39641],[29.79468,39.39471],[29.79294,39.39216],[29.79156,39.39206],[29.78991,39.39069],[29.7894,39.38968],[29.78832,39.38905],[29.7877,39.38897],[29.78574,39.38983],[29.78526,39.39089],[29.78457,39.39106],[29.77911,39.39099],[29.77417,39.39024],[29.77135,39.39111],[29.76856,39.3879],[29.76917,39.38788],[29.76763,39.38639],[29.76677,39.38408],[29.76571,39.38425],[29.76463,39.38507],[29.76461,39.38729],[29.76146,39.39043],[29.76049,39.39182],[29.76017,39.39339],[29.75879,39.39249],[29.74499,39.39753],[29.75885,39.3925],[29.75724,39.39209],[29.75185,39.39195],[29.74987,39.39307],[29.74831,39.39477],[29.74716,39.39509],[29.745,39.39751],[29.74714,39.39513],[29.74538,39.39622],[29.74325,39.3967],[29.74167,39.39411],[29.74027,39.39446],[29.73887,39.39395],[29.73838,39.39282],[29.73883,39.38933],[29.73844,39.38897],[29.73716,39.38913],[29.73629,39.38825],[29.73373,39.38369],[29.73199,39.3824],[29.73156,39.38074],[29.72971,39.38107],[29.72678,39.38084],[29.72637,39.38031],[29.72668,39.37934],[29.72586,39.37797],[29.72514,39.37765],[29.72389,39.37784],[29.72226,39.37622],[29.7207,39.37545],[29.72138,39.37615],[29.72183,39.3778],[29.72134,39.37831],[29.72035,39.3782],[29.71924,39.37929],[29.71865,39.38212],[29.7176,39.38275],[29.7163,39.38542],[29.71539,39.38595],[29.71357,39.38868],[29.71003,39.39064],[29.70643,39.39051],[29.70475,39.39377],[29.70363,39.39425],[29.70133,39.39407],[29.69862,39.39625],[29.69555,39.39387],[29.69468,39.39386],[29.69283,39.39302],[29.69103,39.39134],[29.69096,39.38875],[29.69163,39.38774],[29.69102,39.38517],[29.68978,39.38422],[29.68626,39.38283],[29.68496,39.38266],[29.68119,39.38052],[29.67838,39.38048],[29.67684,39.38108],[29.67604,39.38096],[29.67384,39.38236],[29.67129,39.38268],[29.66632,39.38176],[29.66309,39.38172],[29.66122,39.38224],[29.65939,39.38177],[29.65762,39.38205],[29.65509,39.38107],[29.65133,39.38319],[29.64967,39.38256],[29.64084,39.38191],[29.63979,39.38227],[29.63918,39.38388],[29.63781,39.38484],[29.63247,39.38629],[29.62854,39.38567],[29.62561,39.38564],[29.62344,39.38698],[29.62643,39.38552],[29.62535,39.38439],[29.62486,39.38141],[29.62552,39.37897],[29.62624,39.37822],[29.62592,39.37792],[29.62414,39.37844],[29.6231,39.37816],[29.62227,39.37768],[29.62102,39.37543],[29.61955,39.37522],[29.61875,39.37463],[29.61739,39.37519],[29.61824,39.37292],[29.61946,39.37178],[29.61864,39.37099],[29.61909,39.37152],[29.61832,39.37116],[29.61745,39.36967],[29.61617,39.36865],[29.61648,39.36803],[29.61517,39.36799],[29.61347,39.36509],[29.61443,39.36434],[29.61311,39.36346],[29.61204,39.3608],[29.61251,39.35904],[29.61335,39.35833],[29.61316,39.3573],[29.61164,39.3564],[29.60831,39.35628],[29.60728,39.35535],[29.61102,39.35342],[29.61182,39.35354],[29.61216,39.35297],[29.61435,39.35233],[29.6156,39.35139],[29.61513,39.34955],[29.61433,39.34859],[29.61338,39.34789],[29.61081,39.34704],[29.60952,39.34425],[29.60696,39.34392],[29.60579,39.34332],[29.60445,39.34148],[29.60531,39.34011],[29.60706,39.33978],[29.60697,39.33795],[29.60826,39.33751],[29.60779,39.33679],[29.60923,39.33548],[29.60906,39.33444],[29.61018,39.33452],[29.61149,39.33347],[29.61138,39.33265],[29.61206,39.33138],[29.61078,39.33182],[29.60678,39.3276],[29.60617,39.32358],[29.60674,39.3203],[29.60522,39.31993],[29.60237,39.31499],[29.60014,39.31388],[29.59916,39.31276],[29.59967,39.31181],[29.59922,39.30955],[29.59862,39.30899],[29.59955,39.30824],[29.59169,39.30091],[29.58931,39.29789],[29.58507,39.29518],[29.58556,39.29472],[29.58462,39.29342],[29.57947,39.28957],[29.57881,39.28723],[29.57924,39.28565],[29.57887,39.28427],[29.58064,39.28034],[29.58218,39.27937],[29.58223,39.27874],[29.58215,39.27776],[29.5815,39.27744],[29.58098,39.27609],[29.58099,39.27509],[29.58024,39.27485],[29.57928,39.27379],[29.57936,39.27303],[29.58017,39.27265],[29.58072,39.27155],[29.57899,39.27019],[29.57961,39.26804],[29.5777,39.2666],[29.57818,39.26695],[29.58374,39.26343],[29.5884,39.26122],[29.59054,39.26074],[29.59442,39.25839],[29.59471,39.25765],[29.59849,39.25802],[29.59758,39.25086],[29.59604,39.24921],[29.59376,39.2405],[29.59384,39.23822],[29.5991,39.22298],[29.60655,39.22212],[29.60665,39.21995],[29.60766,39.21817],[29.60434,39.21726],[29.60279,39.21548],[29.61182,39.21362],[29.61141,39.20983],[29.61296,39.20778],[29.61302,39.20654],[29.61229,39.2048],[29.61092,39.20465],[29.60892,39.20261],[29.60747,39.20288],[29.60759,39.201],[29.60983,39.19959],[29.60992,39.19829],[29.61202,39.1985],[29.61311,39.19932],[29.61388,39.19921],[29.61686,39.19701],[29.62401,39.19456],[29.63785,39.18674],[29.64067,39.18586],[29.6417,39.18414],[29.64587,39.18143],[29.64866,39.17862],[29.65077,39.17453],[29.65191,39.1736],[29.65155,39.17316],[29.65425,39.16805],[29.65422,39.16579],[29.65706,39.162],[29.65671,39.16181],[29.65669,39.16037],[29.65808,39.15772],[29.65852,39.15482],[29.66123,39.15372],[29.66294,39.15143],[29.66229,39.14935],[29.66102,39.14848],[29.66128,39.1453],[29.6602,39.14402],[29.66001,39.14099],[29.65826,39.13479],[29.65806,39.13149],[29.65676,39.12782],[29.65608,39.1276],[29.65609,39.1268],[29.65682,39.12601],[29.65667,39.12493],[29.65765,39.12436],[29.65762,39.12333],[29.65815,39.12252],[29.65713,39.12041],[29.65759,39.11838],[29.65734,39.1171],[29.65811,39.11636],[29.65726,39.11356],[29.65488,39.10917],[29.65457,39.10738],[29.65667,39.10138],[29.65679,39.0974],[29.65783,39.09554],[29.65895,39.09469],[29.65943,39.09199],[29.66144,39.09065],[29.66461,39.08475],[29.66562,39.08447],[29.667,39.08469],[29.67176,39.08354],[29.67311,39.08182],[29.67293,39.08079],[29.67443,39.08059],[29.67304,39.07862],[29.67264,39.07699],[29.67319,39.07477],[29.67174,39.07351],[29.67242,39.07163],[29.67153,39.06768],[29.66958,39.06712],[29.66098,39.06734],[29.65957,39.0654],[29.65822,39.06222],[29.65811,39.05883],[29.65645,39.0567],[29.65585,39.05451],[29.6552,39.05447],[29.65476,39.05804],[29.65013,39.05119],[29.64873,39.051],[29.6517,39.04906],[29.65422,39.04827],[29.65363,39.04835],[29.65415,39.04752],[29.65585,39.04669],[29.6585,39.04379],[29.65774,39.04181],[29.65974,39.0373],[29.65751,39.03339],[29.65169,39.02853],[29.64814,39.02693],[29.64278,39.02789],[29.63955,39.02793],[29.63823,39.02853],[29.63065,39.02794],[29.62737,39.02839],[29.62666,39.02815],[29.62589,39.02711],[29.63329,39.02188],[29.63689,39.01852],[29.63733,39.01752],[29.63956,39.01714],[29.64158,39.01543],[29.63909,39.01465],[29.63891,39.01415],[29.63988,39.01305],[29.63854,39.0113],[29.63749,39.01162],[29.63628,39.01134],[29.63399,39.00761],[29.63407,39.00516],[29.63638,39.00434],[29.63418,39.00311],[29.63132,39.00042],[29.63139,38.99997],[29.63412,38.99812],[29.63404,38.99762],[29.63046,38.99757],[29.6294,38.99593],[29.62617,38.99528],[29.6174,38.99153],[29.6166,38.98945],[29.61557,38.98875],[29.61397,38.98878],[29.61226,38.98807],[29.61075,38.98706],[29.60912,38.9866],[29.60795,38.98547],[29.60524,38.98479],[29.60097,38.98449],[29.59883,38.98265],[29.59809,38.98243],[29.59584,38.98256],[29.59368,38.98192],[29.59009,38.98263],[29.58712,38.98263],[29.58551,38.98105],[29.58498,38.97929],[29.58302,38.97822],[29.57555,38.97881],[29.57122,38.98029],[29.57088,38.9797],[29.57373,38.97615],[29.57915,38.97536],[29.58248,38.97604],[29.58684,38.97572],[29.58922,38.97524],[29.59248,38.97315],[29.59391,38.97294],[29.5954,38.96991],[29.59833,38.96839],[29.60185,38.96585],[29.60396,38.96299],[29.60328,38.96145],[29.60621,38.9612],[29.60707,38.95974],[29.60545,38.95792],[29.60531,38.95686],[29.60585,38.9565],[29.60824,38.95632],[29.61019,38.95476],[29.61245,38.95419],[29.61352,38.9535],[29.61428,38.95382],[29.61555,38.95353],[29.61481,38.95122],[29.61371,38.94998],[29.61369,38.94852],[29.61257,38.94811],[29.61314,38.94738],[29.61063,38.94438],[29.61016,38.94288],[29.61094,38.94281],[29.61474,38.94479],[29.61653,38.94492],[29.61627,38.94399],[29.61791,38.94347],[29.61792,38.9418],[29.61922,38.94159],[29.62063,38.94199],[29.62253,38.94401],[29.62255,38.9426],[29.6243,38.94279],[29.6246,38.94215],[29.62406,38.94122],[29.62233,38.94018],[29.62244,38.93929],[29.62312,38.93923],[29.6272,38.9407],[29.6293,38.94358],[29.62973,38.94262],[29.63043,38.94242],[29.63085,38.94274],[29.63032,38.9409],[29.63282,38.94185],[29.63338,38.94172],[29.63637,38.93859],[29.64002,38.93796],[29.64306,38.93807],[29.64358,38.9385],[29.64599,38.93767],[29.64559,38.93721],[29.64057,38.93596],[29.63601,38.93407],[29.63504,38.93324],[29.63436,38.93165],[29.62755,38.92992],[29.62278,38.92652],[29.62198,38.92632],[29.61839,38.92711],[29.61336,38.92616],[29.61387,38.92505],[29.61193,38.92312],[29.61276,38.92152],[29.61443,38.92059],[29.61447,38.92001],[29.61313,38.91811],[29.61378,38.917],[29.6135,38.91558],[29.61172,38.91422],[29.61011,38.91155],[29.60731,38.91149],[29.60484,38.91058],[29.60361,38.90855],[29.60283,38.90925],[29.60224,38.90894],[29.60194,38.90754],[29.60002,38.90547],[29.5953,38.90367],[29.59426,38.90293],[29.5941,38.89945],[29.59548,38.89359],[29.5944,38.89117],[29.59436,38.88694],[29.59565,38.88304],[29.59543,38.88204],[29.59343,38.88037],[29.58858,38.87415],[29.58826,38.87322],[29.5863,38.87257],[29.58211,38.8725],[29.58164,38.87169],[29.58229,38.87035],[29.58196,38.86694],[29.58058,38.8676],[29.58041,38.86853],[29.57797,38.86769],[29.5746,38.86803],[29.57226,38.86637],[29.57154,38.86479],[29.569,38.86275],[29.56592,38.86387],[29.5636,38.86047],[29.55382,38.85111],[29.55099,38.84719],[29.55106,38.84653],[29.54838,38.84493],[29.54765,38.84214],[29.54342,38.83954],[29.54172,38.83723],[29.539,38.83633],[29.53698,38.83641],[29.53482,38.837],[29.53247,38.83694],[29.52949,38.83756],[29.52726,38.83755],[29.51849,38.83529],[29.51571,38.83621],[29.51519,38.8358],[29.51391,38.83578],[29.51165,38.83619],[29.50957,38.83557],[29.50607,38.83613],[29.50446,38.8352],[29.50235,38.835],[29.49866,38.83324],[29.49549,38.8333],[29.49263,38.83262],[29.4911,38.83083],[29.48752,38.82954],[29.48723,38.82905],[29.48758,38.82742],[29.48719,38.82594],[29.48834,38.82504],[29.47965,38.82218],[29.47835,38.82113],[29.4758,38.81719],[29.47488,38.81645],[29.46968,38.81426],[29.46662,38.81094],[29.46267,38.80785],[29.46269,38.8061],[29.46135,38.80375],[29.46117,38.80234],[29.46281,38.80131],[29.46486,38.80109],[29.46663,38.80023],[29.46782,38.80018],[29.46608,38.79953],[29.46558,38.79867],[29.46525,38.79945],[29.46381,38.79999],[29.46445,38.7984],[29.46361,38.79641],[29.46377,38.79577],[29.46182,38.79342],[29.45981,38.792],[29.46037,38.7906],[29.46206,38.78891],[29.46102,38.78692],[29.461,38.78577],[29.46247,38.78326],[29.46309,38.78044],[29.46191,38.77771],[29.46101,38.77677],[29.4608,38.77496],[29.45958,38.77428],[29.46205,38.77189],[29.46128,38.77173],[29.46106,38.77125],[29.46162,38.76971],[29.45947,38.76878],[29.45756,38.76569],[29.45901,38.76467],[29.45773,38.76243],[29.45879,38.76159],[29.45782,38.75963],[29.4576,38.75688],[29.45389,38.75262],[29.45343,38.75152],[29.4511,38.7493],[29.45044,38.74769],[29.45006,38.74539],[29.45204,38.74093],[29.44595,38.73816],[29.44527,38.73693],[29.44177,38.73379],[29.43795,38.72823],[29.43539,38.72623],[29.43254,38.72472],[29.42888,38.72489],[29.426,38.72384],[29.42227,38.72021],[29.41802,38.71349],[29.41688,38.70999],[29.41669,38.70782],[29.41461,38.70613],[29.41391,38.70405],[29.41351,38.69616],[29.41407,38.69236],[29.41357,38.68839],[29.40806,38.68012],[29.4061,38.67954],[29.40587,38.679],[29.40296,38.67832],[29.40205,38.6766],[29.40157,38.67406],[29.40267,38.67386],[29.40568,38.67421],[29.40814,38.66876],[29.40563,38.66231],[29.40526,38.65904],[29.40167,38.64954],[29.39652,38.64287],[29.39989,38.64098],[29.39967,38.63939],[29.40181,38.63844],[29.40055,38.63394],[29.40073,38.63172],[29.4011,38.63133],[29.40463,38.63066],[29.40598,38.62999],[29.40816,38.62834],[29.40879,38.62671],[29.41003,38.62596],[29.41089,38.62446],[29.41248,38.62063],[29.41299,38.61362],[29.41415,38.61072],[29.41472,38.6063],[29.41689,38.60282],[29.41633,38.59939],[29.41774,38.59845],[29.41792,38.59724],[29.4254,38.59572],[29.42848,38.59231],[29.43451,38.58791],[29.4392,38.58689],[29.43872,38.58522],[29.43898,38.58397],[29.44245,38.58074],[29.44132,38.57382],[29.44183,38.57003],[29.4433,38.56651],[29.44253,38.55937],[29.44576,38.54683],[29.44381,38.54102],[29.44049,38.53589],[29.43997,38.53395],[29.44121,38.53267],[29.44424,38.52598],[29.45073,38.51538],[29.45939,38.5073],[29.46412,38.50035],[29.46493,38.4972],[29.46504,38.49188],[29.48251,38.45657],[29.48485,38.45397],[29.4913,38.44847],[29.49342,38.44576],[29.4947,38.4423],[29.49731,38.4382],[29.49946,38.43371],[29.49959,38.42996],[29.49896,38.42521],[29.5009,38.42105],[29.50126,38.41829],[29.50259,38.41699],[29.50188,38.4176],[29.50261,38.41567],[29.5005,38.41234],[29.49856,38.41102],[29.49725,38.40904],[29.50011,38.41018],[29.49709,38.40577],[29.49734,38.40472],[29.49973,38.40389],[29.49858,38.40221],[29.49748,38.40161],[29.49527,38.40163],[29.4941,38.40203],[29.49263,38.40183],[29.49353,38.40571],[29.49243,38.40612],[29.49037,38.40569],[29.48846,38.40585],[29.48793,38.40668],[29.48646,38.40748],[29.48743,38.40755],[29.48652,38.40764],[29.48874,38.40558],[29.48765,38.40403],[29.48819,38.40208],[29.48789,38.40167],[29.48702,38.40091],[29.48667,38.40107],[29.48679,38.40195],[29.48572,38.40216],[29.48467,38.40083],[29.48195,38.39903],[29.47914,38.39809],[29.47571,38.39444],[29.47466,38.39111],[29.4733,38.38907],[29.4736,38.38786],[29.47495,38.38655],[29.47414,38.37917],[29.47052,38.37084],[29.46935,38.3671],[29.46876,38.36225],[29.46801,38.36067],[29.46669,38.35924],[29.46241,38.35781],[29.45758,38.35707],[29.45414,38.35842],[29.45103,38.35876],[29.44603,38.35653],[29.44339,38.35574],[29.44026,38.35534],[29.43702,38.35374],[29.43223,38.35416],[29.42908,38.35358],[29.42847,38.35649],[29.42387,38.36015],[29.41881,38.36333],[29.41538,38.3648],[29.41228,38.36487],[29.40959,38.36541],[29.41003,38.36849],[29.40982,38.37094],[29.41109,38.37304],[29.41071,38.3757],[29.41159,38.37947],[29.41226,38.38151],[29.41384,38.38272],[29.41361,38.38349],[29.41437,38.38339],[29.41449,38.38366],[29.41348,38.38575],[29.41224,38.38552],[29.41179,38.38585],[29.4099,38.38808],[29.40961,38.38917],[29.40719,38.3895],[29.40688,38.39013],[29.40691,38.39062],[29.4081,38.3917],[29.40837,38.39027],[29.40882,38.3903],[29.40972,38.39225],[29.41104,38.39338],[29.41054,38.3945],[29.40908,38.39568],[29.40968,38.40008],[29.40886,38.40279],[29.40724,38.40518],[29.40555,38.40593],[29.4036,38.40535],[29.39958,38.40664],[29.39913,38.4076],[29.39962,38.40883],[29.39428,38.41135],[29.39239,38.40984],[29.39118,38.40957],[29.39004,38.40984],[29.3895,38.41128],[29.38828,38.41155],[29.38668,38.41108],[29.38611,38.4115],[29.38614,38.41205],[29.38698,38.41416],[29.38514,38.41495],[29.38196,38.41802],[29.37145,38.42225],[29.36526,38.42697],[29.36144,38.42937],[29.35328,38.43251],[29.34837,38.43513],[29.33997,38.44053],[29.3326,38.42827],[29.3301,38.4229],[29.32561,38.4194],[29.32331,38.4167],[29.32081,38.41537],[29.32134,38.41214],[29.32061,38.4105],[29.31825,38.40795],[29.31764,38.40756],[29.31459,38.4073],[29.31206,38.40775],[29.3114,38.40704],[29.31015,38.40694],[29.31054,38.40735],[29.3105,38.40943],[29.30983,38.41045],[29.30869,38.41093],[29.30863,38.40943],[29.30748,38.40916],[29.3072,38.40754],[29.30735,38.40628],[29.308,38.40551],[29.30764,38.40454],[29.30722,38.40428],[29.30606,38.40491],[29.30565,38.40483],[29.30596,38.40421],[29.30452,38.4047],[29.30408,38.40439],[29.30256,38.40627],[29.30283,38.40468],[29.30268,38.40422],[29.30211,38.40432],[29.29584,38.40891],[29.29435,38.4125],[29.29433,38.41424],[29.29519,38.41636],[29.29569,38.41647],[29.29744,38.41569],[29.29721,38.41509],[29.29782,38.41463],[29.29969,38.41408],[29.30035,38.41422],[29.2989,38.41415],[29.29724,38.41523],[29.29981,38.41598],[29.30088,38.41669],[29.30225,38.41651],[29.30276,38.41689],[29.3043,38.41689],[29.30374,38.41865],[29.30417,38.41826],[29.29619,38.41993],[29.29575,38.42031],[29.29556,38.42885],[29.29588,38.43109],[29.29679,38.43316],[29.29644,38.43293],[29.29574,38.43001],[29.29529,38.42964],[29.29558,38.41882],[29.29423,38.41428],[29.29449,38.412],[29.29574,38.409],[29.29866,38.4066],[29.3016,38.40496],[29.30244,38.40399],[29.30283,38.40448],[29.30264,38.40607],[29.30296,38.40614],[29.30406,38.40434],[29.30536,38.40459],[29.30602,38.40419],[29.30588,38.40502],[29.30734,38.40428],[29.30662,38.40243],[29.30465,38.40036],[29.30514,38.39908],[29.30375,38.39768],[29.30117,38.39665],[29.30046,38.39509],[29.3007,38.39391],[29.30267,38.39321],[29.30398,38.39316],[29.30419,38.39256],[29.30339,38.38961],[29.30198,38.38728],[29.30168,38.38577],[29.30045,38.38405],[29.30118,38.38308],[29.30364,38.38223],[29.30511,38.37933],[29.30756,38.37864],[29.3082,38.37641],[29.30757,38.37419],[29.30614,38.37292],[29.30578,38.37178],[29.30448,38.37094],[29.30439,38.36865],[29.30537,38.36551],[29.30494,38.3634],[29.30684,38.36278],[29.30968,38.36115],[29.31251,38.36086],[29.31365,38.36037],[29.31354,38.35925],[29.31235,38.35784],[29.31325,38.35602],[29.31303,38.35461],[29.31368,38.35374],[29.3154,38.35289],[29.31817,38.35043],[29.31034,38.33101],[29.30413,38.32138],[29.30405,38.31849],[29.30476,38.31597],[29.30288,38.31399],[29.30134,38.31093],[29.29804,38.30719],[29.29714,38.30553],[29.29716,38.30449],[29.29948,38.30398],[29.29975,38.30354],[29.29904,38.30233],[29.30008,38.30143],[29.30133,38.30147],[29.30261,38.30094],[29.30268,38.29989],[29.30356,38.29897],[29.30415,38.29869],[29.30815,38.3002],[29.30843,38.3],[29.30784,38.29894],[29.30891,38.29943],[29.31296,38.29867],[29.31482,38.29747],[29.31556,38.29613],[29.31721,38.29453],[29.3226,38.2925],[29.32578,38.2895],[29.33163,38.28612],[29.33875,38.28319],[29.34281,38.28229],[29.35081,38.27851],[29.35152,38.27761],[29.35064,38.27503],[29.34881,38.27232],[29.34874,38.27133],[29.35048,38.26885],[29.35135,38.26598],[29.35243,38.26522],[29.35378,38.2655],[29.35811,38.26822],[29.36052,38.26897],[29.36362,38.27059],[29.3672,38.27067],[29.36958,38.27142],[29.37189,38.27269],[29.37586,38.27267],[29.38065,38.27142],[29.38324,38.26946],[29.3843,38.26626],[29.3846,38.2642],[29.38345,38.26079],[29.38388,38.25698],[29.3843,38.25641],[29.38587,38.25601],[29.38822,38.25636],[29.38978,38.25583],[29.39516,38.25278],[29.40043,38.24843],[29.40607,38.23827],[29.41217,38.23525],[29.41721,38.22894],[29.41805,38.22595],[29.41564,38.22338],[29.41047,38.22061],[29.40971,38.22065],[29.40834,38.21993],[29.40783,38.22015],[29.40745,38.22116],[29.40541,38.22115],[29.40239,38.22229],[29.4016,38.22216],[29.40069,38.22187],[29.39549,38.21794],[29.38997,38.21563],[29.38473,38.21468],[29.38,38.21027],[29.37662,38.20772],[29.37517,38.20586],[29.37351,38.20485],[29.3728,38.20136],[29.37212,38.20038],[29.37137,38.20044],[29.3699,38.20163],[29.36905,38.20347],[29.36874,38.20291],[29.36822,38.20315],[29.36797,38.20276],[29.3686,38.20144],[29.36611,38.2023],[29.36678,38.20035],[29.36527,38.20175],[29.36578,38.20102],[29.36305,38.2014],[29.36474,38.19937],[29.36258,38.19994],[29.36298,38.19947],[29.3625,38.19859],[29.36209,38.19909],[29.36091,38.19948],[29.36075,38.19694],[29.35967,38.19805],[29.35776,38.1967],[29.35706,38.19889],[29.35607,38.19976],[29.35475,38.20024],[29.35173,38.20034],[29.35034,38.20175],[29.34901,38.20171],[29.34746,38.20282],[29.34507,38.20382],[29.34362,38.20548],[29.34,38.20699],[29.33941,38.2092],[29.33794,38.21049],[29.33737,38.21062],[29.33538,38.20978],[29.33393,38.20968],[29.33309,38.20873],[29.33179,38.20845],[29.3287,38.20927],[29.32652,38.21065],[29.32281,38.21011],[29.31978,38.20704],[29.31642,38.20541],[29.31362,38.20504],[29.31374,38.20345],[29.31186,38.19988],[29.31203,38.19939],[29.31502,38.19764],[29.31514,38.19713],[29.31347,38.19657],[29.31241,38.19226],[29.31296,38.19183],[29.31558,38.19125],[29.31542,38.19066],[29.31563,38.19107],[29.3129,38.19187],[29.31164,38.19407],[29.31094,38.19395],[29.30449,38.19718],[29.29944,38.19909],[29.29486,38.20178],[29.29016,38.20713],[29.28898,38.20921],[29.28471,38.21333],[29.28411,38.21493],[29.28084,38.21464],[29.28385,38.21509],[29.28445,38.21463],[29.28491,38.21295],[29.28895,38.20931],[29.29003,38.20727],[29.29375,38.20272],[29.2963,38.20082],[29.31073,38.19405],[29.31204,38.19385],[29.31265,38.19207],[29.31543,38.19128],[29.31514,38.19041],[29.31215,38.18921],[29.31059,38.18558],[29.30608,38.18104],[29.30477,38.17642],[29.3028,38.17503],[29.30246,38.17383],[29.30153,38.17316],[29.30144,38.16843],[29.30038,38.16776],[29.30044,38.16651],[29.29921,38.16247],[29.29963,38.15876],[29.29941,38.15541],[29.30123,38.15475],[29.30149,38.1541],[29.30271,38.15337],[29.30298,38.14878],[29.30093,38.14486],[29.29954,38.14341],[29.3007,38.14059],[29.30066,38.13941],[29.29896,38.13575],[29.29897,38.13316],[29.29757,38.13106],[29.29645,38.12795],[29.29607,38.12503],[29.29223,38.12162],[29.29136,38.1214],[29.28907,38.12208],[29.28576,38.12062],[29.28368,38.11875],[29.28497,38.11744],[29.28498,38.11649],[29.28592,38.11523],[29.29153,38.11337],[29.29305,38.11224],[29.29659,38.11073],[29.2985,38.10698],[29.29601,38.10331],[29.29463,38.10202],[29.2944,38.10102],[29.2924,38.09889],[29.29108,38.09866],[29.29075,38.09814],[29.29105,38.09714],[29.29339,38.09751],[29.29335,38.09709],[29.29467,38.09573],[29.2931,38.09565],[29.29191,38.09515],[29.29166,38.09475],[29.29226,38.0932],[29.29175,38.09305],[29.29069,38.09346],[29.29019,38.09311],[29.29091,38.09106],[29.29013,38.0903],[29.29057,38.08995],[29.2918,38.09001],[29.29728,38.08513],[29.30164,38.08305],[29.30555,38.07548],[29.3112,38.06908],[29.31142,38.06719],[29.31494,38.06369],[29.32035,38.06043],[29.32286,38.05719],[29.32534,38.05592],[29.32556,38.05535],[29.32442,38.05412],[29.32543,38.05141],[29.32382,38.0501],[29.31865,38.0475],[29.31643,38.04691],[29.3108,38.04629],[29.30512,38.04321],[29.3009,38.03865],[29.30062,38.0375],[29.30136,38.03663],[29.30484,38.03459],[29.30557,38.03325],[29.3033,38.03349],[29.30169,38.03322],[29.30128,38.03416],[29.30013,38.03415],[29.297,38.0321],[29.29438,38.02893],[29.29192,38.02741],[29.28778,38.02592],[29.2852,38.02547],[29.27936,38.02533],[29.27444,38.02574],[29.27604,38.02502],[29.27493,38.0244],[29.27607,38.02231],[29.27574,38.02174],[29.27411,38.0224],[29.27074,38.02576],[29.27014,38.02563],[29.27059,38.02344],[29.26789,38.02439],[29.26668,38.02291],[29.26612,38.02303],[29.2657,38.02488],[29.26652,38.02628],[29.26558,38.02694],[29.26623,38.02727],[29.26677,38.02679],[29.26704,38.02715],[29.26807,38.02682],[29.26942,38.02752],[29.27191,38.02746],[29.2692,38.02747],[29.26829,38.02689],[29.26743,38.02727],[29.2667,38.02684],[29.26632,38.02721],[29.26571,38.02716],[29.26636,38.02607],[29.26566,38.02443],[29.26606,38.02259],[29.26464,38.02182],[29.26465,38.02066],[29.26527,38.01968],[29.26443,38.01826],[29.26425,38.0147],[29.26311,38.01198],[29.26317,38.0093],[29.26262,38.00766],[29.26164,38.00652],[29.26142,38.00369],[29.25841,38.00482],[29.25789,38.0046],[29.25772,38.00238],[29.2549,38.00461],[29.25279,38.00466],[29.25149,38.00429],[29.25079,38.00558],[29.24973,38.00625],[29.24831,38.00639],[29.24702,38.00591],[29.24479,38.00366],[29.23968,38.00072],[29.2377,37.99819],[29.23506,37.9978],[29.2337,37.99715],[29.23217,37.99708],[29.23107,37.99547],[29.22956,37.99422],[29.22964,37.99363],[29.23202,37.99325],[29.23244,37.99291],[29.23216,37.99242],[29.23012,37.99119],[29.22892,37.98984],[29.22539,37.98869],[29.22512,37.98698],[29.22355,37.98606],[29.22312,37.98396],[29.21881,37.97922],[29.2183,37.97896],[29.21649,37.98168],[29.2091,37.98822],[29.20432,37.99054],[29.19603,37.98758],[29.19332,37.9845],[29.19038,37.98208],[29.18191,37.97655],[29.17586,37.97425],[29.17304,37.97193],[29.17051,37.9669],[29.16975,37.95942],[29.16828,37.95773],[29.16535,37.95586],[29.16559,37.9554],[29.16623,37.95529],[29.16706,37.95607],[29.16649,37.95399],[29.16487,37.95458],[29.16333,37.95582],[29.16147,37.95584],[29.15948,37.95502],[29.15817,37.95503],[29.15768,37.95526],[29.1577,37.95587],[29.15886,37.957],[29.15842,37.95761],[29.15539,37.9581],[29.15373,37.95952],[29.15205,37.95929],[29.15004,37.95672],[29.15067,37.95555],[29.15052,37.95405],[29.14933,37.95106],[29.14823,37.94995],[29.14812,37.94789],[29.14733,37.94701],[29.14715,37.94541],[29.14609,37.94411],[29.14354,37.94293],[29.13967,37.94209],[29.13945,37.9413],[29.13888,37.94211],[29.13631,37.94306],[29.13714,37.94228],[29.13629,37.94212],[29.13511,37.94246],[29.1349,37.94],[29.13525,37.9386],[29.13809,37.93725],[29.1364,37.9373],[29.13776,37.93468],[29.13399,37.9303],[29.13404,37.9297],[29.13525,37.92864],[29.13516,37.92735],[29.13565,37.92676],[29.13636,37.92643],[29.13783,37.92687],[29.13809,37.92644],[29.13762,37.92393],[29.13518,37.92226],[29.13531,37.92143],[29.13396,37.91877],[29.1345,37.91781],[29.13401,37.91729],[29.13017,37.91744],[29.12943,37.9166],[29.12754,37.91713],[29.12363,37.91707],[29.1223,37.9165],[29.12172,37.91188],[29.14333,37.85254],[29.14378,37.84998],[29.143,37.8476],[29.14142,37.84572],[29.12363,37.83041],[29.11841,37.82349],[29.11786,37.8234],[29.11764,37.82381],[29.1188,37.82396],[29.13107,37.82116],[29.15247,37.81964],[29.15774,37.81735],[29.1626,37.81311],[29.17186,37.81145],[29.17492,37.81028],[29.17802,37.80752],[29.17873,37.80604],[29.17814,37.80572],[29.17775,37.80609],[29.17817,37.80654],[29.20017,37.80205],[29.20592,37.80287],[29.21404,37.8047],[29.22296,37.80398],[29.2285,37.80413],[29.2314,37.80349],[29.23352,37.80358],[29.24801,37.80907],[29.25777,37.81341],[29.27063,37.81796],[29.27262,37.81829],[29.28591,37.81542],[29.29818,37.81161],[29.31392,37.81163],[29.32685,37.81361],[29.3278,37.8074],[29.33279,37.80088],[29.33752,37.78304],[29.34687,37.77547],[29.34961,37.77585],[29.35187,37.77519],[29.35385,37.77312],[29.35941,37.77021],[29.36096,37.76779],[29.36213,37.76695],[29.36264,37.7657],[29.36321,37.76536],[29.36581,37.76552],[29.36872,37.76298],[29.37432,37.76121],[29.37663,37.75984],[29.37999,37.75883],[29.38076,37.75824],[29.38133,37.75289],[29.37575,37.74081],[29.38157,37.73447],[29.38237,37.73407],[29.38586,37.73384],[29.39205,37.72958],[29.39182,37.72668],[29.39042,37.72464],[29.39103,37.72464],[29.3925,37.72577],[29.39428,37.72633],[29.39696,37.72623],[29.39771,37.7254],[29.39693,37.72363],[29.39737,37.72158],[29.39695,37.71692],[29.39906,37.71054],[29.40028,37.70894],[29.40143,37.70599],[29.40114,37.70468],[29.40188,37.69708],[29.40049,37.69232],[29.40144,37.69053],[29.40592,37.68832],[29.40615,37.68778],[29.40521,37.68571],[29.40255,37.68264],[29.40164,37.67971],[29.39978,37.67685],[29.40101,37.6732],[29.40032,37.6722],[29.40063,37.67173],[29.40325,37.67087],[29.40631,37.67055],[29.40772,37.66897],[29.41031,37.66792],[29.41245,37.66419],[29.41474,37.66383],[29.4162,37.6629],[29.41816,37.66117],[29.41898,37.65942],[29.42054,37.659],[29.4217,37.65775],[29.42188,37.65582],[29.42115,37.65426],[29.42141,37.65225],[29.42421,37.65094],[29.42458,37.64857],[29.42578,37.64763],[29.42732,37.64477],[29.42701,37.64258],[29.42876,37.63772],[29.43111,37.63555],[29.43149,37.63415],[29.43262,37.63398],[29.43149,37.63304],[29.43229,37.6321],[29.43217,37.63146],[29.43174,37.63129],[29.43136,37.6319],[29.43131,37.6314],[29.43148,37.63071],[29.43235,37.63034],[29.4325,37.62929],[29.43298,37.62955],[29.43353,37.63147],[29.43455,37.63121],[29.43461,37.63055],[29.43533,37.63046],[29.43713,37.63119],[29.43848,37.63053],[29.44163,37.63024],[29.44339,37.62856],[29.44335,37.62694],[29.44388,37.62674],[29.44449,37.6272],[29.4459,37.62708],[29.44945,37.62532],[29.45159,37.62486],[29.45539,37.62548],[29.45729,37.62536],[29.45998,37.62643],[29.46276,37.62462],[29.46369,37.62555],[29.46509,37.62501],[29.467,37.62631],[29.46703,37.62677],[29.46817,37.62768],[29.4705,37.62848],[29.47403,37.62793],[29.4757,37.6281],[29.47748,37.6275],[29.48526,37.62943],[29.4866,37.62996],[29.48726,37.63105],[29.48775,37.63338],[29.48971,37.63612],[29.49029,37.63912],[29.49216,37.64076],[29.49426,37.64367],[29.49611,37.64514],[29.49629,37.6481],[29.49952,37.64989],[29.50234,37.65227],[29.50355,37.65284],[29.50575,37.65226],[29.50809,37.65224],[29.50857,37.65116],[29.50808,37.65016],[29.50908,37.64926],[29.50887,37.64584],[29.50949,37.64489],[29.51021,37.64476],[29.51141,37.64541],[29.51324,37.64568],[29.51581,37.64454],[29.51674,37.64318],[29.51744,37.63884],[29.51805,37.63801],[29.52003,37.63725],[29.52109,37.63594],[29.52283,37.6353],[29.52415,37.63408],[29.52454,37.63489],[29.52674,37.63601],[29.52967,37.6385],[29.53106,37.63802],[29.53536,37.63874],[29.54049,37.63717],[29.54037,37.63658],[29.53914,37.63605],[29.53929,37.63564],[29.5428,37.63596],[29.54428,37.63673],[29.54451,37.63753],[29.54415,37.64109],[29.5463,37.64111],[29.54806,37.63934],[29.55048,37.6381],[29.55144,37.63354],[29.5527,37.63126],[29.55288,37.62838],[29.54809,37.62281],[29.54511,37.61753],[29.54575,37.6164],[29.54472,37.61369],[29.54522,37.61031],[29.54577,37.60932],[29.54567,37.60769],[29.54654,37.60583],[29.54793,37.60553],[29.54812,37.60435],[29.54934,37.60358],[29.54891,37.60161],[29.55049,37.59975],[29.55037,37.59863],[29.55098,37.5977],[29.54989,37.59566],[29.54989,37.59224],[29.55144,37.59179],[29.55211,37.59047],[29.5547,37.58855],[29.56529,37.58786],[29.57518,37.58204],[29.57571,37.5816],[29.57579,37.57999],[29.57969,37.57891],[29.58196,37.57726],[29.58617,37.5752],[29.59084,37.56831],[29.59008,37.56346],[29.58935,37.5624],[29.59028,37.55832],[29.592,37.55386],[29.59343,37.55264],[29.59454,37.54963],[29.59585,37.54904],[29.59769,37.54928],[29.59739,37.54723],[29.59844,37.54596],[29.60225,37.5448],[29.60383,37.54366],[29.60994,37.54095],[29.61586,37.53779],[29.61911,37.5369],[29.62064,37.53484],[29.62763,37.53085],[29.63068,37.52797],[29.63584,37.52507],[29.63801,37.52297],[29.64084,37.5223],[29.64349,37.52092],[29.64918,37.52184],[29.65374,37.5255],[29.65564,37.5264],[29.65735,37.52637],[29.66154,37.52517],[29.6646,37.52208],[29.66927,37.52035],[29.67464,37.51518],[29.67811,37.51296],[29.67928,37.51263],[29.69474,37.51086],[29.6987,37.50942],[29.70335,37.50878],[29.70831,37.50726],[29.71162,37.50683],[29.71606,37.50853],[29.72793,37.51414],[29.75106,37.50877]]}},{"type":"Feature","properties":{"name":"TET_TR-14-S_20240614","country":"TR","lengthKm":415.9},"geometry":{"type":"LineString","coordinates":[[29.75362,37.50846],[29.75617,37.50923],[29.76228,37.51317],[29.76772,37.51594],[29.77426,37.51738],[29.7748,37.5172],[29.77887,37.51786],[29.78084,37.51779],[29.78346,37.5171],[29.78652,37.51787],[29.78796,37.51759],[29.79672,37.51494],[29.80743,37.511],[29.81875,37.51054],[29.84744,37.51906],[29.85184,37.51819],[29.85619,37.51675],[29.86211,37.51646],[29.88145,37.51843],[29.88437,37.51905],[29.89134,37.51857],[29.89298,37.51925],[29.90249,37.52544],[29.90373,37.52575],[29.90942,37.52411],[29.91239,37.52477],[29.92199,37.52567],[29.93083,37.52315],[29.93745,37.52568],[29.94082,37.5257],[29.94273,37.52625],[29.94464,37.5263],[29.95015,37.52556],[29.95565,37.52801],[29.95892,37.52873],[29.96515,37.53142],[29.97972,37.53364],[29.98781,37.53665],[29.99517,37.53806],[30.00443,37.54409],[30.01729,37.54936],[30.02046,37.55116],[30.03052,37.55472],[30.03315,37.55471],[30.03635,37.5529],[30.03945,37.55171],[30.04642,37.5518],[30.06607,37.55665],[30.06774,37.55769],[30.06952,37.5596],[30.07242,37.55938],[30.07491,37.55971],[30.07738,37.55939],[30.07997,37.56096],[30.08097,37.56366],[30.08317,37.56626],[30.0869,37.57344],[30.0912,37.57708],[30.09381,37.58045],[30.09532,37.58034],[30.1048,37.58254],[30.11238,37.58771],[30.11303,37.58556],[30.11915,37.58574],[30.11657,37.58314],[30.11366,37.58136],[30.11339,37.58086],[30.11423,37.57966],[30.1141,37.57654],[30.11491,37.57585],[30.11446,37.57493],[30.11816,37.57149],[30.11889,37.56969],[30.11861,37.56759],[30.12034,37.56738],[30.1226,37.56555],[30.12625,37.56392],[30.12652,37.56462],[30.12752,37.56486],[30.12901,37.56396],[30.13109,37.564],[30.13457,37.56126],[30.13495,37.55891],[30.13426,37.55792],[30.13539,37.55722],[30.1356,37.55654],[30.13475,37.55459],[30.13525,37.55],[30.13625,37.54661],[30.13411,37.54249],[30.13478,37.5414],[30.13617,37.54022],[30.13946,37.53886],[30.14259,37.53702],[30.14545,37.53475],[30.14713,37.53421],[30.14838,37.53271],[30.14919,37.53229],[30.15035,37.53247],[30.15166,37.53075],[30.15176,37.52976],[30.15299,37.52921],[30.15414,37.52963],[30.1548,37.52941],[30.15701,37.53182],[30.15861,37.53203],[30.15888,37.53141],[30.15951,37.53117],[30.16053,37.53135],[30.16262,37.53082],[30.16391,37.53084],[30.16492,37.53137],[30.16765,37.53129],[30.16932,37.53207],[30.17106,37.53515],[30.17444,37.53877],[30.18395,37.54404],[30.19282,37.54667],[30.19484,37.54833],[30.19779,37.54913],[30.20285,37.54639],[30.20844,37.54151],[30.21036,37.54058],[30.21224,37.5408],[30.21273,37.53958],[30.21265,37.53794],[30.21334,37.53647],[30.21048,37.5344],[30.21049,37.53357],[30.20946,37.53322],[30.20975,37.53263],[30.21042,37.53269],[30.2121,37.53427],[30.21256,37.53316],[30.21646,37.52923],[30.21751,37.52923],[30.21729,37.52867],[30.21813,37.5269],[30.22056,37.52533],[30.22099,37.52366],[30.22025,37.5224],[30.22274,37.52054],[30.22446,37.51786],[30.22737,37.51638],[30.22758,37.51459],[30.22849,37.5144],[30.23047,37.51479],[30.23277,37.51415],[30.23449,37.51412],[30.23509,37.51278],[30.23923,37.51184],[30.24342,37.50898],[30.24825,37.50791],[30.2535,37.50861],[30.25863,37.51166],[30.26007,37.51196],[30.26225,37.51195],[30.26706,37.5108],[30.27038,37.51098],[30.27358,37.51192],[30.27699,37.51239],[30.2796,37.51168],[30.28211,37.51214],[30.28225,37.51121],[30.28534,37.50997],[30.29006,37.50582],[30.29211,37.50212],[30.29202,37.50135],[30.29079,37.49968],[30.29506,37.4997],[30.30376,37.50195],[30.31125,37.50532],[30.31509,37.50876],[30.31695,37.51298],[30.31716,37.51192],[30.31772,37.51157],[30.32066,37.51106],[30.32439,37.50855],[30.32561,37.50831],[30.32971,37.50963],[30.33108,37.51099],[30.33345,37.51087],[30.33589,37.51166],[30.33933,37.51401],[30.3413,37.51463],[30.34978,37.51641],[30.35229,37.51631],[30.35546,37.51495],[30.3574,37.51565],[30.35893,37.5154],[30.36112,37.51614],[30.36158,37.51706],[30.36323,37.51789],[30.36799,37.51811],[30.36914,37.51855],[30.37012,37.51801],[30.37176,37.51539],[30.37351,37.51747],[30.3756,37.5185],[30.37868,37.5182],[30.38181,37.51916],[30.38387,37.51887],[30.38522,37.51952],[30.3954,37.51702],[30.39857,37.51536],[30.40991,37.51402],[30.41236,37.51272],[30.41551,37.51181],[30.41717,37.51204],[30.42344,37.51119],[30.42546,37.51173],[30.43081,37.5121],[30.43293,37.51305],[30.43622,37.51301],[30.4384,37.51353],[30.44324,37.51254],[30.4441,37.51186],[30.44886,37.51071],[30.45188,37.51066],[30.45375,37.51393],[30.45435,37.51432],[30.46634,37.51712],[30.47464,37.52184],[30.47656,37.52438],[30.47927,37.52607],[30.47816,37.52978],[30.48286,37.53382],[30.48801,37.53184],[30.49665,37.53217],[30.49933,37.53298],[30.50198,37.53296],[30.50397,37.53243],[30.51655,37.53214],[30.52745,37.52972],[30.53498,37.53008],[30.54116,37.52976],[30.54452,37.52845],[30.55007,37.52737],[30.55484,37.52557],[30.5572,37.52409],[30.55633,37.51984],[30.56028,37.52034],[30.56227,37.52019],[30.56388,37.52069],[30.56451,37.51886],[30.5669,37.51788],[30.56955,37.51769],[30.57139,37.51706],[30.57162,37.51622],[30.57315,37.51518],[30.57471,37.51471],[30.5766,37.51328],[30.57976,37.51205],[30.58546,37.50894],[30.58648,37.50741],[30.58977,37.50512],[30.59277,37.50403],[30.59341,37.50303],[30.59742,37.49945],[30.60069,37.49763],[30.60072,37.4972],[30.60579,37.49671],[30.6074,37.49697],[30.60903,37.49745],[30.61091,37.49967],[30.61421,37.5007],[30.61484,37.5028],[30.61712,37.50371],[30.61727,37.50443],[30.62,37.50647],[30.62301,37.50674],[30.62626,37.50803],[30.63217,37.50898],[30.63422,37.51006],[30.63556,37.5114],[30.63901,37.51239],[30.63954,37.5129],[30.6402,37.513],[30.64086,37.51263],[30.64192,37.5109],[30.64323,37.51028],[30.64456,37.50997],[30.64676,37.51053],[30.64844,37.51199],[30.64973,37.5116],[30.65186,37.51237],[30.65684,37.51557],[30.65986,37.51576],[30.66483,37.518],[30.66668,37.51804],[30.66705,37.51842],[30.66811,37.51815],[30.66809,37.51965],[30.66878,37.5195],[30.67008,37.52015],[30.66975,37.52196],[30.67073,37.52188],[30.67312,37.52253],[30.67677,37.52254],[30.67784,37.52337],[30.67781,37.52391],[30.67846,37.52405],[30.68137,37.5243],[30.6877,37.524],[30.69049,37.52443],[30.69385,37.52554],[30.6964,37.52698],[30.69574,37.52791],[30.69558,37.53139],[30.69797,37.53416],[30.69858,37.53623],[30.69721,37.53797],[30.69767,37.53954],[30.69743,37.54001],[30.69822,37.54056],[30.69844,37.54158],[30.69826,37.54196],[30.6968,37.54195],[30.69744,37.54278],[30.69655,37.54289],[30.69646,37.54395],[30.70059,37.54298],[30.70129,37.54486],[30.70096,37.54642],[30.70407,37.54461],[30.70406,37.5433],[30.70537,37.54396],[30.70862,37.54425],[30.7085,37.54485],[30.70742,37.54568],[30.70738,37.54614],[30.70789,37.54639],[30.70738,37.54718],[30.70765,37.54852],[30.70972,37.54976],[30.71192,37.54983],[30.71247,37.55142],[30.7129,37.55138],[30.7127,37.55012],[30.71312,37.54958],[30.71463,37.54898],[30.71301,37.54766],[30.71513,37.54735],[30.71553,37.54564],[30.71614,37.545],[30.71686,37.54488],[30.71765,37.54554],[30.71797,37.54436],[30.71909,37.54353],[30.72171,37.54276],[30.72541,37.5409],[30.72918,37.54036],[30.7298,37.53994],[30.72957,37.53957],[30.73232,37.53883],[30.7331,37.53915],[30.73305,37.53877],[30.73352,37.53858],[30.73411,37.53972],[30.73652,37.54112],[30.73707,37.54217],[30.73857,37.54223],[30.73921,37.54183],[30.74239,37.54221],[30.74462,37.5443],[30.74831,37.5449],[30.75037,37.54482],[30.7527,37.54406],[30.75306,37.54434],[30.7526,37.54452],[30.755,37.54504],[30.75731,37.54374],[30.75848,37.54358],[30.76148,37.54424],[30.76262,37.54549],[30.76736,37.54451],[30.76698,37.54678],[30.76785,37.54676],[30.77029,37.54647],[30.77171,37.54539],[30.77678,37.54326],[30.78023,37.5434],[30.78073,37.54376],[30.78028,37.54758],[30.7815,37.54808],[30.78166,37.54962],[30.78282,37.55031],[30.78305,37.55113],[30.78475,37.55282],[30.78821,37.55512],[30.78895,37.55787],[30.79107,37.55964],[30.79434,37.56131],[30.79465,37.5618],[30.79679,37.56195],[30.80032,37.56139],[30.80165,37.56063],[30.80364,37.5616],[30.80693,37.56171],[30.8083,37.56274],[30.8095,37.56524],[30.81017,37.56569],[30.81007,37.56841],[30.8118,37.57017],[30.81292,37.57031],[30.8149,37.56982],[30.81817,37.56996],[30.82172,37.57059],[30.82228,37.57125],[30.82593,37.57224],[30.82952,37.57193],[30.82951,37.57125],[30.83031,37.57077],[30.83147,37.57065],[30.83192,37.57009],[30.83343,37.56976],[30.8341,37.56987],[30.83452,37.57076],[30.83567,37.57129],[30.83586,37.57177],[30.83611,37.5711],[30.83649,37.57183],[30.83764,37.57255],[30.83828,37.57405],[30.83561,37.57399],[30.835,37.57451],[30.83476,37.57554],[30.83289,37.57484],[30.83183,37.57484],[30.8302,37.57648],[30.82995,37.57862],[30.82705,37.58116],[30.82704,37.58212],[30.82823,37.58218],[30.82926,37.58296],[30.8294,37.58397],[30.83058,37.58533],[30.83088,37.58656],[30.83194,37.58684],[30.83145,37.58907],[30.83245,37.59018],[30.83284,37.59056],[30.83504,37.59055],[30.83536,37.59105],[30.83578,37.59222],[30.83552,37.59368],[30.83601,37.59409],[30.83668,37.59784],[30.83718,37.59814],[30.83824,37.60117],[30.83934,37.60114],[30.84051,37.6],[30.84187,37.59941],[30.84264,37.59968],[30.84321,37.59937],[30.84343,37.59864],[30.84756,37.59689],[30.8487,37.59768],[30.84865,37.59848],[30.85038,37.59878],[30.85112,37.6001],[30.85131,37.60083],[30.85045,37.60236],[30.85042,37.60403],[30.8481,37.60651],[30.84693,37.60702],[30.84701,37.60745],[30.84766,37.60945],[30.84987,37.61052],[30.85074,37.61185],[30.85129,37.61229],[30.85191,37.61219],[30.8522,37.61281],[30.85444,37.61154],[30.85455,37.61337],[30.85683,37.61571],[30.85767,37.616],[30.85595,37.61746],[30.85683,37.61897],[30.85731,37.62107],[30.85963,37.62242],[30.86023,37.62398],[30.86204,37.62578],[30.86215,37.62677],[30.86076,37.62889],[30.86087,37.62993],[30.86186,37.6314],[30.86161,37.63252],[30.862,37.63522],[30.8634,37.63627],[30.86395,37.63756],[30.86282,37.64253],[30.86297,37.64525],[30.8656,37.64879],[30.86485,37.65153],[30.86571,37.65778],[30.86467,37.66044],[30.86509,37.66479],[30.8656,37.66611],[30.87302,37.67523],[30.87482,37.67817],[30.87587,37.68169],[30.87765,37.69338],[30.87745,37.69527],[30.87001,37.70944],[30.86666,37.7142],[30.86607,37.71611],[30.86653,37.71807],[30.87079,37.72493],[30.87078,37.72658],[30.86933,37.73177],[30.87564,37.75908],[30.87397,37.76539],[30.87514,37.76636],[30.88368,37.77012],[30.88677,37.77336],[30.88997,37.77208],[30.89559,37.7682],[30.89921,37.76824],[30.90254,37.76955],[30.90303,37.77082],[30.90281,37.77147],[30.9043,37.77266],[30.90486,37.77257],[30.90553,37.77153],[30.90766,37.7715],[30.91076,37.77043],[30.91052,37.77021],[30.9119,37.76833],[30.91247,37.76821],[30.91388,37.76828],[30.91643,37.76758],[30.91938,37.76776],[30.92309,37.76946],[30.92335,37.76615],[30.9241,37.76554],[30.92452,37.76437],[30.9279,37.76282],[30.92781,37.76338],[30.92878,37.76381],[30.93248,37.7643],[30.93401,37.7658],[30.93606,37.76635],[30.9369,37.76697],[30.93655,37.76817],[30.93695,37.76854],[30.94009,37.76945],[30.94174,37.7694],[30.94217,37.76884],[30.94399,37.76893],[30.94441,37.76802],[30.94574,37.7678],[30.94696,37.76821],[30.94784,37.76786],[30.94839,37.76802],[30.94951,37.76743],[30.9509,37.76831],[30.95153,37.76807],[30.9529,37.76851],[30.95357,37.76826],[30.95577,37.76845],[30.95762,37.76767],[30.95785,37.76705],[30.96117,37.76735],[30.96211,37.76723],[30.96301,37.76656],[30.9645,37.76708],[30.96622,37.76915],[30.97077,37.77106],[30.97316,37.77152],[30.97531,37.77271],[30.97723,37.77579],[30.97965,37.77788],[30.98085,37.78025],[30.97894,37.78114],[30.97788,37.78226],[30.97733,37.78376],[30.97873,37.78349],[30.9794,37.7837],[30.98338,37.78681],[30.98667,37.78803],[30.98854,37.78976],[30.9895,37.79202],[30.99287,37.79371],[30.99317,37.79431],[30.99288,37.79587],[30.99326,37.79645],[30.99576,37.79778],[30.99827,37.79765],[31.00619,37.79861],[31.00908,37.79979],[31.01456,37.80045],[31.02349,37.79995],[31.03113,37.79798],[31.03401,37.79847],[31.03612,37.79818],[31.04116,37.79869],[31.04412,37.79803],[31.04641,37.79801],[31.05009,37.79969],[31.05546,37.80085],[31.0695,37.79922],[31.07139,37.79909],[31.07176,37.79954],[31.07288,37.79925],[31.07423,37.79717],[31.07661,37.79617],[31.07898,37.79632],[31.08068,37.79566],[31.08384,37.79543],[31.08769,37.79564],[31.09018,37.79494],[31.09198,37.79271],[31.09464,37.79417],[31.09627,37.79342],[31.09802,37.79351],[31.09909,37.7928],[31.10305,37.79193],[31.10424,37.79108],[31.10629,37.78803],[31.10713,37.78574],[31.116,37.77045],[31.11699,37.76634],[31.11973,37.75958],[31.12278,37.755],[31.12372,37.75267],[31.12789,37.74975],[31.13025,37.74742],[31.13932,37.74237],[31.1415,37.74071],[31.14868,37.74248],[31.15276,37.74175],[31.15972,37.74132],[31.16548,37.74539],[31.16981,37.74652],[31.17166,37.7455],[31.17355,37.74346],[31.17494,37.74069],[31.17642,37.73952],[31.17886,37.73872],[31.18161,37.73898],[31.18311,37.73851],[31.1891,37.73419],[31.19395,37.72912],[31.19667,37.72818],[31.20231,37.728],[31.20561,37.72616],[31.20997,37.72555],[31.21157,37.72587],[31.2114,37.72362],[31.21859,37.72122],[31.22226,37.71885],[31.22283,37.7181],[31.2243,37.71796],[31.22875,37.71589],[31.23023,37.71574],[31.235,37.71375],[31.23677,37.71378],[31.2389,37.71323],[31.23984,37.7126],[31.24335,37.7074],[31.24505,37.70842],[31.24453,37.70872],[31.24498,37.70977],[31.24566,37.71027],[31.24778,37.71077],[31.24718,37.71152],[31.24499,37.71271],[31.24469,37.71324],[31.24518,37.71364],[31.24664,37.71317],[31.24865,37.71369],[31.25309,37.7127],[31.25519,37.71299],[31.25581,37.7128],[31.25621,37.71077],[31.25675,37.71042],[31.25809,37.71046],[31.25863,37.71074],[31.25852,37.71147],[31.26074,37.71244],[31.26277,37.71209],[31.26412,37.71257],[31.26521,37.71237],[31.26747,37.71083],[31.2696,37.71035],[31.27123,37.7107],[31.27201,37.70923],[31.27168,37.70816],[31.27231,37.70747],[31.27176,37.70677],[31.27215,37.70625],[31.27376,37.70622],[31.27478,37.70667],[31.27522,37.7065],[31.27498,37.70565],[31.27629,37.70524],[31.28272,37.70468],[31.28467,37.70306],[31.28873,37.70208],[31.29176,37.69992],[31.2929,37.69946],[31.29417,37.69964],[31.29552,37.69879],[31.29706,37.6984],[31.29836,37.69632],[31.29959,37.69707],[31.30023,37.69821],[31.30156,37.6987],[31.3027,37.69824],[31.30293,37.6973],[31.30415,37.69827],[31.30507,37.6982],[31.30717,37.69645],[31.30856,37.69636],[31.30725,37.69749],[31.30796,37.69956],[31.30941,37.70151],[31.31443,37.70588],[31.31636,37.70605],[31.31915,37.70756],[31.3219,37.70786],[31.32483,37.70921],[31.32924,37.70992],[31.33145,37.70935],[31.33278,37.70982],[31.33761,37.70932],[31.33996,37.7083],[31.34034,37.70569],[31.34139,37.70565],[31.34375,37.70354],[31.345,37.70321],[31.34573,37.70344],[31.34614,37.70313],[31.34547,37.70062],[31.34634,37.70008],[31.34674,37.69887],[31.34794,37.69883],[31.34989,37.69791],[31.35118,37.69635],[31.35092,37.69582],[31.35252,37.69619],[31.35589,37.69539],[31.35639,37.6941],[31.35723,37.69343],[31.35642,37.69208],[31.35802,37.69048],[31.35708,37.68903],[31.35714,37.68846],[31.3595,37.68749],[31.36146,37.68595],[31.36355,37.68296],[31.36631,37.68356],[31.36413,37.68033],[31.36426,37.67233],[31.36305,37.66604],[31.36186,37.66352],[31.36214,37.66152],[31.36381,37.6583],[31.36358,37.65716],[31.36472,37.65616],[31.36449,37.65538],[31.36572,37.64573],[31.3654,37.64265],[31.36231,37.63158],[31.36387,37.62604],[31.36188,37.61926],[31.36041,37.61745],[31.35973,37.61534],[31.35703,37.61162],[31.3578,37.60996],[31.35846,37.60499],[31.35994,37.60027],[31.36602,37.58527],[31.36745,37.57916],[31.37027,37.57539],[31.37153,37.56757],[31.37152,37.55614],[31.37209,37.5545],[31.37096,37.55208],[31.37021,37.54759],[31.37285,37.54603],[31.37323,37.54492],[31.37529,37.54364],[31.37566,37.54236],[31.37812,37.54034],[31.37909,37.53894],[31.37703,37.53721],[31.37717,37.53627],[31.37644,37.53549],[31.37489,37.53535],[31.3735,37.53612],[31.37106,37.53577],[31.3691,37.53626],[31.36749,37.53563],[31.3671,37.53476],[31.36532,37.53517],[31.36433,37.53452],[31.36479,37.5306],[31.36525,37.5298],[31.3652,37.52529],[31.3635,37.52014],[31.36244,37.51485],[31.3616,37.51366],[31.36137,37.51073],[31.3596,37.50882],[31.35959,37.50645],[31.35907,37.50495],[31.35622,37.50328],[31.3545,37.50139],[31.35094,37.50154],[31.34884,37.50116],[31.34591,37.49816],[31.34526,37.49479],[31.3433,37.49269],[31.34252,37.49218],[31.33885,37.49177],[31.33743,37.49061],[31.33748,37.48972],[31.33561,37.48819],[31.33396,37.48796],[31.33269,37.48711],[31.33095,37.48701],[31.33057,37.4856],[31.33125,37.48273],[31.33045,37.48099],[31.32902,37.47975],[31.32968,37.47857],[31.33031,37.47891],[31.3307,37.47866],[31.33018,37.47656],[31.33042,37.47612],[31.33098,37.47619],[31.3307,37.47484],[31.33146,37.47401],[31.33104,37.47345],[31.33153,37.47257],[31.33101,37.4726],[31.33062,37.47343],[31.33071,37.47256],[31.33121,37.47226],[31.33084,37.47093],[31.32987,37.46924],[31.32869,37.46819],[31.32799,37.46651],[31.32885,37.46409],[31.32625,37.46106],[31.32535,37.45939],[31.32312,37.45733],[31.31977,37.45701],[31.31786,37.45613],[31.31743,37.45231],[31.31528,37.44937],[31.31241,37.44808],[31.31222,37.4472],[31.31125,37.44885],[31.31318,37.44965],[31.3105,37.4496],[31.30996,37.44889],[31.30996,37.44752],[31.30915,37.44666],[31.30756,37.44626],[31.30814,37.44435],[31.30661,37.44336],[31.30612,37.44035],[31.30717,37.43911],[31.30711,37.4384],[31.30782,37.43729],[31.30773,37.43621],[31.30561,37.43493],[31.30537,37.43325],[31.30189,37.43186],[31.30005,37.43059],[31.2975,37.42677],[31.29737,37.42488],[31.29829,37.42405],[31.29777,37.4201],[31.29739,37.42059],[31.29668,37.41797],[31.297,37.41714],[31.29597,37.41413],[31.29644,37.41242],[31.29338,37.40931],[31.29297,37.40806],[31.29205,37.40755],[31.29147,37.40789],[31.29059,37.40776],[31.29262,37.40506],[31.29243,37.40276],[31.29284,37.40235],[31.29286,37.40038],[31.29153,37.40158],[31.29196,37.40072],[31.28977,37.40134],[31.29052,37.40012],[31.28979,37.40021],[31.29024,37.39941],[31.28979,37.39845],[31.28938,37.39905],[31.28752,37.39978],[31.28561,37.39909],[31.28494,37.39821],[31.28582,37.39759],[31.28295,37.39673],[31.28222,37.39695],[31.28044,37.39613],[31.27797,37.3963],[31.27548,37.39731],[31.27486,37.39686],[31.27547,37.39359],[31.26955,37.39104],[31.26533,37.38131],[31.26289,37.38018],[31.25808,37.3806],[31.25721,37.37947],[31.25593,37.37588],[31.25693,37.3749],[31.2567,37.37445],[31.25421,37.37304],[31.25282,37.37286],[31.25302,37.37074],[31.25191,37.3709],[31.25286,37.36998],[31.25298,37.36841],[31.25391,37.36747],[31.253,37.36732],[31.25115,37.36361],[31.25005,37.36308],[31.24896,37.36191],[31.24465,37.36026],[31.24353,37.35888],[31.24088,37.35738],[31.23954,37.35596],[31.23806,37.35352],[31.23665,37.34905],[31.23385,37.34536],[31.23307,37.34155],[31.23238,37.34062],[31.23001,37.33921],[31.2277,37.33873],[31.22872,37.33777],[31.22725,37.33737],[31.22605,37.33541],[31.2261,37.3339],[31.2253,37.33237],[31.22296,37.33196],[31.22096,37.33074],[31.21846,37.33028],[31.21656,37.32622],[31.21377,37.32352],[31.21139,37.32193],[31.21022,37.32146],[31.20879,37.32144],[31.20739,37.31935],[31.20474,37.31888],[31.203,37.318],[31.20131,37.31562],[31.20112,37.31361],[31.20359,37.3109],[31.20181,37.30967],[31.20063,37.30815],[31.19892,37.30721],[31.19767,37.30193],[31.1969,37.3005],[31.19709,37.29887],[31.19321,37.29745],[31.19355,37.29573],[31.19151,37.29713],[31.18858,37.29588],[31.18773,37.29441],[31.18626,37.29401],[31.18517,37.29574],[31.18365,37.29583],[31.18093,37.29492],[31.17938,37.29509],[31.17773,37.29469],[31.17709,37.29355],[31.17762,37.29214],[31.17719,37.29184],[31.17678,37.2896],[31.17169,37.2865],[31.18187,37.29124],[31.18253,37.29094],[31.18279,37.29005],[31.18235,37.28907],[31.18386,37.28924],[31.18449,37.28787],[31.18584,37.2899],[31.18746,37.28883],[31.18769,37.28709],[31.19155,37.28797],[31.19299,37.28773],[31.19364,37.28798],[31.19718,37.28694],[31.19886,37.28609],[31.20078,37.28309],[31.20031,37.28265],[31.20088,37.28139],[31.19986,37.2803],[31.20025,37.27991],[31.20068,37.28027],[31.20383,37.27945],[31.20458,37.28015],[31.2061,37.27941],[31.20748,37.27924],[31.20816,37.27829],[31.20828,37.27718],[31.20589,37.27447],[31.20578,37.27562],[31.20481,37.275],[31.20432,37.27387],[31.20391,37.27483],[31.20452,37.27539],[31.20343,37.27568],[31.2018,37.27391],[31.2007,37.27356],[31.19839,37.27175],[31.19727,37.27136],[31.19572,37.27156],[31.19193,37.27126],[31.18958,37.26942],[31.18857,37.2676],[31.18509,37.26431],[31.18319,37.26118],[31.18325,37.26026],[31.18249,37.2585],[31.18256,37.25802],[31.18358,37.25742],[31.1836,37.25684],[31.18079,37.25386],[31.1808,37.25327],[31.18734,37.25445],[31.18753,37.25409],[31.18678,37.25332],[31.18648,37.25222],[31.18464,37.25093],[31.18445,37.25044],[31.18545,37.24996],[31.18339,37.24898],[31.18408,37.24863],[31.18669,37.24868],[31.18895,37.24913],[31.19004,37.24784],[31.18943,37.24664],[31.18708,37.24586],[31.18508,37.24422],[31.18491,37.24345],[31.18545,37.24396],[31.18627,37.24323],[31.1882,37.24293],[31.18568,37.24219],[31.18362,37.24051],[31.18356,37.23965],[31.18118,37.23799],[31.17901,37.23738],[31.17991,37.23627],[31.18605,37.23733],[31.18617,37.23625],[31.18521,37.23491],[31.18536,37.23336],[31.18419,37.2319],[31.18249,37.23067],[31.18427,37.23192],[31.1853,37.23331],[31.18525,37.23489],[31.18612,37.23634],[31.18603,37.23732],[31.17993,37.23625],[31.17903,37.23734],[31.18109,37.23794],[31.18351,37.23956],[31.18371,37.24069],[31.18552,37.24203],[31.18814,37.24293],[31.1864,37.2432],[31.18543,37.24396],[31.1849,37.24344],[31.18512,37.24454],[31.18782,37.24445],[31.18922,37.24527],[31.19088,37.24497],[31.19275,37.2455],[31.19351,37.24534],[31.19271,37.24412],[31.19398,37.2445],[31.19496,37.24405],[31.19518,37.24251],[31.19759,37.24272],[31.19852,37.24349],[31.19964,37.24379],[31.19915,37.24289],[31.1998,37.2425],[31.20011,37.24158],[31.19964,37.24058],[31.20125,37.24082],[31.20208,37.24057],[31.20337,37.24155],[31.20465,37.24079],[31.20561,37.24126],[31.20617,37.24223],[31.20686,37.24242],[31.20749,37.24164],[31.20765,37.24058],[31.20725,37.23992],[31.20759,37.23979],[31.20913,37.2411],[31.21011,37.24038],[31.21073,37.2405],[31.21209,37.24001],[31.21078,37.23429],[31.2094,37.23191],[31.21123,37.23049],[31.21,37.22654],[31.20971,37.22614],[31.20774,37.22595],[31.20624,37.22487],[31.20505,37.22268],[31.20502,37.22082],[31.20431,37.2204],[31.2035,37.21904],[31.20396,37.21812],[31.2051,37.21732],[31.20489,37.21596],[31.20588,37.21489],[31.20532,37.2147],[31.2039,37.21526],[31.2032,37.21412],[31.20239,37.21437],[31.20214,37.21244],[31.2014,37.2123],[31.20069,37.2116],[31.19948,37.21153],[31.19844,37.21265],[31.19587,37.20901],[31.19013,37.20688],[31.18995,37.20631],[31.18748,37.20552],[31.18544,37.20442],[31.18521,37.20395],[31.18096,37.20237],[31.18012,37.20159],[31.18011,37.20111],[31.18242,37.19969],[31.18264,37.20037],[31.18336,37.20029],[31.18354,37.19989],[31.18249,37.19857],[31.18259,37.19813],[31.18326,37.19866],[31.18348,37.19724],[31.18403,37.19726],[31.18247,37.19654],[31.18213,37.19586],[31.18253,37.19489],[31.18189,37.19237],[31.18276,37.19168],[31.18219,37.19182],[31.18197,37.19147],[31.18361,37.19111],[31.18378,37.19072],[31.18322,37.19046],[31.18399,37.18912],[31.1841,37.18443],[31.18625,37.18217],[31.18601,37.18024],[31.19023,37.17698],[31.19345,37.1729],[31.19459,37.17225],[31.19464,37.17108],[31.19251,37.1695],[31.19238,37.16902],[31.19443,37.16656],[31.19464,37.16481],[31.19382,37.16378],[31.19308,37.16152],[31.19469,37.15883],[31.19918,37.15774],[31.19878,37.15826],[31.20197,37.15963],[31.20392,37.16166],[31.20524,37.16235],[31.20592,37.16365],[31.20799,37.1638],[31.20992,37.16444],[31.21086,37.16549],[31.21287,37.1652],[31.21659,37.16663],[31.21901,37.16647],[31.2202,37.16838],[31.22151,37.16884],[31.22113,37.1702],[31.22314,37.17291],[31.22468,37.17327],[31.22544,37.17433],[31.22833,37.17418],[31.22957,37.17531],[31.2304,37.17459],[31.23269,37.17587],[31.23606,37.17528],[31.2393,37.17602],[31.24058,37.17695],[31.24269,37.17616],[31.24497,37.17638],[31.24778,37.17687],[31.25015,37.17798],[31.25246,37.17817],[31.25325,37.17868],[31.25882,37.17924],[31.26173,37.18032],[31.26395,37.18004],[31.26669,37.18026],[31.26994,37.18255],[31.26994,37.18338],[31.27044,37.18356],[31.27127,37.18514],[31.2727,37.18474],[31.2731,37.18391],[31.27407,37.18377],[31.27436,37.18316],[31.27637,37.18372],[31.27654,37.18269],[31.27826,37.18177],[31.27805,37.18049],[31.28056,37.1787],[31.2812,37.17861],[31.28084,37.17684],[31.28193,37.17335],[31.28169,37.17156],[31.28059,37.17126],[31.28055,37.17079],[31.28196,37.17037],[31.28403,37.16865],[31.2833,37.16849],[31.28297,37.16796],[31.28316,37.1662],[31.2839,37.16573],[31.28317,37.16472],[31.28314,37.16344],[31.28263,37.1632],[31.28353,37.16151],[31.28474,37.16119],[31.28481,37.16011],[31.28431,37.15917],[31.28529,37.15835],[31.2868,37.15781],[31.28794,37.15617],[31.28488,37.15691],[31.28435,37.15542],[31.28468,37.15423],[31.28284,37.15361],[31.28501,37.15271],[31.28611,37.15288],[31.28659,37.15255],[31.28894,37.15337],[31.2898,37.15269],[31.2903,37.15273],[31.28964,37.1525],[31.28996,37.15224],[31.29163,37.15258],[31.29253,37.15323],[31.29264,37.15376],[31.29368,37.15171],[31.29513,37.15134],[31.29559,37.15063],[31.29548,37.15123],[31.29699,37.14985],[31.29731,37.15039],[31.2968,37.15222],[31.29709,37.1526],[31.29984,37.14873],[31.30257,37.14643],[31.3039,37.14618],[31.30681,37.14398],[31.31121,37.14319],[31.31217,37.14245],[31.31385,37.1422],[31.31506,37.14112],[31.31731,37.14047],[31.32015,37.14159],[31.32286,37.14198],[31.32488,37.14143],[31.32672,37.14272],[31.32815,37.14285],[31.33423,37.1465],[31.33481,37.14956],[31.33871,37.15336],[31.34406,37.15458],[31.34653,37.1579],[31.34765,37.1587],[31.34801,37.15962],[31.35248,37.15955],[31.35415,37.16007],[31.35742,37.16318],[31.35862,37.16367],[31.36445,37.16398],[31.36649,37.16326],[31.36773,37.16181],[31.37117,37.1619],[31.37309,37.15941],[31.37409,37.15994],[31.37567,37.15973],[31.37789,37.16],[31.37897,37.15921],[31.38139,37.1584],[31.38307,37.1567],[31.38527,37.15615],[31.3858,37.15647],[31.38683,37.15638],[31.38855,37.15562],[31.38996,37.15482],[31.39092,37.15264],[31.39217,37.15244],[31.39296,37.15152],[31.39386,37.1494],[31.3936,37.14885],[31.39535,37.14588],[31.39515,37.14396],[31.39401,37.14314],[31.39391,37.14217],[31.39532,37.13745],[31.39589,37.13694],[31.39595,37.13513],[31.3976,37.13317],[31.39796,37.13168],[31.39785,37.12877],[31.39728,37.1277],[31.39776,37.1251],[31.39692,37.12299],[31.39503,37.12144],[31.39403,37.1218],[31.39315,37.12052],[31.39278,37.12111],[31.39179,37.12149],[31.39052,37.12121],[31.38951,37.12171],[31.38682,37.1206],[31.38544,37.11895],[31.38601,37.11847],[31.38623,37.11711],[31.38248,37.11608],[31.38099,37.11459],[31.38014,37.11444],[31.37786,37.11168],[31.37726,37.10907],[31.37799,37.10783],[31.37793,37.10978],[31.37909,37.11055],[31.37896,37.11122],[31.3795,37.1117],[31.38078,37.11209],[31.38149,37.11172],[31.38325,37.11284],[31.38388,37.11236],[31.38534,37.11217],[31.38519,37.1115],[31.38593,37.1104],[31.38766,37.11041],[31.38877,37.1075],[31.39202,37.10829],[31.39317,37.10727],[31.39387,37.10528],[31.39529,37.10362],[31.39783,37.10353],[31.4008,37.1026],[31.40398,37.09963],[31.40573,37.0996],[31.40542,37.09888],[31.40592,37.09839],[31.4077,37.09886],[31.40825,37.09838],[31.40802,37.09766],[31.41205,37.09643],[31.41361,37.09479],[31.41558,37.09191],[31.41296,37.08899],[31.41195,37.087],[31.41218,37.08347],[31.41258,37.08304],[31.41231,37.08203],[31.41291,37.07903],[31.41424,37.07801],[31.41381,37.07494],[31.41474,37.0735],[31.41475,37.07144],[31.41655,37.06904],[31.41625,37.06776],[31.41769,37.06572],[31.41678,37.06358],[31.41785,37.0626],[31.41779,37.06121],[31.41724,37.06053],[31.41794,37.05878],[31.41862,37.05848],[31.41841,37.05728],[31.41999,37.05516],[31.41927,37.0545],[31.41938,37.05323],[31.42158,37.05206],[31.41979,37.05155],[31.42243,37.05106],[31.42353,37.04937],[31.42709,37.04836],[31.4293,37.04625],[31.43093,37.04619],[31.43754,37.04386],[31.43851,37.04225],[31.44076,37.04084],[31.4426,37.04085],[31.44316,37.04163],[31.44158,37.04593],[31.44174,37.04673],[31.44325,37.04834],[31.44275,37.04868],[31.44128,37.04803],[31.4409,37.04849],[31.44287,37.05058],[31.44259,37.05015],[31.44287,37.05183],[31.44224,37.05184],[31.44161,37.0508],[31.44109,37.0512],[31.44217,37.05471],[31.45017,37.05849],[31.4507,37.0606],[31.45269,37.06373],[31.45328,37.07169],[31.45437,37.07453],[31.45492,37.07877],[31.45548,37.08003],[31.45494,37.08164],[31.45638,37.08284],[31.45785,37.08281],[31.45745,37.0836],[31.45589,37.08457],[31.45597,37.08544],[31.45531,37.08635],[31.45432,37.08689],[31.45294,37.08687],[31.45197,37.08766],[31.45193,37.08917],[31.45369,37.0913],[31.45489,37.09205],[31.45616,37.09191],[31.46046,37.09842],[31.46229,37.09761],[31.46523,37.09394],[31.4713,37.08808],[31.47429,37.08399],[31.47562,37.08006],[31.47476,37.07787],[31.47514,37.07356],[31.47422,37.07221],[31.476,37.07152],[31.47602,37.07083],[31.47705,37.07075],[31.47688,37.06976],[31.4778,37.06909],[31.47866,37.06714],[31.481,37.0663],[31.48205,37.06633],[31.48278,37.06555],[31.48347,37.06585],[31.48456,37.06354],[31.48576,37.06289],[31.48673,37.06285],[31.48716,37.06319],[31.48767,37.06264],[31.48875,37.06255],[31.48952,37.06309],[31.49074,37.06302],[31.49139,37.06339],[31.49347,37.06295],[31.49652,37.06311],[31.50267,37.06405],[31.50357,37.06356],[31.5048,37.06358],[31.50649,37.063],[31.50778,37.0615],[31.51179,37.06243],[31.51312,37.06236],[31.51319,37.06118],[31.51467,37.06249],[31.516,37.06283],[31.5198,37.06527],[31.52246,37.06618],[31.52364,37.06564],[31.52437,37.06594],[31.52555,37.06982],[31.52699,37.06995],[31.52836,37.07083],[31.53014,37.06901],[31.53156,37.06845],[31.53278,37.06727],[31.53222,37.06819],[31.5316,37.0715],[31.53392,37.07489],[31.53505,37.07521],[31.53398,37.0774],[31.53522,37.07759],[31.53499,37.07808],[31.5355,37.07888],[31.53703,37.07965],[31.54098,37.07974],[31.54233,37.07933],[31.54007,37.08111],[31.53791,37.08135],[31.53892,37.08214],[31.54443,37.08117],[31.5478,37.07967],[31.55327,37.07916],[31.55437,37.07821],[31.55533,37.07789],[31.55627,37.07811],[31.55677,37.07723],[31.56042,37.07506],[31.56117,37.07527],[31.56218,37.07497],[31.56563,37.07495],[31.56484,37.07572],[31.56531,37.07613],[31.56591,37.07609],[31.56621,37.07684],[31.5678,37.07798],[31.56816,37.07884],[31.56874,37.07888],[31.5699,37.07841],[31.57074,37.07753],[31.57288,37.07682],[31.57574,37.07519],[31.58074,37.07497],[31.58415,37.07347],[31.58644,37.07424],[31.58747,37.07633],[31.59132,37.07802],[31.59226,37.07888],[31.59823,37.08054],[31.5987,37.08126],[31.59849,37.08278],[31.59922,37.0839],[31.60019,37.08416],[31.60808,37.08355],[31.61146,37.08265],[31.61398,37.0814],[31.61591,37.07927],[31.61836,37.07825],[31.62413,37.07491],[31.62681,37.07405],[31.62811,37.07298],[31.63145,37.07227],[31.63794,37.07187],[31.642,37.07036],[31.64401,37.07145],[31.6453,37.07156],[31.64691,37.07037],[31.64996,37.06937],[31.65322,37.06708],[31.65391,37.06775],[31.65185,37.07149],[31.64754,37.07631],[31.64754,37.07695],[31.6482,37.07723],[31.65866,37.07317],[31.66269,37.07052],[31.66621,37.06971],[31.67069,37.06555],[31.67456,37.06368],[31.68195,37.06167],[31.68562,37.05996],[31.69438,37.05988],[31.69682,37.05924],[31.69876,37.05925],[31.70436,37.05718],[31.71316,37.05673],[31.71526,37.0554],[31.71727,37.05476],[31.71645,37.05411],[31.71658,37.05368],[31.719,37.05396],[31.72554,37.05061],[31.72774,37.04814],[31.73034,37.04097],[31.73013,37.03833],[31.72861,37.03498],[31.72903,37.03296],[31.73776,37.02638],[31.74037,37.02579],[31.74994,37.02485],[31.74829,37.01802],[31.7497,37.01477],[31.75465,37.01065],[31.75015,37.01435],[31.74862,37.01659],[31.74844,37.01902],[31.74929,37.0222],[31.75158,37.02953],[31.75279,37.0311],[31.75421,37.03216],[31.76691,37.03104],[31.77456,37.03267],[31.77731,37.03417],[31.78118,37.0376],[31.7861,37.03989],[31.78974,37.04572],[31.78954,37.04639],[31.79049,37.04659],[31.79143,37.04737],[31.79367,37.04775]]}},{"type":"Feature","properties":{"name":"TET_TR-15-S_20240614","country":"TR","lengthKm":664.9},"geometry":{"type":"LineString","coordinates":[[31.79461,37.04826],[31.80147,37.05141],[31.80172,37.05083],[31.80147,37.05141],[31.80244,37.05294],[31.80544,37.05603],[31.80609,37.05613],[31.80963,37.0586],[31.80941,37.05925],[31.80982,37.06015],[31.81209,37.06182],[31.81308,37.06195],[31.81469,37.06285],[31.81638,37.06435],[31.8202,37.06431],[31.82329,37.06236],[31.82385,37.06126],[31.82505,37.06032],[31.82714,37.06066],[31.8295,37.0597],[31.83211,37.05772],[31.83398,37.05729],[31.83913,37.05487],[31.84136,37.05313],[31.84462,37.05214],[31.84814,37.05289],[31.85235,37.0547],[31.85882,37.05531],[31.86518,37.05204],[31.85888,37.05527],[31.85771,37.05527],[31.85866,37.05606],[31.85948,37.0585],[31.85724,37.06201],[31.85675,37.06348],[31.85739,37.06452],[31.85919,37.06415],[31.86188,37.06284],[31.86276,37.06177],[31.86384,37.06146],[31.86567,37.0601],[31.8666,37.05992],[31.86792,37.05843],[31.87004,37.05744],[31.87057,37.05678],[31.87251,37.05631],[31.87302,37.05487],[31.87442,37.05469],[31.87526,37.05416],[31.8793,37.05448],[31.88134,37.05502],[31.88511,37.05485],[31.8885,37.05622],[31.8888,37.05725],[31.89026,37.05858],[31.89134,37.05834],[31.89204,37.05867],[31.89245,37.0606],[31.89376,37.06137],[31.8949,37.06291],[31.89724,37.06442],[31.8973,37.06592],[31.89822,37.0668],[31.89822,37.06751],[31.89919,37.06877],[31.90043,37.06901],[31.90069,37.06974],[31.90131,37.06982],[31.90138,37.07064],[31.90264,37.07115],[31.90391,37.0727],[31.90451,37.07253],[31.90582,37.07345],[31.90672,37.07317],[31.9097,37.07358],[31.91492,37.0759],[31.91511,37.07633],[31.91591,37.07603],[31.91681,37.07669],[31.91854,37.07635],[31.9193,37.07658],[31.92015,37.07751],[31.91994,37.07931],[31.92039,37.07993],[31.92185,37.07905],[31.92241,37.07922],[31.92324,37.07817],[31.92496,37.07793],[31.92571,37.07845],[31.92663,37.07851],[31.92863,37.08032],[31.93069,37.08098],[31.9309,37.08141],[31.93337,37.08233],[31.9341,37.08306],[31.93608,37.08253],[31.93681,37.08317],[31.93756,37.08343],[31.93814,37.08317],[31.94002,37.08392],[31.94183,37.08577],[31.94455,37.086],[31.94547,37.08592],[31.94629,37.08519],[31.94777,37.08467],[31.94989,37.08439],[31.9508,37.0833],[31.95204,37.08304],[31.95234,37.08341],[31.95354,37.08257],[31.955,37.08332],[31.95734,37.08364],[31.95878,37.08306],[31.96049,37.08364],[31.96082,37.08326],[31.96279,37.08354],[31.96041,37.08497],[31.96,37.08605],[31.9609,37.08611],[31.96137,37.08669],[31.96687,37.08557],[31.967,37.08742],[31.96835,37.0877],[31.96873,37.08894],[31.97009,37.09038],[31.97069,37.09066],[31.9726,37.09047],[31.97335,37.09083],[31.9747,37.09044],[31.97532,37.09117],[31.97687,37.09072],[31.97916,37.08969],[31.98036,37.08793],[31.98285,37.086],[31.98266,37.0851],[31.98521,37.08506],[31.98644,37.08405],[31.98856,37.08463],[31.98993,37.08399],[31.99077,37.08289],[31.99227,37.08197],[31.99139,37.08208],[31.99332,37.08045],[31.99795,37.07902],[31.99979,37.08014],[32.00086,37.08038],[32.00179,37.07932],[32.00506,37.07157],[32.00089,37.07064],[32.00266,37.06899],[32.00536,37.0684],[32.00735,37.06635],[32.00792,37.06236],[32.00978,37.06191],[32.00866,37.0609],[32.00929,37.06072],[32.00895,37.05992],[32.00717,37.05921],[32.01001,37.05895],[32.00938,37.05838],[32.01118,37.05775],[32.01173,37.05593],[32.01208,37.05576],[32.01268,37.05651],[32.01363,37.05544],[32.01898,37.05342],[32.0201,37.05192],[32.01905,37.04964],[32.01873,37.04677],[32.01703,37.04484],[32.01568,37.04395],[32.01527,37.04141],[32.01367,37.04033],[32.01383,37.03902],[32.01533,37.03669],[32.01869,37.0345],[32.01912,37.03299],[32.01857,37.03207],[32.01928,37.0305],[32.02166,37.03102],[32.02457,37.0302],[32.02471,37.0281],[32.02726,37.02627],[32.02719,37.0258],[32.02787,37.02506],[32.02559,37.02454],[32.02608,37.02176],[32.02756,37.02034],[32.02737,37.01967],[32.02771,37.01993],[32.0317,37.01825],[32.03351,37.01804],[32.03422,37.0171],[32.03468,37.01785],[32.036,37.01761],[32.03734,37.0166],[32.03946,37.01595],[32.04072,37.01372],[32.04049,37.0132],[32.03975,37.01291],[32.0406,37.0109],[32.04311,37.00838],[32.04714,37.00581],[32.04772,37.00307],[32.0491,37.00243],[32.05025,37.00118],[32.05348,37.00019],[32.05551,36.997],[32.05557,36.99616],[32.05631,36.9956],[32.05831,36.99503],[32.05936,36.99564],[32.06529,36.99677],[32.06714,36.99558],[32.06844,36.99531],[32.06844,36.99456],[32.0703,36.99403],[32.07158,36.99161],[32.07517,36.98857],[32.07613,36.98826],[32.07613,36.98313],[32.07791,36.98153],[32.07948,36.98071],[32.08216,36.97762],[32.08626,36.97487],[32.08767,36.9726],[32.09216,36.96829],[32.09398,36.96807],[32.09518,36.9656],[32.09948,36.96468],[32.10291,36.96309],[32.10332,36.96254],[32.10321,36.96065],[32.10383,36.96015],[32.10465,36.9599],[32.10533,36.96018],[32.10617,36.95953],[32.10932,36.95906],[32.11089,36.95771],[32.11151,36.95661],[32.11409,36.95584],[32.11636,36.95417],[32.11789,36.95372],[32.11986,36.95179],[32.12224,36.95202],[32.12327,36.95254],[32.124,36.95033],[32.12529,36.94891],[32.12662,36.9461],[32.12834,36.94473],[32.13278,36.94303],[32.13467,36.94172],[32.13683,36.9414],[32.13825,36.93998],[32.14252,36.9379],[32.14379,36.93614],[32.14063,36.93142],[32.14155,36.93097],[32.14372,36.92833],[32.14512,36.92835],[32.14544,36.92782],[32.14666,36.92807],[32.14814,36.92885],[32.14913,36.93013],[32.15243,36.93067],[32.15312,36.93419],[32.15572,36.93543],[32.1581,36.93513],[32.15949,36.93543],[32.16151,36.93498],[32.16484,36.93569],[32.16724,36.93423],[32.1696,36.93395],[32.17067,36.93462],[32.17458,36.93554],[32.17524,36.93595],[32.17548,36.93754],[32.17559,36.93973],[32.17507,36.94185],[32.17578,36.94318],[32.17672,36.94363],[32.17694,36.94458],[32.17769,36.944],[32.17902,36.94391],[32.18022,36.94318],[32.18129,36.94228],[32.18138,36.94127],[32.1822,36.94103],[32.18522,36.94095],[32.18702,36.94168],[32.18945,36.94206],[32.19179,36.94183],[32.19346,36.94103],[32.1976,36.93994],[32.19775,36.93945],[32.19938,36.93842],[32.19934,36.93773],[32.20046,36.93713],[32.19961,36.93579],[32.20007,36.93442],[32.19984,36.93357],[32.19651,36.93024],[32.19687,36.92938],[32.19734,36.92876],[32.2014,36.92725],[32.20132,36.93079],[32.20371,36.92979],[32.20583,36.92817],[32.20478,36.92717],[32.2052,36.92489],[32.20448,36.92435],[32.20356,36.91878],[32.207,36.91814],[32.21074,36.91685],[32.21112,36.91546],[32.21249,36.91434],[32.21275,36.91083],[32.21389,36.90986],[32.21452,36.9085],[32.21425,36.90408],[32.21669,36.90152],[32.21637,36.89654],[32.21877,36.89301],[32.21981,36.89219],[32.22056,36.88974],[32.22504,36.88734],[32.22579,36.8878],[32.22587,36.88898],[32.22682,36.88866],[32.2286,36.89022],[32.22969,36.89008],[32.23142,36.89054],[32.23256,36.89034],[32.23372,36.8923],[32.23391,36.8938],[32.23317,36.89658],[32.23241,36.89664],[32.23462,36.89864],[32.23619,36.89908],[32.23651,36.89994],[32.23777,36.90061],[32.23727,36.90222],[32.23759,36.90419],[32.23899,36.90504],[32.24166,36.90575],[32.24081,36.90496],[32.24093,36.90454],[32.24766,36.90848],[32.25227,36.90966],[32.25541,36.91103],[32.25768,36.91037],[32.25885,36.90953],[32.26321,36.90792],[32.26611,36.90639],[32.2675,36.90459],[32.26884,36.90395],[32.26956,36.90286],[32.27058,36.90257],[32.27288,36.90308],[32.27437,36.90473],[32.27445,36.90604],[32.27706,36.90688],[32.28456,36.90515],[32.29115,36.9062],[32.29592,36.90449],[32.29874,36.90421],[32.29971,36.90458],[32.30249,36.90364],[32.30509,36.90349],[32.30673,36.90423],[32.30729,36.90526],[32.30911,36.90452],[32.31178,36.9089],[32.31422,36.90922],[32.31567,36.90824],[32.31769,36.90768],[32.31802,36.90806],[32.31996,36.90793],[32.32033,36.90753],[32.31994,36.90686],[32.32216,36.90541],[32.32295,36.90438],[32.32761,36.9024],[32.33325,36.89913],[32.33911,36.89808],[32.34105,36.89725],[32.34189,36.89604],[32.34628,36.89449],[32.34741,36.89395],[32.34802,36.89313],[32.34963,36.89263],[32.34837,36.89296],[32.35524,36.8924],[32.35738,36.89089],[32.36104,36.89145],[32.36774,36.89149],[32.37045,36.8903],[32.37082,36.88862],[32.37248,36.88797],[32.37529,36.88818],[32.38064,36.88752],[32.38297,36.88826],[32.38312,36.88923],[32.38557,36.8895],[32.3904,36.89077],[32.39244,36.89056],[32.39606,36.8888],[32.39898,36.88947],[32.40055,36.88908],[32.40073,36.8895],[32.40331,36.88968],[32.40414,36.89021],[32.41493,36.8871],[32.41707,36.88614],[32.42082,36.88226],[32.42097,36.88047],[32.42011,36.8776],[32.42293,36.8732],[32.42078,36.87032],[32.42183,36.86933],[32.43154,36.86621],[32.43428,36.86415],[32.43413,36.86232],[32.43565,36.85961],[32.43501,36.85708],[32.43554,36.85514],[32.43817,36.85361],[32.4396,36.85226],[32.44083,36.85023],[32.44021,36.85001],[32.43771,36.85038],[32.43653,36.84989],[32.43644,36.84946],[32.43747,36.84838],[32.43925,36.84732],[32.43926,36.84599],[32.43853,36.8454],[32.43731,36.84305],[32.43464,36.84233],[32.43441,36.84039],[32.43288,36.8388],[32.43318,36.83778],[32.43412,36.83731],[32.43444,36.83489],[32.43522,36.83354],[32.43692,36.83184],[32.43918,36.83142],[32.44091,36.83009],[32.44374,36.83067],[32.44664,36.83047],[32.44846,36.82973],[32.45367,36.83018],[32.45618,36.82971],[32.45713,36.82877],[32.45803,36.82901],[32.45904,36.82937],[32.45882,36.8302],[32.46164,36.8322],[32.46118,36.83406],[32.46205,36.83428],[32.46393,36.83719],[32.46505,36.8379],[32.46671,36.83756],[32.46913,36.83616],[32.47146,36.83592],[32.47315,36.83523],[32.47382,36.83543],[32.47458,36.83655],[32.47756,36.83605],[32.47869,36.83695],[32.48055,36.83738],[32.48292,36.83617],[32.4848,36.83459],[32.4857,36.83457],[32.48725,36.83548],[32.48825,36.83675],[32.4903,36.83748],[32.49214,36.83973],[32.49617,36.84275],[32.49907,36.84319],[32.50198,36.84419],[32.50304,36.84416],[32.50493,36.8463],[32.50379,36.84744],[32.50385,36.84801],[32.50251,36.84904],[32.50518,36.84855],[32.50606,36.84806],[32.50715,36.84989],[32.50946,36.85143],[32.51153,36.8522],[32.51207,36.85437],[32.51283,36.85491],[32.51568,36.85523],[32.51678,36.85654],[32.51689,36.85877],[32.51773,36.85949],[32.52264,36.86034],[32.52684,36.85866],[32.53456,36.85675],[32.538,36.85519],[32.5387,36.85531],[32.53616,36.85917],[32.52961,36.86274],[32.53231,36.86213],[32.53594,36.86224],[32.53871,36.86148],[32.5404,36.86155],[32.53991,36.86296],[32.53778,36.86454],[32.53786,36.86517],[32.53927,36.86652],[32.53879,36.86732],[32.53868,36.86956],[32.54043,36.87119],[32.54858,36.87055],[32.55243,36.87138],[32.55242,36.8705],[32.55312,36.87082],[32.55306,36.87034],[32.55407,36.86992],[32.55431,36.87108],[32.55459,36.87056],[32.55679,36.86983],[32.55656,36.87045],[32.55544,36.87125],[32.55644,36.87208],[32.55657,36.87287],[32.55451,36.87429],[32.55351,36.87575],[32.55268,36.87828],[32.55431,36.88131],[32.55412,36.88273],[32.55704,36.88349],[32.55702,36.88467],[32.55628,36.88532],[32.55603,36.8871],[32.55554,36.88758],[32.55663,36.89082],[32.55629,36.89313],[32.5551,36.89391],[32.5547,36.89504],[32.55507,36.89718],[32.55614,36.89918],[32.55532,36.90103],[32.55534,36.90178],[32.55605,36.90239],[32.55544,36.9034],[32.55542,36.90502],[32.55604,36.90629],[32.55516,36.90993],[32.55606,36.91089],[32.556,36.91185],[32.5568,36.91344],[32.55647,36.91462],[32.5548,36.91576],[32.55637,36.91565],[32.5579,36.91502],[32.5585,36.91412],[32.5593,36.91418],[32.55912,36.91503],[32.55966,36.9158],[32.56038,36.91585],[32.56309,36.92188],[32.5652,36.92308],[32.56668,36.92214],[32.56946,36.92153],[32.57018,36.92214],[32.57001,36.92326],[32.56874,36.92422],[32.56886,36.92541],[32.56819,36.92748],[32.56873,36.92821],[32.57028,36.92837],[32.57301,36.93017],[32.57354,36.93149],[32.57497,36.93166],[32.57551,36.9321],[32.57535,36.93343],[32.57639,36.93365],[32.57809,36.93478],[32.57855,36.93682],[32.57952,36.93767],[32.57954,36.93934],[32.58177,36.94129],[32.58158,36.94216],[32.58735,36.94363],[32.5911,36.94401],[32.59146,36.94481],[32.59366,36.94442],[32.5924,36.94529],[32.59342,36.94515],[32.59678,36.94657],[32.59786,36.9462],[32.59935,36.947],[32.60027,36.94681],[32.60107,36.94726],[32.60167,36.94725],[32.60086,36.94556],[32.60157,36.94525],[32.60585,36.9453],[32.60636,36.94484],[32.60805,36.94537],[32.61004,36.94673],[32.61255,36.94525],[32.61368,36.94509],[32.61256,36.94431],[32.61262,36.94369],[32.61163,36.94216],[32.6128,36.943],[32.61426,36.9432],[32.6149,36.94408],[32.61641,36.94452],[32.61705,36.94598],[32.61813,36.94616],[32.61775,36.94716],[32.61891,36.9477],[32.61882,36.94824],[32.61697,36.9489],[32.61708,36.94992],[32.61766,36.95038],[32.62403,36.95323],[32.62675,36.95343],[32.62965,36.95556],[32.63105,36.9557],[32.63335,36.9552],[32.63487,36.95367],[32.6366,36.95285],[32.6372,36.95143],[32.63849,36.95112],[32.64069,36.95157],[32.64555,36.95005],[32.64712,36.95011],[32.64796,36.94985],[32.64791,36.94876],[32.64883,36.94805],[32.65132,36.94831],[32.65329,36.948],[32.65441,36.94736],[32.65476,36.94795],[32.65523,36.94786],[32.6556,36.94645],[32.66182,36.94422],[32.66298,36.94288],[32.6624,36.94193],[32.66263,36.94118],[32.66447,36.93981],[32.66538,36.93976],[32.66592,36.93903],[32.66656,36.93881],[32.66767,36.93909],[32.66749,36.93746],[32.66846,36.93569],[32.66764,36.93304],[32.66843,36.93226],[32.66961,36.93222],[32.66945,36.9312],[32.6702,36.9304],[32.67101,36.93024],[32.67282,36.93098],[32.67421,36.93089],[32.6786,36.92847],[32.68125,36.92762],[32.68289,36.92614],[32.6887,36.92556],[32.69261,36.92346],[32.69759,36.92246],[32.70629,36.91928],[32.70697,36.9185],[32.70712,36.91745],[32.70572,36.91102],[32.70691,36.90967],[32.71075,36.91241],[32.70897,36.9109],[32.71095,36.91057],[32.7148,36.90897],[32.71971,36.90628],[32.72158,36.90452],[32.73564,36.90302],[32.73777,36.90236],[32.73822,36.90272],[32.74316,36.90243],[32.74379,36.90195],[32.74624,36.90251],[32.74938,36.90149],[32.75218,36.90143],[32.75302,36.90095],[32.7529,36.90231],[32.75494,36.90246],[32.75529,36.90208],[32.75661,36.90243],[32.75799,36.90365],[32.75959,36.90361],[32.76209,36.90224],[32.76418,36.90499],[32.76865,36.9062],[32.77199,36.90602],[32.77649,36.90282],[32.78046,36.90271],[32.78144,36.90394],[32.78139,36.90521],[32.7824,36.90504],[32.78334,36.90545],[32.78406,36.90482],[32.78795,36.90605],[32.78798,36.90546],[32.79175,36.90592],[32.79349,36.9079],[32.79306,36.90831],[32.79354,36.90952],[32.79284,36.91037],[32.79297,36.91093],[32.79822,36.91237],[32.80001,36.91208],[32.80334,36.91248],[32.80715,36.91471],[32.80894,36.91512],[32.81201,36.91528],[32.81765,36.91391],[32.82229,36.91387],[32.82424,36.91282],[32.82764,36.91216],[32.83177,36.91275],[32.83389,36.91432],[32.83563,36.91778],[32.83829,36.92142],[32.83942,36.92483],[32.84327,36.92569],[32.846,36.92781],[32.84626,36.93017],[32.84532,36.93171],[32.84249,36.93157],[32.84118,36.93186],[32.83891,36.93366],[32.84169,36.93385],[32.84413,36.9364],[32.8479,36.93738],[32.84935,36.93816],[32.84996,36.93899],[32.85197,36.9394],[32.85308,36.94073],[32.85319,36.93918],[32.85337,36.94004],[32.85465,36.94077],[32.85621,36.94053],[32.85586,36.94016],[32.85718,36.94006],[32.85697,36.94143],[32.85875,36.94106],[32.85954,36.94213],[32.86429,36.94348],[32.8644,36.94433],[32.86548,36.94452],[32.8676,36.94384],[32.87011,36.94427],[32.87102,36.94403],[32.87258,36.94439],[32.8748,36.94594],[32.8764,36.94551],[32.87625,36.94479],[32.87476,36.94407],[32.87564,36.94343],[32.88173,36.94397],[32.88006,36.94116],[32.88177,36.94139],[32.88258,36.94069],[32.88282,36.93919],[32.88364,36.93927],[32.88587,36.94174],[32.88719,36.94076],[32.88775,36.93901],[32.88826,36.93869],[32.88933,36.9387],[32.88922,36.93923],[32.89002,36.93994],[32.89057,36.93964],[32.89037,36.93788],[32.88965,36.9371],[32.89217,36.93554],[32.89347,36.93293],[32.89345,36.9314],[32.89409,36.93064],[32.89453,36.93091],[32.8943,36.93197],[32.89473,36.93379],[32.89518,36.93414],[32.89467,36.93457],[32.89525,36.9376],[32.89862,36.93686],[32.90009,36.9387],[32.90018,36.93709],[32.90124,36.93671],[32.90339,36.93672],[32.90356,36.93735],[32.90558,36.938],[32.90621,36.93877],[32.90656,36.9384],[32.90631,36.93774],[32.90533,36.93657],[32.90469,36.93487],[32.90271,36.93378],[32.90184,36.93243],[32.90265,36.92821],[32.90453,36.92726],[32.90822,36.92715],[32.90957,36.92657],[32.90854,36.9245],[32.90968,36.92412],[32.90933,36.92456],[32.90976,36.92511],[32.91138,36.92598],[32.913,36.92527],[32.9131,36.92586],[32.91425,36.92677],[32.91525,36.92704],[32.91598,36.92676],[32.91688,36.92749],[32.9185,36.92767],[32.9204,36.92854],[32.92168,36.92774],[32.92258,36.9282],[32.9253,36.928],[32.92458,36.92666],[32.92248,36.92496],[32.91927,36.92407],[32.91899,36.92191],[32.9183,36.92096],[32.92277,36.91807],[32.9229,36.91617],[32.92469,36.91375],[32.92316,36.91269],[32.92276,36.91037],[32.92177,36.90916],[32.92456,36.90681],[32.9251,36.90487],[32.92665,36.90302],[32.92576,36.89921],[32.92658,36.899],[32.92804,36.89692],[32.92835,36.89572],[32.92763,36.89475],[32.92865,36.89086],[32.93048,36.88696],[32.93171,36.88764],[32.93225,36.88543],[32.93156,36.88383],[32.93265,36.88386],[32.93325,36.88446],[32.9341,36.88414],[32.93473,36.88283],[32.93531,36.88262],[32.93472,36.88285],[32.93427,36.88396],[32.93585,36.88283],[32.93813,36.88266],[32.93956,36.88188],[32.94292,36.88182],[32.94612,36.88104],[32.94827,36.87985],[32.94946,36.88049],[32.95424,36.88125],[32.96317,36.87971],[32.9654,36.87974],[32.96723,36.87894],[32.97025,36.87861],[32.97114,36.87952],[32.97333,36.88044],[32.97396,36.88024],[32.97424,36.8784],[32.97393,36.87782],[32.97476,36.87696],[32.97811,36.87696],[32.97886,36.87662],[32.98109,36.87682],[32.98241,36.87542],[32.98497,36.87423],[32.98864,36.87369],[32.98942,36.87275],[32.99096,36.8725],[32.99123,36.8706],[32.99256,36.86853],[32.99474,36.86784],[32.99512,36.86848],[32.99638,36.86812],[32.99586,36.86781],[32.99808,36.86721],[33.00256,36.86823],[33.00622,36.86858],[33.00726,36.86977],[33.00961,36.87067],[33.01084,36.87176],[33.01253,36.8748],[33.01276,36.87564],[33.01233,36.87607],[33.01349,36.87606],[33.01397,36.87558],[33.01451,36.87631],[33.0145,36.87748],[33.01255,36.87903],[33.01442,36.88219],[33.01404,36.8828],[33.01472,36.88448],[33.01339,36.88463],[33.01131,36.88634],[33.01107,36.88733],[33.00616,36.88851],[33.00789,36.88849],[33.00557,36.88933],[33.00403,36.89034],[33.00303,36.8903],[33.00322,36.89092],[33.00459,36.89142],[33.00591,36.89254],[33.00787,36.89194],[33.0095,36.89205],[33.0104,36.89258],[33.01177,36.89257],[33.01277,36.89319],[33.01367,36.89323],[33.01461,36.893],[33.01415,36.8925],[33.01748,36.89173],[33.01936,36.8922],[33.02072,36.89448],[33.02349,36.894],[33.02411,36.89346],[33.02487,36.8939],[33.02574,36.89337],[33.02364,36.89272],[33.02341,36.89226],[33.02483,36.89255],[33.02699,36.89135],[33.02607,36.89104],[33.02631,36.89048],[33.02977,36.88944],[33.03018,36.88852],[33.03105,36.88806],[33.03359,36.88777],[33.03209,36.8871],[33.0326,36.88609],[33.03363,36.88575],[33.03623,36.88385],[33.03623,36.88269],[33.03812,36.88046],[33.04056,36.88028],[33.04027,36.87856],[33.0426,36.87742],[33.04266,36.87544],[33.04179,36.87276],[33.04378,36.87128],[33.04441,36.87031],[33.04464,36.86801],[33.04222,36.86714],[33.04073,36.8653],[33.04183,36.86485],[33.04222,36.86428],[33.04123,36.8632],[33.04216,36.86296],[33.04274,36.86342],[33.04363,36.86304],[33.04474,36.8638],[33.04709,36.86405],[33.04875,36.86337],[33.05037,36.86372],[33.05052,36.86205],[33.05247,36.861],[33.05242,36.85999],[33.05311,36.85948],[33.05537,36.85899],[33.05708,36.86017],[33.06026,36.86034],[33.06338,36.86115],[33.06611,36.8624],[33.06759,36.86199],[33.06847,36.85906],[33.07002,36.85705],[33.07195,36.85552],[33.07246,36.85444],[33.07312,36.85425],[33.0742,36.85296],[33.07413,36.85211],[33.07473,36.851],[33.07694,36.85035],[33.07903,36.84864],[33.0794,36.84585],[33.08511,36.84268],[33.08899,36.84158],[33.08977,36.84094],[33.08994,36.83999],[33.09435,36.83767],[33.09482,36.83499],[33.09328,36.83445],[33.09413,36.83403],[33.09483,36.83293],[33.09524,36.83049],[33.09686,36.829],[33.09691,36.82832],[33.09764,36.82817],[33.09815,36.827],[33.09902,36.82698],[33.10019,36.82558],[33.10137,36.82495],[33.10156,36.82328],[33.10116,36.82238],[33.10204,36.82193],[33.10281,36.822],[33.10289,36.81895],[33.10381,36.81771],[33.1048,36.81714],[33.10451,36.81662],[33.10657,36.81513],[33.10637,36.8137],[33.10756,36.81341],[33.10821,36.81271],[33.10937,36.81317],[33.11091,36.81236],[33.11338,36.81211],[33.11394,36.81133],[33.11408,36.80973],[33.11491,36.80904],[33.11466,36.80777],[33.11535,36.80668],[33.11596,36.80641],[33.1163,36.80565],[33.11787,36.8049],[33.11859,36.80347],[33.12001,36.80316],[33.12117,36.80154],[33.12409,36.80162],[33.12561,36.80081],[33.12579,36.79753],[33.12837,36.79624],[33.1298,36.79657],[33.13287,36.79646],[33.13274,36.79711],[33.13376,36.79717],[33.13191,36.79836],[33.13232,36.79882],[33.13343,36.79879],[33.13502,36.79937],[33.13607,36.79882],[33.13666,36.79665],[33.1364,36.79595],[33.13862,36.7953],[33.13946,36.79467],[33.1412,36.79281],[33.14121,36.79073],[33.14183,36.79006],[33.14358,36.78986],[33.14372,36.79027],[33.14431,36.78989],[33.14377,36.78902],[33.1444,36.78806],[33.14685,36.78601],[33.14966,36.78601],[33.15125,36.78719],[33.15363,36.78731],[33.15742,36.7865],[33.16989,36.78673],[33.17247,36.78587],[33.17376,36.78647],[33.17429,36.78553],[33.17402,36.78427],[33.17478,36.78378],[33.1772,36.78387],[33.1833,36.78242],[33.18449,36.78184],[33.18537,36.78247],[33.18456,36.78186],[33.18445,36.78101],[33.18495,36.77847],[33.18401,36.77248],[33.1845,36.77148],[33.18335,36.77021],[33.1834,36.76894],[33.18281,36.76791],[33.18371,36.7669],[33.18383,36.76557],[33.18299,36.764],[33.18296,36.76199],[33.18606,36.76118],[33.18868,36.76272],[33.19119,36.763],[33.19212,36.76353],[33.19433,36.76377],[33.19616,36.76322],[33.20106,36.76428],[33.20206,36.76419],[33.20612,36.76127],[33.20735,36.7585],[33.20852,36.7575],[33.2105,36.75694],[33.21087,36.75616],[33.21296,36.75665],[33.21554,36.75648],[33.21777,36.75744],[33.21942,36.75587],[33.21951,36.75503],[33.22154,36.75386],[33.22309,36.75411],[33.22767,36.7537],[33.23371,36.75228],[33.23479,36.75236],[33.23551,36.75165],[33.23785,36.75233],[33.2414,36.75051],[33.24619,36.75039],[33.24846,36.74883],[33.25141,36.74817],[33.25281,36.74716],[33.25757,36.74614],[33.25877,36.74535],[33.26227,36.74601],[33.26514,36.74582],[33.26749,36.74443],[33.26902,36.74434],[33.2703,36.74352],[33.27141,36.74354],[33.2736,36.7425],[33.27624,36.74454],[33.27736,36.74447],[33.2793,36.74522],[33.28244,36.74371],[33.28463,36.74337],[33.28534,36.74272],[33.28721,36.74272],[33.28967,36.73922],[33.29377,36.73684],[33.29581,36.73479],[33.29751,36.73379],[33.30024,36.72856],[33.29997,36.72768],[33.30257,36.72603],[33.30626,36.72531],[33.30715,36.72276],[33.30892,36.71998],[33.30897,36.71804],[33.30829,36.71637],[33.30941,36.71309],[33.31131,36.71114],[33.31194,36.70855],[33.31509,36.70564],[33.31646,36.70036],[33.31817,36.69869],[33.31963,36.69549],[33.32054,36.69472],[33.32046,36.69303],[33.31871,36.68988],[33.31926,36.68816],[33.32463,36.6848],[33.32578,36.68372],[33.32744,36.68168],[33.32767,36.67981],[33.32888,36.67979],[33.33007,36.67778],[33.33017,36.67637],[33.33264,36.67258],[33.33416,36.67159],[33.33698,36.66796],[33.34076,36.66498],[33.34221,36.66486],[33.34679,36.659],[33.34981,36.65727],[33.35196,36.65355],[33.35876,36.64911],[33.36055,36.64718],[33.36114,36.64729],[33.36108,36.64908],[33.3641,36.65688],[33.36523,36.65835],[33.36691,36.65918],[33.38035,36.66008],[33.39071,36.66122],[33.39881,36.66082],[33.40503,36.65835],[33.40723,36.6581],[33.41001,36.65873],[33.41375,36.66087],[33.41957,36.66161],[33.42083,36.66142],[33.42221,36.65722],[33.42437,36.65492],[33.42495,36.65163],[33.42822,36.64693],[33.43039,36.64579],[33.43502,36.64628],[33.43708,36.64543],[33.43789,36.64609],[33.4382,36.64705],[33.44233,36.64935],[33.44792,36.65181],[33.45154,36.653],[33.45283,36.65441],[33.45367,36.65456],[33.45484,36.65422],[33.45793,36.6547],[33.45967,36.65456],[33.46173,36.65548],[33.46585,36.65549],[33.46717,36.65582],[33.46727,36.65721],[33.46871,36.65829],[33.469,36.65979],[33.4717,36.66241],[33.47363,36.66565],[33.47491,36.66688],[33.47563,36.66914],[33.47677,36.67097],[33.47993,36.67353],[33.48359,36.67726],[33.48485,36.67973],[33.48742,36.68322],[33.49073,36.6844],[33.49437,36.68668],[33.4973,36.68686],[33.50227,36.68852],[33.5052,36.68887],[33.50667,36.68965],[33.50922,36.6902],[33.51001,36.69087],[33.51141,36.69485],[33.51416,36.69888],[33.51809,36.69887],[33.51876,36.69747],[33.52133,36.69605],[33.52392,36.69554],[33.52745,36.69391],[33.53253,36.69333],[33.53435,36.69186],[33.53641,36.6923],[33.53898,36.69106],[33.54466,36.68714],[33.54703,36.68597],[33.55169,36.68593],[33.54975,36.68751],[33.54939,36.68971],[33.54995,36.69028],[33.5529,36.68863],[33.5572,36.68712],[33.55822,36.68642],[33.56015,36.68397],[33.56404,36.68194],[33.56492,36.68213],[33.56901,36.68466],[33.57037,36.68451],[33.57119,36.68393],[33.5715,36.68302],[33.57189,36.67501],[33.57387,36.67309],[33.57468,36.67048],[33.57728,36.66787],[33.5811,36.67105],[33.5872,36.6713],[33.58794,36.67099],[33.59219,36.66641],[33.59381,36.66699],[33.5986,36.67108],[33.60235,36.6765],[33.60293,36.67966],[33.60219,36.68342],[33.60153,36.68364],[33.60062,36.68334],[33.59381,36.68538],[33.59855,36.68558],[33.59863,36.68604],[33.59709,36.68693],[33.59468,36.68771],[33.59662,36.68829],[33.5997,36.6875],[33.60086,36.68767],[33.5996,36.68797],[33.59739,36.68927],[33.59764,36.69008],[33.60024,36.69267],[33.60201,36.69212],[33.60508,36.69337],[33.60781,36.69336],[33.60953,36.69416],[33.61313,36.69488],[33.61586,36.69501],[33.6193,36.69464],[33.62043,36.69519],[33.62106,36.69493],[33.62121,36.69424],[33.62212,36.69391],[33.62345,36.69422],[33.63051,36.69139],[33.63487,36.69057],[33.63599,36.69083],[33.63815,36.69228],[33.63863,36.69208],[33.63614,36.68765],[33.63734,36.68745],[33.63827,36.68807],[33.64022,36.6883],[33.64419,36.68753],[33.64315,36.68652],[33.64338,36.68502],[33.64418,36.68559],[33.64508,36.68524],[33.64557,36.68416],[33.64505,36.68439],[33.64505,36.68335],[33.64574,36.68263],[33.6471,36.68246],[33.64707,36.68132],[33.65032,36.6805],[33.65484,36.68099],[33.65706,36.68229],[33.65875,36.68391],[33.65787,36.69044],[33.66208,36.6929],[33.66303,36.69477],[33.66302,36.69594],[33.66193,36.69879],[33.66199,36.70188],[33.65943,36.70596],[33.65981,36.70982],[33.65926,36.71087],[33.65992,36.7121],[33.65942,36.71718],[33.66157,36.71891],[33.66249,36.72079],[33.66238,36.72286],[33.66491,36.72529],[33.66522,36.72446],[33.66484,36.72343],[33.66578,36.72438],[33.66604,36.72374],[33.66664,36.72403],[33.66646,36.72312],[33.66538,36.72236],[33.66652,36.72226],[33.66623,36.72147],[33.66656,36.72046],[33.66792,36.71802],[33.66882,36.71503],[33.67022,36.71325],[33.67123,36.70986],[33.67349,36.70827],[33.67689,36.70743],[33.68094,36.70844],[33.68256,36.70978],[33.68534,36.71038],[33.68651,36.70989],[33.68751,36.70763],[33.69024,36.7053],[33.69112,36.70583],[33.692,36.7087],[33.69464,36.70945],[33.69699,36.70796],[33.6982,36.70801],[33.69902,36.70844],[33.70051,36.71078],[33.70059,36.71273],[33.7017,36.71384],[33.70264,36.71575],[33.70351,36.71564],[33.70594,36.71343],[33.70673,36.71321],[33.7079,36.71346],[33.71358,36.71653],[33.71458,36.71784],[33.71527,36.72042],[33.71588,36.72056],[33.71735,36.7191],[33.71694,36.71769],[33.71797,36.7152],[33.71758,36.71383],[33.72017,36.71166],[33.72118,36.71142],[33.72152,36.71074],[33.7248,36.70889],[33.72828,36.71064],[33.72996,36.71066],[33.73246,36.71289],[33.73664,36.71275],[33.73717,36.71523],[33.73842,36.71653],[33.73945,36.71868],[33.74541,36.71717],[33.74776,36.71976],[33.74939,36.72084],[33.75062,36.72111],[33.75224,36.72054],[33.75475,36.71893],[33.75583,36.71712],[33.75655,36.71672],[33.76925,36.71824],[33.77298,36.7152],[33.77338,36.71357],[33.7769,36.71193],[33.77923,36.70988],[33.77902,36.70806],[33.77964,36.70762],[33.7819,36.70784],[33.78486,36.707],[33.78665,36.70782],[33.788,36.70925],[33.79216,36.71193],[33.79484,36.7127],[33.7977,36.71477],[33.79981,36.71527],[33.8016,36.71631],[33.80378,36.71678],[33.80807,36.71956],[33.81179,36.71979],[33.81247,36.72076],[33.81448,36.72156],[33.81513,36.72267],[33.81463,36.72562],[33.815,36.72612],[33.8177,36.72655],[33.82046,36.72822],[33.82231,36.72822],[33.82456,36.72914],[33.82929,36.73028],[33.83043,36.73164],[33.83063,36.7333],[33.83114,36.73386],[33.83196,36.73402],[33.834,36.73333],[33.83546,36.7335],[33.8371,36.73435],[33.83745,36.73547],[33.83999,36.73748],[33.84171,36.73766],[33.84422,36.7368],[33.84604,36.73721],[33.84813,36.73662],[33.84846,36.73599],[33.85357,36.73439],[33.85563,36.7327],[33.85697,36.7321],[33.85985,36.72913],[33.86206,36.728],[33.86608,36.72352],[33.86783,36.72285],[33.87052,36.72061],[33.87169,36.7184],[33.87626,36.71413],[33.87186,36.71828],[33.87045,36.72079],[33.86778,36.72293],[33.86603,36.72348],[33.86797,36.72278],[33.86883,36.72202],[33.86706,36.72412],[33.86699,36.72513],[33.86755,36.72607],[33.87002,36.72793],[33.87191,36.73209],[33.87365,36.73315],[33.87896,36.73438],[33.8792,36.73508],[33.88099,36.73607],[33.88234,36.73805],[33.88414,36.73973],[33.8901,36.74116],[33.89412,36.74388],[33.8968,36.74475],[33.90142,36.74716],[33.90291,36.75053],[33.90719,36.75285],[33.90887,36.75478],[33.90945,36.75784],[33.91071,36.75877],[33.91171,36.76166],[33.91387,36.76292],[33.91571,36.76341],[33.91574,36.76286],[33.91504,36.7622],[33.91673,36.76164],[33.91783,36.76307],[33.92014,36.76367],[33.92062,36.76325],[33.91917,36.7621],[33.91867,36.76014],[33.91991,36.76031],[33.91919,36.7592],[33.92078,36.75799],[33.92269,36.75547],[33.92323,36.7533],[33.92306,36.75236],[33.92342,36.75231],[33.92298,36.75273],[33.92327,36.75329],[33.92265,36.75554],[33.92125,36.75746],[33.91915,36.75932],[33.92201,36.76194],[33.92225,36.76],[33.92361,36.76186],[33.92369,36.76054],[33.92605,36.76367],[33.9262,36.76525],[33.92692,36.76581],[33.92678,36.76702],[33.92718,36.76754],[33.92549,36.76935],[33.92302,36.7704],[33.92342,36.77128],[33.92163,36.77082],[33.91675,36.77126],[33.91421,36.77052],[33.91197,36.77172],[33.91156,36.77378],[33.912,36.77557],[33.91118,36.77602],[33.91106,36.7789],[33.90906,36.78335],[33.90803,36.78383],[33.90879,36.78631],[33.90774,36.78732],[33.90408,36.78879],[33.89967,36.79341],[33.89921,36.79576],[33.89936,36.79794],[33.89799,36.79977],[33.89795,36.80127],[33.89951,36.80392],[33.89971,36.80505],[33.8993,36.806],[33.90067,36.80786],[33.89998,36.80976],[33.9011,36.8107],[33.90161,36.81328],[33.90509,36.81528],[33.90592,36.81648],[33.90553,36.81721],[33.90596,36.81871],[33.90442,36.82258],[33.90402,36.82294],[33.90021,36.82259],[33.89723,36.82457],[33.89556,36.82993],[33.894,36.83275],[33.89198,36.83506],[33.89129,36.83693],[33.88835,36.83953],[33.88607,36.84017],[33.884,36.8449],[33.88299,36.84495],[33.88274,36.8454],[33.88419,36.84809],[33.88441,36.85103],[33.88255,36.85559],[33.88182,36.85531],[33.88211,36.85205],[33.87925,36.86116],[33.87564,36.8638],[33.86913,36.8698],[33.86651,36.87335],[33.86503,36.87461],[33.86281,36.87564],[33.86274,36.87693],[33.86089,36.87723],[33.86,36.87792],[33.85805,36.88125],[33.85659,36.88661],[33.85627,36.89158],[33.85665,36.89672],[33.8561,36.89905],[33.85363,36.90372],[33.85276,36.90866],[33.85179,36.91007],[33.85346,36.911],[33.85438,36.912],[33.8539,36.91255],[33.85332,36.91242],[33.85399,36.91289],[33.85614,36.91245],[33.85593,36.91118],[33.85657,36.91158],[33.85721,36.91278],[33.85626,36.91394],[33.85765,36.91317],[33.8581,36.91213],[33.85802,36.91132],[33.85653,36.90932],[33.85686,36.90895],[33.85822,36.9095],[33.85885,36.91098],[33.85863,36.91208],[33.86025,36.91275],[33.86152,36.91596],[33.8615,36.9175],[33.86013,36.91859],[33.85948,36.92168],[33.86252,36.92432],[33.86417,36.92328],[33.86702,36.9247],[33.87131,36.92512],[33.87411,36.92616],[33.87921,36.92628],[33.88124,36.92451],[33.88352,36.92489],[33.88569,36.92574],[33.88721,36.92558],[33.89025,36.92654],[33.89179,36.92663],[33.89425,36.92467],[33.8966,36.92472],[33.89882,36.92418],[33.90195,36.92464],[33.90392,36.92384],[33.90501,36.92249],[33.90515,36.92056],[33.9061,36.91973],[33.90838,36.91887],[33.90987,36.91894],[33.91043,36.91798],[33.91219,36.91829],[33.91718,36.91589],[33.91856,36.91417],[33.91972,36.91493],[33.92045,36.9138],[33.92292,36.91342],[33.92317,36.91418],[33.92417,36.91421],[33.92521,36.91525],[33.92548,36.91608],[33.9238,36.92147],[33.92288,36.92278],[33.92286,36.92441],[33.92146,36.92663],[33.92082,36.93145],[33.92004,36.93251],[33.92022,36.93414],[33.92284,36.93803],[33.9226,36.93872],[33.92309,36.93937],[33.92512,36.94029],[33.92678,36.94263],[33.92711,36.94388],[33.92919,36.9456],[33.92941,36.94781],[33.92999,36.94847],[33.93081,36.95118],[33.9322,36.95331],[33.93214,36.95471],[33.93265,36.95517],[33.93131,36.95615],[33.9313,36.95971],[33.9305,36.96106],[33.92856,36.96209],[33.92845,36.96424],[33.92898,36.96518],[33.93096,36.96548],[33.93308,36.96633],[33.93482,36.96794],[33.93546,36.96934],[33.93665,36.96985],[33.93655,36.97059],[33.93694,36.97092],[33.93622,36.97224],[33.93696,36.97279],[33.93763,36.97492],[33.941,36.97743],[33.94215,36.97775],[33.94284,36.97941],[33.9396,36.98122],[33.93946,36.98204],[33.94014,36.98289],[33.93952,36.98236],[33.93854,36.98288],[33.93825,36.98583],[33.94134,36.99013],[33.94198,36.99207],[33.94782,36.99292],[33.94998,36.99447],[33.95785,36.99844],[33.95854,37.00123],[33.96052,37.00264],[33.96095,37.00365],[33.96257,37.0052],[33.96309,37.00663],[33.96401,37.00695],[33.96428,37.00784],[33.96597,37.00956],[33.9653,37.01433],[33.97121,37.01764],[33.97509,37.01908],[33.97614,37.0206],[33.97747,37.02042],[33.978,37.02071],[33.97634,37.02088],[33.97575,37.02001],[33.97635,37.02085],[33.97748,37.02042],[33.98093,37.02213],[33.98169,37.02295],[33.98176,37.02485],[33.98355,37.02652],[33.98463,37.02855],[33.9859,37.02899],[33.98779,37.02894],[33.9897,37.02804],[33.99379,37.03052],[33.99588,37.03225],[33.99619,37.03263],[33.99547,37.03457],[33.9953,37.03978],[33.99451,37.04064],[33.99521,37.04163],[33.99502,37.0423],[33.99798,37.04528],[34.00102,37.0466],[34.00619,37.04698],[34.0111,37.04815],[34.01353,37.04764],[34.02027,37.04758],[34.03048,37.0496],[34.03876,37.04777],[34.05103,37.04225],[34.05325,37.04053],[34.05844,37.03969],[34.06005,37.03684],[34.06117,37.03604],[34.0637,37.03532],[34.06519,37.03561],[34.06813,37.03548],[34.07147,37.03463],[34.07435,37.03317],[34.07649,37.03273],[34.07944,37.03102],[34.08393,37.02947],[34.0874,37.02648],[34.08901,37.02557],[34.09076,37.02504],[34.09285,37.02567],[34.09491,37.0257],[34.09707,37.02495],[34.09793,37.02518],[34.09935,37.026],[34.09953,37.02771],[34.10009,37.02848],[34.10285,37.02961],[34.10295,37.03076],[34.10204,37.03346],[34.10594,37.03664],[34.10843,37.03991],[34.1122,37.04301],[34.11387,37.04392],[34.1162,37.04889],[34.11735,37.05006],[34.12427,37.0528],[34.12789,37.05353],[34.13152,37.05617],[34.13783,37.05886],[34.13945,37.06139],[34.13989,37.06299],[34.1396,37.0637],[34.13863,37.06441],[34.13833,37.06763],[34.14027,37.07157],[34.14202,37.07392],[34.14197,37.07627],[34.14536,37.07784],[34.14858,37.07995],[34.14918,37.08116],[34.15257,37.08291],[34.15384,37.08414],[34.1568,37.08936],[34.15837,37.09328],[34.15984,37.09526],[34.15876,37.09908],[34.16015,37.10141],[34.16223,37.10134],[34.16619,37.1039],[34.17195,37.10659],[34.1724,37.10755],[34.17464,37.10863],[34.17908,37.10889],[34.18073,37.1085],[34.18335,37.10862],[34.18604,37.10942],[34.18679,37.11009],[34.18599,37.11217],[34.18645,37.1131],[34.19014,37.11553],[34.19118,37.11713],[34.19318,37.11776],[34.19533,37.12051],[34.19595,37.12198],[34.20332,37.12999],[34.20604,37.13375],[34.20698,37.13439],[34.20709,37.13505],[34.20672,37.13474],[34.21319,37.13907],[34.21566,37.13996],[34.22072,37.13981],[34.2382,37.14033],[34.24348,37.14247],[34.24843,37.14584],[34.25167,37.14881],[34.25282,37.14914],[34.2559,37.14801],[34.25641,37.14694],[34.25855,37.14616],[34.26028,37.1445],[34.26044,37.14384],[34.25903,37.14154],[34.26159,37.1397],[34.27187,37.14228],[34.2771,37.14276],[34.28035,37.14268],[34.28335,37.14194],[34.28485,37.14112],[34.28601,37.14108],[34.28699,37.14129],[34.28776,37.14202],[34.29238,37.143],[34.29455,37.14424],[34.29788,37.14472],[34.29897,37.14564],[34.30145,37.14667],[34.30061,37.14699],[34.30236,37.14781],[34.3032,37.14887],[34.30715,37.15015],[34.31467,37.15161],[34.31494,37.15238],[34.3223,37.1564],[34.32288,37.15635],[34.32317,37.1556],[34.32345,37.15623],[34.32463,37.1547],[34.3258,37.15443],[34.32479,37.15457],[34.32452,37.15497],[34.32473,37.15455],[34.32636,37.15417],[34.32771,37.15432],[34.32808,37.15366],[34.32846,37.15401],[34.32874,37.15349],[34.333,37.15422],[34.34154,37.15383],[34.34469,37.15504],[34.3471,37.15526],[34.34768,37.15554],[34.34809,37.15648],[34.35035,37.15653],[34.35395,37.15517],[34.35511,37.15525],[34.35764,37.15427],[34.36119,37.1537],[34.3629,37.15288],[34.36427,37.15284],[34.36634,37.15323],[34.36962,37.15485],[34.37379,37.15544],[34.37886,37.15704],[34.38276,37.15707],[34.38519,37.15894],[34.39026,37.16042],[34.39343,37.16201],[34.39792,37.16303],[34.40195,37.1634],[34.40448,37.1626],[34.40879,37.16249],[34.41282,37.15979],[34.41523,37.15942],[34.4163,37.1602],[34.4166,37.16298],[34.41568,37.16329],[34.41527,37.16386],[34.41658,37.16524],[34.41735,37.16827],[34.42474,37.17157],[34.42306,37.17168],[34.42604,37.17224],[34.42692,37.17314],[34.42638,37.17583],[34.42675,37.17732],[34.42594,37.18002],[34.42845,37.18043],[34.43167,37.18154],[34.43351,37.18244],[34.43402,37.18313],[34.43436,37.18424],[34.43329,37.18924],[34.43765,37.18764],[34.43387,37.1888],[34.43443,37.18493],[34.43533,37.18474],[34.43592,37.18331],[34.43609,37.18474],[34.43678,37.18233],[34.43782,37.18112],[34.43738,37.17873],[34.43833,37.17716],[34.43708,37.17755],[34.43644,37.17832],[34.43637,37.1775],[34.43769,37.17616],[34.4381,37.1748],[34.43887,37.17459],[34.44005,37.17507],[34.43984,37.17443],[34.44085,37.17267],[34.44151,37.17287],[34.44248,37.17229],[34.44428,37.17312],[34.4458,37.17228],[34.44666,37.1723],[34.44781,37.17333],[34.44816,37.17452],[34.44876,37.17457],[34.44992,37.17456],[34.45229,37.17313],[34.45385,37.1729],[34.45252,37.16907],[34.45144,37.1685],[34.45286,37.16855],[34.45462,37.17094],[34.45697,37.1721],[34.45874,37.17191],[34.45749,37.17159],[34.45712,37.171],[34.459,37.17093],[34.45961,37.17167],[34.46442,37.17251],[34.46815,37.17486],[34.46817,37.1754],[34.46996,37.17601],[34.47304,37.17838],[34.47192,37.17647],[34.47211,37.17584],[34.47166,37.17505],[34.46953,37.17487],[34.46965,37.17409],[34.46919,37.17347],[34.46953,37.17245],[34.46777,37.1729],[34.46667,37.17258],[34.46525,37.16931],[34.46368,37.16927],[34.46242,37.16875],[34.46249,37.1681],[34.46317,37.16774],[34.46244,37.16669],[34.4594,37.16589],[34.46238,37.16414],[34.46328,37.16403],[34.46496,37.16456],[34.46539,37.16423],[34.46415,37.16141],[34.46314,37.16024],[34.46503,37.15904],[34.47189,37.16188],[34.47242,37.16151],[34.4734,37.16165],[34.47373,37.16093],[34.47522,37.16055],[34.47616,37.16055],[34.47821,37.16173],[34.47962,37.16132],[34.48041,37.1615],[34.48251,37.16066],[34.48387,37.16103],[34.48557,37.16085],[34.48552,37.15987],[34.48361,37.15803],[34.48548,37.15613],[34.48559,37.15682],[34.48482,37.15761],[34.48623,37.15702],[34.48654,37.1565],[34.48618,37.15549],[34.48822,37.15421],[34.4912,37.15303],[34.49328,37.15304],[34.49294,37.15194],[34.49573,37.1484],[34.49469,37.15209],[34.49575,37.15262],[34.49514,37.1522],[34.4954,37.15149],[34.49692,37.14949],[34.49774,37.14891],[34.49699,37.15022],[34.49753,37.15189],[34.49752,37.15057],[34.49875,37.14971],[34.49838,37.15058],[34.49926,37.1503],[34.4996,37.14948],[34.49964,37.15038],[34.50032,37.1494],[34.5,37.14882],[34.50032,37.14814],[34.50176,37.14801],[34.50289,37.1472],[34.50293,37.14656],[34.50604,37.14562],[34.50401,37.14748],[34.50339,37.14916],[34.50484,37.14773],[34.50485,37.14811],[34.50643,37.14692],[34.5054,37.14834],[34.5068,37.14763],[34.50727,37.14673],[34.50707,37.14775],[34.50634,37.14854],[34.50757,37.14756],[34.50784,37.14635],[34.5092,37.14519],[34.50977,37.14521],[34.50981,37.14379],[34.51061,37.14534],[34.50908,37.14632],[34.50917,37.14737],[34.50923,37.1466],[34.51151,37.14585],[34.51129,37.14433],[34.51385,37.14324],[34.51479,37.14341],[34.51599,37.14278],[34.51608,37.14423],[34.5168,37.14494],[34.51686,37.14416],[34.51789,37.14335],[34.51828,37.14228],[34.51771,37.14145],[34.51789,37.14079],[34.51484,37.13946],[34.51379,37.13946],[34.51209,37.13851],[34.51362,37.13849],[34.51534,37.13897],[34.51665,37.13872],[34.52234,37.13979],[34.52164,37.14117],[34.52276,37.14156],[34.52171,37.14225],[34.52422,37.14137],[34.52423,37.13883],[34.52575,37.14109],[34.52585,37.14182],[34.52528,37.14253],[34.52637,37.14163],[34.52657,37.14021],[34.52777,37.13996],[34.52998,37.14062],[34.53097,37.14141],[34.5335,37.13946],[34.53389,37.13874],[34.53552,37.1381],[34.53874,37.13856],[34.54036,37.13791],[34.54068,37.13874],[34.53969,37.14051],[34.54182,37.14123],[34.54301,37.14067],[34.54684,37.14019],[34.54912,37.14195],[34.55031,37.14415],[34.55027,37.14552],[34.54926,37.14603],[34.54763,37.14614],[34.54761,37.14683],[34.54928,37.14819],[34.55105,37.14861],[34.55024,37.14867],[34.54901,37.14785],[34.55053,37.14857],[34.55302,37.14831],[34.55475,37.14772],[34.55584,37.14838],[34.55711,37.14713],[34.55728,37.14641],[34.5597,37.14457],[34.55936,37.14361],[34.55997,37.14271],[34.55995,37.14091],[34.56216,37.13718],[34.56229,37.13286],[34.56361,37.13073],[34.56431,37.13087],[34.56568,37.13427],[34.56806,37.13422],[34.56856,37.13461],[34.56943,37.13636],[34.57187,37.13981],[34.57315,37.1409],[34.5736,37.14199],[34.57676,37.14402],[34.57781,37.1456],[34.58354,37.14779],[34.58699,37.15018],[34.58965,37.15111],[34.58995,37.15152],[34.58552,37.1576],[34.58535,37.15873],[34.58452,37.15977],[34.58589,37.16135],[34.58599,37.16247],[34.58692,37.1636],[34.58675,37.16438],[34.59093,37.16609],[34.59252,37.16624],[34.59254,37.16676],[34.59323,37.16697],[34.59389,37.16617],[34.59294,37.1662],[34.59363,37.16661],[34.5948,37.16563],[34.59926,37.16377],[34.60181,37.16208],[34.60417,37.16145],[34.60739,37.16136],[34.60503,37.16217],[34.60417,37.16307],[34.60105,37.16476],[34.59922,37.16675],[34.59985,37.16771],[34.59872,37.16991],[34.59672,37.17192],[34.5953,37.17251],[34.59383,37.17384],[34.59316,37.17498],[34.59299,37.1766],[34.5943,37.1788],[34.5944,37.17968],[34.59576,37.18058],[34.59192,37.18062],[34.5876,37.18436],[34.59024,37.18387],[34.59144,37.18255],[34.5925,37.18202],[34.59348,37.18254],[34.59538,37.1848],[34.5972,37.18526],[34.59771,37.18483],[34.59807,37.18556],[34.59748,37.18576],[34.59858,37.18588],[34.60165,37.18799],[34.60332,37.19013],[34.59572,37.18767],[34.5932,37.18794],[34.58974,37.18762],[34.58971,37.18911],[34.59087,37.19228],[34.59055,37.19326],[34.59004,37.19298],[34.59024,37.19357],[34.58997,37.19305],[34.59059,37.19329],[34.59092,37.19279],[34.59073,37.19322],[34.59004,37.19301],[34.59062,37.19428],[34.58863,37.19437],[34.58887,37.19527],[34.58834,37.19567],[34.59034,37.19801],[34.59064,37.1992],[34.59009,37.20007],[34.58956,37.20034],[34.5866,37.19935],[34.58494,37.1994],[34.58369,37.19881],[34.58197,37.19911],[34.58225,37.2014],[34.58194,37.20221],[34.58237,37.20336],[34.58211,37.20454],[34.58144,37.20517],[34.58149,37.20638],[34.58088,37.20758],[34.57941,37.20789],[34.57865,37.20887],[34.57747,37.20898],[34.57733,37.21062],[34.57633,37.21179],[34.5757,37.2134],[34.57442,37.21337],[34.5733,37.21511],[34.57269,37.21559],[34.57184,37.21558],[34.57101,37.21697],[34.56997,37.21757],[34.56822,37.21805],[34.56706,37.21705],[34.56605,37.21792],[34.56464,37.21824],[34.56433,37.21898],[34.56314,37.21984],[34.56214,37.21954],[34.5591,37.22016],[34.55884,37.2214],[34.55915,37.22185],[34.55694,37.22337],[34.55688,37.22479],[34.55515,37.22622],[34.55546,37.22717],[34.555,37.22764],[34.55519,37.2281],[34.5528,37.22929],[34.55261,37.22974],[34.55189,37.22963],[34.54814,37.23066],[34.54413,37.23417],[34.54163,37.23494],[34.538,37.23715],[34.53342,37.24141],[34.53309,37.2428],[34.53153,37.24392],[34.53238,37.24369],[34.53202,37.24461],[34.53305,37.24575],[34.5329,37.24458],[34.53469,37.24371],[34.53388,37.24512],[34.53474,37.24572],[34.53552,37.24483],[34.53631,37.24646],[34.53579,37.24893],[34.53668,37.25055],[34.5375,37.25133],[34.53906,37.25138],[34.54001,37.25249],[34.53983,37.25347],[34.54229,37.25403],[34.5423,37.25545],[34.54312,37.25598],[34.54335,37.25723],[34.54357,37.25698],[34.54263,37.26022],[34.54113,37.26247],[34.53947,37.2631],[34.53818,37.26287],[34.5347,37.26348],[34.53334,37.26333],[34.53464,37.26401],[34.5314,37.26393],[34.53238,37.26438],[34.52892,37.26467],[34.53032,37.26536],[34.52706,37.26533],[34.52519,37.26618],[34.52281,37.26464],[34.52344,37.26555],[34.52174,37.26466],[34.52053,37.26448],[34.52166,37.26512],[34.52275,37.26644],[34.52281,37.26776],[34.52189,37.26856],[34.52162,37.26939],[34.51926,37.26984],[34.51733,37.26971],[34.51429,37.27152],[34.51198,37.27169],[34.50932,37.27291],[34.50844,37.27277],[34.50487,37.27335],[34.50149,37.2754],[34.49764,37.27642],[34.49718,37.277],[34.49761,37.28007],[34.49674,37.28259],[34.49498,37.28108],[34.49232,37.2808],[34.48977,37.2823],[34.4876,37.28162],[34.48812,37.28321],[34.48961,37.28352],[34.49089,37.28456],[34.49202,37.28374],[34.49285,37.28404],[34.49313,37.2846],[34.49204,37.28426],[34.49244,37.28528],[34.49166,37.28578],[34.49106,37.28732],[34.48981,37.28697],[34.48956,37.28852],[34.48784,37.28693],[34.48796,37.28765],[34.48686,37.28716],[34.48272,37.28678],[34.48046,37.28615],[34.47805,37.28648],[34.47456,37.28639],[34.47137,37.28761],[34.47182,37.28926],[34.47096,37.29045],[34.46995,37.29053],[34.46909,37.2948],[34.47056,37.29545],[34.47089,37.29618],[34.47393,37.29745],[34.4757,37.2997],[34.47721,37.3006],[34.48075,37.30172],[34.48232,37.30288],[34.48283,37.30344],[34.48226,37.30427],[34.48356,37.30515],[34.48465,37.30698],[34.4852,37.3069],[34.48617,37.30802],[34.48859,37.30853],[34.48933,37.30961],[34.49013,37.30986],[34.4927,37.30887],[34.49649,37.30884],[34.49827,37.30786],[34.50159,37.30764],[34.5029,37.30802],[34.5028,37.30931],[34.50355,37.31048],[34.50981,37.31342],[34.51428,37.31313],[34.51803,37.3147],[34.51954,37.3148],[34.51912,37.3152],[34.52163,37.31523],[34.52504,37.3161],[34.52544,37.31722],[34.52378,37.31758],[34.52234,37.31877],[34.52036,37.31761],[34.51867,37.3178],[34.51674,37.31733],[34.51636,37.31782],[34.51728,37.31903],[34.51686,37.31912],[34.52,37.32054],[34.51686,37.31912],[34.51728,37.31903],[34.51636,37.31782],[34.51674,37.31733],[34.51867,37.3178],[34.52036,37.31761],[34.52234,37.31877],[34.52378,37.31758],[34.52544,37.31722],[34.52504,37.3161],[34.52163,37.31523],[34.51912,37.3152],[34.51954,37.3148],[34.51803,37.3147],[34.51428,37.31313],[34.50981,37.31342],[34.50355,37.31048],[34.5028,37.30931],[34.5029,37.30802],[34.50159,37.30764],[34.49827,37.30786],[34.49649,37.30884],[34.4927,37.30887],[34.49013,37.30986],[34.48933,37.30961],[34.48859,37.30853],[34.48617,37.30802],[34.48414,37.30667],[34.48251,37.30836],[34.47983,37.30881],[34.47936,37.30978],[34.47859,37.3102],[34.47827,37.31156],[34.47555,37.31256],[34.47205,37.31298],[34.46928,37.31238],[34.46755,37.31243],[34.46638,37.31195],[34.46555,37.31228],[34.46297,37.31126],[34.46051,37.31179],[34.45848,37.31299],[34.45178,37.31255],[34.44989,37.31199],[34.4474,37.31221],[34.44646,37.31264],[34.44425,37.31253],[34.44285,37.31182],[34.44021,37.31218],[34.43914,37.31197],[34.43701,37.31266],[34.43696,37.31337],[34.43596,37.3147],[34.43476,37.31509],[34.43258,37.31663],[34.43107,37.31632],[34.42748,37.31794],[34.42561,37.32059],[34.42679,37.32169],[34.42586,37.32193],[34.42532,37.32316],[34.42569,37.32461],[34.42767,37.32586],[34.42858,37.32802],[34.43028,37.32979],[34.43252,37.33089],[34.43399,37.33233],[34.43686,37.33328],[34.44388,37.34004],[34.451,37.34367],[34.45183,37.34504],[34.45552,37.34813],[34.4566,37.34962],[34.45738,37.35001],[34.45859,37.34991],[34.46277,37.35391],[34.46449,37.3547],[34.46375,37.35451],[34.467,37.35477],[34.46813,37.35584],[34.4695,37.35616],[34.47133,37.35504],[34.4743,37.35532],[34.47586,37.35478],[34.48043,37.35461],[34.48191,37.35372],[34.48361,37.35327],[34.48497,37.35356],[34.4862,37.35293],[34.49008,37.35382],[34.49268,37.35639],[34.4947,37.35672],[34.49941,37.3567],[34.50481,37.3573],[34.50994,37.3568],[34.51174,37.35799],[34.51193,37.35974],[34.51302,37.36028],[34.51495,37.36043],[34.517,37.36116],[34.52183,37.364],[34.52242,37.36519],[34.52319,37.36532],[34.52454,37.36484],[34.52502,37.36538],[34.52595,37.36531],[34.52954,37.36686],[34.5328,37.36908],[34.53353,37.37007],[34.53423,37.36991],[34.53404,37.36895],[34.53497,37.36921],[34.53551,37.36991],[34.53563,37.36934],[34.53607,37.36967],[34.53607,37.36824],[34.53787,37.36954],[34.54064,37.37044],[34.54451,37.37235],[34.547,37.37216],[34.54754,37.37251],[34.55022,37.3725],[34.55427,37.37361],[34.55522,37.37437],[34.55662,37.37457],[34.55839,37.37386],[34.56128,37.37345],[34.56439,37.37191],[34.56782,37.37107],[34.57007,37.37098],[34.57233,37.37008],[34.57303,37.36943],[34.57748,37.36801],[34.57855,37.36817],[34.58006,37.36967],[34.58171,37.37052],[34.58362,37.37125],[34.58427,37.37117],[34.58679,37.37033],[34.58802,37.36932],[34.59296,37.367],[34.5934,37.36434],[34.59412,37.36389],[34.59456,37.36035],[34.59717,37.3578],[34.59658,37.35801],[34.59376,37.35738],[34.5935,37.35618],[34.59368,37.35734],[34.59664,37.35802],[34.59766,37.35749],[34.59884,37.35591],[34.59852,37.35386],[34.6018,37.35262],[34.60361,37.35009],[34.60377,37.34914],[34.60565,37.34695],[34.6075,37.34613],[34.60867,37.34504],[34.60848,37.3433],[34.61021,37.34262],[34.61213,37.34054],[34.61201,37.33846],[34.60904,37.33245],[34.60884,37.32474],[34.60732,37.32378],[34.609,37.32373],[34.61,37.32319],[34.60999,37.32233],[34.61106,37.32046],[34.61087,37.31914],[34.60985,37.31784],[34.61118,37.31875],[34.61174,37.31875],[34.60997,37.31639],[34.61084,37.31635],[34.61159,37.31708],[34.61424,37.31675],[34.61352,37.31285],[34.61616,37.31081],[34.61652,37.30932],[34.61801,37.30885],[34.6177,37.30631],[34.6184,37.30498],[34.61821,37.30421],[34.61889,37.30153],[34.61965,37.30093],[34.62167,37.30125],[34.62275,37.29972],[34.61497,37.29791],[34.6087,37.29542],[34.60788,37.29544],[34.60694,37.29616],[34.60446,37.29659],[34.60455,37.29596],[34.60566,37.2954],[34.60648,37.29425],[34.60657,37.29288],[34.60778,37.29244],[34.60884,37.29273],[34.60622,37.29062],[34.60713,37.29044],[34.60593,37.28948],[34.60402,37.28883],[34.60211,37.28729],[34.60036,37.28846],[34.60081,37.29105],[34.60142,37.2915],[34.6006,37.29139],[34.59933,37.29011],[34.59814,37.2898],[34.59655,37.28774],[34.59759,37.28665],[34.59932,37.28697],[34.59986,37.28672],[34.5996,37.28602],[34.6001,37.28548],[34.59949,37.28326],[34.60136,37.282],[34.60249,37.28057],[34.60258,37.27977],[34.60434,37.28083],[34.60535,37.28212],[34.60587,37.28179],[34.6061,37.28027],[34.60524,37.27785],[34.60911,37.27864],[34.60943,37.2805],[34.61128,37.28062],[34.61143,37.28252],[34.61218,37.28249],[34.61359,37.28415],[34.61342,37.28529],[34.61398,37.28545],[34.6151,37.28487],[34.61558,37.28314],[34.61624,37.28259],[34.6167,37.28135],[34.62106,37.28237],[34.62185,37.28368],[34.62329,37.28279],[34.62421,37.28265],[34.62487,37.28165],[34.62359,37.28164],[34.62321,37.28044],[34.62348,37.28003],[34.62313,37.28004],[34.62265,37.27812],[34.62179,37.2781],[34.62203,37.27763],[34.62162,37.27696],[34.62108,37.27679],[34.62097,37.27735],[34.62037,37.27626],[34.6177,37.27517],[34.61588,37.27523],[34.61363,37.27417],[34.61291,37.27291],[34.61066,37.27189],[34.61137,37.27011],[34.61095,37.26925],[34.61132,37.26775],[34.61264,37.26628],[34.61074,37.26752],[34.60973,37.26914],[34.60954,37.27047],[34.60928,37.26896],[34.60999,37.2667],[34.61258,37.26494],[34.61304,37.26397],[34.61464,37.26254],[34.61183,37.26387],[34.61165,37.26451],[34.60833,37.2658],[34.61079,37.26454],[34.61124,37.26349],[34.61396,37.26155],[34.61704,37.26091],[34.61965,37.25914],[34.62349,37.25606],[34.62483,37.2545],[34.62503,37.25256],[34.62605,37.24974],[34.62753,37.24889],[34.6279,37.24825],[34.62759,37.24733],[34.62812,37.24368],[34.63004,37.24028],[34.62948,37.24035],[34.629,37.23926],[34.62901,37.23729],[34.62899,37.23767],[34.631,37.23596],[34.63146,37.23297],[34.63329,37.23216],[34.63337,37.23037],[34.63371,37.23015],[34.63357,37.2314],[34.6354,37.22843],[34.6357,37.22635],[34.63669,37.22585],[34.63687,37.22391],[34.6388,37.22205],[34.63827,37.22066],[34.63941,37.21909],[34.63915,37.21809],[34.63796,37.21673],[34.63773,37.21496],[34.63682,37.21452],[34.63657,37.21279],[34.63547,37.21214],[34.6347,37.21071],[34.63473,37.20884],[34.6356,37.20625],[34.63672,37.20515],[34.63635,37.20404],[34.63686,37.20333],[34.63547,37.2022],[34.63484,37.20107],[34.63385,37.20098],[34.63498,37.20055],[34.6356,37.20109],[34.63658,37.20109],[34.63736,37.20153],[34.63778,37.20061],[34.63728,37.20084],[34.63603,37.20056],[34.63731,37.20036],[34.63622,37.20011],[34.63581,37.19953],[34.63403,37.19945],[34.63602,37.19901],[34.63407,37.19886],[34.63207,37.19753],[34.62966,37.19678],[34.63127,37.19681],[34.63032,37.19618],[34.62908,37.19621],[34.63118,37.19588],[34.63028,37.1955],[34.62958,37.19565],[34.6315,37.19496],[34.63291,37.19341],[34.63398,37.1943],[34.63745,37.19482],[34.64413,37.19527],[34.64605,37.19444],[34.64529,37.19221],[34.64558,37.19088],[34.64481,37.18969],[34.64318,37.18864],[34.64311,37.18763],[34.64237,37.18743],[34.64255,37.1866],[34.64366,37.18545],[34.64172,37.18219],[34.64051,37.17666],[34.64209,37.17588],[34.6431,37.17426],[34.64435,37.17332],[34.64472,37.17197],[34.64577,37.17205],[34.64696,37.1715],[34.64823,37.17177],[34.65753,37.16993],[34.66765,37.16636],[34.66969,37.16503],[34.66983,37.1633],[34.67087,37.16168],[34.67007,37.16144],[34.67015,37.16087],[34.67147,37.16053],[34.67078,37.15894],[34.67094,37.15802],[34.66988,37.15704],[34.67038,37.15624],[34.67024,37.1553],[34.66856,37.154],[34.67316,37.15409],[34.67417,37.15347],[34.67387,37.15111],[34.67721,37.1518],[34.67778,37.15163],[34.67784,37.15075],[34.67845,37.15011],[34.67993,37.15001],[34.68165,37.14927],[34.68344,37.14978],[34.68585,37.15133],[34.68943,37.15087],[34.69086,37.14956],[34.69254,37.14682],[34.69377,37.146],[34.69434,37.14595],[34.69846,37.14825],[34.7044,37.15224],[34.70515,37.15243],[34.70635,37.15197],[34.70691,37.15265],[34.70851,37.15041],[34.70962,37.15065],[34.71012,37.15206],[34.71347,37.15434],[34.71358,37.15597],[34.71423,37.15566],[34.71525,37.15228],[34.71442,37.14902],[34.71359,37.1484],[34.7162,37.14775],[34.71911,37.14768],[34.72051,37.14707],[34.72487,37.14722],[34.72641,37.14587],[34.72803,37.14587],[34.7295,37.14417],[34.73022,37.1446],[34.73208,37.14391],[34.73343,37.14383],[34.73615,37.14224],[34.73724,37.14238],[34.73821,37.14486],[34.73819,37.14614],[34.73906,37.14662],[34.73981,37.14646],[34.73982,37.14547],[34.74148,37.14506],[34.74244,37.1475],[34.74504,37.14768],[34.74671,37.15009],[34.74781,37.14939],[34.74895,37.15172],[34.74893,37.15248],[34.75073,37.15368],[34.75294,37.15645],[34.75451,37.15925],[34.75403,37.1603],[34.75201,37.16204],[34.75187,37.16512],[34.75362,37.16773],[34.75363,37.16961],[34.75798,37.16945],[34.75818,37.16872],[34.75742,37.16792],[34.75735,37.16704],[34.75819,37.16577],[34.76001,37.16657],[34.76138,37.16671],[34.76175,37.16452],[34.76044,37.1626],[34.76015,37.16146],[34.76172,37.16027],[34.76494,37.16045],[34.76424,37.15935],[34.76529,37.15816],[34.76614,37.1583],[34.76692,37.1578],[34.76913,37.15756],[34.77035,37.1581],[34.77141,37.15742],[34.77137,37.15688],[34.77199,37.15646],[34.7732,37.15687],[34.77422,37.1588],[34.77594,37.15897],[34.77714,37.15833],[34.78021,37.15541],[34.78503,37.15402],[34.78703,37.15227],[34.78909,37.15264],[34.79173,37.15126],[34.79329,37.15126],[34.79458,37.15058],[34.79552,37.15058],[34.79584,37.15129],[34.79823,37.15064],[34.80536,37.15321],[34.80577,37.15399],[34.80652,37.15428],[34.80732,37.15284],[34.80714,37.15096],[34.80766,37.15076],[34.80868,37.15116],[34.8096,37.15243],[34.80945,37.15836],[34.80983,37.15978],[34.81088,37.16019],[34.81138,37.15916],[34.81087,37.15714],[34.81186,37.15665],[34.81164,37.15616],[34.81222,37.15579],[34.81269,37.15428],[34.81362,37.15348],[34.81322,37.1527],[34.81606,37.15004],[34.81722,37.14723],[34.81793,37.14672],[34.8247,37.1447],[34.83114,37.14568],[34.8339,37.14567],[34.83637,37.14446],[34.84097,37.13893],[34.84549,37.13527],[34.84663,37.13475],[34.85098,37.13509],[34.85353,37.1349],[34.86187,37.13195],[34.86639,37.13144],[34.86752,37.13094],[34.87229,37.12705],[34.87702,37.1256],[34.87984,37.12375],[34.88553,37.12127],[34.8936,37.11255],[34.89407,37.11151],[34.89478,37.1114],[34.89407,37.11153],[34.8941,37.11215],[34.88654,37.12054],[34.88435,37.12209],[34.88229,37.12291],[34.88204,37.1236],[34.88344,37.13004],[34.88461,37.13124],[34.88623,37.13399],[34.88639,37.13516],[34.88978,37.14243],[34.88946,37.1436],[34.89006,37.14412],[34.89127,37.144],[34.8955,37.14493],[34.90008,37.14806],[34.90226,37.14841],[34.90753,37.1471],[34.91112,37.1492],[34.91321,37.14987],[34.91379,37.15087],[34.91299,37.15371],[34.91472,37.15779],[34.91615,37.1592],[34.91584,37.15992],[34.91388,37.16051],[34.91446,37.16167],[34.91396,37.16324],[34.9119,37.16512],[34.91147,37.16773],[34.91503,37.16555],[34.91734,37.16462],[34.9192,37.16452],[34.92001,37.16689],[34.92463,37.16896],[34.92562,37.17648],[34.92749,37.17771],[34.92748,37.17893],[34.92867,37.17962],[34.93292,37.18558],[34.93302,37.18655],[34.9341,37.18697],[34.93631,37.18898],[34.93709,37.19127],[34.94362,37.1941],[34.9452,37.19545],[34.9452,37.19648],[34.94696,37.19724],[34.94952,37.19741],[34.9506,37.19638],[34.95317,37.19713],[34.95347,37.19785],[34.9532,37.19902],[34.95426,37.20069],[34.95651,37.20185],[34.96005,37.20155],[34.9623,37.20205],[34.96512,37.20185],[34.96686,37.20264],[34.9704,37.20487],[34.97212,37.2069],[34.97242,37.20789],[34.97355,37.20856],[34.97284,37.20828],[34.97725,37.21478],[34.97873,37.21501],[34.98231,37.217],[34.98306,37.21831],[34.9811,37.22049],[34.98209,37.22029],[34.98286,37.22056],[34.98649,37.22383],[34.98557,37.22555],[34.98411,37.22567],[34.9821,37.22674],[34.98173,37.22857],[34.98003,37.22951],[34.9794,37.23184],[34.97845,37.2324],[34.9781,37.23335],[34.97843,37.23495],[34.97787,37.23599],[34.97787,37.23787],[34.97691,37.24177],[34.97632,37.24256],[34.975,37.24318],[34.97285,37.24357],[34.9749,37.24433],[34.97646,37.24415],[34.97725,37.24561],[34.97991,37.24644],[34.98063,37.24716],[34.98013,37.24863]]}},{"type":"Feature","properties":{"name":"TET_TR-16-S_20240614","country":"TR","lengthKm":96.4},"geometry":{"type":"LineString","coordinates":[[34.98011,37.24862],[34.9812,37.25079],[34.98128,37.25338],[34.98055,37.2541],[34.98223,37.25418],[34.9842,37.25501],[34.98502,37.25586],[34.98508,37.25668],[34.98565,37.25696],[34.98846,37.2563],[34.99022,37.25716],[34.98899,37.26055],[34.9901,37.26076],[34.99073,37.25997],[34.99178,37.25988],[34.99365,37.26093],[34.99871,37.26117],[34.99565,37.26092],[34.99867,37.26127],[34.99701,37.26127],[34.99547,37.26225],[34.99386,37.26228],[34.99349,37.26286],[34.995,37.26403],[34.99411,37.26457],[34.99407,37.26501],[34.99664,37.26517],[34.99825,37.26635],[34.99744,37.26762],[34.99968,37.26804],[35.00019,37.26844],[34.99951,37.26953],[34.9996,37.27138],[35.00094,37.2744],[34.99941,37.27581],[34.99833,37.27796],[34.99799,37.2797],[35.00029,37.28058],[35.00061,37.28285],[35.0018,37.28514],[35.00443,37.28678],[35.00653,37.28665],[35.00826,37.28703],[35.01135,37.28843],[35.01245,37.28857],[35.01671,37.2906],[35.01944,37.29239],[35.01839,37.29269],[35.01595,37.29473],[35.01447,37.29679],[35.01246,37.29698],[35.01214,37.29625],[35.01102,37.29576],[35.00984,37.29457],[35.00779,37.2951],[35.00718,37.29679],[35.00586,37.29807],[35.00544,37.29963],[35.00403,37.30078],[35.00416,37.30568],[35.00384,37.3063],[35.00426,37.30755],[35.00363,37.3079],[35.00236,37.30663],[35.0026,37.30807],[35.00223,37.30853],[34.99908,37.30896],[34.99745,37.30854],[34.99743,37.3097],[34.99829,37.31067],[34.99766,37.31126],[34.99471,37.31061],[34.99413,37.31073],[34.99385,37.31153],[34.99256,37.31202],[34.99107,37.31132],[34.98905,37.31168],[34.98972,37.30868],[34.98792,37.3085],[34.98747,37.30699],[34.98607,37.30688],[34.98569,37.30383],[34.98296,37.30154],[34.97947,37.30113],[34.97709,37.30198],[34.97504,37.30149],[34.97261,37.30281],[34.97224,37.30275],[34.97219,37.30221],[34.96834,37.30442],[34.96904,37.30482],[34.96921,37.3055],[34.96728,37.3069],[34.96689,37.30852],[34.96709,37.31023],[34.96591,37.31122],[34.96488,37.31124],[34.96443,37.31224],[34.96287,37.31355],[34.96294,37.31422],[34.96213,37.31429],[34.96307,37.31582],[34.96178,37.31702],[34.96072,37.31681],[34.95839,37.31397],[34.9538,37.31406],[34.94845,37.31202],[34.94688,37.31227],[34.94678,37.31275],[34.94767,37.31274],[34.94821,37.31315],[34.94603,37.31467],[34.94745,37.31617],[34.94599,37.31832],[34.94793,37.31926],[34.94862,37.32005],[34.94927,37.32005],[34.94933,37.32086],[34.94849,37.32179],[34.94894,37.32239],[34.94806,37.32493],[34.94793,37.32686],[34.94631,37.32874],[34.94522,37.32899],[34.9408,37.32871],[34.93721,37.32744],[34.94082,37.32874],[34.94548,37.32901],[34.94649,37.32867],[34.94801,37.32692],[34.94815,37.32502],[34.94901,37.32265],[34.94902,37.32204],[34.94858,37.3218],[34.94944,37.32083],[34.94943,37.3201],[34.94879,37.32012],[34.94807,37.31935],[34.94612,37.31841],[34.94754,37.3162],[34.94607,37.31486],[34.94832,37.31319],[34.94779,37.31268],[34.94679,37.31272],[34.94688,37.31226],[34.94846,37.31205],[34.95357,37.31402],[34.95852,37.31406],[34.95975,37.3159],[34.9613,37.31699],[34.96241,37.31673],[34.96308,37.31592],[34.96224,37.3148],[34.96298,37.31428],[34.96307,37.31506],[34.96405,37.31559],[34.96318,37.31652],[34.96301,37.31762],[34.96207,37.31804],[34.96017,37.3179],[34.96144,37.31941],[34.96432,37.32033],[34.96489,37.32089],[34.96632,37.3209],[34.96584,37.31997],[34.96721,37.32019],[34.96832,37.32102],[34.96913,37.32268],[34.97292,37.32439],[34.97384,37.32396],[34.97531,37.32744],[34.97425,37.32849],[34.97424,37.32944],[34.97563,37.33196],[34.97737,37.33346],[34.97798,37.33548],[34.9753,37.33689],[34.97592,37.33711],[34.97167,37.33827],[34.9752,37.34058],[34.97259,37.33999],[34.97022,37.3399],[34.97097,37.34103],[34.96822,37.34206],[34.9629,37.34081],[34.96227,37.33997],[34.95995,37.34298],[34.96067,37.34467],[34.95905,37.34482],[34.96109,37.34642],[34.96233,37.34691],[34.96485,37.34624],[34.96236,37.34946],[34.96241,37.35069],[34.96142,37.35166],[34.9604,37.35398],[34.95762,37.35535],[34.95659,37.35686],[34.95678,37.35837],[34.95553,37.35963],[34.95384,37.36],[34.95187,37.3596],[34.95029,37.35993],[34.94837,37.35915],[34.94721,37.3577],[34.94472,37.35645],[34.94165,37.35579],[34.94067,37.35576],[34.9377,37.35856],[34.93671,37.35473],[34.93602,37.35737],[34.93417,37.35361],[34.93358,37.35617],[34.93275,37.35673],[34.93294,37.35486],[34.93198,37.35628],[34.93129,37.35653],[34.92967,37.35908],[34.93375,37.36227],[34.93354,37.36295],[34.93207,37.36343],[34.93124,37.36434],[34.93198,37.36272],[34.92978,37.36218],[34.92949,37.36174],[34.92744,37.36184],[34.92659,37.36103],[34.92308,37.36121],[34.9221,37.36021],[34.92244,37.35832],[34.92077,37.35573],[34.92329,37.35495],[34.92238,37.35472],[34.92296,37.35453],[34.92207,37.35398],[34.92087,37.3537],[34.91822,37.35386],[34.91665,37.35435],[34.91515,37.35375],[34.91428,37.35552],[34.91562,37.35679],[34.91539,37.35789],[34.91624,37.35918],[34.91459,37.35971],[34.91625,37.35921],[34.9154,37.35789],[34.91562,37.35682],[34.91426,37.35546],[34.91523,37.35433],[34.91512,37.35366],[34.9166,37.3543],[34.92089,37.35369],[34.92209,37.35397],[34.92294,37.35455],[34.92239,37.35471],[34.92332,37.35493],[34.9207,37.3558],[34.92217,37.35755],[34.92237,37.3598],[34.92196,37.36034],[34.92365,37.36132],[34.92659,37.3611],[34.9272,37.3619],[34.92948,37.36174],[34.92974,37.3622],[34.93164,37.36248],[34.93198,37.36269],[34.93119,37.36374],[34.93124,37.36436],[34.93209,37.36342],[34.9337,37.36278],[34.93378,37.3622],[34.9318,37.361],[34.92967,37.35902],[34.93292,37.35488],[34.93273,37.35672],[34.93354,37.35618],[34.93421,37.35366],[34.93589,37.35743],[34.93631,37.35458],[34.93764,37.35858],[34.94063,37.35577],[34.94394,37.35621],[34.94717,37.35767],[34.94833,37.35911],[34.95047,37.35996],[34.95193,37.3595],[34.95365,37.3601],[34.95597,37.35987],[34.95657,37.3613],[34.95877,37.36238],[34.96316,37.36328],[34.9657,37.36537],[34.97467,37.36674],[34.97582,37.36769],[34.98046,37.36907],[34.98351,37.36953],[34.98794,37.36806],[34.99106,37.36637],[34.99314,37.36707],[34.99456,37.36695],[34.99524,37.36849],[35.00016,37.3701],[35.00099,37.37196],[35.00176,37.37246],[35.00492,37.37122],[35.00609,37.37185],[35.00796,37.37192],[35.00808,37.37259],[35.00703,37.37463],[35.00727,37.37582],[35.00951,37.37794],[35.00967,37.37909],[35.00759,37.38052],[35.00665,37.38208],[35.00308,37.38313],[35.00177,37.38421],[35.00162,37.38474],[35.00199,37.38502],[35.00429,37.38579],[35.00381,37.38655],[35.00442,37.38698],[35.0049,37.38691],[35.00521,37.38599],[35.00695,37.38523],[35.00819,37.38563],[35.00931,37.38706],[35.00837,37.38728],[35.00731,37.38839],[35.01029,37.38855],[35.01251,37.38812],[35.01672,37.38856],[35.02389,37.38845],[35.0267,37.38887],[35.02847,37.38956],[35.02805,37.3877],[35.02851,37.38678],[35.02833,37.38511],[35.02885,37.38412],[35.02979,37.38897],[35.03122,37.39017],[35.04041,37.39335],[35.04289,37.39336],[35.04436,37.39461],[35.04624,37.39463],[35.04743,37.39561],[35.04802,37.3971],[35.04946,37.3987],[35.04922,37.40242],[35.04847,37.40523],[35.04879,37.40865],[35.04779,37.40939],[35.04857,37.41167],[35.04803,37.41278],[35.04373,37.41352],[35.04415,37.41539],[35.04472,37.41566],[35.04474,37.4161],[35.04404,37.41633],[35.04289,37.41821],[35.04239,37.41848],[35.04102,37.41832],[35.03969,37.41723],[35.03865,37.41728],[35.03743,37.41803],[35.03578,37.41758],[35.03309,37.41807],[35.02894,37.41791],[35.02725,37.41833],[35.02582,37.41791],[35.02465,37.417],[35.02205,37.41651],[35.01972,37.41548],[35.01258,37.41422],[35.00659,37.41556],[35.00476,37.41717],[35.00354,37.41718],[35.00512,37.41805],[35.00467,37.41851],[35.00516,37.41956],[35.00722,37.42085],[35.00714,37.42203],[35.00862,37.42297],[35.00856,37.42366],[35.01583,37.42595],[35.0168,37.42762],[35.01536,37.42869],[35.01468,37.43009],[35.01243,37.42993],[35.01319,37.43142],[35.01254,37.43244],[35.01145,37.4332],[35.00976,37.43277],[35.00859,37.43343],[35.00742,37.43429],[35.00715,37.43571],[35.00397,37.43522],[35.00337,37.43587],[34.99975,37.43712],[34.99879,37.43787],[35.00125,37.43708],[35.00203,37.4376],[35.00299,37.43931],[35.007,37.44005],[35.00829,37.43996],[35.00914,37.44046],[35.01072,37.43939],[35.01187,37.43981],[35.01354,37.43948],[35.01509,37.44078],[35.01724,37.44156],[35.01741,37.44402],[35.01863,37.44524],[35.01726,37.4448],[35.01845,37.44644],[35.01953,37.44678],[35.01984,37.44784],[35.02134,37.44896],[35.02365,37.44927],[35.02521,37.45061],[35.02511,37.4516],[35.02588,37.45158],[35.02602,37.45242],[35.0245,37.45351],[35.02348,37.45522],[35.0243,37.45764],[35.0264,37.45766],[35.0271,37.45833],[35.02764,37.45727],[35.02834,37.4569],[35.02772,37.45782],[35.028,37.45925],[35.02936,37.45666],[35.0302,37.45592],[35.03088,37.45601],[35.03264,37.45775],[35.03385,37.45808],[35.03428,37.45878],[35.0352,37.45913],[35.03517,37.4605],[35.03452,37.4601],[35.03439,37.46059],[35.03462,37.46091],[35.03595,37.46109],[35.03501,37.46156],[35.03483,37.46302],[35.03613,37.46428],[35.03657,37.46436],[35.03668,37.46382],[35.03725,37.4638],[35.03887,37.46509],[35.0392,37.46511],[35.03927,37.46463],[35.04048,37.46503],[35.04151,37.4662],[35.0423,37.4656],[35.04364,37.46581],[35.04358,37.46514],[35.04524,37.4653],[35.04837,37.46438],[35.05019,37.46573],[35.05086,37.465],[35.05163,37.46604],[35.05278,37.46648],[35.05499,37.46622],[35.0553,37.46585],[35.05517,37.46669],[35.05361,37.46786],[35.05269,37.46805],[35.05269,37.46871],[35.05381,37.46943],[35.05708,37.46956],[35.05748,37.47023],[35.05524,37.47109],[35.05519,37.47404],[35.05268,37.47485],[35.05261,37.47522],[35.05408,37.47545],[35.05301,37.4757],[35.05192,37.47547],[35.05227,37.47637],[35.05539,37.47637],[35.05612,37.4757],[35.05742,37.47548],[35.05933,37.47627],[35.06035,37.47497],[35.06306,37.47453],[35.06891,37.4754],[35.07073,37.47657],[35.07278,37.47721],[35.07254,37.47766],[35.07282,37.47753]]}},{"type":"Feature","properties":{"name":"TET_TR-17-S_20240614","country":"TR","lengthKm":71.8},"geometry":{"type":"LineString","coordinates":[[34.98013,37.24871],[34.97953,37.25],[34.9774,37.25057],[34.97695,37.24976],[34.97599,37.24981],[34.97562,37.25374],[34.97481,37.25483],[34.97292,37.25522],[34.9725,37.25433],[34.97356,37.2543],[34.97138,37.25257],[34.97028,37.25259],[34.96994,37.2532],[34.96911,37.2516],[34.96964,37.25128],[34.96899,37.2503],[34.96799,37.2502],[34.96703,37.24872],[34.96539,37.24821],[34.96355,37.24851],[34.96221,37.25026],[34.95664,37.25381],[34.95602,37.25531],[34.95355,37.25565],[34.95024,37.25844],[34.94918,37.25886],[34.9485,37.26049],[34.94958,37.26277],[34.94814,37.26428],[34.94938,37.26657],[34.94948,37.26794],[34.95045,37.26883],[34.95146,37.26896],[34.95145,37.26933],[34.95218,37.26929],[34.95223,37.27194],[34.95282,37.27297],[34.95469,37.27503],[34.95602,37.27576],[34.95512,37.27604],[34.95482,37.27721],[34.95337,37.2782],[34.95409,37.27798],[34.95389,37.27829],[34.95617,37.27905],[34.957,37.28026],[34.95823,37.28074],[34.95703,37.28096],[34.95641,37.28167],[34.95504,37.28525],[34.95502,37.28721],[34.9568,37.28949],[34.95663,37.29034],[34.95501,37.29074],[34.95323,37.2924],[34.95047,37.29233],[34.94934,37.29197],[34.94592,37.29203],[34.94551,37.29171],[34.94506,37.29222],[34.94561,37.29192],[34.94539,37.2916],[34.9448,37.29169],[34.94475,37.29209],[34.94362,37.29166],[34.94193,37.2921],[34.94031,37.29302],[34.938,37.29342],[34.93702,37.29452],[34.93609,37.29474],[34.93465,37.29588],[34.9344,37.29654],[34.92989,37.29956],[34.9279,37.30034],[34.92798,37.301],[34.92685,37.30181],[34.9268,37.3031],[34.92528,37.30236],[34.92517,37.30313],[34.92298,37.30356],[34.92331,37.30395],[34.92307,37.30442],[34.92188,37.30544],[34.92098,37.30531],[34.92033,37.30707],[34.91935,37.30791],[34.91875,37.30831],[34.91748,37.30821],[34.91766,37.30927],[34.91627,37.30959],[34.91501,37.31179],[34.91389,37.31241],[34.91213,37.31438],[34.90653,37.31733],[34.90598,37.31796],[34.90637,37.31853],[34.90499,37.32053],[34.90537,37.32076],[34.90526,37.32213],[34.90634,37.32397],[34.90594,37.32547],[34.90488,37.32605],[34.90475,37.32666],[34.91068,37.32965],[34.91384,37.33189],[34.91701,37.33286],[34.9186,37.33456],[34.91848,37.33518],[34.91898,37.33566],[34.91842,37.33662],[34.91624,37.33813],[34.91635,37.33921],[34.91425,37.34148],[34.91448,37.34226],[34.91353,37.34435],[34.91284,37.34445],[34.91334,37.34452],[34.91176,37.34845],[34.91056,37.35297],[34.91131,37.35555],[34.91204,37.35665],[34.91301,37.35689],[34.91442,37.35928],[34.91427,37.36183],[34.91338,37.36471],[34.91565,37.36903],[34.91601,37.37112],[34.91513,37.3737],[34.91292,37.37698],[34.91167,37.38012],[34.9116,37.38204],[34.91264,37.3839],[34.9125,37.3849],[34.91139,37.38759],[34.91123,37.39079],[34.90976,37.39416],[34.90797,37.39557],[34.90442,37.39709],[34.9021,37.39941],[34.89489,37.39825],[34.89234,37.39905],[34.89157,37.39951],[34.89075,37.40155],[34.89013,37.40209],[34.88899,37.40212],[34.88759,37.40307],[34.88508,37.40745],[34.88352,37.40854],[34.88111,37.40924],[34.87719,37.41274],[34.87698,37.41466],[34.87763,37.41462],[34.87688,37.41637],[34.87484,37.41884],[34.87415,37.42144],[34.8769,37.43398],[34.87675,37.43639],[34.87462,37.44166],[34.87437,37.44338],[34.8768,37.45555],[34.87682,37.45752],[34.87526,37.46156],[34.87412,37.46274],[34.87194,37.46396],[34.87374,37.46674],[34.87589,37.46727],[34.87955,37.46679],[34.88238,37.46739],[34.88829,37.47105],[34.89265,37.47228],[34.9015,37.47737],[34.90265,37.47828],[34.90488,37.48231],[34.90746,37.48446],[34.90909,37.48659],[34.91013,37.49134],[34.91106,37.49172],[34.91372,37.49144],[34.91441,37.49229],[34.91394,37.49417],[34.9142,37.49494],[34.91524,37.49554],[34.91628,37.49542],[34.91853,37.49402],[34.91987,37.49389],[34.92465,37.49506],[34.92555,37.49584],[34.92689,37.49929],[34.92922,37.50281],[34.9309,37.50707],[34.93152,37.50787],[34.93671,37.5115],[34.94027,37.5178],[34.9402,37.51945],[34.93766,37.52367],[34.93731,37.52495],[34.93766,37.53072],[34.9394,37.53459],[34.94156,37.53792],[34.94297,37.54216],[34.94549,37.54526],[34.94545,37.54745],[34.9486,37.54908],[34.95021,37.55038],[34.95065,37.55618],[34.95385,37.55609],[34.95677,37.55674],[34.95893,37.55663],[34.96173,37.55707],[34.96392,37.55814],[34.9701,37.55895],[34.97208,37.55997],[34.97376,37.55996],[34.97455,37.55842],[34.97538,37.55782],[34.97498,37.55674],[34.97573,37.55522],[34.97439,37.55516],[34.97392,37.55468],[34.97438,37.55293],[34.97528,37.55209],[34.97501,37.55091],[34.97669,37.54976],[34.97622,37.54796],[34.97922,37.54778],[34.98075,37.54621],[34.98161,37.54216],[34.98036,37.54084],[34.97976,37.53896],[34.98021,37.53802],[34.98376,37.53806],[34.98553,37.53889],[34.98804,37.53908],[34.98894,37.53996],[34.99033,37.53914],[34.99146,37.5377],[34.99238,37.53761],[34.99642,37.5384],[34.9973,37.53932],[34.99863,37.53989],[35.00035,37.5399],[35.00202,37.53889],[35.0057,37.53956],[35.00597,37.5379],[35.00695,37.53627],[35.00838,37.53501],[35.01058,37.53614],[35.01115,37.53933],[35.01294,37.537],[35.01329,37.53589],[35.014,37.53547],[35.0128,37.53466],[35.0139,37.53279],[35.01371,37.5309],[35.01528,37.53069],[35.01595,37.52908],[35.0161,37.52819],[35.01542,37.52659],[35.016,37.52572],[35.02135,37.52454],[35.02326,37.52488],[35.02418,37.52314],[35.0253,37.52276],[35.02601,37.52289],[35.02672,37.52366],[35.02817,37.52326],[35.03071,37.52325],[35.03237,37.52468],[35.03389,37.52344],[35.03376,37.52041],[35.03165,37.51894],[35.03137,37.5183],[35.03198,37.51777],[35.03209,37.51653],[35.03034,37.51498],[35.03058,37.51345],[35.03279,37.51122],[35.03354,37.51115],[35.03413,37.50978],[35.03601,37.50924],[35.03994,37.5093],[35.04128,37.50969],[35.04418,37.50948],[35.04785,37.51014],[35.05247,37.50987],[35.05637,37.51097],[35.05891,37.50999],[35.06263,37.51067],[35.06374,37.50832],[35.06644,37.50502],[35.06695,37.50119],[35.06821,37.49884],[35.06652,37.49553],[35.06615,37.49287],[35.06555,37.49224],[35.0669,37.49101],[35.06602,37.48935],[35.06847,37.4881],[35.06798,37.48518],[35.0666,37.48236],[35.06709,37.48169],[35.06948,37.48187],[35.07218,37.47973],[35.07246,37.47786],[35.07289,37.4775]]}},{"type":"Feature","properties":{"name":"TET_TR-18-S_20240614","country":"TR","lengthKm":220.2},"geometry":{"type":"LineString","coordinates":[[35.07289,37.4775],[35.07436,37.47836],[35.07756,37.47876],[35.08175,37.48046],[35.08362,37.47988],[35.08516,37.47989],[35.08714,37.4811],[35.0889,37.47997],[35.09255,37.4793],[35.0945,37.47983],[35.09568,37.47965],[35.102,37.48148],[35.10493,37.48119],[35.10641,37.48076],[35.10948,37.47893],[35.11306,37.47843],[35.11508,37.47895],[35.11664,37.48146],[35.1186,37.48095],[35.12402,37.48137],[35.12838,37.48302],[35.13077,37.48316],[35.13249,37.48453],[35.13616,37.4849],[35.13965,37.48444],[35.14459,37.48624],[35.14816,37.48832],[35.14963,37.49037],[35.15095,37.4905],[35.15208,37.49114],[35.15444,37.49651],[35.15391,37.49831],[35.15575,37.50083],[35.15635,37.50241],[35.15627,37.50349],[35.15766,37.50545],[35.15752,37.50704],[35.15498,37.51174],[35.15406,37.51241],[35.15381,37.5134],[35.15268,37.51495],[35.14944,37.51785],[35.14861,37.51812],[35.15048,37.51976],[35.14959,37.52148],[35.14856,37.52155],[35.14894,37.52271],[35.14662,37.52405],[35.14473,37.52891],[35.14548,37.53147],[35.14425,37.53549],[35.14464,37.53573],[35.14531,37.53508],[35.14663,37.53486],[35.14786,37.53516],[35.14796,37.53789],[35.15051,37.54004],[35.15069,37.54141],[35.15339,37.54226],[35.15588,37.5425],[35.15607,37.54329],[35.15505,37.54427],[35.15561,37.5461],[35.15495,37.54793],[35.155,37.5496],[35.15364,37.55169],[35.1547,37.55235],[35.15619,37.55089],[35.15829,37.54992],[35.16063,37.54991],[35.16438,37.55165],[35.16688,37.55351],[35.16939,37.5536],[35.17089,37.55297],[35.17326,37.55444],[35.17776,37.55619],[35.18208,37.55678],[35.183,37.55758],[35.18471,37.55718],[35.18832,37.55794],[35.19074,37.55876],[35.19446,37.56149],[35.19568,37.5612],[35.19806,37.5623],[35.20201,37.5632],[35.2034,37.56428],[35.20346,37.56535],[35.20325,37.56579],[35.20211,37.5657],[35.20373,37.5665],[35.20409,37.56731],[35.2087,37.56547],[35.21008,37.56538],[35.21185,37.56413],[35.21321,37.56374],[35.21442,37.56463],[35.2156,37.56463],[35.21873,37.56608],[35.22068,37.56651],[35.22216,37.56759],[35.22558,37.56893],[35.22688,37.57011],[35.22778,37.57353],[35.22876,37.57418],[35.22935,37.57564],[35.22914,37.57707],[35.22999,37.57896],[35.2356,37.58362],[35.23338,37.58621],[35.23635,37.58571],[35.23706,37.58579],[35.23739,37.58638],[35.2374,37.58785],[35.23698,37.58848],[35.23863,37.59099],[35.23886,37.59252],[35.23755,37.59705],[35.23948,37.59558],[35.24081,37.59541],[35.24275,37.59872],[35.24432,37.60035],[35.24431,37.60151],[35.24609,37.60204],[35.24923,37.60117],[35.25226,37.5989],[35.25357,37.59673],[35.2556,37.59605],[35.25779,37.594],[35.25921,37.59385],[35.26177,37.59254],[35.26339,37.5904],[35.26641,37.58905],[35.26961,37.5891],[35.27331,37.58787],[35.27708,37.58575],[35.28109,37.58449],[35.28564,37.58157],[35.29339,37.5794],[35.29655,37.57809],[35.29757,37.57723],[35.29926,37.57742],[35.30196,37.5767],[35.30263,37.57682],[35.30358,37.57799],[35.30536,37.57858],[35.30738,37.57985],[35.3086,37.58035],[35.31031,37.58024],[35.3108,37.58068],[35.31041,37.58196],[35.31151,37.5839],[35.31255,37.58389],[35.31351,37.58324],[35.3171,37.58242],[35.31806,37.57991],[35.31987,37.57904],[35.3203,37.57741],[35.32312,37.576],[35.32521,37.57355],[35.32602,37.57306],[35.32869,37.57283],[35.33183,37.57108],[35.33603,37.56993],[35.33732,37.56799],[35.34146,37.56476],[35.34202,37.56355],[35.34489,37.56086],[35.34564,37.55953],[35.34628,37.55903],[35.34908,37.55833],[35.35022,37.55697],[35.351,37.55675],[35.35303,37.55796],[35.35522,37.55867],[35.35737,37.55869],[35.35899,37.55927],[35.36229,37.55966],[35.36445,37.5589],[35.36663,37.559],[35.36743,37.5598],[35.36982,37.55911],[35.37137,37.55601],[35.37271,37.55521],[35.37436,37.55453],[35.37593,37.55487],[35.37597,37.55581],[35.37683,37.55592],[35.38019,37.55472],[35.38171,37.55241],[35.38245,37.55241],[35.38356,37.55333],[35.38614,37.55377],[35.38596,37.55467],[35.38789,37.55654],[35.39138,37.55746],[35.39187,37.5571],[35.39033,37.55565],[35.39011,37.55478],[35.39145,37.55149],[35.39326,37.55024],[35.39517,37.54685],[35.3945,37.54531],[35.39639,37.5447],[35.40287,37.5444],[35.40347,37.54375],[35.40523,37.54355],[35.40636,37.54384],[35.40681,37.54342],[35.40538,37.54257],[35.40374,37.54238],[35.40019,37.54101],[35.40061,37.53985],[35.40007,37.54102],[35.40198,37.54217],[35.4048,37.5425],[35.40648,37.54312],[35.40651,37.54387],[35.40432,37.54345],[35.40274,37.54437],[35.39625,37.54474],[35.39451,37.54517],[35.39523,37.54662],[35.39492,37.54727],[35.39557,37.54713],[35.39503,37.54628],[35.3952,37.54686],[35.39332,37.55019],[35.39259,37.55096],[35.39141,37.5514],[35.39085,37.55376],[35.39026,37.55444],[35.39039,37.55574],[35.39232,37.55747],[35.39289,37.55863],[35.39246,37.55987],[35.39281,37.56058],[35.39136,37.56207],[35.3923,37.56466],[35.39191,37.56649],[35.39275,37.5675],[35.39402,37.56729],[35.39198,37.56945],[35.39532,37.56629],[35.39556,37.56809],[35.39652,37.56962],[35.39876,37.5698],[35.40065,37.56886],[35.40145,37.56893],[35.4053,37.57175],[35.40417,37.57333],[35.40404,37.57432],[35.40514,37.57474],[35.40697,37.57429],[35.40672,37.57538],[35.40755,37.57633],[35.40924,37.57686],[35.40933,37.57731],[35.41217,37.57849],[35.41339,37.57837],[35.41689,37.57892],[35.41825,37.57726],[35.4198,37.57638],[35.41838,37.57813],[35.41885,37.57829],[35.42058,37.57772],[35.42152,37.57648],[35.42432,37.57491],[35.42549,37.5748],[35.42591,37.57438],[35.42729,37.57452],[35.4286,37.57522],[35.42905,37.57615],[35.43008,37.5768],[35.43037,37.57812],[35.43362,37.5794],[35.4339,37.58036],[35.43353,37.58068],[35.43414,37.58152],[35.4346,37.58375],[35.43575,37.58207],[35.43752,37.58196],[35.43788,37.58081],[35.4387,37.58036],[35.43899,37.58126],[35.44074,37.58155],[35.44165,37.58257],[35.44288,37.58248],[35.44313,37.58296],[35.44424,37.58289],[35.4445,37.58336],[35.44572,37.58348],[35.44602,37.58447],[35.44688,37.58492],[35.4476,37.58791],[35.45008,37.58743],[35.45186,37.58785],[35.45271,37.58895],[35.45431,37.58863],[35.4554,37.58886],[35.45649,37.59015],[35.45737,37.58942],[35.45851,37.5893],[35.45929,37.58961],[35.45927,37.5905],[35.45987,37.59135],[35.45914,37.59195],[35.45836,37.59377],[35.45922,37.59435],[35.45809,37.59536],[35.45729,37.5974],[35.45859,37.59729],[35.45961,37.59668],[35.462,37.59669],[35.46216,37.59859],[35.46171,37.59954],[35.4594,37.60126],[35.45977,37.60252],[35.46129,37.60159],[35.46294,37.60199],[35.46341,37.60283],[35.46571,37.60253],[35.46694,37.60299],[35.46758,37.60376],[35.46717,37.60519],[35.46807,37.60597],[35.46879,37.60543],[35.47017,37.6063],[35.4713,37.60637],[35.47174,37.60756],[35.4734,37.60794],[35.4737,37.60834],[35.47485,37.60847],[35.47676,37.60781],[35.47832,37.60799],[35.47857,37.61056],[35.47911,37.61059],[35.48056,37.60887],[35.48156,37.60908],[35.48225,37.60996],[35.48496,37.61175],[35.48446,37.61309],[35.48551,37.61344],[35.48624,37.61526],[35.48529,37.61771],[35.48712,37.61755],[35.48789,37.61824],[35.48813,37.61919],[35.48919,37.61923],[35.49022,37.61987],[35.49139,37.61953],[35.49349,37.62007],[35.49469,37.62173],[35.49628,37.6221],[35.49757,37.62532],[35.49736,37.62626],[35.49834,37.62678],[35.49808,37.62856],[35.50105,37.62838],[35.50265,37.62961],[35.50393,37.63168],[35.50507,37.63212],[35.50595,37.63299],[35.50611,37.63343],[35.50555,37.63365],[35.50415,37.63378],[35.50311,37.6333],[35.50141,37.63365],[35.50004,37.63512],[35.49893,37.63524],[35.49755,37.63621],[35.49715,37.63535],[35.49663,37.63518],[35.49563,37.63632],[35.49458,37.63682],[35.49351,37.63678],[35.49206,37.6347],[35.49224,37.63605],[35.49141,37.6378],[35.48859,37.63765],[35.48873,37.63797],[35.49303,37.63999],[35.49496,37.63978],[35.49818,37.64054],[35.5,37.6406],[35.50166,37.64135],[35.50455,37.64126],[35.50753,37.64051],[35.50898,37.64079],[35.51017,37.64054],[35.5139,37.64149],[35.51476,37.64266],[35.51762,37.64346],[35.52128,37.64864],[35.52149,37.64931],[35.52055,37.6501],[35.51984,37.65186],[35.51605,37.65172],[35.5154,37.65202],[35.51494,37.65303],[35.5154,37.65348],[35.51529,37.65416],[35.51631,37.65527],[35.51644,37.65738],[35.51492,37.65786],[35.51387,37.65946],[35.51254,37.65894],[35.51182,37.65942],[35.5105,37.6609],[35.51065,37.66148],[35.50953,37.66202],[35.509,37.66287],[35.50915,37.66415],[35.50833,37.66448],[35.50771,37.66424],[35.50729,37.66336],[35.50772,37.66525],[35.50643,37.66522],[35.50418,37.66432],[35.50196,37.66437],[35.50099,37.66449],[35.49978,37.66559],[35.49852,37.66456],[35.49663,37.66404],[35.49506,37.66289],[35.49443,37.66302],[35.49289,37.66244],[35.48895,37.66316],[35.48858,37.66543],[35.48627,37.66492],[35.48451,37.66552],[35.48406,37.66537],[35.48528,37.6638],[35.48539,37.66281],[35.48287,37.66258],[35.48261,37.66156],[35.483,37.66051],[35.48253,37.66016],[35.48172,37.65974],[35.4801,37.66106],[35.47929,37.6608],[35.47793,37.66111],[35.47542,37.66097],[35.47432,37.65879],[35.47249,37.66265],[35.47121,37.66299],[35.47174,37.6634],[35.47402,37.66303],[35.47546,37.66427],[35.47557,37.66521],[35.4766,37.66605],[35.47716,37.66738],[35.4779,37.66748],[35.47785,37.66797],[35.47643,37.66882],[35.47667,37.67017],[35.47585,37.67167],[35.47562,37.67344],[35.47389,37.67368],[35.4738,37.67418],[35.47468,37.67498],[35.47434,37.67618],[35.47539,37.67667],[35.48103,37.67387],[35.48233,37.67426],[35.48515,37.67694],[35.48715,37.67824],[35.48671,37.67892],[35.48763,37.68186],[35.48968,37.68249],[35.48884,37.68358],[35.48927,37.68431],[35.48887,37.6856],[35.48983,37.68717],[35.4896,37.68572],[35.49054,37.68413],[35.49112,37.68522],[35.49152,37.68291],[35.49216,37.68235],[35.48985,37.68038],[35.48993,37.67978],[35.49197,37.67918],[35.49216,37.67825],[35.49254,37.67856],[35.4924,37.68],[35.49407,37.68057],[35.49365,37.6798],[35.49413,37.67966],[35.49839,37.67999],[35.49973,37.68069],[35.49994,37.68132],[35.50038,37.68115],[35.5022,37.68238],[35.50226,37.68346],[35.50208,37.68388],[35.50183,37.6832],[35.50135,37.68331],[35.5008,37.68587],[35.50139,37.68799],[35.5025,37.68896],[35.50448,37.68922],[35.5044,37.68953],[35.50346,37.68964],[35.50472,37.68942],[35.50229,37.68879],[35.50139,37.68796],[35.50105,37.68817],[35.50044,37.68957],[35.49856,37.69101],[35.49737,37.69123],[35.4921,37.69615],[35.49181,37.69709],[35.49267,37.70109],[35.49161,37.70341],[35.48845,37.70504],[35.48574,37.70497],[35.48421,37.70547],[35.48073,37.70808],[35.47999,37.71067],[35.47856,37.71138],[35.47747,37.71136],[35.47765,37.71426],[35.48015,37.71822],[35.47968,37.71922],[35.47557,37.72154],[35.47581,37.72191],[35.47677,37.72164],[35.47567,37.72333],[35.47586,37.72451],[35.47608,37.72481],[35.47663,37.72466],[35.47666,37.72398],[35.47824,37.7235],[35.47892,37.72212],[35.47912,37.72374],[35.47874,37.72425],[35.47951,37.724],[35.47966,37.72272],[35.48026,37.72225],[35.48087,37.72436],[35.48108,37.7236],[35.48145,37.72465],[35.48198,37.7238],[35.48163,37.72504],[35.48106,37.7254],[35.48172,37.72808],[35.48031,37.72854],[35.47941,37.73116],[35.47957,37.73216],[35.48143,37.73086],[35.48393,37.72991],[35.48248,37.73251],[35.4818,37.73491],[35.47846,37.73817],[35.47826,37.74012],[35.47571,37.74195],[35.47532,37.74277],[35.47359,37.74236],[35.47309,37.74258],[35.47167,37.7453],[35.47102,37.74439],[35.4707,37.74531],[35.47023,37.74454],[35.46922,37.7472],[35.47141,37.74856],[35.46922,37.74797],[35.46875,37.74836],[35.46837,37.74816],[35.46877,37.74861],[35.46913,37.74822],[35.47077,37.74932],[35.47173,37.74946],[35.47203,37.75035],[35.4731,37.75065],[35.47319,37.75282],[35.47458,37.75418],[35.47425,37.75515],[35.47321,37.75563],[35.4737,37.75616],[35.47309,37.75758],[35.47363,37.75775],[35.471,37.75826],[35.47034,37.75808],[35.46977,37.7589],[35.46941,37.75856],[35.46909,37.75945],[35.46977,37.7608],[35.47045,37.7607],[35.46969,37.76192],[35.46832,37.76069],[35.46664,37.76018],[35.46641,37.76055],[35.46691,37.76189],[35.46671,37.76281],[35.46529,37.76359],[35.46522,37.76413],[35.46595,37.76549],[35.46621,37.76748],[35.46607,37.76799],[35.46492,37.76788],[35.46477,37.76838],[35.46464,37.77067],[35.4653,37.77206],[35.46441,37.77281],[35.46269,37.77295],[35.46078,37.77197],[35.45899,37.77227],[35.45958,37.7736],[35.46182,37.7762],[35.46305,37.77869],[35.46296,37.7791],[35.46175,37.77964],[35.46192,37.78071],[35.45945,37.78131],[35.45821,37.78094],[35.45544,37.78221],[35.45483,37.78208],[35.45393,37.78072],[35.45505,37.77993],[35.45462,37.77951],[35.45554,37.7792],[35.45483,37.77845],[35.44848,37.78074],[35.44707,37.78071],[35.44663,37.78102],[35.44644,37.77971],[35.44749,37.77916],[35.44738,37.77844],[35.44605,37.77882],[35.44338,37.77825],[35.44055,37.7763],[35.44055,37.77575],[35.43898,37.77538],[35.43849,37.77417],[35.43811,37.77396],[35.43706,37.77443],[35.43654,37.77428],[35.43529,37.7725],[35.4307,37.77063],[35.42933,37.77048],[35.43046,37.7709],[35.43281,37.7733],[35.43165,37.77307],[35.42905,37.77171],[35.42843,37.77187],[35.43077,37.77338],[35.43185,37.77458],[35.42975,37.77389],[35.42786,37.77441],[35.42641,37.77344],[35.42715,37.77499],[35.42933,37.77605],[35.43011,37.77752],[35.43133,37.77722],[35.4328,37.77787],[35.43227,37.77927],[35.43412,37.7792],[35.43427,37.77967],[35.43334,37.78067],[35.43421,37.78121],[35.4327,37.78128],[35.43233,37.78065],[35.43168,37.78136],[35.43172,37.78173],[35.43287,37.78209],[35.4337,37.78341],[35.43329,37.78377],[35.42789,37.78159],[35.42653,37.78007],[35.4245,37.77869],[35.424,37.77895],[35.42106,37.778],[35.41931,37.77864],[35.41866,37.77847],[35.41882,37.77671],[35.41678,37.77559],[35.41545,37.77424],[35.41483,37.77424],[35.41383,37.77356],[35.41328,37.77003],[35.41071,37.77071],[35.40927,37.76977],[35.40807,37.76994],[35.40726,37.76924],[35.40613,37.76946],[35.40452,37.76776],[35.40382,37.76768],[35.39521,37.77018],[35.39501,37.77211],[35.39263,37.77538],[35.3905,37.7802],[35.38886,37.78146],[35.38443,37.7834],[35.38414,37.78435],[35.38348,37.78481],[35.38015,37.7849],[35.37722,37.7886],[35.3722,37.78881],[35.36983,37.78935],[35.3688,37.79026],[35.36768,37.78935],[35.36616,37.78915],[35.36465,37.78797],[35.35975,37.7854],[35.35837,37.7854],[35.35675,37.78478],[35.35245,37.78638],[35.34723,37.78669],[35.34386,37.78769],[35.33965,37.78797],[35.33722,37.78923],[35.33561,37.79099],[35.3348,37.79118],[35.33269,37.79146],[35.32916,37.79067],[35.32909,37.7912],[35.33117,37.79218],[35.33532,37.793],[35.33672,37.79497],[35.33655,37.79671],[35.33716,37.79833],[35.33674,37.79931],[35.337,37.8023],[35.33772,37.80277],[35.33845,37.80268],[35.33877,37.80324],[35.33847,37.80451],[35.33416,37.80436],[35.33317,37.80314],[35.3339,37.80174],[35.33364,37.80125],[35.33244,37.80142],[35.33167,37.80252],[35.33072,37.80305],[35.33023,37.80462],[35.3274,37.80438],[35.32628,37.80449],[35.32594,37.80509],[35.32506,37.80511],[35.32407,37.80449],[35.32375,37.80368],[35.32228,37.80412],[35.32199,37.80479],[35.32127,37.80401],[35.3221,37.80287],[35.32169,37.80141],[35.32047,37.79962],[35.321,37.79831],[35.32156,37.79797],[35.32143,37.79758],[35.31886,37.80082],[35.31912,37.80349],[35.31814,37.80543],[35.31456,37.80399],[35.31349,37.80205],[35.31491,37.80159],[35.31493,37.80106],[35.31322,37.80046],[35.31109,37.80111],[35.31151,37.80401],[35.3094,37.80284],[35.30964,37.80171],[35.30856,37.80127],[35.30701,37.80243],[35.30632,37.80198],[35.30396,37.80314],[35.30131,37.80301],[35.30124,37.80194],[35.30356,37.79948],[35.30332,37.79892],[35.30147,37.7992],[35.29938,37.79863],[35.29579,37.79844],[35.28894,37.80338],[35.2815,37.80308],[35.28018,37.80413],[35.28046,37.80625],[35.27851,37.80711],[35.28341,37.80952],[35.28364,37.81088],[35.28283,37.81188],[35.28009,37.81121],[35.28012,37.81049],[35.27633,37.81155],[35.27229,37.81157],[35.26731,37.81091],[35.26483,37.80962],[35.2589,37.8102],[35.25351,37.81],[35.25218,37.81104],[35.2513,37.81042],[35.25011,37.81111],[35.24906,37.81093],[35.24785,37.81146],[35.24335,37.81113],[35.2429,37.81144],[35.24403,37.81107],[35.24782,37.81145],[35.24923,37.81091],[35.25012,37.81107],[35.2513,37.81041],[35.25222,37.81105],[35.25349,37.80997],[35.2589,37.8102],[35.26483,37.80962],[35.26731,37.81091],[35.27229,37.81157],[35.27633,37.81155],[35.28002,37.81059],[35.2801,37.8112],[35.28283,37.8118],[35.28359,37.81089],[35.28308,37.80944],[35.2786,37.80711],[35.28033,37.80565],[35.28145,37.80297],[35.28894,37.80338],[35.29228,37.80052],[35.29484,37.79894],[35.2977,37.79849],[35.30126,37.79908],[35.30328,37.79889],[35.3037,37.79931],[35.3017,37.80158],[35.30113,37.80318],[35.30396,37.80314],[35.30632,37.80198],[35.30701,37.80243],[35.30817,37.80151],[35.3097,37.80182],[35.30946,37.80284],[35.31153,37.804],[35.31111,37.80116],[35.31185,37.8007],[35.31405,37.80069],[35.315,37.80136],[35.31351,37.80211],[35.31439,37.80379],[35.31812,37.8054],[35.31916,37.80356],[35.31886,37.80082],[35.3213,37.79763],[35.32165,37.79786],[35.32057,37.79926],[35.32208,37.80216],[35.32126,37.80404],[35.32185,37.80462],[35.32371,37.80361],[35.32476,37.80507],[35.32579,37.8052],[35.32613,37.80466],[35.32716,37.80436],[35.32986,37.80468],[35.33062,37.80408],[35.3304,37.80335],[35.33167,37.80252],[35.33212,37.80168],[35.3333,37.80119],[35.33386,37.80147],[35.33317,37.80314],[35.33381,37.80417],[35.33847,37.80451],[35.3368,37.80467],[35.33573,37.80597],[35.33659,37.81003],[35.33731,37.81112],[35.33904,37.81195],[35.34168,37.81249],[35.34269,37.81362],[35.34545,37.81522],[35.3478,37.81719],[35.35057,37.82155],[35.35476,37.82433],[35.35622,37.82595],[35.35691,37.82932],[35.35789,37.83115],[35.36092,37.83232],[35.36096,37.83279],[35.35939,37.83325],[35.35932,37.83518],[35.36002,37.83659],[35.36194,37.83828],[35.36249,37.84073],[35.36448,37.84505],[35.36602,37.84677],[35.36928,37.84876],[35.3721,37.84984],[35.37319,37.85096],[35.37527,37.8513],[35.37433,37.85314],[35.37645,37.85519],[35.37663,37.8566],[35.376,37.85776],[35.37674,37.86184],[35.37566,37.86284],[35.37586,37.86356],[35.37729,37.86407],[35.378,37.86501],[35.37834,37.86661],[35.37784,37.86918],[35.37955,37.87377],[35.37947,37.87484],[35.38087,37.87522],[35.38174,37.8762],[35.38172,37.87699],[35.38336,37.87864],[35.38613,37.88069],[35.38683,37.88078],[35.38835,37.88263],[35.39049,37.88282],[35.39367,37.88553],[35.39656,37.88617],[35.3977,37.88564],[35.39943,37.88571],[35.40024,37.88635],[35.39994,37.8867],[35.40102,37.88901],[35.40228,37.88946],[35.40236,37.89007],[35.40417,37.89041],[35.40477,37.89135],[35.40631,37.89231],[35.40759,37.89196],[35.40847,37.89271],[35.41022,37.89238],[35.41076,37.891],[35.41215,37.89093],[35.41292,37.89049],[35.4139,37.88804],[35.41378,37.88704],[35.41459,37.88691],[35.41513,37.88628],[35.41636,37.88722],[35.42043,37.88623],[35.42005,37.88746],[35.42422,37.88988],[35.42624,37.88984],[35.42453,37.88927],[35.42284,37.88776],[35.42221,37.88659],[35.42394,37.88799],[35.42749,37.88877],[35.42878,37.88889],[35.43013,37.88809],[35.4316,37.88814],[35.42926,37.89061],[35.42927,37.89273],[35.42781,37.89316],[35.42746,37.89484],[35.428,37.89562],[35.42876,37.89581],[35.4305,37.89735],[35.4309,37.89887],[35.43055,37.89927],[35.4312,37.90045],[35.43292,37.90165],[35.4329,37.90278],[35.43202,37.90348],[35.43226,37.90492],[35.43313,37.90634],[35.43232,37.90681],[35.43209,37.90749],[35.43305,37.90851],[35.43286,37.90969],[35.43328,37.91028],[35.43518,37.91113],[35.43639,37.91089],[35.43804,37.91201],[35.43808,37.9115],[35.44108,37.9117],[35.4452,37.91408],[35.44592,37.91539],[35.4454,37.91634],[35.44777,37.91738],[35.44804,37.91693],[35.44881,37.91722],[35.44876,37.91835],[35.44915,37.91881],[35.44859,37.92034],[35.45008,37.92105],[35.45115,37.92244],[35.45323,37.92367],[35.45381,37.92479],[35.45312,37.92619],[35.45314,37.92779],[35.45259,37.92917],[35.45165,37.92856],[35.45137,37.92943],[35.44973,37.93095],[35.4461,37.93069],[35.44392,37.93115],[35.43776,37.93039],[35.43741,37.9309],[35.43774,37.93166],[35.4374,37.93357],[35.43486,37.93717],[35.43238,37.93761],[35.432,37.93831],[35.43122,37.9386],[35.43037,37.93668],[35.42932,37.93597],[35.42771,37.93564],[35.42648,37.93626],[35.42457,37.93647],[35.42436,37.93699],[35.42337,37.93707],[35.42248,37.93661],[35.4201,37.93676],[35.41601,37.93806],[35.4156,37.93848],[35.41305,37.93821],[35.40588,37.94022],[35.40241,37.93928],[35.39947,37.9397],[35.39419,37.94419],[35.39248,37.94471],[35.39091,37.94586],[35.38733,37.9452],[35.38562,37.94535],[35.38347,37.9443],[35.38292,37.94315],[35.38614,37.94273],[35.38647,37.94222],[35.3833,37.941],[35.38474,37.94047],[35.38162,37.94],[35.37925,37.94148],[35.37689,37.94137],[35.3724,37.9432],[35.36973,37.94254],[35.36887,37.94173],[35.36641,37.94129],[35.36413,37.94246],[35.36354,37.94393],[35.36396,37.94462],[35.35932,37.94501],[35.35763,37.94356],[35.35596,37.94287],[35.35164,37.94457],[35.34925,37.94456],[35.34708,37.94589],[35.34727,37.94833],[35.34774,37.94872],[35.34826,37.95147],[35.34801,37.95291],[35.34869,37.95279],[35.34844,37.95372],[35.34945,37.95506],[35.3499,37.95695],[35.35065,37.95744],[35.35118,37.96003],[35.35101,37.96171],[35.3524,37.96502],[35.3504,37.96442],[35.34827,37.96275],[35.34675,37.96349],[35.34536,37.96334],[35.34658,37.9638],[35.34662,37.96431],[35.34779,37.9651],[35.34783,37.9662],[35.35052,37.96892],[35.35116,37.97097],[35.34563,37.96511],[35.33674,37.9609],[35.33628,37.96154],[35.33805,37.96293],[35.33725,37.96316],[35.33559,37.96227],[35.33345,37.96024],[35.33192,37.9596],[35.3285,37.95645],[35.32753,37.95324],[35.3254,37.95115],[35.3228,37.95006],[35.31881,37.94451],[35.31599,37.94403],[35.31405,37.94301],[35.31287,37.94109],[35.31247,37.93896],[35.31137,37.93782],[35.30897,37.93714],[35.30399,37.93477],[35.29846,37.93281],[35.29549,37.93285],[35.29357,37.93353],[35.29281,37.93446],[35.28924,37.9344],[35.28547,37.93354],[35.28011,37.93327],[35.27413,37.93623],[35.26838,37.93757],[35.26643,37.93734],[35.26477,37.93799]]}},{"type":"Feature","properties":{"name":"TET_TR-19-S_20240614","country":"TR","lengthKm":14.1},"geometry":{"type":"LineString","coordinates":[[35.26477,37.93799],[35.26742,37.93891],[35.26765,37.93954],[35.26714,37.94022],[35.26421,37.94048],[35.25982,37.942],[35.25357,37.94209],[35.25079,37.94356],[35.24736,37.94375],[35.24595,37.94464],[35.2425,37.94447],[35.24026,37.94153],[35.23828,37.94072],[35.23738,37.94326],[35.23339,37.94234],[35.23157,37.94298],[35.22624,37.94354],[35.22732,37.94489],[35.22893,37.94566],[35.22925,37.94658],[35.23442,37.94742],[35.23489,37.94965],[35.23324,37.95032],[35.23011,37.95081],[35.23167,37.95283],[35.23139,37.95345],[35.23024,37.95418],[35.22942,37.95665],[35.23054,37.95748],[35.23354,37.95849],[35.23386,37.95897],[35.23309,37.95916],[35.23571,37.96133],[35.23603,37.96268],[35.23736,37.9642],[35.23723,37.96467],[35.23515,37.96463],[35.22764,37.96253],[35.22094,37.9612],[35.21762,37.96105],[35.21511,37.95914],[35.21421,37.95892],[35.21255,37.95937],[35.21298,37.9601],[35.21215,37.9603],[35.20893,37.95862],[35.20874,37.95939],[35.20994,37.96085],[35.20466,37.96103],[35.20286,37.96075],[35.20195,37.96019],[35.20035,37.95751],[35.19912,37.95684],[35.20015,37.95813],[35.19998,37.95877],[35.19882,37.95946],[35.19717,37.95972],[35.19756,37.95851],[35.19642,37.95766],[35.19311,37.95716],[35.19052,37.95557]]}},{"type":"Feature","properties":{"name":"TET_TR-20-S_20240614","country":"TR","lengthKm":13.9},"geometry":{"type":"LineString","coordinates":[[35.2648,37.93799],[35.25777,37.93503],[35.25708,37.93394],[35.25779,37.9325],[35.25112,37.92845],[35.24335,37.92649],[35.24287,37.92589],[35.24335,37.92538],[35.24237,37.9248],[35.23905,37.9251],[35.23527,37.9242],[35.2279,37.92088],[35.22429,37.92042],[35.22412,37.92109],[35.22294,37.92125],[35.22229,37.92084],[35.2218,37.91976],[35.22132,37.92022],[35.22163,37.91942],[35.22091,37.91998],[35.22116,37.91914],[35.21997,37.91981],[35.21945,37.91968],[35.2193,37.91648],[35.22096,37.917],[35.21996,37.91677],[35.21917,37.91941],[35.21844,37.91917],[35.21352,37.91605],[35.21341,37.91518],[35.21423,37.91445],[35.21306,37.91431],[35.21213,37.91478],[35.21077,37.91485],[35.20898,37.91604],[35.20629,37.9167],[35.20335,37.91658],[35.20006,37.91933],[35.19974,37.9228],[35.19746,37.92697],[35.19659,37.92721],[35.19525,37.92687],[35.19355,37.92788],[35.19392,37.92944],[35.193,37.93084],[35.19341,37.93162],[35.1917,37.93455],[35.19249,37.93567],[35.19061,37.93868],[35.19319,37.93945],[35.19287,37.94076],[35.19324,37.94166],[35.19627,37.94304],[35.19586,37.94515],[35.19441,37.94527],[35.1931,37.94638],[35.1921,37.94886],[35.1909,37.94919],[35.18937,37.95145],[35.18933,37.95263],[35.18969,37.95293],[35.1892,37.95414],[35.19035,37.95579]]}},{"type":"Feature","properties":{"name":"TET_TR-21-S_20240614","country":"TR","lengthKm":152.6},"geometry":{"type":"LineString","coordinates":[[35.19052,37.95557],[35.1897,37.95654],[35.18929,37.96015],[35.18831,37.96128],[35.18631,37.96032],[35.18449,37.96015],[35.1843,37.96072],[35.1849,37.96171],[35.18453,37.96244],[35.18198,37.96225],[35.17839,37.95987],[35.17627,37.95914],[35.17288,37.95897],[35.17039,37.96025],[35.1699,37.96208],[35.16882,37.96369],[35.16934,37.96482],[35.16902,37.96581],[35.1676,37.9674],[35.16627,37.97008],[35.16477,37.97062],[35.16262,37.97208],[35.16056,37.97411],[35.16018,37.9774],[35.15902,37.98008],[35.15754,37.98201],[35.15707,37.98401],[35.1561,37.98553],[35.15391,37.98748],[35.15254,37.99029],[35.15269,37.99143],[35.15198,37.99381],[35.14936,37.99439],[35.14833,37.99596],[35.1482,38.00186],[35.14795,38.00319],[35.14741,38.0036],[35.147,38.00774],[35.14692,38.01001],[35.14741,38.01074],[35.14732,38.01126],[35.1458,38.01192],[35.13953,38.01388],[35.1364,38.01422],[35.13269,38.01259],[35.13016,38.01285],[35.12818,38.01207],[35.12679,38.01081],[35.12567,38.00843],[35.12316,38.00634],[35.11825,38.0034],[35.11593,37.99982],[35.11188,37.99619],[35.10608,37.99293],[35.10091,37.99122],[35.09248,37.99188],[35.0905,37.99235],[35.08628,37.99394],[35.08366,37.99525],[35.08299,37.99607],[35.08447,38.00074],[35.08656,38.00448],[35.08885,38.00712],[35.09557,38.01997],[35.09731,38.03344],[35.09808,38.04205],[35.09731,38.05821],[35.09795,38.06359],[35.09514,38.07325],[35.09128,38.0769],[35.09016,38.07894],[35.09201,38.09404],[35.09186,38.10003],[35.09098,38.10226],[35.09286,38.10451],[35.09284,38.10522],[35.08868,38.1085],[35.08471,38.11028],[35.08404,38.11041],[35.08072,38.10921],[35.07924,38.10951],[35.07617,38.11228],[35.05649,38.12286],[35.05403,38.1237],[35.05278,38.12505],[35.04437,38.12988],[35.04154,38.13035],[35.04394,38.13314],[35.04697,38.13438],[35.04628,38.13571],[35.0474,38.13741],[35.05113,38.14011],[35.05355,38.14301],[35.06012,38.14857],[35.06555,38.15135],[35.06608,38.15517],[35.06523,38.15886],[35.06465,38.16601],[35.06548,38.17449],[35.06679,38.17734],[35.06739,38.18539],[35.06617,38.18599],[35.06568,38.18996],[35.06134,38.20867],[35.06094,38.21202],[35.06119,38.22036],[35.06061,38.2253],[35.06141,38.22704],[35.06289,38.22882],[35.06845,38.23279],[35.06619,38.23463],[35.06303,38.2365],[35.05958,38.23974],[35.05835,38.24013],[35.0584,38.24118],[35.05559,38.24161],[35.05206,38.24279],[35.04954,38.24483],[35.04812,38.24472],[35.04805,38.24823],[35.0452,38.25223],[35.04426,38.25756],[35.04336,38.25979],[35.04265,38.26603],[35.04308,38.2674],[35.04298,38.26993],[35.04156,38.27132],[35.03859,38.27277],[35.03587,38.27367],[35.03485,38.27344],[35.03314,38.27443],[35.03299,38.27591],[35.03377,38.27797],[35.03371,38.28072],[35.03512,38.28235],[35.0363,38.2847],[35.03598,38.28573],[35.03664,38.28612],[35.03786,38.28613],[35.03836,38.28669],[35.03839,38.28729],[35.03678,38.28849],[35.03884,38.29112],[35.03753,38.29478],[35.03585,38.29597],[35.03664,38.29691],[35.03691,38.29807],[35.03647,38.30066],[35.03565,38.30206],[35.03505,38.30234],[35.03477,38.30331],[35.03373,38.30364],[35.03357,38.30424],[35.03398,38.30516],[35.03384,38.3081],[35.03431,38.30928],[35.03276,38.31079],[35.03319,38.31134],[35.02822,38.31458],[35.02895,38.31583],[35.02751,38.31686],[35.02744,38.31743],[35.02821,38.31744],[35.02971,38.3199],[35.02813,38.31997],[35.02963,38.32288],[35.02995,38.3266],[35.02768,38.32754],[35.02656,38.32964],[35.02578,38.33018],[35.0212,38.32961],[35.01806,38.3304],[35.01712,38.33182],[35.01176,38.33592],[35.00836,38.33747],[35.00571,38.33986],[35.0046,38.34039],[35.00325,38.3391],[35.00386,38.33639],[35.00231,38.33522],[35.00139,38.33504],[34.99355,38.33658],[34.98736,38.3365],[34.98373,38.33723],[34.98307,38.3363],[34.97674,38.33958],[34.97447,38.34003],[34.9749,38.33939],[34.97292,38.34002],[34.9716,38.33732],[34.96906,38.3393],[34.96908,38.34108],[34.96847,38.34146],[34.96973,38.34173],[34.96807,38.34309],[34.96929,38.34303],[34.96855,38.34362],[34.9686,38.34412],[34.96768,38.34468],[34.9711,38.34476],[34.97015,38.34791],[34.96646,38.35089],[34.96982,38.34827],[34.97093,38.34514],[34.97159,38.34434],[34.97307,38.34356],[34.97606,38.3428],[34.97859,38.34129],[34.9813,38.33879],[34.9849,38.33663],[34.99332,38.3366],[35.00208,38.33507],[35.00405,38.33667],[35.00322,38.33932],[35.00467,38.34034],[35.00225,38.34283],[34.99928,38.34435],[34.99788,38.34583],[34.99039,38.3516],[34.98957,38.35219],[34.98742,38.35276],[34.98665,38.35348],[34.985,38.35585],[34.9822,38.35798],[34.98071,38.36088],[34.97733,38.36419],[34.9752,38.3673],[34.97194,38.36974],[34.96932,38.37321],[34.96168,38.37915],[34.95678,38.38591],[34.95852,38.38774],[34.9611,38.38848],[34.96493,38.3904],[34.96795,38.39353],[34.97248,38.39445],[34.97305,38.3953],[34.97303,38.39621],[34.97065,38.39784],[34.96961,38.40162],[34.97197,38.41017],[34.97326,38.42811],[34.97135,38.42977],[34.96049,38.4361],[34.95231,38.44402],[34.94379,38.44933],[34.93343,38.46143],[34.93086,38.46324],[34.93134,38.46399],[34.93526,38.46458],[34.93852,38.4676],[34.94085,38.469],[34.94168,38.46937],[34.94532,38.46975],[34.9486,38.47134],[34.9492,38.47026],[34.95053,38.46996],[34.95209,38.46904],[34.95472,38.46873],[34.96087,38.47042],[34.96316,38.47225],[34.9544,38.48759],[34.95297,38.49082],[34.95159,38.4921],[34.94998,38.4929],[34.94918,38.49404],[34.94997,38.49673],[34.94982,38.49766],[34.94852,38.5024],[34.94686,38.50402],[34.94665,38.5047],[34.94768,38.50873],[34.94592,38.51289],[34.94379,38.51396],[34.94353,38.51545],[34.94013,38.51999],[34.93897,38.52263],[34.93545,38.52296],[34.93371,38.52364],[34.93333,38.52397],[34.93326,38.5255],[34.93194,38.52644],[34.93113,38.52779],[34.93156,38.52949],[34.93637,38.5394],[34.93605,38.54682],[34.93368,38.55229],[34.93228,38.55393],[34.93005,38.55561],[34.92311,38.55779],[34.92189,38.55881],[34.92165,38.56064],[34.92255,38.56224],[34.92243,38.56305],[34.92011,38.5699],[34.91725,38.57067],[34.91718,38.57186],[34.91591,38.57373],[34.91415,38.57415],[34.91306,38.57489],[34.91379,38.57671],[34.91189,38.58139],[34.91008,38.58259],[34.90694,38.58367],[34.90569,38.5839],[34.90218,38.58346],[34.89844,38.58406],[34.8998,38.58635],[34.90241,38.58908],[34.90335,38.59146],[34.90512,38.59258],[34.90555,38.59603],[34.90673,38.59868],[34.90715,38.60241],[34.91043,38.60569],[34.9112,38.60708],[34.91226,38.61117],[34.91212,38.61241],[34.90986,38.61748],[34.91017,38.61817],[34.91217,38.61924],[34.91416,38.62151],[34.91474,38.62528],[34.91407,38.62798],[34.91129,38.63059],[34.91055,38.63053],[34.90931,38.6312],[34.90918,38.63252],[34.90622,38.63333],[34.90467,38.63299],[34.90085,38.63345],[34.91524,38.63274],[34.91479,38.63241],[34.91723,38.63226],[34.92485,38.63359],[34.92927,38.63381],[34.93451,38.63336],[34.93753,38.63381],[34.93828,38.63338],[34.94004,38.63072],[34.94457,38.63053],[34.94901,38.62932],[34.95232,38.62894],[34.95425,38.62774],[34.95637,38.62722],[34.95837,38.62563],[34.95933,38.62415],[34.96223,38.62282],[34.96309,38.62136],[34.96749,38.61993],[34.97289,38.61576],[34.97624,38.61441],[34.97731,38.61259],[34.9801,38.61055],[34.98231,38.60812],[34.98304,38.60576],[34.98371,38.60497],[34.986,38.6037],[34.99038,38.60244],[34.99592,38.59898],[34.99774,38.59881],[35.00272,38.59931],[35.00727,38.59787],[35.01051,38.59802],[35.01259,38.59858],[35.0172,38.5977],[35.01991,38.596],[35.02403,38.59422],[35.02592,38.59377],[35.0283,38.5924],[35.03287,38.59085],[35.03564,38.59031],[35.03793,38.58907],[35.04141,38.586],[35.04313,38.58499],[35.04574,38.58499],[35.04772,38.58377],[35.05649,38.58109],[35.06124,38.57858],[35.06521,38.57439],[35.06692,38.57341],[35.06963,38.57079],[35.0722,38.56907],[35.07756,38.56216],[35.08087,38.55884],[35.08312,38.5559],[35.08278,38.55583],[35.08362,38.55564],[35.08475,38.55356],[35.08342,38.54841],[35.0849,38.54414],[35.0872,38.54038],[35.08619,38.53643],[35.08954,38.53461],[35.10765,38.53377],[35.10894,38.53354],[35.11087,38.53234],[35.11256,38.53229],[35.11524,38.53118],[35.11645,38.53118],[35.11771,38.53184],[35.11836,38.53167],[35.11859,38.53094],[35.11788,38.52875],[35.12012,38.52686],[35.12145,38.52474],[35.12166,38.52281],[35.1231,38.52107],[35.12439,38.5203],[35.12529,38.51828],[35.12507,38.51504],[35.12393,38.51382],[35.12404,38.51313],[35.12711,38.51073],[35.12771,38.51096],[35.1279,38.51178],[35.12954,38.51244],[35.1319,38.51116],[35.1328,38.51008],[35.13554,38.51116],[35.13608,38.51103],[35.13612,38.51019],[35.13404,38.50775],[35.13278,38.50704],[35.13166,38.50725],[35.13026,38.50442],[35.12846,38.50373],[35.12969,38.50084],[35.14307,38.48266],[35.15816,38.47401]]}},{"type":"Feature","properties":{"name":"TET_TR-22-S_20240614","country":"TR","lengthKm":553},"geometry":{"type":"LineString","coordinates":[[35.16414,38.46464],[35.16756,38.45829],[35.16908,38.4567],[35.18327,38.45168],[35.20788,38.44807],[35.21017,38.44698],[35.21545,38.44215],[35.22869,38.44211],[35.25,38.43425],[35.26674,38.42983],[35.28643,38.4253],[35.29107,38.42213],[35.32847,38.40559],[35.34658,38.3979],[35.36493,38.39097],[35.36596,38.38999],[35.36608,38.38915],[35.36327,38.38636],[35.36201,38.38378],[35.36282,38.38224],[35.36493,38.38115],[35.37351,38.37737],[35.41207,38.36574],[35.47455,38.3766],[35.48018,38.37608],[35.48483,38.37913],[35.49185,38.38657],[35.49288,38.38868],[35.49575,38.38977],[35.51028,38.39316],[35.51934,38.39136],[35.52097,38.39196],[35.52311,38.39355],[35.53013,38.39402],[35.53528,38.39604],[35.54152,38.39679],[35.55079,38.39906],[35.55551,38.39932],[35.55905,38.40149],[35.56077,38.40202],[35.57405,38.40348],[35.58568,38.40666],[35.59884,38.40906],[35.60476,38.4096],[35.61072,38.41084],[35.61712,38.41292],[35.62169,38.41552],[35.62358,38.41604],[35.63817,38.4152],[35.64533,38.41543],[35.66119,38.41363],[35.67748,38.41058],[35.68589,38.40994],[35.69447,38.41003],[35.70175,38.40814],[35.72059,38.40548],[35.72335,38.40524],[35.72614,38.40559],[35.73162,38.40767],[35.73644,38.40898],[35.74419,38.41232],[35.75631,38.41567],[35.75915,38.41739],[35.76226,38.42056],[35.76932,38.42245],[35.77719,38.42569],[35.78202,38.429],[35.78805,38.43457],[35.78906,38.43479],[35.80084,38.43395],[35.80895,38.43447],[35.81376,38.43503],[35.81942,38.43732],[35.82122,38.43706],[35.82798,38.43423],[35.87032,38.4208],[35.87515,38.41844],[35.88525,38.41129],[35.89251,38.40743],[35.89493,38.40569],[35.90115,38.40387],[35.90753,38.39941],[35.91017,38.39966],[35.91459,38.40093],[35.91654,38.40095],[35.92604,38.39771],[35.93542,38.39599],[35.939,38.39569],[35.94304,38.3976],[35.94527,38.39921],[35.94862,38.40477],[35.95345,38.40932],[35.95514,38.41153],[35.95587,38.41333],[35.95686,38.41419],[35.95847,38.41483],[35.96151,38.41395],[35.96351,38.41393],[35.96617,38.41509],[35.96802,38.41799],[35.96784,38.41915],[35.96645,38.42174],[35.96765,38.42691],[35.96838,38.42803],[35.97256,38.42985],[35.97653,38.4285],[35.97926,38.42915],[35.97982,38.43063],[35.98677,38.43642],[35.98977,38.44033],[35.99344,38.44399],[35.99936,38.44766],[36.00501,38.45007],[36.01878,38.45419],[36.02589,38.4547],[36.03323,38.45329],[36.03321,38.45353],[36.03541,38.45299],[36.03651,38.45232],[36.04275,38.44616],[36.04571,38.44397],[36.04642,38.44223],[36.04842,38.44054],[36.05112,38.44082],[36.05215,38.44157],[36.0541,38.44215],[36.05576,38.44183],[36.05803,38.44387],[36.05801,38.44511],[36.06164,38.44661],[36.06395,38.44674],[36.06597,38.44859],[36.06968,38.45556],[36.07088,38.45702],[36.07339,38.45775],[36.08339,38.45749],[36.08487,38.45803],[36.09279,38.46826],[36.09663,38.47152],[36.105,38.48041],[36.11285,38.48661],[36.11331,38.49028],[36.11485,38.49088],[36.11622,38.49094],[36.11878,38.49032],[36.12064,38.49223],[36.12247,38.49313],[36.12049,38.49901],[36.12157,38.50015],[36.12564,38.50292],[36.12865,38.50365],[36.14073,38.50845],[36.14322,38.51004],[36.14596,38.51262],[36.148,38.51313],[36.15468,38.51399],[36.1595,38.51305],[36.16345,38.51298],[36.17088,38.51609],[36.17581,38.51566],[36.18227,38.51822],[36.18796,38.51822],[36.19336,38.52023],[36.19686,38.52049],[36.1969,38.52083],[36.1972,38.52081],[36.19686,38.52049],[36.20115,38.52073],[36.20461,38.52249],[36.20632,38.52493],[36.20765,38.52601],[36.20986,38.52712],[36.21334,38.52813],[36.21643,38.52968],[36.21673,38.53028],[36.223,38.54394],[36.22304,38.54558],[36.22169,38.54824],[36.22205,38.54894],[36.22338,38.54987],[36.22431,38.55004],[36.22551,38.56369],[36.2251,38.56551],[36.23349,38.5651],[36.23579,38.56467],[36.25314,38.5574],[36.26769,38.54993],[36.27083,38.56439],[36.26973,38.56978],[36.26997,38.57293],[36.27344,38.57594],[36.27462,38.57813],[36.28254,38.57894],[36.28422,38.57993],[36.28679,38.57929],[36.28969,38.58008],[36.29203,38.57907],[36.29711,38.57819],[36.30074,38.57712],[36.30522,38.57662],[36.3111,38.57471],[36.31623,38.57448],[36.31745,38.57471],[36.31945,38.57418],[36.32052,38.57757],[36.32335,38.57748],[36.32052,38.57757],[36.32054,38.57798],[36.32153,38.58109],[36.32125,38.58341],[36.32372,38.58574],[36.32462,38.58793],[36.32181,38.5928],[36.32134,38.59478],[36.30793,38.60089],[36.30803,38.60398],[36.30891,38.60503],[36.31254,38.60746],[36.31469,38.60785],[36.31524,38.60879],[36.31732,38.61044],[36.31743,38.61126],[36.31904,38.61175],[36.32443,38.61649],[36.32788,38.62076],[36.32818,38.6236],[36.32936,38.62761],[36.33018,38.62932],[36.33153,38.63055],[36.34039,38.63091],[36.34421,38.6337],[36.34473,38.63467],[36.34773,38.6355],[36.35213,38.63544],[36.36526,38.63954],[36.37668,38.63896],[36.37955,38.63988],[36.38155,38.63975],[36.38792,38.63808],[36.39043,38.63816],[36.39305,38.63879],[36.39517,38.63832],[36.39751,38.63615],[36.39974,38.63276],[36.40373,38.62978],[36.40494,38.62752],[36.40863,38.6255],[36.41064,38.62544],[36.41652,38.6242],[36.41985,38.62231],[36.42167,38.62023],[36.42174,38.61817],[36.41972,38.61677],[36.4197,38.61544],[36.41987,38.61493],[36.42086,38.6148],[36.42348,38.61332],[36.42223,38.61315],[36.42131,38.61199],[36.42062,38.61003],[36.42139,38.60896],[36.42124,38.60834],[36.41762,38.60551],[36.41845,38.60349],[36.41807,38.60171],[36.41835,38.60102],[36.42004,38.59969],[36.41953,38.59913],[36.42094,38.5983],[36.42099,38.59744],[36.42178,38.59662],[36.42251,38.59602],[36.4244,38.59594],[36.4262,38.59471],[36.42783,38.59413],[36.42657,38.59377],[36.42815,38.59265],[36.42811,38.59229],[36.42781,38.59253],[36.42584,38.59227],[36.42326,38.59066],[36.42161,38.59034],[36.41974,38.58791],[36.42015,38.58338],[36.41963,38.58064],[36.41813,38.57924],[36.41773,38.57686],[36.41803,38.57377],[36.4171,38.57257],[36.41631,38.56972],[36.41575,38.56497],[36.41294,38.56049],[36.41037,38.55783],[36.40964,38.55491],[36.41303,38.55358],[36.41624,38.55422],[36.41942,38.55399],[36.41753,38.55545],[36.41996,38.55669],[36.42071,38.55886],[36.42247,38.55991],[36.42309,38.56081],[36.42478,38.56096],[36.42779,38.56208],[36.42914,38.56186],[36.43152,38.56251],[36.43279,38.56339],[36.43343,38.56482],[36.43397,38.56502],[36.43526,38.56502],[36.43639,38.56109],[36.4385,38.55918],[36.44008,38.55849],[36.44474,38.55766],[36.4485,38.55802],[36.45139,38.55783],[36.45504,38.55916],[36.45789,38.55772],[36.45916,38.55746],[36.46596,38.55755],[36.46952,38.55847],[36.47306,38.55999],[36.47794,38.56407],[36.47939,38.56358],[36.48439,38.56414],[36.48555,38.56457],[36.48791,38.56437],[36.49154,38.56465],[36.4919,38.56534],[36.49392,38.56587],[36.49579,38.56761],[36.50356,38.5722],[36.50585,38.57422],[36.50677,38.57418],[36.50688,38.57248],[36.50894,38.573],[36.5095,38.57283],[36.50952,38.57188],[36.51074,38.57328],[36.51484,38.57291],[36.51624,38.57328],[36.52255,38.57684],[36.52645,38.5786],[36.52802,38.57883],[36.52937,38.58083],[36.53106,38.58192],[36.53267,38.58257],[36.53576,38.58306],[36.53739,38.58443],[36.53821,38.58667],[36.53973,38.58761],[36.54158,38.58956],[36.54372,38.59072],[36.54729,38.59349],[36.54956,38.59416],[36.55201,38.59373],[36.55394,38.5948],[36.55544,38.59497],[36.5548,38.59551],[36.55518,38.59585],[36.55892,38.59555],[36.55892,38.59519],[36.56029,38.59521],[36.56046,38.5948],[36.56153,38.59491],[36.56385,38.59431],[36.56447,38.59319],[36.56439,38.59179],[36.56501,38.59122],[36.56445,38.58853],[36.56374,38.58778],[36.56538,38.58645],[36.56454,38.58527],[36.56598,38.58546],[36.56829,38.58725],[36.57171,38.58255],[36.57456,38.58233],[36.57617,38.58173],[36.57604,38.58609],[36.57907,38.58924],[36.58426,38.59076],[36.58604,38.59422],[36.58861,38.59645],[36.59269,38.59779],[36.59426,38.59594],[36.59269,38.59779],[36.59383,38.59855],[36.59509,38.60049],[36.5952,38.60619],[36.5957,38.60896],[36.59533,38.61203],[36.59769,38.61572],[36.59782,38.61928],[36.60235,38.6225],[36.60477,38.62486],[36.60535,38.62716],[36.60705,38.62696],[36.60855,38.62731],[36.6252,38.63351],[36.6296,38.6366],[36.63337,38.63834],[36.64232,38.64372],[36.64402,38.64683],[36.64397,38.64842],[36.64481,38.64926],[36.65363,38.65175],[36.65593,38.65346],[36.65831,38.65662],[36.65869,38.6566],[36.65934,38.65548],[36.66045,38.65561],[36.66189,38.65739],[36.66312,38.6578],[36.66481,38.65758],[36.66706,38.65658],[36.67269,38.65516],[36.67565,38.65308],[36.6773,38.65091],[36.67949,38.65012],[36.68052,38.64915],[36.69131,38.6446],[36.6941,38.64387],[36.69466,38.64216],[36.69326,38.63889],[36.69558,38.63585],[36.70067,38.6328],[36.70243,38.63263],[36.70434,38.63096],[36.70637,38.62999],[36.70981,38.62926],[36.70871,38.62432],[36.70929,38.62029],[36.71019,38.61819],[36.70891,38.61555],[36.71011,38.61604],[36.71172,38.61531],[36.71384,38.61557],[36.71534,38.61733],[36.71863,38.61924],[36.72019,38.61937],[36.72365,38.62231],[36.72792,38.6254],[36.72912,38.62585],[36.73172,38.62632],[36.73796,38.62523],[36.74116,38.6266],[36.74877,38.62688],[36.75395,38.62797],[36.75826,38.62718],[36.76199,38.6251],[36.76442,38.62104],[36.76594,38.61986],[36.76676,38.61772],[36.7703,38.61372],[36.77521,38.61276],[36.78105,38.611],[36.78811,38.61117],[36.79302,38.60795],[36.79596,38.6075],[36.79971,38.6078],[36.80186,38.60731],[36.80317,38.60551],[36.80613,38.60585],[36.81104,38.60463],[36.8121,38.60465],[36.81225,38.6054],[36.81272,38.60538],[36.81375,38.60497],[36.81446,38.60398],[36.81654,38.60297],[36.8171,38.60124],[36.81836,38.60023],[36.8201,38.60036],[36.82197,38.60139],[36.82896,38.60126],[36.8328,38.60351],[36.83514,38.60403],[36.83632,38.60001],[36.83506,38.59658],[36.83295,38.59413],[36.83484,38.59115],[36.83544,38.58875],[36.8375,38.58617],[36.84443,38.58435],[36.8463,38.58489],[36.84836,38.58416],[36.85042,38.58403],[36.85643,38.58469],[36.86166,38.58682],[36.86673,38.5877],[36.8699,38.58918],[36.87943,38.58995],[36.88737,38.5937],[36.89325,38.59403],[36.89421,38.59557],[36.89655,38.59714],[36.89728,38.59712],[36.89926,38.59566],[36.9013,38.59488],[36.9017,38.59703],[36.90582,38.59997],[36.90782,38.60085],[36.91262,38.60147],[36.91911,38.6037],[36.92968,38.60443],[36.93458,38.6036],[36.93786,38.60415],[36.94067,38.6039],[36.94507,38.6045],[36.94872,38.60604],[36.95131,38.60649],[36.95683,38.60881],[36.96286,38.60915],[36.96595,38.61046],[36.97116,38.61074],[36.97513,38.61282],[36.97951,38.61342],[36.98084,38.61244],[36.98599,38.60533],[36.98788,38.60467],[36.99097,38.6024],[36.99026,38.60027],[36.99056,38.59793],[36.99425,38.58787],[36.99167,38.58456],[36.9903,38.58014],[36.99047,38.57753],[36.98854,38.57467],[36.98895,38.57399],[36.9917,38.5728],[36.99592,38.56708],[37.0038,38.5639],[37.00635,38.56358],[37.01174,38.56197],[37.02043,38.56251],[37.0242,38.56238],[37.02841,38.56302],[37.02972,38.56296],[37.03309,38.56182],[37.03358,38.56102],[37.0335,38.55993],[37.03092,38.55839],[37.03013,38.55476],[37.03041,38.55324],[37.03489,38.54755],[37.03594,38.54448],[37.03729,38.54276],[37.0392,38.54122],[37.04362,38.53888],[37.04298,38.53761],[37.04401,38.53682],[37.04459,38.5351],[37.04427,38.53388],[37.04504,38.53319],[37.04525,38.53223],[37.05199,38.53206],[37.06401,38.53691],[37.06641,38.53691],[37.07257,38.535],[37.07678,38.53231],[37.07972,38.53118],[37.08128,38.53013],[37.08306,38.53043],[37.08699,38.53221],[37.08881,38.53313],[37.08992,38.5342],[37.08881,38.53313],[37.08699,38.53221],[37.08306,38.53043],[37.08128,38.53013],[37.07972,38.53118],[37.07678,38.53231],[37.07257,38.535],[37.06641,38.53691],[37.06401,38.53691],[37.05199,38.53206],[37.04525,38.53223],[37.04504,38.53319],[37.04427,38.53388],[37.04459,38.5351],[37.04401,38.53682],[37.04298,38.53761],[37.04362,38.53888],[37.0392,38.54122],[37.03729,38.54276],[37.03594,38.54448],[37.03489,38.54755],[37.03041,38.55324],[37.03013,38.55476],[37.03092,38.55839],[37.0335,38.55993],[37.03358,38.56102],[37.03309,38.56182],[37.02972,38.56296],[37.02841,38.56302],[37.0242,38.56238],[37.02043,38.56251],[37.01174,38.56197],[37.00635,38.56358],[37.0038,38.5639],[36.99592,38.56708],[36.9917,38.5728],[36.98895,38.57399],[36.98854,38.57467],[36.99047,38.57753],[36.9903,38.58014],[36.99167,38.58456],[36.99395,38.58731],[36.99425,38.58825],[36.99358,38.59034],[36.99243,38.59212],[36.99056,38.59793],[36.99026,38.60027],[36.99088,38.60261],[36.98788,38.60467],[36.98599,38.60533],[36.98084,38.61244],[36.97951,38.61342],[36.97779,38.61338],[36.97462,38.61263],[36.97116,38.61074],[36.96595,38.61046],[36.96417,38.60973],[36.96595,38.61046],[36.97116,38.61074],[36.97462,38.61263],[36.97779,38.61338],[36.97951,38.61342],[36.98084,38.61244],[36.98599,38.60533],[36.98788,38.60467],[36.99088,38.60261],[36.99026,38.60027],[36.99056,38.59793],[36.99243,38.59212],[36.99358,38.59034],[36.99425,38.58825],[36.99395,38.58731],[36.99167,38.58456],[36.9903,38.58014],[36.99047,38.57753],[36.98854,38.57467],[36.98895,38.57399],[36.9917,38.5728],[36.99592,38.56708],[37.0038,38.5639],[37.00635,38.56358],[37.01174,38.56197],[37.02043,38.56251],[37.0242,38.56238],[37.02841,38.56302],[37.02972,38.56296],[37.03309,38.56182],[37.03358,38.56102],[37.0335,38.55993],[37.03092,38.55839],[37.03013,38.55476],[37.03041,38.55324],[37.03489,38.54755],[37.03594,38.54448],[37.03729,38.54276],[37.0392,38.54122],[37.04362,38.53888],[37.04298,38.53761],[37.04401,38.53682],[37.04459,38.5351],[37.04427,38.53388],[37.04504,38.53319],[37.04525,38.53223],[37.05199,38.53206],[37.06401,38.53691],[37.06641,38.53691],[37.07257,38.535],[37.07678,38.53231],[37.07972,38.53118],[37.08128,38.53013],[37.08306,38.53043],[37.08881,38.53313],[37.08999,38.53407],[37.09139,38.53227],[37.09233,38.53178],[37.09373,38.53167],[37.09534,38.53043],[37.09658,38.53008],[37.0977,38.52897],[37.09871,38.5274],[37.101,38.52152],[37.10647,38.51652],[37.10903,38.5124],[37.11212,38.51395],[37.11802,38.51461],[37.12134,38.51547],[37.12883,38.51502],[37.13233,38.51599],[37.13795,38.51538],[37.15405,38.51521],[37.17211,38.51747],[37.17286,38.51781],[37.17301,38.51865],[37.17342,38.5188],[37.17857,38.51736],[37.17876,38.51772],[37.17857,38.51736],[37.18215,38.51573],[37.18381,38.51403],[37.18415,38.51279],[37.18413,38.50609],[37.1861,38.50326],[37.18685,38.4985],[37.19057,38.49822],[37.1916,38.49843],[37.21089,38.50611],[37.22561,38.50852],[37.22908,38.51247],[37.22865,38.51483],[37.22925,38.51562],[37.22996,38.51592],[37.23187,38.51571],[37.23496,38.51605],[37.23949,38.51817],[37.24073,38.51946],[37.24382,38.52139],[37.24406,38.52255],[37.24372,38.52382],[37.24447,38.52568],[37.24417,38.52652],[37.24453,38.52719],[37.24947,38.52886],[37.25075,38.53079],[37.25393,38.53279],[37.25715,38.53592],[37.26084,38.53824],[37.26421,38.53948],[37.26575,38.53965],[37.26758,38.54053],[37.26953,38.54302],[37.27099,38.5439],[37.27105,38.54643],[37.27281,38.54929],[37.27386,38.54942],[37.27683,38.55154],[37.28004,38.55309],[37.28127,38.55296],[37.28258,38.55214],[37.28451,38.55186],[37.29011,38.55324],[37.29532,38.55547],[37.29895,38.5563],[37.30408,38.55924],[37.30661,38.56231],[37.31212,38.56381],[37.31438,38.56495],[37.31566,38.56459],[37.32006,38.56637],[37.32386,38.56549],[37.32309,38.56806],[37.32326,38.56909],[37.32959,38.57435],[37.33633,38.58087],[37.33605,38.58008],[37.33639,38.57969],[37.33899,38.57881],[37.34019,38.57757],[37.34165,38.5772],[37.34206,38.57521],[37.34298,38.57414],[37.34281,38.57362],[37.34365,38.57416],[37.34483,38.57368],[37.34903,38.57403],[37.3521,38.57396],[37.35347,38.5736],[37.35787,38.57377],[37.36291,38.5719],[37.36349,38.57135],[37.36276,38.57051],[37.36287,38.56997],[37.36622,38.56776],[37.3666,38.56605],[37.36819,38.56491],[37.36869,38.56396],[37.36821,38.56313],[37.36954,38.56193],[37.3709,38.55944],[37.37242,38.55791],[37.3754,38.55654],[37.37933,38.55605],[37.38094,38.55652],[37.38212,38.55643],[37.39532,38.55452],[37.39883,38.55358],[37.40396,38.551],[37.4072,38.55197],[37.4081,38.55259],[37.4077,38.55334],[37.40544,38.5545],[37.4048,38.5568],[37.4104,38.55789],[37.40976,38.55927],[37.40763,38.56102],[37.411,38.55963],[37.41212,38.55875],[37.41426,38.55824],[37.41555,38.55847],[37.41752,38.56004],[37.42192,38.5603],[37.42381,38.56079],[37.42842,38.56036],[37.42928,38.56077],[37.42851,38.55993],[37.42679,38.55924],[37.42626,38.55806],[37.42737,38.55907],[37.42795,38.55907],[37.42596,38.55682],[37.42785,38.55641],[37.42845,38.5569],[37.42845,38.55641],[37.43239,38.55626],[37.43269,38.55566],[37.43345,38.55551],[37.43628,38.55557],[37.43793,38.55489],[37.44083,38.55478],[37.44184,38.55437],[37.442,38.55459],[37.44184,38.55437],[37.44083,38.55478],[37.43793,38.55489],[37.43628,38.55557],[37.43345,38.55551],[37.43269,38.55566],[37.43239,38.55626],[37.42845,38.55641],[37.42845,38.5569],[37.42785,38.55641],[37.42596,38.55682],[37.42795,38.55907],[37.42737,38.55907],[37.42626,38.55806],[37.42679,38.55924],[37.42851,38.55993],[37.42928,38.56077],[37.42842,38.56036],[37.42381,38.56079],[37.42192,38.5603],[37.41752,38.56004],[37.41555,38.55847],[37.41426,38.55824],[37.41212,38.55875],[37.411,38.55963],[37.40763,38.56102],[37.40976,38.55927],[37.4104,38.55789],[37.4048,38.5568],[37.40544,38.5545],[37.4077,38.55334],[37.4081,38.55259],[37.4072,38.55197],[37.40396,38.551],[37.39883,38.55358],[37.39532,38.55452],[37.38212,38.55643],[37.38094,38.55652],[37.37933,38.55605],[37.3754,38.55654],[37.37242,38.55791],[37.3709,38.55944],[37.36954,38.56193],[37.36821,38.56313],[37.36869,38.56396],[37.36819,38.56491],[37.3666,38.56605],[37.36622,38.56776],[37.36287,38.56997],[37.36276,38.57051],[37.36349,38.57135],[37.36291,38.5719],[37.35787,38.57377],[37.35347,38.5736],[37.3521,38.57396],[37.34903,38.57403],[37.34483,38.57368],[37.34365,38.57416],[37.34281,38.57362],[37.34298,38.57414],[37.34206,38.57521],[37.3415,38.57735],[37.34019,38.57757],[37.33899,38.57881],[37.33639,38.57969],[37.33605,38.58008],[37.33633,38.58087],[37.33565,38.58022],[37.33633,38.58087],[37.33605,38.58008],[37.33639,38.57969],[37.33899,38.57881],[37.34019,38.57757],[37.3415,38.57735],[37.34206,38.57521],[37.34298,38.57414],[37.34281,38.57362],[37.34365,38.57416],[37.34483,38.57368],[37.34903,38.57403],[37.3521,38.57396],[37.35347,38.5736],[37.35787,38.57377],[37.36291,38.5719],[37.36349,38.57135],[37.36276,38.57051],[37.36287,38.56997],[37.36622,38.56776],[37.3666,38.56605],[37.36819,38.56491],[37.36869,38.56396],[37.36821,38.56313],[37.36954,38.56193],[37.3709,38.55944],[37.37242,38.55791],[37.3754,38.55654],[37.37933,38.55605],[37.38094,38.55652],[37.38212,38.55643],[37.39532,38.55452],[37.39883,38.55358],[37.40396,38.551],[37.4072,38.55197],[37.4081,38.55259],[37.4077,38.55334],[37.40544,38.5545],[37.4048,38.5568],[37.4104,38.55789],[37.40976,38.55927],[37.40763,38.56102],[37.411,38.55963],[37.41212,38.55875],[37.41426,38.55824],[37.41555,38.55847],[37.41752,38.56004],[37.42192,38.5603],[37.42381,38.56079],[37.42842,38.56036],[37.42928,38.56077],[37.42851,38.55993],[37.42679,38.55924],[37.42626,38.55806],[37.42737,38.55907],[37.42795,38.55907],[37.42596,38.55682],[37.42785,38.55641],[37.42845,38.5569],[37.42845,38.55641],[37.43239,38.55626],[37.43269,38.55566],[37.43345,38.55551],[37.43628,38.55557],[37.43793,38.55489],[37.44083,38.55478],[37.44349,38.55366],[37.44703,38.55392],[37.44799,38.55328],[37.45271,38.55212],[37.45282,38.55137],[37.4584,38.54918],[37.46254,38.54654],[37.46353,38.54639],[37.46379,38.54555],[37.4651,38.54476],[37.46598,38.54476],[37.46767,38.54367],[37.46844,38.54343],[37.46971,38.54373],[37.4707,38.54311],[37.47147,38.54339],[37.47359,38.5424],[37.47442,38.54265],[37.47546,38.54146],[37.48052,38.53907],[37.48718,38.53942],[37.49044,38.54128],[37.49164,38.54133],[37.49353,38.54223],[37.49496,38.54358],[37.49632,38.54367],[37.49668,38.54418],[37.49803,38.54461],[37.50181,38.54444],[37.50805,38.54751],[37.50745,38.54867],[37.50835,38.54978],[37.50747,38.55057],[37.50432,38.55251],[37.49818,38.55457],[37.49664,38.55622],[37.49419,38.55718],[37.49404,38.5627],[37.4967,38.5636],[37.49677,38.56448],[37.49921,38.5662],[37.50117,38.56572],[37.5017,38.5659],[37.50252,38.56853],[37.5086,38.57003],[37.50824,38.57093],[37.5086,38.57003],[37.51078,38.56982],[37.51123,38.56914],[37.51093,38.56849],[37.512,38.56774],[37.51376,38.56838],[37.51616,38.57008],[37.51668,38.57229],[37.51638,38.57435],[37.51674,38.57499],[37.51494,38.5781],[37.51537,38.58244],[37.51771,38.58701],[37.51876,38.58787],[37.52069,38.58858],[37.52138,38.5901],[37.51977,38.59763],[37.52011,38.5981],[37.52108,38.59802],[37.52249,38.59997],[37.5247,38.60186],[37.52599,38.60246],[37.52655,38.60568],[37.53146,38.60832],[37.53196,38.61132],[37.53344,38.61484],[37.5329,38.6166],[37.53492,38.61742],[37.5358,38.61729],[37.53736,38.62214],[37.53719,38.62608],[37.53582,38.6298],[37.53745,38.64222],[37.53897,38.64533],[37.54449,38.65323],[37.5485,38.65743],[37.54987,38.66833],[37.55419,38.67252],[37.55468,38.67398],[37.55513,38.67702],[37.55573,38.67825],[37.55453,38.68024],[37.55296,38.68591],[37.55266,38.69447],[37.55333,38.69608],[37.55449,38.69692],[37.55597,38.70018],[37.55702,38.70065],[37.56015,38.70056],[37.56271,38.7017],[37.56408,38.70273],[37.56595,38.70522],[37.56932,38.70788],[37.57142,38.71181],[37.57313,38.71262],[37.57743,38.71355],[37.57916,38.71434],[37.58238,38.71818],[37.58631,38.71943],[37.59043,38.72185],[37.59461,38.72352],[37.60013,38.72299],[37.60715,38.72595],[37.60972,38.72447],[37.60944,38.72588],[37.61,38.72709],[37.61144,38.72565],[37.61382,38.72496],[37.61564,38.72548],[37.61684,38.72528],[37.61768,38.72402],[37.618,38.7249],[37.61732,38.72625],[37.61863,38.72614],[37.61835,38.72736],[37.62088,38.72612],[37.62251,38.72805],[37.62356,38.72786],[37.62626,38.7288],[37.62843,38.72833],[37.62903,38.72927],[37.63038,38.7296],[37.63519,38.7294],[37.63787,38.72857],[37.64189,38.72889],[37.64448,38.73121],[37.64871,38.73273],[37.65032,38.73483],[37.65373,38.73642],[37.65727,38.74271],[37.65899,38.74442],[37.66304,38.74996],[37.66358,38.75153],[37.6671,38.75698],[37.67386,38.76279],[37.67493,38.76685],[37.67517,38.77354],[37.67699,38.77513],[37.67729,38.7759],[37.67643,38.77824],[37.67744,38.78041],[37.67705,38.78487],[37.67796,38.78978],[37.67781,38.79277],[37.67701,38.79498],[37.67562,38.7971],[37.676,38.7985],[37.67555,38.80105],[37.67871,38.8036],[37.67879,38.80476],[37.67802,38.80603],[37.67815,38.80717],[37.67905,38.80914],[37.68085,38.81111],[37.68208,38.81341],[37.68328,38.81914],[37.68274,38.8218],[37.68308,38.82268],[37.68429,38.82287],[37.68504,38.8248],[37.68592,38.82553],[37.686,38.82935],[37.68375,38.83332],[37.68343,38.83603],[37.68328,38.83993],[37.68474,38.84103],[37.68486,38.84274],[37.68414,38.85435],[37.68493,38.85656],[37.68705,38.85847],[37.68886,38.85942],[37.72111,38.86738],[37.7295,38.86763],[37.73284,38.86892],[37.7399,38.86997],[37.74068,38.86994],[37.74053,38.86759],[37.74068,38.86994],[37.74344,38.86965],[37.74514,38.87126],[37.74885,38.87094],[37.75065,38.87319],[37.756,38.87341],[37.7605,38.87435],[37.76623,38.87707],[37.76761,38.87731],[37.7669,38.87613],[37.7687,38.87529],[37.77018,38.8736],[37.77241,38.87287],[37.77351,38.87205],[37.77681,38.87184],[37.7769,38.87141],[37.77555,38.87085],[37.77557,38.87049],[37.77911,38.86961],[37.78196,38.8672],[37.78518,38.86592],[37.78756,38.86527],[37.78999,38.86557],[37.79443,38.86371],[37.80308,38.86416],[37.80546,38.86338],[37.80923,38.86055],[37.81449,38.8521],[37.81767,38.84877],[37.82022,38.84901],[37.82151,38.84826],[37.82288,38.84643],[37.82453,38.84568],[37.83067,38.84126],[37.83237,38.84051],[37.83374,38.84019],[37.83953,38.84023],[37.84271,38.83946],[37.8464,38.83512],[37.84921,38.83444],[37.85288,38.82948],[37.85578,38.82761],[37.85876,38.82714],[37.8606,38.82753],[37.86487,38.82995],[37.86605,38.83002],[37.86846,38.82871],[37.86824,38.82646],[37.8691,38.82506],[37.87105,38.82395],[37.87344,38.82176],[37.8747,38.82154],[37.87725,38.82197],[37.88095,38.82083],[37.88612,38.82234],[37.88723,38.8224],[37.89017,38.82154],[37.89586,38.82186],[37.90064,38.82036],[37.9036,38.82008],[37.90678,38.81903],[37.9094,38.8162],[37.91217,38.81659],[37.91403,38.81618],[37.91744,38.8127],[37.92195,38.8115],[37.92414,38.81249],[37.92661,38.81285],[37.92796,38.81588],[37.92895,38.8165],[37.93161,38.81639],[37.93317,38.81536],[37.93431,38.81613],[37.93744,38.81701],[37.9406,38.81684],[37.94249,38.81637],[37.95171,38.81835],[37.95688,38.8203],[37.95897,38.81972],[37.96023,38.81837],[37.96309,38.81804],[37.96577,38.82068],[37.96527,38.82193],[37.9653,38.82463],[37.96626,38.82736],[37.96686,38.82779],[37.96789,38.82757],[37.96982,38.82813],[37.97343,38.82749],[37.97579,38.828],[37.98006,38.82738],[37.9812,38.82764],[37.99411,38.82716],[38.00182,38.82789],[38.00295,38.82837],[38.00334,38.82942],[38.00534,38.82875],[38.00759,38.82952],[38.00774,38.83062],[38.00931,38.82959],[38.01066,38.82933],[38.01119,38.83094],[38.01237,38.82974],[38.01327,38.82959],[38.01407,38.83105],[38.01598,38.83064],[38.01709,38.82901],[38.01864,38.82869],[38.01778,38.83141],[38.02151,38.82796],[38.02287,38.82779],[38.02375,38.82841],[38.0254,38.82749],[38.02729,38.82435],[38.02838,38.82139],[38.03012,38.81955],[38.03179,38.81886],[38.03767,38.82292],[38.04038,38.82575],[38.04063,38.82648],[38.04158,38.8268],[38.04218,38.82792],[38.04364,38.82813],[38.04716,38.83038],[38.04812,38.83558],[38.04945,38.83534],[38.05074,38.83573],[38.05085,38.8362],[38.04958,38.83718],[38.05132,38.83738],[38.05291,38.8392],[38.05565,38.84077],[38.05739,38.84412],[38.05962,38.84502],[38.06007,38.84736],[38.06095,38.8489],[38.0664,38.85298],[38.0678,38.85349],[38.06906,38.85472],[38.07132,38.85542],[38.07318,38.85551],[38.07447,38.85633],[38.0764,38.85654],[38.0773,38.856],[38.07642,38.85577],[38.07623,38.85227],[38.07844,38.85459],[38.0813,38.85257],[38.0822,38.85236],[38.08366,38.85287],[38.08451,38.85534],[38.08623,38.85575],[38.08733,38.85656],[38.09134,38.8563],[38.09391,38.85675],[38.09582,38.85613],[38.10235,38.85545],[38.10503,38.8568],[38.10711,38.85467],[38.10913,38.85435],[38.11134,38.85167],[38.11471,38.85027],[38.11653,38.84886],[38.12084,38.84886],[38.12277,38.84667],[38.12417,38.84592],[38.12636,38.84594],[38.13142,38.84457],[38.13505,38.84433],[38.13728,38.84311],[38.1411,38.84313],[38.14269,38.84201],[38.14318,38.84225],[38.14316,38.84343],[38.14369,38.84364],[38.14687,38.84285],[38.1515,38.8436],[38.15333,38.84339],[38.15494,38.8427],[38.15927,38.83789],[38.16211,38.83643],[38.16689,38.83575],[38.1714,38.83624],[38.17592,38.83549],[38.17923,38.8348],[38.18429,38.83261],[38.18856,38.83186],[38.19828,38.83096],[38.20684,38.82841],[38.21157,38.82757],[38.21839,38.82809],[38.22249,38.82931],[38.22671,38.82912],[38.22852,38.82845],[38.2294,38.82764],[38.23227,38.8268],[38.23547,38.82444],[38.2353,38.82195],[38.23581,38.8212],[38.23957,38.81989],[38.24294,38.81686],[38.24693,38.81568],[38.24442,38.81815],[38.24463,38.8203],[38.2442,38.82154],[38.24178,38.82493],[38.24251,38.82689],[38.23901,38.83167],[38.23849,38.83405],[38.23719,38.83547],[38.23665,38.8377],[38.23759,38.83946],[38.23736,38.84242],[38.23583,38.84613],[38.23328,38.84935],[38.23279,38.85079],[38.22987,38.85375],[38.22824,38.85733],[38.22633,38.86025],[38.22706,38.86776],[38.22804,38.87032],[38.23373,38.87626],[38.23519,38.87926],[38.23948,38.88398],[38.2444,38.89255],[38.24551,38.89855],[38.24684,38.90025],[38.25386,38.90615],[38.258,38.91673],[38.25796,38.92332],[38.256,38.92673],[38.25691,38.93244],[38.25656,38.9337],[38.25796,38.9416],[38.25665,38.94394],[38.25523,38.94531],[38.25474,38.94771],[38.2539,38.94892],[38.25377,38.95535],[38.2527,38.95741],[38.25068,38.97355],[38.24978,38.97617],[38.24725,38.9799],[38.24826,38.98151],[38.25098,38.98267],[38.24736,38.98288],[38.24553,38.98597],[38.24392,38.98724],[38.24322,38.98835],[38.24317,38.99153],[38.24133,38.99677],[38.24281,38.99855],[38.24669,39.00013],[38.24802,39.00155],[38.24942,39.0023],[38.2495,39.00359],[38.25819,39.01035],[38.27042,39.01578],[38.27244,39.01569],[38.27407,39.01494],[38.27768,39.01494],[38.27817,39.0137],[38.28059,39.01054],[38.28291,39.00923],[38.28293,39.0085],[38.28167,39.00711],[38.28143,39.00567],[38.28519,39.00661],[38.28785,39.00541],[38.28898,39.00589],[38.29066,39.00432],[38.29441,39.0037],[38.29536,39.00322],[38.30042,39.00464],[38.30051,39.00543],[38.30012,39.00576],[38.30128,39.00619],[38.30257,39.00616],[38.30276,39.00672],[38.30452,39.00788],[38.30525,39.00777],[38.30523,39.00827],[38.30684,39.00865],[38.3087,39.01103],[38.31297,39.01243],[38.3142,39.01179],[38.3154,39.01183],[38.31712,39.01054],[38.31802,39.00955],[38.319,39.00728],[38.32006,39.00799],[38.32087,39.00717],[38.32078,39.00893],[38.32199,39.01022],[38.32229,39.01254],[38.32548,39.01309],[38.32503,39.01372],[38.32317,39.0147],[38.32051,39.01498],[38.31823,39.01646],[38.31733,39.01906],[38.31744,39.02112],[38.31671,39.02144],[38.31673,39.0226],[38.31746,39.02374],[38.31731,39.02457],[38.31812,39.02676],[38.31769,39.0282],[38.32006,39.02882],[38.32091,39.02781],[38.32132,39.02889],[38.32439,39.0297],[38.32696,39.03264],[38.32853,39.03545],[38.32896,39.03786],[38.33042,39.03977],[38.33076,39.04161],[38.33023,39.04258],[38.32623,39.04524],[38.32701,39.04899],[38.32909,39.0505],[38.33147,39.05045],[38.33254,39.05131],[38.33578,39.0511],[38.33623,39.05148],[38.33692,39.0514],[38.34074,39.05416],[38.34209,39.05459],[38.34325,39.057],[38.34329,39.05839],[38.34495,39.06056],[38.34492,39.06275],[38.34643,39.06384],[38.34752,39.06367],[38.34864,39.06408],[38.34967,39.06777],[38.35117,39.06678],[38.34922,39.07034],[38.34846,39.07022],[38.34718,39.06781],[38.34604,39.06743],[38.3395,39.07528],[38.33823,39.075],[38.33726,39.0741],[38.33733,39.07549],[38.3369,39.07607],[38.33847,39.07976],[38.33829,39.08024],[38.33896,39.07959],[38.33924,39.08099],[38.34417,39.08167],[38.34289,39.08506],[38.3437,39.08635],[38.34445,39.08899],[38.34392,39.09045],[38.34866,39.09403],[38.34911,39.09536],[38.34849,39.09712],[38.34913,39.09779],[38.35068,39.10189],[38.35278,39.1048],[38.3537,39.10506],[38.35349,39.1065],[38.35449,39.10596],[38.35589,39.10676],[38.35664,39.10568],[38.3605,39.10427],[38.36314,39.10521],[38.36421,39.10526],[38.36514,39.108],[38.36737,39.11004],[38.36973,39.11064],[38.37258,39.11011],[38.37361,39.11045],[38.37458,39.11141],[38.37531,39.11556],[38.37705,39.11699],[38.376,39.11895],[38.37587,39.12008],[38.37715,39.12283],[38.37722,39.12811],[38.37859,39.12937],[38.37964,39.13116],[38.38082,39.13133],[38.38136,39.13259],[38.38263,39.13373],[38.38464,39.13688],[38.38471,39.13924],[38.38868,39.1418],[38.38874,39.14611],[38.38962,39.14774],[38.38947,39.14834],[38.38866,39.14892],[38.3893,39.14909],[38.38958,39.15002],[38.39093,39.15042],[38.39172,39.15218],[38.39316,39.15369],[38.39325,39.15512],[38.39396,39.15555],[38.39383,39.15478],[38.39492,39.15575],[38.39576,39.15826],[38.39539,39.15961],[38.39443,39.16027],[38.39456,39.16124],[38.39795,39.16667],[38.39782,39.16843],[38.39923,39.17038],[38.40153,39.17525],[38.40245,39.176],[38.40262,39.17684],[38.40477,39.17851],[38.4041,39.18083],[38.40486,39.18231],[38.40473,39.18351],[38.40679,39.1872],[38.40677,39.18797],[38.40981,39.18658],[38.41187,39.18645],[38.4149,39.18555],[38.41584,39.18572],[38.42039,39.18396],[38.42827,39.18328],[38.43037,39.18373],[38.43142,39.18531],[38.43198,39.1884],[38.43346,39.1895],[38.43857,39.19072],[38.44005,39.19336],[38.44382,39.19812],[38.4446,39.20033],[38.4473,39.20182],[38.44863,39.204],[38.44878,39.20544],[38.44992,39.20765],[38.45668,39.21287],[38.45942,39.21428],[38.45974,39.21482],[38.45856,39.21578],[38.45895,39.2166],[38.4603,39.21619],[38.46241,39.2166],[38.46369,39.21832],[38.46678,39.22008],[38.46723,39.22188],[38.47056,39.22355],[38.47258,39.22587],[38.47442,39.2269],[38.47352,39.22572],[38.47363,39.22387],[38.47414,39.22308],[38.47298,39.22181],[38.47082,39.22093],[38.47067,39.219],[38.46758,39.21692],[38.46762,39.21538],[38.46622,39.21398],[38.46796,39.21411],[38.46981,39.21527],[38.47556,39.21772],[38.47676,39.21911],[38.47839,39.21988],[38.48024,39.22143],[38.48283,39.2252],[38.48346,39.22823],[38.48277,39.22744],[38.48273,39.22988],[38.48337,39.23201],[38.48468,39.23319],[38.48693,39.234],[38.48768,39.23394],[38.48863,39.23473],[38.48869,39.23765],[38.48985,39.23881],[38.48933,39.23934],[38.48946,39.24074],[38.49024,39.23971],[38.49006,39.24085],[38.49146,39.23962],[38.49152,39.24061],[38.48953,39.24207],[38.4894,39.24273],[38.49107,39.24316],[38.49279,39.24424],[38.49453,39.24746],[38.49631,39.24851],[38.49715,39.2502],[38.4989,39.2513],[38.49818,39.25254],[38.49927,39.25421],[38.49792,39.25501],[38.49691,39.25627],[38.49663,39.25921],[38.49466,39.26108],[38.49425,39.26198],[38.49627,39.26256],[38.49682,39.26203],[38.49708,39.26095],[38.49931,39.25831],[38.49936,39.25683],[38.50085,39.25554]]}},{"type":"Feature","properties":{"name":"TET_TR-23-S_20240614","country":"TR","lengthKm":593.4},"geometry":{"type":"LineString","coordinates":[[38.11946,39.37933],[38.11826,39.37808],[38.11595,39.37934],[38.11824,39.37787],[38.11866,39.37428],[38.11825,39.37382],[38.11838,39.37786],[38.11555,39.37997],[38.11425,39.38241],[38.11099,39.38674],[38.11005,39.389],[38.10982,39.38801],[38.11009,39.38793],[38.11004,39.38889],[38.10942,39.39061],[38.10845,39.39175],[38.10426,39.39458],[38.10194,39.39731],[38.10175,39.39957],[38.10231,39.40161],[38.10364,39.40264],[38.10745,39.404],[38.10819,39.40476],[38.10997,39.41287],[38.10958,39.41408],[38.10786,39.41563],[38.10228,39.41707],[38.10074,39.41857],[38.10107,39.41983],[38.10411,39.42394],[38.10389,39.42454],[38.10348,39.42301],[38.10896,39.42551],[38.11263,39.42516],[38.11484,39.42596],[38.11595,39.42814],[38.11776,39.42922],[38.11872,39.43033],[38.11908,39.4329],[38.12323,39.43692],[38.12337,39.43789],[38.1223,39.44037],[38.12207,39.44397],[38.12261,39.44681],[38.12188,39.45087],[38.12338,39.45358],[38.12634,39.45597],[38.12681,39.45745],[38.12602,39.45954],[38.1243,39.46049],[38.12343,39.46042],[38.12117,39.45907],[38.12003,39.45893],[38.11899,39.45938],[38.11659,39.46135],[38.11498,39.46412],[38.11466,39.46563],[38.11354,39.46629],[38.11356,39.46697],[38.11514,39.46859],[38.11779,39.47266],[38.11821,39.4746],[38.11779,39.47733],[38.11502,39.47901],[38.11183,39.48504],[38.11092,39.48547],[38.11005,39.48489],[38.10989,39.48406],[38.1076,39.48232],[38.10633,39.48257],[38.10606,39.48308],[38.10787,39.48481],[38.11007,39.48793],[38.11329,39.49006],[38.11503,39.49475],[38.11804,39.499],[38.12609,39.50789],[38.12954,39.50966],[38.1374,39.5119],[38.14108,39.51577],[38.14801,39.52171],[38.15391,39.52259],[38.15899,39.52146],[38.16289,39.52002],[38.16379,39.52029],[38.16389,39.52301],[38.16526,39.52346],[38.168,39.52318],[38.17245,39.52535],[38.17399,39.52506],[38.17861,39.52175],[38.18421,39.52259],[38.19099,39.52055],[38.19562,39.5201],[38.19882,39.51843],[38.20365,39.51354],[38.21721,39.51179],[38.22261,39.51034],[38.22321,39.50986],[38.22345,39.50829],[38.22746,39.50675],[38.22877,39.50375],[38.23134,39.50199],[38.23349,39.49971],[38.23323,39.49636],[38.23385,39.49572],[38.23567,39.49713],[38.23643,39.49722],[38.23778,39.49405],[38.23871,39.4939],[38.23905,39.49496],[38.23979,39.49551],[38.2408,39.49486],[38.24188,39.49223],[38.24024,39.48997],[38.24101,39.4878],[38.24082,39.48704],[38.24,39.48667],[38.23643,39.48673],[38.23401,39.48606],[38.23353,39.48517],[38.2351,39.48338],[38.24281,39.48381],[38.24481,39.48451],[38.24628,39.48437],[38.25047,39.47934],[38.25091,39.47689],[38.2516,39.47589],[38.25775,39.47314],[38.26025,39.47136],[38.26083,39.47015],[38.26117,39.46658],[38.26278,39.46179],[38.26496,39.46022],[38.27202,39.45787],[38.27928,39.4523],[38.28126,39.45197],[38.28733,39.45301],[38.28859,39.45277],[38.29778,39.44682],[38.3081,39.44224],[38.31497,39.44095],[38.31904,39.43879],[38.32176,39.43605],[38.32681,39.42893],[38.32675,39.42336],[38.32725,39.422],[38.33034,39.41876],[38.33463,39.4163],[38.33705,39.41221],[38.33916,39.41087],[38.34642,39.40851],[38.34967,39.40688],[38.35637,39.40434],[38.35449,39.40346],[38.34858,39.39671],[38.34896,39.39147],[38.34868,39.3891],[38.35068,39.38503],[38.35039,39.38209],[38.34861,39.37604],[38.34917,39.37484],[38.34841,39.37469],[38.34502,39.37537],[38.34196,39.37497],[38.33804,39.37231],[38.33968,39.37075],[38.33972,39.36938],[38.34206,39.36963],[38.34261,39.36903],[38.34961,39.36547],[38.35767,39.36703],[38.3595,39.36699],[38.3593,39.36106],[38.36093,39.35669],[38.36063,39.35561],[38.36489,39.35028],[38.3661,39.34934],[38.36669,39.34922],[38.36726,39.34977],[38.36722,39.3502],[38.36646,39.3503],[38.36629,39.35095],[38.36694,39.35124],[38.36817,39.35083],[38.3693,39.34943],[38.36901,39.34643],[38.36822,39.34408],[38.36858,39.34348],[38.37296,39.34171],[38.37175,39.34052],[38.37078,39.34052],[38.37202,39.33774],[38.37388,39.33645],[38.37485,39.33637],[38.37465,39.33691],[38.37544,39.33681],[38.37636,39.33521],[38.37752,39.33465],[38.38049,39.33438],[38.38138,39.33341],[38.38114,39.3326],[38.38245,39.33086],[38.3841,39.33024],[38.38494,39.32773],[38.38608,39.3275],[38.38819,39.32803],[38.38991,39.3271],[38.3894,39.32642],[38.38763,39.32592],[38.39143,39.3232],[38.39199,39.32205],[38.39403,39.32331],[38.39493,39.32484],[38.39651,39.32525],[38.39745,39.32502],[38.39882,39.32335],[38.39963,39.3233],[38.4002,39.3228],[38.40023,39.32191],[38.40096,39.32097],[38.40186,39.32298],[38.40314,39.32451],[38.40364,39.32458],[38.40512,39.32266],[38.40722,39.32147],[38.40742,39.32214],[38.41069,39.32187],[38.41164,39.32091],[38.41232,39.32086],[38.41288,39.32236],[38.41394,39.3226],[38.4148,39.32353],[38.41633,39.32372],[38.41944,39.32284],[38.42169,39.32385],[38.4239,39.32385],[38.42643,39.32208],[38.43179,39.31974],[38.43347,39.31852],[38.43613,39.31746],[38.43867,39.31724],[38.44669,39.3137],[38.4468,39.31195],[38.44849,39.311],[38.46076,39.30734],[38.4624,39.30605],[38.46539,39.30631],[38.46725,39.30441],[38.4709,39.30454],[38.48017,39.30031],[38.48115,39.29886],[38.4811,39.29777],[38.48293,39.29667],[38.48381,39.29548],[38.48472,39.29514],[38.48339,39.29543],[38.48461,39.2941],[38.4852,39.29413],[38.48641,39.29341],[38.48665,39.29099],[38.48719,39.29023],[38.4867,39.2895],[38.4869,39.28916],[38.48748,39.28921],[38.4895,39.28656],[38.48958,39.28286],[38.49213,39.28135],[38.49513,39.27727],[38.49528,39.27397],[38.49607,39.2727],[38.49507,39.26935],[38.49553,39.26726],[38.49468,39.26633],[38.4946,39.264],[38.49517,39.26346],[38.49724,39.26322],[38.49706,39.26113],[38.49941,39.25839],[38.49971,39.25684],[38.50282,39.25493],[38.50259,39.25241],[38.50452,39.2501],[38.50371,39.24937],[38.50362,39.24836],[38.50267,39.24695],[38.50507,39.24772],[38.50508,39.24877],[38.50639,39.24992],[38.50657,39.24944],[38.50882,39.24825],[38.51028,39.24833],[38.51138,39.24729],[38.51223,39.24703],[38.51198,39.24472],[38.51298,39.24557],[38.51406,39.24548],[38.51294,39.24448],[38.513,39.24316],[38.50978,39.24426],[38.50968,39.24227],[38.51061,39.24264],[38.51148,39.24098],[38.5128,39.24114],[38.51461,39.23886],[38.51599,39.24037],[38.51686,39.23982],[38.51755,39.24025],[38.51705,39.24103],[38.51978,39.24391],[38.52211,39.24409],[38.52448,39.24551],[38.52637,39.2449],[38.5292,39.24577],[38.52968,39.24645],[38.53113,39.24635],[38.53093,39.24404],[38.53004,39.24269],[38.53009,39.24048],[38.53069,39.24006],[38.53247,39.23981],[38.53339,39.23902],[38.53642,39.23933],[38.53729,39.23811],[38.53804,39.23539],[38.53911,39.23392],[38.53927,39.23238],[38.53831,39.23038],[38.53622,39.22811],[38.53933,39.22684],[38.53961,39.22403],[38.54024,39.22273],[38.5426,39.22236],[38.54642,39.2241],[38.54835,39.22449],[38.55011,39.22564],[38.55696,39.22569],[38.56,39.22639],[38.56234,39.22612],[38.56432,39.22671],[38.56559,39.22495],[38.56725,39.22417],[38.56875,39.22227],[38.57087,39.22207],[38.57339,39.22244],[38.57528,39.22208],[38.57559,39.22136],[38.57414,39.22022],[38.57514,39.21875],[38.5753,39.21774],[38.57851,39.21646],[38.57866,39.21606],[38.57635,39.21316],[38.57556,39.21269],[38.572,39.21297],[38.57003,39.2109],[38.5697,39.20927],[38.56906,39.209],[38.56801,39.20954],[38.56757,39.20912],[38.56826,39.20793],[38.56555,39.20571],[38.56495,39.2046],[38.56376,39.20413],[38.56416,39.20329],[38.56613,39.20357],[38.56717,39.20476],[38.56945,39.20601],[38.57154,39.20661],[38.57329,39.2085],[38.57754,39.2081],[38.58383,39.21034],[38.58598,39.20984],[38.58793,39.20884],[38.59201,39.20845],[38.59284,39.20711],[38.59502,39.20593],[38.59744,39.20251],[38.59818,39.1991],[38.59784,39.19846],[38.59868,39.19761],[38.59847,39.19492],[38.59762,39.19262],[38.59798,39.19147],[38.5965,39.1899],[38.59841,39.18913],[38.59972,39.18811],[38.60101,39.18797],[38.60103,39.18726],[38.60226,39.18611],[38.60235,39.18481],[38.60214,39.18541],[38.6028,39.18628],[38.60509,39.18755],[38.60475,39.18927],[38.60515,39.19039],[38.60447,39.1906],[38.60478,39.19313],[38.6041,39.19449],[38.60415,39.1954],[38.60462,39.19578],[38.60448,39.19534],[38.60626,39.19369],[38.60655,39.19434],[38.60552,39.19768],[38.60432,39.19908],[38.6048,39.20235],[38.6039,39.20368],[38.60551,39.20409],[38.60774,39.20288],[38.60846,39.2029],[38.60963,39.20416],[38.61244,39.2048],[38.61388,39.20578],[38.61627,39.20543],[38.61816,39.20764],[38.62003,39.20857],[38.62123,39.20856],[38.62374,39.20671],[38.62707,39.20609],[38.62807,39.20464],[38.63117,39.20477],[38.63318,39.20419],[38.63154,39.20238],[38.63088,39.19686],[38.63144,39.19669],[38.63301,39.19761],[38.63605,39.198],[38.63778,39.19598],[38.63628,39.19664],[38.63334,39.19513],[38.63623,39.19493],[38.63637,39.19352],[38.63551,39.19429],[38.63165,39.193],[38.63085,39.19239],[38.63197,39.19265],[38.63426,39.19225],[38.63451,39.19059],[38.63532,39.18952],[38.6374,39.18814],[38.63866,39.18788],[38.64168,39.1893],[38.64536,39.18997],[38.64704,39.18917],[38.65012,39.18643],[38.65374,39.18748],[38.65661,39.18626],[38.65705,39.18542],[38.65891,39.18528],[38.66227,39.18631],[38.66321,39.18613],[38.66529,39.18468],[38.66835,39.18475],[38.66944,39.18766],[38.6724,39.189],[38.67422,39.18901],[38.678,39.18984],[38.6793,39.19061],[38.68117,39.18929],[38.68246,39.18966],[38.68278,39.1905],[38.68369,39.1901],[38.68775,39.19076],[38.68958,39.19071],[38.68941,39.1915],[38.69019,39.19417],[38.69212,39.19527],[38.69477,39.19614],[38.69833,39.19594],[38.70064,39.1941],[38.7057,39.19235],[38.7088,39.18924],[38.71031,39.18842],[38.71185,39.18834],[38.71338,39.18965],[38.71834,39.18991],[38.7215,39.19146],[38.72378,39.19196],[38.72822,39.19201],[38.72884,39.19147],[38.72847,39.19045],[38.72934,39.18922],[38.72716,39.18812],[38.72715,39.18754],[38.73002,39.18675],[38.73339,39.18761],[38.73578,39.1868],[38.73551,39.18214],[38.73804,39.17845],[38.74184,39.175],[38.74756,39.17548],[38.74805,39.17509],[38.74776,39.17467],[38.74623,39.17437],[38.74604,39.17397],[38.74762,39.17157],[38.75022,39.16957],[38.75253,39.16836],[38.75237,39.16761],[38.75648,39.16724],[38.75688,39.16642],[38.75793,39.16639],[38.75938,39.16732],[38.75862,39.16648],[38.764,39.16707],[38.76148,39.1676],[38.7655,39.1681],[38.76609,39.16787],[38.76535,39.16361],[38.76564,39.1632],[38.76397,39.16012],[38.76441,39.15994],[38.76541,39.16128],[38.76631,39.16096],[38.76713,39.15831],[38.76784,39.15773],[38.76759,39.15733],[38.76659,39.15746],[38.76598,39.15622],[38.7667,39.15562],[38.76579,39.15498],[38.7652,39.1519],[38.76348,39.14946],[38.76321,39.14832],[38.76208,39.14781],[38.76124,39.14786],[38.76142,39.14648],[38.76089,39.14573],[38.76268,39.14729],[38.76115,39.14481],[38.76321,39.14667],[38.76306,39.1462],[38.76238,39.14468],[38.76147,39.14395],[38.7626,39.14373],[38.76358,39.14304],[38.76393,39.14157],[38.76505,39.14119],[38.76615,39.14139],[38.76713,39.13963],[38.77131,39.13884],[38.77144,39.13801],[38.76938,39.13683],[38.76992,39.13561],[38.77105,39.13543],[38.7735,39.13585],[38.77409,39.1354],[38.774,39.13453],[38.77516,39.13317],[38.77713,39.13213],[38.77737,39.13144],[38.77675,39.13015],[38.77771,39.12925],[38.77992,39.12879],[38.78265,39.12965],[38.78328,39.1295],[38.78353,39.12873],[38.78213,39.12636],[38.78232,39.12585],[38.78574,39.12317],[38.78943,39.12198],[38.79073,39.12193],[38.79183,39.12074],[38.79496,39.12077],[38.80434,39.12358],[38.80489,39.12343],[38.80468,39.12299],[38.80075,39.12072],[38.7986,39.1188],[38.7945,39.11658],[38.78857,39.11606],[38.78723,39.11497],[38.78776,39.11412],[38.79057,39.11231],[38.79184,39.11203],[38.79756,39.11293],[38.79687,39.11304],[38.79857,39.1139],[38.79606,39.11426],[38.79612,39.11469],[38.80352,39.11713],[38.80661,39.11691],[38.80719,39.11645],[38.8119,39.11517],[38.81549,39.11543],[38.81795,39.11481],[38.81801,39.11535],[38.81932,39.11606],[38.8218,39.11659],[38.82232,39.11704],[38.82319,39.11653],[38.82461,39.11743],[38.8277,39.11735],[38.82898,39.11632],[38.83002,39.1163],[38.82971,39.11545],[38.83098,39.1156],[38.83394,39.11512],[38.83825,39.1137],[38.84342,39.11353],[38.84651,39.11465],[38.8506,39.11352],[38.85362,39.11329],[38.85764,39.11169],[38.85811,39.11028],[38.85983,39.10851],[38.85984,39.10561],[38.85886,39.10132],[38.8596,39.09851],[38.85962,39.09594],[38.85878,39.09328],[38.85918,39.09128],[38.86067,39.08907],[38.86241,39.08791],[38.86456,39.08734],[38.86434,39.086],[38.86541,39.0861],[38.86899,39.08515],[38.87003,39.08839],[38.87265,39.08919],[38.87382,39.08862],[38.87722,39.08378],[38.87873,39.08518],[38.87771,39.08714],[38.8791,39.08809],[38.87913,39.08974],[38.87993,39.09068],[38.88092,39.09077],[38.88228,39.09011],[38.88396,39.08886],[38.88257,39.0857],[38.88447,39.08448],[38.88729,39.08173],[38.8862,39.08078],[38.88648,39.08049],[38.8874,39.08065],[38.88836,39.08153],[38.88805,39.08054],[38.88727,39.07996],[38.88926,39.07914],[38.89227,39.07875],[38.89302,39.07798],[38.89361,39.07867],[38.89426,39.07856],[38.89409,39.07611],[38.89456,39.07488],[38.8957,39.07411],[38.89836,39.0733],[38.90164,39.07131],[38.90409,39.06849],[38.90611,39.06736],[38.90686,39.06597],[38.90676,39.06482],[38.90845,39.0636],[38.9097,39.06376],[38.91052,39.06249],[38.91137,39.06302],[38.91745,39.06131],[38.92018,39.0585],[38.92233,39.05706],[38.92703,39.05487],[38.9299,39.05309],[38.93007,39.05169],[38.9294,39.05047],[38.93091,39.05013],[38.93668,39.0513],[38.93966,39.05302],[38.94058,39.05419],[38.94262,39.05555],[38.95332,39.05445],[38.95663,39.05581],[38.95916,39.05636],[38.96135,39.0593],[38.96422,39.0604],[38.97189,39.06196],[38.97391,39.0619],[38.97548,39.06256],[38.97826,39.06279],[38.98148,39.06437],[38.98215,39.06511],[38.98651,39.0661],[38.98678,39.06773],[38.98951,39.06898],[38.99023,39.06968],[38.99115,39.07309],[38.9916,39.07327],[38.99222,39.07072],[38.99314,39.06937],[38.99337,39.07205],[38.99445,39.07239],[38.99728,39.0718],[38.99802,39.07127],[38.99849,39.06709],[38.99762,39.06502],[38.99729,39.06271],[38.99887,39.06284],[38.99963,39.06363],[39.00264,39.06298],[39.00408,39.06183],[39.00481,39.05966],[39.00555,39.05919],[39.00673,39.05992],[39.00868,39.06243],[39.01065,39.06252],[39.01194,39.06156],[39.01419,39.06078],[39.01586,39.06135],[39.01791,39.06148],[39.02209,39.0638],[39.02673,39.0627],[39.02839,39.06323],[39.02962,39.06293],[39.03001,39.06237],[39.03206,39.06862],[39.03143,39.07036],[39.03003,39.07114],[39.03108,39.07218],[39.03082,39.0744],[39.02965,39.07628],[39.03023,39.07891],[39.03085,39.07915],[39.03075,39.08078],[39.03436,39.07917],[39.03489,39.0794],[39.03391,39.07937],[39.03497,39.07843],[39.03668,39.07772],[39.04128,39.0774],[39.04154,39.07988],[39.0443,39.08103],[39.04518,39.08341],[39.04576,39.08386],[39.04854,39.08154],[39.04798,39.08028],[39.04956,39.07781],[39.04901,39.07685],[39.05097,39.0765],[39.05214,39.07736],[39.05277,39.07725],[39.05398,39.07509],[39.05191,39.07283],[39.05338,39.07252],[39.05493,39.07158],[39.05586,39.07177],[39.05674,39.07066],[39.05775,39.07011],[39.06065,39.07058],[39.0621,39.06959],[39.06281,39.07046],[39.06369,39.07059],[39.06767,39.06922],[39.06897,39.0692],[39.0692,39.0699],[39.07124,39.07034],[39.07523,39.07021],[39.07842,39.07086],[39.07918,39.07049],[39.0801,39.07104],[39.08102,39.07073],[39.08164,39.07097],[39.0843,39.07006],[39.08655,39.06977],[39.09232,39.06752],[39.09414,39.06768],[39.09511,39.0669],[39.09856,39.06576],[39.09879,39.06464],[39.10056,39.06318],[39.10218,39.06292],[39.10188,39.06214],[39.10276,39.05997],[39.10239,39.0594],[39.10404,39.05807],[39.10344,39.05696],[39.10402,39.05687],[39.10472,39.05774],[39.10486,39.05895],[39.10638,39.05651],[39.10958,39.05579],[39.1094,39.05518],[39.10727,39.05428],[39.10709,39.05335],[39.10608,39.05251],[39.10759,39.05254],[39.10794,39.05321],[39.11073,39.05404],[39.11251,39.05581],[39.11317,39.05442],[39.11373,39.05546],[39.11534,39.05679],[39.11726,39.06112],[39.11699,39.06275],[39.12111,39.05777],[39.12297,39.05796],[39.12547,39.06113],[39.12586,39.06305],[39.12483,39.06444],[39.12493,39.06494],[39.12667,39.06589],[39.12824,39.06624],[39.13187,39.06851],[39.13326,39.06836],[39.1327,39.06958],[39.13343,39.07103],[39.13459,39.07175],[39.13598,39.07198],[39.13892,39.07464],[39.1377,39.07458],[39.13709,39.0763],[39.13825,39.07807],[39.13771,39.07912],[39.14042,39.08076],[39.14058,39.08305],[39.1421,39.08256],[39.14423,39.08255],[39.14467,39.08315],[39.14449,39.08471],[39.14547,39.08497],[39.14678,39.0846],[39.14775,39.08475],[39.15006,39.08738],[39.15123,39.08738],[39.15212,39.08797],[39.15345,39.08779],[39.15408,39.08697],[39.15669,39.08907],[39.15656,39.08962],[39.15779,39.09021],[39.15831,39.09232],[39.16021,39.09356],[39.15954,39.09337],[39.15904,39.09597],[39.15726,39.09882],[39.15772,39.09926],[39.15826,39.09905],[39.16005,39.0997],[39.16353,39.09705],[39.1647,39.09706],[39.16675,39.09829],[39.16482,39.10322],[39.16533,39.1045],[39.16722,39.1057],[39.16939,39.10494],[39.17158,39.10581],[39.17235,39.10543],[39.17814,39.10498],[39.18042,39.10381],[39.18105,39.10449],[39.18238,39.10484],[39.18369,39.10757],[39.18253,39.10983],[39.18255,39.11188],[39.18139,39.11378],[39.1818,39.11467],[39.18513,39.11284],[39.18805,39.11242],[39.19404,39.1091],[39.19759,39.10884],[39.20486,39.10927],[39.20923,39.10802],[39.21708,39.10479],[39.21759,39.10679],[39.21856,39.10764],[39.21942,39.10753],[39.22955,39.10198],[39.2314,39.09998],[39.23182,39.1005],[39.23288,39.10028],[39.23221,39.10066],[39.23148,39.10002],[39.23103,39.09857],[39.22987,39.09706],[39.23002,39.09658],[39.22972,39.09764],[39.23026,39.09657],[39.23004,39.09734],[39.23189,39.10065],[39.23277,39.10036],[39.23931,39.10551],[39.24162,39.10606],[39.24362,39.10704],[39.24536,39.11084],[39.24581,39.1135],[39.24671,39.11482],[39.24719,39.1151],[39.24899,39.1139],[39.24668,39.11892],[39.24769,39.12423],[39.24627,39.12962],[39.24484,39.13183],[39.24461,39.13306],[39.24652,39.14799],[39.24801,39.15019],[39.25056,39.15167],[39.25479,39.1554],[39.25632,39.15965],[39.25651,39.16158],[39.25551,39.16514],[39.25621,39.16776],[39.25423,39.17275],[39.25222,39.17433],[39.25076,39.17452],[39.24976,39.17508],[39.24644,39.17895],[39.24672,39.18182],[39.24513,39.18375],[39.24542,39.18566],[39.24454,39.18759],[39.24317,39.18835],[39.24303,39.18937],[39.23917,39.19064],[39.23829,39.19142],[39.23689,39.19129],[39.23599,39.1924],[39.23617,39.1941],[39.23769,39.19623],[39.23744,39.19692],[39.23634,39.1978],[39.23496,39.19833],[39.2339,39.19833],[39.23317,39.19888],[39.22946,39.19858],[39.22914,39.19928],[39.23032,39.20041],[39.22987,39.20387],[39.22732,39.20569],[39.22769,39.20613],[39.22889,39.20624],[39.2299,39.20719],[39.2275,39.21078],[39.22825,39.21205],[39.22786,39.21269],[39.22661,39.21219],[39.22519,39.21253],[39.22391,39.21473],[39.22259,39.21597],[39.22211,39.21726],[39.22063,39.21784],[39.21956,39.21896],[39.22076,39.22424],[39.21905,39.22539],[39.21717,39.22527],[39.21317,39.22779],[39.21289,39.23001],[39.21209,39.23074],[39.2101,39.23067],[39.21015,39.23264],[39.20845,39.23337],[39.20627,39.23618],[39.20608,39.23764],[39.20719,39.23853],[39.20926,39.23842],[39.21065,39.23909],[39.21235,39.2417],[39.21273,39.24352],[39.21393,39.24374],[39.21453,39.24564],[39.21414,39.24765],[39.21537,39.24907],[39.21575,39.25095],[39.21281,39.2523],[39.21292,39.25359],[39.21509,39.25501],[39.21371,39.25684],[39.21306,39.25722],[39.21174,39.25673],[39.21044,39.25693],[39.20826,39.25656],[39.20744,39.25729],[39.20697,39.25935],[39.20717,39.25917],[39.20594,39.25961],[39.20598,39.26243],[39.20645,39.26259],[39.20663,39.2621],[39.21066,39.26079],[39.21252,39.26059],[39.21322,39.26093],[39.21313,39.26159],[39.21182,39.26178],[39.20967,39.26275],[39.20665,39.2652],[39.20442,39.26595],[39.20399,39.27126],[39.20177,39.27369],[39.20206,39.2769],[39.20085,39.28132],[39.20273,39.28504],[39.20403,39.2854],[39.20848,39.28868],[39.20918,39.29176],[39.2083,39.29263],[39.20831,39.29496],[39.20737,39.29665],[39.20931,39.29848],[39.21013,39.30003],[39.21137,39.30038],[39.21147,39.30159],[39.21225,39.30271],[39.21191,39.30337],[39.21229,39.30573],[39.21338,39.3065],[39.21485,39.31311],[39.21399,39.31893],[39.21332,39.32077],[39.21329,39.32289],[39.2125,39.32483],[39.21257,39.32655],[39.21169,39.32774],[39.20944,39.32859],[39.20622,39.33216],[39.20412,39.33285],[39.20192,39.3343],[39.19809,39.33525],[39.19146,39.34174],[39.18753,39.35349],[39.18779,39.3543],[39.18859,39.35449],[39.20399,39.35648],[39.20992,39.35643],[39.21082,39.35692],[39.21629,39.35718],[39.21132,39.35714],[39.20975,39.35636],[39.20164,39.35626],[39.17424,39.35251],[39.1659,39.35072],[39.1469,39.34912],[39.14009,39.34907],[39.13033,39.35058],[39.12744,39.3506],[39.11854,39.34809],[39.11527,39.34615],[39.11264,39.34524],[39.10772,39.34442],[39.09724,39.34011],[39.09521,39.3398],[39.09233,39.33999],[39.08727,39.33817],[39.08231,39.33778],[39.07973,39.33707],[39.07531,39.33649],[39.07393,39.33613],[39.07129,39.33452],[39.06627,39.33382],[39.06221,39.33243],[39.05746,39.33159],[39.06215,39.33245],[39.06676,39.3339],[39.07144,39.33453],[39.0746,39.33633],[39.07991,39.33708],[39.08247,39.33782],[39.08492,39.33778],[39.08787,39.33831],[39.09249,39.34002],[39.09551,39.33985],[39.09755,39.34018],[39.10688,39.34411],[39.11297,39.34533],[39.11561,39.34625],[39.11865,39.3481],[39.12179,39.34882],[39.12455,39.35006],[39.12786,39.35066],[39.12982,39.35074],[39.14034,39.34908],[39.14628,39.34907],[39.16534,39.35067],[39.17493,39.35259],[39.20223,39.35631],[39.20977,39.3564],[39.21137,39.35716],[39.21398,39.35734],[39.21825,39.35696],[39.22168,39.35714],[39.22627,39.35792],[39.24498,39.35558],[39.25797,39.3522],[39.26417,39.3523],[39.27317,39.35164],[39.27746,39.35026],[39.28051,39.35178],[39.28163,39.35193],[39.28589,39.35046],[39.28806,39.35028],[39.28943,39.3486],[39.29178,39.34761],[39.29289,39.3466],[39.29737,39.34557],[39.30155,39.34649],[39.30357,39.34821],[39.30513,39.34894],[39.30557,39.3503],[39.3084,39.35167],[39.31125,39.35179],[39.31261,39.35278],[39.31714,39.35324],[39.32122,39.35411],[39.32285,39.35816],[39.3247,39.35944],[39.32874,39.35924],[39.33181,39.35865],[39.33338,39.3573],[39.33619,39.35674],[39.33986,39.35491],[39.34344,39.35404],[39.34378,39.35351],[39.34355,39.352],[39.34568,39.3516],[39.34825,39.35029],[39.3487,39.34935],[39.35146,39.3472],[39.35225,39.34591],[39.35291,39.34395],[39.3525,39.34295],[39.35145,39.34205],[39.35272,39.33946],[39.35315,39.33612],[39.35093,39.33106],[39.34939,39.32946],[39.35071,39.32759],[39.35024,39.32576],[39.35094,39.32462],[39.35065,39.32369],[39.3497,39.32328],[39.34955,39.32193],[39.3505,39.31952],[39.35041,39.31833],[39.34975,39.3157],[39.3478,39.3132],[39.34818,39.31276],[39.34995,39.31226],[39.3533,39.30907],[39.35382,39.30756],[39.35336,39.30592],[39.35361,39.30549],[39.35744,39.30618],[39.35892,39.30561],[39.35991,39.30272],[39.35989,39.30112],[39.36224,39.29877],[39.36419,39.29765],[39.3652,39.29798],[39.36772,39.3002],[39.37122,39.30117],[39.37084,39.30245],[39.3734,39.30224],[39.37517,39.30126],[39.37523,39.30051],[39.37832,39.30268],[39.37919,39.3038],[39.37834,39.30451],[39.37767,39.30385],[39.37643,39.30428],[39.37776,39.30599],[39.37999,39.30706],[39.38081,39.30668],[39.38167,39.30783],[39.38173,39.30995],[39.38513,39.31119],[39.38652,39.31085],[39.38874,39.31235],[39.38983,39.31204],[39.39049,39.3124],[39.3904,39.313],[39.3936,39.31457],[39.39515,39.31594],[39.39546,39.31705],[39.39651,39.3183],[39.39838,39.31858],[39.39898,39.31973],[39.40168,39.32191],[39.40252,39.3218],[39.40568,39.32333],[39.40672,39.32443],[39.4078,39.32465],[39.4081,39.32524],[39.40918,39.32539],[39.40999,39.32608],[39.41327,39.32671],[39.41297,39.32778],[39.41336,39.32876],[39.41631,39.32894],[39.41772,39.33002],[39.41789,39.33123],[39.4189,39.33261],[39.42085,39.33231],[39.42235,39.33096],[39.42444,39.33085],[39.42691,39.33005],[39.42666,39.32907],[39.42719,39.32851],[39.42816,39.32854],[39.42857,39.32817],[39.43208,39.32955],[39.43321,39.33053],[39.43325,39.33103],[39.43782,39.33199],[39.43861,39.33253],[39.43839,39.33431],[39.44131,39.33672],[39.44139,39.33758],[39.44275,39.33756],[39.4446,39.33903],[39.44634,39.33957],[39.4474,39.34045],[39.45317,39.34239],[39.45389,39.34301],[39.45695,39.34363],[39.4588,39.34447],[39.45862,39.34552],[39.46374,39.34817],[39.46588,39.34777],[39.46839,39.34841],[39.46873,39.34897],[39.46822,39.3499],[39.46895,39.35066],[39.47063,39.35061],[39.47082,39.35116],[39.47198,39.35159],[39.47254,39.35008],[39.47423,39.34951],[39.47455,39.34863],[39.4756,39.34813],[39.47726,39.34802],[39.4769,39.34695],[39.47618,39.34678],[39.47625,39.34572],[39.47678,39.34513],[39.47947,39.34497],[39.48203,39.34541],[39.48516,39.34814],[39.48814,39.34989],[39.49192,39.35095],[39.49238,39.35184],[39.4932,39.35176],[39.4939,39.35212],[39.4941,39.35295],[39.49539,39.35273],[39.49629,39.35297],[39.49676,39.35244],[39.49731,39.35278],[39.49843,39.35179],[39.49931,39.35337],[39.50057,39.35319],[39.5013,39.35246],[39.50173,39.35278],[39.50132,39.35343],[39.50183,39.35392],[39.50169,39.35443],[39.50347,39.35476],[39.50352,39.35565],[39.50433,39.35598],[39.50429,39.35735],[39.5049,39.35793],[39.50579,39.3612],[39.50549,39.36268],[39.50418,39.36271],[39.50504,39.36404],[39.50692,39.36424],[39.50849,39.36172],[39.51191,39.36099],[39.5115,39.35916],[39.51227,39.35759],[39.51422,39.3577],[39.51508,39.35631],[39.5161,39.35581],[39.51748,39.35582],[39.52051,39.3544],[39.52246,39.35448],[39.52447,39.35511],[39.52727,39.35465],[39.52895,39.35382],[39.52952,39.35417],[39.52957,39.35513],[39.52869,39.35598],[39.52854,39.35704],[39.5273,39.35777],[39.52733,39.3592],[39.52496,39.36413],[39.52539,39.36462],[39.52732,39.36391],[39.52812,39.36258],[39.53324,39.35999],[39.53478,39.35962],[39.53575,39.35834],[39.53684,39.35808],[39.54034,39.35987],[39.54069,39.36051],[39.54283,39.36105],[39.54389,39.36218],[39.5451,39.36261],[39.546,39.36533],[39.54809,39.36537],[39.55032,39.36799],[39.55121,39.36782],[39.55261,39.36822],[39.55458,39.37014],[39.55575,39.37218],[39.55732,39.37258],[39.56084,39.37239],[39.5632,39.37172],[39.56618,39.372],[39.56848,39.37116],[39.5729,39.37182],[39.57551,39.37179],[39.5769,39.37084],[39.57695,39.36977],[39.58033,39.37048],[39.58621,39.3693],[39.58818,39.36946],[39.58905,39.36895],[39.59015,39.36616],[39.5919,39.36497],[39.59275,39.36357],[39.59356,39.36415],[39.59332,39.3664],[39.5954,39.36741],[39.59756,39.36735],[39.59785,39.36785],[39.59942,39.3683],[39.60011,39.3696],[39.6009,39.3699],[39.60076,39.37051],[39.60191,39.371],[39.60158,39.37153],[39.59958,39.37156],[39.59934,39.37203],[39.59597,39.3721],[39.59296,39.37319],[39.59322,39.37406],[39.59119,39.37505],[39.58908,39.37501],[39.59114,39.37596],[39.59246,39.37607],[39.59495,39.37483],[39.59945,39.37508],[39.60003,39.37624],[39.60087,39.37642],[39.60312,39.37797],[39.60269,39.37884],[39.60403,39.3802],[39.60835,39.37935],[39.61034,39.38049],[39.61121,39.38012],[39.61159,39.38075],[39.6127,39.38067],[39.615,39.37926],[39.61408,39.37975],[39.61258,39.38151],[39.61695,39.37996],[39.61865,39.3797],[39.62107,39.37834],[39.62118,39.38074],[39.62297,39.38161],[39.62169,39.38268],[39.62404,39.38239],[39.62689,39.38314],[39.62716,39.38274],[39.62796,39.38268],[39.62828,39.38161],[39.63034,39.38254],[39.62976,39.38069],[39.63066,39.38108],[39.63202,39.38248],[39.63367,39.38303],[39.63376,39.38242],[39.63443,39.38287],[39.63524,39.38266],[39.6364,39.38442],[39.63724,39.38255],[39.63689,39.38185],[39.63763,39.38185],[39.63849,39.38358],[39.63984,39.3842],[39.64083,39.38563],[39.64141,39.38577],[39.64083,39.38636],[39.64139,39.38709],[39.6426,39.38774],[39.6424,39.38701],[39.64371,39.38731],[39.64442,39.38919],[39.64649,39.3907],[39.64636,39.38866],[39.64688,39.38944],[39.64842,39.39036],[39.64862,39.3928],[39.64979,39.39284],[39.6517,39.39376],[39.65461,39.39314],[39.65627,39.394],[39.65855,39.39649],[39.66006,39.39698],[39.66234,39.39731],[39.66401,39.39705],[39.66558,39.396],[39.66512,39.39531],[39.66542,39.39461],[39.66636,39.39463],[39.66732,39.39571],[39.66818,39.39601],[39.66951,39.39551],[39.67102,39.39619],[39.67125,39.39554],[39.67194,39.39586],[39.67169,39.39639],[39.67603,39.39683],[39.67669,39.39738],[39.6802,39.39805],[39.684,39.39571],[39.68627,39.3956],[39.69032,39.39418],[39.69043,39.39467],[39.69271,39.39459],[39.69349,39.39534],[39.69253,39.39535],[39.69278,39.39596],[39.69384,39.39645],[39.69537,39.39937],[39.69816,39.40108],[39.69664,39.40125],[39.69633,39.40192],[39.69835,39.40407],[39.69855,39.40472],[39.6979,39.40488],[39.69818,39.40586],[39.69933,39.4066],[39.69948,39.40724],[39.70083,39.40752],[39.70081,39.40812],[39.70206,39.40844],[39.70244,39.40898],[39.70372,39.40892],[39.70449,39.40841],[39.706,39.40853],[39.70838,39.40725],[39.70816,39.4082],[39.71133,39.40811],[39.71279,39.4084],[39.71395,39.40929],[39.71489,39.40923],[39.71751,39.40804],[39.72127,39.40944],[39.72302,39.40873],[39.7245,39.40915],[39.72612,39.40868],[39.72653,39.40987],[39.72881,39.41138],[39.72799,39.41251],[39.72851,39.41306],[39.73038,39.41322],[39.73109,39.41385],[39.73248,39.41401],[39.73493,39.41339],[39.73681,39.41469],[39.73664,39.41534],[39.73816,39.41673],[39.73837,39.41894],[39.7366,39.41993],[39.73316,39.42307],[39.73438,39.42261],[39.73448,39.42316],[39.73792,39.42178],[39.74061,39.42278],[39.74204,39.42258],[39.74452,39.42314],[39.74689,39.4232],[39.74801,39.4237],[39.74833,39.42488],[39.74925,39.42409],[39.75026,39.42418],[39.74987,39.4227],[39.75044,39.42169],[39.74729,39.42015],[39.74875,39.41964],[39.74856,39.41873],[39.75048,39.41762],[39.75286,39.41516],[39.75215,39.41413],[39.75218,39.41301],[39.75405,39.4113],[39.75606,39.41072],[39.7568,39.40997],[39.76217,39.40992],[39.76349,39.40719],[39.76484,39.40643],[39.76564,39.40484],[39.76675,39.40484],[39.76934,39.4057],[39.77083,39.40772],[39.77142,39.40774],[39.77095,39.40644],[39.77267,39.40553],[39.77201,39.4037],[39.77215,39.40285],[39.77479,39.40197],[39.77627,39.40209],[39.77691,39.40262],[39.7781,39.40253],[39.77815,39.40163],[39.77739,39.40084],[39.77736,39.39999],[39.78059,39.39768],[39.77927,39.39598],[39.78008,39.39476],[39.78149,39.39375],[39.78509,39.39251],[39.78519,39.39054],[39.78774,39.3916],[39.79321,39.39192],[39.79592,39.39328],[39.79676,39.3931],[39.7977,39.39354],[39.79953,39.39276],[39.80068,39.39381],[39.80116,39.3937],[39.8011,39.39276],[39.8004,39.39144],[39.80174,39.39067],[39.80378,39.39082],[39.80391,39.39026],[39.80484,39.38988],[39.80641,39.38955],[39.80822,39.38979],[39.81014,39.38898],[39.81095,39.38909],[39.81425,39.39108],[39.81786,39.38998],[39.81939,39.39214],[39.82215,39.39246],[39.82425,39.392],[39.82869,39.39683],[39.82901,39.39928],[39.82991,39.40043],[39.82992,39.40178],[39.83093,39.40427],[39.83414,39.40721],[39.8338,39.41019],[39.8346,39.41277],[39.837,39.41414],[39.83761,39.41542],[39.83621,39.41903],[39.83593,39.42534],[39.83648,39.42619],[39.83799,39.42716],[39.83922,39.42931],[39.83912,39.4312],[39.84107,39.434],[39.8433,39.43612],[39.84465,39.43844],[39.8478,39.43988],[39.84937,39.44237],[39.85396,39.44482],[39.85859,39.44841],[39.86106,39.45146],[39.86543,39.45411],[39.87492,39.45326],[39.88026,39.45493],[39.88372,39.45494],[39.88622,39.45604],[39.8868,39.45759],[39.88757,39.45814],[39.89186,39.45724],[39.89648,39.45913],[39.89805,39.46055],[39.90063,39.46199],[39.90245,39.46505],[39.90618,39.46736],[39.90787,39.47075],[39.90696,39.4727],[39.90593,39.47379],[39.90101,39.47625],[39.89926,39.47875],[39.89585,39.48103],[39.89587,39.48173],[39.89761,39.48302],[39.89783,39.48387],[39.89536,39.48697],[39.89466,39.48705],[39.89248,39.48877],[39.88993,39.48987],[39.88781,39.49187],[39.88371,39.49379],[39.88153,39.49551],[39.87988,39.49767],[39.87698,39.50022],[39.87743,39.50376],[39.87823,39.50547],[39.8778,39.50568],[39.87606,39.50471],[39.87506,39.50508],[39.8752,39.50695],[39.87448,39.50732],[39.87081,39.50495],[39.87042,39.50395],[39.86996,39.5037],[39.86943,39.50413],[39.87015,39.50714],[39.86876,39.50827],[39.86858,39.50899],[39.86946,39.50974],[39.86844,39.51274],[39.86867,39.51317],[39.86993,39.51321],[39.87107,39.51275],[39.87168,39.51298],[39.87206,39.51509],[39.87365,39.5171],[39.87097,39.51879],[39.87076,39.51928],[39.87259,39.51998],[39.87437,39.52014],[39.87458,39.52176],[39.87569,39.52149],[39.87627,39.52219],[39.87824,39.52109],[39.87981,39.52155],[39.8817,39.52073],[39.888,39.5242],[39.8913,39.52546],[39.89143,39.5261],[39.88712,39.5284],[39.88741,39.52906],[39.89024,39.52814],[39.89293,39.5282],[39.89281,39.52886],[39.88966,39.52991],[39.88931,39.53031],[39.89281,39.53047],[39.89514,39.53161],[39.89715,39.53208],[39.89739,39.53261],[39.89435,39.53284],[39.89398,39.53329],[39.89437,39.53377],[39.89634,39.53379],[39.89898,39.53449],[39.8995,39.53417],[39.90011,39.53266],[39.9011,39.53205],[39.90182,39.53221],[39.90215,39.53612],[39.90297,39.53815],[39.90551,39.54268],[39.9068,39.54403],[39.90511,39.54434],[39.90359,39.54321],[39.90347,39.54377],[39.905,39.5455],[39.90867,39.54627],[39.9091,39.54663],[39.90878,39.54738],[39.90817,39.54755],[39.90283,39.54762],[39.90015,39.54857],[39.89575,39.55245],[39.89135,39.55437],[39.88812,39.55662],[39.88697,39.55916],[39.8867,39.56117],[39.88253,39.56515],[39.87862,39.56669],[39.87481,39.56746],[39.86959,39.57117],[39.86522,39.57241],[39.86154,39.57669],[39.86088,39.57832],[39.86107,39.58011],[39.86042,39.58245],[39.86319,39.58616],[39.86714,39.58673],[39.87072,39.58989],[39.8717,39.59046],[39.87337,39.59076],[39.87546,39.58962],[39.87924,39.58994],[39.88105,39.58964],[39.87488,39.58923],[39.87518,39.58968],[39.87996,39.5899],[39.88544,39.58795],[39.89516,39.58752],[39.90048,39.58561],[39.90515,39.58584],[39.9082,39.58531],[39.9135,39.5835],[39.9214,39.58327],[39.92839,39.58048],[39.94157,39.57801],[39.94738,39.57651],[39.94964,39.57548],[39.94977,39.57578],[39.94595,39.57702],[39.93271,39.57981],[39.93165,39.58112],[39.93196,39.58192],[39.93153,39.58376],[39.93213,39.58434],[39.93245,39.5838],[39.93359,39.5835],[39.93346,39.58496],[39.93453,39.58544],[39.93562,39.58529],[39.93837,39.58722],[39.93974,39.5876],[39.94771,39.58692],[39.94955,39.58891],[39.95163,39.58977],[39.95549,39.58895],[39.95884,39.59013],[39.96013,39.59129],[39.96228,39.59151],[39.96356,39.59207],[39.96427,39.59183],[39.96547,39.59265],[39.96998,39.5941],[39.9744,39.59756],[39.97566,39.59936],[39.97875,39.60016],[39.9829,39.60249],[39.98665,39.60603],[39.98729,39.60754],[39.98989,39.60943],[39.99163,39.61146],[39.99242,39.61327],[39.99317,39.61374],[39.99468,39.61385],[39.99553,39.61653],[39.99416,39.61801],[39.99418,39.62009],[39.99637,39.62318],[39.995,39.62361],[39.99386,39.62314],[39.99347,39.62357],[39.99695,39.62515],[40.00013,39.62781],[40.00098,39.62996],[40.00304,39.63181],[40.00487,39.63279],[40.00566,39.63365],[40.00573,39.63449],[40.00759,39.63614],[40.01491,39.64067],[40.0177,39.64088],[40.02008,39.6405],[40.02068,39.64185],[40.02208,39.64314],[40.02575,39.64556],[40.03274,39.64668],[40.03536,39.64738],[40.03633,39.64818],[40.03813,39.64816],[40.03892,39.6488],[40.03987,39.64886],[40.0406,39.64781],[40.04223,39.64756],[40.04298,39.64706],[40.04392,39.64725],[40.04577,39.64663],[40.04723,39.64728],[40.04881,39.64706],[40.05287,39.64528],[40.05467,39.64605],[40.056,39.6458],[40.05723,39.64507],[40.0574,39.64397],[40.05836,39.64333],[40.06222,39.64258],[40.06381,39.64153],[40.0651,39.64198],[40.06785,39.64099],[40.06673,39.63923],[40.06855,39.64009],[40.06946,39.6414],[40.07115,39.64092],[40.07149,39.64052],[40.07742,39.64148],[40.07817,39.64088],[40.08038,39.64015],[40.08834,39.64288],[40.08963,39.64296],[40.09048,39.64211],[40.09239,39.64249],[40.09413,39.64234],[40.09458,39.6432],[40.09233,39.64524],[40.09415,39.64601],[40.09525,39.64547],[40.09709,39.64642],[40.09681,39.64713],[40.09784,39.64745],[40.10066,39.64756],[40.10778,39.64524],[40.10958,39.64507],[40.11083,39.64573],[40.11683,39.64404],[40.11907,39.64391],[40.12211,39.64318],[40.12377,39.64417],[40.1251,39.64423],[40.1263,39.64386],[40.12716,39.64303],[40.12831,39.64279],[40.13797,39.64835],[40.14173,39.64962],[40.14241,39.65062],[40.14456,39.65165],[40.15351,39.65363],[40.15533,39.65487],[40.16164,39.65708],[40.16393,39.6597],[40.16996,39.66054],[40.17359,39.66037],[40.18138,39.65878],[40.18295,39.65904],[40.18885,39.66453],[40.19279,39.66586],[40.19606,39.66558],[40.20011,39.67127],[40.20316,39.66918],[40.23524,39.70487],[40.23723,39.7095],[40.24011,39.71422],[40.24704,39.72238],[40.24652,39.72253],[40.24708,39.72519],[40.2523,39.73064],[40.25122,39.73088],[40.24599,39.73448],[40.24607,39.73729],[40.24487,39.74085],[40.24489,39.74358],[40.24335,39.74806],[40.24092,39.75186],[40.23904,39.75276],[40.23811,39.75278],[40.23691,39.75396],[40.23743,39.75538],[40.23876,39.75703],[40.23481,39.75984],[40.23174,39.75986],[40.22925,39.76152],[40.22889,39.76308],[40.2273,39.7648],[40.22837,39.77072],[40.22612,39.7722],[40.22584,39.77411],[40.22277,39.77609],[40.21921,39.77695],[40.21672,39.77913],[40.2123,39.78049],[40.20133,39.78624],[40.19702,39.78772],[40.19237,39.7904],[40.1888,39.79147],[40.18501,39.79197],[40.17923,39.79624],[40.17784,39.79836],[40.17344,39.80091],[40.1719,39.80121],[40.17084,39.80207],[40.1676,39.80184],[40.16565,39.80383],[40.162,39.80593],[40.16044,39.80834],[40.15705,39.80784],[40.14949,39.8081],[40.14602,39.8072],[40.14243,39.80574],[40.13548,39.80454],[40.12827,39.80493],[40.12537,39.80456],[40.11862,39.80169],[40.10965,39.79673],[40.10885,39.79815],[40.10574,39.7983],[40.1042,39.79937],[40.10218,39.79963],[40.09967,39.80055],[40.09072,39.79939],[40.08497,39.79903],[40.08023,39.80014],[40.07574,39.80235],[40.07594,39.80394],[40.07478,39.80641],[40.07626,39.80902],[40.07574,39.81023],[40.07506,39.81066],[40.06207,39.80864],[40.05265,39.80578],[40.04626,39.80551],[40.04068,39.80428],[40.03697,39.80428],[40.03658,39.80519],[40.03697,39.80497],[40.03718,39.80578],[40.03652,39.80671],[40.05452,39.81445],[40.06662,39.82192],[40.07405,39.82557],[40.07995,39.82819],[40.08495,39.82913],[40.0848,39.83552],[40.08134,39.83954],[40.07995,39.84248],[40.07729,39.84533],[40.07843,39.85584],[40.07679,39.85986],[40.07051,39.86248],[40.06847,39.86248],[40.06598,39.86449],[40.06622,39.8666],[40.06119,39.86951],[40.06141,39.8711],[40.05353,39.87486],[40.04935,39.87614],[40.04568,39.87966],[40.04328,39.88125],[40.04113,39.88402],[40.03888,39.88449],[40.03819,39.88893],[40.03901,39.89056],[40.03766,39.89239],[40.04411,39.8987],[40.04454,39.90155],[40.04617,39.90451],[40.04819,39.90998],[40.04849,39.91507],[40.04974,39.91685],[40.05102,39.92052],[40.05244,39.92219],[40.05311,39.92427],[40.05647,39.92955],[40.05978,39.93226],[40.06396,39.937],[40.06937,39.94665],[40.07137,39.94863],[40.07452,39.95305],[40.07868,39.95494],[40.0801,39.9577],[40.09252,39.96519],[40.09533,39.96597],[40.09812,39.96603],[40.10126,39.96697],[40.10321,39.96828],[40.10499,39.9682],[40.10907,39.97028],[40.10999,39.97114],[40.11471,39.97294],[40.11613,39.97496],[40.11572,39.97916],[40.11668,39.98056],[40.11701,39.9833],[40.11656,39.98401],[40.1146,39.9853],[40.11164,39.98629],[40.1116,39.99403],[40.11096,39.99804],[40.10911,40.00262],[40.10945,40.00478],[40.10902,40.00618],[40.10926,40.00744],[40.11359,40.01098],[40.11606,40.01422],[40.1151,40.01491],[40.11297,40.01425],[40.11001,40.0148],[40.10907,40.01364],[40.10924,40.01583],[40.10765,40.01573],[40.10452,40.01789],[40.10287,40.02137],[40.10353,40.02875],[40.10432,40.02875],[40.10505,40.02933],[40.10769,40.03223],[40.10844,40.0339],[40.10853,40.03645],[40.11001,40.03718],[40.11149,40.03907],[40.11312,40.03978],[40.11267,40.0401],[40.11499,40.04201],[40.11284,40.04167],[40.11424,40.04321],[40.11692,40.04349],[40.11984,40.04435],[40.12175,40.04384],[40.12254,40.04444],[40.12284,40.04579],[40.12392,40.04617],[40.12632,40.04813],[40.1266,40.04639],[40.12962,40.0483],[40.13391,40.04877],[40.13872,40.05075],[40.14097,40.05083],[40.14278,40.05235],[40.14503,40.05632],[40.14516,40.05901],[40.14458,40.06059],[40.14499,40.06568],[40.14385,40.06976],[40.14379,40.0722],[40.1452,40.07531],[40.14535,40.07815],[40.14668,40.07941],[40.14735,40.08081],[40.14769,40.08456],[40.14715,40.08589],[40.14808,40.08724],[40.15087,40.08875],[40.15121,40.09319],[40.15125,40.09536],[40.15067,40.0963],[40.15037,40.09864],[40.15069,40.10083],[40.14951,40.10364],[40.14842,40.10424],[40.14806,40.106],[40.14872,40.11059],[40.14743,40.11445],[40.14503,40.11765],[40.14048,40.11939],[40.13868,40.12059],[40.13183,40.12282],[40.12924,40.1251],[40.12145,40.12827],[40.11825,40.13186],[40.11284,40.13531],[40.10956,40.13906],[40.10731,40.14432],[40.10681,40.15115],[40.10778,40.15567],[40.104,40.15962],[40.10338,40.1629],[40.10169,40.16711],[40.10104,40.16829],[40.09804,40.17059],[40.09634,40.17288],[40.09387,40.17707],[40.09302,40.17981],[40.09083,40.18028],[40.08838,40.18168],[40.08626,40.18462],[40.08392,40.18683],[40.08261,40.18975],[40.08231,40.19224],[40.08081,40.19595],[40.07482,40.2038],[40.07143,40.20621],[40.07113,40.20799],[40.06958,40.2094],[40.0672,40.21312],[40.06639,40.21578],[40.06643,40.21846],[40.06598,40.21987],[40.06692,40.22234],[40.07216,40.22412],[40.08576,40.22245],[40.09403,40.22279],[40.104,40.22481],[40.11462,40.22891],[40.12059,40.23168],[40.13469,40.23408],[40.14033,40.23567],[40.14546,40.23603],[40.15844,40.24084],[40.16406,40.24243],[40.17284,40.24657],[40.18084,40.24698],[40.19146,40.24908],[40.19973,40.24957],[40.20084,40.2503],[40.20243,40.25264],[40.20651,40.25472],[40.20775,40.257],[40.21095,40.25743],[40.21281,40.25925],[40.21434,40.26142],[40.21468,40.26354],[40.21391,40.26547],[40.21475,40.26678],[40.2163,40.26809],[40.21972,40.26873],[40.22279,40.27024],[40.22659,40.27257],[40.2288,40.27483],[40.2291,40.27569],[40.2288,40.28309],[40.23077,40.28663],[40.23311,40.28953],[40.2323,40.2918],[40.23243,40.29405],[40.22972,40.29558],[40.22884,40.29699],[40.22889,40.29781],[40.23065,40.29942],[40.23017,40.30253],[40.23135,40.30635],[40.2305,40.30916],[40.2306,40.3104],[40.23331,40.31379],[40.23472,40.31671],[40.23595,40.32776],[40.24103,40.33304],[40.24393,40.34023],[40.24511,40.3551],[40.24479,40.35637],[40.24322,40.35868],[40.24307,40.36029],[40.24526,40.36486],[40.24468,40.36978],[40.24775,40.37752],[40.25099,40.38098],[40.24964,40.38473],[40.24783,40.39729],[40.24695,40.39907],[40.24543,40.40001],[40.2441,40.40156],[40.24384,40.40686],[40.24526,40.40975],[40.24498,40.41153],[40.24637,40.41353],[40.24627,40.41465],[40.24732,40.41879],[40.24856,40.42033],[40.2494,40.42381],[40.25253,40.4305],[40.25627,40.43396],[40.25901,40.43531],[40.2609,40.43724],[40.26268,40.43808],[40.26305,40.43879],[40.26274,40.43988],[40.26507,40.44067],[40.26636,40.44255],[40.26587,40.44454],[40.26698,40.44751],[40.2663,40.44832],[40.26581,40.45103],[40.26712,40.45357],[40.26726,40.45507],[40.26808,40.45604],[40.26829,40.45792],[40.26925,40.45822],[40.26965,40.45895],[40.26887,40.46081],[40.26613,40.47269],[40.26234,40.47736],[40.26154,40.4803],[40.25926,40.48516],[40.25692,40.48691],[40.25656,40.48942],[40.25591,40.48892],[40.25655,40.49078],[40.25869,40.49246],[40.2582,40.49519],[40.25787,40.49333],[40.25628,40.49675],[40.25589,40.49387],[40.25461,40.49698],[40.25123,40.49932],[40.25107,40.50105],[40.25209,40.49968],[40.25416,40.50028],[40.25518,40.50119],[40.25341,40.50045],[40.25248,40.50068],[40.25394,40.50161],[40.25322,40.50239],[40.25284,40.50406],[40.25218,40.50442],[40.24917,40.50475],[40.24723,40.50371],[40.24627,40.50531],[40.2453,40.50542],[40.2462,40.50557],[40.24758,40.50491],[40.24851,40.50589],[40.25351,40.50772],[40.24763,40.50742],[40.24679,40.50777],[40.24894,40.50854],[40.24766,40.50864],[40.24254,40.51036],[40.23983,40.51018],[40.23776,40.51138]]}},{"type":"Feature","properties":{"name":"TET_TR-27-C_20240614","country":"TR","lengthKm":567},"geometry":{"type":"LineString","coordinates":[[35.45438,40.88357],[35.45758,40.88069],[35.4595,40.87972],[35.46104,40.87587],[35.46475,40.87054],[35.4653,40.869],[35.46389,40.86609],[35.46331,40.86337],[35.46047,40.83999],[35.45972,40.8383],[35.46016,40.83744],[35.45983,40.8343],[35.45102,40.7609],[35.44975,40.7563],[35.44318,40.74237],[35.44032,40.73827],[35.43709,40.73499],[35.43698,40.73431],[35.43909,40.73349],[35.44244,40.73332],[35.44417,40.73245],[35.44595,40.72977],[35.44716,40.72502],[35.44873,40.72235],[35.45492,40.72179],[35.45532,40.72139],[35.45546,40.72188],[35.45675,40.72232],[35.45701,40.72144],[35.45819,40.72055],[35.45912,40.71459],[35.46284,40.712],[35.46375,40.70911],[35.4636,40.70757],[35.46427,40.70675],[35.46633,40.708],[35.46539,40.70591],[35.46333,40.70338],[35.46244,40.70028],[35.46146,40.69876],[35.45772,40.69447],[35.45491,40.69221],[35.4519,40.68778],[35.45218,40.68501],[35.45093,40.68219],[35.45198,40.67988],[35.45445,40.67796],[35.45785,40.67622],[35.46166,40.67523],[35.45854,40.67598],[35.45743,40.67479],[35.45619,40.67496],[35.45531,40.67457],[35.4548,40.6739],[35.45732,40.67294],[35.45712,40.67185],[35.45587,40.67152],[35.45422,40.67174],[35.45058,40.67055],[35.44932,40.66969],[35.44893,40.66886],[35.45065,40.66822],[35.45654,40.6675],[35.46051,40.66789],[35.46159,40.66744],[35.46147,40.66626],[35.459,40.66458],[35.45733,40.664],[35.45639,40.66297],[35.4558,40.66206],[35.45629,40.66105],[35.45008,40.65454],[35.4475,40.6499],[35.44776,40.64887],[35.449,40.64806],[35.44945,40.64683],[35.44906,40.64538],[35.44958,40.64417],[35.45184,40.64244],[35.45242,40.64148],[35.45228,40.63926],[35.45353,40.63701],[35.45459,40.63617],[35.45467,40.6349],[35.45923,40.63283],[35.46394,40.63315],[35.46534,40.63295],[35.46704,40.63204],[35.4711,40.63095],[35.47498,40.63072],[35.47662,40.63015],[35.4799,40.62718],[35.4857,40.62385],[35.49024,40.62032],[35.49178,40.61606],[35.49251,40.61055],[35.49333,40.60822],[35.49241,40.60737],[35.49305,40.60598],[35.49321,40.60366],[35.493,40.60238],[35.49211,40.60114],[35.49083,40.60035],[35.49037,40.59923],[35.49081,40.59805],[35.48999,40.59749],[35.48887,40.59719],[35.48795,40.59739],[35.48725,40.5969],[35.48806,40.59594],[35.48804,40.5936],[35.48907,40.59324],[35.48728,40.59233],[35.48606,40.59223],[35.48698,40.5918],[35.48918,40.59187],[35.49087,40.59149],[35.49099,40.59094],[35.48909,40.58852],[35.48843,40.58555],[35.48566,40.57892],[35.48609,40.5758],[35.48449,40.57091],[35.48539,40.56978],[35.48692,40.56912],[35.48648,40.56877],[35.48324,40.56912],[35.48238,40.56576],[35.4814,40.56456],[35.48427,40.56269],[35.48541,40.56234],[35.48976,40.56226],[35.4958,40.561],[35.49896,40.56083],[35.50291,40.55946],[35.50497,40.5581],[35.50509,40.5567],[35.50656,40.55575],[35.50675,40.55526],[35.50583,40.5546],[35.50623,40.55427],[35.51379,40.55304],[35.51556,40.5515],[35.51789,40.55093],[35.5208,40.5496],[35.52154,40.54903],[35.52162,40.54843],[35.52315,40.54824],[35.52515,40.54595],[35.52528,40.54515],[35.5247,40.54504],[35.52531,40.54514],[35.52572,40.54469],[35.52599,40.54255],[35.52651,40.54218],[35.52791,40.54222],[35.5303,40.54113],[35.53283,40.53919],[35.53353,40.53724],[35.53328,40.53529],[35.53381,40.53555],[35.53424,40.53495],[35.53392,40.53321],[35.53315,40.53271],[35.53274,40.53128],[35.53176,40.53093],[35.53267,40.53043],[35.5324,40.52998],[35.5331,40.52959],[35.535,40.52947],[35.53988,40.53051],[35.54086,40.53034],[35.54193,40.52885],[35.5422,40.52682],[35.54195,40.52126],[35.54275,40.51783],[35.54275,40.51495],[35.54051,40.51116],[35.53847,40.50889],[35.53872,40.50694],[35.53437,40.50421],[35.53256,40.50347],[35.53204,40.50371],[35.53724,40.49749],[35.53977,40.49578],[35.54023,40.49109],[35.54002,40.49019],[35.53637,40.49021],[35.5319,40.4892],[35.52996,40.48829],[35.52565,40.48756],[35.5246,40.48614],[35.52429,40.48459],[35.52026,40.48351],[35.51828,40.4826],[35.51354,40.48244],[35.50979,40.48049],[35.50782,40.47988],[35.50549,40.4797],[35.50357,40.47865],[35.50209,40.47727],[35.49823,40.47562],[35.49724,40.4748],[35.49841,40.47236],[35.49837,40.47127],[35.49747,40.47],[35.49629,40.46586],[35.49507,40.46572],[35.49501,40.46304],[35.49555,40.46192],[35.49276,40.4593],[35.49143,40.45937],[35.49102,40.45872],[35.49219,40.45786],[35.49345,40.45763],[35.49443,40.4585],[35.49521,40.45821],[35.49454,40.45579],[35.49234,40.45568],[35.49255,40.45504],[35.49596,40.45249],[35.49629,40.45143],[35.49942,40.45005],[35.4983,40.44752],[35.49837,40.44634],[35.49766,40.44534],[35.49779,40.44442],[35.49883,40.4439],[35.5015,40.44434],[35.50141,40.44202],[35.50302,40.44],[35.5044,40.43933],[35.5081,40.43836],[35.51192,40.43814],[35.51174,40.43888],[35.51419,40.4381],[35.51415,40.43563],[35.51235,40.43238],[35.5094,40.42971],[35.50757,40.42866],[35.50588,40.42803],[35.5042,40.42818],[35.49892,40.42962],[35.4912,40.4249],[35.49071,40.42431],[35.49101,40.42379],[35.48927,40.42278],[35.48848,40.41977],[35.48606,40.41643],[35.48555,40.41217],[35.48386,40.41177],[35.48227,40.40999],[35.48046,40.40905],[35.48047,40.40654],[35.48197,40.40616],[35.48089,40.40565],[35.48121,40.40526],[35.48386,40.40563],[35.48351,40.40429],[35.48176,40.40387],[35.47976,40.40155],[35.47779,40.40025],[35.47741,40.39967],[35.47798,40.39824],[35.47709,40.39654],[35.47777,40.39602],[35.47808,40.39471],[35.47768,40.39507],[35.4766,40.39381],[35.47525,40.39188],[35.4756,40.39121],[35.47479,40.39132],[35.47443,40.39181],[35.47454,40.38979],[35.4728,40.39025],[35.47502,40.38722],[35.47706,40.38582],[35.47739,40.38422],[35.47624,40.38349],[35.47733,40.38271],[35.48021,40.38256],[35.48129,40.38151],[35.48203,40.38011],[35.48081,40.37732],[35.48084,40.37579],[35.48192,40.37489],[35.48544,40.37415],[35.4877,40.37216],[35.48949,40.37133],[35.49509,40.3698],[35.49881,40.3696],[35.49863,40.36915],[35.49577,40.36731],[35.49528,40.36434],[35.49442,40.36288],[35.49264,40.36188],[35.49032,40.36187],[35.48847,40.36112],[35.48293,40.3577],[35.48086,40.35681],[35.47864,40.35653],[35.47514,40.35223],[35.47311,40.35204],[35.4696,40.35249],[35.46797,40.35154],[35.46395,40.34764],[35.46682,40.34326],[35.46949,40.3414],[35.47015,40.33996],[35.47245,40.33801],[35.47263,40.336],[35.47399,40.33362],[35.47382,40.33099],[35.47305,40.33005],[35.46752,40.32652],[35.46402,40.3232],[35.46261,40.32249],[35.4601,40.31947],[35.45797,40.31785],[35.45574,40.31678],[35.45296,40.31702],[35.45186,40.31769],[35.4465,40.31892],[35.44521,40.3181],[35.44379,40.31621],[35.44351,40.31507],[35.44399,40.31414],[35.44348,40.31233],[35.44478,40.30993],[35.44397,40.3089],[35.44462,40.30786],[35.4448,40.30537],[35.44576,40.30573],[35.44618,40.30501],[35.44912,40.30389],[35.44951,40.30286],[35.44586,40.30318],[35.44169,40.3004],[35.43883,40.29695],[35.43752,40.29439],[35.43823,40.29143],[35.43947,40.29052],[35.44127,40.29034],[35.44202,40.28943],[35.44047,40.28633],[35.44096,40.28496],[35.44253,40.28474],[35.44194,40.28182],[35.44337,40.28108],[35.4437,40.2804],[35.44241,40.28002],[35.44142,40.27895],[35.43992,40.27816],[35.43915,40.27699],[35.44072,40.27446],[35.44063,40.2737],[35.43847,40.27379],[35.43731,40.27286],[35.43719,40.2717],[35.43781,40.27083],[35.435,40.26961],[35.43498,40.26868],[35.43392,40.2691],[35.43237,40.26901],[35.42902,40.26719],[35.42743,40.26464],[35.42667,40.2656],[35.42654,40.26741],[35.42355,40.26838],[35.41992,40.26746],[35.41819,40.26657],[35.41622,40.26416],[35.41269,40.26266],[35.41098,40.26227],[35.40755,40.26227],[35.40518,40.26383],[35.40208,40.2611],[35.39847,40.25995],[35.39459,40.25998],[35.39206,40.25822],[35.3908,40.25772],[35.38939,40.25787],[35.388,40.25702],[35.38704,40.25562],[35.3878,40.25302],[35.3866,40.25011],[35.38592,40.24678],[35.38631,40.24528],[35.3885,40.24247],[35.38948,40.23971],[35.38913,40.23859],[35.38592,40.23724],[35.38546,40.23449],[35.3846,40.23254],[35.38706,40.23236],[35.38813,40.23147],[35.38794,40.22803],[35.38876,40.22727],[35.38893,40.2263],[35.39263,40.22758],[35.39327,40.22841],[35.39712,40.22833],[35.39772,40.22875],[35.39809,40.22586],[35.40029,40.21912],[35.40283,40.21673],[35.40463,40.21427],[35.40926,40.21184],[35.41168,40.20916],[35.41345,40.20633],[35.41699,40.20498],[35.42031,40.20237],[35.42356,40.20074],[35.42492,40.19962],[35.4259,40.19735],[35.42567,40.19481],[35.42039,40.19261],[35.41902,40.19164],[35.42823,40.19291],[35.43279,40.19435],[35.4349,40.1941],[35.4373,40.19099],[35.4394,40.1899],[35.44177,40.18934],[35.4491,40.19016],[35.45192,40.19195],[35.45551,40.19296],[35.45644,40.19059],[35.45746,40.18928],[35.46058,40.18766],[35.46176,40.18471],[35.46556,40.18193],[35.46741,40.18311],[35.4677,40.18391],[35.46684,40.18409],[35.46674,40.18505],[35.46737,40.18603],[35.4688,40.18658],[35.47226,40.18632],[35.47579,40.18447],[35.47921,40.18368],[35.48117,40.17778],[35.48588,40.175],[35.48675,40.17265],[35.48667,40.16954],[35.48733,40.16868],[35.48883,40.16875],[35.49008,40.16819],[35.49104,40.16407],[35.49285,40.16408],[35.49568,40.16029],[35.50235,40.16008],[35.50555,40.15834],[35.50894,40.15797],[35.51136,40.15715],[35.51286,40.15501],[35.51368,40.15506],[35.5121,40.1528],[35.51053,40.14668],[35.51195,40.14548],[35.5132,40.14332],[35.51574,40.1415],[35.51952,40.14053],[35.525,40.13998],[35.52699,40.13747],[35.52663,40.13648],[35.52789,40.13433],[35.53068,40.13256],[35.53264,40.13049],[35.53538,40.12917],[35.53152,40.12366],[35.53111,40.11971],[35.52858,40.11873],[35.52794,40.11742],[35.52756,40.1115],[35.52634,40.1088],[35.52027,40.10079],[35.51707,40.09875],[35.51531,40.09817],[35.51377,40.0985],[35.51339,40.0957],[35.51531,40.09274],[35.51566,40.09121],[35.51478,40.08969],[35.51255,40.08794],[35.51053,40.087],[35.50695,40.08157],[35.50331,40.08093],[35.50052,40.07836],[35.49985,40.07722],[35.4996,40.07448],[35.5007,40.07379],[35.50101,40.07292],[35.50041,40.07207],[35.49768,40.07198],[35.49722,40.07145],[35.49748,40.07102],[35.49593,40.06892],[35.49601,40.06843],[35.49909,40.06629],[35.50717,40.06244],[35.51874,40.06202],[35.52285,40.06521],[35.52507,40.06485],[35.52708,40.06387],[35.52845,40.06226],[35.52883,40.05815],[35.53012,40.05635],[35.53406,40.05372],[35.53535,40.05209],[35.53572,40.05029],[35.53721,40.04862],[35.54183,40.04703],[35.54348,40.04558],[35.54756,40.04443],[35.54979,40.04407],[35.55375,40.0447],[35.5549,40.04347],[35.55545,40.04211],[35.55452,40.04092],[35.55525,40.03806],[35.55672,40.03735],[35.55853,40.03756],[35.55913,40.03636],[35.5588,40.03529],[35.55964,40.03539],[35.55994,40.03622],[35.56128,40.0366],[35.56225,40.03746],[35.56489,40.03718],[35.56634,40.03775],[35.5681,40.03775],[35.5729,40.03883],[35.57639,40.04178],[35.577,40.0431],[35.5785,40.04367],[35.57876,40.04487],[35.58051,40.04725],[35.58309,40.04854],[35.58368,40.04656],[35.58441,40.04578],[35.58444,40.04438],[35.58525,40.04341],[35.58449,40.04453],[35.5847,40.04535],[35.58361,40.04698],[35.58552,40.04901],[35.5908,40.05084],[35.58553,40.04901],[35.58404,40.04758],[35.58376,40.04643],[35.5847,40.04542],[35.5845,40.04445],[35.58496,40.04386],[35.58601,40.04367],[35.58802,40.04427],[35.5893,40.04296],[35.59034,40.04282],[35.59248,40.04365],[35.59582,40.04346],[35.59835,40.0439],[35.60025,40.04531],[35.60466,40.04688],[35.60697,40.04436],[35.60982,40.04398],[35.61624,40.04416],[35.61883,40.04463],[35.62055,40.0462],[35.62078,40.04708],[35.62165,40.04728],[35.62291,40.04698],[35.62423,40.0474],[35.62519,40.04857],[35.62659,40.04876],[35.62842,40.04858],[35.63048,40.04733],[35.63329,40.04744],[35.63437,40.04618],[35.63691,40.04519],[35.64379,40.04826],[35.64638,40.04828],[35.6522,40.04917],[35.65537,40.04872],[35.65248,40.04726],[35.655,40.04846],[35.65468,40.04888],[35.65252,40.04913],[35.65562,40.05044],[35.65877,40.05065],[35.66083,40.05138],[35.6619,40.05223],[35.66179,40.05276],[35.66067,40.05297],[35.66026,40.05265],[35.66159,40.05276],[35.66173,40.05228],[35.66483,40.05343],[35.66735,40.05255],[35.67464,40.05272],[35.67733,40.05098],[35.67851,40.05077],[35.68172,40.05138],[35.68395,40.05134],[35.69009,40.05287],[35.69294,40.05289],[35.69778,40.05045],[35.70093,40.04783],[35.70104,40.04431],[35.7003,40.04125],[35.7025,40.03966],[35.70267,40.0387],[35.70157,40.03771],[35.70118,40.03639],[35.70107,40.03352],[35.70039,40.03219],[35.69992,40.02935],[35.70017,40.02788],[35.70082,40.02696],[35.7016,40.02695],[35.70112,40.02589],[35.70219,40.02336],[35.70449,40.02342],[35.70733,40.02282],[35.7095,40.02219],[35.71138,40.02092],[35.71379,40.02023],[35.71815,40.02031],[35.72111,40.01984],[35.72514,40.0205],[35.72816,40.02049],[35.7344,40.01989],[35.73644,40.01854],[35.73786,40.01814],[35.73989,40.01871],[35.7391,40.01617],[35.73978,40.01475],[35.73961,40.01367],[35.74114,40.01153],[35.74282,40.01113],[35.74441,40.01166],[35.7452,40.01248],[35.74745,40.0124],[35.75294,40.00874],[35.75401,40.00842],[35.75625,40.009],[35.7565,40.00704],[35.75912,40.00363],[35.75593,40.00156],[35.75614,39.99985],[35.7548,39.99863],[35.75335,39.99515],[35.75361,39.99201],[35.75603,39.98686],[35.76029,39.98751],[35.76371,39.98745],[35.76497,39.98565],[35.76444,39.98675],[35.76708,39.98523],[35.77198,39.98475],[35.77517,39.98424],[35.77789,39.98332],[35.77878,39.98344],[35.78366,39.98548],[35.78752,39.98943],[35.78929,39.99275],[35.79201,39.99215],[35.79449,39.99043],[35.80289,39.98601],[35.80991,39.97855],[35.81418,39.97173],[35.81813,39.9699],[35.83238,39.96686],[35.83485,39.96343],[35.83647,39.95913],[35.8384,39.95754],[35.84128,39.95615],[35.84335,39.95611],[35.84413,39.95461],[35.84003,39.94873],[35.83316,39.94574],[35.82959,39.94279],[35.83027,39.93922],[35.82931,39.9383],[35.8295,39.93767],[35.83057,39.93725],[35.82941,39.93593],[35.83028,39.93563],[35.83019,39.93517],[35.82895,39.93481],[35.82836,39.93386],[35.82929,39.93176],[35.8282,39.92889],[35.82885,39.92842],[35.83,39.92845],[35.8405,39.93015],[35.84262,39.92804],[35.84513,39.92677],[35.84431,39.92467],[35.84194,39.92443],[35.84218,39.92373],[35.83965,39.9219],[35.84055,39.92124],[35.84176,39.91885],[35.84394,39.91833],[35.84519,39.91848],[35.84604,39.91808],[35.84672,39.91897],[35.84997,39.91765],[35.85237,39.91592],[35.85012,39.9156],[35.84812,39.91368],[35.84665,39.91307],[35.8455,39.91328],[35.84553,39.91244],[35.85049,39.91277],[35.85208,39.91242],[35.85237,39.91181],[35.85029,39.91041],[35.85269,39.90973],[35.85346,39.9072],[35.86338,39.89704],[35.86754,39.89057],[35.87028,39.88772],[35.87247,39.88454],[35.87358,39.88111],[35.87372,39.87595],[35.87421,39.87423],[35.87316,39.87116],[35.87234,39.87104],[35.87233,39.86833],[35.87121,39.86494],[35.87174,39.86271],[35.87327,39.86014],[35.87891,39.85633],[35.87969,39.85349],[35.87939,39.84847],[35.8813,39.84623],[35.88194,39.84602],[35.88263,39.84636],[35.88265,39.84469],[35.8833,39.84367],[35.89367,39.84875],[35.90322,39.85645],[35.90279,39.85482],[35.90661,39.84678],[35.90706,39.84446],[35.90742,39.84544],[35.91127,39.84178],[35.91615,39.83525],[35.9177,39.83472],[35.91843,39.83482],[35.9257,39.83815],[35.93393,39.84132],[35.93961,39.84128],[35.94113,39.84076],[35.94252,39.84094],[35.9437,39.84046],[35.9457,39.84096],[35.9473,39.84012],[35.94836,39.83899],[35.95267,39.83256],[35.95814,39.82881],[35.96979,39.82633],[35.97403,39.82484],[35.97755,39.8249],[35.97845,39.82375],[35.97989,39.81289],[35.9793,39.81117],[35.97674,39.80829],[35.97658,39.80727],[35.97315,39.80603],[35.9689,39.80307],[35.96667,39.80217],[35.9633,39.80248],[35.95501,39.80214],[35.94923,39.80091],[35.94727,39.79957],[35.94539,39.79943],[35.94291,39.79849],[35.93954,39.79924],[35.93827,39.79928],[35.93773,39.79895],[35.93695,39.79758],[35.93735,39.79539],[35.93667,39.79522],[35.93652,39.79321],[35.93447,39.79096],[35.93413,39.78982],[35.93595,39.78902],[35.93572,39.78806],[35.94028,39.78492],[35.94289,39.77972],[35.94393,39.78011],[35.94637,39.77919],[35.94769,39.77785],[35.94391,39.7757],[35.93894,39.77143],[35.93245,39.76734],[35.93366,39.76594],[35.93507,39.76532],[35.9367,39.76554],[35.94019,39.76695],[35.94212,39.76733],[35.94378,39.76663],[35.94638,39.76467],[35.94814,39.764],[35.95001,39.76376],[35.95436,39.76603],[35.95707,39.76459],[35.95861,39.76464],[35.96026,39.76392],[35.96391,39.76312],[35.96169,39.76011],[35.96209,39.75898],[35.96884,39.75854],[35.96988,39.75746],[35.97346,39.74918],[35.9773,39.74471],[35.97802,39.74318],[35.97852,39.73848],[35.97624,39.73623],[35.97589,39.73476],[35.97615,39.73317],[35.984,39.72816],[35.98563,39.72329],[35.98807,39.72013],[35.98856,39.71852],[35.98836,39.71725],[35.9869,39.71539],[35.98689,39.71425],[35.98463,39.7122],[35.98414,39.71073],[35.98384,39.70605],[35.97882,39.69887],[35.98014,39.697],[35.97774,39.695],[35.97714,39.69388],[35.97704,39.68949],[35.97568,39.68564],[35.97634,39.68539],[35.97695,39.6856],[35.97725,39.68504],[35.9764,39.68298],[35.97544,39.68206],[35.9754,39.68106],[35.97328,39.67995],[35.97209,39.67775],[35.97243,39.67677],[35.97671,39.67246],[35.98174,39.66999],[35.98387,39.66848],[35.98466,39.66761],[35.98472,39.66574],[35.98004,39.66107],[35.9769,39.66002],[35.97211,39.65974],[35.96942,39.65877],[35.96501,39.65882],[35.96398,39.6585],[35.96113,39.65652],[35.95904,39.65558],[35.95937,39.65453],[35.95858,39.65335],[35.95425,39.65054],[35.94453,39.64779],[35.94278,39.6463],[35.94198,39.64286],[35.94065,39.6399],[35.93936,39.6396],[35.9349,39.64048],[35.93213,39.63978],[35.92735,39.63962],[35.92214,39.63846],[35.91993,39.63364],[35.92038,39.62908],[35.91862,39.62661],[35.91682,39.62573],[35.91547,39.62573],[35.91248,39.62481],[35.91144,39.62361],[35.90901,39.62308],[35.90869,39.62216],[35.90754,39.62105],[35.90762,39.62058],[35.90688,39.62027],[35.90439,39.61997],[35.90145,39.61886],[35.89848,39.61858],[35.89862,39.61667],[35.89453,39.61438],[35.89382,39.6136],[35.89527,39.61039],[35.89473,39.60734],[35.89249,39.6135],[35.88989,39.61204],[35.88736,39.61206],[35.88525,39.61128],[35.88328,39.61136],[35.88388,39.6112],[35.88361,39.61078],[35.88236,39.61035],[35.88222,39.60898],[35.88598,39.60669],[35.88742,39.60593],[35.89028,39.60534],[35.89354,39.60287],[35.89533,39.60287],[35.89835,39.60177],[35.89896,39.60135],[35.8993,39.60031],[35.90038,39.60014],[35.90495,39.59801],[35.90606,39.59553],[35.91029,39.5929],[35.91571,39.5911],[35.92611,39.58906],[35.9278,39.58839],[35.93358,39.58896],[35.93597,39.5881],[35.93025,39.58153],[35.9273,39.57936],[35.92156,39.57677],[35.91995,39.57557],[35.91961,39.57391],[35.91879,39.57303],[35.91591,39.57084],[35.91108,39.56827],[35.91008,39.56696],[35.90522,39.56332],[35.90172,39.56169],[35.89978,39.56127],[35.8933,39.56289],[35.89174,39.56282],[35.89044,39.56234],[35.88606,39.55901],[35.88483,39.55936],[35.88256,39.55904],[35.88064,39.55936],[35.87726,39.55871],[35.87567,39.55765],[35.87332,39.55731],[35.87052,39.55613],[35.86358,39.55106],[35.86238,39.55103],[35.86011,39.54972],[35.85728,39.54899],[35.85434,39.54744],[35.85401,39.54681],[35.85073,39.54572],[35.85022,39.54388],[35.84965,39.54397],[35.85051,39.54178],[35.84926,39.53887],[35.84943,39.53816],[35.84871,39.53773],[35.84842,39.53694],[35.84927,39.53636],[35.85013,39.53449],[35.8511,39.53406],[35.85209,39.53421],[35.85216,39.53374],[35.85344,39.53327],[35.85538,39.53311],[35.85844,39.53199],[35.86349,39.53206],[35.87028,39.52709],[35.87036,39.5232],[35.8687,39.52027],[35.86684,39.51825],[35.86606,39.51452],[35.8664,39.51167],[35.86604,39.51032],[35.86406,39.50799],[35.86378,39.50557],[35.86413,39.50368],[35.86245,39.49992],[35.8623,39.49671],[35.86313,39.49414],[35.86188,39.49153],[35.86355,39.48688],[35.86323,39.48441],[35.86219,39.48246],[35.86192,39.48055],[35.86078,39.47956],[35.85949,39.47699],[35.85942,39.47578],[35.86028,39.47424],[35.86216,39.47399],[35.86373,39.47439],[35.86515,39.47406],[35.86589,39.47235],[35.86493,39.47185],[35.86508,39.47044],[35.86646,39.46966],[35.86658,39.4678],[35.8649,39.46646],[35.86322,39.46664],[35.86231,39.46564],[35.86282,39.46515],[35.86264,39.46281],[35.86171,39.46162],[35.85677,39.4588],[35.85527,39.45935],[35.85361,39.45879],[35.85165,39.45943],[35.85066,39.45939],[35.84476,39.45743],[35.83906,39.45636],[35.83505,39.45639],[35.8338,39.45587],[35.83222,39.45597],[35.82731,39.45427],[35.82177,39.45335],[35.81937,39.45331],[35.81906,39.45248],[35.81941,39.45169],[35.8177,39.45067],[35.81773,39.44956],[35.81692,39.44784],[35.81868,39.44564],[35.81765,39.44412],[35.81779,39.44361],[35.81749,39.44321],[35.8129,39.44257],[35.81278,39.44213],[35.81529,39.44194],[35.81621,39.44142],[35.81763,39.4377],[35.81736,39.43703],[35.81689,39.43657],[35.81634,39.43674],[35.81603,39.43744],[35.81477,39.43755],[35.81359,39.43673],[35.81379,39.43481],[35.81222,39.4314],[35.80741,39.43151],[35.80376,39.43118],[35.80263,39.43146],[35.80006,39.43019],[35.79813,39.42844],[35.79763,39.42725],[35.79772,39.42475],[35.79927,39.41833],[35.80085,39.4181],[35.80187,39.4169],[35.80481,39.41139],[35.80615,39.41009],[35.80913,39.40404],[35.80825,39.40127],[35.80709,39.39245],[35.8063,39.39064],[35.80814,39.38737],[35.80569,39.3825],[35.80392,39.38008],[35.79886,39.37653],[35.79651,39.37298],[35.79613,39.37205],[35.797,39.37072],[35.79697,39.36918],[35.79622,39.36781],[35.79611,39.36634],[35.79677,39.36482],[35.7968,39.36323],[35.79444,39.35893],[35.79247,39.35667],[35.79205,39.35543],[35.7891,39.3539],[35.78776,39.35366],[35.78315,39.35513],[35.78208,39.35585],[35.78135,39.35831],[35.78029,39.35966],[35.77542,39.36284],[35.77419,39.36274],[35.77288,39.36248],[35.76949,39.36069],[35.76465,39.36028],[35.76325,39.35975],[35.76315,39.35867],[35.76226,39.35748],[35.76226,39.35524],[35.75818,39.35306],[35.7553,39.35269],[35.75173,39.35124],[35.74859,39.34971],[35.74773,39.34813],[35.74527,39.34734],[35.74409,39.34715],[35.74157,39.34923],[35.73954,39.34932],[35.73872,39.35089],[35.73654,39.35147],[35.73408,39.35124],[35.73269,39.35071],[35.73167,39.3487],[35.73163,39.34915],[35.72998,39.35035],[35.72865,39.35076],[35.72697,39.35063],[35.72489,39.34976],[35.72284,39.34784],[35.72026,39.34736],[35.71874,39.34578],[35.71536,39.34443],[35.71445,39.34233],[35.71307,39.34137],[35.70782,39.34065],[35.70563,39.33964],[35.70347,39.33962],[35.70061,39.341],[35.69969,39.34088],[35.69525,39.33728],[35.69354,39.337],[35.69192,39.33709],[35.69136,39.33744],[35.68785,39.33737],[35.68274,39.33559],[35.68171,39.33596],[35.6802,39.33764],[35.67566,39.33983],[35.66758,39.34088],[35.66624,39.34013],[35.66574,39.34039],[35.66503,39.34003],[35.66315,39.34087],[35.66223,39.34178],[35.65901,39.34204],[35.65863,39.34469],[35.65804,39.34459],[35.65659,39.34404],[35.65618,39.3423],[35.65499,39.3403],[35.65441,39.33684],[35.65082,39.33346],[35.65069,39.33243],[35.64959,39.33193],[35.64878,39.32839],[35.64715,39.32632],[35.64736,39.32677],[35.64889,39.32553],[35.64997,39.32377],[35.64994,39.32292],[35.64795,39.32099],[35.64658,39.3187],[35.64532,39.31305],[35.64572,39.31005],[35.64462,39.30606],[35.64435,39.30309],[35.6448,39.30276],[35.65078,39.30209],[35.65651,39.29953],[35.65835,39.29791],[35.6631,39.29517],[35.66784,39.29176],[35.67054,39.28482],[35.67127,39.28388],[35.67175,39.27872],[35.67329,39.27565],[35.67304,39.27656],[35.67364,39.27633],[35.67518,39.27657],[35.6755,39.27578],[35.67496,39.27559],[35.67499,39.27513],[35.67564,39.27463],[35.67742,39.27504],[35.67838,39.27471],[35.6784,39.27284],[35.68033,39.27055],[35.68015,39.26935],[35.67943,39.26887],[35.67965,39.26736],[35.68181,39.26775],[35.68246,39.26638],[35.6833,39.26623],[35.68594,39.26701],[35.68765,39.26624],[35.6887,39.26716],[35.68895,39.26654],[35.69388,39.26438],[35.69469,39.26218],[35.69421,39.2611],[35.6952,39.25999],[35.69705,39.25943],[35.6983,39.25968],[35.7003,39.2589],[35.70233,39.25918],[35.7024,39.25871],[35.70141,39.25811],[35.69962,39.25763],[35.6997,39.25672],[35.69835,39.25469],[35.69683,39.25086],[35.6971,39.25067],[35.69661,39.25042],[35.69597,39.24867],[35.69237,39.24438],[35.69048,39.24383],[35.68815,39.24214],[35.68728,39.24208],[35.68489,39.24094],[35.68427,39.23989],[35.68268,39.24045],[35.67541,39.23959],[35.67519,39.23917],[35.67698,39.23719],[35.68244,39.23416],[35.68281,39.23363],[35.68003,39.23299],[35.67475,39.22775],[35.67357,39.22528],[35.67365,39.22376],[35.67296,39.22248],[35.67131,39.22211],[35.67046,39.22079],[35.6703,39.21934],[35.66923,39.21833],[35.66899,39.21538],[35.66987,39.21183],[35.67004,39.20812],[35.66842,39.19964],[35.67387,39.1863],[35.67621,39.17234],[35.67671,39.17177],[35.67968,39.17084],[35.68134,39.16944],[35.68321,39.16646],[35.687,39.16417],[35.69048,39.15863],[35.69144,39.15551],[35.69272,39.1534],[35.69299,39.15131],[35.69222,39.15045],[35.68463,39.14626],[35.68618,39.14476],[35.69122,39.1421],[35.70269,39.1331],[35.71427,39.12491],[35.71322,39.11836],[35.7123,39.11705],[35.70816,39.11371],[35.70528,39.11061],[35.7042,39.1085],[35.70497,39.10762],[35.71087,39.10561],[35.71187,39.10467],[35.71264,39.1002],[35.71439,39.09433],[35.71469,39.08983],[35.71387,39.08737],[35.7142,39.086],[35.71378,39.08408],[35.71537,39.0853],[35.7148,39.08323],[35.71394,39.08244],[35.71255,39.08229],[35.71217,39.08185],[35.71212,39.07947],[35.71267,39.07817],[35.7112,39.07574],[35.7103,39.07143],[35.70896,39.0689],[35.70906,39.0658],[35.70819,39.06317],[35.709,39.06272],[35.71045,39.0627],[35.71368,39.06314],[35.71827,39.06534],[35.72435,39.06862],[35.72596,39.07008],[35.72778,39.07091],[35.72811,39.07311],[35.72857,39.07106],[35.72805,39.06634],[35.72978,39.06362],[35.73162,39.06214],[35.73053,39.06022],[35.73106,39.05545],[35.73285,39.05444],[35.73291,39.05393],[35.73408,39.05369],[35.7358,39.05397],[35.73689,39.05317],[35.73759,39.05139],[35.7368,39.05073],[35.73323,39.04954],[35.73295,39.0485],[35.73453,39.04667],[35.73471,39.0456],[35.73295,39.04462],[35.73153,39.04011],[35.73078,39.03912],[35.72848,39.03779],[35.72875,39.03937],[35.728,39.04007],[35.71877,39.03847],[35.71673,39.03855],[35.71506,39.03908],[35.71299,39.0416],[35.71277,39.04296],[35.71346,39.04432],[35.71306,39.04553],[35.71129,39.04378],[35.70616,39.04471],[35.70144,39.04712],[35.69973,39.04699],[35.69822,39.0476],[35.69444,39.0476],[35.69255,39.04965],[35.69098,39.0507],[35.68524,39.05219],[35.68325,39.05522],[35.68251,39.05543],[35.6815,39.05399],[35.68092,39.05394],[35.67884,39.05502],[35.67631,39.05534],[35.67313,39.05523],[35.67003,39.05638],[35.66788,39.05534],[35.66645,39.05403],[35.66343,39.05289],[35.66166,39.04882],[35.66165,39.0474],[35.65747,39.04557],[35.65497,39.04346],[35.65318,39.04258],[35.65011,39.04121],[35.64668,39.04062],[35.64539,39.03998],[35.64437,39.03603],[35.64838,39.03304],[35.65105,39.03268],[35.65423,39.03104],[35.6543,39.02941],[35.65585,39.02603],[35.65531,39.02499],[35.65445,39.02496],[35.65193,39.02607],[35.65056,39.02606],[35.64929,39.02523],[35.64016,39.0242],[35.6389,39.02347],[35.63448,39.02293],[35.63237,39.02217],[35.6328,39.02247],[35.63227,39.02113],[35.63287,39.02019],[35.63276,39.01896],[35.63174,39.01793],[35.6289,39.01664],[35.62594,39.01611],[35.62532,39.01556],[35.62581,39.01507],[35.62555,39.01275],[35.62806,39.00935],[35.6278,39.00872],[35.62213,39.00818],[35.6211,39.00727],[35.61739,39.00594],[35.61567,39.00494],[35.61197,39.00149],[35.61071,38.99898],[35.60664,38.99517],[35.6063,38.99401],[35.60699,38.99289],[35.60609,38.99172],[35.60471,38.9913],[35.60354,38.99045],[35.6032,38.98831],[35.60123,38.98697],[35.59993,38.98677],[35.59855,38.98751],[35.59673,38.98787],[35.59028,38.98782],[35.58826,38.98949],[35.58751,38.98931],[35.58744,38.98897],[35.58653,38.98962],[35.58408,38.9894],[35.58317,38.988],[35.5838,38.98709],[35.58347,38.98426],[35.58049,38.98145],[35.57973,38.97992],[35.57846,38.97906],[35.5766,38.97882],[35.57262,38.97701],[35.56806,38.97402],[35.5677,38.97306],[35.56483,38.97108],[35.56103,38.97075],[35.55837,38.97094],[35.55312,38.96758],[35.54713,38.96614],[35.54451,38.96477],[35.54565,38.96138],[35.54654,38.96003],[35.54765,38.95945],[35.54701,38.95868],[35.54806,38.95645],[35.55102,38.95181],[35.55028,38.95022],[35.55045,38.94635],[35.55181,38.94476],[35.55364,38.94383],[35.55418,38.94316],[35.55617,38.93784],[35.55554,38.93768],[35.55512,38.93895],[35.55465,38.93863],[35.55224,38.93526],[35.55116,38.93299],[35.54936,38.93134],[35.54791,38.92832],[35.54499,38.92675],[35.53481,38.91839],[35.53162,38.91513],[35.52919,38.91153],[35.52621,38.90549],[35.52232,38.90078],[35.52039,38.90103],[35.5186,38.90431],[35.51798,38.90439],[35.5157,38.90273],[35.51533,38.9],[35.51054,38.89578],[35.50635,38.89087],[35.50483,38.88994],[35.50512,38.88739],[35.50706,38.88485],[35.50524,38.88298],[35.50455,38.87891],[35.49922,38.87221],[35.49243,38.8709],[35.48378,38.86784],[35.48249,38.86796],[35.4712,38.87121],[35.47152,38.87167],[35.4711,38.87279],[35.46936,38.87574],[35.46601,38.8746],[35.45584,38.86943],[35.45468,38.86713],[35.45352,38.86614],[35.45067,38.8619],[35.44908,38.86053],[35.44809,38.85779],[35.44732,38.8492],[35.44799,38.83327],[35.44132,38.83013],[35.43732,38.82536],[35.43285,38.82137],[35.43283,38.82085],[35.43287,38.82132],[35.43512,38.82127],[35.43937,38.82202],[35.44319,38.82387],[35.44457,38.82525],[35.44776,38.82654],[35.44745,38.82586],[35.44572,38.82465],[35.44559,38.82308],[35.44429,38.82182],[35.44515,38.82087],[35.4459,38.82099],[35.44707,38.81942],[35.44847,38.81583],[35.44913,38.81125],[35.4483,38.8077],[35.44979,38.79685],[35.45365,38.78895],[35.46793,38.75532],[35.48177,38.73202],[35.4822,38.73065],[35.48313,38.72968],[35.48655,38.72316],[35.48651,38.72222],[35.48275,38.72085],[35.48255,38.72041],[35.48507,38.71802],[35.48804,38.7171],[35.49044,38.71712],[35.49234,38.71816],[35.49501,38.71527],[35.49592,38.71192],[35.5003,38.71132],[35.51962,38.70141],[35.52236,38.70049],[35.54513,38.683],[35.54596,38.68181],[35.54879,38.68],[35.55031,38.67788],[35.5516,38.67715],[35.55328,38.6766],[35.55468,38.67561],[35.55635,38.67533],[35.55762,38.67442],[35.55916,38.67425],[35.56144,38.67628],[35.56296,38.67707],[35.56522,38.67682],[35.56765,38.67303],[35.56644,38.67023],[35.56688,38.66714],[35.56869,38.66293],[35.57084,38.65992],[35.57154,38.65817],[35.57212,38.65293],[35.5727,38.65177],[35.57468,38.6483],[35.57581,38.64735],[35.57715,38.64654],[35.58157,38.64498],[35.58205,38.64422],[35.58239,38.64281],[35.58173,38.64176],[35.58356,38.63986],[35.58486,38.63705],[35.5852,38.63282],[35.5838,38.62602],[35.58104,38.62108],[35.58107,38.61939],[35.58185,38.61879],[35.58182,38.618],[35.5798,38.61307],[35.5765,38.60819],[35.57614,38.6016],[35.57416,38.59853],[35.5751,38.59799],[35.5749,38.59715],[35.57302,38.5934],[35.57195,38.59288],[35.57116,38.59164],[35.57154,38.59074],[35.57127,38.59002],[35.5701,38.58919],[35.56739,38.58822],[35.56484,38.58919],[35.5642,38.58913],[35.56435,38.58773],[35.56621,38.58469],[35.56616,38.5813],[35.56741,38.57978],[35.5668,38.57757],[35.56635,38.57801],[35.56623,38.57755],[35.56753,38.57572],[35.56546,38.57141],[35.56455,38.57077],[35.56429,38.56907],[35.5621,38.56844],[35.56157,38.56891],[35.56179,38.56947],[35.56061,38.5697],[35.56004,38.56918],[35.56036,38.56809],[35.55827,38.56404],[35.5582,38.5617],[35.55746,38.56111],[35.5571,38.55985],[35.55556,38.55934],[35.55446,38.55953],[35.55378,38.55915],[35.55058,38.55887],[35.5489,38.55819],[35.54501,38.55503],[35.53959,38.55234],[35.53788,38.54901],[35.53691,38.54871],[35.5353,38.54668],[35.5344,38.54415],[35.53454,38.5432],[35.53369,38.54251],[35.53357,38.54184],[35.53217,38.54127],[35.53145,38.54044],[35.52975,38.54029],[35.52842,38.54051],[35.52806,38.54093],[35.52666,38.54399],[35.52412,38.54779],[35.52323,38.55041],[35.52087,38.55369],[35.51981,38.5573],[35.5185,38.5599],[35.51753,38.55971],[35.51274,38.5564],[35.50888,38.55555],[35.50913,38.55417],[35.50767,38.55244],[35.50914,38.55395],[35.50884,38.55568],[35.50382,38.55719],[35.50268,38.55809],[35.50054,38.55776],[35.49974,38.5585],[35.49744,38.55721],[35.49736,38.55592],[35.49681,38.5561],[35.49564,38.55979],[35.49443,38.56073],[35.49146,38.55796],[35.48892,38.55837],[35.48841,38.55963],[35.48668,38.55952],[35.48519,38.5585],[35.48335,38.55934],[35.48274,38.56003],[35.48239,38.56198],[35.48329,38.56318],[35.48111,38.56393],[35.47675,38.56645],[35.47425,38.57057],[35.47374,38.57085],[35.47064,38.57034],[35.46786,38.57055],[35.47069,38.572],[35.47243,38.57514],[35.46924,38.57443],[35.46745,38.57537],[35.46601,38.5774],[35.46467,38.58255],[35.46507,38.58288],[35.4646,38.58331],[35.4657,38.58372],[35.46423,38.58389],[35.46442,38.58031],[35.46405,38.5779],[35.46443,38.58108],[35.46414,38.58375],[35.46669,38.58388],[35.46388,38.58509],[35.46671,38.5853],[35.46339,38.5879],[35.46251,38.58784],[35.46197,38.58843],[35.46173,38.59013],[35.46253,38.59151],[35.4631,38.59165],[35.46204,38.59234],[35.46245,38.59196],[35.46218,38.59237],[35.46533,38.59316],[35.46585,38.59651],[35.46715,38.60042],[35.46989,38.60332],[35.47203,38.60675],[35.47399,38.61337],[35.47379,38.61447],[35.47009,38.61462],[35.46945,38.61966],[35.46792,38.61917],[35.46702,38.61639],[35.46242,38.61783],[35.46184,38.61858],[35.46061,38.61705],[35.45646,38.61596],[35.45377,38.61577],[35.45061,38.61657],[35.44967,38.61731],[35.44878,38.61727],[35.44831,38.61687],[35.44808,38.61757],[35.44656,38.61835],[35.44706,38.60818],[35.44959,38.60366],[35.44966,38.60259],[35.44917,38.60181],[35.4494,38.59976],[35.45045,38.59489],[35.4527,38.5881],[35.45313,38.58458],[35.4527,38.57784],[35.45314,38.57692],[35.45199,38.5772],[35.45025,38.5759],[35.44846,38.57627],[35.44557,38.57523],[35.44416,38.57522],[35.44301,38.57422],[35.44037,38.57424],[35.43916,38.5736],[35.43049,38.57664],[35.42792,38.58076],[35.42694,38.58003],[35.42524,38.57964],[35.42377,38.57974],[35.42185,38.57803],[35.42184,38.57849],[35.42081,38.5789],[35.41852,38.5785],[35.41969,38.57855],[35.4191,38.57869],[35.41909,38.57916],[35.4215,38.58091],[35.42688,38.5883],[35.42701,38.59041],[35.42826,38.59487],[35.43108,38.59775],[35.43153,38.59908],[35.43104,38.60009],[35.43124,38.6008],[35.432,38.60147],[35.43299,38.6037],[35.43547,38.60567],[35.43696,38.60538],[35.4377,38.60447],[35.43853,38.60429],[35.43841,38.60607],[35.43996,38.60755],[35.43954,38.61152],[35.43811,38.61249],[35.43612,38.61307],[35.43575,38.61372],[35.43791,38.62199],[35.43889,38.62354],[35.43706,38.62633],[35.4369,38.62871],[35.43556,38.62976],[35.43478,38.63107],[35.43495,38.63372],[35.43377,38.63782],[35.43105,38.64144],[35.42986,38.6423],[35.42826,38.64264],[35.42751,38.64407],[35.42689,38.64776],[35.415,38.6467],[35.40393,38.64692],[35.40295,38.64745],[35.4003,38.65031],[35.39878,38.65025],[35.39774,38.64926],[35.39728,38.64802],[35.39534,38.64634],[35.39168,38.64518],[35.39117,38.64404],[35.38999,38.64351],[35.38695,38.64434],[35.38436,38.64367],[35.37999,38.64471],[35.37888,38.64426],[35.37743,38.64426],[35.37545,38.64272],[35.37433,38.64239],[35.37025,38.64327],[35.36626,38.64324],[35.3627,38.64236],[35.36178,38.64093],[35.35891,38.63927],[35.35602,38.63676],[35.35322,38.63778],[35.35149,38.63685],[35.34894,38.63282],[35.34741,38.63182],[35.34507,38.63179],[35.33969,38.62787],[35.33749,38.62707],[35.33354,38.62714],[35.33197,38.62664],[35.3306,38.62412],[35.32738,38.62292],[35.32603,38.61998],[35.32385,38.61711],[35.32304,38.61433],[35.32038,38.61274],[35.3207,38.6115],[35.32165,38.61078],[35.32218,38.60953],[35.32231,38.60769],[35.31444,38.60686],[35.30425,38.60703],[35.29364,38.60785],[35.28561,38.60755],[35.28293,38.60794],[35.27809,38.60715],[35.27553,38.60772],[35.26774,38.60984],[35.26366,38.61268],[35.25863,38.61425],[35.25641,38.61552],[35.24629,38.61831],[35.23673,38.62187],[35.23124,38.62524],[35.22725,38.62682],[35.22581,38.62772],[35.22359,38.63072],[35.21941,38.63248],[35.21714,38.6326],[35.21009,38.63198],[35.20605,38.63094],[35.20101,38.63031],[35.1972,38.63134],[35.1948,38.62723],[35.1842,38.62356],[35.18359,38.62347],[35.18083,38.62464],[35.18025,38.62446],[35.17546,38.62094],[35.17202,38.62188],[35.17077,38.62325],[35.16736,38.62539],[35.16539,38.62594],[35.16263,38.62824],[35.15564,38.63287],[35.15353,38.63335],[35.15164,38.63328],[35.14793,38.63467],[35.14366,38.63348],[35.14284,38.63396],[35.14484,38.63595],[35.14321,38.63681],[35.14122,38.63732],[35.13926,38.63705],[35.13737,38.63725],[35.13551,38.638],[35.13114,38.63883],[35.12877,38.63856],[35.12668,38.63885],[35.12531,38.63996],[35.12364,38.63959],[35.12134,38.63967],[35.07646,38.64665],[35.05525,38.64861],[35.04804,38.64631],[35.03006,38.64792],[35.02532,38.64872],[35.01794,38.64713],[35.01638,38.64593],[35.01679,38.64263],[35.01356,38.64288],[35.01195,38.64377],[35.00933,38.64856],[35.01004,38.6497],[35.01136,38.65069],[35.01162,38.6524],[35.01101,38.65415],[35.01008,38.65563],[35.00622,38.65942],[35.00443,38.6601],[35.00098,38.66009],[34.99815,38.65952],[34.99439,38.65984],[34.9931,38.66039],[34.99144,38.6619],[34.99027,38.66205],[34.98848,38.66492],[34.98729,38.6657],[34.98147,38.66611],[34.97936,38.66576],[34.9794,38.66635],[34.98115,38.66754],[34.98215,38.66899],[34.98345,38.67216],[34.98228,38.67322],[34.98169,38.67477],[34.98005,38.67586],[34.97797,38.67572],[34.97706,38.67701],[34.97491,38.67764],[34.97077,38.67693],[34.96918,38.67811],[34.96705,38.67843],[34.96532,38.67787],[34.9655,38.67663],[34.96649,38.67528],[34.9666,38.67233],[34.96516,38.67139],[34.96326,38.67147],[34.96143,38.67066],[34.95931,38.66782],[34.95776,38.66652],[34.95581,38.666],[34.95221,38.66663],[34.953,38.66498],[34.95281,38.66375],[34.94891,38.65971],[34.9479,38.65796],[34.947,38.65249],[34.93854,38.64831],[34.92966,38.64557],[34.92411,38.64278],[34.9193,38.63842],[34.9191,38.63678],[34.91825,38.63606],[34.91195,38.6334],[34.91176,38.63157],[34.91009,38.63002],[34.90222,38.6289],[34.89929,38.63191],[34.89891,38.63302],[34.89922,38.63362],[34.8924,38.63375],[34.89083,38.63417],[34.89022,38.63529],[34.88922,38.6359],[34.88732,38.63621],[34.88291,38.63473],[34.87476,38.63535],[34.86941,38.63458],[34.86377,38.63457],[34.86325,38.63669],[34.86274,38.6486],[34.86219,38.65054],[34.86289,38.65246],[34.86208,38.65364],[34.86297,38.65254],[34.86218,38.65093],[34.8627,38.6489],[34.86278,38.64466],[34.85984,38.64514],[34.85733,38.64714],[34.86038,38.64425],[34.85901,38.64372],[34.85726,38.64443]]}},{"type":"Feature","properties":{"name":"TET_TR_24-C_20240614","country":"TR","lengthKm":97.4},"geometry":{"type":"LineString","coordinates":[[32.23361,40.33672],[32.23247,40.33788],[32.2295,40.3397],[32.23024,40.34086],[32.22983,40.34195],[32.23045,40.3429],[32.23005,40.34505],[32.22746,40.34499],[32.21909,40.34806],[32.2181,40.34809],[32.21655,40.34912],[32.21562,40.35052],[32.21383,40.35079],[32.21343,40.35146],[32.21122,40.35261],[32.20727,40.35245],[32.21007,40.35383],[32.21267,40.35449],[32.21468,40.35818],[32.21788,40.35867],[32.21831,40.36026],[32.218,40.36178],[32.21882,40.36387],[32.2202,40.36554],[32.22559,40.36949],[32.22702,40.37125],[32.22841,40.37318],[32.2289,40.37535],[32.23069,40.37611],[32.23176,40.38076],[32.23281,40.38186],[32.23147,40.38262],[32.22898,40.38256],[32.22757,40.38136],[32.22609,40.38091],[32.22235,40.37795],[32.21772,40.37544],[32.21647,40.37373],[32.21371,40.3739],[32.21197,40.37358],[32.21091,40.3743],[32.20965,40.37438],[32.20827,40.37533],[32.20737,40.37523],[32.20708,40.37573],[32.20766,40.37661],[32.20811,40.37938],[32.20938,40.38042],[32.21026,40.38015],[32.20945,40.38283],[32.21086,40.385],[32.21074,40.38601],[32.21166,40.38751],[32.2109,40.38929],[32.21217,40.39076],[32.20941,40.39122],[32.2076,40.38994],[32.20606,40.38985],[32.20454,40.38652],[32.20307,40.38549],[32.20194,40.38546],[32.20086,40.38482],[32.19742,40.38396],[32.19606,40.38258],[32.19337,40.38211],[32.19323,40.38138],[32.19215,40.38065],[32.19188,40.37939],[32.18881,40.37785],[32.18695,40.37779],[32.18554,40.37857],[32.18555,40.38306],[32.18634,40.38408],[32.18742,40.3883],[32.18843,40.38938],[32.18712,40.39125],[32.18723,40.39206],[32.18669,40.39279],[32.18541,40.3932],[32.18473,40.39415],[32.18482,40.39472],[32.1834,40.39624],[32.18232,40.40175],[32.18161,40.40281],[32.1792,40.40476],[32.17722,40.4051],[32.17295,40.40292],[32.16984,40.40425],[32.16706,40.40206],[32.16721,40.40547],[32.16608,40.40699],[32.16623,40.40769],[32.16478,40.409],[32.1635,40.40958],[32.16272,40.40939],[32.16332,40.41036],[32.16791,40.41016],[32.16896,40.41072],[32.16913,40.4116],[32.16429,40.41446],[32.16255,40.41631],[32.16246,40.41726],[32.16069,40.41794],[32.15587,40.41695],[32.15426,40.41528],[32.15266,40.41443],[32.15074,40.41572],[32.146,40.41544],[32.1412,40.41641],[32.14905,40.41696],[32.14966,40.41745],[32.14796,40.41826],[32.14737,40.42033],[32.14334,40.42212],[32.14587,40.42226],[32.13994,40.42838],[32.13904,40.43183],[32.13664,40.4354],[32.13485,40.43636],[32.13498,40.43806],[32.1359,40.4394],[32.1377,40.44014],[32.13933,40.44193],[32.14467,40.44425],[32.14659,40.44629],[32.15115,40.44756],[32.15463,40.44964],[32.15733,40.45036],[32.15886,40.45206],[32.15978,40.45207],[32.16156,40.45451],[32.1626,40.45458],[32.16302,40.45513],[32.16298,40.45748],[32.16128,40.46002],[32.1611,40.46119],[32.15765,40.46287],[32.15614,40.46185],[32.15472,40.46154],[32.15499,40.45839],[32.15348,40.4597],[32.14884,40.46085],[32.14803,40.46193],[32.14923,40.46337],[32.14948,40.46478],[32.14781,40.46653],[32.14671,40.47036],[32.14565,40.47238],[32.1444,40.47019],[32.14029,40.46806],[32.13477,40.46621],[32.13283,40.46699],[32.13001,40.46647],[32.12712,40.46536],[32.12331,40.46537],[32.12048,40.46622],[32.11794,40.4674],[32.11458,40.47029],[32.11495,40.47122],[32.11453,40.47196],[32.11503,40.47258],[32.11731,40.47348],[32.11861,40.47479],[32.11708,40.47845],[32.11569,40.48034],[32.11523,40.48172],[32.11548,40.48264],[32.12435,40.48401],[32.12547,40.48478],[32.12839,40.48572],[32.12954,40.48589],[32.13118,40.48544],[32.13297,40.4871],[32.13593,40.4889],[32.13664,40.49038],[32.13655,40.49244],[32.13558,40.49499],[32.13217,40.49735],[32.12779,40.49923],[32.12462,40.49968],[32.12264,40.49922],[32.12302,40.50252],[32.12193,40.50294],[32.12014,40.50472],[32.11975,40.50688],[32.11661,40.50863],[32.11452,40.50845],[32.11441,40.50945],[32.11282,40.51118],[32.11478,40.51203],[32.11762,40.51569],[32.11873,40.51649],[32.11877,40.51804],[32.11664,40.51964],[32.1202,40.52042],[32.1221,40.52215],[32.12579,40.52305],[32.12701,40.52371],[32.12678,40.524],[32.12531,40.52395],[32.12476,40.52543],[32.12318,40.52595],[32.1219,40.52589],[32.122,40.52642],[32.1265,40.52888],[32.12906,40.5288],[32.13057,40.52913],[32.13553,40.52886],[32.13697,40.52921],[32.13848,40.52849],[32.14272,40.53065],[32.14603,40.53082],[32.14714,40.53013],[32.14922,40.53109],[32.15192,40.53015],[32.15382,40.53011],[32.15647,40.53119],[32.15761,40.53125],[32.15903,40.53119],[32.16117,40.52951],[32.16214,40.52936],[32.16339,40.52924],[32.16685,40.53019],[32.17025,40.52938],[32.17171,40.52797],[32.17358,40.52699],[32.17818,40.52738],[32.17992,40.52799],[32.18174,40.52924],[32.18652,40.53017],[32.19108,40.5327],[32.19351,40.53238],[32.19483,40.53429],[32.19923,40.53482],[32.20004,40.53444],[32.20284,40.5342],[32.20473,40.53466],[32.20492,40.53526],[32.20734,40.53665],[32.20913,40.53706],[32.20994,40.53644],[32.21042,40.53872],[32.2137,40.54178],[32.21292,40.54285],[32.21556,40.54476],[32.21601,40.5467],[32.2136,40.547],[32.21448,40.54806],[32.21607,40.54873],[32.21768,40.54834],[32.22063,40.54889],[32.22446,40.55168],[32.2236,40.55259],[32.22386,40.55381],[32.22207,40.55646],[32.22382,40.55906],[32.22147,40.56697],[32.22254,40.57061],[32.22408,40.57286],[32.22886,40.57642],[32.22923,40.57789],[32.22826,40.57912],[32.22785,40.58126],[32.22605,40.58365],[32.22541,40.58559],[32.22396,40.58749],[32.22318,40.58789],[32.21387,40.59066],[32.21026,40.59113],[32.20464,40.59398],[32.20318,40.59548],[32.20072,40.59631],[32.19824,40.59628],[32.19775,40.59678],[32.19631,40.5967],[32.19535,40.59703],[32.19274,40.59989],[32.19164,40.60032],[32.19116,40.60177],[32.18977,40.60326],[32.18913,40.60333],[32.1889,40.60412],[32.18779,40.60471],[32.18387,40.6044],[32.1825,40.60311],[32.18055,40.60231],[32.18152,40.60371],[32.18147,40.60738],[32.18086,40.6098],[32.17898,40.61166],[32.17802,40.61189],[32.17824,40.61289],[32.17734,40.61409],[32.17748,40.61509],[32.17991,40.61617],[32.18204,40.61913],[32.18327,40.62135],[32.18324,40.62324],[32.18442,40.62408],[32.18535,40.62399],[32.1864,40.62457],[32.18693,40.6254],[32.18777,40.62566],[32.18942,40.62712],[32.18948,40.63212],[32.18705,40.63442],[32.18828,40.63519],[32.18972,40.63532],[32.19142,40.63805],[32.19154,40.64224],[32.19326,40.64505],[32.19257,40.64766],[32.1928,40.65033],[32.19464,40.65188],[32.19635,40.65266],[32.19906,40.65719],[32.19942,40.66066],[32.20031,40.66281],[32.19997,40.66415],[32.20041,40.66619],[32.20726,40.67418],[32.20899,40.67493],[32.2096,40.67753],[32.21079,40.67884],[32.21305,40.6798],[32.21157,40.69088],[32.20567,40.69862],[32.20523,40.70122],[32.20313,40.70379],[32.20075,40.70857],[32.20079,40.71075],[32.1991,40.71247],[32.19906,40.71481],[32.19735,40.71869],[32.19751,40.72307],[32.19567,40.72784],[32.19412,40.72783],[32.19235,40.72852],[32.18877,40.73224],[32.18709,40.73272],[32.18558,40.7341],[32.18358,40.73753],[32.17986,40.73761],[32.1791,40.73883],[32.1792,40.74036],[32.17997,40.74115],[32.18398,40.74183],[32.18654,40.74381],[32.18924,40.74821],[32.19065,40.75296],[32.19468,40.75993],[32.19441,40.76066],[32.19688,40.7618],[32.19792,40.76339],[32.19981,40.76487],[32.20364,40.77128],[32.20503,40.7775],[32.20441,40.78538],[32.20264,40.79014],[32.20186,40.79366],[32.20216,40.79526],[32.20183,40.79726],[32.20312,40.7975],[32.2046,40.7965],[32.20731,40.7929],[32.20427,40.79505],[32.20158,40.7961],[32.2,40.79639],[32.19327,40.79618],[32.18949,40.79732],[32.1851,40.7995]]}},{"type":"Feature","properties":{"name":"TET_TR_25-C_20240614","country":"TR","lengthKm":162.1},"geometry":{"type":"LineString","coordinates":[[32.90771,39.68472],[32.8991,39.68152],[32.89522,39.68089],[32.87823,39.68158],[32.87058,39.68079],[32.86524,39.68266],[32.84055,39.67831],[32.8293,39.67921],[32.82284,39.68196],[32.81535,39.68322],[32.81089,39.68292],[32.77374,39.68589],[32.76798,39.68723],[32.7629,39.68784],[32.76051,39.68725],[32.75865,39.68839],[32.75395,39.68968],[32.74817,39.69047],[32.73923,39.69298],[32.73546,39.69275],[32.72914,39.69351],[32.71893,39.69196],[32.70825,39.69225],[32.69575,39.69529],[32.68343,39.69326],[32.67728,39.69287],[32.67072,39.69103],[32.66246,39.69018],[32.65686,39.69017],[32.65518,39.69058],[32.65529,39.69218],[32.65463,39.69362],[32.65306,39.69336],[32.65046,39.69411],[32.6455,39.69724],[32.6435,39.69784],[32.64122,39.69784],[32.64055,39.69749],[32.63954,39.69773],[32.63581,39.69708],[32.61454,39.70108],[32.61195,39.70238],[32.61093,39.7044],[32.61045,39.70647],[32.61073,39.70761],[32.6055,39.7071],[32.60332,39.70933],[32.60202,39.71223],[32.5986,39.72263],[32.59865,39.72452],[32.59807,39.72674],[32.59906,39.73028],[32.5991,39.73319],[32.59861,39.73433],[32.59875,39.7417],[32.59703,39.74379],[32.59764,39.74906],[32.59629,39.74945],[32.59512,39.7512],[32.59231,39.75198],[32.58766,39.75214],[32.58471,39.75498],[32.57348,39.76078],[32.56761,39.76306],[32.56834,39.76446],[32.56387,39.76836],[32.56388,39.76913],[32.5619,39.77202],[32.56098,39.77247],[32.5613,39.77577],[32.56023,39.77757],[32.55691,39.77964],[32.55413,39.78014],[32.55151,39.78166],[32.54056,39.78099],[32.53943,39.78399],[32.54078,39.78775],[32.53908,39.79357],[32.54064,39.79907],[32.53873,39.80073],[32.53644,39.80632],[32.53593,39.80947],[32.53507,39.81082],[32.53345,39.81178],[32.53355,39.81247],[32.53194,39.81295],[32.53125,39.81449],[32.53195,39.81607],[32.53286,39.81668],[32.52979,39.82052],[32.52489,39.8234],[32.52242,39.82732],[32.52182,39.83036],[32.52743,39.83838],[32.53085,39.84175],[32.53548,39.8498],[32.54018,39.85542],[32.54188,39.86153],[32.54404,39.86619],[32.54209,39.8662],[32.53859,39.8676],[32.53721,39.86957],[32.5357,39.86881],[32.53362,39.86889],[32.52972,39.86467],[32.52937,39.86373],[32.52636,39.8627],[32.52107,39.85931],[32.51619,39.85875],[32.51295,39.85658],[32.50998,39.85937],[32.50908,39.85874],[32.50977,39.85801],[32.50719,39.85722],[32.50419,39.85754],[32.50397,39.85833],[32.49779,39.85938],[32.49336,39.86343],[32.48403,39.8694],[32.48241,39.87088],[32.47517,39.87478],[32.46989,39.88483],[32.46819,39.88527],[32.47121,39.88837],[32.47255,39.8911],[32.47283,39.89329],[32.46916,39.90466],[32.46911,39.90646],[32.46636,39.90706],[32.4581,39.91063],[32.45457,39.91377],[32.44491,39.9159],[32.43606,39.92273],[32.42516,39.92628],[32.42222,39.92813],[32.41827,39.92956],[32.4164,39.93072],[32.41388,39.93082],[32.40962,39.93274],[32.40342,39.93726],[32.4028,39.93873],[32.40292,39.94091],[32.40164,39.94267],[32.40149,39.94153],[32.40053,39.94093],[32.39951,39.94166],[32.3965,39.94605],[32.39301,39.94545],[32.39253,39.94575],[32.39213,39.9473],[32.39274,39.9513],[32.3917,39.95293],[32.39212,39.9582],[32.39112,39.95971],[32.39311,39.96021],[32.39435,39.96118],[32.39431,39.96359],[32.39335,39.96392],[32.39449,39.96557],[32.39415,39.96588],[32.39289,39.96552],[32.39232,39.96573],[32.3918,39.9664],[32.38979,39.96712],[32.38801,39.96841],[32.38761,39.97144],[32.3882,39.97226],[32.38709,39.97302],[32.38701,39.9736],[32.38548,39.97415],[32.38477,39.97516],[32.38448,39.97676],[32.38408,39.97669],[32.38395,39.97348],[32.37744,39.97283],[32.37296,39.97515],[32.37023,39.97571],[32.36783,39.97753],[32.36806,39.97987],[32.36973,39.98233],[32.37153,39.98341],[32.37139,39.98387],[32.37039,39.98384],[32.36907,39.98563],[32.36431,39.98758],[32.36203,39.98797],[32.36045,39.98667],[32.35947,39.98676],[32.35951,39.98784],[32.35804,39.98852],[32.35627,39.98724],[32.35392,39.98712],[32.35193,39.98829],[32.3454,39.99987],[32.34549,40.00112],[32.33698,40.00943],[32.33568,40.01024],[32.33424,40.00963],[32.33056,40.01094],[32.33193,40.01235],[32.3327,40.01452],[32.3321,40.0172],[32.33002,40.01698],[32.32819,40.01885],[32.32658,40.01908],[32.32436,40.01928],[32.31903,40.01857],[32.31629,40.01888],[32.3137,40.02036],[32.30915,40.02699],[32.30893,40.02894],[32.30726,40.03217],[32.30743,40.03375],[32.30584,40.03939],[32.30601,40.04219],[32.30417,40.04611],[32.30458,40.05369],[32.31451,40.06244],[32.3167,40.06901],[32.31892,40.07014],[32.31874,40.07217],[32.31954,40.07358],[32.32294,40.07528],[32.32245,40.07772],[32.32061,40.07991],[32.32215,40.08101],[32.32099,40.08257],[32.32086,40.08517],[32.32148,40.08626],[32.32394,40.0877],[32.32656,40.08831],[32.32548,40.08896],[32.32578,40.08962],[32.33004,40.09278],[32.32985,40.09704],[32.32925,40.09964],[32.3279,40.10214],[32.32782,40.10333],[32.32951,40.10556],[32.3297,40.10684],[32.32886,40.11055],[32.32905,40.11451],[32.32842,40.11582],[32.32921,40.11736],[32.33098,40.11923],[32.33218,40.12504],[32.33308,40.12678],[32.33993,40.13291],[32.33986,40.13628],[32.34168,40.13654],[32.34545,40.13917],[32.34985,40.13968],[32.34995,40.14164],[32.35141,40.14181],[32.35118,40.14222],[32.35202,40.14224],[32.35331,40.1436],[32.35284,40.14459],[32.35302,40.1454],[32.35245,40.14604],[32.35267,40.14697],[32.3604,40.15163],[32.36416,40.15494],[32.36296,40.15757],[32.36267,40.15993],[32.3616,40.16188],[32.35904,40.16471],[32.3588,40.16647],[32.35514,40.16448],[32.35283,40.16456],[32.35149,40.166],[32.34749,40.16617],[32.34386,40.16842],[32.34066,40.16876],[32.34218,40.17027],[32.34002,40.17343],[32.33977,40.17723],[32.34044,40.17834],[32.34448,40.18136],[32.33961,40.18308],[32.34056,40.18366],[32.34206,40.18379],[32.34313,40.1853],[32.34482,40.18597],[32.34962,40.19243],[32.35208,40.19326],[32.35511,40.19827],[32.36172,40.20066],[32.36347,40.20564],[32.36298,40.20685],[32.36301,40.20992],[32.36589,40.21394],[32.36817,40.21609],[32.36322,40.22351],[32.36636,40.22796],[32.36983,40.22661],[32.37257,40.22649],[32.37642,40.22685],[32.3813,40.22826],[32.3871,40.2315],[32.392,40.23356],[32.40014,40.23879],[32.40729,40.24119],[32.4088,40.24417],[32.41141,40.24528],[32.4124,40.2465],[32.41544,40.24859],[32.41679,40.2491],[32.41817,40.25063],[32.41812,40.25106],[32.41486,40.25286],[32.41627,40.25603],[32.41633,40.25761],[32.4154,40.25904],[32.41546,40.26072],[32.41433,40.2619],[32.41209,40.26289],[32.413,40.264],[32.41697,40.26324],[32.41752,40.26354],[32.41457,40.26612],[32.41432,40.26686],[32.41326,40.26746],[32.41441,40.26815],[32.41758,40.27284],[32.41423,40.27438],[32.41041,40.27483],[32.40774,40.2763],[32.40507,40.2786],[32.40394,40.2804],[32.40835,40.28262],[32.41078,40.28282],[32.41235,40.28055],[32.4138,40.2839],[32.4151,40.28518],[32.4167,40.28583],[32.41749,40.28841],[32.41675,40.28959],[32.41794,40.29053],[32.41768,40.29311],[32.41827,40.29419],[32.4167,40.29488],[32.41556,40.2945],[32.4137,40.29492],[32.41254,40.2932],[32.41257,40.2957],[32.41449,40.29683],[32.41643,40.29906],[32.41816,40.29941],[32.41934,40.30036],[32.41807,40.30144],[32.41356,40.30023],[32.41009,40.30081],[32.4071,40.30013],[32.40203,40.29805],[32.39489,40.29766],[32.39338,40.29684],[32.39106,40.29409],[32.38698,40.29343],[32.38346,40.29452],[32.38054,40.29347],[32.374,40.29294],[32.37216,40.29133],[32.371,40.2895],[32.37095,40.28778],[32.37022,40.28725],[32.36716,40.28802],[32.36481,40.28786],[32.36396,40.28681],[32.3617,40.28564],[32.35994,40.28618],[32.35769,40.2862],[32.35702,40.28677],[32.35855,40.28799],[32.36193,40.28887],[32.36249,40.28933],[32.36241,40.29099],[32.36056,40.29293],[32.35862,40.29637],[32.35858,40.29717],[32.35957,40.29865],[32.35921,40.29927],[32.36093,40.301],[32.36072,40.30204],[32.35819,40.30342],[32.35528,40.30649],[32.35138,40.30629],[32.34988,40.30706],[32.34788,40.30621],[32.34517,40.30728],[32.34759,40.30839],[32.34811,40.30992],[32.3441,40.30948],[32.34764,40.31378],[32.34629,40.31589],[32.34617,40.31801],[32.34488,40.31619],[32.34474,40.31487],[32.34324,40.3145],[32.34267,40.31394],[32.34168,40.31426],[32.34293,40.31603],[32.34279,40.31694],[32.33946,40.31588],[32.33738,40.31585],[32.33942,40.31693],[32.33762,40.3169],[32.33584,40.31898],[32.3328,40.32001],[32.33689,40.32276],[32.3372,40.32394],[32.33684,40.32448],[32.33255,40.32663],[32.32828,40.3261],[32.32712,40.32556],[32.32597,40.32416],[32.3253,40.32466],[32.32548,40.3258],[32.32309,40.32715],[32.32222,40.32874],[32.321,40.32828],[32.31905,40.3289],[32.3214,40.32696],[32.31812,40.32628],[32.31621,40.32541],[32.31516,40.32422],[32.31493,40.32311],[32.31405,40.32302],[32.31157,40.32373],[32.31099,40.3227],[32.30634,40.3221],[32.3059,40.32179],[32.30603,40.3211],[32.30507,40.32071],[32.30337,40.32079],[32.30091,40.31913],[32.30002,40.31965],[32.29859,40.31964],[32.29694,40.31871],[32.29508,40.31832],[32.29507,40.31927],[32.29372,40.31962],[32.29308,40.31907],[32.29298,40.31815],[32.29148,40.31664],[32.29058,40.31744],[32.28946,40.31742],[32.28632,40.31897],[32.28166,40.31958],[32.27549,40.31859],[32.27456,40.31793],[32.27459,40.31635],[32.2762,40.31562],[32.27425,40.31536],[32.27289,40.3157],[32.27193,40.31639],[32.27043,40.31562],[32.27065,40.31734],[32.26975,40.31873],[32.26777,40.3197],[32.26479,40.31997],[32.26137,40.31783],[32.26178,40.31687],[32.25659,40.31624],[32.26006,40.31928],[32.25867,40.32002],[32.25663,40.3202],[32.25672,40.3211],[32.25624,40.32148],[32.25749,40.32208],[32.25598,40.32254],[32.25373,40.32229],[32.25117,40.32267],[32.24851,40.3239],[32.24668,40.32336],[32.24641,40.32406],[32.24728,40.32559],[32.24667,40.32554],[32.24645,40.3266],[32.2471,40.32728],[32.24694,40.32768],[32.24572,40.32831],[32.24458,40.32825],[32.24341,40.32925],[32.24169,40.32983],[32.24175,40.33014],[32.2402,40.33013],[32.23976,40.33133],[32.24049,40.33214],[32.24053,40.33406],[32.23844,40.33506],[32.23487,40.3359],[32.23355,40.33658],[32.23212,40.33497],[32.2323,40.33466],[32.22959,40.33278],[32.22824,40.33264],[32.22342,40.3307],[32.221,40.33075],[32.22033,40.32996],[32.21762,40.32893],[32.21351,40.33073],[32.21348,40.33192],[32.21434,40.33235],[32.2154,40.33214],[32.21673,40.33239],[32.21792,40.33325]]}},{"type":"Feature","properties":{"name":"TET_TR_26-C_20240614","country":"TR","lengthKm":334.9},"geometry":{"type":"LineString","coordinates":[[34.96765,38.34477],[34.96872,38.34414],[34.9683,38.34411],[34.9694,38.34311],[34.96824,38.3431],[34.96987,38.34181],[34.96722,38.3411],[34.96484,38.33958],[34.96174,38.33875],[34.95807,38.33671],[34.95516,38.33412],[34.94985,38.33054],[34.94451,38.32868],[34.93862,38.32595],[34.93176,38.32045],[34.92284,38.31647],[34.91052,38.3117],[34.90197,38.30717],[34.89806,38.30587],[34.88611,38.3059],[34.88355,38.30512],[34.87803,38.30611],[34.86963,38.31038],[34.86682,38.31276],[34.85857,38.31524],[34.85573,38.31465],[34.85324,38.31486],[34.84403,38.31905],[34.83927,38.32498],[34.83895,38.32595],[34.83157,38.33203],[34.82995,38.33411],[34.82082,38.34113],[34.81609,38.34429],[34.80598,38.34746],[34.80383,38.34732],[34.79745,38.34536],[34.79575,38.34403],[34.79159,38.34356],[34.78392,38.34402],[34.78232,38.34615],[34.77571,38.35067],[34.76525,38.35587],[34.75896,38.35972],[34.7481,38.36469],[34.74041,38.36963],[34.73662,38.37139],[34.73647,38.37402],[34.7338,38.37416],[34.7326,38.3746],[34.73172,38.37438],[34.73027,38.37316],[34.72709,38.37213],[34.72223,38.37156],[34.71193,38.37173],[34.70632,38.37136],[34.70277,38.37011],[34.69441,38.3687],[34.68348,38.36575],[34.66474,38.36169],[34.65752,38.35946],[34.64602,38.35698],[34.63772,38.35599],[34.61818,38.35089],[34.60597,38.34588],[34.59822,38.34332],[34.58237,38.34199],[34.56835,38.33819],[34.55576,38.33418],[34.52966,38.3334],[34.50556,38.33757],[34.49542,38.34029],[34.49528,38.33867],[34.49229,38.3397],[34.48952,38.34013],[34.4872,38.34119],[34.48207,38.34103],[34.47386,38.3426],[34.4718,38.33944],[34.47253,38.33891],[34.47236,38.33849],[34.47146,38.33802],[34.46946,38.33831],[34.46845,38.33687],[34.4661,38.33614],[34.46636,38.33346],[34.46572,38.33233],[34.46477,38.33186],[34.46341,38.33209],[34.46178,38.33172],[34.45908,38.32922],[34.45756,38.32868],[34.45593,38.32871],[34.45416,38.33038],[34.45026,38.33194],[34.45048,38.33078],[34.44858,38.32978],[34.44774,38.32817],[34.4473,38.32884],[34.44722,38.33077],[34.44554,38.33088],[34.44505,38.33041],[34.44544,38.32745],[34.4462,38.32632],[34.44691,38.32608],[34.44462,38.32422],[34.44369,38.32163],[34.44543,38.32082],[34.44544,38.31921],[34.44245,38.31592],[34.43914,38.30818],[34.43686,38.30634],[34.43652,38.30529],[34.43555,38.30547],[34.43447,38.30497],[34.43473,38.30421],[34.43421,38.30184],[34.43609,38.30166],[34.43594,38.30075],[34.43487,38.29967],[34.43541,38.29873],[34.43522,38.29726],[34.43579,38.29647],[34.43577,38.29374],[34.43628,38.2925],[34.4373,38.29224],[34.43846,38.29082],[34.44207,38.28953],[34.44575,38.28758],[34.44694,38.28625],[34.44611,38.28417],[34.44379,38.28076],[34.44445,38.27873],[34.446,38.27672],[34.44668,38.27382],[34.44735,38.27276],[34.4439,38.27161],[34.44264,38.27065],[34.4417,38.26498],[34.43919,38.26391],[34.43836,38.2627],[34.43708,38.26272],[34.43598,38.26191],[34.4359,38.26062],[34.43479,38.25935],[34.43507,38.2573],[34.43367,38.25638],[34.43284,38.2561],[34.42709,38.25678],[34.42539,38.25765],[34.42612,38.25783],[34.42837,38.25966],[34.42644,38.25814],[34.42492,38.25766],[34.42085,38.25763],[34.41713,38.25885],[34.4145,38.26042],[34.41497,38.25907],[34.41585,38.25903],[34.41189,38.26126],[34.40731,38.2621],[34.40511,38.26322],[34.40259,38.26766],[34.40083,38.26906],[34.39675,38.26944],[34.3907,38.27221],[34.38512,38.27312],[34.38006,38.27518],[34.37725,38.28234],[34.37367,38.28499],[34.37084,38.28491],[34.36737,38.2841],[34.3633,38.28407],[34.36012,38.28511],[34.35697,38.28768],[34.35338,38.289],[34.34887,38.28973],[34.34013,38.28932],[34.32444,38.28755],[34.32065,38.28759],[34.30125,38.29687],[34.29768,38.27591],[34.29616,38.27365],[34.29254,38.27171],[34.29194,38.26846],[34.29096,38.2677],[34.29182,38.26753],[34.2903,38.26691],[34.28977,38.26702],[34.28984,38.26819],[34.28928,38.26777],[34.28914,38.26682],[34.2904,38.26602],[34.29055,38.26526],[34.28718,38.26597],[34.28597,38.26679],[34.28691,38.26729],[34.28481,38.26727],[34.28403,38.26573],[34.28486,38.26558],[34.28541,38.26456],[34.28523,38.26348],[34.28354,38.26103],[34.27747,38.25618],[34.27697,38.25411],[34.27195,38.25998],[34.26706,38.27322],[34.26644,38.27511],[34.26741,38.27992],[34.26586,38.28318],[34.26665,38.28527],[34.2664,38.28602],[34.26545,38.28661],[34.26278,38.28636],[34.26008,38.28787],[34.25964,38.28876],[34.26096,38.29216],[34.26097,38.29337],[34.26013,38.29532],[34.26318,38.29653],[34.26364,38.29746],[34.26275,38.29942],[34.25725,38.3014],[34.25645,38.302],[34.25551,38.30414],[34.25544,38.3064],[34.25432,38.30872],[34.25412,38.31116],[34.25241,38.31631],[34.25277,38.31879],[34.25227,38.32332],[34.25155,38.32431],[34.2465,38.32598],[34.23424,38.32555],[34.23188,38.3267],[34.22846,38.33111],[34.22745,38.33371],[34.22757,38.34221],[34.22578,38.34475],[34.21846,38.34817],[34.21129,38.34931],[34.20852,38.3512],[34.20563,38.35918],[34.20425,38.36067],[34.20013,38.36337],[34.19157,38.36507],[34.17917,38.36444],[34.1718,38.36521],[34.16237,38.36734],[34.14835,38.37421],[34.13224,38.37945],[34.12892,38.38162],[34.12591,38.38699],[34.12797,38.39268],[34.1269,38.39458],[34.12253,38.39842],[34.12205,38.40103],[34.12674,38.40334],[34.12671,38.40492],[34.12385,38.40778],[34.12294,38.41177],[34.12163,38.41418],[34.11968,38.42047],[34.10624,38.42862],[34.08337,38.42398],[34.07622,38.41809],[34.06055,38.41273],[34.05002,38.41175],[34.03973,38.40775],[34.03338,38.40346],[34.02125,38.40244],[34.01736,38.40091],[33.99841,38.3872],[33.99447,38.38475],[33.97234,38.41408],[33.92245,38.45659],[33.88207,38.48766],[33.83161,38.53383],[33.80889,38.56359],[33.80237,38.57279],[33.72425,38.65104],[33.68112,38.70427],[33.65314,38.7674],[33.60668,38.81197],[33.59128,38.8365],[33.58685,38.88963],[33.58467,38.89804],[33.55634,38.92218],[33.54467,38.93113],[33.53914,38.93813],[33.53853,38.93791],[33.53749,38.93817],[33.53457,38.93672],[33.5227,38.93695],[33.42951,38.95329],[33.42501,38.95201],[33.4245,38.95114],[33.42365,38.95118],[33.42002,38.95249],[33.4194,38.95491],[33.4184,38.95544],[33.36151,38.96596],[33.33919,38.97314],[33.33297,38.97562],[33.33106,38.97735],[33.32182,38.98151],[33.32035,38.98155],[33.31448,38.98451],[33.31309,38.986],[33.31099,38.98688],[33.30961,38.98667],[33.30837,38.98704],[33.30297,38.99158],[33.2952,39.00073],[33.29097,39.00486],[33.29119,39.00653],[33.28988,39.00738],[33.27678,39.0143],[33.2574,39.01804],[33.25109,39.02074],[33.2426,39.02612],[33.23892,39.0331],[33.23953,39.03612],[33.24084,39.03759],[33.24819,39.05036],[33.25461,39.07191],[33.25882,39.08018],[33.26127,39.08785],[33.26161,39.09251],[33.26085,39.09852],[33.2593,39.10374],[33.25936,39.10832],[33.26144,39.1168],[33.26147,39.11874],[33.26035,39.12124],[33.26066,39.12267],[33.26026,39.12355],[33.25882,39.12571],[33.2563,39.12703],[33.25428,39.1339],[33.25283,39.1428],[33.25031,39.15286],[33.27192,39.15127],[33.27037,39.1654],[33.2683,39.17224],[33.26813,39.1755],[33.26498,39.1857],[33.26307,39.18934],[33.2617,39.19096],[33.26158,39.19489],[33.26273,39.19514],[33.26419,39.19893],[33.26994,39.19768],[33.27024,39.19943],[33.27231,39.20212],[33.27813,39.20772],[33.28532,39.21706],[33.28911,39.22001],[33.29383,39.2258],[33.2959,39.2291],[33.29632,39.23203],[33.29958,39.23768],[33.30091,39.24148],[33.30193,39.24299],[33.30181,39.24464],[33.30112,39.24573],[33.30214,39.24781],[33.30189,39.25208],[33.29774,39.25991],[33.29761,39.2664],[33.29631,39.2739],[33.29183,39.28665],[33.29279,39.28916],[33.29291,39.29273],[33.29259,39.29476],[33.28925,39.30138],[33.29006,39.30426],[33.28823,39.31123],[33.28533,39.317],[33.2824,39.32117],[33.27725,39.33463],[33.27497,39.33882],[33.27334,39.34059],[33.27219,39.34614],[33.27267,39.3526],[33.27419,39.35464],[33.27355,39.35877],[33.27245,39.36013],[33.27188,39.36531],[33.27271,39.37138],[33.27164,39.38065],[33.27308,39.3857],[33.27373,39.38601],[33.27316,39.38698],[33.27365,39.38727],[33.27506,39.39077],[33.275,39.39289],[33.27629,39.3973],[33.27406,39.39977],[33.27284,39.39942],[33.26693,39.40374],[33.26297,39.40595],[33.26159,39.40992],[33.26049,39.41159],[33.25969,39.41474],[33.25467,39.4197],[33.24788,39.42349],[33.24218,39.42808],[33.23772,39.4352],[33.23754,39.43649],[33.23593,39.43912],[33.23351,39.44247],[33.23076,39.44512],[33.22763,39.45603],[33.22632,39.4573],[33.22016,39.46027],[33.21848,39.46279],[33.21834,39.46493],[33.21906,39.46716],[33.21853,39.47443],[33.21878,39.47739],[33.21827,39.47821],[33.21855,39.48032],[33.21774,39.4857],[33.21813,39.48907],[33.21681,39.49206],[33.21256,39.51587],[33.21531,39.52962],[33.21562,39.54538],[33.21458,39.54757],[33.21437,39.54779],[33.18763,39.53851],[33.17998,39.53638],[33.17253,39.53494],[33.15729,39.53639],[33.1486,39.53559],[33.1456,39.53736],[33.14044,39.53895],[33.13316,39.53709],[33.13004,39.53788],[33.12552,39.54272],[33.12023,39.54657],[33.11684,39.55195],[33.11407,39.55509],[33.10935,39.55574],[33.10671,39.55794],[33.10573,39.56692],[33.10752,39.57103],[33.10774,39.57468],[33.09785,39.58756],[33.09028,39.59932],[33.08595,39.60494],[33.07754,39.60972],[33.07296,39.61824],[33.06672,39.63543],[33.06347,39.63895],[33.05382,39.64686],[33.04543,39.65316],[33.0281,39.66431],[33.02346,39.66918],[33.01498,39.67408],[33.00427,39.67902],[32.9971,39.68162],[32.99434,39.6821],[32.98871,39.68634],[32.98314,39.68841],[32.98098,39.69039],[32.9767,39.69249],[32.96986,39.69508],[32.96356,39.698],[32.95949,39.69887],[32.9554,39.70078],[32.95418,39.70089],[32.94873,39.70003],[32.93675,39.69453],[32.92991,39.6918],[32.91977,39.68894],[32.90756,39.68491],[32.90782,39.68417],[32.90615,39.68353],[32.90629,39.68266],[32.90862,39.68072],[32.90917,39.68147],[32.91008,39.6812],[32.91017,39.68171],[32.91182,39.68232],[32.91342,39.68153],[32.91374,39.68074],[32.91564,39.68124],[32.91688,39.68094],[32.91578,39.6806],[32.91363,39.67909],[32.91052,39.6764]]}}]}